Date,M2SL,M1SL,WALCL,CPIAUCSL,CPILFESL,CUSR0000SA0L2,FEDFUNDS,IRLTLT01JPM156N,PAYEMS,UNRATE,CIVPART,DSPIC96,PCE,PSAVERT,GEPUCURRENT,USEPUINDXD,EPUMONETARY,APU000072610,CPIENGSL,HOUST,PERMIT,RECPROUSM156N,DTWEXBGS,DGS10,DGS2,DGS30,T10Y2Y,T10Y3M,T10YIE,DFF,SP500,VIXCLS,NASDAQCOM,BAA10Y,DCOILWTICO,WLEMUINDXD,T5YIFR
2000-01-01,4667.6,1122.1,,169.3,179.3,162.8,5.45,1.6909999999999998,131011.0,4.0,67.3,9799.9,6542.9,4.5,63.37027670393382,57.55,47.469651552902704,0.084,115.0,1636.0,1727.0,0.1,,,,,,,,3.99,,,,,,178.62,
2000-01-02,,,,,,,,,,,,,,,,,,,,,,,,,,,,,,3.99,,,,,,59.69,
2000-01-03,,,,,,,,,,,,,,,,,,,,,,,,6.58,6.38,6.61,0.2,1.1,,5.43,,24.21,4131.15,1.69,,56.28,
2000-01-04,,,,,,,,,,,,,,,,,,,,,,,,6.49,6.3,6.53,0.19,1.06,,5.38,,27.01,3901.69,1.72,25.56,253.2,
2000-01-05,,,,,,,,,,,,,,,,,,,,,,,,6.62,6.38,6.64,0.24,1.18,,5.41,,26.41,3877.54,1.67,24.65,28.13,
2000-01-06,,,,,,,,,,,,,,,,,,,,,,,,6.57,6.35,6.58,0.22,1.16,,5.54,,25.73,3727.13,1.67,24.79,25.59,
2000-01-07,,,,,,,,,,,,,,,,,,,,,,,,6.52,6.31,6.55,0.21,1.14,,5.61,,21.72,3882.62,1.7,24.79,27.59,
2000-01-08,,,,,,,,,,,,,,,,,,,,,,,,,,,,,,5.61,,,,,,85.54,
2000-01-09,,,,,,,,,,,,,,,,,,,,,,,,,,,,,,5.61,,,,,,26.57,
2000-01-10,,,,,,,,,,,,,,,,,,,,,,,,6.57,6.38,6.59,0.19,1.15,,5.74,,21.71,4049.67,1.7,24.71,19.33,
2000-01-11,,,,,,,,,,,,,,,,,,,,,,,,6.67,6.45,6.68,0.22,1.24,,5.63,,22.5,3921.19,1.69,25.69,16.14,
2000-01-12,,,,,,,,,,,,,,,,,,,,,,,,6.72,6.49,6.71,0.23,1.27,,5.59,,22.84,3850.02,1.68,26.3,39.08,
2000-01-13,,,,,,,,,,,,,,,,,,,,,,,,6.63,6.4,6.65,0.23,1.22,,5.58,,21.71,3957.21,1.75,26.63,12.35,
2000-01-14,,,,,,,,,,,,,,,,,,,,,,,,6.69,6.44,6.69,0.25,1.28,,5.56,,19.66,4064.27,1.73,28.01,13.23,
2000-01-15,,,,,,,,,,,,,,,,,,,,,,,,,,,,,,5.56,,,,,,16.77,
2000-01-16,,,,,,,,,,,,,,,,,,,,,,,,,,,,,,5.56,,,,,,13.24,
2000-01-17,,,,,,,,,,,,,,,,,,,,,,,,,,,,,,5.56,,,,,,77.61,
2000-01-18,,,,,,,,,,,,,,,,,,,,,,,,6.75,6.47,6.75,0.28,1.19,,5.83,,21.5,4130.81,1.72,28.98,68.98,
2000-01-19,,,,,,,,,,,,,,,,,,,,,,,,6.73,6.46,6.72,0.27,1.22,,5.47,,21.72,4151.29,1.7,29.11,52.43,
2000-01-20,,,,,,,,,,,,,,,,,,,,,,,,6.79,6.49,6.74,0.3,1.31,,5.44,,21.75,4189.51,1.66,29.67,24.03,
2000-01-21,,,,,,,,,,,,,,,,,,,,,,,,6.79,6.48,6.71,0.31,1.32,,5.36,,20.82,4235.4,1.63,29.71,25.16,
2000-01-22,,,,,,,,,,,,,,,,,,,,,,,,,,,,,,5.36,,,,,,33.37,
2000-01-23,,,,,,,,,,,,,,,,,,,,,,,,,,,,,,5.36,,,,,,13.08,
2000-01-24,,,,,,,,,,,,,,,,,,,,,,,,6.69,6.43,6.65,0.26,1.14,,5.53,,24.07,4096.08,1.67,29.25,18.68,
2000-01-25,,,,,,,,,,,,,,,,,,,,,,,,6.7,6.44,6.64,0.26,1.13,,5.46,,23.02,4167.41,1.63,30.28,46.71,
2000-01-26,,,,,,,,,,,,,,,,,,,,,,,,6.69,6.45,6.6,0.24,1.11,,5.52,,23.03,4069.91,1.59,27.66,13.36,
2000-01-27,,,,,,,,,,,,,,,,,,,,,,,,6.68,6.51,6.53,0.17,1.09,,5.61,,23.54,4039.56,1.55,27.22,97.02,
2000-01-28,,,,,,,,,,,,,,,,,,,,,,,,6.66,6.58,6.45,0.08,1.01,,5.58,,26.14,3887.07,1.6,27.27,26.38,
2000-01-29,,,,,,,,,,,,,,,,,,,,,,,,,,,,,,5.58,,,,,,66.27,
2000-01-30,,,,,,,,,,,,,,,,,,,,,,,,,,,,,,5.58,,,,,,52.5,
2000-01-31,,,,,,,,,,,,,,,,,,,,,,,,6.68,6.61,6.49,0.07,0.92,,5.87,,24.95,3940.35,1.68,27.65,18.36,
2000-02-01,4680.9,1108.6,,170.0,179.4,163.6,5.73,1.796,131121.0,4.1,67.3,9837.9,6625.3,4.0,58.69609501439248,50.6,53.641941199183634,0.085,118.8,1737.0,1692.0,0.18,,6.62,6.6,6.43,0.02,0.91,,5.79,,23.45,4051.98,1.65,28.28,76.51,
2000-02-02,,,,,,,,,,,,,,,,,,,,,,,,6.6,6.63,6.32,-0.03,0.94,,5.64,,23.12,4073.96,1.62,27.52,63.92,
2000-02-03,,,,,,,,,,,,,,,,,,,,,,,,6.49,6.56,6.17,-0.07,0.86,,5.71,,22.01,4210.98,1.64,28.26,70.1,
2000-02-04,,,,,,,,,,,,,,,,,,,,,,,,6.53,6.63,6.23,-0.1,0.86,,5.7,,21.54,4244.14,1.6,28.67,25.56,
2000-02-05,,,,,,,,,,,,,,,,,,,,,,,,,,,,,,5.7,,,,,,114.5,
2000-02-06,,,,,,,,,,,,,,,,,,,,,,,,,,,,,,5.7,,,,,,90.64,
2000-02-07,,,,,,,,,,,,,,,,,,,,,,,,6.64,6.68,6.34,-0.04,0.92,,5.76,,22.79,4321.77,1.66,28.4,130.7,
2000-02-08,,,,,,,,,,,,,,,,,,,,,,,,6.59,6.69,6.22,-0.1,0.9,,5.67,,21.25,4427.5,1.59,28.05,46.77,
2000-02-09,,,,,,,,,,,,,,,,,,,,,,,,6.56,6.69,6.32,-0.13,0.9,,5.76,,22.9,4363.24,1.7,28.71,38.85,
2000-02-10,,,,,,,,,,,,,,,,,,,,,,,,6.67,6.67,6.35,0.0,1.0,,5.79,,23.07,4485.63,1.72,29.49,35.47,
2000-02-11,,,,,,,,,,,,,,,,,,,,,,,,6.63,6.65,6.29,-0.02,0.97,,5.71,,24.42,4395.45,1.73,29.51,37.89,
2000-02-12,,,,,,,,,,,,,,,,,,,,,,,,,,,,,,5.71,,,,,,33.08,
2000-02-13,,,,,,,,,,,,,,,,,,,,,,,,,,,,,,5.71,,,,,,12.71,
2000-02-14,,,,,,,,,,,,,,,,,,,,,,,,6.56,6.62,6.22,-0.06,0.88,,5.79,,24.38,4418.55,1.74,30.3,17.95,
2000-02-15,,,,,,,,,,,,,,,,,,,,,,,,6.56,6.66,6.26,-0.1,0.81,,5.85,,22.92,4420.77,1.77,30.17,15.68,
2000-02-16,,,,,,,,,,,,,,,,,,,,,,,,6.56,6.63,6.27,-0.07,0.83,,5.67,,23.51,4427.65,1.79,30.01,38.67,
2000-02-17,,,,,,,,,,,,,,,,,,,,,,,,6.58,6.69,6.23,-0.11,0.84,,5.66,,23.17,4548.92,1.75,29.37,11.84,
2000-02-18,,,,,,,,,,,,,,,,,,,,,,,,6.49,6.66,6.16,-0.17,0.74,,5.7,,26.0,4411.74,1.82,29.51,12.62,
2000-02-19,,,,,,,,,,,,,,,,,,,,,,,,,,,,,,5.7,,,,,,80.86,
2000-02-20,,,,,,,,,,,,,,,,,,,,,,,,,,,,,,5.7,,,,,,50.15,
2000-02-21,,,,,,,,,,,,,,,,,,,,,,,,,,,,,,5.7,,,,,,73.73,
2000-02-22,,,,,,,,,,,,,,,,,,,,,,,,6.36,6.57,6.08,-0.21,0.54,,5.81,,25.86,4382.12,1.88,29.63,16.82,
2000-02-23,,,,,,,,,,,,,,,,,,,,,,,,6.44,6.61,6.14,-0.17,0.62,,5.77,,23.89,4550.33,1.84,30.19,65.59,
2000-02-24,,,,,,,,,,,,,,,,,,,,,,,,6.36,6.52,6.13,-0.16,0.55,,5.76,,24.38,4617.65,1.94,30.23,11.77,
2000-02-25,,,,,,,,,,,,,,,,,,,,,,,,6.36,6.45,6.17,-0.09,0.57,,5.73,,25.2,4590.5,1.99,30.34,12.68,
2000-02-26,,,,,,,,,,,,,,,,,,,,,,,,,,,,,,5.73,,,,,,48.27,
2000-02-27,,,,,,,,,,,,,,,,,,,,,,,,,,,,,,5.73,,,,,,12.31,
2000-02-28,,,,,,,,,,,,,,,,,,,,,,,,6.37,6.47,6.16,-0.1,0.57,,5.81,,24.68,4577.85,2.01,30.11,35.44,
2000-02-29,,,,,,,,,,,,,,,,,,,,,,,,6.42,6.53,6.15,-0.11,0.64,,5.85,,23.37,4696.69,1.91,30.57,31.67,
2000-03-01,4711.7,1107.5,,171.0,180.0,164.7,5.85,1.819,131604.0,4.0,67.3,9864.0,6686.5,3.8,60.8722499890309,64.99,49.18063888457009,0.085,124.3,1604.0,1651.0,0.04,,6.39,6.52,6.16,-0.13,0.63,,5.78,,21.64,4784.08,1.96,31.71,12.01,
2000-03-02,,,,,,,,,,,,,,,,,,,,,,,,6.4,6.52,6.15,-0.12,0.64,,5.76,,21.06,4754.51,1.95,31.51,11.61,
2000-03-03,,,,,,,,,,,,,,,,,,,,,,,,6.39,6.5,6.13,-0.11,0.6,,5.72,,19.21,4914.79,1.93,31.46,37.23,
2000-03-04,,,,,,,,,,,,,,,,,,,,,,,,,,,,,,5.72,,,,,,15.67,
2000-03-05,,,,,,,,,,,,,,,,,,,,,,,,,,,,,,5.72,,,,,,36.03,
2000-03-06,,,,,,,,,,,,,,,,,,,,,,,,6.42,6.55,6.16,-0.13,0.57,,5.73,,21.5,4904.85,1.91,32.19,35.51,
2000-03-07,,,,,,,,,,,,,,,,,,,,,,,,6.39,6.48,6.16,-0.09,0.56,,5.68,,24.31,4847.84,1.95,33.9,58.12,
2000-03-08,,,,,,,,,,,,,,,,,,,,,,,,6.38,6.5,6.17,-0.12,0.55,,5.77,,23.82,4897.26,1.98,31.22,190.36,
2000-03-09,,,,,,,,,,,,,,,,,,,,,,,,6.35,6.48,6.16,-0.13,0.53,,5.79,,22.21,5046.86,2.05,31.61,11.33,
2000-03-10,,,,,,,,,,,,,,,,,,,,,,,,6.39,6.55,6.19,-0.16,0.52,,5.75,,21.24,5048.62,2.09,31.76,24.4,
2000-03-11,,,,,,,,,,,,,,,,,,,,,,,,,,,,,,5.75,,,,,,31.73,
2000-03-12,,,,,,,,,,,,,,,,,,,,,,,,,,,,,,5.75,,,,,,12.52,
2000-03-13,,,,,,,,,,,,,,,,,,,,,,,,6.36,6.52,6.17,-0.16,0.47,,5.81,,22.85,4907.24,2.17,32.11,52.05,
2000-03-14,,,,,,,,,,,,,,,,,,,,,,,,6.31,6.48,6.11,-0.17,0.44,,5.8,,24.41,4706.63,2.15,31.93,30.42,
2000-03-15,,,,,,,,,,,,,,,,,,,,,,,,6.29,6.5,6.07,-0.21,0.44,,5.9,,22.34,4582.62,2.17,30.47,37.21,
2000-03-16,,,,,,,,,,,,,,,,,,,,,,,,6.26,6.5,6.05,-0.24,0.39,,5.77,,20.77,4717.39,2.16,31.1,58.47,
2000-03-17,,,,,,,,,,,,,,,,,,,,,,,,6.2,6.5,6.01,-0.3,0.31,,5.76,,22.37,4798.13,2.16,30.86,37.42,
2000-03-18,,,,,,,,,,,,,,,,,,,,,,,,,,,,,,5.76,,,,,,131.11,
2000-03-19,,,,,,,,,,,,,,,,,,,,,,,,,,,,,,5.76,,,,,,115.43,
2000-03-20,,,,,,,,,,,,,,,,,,,,,,,,6.18,6.52,5.99,-0.34,0.23,,5.82,,22.96,4610.0,2.14,29.33,54.14,
2000-03-21,,,,,,,,,,,,,,,,,,,,,,,,6.13,6.5,5.97,-0.37,0.22,,5.81,,21.7,4711.68,2.18,28.01,47.2,
2000-03-22,,,,,,,,,,,,,,,,,,,,,,,,6.13,6.5,5.97,-0.37,0.22,,6.02,,21.49,4864.75,2.2,27.28,12.86,
2000-03-23,,,,,,,,,,,,,,,,,,,,,,,,6.08,6.52,5.92,-0.44,0.18,,6.04,,22.26,4940.61,2.2,27.47,23.71,
2000-03-24,,,,,,,,,,,,,,,,,,,,,,,,6.2,6.64,6.0,-0.44,0.29,,5.98,,23.31,4963.03,2.13,27.86,25.44,
2000-03-25,,,,,,,,,,,,,,,,,,,,,,,,,,,,,,5.98,,,,,,80.53,
2000-03-26,,,,,,,,,,,,,,,,,,,,,,,,,,,,,,5.98,,,,,,63.89,
2000-03-27,,,,,,,,,,,,,,,,,,,,,,,,6.21,6.66,5.99,-0.45,0.33,,6.07,,24.53,4958.56,2.11,27.59,70.5,
2000-03-28,,,,,,,,,,,,,,,,,,,,,,,,6.17,6.6,5.98,-0.43,0.29,,6.02,,24.86,4833.89,2.16,27.1,47.07,
2000-03-29,,,,,,,,,,,,,,,,,,,,,,,,6.18,6.59,5.99,-0.41,0.29,,5.98,,24.1,4644.67,2.2,26.36,25.61,
2000-03-30,,,,,,,,,,,,,,,,,,,,,,,,6.06,6.52,5.89,-0.46,0.18,,6.11,,25.47,4457.89,2.3,26.67,23.49,
2000-03-31,,,,,,,,,,,,,,,,,,,,,,,,6.03,6.5,5.84,-0.47,0.15,,6.17,,24.11,4572.83,2.3,26.86,26.0,
2000-04-01,4767.8,1115.6,,170.9,180.3,164.5,6.02,1.74,131883.0,3.8,67.3,9913.7,6679.1,4.3,64.24955468271631,59.76,86.93387080975837,0.085,120.9,1626.0,1597.0,0.1,,,,,,,,6.17,,,,,,31.55,
2000-04-02,,,,,,,,,,,,,,,,,,,,,,,,,,,,,,6.17,,,,,,51.31,
2000-04-03,,,,,,,,,,,,,,,,,,,,,,,,6.0,6.45,5.84,-0.45,0.13,,6.15,,24.03,4223.68,2.3,26.28,142.12,
2000-04-04,,,,,,,,,,,,,,,,,,,,,,,,5.9,6.35,5.77,-0.45,0.07,,5.98,,27.12,4148.89,2.38,25.46,186.42,
2000-04-05,,,,,,,,,,,,,,,,,,,,,,,,5.9,6.35,5.81,-0.45,0.04,,6.08,,28.41,4169.22,2.45,25.76,469.02,
2000-04-06,,,,,,,,,,,,,,,,,,,,,,,,5.93,6.38,5.8,-0.45,0.05,,6.05,,27.15,4267.56,2.39,25.51,23.08,
2000-04-07,,,,,,,,,,,,,,,,,,,,,,,,5.86,6.38,5.71,-0.52,-0.04,,5.95,,24.39,4446.45,2.4,24.97,38.9,
2000-04-08,,,,,,,,,,,,,,,,,,,,,,,,,,,,,,5.95,,,,,,136.73,
2000-04-09,,,,,,,,,,,,,,,,,,,,,,,,,,,,,,5.95,,,,,,25.35,
2000-04-10,,,,,,,,,,,,,,,,,,,,,,,,5.8,6.31,5.69,-0.51,-0.05,,6.05,,25.99,4188.2,2.44,23.91,17.81,
2000-04-11,,,,,,,,,,,,,,,,,,,,,,,,5.89,6.36,5.77,-0.47,0.06,,5.97,,27.25,4055.9,2.45,24.17,46.43,
2000-04-12,,,,,,,,,,,,,,,,,,,,,,,,5.97,6.4,5.84,-0.43,0.14,,5.93,,28.98,3769.63,2.44,25.49,76.83,
2000-04-13,,,,,,,,,,,,,,,,,,,,,,,,5.94,6.4,5.81,-0.46,0.13,,5.97,,29.4,3676.78,2.45,25.29,23.08,
2000-04-14,,,,,,,,,,,,,,,,,,,,,,,,5.85,6.27,5.79,-0.42,0.04,,6.08,,33.49,3321.29,2.53,25.48,201.63,
2000-04-15,,,,,,,,,,,,,,,,,,,,,,,,,,,,,,6.08,,,,,,158.82,
2000-04-16,,,,,,,,,,,,,,,,,,,,,,,,,,,,,,6.08,,,,,,101.15,
2000-04-17,,,,,,,,,,,,,,,,,,,,,,,,6.01,6.33,5.92,-0.32,0.19,,6.18,,28.95,3539.16,2.5,26.06,158.39,
2000-04-18,,,,,,,,,,,,,,,,,,,,,,,,6.05,6.33,5.92,-0.28,0.24,,5.93,,26.12,3793.57,2.43,25.92,78.14,
2000-04-19,,,,,,,,,,,,,,,,,,,,,,,,5.99,6.33,5.85,-0.34,0.18,,5.93,,27.02,3706.41,2.42,27.38,65.37,
2000-04-20,,,,,,,,,,,,,,,,,,,,,,,,5.99,6.38,5.83,-0.39,0.2,,6.05,,25.85,3643.88,2.41,27.29,11.95,
2000-04-21,,,,,,,,,,,,,,,,,,,,,,,,,,,,,,5.94,,,,,,39.47,
2000-04-22,,,,,,,,,,,,,,,,,,,,,,,,,,,,,,5.94,,,,,,159.01,
2000-04-23,,,,,,,,,,,,,,,,,,,,,,,,,,,,,,5.94,,,,,,54.86,
2000-04-24,,,,,,,,,,,,,,,,,,,,,,,,6.0,6.36,5.86,-0.36,0.2,,5.9,,27.37,3482.48,2.42,27.41,93.59,
2000-04-25,,,,,,,,,,,,,,,,,,,,,,,,6.14,6.48,5.95,-0.34,0.35,,5.99,,25.24,3711.23,2.36,26.41,31.47,
2000-04-26,,,,,,,,,,,,,,,,,,,,,,,,6.14,6.5,5.95,-0.36,0.39,,6.0,,26.97,3630.09,2.37,24.69,12.55,
2000-04-27,,,,,,,,,,,,,,,,,,,,,,,,6.23,6.63,6.0,-0.4,0.48,,6.0,,26.19,3774.03,2.34,25.53,23.29,
2000-04-28,,,,,,,,,,,,,,,,,,,,,,,,6.23,6.68,5.97,-0.45,0.41,,6.06,,26.2,3860.66,2.34,25.71,25.56,
2000-04-29,,,,,,,,,,,,,,,,,,,,,,,,,,,,,,6.06,,,,,,131.9,
2000-04-30,,,,,,,,,,,,,,,,,,,,,,,,,,,,,,6.06,,,,,,38.0,
2000-05-01,4755.7,1104.9,,171.2,180.7,164.7,6.27,1.705,132105.0,4.0,67.1,9954.5,6709.7,4.3,86.64100022989427,77.52,95.24134440203088,0.085,120.0,1575.0,1543.0,0.22,,6.29,6.73,5.98,-0.44,0.29,,6.17,,25.88,3958.08,2.3,25.84,17.2,
2000-05-02,,,,,,,,,,,,,,,,,,,,,,,,6.32,6.72,6.03,-0.4,0.4,,6.05,,28.5,3785.45,2.32,26.86,30.51,
2000-05-03,,,,,,,,,,,,,,,,,,,,,,,,6.4,6.73,6.11,-0.33,0.49,,6.05,,31.63,3707.31,2.34,26.6,12.13,
2000-05-04,,,,,,,,,,,,,,,,,,,,,,,,6.46,6.77,6.19,-0.31,0.56,,6.05,,30.77,3720.24,2.38,27.08,11.43,
2000-05-05,,,,,,,,,,,,,,,,,,,,,,,,6.51,6.84,6.2,-0.33,0.54,,5.94,,27.53,3816.82,2.36,27.37,12.41,
2000-05-06,,,,,,,,,,,,,,,,,,,,,,,,,,,,,,5.94,,,,,,48.75,
2000-05-07,,,,,,,,,,,,,,,,,,,,,,,,,,,,,,5.94,,,,,,12.58,
2000-05-08,,,,,,,,,,,,,,,,,,,,,,,,6.57,6.87,6.25,-0.3,0.38,,6.01,,28.2,3669.38,2.35,28.05,70.58,
2000-05-09,,,,,,,,,,,,,,,,,,,,,,,,6.53,6.86,6.22,-0.33,0.39,,5.92,,28.93,3585.01,2.36,28.46,30.31,
2000-05-10,,,,,,,,,,,,,,,,,,,,,,,,6.47,6.84,6.18,-0.37,0.33,,5.95,,29.87,3384.73,2.41,28.1,12.39,
2000-05-11,,,,,,,,,,,,,,,,,,,,,,,,6.43,6.82,6.16,-0.39,0.29,,6.05,,27.76,3499.58,2.49,29.25,33.12,
2000-05-12,,,,,,,,,,,,,,,,,,,,,,,,6.51,6.91,6.2,-0.4,0.37,,6.11,,26.05,3529.06,2.52,29.64,12.3,
2000-05-13,,,,,,,,,,,,,,,,,,,,,,,,,,,,,,6.11,,,,,,48.99,
2000-05-14,,,,,,,,,,,,,,,,,,,,,,,,,,,,,,6.11,,,,,,50.12,
2000-05-15,,,,,,,,,,,,,,,,,,,,,,,,6.47,6.88,6.17,-0.41,0.22,,6.34,,24.86,3607.65,2.52,29.95,122.84,
2000-05-16,,,,,,,,,,,,,,,,,,,,,,,,6.43,6.89,6.12,-0.46,0.23,,6.13,,24.34,3717.57,2.51,29.76,145.61,
2000-05-17,,,,,,,,,,,,,,,,,,,,,,,,6.48,6.9,6.18,-0.42,0.43,,6.25,,23.98,3644.96,2.53,29.38,24.44,
2000-05-18,,,,,,,,,,,,,,,,,,,,,,,,6.56,6.93,6.24,-0.37,0.64,,6.49,,23.96,3538.71,2.52,30.28,22.83,
2000-05-19,,,,,,,,,,,,,,,,,,,,,,,,6.51,6.86,6.22,-0.35,0.62,,6.51,,25.44,3390.4,2.55,30.02,37.09,
2000-05-20,,,,,,,,,,,,,,,,,,,,,,,,,,,,,,6.51,,,,,,162.51,
2000-05-21,,,,,,,,,,,,,,,,,,,,,,,,,,,,,,6.51,,,,,,87.04,
2000-05-22,,,,,,,,,,,,,,,,,,,,,,,,6.44,6.81,6.18,-0.37,0.43,,6.52,,26.0,3364.21,2.57,28.62,71.2,
2000-05-23,,,,,,,,,,,,,,,,,,,,,,,,6.45,6.83,6.17,-0.38,0.44,,6.47,,25.87,3164.55,2.55,28.61,63.51,
2000-05-24,,,,,,,,,,,,,,,,,,,,,,,,6.47,6.79,6.19,-0.32,0.55,,6.48,,24.32,3270.61,2.52,29.89,37.62,
2000-05-25,,,,,,,,,,,,,,,,,,,,,,,,6.39,6.71,6.11,-0.32,0.54,,6.56,,24.58,3205.35,2.5,30.43,34.8,
2000-05-26,,,,,,,,,,,,,,,,,,,,,,,,6.33,6.69,6.06,-0.36,0.5,,6.4,,24.47,3205.11,2.51,29.76,63.47,
2000-05-27,,,,,,,,,,,,,,,,,,,,,,,,,,,,,,6.4,,,,,,151.24,
2000-05-28,,,,,,,,,,,,,,,,,,,,,,,,,,,,,,6.4,,,,,,91.94,
2000-05-29,,,,,,,,,,,,,,,,,,,,,,,,,,,,,,6.4,,,,,,130.29,
2000-05-30,,,,,,,,,,,,,,,,,,,,,,,,6.38,6.74,6.09,-0.36,0.51,,6.71,,23.62,3459.48,2.49,30.36,72.13,
2000-05-31,,,,,,,,,,,,,,,,,,,,,,,,6.29,6.69,6.02,-0.4,0.66,,6.83,,23.65,3400.91,2.52,29.03,13.28,
2000-06-01,4773.6,1102.6,,172.2,181.1,165.8,6.53,1.664,132062.0,4.0,67.1,9982.3,6746.9,4.3,88.08692618622263,67.24,88.45760827449179,0.09,126.8,1559.0,1572.0,0.28,,6.2,6.61,5.95,-0.41,0.46,,6.65,,22.36,3582.5,2.51,30.19,92.08,
2000-06-02,,,,,,,,,,,,,,,,,,,,,,,,6.15,6.52,5.94,-0.37,0.28,,6.44,,21.48,3813.38,2.5,30.34,39.61,
2000-06-03,,,,,,,,,,,,,,,,,,,,,,,,,,,,,,6.44,,,,,,16.83,
2000-06-04,,,,,,,,,,,,,,,,,,,,,,,,,,,,,,6.44,,,,,,26.01,
2000-06-05,,,,,,,,,,,,,,,,,,,,,,,,6.12,6.49,5.91,-0.37,0.14,,6.51,,22.71,3821.76,2.44,29.87,36.98,
2000-06-06,,,,,,,,,,,,,,,,,,,,,,,,6.14,6.51,5.91,-0.37,0.15,,6.47,,23.05,3756.37,2.39,29.78,31.67,
2000-06-07,,,,,,,,,,,,,,,,,,,,,,,,6.13,6.52,5.89,-0.39,0.21,,6.5,,22.48,3839.26,2.36,29.29,62.85,
2000-06-08,,,,,,,,,,,,,,,,,,,,,,,,6.13,6.56,5.89,-0.43,0.22,,6.54,,22.77,3825.56,2.35,29.78,58.86,
2000-06-09,,,,,,,,,,,,,,,,,,,,,,,,6.13,6.56,5.89,-0.43,0.21,,6.47,,22.14,3874.84,2.34,30.22,13.02,
2000-06-10,,,,,,,,,,,,,,,,,,,,,,,,,,,,,,6.47,,,,,,135.44,
2000-06-11,,,,,,,,,,,,,,,,,,,,,,,,,,,,,,6.47,,,,,,26.11,
2000-06-12,,,,,,,,,,,,,,,,,,,,,,,,6.09,6.52,5.88,-0.43,0.16,,6.54,,22.32,3767.91,2.35,31.76,37.69,
2000-06-13,,,,,,,,,,,,,,,,,,,,,,,,6.11,6.49,5.94,-0.38,0.23,,6.46,,21.67,3851.06,2.36,32.73,193.05,
2000-06-14,,,,,,,,,,,,,,,,,,,,,,,,6.06,6.44,5.91,-0.38,0.24,,6.54,,21.48,3797.41,2.35,32.72,76.7,
2000-06-15,,,,,,,,,,,,,,,,,,,,,,,,6.05,6.44,5.93,-0.39,0.21,,6.7,,20.68,3845.74,2.36,32.7,81.82,
2000-06-16,,,,,,,,,,,,,,,,,,,,,,,,5.99,6.38,5.88,-0.39,0.16,,6.46,,20.5,3860.56,2.37,32.35,72.9,
2000-06-17,,,,,,,,,,,,,,,,,,,,,,,,,,,,,,6.46,,,,,,70.97,
2000-06-18,,,,,,,,,,,,,,,,,,,,,,,,,,,,,,6.46,,,,,,26.22,
2000-06-19,,,,,,,,,,,,,,,,,,,,,,,,6.0,6.4,5.89,-0.4,0.16,,6.51,,20.63,3989.83,2.38,31.57,36.87,
2000-06-20,,,,,,,,,,,,,,,,,,,,,,,,6.03,6.43,5.9,-0.4,0.24,,6.49,,20.88,4013.36,2.36,33.07,32.36,
2000-06-21,,,,,,,,,,,,,,,,,,,,,,,,6.11,6.5,5.96,-0.39,0.3,,6.47,,20.61,4064.01,2.35,33.64,130.96,
2000-06-22,,,,,,,,,,,,,,,,,,,,,,,,6.12,6.5,5.98,-0.38,0.28,,6.52,,22.0,3936.84,2.37,34.72,12.26,
2000-06-23,,,,,,,,,,,,,,,,,,,,,,,,6.19,6.55,6.04,-0.36,0.33,,6.51,,22.34,3845.34,2.34,34.76,40.87,
2000-06-24,,,,,,,,,,,,,,,,,,,,,,,,,,,,,,6.51,,,,,,141.23,
2000-06-25,,,,,,,,,,,,,,,,,,,,,,,,,,,,,,6.51,,,,,,39.47,
2000-06-26,,,,,,,,,,,,,,,,,,,,,,,,6.11,6.5,5.99,-0.39,0.29,,6.63,,22.45,3912.12,2.41,31.56,170.42,
2000-06-27,,,,,,,,,,,,,,,,,,,,,,,,6.1,6.5,5.95,-0.4,0.27,,6.56,,21.8,3858.96,2.38,32.01,49.59,
2000-06-28,,,,,,,,,,,,,,,,,,,,,,,,6.11,6.43,5.97,-0.32,0.3,,6.5,,20.29,3940.34,2.4,31.86,251.41,
2000-06-29,,,,,,,,,,,,,,,,,,,,,,,,6.04,6.37,5.88,-0.33,0.19,,6.76,,19.7,3877.23,2.4,32.73,229.22,
2000-06-30,,,,,,,,,,,,,,,,,,,,,,,,6.03,6.38,5.9,-0.35,0.15,,6.86,,19.54,3966.11,2.4,32.44,13.83,
2000-07-01,4791.3,1103.5,,172.7,181.5,166.3,6.54,1.689,132228.0,4.0,66.9,10035.9,6768.5,4.7,65.6184696939895,53.87,43.26377387605583,0.091,127.3,1463.0,1542.0,0.26,,,,,,,,6.86,,,,,,48.28,
2000-07-02,,,,,,,,,,,,,,,,,,,,,,,,,,,,,,6.86,,,,,,41.17,
2000-07-03,,,,,,,,,,,,,,,,,,,,,,,,6.0,6.31,5.87,-0.31,0.0,,7.03,,19.83,3991.93,2.41,,38.54,
2000-07-04,,,,,,,,,,,,,,,,,,,,,,,,,,,,,,7.03,,,,,,105.67,
2000-07-05,,,,,,,,,,,,,,,,,,,,,,,,5.99,6.29,5.86,-0.3,0.0,,6.52,,21.16,3863.1,2.4,30.76,49.14,
2000-07-06,,,,,,,,,,,,,,,,,,,,,,,,6.05,6.34,5.91,-0.29,0.03,,6.51,,20.94,3960.57,2.38,30.19,38.17,
2000-07-07,,,,,,,,,,,,,,,,,,,,,,,,6.01,6.29,5.87,-0.28,-0.03,,6.42,,19.22,4023.2,2.37,30.26,27.47,
2000-07-08,,,,,,,,,,,,,,,,,,,,,,,,,,,,,,6.42,,,,,,89.26,
2000-07-09,,,,,,,,,,,,,,,,,,,,,,,,,,,,,,6.42,,,,,,27.95,
2000-07-10,,,,,,,,,,,,,,,,,,,,,,,,6.04,6.31,5.88,-0.27,-0.06,,6.51,,20.33,3980.29,2.34,29.51,38.99,
2000-07-11,,,,,,,,,,,,,,,,,,,,,,,,6.06,6.32,5.89,-0.26,-0.04,,6.39,,20.11,3956.42,2.33,29.61,49.78,
2000-07-12,,,,,,,,,,,,,,,,,,,,,,,,6.09,6.34,5.89,-0.25,-0.08,,6.38,,20.03,4099.59,2.29,30.34,13.36,
2000-07-13,,,,,,,,,,,,,,,,,,,,,,,,6.01,6.31,5.81,-0.3,-0.17,,6.5,,20.03,4174.86,2.3,31.41,24.17,
2000-07-14,,,,,,,,,,,,,,,,,,,,,,,,6.1,6.41,5.88,-0.31,-0.07,,6.51,,19.32,4246.18,2.24,31.31,40.46,
2000-07-15,,,,,,,,,,,,,,,,,,,,,,,,,,,,,,6.51,,,,,,72.01,
2000-07-16,,,,,,,,,,,,,,,,,,,,,,,,,,,,,,6.51,,,,,,26.99,
2000-07-17,,,,,,,,,,,,,,,,,,,,,,,,6.17,6.46,5.93,-0.29,0.02,,6.58,,19.45,4274.67,2.22,30.71,36.6,
2000-07-18,,,,,,,,,,,,,,,,,,,,,,,,6.16,6.44,5.92,-0.28,0.0,,6.47,,19.75,4177.17,2.22,31.94,32.3,
2000-07-19,,,,,,,,,,,,,,,,,,,,,,,,6.16,6.46,5.92,-0.3,-0.02,,6.45,,19.65,4055.63,2.24,31.1,65.87,
2000-07-20,,,,,,,,,,,,,,,,,,,,,,,,6.01,6.32,5.81,-0.31,-0.17,,6.52,,18.94,4184.56,2.29,30.94,36.09,
2000-07-21,,,,,,,,,,,,,,,,,,,,,,,,6.01,6.32,5.79,-0.31,-0.12,,6.51,,18.94,4094.45,2.27,28.56,39.55,
2000-07-22,,,,,,,,,,,,,,,,,,,,,,,,,,,,,,6.51,,,,,,34.75,
2000-07-23,,,,,,,,,,,,,,,,,,,,,,,,,,,,,,6.51,,,,,,40.52,
2000-07-24,,,,,,,,,,,,,,,,,,,,,,,,6.04,6.35,5.81,-0.31,-0.17,,6.52,,19.92,3981.57,2.26,27.97,93.22,
2000-07-25,,,,,,,,,,,,,,,,,,,,,,,,6.04,6.35,5.81,-0.31,-0.16,,6.46,,19.39,4029.57,2.26,27.89,32.26,
2000-07-26,,,,,,,,,,,,,,,,,,,,,,,,6.04,6.29,5.82,-0.25,-0.14,,6.49,,19.67,3987.72,2.27,27.81,26.06,
2000-07-27,,,,,,,,,,,,,,,,,,,,,,,,6.02,6.27,5.78,-0.25,-0.2,,6.52,,19.6,3842.23,2.24,28.21,35.59,
2000-07-28,,,,,,,,,,,,,,,,,,,,,,,,6.04,6.3,5.78,-0.26,-0.16,,6.44,,20.84,3663.0,2.25,28.22,65.53,
2000-07-29,,,,,,,,,,,,,,,,,,,,,,,,,,,,,,6.44,,,,,,103.37,
2000-07-30,,,,,,,,,,,,,,,,,,,,,,,,,,,,,,6.44,,,,,,13.0,
2000-07-31,,,,,,,,,,,,,,,,,,,,,,,,6.04,6.3,5.79,-0.26,-0.23,,6.64,,20.74,3766.99,2.27,27.5,18.97,
2000-08-01,4819.5,1100.2,,172.7,181.9,166.1,6.5,1.75,132234.0,4.1,66.9,10098.3,6802.8,4.8,53.92115754484491,47.64,55.601949592855256,0.091,123.8,1541.0,1552.0,0.58,,6.0,6.27,5.74,-0.27,-0.25,,6.51,,20.55,3685.52,2.27,27.85,15.05,
2000-08-02,,,,,,,,,,,,,,,,,,,,,,,,5.98,6.23,5.77,-0.25,-0.27,,6.42,,20.0,3658.46,2.3,28.27,38.67,
2000-08-03,,,,,,,,,,,,,,,,,,,,,,,,5.95,6.22,5.74,-0.27,-0.28,,6.45,,19.99,3759.88,2.31,28.92,23.5,
2000-08-04,,,,,,,,,,,,,,,,,,,,,,,,5.91,6.15,5.72,-0.24,-0.32,,6.44,,18.62,3787.36,2.33,29.94,53.2,
2000-08-05,,,,,,,,,,,,,,,,,,,,,,,,,,,,,,6.44,,,,,,104.06,
2000-08-06,,,,,,,,,,,,,,,,,,,,,,,,,,,,,,6.44,,,,,,13.4,
2000-08-07,,,,,,,,,,,,,,,,,,,,,,,,5.97,6.2,5.76,-0.23,-0.31,,6.46,,19.03,3862.99,2.29,28.93,18.62,
2000-08-08,,,,,,,,,,,,,,,,,,,,,,,,5.93,6.16,5.73,-0.23,-0.33,,6.44,,18.79,3848.55,2.31,29.26,16.35,
2000-08-09,,,,,,,,,,,,,,,,,,,,,,,,5.81,6.18,5.73,-0.37,-0.44,,6.48,,19.18,3853.5,2.44,30.38,13.04,
2000-08-10,,,,,,,,,,,,,,,,,,,,,,,,5.76,6.16,5.68,-0.4,-0.49,,6.52,,19.19,3759.99,2.47,31.09,11.78,
2000-08-11,,,,,,,,,,,,,,,,,,,,,,,,5.79,6.25,5.72,-0.46,-0.5,,6.5,,18.55,3789.47,2.45,31.02,13.36,
2000-08-12,,,,,,,,,,,,,,,,,,,,,,,,,,,,,,6.5,,,,,,17.45,
2000-08-13,,,,,,,,,,,,,,,,,,,,,,,,,,,,,,6.5,,,,,,51.31,
2000-08-14,,,,,,,,,,,,,,,,,,,,,,,,5.78,6.25,5.7,-0.47,-0.49,,6.58,,17.88,3849.69,2.45,31.92,111.82,
2000-08-15,,,,,,,,,,,,,,,,,,,,,,,,5.81,6.28,5.72,-0.47,-0.47,,6.63,,17.98,3851.66,2.43,31.43,30.39,
2000-08-16,,,,,,,,,,,,,,,,,,,,,,,,5.83,6.3,5.73,-0.47,-0.44,,6.48,,18.02,3861.2,2.42,31.91,12.82,
2000-08-17,,,,,,,,,,,,,,,,,,,,,,,,5.81,6.3,5.72,-0.49,-0.46,,6.47,,17.48,3940.87,2.46,31.88,22.71,
2000-08-18,,,,,,,,,,,,,,,,,,,,,,,,5.78,6.27,5.69,-0.49,-0.49,,6.44,,17.05,3930.34,2.46,31.97,39.16,
2000-08-19,,,,,,,,,,,,,,,,,,,,,,,,,,,,,,6.44,,,,,,50.86,
2000-08-20,,,,,,,,,,,,,,,,,,,,,,,,,,,,,,6.44,,,,,,25.91,
2000-08-21,,,,,,,,,,,,,,,,,,,,,,,,5.79,6.28,5.71,-0.49,-0.51,,6.48,,17.35,3953.15,2.47,32.42,37.08,
2000-08-22,,,,,,,,,,,,,,,,,,,,,,,,5.78,6.27,5.71,-0.49,-0.5,,6.42,,17.47,3958.21,2.51,31.24,48.25,
2000-08-23,,,,,,,,,,,,,,,,,,,,,,,,5.73,6.2,5.68,-0.47,-0.56,,6.5,,17.38,4011.01,2.53,31.23,38.41,
2000-08-24,,,,,,,,,,,,,,,,,,,,,,,,5.73,6.19,5.67,-0.46,-0.56,,6.56,,17.04,4053.28,2.49,33.41,34.63,
2000-08-25,,,,,,,,,,,,,,,,,,,,,,,,5.73,6.19,5.67,-0.46,-0.58,,6.54,,16.53,4042.68,2.5,34.01,22.69,
2000-08-26,,,,,,,,,,,,,,,,,,,,,,,,,,,,,,6.54,,,,,,113.33,
2000-08-27,,,,,,,,,,,,,,,,,,,,,,,,,,,,,,6.54,,,,,,82.76,
2000-08-28,,,,,,,,,,,,,,,,,,,,,,,,5.78,6.23,5.72,-0.45,-0.54,,6.57,,16.54,4070.59,2.49,32.92,36.03,
2000-08-29,,,,,,,,,,,,,,,,,,,,,,,,5.81,6.26,5.75,-0.45,-0.5,,6.51,,16.89,4082.17,2.49,32.73,30.87,
2000-08-30,,,,,,,,,,,,,,,,,,,,,,,,5.81,6.24,5.74,-0.43,-0.51,,6.51,,17.69,4103.81,2.49,33.25,24.99,
2000-08-31,,,,,,,,,,,,,,,,,,,,,,,,5.73,6.18,5.67,-0.45,-0.58,,6.65,,16.84,4206.35,2.51,33.09,22.99,
2000-09-01,4855.3,1099.7,,173.6,182.3,167.2,6.52,1.876,132338.0,3.9,66.9,10110.3,6888.6,4.1,61.06074549388535,67.99,82.06733715298608,0.091,129.2,1507.0,1570.0,0.64,,5.68,6.09,5.67,-0.41,-0.59,,6.52,,17.53,4234.33,2.54,33.42,18.72,
2000-09-02,,,,,,,,,,,,,,,,,,,,,,,,,,,,,,6.52,,,,,,48.24,
2000-09-03,,,,,,,,,,,,,,,,,,,,,,,,,,,,,,6.52,,,,,,12.28,
2000-09-04,,,,,,,,,,,,,,,,,,,,,,,,,,,,,,6.52,,,,,,20.84,
2000-09-05,,,,,,,,,,,,,,,,,,,,,,,,5.69,6.09,5.67,-0.4,-0.58,,6.61,,19.82,4143.18,2.53,33.92,18.21,
2000-09-06,,,,,,,,,,,,,,,,,,,,,,,,5.72,6.11,5.71,-0.39,-0.49,,6.56,,20.79,4013.34,2.54,34.97,12.47,
2000-09-07,,,,,,,,,,,,,,,,,,,,,,,,5.76,6.14,5.72,-0.38,-0.44,,6.53,,19.42,4098.35,2.51,35.18,11.25,
2000-09-08,,,,,,,,,,,,,,,,,,,,,,,,5.73,6.11,5.7,-0.38,-0.41,,6.5,,18.46,3978.41,2.52,33.62,110.55,
2000-09-09,,,,,,,,,,,,,,,,,,,,,,,,,,,,,,6.5,,,,,,106.9,
2000-09-10,,,,,,,,,,,,,,,,,,,,,,,,,,,,,,6.5,,,,,,35.58,
2000-09-11,,,,,,,,,,,,,,,,,,,,,,,,5.77,6.12,5.73,-0.35,-0.34,,6.5,,18.4,3896.35,2.52,35.14,83.6,
2000-09-12,,,,,,,,,,,,,,,,,,,,,,,,5.78,6.12,5.76,-0.34,-0.31,,6.47,,18.59,3849.51,2.56,34.25,7.99,
2000-09-13,,,,,,,,,,,,,,,,,,,,,,,,5.74,6.09,5.73,-0.35,-0.35,,6.47,,18.32,3893.89,2.58,33.87,11.89,
2000-09-14,,,,,,,,,,,,,,,,,,,,,,,,5.79,6.11,5.81,-0.32,-0.35,,6.5,,18.26,3913.86,2.58,34.37,22.17,
2000-09-15,,,,,,,,,,,,,,,,,,,,,,,,5.84,6.07,5.9,-0.23,-0.3,,6.55,,18.52,3835.23,2.6,35.87,24.16,
2000-09-16,,,,,,,,,,,,,,,,,,,,,,,,,,,,,,6.55,,,,,,44.99,
2000-09-17,,,,,,,,,,,,,,,,,,,,,,,,,,,,,,6.55,,,,,,22.97,
2000-09-18,,,,,,,,,,,,,,,,,,,,,,,,5.88,6.04,5.96,-0.16,-0.27,,6.44,,20.25,3726.52,2.61,36.75,200.6,
2000-09-19,,,,,,,,,,,,,,,,,,,,,,,,5.86,6.05,5.92,-0.19,-0.31,,6.4,,19.54,3865.64,2.57,36.96,41.95,
2000-09-20,,,,,,,,,,,,,,,,,,,,,,,,5.91,6.11,5.97,-0.2,-0.25,,6.5,,19.93,3897.44,2.55,37.22,229.69,
2000-09-21,,,,,,,,,,,,,,,,,,,,,,,,5.88,6.11,5.93,-0.23,-0.28,,6.53,,20.18,3828.87,2.55,33.84,222.3,
2000-09-22,,,,,,,,,,,,,,,,,,,,,,,,5.85,6.09,5.92,-0.24,-0.31,,6.48,,20.74,3803.76,2.55,32.66,94.02,
2000-09-23,,,,,,,,,,,,,,,,,,,,,,,,,,,,,,6.48,,,,,,132.11,
2000-09-24,,,,,,,,,,,,,,,,,,,,,,,,,,,,,,6.48,,,,,,34.37,
2000-09-25,,,,,,,,,,,,,,,,,,,,,,,,5.84,6.11,5.9,-0.27,-0.34,,6.54,,21.41,3741.22,2.53,31.5,16.56,
2000-09-26,,,,,,,,,,,,,,,,,,,,,,,,5.81,6.07,5.86,-0.26,-0.37,,6.5,,21.88,3689.1,2.52,31.78,100.03,
2000-09-27,,,,,,,,,,,,,,,,,,,,,,,,5.83,6.0,5.9,-0.17,-0.37,,6.5,,21.67,3656.3,2.54,31.23,68.32,
2000-09-28,,,,,,,,,,,,,,,,,,,,,,,,5.82,6.02,5.89,-0.2,-0.43,,6.59,,19.47,3778.32,2.5,30.26,52.8,
2000-09-29,,,,,,,,,,,,,,,,,,,,,,,,5.8,5.98,5.88,-0.18,-0.43,,6.6,,20.57,3672.82,2.54,30.87,177.21,
2000-09-30,,,,,,,,,,,,,,,,,,,,,,,,,,,,,,6.6,,,,,,177.61,
2000-10-01,4871.4,1098.7,,173.9,182.6,167.3,6.51,1.815,132352.0,3.9,66.8,10139.2,6893.8,4.3,69.01445624058223,67.59,70.28354685349954,0.088,129.6,1549.0,1577.0,2.88,,,,,,,,6.6,,,,,,56.37,
2000-10-02,,,,,,,,,,,,,,,,,,,,,,,,5.83,5.98,5.93,-0.15,-0.44,,6.68,,21.23,3568.9,2.58,32.05,235.49,
2000-10-03,,,,,,,,,,,,,,,,,,,,,,,,5.87,6.0,5.94,-0.13,-0.37,,6.46,,21.85,3455.83,2.54,31.86,174.55,
2000-10-04,,,,,,,,,,,,,,,,,,,,,,,,5.9,6.03,5.95,-0.13,-0.34,,6.51,,21.54,3523.1,2.51,30.91,81.13,
2000-10-05,,,,,,,,,,,,,,,,,,,,,,,,5.87,6.02,5.91,-0.15,-0.38,,6.54,,21.03,3472.1,2.52,30.66,10.63,
2000-10-06,,,,,,,,,,,,,,,,,,,,,,,,5.82,5.98,5.85,-0.16,-0.42,,6.43,,22.71,3361.01,2.53,30.86,11.68,
2000-10-07,,,,,,,,,,,,,,,,,,,,,,,,,,,,,,6.43,,,,,,103.38,
2000-10-08,,,,,,,,,,,,,,,,,,,,,,,,,,,,,,6.43,,,,,,35.27,
2000-10-09,,,,,,,,,,,,,,,,,,,,,,,,,,,,,,6.43,,24.02,3355.56,,31.98,34.33,
2000-10-10,,,,,,,,,,,,,,,,,,,,,,,,5.8,5.98,5.83,-0.18,-0.47,,6.57,,24.86,3240.54,2.54,33.29,31.24,
2000-10-11,,,,,,,,,,,,,,,,,,,,,,,,5.77,5.93,5.83,-0.16,-0.46,,6.46,,26.57,3168.49,2.61,33.2,59.87,
2000-10-12,,,,,,,,,,,,,,,,,,,,,,,,5.73,5.86,5.82,-0.13,-0.46,,6.47,,30.51,3074.68,2.64,36.06,242.89,
2000-10-13,,,,,,,,,,,,,,,,,,,,,,,,5.73,5.84,5.8,-0.11,-0.46,,6.46,,27.6,3316.77,2.64,34.96,278.88,
2000-10-14,,,,,,,,,,,,,,,,,,,,,,,,,,,,,,6.46,,,,,,204.44,
2000-10-15,,,,,,,,,,,,,,,,,,,,,,,,,,,,,,6.46,,,,,,90.11,
2000-10-16,,,,,,,,,,,,,,,,,,,,,,,,5.74,5.89,5.81,-0.15,-0.54,,6.59,,26.79,3290.28,2.63,33.18,66.24,
2000-10-17,,,,,,,,,,,,,,,,,,,,,,,,5.68,5.83,5.77,-0.15,-0.62,,6.45,,27.84,3213.96,2.64,33.36,186.59,
2000-10-18,,,,,,,,,,,,,,,,,,,,,,,,5.66,5.82,5.77,-0.16,-0.64,,6.53,,28.72,3171.56,2.68,33.51,336.07,
2000-10-19,,,,,,,,,,,,,,,,,,,,,,,,5.66,5.86,5.76,-0.2,-0.66,,6.54,,25.09,3418.6,2.66,33.06,43.25,
2000-10-20,,,,,,,,,,,,,,,,,,,,,,,,5.64,5.84,5.73,-0.2,-0.67,,6.5,,24.24,3483.14,2.65,34.31,11.1,
2000-10-21,,,,,,,,,,,,,,,,,,,,,,,,,,,,,,6.5,,,,,,72.81,
2000-10-22,,,,,,,,,,,,,,,,,,,,,,,,,,,,,,6.5,,,,,,69.23,
2000-10-23,,,,,,,,,,,,,,,,,,,,,,,,5.59,5.82,5.68,-0.23,-0.75,,6.53,,24.69,3468.69,2.68,34.9,81.98,
2000-10-24,,,,,,,,,,,,,,,,,,,,,,,,5.63,5.86,5.71,-0.23,-0.72,,6.49,,24.28,3419.79,2.66,34.53,43.15,
2000-10-25,,,,,,,,,,,,,,,,,,,,,,,,5.67,5.87,5.75,-0.2,-0.72,,6.53,,26.65,3229.57,2.65,33.62,285.45,
2000-10-26,,,,,,,,,,,,,,,,,,,,,,,,5.69,5.9,5.74,-0.21,-0.67,,6.53,,28.62,3272.18,2.6,33.75,31.21,
2000-10-27,,,,,,,,,,,,,,,,,,,,,,,,5.72,5.94,5.74,-0.22,-0.63,,6.51,,26.47,3278.36,2.58,32.78,34.56,
2000-10-28,,,,,,,,,,,,,,,,,,,,,,,,,,,,,,6.51,,,,,,57.67,
2000-10-29,,,,,,,,,,,,,,,,,,,,,,,,,,,,,,6.51,,,,,,67.75,
2000-10-30,,,,,,,,,,,,,,,,,,,,,,,,5.74,5.97,5.76,-0.23,-0.65,,6.59,,25.46,3191.4,2.56,32.86,113.67,
2000-10-31,,,,,,,,,,,,,,,,,,,,,,,,5.77,5.94,5.79,-0.17,-0.61,,6.59,,23.63,3369.63,2.56,32.7,344.98,
2000-11-01,4882.8,1092.4,,174.2,183.1,167.6,6.51,1.764,132556.0,3.9,66.9,10143.5,6909.8,4.3,108.86682838238254,138.22,227.22342454252615,0.086,129.2,1551.0,1614.0,4.6,,5.74,5.88,5.78,-0.14,-0.63,,6.61,,24.28,3333.39,2.57,33.14,46.47,
2000-11-02,,,,,,,,,,,,,,,,,,,,,,,,5.74,5.87,5.79,-0.13,-0.63,,6.54,,23.92,3429.02,2.54,32.59,31.07,
2000-11-03,,,,,,,,,,,,,,,,,,,,,,,,5.83,5.94,5.86,-0.11,-0.55,,6.48,,23.67,3451.58,2.52,32.62,34.28,
2000-11-04,,,,,,,,,,,,,,,,,,,,,,,,,,,,,,6.48,,,,,,114.49,
2000-11-05,,,,,,,,,,,,,,,,,,,,,,,,,,,,,,6.48,,,,,,49.82,
2000-11-06,,,,,,,,,,,,,,,,,,,,,,,,5.87,5.99,5.89,-0.12,-0.55,,6.49,,24.52,3416.21,2.5,33.02,112.47,
2000-11-07,,,,,,,,,,,,,,,,,,,,,,,,5.87,5.99,5.9,-0.12,-0.55,,6.48,,24.91,3415.79,2.5,33.44,73.18,
2000-11-08,,,,,,,,,,,,,,,,,,,,,,,,5.87,5.99,5.89,-0.12,-0.54,,6.51,,25.66,3231.7,2.48,32.92,368.55,
2000-11-09,,,,,,,,,,,,,,,,,,,,,,,,5.82,5.94,5.85,-0.12,-0.58,,6.52,,27.2,3200.35,2.5,33.87,385.93,
2000-11-10,,,,,,,,,,,,,,,,,,,,,,,,5.82,5.92,5.88,-0.1,-0.55,,6.48,,28.53,3028.99,2.5,34.05,277.57,
2000-11-11,,,,,,,,,,,,,,,,,,,,,,,,,,,,,,6.48,,,,,,338.3,
2000-11-12,,,,,,,,,,,,,,,,,,,,,,,,,,,,,,6.48,,,,,,168.75,
2000-11-13,,,,,,,,,,,,,,,,,,,,,,,,5.77,5.9,5.85,-0.13,-0.62,,6.55,,29.06,2966.72,2.52,34.3,603.04,
2000-11-14,,,,,,,,,,,,,,,,,,,,,,,,5.76,5.92,5.81,-0.16,-0.61,,6.52,,26.81,3138.27,2.52,34.72,432.51,
2000-11-15,,,,,,,,,,,,,,,,,,,,,,,,5.72,5.9,5.77,-0.18,-0.66,,6.61,,26.15,3165.49,2.52,35.54,546.47,
2000-11-16,,,,,,,,,,,,,,,,,,,,,,,,5.68,5.87,5.75,-0.19,-0.67,,6.55,,25.05,3031.88,2.54,34.84,241.03,
2000-11-17,,,,,,,,,,,,,,,,,,,,,,,,5.71,5.88,5.78,-0.17,-0.64,,6.48,,24.81,3027.19,2.58,35.62,256.73,
2000-11-18,,,,,,,,,,,,,,,,,,,,,,,,,,,,,,6.48,,,,,,415.02,
2000-11-19,,,,,,,,,,,,,,,,,,,,,,,,,,,,,,6.48,,,,,,93.35,
2000-11-20,,,,,,,,,,,,,,,,,,,,,,,,5.68,5.87,5.76,-0.19,-0.68,,6.52,,27.43,2875.64,2.61,35.98,223.19,
2000-11-21,,,,,,,,,,,,,,,,,,,,,,,,5.67,5.86,5.74,-0.19,-0.69,,6.5,,26.62,2871.45,2.64,35.54,85.96,
2000-11-22,,,,,,,,,,,,,,,,,,,,,,,,5.62,5.85,5.68,-0.23,-0.74,,6.58,,27.71,2755.34,2.61,36.06,208.58,
2000-11-23,,,,,,,,,,,,,,,,,,,,,,,,,,,,,,6.58,,,,,,158.04,
2000-11-24,,,,,,,,,,,,,,,,,,,,,,,,5.63,5.86,5.67,-0.23,-0.73,,6.49,,26.0,2904.38,2.63,36.06,516.34,
2000-11-25,,,,,,,,,,,,,,,,,,,,,,,,,,,,,,6.49,,,,,,239.82,
2000-11-26,,,,,,,,,,,,,,,,,,,,,,,,,,,,,,6.49,,,,,,63.95,
2000-11-27,,,,,,,,,,,,,,,,,,,,,,,,5.64,5.86,5.71,-0.22,-0.69,,6.5,,26.93,2880.49,2.65,36.24,156.03,
2000-11-28,,,,,,,,,,,,,,,,,,,,,,,,5.59,5.79,5.67,-0.2,-0.69,,6.46,,27.64,2734.98,2.6,34.02,343.77,
2000-11-29,,,,,,,,,,,,,,,,,,,,,,,,5.55,5.69,5.66,-0.14,-0.69,,6.5,,27.49,2706.93,2.63,34.58,262.44,
2000-11-30,,,,,,,,,,,,,,,,,,,,,,,,5.48,5.61,5.6,-0.13,-0.73,,6.62,,29.65,2597.93,2.64,33.61,329.77,
2000-12-01,4927.7,1088.6,,174.6,183.3,168.0,6.4,1.624,132716.0,3.9,67.0,10164.3,6952.2,4.1,102.12256175254085,124.63,210.67382244964304,0.086,130.1,1532.0,1543.0,8.52,,5.52,5.62,5.64,-0.1,-0.71,,6.6,,27.48,2645.29,2.66,32.06,95.38,
2000-12-02,,,,,,,,,,,,,,,,,,,,,,,,,,,,,,6.6,,,,,,212.82,
2000-12-03,,,,,,,,,,,,,,,,,,,,,,,,,,,,,,6.6,,,,,,281.05,
2000-12-04,,,,,,,,,,,,,,,,,,,,,,,,5.53,5.59,5.66,-0.06,-0.62,,6.57,,27.78,2615.75,2.66,31.28,422.05,
2000-12-05,,,,,,,,,,,,,,,,,,,,,,,,5.43,5.49,5.59,-0.06,-0.65,,6.51,,24.99,2889.8,2.69,29.25,349.22,
2000-12-06,,,,,,,,,,,,,,,,,,,,,,,,5.32,5.42,5.52,-0.1,-0.77,,6.48,,25.07,2796.5,2.73,30.24,141.09,
2000-12-07,,,,,,,,,,,,,,,,,,,,,,,,5.32,5.45,5.51,-0.13,-0.79,,6.49,,25.34,2752.66,2.72,29.36,109.33,
2000-12-08,,,,,,,,,,,,,,,,,,,,,,,,5.35,5.5,5.55,-0.15,-0.74,,6.47,,22.41,2917.43,2.74,28.31,132.59,
2000-12-09,,,,,,,,,,,,,,,,,,,,,,,,,,,,,,6.47,,,,,,220.41,
2000-12-10,,,,,,,,,,,,,,,,,,,,,,,,,,,,,,6.47,,,,,,126.52,
2000-12-11,,,,,,,,,,,,,,,,,,,,,,,,5.37,5.52,5.54,-0.15,-0.71,,6.49,,23.51,3015.1,2.71,29.75,122.47,
2000-12-12,,,,,,,,,,,,,,,,,,,,,,,,5.36,5.54,5.53,-0.18,-0.7,,6.43,,24.88,2931.77,2.72,29.81,59.27,
2000-12-13,,,,,,,,,,,,,,,,,,,,,,,,5.29,5.45,5.48,-0.16,-0.77,,6.47,,23.63,2822.77,2.74,28.75,280.65,
2000-12-14,,,,,,,,,,,,,,,,,,,,,,,,5.23,5.43,5.45,-0.2,-0.83,,6.53,,24.86,2728.51,2.77,28.06,99.4,
2000-12-15,,,,,,,,,,,,,,,,,,,,,,,,5.2,5.38,5.44,-0.18,-0.82,,6.58,,26.55,2653.27,2.77,28.86,149.65,
2000-12-16,,,,,,,,,,,,,,,,,,,,,,,,,,,,,,6.58,,,,,,192.61,
2000-12-17,,,,,,,,,,,,,,,,,,,,,,,,,,,,,,6.58,,,,,,91.92,
2000-12-18,,,,,,,,,,,,,,,,,,,,,,,,5.17,5.33,5.44,-0.16,-0.78,,6.5,,27.7,2624.52,2.81,29.52,142.6,
2000-12-19,,,,,,,,,,,,,,,,,,,,,,,,5.19,5.35,5.47,-0.16,-0.74,,6.47,,27.17,2511.71,2.81,29.34,61.51,
2000-12-20,,,,,,,,,,,,,,,,,,,,,,,,5.08,5.24,5.42,-0.16,-0.74,,6.47,,31.74,2332.78,2.87,25.83,83.72,
2000-12-21,,,,,,,,,,,,,,,,,,,,,,,,5.03,5.14,5.41,-0.11,-0.35,,6.48,,29.66,2340.12,2.89,26.06,23.56,
2000-12-22,,,,,,,,,,,,,,,,,,,,,,,,5.02,5.1,5.4,-0.08,-0.25,,6.44,,27.55,2517.02,2.9,26.16,80.1,
2000-12-23,,,,,,,,,,,,,,,,,,,,,,,,,,,,,,6.44,,,,,,244.66,
2000-12-24,,,,,,,,,,,,,,,,,,,,,,,,,,,,,,6.44,,,,,,101.4,
2000-12-25,,,,,,,,,,,,,,,,,,,,,,,,,,,,,,6.44,,,,,,186.58,
2000-12-26,,,,,,,,,,,,,,,,,,,,,,,,5.04,5.1,5.41,-0.06,-0.81,,6.58,,28.73,2493.52,2.89,27.0,193.17,
2000-12-27,,,,,,,,,,,,,,,,,,,,,,,,5.11,5.1,5.45,0.01,-0.64,,6.53,,28.14,2539.35,2.86,26.55,29.14,
2000-12-28,,,,,,,,,,,,,,,,,,,,,,,,5.13,5.18,5.44,-0.05,-0.74,,6.53,,26.57,2557.76,2.83,25.82,65.14,
2000-12-29,,,,,,,,,,,,,,,,,,,,,,,,5.12,5.11,5.46,0.01,-0.77,,5.41,,26.85,2470.52,2.88,26.72,210.94,
2000-12-30,,,,,,,,,,,,,,,,,,,,,,,,,,,,,,5.41,,,,,,387.17,
2000-12-31,,,,,,,,,,,,,,,,,,,,,,,,,,,,,,5.41,,,,,,219.27,
2001-01-01,4978.4,1096.7,,175.6,183.9,169.1,5.98,1.508,132703.0,4.2,67.2,10211.7,6987.4,4.5,99.86616893565846,123.21,166.23864511840875,0.088,135.0,1600.0,1699.0,15.82,,,,,,,,5.41,,,,,,162.28,
2001-01-02,,,,,,,,,,,,,,,,,,,,,,,,4.92,4.87,5.35,0.05,-0.95,,6.67,,29.99,2291.86,2.99,27.29,121.6,
2001-01-03,,,,,,,,,,,,,,,,,,,,,,,,5.14,4.92,5.49,0.22,-0.55,,6.35,,26.6,2616.69,2.83,27.93,175.91,
2001-01-04,,,,,,,,,,,,,,,,,,,,,,,,5.03,4.77,5.44,0.26,-0.34,,5.92,,26.97,2566.83,2.91,27.95,122.91,
2001-01-05,,,,,,,,,,,,,,,,,,,,,,,,4.93,4.56,5.41,0.37,-0.19,,5.83,,28.67,2407.65,2.99,28.02,66.24,
2001-01-06,,,,,,,,,,,,,,,,,,,,,,,,,,,,,,5.83,,,,,,216.03,
2001-01-07,,,,,,,,,,,,,,,,,,,,,,,,,,,,,,5.83,,,,,,121.61,
2001-01-08,,,,,,,,,,,,,,,,,,,,,,,,4.94,4.54,5.42,0.4,-0.25,,5.98,,29.84,2395.92,2.94,27.44,130.45,
2001-01-09,,,,,,,,,,,,,,,,,,,,,,,,4.98,4.64,5.43,0.34,-0.26,,5.95,,27.99,2441.3,2.92,27.72,377.77,
2001-01-10,,,,,,,,,,,,,,,,,,,,,,,,5.1,4.76,5.49,0.34,-0.19,,6.06,,26.8,2524.18,2.83,29.42,49.75,
2001-01-11,,,,,,,,,,,,,,,,,,,,,,,,5.14,4.77,5.55,0.37,-0.17,,6.05,,25.79,2640.57,2.85,29.42,46.52,
2001-01-12,,,,,,,,,,,,,,,,,,,,,,,,5.25,4.9,5.63,0.35,-0.08,,5.98,,24.56,2626.5,2.8,30.07,102.11,
2001-01-13,,,,,,,,,,,,,,,,,,,,,,,,,,,,,,5.98,,,,,,81.48,
2001-01-14,,,,,,,,,,,,,,,,,,,,,,,,,,,,,,5.98,,,,,,106.93,
2001-01-15,,,,,,,,,,,,,,,,,,,,,,,,,,,,,,5.98,,,,,,53.91,
2001-01-16,,,,,,,,,,,,,,,,,,,,,,,,5.24,4.89,5.6,0.35,-0.14,,6.2,,25.28,2618.55,2.73,30.19,165.69,
2001-01-17,,,,,,,,,,,,,,,,,,,,,,,,5.19,4.84,5.52,0.35,-0.17,,5.94,,24.93,2682.78,2.72,29.77,47.82,
2001-01-18,,,,,,,,,,,,,,,,,,,,,,,,5.12,4.72,5.47,0.4,-0.16,,5.93,,23.37,2768.49,2.72,30.42,225.13,
2001-01-19,,,,,,,,,,,,,,,,,,,,,,,,5.19,4.75,5.56,0.44,-0.05,,5.92,,23.24,2770.38,2.7,32.12,50.43,
2001-01-20,,,,,,,,,,,,,,,,,,,,,,,,,,,,,,5.92,,,,,,291.93,
2001-01-21,,,,,,,,,,,,,,,,,,,,,,,,,,,,,,5.92,,,,,,92.23,
2001-01-22,,,,,,,,,,,,,,,,,,,,,,,,5.25,4.75,5.61,0.5,0.02,,6.0,,23.25,2757.91,2.71,32.21,36.59,
2001-01-23,,,,,,,,,,,,,,,,,,,,,,,,5.3,4.82,5.65,0.48,0.06,,5.97,,21.57,2840.39,2.67,31.66,76.05,
2001-01-24,,,,,,,,,,,,,,,,,,,,,,,,5.33,4.81,5.67,0.52,0.05,,6.05,,22.03,2859.15,2.61,31.46,71.73,
2001-01-25,,,,,,,,,,,,,,,,,,,,,,,,5.29,4.78,5.61,0.51,0.01,,6.1,,22.64,2754.28,2.63,31.61,101.21,
2001-01-26,,,,,,,,,,,,,,,,,,,,,,,,5.29,4.78,5.64,0.51,0.12,,5.96,,22.57,2781.3,2.65,29.79,87.02,
2001-01-27,,,,,,,,,,,,,,,,,,,,,,,,,,,,,,5.96,,,,,,224.15,
2001-01-28,,,,,,,,,,,,,,,,,,,,,,,,,,,,,,5.96,,,,,,25.39,
2001-01-29,,,,,,,,,,,,,,,,,,,,,,,,5.32,4.77,5.69,0.55,0.21,,5.98,,22.61,2838.34,2.65,29.07,197.73,
2001-01-30,,,,,,,,,,,,,,,,,,,,,,,,5.24,4.7,5.59,0.54,0.22,,5.9,,22.57,2838.35,2.65,29.12,122.49,
2001-01-31,,,,,,,,,,,,,,,,,,,,,,,,5.19,4.62,5.54,0.57,0.2,,5.74,,22.02,2772.73,2.62,28.62,72.94,
2001-02-01,5017.1,1101.2,,176.0,184.4,169.4,5.49,1.415,132788.0,4.2,67.1,10223.4,7001.8,4.6,100.08328261347084,122.26,171.6383251313895,0.088,134.1,1625.0,1656.0,21.16,,5.1,4.55,5.46,0.55,0.1,,5.57,,21.66,2782.79,2.63,29.88,117.09,
2001-02-02,,,,,,,,,,,,,,,,,,,,,,,,5.17,4.65,5.51,0.52,0.11,,5.5,,21.95,2660.5,2.63,31.27,87.04,
2001-02-03,,,,,,,,,,,,,,,,,,,,,,,,,,,,,,5.5,,,,,,208.32,
2001-02-04,,,,,,,,,,,,,,,,,,,,,,,,,,,,,,5.5,,,,,,88.87,
2001-02-05,,,,,,,,,,,,,,,,,,,,,,,,5.18,4.68,5.48,0.5,0.12,,5.52,,22.19,2643.21,2.59,30.55,89.51,
2001-02-06,,,,,,,,,,,,,,,,,,,,,,,,5.22,4.72,5.51,0.5,0.15,,5.48,,21.98,2664.49,2.58,30.27,75.63,
2001-02-07,,,,,,,,,,,,,,,,,,,,,,,,5.1,4.7,5.52,0.4,0.03,,5.5,,21.67,2607.82,2.77,31.27,35.46,
2001-02-08,,,,,,,,,,,,,,,,,,,,,,,,5.1,4.73,5.44,0.37,0.02,,5.5,,21.46,2562.06,2.78,31.57,54.03,
2001-02-09,,,,,,,,,,,,,,,,,,,,,,,,5.03,4.67,5.38,0.36,-0.03,,5.44,,22.03,2470.97,2.79,30.93,12.16,
2001-02-10,,,,,,,,,,,,,,,,,,,,,,,,,,,,,,5.44,,,,,,154.89,
2001-02-11,,,,,,,,,,,,,,,,,,,,,,,,,,,,,,5.44,,,,,,37.89,
2001-02-12,,,,,,,,,,,,,,,,,,,,,,,,5.05,4.67,5.42,0.38,0.01,,5.48,,21.92,2489.66,2.82,30.52,87.78,
2001-02-13,,,,,,,,,,,,,,,,,,,,,,,,5.07,4.75,5.43,0.32,0.02,,5.46,,21.37,2427.72,2.82,30.12,14.88,
2001-02-14,,,,,,,,,,,,,,,,,,,,,,,,5.13,4.84,5.44,0.29,0.06,,5.5,,21.52,2491.4,2.77,29.55,70.01,
2001-02-15,,,,,,,,,,,,,,,,,,,,,,,,5.19,4.89,5.5,0.3,0.11,,5.57,,20.27,2552.91,2.77,28.96,32.73,
2001-02-16,,,,,,,,,,,,,,,,,,,,,,,,5.11,4.75,5.46,0.36,0.09,,5.46,,22.12,2425.38,2.81,29.22,48.04,
2001-02-17,,,,,,,,,,,,,,,,,,,,,,,,,,,,,,5.46,,,,,,59.33,
2001-02-18,,,,,,,,,,,,,,,,,,,,,,,,,,,,,,5.46,,,,,,98.55,
2001-02-19,,,,,,,,,,,,,,,,,,,,,,,,,,,,,,5.46,,,,,,34.56,
2001-02-20,,,,,,,,,,,,,,,,,,,,,,,,5.11,4.73,5.46,0.38,0.07,,5.57,,24.69,2318.35,2.81,28.6,61.34,
2001-02-21,,,,,,,,,,,,,,,,,,,,,,,,5.14,4.68,5.49,0.46,0.12,,5.5,,25.75,2268.94,2.82,28.64,94.99,
2001-02-22,,,,,,,,,,,,,,,,,,,,,,,,5.15,4.63,5.52,0.52,0.14,,5.52,,26.76,2244.96,2.84,28.52,217.58,
2001-02-23,,,,,,,,,,,,,,,,,,,,,,,,5.1,4.53,5.49,0.57,0.21,,5.46,,27.21,2262.51,2.86,28.83,35.62,
2001-02-24,,,,,,,,,,,,,,,,,,,,,,,,,,,,,,5.46,,,,,,228.6,
2001-02-25,,,,,,,,,,,,,,,,,,,,,,,,,,,,,,5.46,,,,,,45.43,
2001-02-26,,,,,,,,,,,,,,,,,,,,,,,,5.05,4.46,5.45,0.59,0.24,,5.55,,25.43,2308.5,2.89,28.27,85.06,
2001-02-27,,,,,,,,,,,,,,,,,,,,,,,,4.96,4.44,5.34,0.52,0.14,,5.49,,26.49,2207.82,2.86,28.26,109.33,
2001-02-28,,,,,,,,,,,,,,,,,,,,,,,,4.92,4.41,5.34,0.51,0.07,,5.59,,28.35,2151.83,2.88,27.35,56.92,
2001-03-01,5074.9,1108.9,,176.1,184.7,169.2,5.31,1.169,132751.0,4.3,67.2,10254.4,6996.7,4.9,113.13693096783766,124.46,133.97302274521945,0.089,131.7,1590.0,1659.0,26.56,,4.87,4.41,5.29,0.46,0.03,,5.59,,28.08,2183.37,2.88,27.78,68.6,
2001-03-02,,,,,,,,,,,,,,,,,,,,,,,,4.95,4.48,5.38,0.47,0.11,,5.52,,27.43,2117.63,2.87,27.89,11.83,
2001-03-03,,,,,,,,,,,,,,,,,,,,,,,,,,,,,,5.52,,,,,,181.77,
2001-03-04,,,,,,,,,,,,,,,,,,,,,,,,,,,,,,5.52,,,,,,11.92,
2001-03-05,,,,,,,,,,,,,,,,,,,,,,,,4.98,4.49,5.36,0.49,0.16,,5.52,,27.12,2142.92,2.83,28.61,67.98,
2001-03-06,,,,,,,,,,,,,,,,,,,,,,,,4.99,4.49,5.38,0.5,0.2,,5.39,,25.89,2204.43,2.85,28.4,105.83,
2001-03-07,,,,,,,,,,,,,,,,,,,,,,,,4.92,4.43,5.32,0.49,0.23,,5.34,,24.12,2223.92,2.85,28.95,186.7,
2001-03-08,,,,,,,,,,,,,,,,,,,,,,,,4.89,4.43,5.3,0.46,0.21,,5.46,,24.29,2168.73,2.87,28.31,84.12,
2001-03-09,,,,,,,,,,,,,,,,,,,,,,,,4.95,4.47,5.32,0.48,0.23,,5.42,,25.62,2052.78,2.82,27.97,93.98,
2001-03-10,,,,,,,,,,,,,,,,,,,,,,,,,,,,,,5.42,,,,,,90.65,
2001-03-11,,,,,,,,,,,,,,,,,,,,,,,,,,,,,,5.42,,,,,,113.43,
2001-03-12,,,,,,,,,,,,,,,,,,,,,,,,4.92,4.46,5.31,0.46,0.26,,5.5,,30.32,1923.38,2.86,27.91,384.41,
2001-03-13,,,,,,,,,,,,,,,,,,,,,,,,4.95,4.46,5.34,0.49,0.29,,5.5,,27.55,2014.78,2.85,27.45,623.29,
2001-03-14,,,,,,,,,,,,,,,,,,,,,,,,4.84,4.32,5.28,0.52,0.3,,5.48,,29.61,1972.09,2.98,26.49,549.65,
2001-03-15,,,,,,,,,,,,,,,,,,,,,,,,4.81,4.22,5.29,0.59,0.29,,5.52,,28.56,1940.71,3.03,26.56,10.46,
2001-03-16,,,,,,,,,,,,,,,,,,,,,,,,4.78,4.26,5.28,0.52,0.24,,5.4,,29.91,1890.91,3.03,26.68,164.75,
2001-03-17,,,,,,,,,,,,,,,,,,,,,,,,,,,,,,5.4,,,,,,374.16,
2001-03-18,,,,,,,,,,,,,,,,,,,,,,,,,,,,,,5.4,,,,,,112.74,
2001-03-19,,,,,,,,,,,,,,,,,,,,,,,,4.82,4.32,5.3,0.5,0.29,,5.38,,29.78,1951.18,3.02,26.17,139.84,
2001-03-20,,,,,,,,,,,,,,,,,,,,,,,,4.78,4.24,5.27,0.54,0.29,,5.14,,30.96,1857.44,3.06,25.99,305.8,
2001-03-21,,,,,,,,,,,,,,,,,,,,,,,,4.77,4.21,5.28,0.56,0.46,,5.05,,31.93,1830.23,3.06,26.43,59.73,
2001-03-22,,,,,,,,,,,,,,,,,,,,,,,,4.73,4.17,5.25,0.56,0.47,,5.04,,32.84,1897.7,3.07,26.19,138.69,
2001-03-23,,,,,,,,,,,,,,,,,,,,,,,,4.8,4.24,5.3,0.56,0.51,,4.94,,30.45,1928.68,3.04,27.31,121.55,
2001-03-24,,,,,,,,,,,,,,,,,,,,,,,,,,,,,,4.94,,,,,,187.52,
2001-03-25,,,,,,,,,,,,,,,,,,,,,,,,,,,,,,4.94,,,,,,99.97,
2001-03-26,,,,,,,,,,,,,,,,,,,,,,,,4.85,4.27,5.36,0.58,0.56,,5.03,,29.04,1918.49,3.05,27.4,105.09,
2001-03-27,,,,,,,,,,,,,,,,,,,,,,,,5.0,4.41,5.45,0.59,0.65,,5.04,,27.04,1972.26,2.98,27.62,87.68,
2001-03-28,,,,,,,,,,,,,,,,,,,,,,,,4.97,4.3,5.47,0.67,0.63,,5.05,,28.58,1854.13,3.03,26.43,82.58,
2001-03-29,,,,,,,,,,,,,,,,,,,,,,,,4.98,4.27,5.48,0.71,0.66,,5.19,,29.17,1820.57,3.02,26.47,72.73,
2001-03-30,,,,,,,,,,,,,,,,,,,,,,,,4.93,4.18,5.46,0.75,0.63,,5.29,,28.64,1840.26,3.04,26.37,59.46,
2001-03-31,,,,,,,,,,,,,,,,,,,,,,,,,,,,,,5.29,,,,,,168.45,
2001-04-01,5139.2,1116.7,,176.4,185.1,169.6,4.8,1.315,132457.0,4.4,66.9,10233.1,7004.2,4.8,109.48471155739634,105.17,155.78921578109924,0.089,132.3,1649.0,1666.0,31.32,,,,,,,,5.29,,,,,,157.86,
2001-04-02,,,,,,,,,,,,,,,,,,,,,,,,4.98,4.22,5.49,0.76,0.76,,5.3,,31.21,1782.97,3.0,25.7,534.26,
2001-04-03,,,,,,,,,,,,,,,,,,,,,,,,4.94,4.15,5.48,0.79,0.79,,5.1,,34.72,1673.0,3.03,26.65,420.21,
2001-04-04,,,,,,,,,,,,,,,,,,,,,,,,4.94,4.12,5.5,0.82,0.84,,5.01,,34.07,1638.8,3.04,27.16,101.4,
2001-04-05,,,,,,,,,,,,,,,,,,,,,,,,4.98,4.19,5.53,0.79,0.87,,5.04,,29.94,1785.0,3.03,27.24,113.86,
2001-04-06,,,,,,,,,,,,,,,,,,,,,,,,4.89,4.07,5.46,0.82,0.95,,4.94,,31.69,1720.36,3.06,27.07,45.84,
2001-04-07,,,,,,,,,,,,,,,,,,,,,,,,,,,,,,4.94,,,,,,203.3,
2001-04-08,,,,,,,,,,,,,,,,,,,,,,,,,,,,,,4.94,,,,,,132.81,
2001-04-09,,,,,,,,,,,,,,,,,,,,,,,,4.93,4.1,5.5,0.83,1.0,,4.98,,31.91,1745.71,3.04,27.45,471.9,
2001-04-10,,,,,,,,,,,,,,,,,,,,,,,,5.09,4.24,5.63,0.85,1.15,,4.96,,29.44,1852.03,2.99,28.47,99.99,
2001-04-11,,,,,,,,,,,,,,,,,,,,,,,,5.12,4.29,5.6,0.83,1.04,,4.95,,28.46,1898.95,2.96,28.42,45.34,
2001-04-12,,,,,,,,,,,,,,,,,,,,,,,,5.17,4.36,5.61,0.81,1.16,,5.02,,26.12,1961.43,2.92,28.75,104.19,
2001-04-13,,,,,,,,,,,,,,,,,,,,,,,,,,,,,,5.01,,,,,,24.04,
2001-04-14,,,,,,,,,,,,,,,,,,,,,,,,,,,,,,5.01,,,,,,164.22,
2001-04-15,,,,,,,,,,,,,,,,,,,,,,,,,,,,,,5.01,,,,,,63.74,
2001-04-16,,,,,,,,,,,,,,,,,,,,,,,,5.28,4.49,5.7,0.79,1.13,,5.17,,26.33,1909.57,2.9,28.81,159.71,
2001-04-17,,,,,,,,,,,,,,,,,,,,,,,,5.21,4.41,5.65,0.8,1.09,,4.99,,25.61,1923.22,2.93,27.89,219.62,
2001-04-18,,,,,,,,,,,,,,,,,,,,,,,,5.14,4.26,5.65,0.88,1.23,,4.67,,24.13,2079.44,2.95,27.83,675.9,
2001-04-19,,,,,,,,,,,,,,,,,,,,,,,,5.27,4.29,5.77,0.98,1.4,,4.47,,24.16,2182.14,2.91,27.92,303.84,
2001-04-20,,,,,,,,,,,,,,,,,,,,,,,,5.29,4.26,5.79,1.03,1.52,,4.38,,25.38,2163.41,2.87,27.0,86.04,
2001-04-21,,,,,,,,,,,,,,,,,,,,,,,,,,,,,,4.38,,,,,,145.29,
2001-04-22,,,,,,,,,,,,,,,,,,,,,,,,,,,,,,4.38,,,,,,157.38,
2001-04-23,,,,,,,,,,,,,,,,,,,,,,,,5.2,4.15,5.73,1.05,1.45,,4.4,,28.16,2059.32,2.9,26.97,99.99,
2001-04-24,,,,,,,,,,,,,,,,,,,,,,,,5.22,4.16,5.75,1.06,1.42,,4.41,,28.49,2016.61,2.85,25.24,155.99,
2001-04-25,,,,,,,,,,,,,,,,,,,,,,,,5.28,4.2,5.78,1.08,1.44,,4.54,,27.4,2059.8,2.85,25.93,56.49,
2001-04-26,,,,,,,,,,,,,,,,,,,,,,,,5.2,4.14,5.71,1.06,1.37,,4.57,,25.96,2034.88,2.83,28.47,195.07,
2001-04-27,,,,,,,,,,,,,,,,,,,,,,,,5.34,4.28,5.81,1.06,1.49,,4.51,,24.02,2075.68,2.76,28.35,126.18,
2001-04-28,,,,,,,,,,,,,,,,,,,,,,,,,,,,,,4.51,,,,,,243.7,
2001-04-29,,,,,,,,,,,,,,,,,,,,,,,,,,,,,,4.51,,,,,,35.48,
2001-04-30,,,,,,,,,,,,,,,,,,,,,,,,5.35,4.3,5.78,1.05,1.4,,4.67,,25.48,2116.24,2.73,28.48,342.64,
2001-05-01,5137.3,1118.5,,177.3,185.3,170.5,4.21,1.25,132409.0,4.3,66.7,10214.7,7052.8,4.3,84.89173454727404,96.31,114.26965663310808,0.09,138.4,1605.0,1665.0,30.8,,5.3,4.23,5.75,1.07,1.38,,4.61,,24.2,2168.24,2.75,28.37,39.01,
2001-05-02,,,,,,,,,,,,,,,,,,,,,,,,5.31,4.27,5.71,1.04,1.42,,4.35,,24.23,2220.6,2.7,27.89,79.6,
2001-05-03,,,,,,,,,,,,,,,,,,,,,,,,5.22,4.22,5.64,1.0,1.38,,4.48,,25.78,2146.2,2.7,28.66,81.0,
2001-05-04,,,,,,,,,,,,,,,,,,,,,,,,5.21,4.14,5.65,1.07,1.47,,4.41,,23.91,2191.53,2.73,28.41,34.72,
2001-05-05,,,,,,,,,,,,,,,,,,,,,,,,,,,,,,4.41,,,,,,138.3,
2001-05-06,,,,,,,,,,,,,,,,,,,,,,,,,,,,,,4.41,,,,,,24.41,
2001-05-07,,,,,,,,,,,,,,,,,,,,,,,,5.21,4.12,5.68,1.09,1.47,,4.47,,24.86,2173.57,2.75,27.79,367.77,
2001-05-08,,,,,,,,,,,,,,,,,,,,,,,,5.24,4.1,5.72,1.14,1.54,,4.41,,24.44,2198.77,2.76,27.35,70.55,
2001-05-09,,,,,,,,,,,,,,,,,,,,,,,,5.2,4.07,5.67,1.13,1.48,,4.43,,24.35,2156.63,2.76,28.39,78.43,
2001-05-10,,,,,,,,,,,,,,,,,,,,,,,,5.31,4.17,5.75,1.14,1.57,,4.51,,24.0,2128.86,2.74,28.5,290.89,
2001-05-11,,,,,,,,,,,,,,,,,,,,,,,,5.51,4.36,5.88,1.15,1.73,,4.47,,23.54,2107.43,2.67,28.59,11.73,
2001-05-12,,,,,,,,,,,,,,,,,,,,,,,,,,,,,,4.47,,,,,,183.39,
2001-05-13,,,,,,,,,,,,,,,,,,,,,,,,,,,,,,4.47,,,,,,121.9,
2001-05-14,,,,,,,,,,,,,,,,,,,,,,,,5.46,4.29,5.85,1.17,1.75,,4.43,,24.26,2081.92,2.68,28.83,87.11,
2001-05-15,,,,,,,,,,,,,,,,,,,,,,,,5.5,4.28,5.89,1.22,1.87,,4.22,,23.71,2085.58,2.69,28.9,311.67,
2001-05-16,,,,,,,,,,,,,,,,,,,,,,,,5.48,4.25,5.86,1.23,1.91,,4.04,,21.89,2166.44,2.66,28.77,35.5,
2001-05-17,,,,,,,,,,,,,,,,,,,,,,,,5.46,4.33,5.8,1.13,1.89,,4.04,,21.47,2193.68,2.61,29.02,58.79,
2001-05-18,,,,,,,,,,,,,,,,,,,,,,,,5.41,4.37,5.76,1.04,1.8,,3.95,,21.23,2198.88,2.62,29.9,11.85,
2001-05-19,,,,,,,,,,,,,,,,,,,,,,,,,,,,,,3.95,,,,,,198.96,
2001-05-20,,,,,,,,,,,,,,,,,,,,,,,,,,,,,,3.95,,,,,,47.26,
2001-05-21,,,,,,,,,,,,,,,,,,,,,,,,5.41,4.37,5.75,1.04,1.76,,4.02,,20.76,2305.59,2.61,29.96,51.69,
2001-05-22,,,,,,,,,,,,,,,,,,,,,,,,5.42,4.34,5.78,1.08,1.78,,3.99,,21.35,2313.85,2.63,29.75,115.93,
2001-05-23,,,,,,,,,,,,,,,,,,,,,,,,5.41,4.29,5.79,1.12,1.77,,3.97,,22.08,2243.48,2.69,28.85,381.39,
2001-05-24,,,,,,,,,,,,,,,,,,,,,,,,5.52,4.32,5.87,1.2,1.82,,3.98,,20.57,2282.02,2.65,27.97,61.82,
2001-05-25,,,,,,,,,,,,,,,,,,,,,,,,5.52,4.31,5.86,1.21,1.86,,3.94,,20.6,2251.03,2.65,28.08,143.11,
2001-05-26,,,,,,,,,,,,,,,,,,,,,,,,,,,,,,3.94,,,,,,279.07,
2001-05-27,,,,,,,,,,,,,,,,,,,,,,,,,,,,,,3.94,,,,,,100.58,
2001-05-28,,,,,,,,,,,,,,,,,,,,,,,,,,,,,,3.94,,,,,,187.86,
2001-05-29,,,,,,,,,,,,,,,,,,,,,,,,5.54,4.33,5.86,1.21,1.83,,4.09,,22.14,2175.54,2.64,28.76,54.15,
2001-05-30,,,,,,,,,,,,,,,,,,,,,,,,5.54,4.34,5.86,1.2,1.86,,4.05,,22.76,2084.5,2.63,28.71,48.88,
2001-05-31,,,,,,,,,,,,,,,,,,,,,,,,5.43,4.22,5.78,1.21,1.8,,4.24,,22.64,2110.49,2.65,28.39,21.25,
2001-06-01,5180.3,1126.2,,177.7,186.0,170.7,3.97,1.152,132299.0,4.5,66.7,10218.1,7069.7,4.2,73.84040237260973,70.57,61.84278680715784,0.097,136.9,1636.0,1626.0,31.04,,5.39,4.22,5.71,1.17,1.72,,4.14,,21.59,2149.44,2.63,27.88,68.35,
2001-06-02,,,,,,,,,,,,,,,,,,,,,,,,,,,,,,4.14,,,,,,143.85,
2001-06-03,,,,,,,,,,,,,,,,,,,,,,,,,,,,,,4.14,,,,,,12.46,
2001-06-04,,,,,,,,,,,,,,,,,,,,,,,,5.35,4.19,5.69,1.16,1.67,,4.03,,21.38,2155.93,2.65,28.14,52.04,
2001-06-05,,,,,,,,,,,,,,,,,,,,,,,,5.29,4.12,5.66,1.17,1.66,,3.93,,19.58,2233.66,2.66,27.84,73.25,
2001-06-06,,,,,,,,,,,,,,,,,,,,,,,,5.27,4.12,5.65,1.15,1.65,,3.91,,20.39,2217.73,2.69,27.56,24.07,
2001-06-07,,,,,,,,,,,,,,,,,,,,,,,,5.33,4.14,5.72,1.19,1.7,,3.92,,19.67,2264.0,2.68,27.91,114.45,
2001-06-08,,,,,,,,,,,,,,,,,,,,,,,,5.38,4.17,5.73,1.21,1.74,,4.02,,19.92,2215.1,2.65,28.43,37.64,
2001-06-09,,,,,,,,,,,,,,,,,,,,,,,,,,,,,,4.02,,,,,,112.19,
2001-06-10,,,,,,,,,,,,,,,,,,,,,,,,,,,,,,4.02,,,,,,49.98,
2001-06-11,,,,,,,,,,,,,,,,,,,,,,,,5.32,4.11,5.69,1.21,1.72,,4.03,,20.7,2170.78,2.66,28.94,52.69,
2001-06-12,,,,,,,,,,,,,,,,,,,,,,,,5.27,4.09,5.65,1.18,1.71,,3.98,,20.7,2169.95,2.68,29.13,56.26,
2001-06-13,,,,,,,,,,,,,,,,,,,,,,,,5.28,4.08,5.66,1.2,1.73,,4.04,,21.45,2121.66,2.67,28.81,48.19,
2001-06-14,,,,,,,,,,,,,,,,,,,,,,,,5.26,4.04,5.65,1.22,1.7,,4.03,,23.12,2044.07,2.67,29.12,41.47,
2001-06-15,,,,,,,,,,,,,,,,,,,,,,,,5.27,4.01,5.68,1.26,1.75,,3.94,,22.81,2028.43,2.71,28.52,49.03,
2001-06-16,,,,,,,,,,,,,,,,,,,,,,,,,,,,,,3.94,,,,,,113.52,
2001-06-17,,,,,,,,,,,,,,,,,,,,,,,,,,,,,,3.94,,,,,,37.78,
2001-06-18,,,,,,,,,,,,,,,,,,,,,,,,5.27,3.98,5.7,1.29,1.75,,3.91,,23.17,1988.63,2.73,27.55,17.88,
2001-06-19,,,,,,,,,,,,,,,,,,,,,,,,5.26,3.99,5.69,1.27,1.75,,3.91,,22.34,1992.66,2.73,27.49,60.01,
2001-06-20,,,,,,,,,,,,,,,,,,,,,,,,5.24,3.98,5.67,1.26,1.75,,3.98,,21.71,2031.24,2.74,26.52,24.45,
2001-06-21,,,,,,,,,,,,,,,,,,,,,,,,5.22,3.99,5.64,1.23,1.71,,4.02,,19.38,2058.76,2.74,26.85,10.51,
2001-06-22,,,,,,,,,,,,,,,,,,,,,,,,5.14,3.93,5.58,1.21,1.69,,3.98,,20.02,2034.84,2.75,27.02,50.51,
2001-06-23,,,,,,,,,,,,,,,,,,,,,,,,,,,,,,3.98,,,,,,32.62,
2001-06-24,,,,,,,,,,,,,,,,,,,,,,,,,,,,,,3.98,,,,,,25.53,
2001-06-25,,,,,,,,,,,,,,,,,,,,,,,,5.16,3.96,5.59,1.2,1.7,,3.97,,20.67,2050.87,2.75,27.11,88.4,
2001-06-26,,,,,,,,,,,,,,,,,,,,,,,,5.24,4.03,5.65,1.21,1.78,,3.75,,21.2,2064.62,2.72,26.97,60.67,
2001-06-27,,,,,,,,,,,,,,,,,,,,,,,,5.26,4.06,5.62,1.2,1.74,,3.68,,20.88,2074.74,2.68,25.67,193.07,
2001-06-28,,,,,,,,,,,,,,,,,,,,,,,,5.35,4.22,5.68,1.13,1.71,,3.86,,20.01,2125.46,2.66,25.75,21.48,
2001-06-29,,,,,,,,,,,,,,,,,,,,,,,,5.42,4.25,5.75,1.17,1.77,,3.95,,19.06,2160.54,2.65,26.37,51.13,
2001-06-30,,,,,,,,,,,,,,,,,,,,,,,,,,,,,,3.95,,,,,,195.33,
2001-07-01,5210.2,1138.9,,177.4,186.4,170.1,3.77,1.305,132171.0,4.6,66.8,10370.7,7082.3,5.4,99.93903993014756,91.9,89.45618767721984,0.099,129.6,1670.0,1598.0,30.18,,,,,,,,3.95,,,,,,37.45,
2001-07-02,,,,,,,,,,,,,,,,,,,,,,,,5.37,4.21,5.7,1.16,1.7,,4.11,,18.76,2148.72,2.67,26.02,55.89,
2001-07-03,,,,,,,,,,,,,,,,,,,,,,,,5.41,4.24,5.73,1.17,1.75,,3.69,,18.92,2140.8,2.67,26.28,30.31,
2001-07-04,,,,,,,,,,,,,,,,,,,,,,,,,,,,,,3.69,,,,,,16.13,
2001-07-05,,,,,,,,,,,,,,,,,,,,,,,,5.44,4.24,5.76,1.2,1.79,,3.72,,20.09,2080.11,2.67,27.07,39.4,
2001-07-06,,,,,,,,,,,,,,,,,,,,,,,,5.41,4.16,5.75,1.25,1.78,,3.6,,21.63,2004.16,2.69,28.1,106.14,
2001-07-07,,,,,,,,,,,,,,,,,,,,,,,,,,,,,,3.6,,,,,,267.23,
2001-07-08,,,,,,,,,,,,,,,,,,,,,,,,,,,,,,3.6,,,,,,40.42,
2001-07-09,,,,,,,,,,,,,,,,,,,,,,,,5.37,4.15,5.7,1.22,1.72,,3.67,,22.48,2026.71,2.69,27.63,381.05,
2001-07-10,,,,,,,,,,,,,,,,,,,,,,,,5.32,4.08,5.68,1.24,1.69,,3.71,,23.25,1962.79,2.71,27.22,45.4,
2001-07-11,,,,,,,,,,,,,,,,,,,,,,,,5.31,4.07,5.69,1.24,1.73,,3.78,,24.01,1972.04,2.74,27.07,38.09,
2001-07-12,,,,,,,,,,,,,,,,,,,,,,,,5.27,4.07,5.65,1.2,1.67,,3.78,,22.09,2075.74,2.74,26.85,22.03,
2001-07-13,,,,,,,,,,,,,,,,,,,,,,,,5.27,4.12,5.64,1.15,1.65,,3.75,,21.14,2084.79,2.71,26.57,51.07,
2001-07-14,,,,,,,,,,,,,,,,,,,,,,,,,,,,,,3.75,,,,,,133.25,
2001-07-15,,,,,,,,,,,,,,,,,,,,,,,,,,,,,,3.75,,,,,,66.25,
2001-07-16,,,,,,,,,,,,,,,,,,,,,,,,5.21,4.07,5.59,1.14,1.57,,3.82,,22.91,2029.12,2.74,26.02,71.55,
2001-07-17,,,,,,,,,,,,,,,,,,,,,,,,5.22,4.09,5.59,1.13,1.61,,3.71,,22.61,2067.32,2.73,25.33,178.27,
2001-07-18,,,,,,,,,,,,,,,,,,,,,,,,5.12,3.96,5.52,1.16,1.58,,3.73,,23.6,2016.17,2.78,24.65,378.13,
2001-07-19,,,,,,,,,,,,,,,,,,,,,,,,5.13,3.98,5.53,1.15,1.58,,3.77,,22.51,2046.59,2.78,24.65,74.76,
2001-07-20,,,,,,,,,,,,,,,,,,,,,,,,5.15,3.98,5.54,1.17,1.62,,3.8,,22.34,2029.37,2.77,25.67,124.29,
2001-07-21,,,,,,,,,,,,,,,,,,,,,,,,,,,,,,3.8,,,,,,83.57,
2001-07-22,,,,,,,,,,,,,,,,,,,,,,,,,,,,,,3.8,,,,,,52.12,
2001-07-23,,,,,,,,,,,,,,,,,,,,,,,,5.13,3.98,5.53,1.15,1.57,,3.82,,23.74,1988.56,2.77,25.88,470.25,
2001-07-24,,,,,,,,,,,,,,,,,,,,,,,,5.13,3.97,5.52,1.16,1.57,,3.82,,25.24,1959.24,2.74,26.18,469.32,
2001-07-25,,,,,,,,,,,,,,,,,,,,,,,,5.2,3.98,5.58,1.22,1.64,,3.89,,24.0,1984.32,2.74,26.71,12.25,
2001-07-26,,,,,,,,,,,,,,,,,,,,,,,,5.19,3.94,5.59,1.25,1.63,,3.87,,23.01,2022.96,2.76,26.74,10.32,
2001-07-27,,,,,,,,,,,,,,,,,,,,,,,,5.13,3.87,5.55,1.26,1.58,,3.75,,22.0,2029.07,2.77,26.98,49.13,
2001-07-28,,,,,,,,,,,,,,,,,,,,,,,,,,,,,,3.75,,,,,,130.91,
2001-07-29,,,,,,,,,,,,,,,,,,,,,,,,,,,,,,3.75,,,,,,102.14,
2001-07-30,,,,,,,,,,,,,,,,,,,,,,,,5.11,3.86,5.53,1.25,1.54,,3.79,,22.69,2017.84,2.76,26.6,17.54,
2001-07-31,,,,,,,,,,,,,,,,,,,,,,,,5.07,3.79,5.51,1.28,1.53,,3.82,,21.62,2027.13,2.78,26.7,105.4,
2001-08-01,5243.9,1150.2,,177.4,186.7,169.8,3.65,1.3430000000000002,132021.0,4.9,66.5,10543.1,7121.7,6.5,85.14933210402607,80.84,90.24769949011294,0.098,127.3,1567.0,1615.0,28.82,,5.11,3.83,5.53,1.28,1.58,,3.79,,20.56,2068.38,2.76,26.83,83.46,
2001-08-02,,,,,,,,,,,,,,,,,,,,,,,,5.17,3.89,5.57,1.28,1.64,,3.68,,20.09,2087.38,2.74,27.86,200.74,
2001-08-03,,,,,,,,,,,,,,,,,,,,,,,,5.2,3.91,5.59,1.29,1.68,,3.69,,19.89,2066.33,2.72,27.51,151.12,
2001-08-04,,,,,,,,,,,,,,,,,,,,,,,,,,,,,,3.69,,,,,,116.83,
2001-08-05,,,,,,,,,,,,,,,,,,,,,,,,,,,,,,3.69,,,,,,63.28,
2001-08-06,,,,,,,,,,,,,,,,,,,,,,,,5.19,3.88,5.59,1.31,1.67,,3.73,,21.89,2034.26,2.75,27.7,446.83,
2001-08-07,,,,,,,,,,,,,,,,,,,,,,,,5.2,3.9,5.6,1.3,1.68,,3.69,,21.01,2027.79,2.74,28.17,14.89,
2001-08-08,,,,,,,,,,,,,,,,,,,,,,,,4.99,3.77,5.52,1.22,1.5,,3.75,,22.32,1966.36,2.88,27.62,124.81,
2001-08-09,,,,,,,,,,,,,,,,,,,,,,,,5.04,3.77,5.54,1.27,1.59,,3.77,,21.75,1963.32,2.84,27.72,31.38,
2001-08-10,,,,,,,,,,,,,,,,,,,,,,,,4.99,3.73,5.52,1.26,1.56,,3.7,,20.55,1956.47,2.87,28.12,37.2,
2001-08-11,,,,,,,,,,,,,,,,,,,,,,,,,,,,,,3.7,,,,,,81.63,
2001-08-12,,,,,,,,,,,,,,,,,,,,,,,,,,,,,,3.7,,,,,,12.57,
2001-08-13,,,,,,,,,,,,,,,,,,,,,,,,4.97,3.7,5.52,1.27,1.52,,3.79,,20.42,1982.25,2.89,27.85,177.81,
2001-08-14,,,,,,,,,,,,,,,,,,,,,,,,4.97,3.74,5.51,1.23,1.54,,3.76,,20.48,1964.53,2.89,28.1,73.94,
2001-08-15,,,,,,,,,,,,,,,,,,,,,,,,5.0,3.8,5.52,1.2,1.57,,3.83,,20.91,1918.89,2.86,27.51,58.33,
2001-08-16,,,,,,,,,,,,,,,,,,,,,,,,4.95,3.75,5.48,1.2,1.56,,3.75,,21.54,1930.32,2.89,27.47,254.94,
2001-08-17,,,,,,,,,,,,,,,,,,,,,,,,4.84,3.67,5.43,1.17,1.48,,3.66,,23.84,1867.01,2.97,26.65,12.35,
2001-08-18,,,,,,,,,,,,,,,,,,,,,,,,,,,,,,3.66,,,,,,81.22,
2001-08-19,,,,,,,,,,,,,,,,,,,,,,,,,,,,,,3.66,,,,,,48.92,
2001-08-20,,,,,,,,,,,,,,,,,,,,,,,,4.91,3.74,5.46,1.17,1.49,,3.64,,22.87,1881.35,2.93,27.2,583.96,
2001-08-21,,,,,,,,,,,,,,,,,,,,,,,,4.87,3.69,5.44,1.18,1.48,,3.53,,24.4,1831.3,2.98,27.93,14.66,
2001-08-22,,,,,,,,,,,,,,,,,,,,,,,,4.91,3.76,5.44,1.15,1.53,,3.51,,22.44,1860.01,2.94,27.17,84.55,
2001-08-23,,,,,,,,,,,,,,,,,,,,,,,,4.89,3.72,5.41,1.17,1.49,,3.55,,22.23,1842.97,2.92,25.63,31.71,
2001-08-24,,,,,,,,,,,,,,,,,,,,,,,,4.93,3.76,5.45,1.17,1.51,,3.51,,19.71,1916.8,2.91,28.34,12.05,
2001-08-25,,,,,,,,,,,,,,,,,,,,,,,,,,,,,,3.51,,,,,,15.61,
2001-08-26,,,,,,,,,,,,,,,,,,,,,,,,,,,,,,3.51,,,,,,11.5,
2001-08-27,,,,,,,,,,,,,,,,,,,,,,,,4.94,3.78,5.47,1.16,1.49,,3.54,,20.56,1912.41,2.91,26.69,51.22,
2001-08-28,,,,,,,,,,,,,,,,,,,,,,,,4.85,3.71,5.41,1.14,1.44,,3.5,,22.0,1864.98,2.95,27.16,179.92,
2001-08-29,,,,,,,,,,,,,,,,,,,,,,,,4.78,3.67,5.36,1.11,1.36,,3.5,,23.03,1843.17,2.97,27.07,144.53,
2001-08-30,,,,,,,,,,,,,,,,,,,,,,,,4.79,3.61,5.37,1.18,1.43,,3.58,,25.41,1791.68,2.97,26.65,10.1,
2001-08-31,,,,,,,,,,,,,,,,,,,,,,,,4.85,3.64,5.39,1.21,1.48,,3.66,,24.92,1805.43,2.9,26.65,220.51,
2001-09-01,5355.3,1205.7,,178.1,187.1,170.6,3.07,1.346,131763.0,5.0,66.8,10452.8,7007.0,6.9,179.70088109428403,234.57,407.9408833241052,0.097,130.9,1562.0,1565.0,29.22,,,,,,,,3.66,,,,,,180.88,
2001-09-02,,,,,,,,,,,,,,,,,,,,,,,,,,,,,,3.66,,,,,,98.16,
2001-09-03,,,,,,,,,,,,,,,,,,,,,,,,,,,,,,3.66,,,,,,42.66,
2001-09-04,,,,,,,,,,,,,,,,,,,,,,,,4.99,3.83,5.5,1.16,1.55,,3.67,,25.85,1770.78,2.88,26.94,34.17,
2001-09-05,,,,,,,,,,,,,,,,,,,,,,,,4.97,3.79,5.48,1.18,1.56,,3.49,,26.35,1759.01,2.9,27.03,35.32,
2001-09-06,,,,,,,,,,,,,,,,,,,,,,,,4.86,3.65,5.41,1.21,1.52,,3.52,,28.61,1705.64,2.94,27.54,100.06,
2001-09-07,,,,,,,,,,,,,,,,,,,,,,,,4.8,3.53,5.39,1.27,1.53,,3.44,,30.99,1687.7,2.99,27.99,112.71,
2001-09-08,,,,,,,,,,,,,,,,,,,,,,,,,,,,,,3.44,,,,,,108.99,
2001-09-09,,,,,,,,,,,,,,,,,,,,,,,,,,,,,,3.44,,,,,,80.13,
2001-09-10,,,,,,,,,,,,,,,,,,,,,,,,4.84,3.53,5.43,1.31,1.58,,3.5,,31.84,1695.38,2.99,27.66,161.03,
2001-09-11,,,,,,,,,,,,,,,,,,,,,,,,,,,,,,3.5,,,,,27.65,674.86,
2001-09-12,,,,,,,,,,,,,,,,,,,,,,,,,,,,,,3.56,,,,,27.64,481.65,
2001-09-13,,,,,,,,,,,,,,,,,,,,,,,,4.64,2.99,5.39,1.65,1.9,,3.31,,,,3.16,28.58,355.12,
2001-09-14,,,,,,,,,,,,,,,,,,,,,,,,4.57,2.87,5.35,1.7,1.93,,3.13,,,,3.36,29.59,410.96,
2001-09-15,,,,,,,,,,,,,,,,,,,,,,,,,,,,,,3.13,,,,,,750.68,
2001-09-16,,,,,,,,,,,,,,,,,,,,,,,,,,,,,,3.13,,,,,,458.73,
2001-09-17,,,,,,,,,,,,,,,,,,,,,,,,4.63,2.96,5.41,1.67,2.04,,2.13,,41.76,1579.55,3.45,28.84,1811.33,
2001-09-18,,,,,,,,,,,,,,,,,,,,,,,,4.72,2.96,5.55,1.76,2.24,,1.25,,38.87,1555.08,3.48,27.81,852.12,
2001-09-19,,,,,,,,,,,,,,,,,,,,,,,,4.69,2.81,5.56,1.88,2.5,,1.19,,40.56,1527.8,3.52,26.73,582.31,
2001-09-20,,,,,,,,,,,,,,,,,,,,,,,,4.75,2.91,5.62,1.84,2.53,,2.22,,43.74,1470.93,3.52,26.6,856.38,
2001-09-21,,,,,,,,,,,,,,,,,,,,,,,,4.7,2.91,5.59,1.79,2.45,,3.11,,42.66,1423.19,3.53,25.46,1365.45,
2001-09-22,,,,,,,,,,,,,,,,,,,,,,,,,,,,,,3.11,,,,,,1390.26,
2001-09-23,,,,,,,,,,,,,,,,,,,,,,,,,,,,,,3.11,,,,,,660.27,
2001-09-24,,,,,,,,,,,,,,,,,,,,,,,,4.73,2.94,5.58,1.79,2.35,,3.31,,37.75,1499.4,3.48,21.46,675.12,
2001-09-25,,,,,,,,,,,,,,,,,,,,,,,,4.72,2.88,5.58,1.84,2.32,,3.11,,35.81,1501.64,3.48,21.63,630.6,
2001-09-26,,,,,,,,,,,,,,,,,,,,,,,,4.65,2.82,5.5,1.83,2.27,,2.96,,35.26,1464.04,3.46,22.4,414.41,
2001-09-27,,,,,,,,,,,,,,,,,,,,,,,,4.58,2.78,5.45,1.8,2.2,,3.08,,34.0,1460.71,3.47,22.8,271.96,
2001-09-28,,,,,,,,,,,,,,,,,,,,,,,,4.6,2.86,5.42,1.74,2.2,,2.75,,31.93,1498.8,3.42,23.44,301.1,
2001-09-29,,,,,,,,,,,,,,,,,,,,,,,,,,,,,,2.75,,,,,,629.69,
2001-09-30,,,,,,,,,,,,,,,,,,,,,,,,,,,,,,2.75,,,,,,353.85,
2001-10-01,5344.0,1165.7,,177.6,187.4,169.7,2.49,1.3630000000000002,131452.0,5.3,66.7,10267.7,7212.9,2.9,171.15107078011073,236.41,337.9183301308995,0.093,122.9,1540.0,1566.0,22.06,,4.55,2.82,5.38,1.73,2.18,,3.02,,32.32,1480.46,3.44,23.12,321.21,
2001-10-02,,,,,,,,,,,,,,,,,,,,,,,,4.53,2.77,5.34,1.76,2.27,,2.35,,31.18,1492.33,3.42,22.7,744.7,
2001-10-03,,,,,,,,,,,,,,,,,,,,,,,,4.5,2.77,5.32,1.73,2.27,,2.27,,31.34,1580.81,3.43,22.17,252.8,
2001-10-04,,,,,,,,,,,,,,,,,,,,,,,,4.53,2.75,5.31,1.78,2.32,,2.45,,31.97,1597.31,3.38,22.7,198.0,
2001-10-05,,,,,,,,,,,,,,,,,,,,,,,,4.52,2.71,5.31,1.81,2.33,,2.42,,33.39,1605.3,3.4,22.32,409.57,
2001-10-06,,,,,,,,,,,,,,,,,,,,,,,,,,,,,,2.42,,,,,,767.26,
2001-10-07,,,,,,,,,,,,,,,,,,,,,,,,,,,,,,2.42,,,,,,572.97,
2001-10-08,,,,,,,,,,,,,,,,,,,,,,,,,,,,,,2.42,,35.12,1605.95,,22.25,981.7,
2001-10-09,,,,,,,,,,,,,,,,,,,,,,,,4.62,2.74,5.39,1.88,2.4,,2.5,,34.83,1570.19,3.36,22.55,185.55,
2001-10-10,,,,,,,,,,,,,,,,,,,,,,,,4.61,2.78,5.36,1.83,2.39,,2.42,,31.6,1626.26,3.34,22.51,352.29,
2001-10-11,,,,,,,,,,,,,,,,,,,,,,,,4.69,2.88,5.41,1.81,2.42,,2.42,,31.5,1701.47,3.3,23.49,9.45,
2001-10-12,,,,,,,,,,,,,,,,,,,,,,,,4.68,2.81,5.42,1.87,2.43,,2.39,,35.27,1703.4,3.33,22.49,32.45,
2001-10-13,,,,,,,,,,,,,,,,,,,,,,,,,,,,,,2.39,,,,,,358.39,
2001-10-14,,,,,,,,,,,,,,,,,,,,,,,,,,,,,,2.39,,,,,,177.55,
2001-10-15,,,,,,,,,,,,,,,,,,,,,,,,4.62,2.78,5.38,1.84,2.37,,2.51,,35.31,1696.31,3.34,22.37,148.73,
2001-10-16,,,,,,,,,,,,,,,,,,,,,,,,4.59,2.77,5.35,1.82,2.37,,2.47,,32.88,1722.07,3.33,22.01,259.92,
2001-10-17,,,,,,,,,,,,,,,,,,,,,,,,4.59,2.8,5.32,1.79,2.37,,2.51,,35.08,1646.34,3.31,21.89,424.47,
2001-10-18,,,,,,,,,,,,,,,,,,,,,,,,4.58,2.77,5.32,1.81,2.39,,2.5,,34.95,1652.72,3.31,21.33,95.8,
2001-10-19,,,,,,,,,,,,,,,,,,,,,,,,4.63,2.77,5.36,1.86,2.44,,2.47,,34.11,1671.31,3.29,21.99,96.82,
2001-10-20,,,,,,,,,,,,,,,,,,,,,,,,,,,,,,2.47,,,,,,542.57,
2001-10-21,,,,,,,,,,,,,,,,,,,,,,,,,,,,,,2.47,,,,,,175.33,
2001-10-22,,,,,,,,,,,,,,,,,,,,,,,,4.63,2.79,5.36,1.84,2.41,,2.52,,32.25,1708.08,3.28,21.78,257.1,
2001-10-23,,,,,,,,,,,,,,,,,,,,,,,,4.66,2.81,5.38,1.85,2.46,,2.48,,32.0,1704.44,3.28,21.28,372.4,
2001-10-24,,,,,,,,,,,,,,,,,,,,,,,,4.61,2.72,5.32,1.89,2.44,,2.53,,30.95,1731.54,3.28,22.0,411.59,
2001-10-25,,,,,,,,,,,,,,,,,,,,,,,,4.56,2.63,5.28,1.93,2.42,,2.54,,29.46,1775.47,3.3,21.75,104.01,
2001-10-26,,,,,,,,,,,,,,,,,,,,,,,,4.53,2.63,5.27,1.9,2.39,,2.51,,28.42,1768.96,3.31,22.07,195.58,
2001-10-27,,,,,,,,,,,,,,,,,,,,,,,,,,,,,,2.51,,,,,,400.54,
2001-10-28,,,,,,,,,,,,,,,,,,,,,,,,,,,,,,2.51,,,,,,165.05,
2001-10-29,,,,,,,,,,,,,,,,,,,,,,,,4.5,2.55,5.25,1.95,2.41,,2.55,,31.64,1699.52,3.32,22.1,707.23,
2001-10-30,,,,,,,,,,,,,,,,,,,,,,,,4.44,2.48,5.22,1.96,2.39,,2.55,,33.46,1667.41,3.35,21.83,272.99,
2001-10-31,,,,,,,,,,,,,,,,,,,,,,,,4.3,2.44,4.89,1.86,2.25,,2.66,,33.56,1690.2,3.38,21.2,185.83,
2001-11-01,5387.7,1171.0,,177.5,188.1,169.2,2.09,1.328,131144.0,5.5,66.7,10279.7,7182.3,3.4,125.4467241901174,154.39,197.3381916355064,0.09,116.9,1602.0,1651.0,17.22,,4.24,2.49,4.79,1.75,2.18,,2.61,,32.31,1746.3,3.37,20.47,235.97,
2001-11-02,,,,,,,,,,,,,,,,,,,,,,,,4.37,2.48,4.96,1.89,2.36,,2.43,,30.71,1745.73,3.37,20.24,74.51,
2001-11-03,,,,,,,,,,,,,,,,,,,,,,,,,,,,,,2.43,,,,,,335.81,
2001-11-04,,,,,,,,,,,,,,,,,,,,,,,,,,,,,,2.43,,,,,,87.34,
2001-11-05,,,,,,,,,,,,,,,,,,,,,,,,4.31,2.46,4.86,1.85,2.3,,2.45,,30.5,1793.65,3.34,20.0,104.1,
2001-11-06,,,,,,,,,,,,,,,,,,,,,,,,4.3,2.37,4.86,1.93,2.45,,2.13,,28.8,1835.08,3.36,19.93,297.35,
2001-11-07,,,,,,,,,,,,,,,,,,,,,,,,4.22,2.32,4.79,1.9,2.42,,2.04,,29.13,1837.53,3.35,20.11,160.86,
2001-11-08,,,,,,,,,,,,,,,,,,,,,,,,4.32,2.42,4.87,1.9,2.48,,2.03,,28.62,1827.77,3.28,21.21,154.18,
2001-11-09,,,,,,,,,,,,,,,,,,,,,,,,4.34,2.45,4.88,1.89,2.51,,1.98,,27.44,1828.48,3.27,22.23,64.08,
2001-11-10,,,,,,,,,,,,,,,,,,,,,,,,,,,,,,1.98,,,,,,323.72,
2001-11-11,,,,,,,,,,,,,,,,,,,,,,,,,,,,,,1.98,,,,,,21.69,
2001-11-12,,,,,,,,,,,,,,,,,,,,,,,,,,,,,,1.98,,29.35,1840.13,,21.26,153.65,
2001-11-13,,,,,,,,,,,,,,,,,,,,,,,,4.41,2.54,4.92,1.87,2.57,,2.1,,26.47,1892.11,3.24,21.56,123.91,
2001-11-14,,,,,,,,,,,,,,,,,,,,,,,,4.54,2.7,5.02,1.84,2.67,,2.16,,26.56,1903.19,3.19,19.63,72.74,
2001-11-15,,,,,,,,,,,,,,,,,,,,,,,,4.79,2.98,5.22,1.81,2.87,,2.22,,25.56,1900.57,3.1,17.5,111.41,
2001-11-16,,,,,,,,,,,,,,,,,,,,,,,,4.91,3.09,5.3,1.82,2.96,,1.98,,25.07,1898.58,3.07,18.09,63.4,
2001-11-17,,,,,,,,,,,,,,,,,,,,,,,,,,,,,,1.98,,,,,,283.24,
2001-11-18,,,,,,,,,,,,,,,,,,,,,,,,,,,,,,1.98,,,,,,68.52,
2001-11-19,,,,,,,,,,,,,,,,,,,,,,,,4.8,2.92,5.22,1.88,2.86,,2.01,,24.46,1934.42,3.08,17.74,107.11,
2001-11-20,,,,,,,,,,,,,,,,,,,,,,,,4.88,2.96,5.3,1.92,2.93,,1.97,,24.12,1880.51,3.08,18.71,126.84,
2001-11-21,,,,,,,,,,,,,,,,,,,,,,,,4.98,3.11,5.35,1.87,3.02,,1.93,,24.19,1875.05,3.01,18.38,218.4,
2001-11-22,,,,,,,,,,,,,,,,,,,,,,,,,,,,,,1.93,,,,,,150.95,
2001-11-23,,,,,,,,,,,,,,,,,,,,,,,,5.04,3.2,5.39,1.84,3.09,,1.88,,23.25,1903.2,2.97,,161.79,
2001-11-24,,,,,,,,,,,,,,,,,,,,,,,,,,,,,,1.88,,,,,,460.88,
2001-11-25,,,,,,,,,,,,,,,,,,,,,,,,,,,,,,1.88,,,,,,85.27,
2001-11-26,,,,,,,,,,,,,,,,,,,,,,,,5.05,3.22,5.39,1.83,3.07,,2.04,,23.79,1941.23,2.96,18.69,81.34,
2001-11-27,,,,,,,,,,,,,,,,,,,,,,,,4.98,3.11,5.37,1.87,3.06,,2.01,,24.0,1935.97,3.01,19.57,66.47,
2001-11-28,,,,,,,,,,,,,,,,,,,,,,,,4.98,3.12,5.36,1.86,3.11,,2.04,,25.9,1887.97,3.01,19.37,156.37,
2001-11-29,,,,,,,,,,,,,,,,,,,,,,,,4.79,2.87,5.24,1.92,2.99,,2.09,,25.18,1933.26,3.07,18.55,29.1,
2001-11-30,,,,,,,,,,,,,,,,,,,,,,,,4.78,2.84,5.27,1.94,3.0,,2.06,,23.84,1930.58,3.1,19.46,21.86,
2001-12-01,5440.7,1183.2,,177.4,188.4,168.8,1.82,1.334,130983.0,5.7,66.7,10298.9,7166.7,3.7,107.85042406830644,127.57,96.78871963480586,0.09,113.9,1568.0,1680.0,7.44,,,,,,,,2.06,,,,,,69.64,
2001-12-02,,,,,,,,,,,,,,,,,,,,,,,,,,,,,,2.06,,,,,,46.43,
2001-12-03,,,,,,,,,,,,,,,,,,,,,,,,4.75,2.82,5.26,1.93,2.97,,2.05,,25.77,1904.9,3.14,20.27,92.1,
2001-12-04,,,,,,,,,,,,,,,,,,,,,,,,4.7,2.81,5.22,1.89,2.96,,1.93,,24.08,1963.1,3.15,19.71,37.49,
2001-12-05,,,,,,,,,,,,,,,,,,,,,,,,4.92,3.07,5.35,1.85,3.15,,1.89,,23.02,2046.84,3.07,19.62,86.02,
2001-12-06,,,,,,,,,,,,,,,,,,,,,,,,5.04,3.19,5.47,1.85,3.29,,1.87,,23.71,2054.27,3.03,18.69,27.4,
2001-12-07,,,,,,,,,,,,,,,,,,,,,,,,5.2,3.19,5.6,2.01,3.51,,1.92,,23.49,2021.26,2.96,19.08,64.14,
2001-12-08,,,,,,,,,,,,,,,,,,,,,,,,,,,,,,1.92,,,,,,157.68,
2001-12-09,,,,,,,,,,,,,,,,,,,,,,,,,,,,,,1.92,,,,,,23.17,
2001-12-10,,,,,,,,,,,,,,,,,,,,,,,,5.17,3.1,5.58,2.07,3.46,,1.9,,25.62,1992.12,3.0,18.32,31.11,
2001-12-11,,,,,,,,,,,,,,,,,,,,,,,,5.13,3.03,5.55,2.1,3.47,,1.8,,25.3,2001.93,3.01,18.04,380.57,
2001-12-12,,,,,,,,,,,,,,,,,,,,,,,,5.02,2.97,5.47,2.05,3.35,,1.81,,24.87,2011.38,3.04,18.38,75.58,
2001-12-13,,,,,,,,,,,,,,,,,,,,,,,,5.13,3.09,5.53,2.04,3.44,,1.86,,25.91,1946.51,2.98,18.2,58.11,
2001-12-14,,,,,,,,,,,,,,,,,,,,,,,,5.24,3.2,5.59,2.04,3.51,,1.88,,24.63,1953.17,2.91,19.31,66.14,
2001-12-15,,,,,,,,,,,,,,,,,,,,,,,,,,,,,,1.88,,,,,,157.17,
2001-12-16,,,,,,,,,,,,,,,,,,,,,,,,,,,,,,1.88,,,,,,71.14,
2001-12-17,,,,,,,,,,,,,,,,,,,,,,,,5.26,3.21,5.61,2.05,3.52,,1.93,,24.26,1987.45,2.97,19.28,78.8,
2001-12-18,,,,,,,,,,,,,,,,,,,,,,,,5.16,3.13,5.52,2.03,3.45,,1.71,,23.29,2004.76,2.94,19.38,51.0,
2001-12-19,,,,,,,,,,,,,,,,,,,,,,,,5.08,3.11,5.45,1.97,3.39,,1.71,,22.58,1982.89,2.94,19.37,33.64,
2001-12-20,,,,,,,,,,,,,,,,,,,,,,,,5.08,3.15,5.43,1.93,3.39,,1.79,,23.67,1918.54,2.92,18.67,50.37,
2001-12-21,,,,,,,,,,,,,,,,,,,,,,,,5.12,3.17,5.45,1.95,3.41,,1.78,,22.5,1945.83,2.87,19.3,55.18,
2001-12-22,,,,,,,,,,,,,,,,,,,,,,,,,,,,,,1.78,,,,,,177.3,
2001-12-23,,,,,,,,,,,,,,,,,,,,,,,,,,,,,,1.78,,,,,,37.72,
2001-12-24,,,,,,,,,,,,,,,,,,,,,,,,5.18,3.22,5.49,1.96,3.46,,1.68,,22.62,1944.48,,,17.69,
2001-12-25,,,,,,,,,,,,,,,,,,,,,,,,,,,,,,1.68,,,,,,291.98,
2001-12-26,,,,,,,,,,,,,,,,,,,,,,,,5.22,3.26,5.52,1.96,3.47,,1.89,,22.29,1960.7,2.82,21.32,79.81,
2001-12-27,,,,,,,,,,,,,,,,,,,,,,,,5.13,3.19,5.49,1.94,3.39,,1.85,,21.59,1976.42,2.88,21.07,35.69,
2001-12-28,,,,,,,,,,,,,,,,,,,,,,,,5.15,3.16,5.54,1.99,3.43,,1.54,,21.4,1987.26,2.87,20.42,189.74,
2001-12-29,,,,,,,,,,,,,,,,,,,,,,,,,,,,,,1.54,,,,,,433.21,
2001-12-30,,,,,,,,,,,,,,,,,,,,,,,,,,,,,,1.54,,,,,,93.89,
2001-12-31,,,,,,,,,,,,,,,,,,,,,,,,5.07,3.07,5.48,2.0,3.33,,1.52,,23.8,1950.4,2.85,19.96,272.14,
2002-01-01,5461.1,1190.7,,177.7,188.7,168.9,1.73,1.42,130859.0,5.7,66.5,10514.7,7184.6,5.6,106.49408182714492,141.64,137.56052508035205,0.089,114.2,1698.0,1665.0,2.96,,,,,,,,1.52,,,,,,139.94,
2002-01-02,,,,,,,,,,,,,,,,,,,,,,,,5.2,3.22,5.56,1.98,3.46,,1.92,,22.71,1979.25,2.82,21.13,155.36,
2002-01-03,,,,,,,,,,,,,,,,,,,,,,,,5.16,3.19,5.54,1.97,3.43,,1.72,,21.34,2044.27,2.82,20.65,53.94,
2002-01-04,,,,,,,,,,,,,,,,,,,,,,,,5.18,3.19,5.57,1.99,3.46,,1.61,,20.45,2059.38,2.78,21.47,11.92,
2002-01-05,,,,,,,,,,,,,,,,,,,,,,,,,,,,,,1.61,,,,,,294.15,
2002-01-06,,,,,,,,,,,,,,,,,,,,,,,,,,,,,,1.61,,,,,,61.6,
2002-01-07,,,,,,,,,,,,,,,,,,,,,,,,5.09,3.08,5.49,2.01,3.41,,1.61,,21.94,2037.1,2.8,21.42,16.26,
2002-01-08,,,,,,,,,,,,,,,,,,,,,,,,5.1,3.07,5.51,2.03,3.42,,1.61,,21.83,2055.74,2.8,20.82,52.14,
2002-01-09,,,,,,,,,,,,,,,,,,,,,,,,5.1,3.03,5.51,2.07,3.42,,1.74,,22.13,2044.89,2.78,20.32,130.18,
2002-01-10,,,,,,,,,,,,,,,,,,,,,,,,5.0,2.94,5.42,2.06,3.32,,1.81,,22.36,2047.24,2.82,20.48,116.36,
2002-01-11,,,,,,,,,,,,,,,,,,,,,,,,4.92,2.76,5.37,2.16,3.34,,1.71,,22.6,2022.46,2.86,19.67,112.33,
2002-01-12,,,,,,,,,,,,,,,,,,,,,,,,,,,,,,1.71,,,,,,210.31,
2002-01-13,,,,,,,,,,,,,,,,,,,,,,,,,,,,,,1.71,,,,,,143.54,
2002-01-14,,,,,,,,,,,,,,,,,,,,,,,,4.91,2.79,5.38,2.12,3.33,,1.78,,23.58,1990.74,2.88,18.88,109.75,
2002-01-15,,,,,,,,,,,,,,,,,,,,,,,,4.88,2.79,5.34,2.09,3.28,,1.75,,22.7,2000.91,2.86,18.99,78.63,
2002-01-16,,,,,,,,,,,,,,,,,,,,,,,,4.88,2.84,5.36,2.04,3.27,,1.69,,23.45,1944.44,2.87,18.96,150.88,
2002-01-17,,,,,,,,,,,,,,,,,,,,,,,,4.98,2.96,5.41,2.02,3.34,,1.68,,22.25,1985.82,2.82,18.2,75.22,
2002-01-18,,,,,,,,,,,,,,,,,,,,,,,,4.94,2.91,5.36,2.03,3.32,,1.71,,22.52,1930.34,2.86,18.02,139.38,
2002-01-19,,,,,,,,,,,,,,,,,,,,,,,,,,,,,,1.71,,,,,,226.15,
2002-01-20,,,,,,,,,,,,,,,,,,,,,,,,,,,,,,1.71,,,,,,35.04,
2002-01-21,,,,,,,,,,,,,,,,,,,,,,,,,,,,,,1.71,,,,,,47.91,
2002-01-22,,,,,,,,,,,,,,,,,,,,,,,,4.96,2.97,5.39,1.99,3.26,,1.84,,23.61,1882.53,2.85,18.36,55.76,
2002-01-23,,,,,,,,,,,,,,,,,,,,,,,,5.05,3.07,5.48,1.98,3.34,,1.81,,21.88,1922.38,2.87,19.1,71.23,
2002-01-24,,,,,,,,,,,,,,,,,,,,,,,,5.07,3.15,5.47,1.92,3.35,,1.8,,21.15,1942.58,2.85,19.57,28.56,
2002-01-25,,,,,,,,,,,,,,,,,,,,,,,,5.1,3.17,5.47,1.93,3.38,,1.78,,21.01,1937.7,2.81,19.8,65.6,
2002-01-26,,,,,,,,,,,,,,,,,,,,,,,,,,,,,,1.78,,,,,,195.89,
2002-01-27,,,,,,,,,,,,,,,,,,,,,,,,,,,,,,1.78,,,,,,57.15,
2002-01-28,,,,,,,,,,,,,,,,,,,,,,,,5.12,3.19,5.47,1.93,3.36,,1.79,,21.14,1943.91,2.78,20.05,152.37,
2002-01-29,,,,,,,,,,,,,,,,,,,,,,,,5.02,3.05,5.4,1.97,3.3,,1.78,,24.35,1892.99,2.84,19.3,207.28,
2002-01-30,,,,,,,,,,,,,,,,,,,,,,,,5.02,3.06,5.41,1.96,3.27,,1.78,,23.22,1913.44,2.89,19.11,111.14,
2002-01-31,,,,,,,,,,,,,,,,,,,,,,,,5.07,3.16,5.44,1.91,3.31,,1.85,,21.09,1934.03,2.85,19.71,19.09,
2002-02-01,5490.4,1190.6,,178.0,189.1,169.0,1.74,1.501,130736.0,5.7,66.8,10531.6,7225.2,5.4,89.84613047585736,86.75,60.00462246825715,0.089,113.5,1829.0,1787.0,1.52,,5.02,3.08,5.4,1.94,3.26,,1.77,,21.12,1911.24,2.86,20.4,31.93,
2002-02-02,,,,,,,,,,,,,,,,,,,,,,,,,,,,,,1.77,,,,,,176.74,
2002-02-03,,,,,,,,,,,,,,,,,,,,,,,,,,,,,,1.77,,,,,,57.02,
2002-02-04,,,,,,,,,,,,,,,,,,,,,,,,4.94,2.99,5.35,1.95,3.17,,1.74,,24.87,1855.53,2.93,20.02,59.75,
2002-02-05,,,,,,,,,,,,,,,,,,,,,,,,4.92,2.99,5.35,1.93,3.16,,1.64,,25.45,1838.52,2.98,20.06,51.2,
2002-02-06,,,,,,,,,,,,,,,,,,,,,,,,4.92,2.98,5.38,1.94,3.18,,1.66,,26.09,1812.71,3.01,19.77,63.19,
2002-02-07,,,,,,,,,,,,,,,,,,,,,,,,4.93,2.99,5.42,1.94,3.2,,1.74,,25.11,1782.11,3.05,19.75,103.51,
2002-02-08,,,,,,,,,,,,,,,,,,,,,,,,4.9,2.95,5.39,1.95,3.17,,1.69,,23.26,1818.88,3.03,20.25,21.56,
2002-02-09,,,,,,,,,,,,,,,,,,,,,,,,,,,,,,1.69,,,,,,164.85,
2002-02-10,,,,,,,,,,,,,,,,,,,,,,,,,,,,,,1.69,,,,,,11.01,
2002-02-11,,,,,,,,,,,,,,,,,,,,,,,,4.91,2.95,5.41,1.96,3.16,,1.76,,21.78,1846.66,3.02,21.29,44.12,
2002-02-12,,,,,,,,,,,,,,,,,,,,,,,,4.97,3.04,5.45,1.93,3.22,,1.72,,21.62,1834.21,2.99,20.76,404.27,
2002-02-13,,,,,,,,,,,,,,,,,,,,,,,,5.01,3.09,5.47,1.92,3.25,,1.75,,20.85,1859.16,2.93,21.19,69.13,
2002-02-14,,,,,,,,,,,,,,,,,,,,,,,,4.95,3.07,5.42,1.88,3.2,,1.81,,21.77,1843.37,2.95,21.19,55.19,
2002-02-15,,,,,,,,,,,,,,,,,,,,,,,,4.86,2.97,5.37,1.89,3.12,,1.73,,22.37,1805.2,2.98,21.47,30.81,
2002-02-16,,,,,,,,,,,,,,,,,,,,,,,,,,,,,,1.73,,,,,,213.57,
2002-02-17,,,,,,,,,,,,,,,,,,,,,,,,,,,,,,1.73,,,,,,10.66,
2002-02-18,,,,,,,,,,,,,,,,,,,,,,,,,,,,,,1.73,,,,,,60.19,
2002-02-19,,,,,,,,,,,,,,,,,,,,,,,,4.88,2.98,5.54,1.9,3.12,,1.77,,24.43,1750.61,2.99,20.77,25.71,
2002-02-20,,,,,,,,,,,,,,,,,,,,,,,,4.88,3.0,5.53,1.88,3.12,,1.76,,22.66,1775.57,3.01,20.31,187.76,
2002-02-21,,,,,,,,,,,,,,,,,,,,,,,,4.88,3.0,5.53,1.88,3.12,,1.77,,23.8,1716.24,2.97,20.81,8.87,
2002-02-22,,,,,,,,,,,,,,,,,,,,,,,,4.84,2.97,5.48,1.87,3.08,,1.71,,22.86,1724.54,2.98,20.92,10.16,
2002-02-23,,,,,,,,,,,,,,,,,,,,,,,,,,,,,,1.71,,,,,,90.87,
2002-02-24,,,,,,,,,,,,,,,,,,,,,,,,,,,,,,1.71,,,,,,82.24,
2002-02-25,,,,,,,,,,,,,,,,,,,,,,,,4.86,3.01,5.51,1.85,3.09,,1.8,,21.84,1769.88,2.98,20.24,483.05,
2002-02-26,,,,,,,,,,,,,,,,,,,,,,,,4.93,3.08,5.53,1.85,3.16,,1.77,,21.68,1766.86,2.96,21.37,244.39,
2002-02-27,,,,,,,,,,,,,,,,,,,,,,,,4.84,3.09,5.51,1.75,3.07,,1.76,,21.49,1751.88,3.0,21.4,89.8,
2002-02-28,,,,,,,,,,,,,,,,,,,,,,,,4.88,3.06,5.54,1.82,3.09,,1.83,,21.59,1731.49,2.98,21.78,26.86,
2002-03-01,5502.2,1193.3,,178.5,189.2,169.6,1.73,1.421,130722.0,5.7,66.6,10539.0,7243.4,5.5,78.9129274964807,94.43,103.1453972321474,0.089,117.6,1642.0,1691.0,0.66,,4.98,3.18,5.6,1.8,3.21,,1.78,,19.96,1802.74,2.97,22.37,40.61,
2002-03-02,,,,,,,,,,,,,,,,,,,,,,,,,,,,,,1.78,,,,,,40.12,
2002-03-03,,,,,,,,,,,,,,,,,,,,,,,,,,,,,,1.78,,,,,,21.34,
2002-03-04,,,,,,,,,,,,,,,,,,,,,,,,5.02,3.24,5.61,1.78,3.21,,1.68,,20.5,1859.32,2.94,22.55,29.43,
2002-03-05,,,,,,,,,,,,,,,,,,,,,,,,5.02,3.25,5.6,1.77,3.22,,1.63,,20.3,1866.29,2.9,23.18,24.51,
2002-03-06,,,,,,,,,,,,,,,,,,,,,,,,5.06,3.26,5.67,1.8,3.28,,1.71,,19.94,1890.4,2.91,23.32,19.94,
2002-03-07,,,,,,,,,,,,,,,,,,,,,,,,5.22,3.36,5.76,1.86,3.44,,1.77,,20.04,1881.63,2.83,23.62,44.66,
2002-03-08,,,,,,,,,,,,,,,,,,,,,,,,5.33,3.6,5.83,1.73,3.52,,1.69,,19.27,1929.67,2.79,23.87,10.31,
2002-03-09,,,,,,,,,,,,,,,,,,,,,,,,,,,,,,1.69,,,,,,150.27,
2002-03-10,,,,,,,,,,,,,,,,,,,,,,,,,,,,,,1.69,,,,,,32.9,
2002-03-11,,,,,,,,,,,,,,,,,,,,,,,,5.33,3.59,5.81,1.74,3.47,,1.75,,19.84,1929.49,2.78,24.36,42.72,
2002-03-12,,,,,,,,,,,,,,,,,,,,,,,,5.32,3.56,5.84,1.76,3.48,,1.68,,19.59,1897.12,2.78,24.55,62.44,
2002-03-13,,,,,,,,,,,,,,,,,,,,,,,,5.28,3.49,5.83,1.79,3.46,,1.73,,19.46,1862.03,2.82,24.14,10.25,
2002-03-14,,,,,,,,,,,,,,,,,,,,,,,,5.4,3.63,5.9,1.77,3.54,,1.79,,19.2,1854.14,2.79,24.48,18.09,
2002-03-15,,,,,,,,,,,,,,,,,,,,,,,,5.35,3.63,5.86,1.72,3.49,,1.8,,18.42,1868.3,2.81,24.47,10.35,
2002-03-16,,,,,,,,,,,,,,,,,,,,,,,,,,,,,,1.8,,,,,,108.41,
2002-03-17,,,,,,,,,,,,,,,,,,,,,,,,,,,,,,1.8,,,,,,22.41,
2002-03-18,,,,,,,,,,,,,,,,,,,,,,,,5.32,3.67,5.83,1.65,3.44,,1.71,,18.93,1877.06,2.8,25.03,31.11,
2002-03-19,,,,,,,,,,,,,,,,,,,,,,,,5.33,3.64,5.86,1.69,3.48,,1.67,,18.16,1880.87,2.83,25.02,219.14,
2002-03-20,,,,,,,,,,,,,,,,,,,,,,,,5.4,3.71,5.89,1.69,3.56,,1.78,,18.46,1832.87,2.81,24.92,169.8,
2002-03-21,,,,,,,,,,,,,,,,,,,,,,,,5.39,3.73,5.87,1.66,3.55,,1.74,,18.15,1868.83,2.78,25.74,56.03,
2002-03-22,,,,,,,,,,,,,,,,,,,,,,,,5.4,3.77,5.89,1.63,3.56,,1.68,,17.77,1851.39,2.78,25.56,10.5,
2002-03-23,,,,,,,,,,,,,,,,,,,,,,,,,,,,,,1.68,,,,,,56.38,
2002-03-24,,,,,,,,,,,,,,,,,,,,,,,,,,,,,,1.68,,,,,,11.06,
2002-03-25,,,,,,,,,,,,,,,,,,,,,,,,5.41,3.78,5.91,1.63,3.56,,1.75,,18.48,1812.49,2.74,25.69,91.19,
2002-03-26,,,,,,,,,,,,,,,,,,,,,,,,5.35,3.68,5.84,1.67,3.54,,1.71,,18.13,1824.17,2.76,25.75,164.6,
2002-03-27,,,,,,,,,,,,,,,,,,,,,,,,5.35,3.66,5.86,1.69,3.54,,1.69,,17.7,1826.75,2.81,25.79,31.83,
2002-03-28,,,,,,,,,,,,,,,,,,,,,,,,5.42,3.72,5.91,1.7,3.63,,1.77,,17.4,1845.35,2.81,26.21,57.38,
2002-03-29,,,,,,,,,,,,,,,,,,,,,,,,,,,,,,1.74,,,,,,65.8,
2002-03-30,,,,,,,,,,,,,,,,,,,,,,,,,,,,,,1.74,,,,,,238.96,
2002-03-31,,,,,,,,,,,,,,,,,,,,,,,,,,,,,,1.74,,,,,,22.74,
2002-04-01,5502.3,1186.9,,179.3,189.7,170.5,1.75,1.394,130615.0,5.9,66.7,10574.2,7312.5,5.4,83.54108640567664,74.52,57.964062896522485,0.088,121.5,1592.0,1669.0,0.34,,5.44,3.74,5.92,1.7,3.65,,1.88,,18.73,1862.62,2.78,26.82,62.14,
2002-04-02,,,,,,,,,,,,,,,,,,,,,,,,5.36,3.63,5.86,1.73,3.56,,1.74,,19.16,1804.4,2.81,27.75,147.0,
2002-04-03,,,,,,,,,,,,,,,,,,,,,,,,5.3,3.55,5.82,1.75,3.51,,1.81,,20.2,1784.35,2.83,27.55,52.41,
2002-04-04,,,,,,,,,,,,,,,,,,,,,,,,5.28,3.57,5.82,1.71,3.5,,1.74,,19.78,1789.75,2.84,26.64,86.18,
2002-04-05,,,,,,,,,,,,,,,,,,,,,,,,5.22,3.49,5.79,1.73,3.46,,1.7,,19.13,1770.03,2.85,26.21,21.7,
2002-04-06,,,,,,,,,,,,,,,,,,,,,,,,,,,,,,1.7,,,,,,96.84,
2002-04-07,,,,,,,,,,,,,,,,,,,,,,,,,,,,,,1.7,,,,,,45.29,
2002-04-08,,,,,,,,,,,,,,,,,,,,,,,,5.25,3.51,5.82,1.74,3.5,,1.72,,19.61,1785.87,2.85,26.16,47.26,
2002-04-09,,,,,,,,,,,,,,,,,,,,,,,,5.22,3.48,5.79,1.74,3.49,,1.68,,19.47,1742.57,2.85,25.45,12.6,
2002-04-10,,,,,,,,,,,,,,,,,,,,,,,,5.24,3.48,5.78,1.76,3.53,,1.73,,18.19,1767.07,2.84,26.15,30.45,
2002-04-11,,,,,,,,,,,,,,,,,,,,,,,,5.22,3.47,5.78,1.75,3.5,,1.83,,20.3,1725.24,2.83,24.93,27.02,
2002-04-12,,,,,,,,,,,,,,,,,,,,,,,,5.18,3.41,5.79,1.77,3.47,,1.79,,19.42,1756.19,2.86,23.51,31.63,
2002-04-13,,,,,,,,,,,,,,,,,,,,,,,,,,,,,,1.79,,,,,,83.07,
2002-04-14,,,,,,,,,,,,,,,,,,,,,,,,,,,,,,1.79,,,,,,11.13,
2002-04-15,,,,,,,,,,,,,,,,,,,,,,,,5.15,3.38,5.76,1.77,3.43,,1.84,,19.82,1753.78,2.84,24.53,15.74,
2002-04-16,,,,,,,,,,,,,,,,,,,,,,,,5.2,3.43,5.78,1.77,3.46,,1.68,,18.11,1816.79,2.81,24.92,37.23,
2002-04-17,,,,,,,,,,,,,,,,,,,,,,,,5.24,3.41,5.85,1.83,3.51,,1.73,,18.43,1810.67,2.79,25.94,19.39,
2002-04-18,,,,,,,,,,,,,,,,,,,,,,,,5.23,3.38,5.86,1.85,3.51,,1.71,,19.29,1802.43,2.82,25.86,9.08,
2002-04-19,,,,,,,,,,,,,,,,,,,,,,,,5.21,3.36,5.8,1.85,3.48,,1.67,,18.3,1796.83,2.8,26.43,20.28,
2002-04-20,,,,,,,,,,,,,,,,,,,,,,,,,,,,,,1.67,,,,,,70.89,
2002-04-21,,,,,,,,,,,,,,,,,,,,,,,,,,,,,,1.67,,,,,,22.86,
2002-04-22,,,,,,,,,,,,,,,,,,,,,,,,5.19,3.37,5.78,1.82,3.47,,1.73,,19.77,1758.68,2.77,26.28,79.07,
2002-04-23,,,,,,,,,,,,,,,,,,,,,,,,5.18,3.39,5.78,1.79,3.45,,1.71,,20.28,1730.29,2.78,26.28,50.36,
2002-04-24,,,,,,,,,,,,,,,,,,,,,,,,5.11,3.28,5.72,1.83,3.39,,1.76,,20.77,1713.34,2.81,26.28,61.58,
2002-04-25,,,,,,,,,,,,,,,,,,,,,,,,5.1,3.25,5.72,1.85,3.36,,1.82,,20.95,1713.7,2.83,26.36,28.0,
2002-04-26,,,,,,,,,,,,,,,,,,,,,,,,5.08,3.22,5.73,1.86,3.33,,1.79,,22.14,1663.89,2.83,27.12,10.41,
2002-04-27,,,,,,,,,,,,,,,,,,,,,,,,,,,,,,1.79,,,,,,42.34,
2002-04-28,,,,,,,,,,,,,,,,,,,,,,,,,,,,,,1.79,,,,,,34.08,
2002-04-29,,,,,,,,,,,,,,,,,,,,,,,,5.13,3.26,5.75,1.87,3.35,,1.81,,24.05,1656.93,2.82,27.45,30.39,
2002-04-30,,,,,,,,,,,,,,,,,,,,,,,,5.11,3.24,5.72,1.87,3.34,,1.82,,21.91,1688.23,2.84,27.32,25.36,
2002-05-01,5528.5,1189.3,,179.5,190.0,170.5,1.75,1.365,130632.0,5.8,66.7,10616.5,7288.9,6.1,79.04566855153273,89.66,103.29683697149456,0.089,121.9,1764.0,1716.0,0.18,,5.08,3.21,5.69,1.87,3.31,,1.88,,20.06,1677.53,2.86,26.58,20.74,
2002-05-02,,,,,,,,,,,,,,,,,,,,,,,,5.13,3.25,5.72,1.88,3.36,,1.79,,20.07,1644.82,2.84,26.31,9.05,
2002-05-03,,,,,,,,,,,,,,,,,,,,,,,,5.08,3.17,5.65,1.91,3.32,,1.73,,20.19,1613.03,2.89,26.75,53.72,
2002-05-04,,,,,,,,,,,,,,,,,,,,,,,,,,,,,,1.73,,,,,,86.25,
2002-05-05,,,,,,,,,,,,,,,,,,,,,,,,,,,,,,1.73,,,,,,45.04,
2002-05-06,,,,,,,,,,,,,,,,,,,,,,,,5.1,3.19,5.66,1.91,3.32,,1.75,,22.56,1578.48,2.86,26.11,62.89,
2002-05-07,,,,,,,,,,,,,,,,,,,,,,,,5.09,3.14,5.66,1.95,3.33,,1.72,,21.94,1573.82,2.86,26.79,113.59,
2002-05-08,,,,,,,,,,,,,,,,,,,,,,,,5.24,3.32,5.77,1.92,3.48,,1.71,,20.39,1696.29,2.86,27.76,52.95,
2002-05-09,,,,,,,,,,,,,,,,,,,,,,,,5.2,3.27,5.78,1.93,3.43,,1.74,,21.56,1650.49,2.89,27.78,36.7,
2002-05-10,,,,,,,,,,,,,,,,,,,,,,,,5.15,3.19,5.72,1.96,3.38,,1.74,,22.41,1600.85,2.93,27.92,21.17,
2002-05-11,,,,,,,,,,,,,,,,,,,,,,,,,,,,,,1.74,,,,,,43.14,
2002-05-12,,,,,,,,,,,,,,,,,,,,,,,,,,,,,,1.74,,,,,,23.06,
2002-05-13,,,,,,,,,,,,,,,,,,,,,,,,5.23,3.28,5.79,1.95,3.44,,1.75,,20.72,1652.54,2.9,28.62,63.96,
2002-05-14,,,,,,,,,,,,,,,,,,,,,,,,5.32,3.4,5.84,1.92,3.54,,1.69,,19.35,1719.05,2.89,29.17,25.36,
2002-05-15,,,,,,,,,,,,,,,,,,,,,,,,5.28,3.37,5.82,1.91,3.52,,1.84,,19.19,1725.56,2.91,28.17,30.68,
2002-05-16,,,,,,,,,,,,,,,,,,,,,,,,5.2,3.28,5.8,1.92,3.45,,1.76,,18.5,1730.44,2.96,28.0,8.96,
2002-05-17,,,,,,,,,,,,,,,,,,,,,,,,5.27,3.41,5.84,1.86,3.51,,1.7,,17.7,1741.39,2.94,28.19,10.6,
2002-05-18,,,,,,,,,,,,,,,,,,,,,,,,,,,,,,1.7,,,,,,14.18,
2002-05-19,,,,,,,,,,,,,,,,,,,,,,,,,,,,,,1.7,,,,,,22.15,
2002-05-20,,,,,,,,,,,,,,,,,,,,,,,,5.21,3.33,5.78,1.88,3.44,,1.72,,19.24,1701.59,2.96,28.24,46.78,
2002-05-21,,,,,,,,,,,,,,,,,,,,,,,,5.18,3.28,5.79,1.9,3.43,,1.68,,20.05,1664.18,2.95,27.35,12.8,
2002-05-22,,,,,,,,,,,,,,,,,,,,,,,,5.13,3.23,5.75,1.9,3.39,,1.73,,19.58,1673.45,2.98,27.01,85.75,
2002-05-23,,,,,,,,,,,,,,,,,,,,,,,,5.16,3.28,5.78,1.88,3.42,,1.76,,18.23,1697.63,2.97,26.6,18.24,
2002-05-24,,,,,,,,,,,,,,,,,,,,,,,,5.16,3.28,5.78,1.88,3.42,,1.75,,18.9,1661.49,2.96,26.69,42.48,
2002-05-25,,,,,,,,,,,,,,,,,,,,,,,,,,,,,,1.75,,,,,,70.99,
2002-05-26,,,,,,,,,,,,,,,,,,,,,,,,,,,,,,1.75,,,,,,33.92,
2002-05-27,,,,,,,,,,,,,,,,,,,,,,,,,,,,,,1.75,,,,,,58.18,
2002-05-28,,,,,,,,,,,,,,,,,,,,,,,,5.16,3.3,5.78,1.86,3.39,,1.88,,20.31,1652.17,2.95,25.08,31.49,
2002-05-29,,,,,,,,,,,,,,,,,,,,,,,,5.11,3.24,5.77,1.87,3.36,,1.79,,20.39,1624.39,2.97,25.64,76.57,
2002-05-30,,,,,,,,,,,,,,,,,,,,,,,,5.06,3.17,5.74,1.89,3.31,,1.8,,20.61,1631.92,3.0,24.78,56.18,
2002-05-31,,,,,,,,,,,,,,,,,,,,,,,,5.08,3.22,5.75,1.86,3.34,,1.79,,19.98,1615.73,2.98,25.37,122.16,
2002-06-01,5553.5,1193.3,,179.6,190.2,170.6,1.75,1.328,130673.0,5.8,66.6,10648.2,7322.5,6.1,94.31580203658608,87.07,68.21598958875886,0.095,121.6,1717.0,1758.0,0.12,,,,,,,,1.79,,,,,,65.82,
2002-06-02,,,,,,,,,,,,,,,,,,,,,,,,,,,,,,1.79,,,,,,68.01,
2002-06-03,,,,,,,,,,,,,,,,,,,,,,,,5.06,3.19,5.76,1.87,3.29,,1.83,,23.37,1562.56,3.0,25.1,80.87,
2002-06-04,,,,,,,,,,,,,,,,,,,,,,,,5.04,3.13,5.75,1.91,3.28,,1.73,,23.89,1578.12,3.01,25.32,78.77,
2002-06-05,,,,,,,,,,,,,,,,,,,,,,,,5.08,3.16,5.79,1.92,3.33,,1.7,,22.61,1595.26,2.99,25.02,10.83,
2002-06-06,,,,,,,,,,,,,,,,,,,,,,,,5.04,3.13,5.77,1.91,3.3,,1.75,,24.16,1554.88,2.99,24.89,27.57,
2002-06-07,,,,,,,,,,,,,,,,,,,,,,,,5.1,3.16,5.81,1.94,3.36,,1.73,,23.51,1535.48,2.96,24.72,55.34,
2002-06-08,,,,,,,,,,,,,,,,,,,,,,,,,,,,,,1.73,,,,,,194.9,
2002-06-09,,,,,,,,,,,,,,,,,,,,,,,,,,,,,,1.73,,,,,,46.27,
2002-06-10,,,,,,,,,,,,,,,,,,,,,,,,5.07,3.15,5.76,1.92,3.31,,1.76,,23.72,1530.69,2.95,24.24,79.22,
2002-06-11,,,,,,,,,,,,,,,,,,,,,,,,5.02,3.09,5.71,1.93,3.27,,1.72,,24.45,1497.18,2.95,24.21,93.72,
2002-06-12,,,,,,,,,,,,,,,,,,,,,,,,4.98,3.05,5.68,1.93,3.24,,1.75,,24.15,1519.12,3.0,24.79,22.14,
2002-06-13,,,,,,,,,,,,,,,,,,,,,,,,4.94,3.0,5.65,1.94,3.22,,1.76,,25.02,1496.86,3.0,25.54,63.81,
2002-06-14,,,,,,,,,,,,,,,,,,,,,,,,4.83,2.92,5.59,1.91,3.12,,1.75,,25.96,1504.74,3.02,25.9,32.96,
2002-06-15,,,,,,,,,,,,,,,,,,,,,,,,,,,,,,1.75,,,,,,119.75,
2002-06-16,,,,,,,,,,,,,,,,,,,,,,,,,,,,,,1.75,,,,,,35.6,
2002-06-17,,,,,,,,,,,,,,,,,,,,,,,,4.89,2.96,5.63,1.93,3.15,,1.82,,24.64,1553.29,2.97,25.98,32.97,
2002-06-18,,,,,,,,,,,,,,,,,,,,,,,,4.88,2.93,5.62,1.95,3.15,,1.71,,24.24,1542.96,3.02,25.36,53.99,
2002-06-19,,,,,,,,,,,,,,,,,,,,,,,,4.76,2.81,5.58,1.95,3.05,,1.69,,26.06,1496.83,3.06,25.57,21.87,
2002-06-20,,,,,,,,,,,,,,,,,,,,,,,,4.85,2.93,5.64,1.92,3.12,,1.75,,27.48,1464.75,3.05,25.62,153.97,
2002-06-21,,,,,,,,,,,,,,,,,,,,,,,,4.79,2.88,5.56,1.91,3.07,,1.74,,27.23,1440.96,3.05,25.51,55.02,
2002-06-22,,,,,,,,,,,,,,,,,,,,,,,,,,,,,,1.74,,,,,,228.8,
2002-06-23,,,,,,,,,,,,,,,,,,,,,,,,,,,,,,1.74,,,,,,47.05,
2002-06-24,,,,,,,,,,,,,,,,,,,,,,,,4.87,2.93,5.62,1.94,3.13,,1.77,,26.98,1460.34,3.03,26.31,65.49,
2002-06-25,,,,,,,,,,,,,,,,,,,,,,,,4.88,2.92,5.64,1.96,3.15,,1.75,,27.84,1423.99,3.03,26.06,66.72,
2002-06-26,,,,,,,,,,,,,,,,,,,,,,,,4.75,2.77,5.6,1.98,3.05,,1.78,,28.42,1429.33,3.12,26.67,409.57,
2002-06-27,,,,,,,,,,,,,,,,,,,,,,,,4.84,2.85,5.68,1.99,3.14,,1.81,,26.29,1459.2,3.14,26.77,67.73,
2002-06-28,,,,,,,,,,,,,,,,,,,,,,,,4.86,2.9,5.7,1.96,3.16,,1.73,,25.4,1463.21,3.13,26.79,69.81,
2002-06-29,,,,,,,,,,,,,,,,,,,,,,,,,,,,,,1.73,,,,,,171.66,
2002-06-30,,,,,,,,,,,,,,,,,,,,,,,,,,,,,,1.73,,,,,,158.2,
2002-07-01,5596.2,1199.1,,180.0,190.5,171.0,1.73,1.296,130583.0,5.8,66.5,10621.0,7387.3,5.3,100.24595682287908,126.56,114.26022054508675,0.095,122.4,1655.0,1738.0,0.66,,4.85,2.88,5.67,1.97,3.13,,1.83,,27.11,1403.8,3.14,26.79,73.17,
2002-07-02,,,,,,,,,,,,,,,,,,,,,,,,4.77,2.78,5.64,1.99,3.05,,1.72,,28.96,1357.82,3.18,26.83,80.82,
2002-07-03,,,,,,,,,,,,,,,,,,,,,,,,4.78,2.78,5.62,2.0,3.06,,1.71,,29.42,1380.17,3.17,26.82,11.13,
2002-07-04,,,,,,,,,,,,,,,,,,,,,,,,,,,,,,1.71,,,,,,89.63,
2002-07-05,,,,,,,,,,,,,,,,,,,,,,,,4.9,2.9,5.7,2.0,3.18,,1.72,,27.11,1448.36,3.15,,301.8,
2002-07-06,,,,,,,,,,,,,,,,,,,,,,,,,,,,,,1.72,,,,,,185.46,
2002-07-07,,,,,,,,,,,,,,,,,,,,,,,,,,,,,,1.72,,,,,,111.73,
2002-07-08,,,,,,,,,,,,,,,,,,,,,,,,4.84,2.84,5.66,2.0,3.11,,1.75,,28.25,1405.61,3.19,26.14,65.37,
2002-07-09,,,,,,,,,,,,,,,,,,,,,,,,4.78,2.74,5.6,2.04,3.06,,1.72,,30.22,1381.12,3.19,26.16,99.09,
2002-07-10,,,,,,,,,,,,,,,,,,,,,,,,4.66,2.61,5.53,2.05,2.94,,1.74,,34.1,1346.01,3.21,26.73,70.2,
2002-07-11,,,,,,,,,,,,,,,,,,,,,,,,4.66,2.61,5.57,2.05,2.94,,1.76,,33.85,1374.43,3.21,27.01,182.62,
2002-07-12,,,,,,,,,,,,,,,,,,,,,,,,4.63,2.56,5.55,2.07,2.92,,1.71,,32.94,1373.5,3.24,27.48,81.92,
2002-07-13,,,,,,,,,,,,,,,,,,,,,,,,,,,,,,1.71,,,,,,399.69,
2002-07-14,,,,,,,,,,,,,,,,,,,,,,,,,,,,,,1.71,,,,,,190.68,
2002-07-15,,,,,,,,,,,,,,,,,,,,,,,,4.66,2.55,5.57,2.11,2.94,,1.83,,35.03,1382.62,3.26,27.23,475.43,
2002-07-16,,,,,,,,,,,,,,,,,,,,,,,,4.75,2.66,5.63,2.09,3.03,,1.72,,36.65,1375.26,3.24,27.68,817.59,
2002-07-17,,,,,,,,,,,,,,,,,,,,,,,,4.71,2.63,5.62,2.08,2.99,,1.71,,35.45,1397.25,3.27,27.88,248.21,
2002-07-18,,,,,,,,,,,,,,,,,,,,,,,,4.66,2.55,5.62,2.11,2.94,,1.74,,35.12,1356.95,3.3,27.5,132.78,
2002-07-19,,,,,,,,,,,,,,,,,,,,,,,,4.61,2.48,5.55,2.13,2.9,,1.72,,38.17,1319.15,3.25,27.83,213.94,
2002-07-20,,,,,,,,,,,,,,,,,,,,,,,,,,,,,,1.72,,,,,,432.31,
2002-07-21,,,,,,,,,,,,,,,,,,,,,,,,,,,,,,1.72,,,,,,310.46,
2002-07-22,,,,,,,,,,,,,,,,,,,,,,,,4.51,2.4,5.5,2.11,2.81,,1.77,,41.87,1282.65,3.3,26.61,542.58,
2002-07-23,,,,,,,,,,,,,,,,,,,,,,,,4.47,2.34,5.49,2.13,2.77,,1.73,,44.92,1229.05,3.33,26.61,490.71,
2002-07-24,,,,,,,,,,,,,,,,,,,,,,,,4.49,2.38,5.57,2.11,2.8,,1.67,,39.86,1290.23,3.35,26.78,216.34,
2002-07-25,,,,,,,,,,,,,,,,,,,,,,,,4.43,2.28,5.54,2.15,2.73,,1.75,,39.27,1240.08,3.35,26.67,462.17,
2002-07-26,,,,,,,,,,,,,,,,,,,,,,,,4.43,2.2,5.52,2.23,2.74,,1.69,,35.51,1262.12,3.34,26.55,181.96,
2002-07-27,,,,,,,,,,,,,,,,,,,,,,,,,,,,,,1.69,,,,,,569.44,
2002-07-28,,,,,,,,,,,,,,,,,,,,,,,,,,,,,,1.69,,,,,,106.5,
2002-07-29,,,,,,,,,,,,,,,,,,,,,,,,4.62,2.41,5.62,2.21,2.9,,1.75,,31.33,1335.25,3.25,26.54,342.49,
2002-07-30,,,,,,,,,,,,,,,,,,,,,,,,4.65,2.44,5.59,2.21,2.93,,1.71,,31.92,1344.19,3.21,27.43,122.16,
2002-07-31,,,,,,,,,,,,,,,,,,,,,,,,4.51,2.23,5.51,2.28,2.8,,1.76,,32.03,1328.26,3.25,27.02,113.36,
2002-08-01,5638.4,1187.1,,180.5,191.1,171.4,1.74,1.255,130582.0,5.7,66.6,10623.0,7412.6,5.2,106.8153978515997,114.96,131.14199275631046,0.095,123.1,1633.0,1695.0,0.42,,4.47,2.15,5.51,2.32,2.79,,1.79,,36.95,1280.0,3.27,26.51,346.4,
2002-08-02,,,,,,,,,,,,,,,,,,,,,,,,4.33,1.99,5.44,2.34,2.7,,1.72,,41.29,1247.92,3.34,26.87,169.62,
2002-08-03,,,,,,,,,,,,,,,,,,,,,,,,,,,,,,1.72,,,,,,419.55,
2002-08-04,,,,,,,,,,,,,,,,,,,,,,,,,,,,,,1.72,,,,,,224.18,
2002-08-05,,,,,,,,,,,,,,,,,,,,,,,,4.29,1.93,5.41,2.36,2.65,,1.77,,45.08,1206.01,3.36,26.55,353.49,
2002-08-06,,,,,,,,,,,,,,,,,,,,,,,,4.42,2.11,5.45,2.31,2.77,,1.74,,42.03,1259.55,3.3,27.18,161.59,
2002-08-07,,,,,,,,,,,,,,,,,,,,,,,,4.35,1.98,5.44,2.37,2.76,,1.71,,38.73,1280.9,3.35,26.58,141.24,
2002-08-08,,,,,,,,,,,,,,,,,,,,,,,,4.4,2.1,5.44,2.3,2.78,,1.71,,36.33,1316.52,3.33,26.67,197.87,
2002-08-09,,,,,,,,,,,,,,,,,,,,,,,,4.27,2.1,5.35,2.17,2.65,,1.68,,35.33,1306.12,3.36,26.87,245.6,
2002-08-10,,,,,,,,,,,,,,,,,,,,,,,,,,,,,,1.68,,,,,,284.41,
2002-08-11,,,,,,,,,,,,,,,,,,,,,,,,,,,,,,1.68,,,,,,142.23,
2002-08-12,,,,,,,,,,,,,,,,,,,,,,,,4.22,2.1,5.29,2.12,2.54,,1.76,,37.05,1306.84,3.33,27.84,407.2,
2002-08-13,,,,,,,,,,,,,,,,,,,,,,,,4.12,2.0,5.22,2.12,2.49,,1.74,,35.82,1269.28,3.39,28.35,947.12,
2002-08-14,,,,,,,,,,,,,,,,,,,,,,,,4.06,2.12,5.08,1.94,2.42,,1.78,,32.36,1334.3,3.37,28.19,268.48,
2002-08-15,,,,,,,,,,,,,,,,,,,,,,,,4.17,2.22,5.17,1.95,2.55,,1.87,,29.43,1345.01,3.35,28.99,189.64,
2002-08-16,,,,,,,,,,,,,,,,,,,,,,,,4.32,2.28,5.24,2.04,2.7,,1.7,,28.81,1361.01,3.32,29.24,67.34,
2002-08-17,,,,,,,,,,,,,,,,,,,,,,,,,,,,,,1.7,,,,,,303.61,
2002-08-18,,,,,,,,,,,,,,,,,,,,,,,,,,,,,,1.7,,,,,,182.63,
2002-08-19,,,,,,,,,,,,,,,,,,,,,,,,4.29,2.25,5.21,2.04,2.62,,1.72,,28.61,1394.54,3.32,29.86,383.93,
2002-08-20,,,,,,,,,,,,,,,,,,,,,,,,4.17,2.12,5.14,2.05,2.55,,1.7,,29.59,1376.59,3.36,30.12,81.64,
2002-08-21,,,,,,,,,,,,,,,,,,,,,,,,4.2,2.12,5.19,2.08,2.57,,1.72,,28.23,1409.25,3.32,30.37,176.63,
2002-08-22,,,,,,,,,,,,,,,,,,,,,,,,4.3,2.22,5.27,2.08,2.65,,1.73,,27.75,1422.95,3.28,30.11,72.83,
2002-08-23,,,,,,,,,,,,,,,,,,,,,,,,4.25,2.19,5.25,2.06,2.6,,1.72,,29.32,1380.62,3.27,29.99,140.72,
2002-08-24,,,,,,,,,,,,,,,,,,,,,,,,,,,,,,1.72,,,,,,358.91,
2002-08-25,,,,,,,,,,,,,,,,,,,,,,,,,,,,,,1.72,,,,,,110.41,
2002-08-26,,,,,,,,,,,,,,,,,,,,,,,,4.22,2.19,5.22,2.03,2.54,,1.81,,29.89,1391.74,3.29,29.23,130.08,
2002-08-27,,,,,,,,,,,,,,,,,,,,,,,,4.29,2.26,5.25,2.03,2.61,,1.79,,30.11,1347.78,3.28,28.84,293.22,
2002-08-28,,,,,,,,,,,,,,,,,,,,,,,,4.22,2.23,5.21,1.99,2.55,,1.8,,33.32,1314.38,3.3,28.31,51.57,
2002-08-29,,,,,,,,,,,,,,,,,,,,,,,,4.16,2.14,5.18,2.02,2.48,,1.82,,33.67,1335.77,3.33,28.83,124.32,
2002-08-30,,,,,,,,,,,,,,,,,,,,,,,,4.14,2.14,5.11,2.0,2.45,,1.81,,32.64,1314.85,3.32,28.97,75.2,
2002-08-31,,,,,,,,,,,,,,,,,,,,,,,,,,,,,,1.81,,,,,,295.66,
2002-09-01,5662.5,1196.1,,180.8,191.3,171.6,1.75,1.129,130503.0,5.7,66.7,10633.6,7391.5,5.8,122.72437455287672,138.87,178.29577627398078,0.095,123.7,1804.0,1803.0,0.46,,,,,,,,1.81,,,,,,119.94,
2002-09-02,,,,,,,,,,,,,,,,,,,,,,,,,,,,,,1.81,,,,,,686.48,
2002-09-03,,,,,,,,,,,,,,,,,,,,,,,,3.98,2.01,5.02,1.97,2.34,,1.87,,39.97,1263.84,3.39,27.76,251.23,
2002-09-04,,,,,,,,,,,,,,,,,,,,,,,,3.96,2.02,4.98,1.94,2.33,,1.74,,37.44,1292.31,3.4,28.28,159.06,
2002-09-05,,,,,,,,,,,,,,,,,,,,,,,,3.91,1.95,4.98,1.96,2.3,,1.75,,38.86,1251.0,3.47,29.06,441.73,
2002-09-06,,,,,,,,,,,,,,,,,,,,,,,,4.05,2.08,5.07,1.97,2.39,,1.71,,36.33,1295.3,3.42,29.51,60.78,
2002-09-07,,,,,,,,,,,,,,,,,,,,,,,,,,,,,,1.71,,,,,,13.27,
2002-09-08,,,,,,,,,,,,,,,,,,,,,,,,,,,,,,1.71,,,,,,134.25,
2002-09-09,,,,,,,,,,,,,,,,,,,,,,,,4.05,2.13,5.04,1.92,2.36,,1.76,,36.45,1304.6,3.41,29.8,314.24,
2002-09-10,,,,,,,,,,,,,,,,,,,,,,,,4.0,2.12,5.03,1.88,2.32,,1.74,,35.08,1320.09,3.43,29.62,356.26,
2002-09-11,,,,,,,,,,,,,,,,,,,,,,,,4.07,2.18,5.08,1.89,2.38,,1.72,,34.81,1315.45,3.42,29.77,141.55,
2002-09-12,,,,,,,,,,,,,,,,,,,,,,,,3.98,2.12,5.03,1.86,2.29,,1.74,,37.5,1279.68,3.45,28.95,199.78,
2002-09-13,,,,,,,,,,,,,,,,,,,,,,,,3.92,2.07,4.97,1.85,2.23,,1.72,,35.82,1291.4,3.44,29.83,93.87,
2002-09-14,,,,,,,,,,,,,,,,,,,,,,,,,,,,,,1.72,,,,,,381.9,
2002-09-15,,,,,,,,,,,,,,,,,,,,,,,,,,,,,,1.72,,,,,,80.07,
2002-09-16,,,,,,,,,,,,,,,,,,,,,,,,3.9,2.07,4.95,1.83,2.19,,1.83,,36.74,1275.88,3.47,29.14,161.14,
2002-09-17,,,,,,,,,,,,,,,,,,,,,,,,3.87,2.06,4.96,1.81,2.17,,1.72,,38.01,1259.94,3.51,29.08,304.76,
2002-09-18,,,,,,,,,,,,,,,,,,,,,,,,3.86,2.04,4.95,1.82,2.18,,1.68,,37.52,1252.13,3.51,29.57,132.81,
2002-09-19,,,,,,,,,,,,,,,,,,,,,,,,3.79,1.93,4.9,1.86,2.14,,1.69,,40.65,1216.45,3.55,29.49,211.18,
2002-09-20,,,,,,,,,,,,,,,,,,,,,,,,3.79,1.94,4.95,1.85,2.14,,1.7,,38.98,1221.09,3.59,29.65,51.21,
2002-09-21,,,,,,,,,,,,,,,,,,,,,,,,,,,,,,1.7,,,,,,272.64,
2002-09-22,,,,,,,,,,,,,,,,,,,,,,,,,,,,,,1.7,,,,,,169.57,
2002-09-23,,,,,,,,,,,,,,,,,,,,,,,,3.7,1.93,4.88,1.77,2.05,,1.74,,39.68,1184.93,3.63,30.85,290.29,
2002-09-24,,,,,,,,,,,,,,,,,,,,,,,,3.69,1.93,4.84,1.76,2.04,,1.75,,40.52,1182.17,3.65,30.79,612.93,
2002-09-25,,,,,,,,,,,,,,,,,,,,,,,,3.77,2.0,4.91,1.77,2.11,,1.79,,37.33,1222.29,3.67,30.69,497.79,
2002-09-26,,,,,,,,,,,,,,,,,,,,,,,,3.79,1.97,4.93,1.82,2.14,,1.8,,34.6,1221.61,3.64,30.31,133.93,
2002-09-27,,,,,,,,,,,,,,,,,,,,,,,,3.69,1.82,4.91,1.87,2.06,,1.78,,36.97,1199.16,3.71,30.53,235.0,
2002-09-28,,,,,,,,,,,,,,,,,,,,,,,,,,,,,,1.78,,,,,,266.31,
2002-09-29,,,,,,,,,,,,,,,,,,,,,,,,,,,,,,1.78,,,,,,305.19,
2002-09-30,,,,,,,,,,,,,,,,,,,,,,,,3.63,1.72,4.88,1.91,2.06,,1.85,,39.69,1172.06,3.76,30.59,490.3,
2002-10-01,5707.2,1204.0,,181.2,191.5,172.0,1.75,1.095,130617.0,5.7,66.6,10661.8,7435.2,5.6,117.21743501069126,113.34,120.57671910200608,0.091,126.9,1648.0,1799.0,0.52,,3.72,1.8,5.01,1.92,2.13,,1.85,,34.12,1213.72,3.74,30.71,328.56,
2002-10-02,,,,,,,,,,,,,,,,,,,,,,,,3.71,1.75,4.98,1.96,2.13,,1.75,,36.83,1187.3,3.73,30.59,80.92,
2002-10-03,,,,,,,,,,,,,,,,,,,,,,,,3.7,1.75,4.99,1.95,2.13,,1.76,,37.31,1165.56,3.76,29.73,193.39,
2002-10-04,,,,,,,,,,,,,,,,,,,,,,,,3.69,1.78,5.0,1.91,2.08,,1.72,,39.46,1139.9,3.78,29.65,211.5,
2002-10-05,,,,,,,,,,,,,,,,,,,,,,,,,,,,,,1.72,,,,,,332.3,
2002-10-06,,,,,,,,,,,,,,,,,,,,,,,,,,,,,,1.72,,,,,,94.67,
2002-10-07,,,,,,,,,,,,,,,,,,,,,,,,3.64,1.77,4.98,1.87,2.01,,1.74,,42.64,1119.4,3.86,29.65,314.2,
2002-10-08,,,,,,,,,,,,,,,,,,,,,,,,3.65,1.8,4.99,1.85,2.04,,1.72,,41.02,1129.21,3.89,29.56,338.53,
2002-10-09,,,,,,,,,,,,,,,,,,,,,,,,3.61,1.72,4.95,1.89,2.04,,1.73,,42.13,1114.11,3.9,29.31,222.44,
2002-10-10,,,,,,,,,,,,,,,,,,,,,,,,3.68,1.75,4.98,1.93,2.1,,1.75,,37.55,1163.37,3.9,28.96,367.2,
2002-10-11,,,,,,,,,,,,,,,,,,,,,,,,3.83,1.85,5.06,1.98,2.25,,1.73,,35.7,1210.47,3.88,29.36,219.51,
2002-10-12,,,,,,,,,,,,,,,,,,,,,,,,,,,,,,1.73,,,,,,348.86,
2002-10-13,,,,,,,,,,,,,,,,,,,,,,,,,,,,,,1.73,,,,,,82.75,
2002-10-14,,,,,,,,,,,,,,,,,,,,,,,,,,,,,,1.73,,36.04,1220.53,,30.06,177.34,
2002-10-15,,,,,,,,,,,,,,,,,,,,,,,,4.07,2.08,5.22,1.99,2.39,,1.88,,34.02,1282.44,3.74,29.73,202.86,
2002-10-16,,,,,,,,,,,,,,,,,,,,,,,,4.06,2.02,5.23,2.04,2.4,,1.73,,36.0,1232.42,3.77,29.28,112.99,
2002-10-17,,,,,,,,,,,,,,,,,,,,,,,,4.16,2.1,5.31,2.06,2.49,,1.74,,34.1,1272.29,3.73,29.61,183.96,
2002-10-18,,,,,,,,,,,,,,,,,,,,,,,,4.14,2.09,5.32,2.05,2.47,,1.71,,33.53,1287.86,3.76,29.56,132.51,
2002-10-19,,,,,,,,,,,,,,,,,,,,,,,,,,,,,,1.71,,,,,,303.88,
2002-10-20,,,,,,,,,,,,,,,,,,,,,,,,,,,,,,1.71,,,,,,109.31,
2002-10-21,,,,,,,,,,,,,,,,,,,,,,,,4.24,2.23,5.36,2.01,2.53,,1.73,,33.11,1309.67,3.7,28.31,393.9,
2002-10-22,,,,,,,,,,,,,,,,,,,,,,,,4.27,2.21,5.36,2.06,2.58,,1.71,,34.09,1292.8,3.71,27.93,208.69,
2002-10-23,,,,,,,,,,,,,,,,,,,,,,,,4.26,2.2,5.39,2.06,2.58,,1.76,,33.2,1320.23,3.73,28.19,259.95,
2002-10-24,,,,,,,,,,,,,,,,,,,,,,,,4.16,2.09,5.35,2.07,2.51,,1.8,,34.03,1298.71,3.77,27.87,215.96,
2002-10-25,,,,,,,,,,,,,,,,,,,,,,,,4.12,1.98,5.31,2.14,2.48,,1.82,,30.0,1331.13,3.78,27.09,157.05,
2002-10-26,,,,,,,,,,,,,,,,,,,,,,,,,,,,,,1.82,,,,,,332.71,
2002-10-27,,,,,,,,,,,,,,,,,,,,,,,,,,,,,,1.82,,,,,,98.03,
2002-10-28,,,,,,,,,,,,,,,,,,,,,,,,4.1,1.88,5.35,2.22,2.51,,1.79,,31.07,1315.83,3.81,27.25,97.79,
2002-10-29,,,,,,,,,,,,,,,,,,,,,,,,3.97,1.79,5.28,2.18,2.46,,1.75,,32.27,1300.54,3.85,26.81,164.79,
2002-10-30,,,,,,,,,,,,,,,,,,,,,,,,3.99,1.74,5.3,2.25,2.48,,1.72,,31.23,1326.73,3.83,26.85,87.79,
2002-10-31,,,,,,,,,,,,,,,,,,,,,,,,3.93,1.68,5.28,2.25,2.49,,1.82,,31.14,1329.75,3.82,27.18,172.13,
2002-11-01,5758.2,1209.6,,181.5,191.9,172.2,1.34,0.979,130616.0,5.9,66.4,10690.9,7463.8,5.6,122.1343055327736,136.55,206.8669626698974,0.089,126.7,1753.0,1771.0,0.22,,4.01,1.76,5.3,2.25,2.58,,1.74,,29.3,1360.7,3.76,27.04,188.85,
2002-11-02,,,,,,,,,,,,,,,,,,,,,,,,,,,,,,1.74,,,,,,234.06,
2002-11-03,,,,,,,,,,,,,,,,,,,,,,,,,,,,,,1.74,,,,,,134.53,
2002-11-04,,,,,,,,,,,,,,,,,,,,,,,,4.07,1.79,5.31,2.28,2.64,,1.71,,30.82,1396.54,3.72,26.89,302.24,
2002-11-05,,,,,,,,,,,,,,,,,,,,,,,,4.1,1.82,5.33,2.28,2.68,,1.64,,31.23,1401.17,3.72,26.06,223.25,
2002-11-06,,,,,,,,,,,,,,,,,,,,,,,,4.09,1.87,5.35,2.22,2.86,,1.48,,30.73,1418.99,3.72,25.72,270.14,
2002-11-07,,,,,,,,,,,,,,,,,,,,,,,,3.88,1.86,5.17,2.02,2.66,,1.27,,31.42,1376.71,3.73,25.36,164.59,
2002-11-08,,,,,,,,,,,,,,,,,,,,,,,,3.85,1.87,5.05,1.98,2.63,,1.18,,29.41,1359.28,3.66,25.83,80.38,
2002-11-09,,,,,,,,,,,,,,,,,,,,,,,,,,,,,,1.18,,,,,,216.44,
2002-11-10,,,,,,,,,,,,,,,,,,,,,,,,,,,,,,1.18,,,,,,98.29,
2002-11-11,,,,,,,,,,,,,,,,,,,,,,,,,,,,,,1.18,,31.3,1319.19,,26.02,260.47,
2002-11-12,,,,,,,,,,,,,,,,,,,,,,,,3.84,1.79,5.05,2.05,2.62,,1.29,,30.58,1349.56,3.68,26.19,165.47,
2002-11-13,,,,,,,,,,,,,,,,,,,,,,,,3.84,1.76,5.01,2.08,2.63,,1.17,,31.24,1361.34,3.67,25.28,287.7,
2002-11-14,,,,,,,,,,,,,,,,,,,,,,,,4.03,1.89,5.16,2.14,2.81,,1.29,,28.67,1411.52,3.58,25.4,42.07,
2002-11-15,,,,,,,,,,,,,,,,,,,,,,,,4.05,1.91,5.12,2.14,2.83,,1.35,,26.65,1411.14,3.54,25.5,19.62,
2002-11-16,,,,,,,,,,,,,,,,,,,,,,,,,,,,,,1.35,,,,,,263.37,
2002-11-17,,,,,,,,,,,,,,,,,,,,,,,,,,,,,,1.35,,,,,,50.48,
2002-11-18,,,,,,,,,,,,,,,,,,,,,,,,4.02,1.91,5.1,2.11,2.79,,1.21,,27.66,1393.69,3.52,26.71,164.41,
2002-11-19,,,,,,,,,,,,,,,,,,,,,,,,3.99,1.91,5.06,2.08,2.78,,1.2,,27.41,1374.51,3.5,26.41,166.45,
2002-11-20,,,,,,,,,,,,,,,,,,,,,,,,4.08,1.98,5.14,2.1,2.86,,1.23,,25.32,1419.35,3.48,27.0,129.22,
2002-11-21,,,,,,,,,,,,,,,,,,,,,,,,4.14,2.05,5.2,2.09,2.92,,1.27,,23.81,1467.55,3.46,27.07,159.74,
2002-11-22,,,,,,,,,,,,,,,,,,,,,,,,4.18,2.1,5.22,2.08,2.95,,1.25,,23.16,1468.74,3.43,27.73,89.97,
2002-11-23,,,,,,,,,,,,,,,,,,,,,,,,,,,,,,1.25,,,,,,191.49,
2002-11-24,,,,,,,,,,,,,,,,,,,,,,,,,,,,,,1.25,,,,,,80.77,
2002-11-25,,,,,,,,,,,,,,,,,,,,,,,,4.19,2.09,5.23,2.1,2.95,,1.32,,24.07,1481.9,3.42,27.01,274.19,
2002-11-26,,,,,,,,,,,,,,,,,,,,,,,,4.08,1.97,5.15,2.11,2.86,,1.26,,25.97,1444.43,3.45,26.6,57.84,
2002-11-27,,,,,,,,,,,,,,,,,,,,,,,,4.26,2.13,5.28,2.13,3.03,,1.27,,27.25,1487.94,3.39,26.87,57.29,
2002-11-28,,,,,,,,,,,,,,,,,,,,,,,,,,,,,,1.27,,,,,,165.35,
2002-11-29,,,,,,,,,,,,,,,,,,,,,,,,4.22,2.08,5.23,2.14,3.0,,1.23,,27.5,1478.78,3.38,,287.83,
2002-11-30,,,,,,,,,,,,,,,,,,,,,,,,,,,,,,1.23,,,,,,130.3,
2002-12-01,5779.5,1220.2,,181.8,192.1,172.4,1.24,0.975,130465.0,6.0,66.3,10719.9,7519.9,5.3,118.56200230056092,153.67,165.02271503489632,0.089,127.1,1788.0,1896.0,1.02,,,,,,,,1.23,,,,,,107.91,
2002-12-02,,,,,,,,,,,,,,,,,,,,,,,,4.22,2.07,5.22,2.15,2.98,,1.27,,27.46,1484.78,3.37,27.27,283.62,
2002-12-03,,,,,,,,,,,,,,,,,,,,,,,,4.24,2.08,5.23,2.16,3.01,,1.24,,28.33,1448.96,3.35,27.34,411.01,
2002-12-04,,,,,,,,,,,,,,,,,,,,,,,,4.18,2.02,5.19,2.16,2.96,,1.23,,28.92,1430.35,3.38,26.8,80.0,
2002-12-05,,,,,,,,,,,,,,,,,,,,,,,,4.13,1.97,5.16,2.16,2.91,,1.24,,30.1,1410.75,3.38,27.27,156.15,
2002-12-06,,,,,,,,,,,,,,,,,,,,,,,,4.09,1.89,5.15,2.2,2.88,,1.21,,28.88,1422.44,3.42,27.03,131.85,
2002-12-07,,,,,,,,,,,,,,,,,,,,,,,,,,,,,,1.21,,,,,,326.26,
2002-12-08,,,,,,,,,,,,,,,,,,,,,,,,,,,,,,1.21,,,,,,83.05,
2002-12-09,,,,,,,,,,,,,,,,,,,,,,,,4.06,1.88,5.12,2.18,2.83,,1.22,,30.78,1367.14,3.42,27.29,341.89,
2002-12-10,,,,,,,,,,,,,,,,,,,,,,,,4.06,1.9,5.09,2.16,2.85,,1.22,,28.76,1390.76,3.4,27.73,71.84,
2002-12-11,,,,,,,,,,,,,,,,,,,,,,,,4.01,1.85,5.04,2.16,2.8,,1.29,,27.76,1396.59,3.4,27.49,28.79,
2002-12-12,,,,,,,,,,,,,,,,,,,,,,,,4.01,1.85,5.07,2.16,2.8,,1.29,,27.29,1399.55,3.42,28.2,16.9,
2002-12-13,,,,,,,,,,,,,,,,,,,,,,,,4.07,1.87,5.15,2.2,2.86,,1.25,,28.18,1362.42,3.42,28.39,60.41,
2002-12-14,,,,,,,,,,,,,,,,,,,,,,,,,,,,,,1.25,,,,,,215.94,
2002-12-15,,,,,,,,,,,,,,,,,,,,,,,,,,,,,,1.25,,,,,,20.92,
2002-12-16,,,,,,,,,,,,,,,,,,,,,,,,4.15,1.94,5.21,2.21,2.92,,1.36,,26.24,1400.33,3.37,30.15,57.91,
2002-12-17,,,,,,,,,,,,,,,,,,,,,,,,4.13,1.89,5.24,2.24,2.91,,1.26,,26.66,1392.05,3.37,30.04,105.38,
2002-12-18,,,,,,,,,,,,,,,,,,,,,,,,4.06,1.81,5.2,2.25,2.85,,1.25,,28.29,1361.51,3.4,30.41,68.33,
2002-12-19,,,,,,,,,,,,,,,,,,,,,,,,3.96,1.74,5.15,2.22,2.75,,1.28,,30.21,1354.1,3.44,30.57,422.74,
2002-12-20,,,,,,,,,,,,,,,,,,,,,,,,3.97,1.76,5.12,2.21,2.76,,1.26,,26.71,1363.05,3.42,30.57,381.09,
2002-12-21,,,,,,,,,,,,,,,,,,,,,,,,,,,,,,1.26,,,,,,271.97,
2002-12-22,,,,,,,,,,,,,,,,,,,,,,,,,,,,,,1.26,,,,,,65.73,
2002-12-23,,,,,,,,,,,,,,,,,,,,,,,,3.98,1.79,5.13,2.19,2.79,,1.28,,26.2,1381.69,3.44,32.09,250.12,
2002-12-24,,,,,,,,,,,,,,,,,,,,,,,,3.95,1.73,5.11,2.22,2.76,,1.15,,26.49,1372.47,3.44,32.13,68.15,
2002-12-25,,,,,,,,,,,,,,,,,,,,,,,,,,,,,,1.15,,,,,,167.29,
2002-12-26,,,,,,,,,,,,,,,,,,,,,,,,3.93,1.7,5.11,2.23,2.75,,1.28,,27.37,1367.89,3.45,32.61,86.72,
2002-12-27,,,,,,,,,,,,,,,,,,,,,,,,3.83,1.6,5.06,2.23,2.67,,1.2,,29.55,1348.31,3.49,32.68,422.07,
2002-12-28,,,,,,,,,,,,,,,,,,,,,,,,,,,,,,1.2,,,,,,859.19,
2002-12-29,,,,,,,,,,,,,,,,,,,,,,,,,,,,,,1.2,,,,,,80.89,
2002-12-30,,,,,,,,,,,,,,,,,,,,,,,,3.82,1.61,5.02,2.21,2.6,,1.23,,29.62,1339.54,3.48,31.41,539.84,
2002-12-31,,,,,,,,,,,,,,,,,,,,,,,,3.83,1.61,5.03,2.22,2.61,,1.16,,28.62,1335.51,3.48,31.21,786.4,
2003-01-01,5812.3,1227.3,724718.0,182.6,192.4,173.3,1.24,0.836,130573.0,5.8,66.4,10710.4,7541.3,5.3,127.2434223196392,184.77,171.75527105721636,0.089,133.5,1853.0,1808.0,0.46,,,,,,,,1.16,,,,,,317.3,
2003-01-02,,,,,,,,,,,,,,,,,,,,,,,,4.07,1.8,5.18,2.27,2.85,1.64,1.3,,25.39,1384.85,3.37,31.97,188.18,1.98
2003-01-03,,,,,,,,,,,,,,,,,,,,,,,,4.05,1.79,5.18,2.26,2.83,1.62,1.12,,24.68,1387.08,3.39,33.26,148.9,1.96
2003-01-04,,,,,,,,,,,,,,,,,,,,,,,,,,,,,,1.12,,,,,,635.94,
2003-01-05,,,,,,,,,,,,,,,,,,,,,,,,,,,,,,1.12,,,,,,146.09,
2003-01-06,,,,,,,,,,,,,,,,,,,,,,,,4.09,1.84,5.2,2.25,2.88,1.63,1.22,,24.91,1421.32,3.38,32.29,295.76,1.95
2003-01-07,,,,,,,,,,,,,,,,,,,,,,,,4.04,1.77,5.18,2.27,2.85,1.62,1.2,,25.13,1431.57,3.39,31.2,248.74,1.96
2003-01-08,,,,,,,,,,,,,,,,,,,,,,,,4.0,1.71,5.13,2.29,2.81,1.71,1.29,,25.53,1401.07,3.35,30.66,81.2,2.09
2003-01-09,,,,,,,,,,,,,,,,,,,,,,,,4.19,1.87,5.27,2.32,2.99,1.78,1.29,,24.25,1438.46,3.29,31.95,147.64,2.15
2003-01-10,,,,,,,,,,,,,,,,,,,,,,,,4.16,1.79,5.24,2.37,2.96,1.75,1.25,,24.32,1447.72,3.31,31.59,140.03,2.1
2003-01-11,,,,,,,,,,,,,,,,,,,,,,,,,,,,,,1.25,,,,,,302.09,
2003-01-12,,,,,,,,,,,,,,,,,,,,,,,,,,,,,,1.25,,,,,,106.27,
2003-01-13,,,,,,,,,,,,,,,,,,,,,,,,4.15,1.81,5.23,2.34,2.94,1.77,1.26,,24.9,1446.04,3.29,32.08,73.28,2.14
2003-01-14,,,,,,,,,,,,,,,,,,,,,,,,4.1,1.76,5.19,2.34,2.91,1.76,1.24,,24.57,1460.99,3.31,32.42,135.56,2.14
2003-01-15,,,,,,,,,,,,,,,,,,,,,,,,4.1,1.75,5.17,2.35,2.9,1.8,1.3,,25.51,1438.8,3.29,33.23,86.34,2.19
2003-01-16,,,,,,,,,,,,,,,,,,,,,,,,4.1,1.75,5.16,2.35,2.92,1.79,1.24,,25.01,1423.75,3.29,33.58,74.28,2.18
2003-01-17,,,,,,,,,,,,,,,,,,,,,,,,4.05,1.7,5.13,2.35,2.87,1.8,1.2,,25.7,1376.19,3.29,33.88,177.68,2.15
2003-01-18,,,,,,,,,,,,,,,,,,,,,,,,,,,,,,1.2,,,,,,219.64,
2003-01-19,,,,,,,,,,,,,,,,,,,,,,,,,,,,,,1.2,,,,,,52.22,
2003-01-20,,,,,,,,,,,,,,,,,,,,,,,,,,,,,,1.2,,,,,,29.33,
2003-01-21,,,,,,,,,,,,,,,,,,,,,,,,4.01,1.67,5.11,2.34,2.82,1.78,1.31,,27.59,1364.25,3.31,34.62,90.31,2.18
2003-01-22,,,,,,,,,,,,,,,,,,,,,,,,3.95,1.66,5.07,2.29,2.78,1.72,1.26,,29.01,1359.48,3.33,34.32,146.18,2.1
2003-01-23,,,,,,,,,,,,,,,,,,,,,,,,3.98,1.69,5.08,2.29,2.81,1.78,1.27,,27.53,1388.27,3.33,33.9,77.55,2.14
2003-01-24,,,,,,,,,,,,,,,,,,,,,,,,3.94,1.66,5.05,2.28,2.78,1.8,1.21,,31.51,1342.14,3.33,34.98,243.72,2.14
2003-01-25,,,,,,,,,,,,,,,,,,,,,,,,,,,,,,1.21,,,,,,191.6,
2003-01-26,,,,,,,,,,,,,,,,,,,,,,,,,,,,,,1.21,,,,,,175.06,
2003-01-27,,,,,,,,,,,,,,,,,,,,,,,,3.98,1.7,5.06,2.28,2.81,1.82,1.3,,34.69,1325.27,3.27,32.43,444.38,2.17
2003-01-28,,,,,,,,,,,,,,,,,,,,,,,,4.0,1.7,5.06,2.3,2.82,1.81,1.23,,31.93,1342.18,3.23,32.7,300.13,2.15
2003-01-29,,,,,,,,,,,,,,,,,,,,,,,,4.06,1.77,5.11,2.29,2.88,1.85,1.26,,31.26,1358.06,3.18,33.54,380.09,2.18
2003-01-30,,,,,,,,,,,,,,,,,,,,,,,,4.0,1.7,5.06,2.3,2.82,1.8,1.29,,31.32,1322.35,3.19,33.78,103.18,2.14
2003-01-31,,,,,,,,,,,,,,,,,,,,,,,,4.0,1.72,5.03,2.28,2.82,1.81,1.33,,31.17,1320.91,3.16,33.51,151.25,2.13
2003-02-01,5848.4,1238.2,721326.0,183.6,192.5,174.6,1.26,0.828,130441.0,5.9,66.4,10674.0,7548.6,5.2,135.7651934572532,192.12,283.7969519541221,0.089,140.8,1629.0,1854.0,0.92,,,,,,,,1.33,,,,,,473.52,
2003-02-02,,,,,,,,,,,,,,,,,,,,,,,,,,,,,,1.33,,,,,,157.99,
2003-02-03,,,,,,,,,,,,,,,,,,,,,,,,4.01,1.72,5.01,2.29,2.83,1.81,1.3,,31.02,1323.79,3.14,32.84,252.85,2.1
2003-02-04,,,,,,,,,,,,,,,,,,,,,,,,3.96,1.68,4.99,2.28,2.8,1.84,1.21,,32.76,1306.15,3.12,33.61,264.42,2.14
2003-02-05,,,,,,,,,,,,,,,,,,,,,,,,4.02,1.73,5.02,2.29,2.84,1.9,1.21,,33.04,1301.5,3.11,33.91,379.71,2.19
2003-02-06,,,,,,,,,,,,,,,,,,,,,,,,3.97,1.68,4.99,2.29,2.8,1.88,1.23,,33.35,1301.73,3.12,34.36,110.44,2.14
2003-02-07,,,,,,,,,,,,,,,,,,,,,,,,3.96,1.63,4.98,2.33,2.79,1.89,1.21,,34.01,1282.47,3.11,35.05,231.32,2.18
2003-02-08,,,,,,,,,,,,,,,,,,,,,,,,,,,,,,1.21,,,,,,477.99,
2003-02-09,,,,,,,,,,,,,,,,,,,,,,,,,,,,,,1.21,,,,,,139.64,
2003-02-10,,,,,,,,,,,,,,,,,,,,,,,,3.99,1.68,5.04,2.31,2.82,1.93,1.25,,33.99,1296.68,3.11,34.46,144.49,2.2
2003-02-11,,,,,,,,,,,,,,,,,,,,,,,,3.98,1.65,5.06,2.33,2.8,1.93,1.22,,33.68,1295.46,3.13,35.43,298.49,2.24
2003-02-12,,,,,,,,,,,,,,,,,,,,,,,,3.93,1.62,5.08,2.31,2.75,1.89,1.23,,34.33,1278.97,3.16,35.83,204.57,2.18
2003-02-13,,,,,,,,,,,,,,,,,,,,,,,,3.89,1.57,5.04,2.32,2.72,1.88,1.28,,33.7,1277.44,3.17,36.63,118.41,2.2
2003-02-14,,,,,,,,,,,,,,,,,,,,,,,,3.95,1.62,5.09,2.33,2.77,1.92,1.3,,32.62,1310.17,3.16,36.61,184.75,2.22
2003-02-15,,,,,,,,,,,,,,,,,,,,,,,,,,,,,,1.3,,,,,,387.97,
2003-02-16,,,,,,,,,,,,,,,,,,,,,,,,,,,,,,1.3,,,,,,117.01,
2003-02-17,,,,,,,,,,,,,,,,,,,,,,,,,,,,,,1.3,,,,,,146.98,
2003-02-18,,,,,,,,,,,,,,,,,,,,,,,,3.94,1.66,5.1,2.28,2.75,1.89,1.35,,31.11,1346.54,3.16,36.88,186.98,2.15
2003-02-19,,,,,,,,,,,,,,,,,,,,,,,,3.88,1.61,5.04,2.27,2.7,1.89,1.24,,31.31,1334.32,3.16,37.02,143.6,2.16
2003-02-20,,,,,,,,,,,,,,,,,,,,,,,,3.85,1.59,5.04,2.26,2.66,1.94,1.25,,31.16,1331.23,3.18,36.45,59.19,2.19
2003-02-21,,,,,,,,,,,,,,,,,,,,,,,,3.9,1.63,5.08,2.27,2.71,1.97,1.21,,30.25,1349.02,3.16,36.76,84.59,2.21
2003-02-22,,,,,,,,,,,,,,,,,,,,,,,,,,,,,,1.21,,,,,,390.79,
2003-02-23,,,,,,,,,,,,,,,,,,,,,,,,,,,,,,1.21,,,,,,87.16,
2003-02-24,,,,,,,,,,,,,,,,,,,,,,,,3.86,1.6,5.05,2.26,2.65,1.99,1.25,,31.98,1322.38,3.17,37.29,226.96,2.2
2003-02-25,,,,,,,,,,,,,,,,,,,,,,,,3.81,1.58,5.01,2.23,2.61,1.97,1.28,,31.74,1328.98,3.18,36.06,233.7,2.17
2003-02-26,,,,,,,,,,,,,,,,,,,,,,,,3.78,1.57,4.97,2.21,2.57,1.94,1.28,,31.94,1303.68,3.18,37.96,149.83,2.14
2003-02-27,,,,,,,,,,,,,,,,,,,,,,,,3.76,1.58,4.98,2.18,2.55,1.94,1.31,,30.53,1323.94,3.2,36.83,132.58,2.11
2003-02-28,,,,,,,,,,,,,,,,,,,,,,,,3.71,1.53,4.9,2.18,2.51,1.94,1.33,,29.63,1337.52,3.21,36.76,411.54,2.13
2003-03-01,5868.6,1239.3,723651.0,183.9,192.5,175.1,1.25,0.7240000000000001,130235.0,5.9,66.3,10696.5,7611.5,4.9,169.1943352839697,212.57,300.74964854125585,0.089,143.9,1726.0,1757.0,0.64,,,,,,,,1.33,,,,,,349.71,
2003-03-02,,,,,,,,,,,,,,,,,,,,,,,,,,,,,,1.33,,,,,,142.55,
2003-03-03,,,,,,,,,,,,,,,,,,,,,,,,3.68,1.52,4.92,2.16,2.48,1.91,1.33,,30.43,1320.29,3.23,36.1,609.93,2.09
2003-03-04,,,,,,,,,,,,,,,,,,,,,,,,3.65,1.49,4.91,2.16,2.46,1.88,1.2,,31.83,1307.77,3.25,36.95,138.83,2.04
2003-03-05,,,,,,,,,,,,,,,,,,,,,,,,3.63,1.46,4.9,2.17,2.45,1.88,1.22,,30.38,1314.4,3.25,36.86,158.12,2.08
2003-03-06,,,,,,,,,,,,,,,,,,,,,,,,3.67,1.47,4.93,2.2,2.49,1.93,1.23,,31.37,1302.89,3.24,37.21,173.22,2.13
2003-03-07,,,,,,,,,,,,,,,,,,,,,,,,3.63,1.39,4.9,2.24,2.51,1.91,1.2,,31.08,1305.29,3.26,37.76,319.87,2.08
2003-03-08,,,,,,,,,,,,,,,,,,,,,,,,,,,,,,1.2,,,,,,515.19,
2003-03-09,,,,,,,,,,,,,,,,,,,,,,,,,,,,,,1.2,,,,,,150.61,
2003-03-10,,,,,,,,,,,,,,,,,,,,,,,,3.59,1.35,4.9,2.24,2.51,1.9,1.23,,33.31,1278.37,3.29,37.18,537.12,2.08
2003-03-11,,,,,,,,,,,,,,,,,,,,,,,,3.6,1.38,4.9,2.22,2.5,1.92,1.21,,33.61,1271.47,3.28,36.81,141.12,2.08
2003-03-12,,,,,,,,,,,,,,,,,,,,,,,,3.6,1.45,4.85,2.15,2.5,1.92,1.23,,33.51,1279.24,3.26,37.87,91.49,2.05
2003-03-13,,,,,,,,,,,,,,,,,,,,,,,,3.74,1.59,4.95,2.15,2.62,2.01,1.31,,31.76,1340.77,3.21,36.05,117.57,2.15
2003-03-14,,,,,,,,,,,,,,,,,,,,,,,,3.72,1.56,4.93,2.16,2.59,1.83,1.3,,30.98,1340.33,3.22,35.41,151.51,2.09
2003-03-15,,,,,,,,,,,,,,,,,,,,,,,,,,,,,,1.3,,,,,,411.24,
2003-03-16,,,,,,,,,,,,,,,,,,,,,,,,,,,,,,1.3,,,,,,159.91,
2003-03-17,,,,,,,,,,,,,,,,,,,,,,,,3.82,1.63,5.0,2.19,2.67,1.85,1.31,,31.75,1392.27,3.17,34.92,617.76,2.03
2003-03-18,,,,,,,,,,,,,,,,,,,,,,,,3.91,1.72,5.07,2.19,2.77,1.83,1.2,,30.43,1400.55,3.11,31.55,492.93,2.03
2003-03-19,,,,,,,,,,,,,,,,,,,,,,,,3.98,1.72,5.14,2.26,2.82,1.83,1.2,,31.54,1397.07,3.04,30.01,252.44,2.07
2003-03-20,,,,,,,,,,,,,,,,,,,,,,,,4.01,1.75,5.17,2.26,2.84,1.81,1.23,,30.44,1402.77,3.05,28.62,383.77,1.95
2003-03-21,,,,,,,,,,,,,,,,,,,,,,,,4.11,1.8,5.23,2.31,2.93,1.82,1.2,,28.67,1421.84,2.99,27.18,231.78,1.94
2003-03-22,,,,,,,,,,,,,,,,,,,,,,,,,,,,,,1.2,,,,,,550.77,
2003-03-23,,,,,,,,,,,,,,,,,,,,,,,,,,,,,,1.2,,,,,,234.81,
2003-03-24,,,,,,,,,,,,,,,,,,,,,,,,3.98,1.71,5.15,2.27,2.81,1.8,1.23,,30.39,1369.78,3.03,29.51,302.47,1.94
2003-03-25,,,,,,,,,,,,,,,,,,,,,,,,3.97,1.69,5.15,2.28,2.79,1.8,1.24,,28.75,1391.01,3.04,33.42,142.79,1.96
2003-03-26,,,,,,,,,,,,,,,,,,,,,,,,3.96,1.68,5.17,2.28,2.78,1.81,1.26,,28.23,1387.45,3.01,28.71,391.47,1.97
2003-03-27,,,,,,,,,,,,,,,,,,,,,,,,3.95,1.62,5.17,2.33,2.79,1.85,1.29,,27.96,1384.25,3.0,30.31,411.03,1.99
2003-03-28,,,,,,,,,,,,,,,,,,,,,,,,3.92,1.56,5.16,2.36,2.78,1.83,1.26,,27.75,1369.6,3.01,30.21,328.64,1.94
2003-03-29,,,,,,,,,,,,,,,,,,,,,,,,,,,,,,1.26,,,,,,309.32,
2003-03-30,,,,,,,,,,,,,,,,,,,,,,,,,,,,,,1.26,,,,,,177.83,
2003-03-31,,,,,,,,,,,,,,,,,,,,,,,,3.83,1.51,5.07,2.32,2.69,1.8,1.38,,29.15,1341.17,3.04,31.14,345.88,1.95
2003-04-01,5905.7,1250.0,736926.0,183.2,192.5,174.1,1.26,0.6629999999999999,130172.0,6.0,66.4,10752.7,7634.5,5.0,135.17170713182358,135.48,155.59133796729333,0.091,136.5,1643.0,1803.0,0.48,,3.84,1.5,5.06,2.34,2.72,1.82,1.29,,28.36,1348.3,3.02,29.48,150.62,2.0
2003-04-02,,,,,,,,,,,,,,,,,,,,,,,,3.94,1.6,5.15,2.34,2.81,1.83,1.19,,28.02,1396.72,2.98,28.55,247.8,2.0
2003-04-03,,,,,,,,,,,,,,,,,,,,,,,,3.93,1.55,5.16,2.38,2.82,1.81,1.24,,28.21,1396.58,3.01,29.05,278.38,1.98
2003-04-04,,,,,,,,,,,,,,,,,,,,,,,,3.96,1.55,5.2,2.41,2.85,1.8,1.22,,29.13,1383.51,2.99,28.41,87.03,1.97
2003-04-05,,,,,,,,,,,,,,,,,,,,,,,,,,,,,,1.22,,,,,,463.31,
2003-04-06,,,,,,,,,,,,,,,,,,,,,,,,,,,,,,1.22,,,,,,165.37,
2003-04-07,,,,,,,,,,,,,,,,,,,,,,,,4.03,1.65,5.24,2.38,2.86,1.82,1.25,,28.45,1389.51,2.95,27.76,98.4,2.03
2003-04-08,,,,,,,,,,,,,,,,,,,,,,,,3.95,1.59,5.16,2.36,2.8,1.77,1.22,,27.13,1382.94,2.97,27.97,168.08,1.97
2003-04-09,,,,,,,,,,,,,,,,,,,,,,,,3.93,1.55,5.15,2.38,2.8,1.8,1.24,,27.11,1356.74,2.97,28.93,193.69,2.05
2003-04-10,,,,,,,,,,,,,,,,,,,,,,,,3.95,1.6,5.17,2.35,2.81,1.79,1.27,,25.6,1365.61,2.96,27.2,94.42,1.94
2003-04-11,,,,,,,,,,,,,,,,,,,,,,,,4.0,1.65,5.19,2.35,2.83,1.77,1.24,,24.44,1358.85,2.93,28.28,137.25,1.92
2003-04-12,,,,,,,,,,,,,,,,,,,,,,,,,,,,,,1.24,,,,,,271.21,
2003-04-13,,,,,,,,,,,,,,,,,,,,,,,,,,,,,,1.24,,,,,,70.22,
2003-04-14,,,,,,,,,,,,,,,,,,,,,,,,4.04,1.74,5.2,2.3,2.84,1.82,1.32,,23.41,1384.95,2.92,28.41,130.23,1.98
2003-04-15,,,,,,,,,,,,,,,,,,,,,,,,3.98,1.69,5.19,2.29,2.8,1.8,1.34,,22.56,1391.01,2.92,29.46,185.3,1.98
2003-04-16,,,,,,,,,,,,,,,,,,,,,,,,3.96,1.67,5.13,2.29,2.79,1.76,1.26,,22.52,1394.72,2.9,29.16,111.28,1.94
2003-04-17,,,,,,,,,,,,,,,,,,,,,,,,3.98,1.71,5.12,2.27,2.8,1.76,1.28,,21.5,1425.5,2.86,30.1,119.7,1.94
2003-04-18,,,,,,,,,,,,,,,,,,,,,,,,,,,,,,1.24,,,,,,19.48,
2003-04-19,,,,,,,,,,,,,,,,,,,,,,,,,,,,,,1.24,,,,,,302.3,
2003-04-20,,,,,,,,,,,,,,,,,,,,,,,,,,,,,,1.24,,,,,,103.85,
2003-04-21,,,,,,,,,,,,,,,,,,,,,,,,4.0,1.71,5.13,2.29,2.82,1.75,1.29,,21.95,1424.37,2.84,30.76,163.28,1.93
2003-04-22,,,,,,,,,,,,,,,,,,,,,,,,4.01,1.7,5.12,2.31,2.83,1.74,1.26,,20.7,1451.36,2.83,29.92,71.62,1.97
2003-04-23,,,,,,,,,,,,,,,,,,,,,,,,4.02,1.7,5.1,2.32,2.85,1.76,1.24,,20.8,1466.16,2.79,28.04,150.31,1.98
2003-04-24,,,,,,,,,,,,,,,,,,,,,,,,3.93,1.62,5.05,2.31,2.78,1.71,1.24,,20.33,1457.23,2.8,27.52,50.69,1.96
2003-04-25,,,,,,,,,,,,,,,,,,,,,,,,3.91,1.57,5.04,2.34,2.77,1.73,1.28,,20.8,1434.54,2.82,25.92,47.03,2.0
2003-04-26,,,,,,,,,,,,,,,,,,,,,,,,,,,,,,1.28,,,,,,142.39,
2003-04-27,,,,,,,,,,,,,,,,,,,,,,,,,,,,,,1.28,,,,,,19.37,
2003-04-28,,,,,,,,,,,,,,,,,,,,,,,,3.92,1.59,5.04,2.33,2.78,1.76,1.29,,20.84,1462.24,2.79,25.25,128.67,2.04
2003-04-29,,,,,,,,,,,,,,,,,,,,,,,,3.96,1.62,5.07,2.34,2.81,1.74,1.27,,20.76,1471.3,2.77,25.32,82.46,2.01
2003-04-30,,,,,,,,,,,,,,,,,,,,,,,,3.89,1.51,5.0,2.38,2.76,1.73,1.31,,21.21,1464.31,2.76,26.09,418.76,2.01
2003-05-01,5965.5,1268.8,738358.0,182.9,192.9,173.2,1.26,0.5770000000000001,130196.0,6.1,66.4,10832.0,7650.3,5.3,106.08667834375504,116.64,121.92483906579868,0.092,129.4,1751.0,1835.0,0.12,,3.88,1.5,5.01,2.38,2.78,1.75,1.3,,21.59,1472.56,2.77,26.05,46.25,2.2
2003-05-02,,,,,,,,,,,,,,,,,,,,,,,,3.94,1.56,5.05,2.38,2.82,1.75,1.24,,20.63,1502.88,2.73,25.74,75.07,2.16
2003-05-03,,,,,,,,,,,,,,,,,,,,,,,,,,,,,,1.24,,,,,,91.46,
2003-05-04,,,,,,,,,,,,,,,,,,,,,,,,,,,,,,1.24,,,,,,62.68,
2003-05-05,,,,,,,,,,,,,,,,,,,,,,,,3.92,1.55,5.03,2.37,2.79,1.73,1.27,,21.13,1504.04,2.71,26.43,206.79,1.96
2003-05-06,,,,,,,,,,,,,,,,,,,,,,,,3.84,1.45,5.02,2.39,2.74,1.67,1.28,,20.8,1523.71,2.74,25.65,414.55,1.92
2003-05-07,,,,,,,,,,,,,,,,,,,,,,,,3.72,1.45,4.96,2.27,2.61,1.7,1.28,,21.0,1506.76,2.78,26.24,56.5,2.02
2003-05-08,,,,,,,,,,,,,,,,,,,,,,,,3.7,1.49,4.96,2.21,2.61,1.7,1.27,,21.24,1489.69,2.67,26.94,107.32,2.06
2003-05-09,,,,,,,,,,,,,,,,,,,,,,,,3.69,1.45,4.95,2.24,2.58,1.69,1.24,,19.69,1520.15,2.81,27.65,48.27,1.98
2003-05-10,,,,,,,,,,,,,,,,,,,,,,,,,,,,,,1.24,,,,,,179.49,
2003-05-11,,,,,,,,,,,,,,,,,,,,,,,,,,,,,,1.24,,,,,,111.92,
2003-05-12,,,,,,,,,,,,,,,,,,,,,,,,3.64,1.46,4.91,2.18,2.54,1.68,1.25,,19.52,1541.4,2.83,27.34,72.57,1.99
2003-05-13,,,,,,,,,,,,,,,,,,,,,,,,3.63,1.47,4.92,2.16,2.54,1.69,1.23,,19.91,1539.68,2.83,28.51,129.14,1.99
2003-05-14,,,,,,,,,,,,,,,,,,,,,,,,3.53,1.41,4.76,2.12,2.47,1.66,1.3,,20.0,1534.9,2.83,29.21,83.51,2.0
2003-05-15,,,,,,,,,,,,,,,,,,,,,,,,3.53,1.46,4.69,2.07,2.47,1.67,1.36,,19.24,1551.38,2.83,28.57,16.59,1.95
2003-05-16,,,,,,,,,,,,,,,,,,,,,,,,3.46,1.38,4.67,2.08,2.41,1.62,1.26,,18.4,1538.53,2.84,29.07,104.47,1.93
2003-05-17,,,,,,,,,,,,,,,,,,,,,,,,,,,,,,1.26,,,,,,90.28,
2003-05-18,,,,,,,,,,,,,,,,,,,,,,,,,,,,,,1.26,,,,,,40.02,
2003-05-19,,,,,,,,,,,,,,,,,,,,,,,,3.46,1.35,4.67,2.11,2.41,1.61,1.26,,20.51,1492.77,2.86,28.84,42.42,1.88
2003-05-20,,,,,,,,,,,,,,,,,,,,,,,,3.38,1.31,4.59,2.07,2.34,1.65,1.23,,21.29,1491.09,2.86,29.29,82.54,1.95
2003-05-21,,,,,,,,,,,,,,,,,,,,,,,,3.39,1.38,4.54,2.01,2.33,1.66,1.23,,21.21,1489.87,2.86,29.51,92.75,1.98
2003-05-22,,,,,,,,,,,,,,,,,,,,,,,,3.34,1.36,4.5,1.98,2.26,1.63,1.25,,19.78,1507.55,2.85,29.09,25.06,1.96
2003-05-23,,,,,,,,,,,,,,,,,,,,,,,,3.34,1.38,4.44,1.96,2.26,1.62,1.21,,19.17,1510.09,2.81,29.74,58.56,1.93
2003-05-24,,,,,,,,,,,,,,,,,,,,,,,,,,,,,,1.21,,,,,,247.36,
2003-05-25,,,,,,,,,,,,,,,,,,,,,,,,,,,,,,1.21,,,,,,83.33,
2003-05-26,,,,,,,,,,,,,,,,,,,,,,,,,,,,,,1.21,,,,,,144.99,
2003-05-27,,,,,,,,,,,,,,,,,,,,,,,,3.41,1.33,4.57,2.08,2.32,1.61,1.32,,19.99,1556.69,2.83,29.24,85.78,1.97
2003-05-28,,,,,,,,,,,,,,,,,,,,,,,,3.44,1.35,4.63,2.09,2.32,1.61,1.29,,20.03,1563.24,2.83,28.46,48.93,1.99
2003-05-29,,,,,,,,,,,,,,,,,,,,,,,,3.34,1.3,4.56,2.04,2.24,1.58,1.29,,20.43,1574.95,2.87,29.15,17.39,1.93
2003-05-30,,,,,,,,,,,,,,,,,,,,,,,,3.37,1.33,4.59,2.04,2.26,1.6,1.28,,19.47,1595.91,2.85,29.56,49.4,1.94
2003-05-31,,,,,,,,,,,,,,,,,,,,,,,,,,,,,,1.28,,,,,,220.7,
2003-06-01,6002.4,1281.0,738712.0,183.1,193.0,173.6,1.22,0.529,130185.0,6.3,66.5,10860.6,7699.6,5.1,88.79705593601904,89.3,67.79086705312503,0.097,129.8,1867.0,1875.0,0.12,,,,,,,,1.28,,,,,,19.57,
2003-06-02,,,,,,,,,,,,,,,,,,,,,,,,3.43,1.33,4.64,2.1,2.29,1.6,1.27,,20.85,1590.75,2.85,30.72,102.34,1.91
2003-06-03,,,,,,,,,,,,,,,,,,,,,,,,3.34,1.2,4.59,2.14,2.26,1.58,1.21,,20.84,1603.56,2.88,30.78,24.27,1.91
2003-06-04,,,,,,,,,,,,,,,,,,,,,,,,3.3,1.2,4.58,2.1,2.25,1.57,1.22,,20.62,1634.65,2.87,29.81,48.16,1.89
2003-06-05,,,,,,,,,,,,,,,,,,,,,,,,3.34,1.25,4.63,2.09,2.3,1.59,1.26,,20.83,1646.01,2.87,30.84,34.31,1.87
2003-06-06,,,,,,,,,,,,,,,,,,,,,,,,3.37,1.27,4.66,2.1,2.32,1.61,1.24,,21.25,1627.42,2.83,31.26,107.13,1.89
2003-06-07,,,,,,,,,,,,,,,,,,,,,,,,,,,,,,1.24,,,,,,147.25,
2003-06-08,,,,,,,,,,,,,,,,,,,,,,,,,,,,,,1.24,,,,,,51.59,
2003-06-09,,,,,,,,,,,,,,,,,,,,,,,,3.29,1.19,4.6,2.1,2.26,1.61,1.25,,22.15,1603.97,2.87,31.36,128.59,1.9
2003-06-10,,,,,,,,,,,,,,,,,,,,,,,,3.2,1.13,4.51,2.07,2.23,1.59,1.22,,20.64,1627.67,2.89,31.72,59.37,1.87
2003-06-11,,,,,,,,,,,,,,,,,,,,,,,,3.21,1.16,4.49,2.05,2.27,1.59,1.25,,20.21,1646.02,2.87,32.17,57.41,1.82
2003-06-12,,,,,,,,,,,,,,,,,,,,,,,,3.18,1.13,4.47,2.05,2.26,1.61,1.25,,20.41,1653.62,2.88,31.41,25.75,1.9
2003-06-13,,,,,,,,,,,,,,,,,,,,,,,,3.13,1.1,4.42,2.03,2.27,1.62,1.24,,20.66,1626.49,2.88,30.63,118.55,1.87
2003-06-14,,,,,,,,,,,,,,,,,,,,,,,,,,,,,,1.24,,,,,,299.64,
2003-06-15,,,,,,,,,,,,,,,,,,,,,,,,,,,,,,1.24,,,,,,31.4,
2003-06-16,,,,,,,,,,,,,,,,,,,,,,,,3.18,1.18,4.47,2.0,2.31,1.59,1.33,,20.22,1666.58,2.87,31.14,44.11,1.83
2003-06-17,,,,,,,,,,,,,,,,,,,,,,,,3.27,1.25,4.55,2.02,2.37,1.57,1.24,,20.01,1668.44,2.85,31.08,49.2,1.79
2003-06-18,,,,,,,,,,,,,,,,,,,,,,,,3.37,1.27,4.64,2.1,2.48,1.58,1.22,,19.76,1677.14,2.83,30.28,59.52,1.8
2003-06-19,,,,,,,,,,,,,,,,,,,,,,,,3.35,1.17,4.66,2.18,2.54,1.61,1.22,,19.8,1648.64,2.87,29.86,8.7,1.83
2003-06-20,,,,,,,,,,,,,,,,,,,,,,,,3.4,1.22,4.7,2.18,2.57,1.63,1.23,,19.14,1644.72,2.86,30.63,9.86,1.87
2003-06-21,,,,,,,,,,,,,,,,,,,,,,,,,,,,,,1.23,,,,,,125.77,
2003-06-22,,,,,,,,,,,,,,,,,,,,,,,,,,,,,,1.23,,,,,,84.23,
2003-06-23,,,,,,,,,,,,,,,,,,,,,,,,3.32,1.17,4.64,2.15,2.47,1.61,1.21,,20.58,1610.75,2.88,30.22,103.13,1.86
2003-06-24,,,,,,,,,,,,,,,,,,,,,,,,3.29,1.14,4.6,2.15,2.46,1.61,1.15,,20.75,1605.61,2.87,30.05,61.82,1.85
2003-06-25,,,,,,,,,,,,,,,,,,,,,,,,3.38,1.3,4.69,2.08,2.46,1.67,1.18,,20.81,1602.66,2.85,31.65,139.99,1.89
2003-06-26,,,,,,,,,,,,,,,,,,,,,,,,3.55,1.41,4.81,2.14,2.64,1.7,1.1,,19.4,1634.01,2.8,28.97,106.05,1.93
2003-06-27,,,,,,,,,,,,,,,,,,,,,,,,3.58,1.38,4.83,2.2,2.71,1.68,1.08,,19.16,1625.26,2.8,29.18,30.54,1.88
2003-06-28,,,,,,,,,,,,,,,,,,,,,,,,,,,,,,1.08,,,,,,177.74,
2003-06-29,,,,,,,,,,,,,,,,,,,,,,,,,,,,,,1.08,,,,,,65.02,
2003-06-30,,,,,,,,,,,,,,,,,,,,,,,,3.54,1.32,4.81,2.22,2.64,1.64,1.45,,19.52,1622.8,2.81,30.15,181.88,1.83
2003-07-01,6049.4,1287.5,741656.0,183.7,193.4,174.1,1.01,0.956,130184.0,6.2,66.2,10991.1,7757.0,5.9,79.48276610006067,82.49,51.746649556235106,0.098,132.2,1897.0,1885.0,0.08,,3.56,1.3,4.86,2.26,2.67,1.64,1.11,,19.46,1640.13,2.81,30.41,104.62,1.83
2003-07-02,,,,,,,,,,,,,,,,,,,,,,,,3.56,1.3,4.83,2.26,2.69,1.6,1.01,,19.03,1678.73,2.75,30.29,29.8,1.77
2003-07-03,,,,,,,,,,,,,,,,,,,,,,,,3.67,1.32,4.93,2.35,2.8,1.58,0.96,,19.39,1663.46,2.72,30.39,63.2,1.72
2003-07-04,,,,,,,,,,,,,,,,,,,,,,,,,,,,,,0.96,,,,,,66.87,
2003-07-05,,,,,,,,,,,,,,,,,,,,,,,,,,,,,,0.96,,,,,,206.38,
2003-07-06,,,,,,,,,,,,,,,,,,,,,,,,,,,,,,0.96,,,,,,56.5,
2003-07-07,,,,,,,,,,,,,,,,,,,,,,,,3.74,1.36,4.98,2.38,2.82,1.6,1.0,,20.06,1720.71,2.7,30.08,44.93,1.76
2003-07-08,,,,,,,,,,,,,,,,,,,,,,,,3.75,1.39,4.95,2.36,2.83,1.63,0.93,,19.48,1746.46,2.68,30.32,25.43,1.85
2003-07-09,,,,,,,,,,,,,,,,,,,,,,,,3.73,1.37,4.93,2.36,2.83,1.73,0.96,,18.93,1747.46,2.68,30.87,40.44,2.0
2003-07-10,,,,,,,,,,,,,,,,,,,,,,,,3.7,1.33,4.94,2.37,2.81,1.76,1.0,,19.19,1715.86,2.71,31.04,9.11,2.07
2003-07-11,,,,,,,,,,,,,,,,,,,,,,,,3.66,1.29,4.94,2.37,2.77,1.78,0.98,,18.47,1733.93,2.73,31.33,20.73,2.14
2003-07-12,,,,,,,,,,,,,,,,,,,,,,,,,,,,,,0.98,,,,,,111.29,
2003-07-13,,,,,,,,,,,,,,,,,,,,,,,,,,,,,,0.98,,,,,,10.97,
2003-07-14,,,,,,,,,,,,,,,,,,,,,,,,3.74,1.35,4.98,2.39,2.83,1.82,1.07,,19.59,1754.82,2.72,31.2,14.99,2.17
2003-07-15,,,,,,,,,,,,,,,,,,,,,,,,3.94,1.45,5.12,2.49,3.02,1.88,1.13,,19.55,1753.21,2.66,31.6,74.9,2.23
2003-07-16,,,,,,,,,,,,,,,,,,,,,,,,3.97,1.49,5.1,2.48,3.06,1.89,1.01,,19.76,1747.97,2.62,31.2,29.86,2.22
2003-07-17,,,,,,,,,,,,,,,,,,,,,,,,3.98,1.47,5.08,2.51,3.08,1.93,1.02,,20.22,1698.02,2.61,31.44,70.62,2.29
2003-07-18,,,,,,,,,,,,,,,,,,,,,,,,4.0,1.51,5.09,2.49,3.09,1.96,0.99,,19.11,1708.5,2.61,31.96,10.19,2.27
2003-07-19,,,,,,,,,,,,,,,,,,,,,,,,,,,,,,0.99,,,,,,82.28,
2003-07-20,,,,,,,,,,,,,,,,,,,,,,,,,,,,,,0.99,,,,,,63.32,
2003-07-21,,,,,,,,,,,,,,,,,,,,,,,,4.19,1.61,5.25,2.58,3.26,1.98,1.02,,19.78,1681.41,2.57,31.67,45.27,2.33
2003-07-22,,,,,,,,,,,,,,,,,,,,,,,,4.17,1.57,5.23,2.6,3.24,1.98,1.0,,19.17,1706.1,2.56,30.2,63.61,2.37
2003-07-23,,,,,,,,,,,,,,,,,,,,,,,,4.12,1.54,5.2,2.58,3.19,2.01,1.05,,18.64,1719.18,2.59,30.13,49.72,2.35
2003-07-24,,,,,,,,,,,,,,,,,,,,,,,,4.2,1.54,5.25,2.66,3.27,2.02,1.04,,18.6,1701.42,2.55,30.72,25.88,2.37
2003-07-25,,,,,,,,,,,,,,,,,,,,,,,,4.22,1.52,5.31,2.7,3.29,2.08,1.03,,17.75,1730.7,2.57,30.31,30.22,2.4
2003-07-26,,,,,,,,,,,,,,,,,,,,,,,,,,,,,,1.03,,,,,,123.5,
2003-07-27,,,,,,,,,,,,,,,,,,,,,,,,,,,,,,1.03,,,,,,21.02,
2003-07-28,,,,,,,,,,,,,,,,,,,,,,,,4.31,1.61,5.39,2.7,3.34,2.04,1.05,,18.36,1735.36,2.58,29.98,14.57,2.36
2003-07-29,,,,,,,,,,,,,,,,,,,,,,,,4.42,1.67,5.46,2.75,3.43,2.04,1.04,,18.67,1731.37,2.55,30.21,37.25,2.38
2003-07-30,,,,,,,,,,,,,,,,,,,,,,,,4.34,1.64,5.43,2.7,3.36,2.02,1.03,,18.85,1720.91,2.55,30.69,99.58,2.31
2003-07-31,,,,,,,,,,,,,,,,,,,,,,,,4.49,1.8,5.56,2.69,3.53,2.08,1.04,,19.49,1735.02,2.58,30.56,44.0,2.41
2003-08-01,6107.3,1296.4,740217.0,184.5,193.6,175.1,1.03,1.406,130153.0,6.1,66.1,11066.7,7852.1,5.7,68.99711200624566,89.77,84.19547343173775,0.098,137.8,1833.0,1966.0,0.24,,4.44,1.85,5.47,2.59,3.49,2.04,1.0,,20.75,1715.62,2.57,32.23,48.55,2.33
2003-08-02,,,,,,,,,,,,,,,,,,,,,,,,,,,,,,1.0,,,,,,137.77,
2003-08-03,,,,,,,,,,,,,,,,,,,,,,,,,,,,,,1.0,,,,,,21.32,
2003-08-04,,,,,,,,,,,,,,,,,,,,,,,,4.35,1.71,5.47,2.64,3.38,2.01,1.0,,21.27,1714.06,2.62,31.8,58.97,2.3
2003-08-05,,,,,,,,,,,,,,,,,,,,,,,,4.47,1.88,5.51,2.59,3.51,2.04,0.86,,22.68,1673.5,2.62,32.34,37.29,2.33
2003-08-06,,,,,,,,,,,,,,,,,,,,,,,,4.32,1.78,5.42,2.54,3.37,1.98,0.88,,21.5,1652.68,2.64,31.77,20.44,2.24
2003-08-07,,,,,,,,,,,,,,,,,,,,,,,,4.3,1.74,5.4,2.56,3.35,2.01,0.95,,20.26,1652.18,2.64,32.41,8.96,2.24
2003-08-08,,,,,,,,,,,,,,,,,,,,,,,,4.27,1.72,5.4,2.55,3.31,2.0,0.96,,19.59,1644.03,2.69,32.23,134.87,2.26
2003-08-09,,,,,,,,,,,,,,,,,,,,,,,,,,,,,,0.96,,,,,,245.36,
2003-08-10,,,,,,,,,,,,,,,,,,,,,,,,,,,,,,0.96,,,,,,53.05,
2003-08-11,,,,,,,,,,,,,,,,,,,,,,,,4.38,1.81,5.47,2.57,3.42,2.07,1.02,,19.75,1661.51,2.61,31.91,14.81,2.32
2003-08-12,,,,,,,,,,,,,,,,,,,,,,,,4.37,1.71,5.49,2.66,3.42,2.08,0.99,,17.94,1687.01,2.63,31.91,25.38,2.35
2003-08-13,,,,,,,,,,,,,,,,,,,,,,,,4.58,1.86,5.6,2.72,3.62,2.17,1.01,,18.77,1686.61,2.56,30.85,29.43,2.46
2003-08-14,,,,,,,,,,,,,,,,,,,,,,,,4.55,1.86,5.57,2.69,3.59,2.17,1.22,,18.47,1700.34,2.59,30.85,35.18,2.45
2003-08-15,,,,,,,,,,,,,,,,,,,,,,,,4.55,1.85,5.57,2.7,3.6,2.19,1.39,,18.27,1702.01,2.55,31.01,42.3,2.46
2003-08-16,,,,,,,,,,,,,,,,,,,,,,,,,,,,,,1.39,,,,,,68.79,
2003-08-17,,,,,,,,,,,,,,,,,,,,,,,,,,,,,,1.39,,,,,,10.37,
2003-08-18,,,,,,,,,,,,,,,,,,,,,,,,4.49,1.87,5.5,2.62,3.53,2.16,1.03,,18.18,1739.49,2.6,30.81,29.92,2.44
2003-08-19,,,,,,,,,,,,,,,,,,,,,,,,4.38,1.81,5.41,2.57,3.42,2.14,0.93,,17.86,1761.11,2.61,30.76,24.87,2.41
2003-08-20,,,,,,,,,,,,,,,,,,,,,,,,4.45,1.84,5.42,2.61,3.49,2.19,0.89,,17.82,1760.54,2.56,30.96,9.6,2.44
2003-08-21,,,,,,,,,,,,,,,,,,,,,,,,4.53,1.98,5.43,2.55,3.56,2.24,1.01,,17.84,1777.55,2.51,31.78,17.17,2.42
2003-08-22,,,,,,,,,,,,,,,,,,,,,,,,4.48,1.97,5.4,2.51,3.5,2.22,0.99,,18.55,1765.32,2.49,31.64,29.8,2.39
2003-08-23,,,,,,,,,,,,,,,,,,,,,,,,,,,,,,0.99,,,,,,40.71,
2003-08-24,,,,,,,,,,,,,,,,,,,,,,,,,,,,,,0.99,,,,,,29.6,
2003-08-25,,,,,,,,,,,,,,,,,,,,,,,,4.53,2.02,5.4,2.51,3.51,2.22,1.04,,19.53,1764.31,2.5,31.43,30.19,2.41
2003-08-26,,,,,,,,,,,,,,,,,,,,,,,,4.5,1.96,5.39,2.54,3.49,2.22,1.0,,19.49,1770.65,2.49,32.01,201.08,2.41
2003-08-27,,,,,,,,,,,,,,,,,,,,,,,,4.54,2.05,5.4,2.49,3.54,2.18,0.98,,19.13,1782.13,2.47,31.18,162.95,2.35
2003-08-28,,,,,,,,,,,,,,,,,,,,,,,,4.42,1.93,5.34,2.49,3.43,2.13,1.04,,18.48,1800.18,2.49,31.41,8.13,2.28
2003-08-29,,,,,,,,,,,,,,,,,,,,,,,,4.45,1.95,5.3,2.5,3.47,2.16,1.01,,18.63,1810.45,2.46,31.76,286.77,2.33
2003-08-30,,,,,,,,,,,,,,,,,,,,,,,,,,,,,,1.01,,,,,,65.06,
2003-08-31,,,,,,,,,,,,,,,,,,,,,,,,,,,,,,1.01,,,,,,71.66,
2003-09-01,6079.9,1297.2,743207.0,185.1,193.7,175.8,1.01,1.42,130253.0,6.1,66.1,10940.8,7853.7,4.9,81.2382954345743,96.16,53.8378164971781,0.098,142.9,1939.0,1961.0,0.06,,,,,,,,1.01,,,,,,52.61,
2003-09-02,,,,,,,,,,,,,,,,,,,,,,,,4.61,2.04,5.38,2.57,3.63,2.18,1.06,,19.02,1841.48,2.39,29.57,14.13,2.36
2003-09-03,,,,,,,,,,,,,,,,,,,,,,,,4.6,2.02,5.41,2.58,3.63,2.2,0.96,,19.44,1852.9,2.4,29.43,48.42,2.37
2003-09-04,,,,,,,,,,,,,,,,,,,,,,,,4.52,1.91,5.4,2.61,3.55,2.2,0.98,,18.71,1868.97,2.46,28.87,82.73,2.39
2003-09-05,,,,,,,,,,,,,,,,,,,,,,,,4.35,1.72,5.32,2.63,3.39,2.18,0.96,,18.17,1858.24,2.52,28.93,18.52,2.39
2003-09-06,,,,,,,,,,,,,,,,,,,,,,,,,,,,,,0.96,,,,,,184.82,
2003-09-07,,,,,,,,,,,,,,,,,,,,,,,,,,,,,,0.96,,,,,,19.49,
2003-09-08,,,,,,,,,,,,,,,,,,,,,,,,4.41,1.75,5.36,2.66,3.44,2.17,0.99,,18.26,1888.62,2.48,28.85,27.81,2.4
2003-09-09,,,,,,,,,,,,,,,,,,,,,,,,4.37,1.71,5.36,2.66,3.41,2.16,0.95,,18.85,1873.43,2.53,29.22,22.76,2.38
2003-09-10,,,,,,,,,,,,,,,,,,,,,,,,4.28,1.64,5.3,2.64,3.32,2.1,0.95,,20.01,1823.81,2.55,29.41,54.56,2.3
2003-09-11,,,,,,,,,,,,,,,,,,,,,,,,4.35,1.71,5.35,2.64,3.39,2.13,1.0,,19.25,1846.09,2.48,28.86,24.18,2.34
2003-09-12,,,,,,,,,,,,,,,,,,,,,,,,4.27,1.66,5.33,2.61,3.31,2.09,1.02,,18.68,1855.03,2.56,28.26,28.38,2.3
2003-09-13,,,,,,,,,,,,,,,,,,,,,,,,,,,,,,1.02,,,,,,71.16,
2003-09-14,,,,,,,,,,,,,,,,,,,,,,,,,,,,,,1.02,,,,,,77.05,
2003-09-15,,,,,,,,,,,,,,,,,,,,,,,,4.28,1.63,5.35,2.65,3.32,2.1,1.11,,19.28,1845.7,2.55,28.15,158.58,2.33
2003-09-16,,,,,,,,,,,,,,,,,,,,,,,,4.29,1.63,5.34,2.66,3.36,2.03,0.97,,18.03,1887.25,2.57,27.6,23.2,2.26
2003-09-17,,,,,,,,,,,,,,,,,,,,,,,,4.2,1.63,5.26,2.57,3.25,2.0,0.97,,18.15,1883.1,2.56,27.0,18.28,2.23
2003-09-18,,,,,,,,,,,,,,,,,,,,,,,,4.19,1.68,5.23,2.51,3.23,2.01,1.0,,17.57,1909.55,2.54,27.26,16.28,2.23
2003-09-19,,,,,,,,,,,,,,,,,,,,,,,,4.17,1.7,5.2,2.47,3.22,2.0,0.99,,17.54,1905.7,2.52,26.93,18.89,2.19
2003-09-20,,,,,,,,,,,,,,,,,,,,,,,,,,,,,,0.99,,,,,,70.03,
2003-09-21,,,,,,,,,,,,,,,,,,,,,,,,,,,,,,0.99,,,,,,38.63,
2003-09-22,,,,,,,,,,,,,,,,,,,,,,,,4.26,1.7,5.28,2.56,3.31,2.05,1.02,,19.65,1874.62,2.52,26.97,28.16,2.26
2003-09-23,,,,,,,,,,,,,,,,,,,,,,,,4.24,1.68,5.24,2.56,3.31,2.05,1.01,,19.47,1901.72,2.5,27.0,57.44,2.26
2003-09-24,,,,,,,,,,,,,,,,,,,,,,,,4.16,1.66,5.17,2.5,3.21,2.03,1.03,,21.22,1843.7,2.5,28.19,9.04,2.2
2003-09-25,,,,,,,,,,,,,,,,,,,,,,,,4.12,1.65,5.17,2.47,3.18,2.05,1.08,,22.26,1817.24,2.52,28.29,32.88,2.19
2003-09-26,,,,,,,,,,,,,,,,,,,,,,,,4.04,1.6,5.11,2.44,3.1,2.05,1.03,,22.23,1792.07,2.55,28.21,264.25,2.19
2003-09-27,,,,,,,,,,,,,,,,,,,,,,,,,,,,,,1.03,,,,,,86.55,
2003-09-28,,,,,,,,,,,,,,,,,,,,,,,,,,,,,,1.03,,,,,,29.03,
2003-09-29,,,,,,,,,,,,,,,,,,,,,,,,4.09,1.61,5.16,2.48,3.13,2.06,1.04,,21.67,1824.56,2.56,28.35,83.67,2.21
2003-09-30,,,,,,,,,,,,,,,,,,,,,,,,3.96,1.5,5.07,2.46,3.01,2.01,1.17,,22.72,1786.94,2.57,29.19,57.68,2.16
2003-10-01,6070.2,1297.8,747068.0,184.9,194.0,175.3,1.01,1.4369999999999998,130440.0,6.0,66.1,10982.3,7867.4,5.0,76.40649301115722,65.8,33.86371584489239,0.093,137.8,1967.0,2012.0,0.1,,3.96,1.47,5.05,2.49,3.01,2.0,1.11,,21.07,1832.25,2.56,29.43,17.77,2.16
2003-10-02,,,,,,,,,,,,,,,,,,,,,,,,4.03,1.48,5.1,2.55,3.09,2.02,1.02,,20.8,1836.22,2.54,29.83,32.18,2.21
2003-10-03,,,,,,,,,,,,,,,,,,,,,,,,4.21,1.65,5.23,2.56,3.27,2.05,0.99,,19.5,1880.57,2.52,30.37,73.99,2.21
2003-10-04,,,,,,,,,,,,,,,,,,,,,,,,,,,,,,0.99,,,,,,141.96,
2003-10-05,,,,,,,,,,,,,,,,,,,,,,,,,,,,,,0.99,,,,,,19.45,
2003-10-06,,,,,,,,,,,,,,,,,,,,,,,,4.17,1.6,5.21,2.57,3.23,2.06,0.99,,19.51,1893.46,2.51,30.4,39.72,2.25
2003-10-07,,,,,,,,,,,,,,,,,,,,,,,,4.27,1.67,5.29,2.6,3.35,2.1,0.98,,19.41,1907.85,2.49,30.48,23.81,2.29
2003-10-08,,,,,,,,,,,,,,,,,,,,,,,,4.27,1.65,5.33,2.62,3.36,2.09,0.99,,19.18,1893.78,2.51,29.6,9.01,2.29
2003-10-09,,,,,,,,,,,,,,,,,,,,,,,,4.32,1.69,5.35,2.63,3.41,2.12,1.02,,18.82,1911.9,2.5,30.97,55.28,2.32
2003-10-10,,,,,,,,,,,,,,,,,,,,,,,,4.29,1.65,5.34,2.64,3.37,2.15,1.0,,18.45,1915.31,2.48,32.01,8.98,2.33
2003-10-11,,,,,,,,,,,,,,,,,,,,,,,,,,,,,,1.0,,,,,,59.57,
2003-10-12,,,,,,,,,,,,,,,,,,,,,,,,,,,,,,1.0,,,,,,29.14,
2003-10-13,,,,,,,,,,,,,,,,,,,,,,,,,,,,,,1.0,,17.55,1933.53,,31.91,40.89,
2003-10-14,,,,,,,,,,,,,,,,,,,,,,,,4.37,1.73,5.4,2.64,3.44,2.19,1.08,,17.37,1943.19,2.48,31.68,47.57,2.38
2003-10-15,,,,,,,,,,,,,,,,,,,,,,,,4.43,1.79,5.41,2.64,3.5,2.23,1.09,,17.69,1939.1,2.44,31.74,9.35,2.44
2003-10-16,,,,,,,,,,,,,,,,,,,,,,,,4.47,1.96,5.41,2.51,3.54,2.26,1.04,,17.19,1950.14,2.4,31.51,31.63,2.44
2003-10-17,,,,,,,,,,,,,,,,,,,,,,,,4.41,1.9,5.37,2.51,3.48,2.27,0.98,,17.62,1912.36,2.38,30.61,27.63,2.47
2003-10-18,,,,,,,,,,,,,,,,,,,,,,,,,,,,,,0.98,,,,,,12.01,
2003-10-19,,,,,,,,,,,,,,,,,,,,,,,,,,,,,,0.98,,,,,,48.93,
2003-10-20,,,,,,,,,,,,,,,,,,,,,,,,4.41,1.88,5.35,2.53,3.46,2.28,1.02,,17.04,1925.14,2.36,30.37,41.07,2.5
2003-10-21,,,,,,,,,,,,,,,,,,,,,,,,4.38,1.89,5.33,2.49,3.45,2.26,0.99,,16.55,1940.9,2.39,30.19,33.93,2.48
2003-10-22,,,,,,,,,,,,,,,,,,,,,,,,4.29,1.8,5.3,2.49,3.33,2.22,0.99,,17.67,1898.07,2.43,30.0,27.3,2.47
2003-10-23,,,,,,,,,,,,,,,,,,,,,,,,4.34,1.84,5.36,2.5,3.38,2.31,1.02,,17.68,1885.51,2.41,30.31,15.69,2.61
2003-10-24,,,,,,,,,,,,,,,,,,,,,,,,4.24,1.76,5.27,2.48,3.29,2.32,1.01,,17.71,1865.59,2.42,29.99,35.64,2.65
2003-10-25,,,,,,,,,,,,,,,,,,,,,,,,,,,,,,1.01,,,,,,70.42,
2003-10-26,,,,,,,,,,,,,,,,,,,,,,,,,,,,,,1.01,,,,,,155.15,
2003-10-27,,,,,,,,,,,,,,,,,,,,,,,,4.3,1.83,5.3,2.47,3.32,2.34,1.03,,18.05,1882.91,2.39,29.95,229.3,2.66
2003-10-28,,,,,,,,,,,,,,,,,,,,,,,,4.23,1.71,5.27,2.52,3.27,2.32,0.98,,16.82,1932.26,2.41,29.57,11.31,2.64
2003-10-29,,,,,,,,,,,,,,,,,,,,,,,,4.31,1.79,5.32,2.52,3.35,2.33,0.97,,16.43,1936.56,2.39,28.95,81.83,2.63
2003-10-30,,,,,,,,,,,,,,,,,,,,,,,,4.36,1.86,5.33,2.5,3.4,2.39,1.02,,16.33,1932.69,2.36,28.67,84.79,2.73
2003-10-31,,,,,,,,,,,,,,,,,,,,,,,,4.33,1.85,5.28,2.48,3.37,2.4,1.03,,16.1,1932.21,2.36,29.24,27.47,2.74
2003-11-01,6075.7,1299.1,747801.0,185.0,194.0,175.3,1.0,1.3330000000000002,130481.0,5.8,66.1,11048.4,7922.6,5.0,73.1362525872305,61.47,30.29223263108416,0.09,136.9,2083.0,1918.0,0.1,,,,,,,,1.03,,,,,,58.01,
2003-11-02,,,,,,,,,,,,,,,,,,,,,,,,,,,,,,1.03,,,,,,74.05,
2003-11-03,,,,,,,,,,,,,,,,,,,,,,,,4.4,1.9,5.3,2.5,3.44,2.43,1.02,,16.55,1967.7,2.32,28.81,53.29,2.79
2003-11-04,,,,,,,,,,,,,,,,,,,,,,,,4.33,1.86,5.27,2.47,3.38,2.4,0.98,,16.55,1957.96,2.36,28.86,23.04,2.74
2003-11-05,,,,,,,,,,,,,,,,,,,,,,,,4.38,1.94,5.32,2.44,3.42,2.36,0.98,,16.86,1959.37,2.35,30.29,17.9,2.71
2003-11-06,,,,,,,,,,,,,,,,,,,,,,,,4.45,2.01,5.37,2.44,3.49,2.37,1.0,,16.74,1976.37,2.34,30.25,8.07,2.72
2003-11-07,,,,,,,,,,,,,,,,,,,,,,,,4.48,2.04,5.38,2.44,3.52,2.38,0.98,,16.93,1970.74,2.32,30.73,9.18,2.71
2003-11-08,,,,,,,,,,,,,,,,,,,,,,,,,,,,,,0.98,,,,,,35.88,
2003-11-09,,,,,,,,,,,,,,,,,,,,,,,,,,,,,,0.98,,,,,,19.29,
2003-11-10,,,,,,,,,,,,,,,,,,,,,,,,4.49,2.06,5.39,2.43,3.52,2.4,0.99,,17.62,1941.64,2.33,31.01,26.26,2.71
2003-11-11,,,,,,,,,,,,,,,,,,,,,,,,,,,,,,0.99,,17.54,1930.75,,31.21,23.64,
2003-11-12,,,,,,,,,,,,,,,,,,,,,,,,4.44,2.05,5.34,2.39,3.49,2.4,1.0,,16.75,1973.11,2.33,31.37,19.43,2.71
2003-11-13,,,,,,,,,,,,,,,,,,,,,,,,4.3,1.92,5.24,2.38,3.36,2.36,0.99,,16.47,1967.35,2.35,31.89,16.27,2.67
2003-11-14,,,,,,,,,,,,,,,,,,,,,,,,4.22,1.84,5.21,2.38,3.27,2.35,0.98,,16.94,1930.26,2.37,32.31,27.51,2.68
2003-11-15,,,,,,,,,,,,,,,,,,,,,,,,,,,,,,0.98,,,,,,47.42,
2003-11-16,,,,,,,,,,,,,,,,,,,,,,,,,,,,,,0.98,,,,,,9.48,
2003-11-17,,,,,,,,,,,,,,,,,,,,,,,,4.18,1.8,5.17,2.38,3.22,2.36,1.04,,18.6,1909.61,2.39,31.75,27.22,2.7
2003-11-18,,,,,,,,,,,,,,,,,,,,,,,,4.17,1.83,5.15,2.34,3.21,2.34,0.98,,19.11,1881.75,2.38,33.16,11.73,2.68
2003-11-19,,,,,,,,,,,,,,,,,,,,,,,,4.24,1.9,5.22,2.34,3.29,2.33,0.98,,18.8,1899.65,2.37,32.84,9.29,2.66
2003-11-20,,,,,,,,,,,,,,,,,,,,,,,,4.16,1.83,5.16,2.33,3.21,2.24,1.0,,19.48,1881.92,2.4,32.87,47.84,2.57
2003-11-21,,,,,,,,,,,,,,,,,,,,,,,,4.15,1.84,5.13,2.31,3.21,2.22,0.98,,18.98,1893.88,2.39,32.26,73.16,2.52
2003-11-22,,,,,,,,,,,,,,,,,,,,,,,,,,,,,,0.98,,,,,,288.61,
2003-11-23,,,,,,,,,,,,,,,,,,,,,,,,,,,,,,0.98,,,,,,39.15,
2003-11-24,,,,,,,,,,,,,,,,,,,,,,,,4.23,1.94,5.19,2.29,3.27,2.24,0.98,,17.44,1947.14,2.38,29.99,13.94,2.5
2003-11-25,,,,,,,,,,,,,,,,,,,,,,,,4.19,1.89,5.17,2.3,3.24,2.27,1.02,,16.71,1943.04,2.38,30.02,45.57,2.55
2003-11-26,,,,,,,,,,,,,,,,,,,,,,,,4.25,1.97,5.2,2.28,3.31,2.29,1.01,,16.23,1953.31,2.35,30.33,18.89,2.57
2003-11-27,,,,,,,,,,,,,,,,,,,,,,,,,,,,,,1.01,,,,,,10.69,
2003-11-28,,,,,,,,,,,,,,,,,,,,,,,,4.34,2.06,5.23,2.28,3.41,2.31,1.01,,16.32,1960.26,2.33,,23.12,2.6
2003-11-29,,,,,,,,,,,,,,,,,,,,,,,,,,,,,,1.01,,,,,,68.89,
2003-11-30,,,,,,,,,,,,,,,,,,,,,,,,,,,,,,1.01,,,,,,20.74,
2003-12-01,6074.0,1306.2,759810.0,185.5,194.2,175.8,0.98,1.33,130589.0,5.7,65.9,11057.2,7950.4,5.0,70.46582794399357,73.57,60.476482172260454,0.09,138.8,2057.0,1987.0,0.24,,4.4,2.12,5.28,2.28,3.45,2.32,1.03,,16.77,1989.82,2.3,29.89,27.12,2.6
2003-12-02,,,,,,,,,,,,,,,,,,,,,,,,4.38,2.07,5.25,2.31,3.44,2.33,0.97,,16.27,1980.07,2.3,30.74,46.62,2.61
2003-12-03,,,,,,,,,,,,,,,,,,,,,,,,4.41,2.09,5.28,2.32,3.47,2.33,0.98,,16.63,1960.25,2.29,30.61,18.73,2.6
2003-12-04,,,,,,,,,,,,,,,,,,,,,,,,4.38,2.06,5.27,2.32,3.45,2.34,0.99,,16.3,1968.8,2.29,31.24,16.76,2.61
2003-12-05,,,,,,,,,,,,,,,,,,,,,,,,4.23,1.88,5.2,2.35,3.31,2.31,0.98,,17.09,1937.82,2.33,30.68,204.21,2.59
2003-12-06,,,,,,,,,,,,,,,,,,,,,,,,,,,,,,0.98,,,,,,51.24,
2003-12-07,,,,,,,,,,,,,,,,,,,,,,,,,,,,,,0.98,,,,,,50.1,
2003-12-08,,,,,,,,,,,,,,,,,,,,,,,,4.29,1.94,5.26,2.35,3.36,2.33,0.99,,16.54,1948.85,2.33,32.08,27.59,2.6
2003-12-09,,,,,,,,,,,,,,,,,,,,,,,,4.32,1.97,5.26,2.35,3.39,2.32,0.97,,17.63,1908.32,2.34,31.72,11.61,2.55
2003-12-10,,,,,,,,,,,,,,,,,,,,,,,,4.3,1.94,5.28,2.36,3.37,2.33,0.99,,17.87,1904.65,2.35,31.92,9.26,2.57
2003-12-11,,,,,,,,,,,,,,,,,,,,,,,,4.27,1.83,5.27,2.44,3.37,2.37,0.99,,16.73,1942.32,2.35,32.01,57.81,2.63
2003-12-12,,,,,,,,,,,,,,,,,,,,,,,,4.26,1.84,5.23,2.42,3.35,2.35,0.99,,16.41,1949.0,2.34,33.06,66.27,2.6
2003-12-13,,,,,,,,,,,,,,,,,,,,,,,,,,,,,,0.99,,,,,,87.23,
2003-12-14,,,,,,,,,,,,,,,,,,,,,,,,,,,,,,0.99,,,,,,101.64,
2003-12-15,,,,,,,,,,,,,,,,,,,,,,,,4.28,1.88,5.24,2.4,3.38,2.3,1.04,,17.23,1918.26,2.34,33.17,53.78,2.52
2003-12-16,,,,,,,,,,,,,,,,,,,,,,,,4.24,1.83,5.23,2.41,3.33,2.25,0.99,,15.93,1924.29,2.35,32.94,22.82,2.48
2003-12-17,,,,,,,,,,,,,,,,,,,,,,,,4.19,1.83,5.16,2.36,3.29,2.23,0.99,,15.58,1921.33,2.35,33.36,37.31,2.46
2003-12-18,,,,,,,,,,,,,,,,,,,,,,,,4.16,1.85,5.1,2.31,3.27,2.22,1.01,,16.16,1956.18,2.32,33.72,16.41,2.47
2003-12-19,,,,,,,,,,,,,,,,,,,,,,,,4.15,1.82,5.11,2.33,3.27,2.2,0.98,,16.42,1951.02,2.33,32.81,9.08,2.42
2003-12-20,,,,,,,,,,,,,,,,,,,,,,,,,,,,,,0.98,,,,,,52.67,
2003-12-21,,,,,,,,,,,,,,,,,,,,,,,,,,,,,,0.98,,,,,,319.31,
2003-12-22,,,,,,,,,,,,,,,,,,,,,,,,4.18,1.84,5.13,2.34,3.28,2.2,1.02,,16.94,1955.8,2.34,31.71,55.72,2.42
2003-12-23,,,,,,,,,,,,,,,,,,,,,,,,4.28,1.96,5.2,2.32,3.38,2.25,1.0,,16.49,1974.78,2.31,32.03,146.24,2.46
2003-12-24,,,,,,,,,,,,,,,,,,,,,,,,4.2,1.83,5.15,2.37,3.3,2.24,0.97,,16.66,1969.23,2.34,32.99,53.43,2.47
2003-12-25,,,,,,,,,,,,,,,,,,,,,,,,,,,,,,0.97,,,,,,57.4,
2003-12-26,,,,,,,,,,,,,,,,,,,,,,,,4.17,1.82,5.15,2.35,3.3,2.23,0.97,,17.45,1973.14,2.33,,26.06,2.45
2003-12-27,,,,,,,,,,,,,,,,,,,,,,,,,,,,,,0.97,,,,,,118.09,
2003-12-28,,,,,,,,,,,,,,,,,,,,,,,,,,,,,,0.97,,,,,,294.62,
2003-12-29,,,,,,,,,,,,,,,,,,,,,,,,4.24,1.86,5.18,2.38,3.34,2.25,0.98,,17.09,2006.48,2.33,32.51,281.75,2.48
2003-12-30,,,,,,,,,,,,,,,,,,,,,,,,4.29,1.86,5.23,2.43,3.35,2.28,0.93,,17.68,2009.88,2.33,33.01,95.71,2.53
2003-12-31,,,,,,,,,,,,,,,,,,,,,,,,4.27,1.84,5.23,2.43,3.32,2.27,0.94,,18.31,2003.37,2.34,32.51,389.42,2.51
2004-01-01,6082.2,1306.0,759938.0,186.3,194.6,176.7,1.0,1.33,130756.0,5.7,66.1,11051.2,8007.1,4.6,72.52428237776401,93.05,94.51192913553524,0.091,143.9,1911.0,1952.0,0.14,,,,,,,,0.94,,,,,,113.96,
2004-01-02,,,,,,,,,,,,,,,,,,,,,,,,4.38,1.94,5.3,2.44,3.45,2.32,1.01,,18.22,2006.68,2.32,,47.86,2.56
2004-01-03,,,,,,,,,,,,,,,,,,,,,,,,,,,,,,1.01,,,,,,141.57,
2004-01-04,,,,,,,,,,,,,,,,,,,,,,,,,,,,,,1.01,,,,,,21.42,
2004-01-05,,,,,,,,,,,,,,,,,,,,,,,,4.41,1.95,5.28,2.46,3.5,2.35,0.97,,17.49,2047.36,2.27,33.71,14.66,2.61
2004-01-06,,,,,,,,,,,,,,,,,,,,,,,,4.29,1.84,5.26,2.45,3.38,2.32,0.92,,16.73,2057.37,2.32,33.54,58.87,2.59
2004-01-07,,,,,,,,,,,,,,,,,,,,,,,,4.27,1.84,5.22,2.43,3.36,2.33,0.94,,15.5,2077.68,2.3,33.57,46.27,2.61
2004-01-08,,,,,,,,,,,,,,,,,,,,,,,,4.27,1.85,5.2,2.42,3.39,2.28,0.99,,15.61,2100.25,2.26,34.27,8.23,2.57
2004-01-09,,,,,,,,,,,,,,,,,,,,,,,,4.11,1.68,5.14,2.43,3.24,2.22,0.99,,16.75,2086.92,2.31,34.38,56.38,2.51
2004-01-10,,,,,,,,,,,,,,,,,,,,,,,,,,,,,,0.99,,,,,,149.57,
2004-01-11,,,,,,,,,,,,,,,,,,,,,,,,,,,,,,0.99,,,,,,9.83,
2004-01-12,,,,,,,,,,,,,,,,,,,,,,,,4.11,1.68,5.12,2.43,3.22,2.22,1.0,,16.82,2111.78,2.32,34.92,27.74,2.51
2004-01-13,,,,,,,,,,,,,,,,,,,,,,,,4.05,1.63,5.11,2.42,3.16,2.22,0.99,,18.04,2096.44,2.35,34.26,10.89,2.49
2004-01-14,,,,,,,,,,,,,,,,,,,,,,,,4.01,1.65,5.06,2.36,3.13,2.16,1.01,,16.75,2111.13,2.33,34.62,8.79,2.41
2004-01-15,,,,,,,,,,,,,,,,,,,,,,,,3.99,1.67,5.03,2.32,3.11,2.17,1.04,,15.56,2109.08,2.33,33.61,44.69,2.38
2004-01-16,,,,,,,,,,,,,,,,,,,,,,,,4.04,1.7,5.04,2.34,3.15,2.21,0.98,,15.0,2140.46,2.3,35.16,9.21,2.41
2004-01-17,,,,,,,,,,,,,,,,,,,,,,,,,,,,,,0.98,,,,,,37.01,
2004-01-18,,,,,,,,,,,,,,,,,,,,,,,,,,,,,,0.98,,,,,,28.82,
2004-01-19,,,,,,,,,,,,,,,,,,,,,,,,,,,,,,0.98,,,,,,13.62,
2004-01-20,,,,,,,,,,,,,,,,,,,,,,,,4.08,1.69,5.09,2.39,3.19,2.24,1.02,,15.21,2147.98,2.31,36.21,36.05,2.44
2004-01-21,,,,,,,,,,,,,,,,,,,,,,,,4.05,1.69,5.06,2.36,3.16,2.26,1.0,,14.34,2142.45,2.33,35.53,8.83,2.46
2004-01-22,,,,,,,,,,,,,,,,,,,,,,,,3.99,1.66,5.02,2.33,3.11,2.23,1.02,,14.71,2119.01,2.33,35.12,53.01,2.44
2004-01-23,,,,,,,,,,,,,,,,,,,,,,,,4.09,1.71,5.08,2.38,3.19,2.27,1.0,,14.84,2123.87,2.3,34.94,9.09,2.49
2004-01-24,,,,,,,,,,,,,,,,,,,,,,,,,,,,,,1.0,,,,,,49.62,
2004-01-25,,,,,,,,,,,,,,,,,,,,,,,,,,,,,,1.0,,,,,,38.18,
2004-01-26,,,,,,,,,,,,,,,,,,,,,,,,4.16,1.75,5.14,2.41,3.26,2.27,1.08,,14.55,2153.83,2.28,34.41,83.81,2.48
2004-01-27,,,,,,,,,,,,,,,,,,,,,,,,4.11,1.7,5.09,2.41,3.2,2.27,1.02,,15.35,2116.04,2.26,33.99,22.56,2.45
2004-01-28,,,,,,,,,,,,,,,,,,,,,,,,4.22,1.87,5.14,2.35,3.28,2.3,0.99,,16.78,2077.37,2.23,33.63,9.05,2.47
2004-01-29,,,,,,,,,,,,,,,,,,,,,,,,4.22,1.88,5.13,2.34,3.28,2.31,1.0,,17.14,2068.23,2.19,32.86,15.28,2.47
2004-01-30,,,,,,,,,,,,,,,,,,,,,,,,4.16,1.84,5.11,2.32,3.24,2.31,1.03,,16.63,2066.15,2.19,33.16,8.81,2.46
2004-01-31,,,,,,,,,,,,,,,,,,,,,,,,,,,,,,1.03,,,,,,47.65,
2004-02-01,6121.9,1321.4,753644.0,186.7,194.9,177.4,1.01,1.211,130820.0,5.6,66.0,11071.0,8040.4,4.6,71.35229995051257,83.25,53.071842748070026,0.091,145.8,1846.0,1966.0,0.04,,,,,,,,1.03,,,,,,38.0,
2004-02-02,,,,,,,,,,,,,,,,,,,,,,,,4.18,1.83,5.13,2.35,3.24,2.34,1.01,,17.11,2063.15,2.17,34.02,82.61,2.46
2004-02-03,,,,,,,,,,,,,,,,,,,,,,,,4.13,1.78,5.11,2.35,3.19,2.32,0.97,,17.34,2066.21,2.18,34.2,10.91,2.45
2004-02-04,,,,,,,,,,,,,,,,,,,,,,,,4.15,1.8,5.11,2.35,3.21,2.33,1.0,,17.87,2014.14,2.16,33.06,104.58,2.46
2004-02-05,,,,,,,,,,,,,,,,,,,,,,,,4.2,1.85,5.13,2.35,3.26,2.35,1.01,,17.71,2019.56,2.13,33.26,7.63,2.48
2004-02-06,,,,,,,,,,,,,,,,,,,,,,,,4.12,1.77,5.08,2.35,3.19,2.33,0.99,,16.0,2064.01,2.16,32.49,9.13,2.49
2004-02-07,,,,,,,,,,,,,,,,,,,,,,,,,,,,,,0.99,,,,,,61.0,
2004-02-08,,,,,,,,,,,,,,,,,,,,,,,,,,,,,,0.99,,,,,,28.35,
2004-02-09,,,,,,,,,,,,,,,,,,,,,,,,4.09,1.76,5.06,2.33,3.15,2.33,1.01,,16.39,2060.57,2.16,32.91,96.02,2.5
2004-02-10,,,,,,,,,,,,,,,,,,,,,,,,4.13,1.82,5.08,2.31,3.18,2.34,1.0,,15.94,2075.33,2.15,34.03,55.1,2.51
2004-02-11,,,,,,,,,,,,,,,,,,,,,,,,4.05,1.73,5.06,2.32,3.12,2.3,1.0,,15.39,2089.66,2.19,33.93,192.09,2.45
2004-02-12,,,,,,,,,,,,,,,,,,,,,,,,4.1,1.75,5.1,2.35,3.17,2.33,1.02,,15.31,2073.61,2.18,34.03,175.8,2.49
2004-02-13,,,,,,,,,,,,,,,,,,,,,,,,4.05,1.7,5.08,2.35,3.13,2.31,1.01,,15.58,2053.56,2.2,34.51,36.21,2.46
2004-02-14,,,,,,,,,,,,,,,,,,,,,,,,,,,,,,1.01,,,,,,59.95,
2004-02-15,,,,,,,,,,,,,,,,,,,,,,,,,,,,,,1.01,,,,,,9.25,
2004-02-16,,,,,,,,,,,,,,,,,,,,,,,,,,,,,,1.01,,,,,,40.78,
2004-02-17,,,,,,,,,,,,,,,,,,,,,,,,4.05,1.7,5.07,2.35,3.1,2.3,1.02,,15.4,2080.35,2.19,35.13,94.82,2.42
2004-02-18,,,,,,,,,,,,,,,,,,,,,,,,4.05,1.72,5.07,2.33,3.11,2.3,1.0,,15.59,2076.47,2.19,35.42,62.27,2.41
2004-02-19,,,,,,,,,,,,,,,,,,,,,,,,4.05,1.7,5.04,2.35,3.11,2.29,1.0,,15.8,2045.96,2.19,35.81,53.32,2.38
2004-02-20,,,,,,,,,,,,,,,,,,,,,,,,4.1,1.75,5.09,2.35,3.16,2.31,0.99,,16.04,2037.93,2.18,35.8,62.54,2.38
2004-02-21,,,,,,,,,,,,,,,,,,,,,,,,,,,,,,0.99,,,,,,72.75,
2004-02-22,,,,,,,,,,,,,,,,,,,,,,,,,,,,,,0.99,,,,,,55.07,
2004-02-23,,,,,,,,,,,,,,,,,,,,,,,,4.05,1.69,5.11,2.36,3.08,2.29,1.0,,16.29,2007.52,2.2,35.75,25.9,2.35
2004-02-24,,,,,,,,,,,,,,,,,,,,,,,,4.04,1.69,5.06,2.35,3.07,2.3,0.99,,15.9,2005.44,2.19,35.85,64.69,2.37
2004-02-25,,,,,,,,,,,,,,,,,,,,,,,,4.02,1.67,5.02,2.35,3.06,2.31,1.02,,14.93,2022.98,2.21,37.28,25.67,2.38
2004-02-26,,,,,,,,,,,,,,,,,,,,,,,,4.05,1.69,5.05,2.36,3.09,2.36,1.03,,14.83,2032.57,2.2,35.45,7.54,2.43
2004-02-27,,,,,,,,,,,,,,,,,,,,,,,,3.99,1.66,5.01,2.33,3.03,2.38,1.04,,14.55,2029.82,2.21,36.08,8.69,2.38
2004-02-28,,,,,,,,,,,,,,,,,,,,,,,,,,,,,,1.04,,,,,,35.32,
2004-02-29,,,,,,,,,,,,,,,,,,,,,,,,,,,,,,1.04,,,,,,18.25,
2004-03-01,6158.0,1328.7,755538.0,187.1,195.5,177.6,1.0,1.418,131139.0,5.8,66.0,11115.6,8098.8,4.5,78.07580393867616,63.19,38.915768923689086,0.091,145.1,1998.0,2066.0,0.04,,4.0,1.67,4.99,2.33,3.03,2.45,1.04,,14.44,2057.8,2.2,36.85,12.61,2.5
2004-03-02,,,,,,,,,,,,,,,,,,,,,,,,4.05,1.74,5.06,2.31,3.08,2.47,1.0,,14.86,2039.65,2.19,36.6,32.7,2.52
2004-03-03,,,,,,,,,,,,,,,,,,,,,,,,4.07,1.74,5.02,2.33,3.1,2.48,1.0,,14.55,2033.36,2.18,35.8,8.66,2.54
2004-03-04,,,,,,,,,,,,,,,,,,,,,,,,4.04,1.73,4.99,2.31,3.08,2.44,0.99,,14.4,2055.11,2.18,36.81,30.19,2.53
2004-03-05,,,,,,,,,,,,,,,,,,,,,,,,3.85,1.57,4.91,2.28,2.91,2.39,1.0,,14.48,2047.63,2.25,37.31,35.17,2.5
2004-03-06,,,,,,,,,,,,,,,,,,,,,,,,,,,,,,1.0,,,,,,59.99,
2004-03-07,,,,,,,,,,,,,,,,,,,,,,,,,,,,,,1.0,,,,,,17.72,
2004-03-08,,,,,,,,,,,,,,,,,,,,,,,,3.78,1.52,4.87,2.26,2.82,2.35,1.0,,15.79,2008.78,2.3,36.53,13.2,2.45
2004-03-09,,,,,,,,,,,,,,,,,,,,,,,,3.73,1.51,4.85,2.22,2.77,2.33,0.99,,16.6,1995.16,2.3,36.29,43.87,2.46
2004-03-10,,,,,,,,,,,,,,,,,,,,,,,,3.74,1.54,4.83,2.2,2.78,2.29,1.0,,18.67,1964.15,2.31,36.21,69.75,2.4
2004-03-11,,,,,,,,,,,,,,,,,,,,,,,,3.74,1.52,4.87,2.22,2.77,2.24,1.01,,20.67,1943.89,2.32,36.95,59.72,2.33
2004-03-12,,,,,,,,,,,,,,,,,,,,,,,,3.78,1.54,4.89,2.24,2.82,2.26,0.99,,18.3,1984.73,2.31,36.21,17.69,2.38
2004-03-13,,,,,,,,,,,,,,,,,,,,,,,,,,,,,,0.99,,,,,,122.45,
2004-03-14,,,,,,,,,,,,,,,,,,,,,,,,,,,,,,0.99,,,,,,9.34,
2004-03-15,,,,,,,,,,,,,,,,,,,,,,,,3.78,1.56,4.88,2.22,2.82,2.31,1.05,,21.13,1939.2,2.31,37.44,77.43,2.42
2004-03-16,,,,,,,,,,,,,,,,,,,,,,,,3.7,1.51,4.82,2.19,2.74,2.3,0.99,,20.34,1943.09,2.34,37.36,22.31,2.4
2004-03-17,,,,,,,,,,,,,,,,,,,,,,,,3.71,1.53,4.83,2.18,2.78,2.35,1.0,,18.11,1976.76,2.33,38.21,8.72,2.43
2004-03-18,,,,,,,,,,,,,,,,,,,,,,,,3.76,1.55,4.87,2.21,2.83,2.39,1.0,,18.53,1962.44,2.32,37.81,52.73,2.46
2004-03-19,,,,,,,,,,,,,,,,,,,,,,,,3.8,1.56,4.89,2.24,2.86,2.36,0.99,,19.15,1940.47,2.3,38.09,34.97,2.45
2004-03-20,,,,,,,,,,,,,,,,,,,,,,,,,,,,,,0.99,,,,,,108.49,
2004-03-21,,,,,,,,,,,,,,,,,,,,,,,,,,,,,,0.99,,,,,,18.47,
2004-03-22,,,,,,,,,,,,,,,,,,,,,,,,3.74,1.52,4.84,2.22,2.79,2.32,1.01,,21.58,1909.9,2.32,37.12,39.98,2.4
2004-03-23,,,,,,,,,,,,,,,,,,,,,,,,3.73,1.52,4.83,2.21,2.78,2.32,0.99,,20.67,1901.8,2.33,37.81,45.69,2.4
2004-03-24,,,,,,,,,,,,,,,,,,,,,,,,3.73,1.5,4.83,2.23,2.8,2.35,0.99,,19.81,1909.48,2.33,37.06,53.61,2.43
2004-03-25,,,,,,,,,,,,,,,,,,,,,,,,3.75,1.51,4.86,2.24,2.81,2.35,1.02,,17.88,1967.17,2.34,35.67,15.4,2.44
2004-03-26,,,,,,,,,,,,,,,,,,,,,,,,3.85,1.59,4.91,2.26,2.9,2.38,1.0,,17.33,1960.02,2.31,35.61,17.67,2.46
2004-03-27,,,,,,,,,,,,,,,,,,,,,,,,,,,,,,1.0,,,,,,73.86,
2004-03-28,,,,,,,,,,,,,,,,,,,,,,,,,,,,,,1.0,,,,,,28.53,
2004-03-29,,,,,,,,,,,,,,,,,,,,,,,,3.91,1.63,4.96,2.28,2.95,2.41,1.0,,16.5,1992.57,2.28,35.41,39.96,2.51
2004-03-30,,,,,,,,,,,,,,,,,,,,,,,,3.91,1.63,4.96,2.28,2.95,2.39,0.98,,16.28,2000.63,2.28,36.15,33.58,2.49
2004-03-31,,,,,,,,,,,,,,,,,,,,,,,,3.86,1.6,4.93,2.26,2.91,2.38,1.05,,16.74,1994.22,2.29,35.75,45.29,2.47
2004-04-01,6199.1,1332.8,762182.0,187.4,195.9,177.5,1.0,1.52,131412.0,5.6,65.9,11153.3,8107.2,4.9,76.37941813052589,59.88,57.156985768151,0.091,143.4,2003.0,2070.0,0.06,,3.91,1.65,5.01,2.26,2.98,2.43,1.03,,16.65,2015.01,2.27,34.47,15.47,2.52
2004-04-02,,,,,,,,,,,,,,,,,,,,,,,,4.15,1.86,5.13,2.29,3.2,2.46,1.0,,15.64,2057.17,2.17,34.39,34.9,2.54
2004-04-03,,,,,,,,,,,,,,,,,,,,,,,,,,,,,,1.0,,,,,,72.23,
2004-04-04,,,,,,,,,,,,,,,,,,,,,,,,,,,,,,1.0,,,,,,46.32,
2004-04-05,,,,,,,,,,,,,,,,,,,,,,,,4.24,1.91,5.18,2.33,3.3,2.49,1.01,,14.97,2079.12,2.13,34.29,76.48,2.58
2004-04-06,,,,,,,,,,,,,,,,,,,,,,,,4.19,1.86,5.17,2.33,3.25,2.46,1.0,,15.32,2059.9,2.16,35.09,66.11,2.55
2004-04-07,,,,,,,,,,,,,,,,,,,,,,,,4.19,1.87,5.18,2.32,3.24,2.37,1.0,,15.76,2050.24,2.15,36.28,35.17,2.46
2004-04-08,,,,,,,,,,,,,,,,,,,,,,,,4.21,1.88,5.17,2.33,3.28,2.41,1.02,,16.26,2052.88,2.15,37.14,38.14,2.48
2004-04-09,,,,,,,,,,,,,,,,,,,,,,,,,,,,,,1.01,,,,,,45.36,
2004-04-10,,,,,,,,,,,,,,,,,,,,,,,,,,,,,,1.01,,,,,,64.2,
2004-04-11,,,,,,,,,,,,,,,,,,,,,,,,,,,,,,1.01,,,,,,47.32,
2004-04-12,,,,,,,,,,,,,,,,,,,,,,,,4.25,1.91,5.19,2.34,3.31,2.44,1.0,,15.28,2065.48,2.13,37.79,27.87,2.53
2004-04-13,,,,,,,,,,,,,,,,,,,,,,,,4.35,2.01,5.25,2.34,3.41,2.47,1.0,,17.26,2030.08,2.11,37.09,22.18,2.55
2004-04-14,,,,,,,,,,,,,,,,,,,,,,,,4.4,2.13,5.26,2.27,3.45,2.49,1.01,,15.62,2024.85,2.08,36.62,8.65,2.55
2004-04-15,,,,,,,,,,,,,,,,,,,,,,,,4.42,2.1,5.33,2.32,3.47,2.49,1.03,,15.74,2002.17,2.09,37.74,38.52,2.56
2004-04-16,,,,,,,,,,,,,,,,,,,,,,,,4.37,2.03,5.31,2.34,3.43,2.5,0.99,,14.94,1995.74,2.11,37.7,26.4,2.56
2004-04-17,,,,,,,,,,,,,,,,,,,,,,,,,,,,,,0.99,,,,,,186.89,
2004-04-18,,,,,,,,,,,,,,,,,,,,,,,,,,,,,,0.99,,,,,,140.49,
2004-04-19,,,,,,,,,,,,,,,,,,,,,,,,4.39,2.07,5.33,2.32,3.43,2.52,1.0,,15.42,2020.43,2.12,37.46,54.8,2.58
2004-04-20,,,,,,,,,,,,,,,,,,,,,,,,4.43,2.11,5.35,2.32,3.46,2.46,0.99,,16.67,1978.63,2.1,37.61,22.18,2.54
2004-04-21,,,,,,,,,,,,,,,,,,,,,,,,4.45,2.22,5.36,2.23,3.46,2.49,0.99,,15.6,1995.63,2.09,36.61,17.25,2.53
2004-04-22,,,,,,,,,,,,,,,,,,,,,,,,4.4,2.15,5.33,2.25,3.43,2.42,1.0,,14.61,2032.91,2.1,37.7,60.29,2.48
2004-04-23,,,,,,,,,,,,,,,,,,,,,,,,4.48,2.29,5.38,2.19,3.5,2.36,0.99,,14.01,2049.77,2.07,37.22,72.44,2.43
2004-04-24,,,,,,,,,,,,,,,,,,,,,,,,,,,,,,0.99,,,,,,35.52,
2004-04-25,,,,,,,,,,,,,,,,,,,,,,,,,,,,,,0.99,,,,,,27.48,
2004-04-26,,,,,,,,,,,,,,,,,,,,,,,,4.46,2.28,5.36,2.18,3.47,2.43,1.01,,14.77,2036.77,2.06,37.02,39.86,2.49
2004-04-27,,,,,,,,,,,,,,,,,,,,,,,,4.43,2.21,5.35,2.22,3.45,2.43,0.99,,15.07,2032.53,2.08,37.49,22.33,2.48
2004-04-28,,,,,,,,,,,,,,,,,,,,,,,,4.5,2.3,5.39,2.2,3.53,2.4,1.01,,16.29,1989.54,2.06,37.23,17.41,2.46
2004-04-29,,,,,,,,,,,,,,,,,,,,,,,,4.55,2.34,5.41,2.21,3.58,2.4,1.03,,16.6,1958.78,2.06,37.5,22.77,2.46
2004-04-30,,,,,,,,,,,,,,,,,,,,,,,,4.53,2.31,5.39,2.22,3.55,2.42,1.03,,17.19,1920.15,2.05,37.31,26.62,2.5
2004-05-01,6275.9,1333.3,762914.0,188.2,196.2,178.5,1.0,1.505,131697.0,5.6,66.0,11208.9,8176.5,4.8,91.18032463137286,76.7,92.67783957726706,0.093,147.6,1981.0,2150.0,0.08,,,,,,,,1.03,,,,,,57.65,
2004-05-02,,,,,,,,,,,,,,,,,,,,,,,,,,,,,,1.03,,,,,,47.13,
2004-05-03,,,,,,,,,,,,,,,,,,,,,,,,4.53,2.34,5.41,2.19,3.53,2.44,1.03,,16.62,1938.72,2.05,38.26,77.95,2.53
2004-05-04,,,,,,,,,,,,,,,,,,,,,,,,4.56,2.32,5.45,2.24,3.56,2.46,1.0,,16.55,1950.48,2.07,38.86,43.68,2.52
2004-05-05,,,,,,,,,,,,,,,,,,,,,,,,4.61,2.34,5.46,2.27,3.62,2.51,0.99,,15.77,1957.26,2.05,39.69,8.5,2.6
2004-05-06,,,,,,,,,,,,,,,,,,,,,,,,4.63,2.39,5.46,2.24,3.63,2.48,1.0,,17.05,1937.74,2.06,39.41,14.93,2.58
2004-05-07,,,,,,,,,,,,,,,,,,,,,,,,4.79,2.64,5.53,2.15,3.72,2.55,0.99,,18.13,1917.96,1.97,39.98,17.61,2.64
2004-05-08,,,,,,,,,,,,,,,,,,,,,,,,,,,,,,0.99,,,,,,24.47,
2004-05-09,,,,,,,,,,,,,,,,,,,,,,,,,,,,,,0.99,,,,,,19.11,
2004-05-10,,,,,,,,,,,,,,,,,,,,,,,,4.81,2.61,5.54,2.2,3.73,2.56,1.0,,19.77,1896.07,1.98,38.9,142.31,2.7
2004-05-11,,,,,,,,,,,,,,,,,,,,,,,,4.79,2.61,5.53,2.18,3.74,2.58,0.96,,18.57,1931.35,1.99,40.3,132.95,2.71
2004-05-12,,,,,,,,,,,,,,,,,,,,,,,,4.83,2.62,5.57,2.21,3.79,2.66,0.98,,18.14,1925.59,2.0,40.3,43.7,2.78
2004-05-13,,,,,,,,,,,,,,,,,,,,,,,,4.85,2.67,5.61,2.18,3.85,2.67,1.0,,18.86,1926.03,2.02,40.94,15.08,2.76
2004-05-14,,,,,,,,,,,,,,,,,,,,,,,,4.79,2.59,5.59,2.2,3.8,2.63,1.02,,18.47,1904.25,2.03,41.42,70.51,2.75
2004-05-15,,,,,,,,,,,,,,,,,,,,,,,,,,,,,,1.02,,,,,,135.43,
2004-05-16,,,,,,,,,,,,,,,,,,,,,,,,,,,,,,1.02,,,,,,47.43,
2004-05-17,,,,,,,,,,,,,,,,,,,,,,,,4.7,2.51,5.52,2.19,3.64,2.63,1.05,,19.96,1876.64,2.08,41.53,636.34,2.76
2004-05-18,,,,,,,,,,,,,,,,,,,,,,,,4.74,2.58,5.56,2.16,3.69,2.69,1.0,,19.33,1897.82,2.05,40.32,121.45,2.84
2004-05-19,,,,,,,,,,,,,,,,,,,,,,,,4.79,2.61,5.57,2.18,3.75,2.76,1.0,,18.93,1898.17,2.03,41.61,85.18,2.91
2004-05-20,,,,,,,,,,,,,,,,,,,,,,,,4.72,2.55,5.52,2.17,3.69,2.76,1.0,,18.67,1896.59,2.05,40.92,14.87,2.91
2004-05-21,,,,,,,,,,,,,,,,,,,,,,,,4.76,2.6,5.53,2.16,3.73,2.72,0.99,,18.49,1912.09,2.03,39.83,62.33,2.87
2004-05-22,,,,,,,,,,,,,,,,,,,,,,,,,,,,,,0.99,,,,,,159.09,
2004-05-23,,,,,,,,,,,,,,,,,,,,,,,,,,,,,,0.99,,,,,,27.95,
2004-05-24,,,,,,,,,,,,,,,,,,,,,,,,4.75,2.59,5.53,2.16,3.68,2.74,1.0,,18.08,1922.98,2.02,42.03,26.89,2.85
2004-05-25,,,,,,,,,,,,,,,,,,,,,,,,4.73,2.58,5.5,2.15,3.66,2.7,1.0,,15.96,1964.65,2.02,41.45,78.82,2.8
2004-05-26,,,,,,,,,,,,,,,,,,,,,,,,4.67,2.52,5.46,2.15,3.59,2.68,0.99,,15.97,1976.15,2.05,40.6,61.32,2.78
2004-05-27,,,,,,,,,,,,,,,,,,,,,,,,4.6,2.46,5.45,2.14,3.54,2.63,1.0,,15.28,1984.5,2.05,39.25,14.83,2.71
2004-05-28,,,,,,,,,,,,,,,,,,,,,,,,4.66,2.54,5.42,2.12,3.58,2.66,1.02,,15.5,1986.74,2.03,39.9,18.05,2.77
2004-05-29,,,,,,,,,,,,,,,,,,,,,,,,,,,,,,1.02,,,,,,12.46,
2004-05-30,,,,,,,,,,,,,,,,,,,,,,,,,,,,,,1.02,,,,,,29.29,
2004-05-31,,,,,,,,,,,,,,,,,,,,,,,,,,,,,,1.02,,,,,,99.6,
2004-06-01,6278.1,1342.7,770590.0,188.9,196.6,179.2,1.03,1.807,131794.0,5.6,66.1,11215.8,8157.6,5.4,76.7888014437712,79.36,114.73608299109554,0.099,151.5,1828.0,2020.0,0.76,,4.71,2.6,5.48,2.11,3.54,2.74,1.02,,16.3,1990.77,2.05,42.33,26.71,2.84
2004-06-02,,,,,,,,,,,,,,,,,,,,,,,,4.74,2.65,5.5,2.09,3.57,2.7,0.98,,16.08,1988.98,2.06,39.96,9.33,2.78
2004-06-03,,,,,,,,,,,,,,,,,,,,,,,,4.71,2.63,5.49,2.08,3.54,2.66,0.99,,17.03,1960.26,2.08,39.29,47.17,2.74
2004-06-04,,,,,,,,,,,,,,,,,,,,,,,,4.78,2.7,5.54,2.08,3.57,2.67,0.99,,16.78,1978.62,2.06,38.44,18.04,2.74
2004-06-05,,,,,,,,,,,,,,,,,,,,,,,,,,,,,,0.99,,,,,,85.13,
2004-06-06,,,,,,,,,,,,,,,,,,,,,,,,,,,,,,0.99,,,,,,18.85,
2004-06-07,,,,,,,,,,,,,,,,,,,,,,,,4.78,2.67,5.5,2.11,3.54,2.67,0.99,,15.39,2020.62,2.05,38.72,53.92,2.76
2004-06-08,,,,,,,,,,,,,,,,,,,,,,,,4.78,2.73,5.53,2.05,3.51,2.63,0.97,,15.01,2023.53,2.04,37.18,159.02,2.73
2004-06-09,,,,,,,,,,,,,,,,,,,,,,,,4.82,2.79,5.53,2.03,3.55,2.62,0.99,,15.39,1990.61,2.03,37.6,124.37,2.7
2004-06-10,,,,,,,,,,,,,,,,,,,,,,,,4.81,2.81,5.51,2.0,3.51,2.63,1.0,,15.04,1999.87,2.03,38.45,68.95,2.71
2004-06-11,,,,,,,,,,,,,,,,,,,,,,,,,,,,,,1.0,,15.04,,,,27.97,
2004-06-12,,,,,,,,,,,,,,,,,,,,,,,,,,,,,,1.0,,,,,,25.71,
2004-06-13,,,,,,,,,,,,,,,,,,,,,,,,,,,,,,1.0,,,,,,29.15,
2004-06-14,,,,,,,,,,,,,,,,,,,,,,,,4.89,2.97,5.58,1.92,3.48,2.63,1.02,,16.07,1969.99,2.01,37.58,13.91,2.71
2004-06-15,,,,,,,,,,,,,,,,,,,,,,,,4.69,2.77,5.45,1.92,3.35,2.53,1.03,,15.05,1995.6,2.06,37.18,58.5,2.54
2004-06-16,,,,,,,,,,,,,,,,,,,,,,,,4.74,2.84,5.45,1.9,3.44,2.56,1.0,,14.79,1998.23,2.04,37.33,9.03,2.59
2004-06-17,,,,,,,,,,,,,,,,,,,,,,,,4.71,2.81,5.41,1.9,3.43,2.55,1.01,,15.15,1983.67,2.03,38.51,31.0,2.59
2004-06-18,,,,,,,,,,,,,,,,,,,,,,,,4.72,2.81,5.46,1.91,3.43,2.57,1.0,,14.99,1986.73,2.03,38.68,18.51,2.6
2004-06-19,,,,,,,,,,,,,,,,,,,,,,,,,,,,,,1.0,,,,,,78.09,
2004-06-20,,,,,,,,,,,,,,,,,,,,,,,,,,,,,,1.0,,,,,,9.92,
2004-06-21,,,,,,,,,,,,,,,,,,,,,,,,4.7,2.8,5.45,1.9,3.37,2.54,1.0,,15.26,1974.38,2.05,37.69,55.94,2.57
2004-06-22,,,,,,,,,,,,,,,,,,,,,,,,4.72,2.8,5.47,1.92,3.4,2.55,1.0,,14.31,1994.15,2.05,38.11,47.73,2.59
2004-06-23,,,,,,,,,,,,,,,,,,,,,,,,4.71,2.78,5.45,1.93,3.42,2.53,1.02,,13.98,2020.98,2.06,37.56,56.11,2.58
2004-06-24,,,,,,,,,,,,,,,,,,,,,,,,4.66,2.74,5.44,1.92,3.37,2.51,1.03,,14.81,2015.57,2.06,37.81,94.89,2.57
2004-06-25,,,,,,,,,,,,,,,,,,,,,,,,4.66,2.74,5.41,1.92,3.35,2.5,1.05,,15.19,2025.47,2.07,37.34,37.65,2.58
2004-06-26,,,,,,,,,,,,,,,,,,,,,,,,,,,,,,1.05,,,,,,25.85,
2004-06-27,,,,,,,,,,,,,,,,,,,,,,,,,,,,,,1.05,,,,,,10.09,
2004-06-28,,,,,,,,,,,,,,,,,,,,,,,,4.76,2.86,5.49,1.9,3.38,2.53,1.09,,16.07,2019.82,2.04,36.25,126.74,2.61
2004-06-29,,,,,,,,,,,,,,,,,,,,,,,,4.7,2.83,5.44,1.87,3.32,2.5,1.13,,15.47,2034.93,2.06,35.6,73.63,2.58
2004-06-30,,,,,,,,,,,,,,,,,,,,,,,,4.62,2.7,5.41,1.92,3.29,2.52,1.38,,14.34,2047.79,2.09,36.92,132.1,2.61
2004-07-01,6291.3,1340.8,776095.0,189.1,196.8,179.3,1.26,1.808,131853.0,5.5,66.1,11240.5,8236.9,4.7,73.99728230921099,60.95,73.3490920294071,0.099,151.1,2002.0,2112.0,0.2,,4.57,2.64,5.35,1.93,3.35,2.53,1.4,,15.2,2015.55,2.12,38.56,16.33,2.62
2004-07-02,,,,,,,,,,,,,,,,,,,,,,,,4.48,2.54,5.3,1.94,3.18,2.52,1.25,,15.08,2006.66,2.13,38.37,19.7,2.63
2004-07-03,,,,,,,,,,,,,,,,,,,,,,,,,,,,,,1.25,,,,,,95.63,
2004-07-04,,,,,,,,,,,,,,,,,,,,,,,,,,,,,,1.25,,,,,,10.66,
2004-07-05,,,,,,,,,,,,,,,,,,,,,,,,,,,,,,1.25,,,,,,51.74,
2004-07-06,,,,,,,,,,,,,,,,,,,,,,,,4.49,2.56,5.32,1.93,3.15,2.52,1.3,,16.25,1963.43,2.14,39.56,392.16,2.62
2004-07-07,,,,,,,,,,,,,,,,,,,,,,,,4.5,2.56,5.32,1.94,3.2,2.5,1.26,,15.81,1966.08,2.13,39.18,29.09,2.56
2004-07-08,,,,,,,,,,,,,,,,,,,,,,,,4.49,2.55,5.32,1.94,3.22,2.47,1.26,,16.2,1935.32,2.14,40.27,24.77,2.51
2004-07-09,,,,,,,,,,,,,,,,,,,,,,,,4.49,2.55,5.31,1.94,3.21,2.47,1.24,,15.78,1946.33,2.14,39.9,58.89,2.53
2004-07-10,,,,,,,,,,,,,,,,,,,,,,,,,,,,,,1.24,,,,,,26.93,
2004-07-11,,,,,,,,,,,,,,,,,,,,,,,,,,,,,,1.24,,,,,,10.38,
2004-07-12,,,,,,,,,,,,,,,,,,,,,,,,4.46,2.53,5.26,1.93,3.12,2.44,1.26,,14.96,1936.92,2.15,39.3,43.89,2.5
2004-07-13,,,,,,,,,,,,,,,,,,,,,,,,4.5,2.58,5.29,1.92,3.16,2.47,1.24,,14.46,1931.66,2.14,39.55,36.21,2.54
2004-07-14,,,,,,,,,,,,,,,,,,,,,,,,4.5,2.62,5.32,1.88,3.16,2.48,1.24,,13.76,1914.88,2.12,40.98,55.63,2.55
2004-07-15,,,,,,,,,,,,,,,,,,,,,,,,4.5,2.64,5.28,1.86,3.15,2.49,1.3,,14.71,1912.71,2.12,40.7,41.34,2.56
2004-07-16,,,,,,,,,,,,,,,,,,,,,,,,4.38,2.54,5.22,1.84,3.03,2.44,1.24,,14.34,1883.15,2.15,41.1,9.67,2.51
2004-07-17,,,,,,,,,,,,,,,,,,,,,,,,,,,,,,1.24,,,,,,131.82,
2004-07-18,,,,,,,,,,,,,,,,,,,,,,,,,,,,,,1.24,,,,,,10.05,
2004-07-19,,,,,,,,,,,,,,,,,,,,,,,,4.38,2.56,5.22,1.82,3.03,2.42,1.25,,15.17,1883.83,2.14,41.55,43.32,2.48
2004-07-20,,,,,,,,,,,,,,,,,,,,,,,,4.47,2.67,5.25,1.8,3.11,2.42,1.25,,14.17,1917.07,2.12,40.86,199.11,2.48
2004-07-21,,,,,,,,,,,,,,,,,,,,,,,,4.5,2.71,5.31,1.79,3.15,2.45,1.25,,16.41,1874.37,2.12,40.63,37.24,2.53
2004-07-22,,,,,,,,,,,,,,,,,,,,,,,,4.48,2.69,5.3,1.79,3.11,2.45,1.26,,15.75,1889.06,2.13,41.51,8.33,2.53
2004-07-23,,,,,,,,,,,,,,,,,,,,,,,,4.45,2.69,5.27,1.76,3.07,2.45,1.25,,16.5,1849.09,2.13,41.82,37.72,2.52
2004-07-24,,,,,,,,,,,,,,,,,,,,,,,,,,,,,,1.25,,,,,,52.15,
2004-07-25,,,,,,,,,,,,,,,,,,,,,,,,,,,,,,1.25,,,,,,50.09,
2004-07-26,,,,,,,,,,,,,,,,,,,,,,,,4.49,2.75,5.27,1.74,3.04,2.44,1.27,,17.3,1839.02,2.11,41.45,42.24,2.52
2004-07-27,,,,,,,,,,,,,,,,,,,,,,,,4.62,2.82,5.42,1.8,3.16,2.47,1.27,,16.55,1869.1,2.09,41.83,35.91,2.56
2004-07-28,,,,,,,,,,,,,,,,,,,,,,,,4.61,2.78,5.42,1.83,3.15,2.5,1.29,,16.15,1858.26,2.1,42.81,38.44,2.6
2004-07-29,,,,,,,,,,,,,,,,,,,,,,,,4.6,2.75,5.37,1.85,3.15,2.53,1.3,,15.68,1881.06,2.09,42.69,25.21,2.63
2004-07-30,,,,,,,,,,,,,,,,,,,,,,,,4.5,2.68,5.31,1.82,3.05,2.49,1.29,,15.32,1887.36,2.1,43.72,57.7,2.57
2004-07-31,,,,,,,,,,,,,,,,,,,,,,,,,,,,,,1.29,,,,,,92.68,
2004-08-01,6317.9,1354.3,771096.0,189.2,196.9,179.4,1.43,1.588,131940.0,5.4,66.0,11274.6,8271.6,4.7,69.0953723705925,70.38,95.12458581094263,0.1,151.5,2024.0,2056.0,0.14,,,,,,,,1.29,,,,,,48.81,
2004-08-02,,,,,,,,,,,,,,,,,,,,,,,,4.48,2.66,5.26,1.82,2.98,2.48,1.28,,15.37,1892.09,2.13,43.83,83.53,2.54
2004-08-03,,,,,,,,,,,,,,,,,,,,,,,,4.45,2.66,5.24,1.79,2.97,2.47,1.24,,16.03,1859.42,2.14,44.13,23.61,2.51
2004-08-04,,,,,,,,,,,,,,,,,,,,,,,,4.45,2.66,5.24,1.79,2.96,2.45,1.22,,16.21,1855.06,2.14,42.73,37.18,2.51
2004-08-05,,,,,,,,,,,,,,,,,,,,,,,,4.43,2.64,5.22,1.79,2.95,2.47,1.3,,18.32,1821.63,2.14,44.39,49.31,2.53
2004-08-06,,,,,,,,,,,,,,,,,,,,,,,,4.24,2.4,5.13,1.84,2.8,2.42,1.32,,19.34,1776.89,2.22,43.95,260.75,2.5
2004-08-07,,,,,,,,,,,,,,,,,,,,,,,,,,,,,,1.32,,,,,,92.45,
2004-08-08,,,,,,,,,,,,,,,,,,,,,,,,,,,,,,1.32,,,,,,19.72,
2004-08-09,,,,,,,,,,,,,,,,,,,,,,,,4.28,2.45,5.15,1.83,2.77,2.43,1.35,,18.89,1774.64,2.19,44.86,42.55,2.49
2004-08-10,,,,,,,,,,,,,,,,,,,,,,,,4.32,2.55,5.17,1.77,2.82,2.42,1.43,,17.47,1808.7,2.18,44.51,95.18,2.49
2004-08-11,,,,,,,,,,,,,,,,,,,,,,,,4.3,2.54,5.16,1.76,2.86,2.44,1.5,,18.04,1782.42,2.17,44.72,64.52,2.5
2004-08-12,,,,,,,,,,,,,,,,,,,,,,,,4.27,2.52,5.17,1.75,2.84,2.46,1.51,,19.08,1752.49,2.19,45.52,39.6,2.52
2004-08-13,,,,,,,,,,,,,,,,,,,,,,,,4.22,2.47,5.11,1.75,2.78,2.45,1.48,,17.98,1757.22,2.2,46.61,56.62,2.49
2004-08-14,,,,,,,,,,,,,,,,,,,,,,,,,,,,,,1.48,,,,,,75.91,
2004-08-15,,,,,,,,,,,,,,,,,,,,,,,,,,,,,,1.48,,,,,,19.88,
2004-08-16,,,,,,,,,,,,,,,,,,,,,,,,4.26,2.51,5.13,1.75,2.77,2.44,1.43,,17.57,1782.84,2.2,46.02,27.42,2.49
2004-08-17,,,,,,,,,,,,,,,,,,,,,,,,4.21,2.44,5.13,1.77,2.73,2.39,1.2,,17.02,1795.25,2.21,46.75,35.12,2.45
2004-08-18,,,,,,,,,,,,,,,,,,,,,,,,4.23,2.44,5.11,1.79,2.74,2.4,1.39,,16.23,1831.37,2.2,47.36,18.41,2.48
2004-08-19,,,,,,,,,,,,,,,,,,,,,,,,4.22,2.43,5.14,1.79,2.74,2.46,1.5,,16.96,1819.89,2.2,48.66,62.71,2.53
2004-08-20,,,,,,,,,,,,,,,,,,,,,,,,4.24,2.46,5.14,1.78,2.75,2.45,1.5,,16.0,1838.02,2.19,47.6,9.31,2.54
2004-08-21,,,,,,,,,,,,,,,,,,,,,,,,,,,,,,1.5,,,,,,139.26,
2004-08-22,,,,,,,,,,,,,,,,,,,,,,,,,,,,,,1.5,,,,,,194.62,
2004-08-23,,,,,,,,,,,,,,,,,,,,,,,,4.28,2.5,5.15,1.78,2.74,2.42,1.51,,15.88,1838.7,2.19,46.0,28.03,2.51
2004-08-24,,,,,,,,,,,,,,,,,,,,,,,,4.28,2.5,5.15,1.78,2.74,2.41,1.51,,15.33,1836.89,2.18,45.68,22.99,2.52
2004-08-25,,,,,,,,,,,,,,,,,,,,,,,,4.26,2.51,5.13,1.75,2.72,2.38,1.55,,14.98,1860.72,2.18,43.83,45.21,2.47
2004-08-26,,,,,,,,,,,,,,,,,,,,,,,,4.22,2.48,5.1,1.74,2.67,2.36,1.55,,14.91,1852.92,2.19,43.06,38.06,2.44
2004-08-27,,,,,,,,,,,,,,,,,,,,,,,,4.23,2.48,5.1,1.75,2.67,2.37,1.52,,14.71,1862.09,2.18,43.11,17.89,2.45
2004-08-28,,,,,,,,,,,,,,,,,,,,,,,,,,,,,,1.52,,,,,,85.74,
2004-08-29,,,,,,,,,,,,,,,,,,,,,,,,,,,,,,1.52,,,,,,37.21,
2004-08-30,,,,,,,,,,,,,,,,,,,,,,,,4.19,2.47,5.07,1.72,2.58,2.36,1.54,,15.44,1836.49,2.19,42.32,14.1,2.44
2004-08-31,,,,,,,,,,,,,,,,,,,,,,,,4.13,2.41,5.01,1.72,2.54,2.35,1.55,,15.29,1838.1,2.19,42.23,70.54,2.43
2004-09-01,6352.3,1362.5,786291.0,189.8,197.5,179.9,1.61,1.393,132091.0,5.4,65.8,11279.6,8341.5,4.1,78.86788897291112,75.09,71.32165236865772,0.099,152.9,1905.0,2041.0,0.1,,4.13,2.41,5.01,1.72,2.55,2.36,1.53,,14.91,1850.41,2.2,43.89,69.65,2.44
2004-09-02,,,,,,,,,,,,,,,,,,,,,,,,4.2,2.46,5.07,1.74,2.6,2.37,1.51,,14.28,1873.43,2.17,44.04,23.15,2.42
2004-09-03,,,,,,,,,,,,,,,,,,,,,,,,4.3,2.61,5.14,1.69,2.65,2.42,1.48,,13.91,1844.48,2.15,43.94,54.54,2.48
2004-09-04,,,,,,,,,,,,,,,,,,,,,,,,,,,,,,1.48,,,,,,118.84,
2004-09-05,,,,,,,,,,,,,,,,,,,,,,,,,,,,,,1.48,,,,,,19.37,
2004-09-06,,,,,,,,,,,,,,,,,,,,,,,,,,,,,,1.48,,,,,,102.63,
2004-09-07,,,,,,,,,,,,,,,,,,,,,,,,4.26,2.58,5.1,1.68,2.6,2.4,1.54,,14.07,1858.56,2.13,43.18,265.49,2.46
2004-09-08,,,,,,,,,,,,,,,,,,,,,,,,4.18,2.5,5.04,1.68,2.53,2.36,1.51,,14.06,1850.64,2.15,42.77,18.73,2.42
2004-09-09,,,,,,,,,,,,,,,,,,,,,,,,4.22,2.5,5.07,1.72,2.58,2.39,1.49,,14.01,1869.65,2.15,44.53,22.69,2.48
2004-09-10,,,,,,,,,,,,,,,,,,,,,,,,4.19,2.5,5.05,1.69,2.53,2.36,1.48,,13.76,1894.31,2.16,42.84,71.53,2.46
2004-09-11,,,,,,,,,,,,,,,,,,,,,,,,,,,,,,1.48,,,,,,56.58,
2004-09-12,,,,,,,,,,,,,,,,,,,,,,,,,,,,,,1.48,,,,,,27.97,
2004-09-13,,,,,,,,,,,,,,,,,,,,,,,,4.16,2.5,5.02,1.66,2.5,2.35,1.51,,13.17,1910.38,2.15,43.86,54.19,2.43
2004-09-14,,,,,,,,,,,,,,,,,,,,,,,,4.15,2.47,5.01,1.68,2.49,2.34,1.4,,13.56,1915.4,2.15,44.62,11.22,2.44
2004-09-15,,,,,,,,,,,,,,,,,,,,,,,,4.18,2.51,5.04,1.67,2.51,2.32,1.57,,14.64,1896.52,2.14,43.83,8.94,2.41
2004-09-16,,,,,,,,,,,,,,,,,,,,,,,,4.08,2.44,4.95,1.64,2.41,2.27,1.61,,14.39,1904.08,2.16,44.03,15.14,2.37
2004-09-17,,,,,,,,,,,,,,,,,,,,,,,,4.14,2.53,4.99,1.61,2.43,2.29,1.58,,14.03,1910.09,2.13,45.63,18.14,2.4
2004-09-18,,,,,,,,,,,,,,,,,,,,,,,,,,,,,,1.58,,,,,,23.13,
2004-09-19,,,,,,,,,,,,,,,,,,,,,,,,,,,,,,1.58,,,,,,27.73,
2004-09-20,,,,,,,,,,,,,,,,,,,,,,,,4.07,2.46,4.94,1.61,2.34,2.27,1.64,,14.43,1908.07,2.14,46.33,52.13,2.35
2004-09-21,,,,,,,,,,,,,,,,,,,,,,,,4.05,2.49,4.94,1.56,2.33,2.25,1.7,,13.66,1921.18,2.14,47.11,34.3,2.36
2004-09-22,,,,,,,,,,,,,,,,,,,,,,,,4.0,2.5,4.88,1.5,2.29,2.27,1.78,,14.74,1885.71,2.13,48.41,45.03,2.37
2004-09-23,,,,,,,,,,,,,,,,,,,,,,,,4.02,2.57,4.86,1.45,2.3,2.26,1.8,,14.8,1886.43,2.13,48.37,124.52,2.33
2004-09-24,,,,,,,,,,,,,,,,,,,,,,,,4.04,2.62,4.87,1.42,2.31,2.26,1.76,,14.28,1879.48,2.12,48.86,34.84,2.32
2004-09-25,,,,,,,,,,,,,,,,,,,,,,,,,,,,,,1.76,,,,,,45.21,
2004-09-26,,,,,,,,,,,,,,,,,,,,,,,,,,,,,,1.76,,,,,,143.49,
2004-09-27,,,,,,,,,,,,,,,,,,,,,,,,4.01,2.59,4.84,1.42,2.27,2.29,1.76,,14.62,1859.88,2.13,49.56,64.78,2.33
2004-09-28,,,,,,,,,,,,,,,,,,,,,,,,4.02,2.55,4.9,1.47,2.3,2.32,1.72,,13.83,1869.87,2.14,49.76,79.95,2.36
2004-09-29,,,,,,,,,,,,,,,,,,,,,,,,4.1,2.61,4.97,1.49,2.38,2.34,1.76,,13.21,1893.94,2.12,49.53,8.89,2.38
2004-09-30,,,,,,,,,,,,,,,,,,,,,,,,4.14,2.63,4.97,1.51,2.43,2.37,1.94,,13.34,1896.84,2.11,49.56,67.25,2.41
2004-10-01,6379.9,1362.3,788388.0,190.8,197.9,181.2,1.76,1.483,132431.0,5.5,65.9,11282.5,8397.1,3.9,89.14456034503387,102.47,107.70223015002408,0.094,158.6,2072.0,2097.0,0.08,,4.21,2.63,5.06,1.58,2.5,2.38,1.86,,12.75,1942.2,2.09,50.16,51.24,2.41
2004-10-02,,,,,,,,,,,,,,,,,,,,,,,,,,,,,,1.86,,,,,,121.42,
2004-10-03,,,,,,,,,,,,,,,,,,,,,,,,,,,,,,1.86,,,,,,9.66,
2004-10-04,,,,,,,,,,,,,,,,,,,,,,,,4.19,2.65,5.04,1.54,2.48,2.33,1.77,,13.41,1952.4,2.1,49.85,12.71,2.35
2004-10-05,,,,,,,,,,,,,,,,,,,,,,,,4.18,2.65,5.04,1.53,2.47,2.34,1.73,,13.95,1955.5,2.1,51.08,166.93,2.35
2004-10-06,,,,,,,,,,,,,,,,,,,,,,,,4.23,2.7,5.04,1.53,2.52,2.33,1.74,,13.28,1971.03,2.09,51.98,17.49,2.33
2004-10-07,,,,,,,,,,,,,,,,,,,,,,,,4.26,2.72,5.08,1.54,2.56,2.37,1.76,,14.5,1948.52,2.09,52.56,44.28,2.39
2004-10-08,,,,,,,,,,,,,,,,,,,,,,,,4.15,2.61,4.98,1.54,2.44,2.37,1.71,,15.05,1919.97,2.1,53.4,60.02,2.42
2004-10-09,,,,,,,,,,,,,,,,,,,,,,,,,,,,,,1.71,,,,,,88.04,
2004-10-10,,,,,,,,,,,,,,,,,,,,,,,,,,,,,,1.71,,,,,,72.91,
2004-10-11,,,,,,,,,,,,,,,,,,,,,,,,,,,,,,1.71,,14.71,1928.76,,53.65,25.98,
2004-10-12,,,,,,,,,,,,,,,,,,,,,,,,4.12,2.56,4.95,1.56,2.4,2.37,1.78,,15.05,1925.17,2.11,53.49,46.09,2.43
2004-10-13,,,,,,,,,,,,,,,,,,,,,,,,4.09,2.53,4.98,1.56,2.37,2.37,1.73,,15.42,1920.53,2.12,53.86,60.81,2.42
2004-10-14,,,,,,,,,,,,,,,,,,,,,,,,4.03,2.48,4.93,1.55,2.29,2.35,1.77,,16.43,1903.02,2.13,54.69,28.69,2.38
2004-10-15,,,,,,,,,,,,,,,,,,,,,,,,4.07,2.53,4.92,1.54,2.31,2.37,1.79,,15.04,1911.5,2.12,54.89,292.88,2.4
2004-10-16,,,,,,,,,,,,,,,,,,,,,,,,,,,,,,1.79,,,,,,95.93,
2004-10-17,,,,,,,,,,,,,,,,,,,,,,,,,,,,,,1.79,,,,,,53.42,
2004-10-18,,,,,,,,,,,,,,,,,,,,,,,,4.07,2.55,4.92,1.52,2.26,2.36,1.73,,14.71,1936.52,2.13,53.59,25.77,2.4
2004-10-19,,,,,,,,,,,,,,,,,,,,,,,,4.07,2.57,4.91,1.5,2.25,2.37,1.72,,15.13,1922.9,2.1,53.28,32.8,2.41
2004-10-20,,,,,,,,,,,,,,,,,,,,,,,,4.01,2.53,4.85,1.48,2.19,2.35,1.74,,14.85,1932.97,2.13,54.93,48.46,2.36
2004-10-21,,,,,,,,,,,,,,,,,,,,,,,,4.01,2.57,4.84,1.44,2.16,2.39,1.76,,14.54,1953.62,2.12,54.51,72.31,2.34
2004-10-22,,,,,,,,,,,,,,,,,,,,,,,,4.0,2.55,4.87,1.45,2.15,2.36,1.72,,15.28,1915.14,2.12,55.83,52.49,2.29
2004-10-23,,,,,,,,,,,,,,,,,,,,,,,,,,,,,,1.72,,,,,,118.32,
2004-10-24,,,,,,,,,,,,,,,,,,,,,,,,,,,,,,1.72,,,,,,34.48,
2004-10-25,,,,,,,,,,,,,,,,,,,,,,,,3.99,2.54,4.86,1.45,2.09,2.36,1.76,,16.58,1914.04,2.13,55.52,76.7,2.3
2004-10-26,,,,,,,,,,,,,,,,,,,,,,,,4.01,2.54,4.87,1.47,2.1,2.38,1.72,,16.39,1928.79,2.11,56.37,533.21,2.31
2004-10-27,,,,,,,,,,,,,,,,,,,,,,,,4.11,2.63,4.96,1.48,2.19,2.38,1.77,,15.72,1969.99,2.08,52.52,15.56,2.29
2004-10-28,,,,,,,,,,,,,,,,,,,,,,,,4.09,2.59,4.91,1.5,2.18,2.41,1.79,,15.39,1975.74,2.1,50.95,6.93,2.33
2004-10-29,,,,,,,,,,,,,,,,,,,,,,,,4.05,2.56,4.87,1.49,2.14,2.42,1.79,,16.27,1974.99,2.09,51.78,16.7,2.35
2004-10-30,,,,,,,,,,,,,,,,,,,,,,,,,,,,,,1.79,,,,,,105.77,
2004-10-31,,,,,,,,,,,,,,,,,,,,,,,,,,,,,,1.79,,,,,,85.72,
2004-11-01,6406.5,1374.2,798768.0,191.7,198.3,182.4,1.93,1.452,132504.0,5.4,66.0,11246.1,8444.5,3.4,84.4186949595333,72.19,78.57551175347272,0.092,163.8,1782.0,2079.0,0.08,,4.11,2.61,4.92,1.5,2.12,2.44,1.83,,16.27,1979.87,2.09,50.1,167.22,2.36
2004-11-02,,,,,,,,,,,,,,,,,,,,,,,,4.1,2.6,4.91,1.5,2.13,2.49,1.74,,16.18,1984.79,2.09,49.6,66.8,2.42
2004-11-03,,,,,,,,,,,,,,,,,,,,,,,,4.09,2.6,4.9,1.49,2.13,2.48,1.73,,14.04,2004.33,2.08,50.9,324.21,2.39
2004-11-04,,,,,,,,,,,,,,,,,,,,,,,,4.1,2.63,4.89,1.47,2.12,2.45,1.77,,13.97,2023.63,2.05,48.8,36.04,2.37
2004-11-05,,,,,,,,,,,,,,,,,,,,,,,,4.21,2.8,4.99,1.41,2.18,2.5,1.76,,13.84,2038.94,2.02,49.65,86.05,2.4
2004-11-06,,,,,,,,,,,,,,,,,,,,,,,,,,,,,,1.76,,,,,,112.15,
2004-11-07,,,,,,,,,,,,,,,,,,,,,,,,,,,,,,1.76,,,,,,72.71,
2004-11-08,,,,,,,,,,,,,,,,,,,,,,,,4.22,2.8,4.98,1.42,2.15,2.5,1.8,,13.8,2039.25,2.03,49.1,25.97,2.41
2004-11-09,,,,,,,,,,,,,,,,,,,,,,,,4.22,2.8,5.02,1.42,2.14,2.48,1.79,,13.61,2043.33,2.03,47.4,55.14,2.39
2004-11-10,,,,,,,,,,,,,,,,,,,,,,,,4.25,2.82,5.05,1.43,2.17,2.5,1.92,,13.08,2034.56,2.04,48.7,15.91,2.41
2004-11-11,,,,,,,,,,,,,,,,,,,,,,,,,,,,,,1.92,,13.04,2061.27,,47.5,14.74,
2004-11-12,,,,,,,,,,,,,,,,,,,,,,,,4.2,2.86,4.96,1.34,2.12,2.49,2.02,,13.33,2085.34,2.02,47.3,17.87,2.39
2004-11-13,,,,,,,,,,,,,,,,,,,,,,,,,,,,,,2.02,,,,,,79.42,
2004-11-14,,,,,,,,,,,,,,,,,,,,,,,,,,,,,,2.02,,,,,,63.71,
2004-11-15,,,,,,,,,,,,,,,,,,,,,,,,4.2,2.89,4.98,1.31,2.08,2.53,2.06,,13.38,2094.09,2.01,46.95,13.27,2.44
2004-11-16,,,,,,,,,,,,,,,,,,,,,,,,4.21,2.91,4.96,1.3,2.07,2.53,1.98,,13.21,2078.62,2.0,46.1,11.38,2.42
2004-11-17,,,,,,,,,,,,,,,,,,,,,,,,4.14,2.85,4.89,1.29,2.01,2.51,1.99,,13.21,2099.68,2.01,46.85,48.15,2.41
2004-11-18,,,,,,,,,,,,,,,,,,,,,,,,4.12,2.86,4.86,1.26,1.99,2.48,1.99,,12.98,2104.28,2.01,46.3,184.1,2.36
2004-11-19,,,,,,,,,,,,,,,,,,,,,,,,4.2,2.95,4.93,1.25,2.05,2.53,1.99,,13.5,2070.63,1.99,48.9,66.08,2.42
2004-11-20,,,,,,,,,,,,,,,,,,,,,,,,,,,,,,1.99,,,,,,44.78,
2004-11-21,,,,,,,,,,,,,,,,,,,,,,,,,,,,,,1.99,,,,,,27.2,
2004-11-22,,,,,,,,,,,,,,,,,,,,,,,,4.18,2.95,4.89,1.23,1.98,2.56,2.01,,12.97,2085.19,1.96,48.48,13.25,2.45
2004-11-23,,,,,,,,,,,,,,,,,,,,,,,,4.19,2.98,4.89,1.21,2.0,2.54,2.0,,12.67,2084.28,1.96,48.74,33.39,2.43
2004-11-24,,,,,,,,,,,,,,,,,,,,,,,,4.2,3.01,4.89,1.19,2.02,2.56,2.02,,12.72,2102.54,1.95,49.14,7.5,2.44
2004-11-25,,,,,,,,,,,,,,,,,,,,,,,,,,,,,,2.02,,,,,,9.84,
2004-11-26,,,,,,,,,,,,,,,,,,,,,,,,4.24,3.03,4.94,1.21,2.03,2.58,2.01,,12.79,2101.97,1.96,,10.79,2.46
2004-11-27,,,,,,,,,,,,,,,,,,,,,,,,,,,,,,2.01,,,,,,38.35,
2004-11-28,,,,,,,,,,,,,,,,,,,,,,,,,,,,,,2.01,,,,,,29.45,
2004-11-29,,,,,,,,,,,,,,,,,,,,,,,,4.34,3.07,5.03,1.27,2.11,2.6,2.03,,13.3,2106.87,1.93,49.71,28.11,2.46
2004-11-30,,,,,,,,,,,,,,,,,,,,,,,,4.36,3.02,5.07,1.34,2.13,2.61,2.02,,13.24,2096.81,1.95,49.16,11.51,2.46
2004-12-01,6424.7,1376.0,808973.0,191.7,198.6,182.3,2.16,1.3969999999999998,132629.0,5.4,65.9,11659.0,8504.4,6.2,64.94419399930422,40.13,28.592294059833076,0.092,162.3,2042.0,2082.0,0.06,,4.38,3.01,5.08,1.37,2.16,2.59,2.04,,12.97,2138.23,1.95,45.56,8.33,2.45
2004-12-02,,,,,,,,,,,,,,,,,,,,,,,,4.4,3.04,5.11,1.36,2.18,2.57,2.0,,12.98,2143.57,1.94,43.31,7.43,2.42
2004-12-03,,,,,,,,,,,,,,,,,,,,,,,,4.27,2.94,4.99,1.33,2.06,2.54,1.98,,12.96,2147.96,1.96,42.56,8.72,2.4
2004-12-04,,,,,,,,,,,,,,,,,,,,,,,,,,,,,,1.98,,,,,,23.63,
2004-12-05,,,,,,,,,,,,,,,,,,,,,,,,,,,,,,1.98,,,,,,9.23,
2004-12-06,,,,,,,,,,,,,,,,,,,,,,,,4.24,2.93,4.96,1.31,1.99,2.54,2.04,,13.19,2151.25,1.96,42.96,39.58,2.42
2004-12-07,,,,,,,,,,,,,,,,,,,,,,,,4.23,2.95,4.95,1.28,1.98,2.54,1.99,,13.67,2114.66,1.96,41.51,22.18,2.42
2004-12-08,,,,,,,,,,,,,,,,,,,,,,,,4.14,2.91,4.84,1.23,1.9,2.52,2.01,,13.19,2126.11,1.94,41.96,8.06,2.38
2004-12-09,,,,,,,,,,,,,,,,,,,,,,,,4.19,2.93,4.88,1.26,1.95,2.55,2.05,,12.88,2129.01,1.94,42.41,7.3,2.46
2004-12-10,,,,,,,,,,,,,,,,,,,,,,,,4.16,2.95,4.87,1.21,1.91,2.5,2.09,,12.76,2128.07,1.95,40.71,54.1,2.41
2004-12-11,,,,,,,,,,,,,,,,,,,,,,,,,,,,,,2.09,,,,,,23.21,
2004-12-12,,,,,,,,,,,,,,,,,,,,,,,,,,,,,,2.09,,,,,,18.63,
2004-12-13,,,,,,,,,,,,,,,,,,,,,,,,4.16,2.98,4.85,1.18,1.92,2.51,2.18,,12.54,2148.5,1.94,41.06,25.54,2.4
2004-12-14,,,,,,,,,,,,,,,,,,,,,,,,4.14,2.99,4.83,1.15,1.93,2.52,2.24,,12.73,2159.84,1.94,41.76,22.65,2.4
2004-12-15,,,,,,,,,,,,,,,,,,,,,,,,4.09,2.97,4.76,1.12,1.88,2.52,2.31,,12.35,2162.55,1.91,44.21,16.53,2.39
2004-12-16,,,,,,,,,,,,,,,,,,,,,,,,4.19,3.01,4.88,1.18,1.99,2.55,2.26,,12.27,2146.15,1.92,44.16,15.34,2.42
2004-12-17,,,,,,,,,,,,,,,,,,,,,,,,4.21,3.03,4.89,1.18,2.01,2.57,2.23,,11.95,2135.2,1.92,46.31,9.09,2.45
2004-12-18,,,,,,,,,,,,,,,,,,,,,,,,,,,,,,2.23,,,,,,36.4,
2004-12-19,,,,,,,,,,,,,,,,,,,,,,,,,,,,,,2.23,,,,,,19.22,
2004-12-20,,,,,,,,,,,,,,,,,,,,,,,,4.21,3.06,4.88,1.15,1.99,2.59,2.26,,11.83,2127.85,1.9,45.57,167.56,2.48
2004-12-21,,,,,,,,,,,,,,,,,,,,,,,,4.18,3.05,4.83,1.13,1.98,2.59,2.24,,11.55,2150.91,1.91,45.76,56.82,2.47
2004-12-22,,,,,,,,,,,,,,,,,,,,,,,,4.21,3.04,4.86,1.17,2.03,2.58,2.25,,11.45,2157.03,1.91,44.05,26.79,2.48
2004-12-23,,,,,,,,,,,,,,,,,,,,,,,,4.23,3.02,4.9,1.21,2.04,2.61,2.34,,11.23,2160.62,1.91,42.19,8.5,2.52
2004-12-24,,,,,,,,,,,,,,,,,,,,,,,,,,,,,,2.27,,,,,,10.95,
2004-12-25,,,,,,,,,,,,,,,,,,,,,,,,,,,,,,2.27,,,,,,156.46,
2004-12-26,,,,,,,,,,,,,,,,,,,,,,,,,,,,,,2.27,,,,,,11.5,
2004-12-27,,,,,,,,,,,,,,,,,,,,,,,,4.3,3.07,4.97,1.23,2.04,2.63,2.24,,12.14,2154.22,1.9,41.26,43.31,2.55
2004-12-28,,,,,,,,,,,,,,,,,,,,,,,,4.31,3.08,4.95,1.23,2.06,2.62,2.24,,12.0,2177.19,1.9,41.78,24.41,2.53
2004-12-29,,,,,,,,,,,,,,,,,,,,,,,,4.33,3.12,4.97,1.21,2.11,2.6,2.23,,11.62,2177.0,1.89,43.69,19.56,2.5
2004-12-30,,,,,,,,,,,,,,,,,,,,,,,,4.27,3.1,4.94,1.17,2.05,2.57,2.24,,12.56,2178.34,1.89,43.36,8.67,2.47
2004-12-31,,,,,,,,,,,,,,,,,,,,,,,,4.24,3.08,4.86,1.16,2.02,2.56,1.97,,13.29,2175.44,1.86,,149.21,2.48
2005-01-01,6431.0,1367.1,807095.0,191.6,199.0,182.0,2.28,1.31,132781.0,5.3,65.8,11226.5,8497.7,2.7,57.799037106676344,66.99,77.83283293286578,0.094,157.2,2144.0,2139.0,0.1,,,,,,,,1.97,,,,,,262.79,
2005-01-02,,,,,,,,,,,,,,,,,,,,,,,,,,,,,,1.97,,,,,,105.62,
2005-01-03,,,,,,,,,,,,,,,,,,,,,,,,4.23,3.1,4.85,1.13,1.91,2.53,2.31,,14.08,2152.15,1.86,42.16,28.3,2.44
2005-01-04,,,,,,,,,,,,,,,,,,,,,,,,4.29,3.2,4.91,1.09,1.96,2.51,2.25,,13.98,2107.86,1.85,43.96,33.14,2.4
2005-01-05,,,,,,,,,,,,,,,,,,,,,,,,4.29,3.22,4.88,1.07,1.96,2.5,2.25,,14.09,2091.24,1.83,43.41,24.48,2.4
2005-01-06,,,,,,,,,,,,,,,,,,,,,,,,4.29,3.18,4.89,1.11,1.98,2.53,2.25,,13.58,2090.0,1.84,45.51,8.05,2.47
2005-01-07,,,,,,,,,,,,,,,,,,,,,,,,4.29,3.2,4.88,1.09,1.97,2.49,2.24,,13.49,2088.61,1.83,45.32,54.69,2.41
2005-01-08,,,,,,,,,,,,,,,,,,,,,,,,,,,,,,2.24,,,,,,83.79,
2005-01-09,,,,,,,,,,,,,,,,,,,,,,,,,,,,,,2.24,,,,,,27.88,
2005-01-10,,,,,,,,,,,,,,,,,,,,,,,,4.29,3.23,4.86,1.06,1.93,2.52,2.26,,13.23,2097.04,1.82,45.31,109.06,2.42
2005-01-11,,,,,,,,,,,,,,,,,,,,,,,,4.26,3.24,4.84,1.02,1.92,2.5,2.24,,13.19,2079.62,1.81,45.66,33.9,2.4
2005-01-12,,,,,,,,,,,,,,,,,,,,,,,,4.25,3.22,4.8,1.03,1.91,2.52,2.25,,12.56,2092.53,1.81,46.46,24.44,2.44
2005-01-13,,,,,,,,,,,,,,,,,,,,,,,,4.2,3.21,4.77,0.99,1.85,2.5,2.29,,12.84,2070.56,1.8,48.11,7.34,2.4
2005-01-14,,,,,,,,,,,,,,,,,,,,,,,,4.23,3.24,4.78,0.99,1.86,2.51,2.29,,12.43,2087.91,1.79,48.41,17.34,2.44
2005-01-15,,,,,,,,,,,,,,,,,,,,,,,,,,,,,,2.29,,,,,,92.55,
2005-01-16,,,,,,,,,,,,,,,,,,,,,,,,,,,,,,2.29,,,,,,72.38,
2005-01-17,,,,,,,,,,,,,,,,,,,,,,,,,,,,,,2.29,,,,,,40.65,
2005-01-18,,,,,,,,,,,,,,,,,,,,,,,,4.21,3.26,4.72,0.95,1.82,2.5,2.31,,12.47,2106.04,1.77,48.46,35.74,2.43
2005-01-19,,,,,,,,,,,,,,,,,,,,,,,,4.2,3.26,4.7,0.94,1.83,2.5,2.19,,13.18,2073.59,1.76,47.61,39.29,2.44
2005-01-20,,,,,,,,,,,,,,,,,,,,,,,,4.17,3.21,4.71,0.96,1.82,2.47,2.25,,13.83,2045.88,1.8,47.01,22.07,2.42
2005-01-21,,,,,,,,,,,,,,,,,,,,,,,,4.16,3.16,4.7,1.0,1.8,2.47,2.26,,14.36,2034.27,1.79,48.31,8.97,2.43
2005-01-22,,,,,,,,,,,,,,,,,,,,,,,,,,,,,,2.26,,,,,,58.9,
2005-01-23,,,,,,,,,,,,,,,,,,,,,,,,,,,,,,2.26,,,,,,37.07,
2005-01-24,,,,,,,,,,,,,,,,,,,,,,,,4.14,3.2,4.63,0.94,1.77,2.46,2.26,,14.65,2008.7,1.77,48.61,13.77,2.4
2005-01-25,,,,,,,,,,,,,,,,,,,,,,,,4.2,3.23,4.71,0.97,1.81,2.46,2.29,,14.06,2019.95,1.78,49.43,10.79,2.37
2005-01-26,,,,,,,,,,,,,,,,,,,,,,,,4.21,3.27,4.7,0.94,1.8,2.49,2.33,,13.44,2046.09,1.76,48.8,15.56,2.4
2005-01-27,,,,,,,,,,,,,,,,,,,,,,,,4.22,3.28,4.71,0.94,1.78,2.5,2.39,,13.24,2047.15,1.75,48.8,14.52,2.41
2005-01-28,,,,,,,,,,,,,,,,,,,,,,,,4.16,3.25,4.64,0.91,1.7,2.51,2.48,,13.24,2035.83,1.75,47.15,51.19,2.44
2005-01-29,,,,,,,,,,,,,,,,,,,,,,,,,,,,,,2.48,,,,,,56.87,
2005-01-30,,,,,,,,,,,,,,,,,,,,,,,,,,,,,,2.48,,,,,,36.28,
2005-01-31,,,,,,,,,,,,,,,,,,,,,,,,4.14,3.29,4.62,0.85,1.63,2.49,2.5,,12.82,2062.41,1.75,48.25,25.82,2.4
2005-02-01,6439.1,1371.1,800557.0,192.4,199.4,182.7,2.5,1.419,133033.0,5.4,65.9,11229.0,8559.1,2.3,54.3116678599999,63.73,31.34054453642505,0.094,161.8,2207.0,2114.0,0.1,,4.15,3.29,4.63,0.86,1.64,2.48,2.4,,12.03,2068.7,1.74,47.1,21.01,2.4
2005-02-02,,,,,,,,,,,,,,,,,,,,,,,,4.15,3.32,4.61,0.83,1.64,2.45,2.29,,11.66,2075.06,1.73,46.65,14.89,2.35
2005-02-03,,,,,,,,,,,,,,,,,,,,,,,,4.18,3.34,4.58,0.84,1.7,2.45,2.49,,11.79,2057.64,1.7,46.4,13.9,2.34
2005-02-04,,,,,,,,,,,,,,,,,,,,,,,,4.09,3.29,4.48,0.8,1.62,2.44,2.51,,11.21,2086.66,1.69,46.45,16.91,2.31
2005-02-05,,,,,,,,,,,,,,,,,,,,,,,,,,,,,,2.51,,,,,,20.59,
2005-02-06,,,,,,,,,,,,,,,,,,,,,,,,,,,,,,2.51,,,,,,17.28,
2005-02-07,,,,,,,,,,,,,,,,,,,,,,,,4.07,3.31,4.43,0.76,1.56,2.45,2.5,,11.73,2082.03,1.65,45.35,35.57,2.34
2005-02-08,,,,,,,,,,,,,,,,,,,,,,,,4.05,3.33,4.39,0.72,1.56,2.48,2.48,,11.6,2086.68,1.63,45.4,10.44,2.35
2005-02-09,,,,,,,,,,,,,,,,,,,,,,,,4.0,3.24,4.4,0.76,1.49,2.51,2.5,,12.0,2052.55,1.64,45.45,22.4,2.39
2005-02-10,,,,,,,,,,,,,,,,,,,,,,,,4.07,3.29,4.5,0.78,1.56,2.5,2.51,,11.51,2053.1,1.67,47.05,13.73,2.34
2005-02-11,,,,,,,,,,,,,,,,,,,,,,,,4.1,3.34,4.52,0.76,1.55,2.53,2.5,,11.43,2076.66,1.65,47.15,54.97,2.36
2005-02-12,,,,,,,,,,,,,,,,,,,,,,,,,,,,,,2.5,,,,,,85.44,
2005-02-13,,,,,,,,,,,,,,,,,,,,,,,,,,,,,,2.5,,,,,,17.18,
2005-02-14,,,,,,,,,,,,,,,,,,,,,,,,4.08,3.38,4.45,0.7,1.49,2.54,2.51,,11.52,2082.91,1.63,47.5,12.11,2.36
2005-02-15,,,,,,,,,,,,,,,,,,,,,,,,4.1,3.37,4.48,0.73,1.51,2.49,2.53,,11.27,2089.21,1.64,47.3,20.6,2.33
2005-02-16,,,,,,,,,,,,,,,,,,,,,,,,4.16,3.41,4.53,0.75,1.59,2.51,2.48,,11.1,2087.43,1.62,48.35,37.28,2.34
2005-02-17,,,,,,,,,,,,,,,,,,,,,,,,4.19,3.38,4.58,0.81,1.61,2.54,2.5,,11.77,2061.34,1.64,47.5,26.68,2.38
2005-02-18,,,,,,,,,,,,,,,,,,,,,,,,4.27,3.45,4.65,0.82,1.66,2.6,2.51,,11.18,2058.62,1.62,48.45,71.11,2.42
2005-02-19,,,,,,,,,,,,,,,,,,,,,,,,,,,,,,2.51,,,,,,81.79,
2005-02-20,,,,,,,,,,,,,,,,,,,,,,,,,,,,,,2.51,,,,,,25.49,
2005-02-21,,,,,,,,,,,,,,,,,,,,,,,,,,,,,,2.51,,,,,,37.01,
2005-02-22,,,,,,,,,,,,,,,,,,,,,,,,4.29,3.46,4.71,0.83,1.62,2.62,2.57,,13.14,2030.32,1.64,51.0,33.12,2.43
2005-02-23,,,,,,,,,,,,,,,,,,,,,,,,4.27,3.46,4.69,0.81,1.6,2.63,2.53,,12.39,2031.25,1.64,51.73,15.43,2.45
2005-02-24,,,,,,,,,,,,,,,,,,,,,,,,4.29,3.52,4.67,0.77,1.6,2.64,2.55,,11.57,2051.7,1.62,52.05,20.18,2.47
2005-02-25,,,,,,,,,,,,,,,,,,,,,,,,4.27,3.54,4.61,0.73,1.53,2.63,2.54,,11.49,2065.4,1.62,52.2,24.28,2.46
2005-02-26,,,,,,,,,,,,,,,,,,,,,,,,,,,,,,2.54,,,,,,21.07,
2005-02-27,,,,,,,,,,,,,,,,,,,,,,,,,,,,,,2.54,,,,,,14.26,
2005-02-28,,,,,,,,,,,,,,,,,,,,,,,,4.36,3.59,4.71,0.77,1.6,2.66,2.52,,12.08,2051.72,1.59,51.75,9.54,2.5
2005-03-01,6448.4,1370.9,802472.0,193.1,200.1,183.2,2.63,1.325,133152.0,5.2,65.9,11268.8,8598.4,2.5,54.055712953802974,55.76,42.25327753097176,0.094,163.5,1864.0,2062.0,0.18,,4.38,3.59,4.69,0.79,1.63,2.69,2.39,,12.04,2071.25,1.58,51.67,30.79,2.53
2005-03-02,,,,,,,,,,,,,,,,,,,,,,,,4.38,3.57,4.71,0.81,1.64,2.69,2.48,,12.5,2067.5,1.6,53.0,37.58,2.52
2005-03-03,,,,,,,,,,,,,,,,,,,,,,,,4.39,3.59,4.71,0.8,1.63,2.7,2.51,,12.93,2058.4,1.59,53.6,172.74,2.53
2005-03-04,,,,,,,,,,,,,,,,,,,,,,,,4.32,3.57,4.66,0.75,1.56,2.67,2.5,,11.94,2070.61,1.57,53.7,88.42,2.49
2005-03-05,,,,,,,,,,,,,,,,,,,,,,,,,,,,,,2.5,,,,,,10.35,
2005-03-06,,,,,,,,,,,,,,,,,,,,,,,,,,,,,,2.5,,,,,,8.25,
2005-03-07,,,,,,,,,,,,,,,,,,,,,,,,4.31,3.61,4.63,0.7,1.55,2.68,2.51,,12.26,2090.21,1.55,53.9,12.2,2.5
2005-03-08,,,,,,,,,,,,,,,,,,,,,,,,4.38,3.62,4.67,0.76,1.63,2.71,2.49,,12.4,2073.55,1.54,54.55,20.4,2.53
2005-03-09,,,,,,,,,,,,,,,,,,,,,,,,4.52,3.66,4.84,0.86,1.76,2.75,2.5,,12.7,2061.29,1.53,54.75,7.33,2.57
2005-03-10,,,,,,,,,,,,,,,,,,,,,,,,4.48,3.68,4.74,0.8,1.73,2.72,2.52,,12.49,2059.72,1.51,53.52,6.83,2.56
2005-03-11,,,,,,,,,,,,,,,,,,,,,,,,4.56,3.73,4.8,0.83,1.8,2.74,2.51,,12.8,2041.6,1.48,54.4,7.93,2.6
2005-03-12,,,,,,,,,,,,,,,,,,,,,,,,,,,,,,2.51,,,,,,96.54,
2005-03-13,,,,,,,,,,,,,,,,,,,,,,,,,,,,,,2.51,,,,,,8.64,
2005-03-14,,,,,,,,,,,,,,,,,,,,,,,,4.52,3.75,4.77,0.77,1.72,2.7,2.59,,12.39,2051.04,1.5,54.9,12.02,2.54
2005-03-15,,,,,,,,,,,,,,,,,,,,,,,,4.54,3.75,4.8,0.79,1.73,2.72,2.61,,13.15,2034.98,1.51,55.05,21.15,2.56
2005-03-16,,,,,,,,,,,,,,,,,,,,,,,,4.52,3.72,4.78,0.8,1.72,2.73,2.57,,13.49,2015.75,1.53,56.5,15.15,2.57
2005-03-17,,,,,,,,,,,,,,,,,,,,,,,,4.47,3.7,4.75,0.77,1.68,2.74,2.68,,13.29,2016.42,1.57,56.4,13.95,2.57
2005-03-18,,,,,,,,,,,,,,,,,,,,,,,,4.51,3.72,4.8,0.79,1.7,2.74,2.7,,13.14,2007.79,1.59,56.8,8.31,2.56
2005-03-19,,,,,,,,,,,,,,,,,,,,,,,,,,,,,,2.7,,,,,,31.32,
2005-03-20,,,,,,,,,,,,,,,,,,,,,,,,,,,,,,2.7,,,,,,8.62,
2005-03-21,,,,,,,,,,,,,,,,,,,,,,,,4.53,3.72,4.85,0.81,1.68,2.73,2.71,,13.61,2007.51,1.6,56.7,12.02,2.56
2005-03-22,,,,,,,,,,,,,,,,,,,,,,,,4.63,3.86,4.88,0.77,1.74,2.76,2.72,,14.27,1989.34,1.56,55.95,10.46,2.58
2005-03-23,,,,,,,,,,,,,,,,,,,,,,,,4.61,3.84,4.86,0.77,1.78,2.69,2.73,,14.06,1990.22,1.57,49.43,6.85,2.52
2005-03-24,,,,,,,,,,,,,,,,,,,,,,,,4.6,3.88,4.84,0.72,1.76,2.7,2.75,,13.42,1991.06,1.58,49.7,5.67,2.55
2005-03-25,,,,,,,,,,,,,,,,,,,,,,,,,,,,,,2.8,,,,,,8.06,
2005-03-26,,,,,,,,,,,,,,,,,,,,,,,,,,,,,,2.8,,,,,,22.64,
2005-03-27,,,,,,,,,,,,,,,,,,,,,,,,,,,,,,2.8,,,,,,8.7,
2005-03-28,,,,,,,,,,,,,,,,,,,,,,,,4.64,3.9,4.88,0.74,1.8,2.7,2.79,,13.75,1992.52,1.58,54.06,13.02,2.55
2005-03-29,,,,,,,,,,,,,,,,,,,,,,,,4.6,3.87,4.85,0.73,1.76,2.69,2.72,,14.49,1973.88,1.6,54.26,10.6,2.53
2005-03-30,,,,,,,,,,,,,,,,,,,,,,,,4.56,3.86,4.77,0.7,1.73,2.67,2.74,,13.64,2005.67,1.61,53.96,22.11,2.5
2005-03-31,,,,,,,,,,,,,,,,,,,,,,,,4.5,3.8,4.76,0.7,1.71,2.71,2.96,,14.02,1999.23,1.64,55.31,21.12,2.55
2005-04-01,6462.0,1358.4,803656.0,193.7,200.2,184.1,2.79,1.257,133519.0,5.2,66.1,11304.2,8678.4,2.1,68.68265927481839,66.46,68.83730803378565,0.095,166.7,2061.0,2150.0,0.08,,4.46,3.75,4.72,0.71,1.66,2.69,2.83,,14.09,1984.81,1.65,57.26,33.05,2.53
2005-04-02,,,,,,,,,,,,,,,,,,,,,,,,,,,,,,2.83,,,,,,87.99,
2005-04-03,,,,,,,,,,,,,,,,,,,,,,,,,,,,,,2.83,,,,,,65.93,
2005-04-04,,,,,,,,,,,,,,,,,,,,,,,,4.47,3.74,4.73,0.73,1.67,2.68,2.78,,14.11,1991.07,1.65,56.86,11.8,2.51
2005-04-05,,,,,,,,,,,,,,,,,,,,,,,,4.48,3.75,4.75,0.73,1.69,2.67,2.72,,13.68,1999.32,1.66,55.83,81.51,2.51
2005-04-06,,,,,,,,,,,,,,,,,,,,,,,,4.44,3.7,4.73,0.74,1.68,2.64,2.73,,13.15,1999.14,1.67,55.88,59.09,2.49
2005-04-07,,,,,,,,,,,,,,,,,,,,,,,,4.49,3.72,4.78,0.77,1.72,2.64,2.76,,12.33,2018.79,1.65,54.16,13.67,2.51
2005-04-08,,,,,,,,,,,,,,,,,,,,,,,,4.5,3.77,4.77,0.73,1.71,2.66,2.75,,12.62,1999.35,1.64,53.46,8.27,2.52
2005-04-09,,,,,,,,,,,,,,,,,,,,,,,,,,,,,,2.75,,,,,,32.91,
2005-04-10,,,,,,,,,,,,,,,,,,,,,,,,,,,,,,2.75,,,,,,25.82,
2005-04-11,,,,,,,,,,,,,,,,,,,,,,,,4.45,3.75,4.73,0.7,1.69,2.63,2.78,,11.98,1992.12,1.67,53.71,36.44,2.48
2005-04-12,,,,,,,,,,,,,,,,,,,,,,,,4.38,3.71,4.66,0.67,1.62,2.65,2.77,,11.3,2005.4,1.66,51.54,41.87,2.54
2005-04-13,,,,,,,,,,,,,,,,,,,,,,,,4.38,3.66,4.68,0.72,1.61,2.64,2.76,,13.31,1974.37,1.69,50.21,7.39,2.56
2005-04-14,,,,,,,,,,,,,,,,,,,,,,,,4.37,3.6,4.73,0.77,1.59,2.65,2.79,,14.53,1946.71,1.75,51.11,6.75,2.57
2005-04-15,,,,,,,,,,,,,,,,,,,,,,,,4.27,3.54,4.66,0.73,1.48,2.6,2.82,,17.74,1908.15,1.78,50.61,63.76,2.5
2005-04-16,,,,,,,,,,,,,,,,,,,,,,,,,,,,,,2.82,,,,,,43.63,
2005-04-17,,,,,,,,,,,,,,,,,,,,,,,,,,,,,,2.82,,,,,,34.79,
2005-04-18,,,,,,,,,,,,,,,,,,,,,,,,4.27,3.55,4.62,0.72,1.37,2.61,2.75,,16.56,1912.92,1.75,50.52,159.96,2.51
2005-04-19,,,,,,,,,,,,,,,,,,,,,,,,4.21,3.5,4.53,0.71,1.3,2.59,2.74,,14.96,1932.36,1.76,52.33,164.11,2.46
2005-04-20,,,,,,,,,,,,,,,,,,,,,,,,4.22,3.52,4.59,0.7,1.35,2.62,2.74,,16.92,1913.76,1.78,52.45,21.48,2.49
2005-04-21,,,,,,,,,,,,,,,,,,,,,,,,4.32,3.65,4.62,0.67,1.44,2.66,2.75,,14.41,1962.41,1.73,52.49,40.17,2.52
2005-04-22,,,,,,,,,,,,,,,,,,,,,,,,4.26,3.62,4.6,0.64,1.33,2.65,2.74,,15.38,1932.19,1.74,54.16,47.1,2.49
2005-04-23,,,,,,,,,,,,,,,,,,,,,,,,,,,,,,2.74,,,,,,41.96,
2005-04-24,,,,,,,,,,,,,,,,,,,,,,,,,,,,,,2.74,,,,,,56.69,
2005-04-25,,,,,,,,,,,,,,,,,,,,,,,,4.26,3.64,4.54,0.62,1.33,2.63,2.82,,14.62,1950.78,1.71,53.16,47.35,2.47
2005-04-26,,,,,,,,,,,,,,,,,,,,,,,,4.28,3.67,4.59,0.61,1.37,2.62,2.78,,14.91,1927.44,1.7,54.33,71.31,2.45
2005-04-27,,,,,,,,,,,,,,,,,,,,,,,,4.25,3.64,4.57,0.61,1.36,2.6,2.63,,14.87,1930.43,1.72,51.37,36.26,2.45
2005-04-28,,,,,,,,,,,,,,,,,,,,,,,,4.19,3.59,4.52,0.6,1.31,2.61,2.89,,16.86,1904.18,1.75,51.92,34.86,2.48
2005-04-29,,,,,,,,,,,,,,,,,,,,,,,,4.21,3.66,4.53,0.55,1.31,2.6,2.97,,15.31,1921.65,1.76,49.2,65.5,2.47
2005-04-30,,,,,,,,,,,,,,,,,,,,,,,,,,,,,,2.97,,,,,,33.35,
2005-05-01,6479.2,1366.0,805624.0,193.6,200.5,184.0,3.0,1.238,133689.0,5.1,66.1,11352.7,8671.6,2.6,69.32887974419641,73.07,60.592869982490214,0.097,163.3,2025.0,2085.0,0.08,,,,,,,,2.97,,,,,,8.66,
2005-05-02,,,,,,,,,,,,,,,,,,,,,,,,4.21,3.64,4.53,0.57,1.28,2.6,2.98,,15.12,1928.65,1.77,50.94,36.83,2.5
2005-05-03,,,,,,,,,,,,,,,,,,,,,,,,4.21,3.68,4.49,0.53,1.3,2.57,2.95,,14.53,1933.07,1.77,49.6,82.47,2.48
2005-05-04,,,,,,,,,,,,,,,,,,,,,,,,4.2,3.63,4.6,0.57,1.33,2.57,2.99,,13.85,1962.23,1.83,50.22,29.66,2.48
2005-05-05,,,,,,,,,,,,,,,,,,,,,,,,4.19,3.58,4.6,0.61,1.38,2.57,2.99,,13.98,1961.8,1.84,51.12,27.87,2.5
2005-05-06,,,,,,,,,,,,,,,,,,,,,,,,4.28,3.73,4.62,0.55,1.41,2.59,2.98,,14.05,1967.35,1.82,51.3,48.44,2.5
2005-05-07,,,,,,,,,,,,,,,,,,,,,,,,,,,,,,2.98,,,,,,34.73,
2005-05-08,,,,,,,,,,,,,,,,,,,,,,,,,,,,,,2.98,,,,,,35.14,
2005-05-09,,,,,,,,,,,,,,,,,,,,,,,,4.29,3.76,4.64,0.53,1.38,2.6,2.99,,13.75,1979.67,1.78,52.04,12.65,2.49
2005-05-10,,,,,,,,,,,,,,,,,,,,,,,,4.23,3.69,4.6,0.54,1.33,2.58,2.99,,14.91,1962.77,1.82,51.76,21.75,2.47
2005-05-11,,,,,,,,,,,,,,,,,,,,,,,,4.21,3.68,4.54,0.53,1.34,2.57,2.99,,14.45,1971.55,1.81,50.39,83.53,2.47
2005-05-12,,,,,,,,,,,,,,,,,,,,,,,,4.18,3.66,4.54,0.52,1.3,2.52,3.01,,16.12,1963.88,1.83,48.83,6.97,2.44
2005-05-13,,,,,,,,,,,,,,,,,,,,,,,,4.12,3.61,4.48,0.51,1.29,2.46,3.01,,16.32,1976.78,1.88,48.65,32.87,2.39
2005-05-14,,,,,,,,,,,,,,,,,,,,,,,,,,,,,,3.01,,,,,,33.32,
2005-05-15,,,,,,,,,,,,,,,,,,,,,,,,,,,,,,3.01,,,,,,42.94,
2005-05-16,,,,,,,,,,,,,,,,,,,,,,,,4.13,3.61,4.49,0.52,1.24,2.47,3.06,,15.68,1994.43,1.89,48.64,12.4,2.41
2005-05-17,,,,,,,,,,,,,,,,,,,,,,,,4.12,3.61,4.47,0.51,1.24,2.48,2.99,,14.57,2004.15,1.91,48.97,10.51,2.42
2005-05-18,,,,,,,,,,,,,,,,,,,,,,,,4.07,3.56,4.42,0.51,1.21,2.42,3.0,,13.63,2030.65,1.92,46.99,7.58,2.35
2005-05-19,,,,,,,,,,,,,,,,,,,,,,,,4.11,3.64,4.44,0.47,1.24,2.42,3.02,,13.32,2042.58,1.91,47.0,6.82,2.34
2005-05-20,,,,,,,,,,,,,,,,,,,,,,,,4.13,3.69,4.44,0.44,1.23,2.46,3.01,,13.14,2046.42,1.89,47.25,8.36,2.37
2005-05-21,,,,,,,,,,,,,,,,,,,,,,,,,,,,,,3.01,,,,,,365.16,
2005-05-22,,,,,,,,,,,,,,,,,,,,,,,,,,,,,,3.01,,,,,,8.66,
2005-05-23,,,,,,,,,,,,,,,,,,,,,,,,4.07,3.65,4.38,0.42,1.1,2.42,3.01,,12.95,2056.65,1.89,48.68,12.72,2.34
2005-05-24,,,,,,,,,,,,,,,,,,,,,,,,4.04,3.61,4.35,0.43,1.1,2.42,2.99,,12.69,2061.62,1.91,49.14,10.67,2.36
2005-05-25,,,,,,,,,,,,,,,,,,,,,,,,4.08,3.61,4.4,0.47,1.13,2.42,3.01,,12.58,2050.12,1.91,50.37,15.27,2.34
2005-05-26,,,,,,,,,,,,,,,,,,,,,,,,4.08,3.64,4.45,0.44,1.14,2.39,3.01,,12.24,2071.24,1.91,50.89,7.02,2.31
2005-05-27,,,,,,,,,,,,,,,,,,,,,,,,4.08,3.64,4.45,0.44,1.11,2.41,3.01,,12.15,2075.73,1.91,51.65,8.46,2.32
2005-05-28,,,,,,,,,,,,,,,,,,,,,,,,,,,,,,3.01,,,,,,46.87,
2005-05-29,,,,,,,,,,,,,,,,,,,,,,,,,,,,,,3.01,,,,,,36.16,
2005-05-30,,,,,,,,,,,,,,,,,,,,,,,,,,,,,,3.01,,,,,,15.19,
2005-05-31,,,,,,,,,,,,,,,,,,,,,,,,4.0,3.6,4.36,0.4,1.01,2.37,3.09,,13.29,2068.22,1.9,52.08,39.19,2.27
2005-06-01,6511.8,1380.1,812643.0,193.7,200.6,184.0,3.04,1.143,133947.0,5.0,66.1,11375.5,8753.4,2.0,69.97143238172686,59.69,61.4135147374454,0.104,163.7,2068.0,2178.0,0.06,,3.91,3.5,4.27,0.41,0.94,2.37,3.02,,12.36,2087.86,1.91,54.4,39.83,2.3
2005-06-02,,,,,,,,,,,,,,,,,,,,,,,,3.89,3.52,4.2,0.37,0.92,2.34,3.0,,11.84,2097.8,1.89,53.46,14.61,2.26
2005-06-03,,,,,,,,,,,,,,,,,,,,,,,,3.98,3.57,4.26,0.41,0.97,2.37,2.99,,12.15,2071.43,1.84,55.08,76.67,2.32
2005-06-04,,,,,,,,,,,,,,,,,,,,,,,,,,,,,,2.99,,,,,,34.18,
2005-06-05,,,,,,,,,,,,,,,,,,,,,,,,,,,,,,2.99,,,,,,27.24,
2005-06-06,,,,,,,,,,,,,,,,,,,,,,,,3.96,3.59,4.23,0.37,0.94,2.36,3.0,,12.28,2075.76,1.82,54.46,38.64,2.29
2005-06-07,,,,,,,,,,,,,,,,,,,,,,,,3.92,3.57,4.18,0.35,0.9,2.32,2.96,,12.39,2067.16,1.82,53.84,165.24,2.25
2005-06-08,,,,,,,,,,,,,,,,,,,,,,,,3.95,3.6,4.24,0.35,0.93,2.32,2.96,,12.7,2060.18,1.82,52.51,7.77,2.25
2005-06-09,,,,,,,,,,,,,,,,,,,,,,,,3.98,3.64,4.23,0.34,0.99,2.34,3.01,,12.08,2076.91,1.83,54.36,49.8,2.29
2005-06-10,,,,,,,,,,,,,,,,,,,,,,,,4.05,3.71,4.3,0.34,1.04,2.31,3.01,,11.96,2063.0,1.84,53.55,16.59,2.25
2005-06-11,,,,,,,,,,,,,,,,,,,,,,,,,,,,,,3.01,,,,,,106.39,
2005-06-12,,,,,,,,,,,,,,,,,,,,,,,,,,,,,,3.01,,,,,,9.1,
2005-06-13,,,,,,,,,,,,,,,,,,,,,,,,4.09,3.71,4.39,0.38,1.06,2.33,3.04,,11.65,2068.96,1.84,55.47,12.62,2.28
2005-06-14,,,,,,,,,,,,,,,,,,,,,,,,4.13,3.71,4.41,0.42,1.12,2.34,3.01,,11.79,2069.04,1.87,55.03,11.11,2.29
2005-06-15,,,,,,,,,,,,,,,,,,,,,,,,4.12,3.72,4.44,0.4,1.12,2.33,3.05,,11.46,2074.92,1.87,55.53,16.09,2.28
2005-06-16,,,,,,,,,,,,,,,,,,,,,,,,4.09,3.7,4.36,0.39,1.11,2.34,3.0,,11.15,2089.15,1.86,56.48,21.79,2.29
2005-06-17,,,,,,,,,,,,,,,,,,,,,,,,4.09,3.72,4.35,0.37,1.1,2.37,2.99,,11.48,2090.11,1.85,58.4,8.41,2.31
2005-06-18,,,,,,,,,,,,,,,,,,,,,,,,,,,,,,2.99,,,,,,35.71,
2005-06-19,,,,,,,,,,,,,,,,,,,,,,,,,,,,,,2.99,,,,,,9.2,
2005-06-20,,,,,,,,,,,,,,,,,,,,,,,,4.11,3.72,4.34,0.39,1.09,2.37,3.01,,11.47,2088.13,1.85,59.19,13.34,2.32
2005-06-21,,,,,,,,,,,,,,,,,,,,,,,,4.06,3.71,4.32,0.35,1.04,2.34,2.96,,11.08,2091.07,1.85,58.9,11.03,2.28
2005-06-22,,,,,,,,,,,,,,,,,,,,,,,,3.95,3.62,4.23,0.33,0.92,2.27,2.93,,11.05,2092.03,1.89,58.27,7.72,2.22
2005-06-23,,,,,,,,,,,,,,,,,,,,,,,,3.96,3.63,4.27,0.33,0.89,2.28,3.05,,12.13,2070.66,1.88,59.23,14.42,2.22
2005-06-24,,,,,,,,,,,,,,,,,,,,,,,,3.92,3.59,4.23,0.33,0.83,2.27,3.07,,12.18,2053.27,1.89,59.63,136.81,2.22
2005-06-25,,,,,,,,,,,,,,,,,,,,,,,,,,,,,,3.07,,,,,,35.4,
2005-06-26,,,,,,,,,,,,,,,,,,,,,,,,,,,,,,3.07,,,,,,27.87,
2005-06-27,,,,,,,,,,,,,,,,,,,,,,,,3.9,3.6,4.25,0.3,0.75,2.28,3.17,,12.52,2045.2,1.89,59.78,12.99,2.21
2005-06-28,,,,,,,,,,,,,,,,,,,,,,,,3.97,3.65,4.22,0.32,0.83,2.3,3.17,,11.58,2069.89,1.87,58.32,86.85,2.24
2005-06-29,,,,,,,,,,,,,,,,,,,,,,,,3.99,3.65,4.24,0.34,0.86,2.3,3.2,,11.77,2068.89,1.87,57.23,64.08,2.25
2005-06-30,,,,,,,,,,,,,,,,,,,,,,,,3.94,3.66,4.19,0.28,0.81,2.27,3.35,,12.04,2056.96,1.87,56.63,66.1,2.23
2005-07-01,6543.7,1369.0,815370.0,194.9,200.9,185.5,3.26,1.295,134300.0,5.0,66.1,11387.1,8853.8,1.4,61.389554850021234,50.88,56.60819118943854,0.105,172.8,2054.0,2203.0,0.44,,4.06,3.76,4.28,0.3,0.89,2.31,3.36,,11.4,2057.37,1.83,59.11,8.91,2.28
2005-07-02,,,,,,,,,,,,,,,,,,,,,,,,,,,,,,3.36,,,,,,24.78,
2005-07-03,,,,,,,,,,,,,,,,,,,,,,,,,,,,,,3.36,,,,,,19.66,
2005-07-04,,,,,,,,,,,,,,,,,,,,,,,,,,,,,,3.36,,,,,,16.57,
2005-07-05,,,,,,,,,,,,,,,,,,,,,,,,4.11,3.79,4.34,0.32,0.89,2.31,3.27,,11.68,2078.75,1.84,59.71,13.86,2.27
2005-07-06,,,,,,,,,,,,,,,,,,,,,,,,4.08,3.77,4.31,0.31,0.89,2.3,2.99,,12.27,2068.65,1.85,61.24,16.41,2.26
2005-07-07,,,,,,,,,,,,,,,,,,,,,,,,4.05,3.71,4.28,0.34,0.9,2.28,3.18,,12.49,2075.66,1.84,60.76,22.78,2.23
2005-07-08,,,,,,,,,,,,,,,,,,,,,,,,4.11,3.78,4.33,0.33,0.94,2.28,3.22,,11.45,2112.88,1.83,59.71,8.97,2.23
2005-07-09,,,,,,,,,,,,,,,,,,,,,,,,,,,,,,3.22,,,,,,37.62,
2005-07-10,,,,,,,,,,,,,,,,,,,,,,,,,,,,,,3.22,,,,,,28.96,
2005-07-11,,,,,,,,,,,,,,,,,,,,,,,,4.11,3.81,4.3,0.3,0.92,2.3,3.23,,11.28,2135.43,1.81,59.23,13.23,2.24
2005-07-12,,,,,,,,,,,,,,,,,,,,,,,,4.15,3.82,4.36,0.33,0.94,2.32,3.23,,10.95,2143.15,1.8,60.49,11.12,2.27
2005-07-13,,,,,,,,,,,,,,,,,,,,,,,,4.17,3.84,4.38,0.33,0.95,2.3,3.27,,10.84,2144.11,1.79,60.0,32.04,2.25
2005-07-14,,,,,,,,,,,,,,,,,,,,,,,,4.19,3.86,4.4,0.33,0.96,2.25,3.32,,10.81,2152.82,1.78,57.83,7.24,2.23
2005-07-15,,,,,,,,,,,,,,,,,,,,,,,,4.18,3.86,4.39,0.32,0.92,2.23,3.32,,10.33,2156.78,1.77,58.36,8.85,2.23
2005-07-16,,,,,,,,,,,,,,,,,,,,,,,,,,,,,,3.32,,,,,,48.45,
2005-07-17,,,,,,,,,,,,,,,,,,,,,,,,,,,,,,3.32,,,,,,18.7,
2005-07-18,,,,,,,,,,,,,,,,,,,,,,,,4.22,3.89,4.44,0.33,0.92,2.24,3.19,,10.77,2144.87,1.8,57.12,26.59,2.26
2005-07-19,,,,,,,,,,,,,,,,,,,,,,,,4.2,3.88,4.41,0.32,0.89,2.28,3.13,,10.45,2173.18,1.78,57.61,21.95,2.31
2005-07-20,,,,,,,,,,,,,,,,,,,,,,,,4.17,3.9,4.37,0.27,0.87,2.27,3.25,,10.23,2188.57,1.77,56.73,24.19,2.27
2005-07-21,,,,,,,,,,,,,,,,,,,,,,,,4.28,3.96,4.48,0.32,0.93,2.33,3.27,,10.97,2178.6,1.76,57.31,15.04,2.34
2005-07-22,,,,,,,,,,,,,,,,,,,,,,,,4.23,3.92,4.39,0.31,0.85,2.34,3.25,,10.52,2179.74,1.75,57.75,8.95,2.36
2005-07-23,,,,,,,,,,,,,,,,,,,,,,,,,,,,,,3.25,,,,,,23.59,
2005-07-24,,,,,,,,,,,,,,,,,,,,,,,,,,,,,,3.25,,,,,,18.7,
2005-07-25,,,,,,,,,,,,,,,,,,,,,,,,4.25,3.95,4.44,0.3,0.81,2.31,3.28,,11.1,2166.74,1.72,58.16,26.44,2.32
2005-07-26,,,,,,,,,,,,,,,,,,,,,,,,4.24,3.95,4.44,0.29,0.81,2.32,3.25,,10.99,2175.99,1.72,59.05,21.69,2.34
2005-07-27,,,,,,,,,,,,,,,,,,,,,,,,4.27,3.99,4.42,0.28,0.87,2.35,3.27,,10.36,2186.22,1.71,59.12,16.29,2.39
2005-07-28,,,,,,,,,,,,,,,,,,,,,,,,4.2,3.96,4.38,0.24,0.79,2.34,3.27,,10.52,2198.44,1.68,59.91,14.94,2.37
2005-07-29,,,,,,,,,,,,,,,,,,,,,,,,4.28,4.02,4.42,0.26,0.86,2.36,3.31,,11.57,2184.83,1.67,60.71,17.05,2.4
2005-07-30,,,,,,,,,,,,,,,,,,,,,,,,,,,,,,3.31,,,,,,24.35,
2005-07-31,,,,,,,,,,,,,,,,,,,,,,,,,,,,,,3.31,,,,,,9.27,
2005-08-01,6576.5,1377.8,815142.0,196.1,201.1,187.1,3.5,1.365,134503.0,4.9,66.2,11405.3,8850.1,2.0,61.46143787970599,56.09,42.41258188467616,0.105,183.5,2095.0,2219.0,1.78,,4.32,4.04,4.46,0.28,0.84,2.37,3.3,,12.08,2195.38,1.67,61.51,251.87,2.37
2005-08-02,,,,,,,,,,,,,,,,,,,,,,,,4.34,4.06,4.52,0.28,0.85,2.35,3.2,,11.75,2218.15,1.68,61.87,54.14,2.33
2005-08-03,,,,,,,,,,,,,,,,,,,,,,,,4.3,4.02,4.48,0.28,0.84,2.37,3.35,,11.83,2216.81,1.7,60.76,32.06,2.36
2005-08-04,,,,,,,,,,,,,,,,,,,,,,,,4.32,4.04,4.5,0.28,0.85,2.38,3.44,,12.52,2191.32,1.69,61.6,29.01,2.38
2005-08-05,,,,,,,,,,,,,,,,,,,,,,,,4.4,4.11,4.56,0.29,0.88,2.4,3.49,,12.48,2177.91,1.67,62.44,8.28,2.39
2005-08-06,,,,,,,,,,,,,,,,,,,,,,,,,,,,,,3.49,,,,,,12.19,
2005-08-07,,,,,,,,,,,,,,,,,,,,,,,,,,,,,,3.49,,,,,,9.23,
2005-08-08,,,,,,,,,,,,,,,,,,,,,,,,4.42,4.16,4.58,0.26,0.88,2.4,3.5,,13.21,2164.39,1.67,63.92,25.81,2.37
2005-08-09,,,,,,,,,,,,,,,,,,,,,,,,4.41,4.13,4.56,0.28,0.89,2.39,3.47,,12.4,2174.19,1.66,63.13,22.21,2.39
2005-08-10,,,,,,,,,,,,,,,,,,,,,,,,4.4,4.13,4.56,0.27,0.89,2.39,3.48,,12.38,2157.81,1.68,64.8,79.05,2.39
2005-08-11,,,,,,,,,,,,,,,,,,,,,,,,4.32,4.1,4.51,0.22,0.81,2.35,3.51,,12.42,2174.55,1.71,65.67,69.85,2.32
2005-08-12,,,,,,,,,,,,,,,,,,,,,,,,4.24,4.05,4.42,0.19,0.72,2.33,3.55,,12.74,2156.9,1.71,66.71,17.82,2.28
2005-08-13,,,,,,,,,,,,,,,,,,,,,,,,,,,,,,3.55,,,,,,72.3,
2005-08-14,,,,,,,,,,,,,,,,,,,,,,,,,,,,,,3.55,,,,,,55.47,
2005-08-15,,,,,,,,,,,,,,,,,,,,,,,,4.27,4.08,4.45,0.19,0.73,2.35,3.61,,12.26,2167.04,1.71,66.21,80.23,2.29
2005-08-16,,,,,,,,,,,,,,,,,,,,,,,,4.23,4.03,4.41,0.2,0.69,2.36,3.46,,13.52,2137.06,1.71,66.11,10.93,2.3
2005-08-17,,,,,,,,,,,,,,,,,,,,,,,,4.28,4.07,4.49,0.21,0.76,2.37,3.57,,13.3,2145.15,1.71,63.29,7.76,2.32
2005-08-18,,,,,,,,,,,,,,,,,,,,,,,,4.21,4.01,4.4,0.2,0.71,2.35,3.5,,13.42,2136.08,1.73,63.47,13.95,2.3
2005-08-19,,,,,,,,,,,,,,,,,,,,,,,,4.21,4.03,4.4,0.18,0.69,2.36,3.54,,13.42,2135.56,1.72,65.51,50.74,2.3
2005-08-20,,,,,,,,,,,,,,,,,,,,,,,,,,,,,,3.54,,,,,,59.24,
2005-08-21,,,,,,,,,,,,,,,,,,,,,,,,,,,,,,3.54,,,,,,17.97,
2005-08-22,,,,,,,,,,,,,,,,,,,,,,,,4.22,4.03,4.4,0.19,0.69,2.36,3.51,,13.42,2141.41,1.72,65.46,26.6,2.31
2005-08-23,,,,,,,,,,,,,,,,,,,,,,,,4.2,4.01,4.39,0.19,0.67,2.35,3.49,,13.34,2137.25,1.72,65.81,22.21,2.28
2005-08-24,,,,,,,,,,,,,,,,,,,,,,,,4.19,3.99,4.38,0.2,0.66,2.36,3.5,,14.17,2128.91,1.72,67.1,23.59,2.3
2005-08-25,,,,,,,,,,,,,,,,,,,,,,,,4.18,4.0,4.37,0.18,0.64,2.38,3.55,,13.73,2134.37,1.7,67.29,26.9,2.32
2005-08-26,,,,,,,,,,,,,,,,,,,,,,,,4.2,4.06,4.38,0.14,0.65,2.39,3.54,,13.72,2120.77,1.69,66.05,32.51,2.34
2005-08-27,,,,,,,,,,,,,,,,,,,,,,,,,,,,,,3.54,,,,,,33.49,
2005-08-28,,,,,,,,,,,,,,,,,,,,,,,,,,,,,,3.54,,,,,,26.5,
2005-08-29,,,,,,,,,,,,,,,,,,,,,,,,4.2,4.06,4.37,0.14,0.66,2.41,3.54,,13.52,2137.65,1.68,67.41,26.03,2.37
2005-08-30,,,,,,,,,,,,,,,,,,,,,,,,4.16,3.97,4.34,0.19,0.62,2.45,3.52,,13.65,2129.76,1.67,69.91,11.18,2.39
2005-08-31,,,,,,,,,,,,,,,,,,,,,,,,4.02,3.84,4.23,0.18,0.5,2.37,3.63,,12.6,2152.09,1.77,68.63,22.96,2.3
2005-09-01,6610.3,1378.6,820697.0,198.8,201.3,191.0,3.62,1.45,134554.0,5.0,66.1,11365.2,8900.4,2.0,92.85686142810157,85.25,126.8743664666778,0.106,208.2,2151.0,2263.0,10.6,,4.02,3.72,4.28,0.3,0.54,2.41,3.57,,13.15,2147.9,1.81,69.5,20.14,2.35
2005-09-02,,,,,,,,,,,,,,,,,,,,,,,,4.03,3.75,4.26,0.28,0.57,2.44,3.49,,13.57,2141.07,1.84,66.91,23.89,2.35
2005-09-03,,,,,,,,,,,,,,,,,,,,,,,,,,,,,,3.49,,,,,,43.27,
2005-09-04,,,,,,,,,,,,,,,,,,,,,,,,,,,,,,3.49,,,,,,17.91,
2005-09-05,,,,,,,,,,,,,,,,,,,,,,,,,,,,,,3.49,,,,,,75.22,
2005-09-06,,,,,,,,,,,,,,,,,,,,,,,,4.09,3.8,4.36,0.29,0.57,2.44,3.57,,12.93,2166.86,1.83,65.83,135.23,2.39
2005-09-07,,,,,,,,,,,,,,,,,,,,,,,,4.15,3.87,4.43,0.28,0.66,2.46,3.48,,12.52,2172.03,1.83,64.38,15.51,2.42
2005-09-08,,,,,,,,,,,,,,,,,,,,,,,,4.15,3.87,4.43,0.28,0.67,2.47,3.49,,12.93,2166.03,1.83,64.8,52.34,2.38
2005-09-09,,,,,,,,,,,,,,,,,,,,,,,,4.14,3.88,4.36,0.26,0.65,2.5,3.49,,11.98,2175.51,1.82,64.21,38.97,2.38
2005-09-10,,,,,,,,,,,,,,,,,,,,,,,,,,,,,,3.49,,,,,,20.45,
2005-09-11,,,,,,,,,,,,,,,,,,,,,,,,,,,,,,3.49,,,,,,8.58,
2005-09-12,,,,,,,,,,,,,,,,,,,,,,,,4.18,3.92,4.45,0.26,0.67,2.49,3.5,,11.65,2182.83,1.82,63.29,25.33,2.37
2005-09-13,,,,,,,,,,,,,,,,,,,,,,,,4.14,3.88,4.38,0.26,0.67,2.47,3.45,,12.39,2171.75,1.83,63.18,10.33,2.35
2005-09-14,,,,,,,,,,,,,,,,,,,,,,,,4.17,3.9,4.41,0.27,0.75,2.49,3.54,,12.91,2149.33,1.83,65.2,111.77,2.38
2005-09-15,,,,,,,,,,,,,,,,,,,,,,,,4.22,3.9,4.51,0.32,0.77,2.51,3.67,,12.49,2146.15,1.84,64.64,95.0,2.4
2005-09-16,,,,,,,,,,,,,,,,,,,,,,,,4.26,3.97,4.56,0.29,0.76,2.53,3.62,,11.22,2160.35,1.85,62.91,15.81,2.41
2005-09-17,,,,,,,,,,,,,,,,,,,,,,,,,,,,,,3.62,,,,,,10.44,
2005-09-18,,,,,,,,,,,,,,,,,,,,,,,,,,,,,,3.62,,,,,,51.15,
2005-09-19,,,,,,,,,,,,,,,,,,,,,,,,4.25,3.93,4.55,0.32,0.67,2.55,3.62,,12.14,2145.26,1.85,67.21,48.45,2.43
2005-09-20,,,,,,,,,,,,,,,,,,,,,,,,4.26,4.0,4.49,0.26,0.65,2.52,3.67,,12.64,2131.33,1.81,66.24,200.47,2.41
2005-09-21,,,,,,,,,,,,,,,,,,,,,,,,4.19,3.96,4.47,0.23,0.78,2.51,3.72,,13.79,2106.64,1.84,66.96,74.72,2.37
2005-09-22,,,,,,,,,,,,,,,,,,,,,,,,4.19,3.95,4.47,0.24,0.72,2.52,3.77,,13.33,2110.78,1.84,67.07,31.93,2.41
2005-09-23,,,,,,,,,,,,,,,,,,,,,,,,4.25,4.02,4.47,0.23,0.77,2.51,3.76,,12.96,2116.84,1.83,64.67,8.02,2.38
2005-09-24,,,,,,,,,,,,,,,,,,,,,,,,,,,,,,3.76,,,,,,21.61,
2005-09-25,,,,,,,,,,,,,,,,,,,,,,,,,,,,,,3.76,,,,,,36.54,
2005-09-26,,,,,,,,,,,,,,,,,,,,,,,,4.3,4.07,4.56,0.23,0.78,2.52,3.83,,13.04,2121.46,1.83,65.98,24.67,2.41
2005-09-27,,,,,,,,,,,,,,,,,,,,,,,,4.3,4.08,4.56,0.22,0.81,2.53,3.73,,12.76,2116.42,1.84,64.94,31.86,2.4
2005-09-28,,,,,,,,,,,,,,,,,,,,,,,,4.26,4.09,4.46,0.17,0.8,2.53,3.76,,12.63,2115.4,1.82,66.36,22.66,2.39
2005-09-29,,,,,,,,,,,,,,,,,,,,,,,,4.29,4.13,4.5,0.16,0.75,2.54,3.82,,12.24,2141.22,1.83,66.83,19.71,2.39
2005-09-30,,,,,,,,,,,,,,,,,,,,,,,,4.34,4.18,4.53,0.16,0.79,2.56,3.93,,11.92,2151.69,1.81,66.21,46.67,2.4
2005-10-01,6644.1,1376.5,819207.0,199.1,202.0,190.9,3.78,1.513,134643.0,5.0,66.1,11428.7,8938.5,2.3,64.66164213516434,63.0,80.45718733124258,0.102,205.9,2065.0,2170.0,0.18,,,,,,,,3.93,,,,,,83.39,
2005-10-02,,,,,,,,,,,,,,,,,,,,,,,,,,,,,,3.93,,,,,,26.05,
2005-10-03,,,,,,,,,,,,,,,,,,,,,,,,4.39,4.21,4.58,0.18,0.78,2.55,3.87,,12.46,2155.43,1.82,65.36,12.38,2.39
2005-10-04,,,,,,,,,,,,,,,,,,,,,,,,4.38,4.22,4.61,0.16,0.75,2.51,3.75,,13.2,2139.36,1.81,63.74,9.59,2.34
2005-10-05,,,,,,,,,,,,,,,,,,,,,,,,4.36,4.21,4.54,0.15,0.78,2.5,3.75,,14.55,2103.02,1.81,62.56,7.36,2.34
2005-10-06,,,,,,,,,,,,,,,,,,,,,,,,4.37,4.2,4.55,0.17,0.76,2.46,3.76,,14.96,2084.08,1.82,61.81,25.48,2.33
2005-10-07,,,,,,,,,,,,,,,,,,,,,,,,4.35,4.18,4.53,0.17,0.72,2.45,3.73,,14.59,2090.35,1.82,61.81,15.79,2.31
2005-10-08,,,,,,,,,,,,,,,,,,,,,,,,,,,,,,3.73,,,,,,42.37,
2005-10-09,,,,,,,,,,,,,,,,,,,,,,,,,,,,,,3.73,,,,,,36.08,
2005-10-10,,,,,,,,,,,,,,,,,,,,,,,,,,,,,,3.73,,15.55,2078.92,,60.71,84.53,
2005-10-11,,,,,,,,,,,,,,,,,,,,,,,,4.39,4.22,4.56,0.17,0.66,2.47,3.72,,15.63,2061.09,1.8,63.84,77.46,2.34
2005-10-12,,,,,,,,,,,,,,,,,,,,,,,,4.45,4.24,4.62,0.21,0.75,2.49,3.36,,16.22,2037.47,1.83,64.13,15.19,2.37
2005-10-13,,,,,,,,,,,,,,,,,,,,,,,,4.48,4.24,4.66,0.24,0.73,2.52,3.75,,16.47,2047.22,1.86,63.05,13.12,2.45
2005-10-14,,,,,,,,,,,,,,,,,,,,,,,,4.48,4.27,4.67,0.21,0.7,2.5,3.77,,14.87,2064.83,1.87,62.61,15.98,2.37
2005-10-15,,,,,,,,,,,,,,,,,,,,,,,,,,,,,,3.77,,,,,,21.01,
2005-10-16,,,,,,,,,,,,,,,,,,,,,,,,,,,,,,3.77,,,,,,8.62,
2005-10-17,,,,,,,,,,,,,,,,,,,,,,,,4.5,4.29,4.68,0.21,0.64,2.56,3.82,,14.67,2070.3,1.84,64.26,83.4,2.44
2005-10-18,,,,,,,,,,,,,,,,,,,,,,,,4.49,4.27,4.64,0.22,0.64,2.57,3.71,,15.33,2056.0,1.84,62.94,10.39,2.46
2005-10-19,,,,,,,,,,,,,,,,,,,,,,,,4.47,4.25,4.66,0.22,0.61,2.55,3.71,,13.5,2091.24,1.86,62.11,7.54,2.44
2005-10-20,,,,,,,,,,,,,,,,,,,,,,,,4.46,4.27,4.62,0.19,0.61,2.54,3.77,,16.11,2068.11,1.86,61.04,12.57,2.43
2005-10-21,,,,,,,,,,,,,,,,,,,,,,,,4.39,4.22,4.58,0.17,0.52,2.5,3.76,,16.13,2082.21,1.85,61.05,7.63,2.4
2005-10-22,,,,,,,,,,,,,,,,,,,,,,,,,,,,,,3.76,,,,,,42.12,
2005-10-23,,,,,,,,,,,,,,,,,,,,,,,,,,,,,,3.76,,,,,,25.76,
2005-10-24,,,,,,,,,,,,,,,,,,,,,,,,4.45,4.25,4.63,0.2,0.53,2.52,3.76,,14.74,2115.83,1.85,60.63,167.79,2.43
2005-10-25,,,,,,,,,,,,,,,,,,,,,,,,4.54,4.34,4.7,0.2,0.61,2.49,3.74,,14.53,2109.45,1.81,62.83,20.69,2.38
2005-10-26,,,,,,,,,,,,,,,,,,,,,,,,4.6,4.38,4.77,0.22,0.7,2.54,3.75,,14.59,2100.05,1.84,60.85,136.17,2.46
2005-10-27,,,,,,,,,,,,,,,,,,,,,,,,4.57,4.36,4.74,0.21,0.69,2.56,3.85,,16.02,2063.81,1.84,61.03,37.39,2.5
2005-10-28,,,,,,,,,,,,,,,,,,,,,,,,4.58,4.4,4.74,0.18,0.65,2.57,3.9,,14.25,2089.88,1.83,61.3,15.08,2.5
2005-10-29,,,,,,,,,,,,,,,,,,,,,,,,,,,,,,3.9,,,,,,20.23,
2005-10-30,,,,,,,,,,,,,,,,,,,,,,,,,,,,,,3.9,,,,,,23.95,
2005-10-31,,,,,,,,,,,,,,,,,,,,,,,,4.57,4.4,4.73,0.17,0.59,2.57,4.02,,15.32,2120.3,1.83,59.8,23.28,2.5
2005-11-01,6660.8,1376.1,826202.0,198.1,202.5,189.3,4.0,1.454,134999.0,5.0,66.0,11500.1,8946.2,2.6,67.36717975744442,48.77,32.466095980037096,0.102,191.0,2147.0,2218.0,0.04,,4.58,4.42,4.74,0.16,0.62,2.58,3.99,,14.85,2114.05,1.84,59.85,20.15,2.53
2005-11-02,,,,,,,,,,,,,,,,,,,,,,,,4.61,4.43,4.74,0.18,0.67,2.59,3.99,,13.48,2144.31,1.84,59.75,22.51,2.55
2005-11-03,,,,,,,,,,,,,,,,,,,,,,,,4.65,4.47,4.79,0.18,0.71,2.62,4.01,,13.0,2160.22,1.82,61.7,23.56,2.6
2005-11-04,,,,,,,,,,,,,,,,,,,,,,,,4.66,4.47,4.84,0.19,0.68,2.6,4.0,,13.17,2169.43,1.82,60.6,29.58,2.54
2005-11-05,,,,,,,,,,,,,,,,,,,,,,,,,,,,,,4.0,,,,,,19.76,
2005-11-06,,,,,,,,,,,,,,,,,,,,,,,,,,,,,,4.0,,,,,,16.09,
2005-11-07,,,,,,,,,,,,,,,,,,,,,,,,4.65,4.47,4.82,0.18,0.69,2.62,3.99,,13.1,2178.24,1.82,59.4,11.63,2.6
2005-11-08,,,,,,,,,,,,,,,,,,,,,,,,4.57,4.43,4.75,0.14,0.61,2.56,3.95,,13.08,2172.07,1.83,59.7,50.43,2.53
2005-11-09,,,,,,,,,,,,,,,,,,,,,,,,4.64,4.49,4.78,0.15,0.65,2.56,4.02,,12.8,2175.81,1.82,59.65,47.96,2.56
2005-11-10,,,,,,,,,,,,,,,,,,,,,,,,4.55,4.44,4.74,0.11,0.58,2.48,3.98,,11.9,2196.68,1.84,57.8,41.78,2.49
2005-11-11,,,,,,,,,,,,,,,,,,,,,,,,,,,,,,3.98,,11.63,2202.47,,57.45,14.7,
2005-11-12,,,,,,,,,,,,,,,,,,,,,,,,,,,,,,3.98,,,,,,10.77,
2005-11-13,,,,,,,,,,,,,,,,,,,,,,,,,,,,,,3.98,,,,,,8.39,
2005-11-14,,,,,,,,,,,,,,,,,,,,,,,,4.61,4.5,4.75,0.11,0.59,2.47,4.03,,12.18,2200.95,1.83,57.6,11.46,2.5
2005-11-15,,,,,,,,,,,,,,,,,,,,,,,,4.56,4.47,4.7,0.09,0.55,2.44,3.97,,12.23,2186.74,1.83,57.05,10.12,2.45
2005-11-16,,,,,,,,,,,,,,,,,,,,,,,,4.49,4.42,4.63,0.07,0.49,2.42,3.96,,12.26,2187.93,1.84,57.85,7.56,2.44
2005-11-17,,,,,,,,,,,,,,,,,,,,,,,,4.46,4.37,4.6,0.09,0.45,2.42,3.98,,11.25,2220.46,1.85,56.2,30.91,2.45
2005-11-18,,,,,,,,,,,,,,,,,,,,,,,,4.5,4.4,4.68,0.1,0.49,2.41,4.0,,11.12,2227.07,1.86,56.3,14.85,2.44
2005-11-19,,,,,,,,,,,,,,,,,,,,,,,,,,,,,,4.0,,,,,,20.33,
2005-11-20,,,,,,,,,,,,,,,,,,,,,,,,,,,,,,4.0,,,,,,8.29,
2005-11-21,,,,,,,,,,,,,,,,,,,,,,,,4.46,4.39,4.62,0.07,0.46,2.38,4.03,,10.82,2241.67,1.87,57.75,23.37,2.36
2005-11-22,,,,,,,,,,,,,,,,,,,,,,,,4.43,4.32,4.65,0.11,0.5,2.4,3.99,,10.6,2253.56,1.91,58.3,10.01,2.39
2005-11-23,,,,,,,,,,,,,,,,,,,,,,,,4.47,4.36,4.7,0.11,0.52,2.39,4.01,,10.96,2259.98,1.91,58.35,14.11,2.37
2005-11-24,,,,,,,,,,,,,,,,,,,,,,,,,,,,,,4.01,,,,,,17.09,
2005-11-25,,,,,,,,,,,,,,,,,,,,,,,,4.43,4.33,4.66,0.1,0.48,2.38,4.03,,10.88,2263.01,1.91,,9.33,2.36
2005-11-26,,,,,,,,,,,,,,,,,,,,,,,,,,,,,,4.03,,,,,,11.86,
2005-11-27,,,,,,,,,,,,,,,,,,,,,,,,,,,,,,4.03,,,,,,8.67,
2005-11-28,,,,,,,,,,,,,,,,,,,,,,,,4.41,4.33,4.58,0.08,0.43,2.37,4.01,,11.84,2239.37,1.89,57.36,24.64,2.36
2005-11-29,,,,,,,,,,,,,,,,,,,,,,,,4.48,4.4,4.65,0.08,0.5,2.37,3.99,,11.89,2232.71,1.88,56.46,31.81,2.37
2005-11-30,,,,,,,,,,,,,,,,,,,,,,,,4.49,4.42,4.66,0.07,0.54,2.37,4.03,,12.06,2232.82,1.89,57.33,15.6,2.39
2005-12-01,6688.0,1374.3,840054.0,198.1,202.8,189.0,4.16,1.4880000000000002,135158.0,4.9,66.0,11535.2,8981.1,2.5,60.615714733408794,60.03,78.73817649110998,0.102,187.6,1994.0,2120.0,0.04,,4.52,4.45,4.68,0.07,0.55,2.37,4.03,,11.24,2267.17,1.87,58.46,6.42,2.37
2005-12-02,,,,,,,,,,,,,,,,,,,,,,,,4.52,4.43,4.68,0.09,0.53,2.36,4.0,,11.01,2273.37,1.87,59.31,15.75,2.36
2005-12-03,,,,,,,,,,,,,,,,,,,,,,,,,,,,,,4.0,,,,,,53.19,
2005-12-04,,,,,,,,,,,,,,,,,,,,,,,,,,,,,,4.0,,,,,,42.75,
2005-12-05,,,,,,,,,,,,,,,,,,,,,,,,4.57,4.47,4.72,0.1,0.53,2.4,4.02,,11.6,2257.64,1.86,59.91,59.4,2.39
2005-12-06,,,,,,,,,,,,,,,,,,,,,,,,4.49,4.42,4.68,0.07,0.45,2.37,3.97,,11.52,2260.76,1.88,59.96,30.9,2.38
2005-12-07,,,,,,,,,,,,,,,,,,,,,,,,4.52,4.42,4.67,0.1,0.49,2.34,3.98,,12.18,2252.01,1.88,59.21,7.32,2.37
2005-12-08,,,,,,,,,,,,,,,,,,,,,,,,4.47,4.37,4.62,0.1,0.53,2.33,4.09,,12.21,2246.46,1.88,60.66,6.46,2.38
2005-12-09,,,,,,,,,,,,,,,,,,,,,,,,4.54,4.43,4.72,0.11,0.6,2.36,4.16,,11.69,2256.73,1.88,59.41,8.05,2.41
2005-12-10,,,,,,,,,,,,,,,,,,,,,,,,,,,,,,4.16,,,,,,11.01,
2005-12-11,,,,,,,,,,,,,,,,,,,,,,,,,,,,,,4.16,,,,,,8.88,
2005-12-12,,,,,,,,,,,,,,,,,,,,,,,,4.56,4.45,4.69,0.11,0.66,2.39,4.24,,11.47,2260.95,1.86,61.36,12.25,2.44
2005-12-13,,,,,,,,,,,,,,,,,,,,,,,,4.54,4.43,4.68,0.11,0.63,2.38,4.23,,11.11,2265.0,1.88,61.36,10.28,2.42
2005-12-14,,,,,,,,,,,,,,,,,,,,,,,,4.45,4.37,4.63,0.08,0.56,2.35,4.26,,10.48,2262.59,1.88,60.86,7.42,2.38
2005-12-15,,,,,,,,,,,,,,,,,,,,,,,,4.47,4.37,4.62,0.1,0.54,2.35,4.29,,10.73,2260.63,1.87,60.01,6.32,2.38
2005-12-16,,,,,,,,,,,,,,,,,,,,,,,,4.45,4.37,4.63,0.08,0.52,2.34,4.25,,10.68,2252.48,1.85,58.01,15.77,2.4
2005-12-17,,,,,,,,,,,,,,,,,,,,,,,,,,,,,,4.25,,,,,,75.62,
2005-12-18,,,,,,,,,,,,,,,,,,,,,,,,,,,,,,4.25,,,,,,26.51,
2005-12-19,,,,,,,,,,,,,,,,,,,,,,,,4.45,4.38,4.62,0.07,0.49,2.34,4.25,,11.38,2222.74,1.84,57.31,11.92,2.4
2005-12-20,,,,,,,,,,,,,,,,,,,,,,,,4.47,4.42,4.63,0.05,0.52,2.35,4.3,,11.19,2222.42,1.84,57.81,62.57,2.4
2005-12-21,,,,,,,,,,,,,,,,,,,,,,,,4.49,4.43,4.65,0.06,0.51,2.35,4.08,,10.81,2231.66,1.84,58.56,48.28,2.41
2005-12-22,,,,,,,,,,,,,,,,,,,,,,,,4.44,4.4,4.59,0.04,0.46,2.33,4.25,,10.29,2246.49,1.83,58.08,40.93,2.38
2005-12-23,,,,,,,,,,,,,,,,,,,,,,,,4.38,4.37,4.52,0.01,0.39,2.31,4.21,,10.27,2249.42,1.83,58.08,27.8,2.36
2005-12-24,,,,,,,,,,,,,,,,,,,,,,,,,,,,,,4.21,,,,,,52.31,
2005-12-25,,,,,,,,,,,,,,,,,,,,,,,,,,,,,,4.21,,,,,,10.83,
2005-12-26,,,,,,,,,,,,,,,,,,,,,,,,,,,,,,4.21,,,,,,32.92,
2005-12-27,,,,,,,,,,,,,,,,,,,,,,,,4.34,4.35,4.48,-0.01,0.36,2.29,4.26,,11.57,2226.89,1.83,58.16,13.05,2.33
2005-12-28,,,,,,,,,,,,,,,,,,,,,,,,4.38,4.37,4.51,0.01,0.43,2.28,4.19,,11.35,2228.94,1.82,59.81,36.37,2.33
2005-12-29,,,,,,,,,,,,,,,,,,,,,,,,4.37,4.38,4.49,-0.01,0.36,2.3,4.18,,11.61,2218.16,1.82,60.26,29.86,2.34
2005-12-30,,,,,,,,,,,,,,,,,,,,,,,,4.39,4.41,4.51,-0.02,0.31,2.33,4.09,,12.07,2205.32,1.82,61.06,100.61,2.36
2005-12-31,,,,,,,,,,,,,,,,,,,,,,,,,,,,,,4.09,,,,,,160.59,
2006-01-01,6730.3,1379.5,836539.0,199.3,203.2,190.5,4.29,1.547,135426.0,4.7,66.0,11651.8,9071.6,3.0,68.69735508453343,63.64,62.22241081414301,0.108,196.6,2273.0,2212.0,0.08,,,,,,,,4.09,,,,,,17.57,
2006-01-02,,,,,,,,,,,,,,,,,,,,,,,101.4155,,,,,,,4.09,,,,,,108.05,
2006-01-03,,,,,,,,,,,,,,,,,,,,,,,100.7558,4.37,4.34,4.52,0.03,0.21,2.34,4.34,,11.14,2243.74,1.84,63.11,24.51,2.38
2006-01-04,,,,,,,,,,,,,,,,,,,,,,,100.2288,4.36,4.31,4.55,0.05,0.17,2.35,4.22,,11.37,2263.46,1.84,63.41,53.66,2.39
2006-01-05,,,,,,,,,,,,,,,,,,,,,,,100.2992,4.36,4.32,4.51,0.04,0.16,2.32,4.24,,11.31,2276.87,1.84,62.81,13.4,2.36
2006-01-06,,,,,,,,,,,,,,,,,,,,,,,100.0241,4.38,4.36,4.53,0.02,0.16,2.33,4.22,,11.0,2305.62,1.84,64.21,40.42,2.33
2006-01-07,,,,,,,,,,,,,,,,,,,,,,,,,,,,,,4.22,,,,,,42.98,
2006-01-08,,,,,,,,,,,,,,,,,,,,,,,,,,,,,,4.22,,,,,,34.76,
2006-01-09,,,,,,,,,,,,,,,,,,,,,,,100.1794,4.38,4.36,4.53,0.02,0.15,2.33,4.25,,11.13,2318.69,1.84,63.56,24.18,2.31
2006-01-10,,,,,,,,,,,,,,,,,,,,,,,100.1436,4.43,4.41,4.62,0.02,0.14,2.37,4.24,,10.86,2320.32,1.84,63.41,10.03,2.36
2006-01-11,,,,,,,,,,,,,,,,,,,,,,,99.871,4.46,4.44,4.61,0.02,0.16,2.39,4.24,,10.94,2331.36,1.84,63.91,7.13,2.39
2006-01-12,,,,,,,,,,,,,,,,,,,,,,,100.0643,4.42,4.39,4.56,0.03,0.1,2.41,4.28,,11.2,2316.69,1.83,63.96,62.03,2.41
2006-01-13,,,,,,,,,,,,,,,,,,,,,,,99.9675,4.36,4.34,4.49,0.02,0.03,2.39,4.3,,11.23,2317.04,1.82,63.86,162.93,2.4
2006-01-14,,,,,,,,,,,,,,,,,,,,,,,,,,,,,,4.3,,,,,,85.85,
2006-01-15,,,,,,,,,,,,,,,,,,,,,,,,,,,,,,4.3,,,,,,17.23,
2006-01-16,,,,,,,,,,,,,,,,,,,,,,,99.9715,,,,,,,4.3,,,,,,24.71,
2006-01-17,,,,,,,,,,,,,,,,,,,,,,,100.2447,4.34,4.33,4.52,0.01,-0.04,2.39,4.32,,11.91,2302.69,1.83,66.36,10.81,2.38
2006-01-18,,,,,,,,,,,,,,,,,,,,,,,100.4085,4.34,4.33,4.53,0.01,-0.01,2.37,4.24,,12.25,2279.64,1.84,65.76,14.88,2.34
2006-01-19,,,,,,,,,,,,,,,,,,,,,,,100.1862,4.38,4.37,4.51,0.01,0.03,2.41,4.23,,11.98,2301.81,1.83,66.86,12.48,2.41
2006-01-20,,,,,,,,,,,,,,,,,,,,,,,99.9017,4.37,4.37,4.54,0.0,0.02,2.43,4.24,,14.56,2247.7,1.81,68.16,15.9,2.39
2006-01-21,,,,,,,,,,,,,,,,,,,,,,,,,,,,,,4.24,,,,,,21.51,
2006-01-22,,,,,,,,,,,,,,,,,,,,,,,,,,,,,,4.24,,,,,,17.3,
2006-01-23,,,,,,,,,,,,,,,,,,,,,,,99.3783,4.36,4.35,4.54,0.01,-0.02,2.42,4.26,,13.93,2248.47,1.82,68.06,24.89,2.38
2006-01-24,,,,,,,,,,,,,,,,,,,,,,,99.3434,4.4,4.37,4.53,0.03,0.0,2.43,4.28,,13.31,2265.25,1.81,66.83,10.02,2.41
2006-01-25,,,,,,,,,,,,,,,,,,,,,,,99.348,4.49,4.46,4.62,0.03,0.07,2.46,4.36,,12.87,2260.65,1.8,65.6,7.15,2.49
2006-01-26,,,,,,,,,,,,,,,,,,,,,,,99.4798,4.53,4.49,4.66,0.04,0.08,2.52,4.37,,12.42,2283.0,1.8,65.8,6.23,2.57
2006-01-27,,,,,,,,,,,,,,,,,,,,,,,99.6433,4.52,4.51,4.7,0.01,0.07,2.5,4.42,,11.97,2304.23,1.78,67.81,7.68,2.48
2006-01-28,,,,,,,,,,,,,,,,,,,,,,,,,,,,,,4.42,,,,,,10.71,
2006-01-29,,,,,,,,,,,,,,,,,,,,,,,,,,,,,,4.42,,,,,,8.49,
2006-01-30,,,,,,,,,,,,,,,,,,,,,,,99.7144,4.54,4.52,4.67,0.02,0.06,2.51,4.48,,12.39,2306.78,1.79,68.36,24.11,2.48
2006-01-31,,,,,,,,,,,,,,,,,,,,,,,99.4311,4.53,4.54,4.69,-0.01,0.06,2.53,4.47,,12.95,2305.82,1.78,67.86,50.94,2.48
2006-02-01,6754.9,1378.4,833804.0,199.4,203.6,190.3,4.49,1.598,135731.0,4.8,66.1,11702.8,9096.0,3.2,58.19653294691964,59.09,60.37162199694527,0.108,194.1,2119.0,2141.0,0.1,99.6132,4.57,4.59,4.69,-0.02,0.1,2.55,4.47,,12.36,2310.56,1.76,66.61,34.72,2.53
2006-02-02,,,,,,,,,,,,,,,,,,,,,,,99.7916,4.57,4.59,4.68,-0.02,0.09,2.53,4.48,,13.23,2281.57,1.74,64.71,18.2,2.51
2006-02-03,,,,,,,,,,,,,,,,,,,,,,,100.118,4.54,4.59,4.64,-0.05,0.06,2.54,4.51,,12.96,2262.58,1.72,65.41,68.19,2.51
2006-02-04,,,,,,,,,,,,,,,,,,,,,,,,,,,,,,4.51,,,,,,31.95,
2006-02-05,,,,,,,,,,,,,,,,,,,,,,,,,,,,,,4.51,,,,,,67.48,
2006-02-06,,,,,,,,,,,,,,,,,,,,,,,100.1372,4.55,4.62,4.61,-0.07,0.07,2.55,4.51,,13.04,2258.8,1.69,65.11,35.9,2.52
2006-02-07,,,,,,,,,,,,,,,,,,,,,,,100.1759,4.57,4.61,4.64,-0.04,0.08,2.55,4.47,,13.59,2244.96,1.71,63.01,9.7,2.53
2006-02-08,,,,,,,,,,,,,,,,,,,,,,,100.4879,4.56,4.64,4.67,-0.08,0.06,2.49,4.48,,12.83,2266.98,1.75,62.51,28.62,2.44
2006-02-09,,,,,,,,,,,,,,,,,,,,,,,100.2117,4.54,4.66,4.51,-0.12,0.02,2.49,4.52,,13.12,2255.87,1.73,62.66,12.4,2.43
2006-02-10,,,,,,,,,,,,,,,,,,,,,,,100.322,4.59,4.69,4.55,-0.1,0.06,2.5,4.51,,12.87,2261.88,1.71,62.01,29.53,2.43
2006-02-11,,,,,,,,,,,,,,,,,,,,,,,,,,,,,,4.51,,,,,,10.7,
2006-02-12,,,,,,,,,,,,,,,,,,,,,,,,,,,,,,4.51,,,,,,8.53,
2006-02-13,,,,,,,,,,,,,,,,,,,,,,,100.3955,4.58,4.68,4.56,-0.1,0.03,2.5,4.44,,13.35,2239.81,1.72,61.26,11.71,2.45
2006-02-14,,,,,,,,,,,,,,,,,,,,,,,100.3987,4.62,4.69,4.6,-0.07,0.07,2.48,4.45,,12.25,2262.17,1.71,59.61,77.2,2.44
2006-02-15,,,,,,,,,,,,,,,,,,,,,,,100.4489,4.61,4.71,4.58,-0.1,0.06,2.48,4.5,,12.31,2276.43,1.7,57.61,6.89,2.44
2006-02-16,,,,,,,,,,,,,,,,,,,,,,,100.5183,4.59,4.69,4.57,-0.1,0.04,2.49,4.48,,11.48,2294.63,1.71,58.61,115.18,2.42
2006-02-17,,,,,,,,,,,,,,,,,,,,,,,100.3404,4.54,4.66,4.51,-0.12,0.0,2.51,4.48,,12.01,2282.36,1.7,59.76,14.24,2.42
2006-02-18,,,,,,,,,,,,,,,,,,,,,,,,,,,,,,4.48,,,,,,9.86,
2006-02-19,,,,,,,,,,,,,,,,,,,,,,,,,,,,,,4.48,,,,,,8.0,
2006-02-20,,,,,,,,,,,,,,,,,,,,,,,100.3447,,,,,,,4.48,,,,,,11.27,
2006-02-21,,,,,,,,,,,,,,,,,,,,,,,100.2346,4.57,4.71,4.53,-0.14,0.01,2.53,4.54,,12.41,2262.96,1.68,61.21,30.74,2.44
2006-02-22,,,,,,,,,,,,,,,,,,,,,,,100.3879,4.53,4.68,4.48,-0.15,-0.04,2.52,4.49,,11.88,2283.17,1.68,59.03,14.21,2.4
2006-02-23,,,,,,,,,,,,,,,,,,,,,,,100.1956,4.56,4.72,4.51,-0.16,-0.03,2.53,4.47,,11.87,2279.32,1.67,58.03,18.34,2.4
2006-02-24,,,,,,,,,,,,,,,,,,,,,,,100.2594,4.58,4.74,4.52,-0.16,-0.02,2.56,4.48,,11.46,2287.04,1.64,61.46,22.13,2.42
2006-02-25,,,,,,,,,,,,,,,,,,,,,,,,,,,,,,4.48,,,,,,10.45,
2006-02-26,,,,,,,,,,,,,,,,,,,,,,,,,,,,,,4.48,,,,,,8.01,
2006-02-27,,,,,,,,,,,,,,,,,,,,,,,100.0724,4.59,4.74,4.55,-0.15,-0.03,2.55,4.52,,11.59,2307.18,1.65,61.01,11.55,2.4
2006-02-28,,,,,,,,,,,,,,,,,,,,,,,99.7695,4.55,4.69,4.51,-0.14,-0.07,2.53,4.52,,12.34,2281.39,1.65,61.37,20.1,2.38
2006-03-01,6769.5,1383.2,838656.0,199.7,204.3,190.4,4.59,1.759,136036.0,4.7,66.2,11747.5,9132.9,3.3,58.3398508740508,51.51,46.38076046654976,0.109,192.0,1969.0,2118.0,0.2,99.8355,4.59,4.71,4.56,-0.12,-0.01,2.57,4.52,,11.54,2314.64,1.66,62.01,7.05,2.43
2006-03-02,,,,,,,,,,,,,,,,,,,,,,,99.5969,4.64,4.72,4.62,-0.08,0.02,2.59,4.5,,11.72,2311.11,1.66,63.36,17.7,2.44
2006-03-03,,,,,,,,,,,,,,,,,,,,,,,99.7024,4.68,4.76,4.66,-0.08,0.06,2.61,4.51,,11.96,2302.6,1.67,63.61,14.32,2.46
2006-03-04,,,,,,,,,,,,,,,,,,,,,,,,,,,,,,4.51,,,,,,19.87,
2006-03-05,,,,,,,,,,,,,,,,,,,,,,,,,,,,,,4.51,,,,,,39.02,
2006-03-06,,,,,,,,,,,,,,,,,,,,,,,99.9834,4.74,4.77,4.72,-0.03,0.14,2.6,4.51,,12.74,2286.03,1.67,62.46,54.67,2.47
2006-03-07,,,,,,,,,,,,,,,,,,,,,,,100.564,4.74,4.77,4.72,-0.03,0.14,2.58,4.51,,12.66,2268.38,1.67,61.51,47.81,2.45
2006-03-08,,,,,,,,,,,,,,,,,,,,,,,100.8565,4.73,4.72,4.72,0.01,0.15,2.53,4.51,,12.32,2267.46,1.68,60.06,13.41,2.4
2006-03-09,,,,,,,,,,,,,,,,,,,,,,,100.7718,4.74,4.72,4.72,0.02,0.14,2.54,4.51,,12.68,2249.72,1.67,60.51,47.14,2.42
2006-03-10,,,,,,,,,,,,,,,,,,,,,,,100.9566,4.76,4.74,4.74,0.02,0.14,2.53,4.51,,11.85,2262.04,1.67,59.91,55.67,2.44
2006-03-11,,,,,,,,,,,,,,,,,,,,,,,,,,,,,,4.51,,,,,,10.03,
2006-03-12,,,,,,,,,,,,,,,,,,,,,,,,,,,,,,4.51,,,,,,16.21,
2006-03-13,,,,,,,,,,,,,,,,,,,,,,,100.8563,4.77,4.74,4.77,0.03,0.16,2.53,4.52,,11.37,2267.03,1.69,61.81,9.88,2.45
2006-03-14,,,,,,,,,,,,,,,,,,,,,,,100.312,4.71,4.66,4.71,0.05,0.12,2.54,4.51,,10.74,2295.9,1.68,63.01,19.18,2.47
2006-03-15,,,,,,,,,,,,,,,,,,,,,,,100.2121,4.73,4.69,4.75,0.04,0.1,2.55,4.47,,11.35,2311.84,1.7,62.11,14.01,2.48
2006-03-16,,,,,,,,,,,,,,,,,,,,,,,99.9049,4.65,4.62,4.7,0.03,0.03,2.53,4.55,,11.98,2299.56,1.72,63.46,12.15,2.44
2006-03-17,,,,,,,,,,,,,,,,,,,,,,,99.8614,4.68,4.65,4.72,0.03,0.04,2.52,4.6,,12.12,2306.48,1.7,62.81,15.24,2.42
2006-03-18,,,,,,,,,,,,,,,,,,,,,,,,,,,,,,4.6,,,,,,10.74,
2006-03-19,,,,,,,,,,,,,,,,,,,,,,,,,,,,,,4.6,,,,,,8.36,
2006-03-20,,,,,,,,,,,,,,,,,,,,,,,100.0491,4.66,4.65,4.7,0.01,0.0,2.51,4.55,,11.79,2314.11,1.7,60.31,34.84,2.42
2006-03-21,,,,,,,,,,,,,,,,,,,,,,,100.4716,4.71,4.72,4.74,-0.01,0.02,2.48,4.54,,11.62,2294.23,1.7,60.41,10.08,2.39
2006-03-22,,,,,,,,,,,,,,,,,,,,,,,100.496,4.7,4.74,4.73,-0.04,0.01,2.47,4.58,,11.21,2303.35,1.69,60.03,42.51,2.38
2006-03-23,,,,,,,,,,,,,,,,,,,,,,,100.8256,4.73,4.77,4.75,-0.04,0.06,2.49,4.64,,11.17,2300.15,1.7,62.13,12.26,2.4
2006-03-24,,,,,,,,,,,,,,,,,,,,,,,100.7773,4.67,4.72,4.7,-0.05,0.02,2.47,4.69,,11.19,2312.82,1.7,63.9,15.23,2.39
2006-03-25,,,,,,,,,,,,,,,,,,,,,,,,,,,,,,4.69,,,,,,42.08,
2006-03-26,,,,,,,,,,,,,,,,,,,,,,,,,,,,,,4.69,,,,,,51.66,
2006-03-27,,,,,,,,,,,,,,,,,,,,,,,100.8359,4.7,4.72,4.73,-0.02,0.07,2.47,4.77,,11.46,2315.58,1.7,63.75,23.91,2.39
2006-03-28,,,,,,,,,,,,,,,,,,,,,,,100.7995,4.79,4.81,4.8,-0.02,0.14,2.49,4.7,,11.58,2304.46,1.68,65.65,19.96,2.41
2006-03-29,,,,,,,,,,,,,,,,,,,,,,,101.0474,4.81,4.82,4.84,-0.01,0.18,2.49,4.69,,10.95,2337.78,1.71,66.0,35.45,2.43
2006-03-30,,,,,,,,,,,,,,,,,,,,,,,100.5698,4.86,4.84,4.89,0.02,0.25,2.51,4.76,,11.57,2340.82,1.7,66.7,31.43,2.44
2006-03-31,,,,,,,,,,,,,,,,,,,,,,,100.56,4.86,4.82,4.9,0.04,0.23,2.51,5.0,,11.39,2339.79,1.69,66.25,38.09,2.44
2006-04-01,6807.0,1381.4,838094.0,200.7,204.8,191.5,4.79,1.956,136208.0,4.7,66.1,11744.4,9191.6,3.1,72.89702340289507,69.78,57.94457797737796,0.109,198.5,1821.0,1998.0,0.22,,,,,,,,5.0,,,,,,32.13,
2006-04-02,,,,,,,,,,,,,,,,,,,,,,,,,,,,,,5.0,,,,,,24.94,
2006-04-03,,,,,,,,,,,,,,,,,,,,,,,100.6204,4.88,4.86,4.9,0.02,0.21,2.52,4.87,,11.57,2336.74,1.68,66.07,23.49,2.45
2006-04-04,,,,,,,,,,,,,,,,,,,,,,,100.1319,4.87,4.84,4.91,0.03,0.19,2.49,4.76,,11.14,2345.36,1.69,65.75,19.73,2.43
2006-04-05,,,,,,,,,,,,,,,,,,,,,,,100.0792,4.84,4.81,4.9,0.03,0.17,2.5,4.76,,11.13,2359.75,1.7,66.76,106.2,2.44
2006-04-06,,,,,,,,,,,,,,,,,,,,,,,100.1578,4.9,4.84,4.96,0.06,0.22,2.52,4.76,,11.45,2361.17,1.7,67.22,18.96,2.45
2006-04-07,,,,,,,,,,,,,,,,,,,,,,,100.4187,4.97,4.89,5.04,0.08,0.28,2.54,4.76,,12.26,2339.02,1.7,67.02,22.26,2.5
2006-04-08,,,,,,,,,,,,,,,,,,,,,,,,,,,,,,4.76,,,,,,31.56,
2006-04-09,,,,,,,,,,,,,,,,,,,,,,,,,,,,,,4.76,,,,,,25.13,
2006-04-10,,,,,,,,,,,,,,,,,,,,,,,100.4091,4.97,4.89,5.04,0.08,0.28,2.56,4.78,,12.19,2333.27,1.7,68.29,34.46,2.52
2006-04-11,,,,,,,,,,,,,,,,,,,,,,,100.2903,4.93,4.88,5.0,0.05,0.23,2.56,4.74,,13.0,2310.35,1.71,69.03,9.52,2.49
2006-04-12,,,,,,,,,,,,,,,,,,,,,,,100.3589,4.98,4.91,5.05,0.07,0.28,2.57,4.78,,12.76,2314.68,1.71,68.53,6.91,2.48
2006-04-13,,,,,,,,,,,,,,,,,,,,,,,100.4759,5.05,4.96,5.11,0.09,0.35,2.57,4.82,,12.38,2326.11,1.69,69.53,6.02,2.48
2006-04-14,,,,,,,,,,,,,,,,,,,,,,,100.4697,,,,,,,4.8,,,,,,7.08,
2006-04-15,,,,,,,,,,,,,,,,,,,,,,,,,,,,,,4.8,,,,,,34.35,
2006-04-16,,,,,,,,,,,,,,,,,,,,,,,,,,,,,,4.8,,,,,,25.77,
2006-04-17,,,,,,,,,,,,,,,,,,,,,,,99.8719,5.01,4.91,5.08,0.1,0.29,2.58,4.78,,12.58,2311.16,1.7,70.3,35.54,2.48
2006-04-18,,,,,,,,,,,,,,,,,,,,,,,99.6747,4.99,4.84,5.07,0.15,0.27,2.61,4.72,,11.4,2356.14,1.7,71.28,28.44,2.53
2006-04-19,,,,,,,,,,,,,,,,,,,,,,,99.3467,5.04,4.86,5.13,0.18,0.31,2.66,4.7,,11.32,2370.88,1.7,72.07,20.19,2.57
2006-04-20,,,,,,,,,,,,,,,,,,,,,,,99.4974,5.04,4.89,5.14,0.15,0.31,2.62,4.73,,11.64,2362.55,1.7,71.96,17.13,2.52
2006-04-21,,,,,,,,,,,,,,,,,,,,,,,99.4345,5.01,4.9,5.1,0.11,0.26,2.62,4.74,,11.59,2342.86,1.7,73.73,7.09,2.51
2006-04-22,,,,,,,,,,,,,,,,,,,,,,,,,,,,,,4.74,,,,,,20.73,
2006-04-23,,,,,,,,,,,,,,,,,,,,,,,,,,,,,,4.74,,,,,,8.03,
2006-04-24,,,,,,,,,,,,,,,,,,,,,,,99.117,4.99,4.89,5.07,0.1,0.24,2.6,4.77,,11.75,2333.38,1.67,70.19,23.73,2.51
2006-04-25,,,,,,,,,,,,,,,,,,,,,,,98.9687,5.07,4.95,5.16,0.12,0.28,2.6,4.74,,11.75,2330.3,1.68,67.43,18.89,2.6
2006-04-26,,,,,,,,,,,,,,,,,,,,,,,98.8907,5.12,4.99,5.18,0.13,0.33,2.61,4.73,,11.76,2333.63,1.64,71.71,13.58,2.59
2006-04-27,,,,,,,,,,,,,,,,,,,,,,,98.5149,5.09,4.91,5.18,0.18,0.31,2.64,4.79,,11.84,2344.95,1.67,70.76,23.58,2.66
2006-04-28,,,,,,,,,,,,,,,,,,,,,,,98.1412,5.07,4.87,5.17,0.2,0.3,2.68,4.86,,11.59,2322.57,1.67,71.8,7.22,2.69
2006-04-29,,,,,,,,,,,,,,,,,,,,,,,,,,,,,,4.86,,,,,,20.94,
2006-04-30,,,,,,,,,,,,,,,,,,,,,,,,,,,,,,4.86,,,,,,8.12,
2006-05-01,6813.9,1387.2,842451.0,201.3,205.4,192.0,4.94,1.849,136249.0,4.6,66.1,11736.8,9231.8,2.9,63.114602130798865,67.52,95.86812370732414,0.11,199.8,1942.0,1905.0,0.16,97.9085,5.14,4.94,5.23,0.2,0.32,2.72,4.84,,12.54,2304.79,1.63,73.75,100.07,2.72
2006-05-02,,,,,,,,,,,,,,,,,,,,,,,97.6571,5.12,4.92,5.2,0.2,0.31,2.69,4.79,,11.99,2309.84,1.61,74.62,6.32,2.67
2006-05-03,,,,,,,,,,,,,,,,,,,,,,,97.5572,5.15,4.94,5.24,0.21,0.33,2.68,4.81,,11.99,2303.97,1.61,72.26,6.77,2.65
2006-05-04,,,,,,,,,,,,,,,,,,,,,,,97.4878,5.16,4.97,5.23,0.19,0.36,2.67,4.83,,11.86,2323.9,1.6,69.98,5.65,2.65
2006-05-05,,,,,,,,,,,,,,,,,,,,,,,97.2585,5.12,4.94,5.2,0.18,0.29,2.67,4.83,,11.62,2342.57,1.6,70.09,34.51,2.64
2006-05-06,,,,,,,,,,,,,,,,,,,,,,,,,,,,,,4.83,,,,,,33.35,
2006-05-07,,,,,,,,,,,,,,,,,,,,,,,,,,,,,,4.83,,,,,,43.1,
2006-05-08,,,,,,,,,,,,,,,,,,,,,,,97.1945,5.12,4.97,5.19,0.15,0.25,2.67,4.88,,12.0,2344.99,1.59,69.75,58.12,2.65
2006-05-09,,,,,,,,,,,,,,,,,,,,,,,96.9578,5.13,4.97,5.2,0.16,0.25,2.7,4.78,,11.99,2338.25,1.59,70.71,9.44,2.68
2006-05-10,,,,,,,,,,,,,,,,,,,,,,,96.6391,5.13,5.01,5.19,0.12,0.25,2.7,4.88,,11.78,2320.74,1.58,72.15,74.95,2.67
2006-05-11,,,,,,,,,,,,,,,,,,,,,,,96.5383,5.14,4.99,5.23,0.15,0.32,2.71,4.99,,12.49,2272.7,1.61,73.0,5.39,2.64
2006-05-12,,,,,,,,,,,,,,,,,,,,,,,96.8788,5.19,5.01,5.29,0.18,0.34,2.72,5.01,,14.19,2243.78,1.63,71.87,6.52,2.66
2006-05-13,,,,,,,,,,,,,,,,,,,,,,,,,,,,,,5.01,,,,,,52.85,
2006-05-14,,,,,,,,,,,,,,,,,,,,,,,,,,,,,,5.01,,,,,,49.08,
2006-05-15,,,,,,,,,,,,,,,,,,,,,,,97.3588,5.15,4.99,5.26,0.16,0.29,2.68,5.01,,13.57,2238.52,1.64,69.25,23.52,2.65
2006-05-16,,,,,,,,,,,,,,,,,,,,,,,97.1959,5.1,4.96,5.22,0.14,0.27,2.66,4.98,,13.35,2229.13,1.66,69.4,19.34,2.63
2006-05-17,,,,,,,,,,,,,,,,,,,,,,,97.4725,5.16,4.97,5.28,0.19,0.33,2.69,4.96,,16.26,2195.8,1.66,68.65,41.51,2.67
2006-05-18,,,,,,,,,,,,,,,,,,,,,,,97.7033,5.08,4.94,5.18,0.14,0.25,2.67,5.0,,16.99,2180.32,1.66,69.63,88.75,2.65
2006-05-19,,,,,,,,,,,,,,,,,,,,,,,97.933,5.05,4.96,5.14,0.09,0.23,2.62,5.0,,17.18,2193.88,1.65,68.44,7.3,2.59
2006-05-20,,,,,,,,,,,,,,,,,,,,,,,,,,,,,,5.0,,,,,,52.2,
2006-05-21,,,,,,,,,,,,,,,,,,,,,,,,,,,,,,5.0,,,,,,16.68,
2006-05-22,,,,,,,,,,,,,,,,,,,,,,,97.9377,5.04,4.94,5.13,0.1,0.21,2.61,5.0,,17.72,2172.86,1.66,69.23,11.72,2.59
2006-05-23,,,,,,,,,,,,,,,,,,,,,,,97.7045,5.07,4.97,5.16,0.1,0.23,2.63,4.94,,18.26,2158.76,1.65,70.78,29.02,2.58
2006-05-24,,,,,,,,,,,,,,,,,,,,,,,98.3936,5.03,4.94,5.13,0.09,0.21,2.61,4.9,,17.36,2169.17,1.68,69.47,20.82,2.58
2006-05-25,,,,,,,,,,,,,,,,,,,,,,,97.8423,5.07,4.98,5.17,0.09,0.25,2.61,5.01,,15.5,2198.24,1.67,70.92,46.55,2.58
2006-05-26,,,,,,,,,,,,,,,,,,,,,,,97.8995,5.06,4.96,5.16,0.1,0.22,2.62,4.99,,14.26,2210.37,1.67,71.35,39.14,2.59
2006-05-27,,,,,,,,,,,,,,,,,,,,,,,,,,,,,,4.99,,,,,,22.66,
2006-05-28,,,,,,,,,,,,,,,,,,,,,,,,,,,,,,4.99,,,,,,8.25,
2006-05-29,,,,,,,,,,,,,,,,,,,,,,,97.8936,,,,,,,4.99,,,,,,14.65,
2006-05-30,,,,,,,,,,,,,,,,,,,,,,,97.588,5.09,4.99,5.19,0.1,0.25,2.64,5.02,,18.66,2164.74,1.67,71.85,46.7,2.61
2006-05-31,,,,,,,,,,,,,,,,,,,,,,,97.7705,5.12,5.04,5.21,0.08,0.26,2.64,5.05,,16.44,2178.88,1.66,71.42,29.19,2.6
2006-06-01,6852.1,1375.4,846038.0,201.8,205.9,192.3,4.99,1.901,136335.0,4.6,66.2,11751.9,9259.6,2.9,73.4704455604483,67.89,91.21692511895128,0.118,199.8,1802.0,1867.0,0.08,97.7726,5.11,5.04,5.2,0.07,0.28,2.65,5.02,,14.52,2219.86,1.66,70.11,17.72,2.61
2006-06-02,,,,,,,,,,,,,,,,,,,,,,,97.5544,5.0,4.92,5.1,0.08,0.19,2.63,4.97,,14.32,2219.41,1.67,72.73,22.32,2.6
2006-06-03,,,,,,,,,,,,,,,,,,,,,,,,,,,,,,4.97,,,,,,32.15,
2006-06-04,,,,,,,,,,,,,,,,,,,,,,,,,,,,,,4.97,,,,,,25.9,
2006-06-05,,,,,,,,,,,,,,,,,,,,,,,97.3681,5.02,4.99,5.1,0.03,0.17,2.62,5.01,,16.65,2169.62,1.67,72.5,106.64,2.58
2006-06-06,,,,,,,,,,,,,,,,,,,,,,,98.1449,5.01,4.99,5.08,0.02,0.15,2.57,4.99,,17.34,2162.78,1.65,72.43,9.62,2.52
2006-06-07,,,,,,,,,,,,,,,,,,,,,,,98.1641,5.02,5.02,5.09,0.0,0.16,2.54,4.99,,17.8,2151.8,1.67,70.9,70.28,2.49
2006-06-08,,,,,,,,,,,,,,,,,,,,,,,98.9313,5.0,5.01,5.06,-0.01,0.13,2.53,5.02,,18.35,2145.32,1.66,70.25,157.24,2.48
2006-06-09,,,,,,,,,,,,,,,,,,,,,,,98.5471,4.98,5.01,5.03,-0.03,0.1,2.53,5.0,,18.12,2135.06,1.66,71.62,7.49,2.46
2006-06-10,,,,,,,,,,,,,,,,,,,,,,,,,,,,,,5.0,,,,,,66.41,
2006-06-11,,,,,,,,,,,,,,,,,,,,,,,,,,,,,,5.0,,,,,,25.6,
2006-06-12,,,,,,,,,,,,,,,,,,,,,,,98.5494,4.99,5.02,5.03,-0.03,0.06,2.54,5.01,,20.96,2091.32,1.65,70.28,60.14,2.5
2006-06-13,,,,,,,,,,,,,,,,,,,,,,,98.9201,4.97,5.02,5.01,-0.05,0.08,2.53,5.0,,23.81,2072.47,1.67,68.48,70.11,2.5
2006-06-14,,,,,,,,,,,,,,,,,,,,,,,98.8338,5.05,5.11,5.09,-0.06,0.15,2.55,5.0,,21.46,2086.0,1.67,69.12,14.5,2.49
2006-06-15,,,,,,,,,,,,,,,,,,,,,,,98.8846,5.1,5.14,5.13,-0.04,0.25,2.58,5.02,,15.9,2144.15,1.67,69.78,17.89,2.52
2006-06-16,,,,,,,,,,,,,,,,,,,,,,,98.9127,5.13,5.16,5.17,-0.03,0.25,2.59,4.94,,17.25,2129.95,1.67,69.75,22.37,2.55
2006-06-17,,,,,,,,,,,,,,,,,,,,,,,,,,,,,,4.94,,,,,,22.32,
2006-06-18,,,,,,,,,,,,,,,,,,,,,,,,,,,,,,4.94,,,,,,34.38,
2006-06-19,,,,,,,,,,,,,,,,,,,,,,,99.145,5.14,5.19,5.18,-0.05,0.21,2.56,4.95,,17.83,2110.42,1.67,69.21,36.38,2.51
2006-06-20,,,,,,,,,,,,,,,,,,,,,,,99.0117,5.15,5.19,5.19,-0.04,0.23,2.57,4.92,,16.69,2107.06,1.67,69.3,10.23,2.53
2006-06-21,,,,,,,,,,,,,,,,,,,,,,,98.5544,5.16,5.2,5.19,-0.04,0.24,2.57,4.91,,15.52,2141.2,1.68,70.07,7.29,2.53
2006-06-22,,,,,,,,,,,,,,,,,,,,,,,99.0856,5.2,5.23,5.23,-0.03,0.28,2.59,4.98,,15.88,2122.98,1.69,70.62,5.99,2.56
2006-06-23,,,,,,,,,,,,,,,,,,,,,,,99.4216,5.23,5.27,5.26,-0.04,0.25,2.59,4.98,,15.89,2121.47,1.69,70.5,7.7,2.55
2006-06-24,,,,,,,,,,,,,,,,,,,,,,,,,,,,,,4.98,,,,,,11.99,
2006-06-25,,,,,,,,,,,,,,,,,,,,,,,,,,,,,,4.98,,,,,,9.43,
2006-06-26,,,,,,,,,,,,,,,,,,,,,,,99.3634,5.25,5.27,5.28,-0.02,0.22,2.58,5.03,,15.62,2133.67,1.69,71.63,12.45,2.55
2006-06-27,,,,,,,,,,,,,,,,,,,,,,,99.219,5.21,5.24,5.24,-0.03,0.16,2.58,5.02,,16.4,2100.25,1.7,72.05,10.31,2.55
2006-06-28,,,,,,,,,,,,,,,,,,,,,,,99.392,5.25,5.29,5.28,-0.04,0.24,2.57,5.06,,15.79,2111.84,1.69,72.15,7.21,2.55
2006-06-29,,,,,,,,,,,,,,,,,,,,,,,99.2158,5.22,5.21,5.26,0.01,0.21,2.61,5.08,,13.03,2174.38,1.69,73.5,6.22,2.62
2006-06-30,,,,,,,,,,,,,,,,,,,,,,,98.2483,5.15,5.16,5.19,-0.01,0.14,2.61,5.05,,13.08,2172.09,1.67,73.94,45.69,2.59
2006-07-01,6893.9,1372.4,846874.0,202.9,206.3,193.6,5.24,1.927,136529.0,4.7,66.1,11746.9,9343.8,2.3,68.0155734443246,74.71,120.16363501225362,0.118,207.9,1737.0,1763.0,0.12,,,,,,,,5.05,,,,,,33.33,
2006-07-02,,,,,,,,,,,,,,,,,,,,,,,,,,,,,,5.05,,,,,,62.04,
2006-07-03,,,,,,,,,,,,,,,,,,,,,,,98.0371,5.15,5.17,5.2,-0.02,0.07,2.59,5.25,,13.05,2190.43,1.68,,24.8,2.56
2006-07-04,,,,,,,,,,,,,,,,,,,,,,,98.0221,,,,,,,5.25,,,,,,27.08,
2006-07-05,,,,,,,,,,,,,,,,,,,,,,,98.308,5.23,5.24,5.27,-0.01,0.22,2.6,5.25,,14.15,2153.34,1.67,75.2,88.34,2.58
2006-07-06,,,,,,,,,,,,,,,,,,,,,,,98.138,5.19,5.22,5.23,-0.03,0.19,2.6,5.24,,13.65,2155.09,1.66,75.0,6.41,2.57
2006-07-07,,,,,,,,,,,,,,,,,,,,,,,97.7508,5.14,5.17,5.18,-0.03,0.12,2.59,5.22,,13.97,2130.06,1.66,73.76,7.83,2.55
2006-07-08,,,,,,,,,,,,,,,,,,,,,,,,,,,,,,5.22,,,,,,47.18,
2006-07-09,,,,,,,,,,,,,,,,,,,,,,,,,,,,,,5.22,,,,,,9.29,
2006-07-10,,,,,,,,,,,,,,,,,,,,,,,97.9813,5.13,5.17,5.17,-0.04,0.07,2.57,5.24,,14.02,2116.93,1.66,73.5,12.72,2.53
2006-07-11,,,,,,,,,,,,,,,,,,,,,,,98.2132,5.1,5.17,5.14,-0.07,0.05,2.57,5.25,,13.14,2128.86,1.67,74.05,41.31,2.55
2006-07-12,,,,,,,,,,,,,,,,,,,,,,,98.5202,5.1,5.17,5.14,-0.07,0.04,2.56,5.27,,14.49,2090.24,1.66,74.99,22.42,2.53
2006-07-13,,,,,,,,,,,,,,,,,,,,,,,98.5583,5.08,5.12,5.12,-0.04,0.03,2.57,5.26,,17.79,2054.11,1.66,76.7,55.57,2.56
2006-07-14,,,,,,,,,,,,,,,,,,,,,,,98.6814,5.07,5.08,5.11,-0.01,0.01,2.57,5.26,,18.05,2037.35,1.69,76.8,114.92,2.56
2006-07-15,,,,,,,,,,,,,,,,,,,,,,,,,,,,,,5.26,,,,,,71.2,
2006-07-16,,,,,,,,,,,,,,,,,,,,,,,,,,,,,,5.26,,,,,,99.98,
2006-07-17,,,,,,,,,,,,,,,,,,,,,,,99.0767,5.07,5.12,5.1,-0.05,-0.04,2.58,5.28,,18.64,2037.72,1.68,75.7,121.79,2.57
2006-07-18,,,,,,,,,,,,,,,,,,,,,,,99.1341,5.13,5.19,5.16,-0.06,0.0,2.58,5.22,,17.74,2043.22,1.68,73.87,103.16,2.58
2006-07-19,,,,,,,,,,,,,,,,,,,,,,,98.9262,5.06,5.12,5.1,-0.06,-0.05,2.57,5.23,,15.55,2080.71,1.69,72.79,51.33,2.57
2006-07-20,,,,,,,,,,,,,,,,,,,,,,,98.6014,5.03,5.06,5.08,-0.03,-0.05,2.58,5.24,,16.21,2039.42,1.69,74.0,31.06,2.58
2006-07-21,,,,,,,,,,,,,,,,,,,,,,,98.5221,5.05,5.08,5.1,-0.03,-0.05,2.56,5.23,,17.4,2020.39,1.69,73.52,76.2,2.55
2006-07-22,,,,,,,,,,,,,,,,,,,,,,,,,,,,,,5.23,,,,,,58.23,
2006-07-23,,,,,,,,,,,,,,,,,,,,,,,,,,,,,,5.23,,,,,,17.86,
2006-07-24,,,,,,,,,,,,,,,,,,,,,,,98.7795,5.05,5.1,5.11,-0.05,-0.05,2.56,5.24,,14.98,2061.84,1.69,74.29,23.75,2.57
2006-07-25,,,,,,,,,,,,,,,,,,,,,,,98.9388,5.07,5.11,5.13,-0.04,-0.06,2.59,5.24,,14.85,2073.9,1.68,73.46,10.05,2.61
2006-07-26,,,,,,,,,,,,,,,,,,,,,,,98.742,5.04,5.06,5.1,-0.02,-0.07,2.6,5.24,,14.62,2070.46,1.68,73.82,29.04,2.62
2006-07-27,,,,,,,,,,,,,,,,,,,,,,,98.2283,5.07,5.07,5.11,0.0,-0.03,2.6,5.27,,14.94,2054.47,1.65,74.5,17.87,2.63
2006-07-28,,,,,,,,,,,,,,,,,,,,,,,98.0539,5.0,4.98,5.07,0.02,-0.07,2.59,5.26,,14.33,2094.14,1.67,73.3,45.91,2.64
2006-07-29,,,,,,,,,,,,,,,,,,,,,,,,,,,,,,5.26,,,,,,67.86,
2006-07-30,,,,,,,,,,,,,,,,,,,,,,,,,,,,,,5.26,,,,,,35.24,
2006-07-31,,,,,,,,,,,,,,,,,,,,,,,97.9996,4.99,4.97,5.07,0.02,-0.11,2.58,5.31,,14.95,2091.47,1.68,74.56,94.51,2.62
2006-08-01,6925.3,1372.4,844411.0,203.8,206.8,194.4,5.25,1.668,136693.0,4.7,66.2,11737.0,9342.2,2.5,57.34060433560452,71.15,134.59693721005104,0.118,211.9,1650.0,1722.0,0.1,98.1715,4.99,4.97,5.07,0.02,-0.13,2.59,5.27,,15.05,2061.99,1.69,74.93,48.03,2.63
2006-08-02,,,,,,,,,,,,,,,,,,,,,,,97.9432,4.96,4.97,5.05,-0.01,-0.14,2.6,5.25,,14.34,2078.81,1.69,76.16,35.91,2.62
2006-08-03,,,,,,,,,,,,,,,,,,,,,,,98.0694,4.96,4.98,5.04,-0.02,-0.15,2.61,5.27,,14.46,2092.34,1.68,75.59,5.89,2.63
2006-08-04,,,,,,,,,,,,,,,,,,,,,,,97.6005,4.91,4.91,5.0,0.0,-0.18,2.61,5.25,,14.34,2085.05,1.69,74.78,14.78,2.63
2006-08-05,,,,,,,,,,,,,,,,,,,,,,,,,,,,,,5.25,,,,,,56.47,
2006-08-06,,,,,,,,,,,,,,,,,,,,,,,,,,,,,,5.25,,,,,,17.18,
2006-08-07,,,,,,,,,,,,,,,,,,,,,,,97.5088,4.93,4.96,5.0,-0.03,-0.19,2.64,5.24,,15.23,2072.5,1.67,77.05,80.85,2.67
2006-08-08,,,,,,,,,,,,,,,,,,,,,,,97.6524,4.93,4.91,5.02,0.02,-0.17,2.66,5.26,,15.23,2060.85,1.7,76.29,187.84,2.7
2006-08-09,,,,,,,,,,,,,,,,,,,,,,,97.4402,4.92,4.91,5.05,0.01,-0.15,2.64,5.25,,15.2,2060.28,1.73,76.28,95.44,2.63
2006-08-10,,,,,,,,,,,,,,,,,,,,,,,97.8887,4.93,4.93,5.06,0.0,-0.12,2.63,5.24,,14.46,2071.74,1.73,74.17,42.39,2.64
2006-08-11,,,,,,,,,,,,,,,,,,,,,,,97.7863,4.97,4.96,5.09,0.01,-0.1,2.64,5.24,,14.3,2057.71,1.72,74.38,84.68,2.64
2006-08-12,,,,,,,,,,,,,,,,,,,,,,,,,,,,,,5.24,,,,,,22.59,
2006-08-13,,,,,,,,,,,,,,,,,,,,,,,,,,,,,,5.24,,,,,,44.93,
2006-08-14,,,,,,,,,,,,,,,,,,,,,,,97.9677,5.0,5.01,5.12,-0.01,-0.12,2.64,5.26,,14.26,2069.04,1.69,73.33,181.17,2.64
2006-08-15,,,,,,,,,,,,,,,,,,,,,,,97.8043,4.93,4.94,5.05,-0.01,-0.17,2.61,5.24,,13.42,2115.01,1.7,72.95,155.28,2.61
2006-08-16,,,,,,,,,,,,,,,,,,,,,,,97.3894,4.87,4.87,5.0,0.0,-0.2,2.59,5.17,,12.41,2149.54,1.71,71.64,7.21,2.62
2006-08-17,,,,,,,,,,,,,,,,,,,,,,,97.3486,4.87,4.89,5.0,-0.02,-0.22,2.59,5.2,,12.24,2157.61,1.71,70.12,11.85,2.63
2006-08-18,,,,,,,,,,,,,,,,,,,,,,,97.7577,4.84,4.87,4.97,-0.03,-0.26,2.58,5.25,,11.64,2163.95,1.71,70.93,7.34,2.61
2006-08-19,,,,,,,,,,,,,,,,,,,,,,,,,,,,,,5.25,,,,,,11.21,
2006-08-20,,,,,,,,,,,,,,,,,,,,,,,,,,,,,,5.25,,,,,,34.22,
2006-08-21,,,,,,,,,,,,,,,,,,,,,,,97.3856,4.82,4.85,4.96,-0.03,-0.29,2.59,5.24,,12.22,2147.75,1.72,72.45,12.05,2.63
2006-08-22,,,,,,,,,,,,,,,,,,,,,,,97.6079,4.82,4.87,4.95,-0.05,-0.28,2.6,5.24,,12.19,2150.02,1.71,72.55,9.88,2.64
2006-08-23,,,,,,,,,,,,,,,,,,,,,,,97.5731,4.82,4.87,4.95,-0.05,-0.27,2.57,5.25,,12.4,2134.66,1.72,71.45,13.97,2.62
2006-08-24,,,,,,,,,,,,,,,,,,,,,,,97.7939,4.81,4.88,4.94,-0.07,-0.28,2.53,5.25,,12.4,2137.11,1.72,72.02,59.85,2.57
2006-08-25,,,,,,,,,,,,,,,,,,,,,,,97.8827,4.79,4.86,4.93,-0.07,-0.32,2.55,5.25,,12.31,2140.29,1.74,72.13,7.04,2.6
2006-08-26,,,,,,,,,,,,,,,,,,,,,,,,,,,,,,5.25,,,,,,21.77,
2006-08-27,,,,,,,,,,,,,,,,,,,,,,,,,,,,,,5.25,,,,,,7.97,
2006-08-28,,,,,,,,,,,,,,,,,,,,,,,97.8467,4.8,4.88,4.94,-0.08,-0.3,2.52,5.25,,12.18,2160.7,1.73,70.47,23.84,2.58
2006-08-29,,,,,,,,,,,,,,,,,,,,,,,97.7748,4.79,4.87,4.93,-0.08,-0.28,2.5,5.23,,12.28,2172.3,1.74,69.74,9.84,2.53
2006-08-30,,,,,,,,,,,,,,,,,,,,,,,97.5792,4.76,4.83,4.91,-0.07,-0.29,2.48,5.25,,12.22,2185.73,1.74,70.2,20.94,2.55
2006-08-31,,,,,,,,,,,,,,,,,,,,,,,97.644,4.74,4.79,4.88,-0.05,-0.31,2.5,5.31,,12.31,2183.75,1.73,70.38,11.74,2.56
2006-09-01,6952.6,1364.4,844411.0,202.8,207.2,192.9,5.25,1.628,136829.0,4.5,66.1,11800.1,9375.4,2.4,59.25853752315048,39.14,35.063340463333255,0.118,198.1,1720.0,1655.0,0.1,97.5084,4.73,4.77,4.87,-0.04,-0.29,2.48,5.25,,11.96,2193.16,1.73,69.24,14.1,2.56
2006-09-02,,,,,,,,,,,,,,,,,,,,,,,,,,,,,,5.25,,,,,,30.53,
2006-09-03,,,,,,,,,,,,,,,,,,,,,,,,,,,,,,5.25,,,,,,25.76,
2006-09-04,,,,,,,,,,,,,,,,,,,,,,,97.4981,,,,,,,5.25,,,,,,45.01,
2006-09-05,,,,,,,,,,,,,,,,,,,,,,,97.4392,4.78,4.8,4.93,-0.02,-0.22,2.47,5.26,,12.63,2205.7,1.73,68.7,22.73,2.55
2006-09-06,,,,,,,,,,,,,,,,,,,,,,,97.6087,4.8,4.82,4.95,-0.02,-0.17,2.48,5.21,,13.74,2167.84,1.73,67.75,14.2,2.55
2006-09-07,,,,,,,,,,,,,,,,,,,,,,,97.8108,4.8,4.82,4.94,-0.02,-0.17,2.46,5.23,,13.88,2155.29,1.72,67.37,39.06,2.56
2006-09-08,,,,,,,,,,,,,,,,,,,,,,,98.2119,4.78,4.8,4.92,-0.02,-0.15,2.43,5.23,,13.16,2165.79,1.72,66.3,7.16,2.54
2006-09-09,,,,,,,,,,,,,,,,,,,,,,,,,,,,,,5.23,,,,,,51.07,
2006-09-10,,,,,,,,,,,,,,,,,,,,,,,,,,,,,,5.23,,,,,,41.36,
2006-09-11,,,,,,,,,,,,,,,,,,,,,,,98.3845,4.8,4.83,4.95,-0.03,-0.13,2.42,5.24,,12.99,2173.25,1.72,65.42,11.37,2.53
2006-09-12,,,,,,,,,,,,,,,,,,,,,,,98.2781,4.78,4.82,4.91,-0.04,-0.12,2.42,5.21,,11.92,2215.82,1.7,63.81,10.12,2.54
2006-09-13,,,,,,,,,,,,,,,,,,,,,,,98.1775,4.77,4.8,4.9,-0.03,-0.14,2.42,5.26,,11.18,2227.67,1.7,64.09,20.67,2.53
2006-09-14,,,,,,,,,,,,,,,,,,,,,,,98.0088,4.79,4.83,4.92,-0.04,-0.16,2.44,5.26,,11.55,2228.73,1.7,63.27,16.87,2.53
2006-09-15,,,,,,,,,,,,,,,,,,,,,,,98.2104,4.8,4.87,4.92,-0.07,-0.16,2.42,5.25,,11.76,2235.59,1.69,63.3,28.48,2.53
2006-09-16,,,,,,,,,,,,,,,,,,,,,,,,,,,,,,5.25,,,,,,9.64,
2006-09-17,,,,,,,,,,,,,,,,,,,,,,,,,,,,,,5.25,,,,,,16.07,
2006-09-18,,,,,,,,,,,,,,,,,,,,,,,98.1332,4.81,4.88,4.93,-0.07,-0.13,2.42,5.23,,11.78,2235.75,1.68,63.84,23.28,2.53
2006-09-19,,,,,,,,,,,,,,,,,,,,,,,98.1703,4.74,4.79,4.86,-0.05,-0.2,2.39,5.21,,11.98,2222.37,1.69,61.77,18.69,2.51
2006-09-20,,,,,,,,,,,,,,,,,,,,,,,98.1556,4.73,4.81,4.85,-0.08,-0.2,2.34,5.23,,11.39,2252.89,1.69,60.0,14.73,2.46
2006-09-21,,,,,,,,,,,,,,,,,,,,,,,97.9458,4.65,4.71,4.78,-0.06,-0.27,2.34,5.24,,12.25,2237.75,1.71,61.62,5.34,2.48
2006-09-22,,,,,,,,,,,,,,,,,,,,,,,97.8667,4.6,4.67,4.74,-0.07,-0.33,2.33,5.27,,12.59,2218.93,1.72,59.79,6.88,2.46
2006-09-23,,,,,,,,,,,,,,,,,,,,,,,,,,,,,,5.27,,,,,,9.86,
2006-09-24,,,,,,,,,,,,,,,,,,,,,,,,,,,,,,5.27,,,,,,8.25,
2006-09-25,,,,,,,,,,,,,,,,,,,,,,,97.9909,4.56,4.63,4.7,-0.07,-0.32,2.32,5.3,,12.12,2249.07,1.72,60.74,11.59,2.45
2006-09-26,,,,,,,,,,,,,,,,,,,,,,,98.0555,4.59,4.68,4.71,-0.09,-0.29,2.34,5.25,,11.53,2261.34,1.71,60.63,9.63,2.45
2006-09-27,,,,,,,,,,,,,,,,,,,,,,,98.0107,4.6,4.66,4.73,-0.06,-0.28,2.34,5.3,,11.58,2263.39,1.71,62.96,7.34,2.44
2006-09-28,,,,,,,,,,,,,,,,,,,,,,,98.0381,4.63,4.68,4.76,-0.05,-0.24,2.36,5.28,,11.72,2270.02,1.73,62.46,21.08,2.48
2006-09-29,,,,,,,,,,,,,,,,,,,,,,,98.1054,4.64,4.71,4.77,-0.07,-0.25,2.37,5.34,,11.98,2258.43,1.72,62.9,28.53,2.49
2006-09-30,,,,,,,,,,,,,,,,,,,,,,,,,,,,,,5.34,,,,,,10.12,
2006-10-01,7002.0,1370.3,849621.0,201.9,207.6,191.2,5.25,1.7180000000000002,136846.0,4.4,66.2,11853.7,9393.6,2.4,60.032572066304766,42.94,36.09655980452553,0.112,184.1,1491.0,1570.0,0.18,,,,,,,,5.34,,,,,,8.07,
2006-10-02,,,,,,,,,,,,,,,,,,,,,,,97.9247,4.62,4.66,4.76,-0.04,-0.26,2.35,5.33,,12.57,2237.6,1.73,60.96,22.69,2.45
2006-10-03,,,,,,,,,,,,,,,,,,,,,,,98.1267,4.62,4.67,4.76,-0.05,-0.28,2.33,5.25,,12.24,2243.65,1.72,58.64,68.11,2.45
2006-10-04,,,,,,,,,,,,,,,,,,,,,,,98.3682,4.57,4.6,4.72,-0.03,-0.36,2.3,5.23,,11.86,2290.95,1.74,59.53,26.52,2.43
2006-10-05,,,,,,,,,,,,,,,,,,,,,,,98.2776,4.61,4.65,4.76,-0.04,-0.33,2.3,5.23,,11.98,2306.34,1.74,60.02,5.5,2.43
2006-10-06,,,,,,,,,,,,,,,,,,,,,,,98.5619,4.7,4.74,4.84,-0.04,-0.25,2.33,5.22,,11.56,2299.99,1.73,59.68,6.7,2.48
2006-10-07,,,,,,,,,,,,,,,,,,,,,,,,,,,,,,5.22,,,,,,29.57,
2006-10-08,,,,,,,,,,,,,,,,,,,,,,,,,,,,,,5.22,,,,,,24.96,
2006-10-09,,,,,,,,,,,,,,,,,,,,,,,98.5702,,,,,,,5.22,,11.68,2311.77,,59.93,34.24,
2006-10-10,,,,,,,,,,,,,,,,,,,,,,,98.9125,4.75,4.82,4.88,-0.07,-0.25,2.33,5.28,,11.52,2315.43,1.72,58.5,29.08,2.46
2006-10-11,,,,,,,,,,,,,,,,,,,,,,,98.9146,4.78,4.85,4.91,-0.07,-0.24,2.33,5.25,,11.62,2308.27,1.73,57.56,6.64,2.45
2006-10-12,,,,,,,,,,,,,,,,,,,,,,,98.831,4.79,4.85,4.91,-0.06,-0.27,2.35,5.25,,11.09,2346.18,1.71,58.23,16.14,2.5
2006-10-13,,,,,,,,,,,,,,,,,,,,,,,98.8002,4.81,4.87,4.94,-0.06,-0.24,2.34,5.21,,10.75,2357.29,1.72,58.69,6.89,2.48
2006-10-14,,,,,,,,,,,,,,,,,,,,,,,,,,,,,,5.21,,,,,,9.76,
2006-10-15,,,,,,,,,,,,,,,,,,,,,,,,,,,,,,5.21,,,,,,8.12,
2006-10-16,,,,,,,,,,,,,,,,,,,,,,,98.71,4.79,4.85,4.92,-0.06,-0.3,2.34,5.28,,11.09,2363.84,1.71,59.91,224.98,2.48
2006-10-17,,,,,,,,,,,,,,,,,,,,,,,98.5354,4.78,4.83,4.91,-0.05,-0.31,2.32,5.21,,11.73,2344.95,1.71,58.91,9.39,2.47
2006-10-18,,,,,,,,,,,,,,,,,,,,,,,98.6164,4.77,4.85,4.89,-0.08,-0.32,2.31,5.23,,11.34,2337.15,1.7,57.66,27.25,2.46
2006-10-19,,,,,,,,,,,,,,,,,,,,,,,98.2897,4.79,4.85,4.91,-0.06,-0.31,2.3,5.22,,10.9,2340.94,1.7,58.55,87.01,2.46
2006-10-20,,,,,,,,,,,,,,,,,,,,,,,98.1629,4.79,4.87,4.91,-0.08,-0.3,2.3,5.25,,10.63,2342.3,1.69,57.35,109.68,2.45
2006-10-21,,,,,,,,,,,,,,,,,,,,,,,,,,,,,,5.25,,,,,,156.4,
2006-10-22,,,,,,,,,,,,,,,,,,,,,,,,,,,,,,5.25,,,,,,16.24,
2006-10-23,,,,,,,,,,,,,,,,,,,,,,,98.4483,4.83,4.9,4.95,-0.07,-0.29,2.3,5.24,,11.08,2355.56,1.66,56.74,10.75,2.45
2006-10-24,,,,,,,,,,,,,,,,,,,,,,,98.349,4.83,4.91,4.95,-0.08,-0.3,2.31,5.24,,10.78,2344.84,1.65,57.55,28.55,2.44
2006-10-25,,,,,,,,,,,,,,,,,,,,,,,98.2057,4.78,4.88,4.89,-0.1,-0.34,2.34,5.26,,10.66,2356.59,1.66,59.09,26.36,2.48
2006-10-26,,,,,,,,,,,,,,,,,,,,,,,97.8907,4.73,4.81,4.84,-0.08,-0.39,2.32,5.23,,10.56,2379.1,1.65,60.27,33.35,2.47
2006-10-27,,,,,,,,,,,,,,,,,,,,,,,97.4914,4.68,4.76,4.8,-0.08,-0.43,2.31,5.23,,10.8,2350.62,1.65,60.75,40.84,2.46
2006-10-28,,,,,,,,,,,,,,,,,,,,,,,,,,,,,,5.23,,,,,,57.59,
2006-10-29,,,,,,,,,,,,,,,,,,,,,,,,,,,,,,5.23,,,,,,47.85,
2006-10-30,,,,,,,,,,,,,,,,,,,,,,,97.5672,4.68,4.78,4.78,-0.1,-0.42,2.29,5.27,,11.2,2363.77,1.64,58.41,66.92,2.45
2006-10-31,,,,,,,,,,,,,,,,,,,,,,,97.3901,4.61,4.71,4.72,-0.1,-0.47,2.27,5.31,,11.1,2366.71,1.64,58.72,27.48,2.44
2006-11-01,7037.5,1370.8,858303.0,202.0,207.8,191.0,5.25,1.69,137061.0,4.5,66.3,11901.9,9400.2,2.7,57.19320737769997,50.22,48.19654218698915,0.11,184.1,1570.0,1535.0,0.16,97.4949,4.57,4.66,4.68,-0.09,-0.5,2.28,5.23,,11.51,2334.35,1.64,58.64,19.31,2.45
2006-11-02,,,,,,,,,,,,,,,,,,,,,,,97.6556,4.6,4.67,4.72,-0.07,-0.47,2.28,5.22,,11.42,2334.02,1.64,57.87,10.73,2.45
2006-11-03,,,,,,,,,,,,,,,,,,,,,,,97.7209,4.72,4.82,4.81,-0.1,-0.37,2.32,5.25,,11.16,2330.79,1.59,59.13,6.8,2.46
2006-11-04,,,,,,,,,,,,,,,,,,,,,,,,,,,,,,5.25,,,,,,27.57,
2006-11-05,,,,,,,,,,,,,,,,,,,,,,,,,,,,,,5.25,,,,,,7.46,
2006-11-06,,,,,,,,,,,,,,,,,,,,,,,97.806,4.71,4.82,4.79,-0.11,-0.38,2.35,5.24,,11.16,2365.95,1.59,60.11,22.06,2.49
2006-11-07,,,,,,,,,,,,,,,,,,,,,,,97.4453,4.66,4.77,4.76,-0.11,-0.42,2.34,5.22,,11.09,2375.88,1.6,58.94,36.88,2.49
2006-11-08,,,,,,,,,,,,,,,,,,,,,,,97.58,4.64,4.75,4.73,-0.11,-0.46,2.35,5.22,,10.75,2384.94,1.59,59.93,55.9,2.5
2006-11-09,,,,,,,,,,,,,,,,,,,,,,,97.5041,4.62,4.75,4.73,-0.13,-0.47,2.34,5.23,,11.01,2376.01,1.62,61.18,16.82,2.49
2006-11-10,,,,,,,,,,,,,,,,,,,,,,,97.4638,4.59,4.73,4.69,-0.14,-0.51,2.34,5.23,,10.79,2389.72,1.61,59.66,49.64,2.48
2006-11-11,,,,,,,,,,,,,,,,,,,,,,,,,,,,,,5.23,,,,,,89.59,
2006-11-12,,,,,,,,,,,,,,,,,,,,,,,,,,,,,,5.23,,,,,,24.78,
2006-11-13,,,,,,,,,,,,,,,,,,,,,,,97.7904,4.61,4.76,4.71,-0.15,-0.48,2.32,5.27,,10.86,2406.38,1.6,58.59,11.14,2.46
2006-11-14,,,,,,,,,,,,,,,,,,,,,,,97.7475,4.57,4.74,4.66,-0.17,-0.52,2.29,5.25,,10.5,2430.66,1.61,58.28,9.39,2.42
2006-11-15,,,,,,,,,,,,,,,,,,,,,,,97.8359,4.61,4.8,4.69,-0.19,-0.48,2.31,5.29,,10.31,2442.75,1.61,58.79,7.11,2.45
2006-11-16,,,,,,,,,,,,,,,,,,,,,,,97.8098,4.66,4.85,4.74,-0.19,-0.43,2.28,5.25,,10.16,2449.06,1.59,56.23,33.83,2.42
2006-11-17,,,,,,,,,,,,,,,,,,,,,,,97.9855,4.61,4.76,4.69,-0.15,-0.48,2.28,5.2,,10.05,2445.86,1.6,55.9,27.74,2.44
2006-11-18,,,,,,,,,,,,,,,,,,,,,,,,,,,,,,5.2,,,,,,10.04,
2006-11-19,,,,,,,,,,,,,,,,,,,,,,,,,,,,,,5.2,,,,,,8.09,
2006-11-20,,,,,,,,,,,,,,,,,,,,,,,98.0254,4.6,4.76,4.68,-0.16,-0.48,2.27,5.25,,9.97,2452.72,1.6,56.42,10.9,2.41
2006-11-21,,,,,,,,,,,,,,,,,,,,,,,98.0215,4.58,4.75,4.66,-0.17,-0.49,2.27,5.29,,9.9,2454.84,1.6,58.01,18.4,2.39
2006-11-22,,,,,,,,,,,,,,,,,,,,,,,97.5315,4.57,4.74,4.65,-0.17,-0.48,2.27,5.26,,10.14,2465.98,1.6,57.28,13.96,2.39
2006-11-23,,,,,,,,,,,,,,,,,,,,,,,97.5314,,,,,,,5.26,,,,,,14.46,
2006-11-24,,,,,,,,,,,,,,,,,,,,,,,97.0657,4.55,4.73,4.63,-0.18,-0.49,2.28,5.24,,10.73,2460.26,1.6,,17.27,2.39
2006-11-25,,,,,,,,,,,,,,,,,,,,,,,,,,,,,,5.24,,,,,,22.48,
2006-11-26,,,,,,,,,,,,,,,,,,,,,,,,,,,,,,5.24,,,,,,8.57,
2006-11-27,,,,,,,,,,,,,,,,,,,,,,,96.9986,4.54,4.71,4.62,-0.17,-0.51,2.3,5.32,,12.3,2405.92,1.61,60.3,11.81,2.39
2006-11-28,,,,,,,,,,,,,,,,,,,,,,,96.8428,4.51,4.67,4.59,-0.16,-0.53,2.3,5.24,,11.62,2412.61,1.62,60.97,86.36,2.38
2006-11-29,,,,,,,,,,,,,,,,,,,,,,,96.8577,4.52,4.69,4.61,-0.17,-0.52,2.3,5.26,,10.83,2432.23,1.62,62.45,6.8,2.37
2006-11-30,,,,,,,,,,,,,,,,,,,,,,,96.5779,4.46,4.62,4.56,-0.16,-0.57,2.3,5.31,,10.91,2431.77,1.64,62.97,17.76,2.36
2006-12-01,7080.4,1366.6,862757.0,203.1,208.1,192.3,5.24,1.645,137249.0,4.4,66.4,11958.6,9488.3,2.6,56.85694211700664,38.21,17.616228674882336,0.11,192.7,1649.0,1638.0,0.12,96.4585,4.43,4.52,4.54,-0.09,-0.6,2.33,5.27,,11.66,2413.21,1.65,63.43,21.47,2.39
2006-12-02,,,,,,,,,,,,,,,,,,,,,,,,,,,,,,5.27,,,,,,20.54,
2006-12-03,,,,,,,,,,,,,,,,,,,,,,,,,,,,,,5.27,,,,,,41.15,
2006-12-04,,,,,,,,,,,,,,,,,,,,,,,96.4319,4.43,4.52,4.55,-0.09,-0.58,2.32,5.22,,11.23,2448.39,1.66,62.39,11.03,2.38
2006-12-05,,,,,,,,,,,,,,,,,,,,,,,96.2082,4.45,4.52,4.57,-0.07,-0.54,2.34,5.21,,11.27,2452.38,1.65,62.4,18.3,2.41
2006-12-06,,,,,,,,,,,,,,,,,,,,,,,96.2839,4.48,4.59,4.6,-0.11,-0.51,2.34,5.22,,11.33,2445.86,1.65,62.2,13.56,2.41
2006-12-07,,,,,,,,,,,,,,,,,,,,,,,96.3207,4.49,4.58,4.6,-0.09,-0.49,2.34,5.25,,12.67,2427.69,1.64,62.54,5.64,2.41
2006-12-08,,,,,,,,,,,,,,,,,,,,,,,96.6123,4.56,4.68,4.66,-0.12,-0.41,2.35,5.25,,12.07,2437.36,1.63,62.06,14.47,2.42
2006-12-09,,,,,,,,,,,,,,,,,,,,,,,,,,,,,,5.25,,,,,,10.29,
2006-12-10,,,,,,,,,,,,,,,,,,,,,,,,,,,,,,5.25,,,,,,25.39,
2006-12-11,,,,,,,,,,,,,,,,,,,,,,,96.6646,4.52,4.67,4.63,-0.15,-0.41,2.35,5.25,,10.71,2442.86,1.64,61.26,34.39,2.41
2006-12-12,,,,,,,,,,,,,,,,,,,,,,,96.7119,4.49,4.61,4.6,-0.12,-0.44,2.34,5.23,,10.65,2431.6,1.65,61.06,27.44,2.41
2006-12-13,,,,,,,,,,,,,,,,,,,,,,,96.7296,4.58,4.7,4.69,-0.12,-0.36,2.36,5.23,,10.18,2432.41,1.64,61.34,6.94,2.44
2006-12-14,,,,,,,,,,,,,,,,,,,,,,,96.7946,4.6,4.73,4.72,-0.13,-0.36,2.37,5.29,,9.97,2453.85,1.66,62.48,5.67,2.42
2006-12-15,,,,,,,,,,,,,,,,,,,,,,,96.9857,4.6,4.73,4.72,-0.13,-0.31,2.31,5.27,,10.05,2457.2,1.66,63.4,7.2,2.37
2006-12-16,,,,,,,,,,,,,,,,,,,,,,,,,,,,,,5.27,,,,,,41.76,
2006-12-17,,,,,,,,,,,,,,,,,,,,,,,,,,,,,,5.27,,,,,,8.52,
2006-12-18,,,,,,,,,,,,,,,,,,,,,,,97.1559,4.6,4.71,4.72,-0.11,-0.36,2.29,5.21,,10.6,2435.57,1.65,62.19,11.45,2.36
2006-12-19,,,,,,,,,,,,,,,,,,,,,,,96.9313,4.6,4.71,4.73,-0.11,-0.36,2.29,5.21,,10.3,2429.55,1.67,62.87,9.0,2.35
2006-12-20,,,,,,,,,,,,,,,,,,,,,,,96.7762,4.6,4.71,4.73,-0.11,-0.36,2.28,5.26,,10.26,2427.61,1.67,63.08,7.24,2.34
2006-12-21,,,,,,,,,,,,,,,,,,,,,,,96.9148,4.55,4.66,4.7,-0.11,-0.42,2.26,5.25,,10.53,2415.85,1.68,62.05,6.46,2.33
2006-12-22,,,,,,,,,,,,,,,,,,,,,,,97.1113,4.63,4.71,4.76,-0.08,-0.36,2.28,5.24,,11.36,2401.18,1.67,61.81,7.76,2.35
2006-12-23,,,,,,,,,,,,,,,,,,,,,,,,,,,,,,5.24,,,,,,11.17,
2006-12-24,,,,,,,,,,,,,,,,,,,,,,,,,,,,,,5.24,,,,,,9.32,
2006-12-25,,,,,,,,,,,,,,,,,,,,,,,97.1221,,,,,,,5.24,,,,,,55.77,
2006-12-26,,,,,,,,,,,,,,,,,,,,,,,97.1786,4.61,4.71,4.73,-0.1,-0.38,2.27,5.29,,11.26,2413.51,1.66,61.07,12.23,2.33
2006-12-27,,,,,,,,,,,,,,,,,,,,,,,97.2076,4.66,4.77,4.78,-0.11,-0.31,2.27,5.17,,10.64,2431.22,1.66,60.31,8.16,2.34
2006-12-28,,,,,,,,,,,,,,,,,,,,,,,97.0656,4.7,4.82,4.81,-0.12,-0.3,2.29,5.25,,10.99,2425.57,1.65,60.39,6.45,2.35
2006-12-29,,,,,,,,,,,,,,,,,,,,,,,97.0312,4.71,4.82,4.81,-0.11,-0.31,2.3,5.17,,11.56,2415.29,1.64,60.85,48.22,2.34
2006-12-30,,,,,,,,,,,,,,,,,,,,,,,,,,,,,,5.17,,,,,,70.45,
2006-12-31,,,,,,,,,,,,,,,,,,,,,,,,,,,,,,5.17,,,,,,37.22,
2007-01-01,7118.5,1371.7,861259.0,203.437,208.6,192.469,5.25,1.705,137472.0,4.6,66.4,11956.6,9538.7,2.4,65.53303383711618,56.95,44.72173252930129,0.113,190.281,1409.0,1626.0,0.36,97.0323,,,,,,,5.17,,,,,,47.71,
2007-01-02,,,,,,,,,,,,,,,,,,,,,,,,4.68,4.8,4.79,-0.12,-0.39,2.3,5.3,,,,1.64,60.77,34.77,2.33
2007-01-03,,,,,,,,,,,,,,,,,,,,,,,97.1281,4.67,4.76,4.77,-0.09,-0.38,2.31,5.28,,12.04,2423.16,1.61,58.31,7.53,2.35
2007-01-04,,,,,,,,,,,,,,,,,,,,,,,97.5251,4.62,4.71,4.72,-0.09,-0.42,2.26,5.24,,11.51,2453.43,1.62,55.65,6.21,2.3
2007-01-05,,,,,,,,,,,,,,,,,,,,,,,97.7801,4.65,4.76,4.74,-0.11,-0.4,2.27,5.21,,12.14,2434.25,1.6,56.29,7.38,2.3
2007-01-06,,,,,,,,,,,,,,,,,,,,,,,,,,,,,,5.21,,,,,,31.78,
2007-01-07,,,,,,,,,,,,,,,,,,,,,,,,,,,,,,5.21,,,,,,17.57,
2007-01-08,,,,,,,,,,,,,,,,,,,,,,,97.788,4.66,4.78,4.74,-0.12,-0.42,2.28,5.23,,12.0,2438.2,1.59,56.08,74.93,2.32
2007-01-09,,,,,,,,,,,,,,,,,,,,,,,97.9642,4.66,4.79,4.74,-0.13,-0.42,2.27,5.25,,11.91,2443.83,1.59,55.65,61.18,2.32
2007-01-10,,,,,,,,,,,,,,,,,,,,,,,98.0943,4.69,4.81,4.77,-0.12,-0.4,2.27,5.26,,11.47,2459.33,1.59,53.95,6.73,2.32
2007-01-11,,,,,,,,,,,,,,,,,,,,,,,98.0845,4.74,4.86,4.82,-0.12,-0.37,2.31,5.27,,10.87,2484.85,1.59,51.91,5.65,2.39
2007-01-12,,,,,,,,,,,,,,,,,,,,,,,97.921,4.77,4.88,4.86,-0.11,-0.32,2.28,5.22,,10.15,2502.82,1.59,52.96,7.01,2.33
2007-01-13,,,,,,,,,,,,,,,,,,,,,,,,,,,,,,5.22,,,,,,10.15,
2007-01-14,,,,,,,,,,,,,,,,,,,,,,,,,,,,,,5.22,,,,,,8.34,
2007-01-15,,,,,,,,,,,,,,,,,,,,,,,97.9201,,,,,,,5.22,,,,,,11.04,
2007-01-16,,,,,,,,,,,,,,,,,,,,,,,97.9816,4.75,4.86,4.85,-0.11,-0.36,2.27,5.28,,10.74,2497.78,1.59,51.23,9.58,2.32
2007-01-17,,,,,,,,,,,,,,,,,,,,,,,97.7509,4.79,4.91,4.88,-0.12,-0.33,2.29,5.25,,10.59,2479.42,1.58,52.3,6.54,2.34
2007-01-18,,,,,,,,,,,,,,,,,,,,,,,97.8286,4.75,4.89,4.85,-0.14,-0.37,2.28,5.23,,10.85,2443.21,1.58,50.51,5.6,2.33
2007-01-19,,,,,,,,,,,,,,,,,,,,,,,97.6868,4.78,4.93,4.87,-0.15,-0.36,2.31,5.25,,10.4,2451.31,1.57,51.98,6.81,2.37
2007-01-20,,,,,,,,,,,,,,,,,,,,,,,,,,,,,,5.25,,,,,,10.1,
2007-01-21,,,,,,,,,,,,,,,,,,,,,,,,,,,,,,5.25,,,,,,8.07,
2007-01-22,,,,,,,,,,,,,,,,,,,,,,,97.827,4.76,4.91,4.84,-0.15,-0.37,2.32,5.24,,10.77,2431.07,1.57,51.11,11.1,2.35
2007-01-23,,,,,,,,,,,,,,,,,,,,,,,97.8117,4.81,4.94,4.9,-0.13,-0.33,2.35,5.26,,10.34,2431.41,1.57,53.61,9.08,2.39
2007-01-24,,,,,,,,,,,,,,,,,,,,,,,97.908,4.81,4.93,4.91,-0.12,-0.32,2.37,5.27,,9.89,2466.28,1.57,54.24,6.69,2.4
2007-01-25,,,,,,,,,,,,,,,,,,,,,,,97.8396,4.87,4.98,4.96,-0.11,-0.27,2.39,5.31,,11.22,2434.24,1.56,53.49,5.62,2.45
2007-01-26,,,,,,,,,,,,,,,,,,,,,,,98.1491,4.88,4.99,4.98,-0.11,-0.25,2.4,5.26,,11.13,2435.49,1.56,55.38,6.99,2.44
2007-01-27,,,,,,,,,,,,,,,,,,,,,,,,,,,,,,5.26,,,,,,10.22,
2007-01-28,,,,,,,,,,,,,,,,,,,,,,,,,,,,,,5.26,,,,,,8.17,
2007-01-29,,,,,,,,,,,,,,,,,,,,,,,98.2066,4.9,4.99,4.99,-0.09,-0.24,2.4,5.26,,11.45,2441.09,1.55,54.01,11.21,2.43
2007-01-30,,,,,,,,,,,,,,,,,,,,,,,98.1515,4.88,4.98,4.98,-0.1,-0.25,2.42,5.23,,10.96,2448.64,1.56,57.03,54.35,2.45
2007-01-31,,,,,,,,,,,,,,,,,,,,,,,97.964,4.83,4.94,4.93,-0.11,-0.29,2.43,5.33,,10.42,2463.93,1.57,58.17,6.58,2.44
2007-02-01,7134.6,1363.0,867225.0,204.226,209.135,193.242,5.26,1.64,137558.0,4.5,66.3,11996.0,9566.0,2.8,54.63711323747808,58.38,27.48456457636981,0.113,192.31,1480.0,1598.0,0.1,97.7101,4.84,4.96,4.93,-0.12,-0.29,2.42,5.29,,10.31,2468.38,1.56,57.35,5.47,2.43
2007-02-02,,,,,,,,,,,,,,,,,,,,,,,97.9743,4.83,4.94,4.93,-0.11,-0.31,2.41,5.24,,10.08,2475.88,1.56,59.01,13.71,2.4
2007-02-03,,,,,,,,,,,,,,,,,,,,,,,,,,,,,,5.24,,,,,,9.71,
2007-02-04,,,,,,,,,,,,,,,,,,,,,,,,,,,,,,5.24,,,,,,23.76,
2007-02-05,,,,,,,,,,,,,,,,,,,,,,,97.87,4.81,4.92,4.91,-0.11,-0.34,2.4,5.25,,10.55,2470.6,1.56,58.69,32.31,2.4
2007-02-06,,,,,,,,,,,,,,,,,,,,,,,97.7357,4.77,4.9,4.87,-0.13,-0.37,2.37,5.24,,10.65,2471.49,1.55,58.91,17.63,2.36
2007-02-07,,,,,,,,,,,,,,,,,,,,,,,97.7239,4.74,4.87,4.86,-0.13,-0.41,2.34,5.23,,10.32,2490.5,1.56,57.75,6.26,2.32
2007-02-08,,,,,,,,,,,,,,,,,,,,,,,97.8169,4.73,4.87,4.81,-0.14,-0.43,2.34,5.25,,10.44,2488.67,1.55,59.76,5.24,2.32
2007-02-09,,,,,,,,,,,,,,,,,,,,,,,97.7076,4.79,4.92,4.87,-0.13,-0.36,2.36,5.25,,11.1,2459.82,1.54,59.86,14.06,2.35
2007-02-10,,,,,,,,,,,,,,,,,,,,,,,,,,,,,,5.25,,,,,,30.19,
2007-02-11,,,,,,,,,,,,,,,,,,,,,,,,,,,,,,5.25,,,,,,23.62,
2007-02-12,,,,,,,,,,,,,,,,,,,,,,,97.9409,4.8,4.94,4.88,-0.14,-0.38,2.34,5.28,,11.61,2450.38,1.54,57.76,32.3,2.34
2007-02-13,,,,,,,,,,,,,,,,,,,,,,,97.7063,4.82,4.95,4.9,-0.13,-0.35,2.36,5.26,,10.34,2459.88,1.54,58.98,27.03,2.36
2007-02-14,,,,,,,,,,,,,,,,,,,,,,,97.2779,4.74,4.87,4.83,-0.13,-0.42,2.36,5.27,,10.23,2488.38,1.55,58.0,13.21,2.38
2007-02-15,,,,,,,,,,,,,,,,,,,,,,,97.1588,4.7,4.83,4.81,-0.13,-0.47,2.32,5.29,,10.22,2497.1,1.56,57.92,5.55,2.34
2007-02-16,,,,,,,,,,,,,,,,,,,,,,,97.164,4.69,4.83,4.79,-0.14,-0.48,2.33,5.24,,10.02,2496.31,1.55,59.38,6.84,2.34
2007-02-17,,,,,,,,,,,,,,,,,,,,,,,,,,,,,,5.24,,,,,,9.79,
2007-02-18,,,,,,,,,,,,,,,,,,,,,,,,,,,,,,5.24,,,,,,7.95,
2007-02-19,,,,,,,,,,,,,,,,,,,,,,,97.1545,,,,,,,5.24,,,,,,10.77,
2007-02-20,,,,,,,,,,,,,,,,,,,,,,,97.321,4.68,4.81,4.78,-0.13,-0.51,2.32,5.27,,10.24,2513.04,1.55,58.32,9.14,2.32
2007-02-21,,,,,,,,,,,,,,,,,,,,,,,97.27,4.69,4.82,4.79,-0.13,-0.49,2.36,5.23,,10.2,2518.42,1.54,59.4,6.64,2.38
2007-02-22,,,,,,,,,,,,,,,,,,,,,,,97.266,4.73,4.87,4.83,-0.14,-0.46,2.38,5.26,,10.18,2524.94,1.54,60.28,10.99,2.37
2007-02-23,,,,,,,,,,,,,,,,,,,,,,,97.1756,4.68,4.82,4.79,-0.14,-0.5,2.38,5.24,,10.58,2515.1,1.53,60.28,13.65,2.35
2007-02-24,,,,,,,,,,,,,,,,,,,,,,,,,,,,,,5.24,,,,,,29.35,
2007-02-25,,,,,,,,,,,,,,,,,,,,,,,,,,,,,,5.24,,,,,,7.69,
2007-02-26,,,,,,,,,,,,,,,,,,,,,,,97.2281,4.63,4.77,4.73,-0.14,-0.56,2.37,5.3,,11.15,2504.52,1.54,61.41,21.14,2.33
2007-02-27,,,,,,,,,,,,,,,,,,,,,,,97.0883,4.5,4.59,4.62,-0.09,-0.64,2.36,5.27,,18.31,2407.86,1.59,61.46,176.59,2.33
2007-02-28,,,,,,,,,,,,,,,,,,,,,,,97.2386,4.56,4.65,4.68,-0.09,-0.6,2.36,5.41,,15.42,2416.15,1.6,61.78,56.97,2.32
2007-03-01,7168.5,1366.5,868371.0,205.288,209.418,194.566,5.26,1.629,137782.0,4.4,66.2,12035.1,9611.7,3.0,63.98963150381369,54.72,59.73266381745509,0.113,200.206,1495.0,1596.0,0.14,97.3358,4.56,4.63,4.68,-0.07,-0.59,2.37,5.31,,15.82,2404.21,1.62,61.97,48.16,2.35
2007-03-02,,,,,,,,,,,,,,,,,,,,,,,97.3691,4.52,4.56,4.65,-0.04,-0.6,2.37,5.23,,18.61,2368.0,1.64,61.58,13.51,2.34
2007-03-03,,,,,,,,,,,,,,,,,,,,,,,,,,,,,,5.23,,,,,,47.17,
2007-03-04,,,,,,,,,,,,,,,,,,,,,,,,,,,,,,5.23,,,,,,38.37,
2007-03-05,,,,,,,,,,,,,,,,,,,,,,,97.6716,4.51,4.53,4.64,-0.02,-0.59,2.34,5.27,,19.63,2340.68,1.68,60.05,42.95,2.29
2007-03-06,,,,,,,,,,,,,,,,,,,,,,,97.5123,4.53,4.58,4.66,-0.05,-0.61,2.34,5.22,,15.96,2385.14,1.66,60.66,85.67,2.28
2007-03-07,,,,,,,,,,,,,,,,,,,,,,,97.4558,4.5,4.54,4.64,-0.04,-0.62,2.34,5.24,,15.24,2374.64,1.66,61.85,78.43,2.28
2007-03-08,,,,,,,,,,,,,,,,,,,,,,,97.5731,4.51,4.56,4.65,-0.05,-0.59,2.34,5.24,,14.29,2387.73,1.67,61.63,32.63,2.29
2007-03-09,,,,,,,,,,,,,,,,,,,,,,,97.4559,4.59,4.66,4.72,-0.07,-0.51,2.34,5.24,,14.09,2387.55,1.65,60.06,20.53,2.26
2007-03-10,,,,,,,,,,,,,,,,,,,,,,,,,,,,,,5.24,,,,,,39.53,
2007-03-11,,,,,,,,,,,,,,,,,,,,,,,,,,,,,,5.24,,,,,,8.22,
2007-03-12,,,,,,,,,,,,,,,,,,,,,,,97.3013,4.56,4.62,4.69,-0.06,-0.53,2.34,5.25,,13.99,2402.29,1.65,58.94,21.35,2.28
2007-03-13,,,,,,,,,,,,,,,,,,,,,,,97.2203,4.5,4.52,4.66,-0.02,-0.59,2.35,5.25,,18.13,2350.57,1.7,58.03,8.81,2.3
2007-03-14,,,,,,,,,,,,,,,,,,,,,,,97.2759,4.53,4.54,4.69,-0.01,-0.53,2.35,5.27,,17.27,2371.74,1.72,58.15,19.07,2.29
2007-03-15,,,,,,,,,,,,,,,,,,,,,,,97.2476,4.54,4.57,4.69,-0.03,-0.51,2.37,5.29,,16.43,2378.7,1.7,57.52,15.97,2.32
2007-03-16,,,,,,,,,,,,,,,,,,,,,,,97.0407,4.55,4.58,4.7,-0.03,-0.49,2.39,5.25,,16.79,2372.66,1.7,57.06,13.79,2.34
2007-03-17,,,,,,,,,,,,,,,,,,,,,,,,,,,,,,5.25,,,,,,9.87,
2007-03-18,,,,,,,,,,,,,,,,,,,,,,,,,,,,,,5.25,,,,,,8.05,
2007-03-19,,,,,,,,,,,,,,,,,,,,,,,97.1062,4.58,4.61,4.72,-0.03,-0.48,2.4,5.26,,14.59,2394.41,1.7,56.65,21.23,2.34
2007-03-20,,,,,,,,,,,,,,,,,,,,,,,96.7985,4.56,4.6,4.71,-0.04,-0.5,2.39,5.26,,13.27,2408.21,1.71,56.41,35.38,2.33
2007-03-21,,,,,,,,,,,,,,,,,,,,,,,96.6195,4.53,4.51,4.7,0.02,-0.52,2.39,5.26,,12.19,2455.92,1.73,56.98,25.88,2.34
2007-03-22,,,,,,,,,,,,,,,,,,,,,,,96.3893,4.6,4.58,4.78,0.02,-0.46,2.43,5.27,,12.93,2451.74,1.75,60.21,27.06,2.39
2007-03-23,,,,,,,,,,,,,,,,,,,,,,,96.5662,4.62,4.6,4.8,0.02,-0.46,2.43,5.24,,12.95,2448.93,1.75,61.07,34.21,2.37
2007-03-24,,,,,,,,,,,,,,,,,,,,,,,,,,,,,,5.24,,,,,,10.07,
2007-03-25,,,,,,,,,,,,,,,,,,,,,,,,,,,,,,5.24,,,,,,7.85,
2007-03-26,,,,,,,,,,,,,,,,,,,,,,,96.5493,4.6,4.56,4.79,0.04,-0.46,2.44,5.28,,13.16,2455.63,1.75,61.77,77.61,2.4
2007-03-27,,,,,,,,,,,,,,,,,,,,,,,96.4558,4.62,4.58,4.81,0.04,-0.46,2.46,5.25,,13.48,2437.43,1.76,62.98,330.97,2.41
2007-03-28,,,,,,,,,,,,,,,,,,,,,,,96.4894,4.62,4.53,4.83,0.09,-0.44,2.45,5.27,,14.98,2417.1,1.78,64.11,76.02,2.38
2007-03-29,,,,,,,,,,,,,,,,,,,,,,,96.5067,4.64,4.58,4.83,0.06,-0.41,2.46,5.29,,15.14,2417.88,1.74,66.1,21.34,2.39
2007-03-30,,,,,,,,,,,,,,,,,,,,,,,96.3183,4.65,4.58,4.84,0.07,-0.39,2.44,5.3,,14.64,2421.64,1.75,65.94,20.46,2.37
2007-03-31,,,,,,,,,,,,,,,,,,,,,,,,,,,,,,5.3,,,,,,31.13,
2007-04-01,7241.0,1378.0,867195.0,205.904,209.747,195.195,5.25,1.653,137845.0,4.5,65.9,12052.8,9643.6,3.0,60.51715177096302,44.37,31.232594761195553,0.113,203.307,1490.0,1470.0,0.18,,,,,,,,5.3,,,,,,23.08,
2007-04-02,,,,,,,,,,,,,,,,,,,,,,,96.3175,4.65,4.6,4.84,0.05,-0.39,2.44,5.25,,14.53,2422.26,1.74,66.03,51.64,2.38
2007-04-03,,,,,,,,,,,,,,,,,,,,,,,96.3774,4.67,4.63,4.85,0.04,-0.38,2.42,5.2,,13.46,2450.33,1.73,64.59,16.45,2.37
2007-04-04,,,,,,,,,,,,,,,,,,,,,,,96.3646,4.66,4.61,4.85,0.05,-0.41,2.43,5.21,,13.24,2458.69,1.74,64.4,12.72,2.37
2007-04-05,,,,,,,,,,,,,,,,,,,,,,,96.1188,4.68,4.63,4.87,0.05,-0.36,2.46,5.3,,13.23,2471.34,1.74,64.26,5.19,2.41
2007-04-06,,,,,,,,,,,,,,,,,,,,,,,96.2526,4.76,4.75,4.92,0.01,-0.29,2.49,5.3,,,,1.71,,7.25,2.43
2007-04-07,,,,,,,,,,,,,,,,,,,,,,,,,,,,,,5.3,,,,,,55.92,
2007-04-08,,,,,,,,,,,,,,,,,,,,,,,,,,,,,,5.3,,,,,,42.26,
2007-04-09,,,,,,,,,,,,,,,,,,,,,,,96.293,4.75,4.73,4.92,0.02,-0.27,2.48,5.28,,13.14,2469.18,1.72,61.51,11.35,2.44
2007-04-10,,,,,,,,,,,,,,,,,,,,,,,96.1179,4.73,4.71,4.91,0.02,-0.3,2.46,5.26,,12.68,2477.61,1.72,61.92,9.06,2.41
2007-04-11,,,,,,,,,,,,,,,,,,,,,,,96.0293,4.74,4.73,4.92,0.01,-0.3,2.46,5.24,,13.49,2459.31,1.71,61.98,6.45,2.4
2007-04-12,,,,,,,,,,,,,,,,,,,,,,,95.7999,4.74,4.73,4.91,0.01,-0.29,2.46,5.27,,12.71,2480.32,1.71,63.87,26.36,2.4
2007-04-13,,,,,,,,,,,,,,,,,,,,,,,95.711,4.76,4.76,4.93,0.0,-0.26,2.45,5.25,,12.2,2491.94,1.7,63.63,13.91,2.4
2007-04-14,,,,,,,,,,,,,,,,,,,,,,,,,,,,,,5.25,,,,,,10.01,
2007-04-15,,,,,,,,,,,,,,,,,,,,,,,,,,,,,,5.25,,,,,,7.92,
2007-04-16,,,,,,,,,,,,,,,,,,,,,,,95.5538,4.74,4.74,4.89,0.0,-0.27,2.44,5.29,,11.98,2518.33,1.68,63.63,11.04,2.39
2007-04-17,,,,,,,,,,,,,,,,,,,,,,,95.3832,4.69,4.68,4.85,0.01,-0.32,2.4,5.2,,12.14,2516.95,1.68,63.14,17.82,2.36
2007-04-18,,,,,,,,,,,,,,,,,,,,,,,95.3109,4.66,4.64,4.81,0.02,-0.34,2.4,5.19,,12.42,2510.5,1.67,63.14,6.47,2.39
2007-04-19,,,,,,,,,,,,,,,,,,,,,,,95.2712,4.68,4.64,4.84,0.04,-0.31,2.41,5.23,,12.54,2505.35,1.67,61.81,10.26,2.38
2007-04-20,,,,,,,,,,,,,,,,,,,,,,,95.1692,4.68,4.64,4.85,0.04,-0.31,2.41,5.25,,12.07,2526.39,1.68,63.56,6.91,2.38
2007-04-21,,,,,,,,,,,,,,,,,,,,,,,,,,,,,,5.25,,,,,,20.25,
2007-04-22,,,,,,,,,,,,,,,,,,,,,,,,,,,,,,5.25,,,,,,15.19,
2007-04-23,,,,,,,,,,,,,,,,,,,,,,,95.1833,4.66,4.62,4.83,0.04,-0.32,2.41,5.23,,13.04,2523.67,1.68,65.33,10.67,2.36
2007-04-24,,,,,,,,,,,,,,,,,,,,,,,95.1608,4.63,4.58,4.8,0.05,-0.35,2.42,5.2,,13.12,2524.54,1.68,64.1,8.59,2.42
2007-04-25,,,,,,,,,,,,,,,,,,,,,,,94.8497,4.66,4.63,4.83,0.03,-0.31,2.44,5.19,,13.21,2547.89,1.68,65.33,121.95,2.43
2007-04-26,,,,,,,,,,,,,,,,,,,,,,,95.1653,4.69,4.67,4.87,0.02,-0.27,2.43,5.24,,12.79,2554.46,1.69,65.08,101.45,2.4
2007-04-27,,,,,,,,,,,,,,,,,,,,,,,95.0103,4.71,4.67,4.89,0.04,-0.24,2.46,5.24,,12.45,2557.21,1.68,66.45,26.79,2.45
2007-04-28,,,,,,,,,,,,,,,,,,,,,,,,,,,,,,5.24,,,,,,29.9,
2007-04-29,,,,,,,,,,,,,,,,,,,,,,,,,,,,,,5.24,,,,,,8.1,
2007-04-30,,,,,,,,,,,,,,,,,,,,,,,94.8365,4.63,4.6,4.81,0.03,-0.28,2.43,5.29,,14.22,2525.09,1.68,65.78,32.43,2.41
2007-05-01,7254.9,1380.9,875321.0,206.755,210.058,196.197,5.25,1.733,137993.0,4.4,66.0,12059.9,9685.8,2.8,56.70471613460421,55.79,36.276646296704534,0.115,208.635,1415.0,1493.0,0.24,95.0037,4.64,4.63,4.81,0.01,-0.26,2.45,5.26,,13.51,2531.53,1.67,64.43,33.52,2.43
2007-05-02,,,,,,,,,,,,,,,,,,,,,,,95.0352,4.65,4.65,4.82,0.0,-0.26,2.43,5.21,,13.08,2557.84,1.66,63.78,24.78,2.39
2007-05-03,,,,,,,,,,,,,,,,,,,,,,,95.0167,4.68,4.71,4.84,-0.03,-0.22,2.43,5.24,,13.09,2565.46,1.64,63.23,15.45,2.41
2007-05-04,,,,,,,,,,,,,,,,,,,,,,,94.9118,4.65,4.68,4.8,-0.03,-0.25,2.41,5.24,,12.91,2572.15,1.64,61.89,6.73,2.4
2007-05-05,,,,,,,,,,,,,,,,,,,,,,,,,,,,,,5.24,,,,,,19.48,
2007-05-06,,,,,,,,,,,,,,,,,,,,,,,,,,,,,,5.24,,,,,,16.11,
2007-05-07,,,,,,,,,,,,,,,,,,,,,,,94.6914,4.64,4.68,4.79,-0.04,-0.25,2.37,5.24,,13.15,2570.95,1.64,61.48,11.18,2.37
2007-05-08,,,,,,,,,,,,,,,,,,,,,,,94.8648,4.63,4.68,4.8,-0.05,-0.27,2.36,5.21,,13.21,2571.75,1.66,62.26,8.63,2.34
2007-05-09,,,,,,,,,,,,,,,,,,,,,,,94.7933,4.67,4.73,4.83,-0.06,-0.21,2.38,5.21,,12.88,2576.34,1.65,61.54,6.25,2.38
2007-05-10,,,,,,,,,,,,,,,,,,,,,,,94.9506,4.65,4.7,4.83,-0.05,-0.22,2.38,5.25,,13.6,2533.74,1.66,61.85,5.08,2.35
2007-05-11,,,,,,,,,,,,,,,,,,,,,,,95.0035,4.67,4.71,4.85,-0.04,-0.2,2.37,5.27,,12.95,2562.22,1.66,62.35,13.74,2.36
2007-05-12,,,,,,,,,,,,,,,,,,,,,,,,,,,,,,5.27,,,,,,30.26,
2007-05-13,,,,,,,,,,,,,,,,,,,,,,,,,,,,,,5.27,,,,,,15.94,
2007-05-14,,,,,,,,,,,,,,,,,,,,,,,94.8267,4.69,4.73,4.86,-0.04,-0.16,2.37,5.26,,13.96,2546.44,1.65,62.55,10.88,2.33
2007-05-15,,,,,,,,,,,,,,,,,,,,,,,94.5574,4.71,4.75,4.88,-0.04,-0.12,2.34,5.29,,14.01,2525.29,1.65,63.16,98.82,2.33
2007-05-16,,,,,,,,,,,,,,,,,,,,,,,94.8143,4.71,4.73,4.88,-0.02,-0.04,2.33,5.25,,13.5,2547.42,1.64,62.57,69.72,2.32
2007-05-17,,,,,,,,,,,,,,,,,,,,,,,94.8339,4.76,4.78,4.91,-0.02,-0.05,2.35,5.25,,13.51,2539.38,1.64,64.83,112.82,2.34
2007-05-18,,,,,,,,,,,,,,,,,,,,,,,94.6573,4.81,4.82,4.96,-0.01,-0.03,2.35,5.24,,12.76,2558.45,1.63,64.93,13.52,2.33
2007-05-19,,,,,,,,,,,,,,,,,,,,,,,,,,,,,,5.24,,,,,,18.85,
2007-05-20,,,,,,,,,,,,,,,,,,,,,,,,,,,,,,5.24,,,,,,8.26,
2007-05-21,,,,,,,,,,,,,,,,,,,,,,,94.7026,4.79,4.81,4.94,-0.02,-0.09,2.36,5.24,,13.3,2578.79,1.63,66.25,11.25,2.37
2007-05-22,,,,,,,,,,,,,,,,,,,,,,,94.5753,4.83,4.83,4.98,0.0,-0.1,2.35,5.23,,13.06,2588.02,1.63,64.91,18.08,2.36
2007-05-23,,,,,,,,,,,,,,,,,,,,,,,94.4557,4.86,4.85,5.01,0.01,-0.05,2.36,5.25,,13.24,2577.05,1.63,65.1,13.32,2.37
2007-05-24,,,,,,,,,,,,,,,,,,,,,,,94.7025,4.86,4.85,5.0,0.01,-0.05,2.38,5.24,,14.08,2537.92,1.63,63.62,5.3,2.4
2007-05-25,,,,,,,,,,,,,,,,,,,,,,,94.5022,4.86,4.85,5.01,0.01,-0.02,2.37,5.29,,13.34,2557.19,1.62,64.59,97.1,2.37
2007-05-26,,,,,,,,,,,,,,,,,,,,,,,,,,,,,,5.29,,,,,,147.21,
2007-05-27,,,,,,,,,,,,,,,,,,,,,,,,,,,,,,5.29,,,,,,118.98,
2007-05-28,,,,,,,,,,,,,,,,,,,,,,,94.4959,,,,,,,5.29,,,,,,14.47,
2007-05-29,,,,,,,,,,,,,,,,,,,,,,,94.3533,4.88,4.88,5.01,0.0,-0.02,2.34,5.29,,13.53,2572.06,1.62,63.19,10.31,2.36
2007-05-30,,,,,,,,,,,,,,,,,,,,,,,94.549,4.88,4.89,5.01,-0.01,0.03,2.36,5.25,,12.83,2592.59,1.61,63.47,13.33,2.39
2007-05-31,,,,,,,,,,,,,,,,,,,,,,,94.3215,4.9,4.92,5.01,-0.02,0.17,2.36,5.28,,13.05,2604.52,1.6,64.02,5.52,2.39
2007-06-01,7288.1,1368.2,867222.0,207.234,210.392,196.592,5.25,1.903,138069.0,4.6,66.0,12053.3,9706.8,2.7,56.92212328942775,50.8,42.459964735377845,0.122,209.799,1448.0,1407.0,0.44,94.132,4.95,4.97,5.06,-0.02,0.16,2.38,5.23,,12.78,2613.92,1.6,65.09,6.94,2.42
2007-06-02,,,,,,,,,,,,,,,,,,,,,,,,,,,,,,5.23,,,,,,10.33,
2007-06-03,,,,,,,,,,,,,,,,,,,,,,,,,,,,,,5.23,,,,,,8.32,
2007-06-04,,,,,,,,,,,,,,,,,,,,,,,93.9969,4.93,4.97,5.02,-0.04,0.12,2.38,5.24,,13.29,2618.29,1.58,66.17,22.95,2.4
2007-06-05,,,,,,,,,,,,,,,,,,,,,,,93.9986,4.98,4.99,5.07,-0.01,0.15,2.38,5.19,,13.63,2611.23,1.57,65.63,18.06,2.41
2007-06-06,,,,,,,,,,,,,,,,,,,,,,,94.1217,4.97,4.97,5.08,0.0,0.17,2.39,5.25,,14.87,2587.18,1.6,65.97,13.43,2.41
2007-06-07,,,,,,,,,,,,,,,,,,,,,,,94.3537,5.11,5.03,5.2,0.08,0.31,2.41,5.25,,17.06,2541.38,1.6,66.93,16.17,2.44
2007-06-08,,,,,,,,,,,,,,,,,,,,,,,94.7599,5.12,5.01,5.22,0.11,0.35,2.43,5.26,,14.84,2573.54,1.62,64.78,21.48,2.48
2007-06-09,,,,,,,,,,,,,,,,,,,,,,,,,,,,,,5.26,,,,,,21.47,
2007-06-10,,,,,,,,,,,,,,,,,,,,,,,,,,,,,,5.26,,,,,,17.23,
2007-06-11,,,,,,,,,,,,,,,,,,,,,,,94.6576,5.14,5.01,5.24,0.13,0.41,2.42,5.27,,14.71,2572.15,1.61,65.93,11.62,2.46
2007-06-12,,,,,,,,,,,,,,,,,,,,,,,94.6991,5.26,5.08,5.35,0.18,0.54,2.43,5.26,,16.67,2549.77,1.6,65.36,18.94,2.47
2007-06-13,,,,,,,,,,,,,,,,,,,,,,,94.9011,5.2,5.08,5.28,0.12,0.54,2.45,5.26,,14.73,2582.31,1.58,66.17,13.47,2.51
2007-06-14,,,,,,,,,,,,,,,,,,,,,,,94.9029,5.23,5.1,5.3,0.13,0.58,2.46,5.28,,13.64,2599.41,1.57,67.62,10.87,2.5
2007-06-15,,,,,,,,,,,,,,,,,,,,,,,94.6228,5.16,5.05,5.26,0.11,0.6,2.43,5.26,,13.94,2626.71,1.6,68.04,14.33,2.44
2007-06-16,,,,,,,,,,,,,,,,,,,,,,,,,,,,,,5.26,,,,,,53.86,
2007-06-17,,,,,,,,,,,,,,,,,,,,,,,,,,,,,,5.26,,,,,,33.74,
2007-06-18,,,,,,,,,,,,,,,,,,,,,,,94.5475,5.15,5.01,5.26,0.14,0.52,2.42,5.23,,13.42,2626.6,1.6,69.06,23.47,2.45
2007-06-19,,,,,,,,,,,,,,,,,,,,,,,94.3227,5.09,4.94,5.2,0.15,0.44,2.42,5.21,,12.85,2626.76,1.6,69.15,9.34,2.46
2007-06-20,,,,,,,,,,,,,,,,,,,,,,,94.3618,5.14,4.97,5.24,0.17,0.4,2.41,5.27,,14.67,2599.96,1.57,68.5,19.95,2.45
2007-06-21,,,,,,,,,,,,,,,,,,,,,,,94.6073,5.16,4.98,5.28,0.18,0.46,2.42,5.26,,14.21,2616.96,1.6,68.35,10.87,2.47
2007-06-22,,,,,,,,,,,,,,,,,,,,,,,94.4371,5.14,4.92,5.25,0.22,0.41,2.44,5.24,,15.75,2588.96,1.6,68.85,7.31,2.49
2007-06-23,,,,,,,,,,,,,,,,,,,,,,,,,,,,,,5.24,,,,,,76.24,
2007-06-24,,,,,,,,,,,,,,,,,,,,,,,,,,,,,,5.24,,,,,,8.6,
2007-06-25,,,,,,,,,,,,,,,,,,,,,,,94.5105,5.09,4.87,5.2,0.22,0.27,2.42,5.29,,16.65,2577.08,1.59,68.83,67.6,2.47
2007-06-26,,,,,,,,,,,,,,,,,,,,,,,94.4678,5.1,4.9,5.22,0.2,0.28,2.4,5.25,,18.89,2574.16,1.61,67.78,46.85,2.45
2007-06-27,,,,,,,,,,,,,,,,,,,,,,,94.5633,5.09,4.91,5.2,0.18,0.32,2.39,5.26,,15.53,2605.35,1.59,68.98,13.23,2.45
2007-06-28,,,,,,,,,,,,,,,,,,,,,,,94.2395,5.12,4.96,5.22,0.16,0.34,2.39,5.26,,15.54,2608.37,1.6,69.61,10.93,2.42
2007-06-29,,,,,,,,,,,,,,,,,,,,,,,94.1393,5.03,4.87,5.12,0.16,0.21,2.38,5.31,,16.23,2603.23,1.59,70.47,14.46,2.43
2007-06-30,,,,,,,,,,,,,,,,,,,,,,,,,,,,,,5.31,,,,,,44.56,
2007-07-01,7319.0,1371.8,870706.0,207.603,210.773,196.913,5.26,1.809,138044.0,4.7,66.0,12066.4,9751.1,2.6,49.22472868895551,38.93,25.43432020815925,0.122,209.639,1354.0,1361.0,0.58,,,,,,,,5.31,,,,,,33.66,
2007-07-02,,,,,,,,,,,,,,,,,,,,,,,93.634,5.0,4.86,5.09,0.14,0.05,2.39,5.31,,15.4,2632.3,1.6,71.11,45.58,2.44
2007-07-03,,,,,,,,,,,,,,,,,,,,,,,93.697,5.05,4.89,5.14,0.16,0.1,2.37,5.24,,14.92,2644.95,1.6,71.41,37.07,2.4
2007-07-04,,,,,,,,,,,,,,,,,,,,,,,93.6965,,,,,,,5.24,,,,,,35.52,
2007-07-05,,,,,,,,,,,,,,,,,,,,,,,93.7653,5.16,4.99,5.24,0.17,0.21,2.4,5.25,,15.48,2656.65,1.58,71.81,10.29,2.44
2007-07-06,,,,,,,,,,,,,,,,,,,,,,,93.5759,5.19,4.99,5.28,0.2,0.24,2.4,5.22,,14.72,2666.51,1.59,72.8,45.58,2.42
2007-07-07,,,,,,,,,,,,,,,,,,,,,,,,,,,,,,5.22,,,,,,56.33,
2007-07-08,,,,,,,,,,,,,,,,,,,,,,,,,,,,,,5.22,,,,,,17.63,
2007-07-09,,,,,,,,,,,,,,,,,,,,,,,93.5519,5.16,4.97,5.25,0.19,0.19,2.41,5.22,,15.16,2670.02,1.58,72.14,23.59,2.43
2007-07-10,,,,,,,,,,,,,,,,,,,,,,,93.3339,5.03,4.85,5.14,0.18,0.08,2.39,5.24,,17.57,2639.16,1.6,72.8,9.3,2.42
2007-07-11,,,,,,,,,,,,,,,,,,,,,,,93.3089,5.09,4.89,5.18,0.2,0.14,2.38,5.24,,16.64,2651.79,1.59,72.58,75.15,2.41
2007-07-12,,,,,,,,,,,,,,,,,,,,,,,93.1198,5.13,4.94,5.22,0.19,0.16,2.39,5.26,,15.54,2701.73,1.59,72.55,62.29,2.42
2007-07-13,,,,,,,,,,,,,,,,,,,,,,,93.0133,5.11,4.94,5.19,0.17,0.14,2.38,5.25,,15.15,2707.0,1.59,73.89,79.53,2.42
2007-07-14,,,,,,,,,,,,,,,,,,,,,,,,,,,,,,5.25,,,,,,32.38,
2007-07-15,,,,,,,,,,,,,,,,,,,,,,,,,,,,,,5.25,,,,,,43.72,
2007-07-16,,,,,,,,,,,,,,,,,,,,,,,92.9094,5.05,4.89,5.14,0.16,0.07,2.36,5.32,,15.59,2697.33,1.58,74.11,104.48,2.43
2007-07-17,,,,,,,,,,,,,,,,,,,,,,,92.9095,5.08,4.91,5.16,0.17,0.12,2.35,5.28,,15.63,2712.29,1.59,74.03,18.45,2.43
2007-07-18,,,,,,,,,,,,,,,,,,,,,,,92.7959,5.02,4.84,5.1,0.18,0.06,2.38,5.26,,16.0,2699.49,1.58,75.03,26.26,2.46
2007-07-19,,,,,,,,,,,,,,,,,,,,,,,92.7332,5.04,4.87,5.12,0.17,0.06,2.39,5.25,,15.23,2720.04,1.59,75.9,99.23,2.47
2007-07-20,,,,,,,,,,,,,,,,,,,,,,,92.7179,4.96,4.79,5.07,0.17,-0.01,2.36,5.25,,16.95,2687.6,1.61,75.53,7.2,2.44
2007-07-21,,,,,,,,,,,,,,,,,,,,,,,,,,,,,,5.25,,,,,,21.77,
2007-07-22,,,,,,,,,,,,,,,,,,,,,,,,,,,,,,5.25,,,,,,17.09,
2007-07-23,,,,,,,,,,,,,,,,,,,,,,,92.6585,4.97,4.8,5.07,0.17,-0.05,2.34,5.26,,16.81,2690.58,1.61,74.65,36.11,2.44
2007-07-24,,,,,,,,,,,,,,,,,,,,,,,92.505,4.94,4.77,5.05,0.17,-0.08,2.36,5.25,,18.55,2639.86,1.65,73.38,18.68,2.48
2007-07-25,,,,,,,,,,,,,,,,,,,,,,,92.9189,4.92,4.74,5.04,0.18,-0.07,2.36,5.32,,18.1,2648.17,1.65,75.74,13.35,2.47
2007-07-26,,,,,,,,,,,,,,,,,,,,,,,93.1186,4.79,4.56,4.95,0.23,-0.13,2.32,5.28,,20.74,2599.34,1.83,74.96,49.01,2.46
2007-07-27,,,,,,,,,,,,,,,,,,,,,,,93.5485,4.8,4.56,4.95,0.24,-0.05,2.32,5.25,,24.17,2562.24,1.87,77.03,62.77,2.49
2007-07-28,,,,,,,,,,,,,,,,,,,,,,,,,,,,,,5.25,,,,,,21.09,
2007-07-29,,,,,,,,,,,,,,,,,,,,,,,,,,,,,,5.25,,,,,,16.69,
2007-07-30,,,,,,,,,,,,,,,,,,,,,,,93.5918,4.82,4.59,4.97,0.23,-0.14,2.33,5.29,,20.87,2583.28,1.88,76.82,11.28,2.49
2007-07-31,,,,,,,,,,,,,,,,,,,,,,,93.4264,4.78,4.56,4.92,0.22,-0.18,2.34,5.28,,23.52,2546.27,1.85,78.2,27.57,2.51
2007-08-01,7395.1,1376.3,867259.0,207.667,211.119,196.763,5.02,1.577,138013.0,4.6,65.8,12070.9,9798.9,2.2,77.52836848530251,81.75,148.93293546856887,0.121,206.412,1330.0,1321.0,0.54,93.4011,4.76,4.56,4.9,0.2,-0.13,2.32,5.3,,23.67,2553.87,1.86,76.49,25.86,2.47
2007-08-02,,,,,,,,,,,,,,,,,,,,,,,93.3038,4.77,4.59,4.91,0.18,-0.12,2.31,5.24,,21.22,2575.98,1.83,76.84,76.77,2.47
2007-08-03,,,,,,,,,,,,,,,,,,,,,,,93.1039,4.71,4.46,4.87,0.25,-0.14,2.27,5.24,,25.16,2511.25,1.86,75.41,235.15,2.43
2007-08-04,,,,,,,,,,,,,,,,,,,,,,,,,,,,,,5.24,,,,,,53.06,
2007-08-05,,,,,,,,,,,,,,,,,,,,,,,,,,,,,,5.24,,,,,,80.65,
2007-08-06,,,,,,,,,,,,,,,,,,,,,,,93.1112,4.72,4.46,4.89,0.26,-0.16,2.26,5.26,,22.94,2547.33,1.89,72.03,133.72,2.44
2007-08-07,,,,,,,,,,,,,,,,,,,,,,,93.3171,4.77,4.56,4.92,0.21,-0.17,2.26,5.26,,21.56,2561.6,1.83,72.25,54.91,2.43
2007-08-08,,,,,,,,,,,,,,,,,,,,,,,93.0989,4.84,4.64,5.01,0.2,-0.11,2.26,5.27,,21.45,2612.98,1.87,72.23,25.72,2.41
2007-08-09,,,,,,,,,,,,,,,,,,,,,,,93.441,4.79,4.49,5.02,0.3,-0.02,2.25,5.41,,26.48,2556.49,1.91,71.62,33.84,2.42
2007-08-10,,,,,,,,,,,,,,,,,,,,,,,93.5214,4.81,4.47,5.03,0.34,0.24,2.25,4.68,,28.3,2544.89,1.88,71.49,151.66,2.43
2007-08-11,,,,,,,,,,,,,,,,,,,,,,,,,,,,,,4.68,,,,,,43.18,
2007-08-12,,,,,,,,,,,,,,,,,,,,,,,,,,,,,,4.68,,,,,,67.69,
2007-08-13,,,,,,,,,,,,,,,,,,,,,,,93.6032,4.78,4.46,5.01,0.32,0.04,2.26,4.81,,26.57,2542.24,1.91,71.6,123.08,2.45
2007-08-14,,,,,,,,,,,,,,,,,,,,,,,94.0416,4.73,4.39,4.99,0.34,0.09,2.24,4.54,,27.68,2499.12,1.95,72.4,99.24,2.41
2007-08-15,,,,,,,,,,,,,,,,,,,,,,,94.5014,4.69,4.27,5.0,0.42,0.48,2.23,4.71,,30.67,2458.83,2.03,73.36,77.81,2.42
2007-08-16,,,,,,,,,,,,,,,,,,,,,,,94.9055,4.6,4.08,4.92,0.52,0.81,2.21,4.97,,30.83,2451.07,2.06,70.99,182.21,2.43
2007-08-17,,,,,,,,,,,,,,,,,,,,,,,94.319,4.68,4.18,5.0,0.5,0.92,2.23,4.91,,29.99,2505.03,2.07,71.9,43.19,2.43
2007-08-18,,,,,,,,,,,,,,,,,,,,,,,,,,,,,,4.91,,,,,,149.67,
2007-08-19,,,,,,,,,,,,,,,,,,,,,,,,,,,,,,4.91,,,,,,209.44,
2007-08-20,,,,,,,,,,,,,,,,,,,,,,,94.2138,4.64,4.11,4.98,0.53,1.52,2.2,5.03,,26.33,2508.59,2.08,71.12,612.45,2.41
2007-08-21,,,,,,,,,,,,,,,,,,,,,,,94.2676,4.6,4.05,4.95,0.55,1.01,2.22,4.89,,25.25,2521.3,2.09,69.49,47.02,2.45
2007-08-22,,,,,,,,,,,,,,,,,,,,,,,94.0998,4.63,4.15,4.96,0.48,0.96,2.21,4.77,,22.89,2552.8,2.07,69.3,53.73,2.41
2007-08-23,,,,,,,,,,,,,,,,,,,,,,,93.9827,4.62,4.2,4.93,0.42,0.73,2.23,4.88,,22.62,2541.7,2.04,69.86,49.89,2.43
2007-08-24,,,,,,,,,,,,,,,,,,,,,,,93.6863,4.63,4.3,4.88,0.33,0.39,2.23,5.11,,20.72,2576.69,2.01,71.17,20.66,2.43
2007-08-25,,,,,,,,,,,,,,,,,,,,,,,,,,,,,,5.11,,,,,,60.05,
2007-08-26,,,,,,,,,,,,,,,,,,,,,,,,,,,,,,5.11,,,,,,63.67,
2007-08-27,,,,,,,,,,,,,,,,,,,,,,,93.6109,4.6,4.28,4.87,0.32,-0.03,2.22,5.27,,22.72,2561.25,2.0,71.98,34.2,2.41
2007-08-28,,,,,,,,,,,,,,,,,,,,,,,93.8394,4.53,4.13,4.86,0.4,0.13,2.2,5.3,,26.3,2500.64,2.07,71.79,35.47,2.44
2007-08-29,,,,,,,,,,,,,,,,,,,,,,,93.7174,4.57,4.14,4.88,0.43,0.59,2.19,5.0,,23.81,2563.16,2.05,73.52,25.88,2.39
2007-08-30,,,,,,,,,,,,,,,,,,,,,,,93.7324,4.51,4.08,4.83,0.43,0.67,2.19,5.0,,25.06,2565.3,2.07,73.37,59.0,2.43
2007-08-31,,,,,,,,,,,,,,,,,,,,,,,93.6674,4.54,4.15,4.83,0.39,0.53,2.2,4.96,,23.38,2596.36,2.05,73.98,109.63,2.43
2007-09-01,7413.3,1375.7,878776.0,208.547,211.554,197.77,4.94,1.6980000000000002,138101.0,4.7,66.0,12089.6,9845.1,2.3,99.86441829958876,79.89,154.1409047843251,0.121,210.742,1183.0,1261.0,0.58,,,,,,,,4.96,,,,,,48.07,
2007-09-02,,,,,,,,,,,,,,,,,,,,,,,,,,,,,,4.96,,,,,,8.07,
2007-09-03,,,,,,,,,,,,,,,,,,,,,,,93.6691,,,,,,,4.96,,,,,,14.26,
2007-09-04,,,,,,,,,,,,,,,,,,,,,,,93.6433,4.56,4.13,4.84,0.43,0.09,2.2,5.22,,22.78,2630.24,2.04,75.07,10.19,2.43
2007-09-05,,,,,,,,,,,,,,,,,,,,,,,93.5453,4.48,4.03,4.78,0.45,0.12,2.19,5.18,,24.58,2605.95,2.06,75.74,45.95,2.41
2007-09-06,,,,,,,,,,,,,,,,,,,,,,,93.4468,4.51,4.08,4.79,0.43,0.22,2.19,4.98,,23.99,2614.32,2.06,76.34,21.39,2.41
2007-09-07,,,,,,,,,,,,,,,,,,,,,,,93.2939,4.38,3.9,4.7,0.48,0.31,2.19,4.86,,26.23,2565.7,2.1,76.7,152.54,2.42
2007-09-08,,,,,,,,,,,,,,,,,,,,,,,,,,,,,,4.86,,,,,,79.36,
2007-09-09,,,,,,,,,,,,,,,,,,,,,,,,,,,,,,4.86,,,,,,38.74,
2007-09-10,,,,,,,,,,,,,,,,,,,,,,,93.2349,4.34,3.87,4.65,0.47,0.38,2.2,5.07,,27.38,2559.11,2.13,77.53,55.25,2.42
2007-09-11,,,,,,,,,,,,,,,,,,,,,,,92.9244,4.37,3.95,4.65,0.42,0.26,2.21,5.06,,25.27,2597.47,2.11,78.16,17.94,2.41
2007-09-12,,,,,,,,,,,,,,,,,,,,,,,92.6386,4.41,3.95,4.68,0.46,0.38,2.23,5.18,,24.96,2592.07,2.13,79.85,6.36,2.42
2007-09-13,,,,,,,,,,,,,,,,,,,,,,,92.6172,4.49,4.08,4.75,0.41,0.41,2.25,5.09,,24.76,2601.06,2.12,80.05,16.16,2.43
2007-09-14,,,,,,,,,,,,,,,,,,,,,,,92.7083,4.47,4.05,4.72,0.42,0.46,2.27,5.25,,24.92,2602.18,2.12,79.14,7.03,2.47
2007-09-15,,,,,,,,,,,,,,,,,,,,,,,,,,,,,,5.25,,,,,,18.72,
2007-09-16,,,,,,,,,,,,,,,,,,,,,,,,,,,,,,5.25,,,,,,40.23,
2007-09-17,,,,,,,,,,,,,,,,,,,,,,,92.823,4.48,4.08,4.72,0.4,0.33,2.27,5.33,,26.48,2581.66,2.1,80.55,32.2,2.46
2007-09-18,,,,,,,,,,,,,,,,,,,,,,,92.6584,4.5,4.0,4.77,0.5,0.49,2.31,4.92,,20.35,2651.66,2.11,81.51,36.17,2.52
2007-09-19,,,,,,,,,,,,,,,,,,,,,,,92.1534,4.53,4.0,4.83,0.53,0.6,2.32,4.74,,20.03,2666.48,2.11,81.99,44.66,2.52
2007-09-20,,,,,,,,,,,,,,,,,,,,,,,91.4212,4.69,4.1,4.96,0.59,0.9,2.35,4.77,,20.45,2654.29,2.04,83.85,64.41,2.57
2007-09-21,,,,,,,,,,,,,,,,,,,,,,,91.4854,4.64,4.06,4.89,0.58,0.9,2.33,4.76,,19.0,2671.22,2.03,83.38,6.83,2.53
2007-09-22,,,,,,,,,,,,,,,,,,,,,,,,,,,,,,4.76,,,,,,28.2,
2007-09-23,,,,,,,,,,,,,,,,,,,,,,,,,,,,,,4.76,,,,,,47.83,
2007-09-24,,,,,,,,,,,,,,,,,,,,,,,91.4017,4.63,4.05,4.88,0.58,0.79,2.3,4.74,,19.37,2667.95,2.02,82.51,404.91,2.5
2007-09-25,,,,,,,,,,,,,,,,,,,,,,,91.3392,4.63,4.0,4.89,0.63,0.84,2.29,4.82,,18.6,2683.45,2.02,81.2,53.14,2.51
2007-09-26,,,,,,,,,,,,,,,,,,,,,,,91.4335,4.63,3.97,4.9,0.66,0.9,2.29,4.88,,17.63,2699.03,2.03,80.31,38.44,2.5
2007-09-27,,,,,,,,,,,,,,,,,,,,,,,91.3497,4.58,3.95,4.84,0.63,0.87,2.31,4.93,,17.0,2709.59,2.01,82.86,10.39,2.51
2007-09-28,,,,,,,,,,,,,,,,,,,,,,,90.9446,4.59,3.97,4.83,0.62,0.77,2.32,4.58,,18.0,2701.5,2.0,81.64,74.41,2.53
2007-09-29,,,,,,,,,,,,,,,,,,,,,,,,,,,,,,4.58,,,,,,18.85,
2007-09-30,,,,,,,,,,,,,,,,,,,,,,,,,,,,,,4.58,,,,,,80.32,
2007-10-01,7428.4,1379.4,877941.0,209.19,212.077,198.459,4.76,1.616,138177.0,4.7,65.8,12080.4,9882.7,2.2,79.87939591474395,72.21,122.13596325685135,0.117,212.386,1264.0,1192.0,1.26,90.8801,4.56,4.02,4.79,0.54,0.64,2.3,4.92,,17.84,2740.99,1.99,80.31,106.89,2.47
2007-10-02,,,,,,,,,,,,,,,,,,,,,,,91.12,4.54,3.98,4.77,0.56,0.58,2.31,4.78,,18.49,2747.11,2.0,80.0,8.92,2.5
2007-10-03,,,,,,,,,,,,,,,,,,,,,,,91.1038,4.55,4.02,4.79,0.53,0.59,2.3,4.68,,18.8,2729.43,1.99,79.97,6.13,2.47
2007-10-04,,,,,,,,,,,,,,,,,,,,,,,91.1632,4.54,4.0,4.77,0.54,0.58,2.3,4.74,,18.44,2733.57,1.97,81.48,21.52,2.47
2007-10-05,,,,,,,,,,,,,,,,,,,,,,,90.7393,4.65,4.08,4.87,0.57,0.65,2.31,4.77,,16.91,2780.32,1.94,81.2,20.52,2.48
2007-10-06,,,,,,,,,,,,,,,,,,,,,,,,,,,,,,4.77,,,,,,28.02,
2007-10-07,,,,,,,,,,,,,,,,,,,,,,,,,,,,,,4.77,,,,,,24.05,
2007-10-08,,,,,,,,,,,,,,,,,,,,,,,90.748,,,,,,,4.77,,17.46,2787.37,,78.97,10.97,
2007-10-09,,,,,,,,,,,,,,,,,,,,,,,90.8609,4.67,4.15,4.87,0.52,0.61,2.33,4.91,,16.12,2803.91,1.9,80.23,27.45,2.48
2007-10-10,,,,,,,,,,,,,,,,,,,,,,,90.7154,4.65,4.15,4.86,0.5,0.59,2.32,4.52,,16.67,2811.61,1.91,81.3,6.45,2.46
2007-10-11,,,,,,,,,,,,,,,,,,,,,,,90.4901,4.66,4.13,4.87,0.53,0.54,2.34,4.75,,18.88,2772.2,1.9,83.05,16.06,2.49
2007-10-12,,,,,,,,,,,,,,,,,,,,,,,90.5945,4.7,4.23,4.91,0.47,0.5,2.34,4.75,,17.73,2805.68,1.87,83.73,20.65,2.48
2007-10-13,,,,,,,,,,,,,,,,,,,,,,,,,,,,,,4.75,,,,,,46.18,
2007-10-14,,,,,,,,,,,,,,,,,,,,,,,,,,,,,,4.75,,,,,,15.79,
2007-10-15,,,,,,,,,,,,,,,,,,,,,,,90.5387,4.69,4.22,4.91,0.47,0.39,2.35,4.81,,19.25,2780.05,1.88,86.19,76.48,2.48
2007-10-16,,,,,,,,,,,,,,,,,,,,,,,90.7123,4.66,4.12,4.9,0.54,0.41,2.35,4.68,,20.02,2763.91,1.92,87.58,115.24,2.47
2007-10-17,,,,,,,,,,,,,,,,,,,,,,,90.515,4.57,4.0,4.82,0.57,0.56,2.35,4.7,,18.54,2792.67,1.91,87.19,31.33,2.49
2007-10-18,,,,,,,,,,,,,,,,,,,,,,,90.3084,4.52,3.93,4.78,0.59,0.76,2.32,4.69,,18.5,2799.31,1.94,89.48,30.75,2.43
2007-10-19,,,,,,,,,,,,,,,,,,,,,,,90.1014,4.41,3.8,4.68,0.61,0.55,2.32,4.77,,22.96,2725.16,1.97,88.58,6.74,2.45
2007-10-20,,,,,,,,,,,,,,,,,,,,,,,,,,,,,,4.77,,,,,,27.96,
2007-10-21,,,,,,,,,,,,,,,,,,,,,,,,,,,,,,4.77,,,,,,7.94,
2007-10-22,,,,,,,,,,,,,,,,,,,,,,,90.6777,4.42,3.85,4.68,0.57,0.42,2.31,4.71,,21.64,2753.93,1.96,87.6,42.69,2.42
2007-10-23,,,,,,,,,,,,,,,,,,,,,,,90.1899,4.41,3.81,4.69,0.6,0.43,2.3,4.67,,20.41,2799.26,1.98,86.45,17.46,2.43
2007-10-24,,,,,,,,,,,,,,,,,,,,,,,90.2262,4.36,3.74,4.64,0.62,0.51,2.29,4.74,,20.8,2774.76,1.98,88.3,25.92,2.42
2007-10-25,,,,,,,,,,,,,,,,,,,,,,,89.9925,4.37,3.74,4.66,0.63,0.43,2.33,4.86,,21.17,2750.86,1.99,92.09,35.12,2.44
2007-10-26,,,,,,,,,,,,,,,,,,,,,,,89.6508,4.41,3.77,4.68,0.64,0.45,2.36,4.8,,19.56,2804.19,1.98,91.73,85.56,2.48
2007-10-27,,,,,,,,,,,,,,,,,,,,,,,,,,,,,,4.8,,,,,,18.49,
2007-10-28,,,,,,,,,,,,,,,,,,,,,,,,,,,,,,4.8,,,,,,38.46,
2007-10-29,,,,,,,,,,,,,,,,,,,,,,,89.4118,4.39,3.79,4.66,0.6,0.38,2.35,4.84,,19.87,2817.44,1.98,93.45,21.07,2.45
2007-10-30,,,,,,,,,,,,,,,,,,,,,,,89.3252,4.4,3.82,4.68,0.58,0.44,2.34,4.78,,21.07,2816.71,1.99,90.33,17.13,2.43
2007-10-31,,,,,,,,,,,,,,,,,,,,,,,89.1389,4.48,3.94,4.74,0.54,0.54,2.34,4.6,,18.53,2859.12,1.99,94.16,25.7,2.42
2007-11-01,7453.8,1371.8,886427.0,210.834,212.66,200.487,4.49,1.497,138291.0,4.7,66.0,12070.1,9955.9,1.9,84.60059906717956,64.19,94.69215130903407,0.115,223.814,1197.0,1224.0,1.98,89.1628,4.36,3.77,4.64,0.59,0.55,2.36,4.59,,23.21,2794.83,2.01,93.53,19.92,2.44
2007-11-02,,,,,,,,,,,,,,,,,,,,,,,88.8924,4.31,3.66,4.61,0.65,0.7,2.39,4.28,,23.01,2810.38,2.04,95.81,64.96,2.47
2007-11-03,,,,,,,,,,,,,,,,,,,,,,,,,,,,,,4.28,,,,,,17.86,
2007-11-04,,,,,,,,,,,,,,,,,,,,,,,,,,,,,,4.28,,,,,,14.89,
2007-11-05,,,,,,,,,,,,,,,,,,,,,,,88.8851,4.35,3.69,4.63,0.66,0.64,2.41,4.29,,24.31,2795.18,2.02,94.06,101.56,2.47
2007-11-06,,,,,,,,,,,,,,,,,,,,,,,88.4938,4.38,3.7,4.66,0.68,0.62,2.45,4.22,,21.39,2825.18,2.03,96.65,24.46,2.5
2007-11-07,,,,,,,,,,,,,,,,,,,,,,,88.0631,4.34,3.61,4.67,0.73,0.85,2.43,4.39,,26.49,2748.76,2.1,96.46,42.57,2.48
2007-11-08,,,,,,,,,,,,,,,,,,,,,,,88.2631,4.28,3.47,4.67,0.81,0.9,2.4,4.58,,26.16,2696.0,2.16,95.51,55.21,2.46
2007-11-09,,,,,,,,,,,,,,,,,,,,,,,88.4615,4.23,3.42,4.61,0.81,0.96,2.41,4.49,,28.5,2627.94,2.18,96.36,59.89,2.45
2007-11-10,,,,,,,,,,,,,,,,,,,,,,,,,,,,,,4.49,,,,,,99.49,
2007-11-11,,,,,,,,,,,,,,,,,,,,,,,,,,,,,,4.49,,,,,,15.14,
2007-11-12,,,,,,,,,,,,,,,,,,,,,,,88.465,,,,,,,4.49,,31.09,2584.13,,94.4,21.61,
2007-11-13,,,,,,,,,,,,,,,,,,,,,,,89.1016,4.26,3.54,4.61,0.72,0.76,2.4,4.61,,24.1,2673.65,2.18,91.18,64.07,2.42
2007-11-14,,,,,,,,,,,,,,,,,,,,,,,88.9671,4.28,3.57,4.61,0.71,0.87,2.4,4.6,,25.94,2644.32,2.16,94.02,102.96,2.44
2007-11-15,,,,,,,,,,,,,,,,,,,,,,,89.4413,4.17,3.35,4.54,0.82,0.87,2.36,4.54,,28.06,2618.51,2.22,93.37,10.43,2.4
2007-11-16,,,,,,,,,,,,,,,,,,,,,,,89.3182,4.15,3.33,4.52,0.82,0.75,2.35,4.51,,25.49,2637.24,2.26,94.81,27.23,2.39
2007-11-17,,,,,,,,,,,,,,,,,,,,,,,,,,,,,,4.51,,,,,,46.76,
2007-11-18,,,,,,,,,,,,,,,,,,,,,,,,,,,,,,4.51,,,,,,31.0,
2007-11-19,,,,,,,,,,,,,,,,,,,,,,,89.5262,4.07,3.18,4.47,0.89,0.67,2.37,4.51,,26.01,2593.38,2.3,95.75,40.2,2.43
2007-11-20,,,,,,,,,,,,,,,,,,,,,,,89.2622,4.06,3.14,4.49,0.92,0.81,2.38,4.51,,24.88,2596.81,2.35,99.16,113.75,2.44
2007-11-21,,,,,,,,,,,,,,,,,,,,,,,89.3352,4.0,2.99,4.46,1.01,0.91,2.38,4.5,,26.84,2562.15,2.41,98.57,96.29,2.47
2007-11-22,,,,,,,,,,,,,,,,,,,,,,,89.3269,,,,,,,4.5,,,,,,21.11,
2007-11-23,,,,,,,,,,,,,,,,,,,,,,,89.2384,4.01,3.07,4.43,0.94,0.78,2.38,4.56,,25.61,2596.6,2.37,98.24,25.47,2.48
2007-11-24,,,,,,,,,,,,,,,,,,,,,,,,,,,,,,4.56,,,,,,54.22,
2007-11-25,,,,,,,,,,,,,,,,,,,,,,,,,,,,,,4.56,,,,,,17.3,
2007-11-26,,,,,,,,,,,,,,,,,,,,,,,89.145,3.83,2.92,4.26,0.91,0.7,2.38,4.62,,28.91,2540.99,2.4,97.66,10.93,2.49
2007-11-27,,,,,,,,,,,,,,,,,,,,,,,89.4082,3.95,3.05,4.36,0.9,0.79,2.37,4.39,,26.28,2580.8,2.41,94.39,8.73,2.47
2007-11-28,,,,,,,,,,,,,,,,,,,,,,,89.4195,4.03,3.17,4.41,0.86,0.98,2.32,4.53,,24.11,2662.91,2.4,90.71,65.79,2.39
2007-11-29,,,,,,,,,,,,,,,,,,,,,,,89.3681,3.94,3.06,4.35,0.88,0.95,2.33,4.55,,23.97,2668.13,2.46,90.98,21.25,2.4
2007-11-30,,,,,,,,,,,,,,,,,,,,,,,89.6212,3.97,3.04,4.4,0.93,0.82,2.34,4.66,,22.87,2660.96,2.47,88.6,20.64,2.44
2007-12-01,7484.2,1373.4,885790.0,211.445,213.168,201.081,4.24,1.526,138395.0,5.0,66.0,12120.5,9972.8,2.4,95.50582946595746,92.0,125.26931116373171,0.115,225.649,1037.0,1149.0,6.8,,,,,,,,4.66,,,,,,37.7,
2007-12-02,,,,,,,,,,,,,,,,,,,,,,,,,,,,,,4.66,,,,,,48.53,
2007-12-03,,,,,,,,,,,,,,,,,,,,,,,89.6403,3.89,2.9,4.34,0.99,0.83,2.32,4.52,,23.61,2637.13,2.52,89.29,176.88,2.44
2007-12-04,,,,,,,,,,,,,,,,,,,,,,,89.6672,3.89,2.9,4.34,0.99,0.82,2.3,4.5,,23.79,2619.83,2.53,88.31,25.13,2.43
2007-12-05,,,,,,,,,,,,,,,,,,,,,,,89.8751,3.92,2.9,4.39,1.02,0.85,2.26,4.31,,22.53,2666.36,2.58,87.45,43.14,2.39
2007-12-06,,,,,,,,,,,,,,,,,,,,,,,89.9268,4.02,3.03,4.49,0.99,0.93,2.25,4.49,,20.96,2709.03,2.59,90.25,30.52,2.36
2007-12-07,,,,,,,,,,,,,,,,,,,,,,,89.74,4.12,3.12,4.58,1.0,1.0,2.26,4.41,,20.85,2706.16,2.61,88.23,40.82,2.38
2007-12-08,,,,,,,,,,,,,,,,,,,,,,,,,,,,,,4.41,,,,,,9.77,
2007-12-09,,,,,,,,,,,,,,,,,,,,,,,,,,,,,,4.41,,,,,,8.19,
2007-12-10,,,,,,,,,,,,,,,,,,,,,,,89.6811,4.15,3.17,4.6,0.98,1.1,2.26,4.46,,20.74,2718.95,2.59,87.72,10.7,2.38
2007-12-11,,,,,,,,,,,,,,,,,,,,,,,89.7176,3.98,2.94,4.47,1.04,1.04,2.25,4.29,,23.59,2652.35,2.63,90.12,71.03,2.4
2007-12-12,,,,,,,,,,,,,,,,,,,,,,,89.7349,4.05,3.07,4.51,0.98,1.17,2.27,4.28,,22.47,2671.14,2.63,94.41,13.01,2.39
2007-12-13,,,,,,,,,,,,,,,,,,,,,,,90.1374,4.18,3.21,4.61,0.97,1.31,2.31,4.3,,22.56,2668.49,2.58,92.35,37.1,2.43
2007-12-14,,,,,,,,,,,,,,,,,,,,,,,90.4345,4.24,3.31,4.66,0.93,1.36,2.34,4.24,,23.27,2635.74,2.55,91.31,34.64,2.44
2007-12-15,,,,,,,,,,,,,,,,,,,,,,,,,,,,,,4.24,,,,,,59.65,
2007-12-16,,,,,,,,,,,,,,,,,,,,,,,,,,,,,,4.24,,,,,,84.07,
2007-12-17,,,,,,,,,,,,,,,,,,,,,,,90.5363,4.2,3.24,4.62,0.96,1.13,2.34,4.31,,24.52,2574.46,2.55,90.69,151.85,2.43
2007-12-18,,,,,,,,,,,,,,,,,,,,,,,90.5602,4.14,3.19,4.55,0.95,1.1,2.34,4.16,,22.64,2596.03,2.52,89.93,51.83,2.42
2007-12-19,,,,,,,,,,,,,,,,,,,,,,,90.6147,4.06,3.12,4.47,0.94,1.15,2.33,3.98,,21.68,2601.01,2.54,91.11,32.8,2.41
2007-12-20,,,,,,,,,,,,,,,,,,,,,,,90.4695,4.04,3.09,4.46,0.95,1.12,2.3,4.37,,20.58,2640.86,2.51,90.88,66.5,2.37
2007-12-21,,,,,,,,,,,,,,,,,,,,,,,90.3672,4.18,3.19,4.58,0.99,1.18,2.34,4.28,,18.47,2691.99,2.5,93.19,35.66,2.42
2007-12-22,,,,,,,,,,,,,,,,,,,,,,,,,,,,,,4.28,,,,,,169.44,
2007-12-23,,,,,,,,,,,,,,,,,,,,,,,,,,,,,,4.28,,,,,,17.57,
2007-12-24,,,,,,,,,,,,,,,,,,,,,,,90.1788,4.23,3.24,4.62,0.99,0.9,2.35,4.0,,18.6,2713.5,2.49,94.0,24.27,2.42
2007-12-25,,,,,,,,,,,,,,,,,,,,,,,90.1786,,,,,,,4.0,,,,,,96.05,
2007-12-26,,,,,,,,,,,,,,,,,,,,,,,89.9226,4.3,3.31,4.68,0.99,0.98,2.35,4.26,,18.66,2724.41,2.49,95.89,100.73,2.41
2007-12-27,,,,,,,,,,,,,,,,,,,,,,,89.684,4.21,3.24,4.61,0.97,1.04,2.36,4.15,,20.26,2676.79,2.52,96.63,113.73,2.39
2007-12-28,,,,,,,,,,,,,,,,,,,,,,,89.4069,4.11,3.12,4.51,0.99,0.93,2.33,4.01,,20.74,2674.46,2.51,96.03,87.33,2.37
2007-12-29,,,,,,,,,,,,,,,,,,,,,,,,,,,,,,4.01,,,,,,213.94,
2007-12-30,,,,,,,,,,,,,,,,,,,,,,,,,,,,,,4.01,,,,,,132.44,
2007-12-31,,,,,,,,,,,,,,,,,,,,,,,89.6304,4.04,3.05,4.45,0.99,0.68,2.31,3.06,,22.5,2652.28,2.52,95.95,253.49,2.35
2008-01-01,7517.8,1377.7,894808.0,212.174,213.771,201.876,3.94,1.429,138391.0,5.0,66.2,12137.1,9996.4,2.6,135.07339849480837,182.06,238.2866373310877,0.116,226.775,1084.0,1094.0,18.92,89.6297,,,,,,,3.06,,,,,,149.95,
2008-01-02,,,,,,,,,,,,,,,,,,,,,,,89.3514,3.91,2.88,4.35,1.03,0.65,2.32,4.11,,23.17,2609.63,2.54,99.64,97.01,2.36
2008-01-03,,,,,,,,,,,,,,,,,,,,,,,89.231,3.91,2.83,4.37,1.08,0.67,2.33,4.25,,22.49,2602.68,2.57,99.17,12.12,2.38
2008-01-04,,,,,,,,,,,,,,,,,,,,,,,89.2467,3.88,2.74,4.36,1.14,0.68,2.32,4.18,,23.94,2504.65,2.59,97.9,45.17,2.39
2008-01-05,,,,,,,,,,,,,,,,,,,,,,,,,,,,,,4.18,,,,,,143.82,
2008-01-06,,,,,,,,,,,,,,,,,,,,,,,,,,,,,,4.18,,,,,,68.94,
2008-01-07,,,,,,,,,,,,,,,,,,,,,,,89.5718,3.86,2.76,4.34,1.1,0.59,2.29,4.27,,23.79,2499.46,2.6,95.08,64.25,2.36
2008-01-08,,,,,,,,,,,,,,,,,,,,,,,89.3398,3.86,2.76,4.35,1.1,0.61,2.29,4.27,,25.43,2440.51,2.63,96.43,17.0,2.37
2008-01-09,,,,,,,,,,,,,,,,,,,,,,,89.6807,3.82,2.69,4.32,1.13,0.6,2.26,4.26,,24.12,2474.55,2.67,95.64,74.77,2.36
2008-01-10,,,,,,,,,,,,,,,,,,,,,,,89.6226,3.91,2.71,4.44,1.2,0.67,2.23,4.26,,23.45,2488.52,2.73,93.92,77.44,2.34
2008-01-11,,,,,,,,,,,,,,,,,,,,,,,89.5215,3.82,2.59,4.39,1.23,0.73,2.26,4.23,,23.68,2439.94,2.77,92.74,76.18,2.37
2008-01-12,,,,,,,,,,,,,,,,,,,,,,,,,,,,,,4.23,,,,,,97.0,
2008-01-13,,,,,,,,,,,,,,,,,,,,,,,,,,,,,,4.23,,,,,,32.59,
2008-01-14,,,,,,,,,,,,,,,,,,,,,,,89.2749,3.81,2.58,4.37,1.23,0.62,2.28,4.24,,22.9,2478.3,2.76,94.23,51.75,2.37
2008-01-15,,,,,,,,,,,,,,,,,,,,,,,89.1555,3.72,2.53,4.28,1.19,0.55,2.27,4.24,,23.34,2417.59,2.78,91.87,186.88,2.38
2008-01-16,,,,,,,,,,,,,,,,,,,,,,,89.6701,3.74,2.51,4.32,1.23,0.6,2.24,4.22,,24.38,2394.59,2.77,90.8,6.32,2.37
2008-01-17,,,,,,,,,,,,,,,,,,,,,,,89.6484,3.66,2.44,4.25,1.22,0.59,2.23,4.23,,28.46,2346.9,2.81,90.11,25.14,2.4
2008-01-18,,,,,,,,,,,,,,,,,,,,,,,89.8993,3.66,2.36,4.28,1.3,0.8,2.24,4.17,,27.18,2340.02,2.87,90.55,186.46,2.44
2008-01-19,,,,,,,,,,,,,,,,,,,,,,,,,,,,,,4.17,,,,,,66.35,
2008-01-20,,,,,,,,,,,,,,,,,,,,,,,,,,,,,,4.17,,,,,,64.88,
2008-01-21,,,,,,,,,,,,,,,,,,,,,,,89.9265,,,,,,,4.17,,,,,,290.51,
2008-01-22,,,,,,,,,,,,,,,,,,,,,,,89.84,3.52,2.08,4.23,1.44,1.17,2.24,3.68,,31.01,2292.27,2.98,89.64,442.72,2.51
2008-01-23,,,,,,,,,,,,,,,,,,,,,,,89.9138,3.51,2.09,4.23,1.42,1.3,2.2,3.43,,29.02,2316.41,2.95,87.65,195.28,2.48
2008-01-24,,,,,,,,,,,,,,,,,,,,,,,89.203,3.68,2.25,4.36,1.43,1.31,2.24,3.47,,27.78,2360.92,2.95,89.98,70.15,2.49
2008-01-25,,,,,,,,,,,,,,,,,,,,,,,89.2184,3.61,2.23,4.28,1.38,1.31,2.27,3.6,,29.08,2326.2,2.95,90.37,158.53,2.49
2008-01-26,,,,,,,,,,,,,,,,,,,,,,,,,,,,,,3.6,,,,,,210.43,
2008-01-27,,,,,,,,,,,,,,,,,,,,,,,,,,,,,,3.6,,,,,,104.12,
2008-01-28,,,,,,,,,,,,,,,,,,,,,,,88.9555,3.61,2.2,4.29,1.41,1.27,2.28,3.5,,27.78,2349.91,2.97,90.99,345.99,2.51
2008-01-29,,,,,,,,,,,,,,,,,,,,,,,88.8342,3.69,2.29,4.34,1.4,1.41,2.32,3.47,,27.32,2358.06,2.94,91.66,124.66,2.54
2008-01-30,,,,,,,,,,,,,,,,,,,,,,,88.7442,3.78,2.3,4.44,1.48,1.57,2.33,3.26,,27.62,2349.0,2.94,92.34,159.58,2.54
2008-01-31,,,,,,,,,,,,,,,,,,,,,,,88.6547,3.67,2.17,4.35,1.5,1.71,2.34,3.22,,26.2,2389.86,2.96,91.67,15.13,2.53
2008-02-01,7604.2,1380.4,881700.0,212.687,213.939,202.455,2.98,1.429,138327.0,4.9,66.0,12141.8,9981.7,3.0,102.15314497147044,118.07,102.75051901663572,0.116,229.731,1103.0,1014.0,42.78,88.4824,3.62,2.09,4.32,1.53,1.52,2.31,3.12,,24.02,2413.36,2.98,89.03,92.13,2.53
2008-02-02,,,,,,,,,,,,,,,,,,,,,,,,,,,,,,3.12,,,,,,92.88,
2008-02-03,,,,,,,,,,,,,,,,,,,,,,,,,,,,,,3.12,,,,,,53.7,
2008-02-04,,,,,,,,,,,,,,,,,,,,,,,88.4788,3.68,2.08,4.37,1.6,1.41,2.3,2.82,,25.99,2382.85,2.98,90.07,41.56,2.56
2008-02-05,,,,,,,,,,,,,,,,,,,,,,,89.076,3.61,1.93,4.33,1.68,1.42,2.27,2.71,,28.24,2309.57,3.01,88.32,81.46,2.56
2008-02-06,,,,,,,,,,,,,,,,,,,,,,,88.9987,3.61,1.96,4.37,1.65,1.51,2.25,2.94,,28.97,2278.75,3.05,87.16,24.15,2.54
2008-02-07,,,,,,,,,,,,,,,,,,,,,,,89.4221,3.74,1.99,4.51,1.75,1.57,2.27,3.03,,27.66,2293.03,3.06,88.07,37.07,2.55
2008-02-08,,,,,,,,,,,,,,,,,,,,,,,89.2226,3.64,1.93,4.43,1.71,1.41,2.28,3.05,,28.01,2304.85,3.09,91.77,68.25,2.54
2008-02-09,,,,,,,,,,,,,,,,,,,,,,,,,,,,,,3.05,,,,,,185.64,
2008-02-10,,,,,,,,,,,,,,,,,,,,,,,,,,,,,,3.05,,,,,,38.72,
2008-02-11,,,,,,,,,,,,,,,,,,,,,,,89.2149,3.62,1.93,4.41,1.69,1.31,2.3,2.88,,27.6,2320.06,3.09,93.56,72.35,2.55
2008-02-12,,,,,,,,,,,,,,,,,,,,,,,88.9539,3.66,1.94,4.46,1.72,1.35,2.3,2.91,,26.33,2320.04,3.11,92.82,91.66,2.54
2008-02-13,,,,,,,,,,,,,,,,,,,,,,,89.1382,3.7,1.91,4.52,1.79,1.42,2.28,3.02,,24.88,2373.93,3.11,93.28,189.85,2.53
2008-02-14,,,,,,,,,,,,,,,,,,,,,,,88.9055,3.85,1.93,4.67,1.92,1.54,2.28,3.03,,25.54,2332.54,3.1,95.42,55.48,2.53
2008-02-15,,,,,,,,,,,,,,,,,,,,,,,88.9006,3.76,1.91,4.58,1.85,1.55,2.28,2.97,,25.02,2321.8,3.14,95.57,31.89,2.48
2008-02-16,,,,,,,,,,,,,,,,,,,,,,,,,,,,,,2.97,,,,,,62.58,
2008-02-17,,,,,,,,,,,,,,,,,,,,,,,,,,,,,,2.97,,,,,,122.28,
2008-02-18,,,,,,,,,,,,,,,,,,,,,,,88.9004,,,,,,,2.97,,,,,,94.76,
2008-02-19,,,,,,,,,,,,,,,,,,,,,,,88.9626,3.89,2.06,4.66,1.83,1.61,2.33,2.94,,25.59,2306.2,3.07,99.99,24.64,2.51
2008-02-20,,,,,,,,,,,,,,,,,,,,,,,89.2572,3.93,2.14,4.65,1.79,1.68,2.38,3.0,,24.4,2327.1,3.03,100.86,30.51,2.51
2008-02-21,,,,,,,,,,,,,,,,,,,,,,,88.716,3.77,1.98,4.54,1.79,1.57,2.34,3.01,,25.12,2299.78,3.1,98.57,60.66,2.51
2008-02-22,,,,,,,,,,,,,,,,,,,,,,,88.7082,3.79,1.98,4.58,1.81,1.59,2.35,2.97,,24.06,2303.35,3.12,99.03,19.62,2.53
2008-02-23,,,,,,,,,,,,,,,,,,,,,,,,,,,,,,2.97,,,,,,63.61,
2008-02-24,,,,,,,,,,,,,,,,,,,,,,,,,,,,,,2.97,,,,,,31.11,
2008-02-25,,,,,,,,,,,,,,,,,,,,,,,88.5373,3.91,2.13,4.67,1.78,1.71,2.38,3.0,,23.03,2327.48,3.08,99.4,10.06,2.49
2008-02-26,,,,,,,,,,,,,,,,,,,,,,,88.0998,3.88,2.04,4.66,1.84,1.74,2.44,2.85,,21.9,2344.99,3.1,100.83,161.98,2.56
2008-02-27,,,,,,,,,,,,,,,,,,,,,,,87.3353,3.85,2.01,4.65,1.84,1.87,2.43,2.93,,22.69,2353.78,3.11,99.59,18.03,2.54
2008-02-28,,,,,,,,,,,,,,,,,,,,,,,87.0363,3.71,1.87,4.55,1.84,1.81,2.45,3.06,,23.53,2331.57,3.17,102.6,10.07,2.56
2008-02-29,,,,,,,,,,,,,,,,,,,,,,,87.1654,3.53,1.65,4.41,1.88,1.68,2.43,3.01,,26.54,2271.48,3.22,101.78,50.86,2.56
2008-03-01,7670.3,1388.7,890096.0,213.448,214.42,203.238,2.61,1.245,138257.0,5.1,66.1,12145.9,10035.3,2.9,118.18186938254053,121.87,161.23567795565722,0.116,233.349,1005.0,967.0,61.82,,,,,,,,3.01,,,,,,44.76,
2008-03-02,,,,,,,,,,,,,,,,,,,,,,,,,,,,,,3.01,,,,,,15.52,
2008-03-03,,,,,,,,,,,,,,,,,,,,,,,87.2381,3.54,1.61,4.42,1.93,1.84,2.46,3.1,,26.28,2258.6,3.22,102.42,30.5,2.63
2008-03-04,,,,,,,,,,,,,,,,,,,,,,,87.3039,3.63,1.65,4.52,1.98,1.97,2.48,2.9,,25.52,2260.28,3.19,99.72,92.27,2.63
2008-03-05,,,,,,,,,,,,,,,,,,,,,,,87.1347,3.7,1.66,4.6,2.04,2.17,2.54,2.93,,24.6,2272.81,3.26,104.45,90.79,2.72
2008-03-06,,,,,,,,,,,,,,,,,,,,,,,86.9105,3.62,1.53,4.57,2.09,2.23,2.55,2.99,,27.55,2220.5,3.35,105.51,75.68,2.73
2008-03-07,,,,,,,,,,,,,,,,,,,,,,,87.1258,3.56,1.53,4.55,2.03,2.11,2.55,2.96,,27.49,2212.49,3.39,105.12,13.02,2.73
2008-03-08,,,,,,,,,,,,,,,,,,,,,,,,,,,,,,2.96,,,,,,101.16,
2008-03-09,,,,,,,,,,,,,,,,,,,,,,,,,,,,,,2.96,,,,,,15.63,
2008-03-10,,,,,,,,,,,,,,,,,,,,,,,87.1452,3.46,1.47,4.45,1.99,2.11,2.56,2.99,,29.38,2169.34,3.43,107.9,20.78,2.76
2008-03-11,,,,,,,,,,,,,,,,,,,,,,,87.1763,3.6,1.74,4.53,1.86,2.12,2.55,2.95,,26.36,2255.76,3.39,108.73,7.88,2.69
2008-03-12,,,,,,,,,,,,,,,,,,,,,,,86.728,3.49,1.63,4.4,1.86,2.01,2.54,2.97,,27.22,2243.87,3.39,109.86,12.76,2.71
2008-03-13,,,,,,,,,,,,,,,,,,,,,,,86.3891,3.56,1.63,4.47,1.93,2.21,2.51,2.98,,27.29,2263.61,3.39,110.21,10.09,2.64
2008-03-14,,,,,,,,,,,,,,,,,,,,,,,86.4301,3.44,1.47,4.35,1.97,2.26,2.43,2.99,,31.16,2212.49,3.42,110.03,12.99,2.61
2008-03-15,,,,,,,,,,,,,,,,,,,,,,,,,,,,,,2.99,,,,,,18.42,
2008-03-16,,,,,,,,,,,,,,,,,,,,,,,,,,,,,,2.99,,,,,,40.02,
2008-03-17,,,,,,,,,,,,,,,,,,,,,,,86.3417,3.34,1.35,4.29,1.99,2.23,2.29,2.69,,32.24,2177.01,3.5,105.74,252.58,2.48
2008-03-18,,,,,,,,,,,,,,,,,,,,,,,86.1191,3.48,1.58,4.35,1.9,2.56,2.4,2.16,,25.79,2268.26,3.39,109.57,149.64,2.59
2008-03-19,,,,,,,,,,,,,,,,,,,,,,,86.5755,3.38,1.54,4.22,1.84,2.77,2.34,2.08,,29.84,2209.96,3.44,103.25,62.35,2.54
2008-03-20,,,,,,,,,,,,,,,,,,,,,,,87.3293,3.34,1.59,4.17,1.75,2.71,2.32,2.22,,26.62,2258.11,3.42,102.57,63.05,2.5
2008-03-21,,,,,,,,,,,,,,,,,,,,,,,87.2111,,,,,,,2.08,,,,,,280.8,
2008-03-22,,,,,,,,,,,,,,,,,,,,,,,,,,,,,,2.08,,,,,,60.57,
2008-03-23,,,,,,,,,,,,,,,,,,,,,,,,,,,,,,2.08,,,,,,72.74,
2008-03-24,,,,,,,,,,,,,,,,,,,,,,,87.3103,3.56,1.84,4.33,1.72,2.32,2.32,2.08,,25.73,2326.75,3.34,101.7,15.76,2.47
2008-03-25,,,,,,,,,,,,,,,,,,,,,,,86.8339,3.51,1.79,4.3,1.72,2.22,2.26,2.42,,25.72,2341.05,3.39,101.78,57.44,2.39
2008-03-26,,,,,,,,,,,,,,,,,,,,,,,86.5513,3.51,1.71,4.33,1.8,2.22,2.27,2.3,,26.08,2324.36,3.41,105.83,25.24,2.41
2008-03-27,,,,,,,,,,,,,,,,,,,,,,,86.4583,3.56,1.73,4.38,1.83,2.26,2.33,2.27,,25.88,2280.83,3.41,107.56,45.46,2.45
2008-03-28,,,,,,,,,,,,,,,,,,,,,,,86.6369,3.47,1.67,4.33,1.8,2.14,2.34,2.09,,25.71,2261.18,3.47,105.59,27.63,2.47
2008-03-29,,,,,,,,,,,,,,,,,,,,,,,,,,,,,,2.09,,,,,,88.05,
2008-03-30,,,,,,,,,,,,,,,,,,,,,,,,,,,,,,2.09,,,,,,60.62,
2008-03-31,,,,,,,,,,,,,,,,,,,,,,,86.6881,3.45,1.62,4.3,1.83,2.07,2.34,2.51,,25.61,2279.1,3.45,101.54,49.88,2.49
2008-04-01,7712.8,1391.4,886511.0,213.942,214.56,203.954,2.28,1.6,138038.0,5.0,65.9,12100.8,10070.3,2.4,92.00804091623893,100.47,88.15247822632972,0.118,234.778,1013.0,1008.0,75.66,87.0276,3.57,1.8,4.4,1.77,2.17,2.35,2.38,,22.68,2362.75,3.43,100.92,57.48,2.49
2008-04-02,,,,,,,,,,,,,,,,,,,,,,,86.8886,3.6,1.88,4.38,1.72,2.19,2.34,2.18,,23.43,2361.4,3.4,104.83,89.68,2.47
2008-04-03,,,,,,,,,,,,,,,,,,,,,,,86.6424,3.61,1.91,4.4,1.7,2.21,2.33,2.19,,23.21,2363.3,3.38,103.92,9.79,2.45
2008-04-04,,,,,,,,,,,,,,,,,,,,,,,86.5108,3.5,1.83,4.32,1.67,2.15,2.32,2.26,,22.45,2370.98,3.4,106.09,26.62,2.46
2008-04-05,,,,,,,,,,,,,,,,,,,,,,,,,,,,,,2.26,,,,,,28.97,
2008-04-06,,,,,,,,,,,,,,,,,,,,,,,,,,,,,,2.26,,,,,,8.04,
2008-04-07,,,,,,,,,,,,,,,,,,,,,,,86.603,3.57,1.95,4.36,1.62,2.12,2.34,2.24,,22.42,2364.83,3.37,108.91,30.51,2.45
2008-04-08,,,,,,,,,,,,,,,,,,,,,,,86.7369,3.58,1.87,4.37,1.71,2.17,2.32,2.23,,22.36,2348.76,3.37,108.54,22.37,2.45
2008-04-09,,,,,,,,,,,,,,,,,,,,,,,86.5764,3.49,1.77,4.31,1.72,2.18,2.3,2.2,,22.81,2322.12,3.38,110.89,24.25,2.43
2008-04-10,,,,,,,,,,,,,,,,,,,,,,,86.5131,3.55,1.84,4.34,1.71,2.28,2.29,2.3,,21.98,2351.7,3.35,110.07,10.05,2.39
2008-04-11,,,,,,,,,,,,,,,,,,,,,,,86.5029,3.49,1.76,4.3,1.73,2.3,2.3,2.37,,23.46,2290.24,3.38,110.14,6.53,2.43
2008-04-12,,,,,,,,,,,,,,,,,,,,,,,,,,,,,,2.37,,,,,,47.43,
2008-04-13,,,,,,,,,,,,,,,,,,,,,,,,,,,,,,2.37,,,,,,39.66,
2008-04-14,,,,,,,,,,,,,,,,,,,,,,,86.3492,3.53,1.78,4.35,1.75,2.45,2.3,2.32,,23.82,2275.82,3.39,111.71,52.18,2.43
2008-04-15,,,,,,,,,,,,,,,,,,,,,,,86.4705,3.6,1.84,4.42,1.76,2.5,2.32,2.32,,22.78,2286.04,3.39,113.77,46.94,2.44
2008-04-16,,,,,,,,,,,,,,,,,,,,,,,85.9037,3.72,1.98,4.54,1.74,2.6,2.31,2.35,,20.53,2350.11,3.39,114.8,34.48,2.4
2008-04-17,,,,,,,,,,,,,,,,,,,,,,,86.1077,3.75,2.13,4.54,1.62,2.52,2.31,2.37,,20.37,2341.83,3.34,114.8,19.05,2.4
2008-04-18,,,,,,,,,,,,,,,,,,,,,,,86.5277,3.77,2.19,4.51,1.58,2.42,2.32,2.32,,20.13,2402.97,3.26,116.56,18.88,2.4
2008-04-19,,,,,,,,,,,,,,,,,,,,,,,,,,,,,,2.32,,,,,,66.08,
2008-04-20,,,,,,,,,,,,,,,,,,,,,,,,,,,,,,2.32,,,,,,31.0,
2008-04-21,,,,,,,,,,,,,,,,,,,,,,,86.2979,3.75,2.2,4.48,1.55,2.41,2.31,2.28,,20.5,2408.04,3.22,117.48,113.89,2.37
2008-04-22,,,,,,,,,,,,,,,,,,,,,,,85.927,3.74,2.24,4.46,1.5,2.47,2.31,1.99,,20.87,2376.94,3.21,119.17,54.91,2.38
2008-04-23,,,,,,,,,,,,,,,,,,,,,,,86.3841,3.77,2.22,4.49,1.55,2.51,2.33,2.18,,20.26,2405.21,3.18,119.28,17.65,2.41
2008-04-24,,,,,,,,,,,,,,,,,,,,,,,86.7154,3.87,2.41,4.56,1.46,2.61,2.31,2.26,,20.06,2428.92,3.13,117.1,34.43,2.36
2008-04-25,,,,,,,,,,,,,,,,,,,,,,,86.8337,3.91,2.44,4.61,1.47,2.57,2.31,2.28,,19.59,2422.93,3.14,119.64,19.1,2.31
2008-04-26,,,,,,,,,,,,,,,,,,,,,,,,,,,,,,2.28,,,,,,46.31,
2008-04-27,,,,,,,,,,,,,,,,,,,,,,,,,,,,,,2.28,,,,,,7.94,
2008-04-28,,,,,,,,,,,,,,,,,,,,,,,86.7635,3.86,2.36,4.57,1.5,2.43,2.3,2.29,,19.64,2424.4,3.11,118.78,50.58,2.3
2008-04-29,,,,,,,,,,,,,,,,,,,,,,,86.873,3.85,2.35,4.55,1.5,2.39,2.29,2.21,,20.24,2426.1,3.11,115.67,8.09,2.29
2008-04-30,,,,,,,,,,,,,,,,,,,,,,,86.8907,3.77,2.29,4.49,1.48,2.34,2.27,2.37,,20.79,2412.8,3.1,113.7,89.92,2.28
2008-05-01,7725.5,1393.4,892986.0,215.208,214.936,205.624,1.98,1.778,137851.0,5.4,66.1,12696.2,10132.3,6.8,78.12047396086743,84.73,48.319723088065395,0.12,243.924,973.0,995.0,82.9,87.1347,3.78,2.37,4.49,1.41,2.33,2.26,2.16,,18.88,2480.71,3.04,112.6,14.48,2.25
2008-05-02,,,,,,,,,,,,,,,,,,,,,,,87.2311,3.89,2.47,4.57,1.42,2.39,2.36,1.88,,18.18,2476.99,2.97,116.36,18.72,2.4
2008-05-03,,,,,,,,,,,,,,,,,,,,,,,,,,,,,,1.88,,,,,,27.93,
2008-05-04,,,,,,,,,,,,,,,,,,,,,,,,,,,,,,1.88,,,,,,40.11,
2008-05-05,,,,,,,,,,,,,,,,,,,,,,,87.0636,3.88,2.42,4.58,1.46,2.35,2.35,1.85,,18.9,2464.12,3.01,119.94,19.4,2.41
2008-05-06,,,,,,,,,,,,,,,,,,,,,,,86.847,3.93,2.38,4.64,1.55,2.3,2.38,1.91,,18.21,2483.31,3.01,121.82,31.37,2.45
2008-05-07,,,,,,,,,,,,,,,,,,,,,,,87.3421,3.87,2.31,4.61,1.56,2.2,2.36,2.01,,19.73,2438.49,3.05,123.56,6.22,2.43
2008-05-08,,,,,,,,,,,,,,,,,,,,,,,87.4575,3.79,2.25,4.5,1.54,2.13,2.36,1.99,,19.4,2451.24,3.08,123.77,4.87,2.42
2008-05-09,,,,,,,,,,,,,,,,,,,,,,,87.2528,3.77,2.25,4.53,1.52,2.08,2.38,1.97,,19.41,2445.52,3.07,125.94,19.43,2.44
2008-05-10,,,,,,,,,,,,,,,,,,,,,,,,,,,,,,1.97,,,,,,19.14,
2008-05-11,,,,,,,,,,,,,,,,,,,,,,,,,,,,,,1.97,,,,,,15.93,
2008-05-12,,,,,,,,,,,,,,,,,,,,,,,87.0403,3.78,2.3,4.53,1.48,2.01,2.37,1.88,,17.79,2488.49,3.06,124.02,64.73,2.44
2008-05-13,,,,,,,,,,,,,,,,,,,,,,,87.1332,3.9,2.47,4.62,1.43,2.07,2.39,1.93,,17.98,2495.12,3.04,125.83,113.88,2.46
2008-05-14,,,,,,,,,,,,,,,,,,,,,,,87.3659,3.92,2.53,4.63,1.39,2.1,2.43,2.03,,17.66,2496.7,3.06,124.21,19.38,2.5
2008-05-15,,,,,,,,,,,,,,,,,,,,,,,87.1823,3.83,2.45,4.56,1.38,2.0,2.43,2.03,,16.3,2533.73,3.08,124.25,4.92,2.51
2008-05-16,,,,,,,,,,,,,,,,,,,,,,,86.7855,3.85,2.47,4.58,1.38,2.01,2.44,1.91,,16.47,2528.85,3.06,126.5,13.15,2.51
2008-05-17,,,,,,,,,,,,,,,,,,,,,,,,,,,,,,1.91,,,,,,76.66,
2008-05-18,,,,,,,,,,,,,,,,,,,,,,,,,,,,,,1.91,,,,,,48.7,
2008-05-19,,,,,,,,,,,,,,,,,,,,,,,86.8225,3.83,2.42,4.56,1.41,2.01,2.47,1.95,,17.01,2516.09,3.07,127.15,52.54,2.54
2008-05-20,,,,,,,,,,,,,,,,,,,,,,,86.5627,3.78,2.34,4.53,1.44,1.92,2.47,1.99,,17.58,2492.26,3.08,128.93,16.1,2.52
2008-05-21,,,,,,,,,,,,,,,,,,,,,,,86.1595,3.81,2.41,4.55,1.4,1.95,2.51,2.03,,18.59,2448.27,3.08,132.99,31.97,2.55
2008-05-22,,,,,,,,,,,,,,,,,,,,,,,86.3223,3.92,2.56,4.63,1.36,2.06,2.51,2.05,,18.05,2464.58,3.06,130.04,4.91,2.55
2008-05-23,,,,,,,,,,,,,,,,,,,,,,,86.1922,3.85,2.46,4.57,1.39,1.99,2.49,1.99,,19.55,2444.67,3.06,131.58,6.61,2.56
2008-05-24,,,,,,,,,,,,,,,,,,,,,,,,,,,,,,1.99,,,,,,39.19,
2008-05-25,,,,,,,,,,,,,,,,,,,,,,,,,,,,,,1.99,,,,,,8.32,
2008-05-26,,,,,,,,,,,,,,,,,,,,,,,86.19,,,,,,,1.99,,,,,,13.98,
2008-05-27,,,,,,,,,,,,,,,,,,,,,,,86.4459,3.93,2.55,4.65,1.38,2.04,2.47,2.23,,19.64,2481.24,3.08,128.81,28.62,2.54
2008-05-28,,,,,,,,,,,,,,,,,,,,,,,86.4951,4.03,2.62,4.71,1.41,2.14,2.45,2.08,,19.07,2486.7,3.03,131.0,13.47,2.51
2008-05-29,,,,,,,,,,,,,,,,,,,,,,,86.5616,4.08,2.67,4.76,1.41,2.18,2.46,2.01,,18.14,2508.32,3.04,126.7,5.2,2.52
2008-05-30,,,,,,,,,,,,,,,,,,,,,,,86.5504,4.06,2.66,4.72,1.4,2.17,2.48,1.98,,17.83,2522.66,3.0,127.35,6.65,2.56
2008-05-31,,,,,,,,,,,,,,,,,,,,,,,,,,,,,,1.98,,,,,,19.5,
2008-06-01,7744.2,1404.6,895392.0,217.463,215.424,208.604,2.0,1.601,137698.0,5.6,66.1,12376.6,10187.1,4.6,88.59038345630319,98.48,51.213192443622845,0.128,262.081,1046.0,1180.0,88.04,,,,,,,,1.98,,,,,,16.2,
2008-06-02,,,,,,,,,,,,,,,,,,,,,,,86.6321,3.98,2.51,4.68,1.47,2.13,2.47,2.06,,19.83,2491.53,3.05,127.75,10.46,2.54
2008-06-03,,,,,,,,,,,,,,,,,,,,,,,86.8359,3.92,2.45,4.63,1.47,2.07,2.41,1.95,,20.24,2480.48,3.03,124.33,16.49,2.46
2008-06-04,,,,,,,,,,,,,,,,,,,,,,,87.0999,3.98,2.47,4.71,1.51,2.14,2.39,1.98,,20.8,2503.14,3.04,122.3,13.54,2.46
2008-06-05,,,,,,,,,,,,,,,,,,,,,,,87.0968,4.06,2.52,4.75,1.54,2.21,2.43,1.98,,18.63,2549.94,3.01,127.93,15.78,2.49
2008-06-06,,,,,,,,,,,,,,,,,,,,,,,86.8028,3.94,2.4,4.65,1.54,2.09,2.47,2.01,,23.56,2474.56,3.04,138.51,40.57,2.49
2008-06-07,,,,,,,,,,,,,,,,,,,,,,,,,,,,,,2.01,,,,,,19.78,
2008-06-08,,,,,,,,,,,,,,,,,,,,,,,,,,,,,,2.01,,,,,,16.6,
2008-06-09,,,,,,,,,,,,,,,,,,,,,,,86.9096,4.02,2.73,4.64,1.29,2.13,2.48,2.02,,23.12,2459.46,2.94,134.44,63.46,2.48
2008-06-10,,,,,,,,,,,,,,,,,,,,,,,87.4705,4.11,2.91,4.7,1.2,2.09,2.49,1.96,,23.18,2448.94,2.94,131.38,49.07,2.5
2008-06-11,,,,,,,,,,,,,,,,,,,,,,,87.2059,4.1,2.83,4.72,1.27,2.14,2.48,1.95,,24.12,2394.01,2.97,136.43,6.64,2.45
2008-06-12,,,,,,,,,,,,,,,,,,,,,,,87.6187,4.23,3.03,4.77,1.2,2.23,2.5,2.01,,23.33,2404.35,2.9,136.91,15.28,2.46
2008-06-13,,,,,,,,,,,,,,,,,,,,,,,87.7622,4.27,3.05,4.79,1.22,2.28,2.5,2.02,,21.22,2454.5,2.9,134.84,20.47,2.44
2008-06-14,,,,,,,,,,,,,,,,,,,,,,,,,,,,,,2.02,,,,,,19.97,
2008-06-15,,,,,,,,,,,,,,,,,,,,,,,,,,,,,,2.02,,,,,,42.04,
2008-06-16,,,,,,,,,,,,,,,,,,,,,,,87.3911,4.25,3.02,4.77,1.23,2.18,2.49,2.06,,20.95,2474.78,2.92,134.52,64.77,2.4
2008-06-17,,,,,,,,,,,,,,,,,,,,,,,87.2103,4.23,2.94,4.78,1.29,2.24,2.48,1.87,,21.13,2457.73,2.94,133.99,24.69,2.41
2008-06-18,,,,,,,,,,,,,,,,,,,,,,,87.1872,4.16,2.89,4.72,1.27,2.23,2.48,1.84,,22.24,2429.71,2.95,136.54,6.44,2.39
2008-06-19,,,,,,,,,,,,,,,,,,,,,,,87.0815,4.22,2.99,4.76,1.23,2.31,2.47,1.94,,21.58,2462.06,2.92,131.88,21.15,2.39
2008-06-20,,,,,,,,,,,,,,,,,,,,,,,86.9036,4.16,2.88,4.71,1.28,2.29,2.44,1.99,,22.87,2406.09,2.95,134.78,162.06,2.35
2008-06-21,,,,,,,,,,,,,,,,,,,,,,,,,,,,,,1.99,,,,,,20.46,
2008-06-22,,,,,,,,,,,,,,,,,,,,,,,,,,,,,,1.99,,,,,,8.69,
2008-06-23,,,,,,,,,,,,,,,,,,,,,,,87.2163,4.19,2.98,4.71,1.21,2.32,2.44,1.98,,22.64,2385.74,2.93,135.98,10.98,2.32
2008-06-24,,,,,,,,,,,,,,,,,,,,,,,86.9666,4.1,2.87,4.65,1.23,2.27,2.46,1.93,,22.42,2368.28,2.98,136.49,40.47,2.35
2008-06-25,,,,,,,,,,,,,,,,,,,,,,,87.0535,4.12,2.82,4.65,1.3,2.31,2.47,1.97,,21.14,2401.26,2.96,133.92,6.39,2.37
2008-06-26,,,,,,,,,,,,,,,,,,,,,,,86.6793,4.07,2.68,4.62,1.39,2.33,2.52,2.05,,23.93,2321.37,3.0,138.91,10.53,2.4
2008-06-27,,,,,,,,,,,,,,,,,,,,,,,86.643,3.99,2.65,4.53,1.34,2.31,2.51,1.99,,23.44,2315.63,3.04,139.69,42.08,2.4
2008-06-28,,,,,,,,,,,,,,,,,,,,,,,,,,,,,,1.99,,,,,,115.47,
2008-06-29,,,,,,,,,,,,,,,,,,,,,,,,,,,,,,1.99,,,,,,51.99,
2008-06-30,,,,,,,,,,,,,,,,,,,,,,,86.7621,3.99,2.63,4.53,1.36,2.09,2.51,2.47,,23.95,2292.98,3.05,139.96,55.14,2.39
2008-07-01,7791.5,1421.1,905993.0,219.016,215.965,210.612,2.01,1.537,137498.0,5.8,66.1,12188.7,10185.1,3.6,94.51749178927092,101.75,94.88114732633971,0.131,271.149,923.0,921.0,95.44,86.8447,4.01,2.63,4.55,1.38,2.14,2.52,2.11,,23.65,2304.97,3.06,141.06,40.7,2.38
2008-07-02,,,,,,,,,,,,,,,,,,,,,,,86.4782,3.99,2.6,4.51,1.39,2.17,2.56,1.95,,25.92,2251.46,3.05,143.74,13.59,2.42
2008-07-03,,,,,,,,,,,,,,,,,,,,,,,86.8843,3.99,2.54,4.53,1.45,2.15,2.57,1.92,,24.79,2245.38,3.08,145.31,15.74,2.42
2008-07-04,,,,,,,,,,,,,,,,,,,,,,,86.8781,,,,,,,1.92,,,,,,27.55,
2008-07-05,,,,,,,,,,,,,,,,,,,,,,,,,,,,,,1.92,,,,,,85.86,
2008-07-06,,,,,,,,,,,,,,,,,,,,,,,,,,,,,,1.92,,,,,,8.82,
2008-07-07,,,,,,,,,,,,,,,,,,,,,,,86.9617,3.95,2.47,4.51,1.48,2.08,2.52,1.99,,25.78,2243.32,3.1,141.38,53.96,2.41
2008-07-08,,,,,,,,,,,,,,,,,,,,,,,86.9778,3.91,2.47,4.46,1.44,2.05,2.46,1.97,,23.15,2294.44,3.11,136.06,34.52,2.4
2008-07-09,,,,,,,,,,,,,,,,,,,,,,,86.5335,3.85,2.41,4.42,1.44,2.03,2.46,1.99,,25.23,2234.89,3.14,135.88,74.49,2.38
2008-07-10,,,,,,,,,,,,,,,,,,,,,,,86.5122,3.83,2.44,4.42,1.39,2.16,2.43,2.01,,25.59,2257.85,3.17,141.47,47.15,2.29
2008-07-11,,,,,,,,,,,,,,,,,,,,,,,86.221,3.96,2.59,4.52,1.37,2.34,2.48,1.97,,27.49,2239.08,3.15,144.96,42.51,2.36
2008-07-12,,,,,,,,,,,,,,,,,,,,,,,,,,,,,,1.97,,,,,,93.16,
2008-07-13,,,,,,,,,,,,,,,,,,,,,,,,,,,,,,1.97,,,,,,33.88,
2008-07-14,,,,,,,,,,,,,,,,,,,,,,,86.1079,3.9,2.47,4.47,1.43,2.38,2.47,2.06,,28.48,2212.87,3.16,145.16,236.35,2.36
2008-07-15,,,,,,,,,,,,,,,,,,,,,,,85.8731,3.87,2.39,4.48,1.48,2.48,2.47,2.16,,28.54,2215.71,3.22,138.68,337.31,2.39
2008-07-16,,,,,,,,,,,,,,,,,,,,,,,85.9285,3.97,2.44,4.59,1.53,2.6,2.49,1.95,,25.1,2284.85,3.24,134.63,107.94,2.42
2008-07-17,,,,,,,,,,,,,,,,,,,,,,,85.9387,4.07,2.58,4.65,1.49,2.64,2.47,2.03,,25.01,2312.3,3.2,129.43,73.46,2.4
2008-07-18,,,,,,,,,,,,,,,,,,,,,,,86.0735,4.11,2.66,4.66,1.45,2.63,2.46,1.96,,24.05,2282.78,3.17,128.94,49.06,2.42
2008-07-19,,,,,,,,,,,,,,,,,,,,,,,,,,,,,,1.96,,,,,,82.25,
2008-07-20,,,,,,,,,,,,,,,,,,,,,,,,,,,,,,1.96,,,,,,33.97,
2008-07-21,,,,,,,,,,,,,,,,,,,,,,,86.0151,4.09,2.66,4.64,1.43,2.61,2.43,1.98,,23.05,2279.53,3.18,131.43,10.77,2.39
2008-07-22,,,,,,,,,,,,,,,,,,,,,,,86.1909,4.14,2.74,4.67,1.4,2.59,2.43,1.97,,21.18,2303.96,3.13,127.25,33.92,2.44
2008-07-23,,,,,,,,,,,,,,,,,,,,,,,86.2664,4.16,2.81,4.69,1.35,2.57,2.36,2.04,,21.31,2325.88,3.14,123.73,19.78,2.43
2008-07-24,,,,,,,,,,,,,,,,,,,,,,,86.4017,4.03,2.61,4.6,1.42,2.38,2.34,2.06,,23.44,2280.11,3.19,124.62,26.83,2.4
2008-07-25,,,,,,,,,,,,,,,,,,,,,,,86.3916,4.13,2.7,4.69,1.43,2.38,2.34,2.13,,22.91,2310.53,3.17,122.59,20.72,2.44
2008-07-26,,,,,,,,,,,,,,,,,,,,,,,,,,,,,,2.13,,,,,,60.4,
2008-07-27,,,,,,,,,,,,,,,,,,,,,,,,,,,,,,2.13,,,,,,33.07,
2008-07-28,,,,,,,,,,,,,,,,,,,,,,,86.4666,4.06,2.59,4.63,1.47,2.33,2.36,2.0,,24.23,2264.22,3.16,124.72,20.55,2.47
2008-07-29,,,,,,,,,,,,,,,,,,,,,,,86.8175,4.09,2.65,4.64,1.44,2.37,2.33,2.05,,22.03,2319.62,3.13,122.21,33.67,2.48
2008-07-30,,,,,,,,,,,,,,,,,,,,,,,86.8167,4.07,2.64,4.64,1.43,2.37,2.36,2.03,,21.21,2329.72,3.17,126.74,12.97,2.5
2008-07-31,,,,,,,,,,,,,,,,,,,,,,,86.8567,3.99,2.52,4.59,1.47,2.31,2.34,2.09,,22.94,2325.55,3.22,124.17,5.06,2.52
2008-08-01,7806.1,1407.4,906234.0,218.69,216.393,210.016,2.0,1.431,137211.0,6.1,66.1,12120.6,10175.7,3.1,90.2158517891909,91.44,66.7889949827039,0.132,262.566,844.0,858.0,99.48,86.8257,3.97,2.51,4.57,1.46,2.31,2.34,2.04,,22.57,2310.96,3.21,125.03,6.7,2.51
2008-08-02,,,,,,,,,,,,,,,,,,,,,,,,,,,,,,2.04,,,,,,40.82,
2008-08-03,,,,,,,,,,,,,,,,,,,,,,,,,,,,,,2.04,,,,,,16.81,
2008-08-04,,,,,,,,,,,,,,,,,,,,,,,87.0611,3.98,2.53,4.58,1.45,2.23,2.34,1.97,,23.49,2285.56,3.22,121.45,20.81,2.54
2008-08-05,,,,,,,,,,,,,,,,,,,,,,,87.3281,4.04,2.54,4.63,1.5,2.29,2.3,1.97,,21.14,2349.83,3.2,118.71,33.38,2.5
2008-08-06,,,,,,,,,,,,,,,,,,,,,,,87.6004,4.06,2.56,4.68,1.5,2.42,2.27,2.01,,20.23,2378.37,3.24,118.57,25.34,2.46
2008-08-07,,,,,,,,,,,,,,,,,,,,,,,87.8732,3.92,2.43,4.56,1.49,2.26,2.24,1.96,,21.15,2355.73,3.25,119.84,72.57,2.39
2008-08-08,,,,,,,,,,,,,,,,,,,,,,,88.8939,3.94,2.51,4.55,1.43,2.24,2.22,2.01,,20.66,2414.1,3.23,115.42,27.76,2.4
2008-08-09,,,,,,,,,,,,,,,,,,,,,,,,,,,,,,2.01,,,,,,30.64,
2008-08-10,,,,,,,,,,,,,,,,,,,,,,,,,,,,,,2.01,,,,,,42.38,
2008-08-11,,,,,,,,,,,,,,,,,,,,,,,89.035,3.99,2.56,4.61,1.43,2.12,2.19,1.99,,20.12,2439.95,3.24,114.44,20.64,2.37
2008-08-12,,,,,,,,,,,,,,,,,,,,,,,89.1916,3.91,2.45,4.55,1.46,2.05,2.19,1.95,,21.17,2430.61,3.26,113.1,40.93,2.39
2008-08-13,,,,,,,,,,,,,,,,,,,,,,,89.3211,3.94,2.5,4.57,1.44,2.09,2.19,1.98,,21.55,2428.62,3.25,115.96,18.86,2.37
2008-08-14,,,,,,,,,,,,,,,,,,,,,,,89.3675,3.89,2.45,4.52,1.44,2.0,2.22,2.09,,20.34,2453.67,3.26,115.05,87.51,2.42
2008-08-15,,,,,,,,,,,,,,,,,,,,,,,89.7244,3.84,2.4,4.47,1.44,1.99,2.18,2.08,,19.58,2452.52,3.27,113.46,87.13,2.41
2008-08-16,,,,,,,,,,,,,,,,,,,,,,,,,,,,,,2.08,,,,,,59.85,
2008-08-17,,,,,,,,,,,,,,,,,,,,,,,,,,,,,,2.08,,,,,,93.76,
2008-08-18,,,,,,,,,,,,,,,,,,,,,,,89.5966,3.82,2.35,4.44,1.47,2.0,2.15,1.91,,20.98,2416.98,3.26,112.92,41.06,2.38
2008-08-19,,,,,,,,,,,,,,,,,,,,,,,89.6465,3.83,2.32,4.47,1.51,2.03,2.15,1.94,,21.28,2384.36,3.28,114.39,32.96,2.38
2008-08-20,,,,,,,,,,,,,,,,,,,,,,,89.6977,3.79,2.25,4.43,1.54,2.08,2.19,1.98,,20.42,2389.08,3.31,115.48,43.86,2.44
2008-08-21,,,,,,,,,,,,,,,,,,,,,,,88.9128,3.84,2.33,4.46,1.51,2.12,2.23,2.01,,19.82,2380.38,3.28,121.23,41.68,2.44
2008-08-22,,,,,,,,,,,,,,,,,,,,,,,89.2381,3.87,2.42,4.46,1.45,2.17,2.18,2.02,,18.81,2414.71,3.27,114.48,56.03,2.42
2008-08-23,,,,,,,,,,,,,,,,,,,,,,,,,,,,,,2.02,,,,,,39.72,
2008-08-24,,,,,,,,,,,,,,,,,,,,,,,,,,,,,,2.02,,,,,,23.35,
2008-08-25,,,,,,,,,,,,,,,,,,,,,,,89.3094,3.79,2.33,4.4,1.46,2.05,2.15,2.01,,20.97,2365.59,3.3,114.85,20.79,2.42
2008-08-26,,,,,,,,,,,,,,,,,,,,,,,89.7007,3.79,2.35,4.4,1.44,2.08,2.16,1.88,,20.49,2361.97,3.31,116.31,15.54,2.42
2008-08-27,,,,,,,,,,,,,,,,,,,,,,,89.6419,3.77,2.31,4.38,1.46,2.1,2.19,1.98,,19.76,2382.46,3.3,118.17,5.81,2.46
2008-08-28,,,,,,,,,,,,,,,,,,,,,,,89.8225,3.79,2.37,4.38,1.42,2.05,2.17,1.99,,19.43,2411.64,3.29,115.58,4.88,2.4
2008-08-29,,,,,,,,,,,,,,,,,,,,,,,90.0567,3.83,2.36,4.43,1.47,2.11,2.15,1.94,,20.65,2367.52,3.29,115.55,6.52,2.41
2008-08-30,,,,,,,,,,,,,,,,,,,,,,,,,,,,,,1.94,,,,,,18.67,
2008-08-31,,,,,,,,,,,,,,,,,,,,,,,,,,,,,,1.94,,,,,,32.85,
2008-09-01,7872.7,1462.0,1009474.0,218.877,216.713,210.075,1.81,1.481,136762.0,6.1,66.0,12149.0,10116.4,3.9,167.725194014987,183.97,202.1720929206172,0.13,260.125,820.0,797.0,99.8,90.08,,,,,,,1.94,,,,,,41.6,
2008-09-02,,,,,,,,,,,,,,,,,,,,,,,90.8438,3.74,2.26,4.36,1.48,2.02,2.05,1.96,,21.99,2349.24,3.33,109.63,89.39,2.38
2008-09-03,,,,,,,,,,,,,,,,,,,,,,,90.8286,3.71,2.26,4.32,1.45,2.01,2.0,2.01,,21.43,2333.73,3.32,109.38,56.34,2.34
2008-09-04,,,,,,,,,,,,,,,,,,,,,,,91.1621,3.64,2.2,4.27,1.44,1.95,1.94,1.99,,24.03,2259.04,3.37,107.99,20.35,2.29
2008-09-05,,,,,,,,,,,,,,,,,,,,,,,91.341,3.66,2.23,4.27,1.43,1.98,1.95,1.97,,23.06,2255.88,3.37,106.47,25.79,2.3
2008-09-06,,,,,,,,,,,,,,,,,,,,,,,,,,,,,,1.97,,,,,,54.55,
2008-09-07,,,,,,,,,,,,,,,,,,,,,,,,,,,,,,1.97,,,,,,8.21,
2008-09-08,,,,,,,,,,,,,,,,,,,,,,,91.663,3.66,2.3,4.26,1.36,1.95,1.98,1.92,,22.64,2269.76,3.37,106.35,60.82,2.34
2008-09-09,,,,,,,,,,,,,,,,,,,,,,,91.5779,3.62,2.23,4.2,1.39,1.96,1.93,1.96,,25.47,2209.81,3.35,103.23,62.24,2.34
2008-09-10,,,,,,,,,,,,,,,,,,,,,,,92.1283,3.65,2.22,4.23,1.43,2.0,1.95,2.12,,24.52,2228.7,3.37,102.66,47.94,2.38
2008-09-11,,,,,,,,,,,,,,,,,,,,,,,92.4901,3.64,2.18,4.2,1.46,2.03,1.97,2.0,,24.39,2258.22,3.41,100.95,9.82,2.43
2008-09-12,,,,,,,,,,,,,,,,,,,,,,,91.4706,3.74,2.23,4.32,1.51,2.25,1.95,2.1,,25.66,2261.27,3.43,101.19,38.74,2.4
2008-09-13,,,,,,,,,,,,,,,,,,,,,,,,,,,,,,2.1,,,,,,54.94,
2008-09-14,,,,,,,,,,,,,,,,,,,,,,,,,,,,,,2.1,,,,,,30.73,
2008-09-15,,,,,,,,,,,,,,,,,,,,,,,91.757,3.47,1.78,4.12,1.69,2.45,1.77,2.64,,31.7,2179.91,3.66,95.52,353.92,2.31
2008-09-16,,,,,,,,,,,,,,,,,,,,,,,92.0594,3.48,1.89,4.08,1.59,2.64,1.63,1.98,,30.3,2207.9,3.68,91.49,176.6,2.23
2008-09-17,,,,,,,,,,,,,,,,,,,,,,,92.0982,3.41,1.64,4.08,1.77,3.38,1.6,2.8,,36.22,2098.85,3.84,97.39,155.16,2.16
2008-09-18,,,,,,,,,,,,,,,,,,,,,,,91.7111,3.54,1.78,4.14,1.76,3.31,1.6,2.16,,33.1,2199.1,3.79,97.5,224.64,2.18
2008-09-19,,,,,,,,,,,,,,,,,,,,,,,91.0014,3.78,2.16,4.36,1.62,2.79,1.93,1.48,,32.07,2273.9,3.77,104.05,199.51,2.49
2008-09-20,,,,,,,,,,,,,,,,,,,,,,,,,,,,,,1.48,,,,,,395.62,
2008-09-21,,,,,,,,,,,,,,,,,,,,,,,,,,,,,,1.48,,,,,,81.62,
2008-09-22,,,,,,,,,,,,,,,,,,,,,,,90.1119,3.83,2.13,4.41,1.7,2.55,1.98,1.51,,33.85,2178.98,3.78,122.61,228.69,2.52
2008-09-23,,,,,,,,,,,,,,,,,,,,,,,90.1221,3.85,2.11,4.43,1.74,3.05,1.86,1.46,,35.72,2153.33,3.77,107.85,236.49,2.47
2008-09-24,,,,,,,,,,,,,,,,,,,,,,,90.4602,3.8,2.03,4.4,1.77,3.31,1.75,1.19,,35.19,2155.68,3.78,106.84,115.97,2.41
2008-09-25,,,,,,,,,,,,,,,,,,,,,,,90.4651,3.88,2.16,4.4,1.72,3.12,1.79,1.23,,32.82,2186.57,3.86,111.54,385.31,2.4
2008-09-26,,,,,,,,,,,,,,,,,,,,,,,90.6872,3.85,2.11,4.36,1.74,2.98,1.75,1.08,,34.74,2183.34,3.88,106.77,154.32,2.35
2008-09-27,,,,,,,,,,,,,,,,,,,,,,,,,,,,,,1.08,,,,,,260.34,
2008-09-28,,,,,,,,,,,,,,,,,,,,,,,,,,,,,,1.08,,,,,,215.74,
2008-09-29,,,,,,,,,,,,,,,,,,,,,,,91.3961,3.61,1.7,4.13,1.91,2.67,1.58,1.56,,46.72,1983.73,4.01,96.29,1117.23,2.22
2008-09-30,,,,,,,,,,,,,,,,,,,,,,,92.3773,3.85,2.0,4.31,1.85,2.93,1.6,2.03,,39.39,2082.33,4.0,100.7,504.44,2.23
2008-10-01,7975.3,1473.8,1727615.0,216.995,216.788,207.31,0.97,1.486,136293.0,6.5,66.0,12240.5,10034.1,4.9,205.89682437771495,243.47,181.9019391971883,0.126,238.065,777.0,736.0,92.28,92.511,3.77,1.82,4.22,1.95,2.92,1.51,1.15,,39.81,2069.4,4.1,98.23,272.19,2.07
2008-10-02,,,,,,,,,,,,,,,,,,,,,,,93.3792,3.66,1.62,4.16,2.04,3.03,1.49,0.67,,45.26,1976.72,4.31,93.84,192.94,2.05
2008-10-03,,,,,,,,,,,,,,,,,,,,,,,93.5414,3.63,1.6,4.11,2.03,3.12,1.45,1.1,,45.14,1947.39,4.35,93.91,111.06,1.94
2008-10-04,,,,,,,,,,,,,,,,,,,,,,,,,,,,,,1.1,,,,,,363.47,
2008-10-05,,,,,,,,,,,,,,,,,,,,,,,,,,,,,,1.1,,,,,,353.38,
2008-10-06,,,,,,,,,,,,,,,,,,,,,,,95.1629,3.48,1.43,3.99,2.05,2.94,1.27,1.96,,52.05,1862.96,4.43,88.15,459.7,1.79
2008-10-07,,,,,,,,,,,,,,,,,,,,,,,95.4889,3.5,1.47,4.01,2.03,2.68,1.18,2.97,,53.68,1754.88,4.55,90.18,274.72,1.74
2008-10-08,,,,,,,,,,,,,,,,,,,,,,,96.9684,3.72,1.65,4.09,2.07,3.04,1.03,2.24,,57.53,1740.33,4.49,88.94,373.6,1.63
2008-10-09,,,,,,,,,,,,,,,,,,,,,,,96.5143,3.84,1.65,4.14,2.19,3.24,1.05,1.4,,63.92,1645.12,4.48,86.5,245.39,1.63
2008-10-10,,,,,,,,,,,,,,,,,,,,,,,97.999,3.89,1.62,4.15,2.27,3.64,0.92,0.79,,69.95,1649.51,4.86,77.44,291.02,1.65
2008-10-11,,,,,,,,,,,,,,,,,,,,,,,,,,,,,,0.79,,,,,,413.58,
2008-10-12,,,,,,,,,,,,,,,,,,,,,,,,,,,,,,0.79,,,,,,238.62,
2008-10-13,,,,,,,,,,,,,,,,,,,,,,,97.9686,,,,,,,0.79,,54.99,1844.25,,81.17,313.62,
2008-10-14,,,,,,,,,,,,,,,,,,,,,,,96.2544,4.08,1.82,4.27,2.26,3.74,1.03,1.1,,55.13,1779.01,4.78,78.69,257.6,1.83
2008-10-15,,,,,,,,,,,,,,,,,,,,,,,97.2045,4.04,1.64,4.25,2.4,3.82,1.02,1.04,,69.25,1628.33,4.94,74.38,271.99,1.91
2008-10-16,,,,,,,,,,,,,,,,,,,,,,,98.368,3.99,1.61,4.25,2.38,3.53,0.97,0.83,,67.61,1717.71,5.09,69.81,158.38,1.99
2008-10-17,,,,,,,,,,,,,,,,,,,,,,,97.7255,3.98,1.64,4.32,2.34,3.15,1.11,0.6,,70.33,1711.29,5.45,71.9,236.39,2.19
2008-10-18,,,,,,,,,,,,,,,,,,,,,,,,,,,,,,0.6,,,,,,331.95,
2008-10-19,,,,,,,,,,,,,,,,,,,,,,,,,,,,,,0.6,,,,,,139.06,
2008-10-20,,,,,,,,,,,,,,,,,,,,,,,98.1605,3.91,1.71,4.26,2.2,2.67,1.15,0.7,,52.97,1770.03,5.52,74.08,230.8,2.22
2008-10-21,,,,,,,,,,,,,,,,,,,,,,,99.4242,3.76,1.58,4.2,2.18,2.66,1.13,0.67,,53.11,1696.68,5.6,71.29,197.4,2.4
2008-10-22,,,,,,,,,,,,,,,,,,,,,,,101.2131,3.65,1.53,4.07,2.12,2.6,1.06,0.81,,69.65,1615.75,5.6,66.92,154.31,2.38
2008-10-23,,,,,,,,,,,,,,,,,,,,,,,101.1071,3.63,1.54,3.99,2.09,2.65,0.96,0.93,,67.8,1603.91,5.48,67.17,125.66,2.33
2008-10-24,,,,,,,,,,,,,,,,,,,,,,,101.8442,3.76,1.57,4.11,2.19,2.87,0.74,0.95,,79.13,1552.03,5.54,63.34,156.97,2.3
2008-10-25,,,,,,,,,,,,,,,,,,,,,,,,,,,,,,0.95,,,,,,491.11,
2008-10-26,,,,,,,,,,,,,,,,,,,,,,,,,,,,,,0.95,,,,,,134.06,
2008-10-27,,,,,,,,,,,,,,,,,,,,,,,102.3415,3.79,1.59,4.12,2.2,2.95,0.77,0.92,,80.06,1505.9,5.6,61.92,275.38,2.64
2008-10-28,,,,,,,,,,,,,,,,,,,,,,,102.4236,3.89,1.65,4.19,2.24,3.12,0.83,0.67,,66.96,1649.47,5.59,62.8,161.95,2.74
2008-10-29,,,,,,,,,,,,,,,,,,,,,,,100.0967,3.93,1.58,4.26,2.35,3.31,0.88,0.36,,69.96,1657.21,5.58,67.45,93.15,2.75
2008-10-30,,,,,,,,,,,,,,,,,,,,,,,99.4568,4.0,1.59,4.3,2.41,3.59,0.94,0.3,,62.9,1698.52,5.52,65.79,61.32,2.72
2008-10-31,,,,,,,,,,,,,,,,,,,,,,,99.7662,4.01,1.56,4.35,2.45,3.55,0.87,0.22,,59.89,1720.95,5.53,68.1,132.24,2.73
2008-11-01,8027.3,1514.6,2145078.0,213.153,216.947,201.695,0.39,1.3769999999999998,135543.0,6.8,65.9,12345.9,9885.2,6.0,143.3748943919856,220.65,142.7077397772439,0.123,195.155,652.0,626.0,99.72,,,,,,,,0.22,,,,,,295.51,
2008-11-02,,,,,,,,,,,,,,,,,,,,,,,,,,,,,,0.22,,,,,,189.68,
2008-11-03,,,,,,,,,,,,,,,,,,,,,,,99.4345,3.96,1.45,4.33,2.51,3.47,0.87,0.23,,53.68,1726.33,5.53,63.93,278.65,2.72
2008-11-04,,,,,,,,,,,,,,,,,,,,,,,97.9957,3.81,1.39,4.2,2.42,3.33,0.93,0.23,,47.73,1780.12,5.56,70.41,328.58,2.78
2008-11-05,,,,,,,,,,,,,,,,,,,,,,,98.0953,3.73,1.36,4.13,2.37,3.33,0.97,0.23,,54.56,1681.64,5.53,65.41,99.14,2.88
2008-11-06,,,,,,,,,,,,,,,,,,,,,,,99.5364,3.75,1.28,4.19,2.47,3.43,0.94,0.23,,63.68,1608.7,5.5,60.72,109.53,2.94
2008-11-07,,,,,,,,,,,,,,,,,,,,,,,99.3944,3.83,1.33,4.25,2.5,3.52,0.97,0.27,,56.1,1647.4,5.45,61.06,52.76,2.98
2008-11-08,,,,,,,,,,,,,,,,,,,,,,,,,,,,,,0.27,,,,,,117.26,
2008-11-09,,,,,,,,,,,,,,,,,,,,,,,,,,,,,,0.27,,,,,,106.55,
2008-11-10,,,,,,,,,,,,,,,,,,,,,,,99.5897,3.82,1.27,4.21,2.55,3.53,0.98,0.29,,59.98,1616.74,5.4,62.19,136.6,3.01
2008-11-11,,,,,,,,,,,,,,,,,,,,,,,99.6041,,,,,,,0.29,,61.44,1580.9,,59.38,114.3,
2008-11-12,,,,,,,,,,,,,,,,,,,,,,,101.1947,3.75,1.19,4.17,2.56,3.57,0.96,0.35,,66.46,1499.21,5.41,55.95,130.98,3.05
2008-11-13,,,,,,,,,,,,,,,,,,,,,,,101.774,3.84,1.24,4.34,2.6,3.62,0.89,0.35,,59.83,1596.7,5.54,58.31,65.44,2.89
2008-11-14,,,,,,,,,,,,,,,,,,,,,,,100.9705,3.72,1.22,4.22,2.5,3.57,0.85,0.34,,66.31,1516.85,5.56,57.18,56.71,2.84
2008-11-15,,,,,,,,,,,,,,,,,,,,,,,,,,,,,,0.34,,,,,,144.65,
2008-11-16,,,,,,,,,,,,,,,,,,,,,,,,,,,,,,0.34,,,,,,126.51,
2008-11-17,,,,,,,,,,,,,,,,,,,,,,,101.1029,3.68,1.22,4.2,2.46,3.56,0.83,0.37,,69.15,1482.05,5.58,55.14,116.36,2.82
2008-11-18,,,,,,,,,,,,,,,,,,,,,,,101.3965,3.53,1.15,4.14,2.38,3.41,0.61,0.38,,67.64,1483.27,5.71,54.42,255.6,2.55
2008-11-19,,,,,,,,,,,,,,,,,,,,,,,101.8804,3.38,1.09,3.96,2.29,3.31,0.4,0.38,,74.26,1386.42,5.73,53.64,241.07,2.37
2008-11-20,,,,,,,,,,,,,,,,,,,,,,,103.2737,3.1,1.0,3.64,2.1,3.07,0.04,0.49,,80.86,1316.12,5.92,48.86,130.31,1.9
2008-11-21,,,,,,,,,,,,,,,,,,,,,,,103.6289,3.2,1.09,3.7,2.11,3.18,0.05,0.57,,72.67,1384.35,5.88,49.22,177.11,2.08
2008-11-22,,,,,,,,,,,,,,,,,,,,,,,,,,,,,,0.57,,,,,,335.72,
2008-11-23,,,,,,,,,,,,,,,,,,,,,,,,,,,,,,0.57,,,,,,247.9,
2008-11-24,,,,,,,,,,,,,,,,,,,,,,,101.502,3.35,1.31,3.78,2.04,3.22,0.24,0.62,,64.7,1472.02,5.86,53.63,429.15,2.48
2008-11-25,,,,,,,,,,,,,,,,,,,,,,,100.7997,3.11,1.15,3.63,1.96,3.01,0.32,0.59,,60.9,1464.73,6.01,50.02,242.12,2.76
2008-11-26,,,,,,,,,,,,,,,,,,,,,,,101.2566,2.99,1.09,3.54,1.9,2.94,0.31,0.53,,54.92,1532.1,6.06,54.2,243.6,2.92
2008-11-27,,,,,,,,,,,,,,,,,,,,,,,101.2564,,,,,,,0.53,,,,,,138.57,
2008-11-28,,,,,,,,,,,,,,,,,,,,,,,101.6468,2.93,1.0,3.45,1.93,2.92,0.33,0.52,,55.84,1535.57,6.1,55.21,119.51,2.97
2008-11-29,,,,,,,,,,,,,,,,,,,,,,,,,,,,,,0.52,,,,,,552.23,
2008-11-30,,,,,,,,,,,,,,,,,,,,,,,,,,,,,,0.52,,,,,,257.2,
2008-12-01,8205.0,1601.7,2222737.0,211.398,216.925,199.21,0.16,1.214,134847.0,7.3,65.8,12288.8,9801.5,5.8,145.80016599659427,165.28,113.55094716338265,0.124,176.583,560.0,554.0,99.84,102.1744,2.72,0.9,3.22,1.82,2.65,0.34,0.52,,68.51,1398.07,6.12,49.34,154.88,1.0
2008-12-02,,,,,,,,,,,,,,,,,,,,,,,101.9891,2.68,0.9,3.18,1.78,2.62,0.42,0.47,,62.98,1449.8,6.11,47.05,269.96,0.92
2008-12-03,,,,,,,,,,,,,,,,,,,,,,,102.4251,2.67,0.87,3.17,1.8,2.65,0.53,0.36,,60.72,1492.38,6.13,46.79,96.56,1.03
2008-12-04,,,,,,,,,,,,,,,,,,,,,,,102.0715,2.55,0.82,3.06,1.73,2.53,0.57,0.2,,63.64,1445.56,6.16,43.8,78.93,1.1
2008-12-05,,,,,,,,,,,,,,,,,,,,,,,103.4902,2.67,0.93,3.11,1.74,2.65,0.44,0.12,,59.93,1509.31,6.07,41.01,124.83,1.0
2008-12-06,,,,,,,,,,,,,,,,,,,,,,,,,,,,,,0.12,,,,,,206.12,
2008-12-07,,,,,,,,,,,,,,,,,,,,,,,,,,,,,,0.12,,,,,,67.49,
2008-12-08,,,,,,,,,,,,,,,,,,,,,,,101.7227,2.77,0.97,3.16,1.8,2.74,0.3,0.12,,58.49,1571.74,6.02,43.69,83.65,0.88
2008-12-09,,,,,,,,,,,,,,,,,,,,,,,101.7346,2.67,0.84,3.06,1.83,2.64,0.26,0.13,,58.91,1547.34,6.06,42.0,78.04,0.85
2008-12-10,,,,,,,,,,,,,,,,,,,,,,,101.2913,2.69,0.86,3.09,1.83,2.69,0.25,0.11,,55.73,1565.48,6.01,43.1,132.04,0.86
2008-12-11,,,,,,,,,,,,,,,,,,,,,,,99.5101,2.64,0.79,3.07,1.85,2.63,0.29,0.14,,55.78,1507.88,6.07,47.77,134.74,0.93
2008-12-12,,,,,,,,,,,,,,,,,,,,,,,100.319,2.6,0.78,3.07,1.82,2.58,0.17,0.15,,54.28,1540.72,6.08,46.27,19.87,0.72
2008-12-13,,,,,,,,,,,,,,,,,,,,,,,,,,,,,,0.15,,,,,,96.78,
2008-12-14,,,,,,,,,,,,,,,,,,,,,,,,,,,,,,0.15,,,,,,66.11,
2008-12-15,,,,,,,,,,,,,,,,,,,,,,,99.1001,2.53,0.75,2.98,1.78,2.5,0.1,0.18,,56.76,1508.34,6.1,44.61,113.14,0.79
2008-12-16,,,,,,,,,,,,,,,,,,,,,,,98.4771,2.37,0.65,2.86,1.72,2.33,0.16,0.17,,52.37,1589.89,6.11,43.84,152.21,0.62
2008-12-17,,,,,,,,,,,,,,,,,,,,,,,96.8227,2.2,0.73,2.66,1.47,2.15,0.34,0.12,,49.84,1579.31,6.02,40.17,62.26,0.59
2008-12-18,,,,,,,,,,,,,,,,,,,,,,,96.8447,2.08,0.68,2.53,1.4,2.08,0.23,0.11,,47.34,1552.37,6.03,36.73,30.51,0.57
2008-12-19,,,,,,,,,,,,,,,,,,,,,,,98.1278,2.13,0.74,2.55,1.39,2.11,0.15,0.11,,44.93,1564.32,5.94,33.17,88.16,0.61
2008-12-20,,,,,,,,,,,,,,,,,,,,,,,,,,,,,,0.11,,,,,,123.29,
2008-12-21,,,,,,,,,,,,,,,,,,,,,,,,,,,,,,0.11,,,,,,159.04,
2008-12-22,,,,,,,,,,,,,,,,,,,,,,,98.1643,2.16,0.87,2.6,1.29,2.15,0.15,0.11,,44.56,1532.35,5.93,31.1,132.32,0.67
2008-12-23,,,,,,,,,,,,,,,,,,,,,,,98.2698,2.18,0.9,2.63,1.28,2.16,0.15,0.11,,45.02,1521.54,5.94,30.28,136.1,0.57
2008-12-24,,,,,,,,,,,,,,,,,,,,,,,98.2249,2.2,0.9,2.63,1.3,2.2,0.13,0.11,,44.21,1524.9,5.9,32.94,113.5,0.53
2008-12-25,,,,,,,,,,,,,,,,,,,,,,,98.2419,,,,,,,0.11,,,,,,231.24,
2008-12-26,,,,,,,,,,,,,,,,,,,,,,,98.2594,2.16,0.89,2.61,1.27,2.13,0.13,0.09,,43.38,1530.24,5.9,37.58,187.92,0.54
2008-12-27,,,,,,,,,,,,,,,,,,,,,,,,,,,,,,0.09,,,,,,528.16,
2008-12-28,,,,,,,,,,,,,,,,,,,,,,,,,,,,,,0.09,,,,,,55.44,
2008-12-29,,,,,,,,,,,,,,,,,,,,,,,97.9359,2.13,0.78,2.63,1.35,2.07,0.11,0.1,,43.9,1510.32,5.92,39.89,132.21,0.43
2008-12-30,,,,,,,,,,,,,,,,,,,,,,,98.3833,2.11,0.75,2.58,1.36,2.01,0.09,0.09,,41.63,1550.7,5.86,38.95,237.74,0.43
2008-12-31,,,,,,,,,,,,,,,,,,,,,,,98.6518,2.25,0.76,2.69,1.49,2.14,0.11,0.14,,40.0,1577.03,5.82,44.6,202.28,0.48
2009-01-01,8289.4,1582.8,2033837.0,211.933,217.346,199.784,0.15,1.272,134078.0,7.8,65.7,12361.5,9847.2,5.9,146.2077932386957,215.22,71.87853069662651,0.126,178.661,490.0,545.0,99.82,,,,,,,,0.14,,,,,,199.53,
2009-01-02,,,,,,,,,,,,,,,,,,,,,,,98.6008,2.46,0.88,2.83,1.58,2.38,0.17,0.08,,39.19,1632.21,5.72,46.17,75.54,0.59
2009-01-03,,,,,,,,,,,,,,,,,,,,,,,,,,,,,,0.08,,,,,,324.25,
2009-01-04,,,,,,,,,,,,,,,,,,,,,,,,,,,,,,0.08,,,,,,823.76,
2009-01-05,,,,,,,,,,,,,,,,,,,,,,,98.9195,2.49,0.78,3.0,1.71,2.35,0.15,0.11,,39.08,1628.03,5.82,48.61,52.52,0.49
2009-01-06,,,,,,,,,,,,,,,,,,,,,,,98.7871,2.51,0.8,3.04,1.71,2.37,0.42,0.09,,38.56,1652.38,5.77,48.56,72.85,0.98
2009-01-07,,,,,,,,,,,,,,,,,,,,,,,98.089,2.52,0.82,3.05,1.7,2.41,0.47,0.11,,43.39,1599.06,5.71,42.75,74.41,1.03
2009-01-08,,,,,,,,,,,,,,,,,,,,,,,98.3223,2.47,0.83,3.04,1.64,2.38,0.5,0.1,,42.56,1617.01,5.71,41.68,48.86,1.08
2009-01-09,,,,,,,,,,,,,,,,,,,,,,,98.8752,2.43,0.75,3.04,1.68,2.36,0.56,0.09,,42.82,1571.59,5.72,40.69,6.93,1.21
2009-01-10,,,,,,,,,,,,,,,,,,,,,,,,,,,,,,0.09,,,,,,136.67,
2009-01-11,,,,,,,,,,,,,,,,,,,,,,,,,,,,,,0.09,,,,,,103.99,
2009-01-12,,,,,,,,,,,,,,,,,,,,,,,99.6022,2.34,0.74,2.99,1.6,2.22,0.59,0.1,,45.84,1538.79,5.71,37.65,111.28,1.28
2009-01-13,,,,,,,,,,,,,,,,,,,,,,,100.3597,2.33,0.76,3.0,1.57,2.22,0.59,0.1,,43.27,1546.46,5.72,37.77,77.77,1.21
2009-01-14,,,,,,,,,,,,,,,,,,,,,,,100.7546,2.24,0.73,2.89,1.51,2.12,0.45,0.15,,49.14,1489.64,5.68,37.43,72.74,1.03
2009-01-15,,,,,,,,,,,,,,,,,,,,,,,101.4653,2.23,0.73,2.86,1.5,2.12,0.45,0.18,,51.0,1511.84,5.68,35.41,70.13,1.0
2009-01-16,,,,,,,,,,,,,,,,,,,,,,,100.711,2.36,0.73,2.89,1.63,2.24,0.55,0.19,,46.11,1529.33,5.55,35.38,88.69,1.1
2009-01-17,,,,,,,,,,,,,,,,,,,,,,,,,,,,,,0.19,,,,,,144.63,
2009-01-18,,,,,,,,,,,,,,,,,,,,,,,,,,,,,,0.19,,,,,,50.2,
2009-01-19,,,,,,,,,,,,,,,,,,,,,,,,,,,,,,0.19,,,,,,42.7,
2009-01-20,,,,,,,,,,,,,,,,,,,,,,,,2.4,0.73,2.97,1.67,2.27,0.58,0.2,,56.65,1440.86,5.55,38.57,113.75,1.13
2009-01-21,,,,,,,,,,,,,,,,,,,,,,,102.1007,2.56,0.78,3.15,1.78,2.45,0.58,0.23,,46.42,1507.07,5.58,42.56,146.2,1.12
2009-01-22,,,,,,,,,,,,,,,,,,,,,,,101.8432,2.62,0.75,3.25,1.87,2.52,0.65,0.21,,47.29,1465.49,5.62,42.33,100.58,1.21
2009-01-23,,,,,,,,,,,,,,,,,,,,,,,102.1096,2.65,0.83,3.32,1.82,2.54,0.72,0.18,,47.27,1477.29,5.63,45.12,67.76,1.35
2009-01-24,,,,,,,,,,,,,,,,,,,,,,,,,,,,,,0.18,,,,,,105.86,
2009-01-25,,,,,,,,,,,,,,,,,,,,,,,,,,,,,,0.18,,,,,,59.52,
2009-01-26,,,,,,,,,,,,,,,,,,,,,,,100.9764,2.7,0.85,3.39,1.85,2.56,0.78,0.19,,45.69,1489.46,5.6,46.5,145.73,1.46
2009-01-27,,,,,,,,,,,,,,,,,,,,,,,101.1702,2.59,0.87,3.26,1.72,2.46,0.82,0.18,,42.25,1504.9,5.47,41.67,22.64,1.49
2009-01-28,,,,,,,,,,,,,,,,,,,,,,,100.5461,2.71,0.89,3.44,1.82,2.52,0.9,0.19,,39.66,1558.34,5.49,42.04,48.79,1.55
2009-01-29,,,,,,,,,,,,,,,,,,,,,,,101.3398,2.87,0.95,3.57,1.92,2.64,1.04,0.23,,42.63,1507.84,5.41,41.58,33.51,1.79
2009-01-30,,,,,,,,,,,,,,,,,,,,,,,102.1169,2.87,0.94,3.58,1.93,2.63,1.14,0.23,,44.84,1476.42,5.38,41.73,34.28,1.91
2009-01-31,,,,,,,,,,,,,,,,,,,,,,,,,,,,,,0.23,,,,,,86.09,
2009-02-01,8319.6,1567.2,1881629.0,212.705,217.792,200.822,0.22,1.277,133317.0,8.3,65.8,12241.9,9824.5,5.4,147.7463645369612,238.86,145.24662625226426,0.126,183.721,582.0,558.0,99.72,,,,,,,,0.23,,,,,,24.6,
2009-02-02,,,,,,,,,,,,,,,,,,,,,,,102.5067,2.76,0.89,3.47,1.87,2.49,1.07,0.24,,45.52,1494.43,5.33,41.35,93.42,1.81
2009-02-03,,,,,,,,,,,,,,,,,,,,,,,101.8506,2.89,0.96,3.64,1.93,2.57,1.13,0.24,,43.06,1516.3,5.32,40.87,117.26,1.83
2009-02-04,,,,,,,,,,,,,,,,,,,,,,,101.9056,2.95,0.98,3.65,1.97,2.65,1.17,0.24,,43.85,1515.05,5.29,40.27,60.43,1.83
2009-02-05,,,,,,,,,,,,,,,,,,,,,,,101.9517,2.95,0.98,3.63,1.97,2.66,1.11,0.23,,43.73,1546.24,5.23,41.15,48.86,1.71
2009-02-06,,,,,,,,,,,,,,,,,,,,,,,101.7455,3.05,0.99,3.7,2.06,2.77,1.23,0.23,,43.37,1591.71,5.13,40.24,72.59,1.76
2009-02-07,,,,,,,,,,,,,,,,,,,,,,,,,,,,,,0.23,,,,,,104.39,
2009-02-08,,,,,,,,,,,,,,,,,,,,,,,,,,,,,,0.23,,,,,,33.71,
2009-02-09,,,,,,,,,,,,,,,,,,,,,,,100.9637,3.07,1.05,3.69,2.02,2.75,1.41,0.22,,43.64,1591.56,5.09,39.58,59.94,1.89
2009-02-10,,,,,,,,,,,,,,,,,,,,,,,101.7094,2.9,0.92,3.54,1.98,2.59,1.25,0.24,,46.67,1524.73,5.08,37.54,141.03,1.74
2009-02-11,,,,,,,,,,,,,,,,,,,,,,,102.24,2.78,0.93,3.45,1.85,2.48,1.12,0.22,,44.53,1530.5,5.1,35.93,76.45,1.58
2009-02-12,,,,,,,,,,,,,,,,,,,,,,,102.598,2.75,0.89,3.47,1.86,2.46,1.14,0.23,,41.25,1541.71,5.16,34.03,85.95,1.77
2009-02-13,,,,,,,,,,,,,,,,,,,,,,,102.2958,2.89,0.97,3.68,1.92,2.6,1.21,0.22,,42.93,1534.36,5.24,37.63,102.49,1.75
2009-02-14,,,,,,,,,,,,,,,,,,,,,,,,,,,,,,0.22,,,,,,246.43,
2009-02-15,,,,,,,,,,,,,,,,,,,,,,,,,,,,,,0.22,,,,,,60.83,
2009-02-16,,,,,,,,,,,,,,,,,,,,,,,,,,,,,,0.22,,,,,,52.52,
2009-02-17,,,,,,,,,,,,,,,,,,,,,,,103.7625,2.64,0.87,3.47,1.77,2.32,1.11,0.25,,48.66,1470.66,5.28,34.96,142.74,1.77
2009-02-18,,,,,,,,,,,,,,,,,,,,,,,104.0385,2.74,0.97,3.54,1.77,2.43,1.11,0.23,,48.46,1467.97,5.21,34.67,36.43,1.72
2009-02-19,,,,,,,,,,,,,,,,,,,,,,,103.7656,2.85,1.01,3.68,1.84,2.55,1.12,0.21,,47.08,1442.82,5.27,39.6,33.47,1.62
2009-02-20,,,,,,,,,,,,,,,,,,,,,,,104.0244,2.78,0.96,3.56,1.82,2.51,1.11,0.2,,49.3,1441.23,5.25,39.35,102.0,1.65
2009-02-21,,,,,,,,,,,,,,,,,,,,,,,,,,,,,,0.2,,,,,,170.06,
2009-02-22,,,,,,,,,,,,,,,,,,,,,,,,,,,,,,0.2,,,,,,56.27,
2009-02-23,,,,,,,,,,,,,,,,,,,,,,,103.7416,2.78,0.96,3.53,1.82,2.49,1.08,0.19,,52.62,1387.72,5.24,37.66,166.27,1.56
2009-02-24,,,,,,,,,,,,,,,,,,,,,,,103.9829,2.8,1.03,3.49,1.77,2.48,0.98,0.21,,45.49,1441.83,5.23,38.86,281.65,1.43
2009-02-25,,,,,,,,,,,,,,,,,,,,,,,104.3086,2.95,1.09,3.59,1.86,2.65,0.97,0.21,,44.67,1425.43,5.18,41.64,97.71,1.34
2009-02-26,,,,,,,,,,,,,,,,,,,,,,,104.1813,2.98,1.08,3.66,1.9,2.71,0.96,0.22,,44.66,1391.47,5.23,43.18,107.51,1.33
2009-02-27,,,,,,,,,,,,,,,,,,,,,,,104.9284,3.02,1.0,3.71,2.02,2.76,0.96,0.22,,46.35,1377.84,5.22,44.15,46.51,1.34
2009-02-28,,,,,,,,,,,,,,,,,,,,,,,,,,,,,,0.22,,,,,,169.84,
2009-03-01,8386.7,1578.9,1984832.0,212.495,218.253,200.418,0.18,1.3230000000000002,132492.0,8.7,65.6,12242.7,9773.2,5.8,132.2351517949948,189.93,93.09614136219304,0.126,178.415,505.0,513.0,99.74,,,,,,,,0.22,,,,,,121.91,
2009-03-02,,,,,,,,,,,,,,,,,,,,,,,105.9617,2.91,0.89,3.64,2.02,2.63,0.91,0.22,,52.65,1322.85,5.29,40.07,108.53,1.3
2009-03-03,,,,,,,,,,,,,,,,,,,,,,,106.0249,2.93,0.91,3.67,2.02,2.66,0.91,0.2,,50.93,1321.01,5.34,41.57,93.35,1.4
2009-03-04,,,,,,,,,,,,,,,,,,,,,,,105.4558,3.01,0.97,3.69,2.04,2.75,0.92,0.21,,47.56,1353.74,5.31,45.28,30.54,1.37
2009-03-05,,,,,,,,,,,,,,,,,,,,,,,105.8064,2.83,0.9,3.51,1.93,2.63,0.85,0.2,,50.17,1299.59,5.34,43.54,53.08,1.28
2009-03-06,,,,,,,,,,,,,,,,,,,,,,,105.3937,2.83,0.91,3.5,1.92,2.62,0.81,0.2,,49.33,1293.85,5.35,45.43,121.15,1.25
2009-03-07,,,,,,,,,,,,,,,,,,,,,,,,,,,,,,0.2,,,,,,391.62,
2009-03-08,,,,,,,,,,,,,,,,,,,,,,,,,,,,,,0.2,,,,,,219.76,
2009-03-09,,,,,,,,,,,,,,,,,,,,,,,106.0182,2.89,0.96,3.59,1.93,2.66,0.83,0.2,,49.68,1268.64,5.4,47.01,277.66,1.28
2009-03-10,,,,,,,,,,,,,,,,,,,,,,,105.1153,2.99,1.01,3.7,1.98,2.75,0.84,0.2,,44.37,1358.28,5.45,45.68,53.12,1.3
2009-03-11,,,,,,,,,,,,,,,,,,,,,,,104.8499,2.95,1.03,3.67,1.92,2.72,0.92,0.19,,43.61,1371.64,5.45,42.46,91.36,1.45
2009-03-12,,,,,,,,,,,,,,,,,,,,,,,104.89,2.89,1.03,3.63,1.86,2.67,1.01,0.18,,41.18,1426.1,5.52,46.91,190.9,1.51
2009-03-13,,,,,,,,,,,,,,,,,,,,,,,104.1106,2.89,0.98,3.66,1.91,2.69,1.02,0.15,,42.36,1431.5,5.56,46.22,74.8,1.54
2009-03-14,,,,,,,,,,,,,,,,,,,,,,,,,,,,,,0.15,,,,,,205.12,
2009-03-15,,,,,,,,,,,,,,,,,,,,,,,,,,,,,,0.15,,,,,,85.57,
2009-03-16,,,,,,,,,,,,,,,,,,,,,,,103.2005,2.97,1.0,3.76,1.97,2.73,1.09,0.2,,43.74,1404.02,5.57,47.33,58.83,1.62
2009-03-17,,,,,,,,,,,,,,,,,,,,,,,103.2305,3.02,1.05,3.83,1.97,2.78,1.12,0.2,,40.8,1462.11,5.6,48.97,15.22,1.65
2009-03-18,,,,,,,,,,,,,,,,,,,,,,,103.0005,2.51,0.82,3.57,1.69,2.3,1.23,0.18,,40.06,1491.22,5.88,48.12,61.4,1.86
2009-03-19,,,,,,,,,,,,,,,,,,,,,,,100.3951,2.61,0.87,3.62,1.74,2.41,1.3,0.17,,43.68,1483.48,5.84,51.46,121.58,1.94
2009-03-20,,,,,,,,,,,,,,,,,,,,,,,101.0581,2.65,0.89,3.65,1.76,2.43,1.22,0.18,,45.89,1457.27,5.86,51.55,56.69,1.81
2009-03-21,,,,,,,,,,,,,,,,,,,,,,,,,,,,,,0.18,,,,,,104.1,
2009-03-22,,,,,,,,,,,,,,,,,,,,,,,,,,,,,,0.18,,,,,,61.86,
2009-03-23,,,,,,,,,,,,,,,,,,,,,,,101.103,2.68,0.93,3.69,1.75,2.46,1.28,0.17,,43.23,1555.77,5.88,53.05,111.21,1.92
2009-03-24,,,,,,,,,,,,,,,,,,,,,,,101.0319,2.68,0.93,3.6,1.75,2.47,1.32,0.17,,42.93,1516.52,5.8,53.36,68.51,1.91
2009-03-25,,,,,,,,,,,,,,,,,,,,,,,100.9674,2.81,0.96,3.73,1.85,2.62,1.37,0.17,,42.25,1528.95,5.79,52.24,114.91,1.92
2009-03-26,,,,,,,,,,,,,,,,,,,,,,,101.097,2.76,0.9,3.66,1.86,2.61,1.46,0.16,,40.36,1587.0,5.76,53.87,130.42,1.97
2009-03-27,,,,,,,,,,,,,,,,,,,,,,,101.8388,2.78,0.9,3.62,1.88,2.64,1.4,0.15,,41.04,1545.2,5.72,52.41,34.32,1.9
2009-03-28,,,,,,,,,,,,,,,,,,,,,,,,,,,,,,0.15,,,,,,166.63,
2009-03-29,,,,,,,,,,,,,,,,,,,,,,,,,,,,,,0.15,,,,,,35.2,
2009-03-30,,,,,,,,,,,,,,,,,,,,,,,102.749,2.73,0.84,3.6,1.89,2.55,1.34,0.16,,45.54,1501.8,5.75,48.49,147.02,1.9
2009-03-31,,,,,,,,,,,,,,,,,,,,,,,102.3761,2.71,0.81,3.56,1.9,2.5,1.28,0.16,,44.14,1528.59,5.74,49.64,110.24,1.83
2009-04-01,8391.4,1611.6,2123506.0,212.709,218.706,200.633,0.15,1.402,131821.0,9.0,65.7,12320.0,9772.5,6.5,103.5282129109252,139.22,71.0436356717149,0.125,177.552,478.0,521.0,97.28,102.1252,2.68,0.83,3.51,1.85,2.46,1.31,0.16,,42.28,1551.6,5.7,48.46,104.91,1.9
2009-04-02,,,,,,,,,,,,,,,,,,,,,,,100.8733,2.77,0.88,3.57,1.89,2.55,1.33,0.16,,42.04,1602.63,5.69,52.61,58.5,1.92
2009-04-03,,,,,,,,,,,,,,,,,,,,,,,100.6429,2.91,0.96,3.7,1.95,2.7,1.38,0.13,,39.7,1621.87,5.68,52.52,30.45,1.96
2009-04-04,,,,,,,,,,,,,,,,,,,,,,,,,,,,,,0.13,,,,,,131.4,
2009-04-05,,,,,,,,,,,,,,,,,,,,,,,,,,,,,,0.13,,,,,,26.17,
2009-04-06,,,,,,,,,,,,,,,,,,,,,,,100.9428,2.95,0.94,3.73,2.01,2.75,1.43,0.14,,40.93,1606.71,5.68,51.1,19.99,1.98
2009-04-07,,,,,,,,,,,,,,,,,,,,,,,100.9808,2.93,0.91,3.72,2.02,2.73,1.32,0.14,,40.39,1561.61,5.67,49.13,46.79,1.84
2009-04-08,,,,,,,,,,,,,,,,,,,,,,,100.8948,2.86,0.93,3.66,1.93,2.68,1.29,0.14,,38.85,1590.66,5.64,49.37,24.33,1.8
2009-04-09,,,,,,,,,,,,,,,,,,,,,,,100.7988,2.96,0.96,3.76,2.0,2.78,1.34,0.14,,36.53,1652.54,5.61,52.24,16.1,1.86
2009-04-10,,,,,,,,,,,,,,,,,,,,,,,100.7597,,,,,,,0.15,,,,,,28.09,
2009-04-11,,,,,,,,,,,,,,,,,,,,,,,,,,,,,,0.15,,,,,,74.98,
2009-04-12,,,,,,,,,,,,,,,,,,,,,,,,,,,,,,0.15,,,,,,98.9,
2009-04-13,,,,,,,,,,,,,,,,,,,,,,,100.1369,2.88,0.89,3.69,1.99,2.7,1.33,0.13,,37.81,1653.31,5.6,50.22,170.87,1.89
2009-04-14,,,,,,,,,,,,,,,,,,,,,,,99.9097,2.8,0.86,3.64,1.94,2.63,1.28,0.16,,37.67,1625.72,5.6,49.51,53.65,1.81
2009-04-15,,,,,,,,,,,,,,,,,,,,,,,100.1497,2.82,0.86,3.66,1.96,2.67,1.27,0.16,,36.17,1626.8,5.53,49.26,89.9,1.85
2009-04-16,,,,,,,,,,,,,,,,,,,,,,,100.0517,2.86,0.91,3.72,1.95,2.73,1.27,0.15,,35.79,1670.44,5.52,49.97,21.74,1.81
2009-04-17,,,,,,,,,,,,,,,,,,,,,,,100.5719,2.98,0.99,3.79,1.99,2.84,1.28,0.13,,33.94,1673.07,5.43,50.36,40.6,1.83
2009-04-18,,,,,,,,,,,,,,,,,,,,,,,,,,,,,,0.13,,,,,,80.53,
2009-04-19,,,,,,,,,,,,,,,,,,,,,,,,,,,,,,0.13,,,,,,26.07,
2009-04-20,,,,,,,,,,,,,,,,,,,,,,,101.448,2.88,0.93,3.69,1.95,2.74,1.22,0.14,,39.18,1608.21,5.35,45.82,49.86,1.83
2009-04-21,,,,,,,,,,,,,,,,,,,,,,,101.1794,2.94,0.96,3.74,1.98,2.79,1.25,0.15,,37.14,1643.85,5.3,46.65,45.36,1.88
2009-04-22,,,,,,,,,,,,,,,,,,,,,,,101.1142,2.98,1.0,3.82,1.98,2.84,1.33,0.15,,38.1,1646.12,5.33,47.41,59.98,2.02
2009-04-23,,,,,,,,,,,,,,,,,,,,,,,101.0065,2.96,0.97,3.8,1.99,2.86,1.44,0.17,,37.15,1652.21,5.3,48.46,109.96,2.25
2009-04-24,,,,,,,,,,,,,,,,,,,,,,,100.0244,3.03,0.99,3.89,2.04,2.93,1.5,0.16,,36.82,1694.29,5.25,50.65,31.19,2.28
2009-04-25,,,,,,,,,,,,,,,,,,,,,,,,,,,,,,0.16,,,,,,48.66,
2009-04-26,,,,,,,,,,,,,,,,,,,,,,,,,,,,,,0.16,,,,,,37.57,
2009-04-27,,,,,,,,,,,,,,,,,,,,,,,100.7258,2.95,0.9,3.84,2.05,2.82,1.47,0.17,,38.32,1679.41,5.3,49.29,77.25,2.2
2009-04-28,,,,,,,,,,,,,,,,,,,,,,,101.3145,3.05,0.95,3.97,2.1,2.92,1.51,0.16,,37.95,1673.81,5.24,49.01,107.11,2.21
2009-04-29,,,,,,,,,,,,,,,,,,,,,,,100.0009,3.12,0.94,4.01,2.18,3.01,1.53,0.18,,36.08,1711.94,5.17,50.19,89.91,2.19
2009-04-30,,,,,,,,,,,,,,,,,,,,,,,100.1042,3.16,0.91,4.05,2.25,3.02,1.47,0.2,,36.5,1717.3,5.08,50.35,42.72,2.12
2009-05-01,8449.5,1617.5,2134464.0,213.022,218.904,201.048,0.18,1.481,131468.0,9.4,65.7,12500.1,9791.6,7.8,103.56914751146776,122.91,88.83601038763258,0.126,179.83,540.0,556.0,90.16,100.0057,3.21,0.92,4.09,2.29,3.05,1.41,0.22,,35.3,1719.2,5.01,52.18,45.43,2.03
2009-05-02,,,,,,,,,,,,,,,,,,,,,,,,,,,,,,0.22,,,,,,50.03,
2009-05-03,,,,,,,,,,,,,,,,,,,,,,,,,,,,,,0.22,,,,,,44.44,
2009-05-04,,,,,,,,,,,,,,,,,,,,,,,99.134,3.19,0.94,4.06,2.25,3.0,1.42,0.22,,34.53,1763.56,4.98,54.45,20.13,2.0
2009-05-05,,,,,,,,,,,,,,,,,,,,,,,98.8529,3.2,0.98,4.06,2.22,3.01,1.43,0.2,,33.36,1754.12,4.93,53.81,52.24,2.0
2009-05-06,,,,,,,,,,,,,,,,,,,,,,,98.9044,3.18,0.96,4.09,2.22,2.99,1.44,0.18,,32.45,1759.1,4.91,56.29,17.93,1.95
2009-05-07,,,,,,,,,,,,,,,,,,,,,,,98.552,3.29,1.0,4.25,2.29,3.11,1.55,0.18,,33.44,1716.24,4.9,56.67,26.69,2.05
2009-05-08,,,,,,,,,,,,,,,,,,,,,,,98.1269,3.29,1.0,4.28,2.29,3.1,1.52,0.17,,32.05,1739.0,4.85,58.58,26.48,2.0
2009-05-09,,,,,,,,,,,,,,,,,,,,,,,,,,,,,,0.17,,,,,,30.32,
2009-05-10,,,,,,,,,,,,,,,,,,,,,,,,,,,,,,0.17,,,,,,17.29,
2009-05-11,,,,,,,,,,,,,,,,,,,,,,,97.747,3.17,0.92,4.18,2.25,2.98,1.47,0.17,,32.87,1731.24,4.88,57.79,30.82,1.94
2009-05-12,,,,,,,,,,,,,,,,,,,,,,,97.8269,3.17,0.9,4.16,2.27,2.98,1.48,0.16,,31.8,1715.92,4.86,58.81,22.91,1.97
2009-05-13,,,,,,,,,,,,,,,,,,,,,,,98.0276,3.11,0.89,4.09,2.22,2.94,1.44,0.16,,33.65,1664.19,4.86,58.0,29.91,1.92
2009-05-14,,,,,,,,,,,,,,,,,,,,,,,98.1271,3.1,0.87,4.06,2.23,2.94,1.42,0.16,,31.37,1689.21,4.87,58.58,16.37,1.88
2009-05-15,,,,,,,,,,,,,,,,,,,,,,,98.1063,3.14,0.88,4.09,2.26,2.97,1.48,0.17,,33.12,1680.14,4.85,56.52,13.61,1.96
2009-05-16,,,,,,,,,,,,,,,,,,,,,,,,,,,,,,0.17,,,,,,60.27,
2009-05-17,,,,,,,,,,,,,,,,,,,,,,,,,,,,,,0.17,,,,,,8.85,
2009-05-18,,,,,,,,,,,,,,,,,,,,,,,97.9412,3.22,0.93,4.18,2.29,3.03,1.56,0.16,,30.24,1732.36,4.85,58.99,10.14,2.09
2009-05-19,,,,,,,,,,,,,,,,,,,,,,,97.2827,3.25,0.91,4.21,2.34,3.07,1.6,0.15,,28.8,1734.54,4.79,59.52,7.62,2.11
2009-05-20,,,,,,,,,,,,,,,,,,,,,,,96.5707,3.19,0.87,4.14,2.32,3.01,1.63,0.14,,29.03,1727.84,4.74,61.45,48.0,2.17
2009-05-21,,,,,,,,,,,,,,,,,,,,,,,96.6039,3.35,0.89,4.3,2.46,3.16,1.68,0.17,,31.35,1695.25,4.7,60.49,21.91,2.23
2009-05-22,,,,,,,,,,,,,,,,,,,,,,,95.8788,3.45,0.92,4.38,2.53,3.27,1.73,0.17,,32.63,1692.01,4.66,61.15,21.27,2.27
2009-05-23,,,,,,,,,,,,,,,,,,,,,,,,,,,,,,0.17,,,,,,115.88,
2009-05-24,,,,,,,,,,,,,,,,,,,,,,,,,,,,,,0.17,,,,,,9.09,
2009-05-25,,,,,,,,,,,,,,,,,,,,,,,,,,,,,,0.17,,,,,,132.22,
2009-05-26,,,,,,,,,,,,,,,,,,,,,,,95.988,3.5,0.96,4.45,2.54,3.32,1.78,0.18,,30.62,1750.43,4.62,62.48,27.05,2.31
2009-05-27,,,,,,,,,,,,,,,,,,,,,,,95.9622,3.71,0.96,4.59,2.75,3.54,1.88,0.17,,32.36,1731.08,4.48,63.41,20.94,2.39
2009-05-28,,,,,,,,,,,,,,,,,,,,,,,96.1313,3.67,0.97,4.54,2.7,3.52,1.8,0.17,,31.67,1751.79,4.38,65.09,34.29,2.27
2009-05-29,,,,,,,,,,,,,,,,,,,,,,,95.268,3.47,0.92,4.34,2.55,3.33,1.8,0.19,,28.92,1774.33,4.29,66.31,7.01,2.24
2009-05-30,,,,,,,,,,,,,,,,,,,,,,,,,,,,,,0.19,,,,,,20.41,
2009-05-31,,,,,,,,,,,,,,,,,,,,,,,,,,,,,,0.19,,,,,,26.48,
2009-06-01,8459.5,1658.8,2057023.0,214.79,219.112,203.603,0.21,1.3630000000000002,131007.0,9.5,65.7,12273.2,9852.4,6.1,109.78916704138948,107.17,44.0260669570884,0.132,197.033,585.0,601.0,67.48,94.8107,3.71,0.97,4.55,2.74,3.58,1.91,0.21,,30.04,1828.68,4.26,68.59,31.41,2.29
2009-06-02,,,,,,,,,,,,,,,,,,,,,,,94.6556,3.65,0.96,4.5,2.69,3.51,1.96,0.2,,29.63,1836.8,4.14,68.58,23.78,2.33
2009-06-03,,,,,,,,,,,,,,,,,,,,,,,95.0751,3.56,0.91,4.45,2.65,3.42,1.88,0.21,,31.02,1825.92,4.1,66.14,44.07,2.26
2009-06-04,,,,,,,,,,,,,,,,,,,,,,,95.2922,3.72,0.96,4.58,2.76,3.58,1.89,0.2,,30.18,1850.02,4.05,68.8,17.06,2.23
2009-06-05,,,,,,,,,,,,,,,,,,,,,,,96.0412,3.84,1.32,4.63,2.52,3.64,1.96,0.21,,29.62,1849.42,3.95,68.43,35.18,2.21
2009-06-06,,,,,,,,,,,,,,,,,,,,,,,,,,,,,,0.21,,,,,,74.35,
2009-06-07,,,,,,,,,,,,,,,,,,,,,,,,,,,,,,0.21,,,,,,8.97,
2009-06-08,,,,,,,,,,,,,,,,,,,,,,,96.6548,3.91,1.42,4.65,2.49,3.72,1.97,0.21,,29.77,1842.4,3.81,68.05,10.54,2.23
2009-06-09,,,,,,,,,,,,,,,,,,,,,,,95.9537,3.86,1.33,4.64,2.53,3.67,1.98,0.18,,28.27,1860.13,3.85,70.02,8.11,2.21
2009-06-10,,,,,,,,,,,,,,,,,,,,,,,96.1277,3.98,1.38,4.76,2.6,3.8,2.07,0.18,,28.46,1853.08,3.77,71.38,21.51,2.29
2009-06-11,,,,,,,,,,,,,,,,,,,,,,,95.4993,3.88,1.35,4.69,2.53,3.69,1.99,0.17,,28.11,1862.37,3.79,72.69,17.29,2.2
2009-06-12,,,,,,,,,,,,,,,,,,,,,,,95.836,3.81,1.3,4.65,2.51,3.62,1.9,0.17,,28.15,1858.8,3.79,72.13,14.12,2.13
2009-06-13,,,,,,,,,,,,,,,,,,,,,,,,,,,,,,0.17,,,,,,21.69,
2009-06-14,,,,,,,,,,,,,,,,,,,,,,,,,,,,,,0.17,,,,,,36.23,
2009-06-15,,,,,,,,,,,,,,,,,,,,,,,96.7519,3.76,1.26,4.61,2.5,3.59,1.86,0.22,,30.81,1816.38,3.76,70.54,21.36,2.12
2009-06-16,,,,,,,,,,,,,,,,,,,,,,,96.2616,3.67,1.23,4.48,2.44,3.5,1.79,0.22,,32.68,1796.18,3.74,70.47,17.02,2.05
2009-06-17,,,,,,,,,,,,,,,,,,,,,,,96.64,3.68,1.19,4.5,2.49,3.51,1.73,0.24,,31.54,1808.06,3.67,71.07,25.92,2.03
2009-06-18,,,,,,,,,,,,,,,,,,,,,,,96.1482,3.86,1.28,4.63,2.58,3.68,1.88,0.25,,30.03,1807.72,3.61,71.42,39.51,2.23
2009-06-19,,,,,,,,,,,,,,,,,,,,,,,96.0325,3.79,1.25,4.52,2.54,3.6,1.88,0.25,,27.99,1827.47,3.54,69.6,7.25,2.22
2009-06-20,,,,,,,,,,,,,,,,,,,,,,,,,,,,,,0.25,,,,,,90.49,
2009-06-21,,,,,,,,,,,,,,,,,,,,,,,,,,,,,,0.25,,,,,,18.51,
2009-06-22,,,,,,,,,,,,,,,,,,,,,,,96.8818,3.72,1.17,4.45,2.55,3.52,1.83,0.24,,31.17,1766.19,3.51,67.09,122.02,2.22
2009-06-23,,,,,,,,,,,,,,,,,,,,,,,96.5196,3.65,1.14,4.37,2.51,3.45,1.81,0.24,,30.58,1764.92,3.53,68.81,16.51,2.19
2009-06-24,,,,,,,,,,,,,,,,,,,,,,,96.2369,3.72,1.19,4.44,2.53,3.53,1.79,0.21,,29.05,1792.34,3.52,68.14,13.21,2.24
2009-06-25,,,,,,,,,,,,,,,,,,,,,,,96.7072,3.55,1.12,4.33,2.43,3.37,1.73,0.19,,26.36,1829.54,3.64,69.7,17.95,2.13
2009-06-26,,,,,,,,,,,,,,,,,,,,,,,96.1935,3.52,1.1,4.3,2.42,3.32,1.67,0.18,,25.93,1838.22,3.65,69.16,131.86,2.13
2009-06-27,,,,,,,,,,,,,,,,,,,,,,,,,,,,,,0.18,,,,,,33.49,
2009-06-28,,,,,,,,,,,,,,,,,,,,,,,,,,,,,,0.18,,,,,,18.7,
2009-06-29,,,,,,,,,,,,,,,,,,,,,,,96.242,3.51,1.11,4.31,2.4,3.31,1.68,0.17,,25.35,1844.06,3.69,71.47,34.08,2.15
2009-06-30,,,,,,,,,,,,,,,,,,,,,,,96.3761,3.53,1.11,4.32,2.42,3.34,1.75,0.22,,26.35,1835.04,3.64,69.82,66.72,2.16
2009-07-01,8463.8,1662.5,2022073.0,214.726,219.263,203.65,0.16,1.386,130662.0,9.5,65.5,12218.7,9886.3,5.4,101.19830197640472,121.46,46.60460583559683,0.131,195.778,594.0,595.0,3.7,95.6581,3.55,1.05,4.34,2.5,3.38,1.72,0.2,,26.22,1845.72,3.65,69.32,6.63,2.09
2009-07-02,,,,,,,,,,,,,,,,,,,,,,,96.3216,3.51,0.98,4.32,2.53,3.34,1.64,0.17,,27.95,1796.52,3.63,66.68,6.05,2.01
2009-07-03,,,,,,,,,,,,,,,,,,,,,,,,,,,,,,0.16,,,,,,9.04,
2009-07-04,,,,,,,,,,,,,,,,,,,,,,,,,,,,,,0.16,,,,,,166.13,
2009-07-05,,,,,,,,,,,,,,,,,,,,,,,,,,,,,,0.16,,,,,,50.76,
2009-07-06,,,,,,,,,,,,,,,,,,,,,,,96.6174,3.52,0.96,4.35,2.56,3.33,1.49,0.18,,29.0,1787.4,3.66,64.06,11.38,1.76
2009-07-07,,,,,,,,,,,,,,,,,,,,,,,96.6321,3.47,0.98,4.31,2.49,3.28,1.6,0.18,,30.85,1746.17,3.66,62.88,85.81,1.98
2009-07-08,,,,,,,,,,,,,,,,,,,,,,,97.0204,3.33,0.91,4.17,2.42,3.15,1.54,0.16,,31.3,1747.17,3.66,60.15,27.83,1.96
2009-07-09,,,,,,,,,,,,,,,,,,,,,,,96.6219,3.44,0.94,4.31,2.5,3.25,1.57,0.15,,29.78,1752.55,3.71,60.36,88.64,2.04
2009-07-10,,,,,,,,,,,,,,,,,,,,,,,97.0819,3.32,0.91,4.2,2.41,3.14,1.52,0.15,,29.02,1756.03,3.71,59.93,14.95,1.98
2009-07-11,,,,,,,,,,,,,,,,,,,,,,,,,,,,,,0.15,,,,,,56.8,
2009-07-12,,,,,,,,,,,,,,,,,,,,,,,,,,,,,,0.15,,,,,,39.23,
2009-07-13,,,,,,,,,,,,,,,,,,,,,,,96.9995,3.38,0.92,4.25,2.46,3.2,1.54,0.13,,26.31,1793.21,3.7,59.69,20.53,2.02
2009-07-14,,,,,,,,,,,,,,,,,,,,,,,96.6599,3.5,0.97,4.38,2.53,3.32,1.64,0.13,,25.02,1799.73,3.68,59.62,16.71,2.13
2009-07-15,,,,,,,,,,,,,,,,,,,,,,,95.8004,3.63,1.03,4.48,2.6,3.45,1.76,0.14,,25.89,1862.9,3.63,61.49,27.42,2.25
2009-07-16,,,,,,,,,,,,,,,,,,,,,,,95.7241,3.59,1.0,4.45,2.59,3.4,1.77,0.15,,25.42,1885.03,3.6,62.07,12.08,2.26
2009-07-17,,,,,,,,,,,,,,,,,,,,,,,95.6036,3.67,1.02,4.53,2.65,3.5,1.86,0.15,,24.34,1886.61,3.56,63.56,14.92,2.35
2009-07-18,,,,,,,,,,,,,,,,,,,,,,,,,,,,,,0.15,,,,,,33.75,
2009-07-19,,,,,,,,,,,,,,,,,,,,,,,,,,,,,,0.15,,,,,,37.84,
2009-07-20,,,,,,,,,,,,,,,,,,,,,,,95.0903,3.61,0.99,4.47,2.62,3.42,1.88,0.15,,24.4,1909.29,3.55,63.93,32.25,2.36
2009-07-21,,,,,,,,,,,,,,,,,,,,,,,95.0564,3.5,0.96,4.38,2.54,3.31,1.79,0.14,,23.87,1916.2,3.55,64.81,54.65,2.25
2009-07-22,,,,,,,,,,,,,,,,,,,,,,,94.8659,3.58,0.98,4.45,2.6,3.39,1.83,0.14,,23.47,1926.38,3.53,64.58,6.65,2.32
2009-07-23,,,,,,,,,,,,,,,,,,,,,,,94.532,3.72,1.08,4.58,2.64,3.53,1.92,0.15,,23.43,1973.6,3.48,66.1,11.86,2.41
2009-07-24,,,,,,,,,,,,,,,,,,,,,,,94.7046,3.7,1.05,4.55,2.65,3.52,1.89,0.15,,23.09,1965.96,3.41,66.96,7.41,2.39
2009-07-25,,,,,,,,,,,,,,,,,,,,,,,,,,,,,,0.15,,,,,,43.91,
2009-07-26,,,,,,,,,,,,,,,,,,,,,,,,,,,,,,0.15,,,,,,9.13,
2009-07-27,,,,,,,,,,,,,,,,,,,,,,,94.6659,3.75,1.08,4.62,2.67,3.56,1.9,0.16,,24.28,1967.89,3.4,68.34,21.21,2.38
2009-07-28,,,,,,,,,,,,,,,,,,,,,,,94.5592,3.72,1.12,4.56,2.6,3.53,1.86,0.15,,25.01,1975.51,3.32,67.24,71.05,2.34
2009-07-29,,,,,,,,,,,,,,,,,,,,,,,95.1678,3.69,1.17,4.5,2.52,3.5,1.85,0.17,,25.61,1967.76,3.23,63.42,119.69,2.31
2009-07-30,,,,,,,,,,,,,,,,,,,,,,,94.8967,3.67,1.19,4.44,2.48,3.49,1.89,0.17,,25.4,1984.3,3.13,66.9,29.21,2.4
2009-07-31,,,,,,,,,,,,,,,,,,,,,,,94.2526,3.52,1.13,4.31,2.39,3.34,1.81,0.18,,25.92,1978.5,3.11,69.26,29.94,2.3
2009-08-01,8463.3,1660.0,2034911.0,215.445,219.496,204.516,0.16,1.314,130472.0,9.6,65.4,12194.8,10004.1,4.4,98.202760312519,94.86,46.04740415972305,0.13,201.583,586.0,616.0,0.88,,,,,,,,0.18,,,,,,89.11,
2009-08-02,,,,,,,,,,,,,,,,,,,,,,,,,,,,,,0.18,,,,,,73.7,
2009-08-03,,,,,,,,,,,,,,,,,,,,,,,93.6331,3.66,1.18,4.42,2.48,3.47,1.88,0.18,,25.56,2008.61,3.04,71.59,10.59,2.38
2009-08-04,,,,,,,,,,,,,,,,,,,,,,,93.7281,3.7,1.2,4.45,2.5,3.52,1.89,0.17,,24.89,2011.31,2.99,71.4,24.51,2.36
2009-08-05,,,,,,,,,,,,,,,,,,,,,,,93.7848,3.8,1.23,4.57,2.57,3.62,1.95,0.17,,24.9,1993.05,2.95,71.97,6.46,2.46
2009-08-06,,,,,,,,,,,,,,,,,,,,,,,93.9358,3.79,1.22,4.53,2.57,3.62,1.92,0.17,,25.67,1973.16,2.9,71.96,11.95,2.45
2009-08-07,,,,,,,,,,,,,,,,,,,,,,,94.4692,3.89,1.32,4.61,2.57,3.7,2.01,0.17,,24.76,2000.25,2.85,70.97,14.87,2.54
2009-08-08,,,,,,,,,,,,,,,,,,,,,,,,,,,,,,0.17,,,,,,33.16,
2009-08-09,,,,,,,,,,,,,,,,,,,,,,,,,,,,,,0.17,,,,,,27.74,
2009-08-10,,,,,,,,,,,,,,,,,,,,,,,94.6087,3.8,1.24,4.52,2.56,3.61,1.97,0.17,,24.99,1992.24,2.85,70.59,31.75,2.52
2009-08-11,,,,,,,,,,,,,,,,,,,,,,,94.8678,3.71,1.21,4.44,2.5,3.53,1.91,0.16,,25.99,1969.73,2.88,69.46,33.43,2.46
2009-08-12,,,,,,,,,,,,,,,,,,,,,,,94.5394,3.72,1.18,4.53,2.54,3.55,1.88,0.15,,25.45,1998.72,2.97,70.08,19.84,2.42
2009-08-13,,,,,,,,,,,,,,,,,,,,,,,94.2392,3.59,1.12,4.44,2.47,3.42,1.79,0.15,,24.71,2009.35,2.99,70.57,5.98,2.34
2009-08-14,,,,,,,,,,,,,,,,,,,,,,,94.475,3.55,1.07,4.41,2.48,3.37,1.7,0.15,,24.27,1985.52,3.02,67.51,22.32,2.27
2009-08-15,,,,,,,,,,,,,,,,,,,,,,,,,,,,,,0.15,,,,,,124.62,
2009-08-16,,,,,,,,,,,,,,,,,,,,,,,,,,,,,,0.15,,,,,,18.86,
2009-08-17,,,,,,,,,,,,,,,,,,,,,,,95.1024,3.48,1.04,4.33,2.44,3.3,1.69,0.17,,27.89,1930.84,3.08,66.72,10.9,2.3
2009-08-18,,,,,,,,,,,,,,,,,,,,,,,95.1118,3.51,1.06,4.35,2.45,3.33,1.73,0.17,,26.18,1955.92,3.07,69.22,71.52,2.3
2009-08-19,,,,,,,,,,,,,,,,,,,,,,,94.4084,3.45,1.01,4.28,2.44,3.28,1.75,0.17,,26.26,1969.24,3.1,72.54,20.36,2.3
2009-08-20,,,,,,,,,,,,,,,,,,,,,,,94.3492,3.42,1.03,4.24,2.39,3.25,1.82,0.17,,25.09,1989.22,3.09,72.4,34.28,2.34
2009-08-21,,,,,,,,,,,,,,,,,,,,,,,94.0103,3.56,1.13,4.36,2.43,3.39,1.87,0.16,,25.01,2020.9,3.06,73.12,14.52,2.38
2009-08-22,,,,,,,,,,,,,,,,,,,,,,,,,,,,,,0.16,,,,,,44.33,
2009-08-23,,,,,,,,,,,,,,,,,,,,,,,,,,,,,,0.16,,,,,,36.51,
2009-08-24,,,,,,,,,,,,,,,,,,,,,,,93.9345,3.48,1.05,4.27,2.43,3.31,1.81,0.16,,25.14,2017.98,3.05,73.68,44.45,2.33
2009-08-25,,,,,,,,,,,,,,,,,,,,,,,93.9066,3.45,1.05,4.22,2.4,3.28,1.73,0.15,,24.92,2024.23,3.01,71.6,42.39,2.25
2009-08-26,,,,,,,,,,,,,,,,,,,,,,,94.8662,3.44,1.06,4.2,2.38,3.29,1.72,0.15,,24.95,2024.43,2.98,71.38,6.36,2.24
2009-08-27,,,,,,,,,,,,,,,,,,,,,,,94.7943,3.47,1.04,4.23,2.43,3.32,1.72,0.14,,24.68,2027.73,2.96,72.49,5.81,2.23
2009-08-28,,,,,,,,,,,,,,,,,,,,,,,94.4489,3.46,1.01,4.21,2.45,3.31,1.7,0.14,,24.76,2028.77,2.95,72.72,7.28,2.22
2009-08-29,,,,,,,,,,,,,,,,,,,,,,,,,,,,,,0.14,,,,,,104.54,
2009-08-30,,,,,,,,,,,,,,,,,,,,,,,,,,,,,,0.14,,,,,,98.94,
2009-08-31,,,,,,,,,,,,,,,,,,,,,,,94.6202,3.4,0.97,4.18,2.43,3.25,1.64,0.15,,26.01,2009.06,2.98,69.97,117.95,2.16
2009-09-01,8461.8,1664.9,2122220.0,215.861,219.92,205.145,0.15,1.258,130247.0,9.8,65.1,12230.6,9927.8,5.5,99.3631090383095,91.2,71.1810665304195,0.13,202.777,585.0,609.0,0.38,95.2201,3.38,0.92,4.19,2.46,3.24,1.64,0.15,,29.15,1968.89,3.01,68.11,39.94,2.17
2009-09-02,,,,,,,,,,,,,,,,,,,,,,,95.1575,3.29,0.89,4.09,2.4,3.15,1.58,0.16,,28.9,1967.07,2.99,68.03,38.69,2.09
2009-09-03,,,,,,,,,,,,,,,,,,,,,,,94.959,3.33,0.91,4.15,2.42,3.18,1.64,0.15,,27.1,1983.2,3.0,67.9,33.92,2.13
2009-09-04,,,,,,,,,,,,,,,,,,,,,,,94.5811,3.45,0.94,4.27,2.51,3.31,1.75,0.15,,25.26,2018.78,3.0,67.95,48.02,2.26
2009-09-05,,,,,,,,,,,,,,,,,,,,,,,,,,,,,,0.15,,,,,,71.35,
2009-09-06,,,,,,,,,,,,,,,,,,,,,,,,,,,,,,0.15,,,,,,79.37,
2009-09-07,,,,,,,,,,,,,,,,,,,,,,,,,,,,,,0.15,,,,,,49.0,
2009-09-08,,,,,,,,,,,,,,,,,,,,,,,93.7323,3.47,0.93,4.31,2.54,3.33,1.81,0.15,,25.62,2037.77,2.98,71.08,37.66,2.3
2009-09-09,,,,,,,,,,,,,,,,,,,,,,,93.6915,3.48,0.93,4.33,2.55,3.34,1.82,0.15,,24.32,2060.39,3.01,71.27,36.59,2.28
2009-09-10,,,,,,,,,,,,,,,,,,,,,,,93.6947,3.36,0.9,4.19,2.46,3.22,1.77,0.16,,23.55,2084.02,2.96,71.95,10.98,2.22
2009-09-11,,,,,,,,,,,,,,,,,,,,,,,93.3225,3.34,0.9,4.18,2.44,3.2,1.75,0.15,,24.15,2080.9,2.97,69.34,46.66,2.14
2009-09-12,,,,,,,,,,,,,,,,,,,,,,,,,,,,,,0.15,,,,,,97.6,
2009-09-13,,,,,,,,,,,,,,,,,,,,,,,,,,,,,,0.15,,,,,,8.35,
2009-09-14,,,,,,,,,,,,,,,,,,,,,,,93.6196,3.42,0.94,4.22,2.48,3.28,1.77,0.16,,23.86,2091.78,2.94,68.86,30.66,2.13
2009-09-15,,,,,,,,,,,,,,,,,,,,,,,93.4427,3.47,0.96,4.27,2.51,3.34,1.83,0.17,,23.42,2102.64,2.93,70.81,7.68,2.21
2009-09-16,,,,,,,,,,,,,,,,,,,,,,,92.9072,3.48,1.01,4.26,2.47,3.38,1.86,0.17,,23.69,2133.15,2.91,72.5,6.12,2.2
2009-09-17,,,,,,,,,,,,,,,,,,,,,,,92.8287,3.42,0.98,4.19,2.44,3.32,1.8,0.16,,23.65,2126.75,2.87,72.48,5.4,2.14
2009-09-18,,,,,,,,,,,,,,,,,,,,,,,93.1233,3.49,1.03,4.24,2.46,3.41,1.81,0.16,,23.92,2132.86,2.85,71.95,20.14,2.17
2009-09-19,,,,,,,,,,,,,,,,,,,,,,,,,,,,,,0.16,,,,,,29.37,
2009-09-20,,,,,,,,,,,,,,,,,,,,,,,,,,,,,,0.16,,,,,,33.8,
2009-09-21,,,,,,,,,,,,,,,,,,,,,,,93.3547,3.49,1.02,4.23,2.47,3.38,1.8,0.15,,24.06,2138.04,2.86,69.74,130.08,2.21
2009-09-22,,,,,,,,,,,,,,,,,,,,,,,92.8664,3.46,1.02,4.2,2.44,3.35,1.81,0.15,,23.08,2146.3,2.84,71.5,24.55,2.2
2009-09-23,,,,,,,,,,,,,,,,,,,,,,,92.979,3.44,0.96,4.21,2.48,3.33,1.81,0.15,,23.49,2131.42,2.84,68.74,6.07,2.22
2009-09-24,,,,,,,,,,,,,,,,,,,,,,,93.4708,3.4,0.93,4.17,2.47,3.3,1.76,0.14,,24.95,2107.61,2.86,65.74,10.77,2.16
2009-09-25,,,,,,,,,,,,,,,,,,,,,,,93.5535,3.34,0.98,4.1,2.36,3.24,1.74,0.13,,25.61,2090.92,2.83,65.91,13.55,2.12
2009-09-26,,,,,,,,,,,,,,,,,,,,,,,,,,,,,,0.13,,,,,,58.97,
2009-09-27,,,,,,,,,,,,,,,,,,,,,,,,,,,,,,0.13,,,,,,93.11,
2009-09-28,,,,,,,,,,,,,,,,,,,,,,,93.4669,3.31,0.98,4.04,2.33,3.2,1.74,0.13,,24.88,2130.74,2.81,66.69,41.08,2.13
2009-09-29,,,,,,,,,,,,,,,,,,,,,,,93.7776,3.31,1.0,4.03,2.31,3.18,1.72,0.11,,25.19,2124.04,2.81,66.56,16.39,2.1
2009-09-30,,,,,,,,,,,,,,,,,,,,,,,93.1907,3.31,0.95,4.03,2.36,3.17,1.75,0.07,,25.61,2122.42,2.86,70.46,24.19,2.13
2009-10-01,8488.1,1677.7,2173382.0,216.509,220.501,205.968,0.12,1.404,130062.0,10.0,65.0,12193.2,9976.7,5.1,86.31598114971602,81.96,30.44925687135483,0.126,204.719,534.0,583.0,0.34,93.5995,3.21,0.87,3.97,2.34,3.11,1.71,0.11,,28.27,2057.48,2.9,70.67,21.82,2.09
2009-10-02,,,,,,,,,,,,,,,,,,,,,,,93.6756,3.24,0.88,4.01,2.36,3.14,1.7,0.13,,28.68,2048.11,2.93,69.8,87.07,2.07
2009-10-03,,,,,,,,,,,,,,,,,,,,,,,,,,,,,,0.13,,,,,,19.64,
2009-10-04,,,,,,,,,,,,,,,,,,,,,,,,,,,,,,0.13,,,,,,17.0,
2009-10-05,,,,,,,,,,,,,,,,,,,,,,,93.3356,3.24,0.88,4.01,2.36,3.16,1.73,0.13,,26.84,2068.15,2.95,70.26,20.05,2.14
2009-10-06,,,,,,,,,,,,,,,,,,,,,,,92.619,3.27,0.91,4.07,2.36,3.19,1.74,0.12,,25.7,2103.57,2.94,70.71,22.99,2.11
2009-10-07,,,,,,,,,,,,,,,,,,,,,,,92.794,3.21,0.87,3.99,2.34,3.12,1.76,0.13,,24.68,2110.33,2.92,69.6,6.88,2.17
2009-10-08,,,,,,,,,,,,,,,,,,,,,,,92.2074,3.27,0.9,4.09,2.37,3.21,1.78,0.12,,24.18,2123.93,2.96,71.69,21.33,2.17
2009-10-09,,,,,,,,,,,,,,,,,,,,,,,92.2984,3.4,0.98,4.22,2.42,3.33,1.84,0.12,,23.12,2139.28,2.96,71.75,13.38,2.22
2009-10-10,,,,,,,,,,,,,,,,,,,,,,,,,,,,,,0.12,,,,,,19.27,
2009-10-11,,,,,,,,,,,,,,,,,,,,,,,,,,,,,,0.12,,,,,,8.52,
2009-10-12,,,,,,,,,,,,,,,,,,,,,,,,,,,,,,0.12,,23.01,2139.14,,73.24,30.57,
2009-10-13,,,,,,,,,,,,,,,,,,,,,,,91.8273,3.34,0.91,4.16,2.43,3.27,1.88,0.12,,22.99,2139.89,2.95,74.1,16.25,2.29
2009-10-14,,,,,,,,,,,,,,,,,,,,,,,91.5047,3.45,0.96,4.28,2.49,3.38,1.94,0.12,,22.86,2172.23,2.96,75.2,36.94,2.37
2009-10-15,,,,,,,,,,,,,,,,,,,,,,,91.4367,3.49,0.97,4.31,2.52,3.42,1.99,0.13,,21.72,2173.29,2.96,77.55,5.53,2.42
2009-10-16,,,,,,,,,,,,,,,,,,,,,,,91.6541,3.43,0.97,4.24,2.46,3.36,1.98,0.12,,21.43,2156.8,2.93,78.54,6.53,2.39
2009-10-17,,,,,,,,,,,,,,,,,,,,,,,,,,,,,,0.12,,,,,,57.24,
2009-10-18,,,,,,,,,,,,,,,,,,,,,,,,,,,,,,0.12,,,,,,16.92,
2009-10-19,,,,,,,,,,,,,,,,,,,,,,,91.4406,3.41,0.99,4.21,2.42,3.33,2.03,0.12,,21.49,2176.32,2.91,79.47,29.68,2.43
2009-10-20,,,,,,,,,,,,,,,,,,,,,,,91.801,3.35,0.95,4.16,2.4,3.27,1.98,0.12,,20.9,2163.47,2.91,78.87,62.4,2.39
2009-10-21,,,,,,,,,,,,,,,,,,,,,,,91.3805,3.42,1.0,4.22,2.42,3.35,1.99,0.11,,22.22,2150.73,2.89,81.03,17.66,2.43
2009-10-22,,,,,,,,,,,,,,,,,,,,,,,91.6075,3.44,0.97,4.24,2.47,3.38,1.95,0.11,,20.69,2165.29,2.88,80.82,16.02,2.39
2009-10-23,,,,,,,,,,,,,,,,,,,,,,,91.7331,3.51,1.04,4.29,2.47,3.44,2.0,0.11,,22.27,2154.47,2.8,80.11,33.04,2.44
2009-10-24,,,,,,,,,,,,,,,,,,,,,,,,,,,,,,0.11,,,,,,88.91,
2009-10-25,,,,,,,,,,,,,,,,,,,,,,,,,,,,,,0.11,,,,,,17.0,
2009-10-26,,,,,,,,,,,,,,,,,,,,,,,92.0998,3.59,1.06,4.37,2.53,3.51,2.0,0.11,,24.31,2141.85,2.83,78.61,9.85,2.4
2009-10-27,,,,,,,,,,,,,,,,,,,,,,,92.5335,3.49,0.99,4.29,2.5,3.41,2.0,0.11,,24.83,2116.09,2.84,79.45,30.77,2.39
2009-10-28,,,,,,,,,,,,,,,,,,,,,,,92.8152,3.44,0.95,4.25,2.49,3.37,1.96,0.11,,27.91,2059.61,2.85,77.39,23.77,2.35
2009-10-29,,,,,,,,,,,,,,,,,,,,,,,92.4708,3.53,0.98,4.35,2.55,3.47,2.03,0.11,,24.76,2097.55,2.86,79.84,21.19,2.42
2009-10-30,,,,,,,,,,,,,,,,,,,,,,,92.6207,3.41,0.9,4.23,2.51,3.36,2.0,0.11,,30.69,2045.11,2.86,77.04,12.96,2.39
2009-10-31,,,,,,,,,,,,,,,,,,,,,,,,,,,,,,0.11,,,,,,86.01,
2009-11-01,8517.3,1683.0,2178796.0,217.234,220.666,207.163,0.12,1.253,130058.0,9.9,65.0,12224.4,9985.7,5.5,99.39851265088105,111.38,108.7670687523208,0.124,210.932,588.0,623.0,0.24,,,,,,,,0.11,,,,,,32.39,
2009-11-02,,,,,,,,,,,,,,,,,,,,,,,92.4501,3.45,0.92,4.26,2.53,3.39,2.04,0.12,,29.78,2049.2,2.85,78.08,19.69,2.45
2009-11-03,,,,,,,,,,,,,,,,,,,,,,,92.9037,3.5,0.92,4.34,2.58,3.44,2.05,0.12,,28.81,2057.32,2.87,79.58,865.31,2.47
2009-11-04,,,,,,,,,,,,,,,,,,,,,,,92.3725,3.57,0.91,4.41,2.66,3.52,2.12,0.13,,27.72,2055.52,2.89,80.3,23.6,2.54
2009-11-05,,,,,,,,,,,,,,,,,,,,,,,92.3437,3.57,0.9,4.41,2.67,3.53,2.16,0.13,,25.43,2105.32,2.86,79.64,32.89,2.61
2009-11-06,,,,,,,,,,,,,,,,,,,,,,,92.3848,3.54,0.86,4.4,2.68,3.48,2.17,0.12,,24.19,2112.44,2.86,77.4,39.47,2.64
2009-11-07,,,,,,,,,,,,,,,,,,,,,,,,,,,,,,0.12,,,,,,57.94,
2009-11-08,,,,,,,,,,,,,,,,,,,,,,,,,,,,,,0.12,,,,,,66.87,
2009-11-09,,,,,,,,,,,,,,,,,,,,,,,91.6861,3.52,0.87,4.4,2.65,3.45,2.22,0.12,,23.15,2154.06,2.89,79.44,19.39,2.65
2009-11-10,,,,,,,,,,,,,,,,,,,,,,,91.6659,3.5,0.85,4.41,2.65,3.43,2.19,0.13,,22.84,2151.08,2.92,79.01,31.51,2.6
2009-11-11,,,,,,,,,,,,,,,,,,,,,,,,,,,,,,0.13,,23.04,2166.9,,79.16,24.65,
2009-11-12,,,,,,,,,,,,,,,,,,,,,,,91.9461,3.45,0.82,4.41,2.63,3.38,2.12,0.12,,24.24,2149.02,2.94,77.25,10.31,2.51
2009-11-13,,,,,,,,,,,,,,,,,,,,,,,91.5754,3.43,0.82,4.36,2.61,3.37,2.12,0.12,,23.36,2167.88,2.93,76.34,12.68,2.51
2009-11-14,,,,,,,,,,,,,,,,,,,,,,,,,,,,,,0.12,,,,,,9.81,
2009-11-15,,,,,,,,,,,,,,,,,,,,,,,,,,,,,,0.12,,,,,,8.5,
2009-11-16,,,,,,,,,,,,,,,,,,,,,,,91.194,3.33,0.78,4.26,2.55,3.26,2.12,0.12,,22.89,2197.85,2.92,78.91,9.79,2.51
2009-11-17,,,,,,,,,,,,,,,,,,,,,,,91.7419,3.33,0.78,4.26,2.55,3.27,2.13,0.12,,22.41,2203.78,2.92,79.08,7.99,2.52
2009-11-18,,,,,,,,,,,,,,,,,,,,,,,91.249,3.36,0.77,4.29,2.59,3.32,2.15,0.11,,21.63,2193.14,2.94,79.55,42.62,2.5
2009-11-19,,,,,,,,,,,,,,,,,,,,,,,91.7827,3.35,0.73,4.29,2.62,3.33,2.14,0.11,,22.63,2156.82,2.92,77.47,19.94,2.5
2009-11-20,,,,,,,,,,,,,,,,,,,,,,,91.9906,3.36,0.75,4.3,2.61,3.34,2.15,0.11,,22.19,2146.04,2.93,76.83,19.07,2.5
2009-11-21,,,,,,,,,,,,,,,,,,,,,,,,,,,,,,0.11,,,,,,30.25,
2009-11-22,,,,,,,,,,,,,,,,,,,,,,,,,,,,,,0.11,,,,,,17.43,
2009-11-23,,,,,,,,,,,,,,,,,,,,,,,91.4864,3.37,0.77,4.29,2.6,3.32,2.17,0.12,,21.16,2176.01,2.92,76.49,37.85,2.52
2009-11-24,,,,,,,,,,,,,,,,,,,,,,,91.5539,3.32,0.73,4.25,2.59,3.27,2.11,0.12,,20.47,2169.18,2.93,74.88,22.93,2.41
2009-11-25,,,,,,,,,,,,,,,,,,,,,,,90.9669,3.28,0.73,4.23,2.55,3.23,2.12,0.11,,20.48,2176.05,2.95,77.25,40.93,2.43
2009-11-26,,,,,,,,,,,,,,,,,,,,,,,,,,,,,,0.11,,,,,,23.78,
2009-11-27,,,,,,,,,,,,,,,,,,,,,,,91.5272,3.21,0.68,4.21,2.53,3.18,2.06,0.12,,24.85,2138.44,2.99,75.95,24.75,2.38
2009-11-28,,,,,,,,,,,,,,,,,,,,,,,,,,,,,,0.12,,,,,,35.65,
2009-11-29,,,,,,,,,,,,,,,,,,,,,,,,,,,,,,0.12,,,,,,45.49,
2009-11-30,,,,,,,,,,,,,,,,,,,,,,,91.3717,3.21,0.67,4.2,2.54,3.15,2.08,0.13,,24.51,2144.6,2.99,77.19,376.29,2.41
2009-12-01,8512.5,1692.8,2219218.0,217.347,220.881,207.32,0.12,1.272,129808.0,9.9,64.6,12280.2,10052.6,5.4,98.36828242503142,129.59,71.07693764980095,0.124,209.915,581.0,664.0,0.24,90.8323,3.28,0.67,4.26,2.61,3.22,2.14,0.13,,21.92,2175.81,3.0,78.39,306.01,2.48
2009-12-02,,,,,,,,,,,,,,,,,,,,,,,90.8906,3.32,0.72,4.26,2.6,3.27,2.14,0.13,,21.12,2185.03,2.95,76.62,232.89,2.46
2009-12-03,,,,,,,,,,,,,,,,,,,,,,,90.9152,3.39,0.74,4.33,2.65,3.33,2.15,0.13,,22.46,2173.14,2.93,76.42,5.4,2.48
2009-12-04,,,,,,,,,,,,,,,,,,,,,,,91.3806,3.48,0.84,4.4,2.64,3.42,2.14,0.12,,21.25,2194.35,2.91,75.41,6.73,2.47
2009-12-05,,,,,,,,,,,,,,,,,,,,,,,,,,,,,,0.12,,,,,,52.67,
2009-12-06,,,,,,,,,,,,,,,,,,,,,,,,,,,,,,0.12,,,,,,8.62,
2009-12-07,,,,,,,,,,,,,,,,,,,,,,,91.5414,3.44,0.78,4.4,2.66,3.4,2.13,0.12,,22.1,2189.61,2.93,73.89,31.43,2.45
2009-12-08,,,,,,,,,,,,,,,,,,,,,,,91.9513,3.4,0.73,4.39,2.67,3.37,2.09,0.12,,23.69,2172.99,2.92,72.59,105.54,2.43
2009-12-09,,,,,,,,,,,,,,,,,,,,,,,92.014,3.45,0.76,4.41,2.69,3.42,2.09,0.12,,22.66,2183.73,2.89,70.67,62.3,2.47
2009-12-10,,,,,,,,,,,,,,,,,,,,,,,92.0073,3.49,0.78,4.5,2.71,3.47,2.09,0.12,,22.32,2190.86,2.93,70.54,16.01,2.45
2009-12-11,,,,,,,,,,,,,,,,,,,,,,,92.2946,3.55,0.83,4.49,2.72,3.52,2.14,0.12,,21.59,2190.31,2.86,69.86,6.66,2.49
2009-12-12,,,,,,,,,,,,,,,,,,,,,,,,,,,,,,0.12,,,,,,53.03,
2009-12-13,,,,,,,,,,,,,,,,,,,,,,,,,,,,,,0.12,,,,,,25.96,
2009-12-14,,,,,,,,,,,,,,,,,,,,,,,92.0305,3.56,0.87,4.49,2.69,3.52,2.19,0.12,,21.15,2212.1,2.79,69.48,83.98,2.54
2009-12-15,,,,,,,,,,,,,,,,,,,,,,,92.3635,3.6,0.88,4.52,2.72,3.55,2.23,0.13,,21.49,2201.05,2.8,70.62,16.46,2.56
2009-12-16,,,,,,,,,,,,,,,,,,,,,,,92.1496,3.61,0.85,4.52,2.76,3.57,2.27,0.14,,20.54,2206.91,2.77,72.64,18.26,2.61
2009-12-17,,,,,,,,,,,,,,,,,,,,,,,93.225,3.5,0.77,4.42,2.73,3.46,2.22,0.13,,22.51,2180.05,2.75,72.58,15.83,2.56
2009-12-18,,,,,,,,,,,,,,,,,,,,,,,93.1632,3.55,0.82,4.46,2.73,3.5,2.24,0.12,,21.68,2211.69,2.73,73.3,6.84,2.56
2009-12-19,,,,,,,,,,,,,,,,,,,,,,,,,,,,,,0.12,,,,,,43.41,
2009-12-20,,,,,,,,,,,,,,,,,,,,,,,,,,,,,,0.12,,,,,,18.09,
2009-12-21,,,,,,,,,,,,,,,,,,,,,,,,3.69,0.89,4.56,2.8,3.61,2.3,0.12,,20.49,2237.66,2.69,72.71,10.86,2.62
2009-12-22,,,,,,,,,,,,,,,,,,,,,,,93.2903,3.76,0.95,4.6,2.81,3.68,2.33,0.12,,19.54,2252.67,2.65,73.48,49.42,2.65
2009-12-23,,,,,,,,,,,,,,,,,,,,,,,92.9295,3.77,0.96,4.61,2.81,3.7,2.31,0.11,,19.71,2269.64,2.63,76.03,90.91,2.6
2009-12-24,,,,,,,,,,,,,,,,,,,,,,,92.8694,3.82,1.0,4.68,2.82,3.77,2.32,0.11,,19.47,2285.69,2.65,76.83,6.76,2.59
2009-12-25,,,,,,,,,,,,,,,,,,,,,,,,,,,,,,0.11,,,,,,142.13,
2009-12-26,,,,,,,,,,,,,,,,,,,,,,,,,,,,,,0.11,,,,,,205.68,
2009-12-27,,,,,,,,,,,,,,,,,,,,,,,,,,,,,,0.11,,,,,,110.33,
2009-12-28,,,,,,,,,,,,,,,,,,,,,,,92.6993,3.85,1.09,4.69,2.76,3.74,2.35,0.12,,19.93,2291.08,2.64,78.67,43.85,2.62
2009-12-29,,,,,,,,,,,,,,,,,,,,,,,92.8838,3.82,1.09,4.64,2.73,3.72,2.36,0.12,,20.01,2288.4,2.59,78.87,34.24,2.62
2009-12-30,,,,,,,,,,,,,,,,,,,,,,,93.0872,3.8,1.08,4.61,2.72,3.75,2.36,0.11,,19.96,2291.28,2.56,79.35,27.45,2.61
2009-12-31,,,,,,,,,,,,,,,,,,,,,,,92.9124,3.85,1.14,4.63,2.71,3.79,2.37,0.05,,21.68,2269.15,2.54,79.39,53.59,2.61
2010-01-01,8478.0,1674.7,2256424.0,217.488,220.633,207.987,0.11,1.308,129802.0,9.8,64.8,12285.8,10056.1,5.6,112.99382029930008,156.73,107.86946301536707,0.124,212.807,614.0,636.0,0.14,,,,,,,,0.05,,,,,,57.28,
2010-01-02,,,,,,,,,,,,,,,,,,,,,,,,,,,,,,0.05,,,,,,122.78,
2010-01-03,,,,,,,,,,,,,,,,,,,,,,,,,,,,,,0.05,,,,,,78.56,
2010-01-04,,,,,,,,,,,,,,,,,,,,,,,92.3566,3.85,1.09,4.65,2.76,3.77,2.38,0.12,,20.04,2308.42,2.54,81.52,114.26,2.63
2010-01-05,,,,,,,,,,,,,,,,,,,,,,,92.2236,3.77,1.01,4.59,2.76,3.7,2.34,0.12,,19.35,2308.71,2.53,81.74,16.2,2.56
2010-01-06,,,,,,,,,,,,,,,,,,,,,,,92.0941,3.85,1.01,4.7,2.84,3.79,2.37,0.12,,19.16,2301.09,2.49,83.12,6.0,2.58
2010-01-07,,,,,,,,,,,,,,,,,,,,,,,92.3684,3.85,1.03,4.69,2.82,3.8,2.41,0.1,,19.06,2300.05,2.48,82.6,30.9,2.63
2010-01-08,,,,,,,,,,,,,,,,,,,,,,,92.1485,3.83,0.96,4.7,2.87,3.78,2.42,0.11,,18.13,2317.17,2.49,82.74,19.61,2.66
2010-01-09,,,,,,,,,,,,,,,,,,,,,,,,,,,,,,0.11,,,,,,113.65,
2010-01-10,,,,,,,,,,,,,,,,,,,,,,,,,,,,,,0.11,,,,,,51.36,
2010-01-11,,,,,,,,,,,,,,,,,,,,,,,91.5997,3.85,0.95,4.74,2.9,3.81,2.38,0.11,,17.55,2312.41,2.47,82.54,48.54,2.64
2010-01-12,,,,,,,,,,,,,,,,,,,,,,,91.7005,3.74,0.92,4.62,2.82,3.69,2.39,0.11,,18.25,2282.31,2.48,80.79,15.31,2.63
2010-01-13,,,,,,,,,,,,,,,,,,,,,,,91.7272,3.8,0.97,4.71,2.83,3.74,2.37,0.11,,17.85,2307.9,2.5,79.66,11.8,2.61
2010-01-14,,,,,,,,,,,,,,,,,,,,,,,91.5864,3.76,0.94,4.63,2.82,3.71,2.36,0.11,,17.63,2316.74,2.46,79.35,46.95,2.6
2010-01-15,,,,,,,,,,,,,,,,,,,,,,,91.7668,3.7,0.89,4.58,2.81,3.64,2.36,0.12,,17.91,2287.99,2.48,77.96,43.36,2.62
2010-01-16,,,,,,,,,,,,,,,,,,,,,,,,,,,,,,0.12,,,,,,59.51,
2010-01-17,,,,,,,,,,,,,,,,,,,,,,,,,,,,,,0.12,,,,,,8.44,
2010-01-18,,,,,,,,,,,,,,,,,,,,,,,,,,,,,,0.12,,,,,,10.05,
2010-01-19,,,,,,,,,,,,,,,,,,,,,,,91.9611,3.73,0.93,4.6,2.8,3.67,2.38,0.13,,17.58,2320.4,2.48,78.98,16.18,2.67
2010-01-20,,,,,,,,,,,,,,,,,,,,,,,92.6766,3.68,0.92,4.54,2.76,3.63,2.37,0.13,,18.68,2291.25,2.48,77.42,119.63,2.65
2010-01-21,,,,,,,,,,,,,,,,,,,,,,,92.6627,3.62,0.87,4.5,2.75,3.56,2.33,0.12,,22.27,2265.7,2.51,75.84,103.9,2.68
2010-01-22,,,,,,,,,,,,,,,,,,,,,,,92.943,3.62,0.84,4.5,2.78,3.56,2.31,0.11,,27.31,2205.29,2.53,74.25,87.24,2.67
2010-01-23,,,,,,,,,,,,,,,,,,,,,,,,,,,,,,0.11,,,,,,105.71,
2010-01-24,,,,,,,,,,,,,,,,,,,,,,,,,,,,,,0.11,,,,,,64.91,
2010-01-25,,,,,,,,,,,,,,,,,,,,,,,92.9099,3.66,0.86,4.55,2.8,3.6,2.33,0.12,,25.41,2210.8,2.56,74.9,264.44,2.69
2010-01-26,,,,,,,,,,,,,,,,,,,,,,,93.3298,3.65,0.87,4.56,2.78,3.58,2.34,0.12,,24.55,2203.73,2.59,74.67,39.15,2.71
2010-01-27,,,,,,,,,,,,,,,,,,,,,,,93.2835,3.66,0.9,4.55,2.76,3.58,2.31,0.12,,23.14,2221.41,2.57,73.64,30.14,2.66
2010-01-28,,,,,,,,,,,,,,,,,,,,,,,93.2635,3.68,0.87,4.57,2.81,3.6,2.33,0.12,,23.73,2179.0,2.57,73.62,71.38,2.72
2010-01-29,,,,,,,,,,,,,,,,,,,,,,,93.7638,3.63,0.82,4.51,2.81,3.55,2.33,0.12,,24.62,2147.35,2.57,72.85,32.57,2.75
2010-01-30,,,,,,,,,,,,,,,,,,,,,,,,,,,,,,0.12,,,,,,62.16,
2010-01-31,,,,,,,,,,,,,,,,,,,,,,,,,,,,,,0.12,,,,,,16.92,
2010-02-01,8527.6,1699.8,2267425.0,217.281,220.731,207.71,0.13,1.295,129705.0,9.8,64.9,12292.0,10093.4,5.3,111.2881961607424,151.77,80.1170362229333,0.123,209.624,604.0,650.0,0.16,93.7321,3.68,0.86,4.56,2.82,3.58,2.39,0.14,,22.59,2171.2,2.57,74.41,29.04,2.79
2010-02-02,,,,,,,,,,,,,,,,,,,,,,,93.4136,3.67,0.86,4.55,2.81,3.57,2.41,0.14,,21.48,2190.06,2.56,77.21,46.36,2.8
2010-02-03,,,,,,,,,,,,,,,,,,,,,,,93.6268,3.73,0.88,4.62,2.85,3.63,2.43,0.13,,21.6,2190.91,2.58,76.96,68.29,2.81
2010-02-04,,,,,,,,,,,,,,,,,,,,,,,94.1401,3.62,0.8,4.53,2.82,3.53,2.35,0.14,,26.08,2125.43,2.62,73.13,10.09,2.71
2010-02-05,,,,,,,,,,,,,,,,,,,,,,,94.6218,3.59,0.77,4.51,2.82,3.49,2.27,0.13,,26.11,2141.12,2.62,71.15,37.8,2.65
2010-02-06,,,,,,,,,,,,,,,,,,,,,,,,,,,,,,0.13,,,,,,9.91,
2010-02-07,,,,,,,,,,,,,,,,,,,,,,,,,,,,,,0.13,,,,,,8.31,
2010-02-08,,,,,,,,,,,,,,,,,,,,,,,,3.62,0.79,4.52,2.83,3.5,2.27,0.13,,26.51,2126.05,2.64,71.87,58.74,2.63
2010-02-09,,,,,,,,,,,,,,,,,,,,,,,,3.67,0.84,4.58,2.83,3.55,2.3,0.13,,26.0,2150.87,2.65,73.71,45.14,2.66
2010-02-10,,,,,,,,,,,,,,,,,,,,,,,,3.72,0.91,4.65,2.81,3.61,2.28,0.12,,25.4,2147.87,2.66,74.48,24.07,2.59
2010-02-11,,,,,,,,,,,,,,,,,,,,,,,,3.73,0.91,4.69,2.82,3.62,2.26,0.12,,23.96,2177.41,2.7,75.23,41.87,2.56
2010-02-12,,,,,,,,,,,,,,,,,,,,,,,93.9976,3.69,0.84,4.66,2.85,3.59,2.23,0.12,,22.73,2183.53,2.72,74.11,25.16,2.5
2010-02-13,,,,,,,,,,,,,,,,,,,,,,,,,,,,,,0.12,,,,,,19.85,
2010-02-14,,,,,,,,,,,,,,,,,,,,,,,,,,,,,,0.12,,,,,,47.17,
2010-02-15,,,,,,,,,,,,,,,,,,,,,,,,,,,,,,0.12,,,,,,60.68,
2010-02-16,,,,,,,,,,,,,,,,,,,,,,,93.482,3.66,0.82,4.63,2.84,3.56,2.24,0.13,,22.25,2214.19,2.73,76.98,15.89,2.53
2010-02-17,,,,,,,,,,,,,,,,,,,,,,,93.7171,3.74,0.87,4.7,2.87,3.64,2.28,0.12,,21.72,2226.29,2.73,77.27,11.96,2.55
2010-02-18,,,,,,,,,,,,,,,,,,,,,,,93.8752,3.79,0.9,4.74,2.89,3.69,2.31,0.12,,20.63,2241.71,2.72,78.97,30.14,2.6
2010-02-19,,,,,,,,,,,,,,,,,,,,,,,93.9569,3.78,0.95,4.71,2.83,3.67,2.26,0.13,,20.02,2243.87,2.65,79.77,31.42,2.55
2010-02-20,,,,,,,,,,,,,,,,,,,,,,,,,,,,,,0.13,,,,,,50.62,
2010-02-21,,,,,,,,,,,,,,,,,,,,,,,,,,,,,,0.13,,,,,,8.06,
2010-02-22,,,,,,,,,,,,,,,,,,,,,,,93.7402,3.8,0.91,4.73,2.89,3.69,2.25,0.12,,19.94,2242.03,2.65,80.04,39.31,2.58
2010-02-23,,,,,,,,,,,,,,,,,,,,,,,93.9794,3.69,0.87,4.63,2.82,3.57,2.19,0.12,,21.37,2213.44,2.65,78.61,37.07,2.48
2010-02-24,,,,,,,,,,,,,,,,,,,,,,,93.9775,3.7,0.87,4.63,2.83,3.58,2.19,0.11,,20.27,2235.9,2.65,79.75,11.38,2.48
2010-02-25,,,,,,,,,,,,,,,,,,,,,,,94.3797,3.64,0.82,4.58,2.82,3.51,2.13,0.12,,20.1,2234.22,2.64,77.99,10.36,2.43
2010-02-26,,,,,,,,,,,,,,,,,,,,,,,93.6602,3.61,0.81,4.55,2.8,3.48,2.13,0.13,,19.5,2238.26,2.62,79.72,6.19,2.43
2010-02-27,,,,,,,,,,,,,,,,,,,,,,,,,,,,,,0.13,,,,,,37.6,
2010-02-28,,,,,,,,,,,,,,,,,,,,,,,,,,,,,,0.13,,,,,,31.17,
2010-03-01,8523.7,1711.9,2298183.0,217.353,220.783,207.844,0.16,1.361,129865.0,9.9,64.9,12340.3,10156.0,5.3,107.51686756846392,110.03,44.525996655135934,0.125,209.326,636.0,687.0,0.14,93.7979,3.61,0.8,4.56,2.81,3.48,2.15,0.14,,19.26,2273.57,2.65,78.71,28.76,2.47
2010-03-02,,,,,,,,,,,,,,,,,,,,,,,93.488,3.62,0.8,4.57,2.82,3.48,2.16,0.14,,19.06,2280.79,2.64,79.62,22.61,2.49
2010-03-03,,,,,,,,,,,,,,,,,,,,,,,92.9861,3.63,0.82,4.58,2.81,3.49,2.17,0.15,,18.83,2280.68,2.63,80.91,11.59,2.5
2010-03-04,,,,,,,,,,,,,,,,,,,,,,,93.4079,3.61,0.86,4.56,2.75,3.47,2.17,0.16,,18.72,2292.31,2.62,80.21,9.92,2.5
2010-03-05,,,,,,,,,,,,,,,,,,,,,,,93.2623,3.69,0.91,4.64,2.78,3.54,2.21,0.17,,17.42,2326.35,2.61,81.5,6.11,2.53
2010-03-06,,,,,,,,,,,,,,,,,,,,,,,,,,,,,,0.17,,,,,,37.96,
2010-03-07,,,,,,,,,,,,,,,,,,,,,,,,,,,,,,0.17,,,,,,7.96,
2010-03-08,,,,,,,,,,,,,,,,,,,,,,,93.2446,3.72,0.9,4.68,2.82,3.56,2.23,0.15,,17.79,2332.21,2.59,81.85,9.44,2.59
2010-03-09,,,,,,,,,,,,,,,,,,,,,,,93.1941,3.71,0.89,4.68,2.82,3.55,2.23,0.14,,17.92,2340.68,2.61,81.5,37.88,2.58
2010-03-10,,,,,,,,,,,,,,,,,,,,,,,93.0426,3.73,0.92,4.69,2.81,3.58,2.24,0.14,,18.57,2358.95,2.59,82.07,46.93,2.57
2010-03-11,,,,,,,,,,,,,,,,,,,,,,,93.0533,3.73,0.97,4.66,2.76,3.57,2.24,0.15,,18.06,2368.46,2.56,82.1,39.3,2.59
2010-03-12,,,,,,,,,,,,,,,,,,,,,,,92.6616,3.71,0.97,4.62,2.74,3.56,2.26,0.17,,17.58,2367.66,2.55,81.26,48.32,2.59
2010-03-13,,,,,,,,,,,,,,,,,,,,,,,,,,,,,,0.17,,,,,,38.9,
2010-03-14,,,,,,,,,,,,,,,,,,,,,,,,,,,,,,0.17,,,,,,7.99,
2010-03-15,,,,,,,,,,,,,,,,,,,,,,,92.9642,3.71,0.96,4.63,2.75,3.54,2.25,0.2,,18.0,2362.21,2.56,79.79,9.77,2.57
2010-03-16,,,,,,,,,,,,,,,,,,,,,,,92.595,3.66,0.93,4.59,2.73,3.5,2.24,0.2,,17.69,2378.01,2.55,81.75,7.71,2.56
2010-03-17,,,,,,,,,,,,,,,,,,,,,,,92.4446,3.65,0.95,4.56,2.7,3.5,2.25,0.18,,16.91,2389.09,2.53,82.93,5.98,2.54
2010-03-18,,,,,,,,,,,,,,,,,,,,,,,92.7451,3.68,0.98,4.59,2.7,3.52,2.23,0.18,,16.62,2391.28,2.52,82.16,39.34,2.54
2010-03-19,,,,,,,,,,,,,,,,,,,,,,,93.0407,3.7,1.02,4.58,2.68,3.54,2.2,0.18,,16.97,2374.41,2.49,80.58,37.12,2.54
2010-03-20,,,,,,,,,,,,,,,,,,,,,,,,,,,,,,0.18,,,,,,68.79,
2010-03-21,,,,,,,,,,,,,,,,,,,,,,,,,,,,,,0.18,,,,,,32.78,
2010-03-22,,,,,,,,,,,,,,,,,,,,,,,93.1333,3.67,1.01,4.57,2.66,3.52,2.19,0.18,,16.87,2395.4,2.5,81.26,130.09,2.56
2010-03-23,,,,,,,,,,,,,,,,,,,,,,,93.006,3.69,1.02,4.6,2.67,3.55,2.2,0.17,,16.35,2415.24,2.51,81.68,39.02,2.6
2010-03-24,,,,,,,,,,,,,,,,,,,,,,,93.6468,3.84,1.08,4.72,2.76,3.7,2.24,0.17,,17.55,2398.76,2.48,80.29,18.33,2.59
2010-03-25,,,,,,,,,,,,,,,,,,,,,,,93.5885,3.91,1.1,4.77,2.81,3.77,2.26,0.17,,18.4,2397.41,2.47,80.25,24.86,2.65
2010-03-26,,,,,,,,,,,,,,,,,,,,,,,93.6873,3.86,1.04,4.75,2.82,3.72,2.24,0.17,,17.77,2395.13,2.49,79.75,12.7,2.62
2010-03-27,,,,,,,,,,,,,,,,,,,,,,,,,,,,,,0.17,,,,,,79.77,
2010-03-28,,,,,,,,,,,,,,,,,,,,,,,,,,,,,,0.17,,,,,,23.69,
2010-03-29,,,,,,,,,,,,,,,,,,,,,,,93.2959,3.88,1.04,4.76,2.84,3.73,2.22,0.16,,17.59,2404.36,2.49,81.92,29.96,2.59
2010-03-30,,,,,,,,,,,,,,,,,,,,,,,93.2627,3.88,1.06,4.75,2.82,3.72,2.22,0.16,,17.13,2410.69,2.48,82.14,7.89,2.61
2010-03-31,,,,,,,,,,,,,,,,,,,,,,,92.8987,3.84,1.02,4.72,2.82,3.68,2.24,0.09,,17.59,2397.96,2.47,83.45,62.1,2.65
2010-04-01,8555.1,1699.0,2328737.0,217.403,220.822,207.896,0.2,1.286,130120.0,9.9,65.2,12447.1,10182.3,6.0,103.76085011345404,87.82,42.10283667879479,0.126,209.219,687.0,637.0,0.12,92.6661,3.89,1.05,4.74,2.84,3.73,2.28,0.17,,17.47,2402.58,2.44,84.53,82.38,2.71
2010-04-02,,,,,,,,,,,,,,,,,,,,,,,92.9057,3.96,1.11,4.81,2.85,3.8,2.27,0.2,,,,2.44,,12.85,2.68
2010-04-03,,,,,,,,,,,,,,,,,,,,,,,,,,,,,,0.2,,,,,,145.65,
2010-04-04,,,,,,,,,,,,,,,,,,,,,,,,,,,,,,0.2,,,,,,16.86,
2010-04-05,,,,,,,,,,,,,,,,,,,,,,,92.6644,4.01,1.18,4.85,2.83,3.83,2.31,0.2,,17.02,2429.53,2.43,86.36,30.99,2.7
2010-04-06,,,,,,,,,,,,,,,,,,,,,,,92.7373,3.98,1.14,4.84,2.84,3.81,2.3,0.2,,16.23,2436.81,2.46,86.54,15.23,2.57
2010-04-07,,,,,,,,,,,,,,,,,,,,,,,92.7452,3.89,1.06,4.74,2.83,3.72,2.34,0.19,,16.62,2431.16,2.44,85.64,6.0,2.64
2010-04-08,,,,,,,,,,,,,,,,,,,,,,,92.7211,3.91,1.09,4.75,2.82,3.74,2.33,0.19,,16.48,2436.81,2.43,85.17,4.99,2.71
2010-04-09,,,,,,,,,,,,,,,,,,,,,,,92.4772,3.9,1.08,4.74,2.82,3.74,2.34,0.19,,16.14,2454.05,2.43,84.6,25.06,2.71
2010-04-10,,,,,,,,,,,,,,,,,,,,,,,,,,,,,,0.19,,,,,,29.7,
2010-04-11,,,,,,,,,,,,,,,,,,,,,,,,,,,,,,0.19,,,,,,40.82,
2010-04-12,,,,,,,,,,,,,,,,,,,,,,,92.243,3.87,1.07,4.7,2.8,3.71,2.35,0.19,,15.58,2457.87,2.4,84.07,29.99,2.75
2010-04-13,,,,,,,,,,,,,,,,,,,,,,,92.2689,3.84,1.07,4.68,2.77,3.68,2.34,0.2,,16.2,2465.99,2.4,83.8,37.91,2.75
2010-04-14,,,,,,,,,,,,,,,,,,,,,,,91.9297,3.88,1.07,4.72,2.81,3.72,2.34,0.2,,15.59,2504.86,2.4,85.62,18.18,2.73
2010-04-15,,,,,,,,,,,,,,,,,,,,,,,92.2029,3.86,1.04,4.72,2.82,3.7,2.37,0.22,,15.89,2515.69,2.42,85.25,28.93,2.78
2010-04-16,,,,,,,,,,,,,,,,,,,,,,,92.5253,3.79,0.98,4.67,2.81,3.63,2.33,0.21,,18.36,2481.26,2.43,82.97,74.0,2.76
2010-04-17,,,,,,,,,,,,,,,,,,,,,,,,,,,,,,0.21,,,,,,66.76,
2010-04-18,,,,,,,,,,,,,,,,,,,,,,,,,,,,,,0.21,,,,,,33.04,
2010-04-19,,,,,,,,,,,,,,,,,,,,,,,92.8577,3.83,1.01,4.7,2.82,3.67,2.34,0.2,,17.34,2480.11,2.42,81.52,49.01,2.77
2010-04-20,,,,,,,,,,,,,,,,,,,,,,,92.4338,3.82,1.05,4.67,2.77,3.66,2.35,0.2,,15.73,2500.31,2.4,82.98,57.51,2.74
2010-04-21,,,,,,,,,,,,,,,,,,,,,,,92.4482,3.77,1.03,4.61,2.74,3.62,2.35,0.2,,16.32,2504.61,2.38,82.78,5.88,2.75
2010-04-22,,,,,,,,,,,,,,,,,,,,,,,92.7277,3.8,1.07,4.65,2.73,3.64,2.34,0.2,,16.47,2519.07,2.38,82.89,4.9,2.73
2010-04-23,,,,,,,,,,,,,,,,,,,,,,,92.6622,3.84,1.1,4.67,2.74,3.68,2.37,0.2,,16.62,2530.15,2.37,84.34,11.99,2.75
2010-04-24,,,,,,,,,,,,,,,,,,,,,,,,,,,,,,0.2,,,,,,48.26,
2010-04-25,,,,,,,,,,,,,,,,,,,,,,,,,,,,,,0.2,,,,,,24.23,
2010-04-26,,,,,,,,,,,,,,,,,,,,,,,92.5187,3.83,1.09,4.67,2.74,3.67,2.37,0.2,,17.47,2522.95,2.38,84.2,28.02,2.74
2010-04-27,,,,,,,,,,,,,,,,,,,,,,,93.0956,3.71,1.03,4.56,2.68,3.55,2.34,0.2,,22.81,2471.47,2.39,82.43,28.44,2.68
2010-04-28,,,,,,,,,,,,,,,,,,,,,,,93.4856,3.8,1.03,4.63,2.77,3.64,2.4,0.2,,21.08,2471.73,2.38,83.22,11.15,2.8
2010-04-29,,,,,,,,,,,,,,,,,,,,,,,92.9013,3.76,1.01,4.6,2.75,3.59,2.45,0.19,,18.44,2511.92,2.37,85.17,9.59,2.84
2010-04-30,,,,,,,,,,,,,,,,,,,,,,,92.8423,3.69,0.97,4.53,2.72,3.53,2.4,0.2,,22.05,2461.19,2.38,86.07,11.98,2.79
2010-05-01,8609.3,1710.1,2336800.0,217.29,220.962,207.671,0.2,1.257,130643.0,9.6,64.9,12540.3,10210.8,6.4,146.78329174235074,118.89,54.59911353185587,0.127,206.631,583.0,575.0,0.08,,,,,,,,0.2,,,,,,18.99,
2010-05-02,,,,,,,,,,,,,,,,,,,,,,,,,,,,,,0.2,,,,,,16.07,
2010-05-03,,,,,,,,,,,,,,,,,,,,,,,93.235,3.72,1.0,4.53,2.72,3.55,2.4,0.2,,20.19,2498.74,2.37,86.19,58.63,2.8
2010-05-04,,,,,,,,,,,,,,,,,,,,,,,93.8137,3.63,0.96,4.43,2.67,3.47,2.32,0.21,,23.84,2424.25,2.38,82.73,52.35,2.7
2010-05-05,,,,,,,,,,,,,,,,,,,,,,,94.3968,3.58,0.88,4.39,2.7,3.43,2.28,0.21,,24.91,2402.29,2.4,80.0,51.39,2.67
2010-05-06,,,,,,,,,,,,,,,,,,,,,,,95.3032,3.41,0.75,4.19,2.66,3.3,2.16,0.2,,32.8,2319.64,2.41,77.18,101.92,2.53
2010-05-07,,,,,,,,,,,,,,,,,,,,,,,95.2952,3.45,0.83,4.28,2.62,3.32,2.15,0.2,,40.95,2265.64,2.55,75.1,136.22,2.55
2010-05-08,,,,,,,,,,,,,,,,,,,,,,,,,,,,,,0.2,,,,,,147.09,
2010-05-09,,,,,,,,,,,,,,,,,,,,,,,,,,,,,,0.2,,,,,,40.33,
2010-05-10,,,,,,,,,,,,,,,,,,,,,,,94.3096,3.57,0.87,4.41,2.7,3.41,2.24,0.2,,28.84,2374.67,2.53,76.89,29.37,2.63
2010-05-11,,,,,,,,,,,,,,,,,,,,,,,94.4305,3.56,0.85,4.42,2.71,3.4,2.25,0.2,,28.32,2375.31,2.58,76.37,22.22,2.64
2010-05-12,,,,,,,,,,,,,,,,,,,,,,,94.5515,3.56,0.89,4.47,2.67,3.4,2.28,0.2,,25.52,2425.02,2.61,75.65,45.45,2.64
2010-05-13,,,,,,,,,,,,,,,,,,,,,,,94.5071,3.55,0.87,4.47,2.68,3.39,2.27,0.2,,26.68,2394.36,2.6,74.38,4.8,2.65
2010-05-14,,,,,,,,,,,,,,,,,,,,,,,95.3746,3.44,0.79,4.32,2.65,3.28,2.18,0.2,,31.24,2346.85,2.59,71.61,5.98,2.53
2010-05-15,,,,,,,,,,,,,,,,,,,,,,,,,,,,,,0.2,,,,,,57.53,
2010-05-16,,,,,,,,,,,,,,,,,,,,,,,,,,,,,,0.2,,,,,,55.04,
2010-05-17,,,,,,,,,,,,,,,,,,,,,,,95.9795,3.47,0.81,4.35,2.66,3.31,2.16,0.21,,30.84,2354.23,2.59,70.08,27.99,2.51
2010-05-18,,,,,,,,,,,,,,,,,,,,,,,95.6212,3.38,0.76,4.26,2.62,3.21,2.13,0.21,,33.55,2317.26,2.61,69.38,20.93,2.49
2010-05-19,,,,,,,,,,,,,,,,,,,,,,,96.5083,3.36,0.8,4.24,2.56,3.19,2.04,0.2,,35.32,2298.37,2.65,69.91,52.04,2.38
2010-05-20,,,,,,,,,,,,,,,,,,,,,,,96.9483,3.25,0.76,4.13,2.49,3.08,1.89,0.2,,45.79,2204.01,2.74,68.28,81.54,2.2
2010-05-21,,,,,,,,,,,,,,,,,,,,,,,96.2911,3.2,0.76,4.07,2.44,3.03,1.87,0.2,,40.1,2229.04,2.76,68.03,53.37,2.13
2010-05-22,,,,,,,,,,,,,,,,,,,,,,,,,,,,,,0.2,,,,,,28.95,
2010-05-23,,,,,,,,,,,,,,,,,,,,,,,,,,,,,,0.2,,,,,,39.64,
2010-05-24,,,,,,,,,,,,,,,,,,,,,,,96.6433,3.23,0.77,4.12,2.46,3.06,1.88,0.21,,38.32,2213.55,2.79,68.23,115.98,2.14
2010-05-25,,,,,,,,,,,,,,,,,,,,,,,97.5487,3.18,0.81,4.07,2.37,3.01,1.85,0.21,,34.61,2210.95,2.81,64.78,49.84,2.13
2010-05-26,,,,,,,,,,,,,,,,,,,,,,,97.1879,3.21,0.82,4.11,2.39,3.04,1.91,0.2,,35.02,2195.88,2.87,71.52,69.26,2.2
2010-05-27,,,,,,,,,,,,,,,,,,,,,,,96.3611,3.34,0.87,4.24,2.47,3.17,2.01,0.2,,29.68,2277.68,2.89,74.56,34.61,2.3
2010-05-28,,,,,,,,,,,,,,,,,,,,,,,96.3062,3.31,0.76,4.22,2.55,3.15,1.99,0.19,,32.07,2257.04,2.89,74.0,67.13,2.29
2010-05-29,,,,,,,,,,,,,,,,,,,,,,,,,,,,,,0.19,,,,,,69.89,
2010-05-30,,,,,,,,,,,,,,,,,,,,,,,,,,,,,,0.19,,,,,,25.56,
2010-05-31,,,,,,,,,,,,,,,,,,,,,,,,,,,,,,0.19,,,,,,43.57,
2010-06-01,8628.4,1731.6,2337482.0,217.199,221.194,207.476,0.18,1.08,130509.0,9.4,64.6,12544.3,10231.3,6.2,133.79187672233874,127.63,102.00501051903868,0.132,203.764,536.0,587.0,0.46,96.6123,3.29,0.78,4.19,2.51,3.13,1.97,0.2,,35.54,2222.33,2.92,72.7,25.67,2.26
2010-06-02,,,,,,,,,,,,,,,,,,,,,,,96.615,3.35,0.82,4.24,2.53,3.19,1.99,0.2,,30.17,2281.07,2.91,72.88,24.14,2.27
2010-06-03,,,,,,,,,,,,,,,,,,,,,,,96.461,3.39,0.82,4.29,2.57,3.25,2.05,0.19,,29.46,2303.03,2.92,74.62,37.23,2.33
2010-06-04,,,,,,,,,,,,,,,,,,,,,,,97.1688,3.2,0.72,4.13,2.48,3.06,1.94,0.19,,35.48,2219.17,2.95,71.43,37.86,2.22
2010-06-05,,,,,,,,,,,,,,,,,,,,,,,,,,,,,,0.19,,,,,,20.54,
2010-06-06,,,,,,,,,,,,,,,,,,,,,,,,,,,,,,0.19,,,,,,25.34,
2010-06-07,,,,,,,,,,,,,,,,,,,,,,,97.503,3.17,0.74,4.11,2.43,3.05,1.92,0.19,,36.57,2173.9,3.0,71.55,39.61,2.2
2010-06-08,,,,,,,,,,,,,,,,,,,,,,,97.3425,3.18,0.74,4.1,2.44,3.06,1.89,0.19,,33.7,2170.57,2.99,71.88,109.47,2.16
2010-06-09,,,,,,,,,,,,,,,,,,,,,,,96.8938,3.2,0.74,4.12,2.46,3.1,1.92,0.18,,33.73,2158.85,3.0,74.38,73.8,2.21
2010-06-10,,,,,,,,,,,,,,,,,,,,,,,96.4877,3.33,0.79,4.25,2.54,3.23,1.98,0.18,,30.57,2218.71,3.01,75.48,26.33,2.28
2010-06-11,,,,,,,,,,,,,,,,,,,,,,,96.5616,3.24,0.75,4.15,2.49,3.16,1.95,0.18,,28.79,2243.6,3.04,73.89,25.83,2.25
2010-06-12,,,,,,,,,,,,,,,,,,,,,,,,,,,,,,0.18,,,,,,30.84,
2010-06-13,,,,,,,,,,,,,,,,,,,,,,,,,,,,,,0.18,,,,,,50.75,
2010-06-14,,,,,,,,,,,,,,,,,,,,,,,95.8082,3.28,0.77,4.2,2.51,3.21,1.97,0.18,,28.58,2243.96,3.06,74.99,70.24,2.25
2010-06-15,,,,,,,,,,,,,,,,,,,,,,,95.7049,3.32,0.79,4.23,2.53,3.23,2.0,0.19,,25.87,2305.88,3.05,76.84,156.14,2.32
2010-06-16,,,,,,,,,,,,,,,,,,,,,,,95.5668,3.27,0.75,4.18,2.52,3.17,1.99,0.19,,25.92,2305.93,3.07,77.67,96.73,2.31
2010-06-17,,,,,,,,,,,,,,,,,,,,,,,95.4973,3.21,0.72,4.13,2.49,3.12,1.99,0.19,,25.05,2307.16,3.04,76.82,54.38,2.3
2010-06-18,,,,,,,,,,,,,,,,,,,,,,,95.2981,3.24,0.74,4.15,2.5,3.13,1.99,0.18,,23.95,2309.8,3.04,77.18,6.62,2.29
2010-06-19,,,,,,,,,,,,,,,,,,,,,,,,,,,,,,0.18,,,,,,10.41,
2010-06-20,,,,,,,,,,,,,,,,,,,,,,,,,,,,,,0.18,,,,,,24.44,
2010-06-21,,,,,,,,,,,,,,,,,,,,,,,94.8505,3.26,0.74,4.17,2.52,3.14,2.02,0.17,,24.88,2289.09,3.02,77.84,30.41,2.33
2010-06-22,,,,,,,,,,,,,,,,,,,,,,,95.1165,3.18,0.71,4.1,2.47,3.05,1.98,0.18,,27.05,2261.8,3.04,77.15,39.25,2.28
2010-06-23,,,,,,,,,,,,,,,,,,,,,,,95.4853,3.13,0.66,4.05,2.47,3.0,1.94,0.17,,26.91,2254.23,3.05,75.9,43.84,2.24
2010-06-24,,,,,,,,,,,,,,,,,,,,,,,95.6194,3.14,0.67,4.09,2.47,3.01,1.91,0.16,,29.74,2217.42,3.08,75.96,40.88,2.22
2010-06-25,,,,,,,,,,,,,,,,,,,,,,,95.4582,3.12,0.65,4.07,2.47,2.99,1.91,0.16,,28.53,2223.48,3.09,78.45,25.58,2.21
2010-06-26,,,,,,,,,,,,,,,,,,,,,,,,,,,,,,0.16,,,,,,51.07,
2010-06-27,,,,,,,,,,,,,,,,,,,,,,,,,,,,,,0.16,,,,,,42.53,
2010-06-28,,,,,,,,,,,,,,,,,,,,,,,95.2696,3.05,0.62,4.01,2.43,2.88,1.88,0.17,,29.0,2220.65,3.1,78.26,64.61,2.19
2010-06-29,,,,,,,,,,,,,,,,,,,,,,,96.0199,2.97,0.61,3.94,2.36,2.82,1.83,0.15,,34.13,2135.18,3.12,75.93,58.34,2.12
2010-06-30,,,,,,,,,,,,,,,,,,,,,,,95.9934,2.97,0.61,3.91,2.36,2.79,1.82,0.09,,34.54,2109.24,3.08,75.59,63.45,2.1
2010-07-01,8639.8,1724.0,2332589.0,217.605,221.363,207.995,0.18,1.075,130415.0,9.4,64.6,12554.2,10268.1,6.1,141.87093837436038,176.8,159.49403801422793,0.133,206.877,546.0,579.0,0.2,95.8018,2.96,0.63,3.88,2.33,2.79,1.75,0.17,,32.86,2101.36,3.02,72.95,75.32,2.02
2010-07-02,,,,,,,,,,,,,,,,,,,,,,,95.6345,3.0,0.63,3.94,2.37,2.83,1.73,0.18,,30.12,2091.79,3.04,72.06,28.4,1.98
2010-07-03,,,,,,,,,,,,,,,,,,,,,,,,,,,,,,0.18,,,,,,122.31,
2010-07-04,,,,,,,,,,,,,,,,,,,,,,,,,,,,,,0.18,,,,,,55.2,
2010-07-05,,,,,,,,,,,,,,,,,,,,,,,,,,,,,,0.18,,,,,,28.59,
2010-07-06,,,,,,,,,,,,,,,,,,,,,,,95.1069,2.95,0.62,3.89,2.33,2.78,1.69,0.18,,29.65,2093.88,3.05,71.96,106.25,1.97
2010-07-07,,,,,,,,,,,,,,,,,,,,,,,95.1795,3.0,0.63,3.96,2.37,2.84,1.7,0.18,,26.84,2159.47,3.08,74.05,20.94,2.0
2010-07-08,,,,,,,,,,,,,,,,,,,,,,,94.7734,3.04,0.63,4.0,2.41,2.89,1.79,0.17,,25.71,2175.4,3.07,75.46,51.03,2.15
2010-07-09,,,,,,,,,,,,,,,,,,,,,,,94.683,3.07,0.63,4.04,2.44,2.91,1.81,0.18,,24.98,2196.45,3.07,76.08,7.4,2.15
2010-07-10,,,,,,,,,,,,,,,,,,,,,,,,,,,,,,0.18,,,,,,129.67,
2010-07-11,,,,,,,,,,,,,,,,,,,,,,,,,,,,,,0.18,,,,,,63.9,
2010-07-12,,,,,,,,,,,,,,,,,,,,,,,94.9598,3.08,0.65,4.05,2.43,2.92,1.82,0.17,,24.43,2198.36,3.05,74.93,63.64,2.16
2010-07-13,,,,,,,,,,,,,,,,,,,,,,,94.3856,3.15,0.67,4.1,2.48,3.0,1.87,0.17,,24.56,2242.03,3.03,77.16,25.31,2.23
2010-07-14,,,,,,,,,,,,,,,,,,,,,,,94.3247,3.07,0.62,4.03,2.45,2.92,1.84,0.17,,24.89,2249.84,3.02,77.02,48.42,2.2
2010-07-15,,,,,,,,,,,,,,,,,,,,,,,94.1988,3.0,0.61,3.97,2.39,2.85,1.79,0.19,,25.14,2249.08,3.02,76.67,44.23,2.15
2010-07-16,,,,,,,,,,,,,,,,,,,,,,,94.5061,2.96,0.61,3.95,2.35,2.81,1.71,0.19,,26.25,2179.05,3.04,75.96,27.99,2.06
2010-07-17,,,,,,,,,,,,,,,,,,,,,,,,,,,,,,0.19,,,,,,33.7,
2010-07-18,,,,,,,,,,,,,,,,,,,,,,,,,,,,,,0.19,,,,,,44.98,
2010-07-19,,,,,,,,,,,,,,,,,,,,,,,94.602,2.99,0.61,3.99,2.38,2.82,1.7,0.19,,25.97,2198.23,3.04,76.53,63.31,2.06
2010-07-20,,,,,,,,,,,,,,,,,,,,,,,94.542,2.98,0.61,3.99,2.37,2.82,1.7,0.18,,23.93,2222.49,2.99,77.32,76.19,2.08
2010-07-21,,,,,,,,,,,,,,,,,,,,,,,94.4496,2.9,0.58,3.89,2.32,2.74,1.71,0.18,,25.64,2187.33,2.98,76.27,99.69,2.08
2010-07-22,,,,,,,,,,,,,,,,,,,,,,,94.1135,2.96,0.6,3.95,2.36,2.8,1.75,0.18,,24.63,2245.89,2.97,79.01,33.41,2.13
2010-07-23,,,,,,,,,,,,,,,,,,,,,,,94.1431,3.02,0.6,4.01,2.42,2.86,1.78,0.19,,23.47,2269.47,2.95,78.68,14.39,2.17
2010-07-24,,,,,,,,,,,,,,,,,,,,,,,,,,,,,,0.19,,,,,,76.64,
2010-07-25,,,,,,,,,,,,,,,,,,,,,,,,,,,,,,0.19,,,,,,77.28,
2010-07-26,,,,,,,,,,,,,,,,,,,,,,,93.7556,3.03,0.62,4.03,2.41,2.87,1.79,0.19,,22.73,2296.43,2.92,78.93,203.2,2.18
2010-07-27,,,,,,,,,,,,,,,,,,,,,,,93.7583,3.08,0.65,4.08,2.43,2.93,1.82,0.19,,23.19,2288.25,2.9,77.46,117.63,2.2
2010-07-28,,,,,,,,,,,,,,,,,,,,,,,93.7506,3.03,0.61,4.07,2.42,2.88,1.81,0.2,,24.25,2264.56,2.92,77.06,44.56,2.16
2010-07-29,,,,,,,,,,,,,,,,,,,,,,,93.6004,3.03,0.59,4.08,2.44,2.88,1.82,0.19,,24.13,2251.69,2.92,78.3,11.02,2.19
2010-07-30,,,,,,,,,,,,,,,,,,,,,,,93.2793,2.94,0.55,3.98,2.39,2.79,1.8,0.18,,23.5,2254.7,2.91,78.85,7.0,2.17
2010-07-31,,,,,,,,,,,,,,,,,,,,,,,,,,,,,,0.18,,,,,,97.47,
2010-08-01,8688.2,1748.7,2317172.0,217.923,221.509,208.442,0.19,1.023,130416.0,9.5,64.7,12591.4,10307.1,6.2,120.98942221669944,161.47,133.63676757253856,0.133,208.77,599.0,580.0,0.14,,,,,,,,0.18,,,,,,155.18,
2010-08-02,,,,,,,,,,,,,,,,,,,,,,,92.7916,2.99,0.56,4.06,2.43,2.83,1.86,0.19,,22.01,2295.36,2.9,81.25,86.54,2.22
2010-08-03,,,,,,,,,,,,,,,,,,,,,,,92.6258,2.94,0.53,4.04,2.41,2.78,1.87,0.19,,22.63,2283.52,2.92,82.52,58.82,2.23
2010-08-04,,,,,,,,,,,,,,,,,,,,,,,92.731,2.98,0.56,4.07,2.42,2.82,1.86,0.19,,22.21,2303.57,2.9,82.49,67.03,2.22
2010-08-05,,,,,,,,,,,,,,,,,,,,,,,92.6401,2.94,0.53,4.05,2.41,2.79,1.87,0.19,,22.1,2293.06,2.93,82.0,148.69,2.24
2010-08-06,,,,,,,,,,,,,,,,,,,,,,,92.5915,2.86,0.5,4.0,2.36,2.71,1.82,0.18,,21.74,2288.47,2.94,80.67,27.36,2.18
2010-08-07,,,,,,,,,,,,,,,,,,,,,,,,,,,,,,0.18,,,,,,108.32,
2010-08-08,,,,,,,,,,,,,,,,,,,,,,,,,,,,,,0.18,,,,,,26.11,
2010-08-09,,,,,,,,,,,,,,,,,,,,,,,92.6726,2.86,0.54,4.01,2.32,2.71,1.82,0.18,,22.14,2305.69,2.95,81.46,32.63,2.16
2010-08-10,,,,,,,,,,,,,,,,,,,,,,,93.2197,2.79,0.52,4.0,2.27,2.64,1.84,0.18,,22.37,2277.17,3.05,80.24,40.07,2.2
2010-08-11,,,,,,,,,,,,,,,,,,,,,,,93.7778,2.72,0.54,3.93,2.18,2.57,1.77,0.17,,25.39,2208.63,3.03,78.09,127.25,2.11
2010-08-12,,,,,,,,,,,,,,,,,,,,,,,93.8905,2.74,0.55,3.94,2.19,2.58,1.69,0.18,,25.73,2190.27,3.04,75.68,73.29,2.03
2010-08-13,,,,,,,,,,,,,,,,,,,,,,,94.0457,2.68,0.54,3.87,2.14,2.53,1.68,0.19,,26.24,2173.48,3.05,75.39,229.84,2.02
2010-08-14,,,,,,,,,,,,,,,,,,,,,,,,,,,,,,0.19,,,,,,100.68,
2010-08-15,,,,,,,,,,,,,,,,,,,,,,,,,,,,,,0.19,,,,,,79.81,
2010-08-16,,,,,,,,,,,,,,,,,,,,,,,93.7902,2.58,0.51,3.72,2.07,2.42,1.63,0.2,,26.1,2181.87,3.0,75.17,105.11,1.97
2010-08-17,,,,,,,,,,,,,,,,,,,,,,,93.4239,2.64,0.52,3.77,2.12,2.47,1.63,0.2,,24.33,2209.44,2.99,75.76,17.48,1.98
2010-08-18,,,,,,,,,,,,,,,,,,,,,,,93.3719,2.64,0.51,3.73,2.13,2.48,1.62,0.19,,24.59,2215.7,2.94,75.39,13.99,1.96
2010-08-19,,,,,,,,,,,,,,,,,,,,,,,93.7141,2.58,0.49,3.66,2.09,2.42,1.56,0.19,,26.44,2178.95,2.93,74.45,39.11,1.9
2010-08-20,,,,,,,,,,,,,,,,,,,,,,,94.2087,2.62,0.49,3.67,2.13,2.47,1.57,0.2,,25.49,2179.76,2.9,73.45,14.44,1.9
2010-08-21,,,,,,,,,,,,,,,,,,,,,,,,,,,,,,0.2,,,,,,206.46,
2010-08-22,,,,,,,,,,,,,,,,,,,,,,,,,,,,,,0.2,,,,,,58.87,
2010-08-23,,,,,,,,,,,,,,,,,,,,,,,94.3295,2.6,0.49,3.65,2.11,2.44,1.55,0.19,,25.66,2159.63,2.94,72.71,34.86,1.89
2010-08-24,,,,,,,,,,,,,,,,,,,,,,,94.4362,2.5,0.5,3.57,2.0,2.34,1.49,0.19,,27.46,2123.76,2.95,71.24,35.88,1.79
2010-08-25,,,,,,,,,,,,,,,,,,,,,,,94.7372,2.54,0.53,3.59,2.01,2.38,1.53,0.19,,26.7,2141.54,2.94,72.07,47.22,1.85
2010-08-26,,,,,,,,,,,,,,,,,,,,,,,94.3523,2.5,0.51,3.53,1.99,2.34,1.55,0.19,,27.37,2118.69,2.95,73.36,126.97,1.86
2010-08-27,,,,,,,,,,,,,,,,,,,,,,,94.3462,2.66,0.56,3.69,2.1,2.51,1.61,0.19,,24.45,2153.63,2.96,75.17,70.33,1.95
2010-08-28,,,,,,,,,,,,,,,,,,,,,,,,,,,,,,0.19,,,,,,91.36,
2010-08-29,,,,,,,,,,,,,,,,,,,,,,,,,,,,,,0.19,,,,,,114.26,
2010-08-30,,,,,,,,,,,,,,,,,,,,,,,94.5922,2.54,0.5,3.6,2.04,2.4,1.55,0.19,,27.21,2119.97,2.99,74.69,34.95,1.87
2010-08-31,,,,,,,,,,,,,,,,,,,,,,,94.7204,2.47,0.47,3.52,2.0,2.33,1.52,0.21,,26.05,2114.03,3.01,71.93,206.04,1.85
2010-09-01,8718.9,1766.2,2301948.0,218.275,221.711,208.883,0.19,0.898,130342.0,9.5,64.6,12589.9,10327.1,6.1,132.57019497389464,213.93,108.20142959774684,0.132,209.832,594.0,563.0,0.08,94.1148,2.58,0.5,3.65,2.08,2.45,1.56,0.19,,23.89,2176.84,3.01,73.97,155.84,1.91
2010-09-02,,,,,,,,,,,,,,,,,,,,,,,94.0852,2.63,0.5,3.72,2.13,2.49,1.58,0.19,,23.19,2200.01,3.02,74.99,16.58,1.96
2010-09-03,,,,,,,,,,,,,,,,,,,,,,,93.6952,2.72,0.52,3.79,2.2,2.58,1.62,0.19,,21.31,2233.75,2.97,74.52,13.51,1.99
2010-09-04,,,,,,,,,,,,,,,,,,,,,,,,,,,,,,0.19,,,,,,87.83,
2010-09-05,,,,,,,,,,,,,,,,,,,,,,,,,,,,,,0.19,,,,,,43.11,
2010-09-06,,,,,,,,,,,,,,,,,,,,,,,,,,,,,,0.19,,,,,,77.26,
2010-09-07,,,,,,,,,,,,,,,,,,,,,,,94.042,2.61,0.49,3.67,2.12,2.47,1.63,0.2,,23.8,2208.89,2.96,73.98,98.53,2.02
2010-09-08,,,,,,,,,,,,,,,,,,,,,,,93.7785,2.66,0.52,3.72,2.14,2.52,1.64,0.19,,23.25,2228.87,2.95,74.65,13.45,2.05
2010-09-09,,,,,,,,,,,,,,,,,,,,,,,93.7033,2.77,0.57,3.84,2.2,2.63,1.72,0.18,,22.81,2236.2,2.96,74.25,16.06,2.15
2010-09-10,,,,,,,,,,,,,,,,,,,,,,,93.6768,2.81,0.58,3.88,2.23,2.67,1.79,0.18,,21.99,2242.48,2.94,76.4,33.5,2.24
2010-09-11,,,,,,,,,,,,,,,,,,,,,,,,,,,,,,0.18,,,,,,65.74,
2010-09-12,,,,,,,,,,,,,,,,,,,,,,,,,,,,,,0.18,,,,,,33.04,
2010-09-13,,,,,,,,,,,,,,,,,,,,,,,93.0767,2.74,0.53,3.83,2.21,2.59,1.8,0.18,,21.21,2285.71,2.97,77.17,86.84,2.26
2010-09-14,,,,,,,,,,,,,,,,,,,,,,,92.6182,2.68,0.5,3.79,2.18,2.53,1.75,0.19,,21.56,2289.77,2.97,76.78,62.37,2.22
2010-09-15,,,,,,,,,,,,,,,,,,,,,,,92.9313,2.74,0.5,3.87,2.24,2.59,1.77,0.21,,22.1,2301.32,3.0,75.92,31.25,2.25
2010-09-16,,,,,,,,,,,,,,,,,,,,,,,92.9108,2.77,0.48,3.92,2.29,2.61,1.77,0.21,,21.72,2303.25,3.02,74.58,32.26,2.25
2010-09-17,,,,,,,,,,,,,,,,,,,,,,,92.9418,2.75,0.48,3.9,2.27,2.59,1.75,0.21,,22.01,2315.61,3.03,73.63,20.1,2.25
2010-09-18,,,,,,,,,,,,,,,,,,,,,,,,,,,,,,0.21,,,,,,66.59,
2010-09-19,,,,,,,,,,,,,,,,,,,,,,,,,,,,,,0.21,,,,,,67.27,
2010-09-20,,,,,,,,,,,,,,,,,,,,,,,92.7496,2.72,0.47,3.87,2.25,2.55,1.78,0.21,,21.5,2355.83,3.02,74.81,123.81,2.32
2010-09-21,,,,,,,,,,,,,,,,,,,,,,,92.6684,2.61,0.43,3.79,2.18,2.44,1.83,0.2,,22.35,2349.35,3.05,72.96,89.56,2.37
2010-09-22,,,,,,,,,,,,,,,,,,,,,,,92.0647,2.56,0.44,3.74,2.12,2.4,1.82,0.21,,22.51,2334.55,3.05,72.98,13.18,2.32
2010-09-23,,,,,,,,,,,,,,,,,,,,,,,92.0233,2.56,0.45,3.73,2.11,2.4,1.79,0.2,,23.87,2327.08,3.04,73.4,5.33,2.29
2010-09-24,,,,,,,,,,,,,,,,,,,,,,,91.5996,2.62,0.45,3.79,2.17,2.47,1.81,0.21,,21.71,2381.22,3.05,74.63,19.92,2.31
2010-09-25,,,,,,,,,,,,,,,,,,,,,,,,,,,,,,0.21,,,,,,94.74,
2010-09-26,,,,,,,,,,,,,,,,,,,,,,,,,,,,,,0.21,,,,,,33.09,
2010-09-27,,,,,,,,,,,,,,,,,,,,,,,91.4803,2.54,0.44,3.7,2.1,2.38,1.75,0.19,,22.54,2369.77,3.04,76.51,10.96,2.21
2010-09-28,,,,,,,,,,,,,,,,,,,,,,,91.3493,2.48,0.37,3.66,2.11,2.32,1.79,0.19,,22.6,2379.59,3.06,76.15,66.77,2.27
2010-09-29,,,,,,,,,,,,,,,,,,,,,,,91.1632,2.52,0.44,3.69,2.08,2.36,1.78,0.19,,23.25,2376.56,3.06,77.85,37.85,2.26
2010-09-30,,,,,,,,,,,,,,,,,,,,,,,91.3415,2.53,0.42,3.69,2.11,2.37,1.78,0.15,,23.7,2368.62,3.05,79.95,30.93,2.26
2010-10-01,8768.7,1780.4,2304649.0,219.035,221.83,209.904,0.19,0.903,130621.0,9.4,64.4,12592.5,10386.4,5.9,122.75940165402686,229.32,109.07293682531936,0.127,216.71,543.0,558.0,0.1,90.836,2.54,0.42,3.71,2.12,2.38,1.79,0.2,,22.5,2370.75,3.07,81.57,13.5,2.25
2010-10-02,,,,,,,,,,,,,,,,,,,,,,,,,,,,,,0.2,,,,,,28.31,
2010-10-03,,,,,,,,,,,,,,,,,,,,,,,,,,,,,,0.2,,,,,,16.26,
2010-10-04,,,,,,,,,,,,,,,,,,,,,,,91.0015,2.5,0.41,3.71,2.09,2.37,1.78,0.2,,23.53,2344.52,3.1,81.43,43.26,2.23
2010-10-05,,,,,,,,,,,,,,,,,,,,,,,90.5622,2.5,0.41,3.74,2.09,2.38,1.85,0.2,,21.76,2399.83,3.11,82.83,50.67,2.3
2010-10-06,,,,,,,,,,,,,,,,,,,,,,,90.1411,2.41,0.38,3.67,2.03,2.28,1.89,0.19,,21.49,2380.66,3.13,83.21,19.25,2.33
2010-10-07,,,,,,,,,,,,,,,,,,,,,,,90.286,2.41,0.36,3.72,2.05,2.28,1.88,0.18,,21.56,2383.67,3.18,81.34,59.59,2.35
2010-10-08,,,,,,,,,,,,,,,,,,,,,,,90.1133,2.41,0.35,3.75,2.06,2.29,1.96,0.18,,20.71,2401.91,3.21,82.66,44.07,2.44
2010-10-09,,,,,,,,,,,,,,,,,,,,,,,,,,,,,,0.18,,,,,,18.08,
2010-10-10,,,,,,,,,,,,,,,,,,,,,,,,,,,,,,0.18,,,,,,47.96,
2010-10-11,,,,,,,,,,,,,,,,,,,,,,,,,,,,,,0.18,,18.96,2402.33,,82.18,41.88,
2010-10-12,,,,,,,,,,,,,,,,,,,,,,,90.2203,2.44,0.37,3.8,2.07,2.31,1.95,0.18,,18.93,2417.92,3.22,81.67,47.72,2.42
2010-10-13,,,,,,,,,,,,,,,,,,,,,,,89.7779,2.46,0.37,3.84,2.09,2.33,2.02,0.18,,19.07,2441.23,3.22,83.03,274.39,2.47
2010-10-14,,,,,,,,,,,,,,,,,,,,,,,89.5228,2.52,0.38,3.91,2.14,2.38,2.11,0.19,,19.88,2435.38,3.23,82.71,211.55,2.55
2010-10-15,,,,,,,,,,,,,,,,,,,,,,,89.6815,2.59,0.37,3.98,2.22,2.45,2.09,0.2,,19.03,2468.77,3.26,81.23,18.73,2.6
2010-10-16,,,,,,,,,,,,,,,,,,,,,,,,,,,,,,0.2,,,,,,35.25,
2010-10-17,,,,,,,,,,,,,,,,,,,,,,,,,,,,,,0.2,,,,,,62.99,
2010-10-18,,,,,,,,,,,,,,,,,,,,,,,89.8484,2.52,0.38,3.93,2.14,2.37,2.05,0.19,,19.09,2480.66,3.26,83.06,50.38,2.57
2010-10-19,,,,,,,,,,,,,,,,,,,,,,,90.5499,2.5,0.37,3.9,2.13,2.36,2.06,0.19,,20.63,2436.95,3.25,79.57,7.73,2.61
2010-10-20,,,,,,,,,,,,,,,,,,,,,,,90.1446,2.51,0.35,3.89,2.16,2.37,2.04,0.19,,19.79,2457.39,3.23,81.93,6.09,2.6
2010-10-21,,,,,,,,,,,,,,,,,,,,,,,90.138,2.57,0.37,3.95,2.2,2.44,2.07,0.19,,19.27,2459.67,3.2,80.03,9.66,2.62
2010-10-22,,,,,,,,,,,,,,,,,,,,,,,90.4063,2.59,0.35,3.94,2.24,2.46,2.09,0.19,,18.78,2479.39,3.18,81.15,12.44,2.62
2010-10-23,,,,,,,,,,,,,,,,,,,,,,,,,,,,,,0.19,,,,,,89.9,
2010-10-24,,,,,,,,,,,,,,,,,,,,,,,,,,,,,,0.19,,,,,,15.67,
2010-10-25,,,,,,,,,,,,,,,,,,,,,,,89.9328,2.59,0.37,3.91,2.22,2.45,2.14,0.19,,19.85,2490.85,3.13,82.0,50.03,2.66
2010-10-26,,,,,,,,,,,,,,,,,,,,,,,90.2818,2.67,0.4,4.0,2.27,2.53,2.15,0.19,,20.22,2497.29,3.13,82.6,7.48,2.67
2010-10-27,,,,,,,,,,,,,,,,,,,,,,,90.8038,2.75,0.4,4.06,2.35,2.61,2.13,0.19,,20.71,2503.26,3.09,81.9,24.18,2.67
2010-10-28,,,,,,,,,,,,,,,,,,,,,,,90.2407,2.69,0.37,4.05,2.32,2.56,2.12,0.19,,20.88,2507.37,3.16,82.2,28.74,2.72
2010-10-29,,,,,,,,,,,,,,,,,,,,,,,90.0935,2.63,0.34,3.99,2.29,2.51,2.13,0.2,,21.2,2507.41,3.15,81.45,185.41,2.78
2010-10-30,,,,,,,,,,,,,,,,,,,,,,,,,,,,,,0.2,,,,,,78.7,
2010-10-31,,,,,,,,,,,,,,,,,,,,,,,,,,,,,,0.2,,,,,,46.53,
2010-11-01,8789.3,1828.4,2318470.0,219.59,222.149,210.567,0.19,1.161,130749.0,9.8,64.6,12605.1,10433.6,5.8,127.45788209648524,169.9,114.81083435043315,0.125,219.496,545.0,560.0,0.2,90.0307,2.66,0.34,4.01,2.32,2.53,2.17,0.2,,21.83,2504.84,3.13,82.94,121.49,2.83
2010-11-02,,,,,,,,,,,,,,,,,,,,,,,89.6847,2.63,0.34,3.93,2.29,2.5,2.14,0.2,,21.57,2533.52,3.08,83.91,37.91,2.79
2010-11-03,,,,,,,,,,,,,,,,,,,,,,,89.7079,2.67,0.34,4.09,2.33,2.54,2.17,0.2,,19.56,2540.27,3.16,84.45,115.83,2.83
2010-11-04,,,,,,,,,,,,,,,,,,,,,,,88.9831,2.53,0.33,4.04,2.2,2.4,2.09,0.19,,18.52,2577.34,3.24,86.49,30.33,2.66
2010-11-05,,,,,,,,,,,,,,,,,,,,,,,89.2441,2.58,0.38,4.12,2.2,2.45,2.1,0.18,,18.26,2578.98,3.27,86.85,31.75,2.63
2010-11-06,,,,,,,,,,,,,,,,,,,,,,,,,,,,,,0.18,,,,,,80.4,
2010-11-07,,,,,,,,,,,,,,,,,,,,,,,,,,,,,,0.18,,,,,,7.83,
2010-11-08,,,,,,,,,,,,,,,,,,,,,,,89.5711,2.6,0.41,4.12,2.19,2.47,2.12,0.18,,18.29,2580.05,3.25,87.07,50.36,2.66
2010-11-09,,,,,,,,,,,,,,,,,,,,,,,89.558,2.72,0.46,4.25,2.26,2.59,2.14,0.17,,19.08,2562.98,3.25,87.04,30.92,2.7
2010-11-10,,,,,,,,,,,,,,,,,,,,,,,89.9056,2.65,0.44,4.25,2.21,2.52,2.09,0.17,,18.47,2578.78,3.31,87.77,17.66,2.58
2010-11-11,,,,,,,,,,,,,,,,,,,,,,,,,,,,,,0.17,,18.64,2555.52,,87.77,21.16,
2010-11-12,,,,,,,,,,,,,,,,,,,,,,,90.1701,2.76,0.51,4.26,2.25,2.63,2.05,0.19,,20.61,2518.21,3.24,84.89,19.63,2.53
2010-11-13,,,,,,,,,,,,,,,,,,,,,,,,,,,,,,0.19,,,,,,46.26,
2010-11-14,,,,,,,,,,,,,,,,,,,,,,,,,,,,,,0.19,,,,,,111.42,
2010-11-15,,,,,,,,,,,,,,,,,,,,,,,90.4331,2.92,0.53,4.38,2.39,2.78,2.05,0.21,,20.2,2513.82,3.2,84.88,83.38,2.53
2010-11-16,,,,,,,,,,,,,,,,,,,,,,,91.1102,2.85,0.51,4.26,2.34,2.7,1.98,0.21,,22.58,2469.84,3.15,82.33,39.47,2.47
2010-11-17,,,,,,,,,,,,,,,,,,,,,,,90.9282,2.89,0.5,4.31,2.39,2.75,2.05,0.2,,21.76,2476.01,3.13,80.43,6.32,2.57
2010-11-18,,,,,,,,,,,,,,,,,,,,,,,90.649,2.9,0.52,4.29,2.38,2.75,2.07,0.2,,18.75,2514.4,3.12,81.88,15.62,2.57
2010-11-19,,,,,,,,,,,,,,,,,,,,,,,90.6986,2.88,0.52,4.25,2.36,2.74,2.11,0.21,,18.04,2518.12,3.11,81.65,19.38,2.63
2010-11-20,,,,,,,,,,,,,,,,,,,,,,,,,,,,,,0.21,,,,,,57.59,
2010-11-21,,,,,,,,,,,,,,,,,,,,,,,,,,,,,,0.21,,,,,,24.38,
2010-11-22,,,,,,,,,,,,,,,,,,,,,,,90.7023,2.8,0.49,4.2,2.31,2.65,2.1,0.19,,18.37,2532.02,3.14,81.24,20.33,2.62
2010-11-23,,,,,,,,,,,,,,,,,,,,,,,91.4318,2.77,0.45,4.18,2.32,2.62,2.08,0.2,,20.63,2494.95,3.13,80.79,7.94,2.62
2010-11-24,,,,,,,,,,,,,,,,,,,,,,,91.2179,2.93,0.53,4.29,2.4,2.77,2.13,0.2,,19.56,2543.12,3.1,83.21,17.87,2.67
2010-11-25,,,,,,,,,,,,,,,,,,,,,,,,,,,,,,0.2,,,,,,7.47,
2010-11-26,,,,,,,,,,,,,,,,,,,,,,,91.8152,2.87,0.51,4.21,2.36,2.71,2.12,0.2,,22.22,2534.56,3.07,83.87,40.38,2.64
2010-11-27,,,,,,,,,,,,,,,,,,,,,,,,,,,,,,0.2,,,,,,66.77,
2010-11-28,,,,,,,,,,,,,,,,,,,,,,,,,,,,,,0.2,,,,,,53.05,
2010-11-29,,,,,,,,,,,,,,,,,,,,,,,92.1997,2.84,0.52,4.16,2.32,2.66,2.11,0.2,,21.53,2525.22,3.04,85.73,65.67,2.64
2010-11-30,,,,,,,,,,,,,,,,,,,,,,,92.1494,2.81,0.45,4.12,2.36,2.64,2.07,0.2,,23.54,2498.23,3.03,84.12,16.52,2.6
2010-12-01,8822.9,1836.7,2392692.0,220.472,222.343,211.693,0.18,1.133,130830.0,9.3,64.3,12680.6,10471.0,6.2,130.31700524576115,157.47,77.0028504384169,0.125,227.13,539.0,632.0,0.2,91.6799,2.97,0.53,4.24,2.44,2.81,2.14,0.2,,21.36,2549.43,3.01,86.75,25.59,2.68
2010-12-02,,,,,,,,,,,,,,,,,,,,,,,91.2651,3.01,0.55,4.27,2.46,2.85,2.17,0.19,,19.39,2579.35,2.99,87.98,10.9,2.7
2010-12-03,,,,,,,,,,,,,,,,,,,,,,,90.8788,3.03,0.49,4.32,2.54,2.89,2.17,0.18,,18.01,2591.46,3.02,89.18,20.01,2.72
2010-12-04,,,,,,,,,,,,,,,,,,,,,,,,,,,,,,0.18,,,,,,29.25,
2010-12-05,,,,,,,,,,,,,,,,,,,,,,,,,,,,,,0.18,,,,,,17.03,
2010-12-06,,,,,,,,,,,,,,,,,,,,,,,91.0167,2.95,0.42,4.25,2.53,2.8,2.16,0.18,,18.02,2594.92,3.02,89.33,31.67,2.72
2010-12-07,,,,,,,,,,,,,,,,,,,,,,,90.9732,3.15,0.54,4.39,2.61,3.01,2.23,0.17,,17.99,2598.49,2.99,88.69,24.67,2.79
2010-12-08,,,,,,,,,,,,,,,,,,,,,,,91.3376,3.26,0.63,4.45,2.63,3.11,2.19,0.17,,17.74,2609.16,2.9,88.3,31.26,2.7
2010-12-09,,,,,,,,,,,,,,,,,,,,,,,91.3923,3.23,0.64,4.41,2.59,3.09,2.14,0.16,,17.25,2616.67,2.86,88.35,31.41,2.63
2010-12-10,,,,,,,,,,,,,,,,,,,,,,,91.2831,3.32,0.64,4.43,2.68,3.19,2.16,0.16,,17.61,2637.54,2.79,87.81,13.56,2.67
2010-12-11,,,,,,,,,,,,,,,,,,,,,,,,,,,,,,0.16,,,,,,100.24,
2010-12-12,,,,,,,,,,,,,,,,,,,,,,,,,,,,,,0.16,,,,,,51.24,
2010-12-13,,,,,,,,,,,,,,,,,,,,,,,90.8837,3.29,0.61,4.39,2.68,3.14,2.18,0.17,,17.55,2624.91,2.8,88.62,64.87,2.7
2010-12-14,,,,,,,,,,,,,,,,,,,,,,,90.764,3.49,0.66,4.54,2.83,3.34,2.22,0.19,,17.61,2627.72,2.75,88.33,8.08,2.75
2010-12-15,,,,,,,,,,,,,,,,,,,,,,,91.094,3.53,0.68,4.59,2.85,3.39,2.31,0.2,,17.94,2617.22,2.74,88.66,18.84,2.85
2010-12-16,,,,,,,,,,,,,,,,,,,,,,,91.3773,3.47,0.66,4.57,2.81,3.34,2.32,0.2,,17.39,2637.31,2.77,87.71,10.59,2.86
2010-12-17,,,,,,,,,,,,,,,,,,,,,,,91.5555,3.33,0.61,4.41,2.72,3.22,2.28,0.2,,16.11,2642.97,2.73,88.02,6.76,2.81
2010-12-18,,,,,,,,,,,,,,,,,,,,,,,,,,,,,,0.2,,,,,,30.47,
2010-12-19,,,,,,,,,,,,,,,,,,,,,,,,,,,,,,0.2,,,,,,8.71,
2010-12-20,,,,,,,,,,,,,,,,,,,,,,,91.6398,3.36,0.62,4.44,2.74,3.22,2.29,0.21,,16.41,2649.56,2.75,88.68,21.51,2.83
2010-12-21,,,,,,,,,,,,,,,,,,,,,,,91.519,3.35,0.63,4.44,2.72,3.21,2.29,0.2,,16.49,2667.61,2.72,89.3,24.89,2.81
2010-12-22,,,,,,,,,,,,,,,,,,,,,,,91.429,3.36,0.65,4.45,2.71,3.22,2.33,0.19,,15.45,2671.48,2.73,89.83,12.82,2.85
2010-12-23,,,,,,,,,,,,,,,,,,,,,,,91.3013,3.41,0.67,4.47,2.74,3.27,2.33,0.19,,16.47,2665.6,2.7,90.84,11.64,2.83
2010-12-24,,,,,,,,,,,,,,,,,,,,,,,,,,,,,,0.19,,,,,,35.57,
2010-12-25,,,,,,,,,,,,,,,,,,,,,,,,,,,,,,0.19,,,,,,103.68,
2010-12-26,,,,,,,,,,,,,,,,,,,,,,,,,,,,,,0.19,,,,,,20.17,
2010-12-27,,,,,,,,,,,,,,,,,,,,,,,91.1963,3.36,0.71,4.42,2.65,3.19,2.3,0.19,,17.67,2667.27,2.7,90.99,23.75,2.77
2010-12-28,,,,,,,,,,,,,,,,,,,,,,,90.9848,3.5,0.75,4.53,2.75,3.35,2.33,0.18,,17.52,2662.88,2.68,91.48,46.34,2.82
2010-12-29,,,,,,,,,,,,,,,,,,,,,,,90.7669,3.35,0.64,4.41,2.71,3.22,2.29,0.18,,17.28,2666.93,2.7,91.13,35.07,2.77
2010-12-30,,,,,,,,,,,,,,,,,,,,,,,90.5146,3.38,0.66,4.43,2.72,3.26,2.3,0.19,,17.52,2662.98,2.69,89.85,82.76,2.78
2010-12-31,,,,,,,,,,,,,,,,,,,,,,,,3.3,0.61,4.34,2.69,3.18,2.3,0.13,,17.75,2652.87,2.68,91.38,87.88,2.77
2011-01-01,8845.2,1846.3,2443222.0,221.187,222.803,212.567,0.17,1.213,130837.0,9.1,64.2,12740.1,10514.3,6.6,110.41948455681512,139.75,44.67372723461548,0.125,229.258,630.0,576.0,0.24,,,,,,,,0.13,,,,,,296.77,
2011-01-02,,,,,,,,,,,,,,,,,,,,,,,,,,,,,,0.13,,,,,,85.31,
2011-01-03,,,,,,,,,,,,,,,,,,,,,,,89.9524,3.36,0.61,4.39,2.75,3.21,2.31,0.19,,17.61,2691.52,2.68,91.59,21.97,2.8
2011-01-04,,,,,,,,,,,,,,,,,,,,,,,90.3277,3.36,0.63,4.44,2.73,3.22,2.35,0.18,,17.38,2681.25,2.71,89.39,33.85,2.84
2011-01-05,,,,,,,,,,,,,,,,,,,,,,,90.5715,3.5,0.71,4.55,2.79,3.36,2.42,0.18,,17.02,2702.2,2.67,90.3,6.18,2.9
2011-01-06,,,,,,,,,,,,,,,,,,,,,,,90.9125,3.44,0.68,4.53,2.76,3.29,2.41,0.17,,17.4,2709.89,2.67,88.37,5.41,2.86
2011-01-07,,,,,,,,,,,,,,,,,,,,,,,91.0001,3.34,0.6,4.48,2.74,3.2,2.36,0.17,,17.14,2703.17,2.73,88.07,6.64,2.81
2011-01-08,,,,,,,,,,,,,,,,,,,,,,,,,,,,,,0.17,,,,,,39.36,
2011-01-09,,,,,,,,,,,,,,,,,,,,,,,,,,,,,,0.17,,,,,,42.02,
2011-01-10,,,,,,,,,,,,,,,,,,,,,,,91.03,3.32,0.59,4.47,2.73,3.17,2.36,0.17,,17.54,2707.8,2.75,89.24,10.42,2.81
2011-01-11,,,,,,,,,,,,,,,,,,,,,,,90.8431,3.37,0.6,4.49,2.77,3.22,2.4,0.17,,16.89,2716.83,2.68,91.11,7.89,2.8
2011-01-12,,,,,,,,,,,,,,,,,,,,,,,90.4111,3.4,0.61,4.52,2.79,3.25,2.42,0.16,,16.24,2737.33,2.68,91.85,37.62,2.84
2011-01-13,,,,,,,,,,,,,,,,,,,,,,,89.9019,3.34,0.59,4.5,2.75,3.19,2.37,0.16,,16.39,2735.29,2.71,91.39,10.8,2.79
2011-01-14,,,,,,,,,,,,,,,,,,,,,,,90.0461,3.35,0.59,4.53,2.76,3.2,2.35,0.16,,15.46,2755.3,2.74,91.53,13.0,2.77
2011-01-15,,,,,,,,,,,,,,,,,,,,,,,,,,,,,,0.16,,,,,,9.79,
2011-01-16,,,,,,,,,,,,,,,,,,,,,,,,,,,,,,0.16,,,,,,8.38,
2011-01-17,,,,,,,,,,,,,,,,,,,,,,,,,,,,,,0.16,,,,,,21.68,
2011-01-18,,,,,,,,,,,,,,,,,,,,,,,89.821,3.39,0.6,4.56,2.79,3.23,2.4,0.19,,15.87,2765.85,2.72,91.38,16.26,2.85
2011-01-19,,,,,,,,,,,,,,,,,,,,,,,89.6948,3.37,0.6,4.53,2.77,3.21,2.38,0.18,,17.31,2725.36,2.7,90.85,30.14,2.82
2011-01-20,,,,,,,,,,,,,,,,,,,,,,,90.1316,3.47,0.65,4.6,2.82,3.31,2.25,0.18,,17.99,2704.29,2.7,88.56,25.95,2.6
2011-01-21,,,,,,,,,,,,,,,,,,,,,,,89.7204,3.44,0.63,4.57,2.81,3.28,2.24,0.17,,18.47,2689.54,2.68,88.22,32.62,2.56
2011-01-22,,,,,,,,,,,,,,,,,,,,,,,,,,,,,,0.17,,,,,,29.92,
2011-01-23,,,,,,,,,,,,,,,,,,,,,,,,,,,,,,0.17,,,,,,8.31,
2011-01-24,,,,,,,,,,,,,,,,,,,,,,,89.5375,3.43,0.65,4.55,2.78,3.27,2.25,0.18,,17.65,2717.55,2.67,86.74,31.52,2.57
2011-01-25,,,,,,,,,,,,,,,,,,,,,,,89.7279,3.35,0.62,4.48,2.73,3.19,2.24,0.17,,17.59,2719.25,2.66,85.08,7.95,2.54
2011-01-26,,,,,,,,,,,,,,,,,,,,,,,89.5091,3.45,0.62,4.59,2.83,3.29,2.29,0.17,,16.64,2739.5,2.68,86.15,29.48,2.62
2011-01-27,,,,,,,,,,,,,,,,,,,,,,,89.5728,3.42,0.59,4.57,2.83,3.27,2.26,0.17,,16.15,2755.28,2.67,84.45,5.14,2.62
2011-01-28,,,,,,,,,,,,,,,,,,,,,,,89.8189,3.36,0.54,4.53,2.82,3.21,2.27,0.17,,20.04,2686.89,2.7,88.15,30.94,2.61
2011-01-29,,,,,,,,,,,,,,,,,,,,,,,,,,,,,,0.17,,,,,,39.06,
2011-01-30,,,,,,,,,,,,,,,,,,,,,,,,,,,,,,0.17,,,,,,127.25,
2011-01-31,,,,,,,,,,,,,,,,,,,,,,,89.694,3.42,0.58,4.58,2.84,3.27,2.34,0.17,,19.53,2700.08,2.68,90.99,29.94,2.72
2011-02-01,8909.0,1870.1,2502997.0,221.898,223.213,213.448,0.16,1.241,131056.0,9.0,64.1,12776.6,10540.6,6.9,93.8689212010828,118.36,41.62163015528885,0.125,232.068,517.0,542.0,0.32,89.1436,3.48,0.61,4.62,2.87,3.33,2.37,0.18,,17.63,2751.19,2.66,89.54,30.36,2.73
2011-02-02,,,,,,,,,,,,,,,,,,,,,,,89.0737,3.52,0.67,4.64,2.85,3.36,2.36,0.18,,17.3,2749.56,2.64,89.78,35.66,2.71
2011-02-03,,,,,,,,,,,,,,,,,,,,,,,89.2522,3.58,0.71,4.67,2.87,3.44,2.35,0.17,,16.69,2753.88,2.61,89.42,5.17,2.7
2011-02-04,,,,,,,,,,,,,,,,,,,,,,,89.391,3.68,0.77,4.73,2.91,3.53,2.38,0.17,,15.93,2769.3,2.57,87.87,6.38,2.77
2011-02-05,,,,,,,,,,,,,,,,,,,,,,,,,,,,,,0.17,,,,,,19.19,
2011-02-06,,,,,,,,,,,,,,,,,,,,,,,,,,,,,,0.17,,,,,,56.19,
2011-02-07,,,,,,,,,,,,,,,,,,,,,,,89.3556,3.68,0.78,4.71,2.9,3.52,2.36,0.17,,16.28,2783.99,2.53,86.3,10.21,2.74
2011-02-08,,,,,,,,,,,,,,,,,,,,,,,89.1241,3.75,0.86,4.76,2.89,3.6,2.36,0.16,,15.81,2797.05,2.5,85.85,22.99,2.77
2011-02-09,,,,,,,,,,,,,,,,,,,,,,,89.4166,3.65,0.81,4.71,2.84,3.51,2.31,0.15,,15.87,2789.07,2.53,85.59,11.49,2.68
2011-02-10,,,,,,,,,,,,,,,,,,,,,,,89.6266,3.7,0.85,4.75,2.85,3.58,2.31,0.15,,16.09,2790.45,2.55,85.44,40.19,2.7
2011-02-11,,,,,,,,,,,,,,,,,,,,,,,89.8784,3.64,0.85,4.71,2.79,3.52,2.28,0.15,,15.69,2809.44,2.56,84.39,6.26,2.68
2011-02-12,,,,,,,,,,,,,,,,,,,,,,,,,,,,,,0.15,,,,,,38.94,
2011-02-13,,,,,,,,,,,,,,,,,,,,,,,,,,,,,,0.15,,,,,,88.51,
2011-02-14,,,,,,,,,,,,,,,,,,,,,,,89.8543,3.62,0.87,4.67,2.75,3.49,2.28,0.15,,15.95,2817.18,2.53,83.66,30.44,2.7
2011-02-15,,,,,,,,,,,,,,,,,,,,,,,89.8871,3.61,0.84,4.66,2.77,3.48,2.28,0.16,,16.37,2804.35,2.53,83.13,23.19,2.65
2011-02-16,,,,,,,,,,,,,,,,,,,,,,,89.7059,3.62,0.86,4.67,2.76,3.5,2.25,0.15,,16.72,2825.56,2.53,83.8,45.74,2.56
2011-02-17,,,,,,,,,,,,,,,,,,,,,,,89.4102,3.58,0.8,4.66,2.78,3.49,2.27,0.15,,16.59,2831.58,2.56,85.05,14.88,2.57
2011-02-18,,,,,,,,,,,,,,,,,,,,,,,89.1974,3.59,0.78,4.7,2.81,3.49,2.34,0.15,,16.43,2833.95,2.58,85.03,12.48,2.64
2011-02-19,,,,,,,,,,,,,,,,,,,,,,,,,,,,,,0.15,,,,,,65.76,
2011-02-20,,,,,,,,,,,,,,,,,,,,,,,,,,,,,,0.15,,,,,,56.51,
2011-02-21,,,,,,,,,,,,,,,,,,,,,,,,,,,,,,0.15,,,,,,31.41,
2011-02-22,,,,,,,,,,,,,,,,,,,,,,,89.4617,3.46,0.74,4.6,2.72,3.34,2.34,0.15,,20.8,2756.42,2.62,92.65,40.86,2.59
2011-02-23,,,,,,,,,,,,,,,,,,,,,,,89.4186,3.49,0.74,4.59,2.75,3.37,2.39,0.15,,22.13,2722.99,2.6,96.04,34.44,2.58
2011-02-24,,,,,,,,,,,,,,,,,,,,,,,89.2346,3.46,0.73,4.54,2.73,3.33,2.41,0.15,,21.32,2737.9,2.59,95.83,20.21,2.62
2011-02-25,,,,,,,,,,,,,,,,,,,,,,,89.1664,3.42,0.72,4.51,2.7,3.29,2.4,0.15,,19.22,2781.05,2.6,96.52,12.45,2.63
2011-02-26,,,,,,,,,,,,,,,,,,,,,,,,,,,,,,0.15,,,,,,247.01,
2011-02-27,,,,,,,,,,,,,,,,,,,,,,,,,,,,,,0.15,,,,,,39.84,
2011-02-28,,,,,,,,,,,,,,,,,,,,,,,88.9391,3.42,0.69,4.49,2.73,3.27,2.39,0.16,,18.35,2782.27,2.57,97.1,50.61,2.63
2011-03-01,8967.0,1896.5,2585821.0,223.046,223.454,214.971,0.14,1.214,131282.0,9.0,64.2,12742.7,10619.7,6.3,127.20477052215335,140.79,70.49472000899426,0.127,240.079,600.0,583.0,0.16,88.831,3.41,0.66,4.48,2.75,3.27,2.41,0.15,,21.01,2737.41,2.59,99.63,30.21,2.65
2011-03-02,,,,,,,,,,,,,,,,,,,,,,,88.7317,3.46,0.69,4.54,2.77,3.33,2.45,0.16,,20.7,2748.07,2.6,102.27,11.3,2.65
2011-03-03,,,,,,,,,,,,,,,,,,,,,,,88.637,3.58,0.79,4.64,2.79,3.45,2.49,0.15,,18.6,2798.74,2.55,101.92,9.95,2.71
2011-03-04,,,,,,,,,,,,,,,,,,,,,,,88.4898,3.49,0.68,4.6,2.81,3.37,2.49,0.15,,19.06,2784.67,2.6,104.34,18.25,2.74
2011-03-05,,,,,,,,,,,,,,,,,,,,,,,,,,,,,,0.15,,,,,,18.47,
2011-03-06,,,,,,,,,,,,,,,,,,,,,,,,,,,,,,0.15,,,,,,15.63,
2011-03-07,,,,,,,,,,,,,,,,,,,,,,,88.5207,3.51,0.7,4.61,2.81,3.4,2.51,0.14,,20.66,2745.63,2.59,105.37,50.03,2.76
2011-03-08,,,,,,,,,,,,,,,,,,,,,,,88.6454,3.56,0.73,4.66,2.83,3.45,2.55,0.14,,19.82,2765.77,2.59,105.06,69.06,2.79
2011-03-09,,,,,,,,,,,,,,,,,,,,,,,88.5328,3.48,0.7,4.6,2.78,3.38,2.5,0.14,,20.22,2751.72,2.61,104.39,22.71,2.75
2011-03-10,,,,,,,,,,,,,,,,,,,,,,,88.8698,3.37,0.65,4.53,2.72,3.29,2.46,0.14,,21.88,2701.02,2.66,102.73,24.73,2.7
2011-03-11,,,,,,,,,,,,,,,,,,,,,,,88.691,3.4,0.64,4.54,2.76,3.32,2.44,0.13,,20.08,2715.61,2.63,101.14,88.27,2.71
2011-03-12,,,,,,,,,,,,,,,,,,,,,,,,,,,,,,0.13,,,,,,38.98,
2011-03-13,,,,,,,,,,,,,,,,,,,,,,,,,,,,,,0.13,,,,,,72.57,
2011-03-14,,,,,,,,,,,,,,,,,,,,,,,88.5191,3.36,0.61,4.52,2.75,3.27,2.43,0.14,,21.13,2700.97,2.65,101.2,311.62,2.71
2011-03-15,,,,,,,,,,,,,,,,,,,,,,,88.7845,3.33,0.63,4.47,2.7,3.23,2.4,0.14,,24.32,2667.33,2.68,97.23,142.85,2.64
2011-03-16,,,,,,,,,,,,,,,,,,,,,,,88.9785,3.22,0.58,4.38,2.64,3.12,2.37,0.14,,29.4,2616.82,2.71,97.99,52.44,2.65
2011-03-17,,,,,,,,,,,,,,,,,,,,,,,88.6549,3.25,0.6,4.42,2.65,3.17,2.43,0.14,,26.37,2636.05,2.72,101.47,19.87,2.68
2011-03-18,,,,,,,,,,,,,,,,,,,,,,,88.5221,3.28,0.61,4.43,2.67,3.21,2.43,0.15,,24.44,2643.67,2.69,101.06,12.72,2.68
2011-03-19,,,,,,,,,,,,,,,,,,,,,,,,,,,,,,0.15,,,,,,168.93,
2011-03-20,,,,,,,,,,,,,,,,,,,,,,,,,,,,,,0.15,,,,,,137.09,
2011-03-21,,,,,,,,,,,,,,,,,,,,,,,88.2032,3.34,0.67,4.45,2.67,3.24,2.44,0.14,,20.61,2692.09,2.64,102.36,31.08,2.68
2011-03-22,,,,,,,,,,,,,,,,,,,,,,,88.0665,3.34,0.68,4.44,2.66,3.24,2.39,0.14,,20.21,2683.87,2.64,104.53,55.85,2.59
2011-03-23,,,,,,,,,,,,,,,,,,,,,,,88.3328,3.36,0.69,4.44,2.67,3.27,2.38,0.14,,19.17,2698.3,2.63,105.21,39.77,2.6
2011-03-24,,,,,,,,,,,,,,,,,,,,,,,88.0592,3.42,0.72,4.48,2.7,3.33,2.47,0.13,,18.0,2736.42,2.59,105.04,14.91,2.72
2011-03-25,,,,,,,,,,,,,,,,,,,,,,,88.1716,3.46,0.79,4.51,2.67,3.37,2.44,0.13,,17.91,2743.06,2.58,104.89,63.32,2.69
2011-03-26,,,,,,,,,,,,,,,,,,,,,,,,,,,,,,0.13,,,,,,59.15,
2011-03-27,,,,,,,,,,,,,,,,,,,,,,,,,,,,,,0.13,,,,,,48.28,
2011-03-28,,,,,,,,,,,,,,,,,,,,,,,88.3058,3.47,0.81,4.51,2.66,3.36,2.46,0.13,,19.44,2730.68,2.56,103.54,10.4,2.74
2011-03-29,,,,,,,,,,,,,,,,,,,,,,,88.3991,3.5,0.81,4.54,2.69,3.4,2.47,0.13,,18.16,2756.89,2.59,104.34,55.96,2.74
2011-03-30,,,,,,,,,,,,,,,,,,,,,,,88.2298,3.47,0.8,4.52,2.67,3.37,2.47,0.13,,17.71,2776.79,2.59,103.8,17.38,2.75
2011-03-31,,,,,,,,,,,,,,,,,,,,,,,88.0299,3.47,0.8,4.51,2.67,3.38,2.48,0.1,,17.74,2781.07,2.58,106.19,125.02,2.75
2011-04-01,9030.4,1897.0,2672713.0,224.093,223.727,216.345,0.1,1.215,131597.0,9.1,64.2,12721.3,10652.1,6.3,115.82912494132748,116.03,62.227224747457925,0.127,247.977,554.0,581.0,0.36,87.7993,3.46,0.8,4.48,2.66,3.39,2.52,0.11,,17.4,2789.6,2.58,107.55,12.36,2.79
2011-04-02,,,,,,,,,,,,,,,,,,,,,,,,,,,,,,0.11,,,,,,9.87,
2011-04-03,,,,,,,,,,,,,,,,,,,,,,,,,,,,,,0.11,,,,,,8.1,
2011-04-04,,,,,,,,,,,,,,,,,,,,,,,87.8406,3.45,0.77,4.49,2.68,3.39,2.54,0.09,,17.5,2789.19,2.58,108.14,10.07,2.79
2011-04-05,,,,,,,,,,,,,,,,,,,,,,,87.7483,3.5,0.84,4.51,2.66,3.43,2.56,0.09,,17.25,2791.19,2.55,107.82,15.49,2.8
2011-04-06,,,,,,,,,,,,,,,,,,,,,,,87.4913,3.56,0.85,4.58,2.71,3.5,2.57,0.1,,16.9,2799.82,2.55,108.38,11.05,2.8
2011-04-07,,,,,,,,,,,,,,,,,,,,,,,87.532,3.58,0.81,4.63,2.77,3.54,2.59,0.1,,17.11,2796.14,2.57,109.82,9.74,2.85
2011-04-08,,,,,,,,,,,,,,,,,,,,,,,87.1493,3.59,0.83,4.63,2.76,3.55,2.64,0.09,,17.87,2780.42,2.56,112.27,6.16,2.9
2011-04-09,,,,,,,,,,,,,,,,,,,,,,,,,,,,,,0.09,,,,,,67.26,
2011-04-10,,,,,,,,,,,,,,,,,,,,,,,,,,,,,,0.09,,,,,,16.01,
2011-04-11,,,,,,,,,,,,,,,,,,,,,,,87.094,3.59,0.85,4.64,2.74,3.54,2.63,0.09,,16.59,2771.51,2.55,109.5,10.11,2.88
2011-04-12,,,,,,,,,,,,,,,,,,,,,,,87.2943,3.52,0.77,4.58,2.75,3.47,2.62,0.08,,17.09,2744.79,2.58,105.75,7.72,2.92
2011-04-13,,,,,,,,,,,,,,,,,,,,,,,87.2093,3.49,0.75,4.55,2.74,3.43,2.61,0.08,,16.92,2761.52,2.58,106.6,34.24,2.92
2011-04-14,,,,,,,,,,,,,,,,,,,,,,,87.0802,3.51,0.77,4.53,2.74,3.44,2.62,0.09,,16.27,2760.22,2.55,107.73,137.38,2.99
2011-04-15,,,,,,,,,,,,,,,,,,,,,,,87.005,3.43,0.71,4.47,2.72,3.36,2.61,0.12,,15.32,2764.65,2.56,109.17,18.42,2.99
2011-04-16,,,,,,,,,,,,,,,,,,,,,,,,,,,,,,0.12,,,,,,214.03,
2011-04-17,,,,,,,,,,,,,,,,,,,,,,,,,,,,,,0.12,,,,,,41.28,
2011-04-18,,,,,,,,,,,,,,,,,,,,,,,87.5081,3.4,0.69,4.45,2.71,3.33,2.6,0.1,,16.96,2735.38,2.58,106.7,29.53,3.01
2011-04-19,,,,,,,,,,,,,,,,,,,,,,,87.0791,3.39,0.68,4.43,2.71,3.33,2.63,0.11,,15.83,2744.97,2.56,107.18,23.18,3.02
2011-04-20,,,,,,,,,,,,,,,,,,,,,,,86.5642,3.43,0.69,4.47,2.74,3.37,2.61,0.1,,15.07,2802.51,2.55,110.84,11.83,2.95
2011-04-21,,,,,,,,,,,,,,,,,,,,,,,86.2256,3.42,0.68,4.47,2.74,3.36,2.59,0.1,,14.69,2820.16,2.57,111.72,129.68,2.89
2011-04-22,,,,,,,,,,,,,,,,,,,,,,,86.3742,,,,,,,0.1,,,,,,36.91,
2011-04-23,,,,,,,,,,,,,,,,,,,,,,,,,,,,,,0.1,,,,,,60.51,
2011-04-24,,,,,,,,,,,,,,,,,,,,,,,,,,,,,,0.1,,,,,,33.22,
2011-04-25,,,,,,,,,,,,,,,,,,,,,,,86.4026,3.39,0.67,4.46,2.72,3.32,2.6,0.1,,15.77,2825.88,2.58,111.68,10.36,2.9
2011-04-26,,,,,,,,,,,,,,,,,,,,,,,86.2576,3.34,0.65,4.39,2.69,3.27,2.58,0.09,,15.62,2847.54,2.57,111.72,30.6,2.84
2011-04-27,,,,,,,,,,,,,,,,,,,,,,,86.2519,3.39,0.65,4.45,2.74,3.33,2.58,0.09,,15.35,2869.88,2.57,112.31,17.79,2.79
2011-04-28,,,,,,,,,,,,,,,,,,,,,,,85.8419,3.34,0.62,4.42,2.72,3.3,2.56,0.09,,14.62,2872.53,2.59,112.38,9.77,2.71
2011-04-29,,,,,,,,,,,,,,,,,,,,,,,85.5999,3.32,0.61,4.4,2.71,3.28,2.57,0.09,,14.75,2873.54,2.58,113.39,12.17,2.69
2011-04-30,,,,,,,,,,,,,,,,,,,,,,,,,,,,,,0.09,,,,,,104.46,
2011-05-01,9102.7,1941.6,2749065.0,224.806,224.175,217.25,0.09,1.118,131704.0,9.0,64.1,12705.3,10672.2,6.3,89.05444926580351,93.22,55.08151472861108,0.129,250.744,561.0,618.0,0.36,,,,,,,,0.09,,,,,,87.81,
2011-05-02,,,,,,,,,,,,,,,,,,,,,,,85.5199,3.31,0.61,4.38,2.7,3.26,2.56,0.09,,15.99,2864.08,2.57,113.03,10.05,2.68
2011-05-03,,,,,,,,,,,,,,,,,,,,,,,85.6352,3.28,0.61,4.36,2.67,3.25,2.55,0.09,,16.7,2841.62,2.57,110.6,7.54,2.68
2011-05-04,,,,,,,,,,,,,,,,,,,,,,,85.8917,3.25,0.6,4.33,2.65,3.22,2.55,0.09,,17.08,2828.23,2.56,108.79,17.17,2.69
2011-05-05,,,,,,,,,,,,,,,,,,,,,,,86.508,3.18,0.58,4.26,2.6,3.16,2.48,0.09,,18.2,2814.72,2.59,99.89,120.83,2.68
2011-05-06,,,,,,,,,,,,,,,,,,,,,,,86.4575,3.19,0.57,4.29,2.62,3.17,2.48,0.09,,18.4,2827.56,2.6,96.87,12.21,2.71
2011-05-07,,,,,,,,,,,,,,,,,,,,,,,,,,,,,,0.09,,,,,,106.73,
2011-05-08,,,,,,,,,,,,,,,,,,,,,,,,,,,,,,0.09,,,,,,88.66,
2011-05-09,,,,,,,,,,,,,,,,,,,,,,,86.8346,3.17,0.57,4.3,2.6,3.14,2.48,0.09,,17.16,2843.25,2.64,100.32,10.14,2.67
2011-05-10,,,,,,,,,,,,,,,,,,,,,,,86.6518,3.23,0.59,4.34,2.64,3.2,2.49,0.09,,15.91,2871.89,2.61,103.39,7.67,2.67
2011-05-11,,,,,,,,,,,,,,,,,,,,,,,86.7195,3.19,0.56,4.31,2.63,3.16,2.43,0.09,,16.95,2845.06,2.61,97.88,46.94,2.66
2011-05-12,,,,,,,,,,,,,,,,,,,,,,,87.0767,3.22,0.57,4.37,2.65,3.2,2.43,0.09,,16.03,2863.04,2.64,98.53,4.96,2.66
2011-05-13,,,,,,,,,,,,,,,,,,,,,,,87.4176,3.18,0.57,4.32,2.61,3.15,2.39,0.09,,17.07,2828.47,2.64,99.21,24.29,2.63
2011-05-14,,,,,,,,,,,,,,,,,,,,,,,,,,,,,,0.09,,,,,,105.1,
2011-05-15,,,,,,,,,,,,,,,,,,,,,,,,,,,,,,0.09,,,,,,8.08,
2011-05-16,,,,,,,,,,,,,,,,,,,,,,,87.3311,3.15,0.54,4.28,2.61,3.11,2.34,0.1,,18.24,2782.31,2.6,96.91,30.41,2.56
2011-05-17,,,,,,,,,,,,,,,,,,,,,,,87.6307,3.12,0.55,4.23,2.57,3.08,2.3,0.09,,17.55,2783.21,2.59,96.4,45.98,2.52
2011-05-18,,,,,,,,,,,,,,,,,,,,,,,87.295,3.18,0.58,4.29,2.6,3.13,2.36,0.1,,16.23,2815.0,2.59,99.52,35.84,2.58
2011-05-19,,,,,,,,,,,,,,,,,,,,,,,87.2638,3.17,0.55,4.3,2.62,3.12,2.26,0.09,,15.52,2823.31,2.61,97.99,30.12,2.42
2011-05-20,,,,,,,,,,,,,,,,,,,,,,,87.3044,3.15,0.55,4.3,2.6,3.1,2.3,0.1,,17.43,2803.32,2.63,99.15,37.24,2.53
2011-05-21,,,,,,,,,,,,,,,,,,,,,,,,,,,,,,0.1,,,,,,57.48,
2011-05-22,,,,,,,,,,,,,,,,,,,,,,,,,,,,,,0.1,,,,,,48.87,
2011-05-23,,,,,,,,,,,,,,,,,,,,,,,87.8941,3.13,0.55,4.27,2.58,3.07,2.29,0.1,,18.27,2758.9,2.62,97.06,29.91,2.55
2011-05-24,,,,,,,,,,,,,,,,,,,,,,,87.662,3.12,0.56,4.26,2.56,3.06,2.33,0.1,,17.82,2746.16,2.62,99.13,30.28,2.59
2011-05-25,,,,,,,,,,,,,,,,,,,,,,,87.6136,3.13,0.54,4.28,2.59,3.07,2.33,0.09,,17.07,2761.38,2.64,100.78,24.22,2.58
2011-05-26,,,,,,,,,,,,,,,,,,,,,,,87.5588,3.07,0.48,4.23,2.59,3.02,2.31,0.09,,16.09,2782.92,2.64,100.18,15.22,2.56
2011-05-27,,,,,,,,,,,,,,,,,,,,,,,86.9525,3.07,0.48,4.24,2.59,3.02,2.28,0.1,,15.98,2796.86,2.65,100.58,6.36,2.53
2011-05-28,,,,,,,,,,,,,,,,,,,,,,,,,,,,,,0.1,,,,,,30.81,
2011-05-29,,,,,,,,,,,,,,,,,,,,,,,,,,,,,,0.1,,,,,,8.52,
2011-05-30,,,,,,,,,,,,,,,,,,,,,,,,,,,,,,0.1,,,,,,15.01,
2011-05-31,,,,,,,,,,,,,,,,,,,,,,,86.656,3.05,0.45,4.22,2.6,2.99,2.25,0.1,,15.45,2835.3,2.65,102.7,18.75,2.5
2011-06-01,9176.7,1963.4,2829826.0,224.806,224.697,217.046,0.09,1.084,131931.0,9.1,64.0,12756.9,10694.8,6.5,117.35852383570656,126.06,91.96403892240836,0.134,245.534,608.0,636.0,0.14,86.5964,2.96,0.44,4.15,2.52,2.91,2.22,0.1,,18.3,2769.19,2.68,100.3,31.19,2.45
2011-06-02,,,,,,,,,,,,,,,,,,,,,,,86.8435,3.04,0.45,4.25,2.59,3.0,2.26,0.1,,18.09,2773.31,2.7,100.41,52.63,2.5
2011-06-03,,,,,,,,,,,,,,,,,,,,,,,86.4234,2.99,0.42,4.22,2.57,2.95,2.24,0.11,,17.95,2732.78,2.73,100.28,58.21,2.45
2011-06-04,,,,,,,,,,,,,,,,,,,,,,,,,,,,,,0.11,,,,,,61.66,
2011-06-05,,,,,,,,,,,,,,,,,,,,,,,,,,,,,,0.11,,,,,,67.02,
2011-06-06,,,,,,,,,,,,,,,,,,,,,,,86.4669,3.01,0.43,4.25,2.58,2.96,2.25,0.1,,18.49,2702.56,2.75,99.07,10.41,2.47
2011-06-07,,,,,,,,,,,,,,,,,,,,,,,86.3627,3.01,0.39,4.27,2.62,2.96,2.25,0.09,,18.07,2701.56,2.75,99.18,32.67,2.46
2011-06-08,,,,,,,,,,,,,,,,,,,,,,,86.5714,2.98,0.39,4.2,2.59,2.94,2.22,0.09,,18.79,2675.38,2.73,100.77,12.32,2.43
2011-06-09,,,,,,,,,,,,,,,,,,,,,,,86.5913,3.01,0.43,4.22,2.58,2.96,2.21,0.09,,17.77,2684.87,2.73,101.95,144.67,2.39
2011-06-10,,,,,,,,,,,,,,,,,,,,,,,87.042,2.99,0.41,4.18,2.58,2.94,2.2,0.09,,18.86,2643.73,2.71,99.3,26.23,2.41
2011-06-11,,,,,,,,,,,,,,,,,,,,,,,,,,,,,,0.09,,,,,,114.4,
2011-06-12,,,,,,,,,,,,,,,,,,,,,,,,,,,,,,0.09,,,,,,42.59,
2011-06-13,,,,,,,,,,,,,,,,,,,,,,,87.0579,3.0,0.4,4.2,2.6,2.95,2.2,0.1,,19.61,2639.69,2.72,97.2,44.2,2.41
2011-06-14,,,,,,,,,,,,,,,,,,,,,,,86.6771,3.11,0.45,4.3,2.66,3.06,2.28,0.1,,18.26,2678.72,2.71,99.37,73.63,2.52
2011-06-15,,,,,,,,,,,,,,,,,,,,,,,87.3342,2.98,0.38,4.19,2.6,2.93,2.24,0.1,,21.32,2631.46,2.74,94.83,81.82,2.49
2011-06-16,,,,,,,,,,,,,,,,,,,,,,,87.6917,2.93,0.38,4.16,2.55,2.88,2.2,0.1,,22.73,2623.7,2.75,94.95,48.04,2.45
2011-06-17,,,,,,,,,,,,,,,,,,,,,,,87.2179,2.94,0.38,4.19,2.56,2.9,2.19,0.1,,21.85,2616.48,2.79,93.02,13.24,2.48
2011-06-18,,,,,,,,,,,,,,,,,,,,,,,,,,,,,,0.1,,,,,,31.78,
2011-06-19,,,,,,,,,,,,,,,,,,,,,,,,,,,,,,0.1,,,,,,84.6,
2011-06-20,,,,,,,,,,,,,,,,,,,,,,,87.1908,2.97,0.38,4.19,2.59,2.94,2.18,0.09,,19.99,2629.66,2.76,93.23,43.21,2.47
2011-06-21,,,,,,,,,,,,,,,,,,,,,,,86.857,2.99,0.4,4.21,2.59,2.96,2.21,0.09,,18.86,2687.26,2.75,93.7,8.38,2.51
2011-06-22,,,,,,,,,,,,,,,,,,,,,,,86.8067,3.01,0.39,4.22,2.62,2.99,2.19,0.09,,18.52,2669.19,2.74,94.96,51.7,2.48
2011-06-23,,,,,,,,,,,,,,,,,,,,,,,87.455,2.93,0.35,4.17,2.58,2.92,2.22,0.08,,19.29,2686.75,2.76,90.7,5.34,2.63
2011-06-24,,,,,,,,,,,,,,,,,,,,,,,87.5014,2.88,0.35,4.17,2.53,2.86,2.24,0.08,,21.1,2652.89,2.83,90.89,6.56,2.69
2011-06-25,,,,,,,,,,,,,,,,,,,,,,,,,,,,,,0.08,,,,,,10.47,
2011-06-26,,,,,,,,,,,,,,,,,,,,,,,,,,,,,,0.08,,,,,,34.66,
2011-06-27,,,,,,,,,,,,,,,,,,,,,,,87.5225,2.95,0.41,4.28,2.54,2.93,2.28,0.08,,20.56,2688.28,2.87,90.65,43.91,2.76
2011-06-28,,,,,,,,,,,,,,,,,,,,,,,87.2178,3.05,0.48,4.33,2.57,3.02,2.32,0.08,,19.17,2729.31,2.81,92.9,34.54,2.76
2011-06-29,,,,,,,,,,,,,,,,,,,,,,,86.8014,3.14,0.47,4.39,2.67,3.12,2.4,0.07,,17.27,2740.49,2.75,94.85,107.03,2.8
2011-06-30,,,,,,,,,,,,,,,,,,,,,,,86.4786,3.18,0.45,4.38,2.73,3.15,2.43,0.07,,16.52,2773.52,2.72,95.3,5.63,2.83
2011-07-01,9338.7,1996.0,2870764.0,225.395,225.218,217.614,0.07,1.075,131993.0,9.0,64.0,12805.6,10731.6,6.7,156.65289074449998,200.15,160.64557212177104,0.135,246.187,623.0,621.0,0.16,86.3613,3.22,0.5,4.4,2.72,3.2,2.45,0.08,,15.87,2816.03,2.69,94.81,6.87,2.85
2011-07-02,,,,,,,,,,,,,,,,,,,,,,,,,,,,,,0.08,,,,,,11.28,
2011-07-03,,,,,,,,,,,,,,,,,,,,,,,,,,,,,,0.08,,,,,,9.11,
2011-07-04,,,,,,,,,,,,,,,,,,,,,,,,,,,,,,0.08,,,,,,49.33,
2011-07-05,,,,,,,,,,,,,,,,,,,,,,,86.4253,3.16,0.44,4.39,2.72,3.14,2.39,0.08,,16.06,2825.77,2.74,96.92,29.11,2.75
2011-07-06,,,,,,,,,,,,,,,,,,,,,,,86.6825,3.12,0.43,4.35,2.69,3.11,2.38,0.07,,16.34,2834.02,2.73,96.67,34.03,2.73
2011-07-07,,,,,,,,,,,,,,,,,,,,,,,86.4825,3.17,0.49,4.37,2.68,3.14,2.42,0.07,,15.95,2872.66,2.69,98.7,5.7,2.74
2011-07-08,,,,,,,,,,,,,,,,,,,,,,,86.615,3.03,0.4,4.27,2.63,3.0,2.34,0.07,,15.95,2859.81,2.73,96.2,7.08,2.67
2011-07-09,,,,,,,,,,,,,,,,,,,,,,,,,,,,,,0.07,,,,,,53.54,
2011-07-10,,,,,,,,,,,,,,,,,,,,,,,,,,,,,,0.07,,,,,,44.48,
2011-07-11,,,,,,,,,,,,,,,,,,,,,,,87.1013,2.94,0.37,4.2,2.57,2.91,2.31,0.07,,18.39,2802.62,2.76,95.16,55.8,2.61
2011-07-12,,,,,,,,,,,,,,,,,,,,,,,87.1701,2.92,0.37,4.19,2.55,2.89,2.32,0.06,,19.87,2781.91,2.77,97.41,8.64,2.63
2011-07-13,,,,,,,,,,,,,,,,,,,,,,,86.5697,2.92,0.37,4.17,2.55,2.91,2.33,0.06,,19.91,2796.92,2.76,98.04,33.22,2.67
2011-07-14,,,,,,,,,,,,,,,,,,,,,,,86.5234,2.98,0.38,4.25,2.6,2.97,2.3,0.06,,20.8,2762.67,2.76,95.75,28.01,2.62
2011-07-15,,,,,,,,,,,,,,,,,,,,,,,86.5169,2.94,0.37,4.26,2.57,2.92,2.33,0.06,,19.53,2789.8,2.8,97.24,33.56,2.68
2011-07-16,,,,,,,,,,,,,,,,,,,,,,,,,,,,,,0.06,,,,,,129.97,
2011-07-17,,,,,,,,,,,,,,,,,,,,,,,,,,,,,,0.06,,,,,,9.02,
2011-07-18,,,,,,,,,,,,,,,,,,,,,,,86.9549,2.94,0.37,4.29,2.57,2.92,2.36,0.06,,20.95,2765.11,2.84,95.94,101.86,2.72
2011-07-19,,,,,,,,,,,,,,,,,,,,,,,86.4386,2.91,0.39,4.19,2.52,2.88,2.37,0.06,,19.21,2826.52,2.78,97.49,33.31,2.72
2011-07-20,,,,,,,,,,,,,,,,,,,,,,,86.2794,2.96,0.4,4.25,2.56,2.94,2.34,0.06,,19.09,2814.23,2.8,98.11,19.6,2.67
2011-07-21,,,,,,,,,,,,,,,,,,,,,,,85.8378,3.03,0.4,4.31,2.63,2.98,2.35,0.06,,17.56,2834.43,2.77,98.96,33.13,2.66
2011-07-22,,,,,,,,,,,,,,,,,,,,,,,85.8623,2.99,0.4,4.26,2.59,2.94,2.38,0.06,,17.52,2858.83,2.75,99.53,20.39,2.73
2011-07-23,,,,,,,,,,,,,,,,,,,,,,,,,,,,,,0.06,,,,,,220.08,
2011-07-24,,,,,,,,,,,,,,,,,,,,,,,,,,,,,,0.06,,,,,,63.14,
2011-07-25,,,,,,,,,,,,,,,,,,,,,,,85.8006,3.03,0.42,4.31,2.61,2.98,2.45,0.06,,19.35,2842.8,2.77,98.97,11.41,2.84
2011-07-26,,,,,,,,,,,,,,,,,,,,,,,85.4692,2.99,0.41,4.28,2.58,2.92,2.42,0.06,,20.23,2839.96,2.76,99.61,153.3,2.83
2011-07-27,,,,,,,,,,,,,,,,,,,,,,,85.7126,3.01,0.44,4.29,2.57,2.93,2.45,0.07,,22.98,2764.79,2.73,97.4,73.38,2.8
2011-07-28,,,,,,,,,,,,,,,,,,,,,,,85.8245,2.98,0.42,4.26,2.56,2.91,2.46,0.08,,23.74,2766.25,2.73,97.48,71.29,2.81
2011-07-29,,,,,,,,,,,,,,,,,,,,,,,85.7282,2.82,0.36,4.12,2.46,2.72,2.44,0.11,,25.25,2756.38,2.77,95.68,192.85,2.81
2011-07-30,,,,,,,,,,,,,,,,,,,,,,,,,,,,,,0.11,,,,,,200.23,
2011-07-31,,,,,,,,,,,,,,,,,,,,,,,,,,,,,,0.11,,,,,,107.25,
2011-08-01,9525.1,2115.4,2862173.0,226.106,225.862,218.42,0.1,1.023,132125.0,9.0,64.1,12799.7,10750.3,6.7,214.7607979688972,253.92,231.1489687908491,0.135,246.88,585.0,647.0,0.16,86.0391,2.77,0.38,4.07,2.39,2.67,2.44,0.17,,23.66,2744.61,2.77,94.98,136.94,2.81
2011-08-02,,,,,,,,,,,,,,,,,,,,,,,86.0533,2.66,0.33,3.93,2.33,2.6,2.37,0.16,,24.79,2669.24,2.74,93.78,351.47,2.75
2011-08-03,,,,,,,,,,,,,,,,,,,,,,,86.0706,2.64,0.33,3.89,2.31,2.62,2.28,0.12,,23.38,2693.07,2.72,91.87,64.49,2.69
2011-08-04,,,,,,,,,,,,,,,,,,,,,,,86.9299,2.47,0.27,3.7,2.2,2.45,2.23,0.09,,31.66,2556.39,2.77,86.75,197.48,2.67
2011-08-05,,,,,,,,,,,,,,,,,,,,,,,87.1084,2.58,0.28,3.82,2.3,2.57,2.26,0.08,,32.0,2532.41,2.77,86.89,259.61,2.7
2011-08-06,,,,,,,,,,,,,,,,,,,,,,,,,,,,,,0.08,,,,,,304.64,
2011-08-07,,,,,,,,,,,,,,,,,,,,,,,,,,,,,,0.08,,,,,,419.02,
2011-08-08,,,,,,,,,,,,,,,,,,,,,,,87.1873,2.4,0.27,3.68,2.13,2.35,2.2,0.11,,48.0,2357.69,2.88,81.27,897.41,2.66
2011-08-09,,,,,,,,,,,,,,,,,,,,,,,87.3919,2.2,0.19,3.56,2.01,2.17,2.2,0.1,,35.06,2482.52,3.01,79.32,620.37,2.65
2011-08-10,,,,,,,,,,,,,,,,,,,,,,,87.3792,2.17,0.19,3.54,1.98,2.15,2.3,0.1,,42.99,2381.05,3.03,83.05,388.49,2.65
2011-08-11,,,,,,,,,,,,,,,,,,,,,,,87.3215,2.34,0.19,3.82,2.15,2.31,2.28,0.09,,39.0,2492.68,3.15,85.48,659.05,2.7
2011-08-12,,,,,,,,,,,,,,,,,,,,,,,87.177,2.24,0.2,3.72,2.04,2.22,2.26,0.1,,36.36,2507.98,3.14,85.19,417.71,2.68
2011-08-13,,,,,,,,,,,,,,,,,,,,,,,,,,,,,,0.1,,,,,,605.33,
2011-08-14,,,,,,,,,,,,,,,,,,,,,,,,,,,,,,0.1,,,,,,249.42,
2011-08-15,,,,,,,,,,,,,,,,,,,,,,,86.7515,2.29,0.19,3.75,2.1,2.27,2.23,0.1,,31.87,2555.2,3.15,87.88,268.71,2.66
2011-08-16,,,,,,,,,,,,,,,,,,,,,,,86.7115,2.23,0.2,3.67,2.03,2.2,2.18,0.09,,32.85,2523.45,3.12,86.65,220.85,2.62
2011-08-17,,,,,,,,,,,,,,,,,,,,,,,86.5518,2.17,0.19,3.57,1.98,2.16,2.16,0.09,,31.58,2511.48,3.11,87.58,130.06,2.59
2011-08-18,,,,,,,,,,,,,,,,,,,,,,,87.1271,2.08,0.2,3.45,1.88,2.07,1.99,0.09,,42.67,2380.43,3.12,82.38,153.98,2.36
2011-08-19,,,,,,,,,,,,,,,,,,,,,,,86.8286,2.07,0.2,3.39,1.87,2.05,2.05,0.09,,43.05,2341.84,3.12,82.33,136.54,2.4
2011-08-20,,,,,,,,,,,,,,,,,,,,,,,,,,,,,,0.09,,,,,,147.24,
2011-08-21,,,,,,,,,,,,,,,,,,,,,,,,,,,,,,0.09,,,,,,84.66,
2011-08-22,,,,,,,,,,,,,,,,,,,,,,,87.0753,2.1,0.22,3.42,1.88,2.09,2.07,0.09,,42.44,2345.38,3.13,84.42,150.13,2.41
2011-08-23,,,,,,,,,,,,,,,,,,,,,,,86.9001,2.15,0.22,3.47,1.93,2.14,2.02,0.08,,36.27,2446.06,3.19,85.35,137.23,2.38
2011-08-24,,,,,,,,,,,,,,,,,,,,,,,87.1316,2.29,0.23,3.63,2.06,2.27,2.04,0.08,,35.9,2467.69,3.21,84.99,122.94,2.43
2011-08-25,,,,,,,,,,,,,,,,,,,,,,,87.2306,2.23,0.22,3.6,2.01,2.22,2.1,0.08,,39.76,2419.63,3.25,85.15,273.94,2.52
2011-08-26,,,,,,,,,,,,,,,,,,,,,,,87.0751,2.19,0.2,3.54,1.99,2.18,2.04,0.09,,35.59,2479.85,3.25,85.37,95.27,2.44
2011-08-27,,,,,,,,,,,,,,,,,,,,,,,,,,,,,,0.09,,,,,,118.45,
2011-08-28,,,,,,,,,,,,,,,,,,,,,,,,,,,,,,0.09,,,,,,57.66,
2011-08-29,,,,,,,,,,,,,,,,,,,,,,,86.8433,2.28,0.2,3.63,2.08,2.26,2.06,0.09,,32.28,2562.11,3.25,87.27,74.69,2.45
2011-08-30,,,,,,,,,,,,,,,,,,,,,,,87.001,2.19,0.2,3.53,1.99,2.18,2.05,0.08,,32.89,2576.11,3.22,88.9,57.09,2.43
2011-08-31,,,,,,,,,,,,,,,,,,,,,,,86.7739,2.23,0.2,3.6,2.03,2.21,2.05,0.08,,31.62,2579.46,3.25,88.81,105.0,2.38
2011-09-01,9545.3,2120.0,2857717.0,226.597,226.118,218.977,0.08,0.975,132344.0,9.0,64.2,12781.7,10783.2,6.4,190.36666595335947,221.51,122.69902522038764,0.135,248.55,650.0,610.0,0.16,86.8512,2.15,0.19,3.51,1.96,2.13,2.08,0.08,,31.82,2546.04,3.23,88.93,137.94,2.44
2011-09-02,,,,,,,,,,,,,,,,,,,,,,,87.1797,2.02,0.2,3.32,1.82,2.0,2.02,0.08,,33.92,2480.33,3.18,86.45,53.06,2.32
2011-09-03,,,,,,,,,,,,,,,,,,,,,,,,,,,,,,0.08,,,,,,37.89,
2011-09-04,,,,,,,,,,,,,,,,,,,,,,,,,,,,,,0.08,,,,,,43.31,
2011-09-05,,,,,,,,,,,,,,,,,,,,,,,,,,,,,,0.08,,,,,,135.92,
2011-09-06,,,,,,,,,,,,,,,,,,,,,,,88.1645,1.98,0.21,3.26,1.77,1.96,1.93,0.09,,37.0,2473.83,3.21,85.99,179.89,2.23
2011-09-07,,,,,,,,,,,,,,,,,,,,,,,87.9699,2.05,0.21,3.36,1.84,2.03,1.96,0.09,,33.38,2548.94,3.25,89.34,160.02,2.25
2011-09-08,,,,,,,,,,,,,,,,,,,,,,,88.1162,2.0,0.19,3.32,1.81,1.98,2.0,0.09,,34.32,2529.14,3.26,89.05,15.21,2.27
2011-09-09,,,,,,,,,,,,,,,,,,,,,,,88.9514,1.93,0.17,3.26,1.76,1.92,1.96,0.09,,38.52,2467.99,3.28,87.24,31.62,2.27
2011-09-10,,,,,,,,,,,,,,,,,,,,,,,,,,,,,,0.09,,,,,,79.86,
2011-09-11,,,,,,,,,,,,,,,,,,,,,,,,,,,,,,0.09,,,,,,37.56,
2011-09-12,,,,,,,,,,,,,,,,,,,,,,,89.2192,1.94,0.21,3.24,1.73,1.93,1.94,0.09,,38.59,2495.09,3.29,88.19,154.81,2.25
2011-09-13,,,,,,,,,,,,,,,,,,,,,,,89.2653,2.0,0.21,3.32,1.79,1.99,1.93,0.09,,36.91,2532.15,3.32,90.21,126.95,2.25
2011-09-14,,,,,,,,,,,,,,,,,,,,,,,89.419,2.03,0.19,3.32,1.84,2.02,1.91,0.08,,34.6,2572.55,3.3,88.91,87.64,2.24
2011-09-15,,,,,,,,,,,,,,,,,,,,,,,89.0647,2.09,0.21,3.36,1.88,2.08,1.96,0.09,,31.97,2607.07,3.31,89.4,32.73,2.19
2011-09-16,,,,,,,,,,,,,,,,,,,,,,,89.1108,2.08,0.18,3.34,1.9,2.07,1.95,0.09,,30.98,2622.31,3.31,87.96,19.3,2.21
2011-09-17,,,,,,,,,,,,,,,,,,,,,,,,,,,,,,0.09,,,,,,119.66,
2011-09-18,,,,,,,,,,,,,,,,,,,,,,,,,,,,,,0.09,,,,,,24.84,
2011-09-19,,,,,,,,,,,,,,,,,,,,,,,89.9336,1.97,0.16,3.22,1.81,1.96,1.88,0.09,,32.73,2612.83,3.31,85.7,20.6,2.15
2011-09-20,,,,,,,,,,,,,,,,,,,,,,,89.8777,1.95,0.18,3.2,1.77,1.94,1.91,0.09,,32.86,2590.24,3.35,86.92,40.63,2.15
2011-09-21,,,,,,,,,,,,,,,,,,,,,,,90.3453,1.88,0.21,3.03,1.67,1.87,1.86,0.08,,37.32,2538.19,3.26,85.77,100.94,2.06
2011-09-22,,,,,,,,,,,,,,,,,,,,,,,92.075,1.72,0.2,2.78,1.52,1.72,1.71,0.08,,41.35,2455.67,3.32,80.29,71.19,1.93
2011-09-23,,,,,,,,,,,,,,,,,,,,,,,91.6904,1.84,0.23,2.89,1.61,1.83,1.74,0.08,,41.25,2483.23,3.31,79.58,50.46,2.0
2011-09-24,,,,,,,,,,,,,,,,,,,,,,,,,,,,,,0.08,,,,,,64.46,
2011-09-25,,,,,,,,,,,,,,,,,,,,,,,,,,,,,,0.08,,,,,,56.73,
2011-09-26,,,,,,,,,,,,,,,,,,,,,,,91.7724,1.91,0.25,2.99,1.66,1.89,1.79,0.08,,39.02,2516.69,3.37,79.97,63.45,2.1
2011-09-27,,,,,,,,,,,,,,,,,,,,,,,90.8985,2.0,0.25,3.08,1.75,1.99,1.88,0.08,,37.71,2546.83,3.39,84.18,77.74,2.19
2011-09-28,,,,,,,,,,,,,,,,,,,,,,,91.0227,2.03,0.27,3.1,1.76,2.01,1.87,0.08,,41.08,2491.58,3.35,80.94,138.42,2.17
2011-09-29,,,,,,,,,,,,,,,,,,,,,,,91.3033,1.99,0.27,3.03,1.72,1.97,1.82,0.08,,38.84,2480.76,3.3,81.87,15.54,2.1
2011-09-30,,,,,,,,,,,,,,,,,,,,,,,91.9998,1.92,0.25,2.9,1.67,1.9,1.75,0.06,,42.96,2415.4,3.3,78.93,38.93,2.0
2011-10-01,9578.1,2128.5,2854650.0,226.75,226.506,218.988,0.07,1.038,132553.0,8.8,64.1,12791.9,10802.9,6.3,166.23178828820738,133.75,75.55926705113976,0.13,246.655,610.0,671.0,0.14,,,,,,,,0.06,,,,,,148.6,
2011-10-02,,,,,,,,,,,,,,,,,,,,,,,,,,,,,,0.06,,,,,,134.02,
2011-10-03,,,,,,,,,,,,,,,,,,,,,,,92.5128,1.8,0.24,2.76,1.56,1.78,1.73,0.08,,45.45,2335.83,3.31,77.34,209.55,1.98
2011-10-04,,,,,,,,,,,,,,,,,,,,,,,92.9508,1.81,0.25,2.77,1.56,1.8,1.76,0.07,,40.82,2404.82,3.33,75.4,55.27,2.03
2011-10-05,,,,,,,,,,,,,,,,,,,,,,,92.3008,1.92,0.25,2.87,1.67,1.92,1.8,0.07,,37.81,2460.51,3.36,79.41,65.98,2.1
2011-10-06,,,,,,,,,,,,,,,,,,,,,,,91.9661,2.01,0.29,2.96,1.72,2.0,1.88,0.07,,36.27,2506.82,3.34,82.32,31.28,2.18
2011-10-07,,,,,,,,,,,,,,,,,,,,,,,91.2469,2.1,0.3,3.02,1.8,2.09,1.94,0.07,,36.2,2479.35,3.32,82.7,18.52,2.25
2011-10-08,,,,,,,,,,,,,,,,,,,,,,,,,,,,,,0.07,,,,,,84.7,
2011-10-09,,,,,,,,,,,,,,,,,,,,,,,,,,,,,,0.07,,,,,,33.92,
2011-10-10,,,,,,,,,,,,,,,,,,,,,,,,,,,,,,0.07,,33.02,2566.05,,85.14,64.96,
2011-10-11,,,,,,,,,,,,,,,,,,,,,,,90.9162,2.18,0.32,3.11,1.86,2.16,1.95,0.07,,32.86,2583.03,3.32,85.54,23.51,2.25
2011-10-12,,,,,,,,,,,,,,,,,,,,,,,90.3378,2.24,0.29,3.19,1.95,2.22,1.98,0.07,,31.26,2604.73,3.33,85.3,83.39,2.29
2011-10-13,,,,,,,,,,,,,,,,,,,,,,,90.6603,2.19,0.29,3.15,1.9,2.17,1.92,0.07,,30.7,2620.24,3.29,83.96,20.43,2.23
2011-10-14,,,,,,,,,,,,,,,,,,,,,,,90.2116,2.26,0.28,3.22,1.98,2.24,1.98,0.07,,28.24,2667.85,3.26,86.8,30.73,2.3
2011-10-15,,,,,,,,,,,,,,,,,,,,,,,,,,,,,,0.07,,,,,,64.24,
2011-10-16,,,,,,,,,,,,,,,,,,,,,,,,,,,,,,0.07,,,,,,33.37,
2011-10-17,,,,,,,,,,,,,,,,,,,,,,,90.266,2.18,0.28,3.13,1.9,2.14,1.94,0.07,,33.39,2614.92,3.26,86.38,40.62,2.22
2011-10-18,,,,,,,,,,,,,,,,,,,,,,,90.5907,2.19,0.28,3.17,1.91,2.15,1.97,0.07,,31.56,2657.43,3.23,88.34,44.56,2.22
2011-10-19,,,,,,,,,,,,,,,,,,,,,,,90.3317,2.18,0.28,3.17,1.9,2.15,1.95,0.07,,34.44,2604.04,3.21,86.11,76.03,2.19
2011-10-20,,,,,,,,,,,,,,,,,,,,,,,91.1026,2.2,0.28,3.19,1.92,2.17,1.98,0.07,,34.78,2598.62,3.2,86.07,34.81,2.24
2011-10-21,,,,,,,,,,,,,,,,,,,,,,,90.279,2.23,0.3,3.26,1.93,2.21,2.0,0.07,,31.32,2637.46,3.18,87.19,17.52,2.26
2011-10-22,,,,,,,,,,,,,,,,,,,,,,,,,,,,,,0.07,,,,,,117.3,
2011-10-23,,,,,,,,,,,,,,,,,,,,,,,,,,,,,,0.07,,,,,,73.72,
2011-10-24,,,,,,,,,,,,,,,,,,,,,,,89.8558,2.25,0.3,3.27,1.95,2.23,2.02,0.07,,29.26,2699.44,3.16,91.12,55.87,2.28
2011-10-25,,,,,,,,,,,,,,,,,,,,,,,89.9525,2.14,0.26,3.13,1.88,2.13,2.02,0.07,,32.22,2638.42,3.14,92.98,38.99,2.28
2011-10-26,,,,,,,,,,,,,,,,,,,,,,,90.0836,2.23,0.28,3.22,1.95,2.21,2.08,0.08,,29.86,2650.67,3.1,90.2,84.14,2.33
2011-10-27,,,,,,,,,,,,,,,,,,,,,,,88.7882,2.42,0.31,3.45,2.11,2.4,2.18,0.07,,25.46,2738.63,3.04,93.96,89.24,2.42
2011-10-28,,,,,,,,,,,,,,,,,,,,,,,88.6382,2.34,0.28,3.36,2.06,2.33,2.15,0.07,,24.53,2737.15,2.99,93.32,18.36,2.37
2011-10-29,,,,,,,,,,,,,,,,,,,,,,,,,,,,,,0.07,,,,,,72.73,
2011-10-30,,,,,,,,,,,,,,,,,,,,,,,,,,,,,,0.07,,,,,,31.93,
2011-10-31,,,,,,,,,,,,,,,,,,,,,,,89.2053,2.17,0.25,3.16,1.92,2.16,2.09,0.09,,29.96,2684.41,3.02,93.19,31.0,2.3
2011-11-01,9629.8,2182.0,2825922.0,227.169,226.899,219.406,0.08,1.062,132690.0,8.6,64.1,12782.7,10806.8,6.4,197.92892524181147,133.72,78.17902266057708,0.128,247.64,711.0,706.0,0.2,90.7296,2.01,0.23,2.99,1.78,2.0,2.05,0.08,,34.77,2606.96,3.03,92.19,104.84,2.28
2011-11-02,,,,,,,,,,,,,,,,,,,,,,,90.244,2.03,0.23,3.03,1.8,2.02,2.1,0.08,,32.74,2639.98,3.03,92.51,58.61,2.29
2011-11-03,,,,,,,,,,,,,,,,,,,,,,,90.2961,2.09,0.24,3.1,1.85,2.08,2.09,0.09,,30.5,2697.97,3.04,94.07,57.15,2.27
2011-11-04,,,,,,,,,,,,,,,,,,,,,,,90.3154,2.06,0.22,3.09,1.84,2.05,2.12,0.08,,30.16,2686.15,3.06,94.26,75.24,2.31
2011-11-05,,,,,,,,,,,,,,,,,,,,,,,,,,,,,,0.08,,,,,,8.75,
2011-11-06,,,,,,,,,,,,,,,,,,,,,,,,,,,,,,0.08,,,,,,23.69,
2011-11-07,,,,,,,,,,,,,,,,,,,,,,,90.3832,2.04,0.25,3.05,1.79,2.03,2.14,0.08,,29.85,2695.25,3.02,95.52,28.8,2.34
2011-11-08,,,,,,,,,,,,,,,,,,,,,,,90.172,2.1,0.25,3.13,1.85,2.09,2.13,0.08,,27.48,2727.49,3.05,96.8,43.55,2.37
2011-11-09,,,,,,,,,,,,,,,,,,,,,,,90.6991,2.0,0.24,3.03,1.76,1.99,2.04,0.08,,36.16,2621.65,3.08,95.74,54.97,2.21
2011-11-10,,,,,,,,,,,,,,,,,,,,,,,90.8588,2.04,0.24,3.12,1.8,2.03,2.08,0.08,,32.81,2625.15,3.14,97.78,43.94,2.28
2011-11-11,,,,,,,,,,,,,,,,,,,,,,,,,,,,,,0.08,,30.04,2678.75,,98.99,67.35,
2011-11-12,,,,,,,,,,,,,,,,,,,,,,,,,,,,,,0.08,,,,,,72.87,
2011-11-13,,,,,,,,,,,,,,,,,,,,,,,,,,,,,,0.08,,,,,,137.64,
2011-11-14,,,,,,,,,,,,,,,,,,,,,,,90.7215,2.04,0.24,3.09,1.8,2.03,2.05,0.08,,31.13,2657.22,3.13,98.14,47.97,2.26
2011-11-15,,,,,,,,,,,,,,,,,,,,,,,91.1081,2.06,0.26,3.1,1.8,2.05,2.02,0.09,,31.22,2686.2,3.14,99.37,44.84,2.28
2011-11-16,,,,,,,,,,,,,,,,,,,,,,,91.1237,2.01,0.26,3.05,1.75,2.0,1.96,0.08,,33.51,2639.61,3.17,102.59,46.53,2.24
2011-11-17,,,,,,,,,,,,,,,,,,,,,,,91.1822,1.96,0.27,2.98,1.69,1.94,1.9,0.08,,34.51,2587.99,3.16,98.82,32.0,2.21
2011-11-18,,,,,,,,,,,,,,,,,,,,,,,91.3676,2.01,0.29,2.99,1.72,2.0,1.96,0.08,,32.0,2572.5,3.14,97.67,40.48,2.28
2011-11-19,,,,,,,,,,,,,,,,,,,,,,,,,,,,,,0.08,,,,,,61.34,
2011-11-20,,,,,,,,,,,,,,,,,,,,,,,,,,,,,,0.08,,,,,,69.97,
2011-11-21,,,,,,,,,,,,,,,,,,,,,,,91.9978,1.97,0.27,2.96,1.7,1.95,1.9,0.08,,32.91,2523.14,3.15,96.73,404.4,2.21
2011-11-22,,,,,,,,,,,,,,,,,,,,,,,92.0193,1.94,0.26,2.91,1.68,1.92,1.89,0.08,,31.97,2521.28,3.17,97.76,33.66,2.18
2011-11-23,,,,,,,,,,,,,,,,,,,,,,,92.7463,1.89,0.26,2.82,1.63,1.87,1.9,0.09,,33.98,2460.08,3.15,96.16,44.39,2.19
2011-11-24,,,,,,,,,,,,,,,,,,,,,,,,,,,,,,0.09,,,,,,30.55,
2011-11-25,,,,,,,,,,,,,,,,,,,,,,,93.1455,1.97,0.28,2.92,1.69,1.95,1.92,0.07,,34.47,2441.51,3.18,96.91,59.52,2.2
2011-11-26,,,,,,,,,,,,,,,,,,,,,,,,,,,,,,0.07,,,,,,138.77,
2011-11-27,,,,,,,,,,,,,,,,,,,,,,,,,,,,,,0.07,,,,,,37.84,
2011-11-28,,,,,,,,,,,,,,,,,,,,,,,92.4983,1.97,0.26,2.93,1.71,1.94,1.95,0.08,,32.13,2527.34,3.19,98.21,56.65,2.24
2011-11-29,,,,,,,,,,,,,,,,,,,,,,,92.2163,2.0,0.27,2.96,1.73,1.98,1.99,0.08,,30.64,2515.51,3.22,99.79,70.6,2.28
2011-11-30,,,,,,,,,,,,,,,,,,,,,,,91.4728,2.08,0.25,3.06,1.83,2.07,2.05,0.1,,27.8,2620.34,3.24,100.36,46.02,2.34
2011-12-01,9677.4,2165.7,2891340.0,227.223,227.405,219.272,0.07,0.971,132888.0,8.5,64.0,12898.5,10817.8,7.2,182.5580372852119,186.0,88.39772089770635,0.127,243.353,694.0,697.0,0.14,91.227,2.11,0.27,3.12,1.84,2.1,2.05,0.08,,27.41,2626.2,3.3,100.2,37.27,2.34
2011-12-02,,,,,,,,,,,,,,,,,,,,,,,91.3532,2.05,0.25,3.03,1.8,2.03,2.05,0.08,,27.52,2626.93,3.24,100.97,20.2,2.34
2011-12-03,,,,,,,,,,,,,,,,,,,,,,,,,,,,,,0.08,,,,,,93.15,
2011-12-04,,,,,,,,,,,,,,,,,,,,,,,,,,,,,,0.08,,,,,,42.75,
2011-12-05,,,,,,,,,,,,,,,,,,,,,,,91.1087,2.04,0.27,3.02,1.77,2.03,2.05,0.08,,27.84,2655.76,3.25,100.94,21.56,2.33
2011-12-06,,,,,,,,,,,,,,,,,,,,,,,91.2817,2.08,0.25,3.09,1.83,2.07,2.07,0.08,,28.13,2649.56,3.26,101.25,75.3,2.31
2011-12-07,,,,,,,,,,,,,,,,,,,,,,,91.2331,2.02,0.24,3.04,1.78,2.0,2.03,0.08,,28.67,2649.21,3.26,100.45,71.66,2.35
2011-12-08,,,,,,,,,,,,,,,,,,,,,,,91.668,1.99,0.22,3.0,1.77,1.98,1.98,0.07,,30.59,2596.38,3.26,98.35,71.24,2.31
2011-12-09,,,,,,,,,,,,,,,,,,,,,,,91.6122,2.07,0.22,3.1,1.85,2.06,2.02,0.07,,26.38,2646.85,3.28,99.4,27.22,2.4
2011-12-10,,,,,,,,,,,,,,,,,,,,,,,,,,,,,,0.07,,,,,,84.44,
2011-12-11,,,,,,,,,,,,,,,,,,,,,,,,,,,,,,0.07,,,,,,53.26,
2011-12-12,,,,,,,,,,,,,,,,,,,,,,,92.3375,2.03,0.24,3.06,1.79,2.02,2.04,0.07,,25.67,2612.26,3.27,97.77,22.19,2.44
2011-12-13,,,,,,,,,,,,,,,,,,,,,,,92.5456,1.96,0.24,2.98,1.72,1.95,2.01,0.07,,25.41,2579.27,3.29,100.24,25.62,2.37
2011-12-14,,,,,,,,,,,,,,,,,,,,,,,93.2176,1.92,0.25,2.91,1.67,1.91,1.96,0.07,,26.04,2539.31,3.24,94.92,39.41,2.32
2011-12-15,,,,,,,,,,,,,,,,,,,,,,,92.8858,1.92,0.26,2.92,1.66,1.92,1.93,0.07,,25.11,2541.01,3.27,93.84,32.21,2.25
2011-12-16,,,,,,,,,,,,,,,,,,,,,,,92.8252,1.86,0.24,2.86,1.62,1.86,1.91,0.07,,24.29,2555.33,3.26,93.55,41.16,2.24
2011-12-17,,,,,,,,,,,,,,,,,,,,,,,,,,,,,,0.07,,,,,,42.87,
2011-12-18,,,,,,,,,,,,,,,,,,,,,,,,,,,,,,0.07,,,,,,18.09,
2011-12-19,,,,,,,,,,,,,,,,,,,,,,,92.8685,1.82,0.24,2.79,1.58,1.81,1.94,0.07,,24.92,2523.14,3.26,93.86,57.21,2.24
2011-12-20,,,,,,,,,,,,,,,,,,,,,,,92.432,1.94,0.26,2.93,1.68,1.93,2.04,0.07,,23.22,2603.73,3.27,97.16,35.11,2.36
2011-12-21,,,,,,,,,,,,,,,,,,,,,,,92.5262,1.98,0.28,3.0,1.7,1.97,2.05,0.07,,21.43,2577.97,3.3,98.54,13.56,2.4
2011-12-22,,,,,,,,,,,,,,,,,,,,,,,92.3883,1.97,0.28,2.99,1.69,1.96,2.04,0.07,,21.16,2599.45,3.29,99.42,34.32,2.44
2011-12-23,,,,,,,,,,,,,,,,,,,,,,,92.3897,2.03,0.28,3.05,1.75,2.02,2.07,0.08,,20.73,2618.64,3.32,99.72,38.93,2.46
2011-12-24,,,,,,,,,,,,,,,,,,,,,,,,,,,,,,0.08,,,,,,173.07,
2011-12-25,,,,,,,,,,,,,,,,,,,,,,,,,,,,,,0.08,,,,,,67.91,
2011-12-26,,,,,,,,,,,,,,,,,,,,,,,,,,,,,,0.08,,,,,,98.34,
2011-12-27,,,,,,,,,,,,,,,,,,,,,,,92.4137,2.02,0.3,3.04,1.72,2.0,2.04,0.07,,21.91,2625.2,3.3,101.29,21.37,2.43
2011-12-28,,,,,,,,,,,,,,,,,,,,,,,92.8374,1.93,0.28,2.91,1.65,1.92,2.0,0.07,,23.52,2589.98,3.25,99.44,29.81,2.37
2011-12-29,,,,,,,,,,,,,,,,,,,,,,,92.7398,1.91,0.28,2.9,1.63,1.89,1.96,0.07,,22.65,2613.74,3.28,99.68,51.12,2.31
2011-12-30,,,,,,,,,,,,,,,,,,,,,,,92.4262,1.89,0.25,2.89,1.64,1.87,1.96,0.04,,23.4,2605.15,3.27,98.83,100.79,2.33
2011-12-31,,,,,,,,,,,,,,,,,,,,,,,,,,,,,,0.04,,,,,,223.59,
2012-01-01,9750.5,2201.8,2913952.0,227.842,227.877,219.997,0.08,0.959,133245.0,8.3,63.7,12967.5,10896.8,7.4,161.79196677464668,156.17,76.10838963145328,0.128,244.876,723.0,712.0,0.14,,,,,,,,0.04,,,,,,64.08,
2012-01-02,,,,,,,,,,,,,,,,,,,,,,,,,,,,,,0.04,,,,,,107.92,
2012-01-03,,,,,,,,,,,,,,,,,,,,,,,91.7551,1.97,0.27,2.98,1.7,1.95,2.01,0.07,,22.97,2648.72,3.29,102.96,72.18,2.36
2012-01-04,,,,,,,,,,,,,,,,,,,,,,,92.0345,2.0,0.25,3.03,1.75,1.98,2.08,0.07,,22.22,2648.36,3.3,103.22,13.75,2.45
2012-01-05,,,,,,,,,,,,,,,,,,,,,,,92.5773,2.02,0.27,3.06,1.75,2.0,2.12,0.07,,21.48,2669.86,3.27,101.81,76.78,2.5
2012-01-06,,,,,,,,,,,,,,,,,,,,,,,92.7183,1.98,0.25,3.02,1.73,1.96,2.09,0.07,,20.63,2674.22,3.27,101.56,27.62,2.47
2012-01-07,,,,,,,,,,,,,,,,,,,,,,,,,,,,,,0.07,,,,,,126.96,
2012-01-08,,,,,,,,,,,,,,,,,,,,,,,,,,,,,,0.07,,,,,,27.81,
2012-01-09,,,,,,,,,,,,,,,,,,,,,,,92.7418,1.98,0.26,3.02,1.72,1.97,2.11,0.08,,21.07,2676.56,3.28,101.31,11.49,2.49
2012-01-10,,,,,,,,,,,,,,,,,,,,,,,92.2461,2.0,0.24,3.04,1.76,1.98,2.08,0.08,,20.69,2702.5,3.25,102.24,59.61,2.46
2012-01-11,,,,,,,,,,,,,,,,,,,,,,,92.554,1.93,0.24,2.96,1.69,1.91,2.03,0.08,,21.05,2710.76,3.27,100.89,38.43,2.39
2012-01-12,,,,,,,,,,,,,,,,,,,,,,,92.2274,1.94,0.22,2.97,1.72,1.91,2.04,0.08,,20.47,2724.7,3.27,99.03,15.71,2.39
2012-01-13,,,,,,,,,,,,,,,,,,,,,,,92.5385,1.89,0.24,2.91,1.65,1.86,2.03,0.09,,20.91,2710.67,3.24,98.69,33.82,2.37
2012-01-14,,,,,,,,,,,,,,,,,,,,,,,,,,,,,,0.09,,,,,,31.02,
2012-01-15,,,,,,,,,,,,,,,,,,,,,,,,,,,,,,0.09,,,,,,53.15,
2012-01-16,,,,,,,,,,,,,,,,,,,,,,,,,,,,,,0.09,,,,,,34.87,
2012-01-17,,,,,,,,,,,,,,,,,,,,,,,92.0142,1.87,0.21,2.89,1.66,1.84,2.04,0.09,,22.2,2728.08,3.24,100.7,18.38,2.38
2012-01-18,,,,,,,,,,,,,,,,,,,,,,,91.6943,1.92,0.24,2.96,1.68,1.89,2.07,0.09,,20.89,2769.71,3.25,100.61,13.2,2.41
2012-01-19,,,,,,,,,,,,,,,,,,,,,,,91.3316,2.01,0.26,3.05,1.75,1.96,2.01,0.1,,19.87,2788.33,3.22,100.32,21.15,2.27
2012-01-20,,,,,,,,,,,,,,,,,,,,,,,91.3661,2.05,0.26,3.1,1.79,2.0,2.04,0.09,,18.28,2786.7,3.24,98.15,26.56,2.32
2012-01-21,,,,,,,,,,,,,,,,,,,,,,,,,,,,,,0.09,,,,,,92.4,
2012-01-22,,,,,,,,,,,,,,,,,,,,,,,,,,,,,,0.09,,,,,,36.0,
2012-01-23,,,,,,,,,,,,,,,,,,,,,,,90.986,2.09,0.26,3.15,1.83,2.05,2.07,0.09,,18.67,2784.17,3.24,99.47,87.65,2.37
2012-01-24,,,,,,,,,,,,,,,,,,,,,,,91.181,2.08,0.24,3.15,1.84,2.04,2.09,0.09,,18.91,2786.64,3.25,98.84,109.3,2.37
2012-01-25,,,,,,,,,,,,,,,,,,,,,,,91.277,2.01,0.22,3.13,1.79,1.97,2.13,0.08,,18.31,2818.31,3.31,99.23,26.02,2.43
2012-01-26,,,,,,,,,,,,,,,,,,,,,,,90.3962,1.96,0.22,3.1,1.74,1.91,2.12,0.08,,18.57,2805.28,3.28,99.76,15.86,2.38
2012-01-27,,,,,,,,,,,,,,,,,,,,,,,90.2559,1.93,0.22,3.07,1.71,1.87,2.11,0.09,,18.53,2816.55,3.28,99.47,20.62,2.34
2012-01-28,,,,,,,,,,,,,,,,,,,,,,,,,,,,,,0.09,,,,,,72.97,
2012-01-29,,,,,,,,,,,,,,,,,,,,,,,,,,,,,,0.09,,,,,,60.74,
2012-01-30,,,,,,,,,,,,,,,,,,,,,,,90.4762,1.87,0.22,2.99,1.65,1.82,2.11,0.09,,19.4,2811.94,3.25,98.75,11.74,2.35
2012-01-31,,,,,,,,,,,,,,,,,,,,,,,90.5538,1.83,0.22,2.94,1.61,1.77,2.11,0.11,,19.44,2813.84,3.24,98.46,43.37,2.34
2012-02-01,9802.2,2207.1,2929930.0,228.329,228.034,220.509,0.1,0.962,133508.0,8.3,63.8,13029.6,10987.2,7.3,142.45977601502435,112.69,71.55014347776125,0.128,248.898,704.0,738.0,0.2,90.0963,1.87,0.23,3.01,1.64,1.81,2.15,0.11,,18.55,2848.27,3.25,97.63,12.93,2.41
2012-02-02,,,,,,,,,,,,,,,,,,,,,,,89.8765,1.86,0.23,3.01,1.63,1.78,2.16,0.11,,17.98,2859.68,3.25,96.36,15.41,2.43
2012-02-03,,,,,,,,,,,,,,,,,,,,,,,89.8491,1.97,0.23,3.13,1.74,1.89,2.18,0.11,,17.1,2905.66,3.26,97.8,20.48,2.48
2012-02-04,,,,,,,,,,,,,,,,,,,,,,,,,,,,,,0.11,,,,,,20.32,
2012-02-05,,,,,,,,,,,,,,,,,,,,,,,,,,,,,,0.11,,,,,,26.51,
2012-02-06,,,,,,,,,,,,,,,,,,,,,,,89.7907,1.93,0.24,3.08,1.69,1.85,2.19,0.11,,17.76,2901.99,3.22,96.89,11.88,2.47
2012-02-07,,,,,,,,,,,,,,,,,,,,,,,89.5968,2.0,0.25,3.14,1.75,1.92,2.21,0.11,,17.65,2904.08,3.19,98.55,85.07,2.47
2012-02-08,,,,,,,,,,,,,,,,,,,,,,,89.6555,2.01,0.27,3.14,1.74,1.92,2.22,0.11,,18.16,2915.86,3.17,98.8,13.02,2.53
2012-02-09,,,,,,,,,,,,,,,,,,,,,,,89.6246,2.04,0.27,3.2,1.77,1.95,2.21,0.11,,18.63,2927.23,3.18,99.88,20.12,2.51
2012-02-10,,,,,,,,,,,,,,,,,,,,,,,90.1024,1.96,0.27,3.11,1.69,1.87,2.2,0.12,,20.79,2903.88,3.17,98.68,27.57,2.52
2012-02-11,,,,,,,,,,,,,,,,,,,,,,,,,,,,,,0.12,,,,,,42.04,
2012-02-12,,,,,,,,,,,,,,,,,,,,,,,,,,,,,,0.12,,,,,,17.91,
2012-02-13,,,,,,,,,,,,,,,,,,,,,,,89.8895,1.99,0.29,3.14,1.7,1.88,2.21,0.12,,19.04,2931.39,3.19,100.39,22.98,2.45
2012-02-14,,,,,,,,,,,,,,,,,,,,,,,90.1919,1.92,0.29,3.06,1.63,1.8,2.19,0.12,,19.54,2931.83,3.18,100.82,16.93,2.46
2012-02-15,,,,,,,,,,,,,,,,,,,,,,,90.1932,1.93,0.29,3.09,1.64,1.82,2.19,0.12,,21.14,2915.83,3.19,101.82,6.66,2.48
2012-02-16,,,,,,,,,,,,,,,,,,,,,,,90.3109,1.99,0.29,3.14,1.7,1.89,2.23,0.11,,19.22,2959.85,3.17,102.33,5.35,2.53
2012-02-17,,,,,,,,,,,,,,,,,,,,,,,90.23,2.01,0.29,3.16,1.72,1.92,2.24,0.09,,17.78,2951.78,3.17,103.27,13.71,2.55
2012-02-18,,,,,,,,,,,,,,,,,,,,,,,,,,,,,,0.09,,,,,,30.3,
2012-02-19,,,,,,,,,,,,,,,,,,,,,,,,,,,,,,0.09,,,,,,42.56,
2012-02-20,,,,,,,,,,,,,,,,,,,,,,,,,,,,,,0.09,,,,,,58.15,
2012-02-21,,,,,,,,,,,,,,,,,,,,,,,90.0117,2.05,0.31,3.2,1.74,1.97,2.27,0.1,,18.19,2948.57,3.15,105.88,34.94,2.56
2012-02-22,,,,,,,,,,,,,,,,,,,,,,,90.2472,2.01,0.29,3.15,1.72,1.92,2.28,0.08,,18.19,2933.17,3.15,105.99,12.77,2.57
2012-02-23,,,,,,,,,,,,,,,,,,,,,,,90.1108,1.99,0.31,3.13,1.68,1.9,2.29,0.08,,16.8,2956.98,3.14,107.44,10.54,2.54
2012-02-24,,,,,,,,,,,,,,,,,,,,,,,89.9104,1.98,0.31,3.1,1.67,1.88,2.27,0.09,,17.31,2963.75,3.12,109.39,26.76,2.51
2012-02-25,,,,,,,,,,,,,,,,,,,,,,,,,,,,,,0.09,,,,,,61.72,
2012-02-26,,,,,,,,,,,,,,,,,,,,,,,,,,,,,,0.09,,,,,,43.34,
2012-02-27,,,,,,,,,,,,,,,,,,,,,,,89.9635,1.92,0.3,3.04,1.62,1.8,2.24,0.1,,18.19,2966.16,3.12,108.49,45.99,2.46
2012-02-28,,,,,,,,,,,,,,,,,,,,,,,89.8103,1.94,0.3,3.07,1.64,1.84,2.25,0.1,,17.96,2986.76,3.12,106.59,75.58,2.51
2012-02-29,,,,,,,,,,,,,,,,,,,,,,,89.7487,1.98,0.3,3.08,1.68,1.9,2.26,0.1,,18.43,2966.89,3.1,107.08,84.35,2.53
2012-03-01,9846.2,2227.8,2887273.0,228.807,228.478,220.975,0.13,0.966,133748.0,8.2,63.8,13066.4,10993.9,7.6,134.53590936600114,90.25,30.020061955727,0.127,249.742,695.0,806.0,0.5,89.7817,2.03,0.3,3.15,1.73,1.95,2.26,0.11,,17.26,2988.97,3.1,108.76,10.43,2.53
2012-03-02,,,,,,,,,,,,,,,,,,,,,,,90.135,1.99,0.28,3.11,1.71,1.92,2.23,0.11,,17.29,2976.19,3.09,106.68,6.69,2.51
2012-03-03,,,,,,,,,,,,,,,,,,,,,,,,,,,,,,0.11,,,,,,60.28,
2012-03-04,,,,,,,,,,,,,,,,,,,,,,,,,,,,,,0.11,,,,,,8.78,
2012-03-05,,,,,,,,,,,,,,,,,,,,,,,90.2748,2.0,0.31,3.13,1.69,1.92,2.2,0.11,,18.05,2950.48,3.11,106.7,32.81,2.46
2012-03-06,,,,,,,,,,,,,,,,,,,,,,,90.8237,1.96,0.3,3.08,1.66,1.88,2.17,0.11,,20.87,2910.32,3.1,104.71,33.54,2.42
2012-03-07,,,,,,,,,,,,,,,,,,,,,,,90.6837,1.98,0.3,3.12,1.68,1.9,2.2,0.11,,19.07,2935.69,3.11,106.16,13.23,2.42
2012-03-08,,,,,,,,,,,,,,,,,,,,,,,90.2598,2.03,0.32,3.18,1.71,1.95,2.24,0.11,,17.95,2970.42,3.11,106.65,81.81,2.47
2012-03-09,,,,,,,,,,,,,,,,,,,,,,,90.4341,2.04,0.33,3.19,1.71,1.95,2.28,0.12,,17.11,2988.34,3.11,107.4,20.74,2.49
2012-03-10,,,,,,,,,,,,,,,,,,,,,,,,,,,,,,0.12,,,,,,42.57,
2012-03-11,,,,,,,,,,,,,,,,,,,,,,,,,,,,,,0.12,,,,,,26.57,
2012-03-12,,,,,,,,,,,,,,,,,,,,,,,90.6643,2.04,0.33,3.17,1.71,1.95,2.28,0.12,,15.64,2983.66,3.09,106.34,22.8,2.5
2012-03-13,,,,,,,,,,,,,,,,,,,,,,,90.5363,2.14,0.35,3.26,1.79,2.06,2.34,0.12,,14.8,3039.88,3.08,106.7,8.61,2.55
2012-03-14,,,,,,,,,,,,,,,,,,,,,,,90.9325,2.29,0.4,3.43,1.89,2.2,2.36,0.13,,15.31,3040.73,3.07,105.49,6.66,2.57
2012-03-15,,,,,,,,,,,,,,,,,,,,,,,90.7866,2.29,0.37,3.41,1.92,2.21,2.37,0.14,,15.42,3056.37,3.07,105.19,16.45,2.61
2012-03-16,,,,,,,,,,,,,,,,,,,,,,,90.5245,2.31,0.37,3.41,1.94,2.22,2.4,0.15,,14.47,3055.26,3.04,107.03,49.0,2.68
2012-03-17,,,,,,,,,,,,,,,,,,,,,,,,,,,,,,0.15,,,,,,22.16,
2012-03-18,,,,,,,,,,,,,,,,,,,,,,,,,,,,,,0.15,,,,,,17.95,
2012-03-19,,,,,,,,,,,,,,,,,,,,,,,90.292,2.39,0.39,3.48,2.0,2.29,2.42,0.15,,15.04,3078.32,3.03,108.09,23.1,2.71
2012-03-20,,,,,,,,,,,,,,,,,,,,,,,90.6065,2.38,0.41,3.46,1.97,2.28,2.42,0.15,,15.58,3074.15,3.02,105.68,16.67,2.69
2012-03-21,,,,,,,,,,,,,,,,,,,,,,,90.6761,2.31,0.39,3.38,1.92,2.22,2.39,0.15,,15.13,3075.32,3.0,106.87,6.74,2.67
2012-03-22,,,,,,,,,,,,,,,,,,,,,,,90.8225,2.29,0.37,3.37,1.92,2.21,2.37,0.14,,15.57,3063.32,3.01,104.98,10.76,2.68
2012-03-23,,,,,,,,,,,,,,,,,,,,,,,90.6156,2.25,0.37,3.31,1.88,2.17,2.36,0.14,,14.82,3067.92,3.01,106.43,14.0,2.68
2012-03-24,,,,,,,,,,,,,,,,,,,,,,,,,,,,,,0.14,,,,,,21.63,
2012-03-25,,,,,,,,,,,,,,,,,,,,,,,,,,,,,,0.14,,,,,,152.44,
2012-03-26,,,,,,,,,,,,,,,,,,,,,,,90.3266,2.26,0.36,3.33,1.9,2.17,2.34,0.14,,14.26,3122.57,3.01,107.07,11.52,2.66
2012-03-27,,,,,,,,,,,,,,,,,,,,,,,90.2796,2.2,0.33,3.29,1.87,2.11,2.33,0.14,,15.59,3120.35,3.04,107.32,17.15,2.65
2012-03-28,,,,,,,,,,,,,,,,,,,,,,,90.603,2.21,0.34,3.31,1.87,2.12,2.32,0.13,,15.47,3104.96,3.03,105.4,6.63,2.61
2012-03-29,,,,,,,,,,,,,,,,,,,,,,,90.7285,2.18,0.33,3.27,1.85,2.11,2.31,0.13,,15.48,3095.36,3.03,102.79,10.84,2.63
2012-03-30,,,,,,,,,,,,,,,,,,,,,,,90.4593,2.23,0.33,3.35,1.9,2.16,2.32,0.09,,15.5,3091.57,3.07,103.03,20.68,2.62
2012-03-31,,,,,,,,,,,,,,,,,,,,,,,,,,,,,,0.09,,,,,,43.17,
2012-04-01,9899.8,2237.3,2868677.0,229.187,228.905,221.28,0.14,0.914,133825.0,8.2,63.7,13116.5,11018.5,7.9,127.40057968618366,94.95,62.48596278129446,0.127,249.677,753.0,732.0,0.24,,,,,,,,0.09,,,,,,9.02,
2012-04-02,,,,,,,,,,,,,,,,,,,,,,,90.247,2.22,0.33,3.35,1.89,2.14,2.36,0.15,,15.64,3119.7,3.08,105.25,11.68,2.68
2012-04-03,,,,,,,,,,,,,,,,,,,,,,,90.1921,2.3,0.36,3.41,1.94,2.22,2.36,0.15,,15.66,3113.57,3.06,104.02,76.99,2.68
2012-04-04,,,,,,,,,,,,,,,,,,,,,,,90.8284,2.25,0.35,3.37,1.9,2.17,2.3,0.15,,16.44,3068.09,3.08,101.53,6.68,2.64
2012-04-05,,,,,,,,,,,,,,,,,,,,,,,90.8781,2.19,0.35,3.32,1.84,2.11,2.27,0.15,,16.7,3080.5,3.09,103.29,5.44,2.59
2012-04-06,,,,,,,,,,,,,,,,,,,,,,,90.9375,2.07,0.32,3.21,1.75,2.0,2.23,0.12,,,,3.13,,64.66,2.61
2012-04-07,,,,,,,,,,,,,,,,,,,,,,,,,,,,,,0.12,,,,,,35.08,
2012-04-08,,,,,,,,,,,,,,,,,,,,,,,,,,,,,,0.12,,,,,,9.4,
2012-04-09,,,,,,,,,,,,,,,,,,,,,,,90.9624,2.06,0.32,3.18,1.74,1.97,2.23,0.16,,18.81,3047.08,3.11,102.45,24.05,2.62
2012-04-10,,,,,,,,,,,,,,,,,,,,,,,91.2728,2.01,0.28,3.13,1.73,1.92,2.25,0.15,,20.39,2991.22,3.14,101.12,221.99,2.63
2012-04-11,,,,,,,,,,,,,,,,,,,,,,,91.1768,2.05,0.3,3.18,1.75,1.96,2.3,0.16,,20.02,3016.46,3.16,102.66,19.66,2.65
2012-04-12,,,,,,,,,,,,,,,,,,,,,,,90.7694,2.08,0.29,3.22,1.79,1.99,2.3,0.15,,17.2,3055.55,3.15,103.69,16.15,2.69
2012-04-13,,,,,,,,,,,,,,,,,,,,,,,91.0558,2.02,0.27,3.14,1.75,1.93,2.27,0.15,,19.55,3011.33,3.15,102.84,6.97,2.63
2012-04-14,,,,,,,,,,,,,,,,,,,,,,,,,,,,,,0.15,,,,,,21.4,
2012-04-15,,,,,,,,,,,,,,,,,,,,,,,,,,,,,,0.15,,,,,,17.68,
2012-04-16,,,,,,,,,,,,,,,,,,,,,,,91.2355,2.0,0.27,3.12,1.73,1.92,2.26,0.15,,19.55,2988.4,3.14,102.92,10.91,2.63
2012-04-17,,,,,,,,,,,,,,,,,,,,,,,90.7661,2.03,0.27,3.15,1.76,1.95,2.29,0.16,,18.46,3042.82,3.14,104.23,23.95,2.67
2012-04-18,,,,,,,,,,,,,,,,,,,,,,,90.9326,2.0,0.27,3.13,1.73,1.93,2.26,0.15,,18.64,3031.45,3.15,102.65,87.59,2.65
2012-04-19,,,,,,,,,,,,,,,,,,,,,,,91.0833,1.98,0.27,3.12,1.71,1.91,2.19,0.13,,18.36,3007.56,3.15,102.38,71.88,2.47
2012-04-20,,,,,,,,,,,,,,,,,,,,,,,90.8066,1.99,0.29,3.12,1.7,1.91,2.23,0.12,,17.44,3000.45,3.17,103.58,6.65,2.5
2012-04-21,,,,,,,,,,,,,,,,,,,,,,,,,,,,,,0.12,,,,,,73.91,
2012-04-22,,,,,,,,,,,,,,,,,,,,,,,,,,,,,,0.12,,,,,,26.56,
2012-04-23,,,,,,,,,,,,,,,,,,,,,,,91.079,1.96,0.27,3.08,1.69,1.88,2.22,0.13,,18.97,2970.45,3.16,102.68,289.11,2.49
2012-04-24,,,,,,,,,,,,,,,,,,,,,,,90.8153,2.0,0.27,3.12,1.73,1.91,2.25,0.14,,18.1,2961.6,3.15,103.1,42.23,2.49
2012-04-25,,,,,,,,,,,,,,,,,,,,,,,90.756,2.01,0.26,3.15,1.75,1.92,2.25,0.15,,16.82,3029.63,3.17,103.72,6.38,2.48
2012-04-26,,,,,,,,,,,,,,,,,,,,,,,90.6428,1.98,0.26,3.13,1.72,1.89,2.27,0.14,,16.24,3050.61,3.19,104.56,45.75,2.5
2012-04-27,,,,,,,,,,,,,,,,,,,,,,,90.3269,1.96,0.26,3.12,1.7,1.87,2.26,0.13,,16.32,3069.2,3.19,104.86,27.06,2.46
2012-04-28,,,,,,,,,,,,,,,,,,,,,,,,,,,,,,0.13,,,,,,41.62,
2012-04-29,,,,,,,,,,,,,,,,,,,,,,,,,,,,,,0.13,,,,,,8.86,
2012-04-30,,,,,,,,,,,,,,,,,,,,,,,90.3634,1.95,0.27,3.12,1.68,1.85,2.25,0.16,,17.15,3046.36,3.2,104.89,45.16,2.44
2012-05-01,9943.0,2256.2,2856313.0,228.713,229.224,220.457,0.16,0.846,133933.0,8.2,63.7,13112.5,11006.8,7.9,160.2410992457502,120.23,61.22184380182376,0.129,241.806,708.0,796.0,0.22,90.3227,1.98,0.27,3.16,1.71,1.89,2.26,0.16,,16.6,3050.44,3.22,106.17,49.79,2.46
2012-05-02,,,,,,,,,,,,,,,,,,,,,,,90.6144,1.96,0.27,3.11,1.69,1.88,2.24,0.15,,16.88,3059.85,3.19,105.25,6.45,2.44
2012-05-03,,,,,,,,,,,,,,,,,,,,,,,90.6839,1.96,0.28,3.12,1.68,1.87,2.23,0.15,,17.56,3024.3,3.18,102.56,21.89,2.45
2012-05-04,,,,,,,,,,,,,,,,,,,,,,,91.0497,1.91,0.27,3.07,1.64,1.84,2.21,0.16,,19.16,2956.34,3.19,98.49,26.88,2.49
2012-05-05,,,,,,,,,,,,,,,,,,,,,,,,,,,,,,0.16,,,,,,31.2,
2012-05-06,,,,,,,,,,,,,,,,,,,,,,,,,,,,,,0.16,,,,,,44.69,
2012-05-07,,,,,,,,,,,,,,,,,,,,,,,91.0747,1.92,0.27,3.07,1.65,1.82,2.19,0.16,,18.94,2957.76,3.18,97.86,22.19,2.44
2012-05-08,,,,,,,,,,,,,,,,,,,,,,,91.4107,1.88,0.27,3.03,1.61,1.79,2.16,0.16,,19.05,2946.27,3.19,97.13,24.91,2.37
2012-05-09,,,,,,,,,,,,,,,,,,,,,,,91.7632,1.87,0.27,3.03,1.6,1.78,2.14,0.15,,20.08,2934.71,3.22,96.8,32.12,2.34
2012-05-10,,,,,,,,,,,,,,,,,,,,,,,91.7077,1.89,0.27,3.07,1.62,1.79,2.14,0.15,,18.83,2933.64,3.21,97.1,25.56,2.32
2012-05-11,,,,,,,,,,,,,,,,,,,,,,,91.7306,1.84,0.27,3.02,1.57,1.74,2.12,0.15,,19.89,2933.82,3.22,96.03,13.78,2.33
2012-05-12,,,,,,,,,,,,,,,,,,,,,,,,,,,,,,0.15,,,,,,41.81,
2012-05-13,,,,,,,,,,,,,,,,,,,,,,,,,,,,,,0.15,,,,,,44.47,
2012-05-14,,,,,,,,,,,,,,,,,,,,,,,92.2491,1.78,0.29,2.95,1.49,1.68,2.11,0.16,,21.87,2902.58,3.22,94.75,78.99,2.31
2012-05-15,,,,,,,,,,,,,,,,,,,,,,,92.5235,1.76,0.29,2.91,1.47,1.67,2.12,0.16,,21.97,2893.76,3.24,93.97,98.34,2.32
2012-05-16,,,,,,,,,,,,,,,,,,,,,,,92.903,1.76,0.3,2.9,1.46,1.66,2.09,0.16,,22.27,2874.04,3.25,92.78,59.0,2.29
2012-05-17,,,,,,,,,,,,,,,,,,,,,,,92.9632,1.7,0.32,2.8,1.38,1.6,2.05,0.16,,24.49,2813.69,3.23,92.53,40.89,2.23
2012-05-18,,,,,,,,,,,,,,,,,,,,,,,93.1395,1.71,0.32,2.8,1.39,1.63,2.1,0.16,,25.1,2778.79,3.27,91.51,28.02,2.35
2012-05-19,,,,,,,,,,,,,,,,,,,,,,,,,,,,,,0.16,,,,,,93.83,
2012-05-20,,,,,,,,,,,,,,,,,,,,,,,,,,,,,,0.16,,,,,,9.03,
2012-05-21,,,,,,,,,,,,,,,,,,,,,,,93.0945,1.75,0.3,2.8,1.45,1.66,2.16,0.16,,22.01,2847.21,3.25,92.57,11.51,2.46
2012-05-22,,,,,,,,,,,,,,,,,,,,,,,93.1113,1.79,0.3,2.88,1.49,1.7,2.17,0.16,,22.48,2839.08,3.34,91.44,25.44,2.47
2012-05-23,,,,,,,,,,,,,,,,,,,,,,,93.8855,1.73,0.28,2.81,1.45,1.64,2.14,0.15,,22.33,2850.12,3.33,89.4,33.3,2.48
2012-05-24,,,,,,,,,,,,,,,,,,,,,,,93.8027,1.77,0.29,2.86,1.48,1.67,2.14,0.15,,21.54,2839.38,3.36,90.36,15.62,2.49
2012-05-25,,,,,,,,,,,,,,,,,,,,,,,93.9488,1.75,0.3,2.85,1.45,1.66,2.13,0.15,,21.76,2837.53,3.37,90.64,13.99,2.48
2012-05-26,,,,,,,,,,,,,,,,,,,,,,,,,,,,,,0.15,,,,,,43.26,
2012-05-27,,,,,,,,,,,,,,,,,,,,,,,,,,,,,,0.15,,,,,,9.24,
2012-05-28,,,,,,,,,,,,,,,,,,,,,,,,,,,,,,0.15,,,,,,32.59,
2012-05-29,,,,,,,,,,,,,,,,,,,,,,,93.875,1.74,0.3,2.85,1.44,1.65,2.11,0.16,,21.03,2870.99,3.38,90.75,40.36,2.46
2012-05-30,,,,,,,,,,,,,,,,,,,,,,,94.302,1.63,0.27,2.72,1.36,1.56,2.08,0.16,,24.14,2837.36,3.4,87.79,20.44,2.45
2012-05-31,,,,,,,,,,,,,,,,,,,,,,,94.6856,1.59,0.27,2.67,1.32,1.52,2.09,0.16,,24.06,2827.34,3.4,86.52,128.82,2.46
2012-06-01,10013.0,2275.3,2863871.0,228.524,229.623,220.049,0.16,0.789,134012.0,8.2,63.8,13097.2,10989.8,7.9,189.01711083123143,169.63,131.7220106639241,0.135,235.897,757.0,794.0,0.24,94.6979,1.47,0.25,2.53,1.22,1.4,2.06,0.16,,26.66,2747.48,3.41,83.17,307.89,2.47
2012-06-02,,,,,,,,,,,,,,,,,,,,,,,,,,,,,,0.16,,,,,,260.76,
2012-06-03,,,,,,,,,,,,,,,,,,,,,,,,,,,,,,0.16,,,,,,135.64,
2012-06-04,,,,,,,,,,,,,,,,,,,,,,,94.5184,1.53,0.25,2.56,1.28,1.45,2.09,0.17,,26.12,2760.01,3.4,83.95,81.54,2.49
2012-06-05,,,,,,,,,,,,,,,,,,,,,,,94.6184,1.57,0.25,2.63,1.32,1.49,2.13,0.17,,24.68,2778.11,3.4,84.31,8.85,2.55
2012-06-06,,,,,,,,,,,,,,,,,,,,,,,94.0362,1.66,0.26,2.73,1.4,1.57,2.16,0.16,,22.16,2844.72,3.41,85.05,20.47,2.59
2012-06-07,,,,,,,,,,,,,,,,,,,,,,,93.774,1.66,0.27,2.75,1.39,1.57,2.15,0.16,,21.72,2831.02,3.43,84.78,37.72,2.53
2012-06-08,,,,,,,,,,,,,,,,,,,,,,,94.2024,1.65,0.28,2.77,1.37,1.56,2.15,0.17,,21.23,2858.42,3.44,84.08,7.14,2.51
2012-06-09,,,,,,,,,,,,,,,,,,,,,,,,,,,,,,0.17,,,,,,66.71,
2012-06-10,,,,,,,,,,,,,,,,,,,,,,,,,,,,,,0.17,,,,,,54.37,
2012-06-11,,,,,,,,,,,,,,,,,,,,,,,94.0369,1.6,0.27,2.71,1.33,1.51,2.13,0.17,,23.56,2809.73,3.46,82.58,82.13,2.47
2012-06-12,,,,,,,,,,,,,,,,,,,,,,,94.0693,1.67,0.3,2.77,1.37,1.57,2.15,0.16,,22.09,2843.07,3.43,83.35,80.54,2.49
2012-06-13,,,,,,,,,,,,,,,,,,,,,,,93.8309,1.61,0.3,2.7,1.31,1.51,2.12,0.17,,24.27,2818.61,3.43,82.56,48.46,2.44
2012-06-14,,,,,,,,,,,,,,,,,,,,,,,93.8152,1.64,0.3,2.73,1.34,1.53,2.11,0.17,,21.68,2836.33,3.4,83.83,39.08,2.43
2012-06-15,,,,,,,,,,,,,,,,,,,,,,,93.5203,1.6,0.29,2.7,1.31,1.51,2.14,0.18,,21.11,2872.8,3.42,84.03,44.02,2.42
2012-06-16,,,,,,,,,,,,,,,,,,,,,,,,,,,,,,0.18,,,,,,191.15,
2012-06-17,,,,,,,,,,,,,,,,,,,,,,,,,,,,,,0.18,,,,,,37.54,
2012-06-18,,,,,,,,,,,,,,,,,,,,,,,93.6431,1.59,0.29,2.67,1.3,1.49,2.13,0.17,,18.32,2895.33,3.42,83.26,95.97,2.41
2012-06-19,,,,,,,,,,,,,,,,,,,,,,,93.0524,1.64,0.3,2.73,1.34,1.55,2.17,0.17,,18.38,2929.76,3.41,83.99,35.99,2.47
2012-06-20,,,,,,,,,,,,,,,,,,,,,,,93.1602,1.65,0.32,2.72,1.33,1.56,2.16,0.16,,17.24,2930.45,3.38,81.06,40.64,2.44
2012-06-21,,,,,,,,,,,,,,,,,,,,,,,93.6378,1.63,0.32,2.68,1.31,1.54,2.1,0.17,,20.08,2859.09,3.35,77.91,127.4,2.43
2012-06-22,,,,,,,,,,,,,,,,,,,,,,,93.9205,1.69,0.31,2.75,1.38,1.6,2.11,0.17,,18.11,2892.42,3.36,79.33,179.6,2.48
2012-06-23,,,,,,,,,,,,,,,,,,,,,,,,,,,,,,0.17,,,,,,33.19,
2012-06-24,,,,,,,,,,,,,,,,,,,,,,,,,,,,,,0.17,,,,,,55.46,
2012-06-25,,,,,,,,,,,,,,,,,,,,,,,94.1757,1.63,0.31,2.69,1.32,1.53,2.1,0.17,,20.38,2836.17,3.36,78.76,285.88,2.5
2012-06-26,,,,,,,,,,,,,,,,,,,,,,,93.9859,1.66,0.31,2.71,1.35,1.56,2.11,0.16,,19.72,2854.06,3.34,79.34,116.0,2.52
2012-06-27,,,,,,,,,,,,,,,,,,,,,,,93.8728,1.65,0.31,2.7,1.34,1.56,2.1,0.15,,19.45,2875.32,3.35,80.27,14.07,2.52
2012-06-28,,,,,,,,,,,,,,,,,,,,,,,94.0203,1.6,0.31,2.67,1.29,1.51,2.08,0.15,,19.71,2849.49,3.37,77.72,100.03,2.52
2012-06-29,,,,,,,,,,,,,,,,,,,,,,,92.9096,1.67,0.33,2.76,1.34,1.58,2.13,0.09,,17.08,2935.06,3.39,85.04,64.88,2.54
2012-06-30,,,,,,,,,,,,,,,,,,,,,,,,,,,,,,0.09,,,,,,44.88,
2012-07-01,10065.7,2315.0,2858675.0,228.59,229.97,220.007,0.16,0.78,134157.0,8.2,63.7,12999.8,11016.8,7.0,160.0986535901933,171.59,123.276343608724,0.133,233.568,740.0,849.0,0.3,,,,,,,,0.09,,,,,,37.83,
2012-07-02,,,,,,,,,,,,,,,,,,,,,,,92.951,1.61,0.3,2.69,1.31,1.51,2.11,0.18,,16.8,2951.24,3.4,83.72,22.78,2.51
2012-07-03,,,,,,,,,,,,,,,,,,,,,,,92.6508,1.65,0.3,2.74,1.35,1.56,2.13,0.17,,16.66,2976.09,3.41,87.74,77.28,2.49
2012-07-04,,,,,,,,,,,,,,,,,,,,,,,,,,,,,,0.17,,,,,,10.49,
2012-07-05,,,,,,,,,,,,,,,,,,,,,,,93.2211,1.62,0.28,2.72,1.34,1.54,2.13,0.17,,17.5,2976.12,3.43,87.11,129.22,2.46
2012-07-06,,,,,,,,,,,,,,,,,,,,,,,93.7087,1.57,0.27,2.66,1.3,1.49,2.1,0.17,,17.1,2937.33,3.41,84.37,38.87,2.44
2012-07-07,,,,,,,,,,,,,,,,,,,,,,,,,,,,,,0.17,,,,,,47.85,
2012-07-08,,,,,,,,,,,,,,,,,,,,,,,,,,,,,,0.17,,,,,,29.77,
2012-07-09,,,,,,,,,,,,,,,,,,,,,,,93.6974,1.53,0.27,2.62,1.26,1.44,2.1,0.17,,17.98,2931.77,3.41,85.93,34.96,2.43
2012-07-10,,,,,,,,,,,,,,,,,,,,,,,93.5552,1.53,0.27,2.6,1.26,1.44,2.12,0.17,,18.72,2902.34,3.39,83.92,71.32,2.45
2012-07-11,,,,,,,,,,,,,,,,,,,,,,,93.5981,1.54,0.27,2.6,1.27,1.44,2.11,0.17,,17.95,2887.99,3.36,85.88,34.84,2.43
2012-07-12,,,,,,,,,,,,,,,,,,,,,,,93.9298,1.5,0.25,2.57,1.25,1.4,2.08,0.18,,18.33,2866.19,3.37,86.02,239.72,2.4
2012-07-13,,,,,,,,,,,,,,,,,,,,,,,93.5515,1.52,0.25,2.58,1.27,1.42,2.11,0.19,,16.74,2908.47,3.37,87.15,86.8,2.44
2012-07-14,,,,,,,,,,,,,,,,,,,,,,,,,,,,,,0.19,,,,,,34.23,
2012-07-15,,,,,,,,,,,,,,,,,,,,,,,,,,,,,,0.19,,,,,,96.04,
2012-07-16,,,,,,,,,,,,,,,,,,,,,,,93.3746,1.5,0.24,2.56,1.26,1.4,2.11,0.18,,17.11,2896.94,3.35,88.41,34.85,2.44
2012-07-17,,,,,,,,,,,,,,,,,,,,,,,93.3479,1.53,0.25,2.59,1.28,1.43,2.12,0.17,,16.48,2910.04,3.35,89.07,26.12,2.46
2012-07-18,,,,,,,,,,,,,,,,,,,,,,,93.0973,1.52,0.22,2.59,1.3,1.43,2.12,0.16,,16.16,2942.6,3.33,89.88,35.09,2.45
2012-07-19,,,,,,,,,,,,,,,,,,,,,,,93.0438,1.54,0.22,2.61,1.32,1.45,2.16,0.13,,15.45,2965.9,3.34,92.78,38.75,2.5
2012-07-20,,,,,,,,,,,,,,,,,,,,,,,93.3653,1.49,0.22,2.55,1.27,1.4,2.16,0.13,,16.27,2925.3,3.31,91.56,14.87,2.55
2012-07-21,,,,,,,,,,,,,,,,,,,,,,,,,,,,,,0.13,,,,,,83.85,
2012-07-22,,,,,,,,,,,,,,,,,,,,,,,,,,,,,,0.13,,,,,,114.89,
2012-07-23,,,,,,,,,,,,,,,,,,,,,,,93.9297,1.47,0.22,2.52,1.25,1.37,2.15,0.14,,18.62,2890.15,3.31,87.77,121.73,2.55
2012-07-24,,,,,,,,,,,,,,,,,,,,,,,94.2635,1.44,0.22,2.47,1.22,1.34,2.12,0.15,,20.47,2862.99,3.29,88.28,25.52,2.54
2012-07-25,,,,,,,,,,,,,,,,,,,,,,,94.0564,1.43,0.22,2.46,1.21,1.33,2.1,0.15,,19.34,2854.24,3.3,88.8,48.62,2.52
2012-07-26,,,,,,,,,,,,,,,,,,,,,,,93.3595,1.45,0.23,2.49,1.22,1.34,2.11,0.14,,17.53,2893.25,3.3,89.4,76.14,2.51
2012-07-27,,,,,,,,,,,,,,,,,,,,,,,92.9333,1.58,0.25,2.63,1.33,1.47,2.19,0.14,,16.7,2958.09,3.29,90.13,14.62,2.59
2012-07-28,,,,,,,,,,,,,,,,,,,,,,,,,,,,,,0.14,,,,,,78.8,
2012-07-29,,,,,,,,,,,,,,,,,,,,,,,,,,,,,,0.14,,,,,,67.11,
2012-07-30,,,,,,,,,,,,,,,,,,,,,,,93.0524,1.53,0.23,2.58,1.3,1.42,2.17,0.14,,18.03,2945.84,3.26,89.8,23.69,2.56
2012-07-31,,,,,,,,,,,,,,,,,,,,,,,92.8422,1.51,0.23,2.56,1.28,1.4,2.2,0.13,,18.93,2939.52,3.27,88.08,8.98,2.57
2012-08-01,10136.4,2354.1,2835817.0,229.918,230.233,221.68,0.13,0.8,134338.0,8.1,63.5,12961.6,11056.0,6.7,122.85129909938654,149.65,107.42556663357696,0.133,244.987,754.0,840.0,0.22,92.8905,1.56,0.24,2.6,1.32,1.46,2.23,0.14,,18.96,2920.21,3.26,88.99,34.37,2.61
2012-08-02,,,,,,,,,,,,,,,,,,,,,,,93.4269,1.51,0.24,2.55,1.27,1.42,2.2,0.14,,17.57,2909.77,3.24,87.22,34.21,2.57
2012-08-03,,,,,,,,,,,,,,,,,,,,,,,92.6048,1.6,0.24,2.65,1.36,1.51,2.26,0.14,,15.64,2967.9,3.26,91.4,14.71,2.65
2012-08-04,,,,,,,,,,,,,,,,,,,,,,,,,,,,,,0.14,,,,,,102.93,
2012-08-05,,,,,,,,,,,,,,,,,,,,,,,,,,,,,,0.14,,,,,,19.03,
2012-08-06,,,,,,,,,,,,,,,,,,,,,,,92.4339,1.59,0.24,2.65,1.35,1.49,2.27,0.14,,15.95,2989.91,3.24,92.3,33.31,2.65
2012-08-07,,,,,,,,,,,,,,,,,,,,,,,92.5128,1.66,0.27,2.72,1.39,1.55,2.31,0.13,,15.99,3015.86,3.24,93.68,36.13,2.67
2012-08-08,,,,,,,,,,,,,,,,,,,,,,,92.5407,1.68,0.29,2.75,1.39,1.57,2.29,0.13,,15.32,3011.25,3.23,93.39,27.63,2.66
2012-08-09,,,,,,,,,,,,,,,,,,,,,,,92.6057,1.69,0.29,2.78,1.4,1.58,2.27,0.13,,15.28,3018.64,3.23,93.39,62.2,2.62
2012-08-10,,,,,,,,,,,,,,,,,,,,,,,92.5129,1.65,0.27,2.74,1.38,1.55,2.25,0.13,,14.74,3020.86,3.23,92.94,7.33,2.6
2012-08-11,,,,,,,,,,,,,,,,,,,,,,,,,,,,,,0.13,,,,,,80.32,
2012-08-12,,,,,,,,,,,,,,,,,,,,,,,,,,,,,,0.13,,,,,,9.54,
2012-08-13,,,,,,,,,,,,,,,,,,,,,,,92.5955,1.65,0.27,2.74,1.38,1.54,2.23,0.13,,13.7,3022.52,3.24,92.76,61.29,2.56
2012-08-14,,,,,,,,,,,,,,,,,,,,,,,92.6152,1.73,0.27,2.82,1.46,1.62,2.26,0.13,,14.85,3016.98,3.25,93.4,64.5,2.61
2012-08-15,,,,,,,,,,,,,,,,,,,,,,,92.6838,1.8,0.27,2.9,1.53,1.71,2.25,0.13,,14.63,3030.93,3.27,94.35,248.44,2.61
2012-08-16,,,,,,,,,,,,,,,,,,,,,,,92.5737,1.83,0.29,2.96,1.54,1.74,2.25,0.13,,14.29,3062.39,3.26,95.66,5.81,2.6
2012-08-17,,,,,,,,,,,,,,,,,,,,,,,92.711,1.81,0.29,2.93,1.52,1.72,2.24,0.13,,13.45,3076.59,3.25,96.0,7.33,2.62
2012-08-18,,,,,,,,,,,,,,,,,,,,,,,,,,,,,,0.13,,,,,,47.1,
2012-08-19,,,,,,,,,,,,,,,,,,,,,,,,,,,,,,0.13,,,,,,18.92,
2012-08-20,,,,,,,,,,,,,,,,,,,,,,,92.6263,1.82,0.29,2.93,1.53,1.71,2.25,0.13,,14.02,3076.21,3.23,96.03,48.45,2.66
2012-08-21,,,,,,,,,,,,,,,,,,,,,,,92.3053,1.8,0.31,2.9,1.49,1.69,2.25,0.13,,15.02,3067.26,3.23,96.55,26.33,2.64
2012-08-22,,,,,,,,,,,,,,,,,,,,,,,92.4362,1.71,0.26,2.82,1.45,1.6,2.26,0.13,,15.11,3073.67,3.22,96.89,6.85,2.64
2012-08-23,,,,,,,,,,,,,,,,,,,,,,,92.1057,1.68,0.26,2.79,1.42,1.57,2.3,0.13,,15.96,3053.4,3.2,95.87,157.09,2.64
2012-08-24,,,,,,,,,,,,,,,,,,,,,,,92.2785,1.68,0.28,2.79,1.4,1.58,2.28,0.13,,15.18,3069.79,3.21,95.78,21.65,2.62
2012-08-25,,,,,,,,,,,,,,,,,,,,,,,,,,,,,,0.13,,,,,,33.63,
2012-08-26,,,,,,,,,,,,,,,,,,,,,,,,,,,,,,0.13,,,,,,18.84,
2012-08-27,,,,,,,,,,,,,,,,,,,,,,,92.3135,1.65,0.28,2.76,1.37,1.54,2.29,0.13,,16.35,3073.19,3.19,95.54,47.92,2.61
2012-08-28,,,,,,,,,,,,,,,,,,,,,,,92.2033,1.64,0.27,2.75,1.37,1.54,2.32,0.13,,16.49,3077.14,3.19,96.3,8.93,2.66
2012-08-29,,,,,,,,,,,,,,,,,,,,,,,92.3823,1.66,0.27,2.77,1.39,1.54,2.3,0.13,,17.06,3081.19,3.19,95.5,110.03,2.65
2012-08-30,,,,,,,,,,,,,,,,,,,,,,,92.6239,1.63,0.27,2.75,1.36,1.53,2.26,0.14,,17.83,3048.71,3.2,94.61,39.27,2.6
2012-08-31,,,,,,,,,,,,,,,,,,,,,,,92.1677,1.57,0.22,2.68,1.35,1.48,2.25,0.13,,17.47,3066.96,3.21,96.47,36.3,2.55
2012-09-01,10216.6,2386.6,2817912.0,231.015,230.659,222.992,0.14,0.757,134517.0,7.8,63.6,13053.1,11105.3,7.2,151.969532819728,146.6,136.66848748904397,0.133,252.987,847.0,930.0,0.16,,,,,,,,0.13,,,,,,20.96,
2012-09-02,,,,,,,,,,,,,,,,,,,,,,,,,,,,,,0.13,,,,,,28.57,
2012-09-03,,,,,,,,,,,,,,,,,,,,,,,,,,,,,,0.13,,,,,,144.63,
2012-09-04,,,,,,,,,,,,,,,,,,,,,,,92.1582,1.59,0.23,2.69,1.36,1.49,2.27,0.14,,17.98,3075.06,3.18,95.34,61.48,2.57
2012-09-05,,,,,,,,,,,,,,,,,,,,,,,92.1262,1.6,0.25,2.7,1.35,1.49,2.29,0.16,,17.74,3069.27,3.18,95.37,109.59,2.6
2012-09-06,,,,,,,,,,,,,,,,,,,,,,,91.8973,1.68,0.27,2.8,1.41,1.57,2.31,0.16,,15.6,3135.81,3.19,95.58,16.7,2.61
2012-09-07,,,,,,,,,,,,,,,,,,,,,,,91.3469,1.67,0.25,2.81,1.42,1.56,2.35,0.15,,14.38,3136.42,3.2,96.41,21.09,2.67
2012-09-08,,,,,,,,,,,,,,,,,,,,,,,,,,,,,,0.15,,,,,,72.59,
2012-09-09,,,,,,,,,,,,,,,,,,,,,,,,,,,,,,0.15,,,,,,46.04,
2012-09-10,,,,,,,,,,,,,,,,,,,,,,,91.3102,1.68,0.25,2.83,1.43,1.58,2.36,0.15,,16.28,3104.02,3.2,96.52,82.28,2.64
2012-09-11,,,,,,,,,,,,,,,,,,,,,,,91.0575,1.7,0.25,2.84,1.45,1.6,2.38,0.15,,16.41,3104.53,3.18,97.03,102.02,2.65
2012-09-12,,,,,,,,,,,,,,,,,,,,,,,91.0477,1.77,0.25,2.92,1.52,1.67,2.38,0.15,,15.8,3114.31,3.18,97.02,176.89,2.64
2012-09-13,,,,,,,,,,,,,,,,,,,,,,,90.9632,1.75,0.24,2.95,1.51,1.65,2.47,0.15,,14.05,3155.83,3.21,98.3,180.93,2.71
2012-09-14,,,,,,,,,,,,,,,,,,,,,,,90.1436,1.88,0.27,3.09,1.61,1.77,2.64,0.16,,14.51,3183.95,3.15,98.94,21.2,2.89
2012-09-15,,,,,,,,,,,,,,,,,,,,,,,,,,,,,,0.16,,,,,,100.51,
2012-09-16,,,,,,,,,,,,,,,,,,,,,,,,,,,,,,0.16,,,,,,54.97,
2012-09-17,,,,,,,,,,,,,,,,,,,,,,,90.2837,1.85,0.25,3.03,1.6,1.74,2.59,0.16,,14.59,3178.67,3.12,96.51,59.05,2.87
2012-09-18,,,,,,,,,,,,,,,,,,,,,,,90.5029,1.82,0.25,3.0,1.57,1.72,2.55,0.16,,14.18,3177.8,3.09,95.25,80.43,2.87
2012-09-19,,,,,,,,,,,,,,,,,,,,,,,90.4646,1.79,0.27,2.97,1.52,1.68,2.54,0.15,,13.88,3182.62,3.07,91.97,53.81,2.89
2012-09-20,,,,,,,,,,,,,,,,,,,,,,,90.7631,1.8,0.27,2.96,1.53,1.69,2.5,0.16,,14.07,3175.96,3.04,92.14,10.94,2.79
2012-09-21,,,,,,,,,,,,,,,,,,,,,,,90.5342,1.77,0.27,2.95,1.5,1.66,2.48,0.15,,13.98,3179.96,3.06,92.64,14.01,2.78
2012-09-22,,,,,,,,,,,,,,,,,,,,,,,,,,,,,,0.15,,,,,,51.57,
2012-09-23,,,,,,,,,,,,,,,,,,,,,,,,,,,,,,0.15,,,,,,82.98,
2012-09-24,,,,,,,,,,,,,,,,,,,,,,,90.8263,1.74,0.27,2.91,1.47,1.63,2.47,0.16,,14.15,3160.78,3.02,91.68,23.72,2.79
2012-09-25,,,,,,,,,,,,,,,,,,,,,,,90.6074,1.7,0.27,2.86,1.43,1.59,2.44,0.15,,15.43,3117.73,3.03,91.07,52.28,2.73
2012-09-26,,,,,,,,,,,,,,,,,,,,,,,91.0028,1.64,0.26,2.79,1.38,1.53,2.41,0.15,,16.81,3093.7,3.03,89.92,20.78,2.73
2012-09-27,,,,,,,,,,,,,,,,,,,,,,,90.7538,1.66,0.25,2.83,1.41,1.57,2.44,0.14,,14.84,3136.6,3.05,91.89,22.04,2.77
2012-09-28,,,,,,,,,,,,,,,,,,,,,,,90.8342,1.65,0.23,2.82,1.42,1.55,2.42,0.09,,15.73,3116.23,3.07,92.18,28.41,2.73
2012-09-29,,,,,,,,,,,,,,,,,,,,,,,,,,,,,,0.09,,,,,,72.2,
2012-09-30,,,,,,,,,,,,,,,,,,,,,,,,,,,,,,0.09,,,,,,18.38,
2012-10-01,10282.8,2420.1,2826231.0,231.638,231.024,223.637,0.16,0.76,134668.0,7.8,63.8,13142.0,11137.4,7.8,159.42397125128633,161.7,89.7789054659786,0.128,256.017,915.0,887.0,0.14,90.7011,1.64,0.25,2.81,1.39,1.55,2.42,0.15,,16.32,3113.53,3.06,92.44,128.63,2.73
2012-10-02,,,,,,,,,,,,,,,,,,,,,,,90.644,1.64,0.23,2.81,1.41,1.55,2.47,0.16,,15.71,3120.04,3.04,91.88,284.15,2.82
2012-10-03,,,,,,,,,,,,,,,,,,,,,,,90.8726,1.64,0.23,2.82,1.41,1.55,2.47,0.16,,15.43,3135.23,3.03,88.19,40.66,2.76
2012-10-04,,,,,,,,,,,,,,,,,,,,,,,90.4932,1.7,0.23,2.89,1.47,1.6,2.56,0.15,,14.55,3149.46,2.99,91.69,113.73,2.87
2012-10-05,,,,,,,,,,,,,,,,,,,,,,,90.2851,1.75,0.27,2.96,1.48,1.64,2.57,0.15,,14.33,3136.19,2.98,89.87,7.01,2.86
2012-10-06,,,,,,,,,,,,,,,,,,,,,,,,,,,,,,0.15,,,,,,90.06,
2012-10-07,,,,,,,,,,,,,,,,,,,,,,,,,,,,,,0.15,,,,,,18.12,
2012-10-08,,,,,,,,,,,,,,,,,,,,,,,,,,,,,,0.15,,15.11,3112.35,,89.43,24.54,
2012-10-09,,,,,,,,,,,,,,,,,,,,,,,90.8703,1.74,0.25,2.93,1.49,1.64,2.55,0.16,,16.37,3065.02,2.93,92.42,60.34,2.83
2012-10-10,,,,,,,,,,,,,,,,,,,,,,,90.883,1.72,0.27,2.89,1.45,1.62,2.52,0.16,,16.29,3051.78,2.9,91.24,13.56,2.81
2012-10-11,,,,,,,,,,,,,,,,,,,,,,,90.7437,1.7,0.28,2.86,1.42,1.6,2.47,0.16,,15.59,3049.41,2.87,92.19,5.38,2.75
2012-10-12,,,,,,,,,,,,,,,,,,,,,,,90.6833,1.69,0.27,2.83,1.42,1.58,2.47,0.16,,16.14,3044.11,2.85,91.83,6.83,2.79
2012-10-13,,,,,,,,,,,,,,,,,,,,,,,,,,,,,,0.16,,,,,,31.23,
2012-10-14,,,,,,,,,,,,,,,,,,,,,,,,,,,,,,0.16,,,,,,8.93,
2012-10-15,,,,,,,,,,,,,,,,,,,,,,,90.6409,1.7,0.27,2.85,1.43,1.59,2.48,0.16,,15.27,3064.18,2.83,91.84,47.24,2.77
2012-10-16,,,,,,,,,,,,,,,,,,,,,,,90.5583,1.75,0.27,2.91,1.48,1.66,2.46,0.16,,15.22,3101.17,2.8,92.07,61.2,2.74
2012-10-17,,,,,,,,,,,,,,,,,,,,,,,90.2309,1.83,0.3,2.98,1.53,1.72,2.48,0.15,,15.07,3104.12,2.77,92.04,46.38,2.74
2012-10-18,,,,,,,,,,,,,,,,,,,,,,,90.3804,1.86,0.29,3.02,1.57,1.76,2.52,0.15,,15.03,3072.87,2.72,92.0,37.41,2.82
2012-10-19,,,,,,,,,,,,,,,,,,,,,,,90.8107,1.79,0.3,2.94,1.49,1.69,2.5,0.16,,17.06,3005.62,2.71,90.0,19.7,2.81
2012-10-20,,,,,,,,,,,,,,,,,,,,,,,,,,,,,,0.16,,,,,,50.96,
2012-10-21,,,,,,,,,,,,,,,,,,,,,,,,,,,,,,0.16,,,,,,17.56,
2012-10-22,,,,,,,,,,,,,,,,,,,,,,,90.7911,1.83,0.32,2.95,1.51,1.73,2.53,0.15,,16.62,3016.96,2.68,88.3,70.02,2.88
2012-10-23,,,,,,,,,,,,,,,,,,,,,,,91.0945,1.79,0.29,2.91,1.5,1.68,2.5,0.15,,18.83,2990.46,2.73,86.65,43.85,2.85
2012-10-24,,,,,,,,,,,,,,,,,,,,,,,91.1275,1.8,0.29,2.93,1.51,1.69,2.49,0.17,,18.33,2981.7,2.74,85.39,13.54,2.85
2012-10-25,,,,,,,,,,,,,,,,,,,,,,,91.02,1.86,0.31,2.98,1.55,1.75,2.49,0.16,,18.12,2986.12,2.73,85.59,21.83,2.85
2012-10-26,,,,,,,,,,,,,,,,,,,,,,,91.1411,1.78,0.3,2.92,1.48,1.66,2.47,0.16,,17.81,2987.95,2.76,85.84,7.0,2.86
2012-10-27,,,,,,,,,,,,,,,,,,,,,,,,,,,,,,0.16,,,,,,51.94,
2012-10-28,,,,,,,,,,,,,,,,,,,,,,,,,,,,,,0.16,,,,,,60.07,
2012-10-29,,,,,,,,,,,,,,,,,,,,,,,,1.74,0.3,2.87,1.44,1.6,2.47,0.17,,,,2.75,85.52,178.68,2.85
2012-10-30,,,,,,,,,,,,,,,,,,,,,,,,,,,,,,0.17,,,,,85.65,45.95,
2012-10-31,,,,,,,,,,,,,,,,,,,,,,,91.1609,1.72,0.3,2.85,1.42,1.61,2.5,0.18,,18.6,2977.23,2.73,86.23,21.05,2.88
2012-11-01,10351.8,2441.2,2857640.0,231.249,231.33,222.933,0.16,0.713,134825.0,7.7,63.6,13315.7,11178.4,8.7,173.61801332065474,208.19,126.06981088005772,0.127,248.819,833.0,917.0,0.06,91.1217,1.75,0.3,2.89,1.45,1.66,2.52,0.17,,16.69,3020.06,2.75,87.05,10.88,2.91
2012-11-02,,,,,,,,,,,,,,,,,,,,,,,91.281,1.75,0.28,2.91,1.47,1.66,2.48,0.16,,17.59,2982.13,2.77,84.9,34.91,2.84
2012-11-03,,,,,,,,,,,,,,,,,,,,,,,,,,,,,,0.16,,,,,,89.75,
2012-11-04,,,,,,,,,,,,,,,,,,,,,,,,,,,,,,0.16,,,,,,81.16,
2012-11-05,,,,,,,,,,,,,,,,,,,,,,,91.4778,1.72,0.28,2.88,1.44,1.61,2.47,0.17,,18.42,2999.66,2.74,85.64,307.3,2.87
2012-11-06,,,,,,,,,,,,,,,,,,,,,,,91.2908,1.78,0.3,2.92,1.48,1.68,2.5,0.16,,17.58,3011.93,2.74,88.62,295.77,2.88
2012-11-07,,,,,,,,,,,,,,,,,,,,,,,91.4514,1.68,0.27,2.83,1.41,1.58,2.48,0.16,,19.08,2937.29,2.78,84.5,139.71,2.88
2012-11-08,,,,,,,,,,,,,,,,,,,,,,,91.5375,1.62,0.27,2.77,1.35,1.52,2.47,0.16,,18.49,2895.58,2.8,85.07,22.21,2.87
2012-11-09,,,,,,,,,,,,,,,,,,,,,,,91.6871,1.61,0.27,2.75,1.34,1.52,2.44,0.16,,18.61,2904.87,2.82,86.08,21.26,2.83
2012-11-10,,,,,,,,,,,,,,,,,,,,,,,,,,,,,,0.16,,,,,,62.21,
2012-11-11,,,,,,,,,,,,,,,,,,,,,,,,,,,,,,0.16,,,,,,36.64,
2012-11-12,,,,,,,,,,,,,,,,,,,,,,,,,,,,,,0.16,,16.68,2904.26,,85.56,48.27,
2012-11-13,,,,,,,,,,,,,,,,,,,,,,,91.7356,1.59,0.27,2.72,1.32,1.48,2.43,0.16,,16.65,2883.89,2.85,85.38,98.17,2.82
2012-11-14,,,,,,,,,,,,,,,,,,,,,,,91.7942,1.59,0.25,2.73,1.34,1.49,2.4,0.16,,17.92,2846.81,2.87,86.32,81.04,2.78
2012-11-15,,,,,,,,,,,,,,,,,,,,,,,91.8837,1.58,0.24,2.72,1.34,1.5,2.38,0.16,,17.99,2836.94,2.9,85.45,74.05,2.76
2012-11-16,,,,,,,,,,,,,,,,,,,,,,,92.0095,1.58,0.24,2.73,1.34,1.52,2.39,0.16,,16.41,2853.13,2.9,86.62,6.91,2.77
2012-11-17,,,,,,,,,,,,,,,,,,,,,,,,,,,,,,0.16,,,,,,86.47,
2012-11-18,,,,,,,,,,,,,,,,,,,,,,,,,,,,,,0.16,,,,,,34.71,
2012-11-19,,,,,,,,,,,,,,,,,,,,,,,91.5653,1.61,0.25,2.76,1.36,1.52,2.39,0.16,,15.24,2916.07,2.91,89.05,59.38,2.75
2012-11-20,,,,,,,,,,,,,,,,,,,,,,,91.556,1.66,0.27,2.82,1.39,1.58,2.4,0.16,,15.08,2916.68,2.9,86.46,8.87,2.75
2012-11-21,,,,,,,,,,,,,,,,,,,,,,,91.6645,1.69,0.27,2.83,1.42,1.59,2.4,0.16,,15.31,2926.55,2.89,87.08,6.77,2.75
2012-11-22,,,,,,,,,,,,,,,,,,,,,,,,,,,,,,0.16,,,,,,15.96,
2012-11-23,,,,,,,,,,,,,,,,,,,,,,,91.2616,1.7,0.29,2.83,1.41,1.6,2.42,0.16,,15.14,2966.85,2.89,87.01,35.82,2.78
2012-11-24,,,,,,,,,,,,,,,,,,,,,,,,,,,,,,0.16,,,,,,122.21,
2012-11-25,,,,,,,,,,,,,,,,,,,,,,,,,,,,,,0.16,,,,,,401.59,
2012-11-26,,,,,,,,,,,,,,,,,,,,,,,91.2789,1.66,0.27,2.8,1.39,1.56,2.39,0.16,,15.5,2976.78,2.9,87.28,153.98,2.74
2012-11-27,,,,,,,,,,,,,,,,,,,,,,,91.2608,1.64,0.27,2.79,1.37,1.54,2.38,0.16,,15.92,2967.79,2.91,86.81,36.58,2.74
2012-11-28,,,,,,,,,,,,,,,,,,,,,,,91.33,1.63,0.27,2.79,1.36,1.53,2.38,0.16,,15.51,2991.78,2.91,86.1,77.08,2.77
2012-11-29,,,,,,,,,,,,,,,,,,,,,,,91.2104,1.62,0.25,2.79,1.37,1.53,2.4,0.16,,15.06,3012.03,2.95,87.64,158.3,2.8
2012-11-30,,,,,,,,,,,,,,,,,,,,,,,91.1038,1.62,0.25,2.81,1.37,1.54,2.41,0.16,,15.87,3010.24,2.95,88.54,22.01,2.81
2012-12-01,10474.4,2460.7,2901150.0,231.221,231.725,222.724,0.16,0.7809999999999999,135074.0,7.9,63.7,13642.7,11181.2,10.9,168.38468858260214,211.77,104.01222595943538,0.127,244.708,976.0,941.0,0.08,,,,,,,,0.16,,,,,,43.93,
2012-12-02,,,,,,,,,,,,,,,,,,,,,,,,,,,,,,0.16,,,,,,28.02,
2012-12-03,,,,,,,,,,,,,,,,,,,,,,,91.0084,1.63,0.25,2.8,1.38,1.53,2.44,0.16,,16.64,3002.2,2.95,88.69,60.22,2.84
2012-12-04,,,,,,,,,,,,,,,,,,,,,,,90.9748,1.62,0.25,2.78,1.37,1.52,2.45,0.17,,17.12,2996.69,2.94,88.04,9.13,2.86
2012-12-05,,,,,,,,,,,,,,,,,,,,,,,90.9423,1.6,0.25,2.78,1.35,1.5,2.45,0.16,,16.46,2973.7,2.97,87.36,20.52,2.84
2012-12-06,,,,,,,,,,,,,,,,,,,,,,,91.0629,1.59,0.25,2.76,1.34,1.49,2.46,0.16,,16.58,2989.27,2.96,85.47,11.34,2.86
2012-12-07,,,,,,,,,,,,,,,,,,,,,,,91.0437,1.64,0.25,2.81,1.39,1.55,2.5,0.16,,15.9,2978.04,2.96,85.45,7.17,2.9
2012-12-08,,,,,,,,,,,,,,,,,,,,,,,,,,,,,,0.16,,,,,,56.7,
2012-12-09,,,,,,,,,,,,,,,,,,,,,,,,,,,,,,0.16,,,,,,65.76,
2012-12-10,,,,,,,,,,,,,,,,,,,,,,,90.9631,1.63,0.24,2.8,1.39,1.54,2.5,0.16,,16.05,2986.96,2.95,85.14,12.12,2.95
2012-12-11,,,,,,,,,,,,,,,,,,,,,,,90.8403,1.66,0.24,2.83,1.42,1.58,2.5,0.17,,15.57,3022.3,2.95,85.36,55.35,2.93
2012-12-12,,,,,,,,,,,,,,,,,,,,,,,90.7708,1.72,0.25,2.9,1.47,1.65,2.51,0.17,,15.95,3013.81,2.94,86.35,34.73,2.9
2012-12-13,,,,,,,,,,,,,,,,,,,,,,,90.776,1.74,0.27,2.9,1.47,1.68,2.47,0.16,,16.56,2992.16,2.92,85.39,5.85,2.82
2012-12-14,,,,,,,,,,,,,,,,,,,,,,,90.7156,1.72,0.24,2.87,1.48,1.68,2.46,0.17,,17.0,2971.33,2.9,86.32,22.47,2.81
2012-12-15,,,,,,,,,,,,,,,,,,,,,,,,,,,,,,0.17,,,,,,151.65,
2012-12-16,,,,,,,,,,,,,,,,,,,,,,,,,,,,,,0.17,,,,,,28.58,
2012-12-17,,,,,,,,,,,,,,,,,,,,,,,90.6193,1.78,0.25,2.94,1.53,1.73,2.48,0.16,,16.34,3010.6,2.9,86.71,11.88,2.85
2012-12-18,,,,,,,,,,,,,,,,,,,,,,,90.5161,1.84,0.28,3.0,1.56,1.78,2.51,0.17,,15.57,3054.53,2.92,87.46,9.44,2.88
2012-12-19,,,,,,,,,,,,,,,,,,,,,,,90.4896,1.82,0.28,2.99,1.54,1.77,2.48,0.17,,17.36,3044.36,2.89,89.09,27.9,2.83
2012-12-20,,,,,,,,,,,,,,,,,,,,,,,90.6002,1.81,0.28,2.98,1.53,1.75,2.5,0.17,,17.67,3050.39,2.89,89.76,73.43,2.84
2012-12-21,,,,,,,,,,,,,,,,,,,,,,,90.9597,1.77,0.26,2.93,1.51,1.71,2.48,0.17,,17.84,3021.01,2.86,88.2,15.48,2.86
2012-12-22,,,,,,,,,,,,,,,,,,,,,,,,,,,,,,0.17,,,,,,86.75,
2012-12-23,,,,,,,,,,,,,,,,,,,,,,,,,,,,,,0.17,,,,,,63.64,
2012-12-24,,,,,,,,,,,,,,,,,,,,,,,91.0354,1.79,0.26,2.94,1.53,1.73,2.48,0.18,,17.84,3012.6,2.86,88.29,72.18,2.83
2012-12-25,,,,,,,,,,,,,,,,,,,,,,,,,,,,,,0.18,,,,,,226.67,
2012-12-26,,,,,,,,,,,,,,,,,,,,,,,91.0606,1.77,0.26,2.94,1.51,1.68,2.48,0.17,,19.48,2990.16,2.87,90.71,46.81,2.85
2012-12-27,,,,,,,,,,,,,,,,,,,,,,,91.1037,1.74,0.26,2.89,1.48,1.66,2.47,0.17,,19.47,2985.91,2.84,90.91,71.81,2.83
2012-12-28,,,,,,,,,,,,,,,,,,,,,,,91.0419,1.73,0.27,2.88,1.46,1.72,2.46,0.17,,22.72,2960.31,2.85,90.66,68.49,2.86
2012-12-29,,,,,,,,,,,,,,,,,,,,,,,,,,,,,,0.17,,,,,,323.98,
2012-12-30,,,,,,,,,,,,,,,,,,,,,,,,,,,,,,0.17,,,,,,160.42,
2012-12-31,,,,,,,,,,,,,,,,,,,,,,,91.0834,1.78,0.25,2.95,1.53,1.73,2.45,0.09,,18.02,3019.51,2.85,91.83,205.1,2.81
2013-01-01,10497.6,2476.7,2966026.0,231.679,232.229,223.172,0.14,0.775,135257.0,8.0,63.7,12845.5,11252.4,4.9,167.77157782028715,204.0,97.48262089011575,0.129,245.025,888.0,940.0,0.12,,,,,,,,0.09,,,,,,191.99,
2013-01-02,,,,,,,,,,,,,,,,,,,,,,,90.6941,1.86,0.27,3.04,1.59,1.78,2.48,0.17,,14.68,3112.26,2.85,93.14,151.38,2.84
2013-01-03,,,,,,,,,,,,,,,,,,,,,,,90.8097,1.92,0.27,3.12,1.65,1.84,2.46,0.17,,14.56,3100.57,2.84,92.97,78.61,2.81
2013-01-04,,,,,,,,,,,,,,,,,,,,,,,91.1025,1.93,0.27,3.1,1.66,1.86,2.48,0.16,,13.83,3101.66,2.81,93.12,15.12,2.83
2013-01-05,,,,,,,,,,,,,,,,,,,,,,,,,,,,,,0.16,,,,,,117.13,
2013-01-06,,,,,,,,,,,,,,,,,,,,,,,,,,,,,,0.16,,,,,,108.72,
2013-01-07,,,,,,,,,,,,,,,,,,,,,,,90.9852,1.92,0.27,3.1,1.65,1.85,2.52,0.16,,13.79,3098.81,2.8,93.2,49.07,2.88
2013-01-08,,,,,,,,,,,,,,,,,,,,,,,91.057,1.89,0.25,3.06,1.64,1.82,2.49,0.15,,13.62,3091.81,2.81,93.21,63.43,2.83
2013-01-09,,,,,,,,,,,,,,,,,,,,,,,91.0088,1.88,0.24,3.06,1.64,1.82,2.52,0.14,,13.81,3105.81,2.81,93.08,35.12,2.86
2013-01-10,,,,,,,,,,,,,,,,,,,,,,,90.6425,1.91,0.26,3.08,1.65,1.85,2.53,0.14,,13.49,3121.76,2.8,93.81,11.55,2.86
2013-01-11,,,,,,,,,,,,,,,,,,,,,,,90.5352,1.89,0.26,3.05,1.63,1.82,2.52,0.14,,13.36,3125.63,2.8,93.6,7.46,2.86
2013-01-12,,,,,,,,,,,,,,,,,,,,,,,,,,,,,,0.14,,,,,,78.3,
2013-01-13,,,,,,,,,,,,,,,,,,,,,,,,,,,,,,0.14,,,,,,19.0,
2013-01-14,,,,,,,,,,,,,,,,,,,,,,,90.4935,1.89,0.26,3.05,1.63,1.81,2.55,0.14,,13.52,3117.5,2.8,94.27,24.14,2.98
2013-01-15,,,,,,,,,,,,,,,,,,,,,,,90.5191,1.86,0.26,3.02,1.6,1.77,2.52,0.15,,13.55,3110.78,2.81,93.26,44.85,2.84
2013-01-16,,,,,,,,,,,,,,,,,,,,,,,90.596,1.84,0.26,3.01,1.58,1.76,2.49,0.14,,13.42,3117.54,2.84,94.28,55.68,2.8
2013-01-17,,,,,,,,,,,,,,,,,,,,,,,90.5401,1.89,0.28,3.06,1.61,1.82,2.53,0.14,,13.57,3136.0,2.84,95.49,5.68,2.87
2013-01-18,,,,,,,,,,,,,,,,,,,,,,,90.8697,1.87,0.26,3.03,1.61,1.79,2.53,0.14,,12.46,3134.71,2.82,95.61,14.79,2.86
2013-01-19,,,,,,,,,,,,,,,,,,,,,,,,,,,,,,0.14,,,,,,32.92,
2013-01-20,,,,,,,,,,,,,,,,,,,,,,,,,,,,,,0.14,,,,,,28.58,
2013-01-21,,,,,,,,,,,,,,,,,,,,,,,,,,,,,,0.14,,,,,,50.56,
2013-01-22,,,,,,,,,,,,,,,,,,,,,,,90.7892,1.86,0.26,3.02,1.6,1.78,2.54,0.14,,12.43,3143.18,2.82,96.09,47.11,2.93
2013-01-23,,,,,,,,,,,,,,,,,,,,,,,90.8376,1.86,0.26,3.02,1.6,1.78,2.52,0.13,,12.46,3153.67,2.83,95.06,20.77,2.83
2013-01-24,,,,,,,,,,,,,,,,,,,,,,,90.9112,1.88,0.23,3.04,1.65,1.8,2.5,0.15,,12.69,3130.38,2.82,95.35,22.73,2.78
2013-01-25,,,,,,,,,,,,,,,,,,,,,,,91.0868,1.98,0.28,3.14,1.7,1.9,2.54,0.14,,12.89,3149.71,2.82,95.15,14.13,2.87
2013-01-26,,,,,,,,,,,,,,,,,,,,,,,,,,,,,,0.14,,,,,,44.47,
2013-01-27,,,,,,,,,,,,,,,,,,,,,,,,,,,,,,0.14,,,,,,56.31,
2013-01-28,,,,,,,,,,,,,,,,,,,,,,,91.2354,2.0,0.29,3.15,1.71,1.93,2.55,0.14,,13.57,3154.3,2.82,95.95,49.26,2.86
2013-01-29,,,,,,,,,,,,,,,,,,,,,,,90.9406,2.03,0.3,3.18,1.73,1.96,2.56,0.12,,13.31,3153.66,2.81,97.62,61.48,2.85
2013-01-30,,,,,,,,,,,,,,,,,,,,,,,90.8836,2.03,0.27,3.19,1.76,1.96,2.57,0.12,,14.32,3142.31,2.84,97.98,206.48,2.88
2013-01-31,,,,,,,,,,,,,,,,,,,,,,,90.798,2.02,0.27,3.17,1.75,1.95,2.59,0.15,,14.28,3142.13,2.82,97.65,50.56,2.85
2013-02-01,10516.6,2468.9,3068738.0,232.937,232.569,224.713,0.15,0.669,135545.0,7.7,63.4,12813.9,11290.5,4.7,125.4416799017944,145.21,77.29902954089897,0.129,255.696,962.0,980.0,0.2,90.6923,2.04,0.27,3.21,1.77,1.98,2.59,0.14,,12.9,3179.1,2.84,97.46,42.6,2.84
2013-02-02,,,,,,,,,,,,,,,,,,,,,,,,,,,,,,0.14,,,,,,65.16,
2013-02-03,,,,,,,,,,,,,,,,,,,,,,,,,,,,,,0.14,,,,,,94.03,
2013-02-04,,,,,,,,,,,,,,,,,,,,,,,90.9774,2.0,0.25,3.17,1.75,1.93,2.59,0.13,,14.67,3131.17,2.85,96.21,36.76,2.86
2013-02-05,,,,,,,,,,,,,,,,,,,,,,,90.881,2.04,0.27,3.21,1.77,1.97,2.59,0.13,,13.72,3171.58,2.85,96.68,35.49,2.86
2013-02-06,,,,,,,,,,,,,,,,,,,,,,,91.0176,2.0,0.27,3.18,1.73,1.93,2.58,0.13,,13.41,3168.48,2.86,96.44,33.71,2.84
2013-02-07,,,,,,,,,,,,,,,,,,,,,,,91.2912,1.99,0.25,3.17,1.74,1.92,2.57,0.13,,13.5,3165.13,2.85,95.84,44.75,2.85
2013-02-08,,,,,,,,,,,,,,,,,,,,,,,91.3056,1.99,0.25,3.17,1.74,1.92,2.56,0.14,,13.02,3193.87,2.86,95.71,14.04,2.91
2013-02-09,,,,,,,,,,,,,,,,,,,,,,,,,,,,,,0.14,,,,,,10.93,
2013-02-10,,,,,,,,,,,,,,,,,,,,,,,,,,,,,,0.14,,,,,,46.02,
2013-02-11,,,,,,,,,,,,,,,,,,,,,,,91.4451,1.99,0.27,3.16,1.72,1.9,2.57,0.14,,12.94,3192.0,2.84,97.01,58.62,2.88
2013-02-12,,,,,,,,,,,,,,,,,,,,,,,91.2779,2.02,0.29,3.19,1.73,1.93,2.59,0.13,,12.64,3186.49,2.85,97.48,8.72,2.98
2013-02-13,,,,,,,,,,,,,,,,,,,,,,,91.2709,2.05,0.29,3.23,1.76,1.95,2.59,0.14,,12.98,3196.88,2.84,97.03,54.78,2.92
2013-02-14,,,,,,,,,,,,,,,,,,,,,,,91.366,2.0,0.27,3.17,1.73,1.89,2.56,0.14,,12.66,3198.66,2.85,97.3,34.5,2.9
2013-02-15,,,,,,,,,,,,,,,,,,,,,,,91.4551,2.01,0.29,3.18,1.72,1.91,2.54,0.16,,12.46,3192.03,2.85,95.95,14.68,2.89
2013-02-16,,,,,,,,,,,,,,,,,,,,,,,,,,,,,,0.16,,,,,,11.11,
2013-02-17,,,,,,,,,,,,,,,,,,,,,,,,,,,,,,0.16,,,,,,36.65,
2013-02-18,,,,,,,,,,,,,,,,,,,,,,,,,,,,,,0.16,,,,,,111.43,
2013-02-19,,,,,,,,,,,,,,,,,,,,,,,91.5073,2.03,0.29,3.21,1.74,1.91,2.55,0.15,,12.31,3213.59,2.86,96.69,27.24,2.9
2013-02-20,,,,,,,,,,,,,,,,,,,,,,,91.6689,2.02,0.27,3.2,1.75,1.9,2.54,0.15,,14.68,3164.41,2.87,94.92,13.58,2.89
2013-02-21,,,,,,,,,,,,,,,,,,,,,,,92.0394,1.99,0.26,3.17,1.73,1.86,2.53,0.16,,15.22,3131.49,2.87,92.79,38.23,2.87
2013-02-22,,,,,,,,,,,,,,,,,,,,,,,92.1197,1.97,0.27,3.15,1.7,1.84,2.54,0.16,,14.17,3161.82,2.87,93.12,7.2,2.88
2013-02-23,,,,,,,,,,,,,,,,,,,,,,,,,,,,,,0.16,,,,,,10.76,
2013-02-24,,,,,,,,,,,,,,,,,,,,,,,,,,,,,,0.16,,,,,,18.07,
2013-02-25,,,,,,,,,,,,,,,,,,,,,,,92.1975,1.88,0.25,3.08,1.63,1.76,2.5,0.15,,18.99,3116.25,2.89,92.74,35.08,2.81
2013-02-26,,,,,,,,,,,,,,,,,,,,,,,92.4247,1.88,0.25,3.08,1.63,1.74,2.5,0.14,,16.87,3129.65,2.9,92.63,43.21,2.82
2013-02-27,,,,,,,,,,,,,,,,,,,,,,,92.234,1.91,0.27,3.11,1.64,1.8,2.52,0.14,,14.73,3162.26,2.9,92.84,33.48,2.86
2013-02-28,,,,,,,,,,,,,,,,,,,,,,,92.295,1.89,0.25,3.1,1.64,1.78,2.53,0.14,,15.51,3160.19,2.89,92.03,39.44,2.88
2013-03-01,10572.9,2476.3,3170836.0,232.282,232.794,223.612,0.14,0.492,135689.0,7.5,63.3,12852.1,11290.1,4.8,141.44328391361603,137.83,74.67810941789031,0.128,246.595,1010.0,936.0,0.12,92.6177,1.86,0.25,3.06,1.61,1.75,2.53,0.14,,15.36,3169.74,2.9,90.71,14.06,2.86
2013-03-02,,,,,,,,,,,,,,,,,,,,,,,,,,,,,,0.14,,,,,,90.46,
2013-03-03,,,,,,,,,,,,,,,,,,,,,,,,,,,,,,0.14,,,,,,38.07,
2013-03-04,,,,,,,,,,,,,,,,,,,,,,,92.6316,1.88,0.24,3.08,1.64,1.77,2.53,0.16,,14.01,3182.03,2.9,90.13,45.62,2.84
2013-03-05,,,,,,,,,,,,,,,,,,,,,,,92.4965,1.9,0.25,3.1,1.65,1.82,2.55,0.15,,13.48,3224.13,2.9,90.88,59.15,2.84
2013-03-06,,,,,,,,,,,,,,,,,,,,,,,,1.95,0.25,3.15,1.7,1.85,2.56,0.15,,13.53,3222.37,2.89,90.47,123.54,2.85
2013-03-07,,,,,,,,,,,,,,,,,,,,,,,92.5462,2.0,0.25,3.2,1.75,1.9,2.56,0.16,,13.06,3232.09,2.89,91.53,60.4,2.9
2013-03-08,,,,,,,,,,,,,,,,,,,,,,,92.6252,2.06,0.27,3.25,1.79,1.96,2.56,0.15,,12.59,3244.37,2.88,92.01,64.71,2.94
2013-03-09,,,,,,,,,,,,,,,,,,,,,,,,,,,,,,0.15,,,,,,274.11,
2013-03-10,,,,,,,,,,,,,,,,,,,,,,,,,,,,,,0.15,,,,,,65.84,
2013-03-11,,,,,,,,,,,,,,,,,,,,,,,92.5351,2.07,0.27,3.26,1.8,1.97,2.57,0.16,,11.56,3252.87,2.87,92.07,71.17,2.86
2013-03-12,,,,,,,,,,,,,,,,,,,,,,,92.3853,2.03,0.27,3.22,1.76,1.93,2.55,0.15,,12.27,3242.32,2.87,92.44,60.33,2.83
2013-03-13,,,,,,,,,,,,,,,,,,,,,,,92.4709,2.04,0.27,3.22,1.77,1.95,2.56,0.14,,11.83,3245.12,2.85,92.47,95.48,2.83
2013-03-14,,,,,,,,,,,,,,,,,,,,,,,92.4695,2.04,0.27,3.25,1.77,1.94,2.57,0.15,,11.3,3258.93,2.88,93.03,133.07,2.83
2013-03-15,,,,,,,,,,,,,,,,,,,,,,,92.128,2.01,0.25,3.22,1.76,1.92,2.56,0.16,,11.3,3249.07,2.89,93.49,65.61,2.82
2013-03-16,,,,,,,,,,,,,,,,,,,,,,,,,,,,,,0.16,,,,,,33.7,
2013-03-17,,,,,,,,,,,,,,,,,,,,,,,,,,,,,,0.16,,,,,,47.56,
2013-03-18,,,,,,,,,,,,,,,,,,,,,,,92.3377,1.96,0.26,3.18,1.7,1.89,2.56,0.16,,13.36,3237.59,2.91,93.71,81.84,2.86
2013-03-19,,,,,,,,,,,,,,,,,,,,,,,92.526,1.92,0.24,3.13,1.68,1.85,2.53,0.15,,14.39,3229.1,2.9,92.44,52.74,2.81
2013-03-20,,,,,,,,,,,,,,,,,,,,,,,92.4141,1.96,0.26,3.19,1.7,1.89,2.53,0.15,,12.67,3254.19,2.9,93.21,62.21,2.81
2013-03-21,,,,,,,,,,,,,,,,,,,,,,,92.3322,1.95,0.27,3.15,1.68,1.88,2.52,0.16,,13.99,3222.6,2.9,92.46,196.6,2.82
2013-03-22,,,,,,,,,,,,,,,,,,,,,,,92.2051,1.93,0.26,3.13,1.67,1.86,2.53,0.15,,13.57,3245.0,2.9,93.41,36.54,2.83
2013-03-23,,,,,,,,,,,,,,,,,,,,,,,,,,,,,,0.15,,,,,,11.5,
2013-03-24,,,,,,,,,,,,,,,,,,,,,,,,,,,,,,0.15,,,,,,29.2,
2013-03-25,,,,,,,,,,,,,,,,,,,,,,,92.3081,1.93,0.24,3.14,1.69,1.85,2.53,0.15,,13.74,3235.3,2.91,94.55,108.19,2.82
2013-03-26,,,,,,,,,,,,,,,,,,,,,,,92.232,1.92,0.25,3.13,1.67,1.85,2.53,0.14,,12.77,3252.48,2.91,95.99,45.61,2.85
2013-03-27,,,,,,,,,,,,,,,,,,,,,,,92.446,1.87,0.25,3.09,1.62,1.78,2.51,0.12,,13.15,3256.52,2.93,96.53,56.34,2.8
2013-03-28,,,,,,,,,,,,,,,,,,,,,,,92.2544,1.87,0.25,3.1,1.62,1.8,2.51,0.13,,12.7,3267.52,2.96,97.24,34.81,2.78
2013-03-29,,,,,,,,,,,,,,,,,,,,,,,92.302,,,,,,,0.09,,,,,,30.73,
2013-03-30,,,,,,,,,,,,,,,,,,,,,,,,,,,,,,0.09,,,,,,24.16,
2013-03-31,,,,,,,,,,,,,,,,,,,,,,,,,,,,,,0.09,,,,,,29.59,
2013-04-01,10600.4,2504.9,3264238.0,231.797,232.832,222.732,0.15,0.589,135873.0,7.6,63.4,12893.4,11281.1,5.1,133.47056707724488,89.17,34.016665274439994,0.128,240.473,835.0,1012.0,0.12,92.1687,1.86,0.23,3.08,1.63,1.78,2.51,0.16,,13.58,3239.17,2.91,97.1,74.55,2.79
2013-04-02,,,,,,,,,,,,,,,,,,,,,,,92.1432,1.88,0.25,3.1,1.63,1.81,2.51,0.15,,12.78,3254.86,2.91,97.23,36.17,2.8
2013-04-03,,,,,,,,,,,,,,,,,,,,,,,92.104,1.83,0.24,3.05,1.59,1.77,2.48,0.14,,14.21,3218.6,2.91,95.02,7.03,2.78
2013-04-04,,,,,,,,,,,,,,,,,,,,,,,92.3896,1.78,0.22,2.99,1.56,1.71,2.48,0.14,,13.89,3224.98,2.88,93.26,34.69,2.83
2013-04-05,,,,,,,,,,,,,,,,,,,,,,,92.1043,1.72,0.24,2.87,1.48,1.65,2.46,0.15,,13.92,3203.86,2.82,92.76,37.13,2.82
2013-04-06,,,,,,,,,,,,,,,,,,,,,,,,,,,,,,0.15,,,,,,22.74,
2013-04-07,,,,,,,,,,,,,,,,,,,,,,,,,,,,,,0.15,,,,,,19.08,
2013-04-08,,,,,,,,,,,,,,,,,,,,,,,92.2317,1.76,0.24,2.91,1.52,1.69,2.45,0.15,,13.19,3222.25,2.82,93.36,60.05,2.76
2013-04-09,,,,,,,,,,,,,,,,,,,,,,,91.9669,1.78,0.24,2.94,1.54,1.72,2.45,0.15,,12.84,3237.86,2.82,94.18,45.24,2.84
2013-04-10,,,,,,,,,,,,,,,,,,,,,,,91.9598,1.84,0.24,3.01,1.6,1.77,2.44,0.15,,12.36,3297.25,2.83,94.59,48.74,2.78
2013-04-11,,,,,,,,,,,,,,,,,,,,,,,91.6972,1.82,0.24,3.01,1.58,1.75,2.47,0.15,,12.24,3300.16,2.84,93.44,11.16,2.82
2013-04-12,,,,,,,,,,,,,,,,,,,,,,,91.7967,1.75,0.22,2.92,1.53,1.69,2.43,0.15,,12.06,3294.95,2.82,91.23,14.96,2.75
2013-04-13,,,,,,,,,,,,,,,,,,,,,,,,,,,,,,0.15,,,,,,11.66,
2013-04-14,,,,,,,,,,,,,,,,,,,,,,,,,,,,,,0.15,,,,,,19.41,
2013-04-15,,,,,,,,,,,,,,,,,,,,,,,91.9457,1.72,0.22,2.88,1.5,1.66,2.41,0.15,,17.27,3216.49,2.82,88.75,36.49,2.8
2013-04-16,,,,,,,,,,,,,,,,,,,,,,,91.8451,1.75,0.24,2.91,1.51,1.69,2.4,0.15,,13.96,3264.63,2.81,88.73,8.93,2.78
2013-04-17,,,,,,,,,,,,,,,,,,,,,,,92.1372,1.73,0.24,2.89,1.49,1.67,2.37,0.15,,16.51,3204.67,2.81,86.65,28.44,2.76
2013-04-18,,,,,,,,,,,,,,,,,,,,,,,92.176,1.72,0.24,2.87,1.48,1.67,2.27,0.15,,17.56,3166.36,2.8,87.83,22.41,2.54
2013-04-19,,,,,,,,,,,,,,,,,,,,,,,92.2166,1.73,0.24,2.88,1.49,1.68,2.32,0.15,,14.97,3206.06,2.81,88.04,7.55,2.6
2013-04-20,,,,,,,,,,,,,,,,,,,,,,,,,,,,,,0.15,,,,,,11.56,
2013-04-21,,,,,,,,,,,,,,,,,,,,,,,,,,,,,,0.15,,,,,,48.06,
2013-04-22,,,,,,,,,,,,,,,,,,,,,,,92.3591,1.72,0.24,2.88,1.48,1.67,2.35,0.15,,14.39,3233.55,2.82,88.81,12.13,2.66
2013-04-23,,,,,,,,,,,,,,,,,,,,,,,92.3836,1.74,0.23,2.9,1.51,1.69,2.38,0.14,,13.48,3269.33,2.8,89.21,8.89,2.72
2013-04-24,,,,,,,,,,,,,,,,,,,,,,,92.4581,1.73,0.23,2.89,1.5,1.67,2.38,0.13,,13.61,3269.65,2.8,91.07,6.91,2.69
2013-04-25,,,,,,,,,,,,,,,,,,,,,,,92.0394,1.74,0.23,2.91,1.51,1.69,2.4,0.13,,13.62,3289.99,2.81,93.27,5.57,2.68
2013-04-26,,,,,,,,,,,,,,,,,,,,,,,91.9012,1.7,0.22,2.87,1.48,1.65,2.38,0.13,,13.61,3279.26,2.81,92.63,7.33,2.65
2013-04-27,,,,,,,,,,,,,,,,,,,,,,,,,,,,,,0.13,,,,,,11.22,
2013-04-28,,,,,,,,,,,,,,,,,,,,,,,,,,,,,,0.13,,,,,,48.96,
2013-04-29,,,,,,,,,,,,,,,,,,,,,,,91.6539,1.7,0.2,2.88,1.5,1.65,2.37,0.13,,13.71,3307.02,2.82,94.09,12.24,2.64
2013-04-30,,,,,,,,,,,,,,,,,,,,,,,91.3741,1.7,0.22,2.88,1.48,1.65,2.34,0.14,,13.52,3328.79,2.83,93.22,8.92,2.62
2013-05-01,10634.7,2523.5,3355984.0,231.893,232.996,222.636,0.11,0.879,136095.0,7.5,63.4,12954.2,11321.6,5.3,106.18546556698102,78.38,35.08108827374346,0.131,240.468,930.0,1003.0,0.12,91.4331,1.66,0.2,2.83,1.46,1.6,2.3,0.14,,14.49,3299.13,2.82,90.74,6.95,2.62
2013-05-02,,,,,,,,,,,,,,,,,,,,,,,91.6174,1.66,0.2,2.82,1.46,1.61,2.28,0.15,,13.59,3340.62,2.81,93.7,11.39,2.57
2013-05-03,,,,,,,,,,,,,,,,,,,,,,,91.5087,1.78,0.22,2.96,1.56,1.73,2.31,0.14,,12.85,3378.63,2.82,95.25,29.62,2.59
2013-05-04,,,,,,,,,,,,,,,,,,,,,,,,,,,,,,0.14,,,,,,34.13,
2013-05-05,,,,,,,,,,,,,,,,,,,,,,,,,,,,,,0.14,,,,,,19.36,
2013-05-06,,,,,,,,,,,,,,,,,,,,,,,91.6387,1.8,0.22,2.98,1.58,1.76,2.31,0.14,,12.66,3392.97,2.83,95.8,24.11,2.57
2013-05-07,,,,,,,,,,,,,,,,,,,,,,,91.5201,1.82,0.22,3.0,1.6,1.78,2.32,0.12,,12.83,3396.63,2.82,95.28,8.77,2.59
2013-05-08,,,,,,,,,,,,,,,,,,,,,,,91.1848,1.81,0.22,2.99,1.59,1.77,2.29,0.12,,12.66,3413.27,2.8,96.24,6.88,2.55
2013-05-09,,,,,,,,,,,,,,,,,,,,,,,91.3036,1.81,0.22,3.01,1.59,1.77,2.31,0.12,,13.13,3409.17,2.82,96.09,6.08,2.6
2013-05-10,,,,,,,,,,,,,,,,,,,,,,,92.2527,1.9,0.26,3.1,1.64,1.86,2.35,0.12,,12.59,3436.58,2.82,95.81,7.42,2.65
2013-05-11,,,,,,,,,,,,,,,,,,,,,,,,,,,,,,0.12,,,,,,91.47,
2013-05-12,,,,,,,,,,,,,,,,,,,,,,,,,,,,,,0.12,,,,,,48.87,
2013-05-13,,,,,,,,,,,,,,,,,,,,,,,92.2711,1.92,0.24,3.13,1.68,1.87,2.33,0.12,,12.55,3438.79,2.81,94.76,49.45,2.64
2013-05-14,,,,,,,,,,,,,,,,,,,,,,,92.3697,1.96,0.26,3.17,1.7,1.91,2.33,0.11,,12.77,3462.61,2.81,93.96,17.89,2.63
2013-05-15,,,,,,,,,,,,,,,,,,,,,,,92.7691,1.94,0.26,3.16,1.68,1.9,2.3,0.12,,12.81,3471.62,2.82,93.95,13.85,2.59
2013-05-16,,,,,,,,,,,,,,,,,,,,,,,92.6602,1.87,0.23,3.09,1.64,1.84,2.27,0.11,,13.07,3465.24,2.81,94.85,6.17,2.57
2013-05-17,,,,,,,,,,,,,,,,,,,,,,,93.1617,1.95,0.26,3.17,1.69,1.91,2.26,0.1,,12.45,3498.97,2.81,95.72,7.29,2.54
2013-05-18,,,,,,,,,,,,,,,,,,,,,,,,,,,,,,0.1,,,,,,122.95,
2013-05-19,,,,,,,,,,,,,,,,,,,,,,,,,,,,,,0.1,,,,,,48.6,
2013-05-20,,,,,,,,,,,,,,,,,,,,,,,93.0359,1.97,0.26,3.18,1.71,1.92,2.28,0.1,,13.02,3496.43,2.8,96.29,12.51,2.56
2013-05-21,,,,,,,,,,,,,,,,,,,,,,,92.9662,1.94,0.26,3.14,1.68,1.9,2.28,0.09,,13.37,3502.12,2.81,95.55,17.85,2.57
2013-05-22,,,,,,,,,,,,,,,,,,,,,,,93.3104,2.03,0.26,3.21,1.77,1.99,2.27,0.08,,13.82,3463.3,2.78,93.98,77.74,2.57
2013-05-23,,,,,,,,,,,,,,,,,,,,,,,93.2113,2.02,0.26,3.2,1.76,1.97,2.26,0.08,,14.07,3459.42,2.77,94.12,99.59,2.59
2013-05-24,,,,,,,,,,,,,,,,,,,,,,,93.2768,2.01,0.26,3.18,1.75,1.97,2.27,0.09,,13.99,3459.14,2.75,93.84,15.34,2.61
2013-05-25,,,,,,,,,,,,,,,,,,,,,,,,,,,,,,0.09,,,,,,11.97,
2013-05-26,,,,,,,,,,,,,,,,,,,,,,,,,,,,,,0.09,,,,,,9.9,
2013-05-27,,,,,,,,,,,,,,,,,,,,,,,,,,,,,,0.09,,,,,,17.61,
2013-05-28,,,,,,,,,,,,,,,,,,,,,,,93.5853,2.15,0.29,3.31,1.86,2.1,2.29,0.09,,14.48,3488.89,2.73,94.65,10.62,2.62
2013-05-29,,,,,,,,,,,,,,,,,,,,,,,93.531,2.13,0.3,3.27,1.83,2.08,2.23,0.08,,14.83,3467.52,2.75,93.13,7.34,2.55
2013-05-30,,,,,,,,,,,,,,,,,,,,,,,93.4219,2.13,0.31,3.28,1.82,2.09,2.18,0.08,,14.53,3491.3,2.77,93.57,12.73,2.53
2013-05-31,,,,,,,,,,,,,,,,,,,,,,,93.6076,2.16,0.3,3.3,1.86,2.12,2.21,0.09,,16.3,3455.91,2.79,91.93,15.26,2.55
2013-06-01,10692.3,2521.0,3440057.0,232.445,233.35,223.201,0.09,0.8220000000000001,136279.0,7.5,63.4,12955.7,11344.4,5.4,119.36312027248523,81.67,55.33706098550452,0.137,242.711,839.0,942.0,0.18,,,,,,,,0.09,,,,,,11.95,
2013-06-02,,,,,,,,,,,,,,,,,,,,,,,,,,,,,,0.09,,,,,,30.35,
2013-06-03,,,,,,,,,,,,,,,,,,,,,,,93.163,2.13,0.3,3.27,1.83,2.08,2.2,0.1,,16.28,3465.37,2.82,93.41,37.56,2.51
2013-06-04,,,,,,,,,,,,,,,,,,,,,,,93.3067,2.14,0.32,3.3,1.82,2.1,2.19,0.11,,16.27,3445.26,2.86,93.36,18.69,2.46
2013-06-05,,,,,,,,,,,,,,,,,,,,,,,93.275,2.1,0.3,3.25,1.8,2.05,2.16,0.09,,17.5,3401.48,2.89,93.66,28.8,2.44
2013-06-06,,,,,,,,,,,,,,,,,,,,,,,92.809,2.08,0.3,3.23,1.78,2.03,2.13,0.1,,16.63,3424.05,2.88,94.71,12.73,2.39
2013-06-07,,,,,,,,,,,,,,,,,,,,,,,92.6056,2.17,0.32,3.33,1.85,2.13,2.14,0.09,,15.14,3469.22,2.89,96.11,22.71,2.39
2013-06-08,,,,,,,,,,,,,,,,,,,,,,,,,,,,,,0.09,,,,,,36.35,
2013-06-09,,,,,,,,,,,,,,,,,,,,,,,,,,,,,,0.09,,,,,,29.99,
2013-06-10,,,,,,,,,,,,,,,,,,,,,,,92.973,2.22,0.32,3.36,1.9,2.17,2.11,0.09,,15.44,3473.77,2.89,95.82,12.58,2.37
2013-06-11,,,,,,,,,,,,,,,,,,,,,,,92.7996,2.2,0.34,3.33,1.86,2.15,2.07,0.09,,17.07,3436.95,2.91,95.5,28.73,2.31
2013-06-12,,,,,,,,,,,,,,,,,,,,,,,92.4775,2.25,0.34,3.37,1.91,2.2,2.04,0.08,,18.59,3400.43,2.91,95.98,58.8,2.27
2013-06-13,,,,,,,,,,,,,,,,,,,,,,,92.3449,2.19,0.32,3.33,1.87,2.14,2.04,0.09,,16.41,3445.37,2.92,96.66,24.17,2.28
2013-06-14,,,,,,,,,,,,,,,,,,,,,,,92.1886,2.14,0.29,3.28,1.85,2.09,2.05,0.1,,17.15,3423.56,2.93,97.83,24.42,2.28
2013-06-15,,,,,,,,,,,,,,,,,,,,,,,,,,,,,,0.1,,,,,,37.25,
2013-06-16,,,,,,,,,,,,,,,,,,,,,,,,,,,,,,0.1,,,,,,62.32,
2013-06-17,,,,,,,,,,,,,,,,,,,,,,,92.3332,2.19,0.27,3.35,1.92,2.14,2.04,0.11,,16.8,3452.13,2.93,97.86,77.72,2.28
2013-06-18,,,,,,,,,,,,,,,,,,,,,,,92.5432,2.2,0.27,3.34,1.93,2.15,2.06,0.12,,16.61,3482.18,2.92,98.46,56.49,2.28
2013-06-19,,,,,,,,,,,,,,,,,,,,,,,92.4755,2.33,0.31,3.41,2.02,2.28,2.04,0.1,,16.64,3443.2,2.87,98.24,15.05,2.25
2013-06-20,,,,,,,,,,,,,,,,,,,,,,,94.125,2.41,0.33,3.49,2.08,2.36,1.95,0.1,,20.49,3364.63,2.93,94.89,18.46,2.16
2013-06-21,,,,,,,,,,,,,,,,,,,,,,,94.4243,2.52,0.38,3.56,2.14,2.47,1.93,0.1,,18.9,3357.25,2.87,93.81,62.95,2.2
2013-06-22,,,,,,,,,,,,,,,,,,,,,,,,,,,,,,0.1,,,,,,12.56,
2013-06-23,,,,,,,,,,,,,,,,,,,,,,,,,,,,,,0.1,,,,,,41.33,
2013-06-24,,,,,,,,,,,,,,,,,,,,,,,94.5714,2.57,0.42,3.56,2.15,2.51,1.93,0.1,,20.11,3320.76,2.86,95.07,12.99,2.24
2013-06-25,,,,,,,,,,,,,,,,,,,,,,,94.3285,2.6,0.43,3.6,2.17,2.54,1.96,0.09,,18.47,3347.89,2.88,95.25,28.66,2.27
2013-06-26,,,,,,,,,,,,,,,,,,,,,,,94.3807,2.55,0.39,3.58,2.16,2.49,1.95,0.09,,17.21,3376.22,2.89,95.47,7.56,2.23
2013-06-27,,,,,,,,,,,,,,,,,,,,,,,94.2429,2.49,0.36,3.54,2.13,2.43,1.99,0.09,,16.86,3401.86,2.92,97.0,12.71,2.25
2013-06-28,,,,,,,,,,,,,,,,,,,,,,,94.3047,2.52,0.36,3.52,2.16,2.48,1.99,0.07,,16.86,3403.25,2.83,96.36,49.53,2.22
2013-06-29,,,,,,,,,,,,,,,,,,,,,,,,,,,,,,0.07,,,,,,165.79,
2013-06-30,,,,,,,,,,,,,,,,,,,,,,,,,,,,,,0.07,,,,,,53.44,
2013-07-01,10731.5,2542.3,3536214.0,232.9,233.88,223.667,0.09,0.79,136391.0,7.3,63.3,12941.8,11372.6,5.2,108.30231054100832,93.22,51.459549300698114,0.137,242.986,880.0,997.0,0.26,94.0998,2.5,0.34,3.48,2.16,2.46,2.02,0.1,,16.37,3434.49,2.83,97.94,25.74,2.24
2013-07-02,,,,,,,,,,,,,,,,,,,,,,,94.4051,2.48,0.34,3.47,2.14,2.45,2.04,0.1,,16.44,3433.4,2.81,99.65,19.67,2.26
2013-07-03,,,,,,,,,,,,,,,,,,,,,,,94.4767,2.52,0.36,3.49,2.16,2.47,2.04,0.1,,16.2,3443.67,2.8,101.92,7.56,2.25
2013-07-04,,,,,,,,,,,,,,,,,,,,,,,,,,,,,,0.1,,,,,,37.14,
2013-07-05,,,,,,,,,,,,,,,,,,,,,,,95.0639,2.73,0.4,3.68,2.33,2.69,2.07,0.1,,14.89,3479.38,2.77,103.09,19.0,2.27
2013-07-06,,,,,,,,,,,,,,,,,,,,,,,,,,,,,,0.1,,,,,,40.73,
2013-07-07,,,,,,,,,,,,,,,,,,,,,,,,,,,,,,0.1,,,,,,86.88,
2013-07-08,,,,,,,,,,,,,,,,,,,,,,,94.9954,2.65,0.37,3.63,2.28,2.6,2.07,0.1,,14.78,3484.83,2.79,103.03,26.84,2.27
2013-07-09,,,,,,,,,,,,,,,,,,,,,,,94.9467,2.65,0.37,3.64,2.28,2.61,2.06,0.1,,14.35,3504.26,2.78,103.46,9.84,2.26
2013-07-10,,,,,,,,,,,,,,,,,,,,,,,94.7595,2.7,0.38,3.68,2.32,2.66,2.06,0.09,,14.21,3520.76,2.75,106.41,7.75,2.25
2013-07-11,,,,,,,,,,,,,,,,,,,,,,,93.949,2.6,0.34,3.64,2.26,2.56,2.04,0.09,,14.01,3578.3,2.77,104.77,6.39,2.26
2013-07-12,,,,,,,,,,,,,,,,,,,,,,,94.0029,2.61,0.37,3.64,2.24,2.57,2.06,0.09,,13.84,3600.08,2.77,105.85,8.21,2.28
2013-07-13,,,,,,,,,,,,,,,,,,,,,,,,,,,,,,0.09,,,,,,13.0,
2013-07-14,,,,,,,,,,,,,,,,,,,,,,,,,,,,,,0.09,,,,,,21.25,
2013-07-15,,,,,,,,,,,,,,,,,,,,,,,93.9729,2.57,0.34,3.61,2.23,2.53,2.1,0.09,,13.79,3607.49,2.76,106.2,13.22,2.34
2013-07-16,,,,,,,,,,,,,,,,,,,,,,,93.5232,2.55,0.34,3.58,2.21,2.52,2.14,0.09,,14.42,3598.5,2.74,105.88,49.54,2.39
2013-07-17,,,,,,,,,,,,,,,,,,,,,,,93.5498,2.52,0.32,3.57,2.2,2.49,2.14,0.09,,13.78,3610.0,2.74,106.39,38.53,2.38
2013-07-18,,,,,,,,,,,,,,,,,,,,,,,93.681,2.56,0.32,3.63,2.24,2.53,2.18,0.09,,13.77,3611.28,2.75,107.94,6.47,2.47
2013-07-19,,,,,,,,,,,,,,,,,,,,,,,93.4759,2.5,0.32,3.56,2.18,2.47,2.21,0.09,,12.54,3587.61,2.74,108.0,24.68,2.51
2013-07-20,,,,,,,,,,,,,,,,,,,,,,,,,,,,,,0.09,,,,,,12.89,
2013-07-21,,,,,,,,,,,,,,,,,,,,,,,,,,,,,,0.09,,,,,,21.35,
2013-07-22,,,,,,,,,,,,,,,,,,,,,,,93.2253,2.5,0.32,3.55,2.18,2.46,2.22,0.09,,12.29,3600.39,2.71,106.61,53.38,2.53
2013-07-23,,,,,,,,,,,,,,,,,,,,,,,93.1631,2.53,0.33,3.58,2.2,2.51,2.2,0.09,,12.66,3579.27,2.7,107.13,29.64,2.5
2013-07-24,,,,,,,,,,,,,,,,,,,,,,,93.3124,2.61,0.34,3.65,2.27,2.58,2.17,0.09,,13.18,3579.6,2.67,105.41,15.7,2.47
2013-07-25,,,,,,,,,,,,,,,,,,,,,,,93.2862,2.61,0.32,3.65,2.29,2.59,2.17,0.09,,12.97,3605.19,2.69,105.47,6.54,2.51
2013-07-26,,,,,,,,,,,,,,,,,,,,,,,93.1695,2.58,0.31,3.61,2.27,2.55,2.15,0.09,,12.72,3613.16,2.67,104.76,8.39,2.47
2013-07-27,,,,,,,,,,,,,,,,,,,,,,,,,,,,,,0.09,,,,,,12.83,
2013-07-28,,,,,,,,,,,,,,,,,,,,,,,,,,,,,,0.09,,,,,,31.64,
2013-07-29,,,,,,,,,,,,,,,,,,,,,,,93.1663,2.61,0.33,3.66,2.28,2.58,2.16,0.08,,13.39,3599.14,2.69,104.61,13.43,2.51
2013-07-30,,,,,,,,,,,,,,,,,,,,,,,93.3976,2.63,0.33,3.67,2.3,2.59,2.17,0.09,,13.39,3616.47,2.68,103.14,50.02,2.52
2013-07-31,,,,,,,,,,,,,,,,,,,,,,,93.5703,2.6,0.31,3.64,2.29,2.56,2.22,0.09,,13.45,3626.37,2.68,105.1,47.02,2.57
2013-08-01,10789.6,2551.3,3630452.0,233.456,234.336,224.204,0.08,0.708,136646.0,7.2,63.3,12969.6,11406.6,5.2,118.26725767234512,92.88,76.7128539368527,0.137,244.833,917.0,964.0,0.12,93.7972,2.74,0.35,3.77,2.39,2.7,2.26,0.08,,12.94,3675.74,2.66,107.93,25.69,2.58
2013-08-02,,,,,,,,,,,,,,,,,,,,,,,93.5789,2.63,0.3,3.69,2.33,2.59,2.21,0.09,,11.98,3689.59,2.68,106.94,16.72,2.51
2013-08-03,,,,,,,,,,,,,,,,,,,,,,,,,,,,,,0.09,,,,,,12.86,
2013-08-04,,,,,,,,,,,,,,,,,,,,,,,,,,,,,,0.09,,,,,,21.1,
2013-08-05,,,,,,,,,,,,,,,,,,,,,,,93.507,2.67,0.32,3.73,2.35,2.62,2.25,0.08,,11.84,3692.95,2.7,106.61,26.3,2.58
2013-08-06,,,,,,,,,,,,,,,,,,,,,,,93.3199,2.67,0.32,3.73,2.35,2.63,2.28,0.09,,12.72,3665.77,2.69,105.32,9.95,2.62
2013-08-07,,,,,,,,,,,,,,,,,,,,,,,93.2652,2.61,0.32,3.68,2.29,2.56,2.26,0.09,,12.98,3654.01,2.72,104.41,7.76,2.59
2013-08-08,,,,,,,,,,,,,,,,,,,,,,,92.8483,2.58,0.3,3.65,2.28,2.53,2.24,0.09,,12.73,3669.12,2.73,103.45,6.43,2.58
2013-08-09,,,,,,,,,,,,,,,,,,,,,,,92.8394,2.57,0.32,3.63,2.25,2.52,2.24,0.08,,13.41,3660.11,2.74,106.04,75.47,2.57
2013-08-10,,,,,,,,,,,,,,,,,,,,,,,,,,,,,,0.08,,,,,,193.22,
2013-08-11,,,,,,,,,,,,,,,,,,,,,,,,,,,,,,0.08,,,,,,63.76,
2013-08-12,,,,,,,,,,,,,,,,,,,,,,,92.9178,2.61,0.32,3.67,2.29,2.55,2.24,0.08,,12.81,3669.95,2.72,106.19,66.2,2.57
2013-08-13,,,,,,,,,,,,,,,,,,,,,,,93.476,2.71,0.34,3.75,2.37,2.65,2.23,0.08,,12.31,3684.44,2.72,106.78,49.39,2.54
2013-08-14,,,,,,,,,,,,,,,,,,,,,,,93.382,2.71,0.34,3.75,2.37,2.66,2.21,0.09,,13.04,3669.27,2.72,106.89,46.74,2.56
2013-08-15,,,,,,,,,,,,,,,,,,,,,,,93.5059,2.77,0.36,3.81,2.41,2.72,2.17,0.08,,14.73,3606.12,2.7,107.43,25.64,2.51
2013-08-16,,,,,,,,,,,,,,,,,,,,,,,93.4255,2.84,0.36,3.86,2.48,2.79,2.16,0.09,,14.37,3602.78,2.7,107.58,8.37,2.53
2013-08-17,,,,,,,,,,,,,,,,,,,,,,,,,,,,,,0.09,,,,,,12.71,
2013-08-18,,,,,,,,,,,,,,,,,,,,,,,,,,,,,,0.09,,,,,,63.61,
2013-08-19,,,,,,,,,,,,,,,,,,,,,,,93.6623,2.88,0.36,3.89,2.52,2.82,2.13,0.09,,15.1,3589.09,2.7,107.14,13.28,2.5
2013-08-20,,,,,,,,,,,,,,,,,,,,,,,93.5536,2.82,0.36,3.86,2.46,2.78,2.15,0.09,,14.91,3613.59,2.72,104.9,29.29,2.52
2013-08-21,,,,,,,,,,,,,,,,,,,,,,,94.0362,2.87,0.38,3.9,2.49,2.83,2.14,0.08,,15.94,3599.79,2.71,103.93,84.15,2.51
2013-08-22,,,,,,,,,,,,,,,,,,,,,,,94.2804,2.9,0.42,3.88,2.48,2.87,2.11,0.09,,14.76,3638.71,2.68,104.93,12.67,2.45
2013-08-23,,,,,,,,,,,,,,,,,,,,,,,93.9466,2.82,0.4,3.8,2.42,2.79,2.13,0.08,,13.98,3657.79,2.67,106.48,8.05,2.44
2013-08-24,,,,,,,,,,,,,,,,,,,,,,,,,,,,,,0.08,,,,,,24.27,
2013-08-25,,,,,,,,,,,,,,,,,,,,,,,,,,,,,,0.08,,,,,,59.29,
2013-08-26,,,,,,,,,,,,,,,,,,,,,,,94.1853,2.79,0.41,3.77,2.38,2.75,2.15,0.08,,14.99,3657.57,2.67,105.88,112.71,2.48
2013-08-27,,,,,,,,,,,,,,,,,,,,,,,94.3934,2.72,0.38,3.7,2.34,2.67,2.15,0.07,,16.77,3578.52,2.66,109.11,47.12,2.44
2013-08-28,,,,,,,,,,,,,,,,,,,,,,,94.4127,2.78,0.4,3.75,2.38,2.75,2.15,0.07,,16.49,3593.35,2.65,110.17,51.17,2.45
2013-08-29,,,,,,,,,,,,,,,,,,,,,,,94.6398,2.75,0.39,3.7,2.36,2.73,2.1,0.08,,16.81,3620.3,2.62,108.51,49.74,2.4
2013-08-30,,,,,,,,,,,,,,,,,,,,,,,94.7541,2.78,0.39,3.7,2.39,2.75,2.1,0.07,,17.01,3589.87,2.56,107.98,46.32,2.42
2013-08-31,,,,,,,,,,,,,,,,,,,,,,,,,,,,,,0.07,,,,,,122.62,
2013-09-01,10850.0,2585.5,3693107.0,233.544,234.7,224.147,0.08,0.669,136821.0,7.2,63.2,13027.5,11445.9,5.3,132.5802037108033,116.72,93.53116019249384,0.137,242.745,850.0,1004.0,0.1,,,,,,,,0.07,,,,,,40.69,
2013-09-02,,,,,,,,,,,,,,,,,,,,,,,,,,,,,,0.07,,,,,,54.19,
2013-09-03,,,,,,,,,,,,,,,,,,,,,,,94.9574,2.86,0.43,3.79,2.43,2.84,2.1,0.09,,16.61,3612.61,2.58,108.67,10.5,2.44
2013-09-04,,,,,,,,,,,,,,,,,,,,,,,94.5739,2.9,0.46,3.8,2.44,2.88,2.07,0.08,,15.88,3649.04,2.55,107.29,21.92,2.4
2013-09-05,,,,,,,,,,,,,,,,,,,,,,,94.8891,2.98,0.52,3.88,2.46,2.96,2.06,0.08,,15.77,3658.78,2.55,108.5,6.14,2.41
2013-09-06,,,,,,,,,,,,,,,,,,,,,,,94.2487,2.94,0.46,3.87,2.48,2.92,2.07,0.08,,15.85,3660.01,2.59,110.62,7.63,2.43
2013-09-07,,,,,,,,,,,,,,,,,,,,,,,,,,,,,,0.08,,,,,,64.34,
2013-09-08,,,,,,,,,,,,,,,,,,,,,,,,,,,,,,0.08,,,,,,9.64,
2013-09-09,,,,,,,,,,,,,,,,,,,,,,,94.0009,2.9,0.45,3.84,2.45,2.88,2.06,0.08,,15.63,3706.18,2.6,109.62,12.11,2.43
2013-09-10,,,,,,,,,,,,,,,,,,,,,,,93.938,2.96,0.5,3.88,2.46,2.94,2.1,0.08,,14.53,3729.02,2.61,107.48,92.75,2.46
2013-09-11,,,,,,,,,,,,,,,,,,,,,,,93.7112,2.93,0.47,3.85,2.46,2.91,2.13,0.08,,13.82,3725.01,2.61,107.65,7.41,2.5
2013-09-12,,,,,,,,,,,,,,,,,,,,,,,93.5903,2.92,0.45,3.85,2.47,2.91,2.11,0.08,,14.29,3715.97,2.61,108.72,6.04,2.47
2013-09-13,,,,,,,,,,,,,,,,,,,,,,,93.6666,2.9,0.45,3.84,2.45,2.89,2.1,0.08,,14.16,3722.18,2.64,108.31,7.49,2.45
2013-09-14,,,,,,,,,,,,,,,,,,,,,,,,,,,,,,0.08,,,,,,21.79,
2013-09-15,,,,,,,,,,,,,,,,,,,,,,,,,,,,,,0.08,,,,,,19.91,
2013-09-16,,,,,,,,,,,,,,,,,,,,,,,93.2875,2.88,0.41,3.87,2.47,2.86,2.12,0.08,,14.38,3717.85,2.68,106.54,98.41,2.48
2013-09-17,,,,,,,,,,,,,,,,,,,,,,,93.2231,2.86,0.39,3.84,2.47,2.85,2.16,0.08,,14.53,3745.7,2.67,105.36,83.87,2.53
2013-09-18,,,,,,,,,,,,,,,,,,,,,,,93.2569,2.69,0.34,3.75,2.35,2.68,2.2,0.08,,13.59,3783.64,2.75,108.23,29.54,2.56
2013-09-19,,,,,,,,,,,,,,,,,,,,,,,92.4082,2.76,0.34,3.8,2.42,2.75,2.21,0.09,,13.16,3789.38,2.72,106.26,42.25,2.59
2013-09-20,,,,,,,,,,,,,,,,,,,,,,,92.6049,2.75,0.34,3.77,2.41,2.74,2.23,0.08,,13.12,3774.73,2.68,104.7,53.63,2.61
2013-09-21,,,,,,,,,,,,,,,,,,,,,,,,,,,,,,0.08,,,,,,108.15,
2013-09-22,,,,,,,,,,,,,,,,,,,,,,,,,,,,,,0.08,,,,,,78.14,
2013-09-23,,,,,,,,,,,,,,,,,,,,,,,92.613,2.72,0.35,3.73,2.37,2.7,2.26,0.09,,14.31,3765.29,2.7,103.62,37.77,2.68
2013-09-24,,,,,,,,,,,,,,,,,,,,,,,92.7691,2.67,0.35,3.67,2.32,2.65,2.19,0.09,,14.08,3768.25,2.68,103.22,9.31,2.61
2013-09-25,,,,,,,,,,,,,,,,,,,,,,,92.7675,2.63,0.36,3.65,2.27,2.61,2.18,0.08,,14.01,3761.1,2.7,102.68,86.28,2.57
2013-09-26,,,,,,,,,,,,,,,,,,,,,,,93.0096,2.66,0.34,3.69,2.32,2.66,2.19,0.08,,14.06,3787.43,2.72,103.1,24.39,2.61
2013-09-27,,,,,,,,,,,,,,,,,,,,,,,92.9747,2.64,0.34,3.68,2.3,2.62,2.18,0.08,,15.46,3781.59,2.73,102.86,45.2,2.6
2013-09-28,,,,,,,,,,,,,,,,,,,,,,,,,,,,,,0.08,,,,,,10.85,
2013-09-29,,,,,,,,,,,,,,,,,,,,,,,,,,,,,,0.08,,,,,,9.81,
2013-09-30,,,,,,,,,,,,,,,,,,,,,,,92.9207,2.64,0.33,3.69,2.31,2.62,2.19,0.06,,16.6,3771.48,2.75,102.36,72.64,2.64
2013-10-01,10974.2,2631.2,3800416.0,233.669,234.921,224.179,0.09,0.59,137041.0,7.2,62.8,12974.6,11498.0,4.7,158.59966405902128,176.28,159.4561083975777,0.132,241.954,925.0,1044.0,0.18,92.9515,2.66,0.33,3.72,2.33,2.64,2.2,0.08,,15.54,3817.98,2.76,102.09,36.59,2.63
2013-10-02,,,,,,,,,,,,,,,,,,,,,,,92.772,2.63,0.31,3.7,2.32,2.61,2.2,0.07,,16.6,3815.02,2.77,104.15,43.64,2.6
2013-10-03,,,,,,,,,,,,,,,,,,,,,,,92.7461,2.62,0.33,3.71,2.29,2.59,2.19,0.08,,17.67,3774.34,2.78,103.29,49.1,2.61
2013-10-04,,,,,,,,,,,,,,,,,,,,,,,92.6469,2.66,0.33,3.73,2.33,2.63,2.2,0.08,,16.74,3807.75,2.76,103.83,95.4,2.61
2013-10-05,,,,,,,,,,,,,,,,,,,,,,,,,,,,,,0.08,,,,,,117.46,
2013-10-06,,,,,,,,,,,,,,,,,,,,,,,,,,,,,,0.08,,,,,,88.94,
2013-10-07,,,,,,,,,,,,,,,,,,,,,,,92.6725,2.65,0.37,3.7,2.28,2.62,2.2,0.08,,19.41,3770.38,2.74,103.07,24.61,2.61
2013-10-08,,,,,,,,,,,,,,,,,,,,,,,92.7558,2.66,0.4,3.7,2.26,2.61,2.18,0.08,,20.34,3694.83,2.71,103.54,120.96,2.6
2013-10-09,,,,,,,,,,,,,,,,,,,,,,,93.0829,2.68,0.37,3.73,2.31,2.63,2.21,0.09,,19.6,3677.78,2.71,101.63,85.06,2.64
2013-10-10,,,,,,,,,,,,,,,,,,,,,,,92.8579,2.71,0.35,3.75,2.36,2.66,2.21,0.09,,16.48,3760.75,2.68,103.08,112.86,2.61
2013-10-11,,,,,,,,,,,,,,,,,,,,,,,92.854,2.7,0.35,3.74,2.35,2.62,2.2,0.1,,15.72,3791.87,2.68,102.17,66.66,2.61
2013-10-12,,,,,,,,,,,,,,,,,,,,,,,,,,,,,,0.1,,,,,,54.32,
2013-10-13,,,,,,,,,,,,,,,,,,,,,,,,,,,,,,0.1,,,,,,128.05,
2013-10-14,,,,,,,,,,,,,,,,,,,,,,,,,,,,,,0.1,,16.07,3815.27,,102.46,63.16,
2013-10-15,,,,,,,,,,,,,,,,,,,,,,,92.7642,2.75,0.37,3.78,2.38,2.61,2.21,0.1,,18.66,3794.01,2.66,101.15,471.18,2.63
2013-10-16,,,,,,,,,,,,,,,,,,,,,,,92.6819,2.69,0.34,3.72,2.35,2.59,2.19,0.11,,14.71,3839.43,2.66,102.34,307.52,2.59
2013-10-17,,,,,,,,,,,,,,,,,,,,,,,92.0246,2.61,0.33,3.66,2.28,2.56,2.16,0.1,,13.48,3863.15,2.66,100.72,379.64,2.55
2013-10-18,,,,,,,,,,,,,,,,,,,,,,,91.9989,2.6,0.33,3.65,2.27,2.56,2.18,0.1,,13.04,3914.28,2.66,100.87,68.22,2.58
2013-10-19,,,,,,,,,,,,,,,,,,,,,,,,,,,,,,0.1,,,,,,44.33,
2013-10-20,,,,,,,,,,,,,,,,,,,,,,,,,,,,,,0.1,,,,,,105.17,
2013-10-21,,,,,,,,,,,,,,,,,,,,,,,92.2498,2.63,0.33,3.68,2.3,2.59,2.19,0.09,,13.16,3920.05,2.65,99.28,28.66,2.59
2013-10-22,,,,,,,,,,,,,,,,,,,,,,,91.9563,2.54,0.31,3.61,2.23,2.5,2.17,0.08,,13.33,3929.57,2.66,97.63,55.3,2.58
2013-10-23,,,,,,,,,,,,,,,,,,,,,,,92.0947,2.51,0.31,3.59,2.2,2.47,2.15,0.08,,13.42,3907.07,2.67,96.9,93.58,2.54
2013-10-24,,,,,,,,,,,,,,,,,,,,,,,92.1867,2.53,0.33,3.61,2.2,2.5,2.17,0.08,,13.2,3928.96,2.68,96.65,41.55,2.57
2013-10-25,,,,,,,,,,,,,,,,,,,,,,,92.1623,2.53,0.32,3.6,2.21,2.49,2.19,0.08,,13.09,3943.36,2.66,97.4,45.09,2.61
2013-10-26,,,,,,,,,,,,,,,,,,,,,,,,,,,,,,0.08,,,,,,33.06,
2013-10-27,,,,,,,,,,,,,,,,,,,,,,,,,,,,,,0.08,,,,,,38.21,
2013-10-28,,,,,,,,,,,,,,,,,,,,,,,92.1872,2.54,0.32,3.61,2.22,2.5,2.19,0.08,,13.31,3940.13,2.66,98.74,48.46,2.59
2013-10-29,,,,,,,,,,,,,,,,,,,,,,,92.301,2.53,0.31,3.62,2.22,2.49,2.18,0.08,,13.41,3952.34,2.69,98.29,84.81,2.6
2013-10-30,,,,,,,,,,,,,,,,,,,,,,,92.3057,2.55,0.33,3.63,2.22,2.51,2.18,0.08,,13.65,3930.62,2.68,96.81,7.11,2.59
2013-10-31,,,,,,,,,,,,,,,,,,,,,,,92.731,2.57,0.31,3.63,2.26,2.53,2.17,0.07,,13.75,3919.71,2.65,96.29,29.64,2.6
2013-11-01,10982.9,2638.8,3897886.0,234.1,235.359,224.465,0.08,0.605,137316.0,6.9,63.0,12998.9,11562.5,4.5,96.29112641620068,83.82,67.16274174659195,0.13,242.718,1100.0,1029.0,0.14,93.155,2.65,0.33,3.69,2.32,2.61,2.15,0.08,,13.28,3922.04,2.64,94.56,7.45,2.6
2013-11-02,,,,,,,,,,,,,,,,,,,,,,,,,,,,,,0.08,,,,,,21.41,
2013-11-03,,,,,,,,,,,,,,,,,,,,,,,,,,,,,,0.08,,,,,,28.91,
2013-11-04,,,,,,,,,,,,,,,,,,,,,,,92.9359,2.63,0.32,3.7,2.31,2.58,2.13,0.08,,12.93,3936.59,2.66,94.58,11.99,2.55
2013-11-05,,,,,,,,,,,,,,,,,,,,,,,93.2112,2.69,0.32,3.76,2.37,2.64,2.14,0.08,,13.27,3939.86,2.66,93.4,27.73,2.56
2013-11-06,,,,,,,,,,,,,,,,,,,,,,,93.0943,2.67,0.3,3.77,2.37,2.62,2.19,0.08,,12.67,3931.95,2.7,94.74,71.53,2.61
2013-11-07,,,,,,,,,,,,,,,,,,,,,,,93.4003,2.63,0.29,3.71,2.34,2.58,2.17,0.08,,13.91,3857.33,2.7,94.25,6.16,2.58
2013-11-08,,,,,,,,,,,,,,,,,,,,,,,93.6619,2.77,0.32,3.84,2.45,2.71,2.18,0.08,,12.9,3919.23,2.69,94.56,7.43,2.59
2013-11-09,,,,,,,,,,,,,,,,,,,,,,,,,,,,,,0.08,,,,,,43.85,
2013-11-10,,,,,,,,,,,,,,,,,,,,,,,,,,,,,,0.08,,,,,,38.98,
2013-11-11,,,,,,,,,,,,,,,,,,,,,,,,,,,,,,0.08,,12.53,3919.79,,95.13,38.24,
2013-11-12,,,,,,,,,,,,,,,,,,,,,,,93.7651,2.8,0.34,3.86,2.46,2.72,2.18,0.08,,12.82,3919.92,2.67,93.12,10.12,2.57
2013-11-13,,,,,,,,,,,,,,,,,,,,,,,93.4848,2.75,0.32,3.83,2.43,2.67,2.17,0.08,,12.52,3965.58,2.69,93.91,14.67,2.55
2013-11-14,,,,,,,,,,,,,,,,,,,,,,,93.4328,2.69,0.29,3.79,2.4,2.61,2.18,0.09,,12.37,3972.74,2.72,93.76,18.36,2.56
2013-11-15,,,,,,,,,,,,,,,,,,,,,,,93.2854,2.71,0.31,3.8,2.4,2.63,2.18,0.09,,12.19,3985.97,2.7,93.8,62.31,2.56
2013-11-16,,,,,,,,,,,,,,,,,,,,,,,,,,,,,,0.09,,,,,,33.63,
2013-11-17,,,,,,,,,,,,,,,,,,,,,,,,,,,,,,0.09,,,,,,29.51,
2013-11-18,,,,,,,,,,,,,,,,,,,,,,,92.9824,2.67,0.31,3.76,2.36,2.58,2.19,0.09,,13.1,3949.07,2.66,93.03,24.53,2.58
2013-11-19,,,,,,,,,,,,,,,,,,,,,,,93.0649,2.71,0.29,3.8,2.42,2.63,2.18,0.09,,13.39,3931.55,2.66,93.35,9.48,2.59
2013-11-20,,,,,,,,,,,,,,,,,,,,,,,93.2501,2.8,0.28,3.9,2.52,2.72,2.16,0.09,,13.4,3921.27,2.67,93.34,51.34,2.57
2013-11-21,,,,,,,,,,,,,,,,,,,,,,,93.5638,2.79,0.29,3.89,2.5,2.72,2.19,0.09,,12.66,3969.15,2.65,95.35,31.21,2.62
2013-11-22,,,,,,,,,,,,,,,,,,,,,,,93.4198,2.75,0.31,3.84,2.44,2.68,2.19,0.09,,12.26,3991.65,2.65,94.53,15.33,2.62
2013-11-23,,,,,,,,,,,,,,,,,,,,,,,,,,,,,,0.09,,,,,,11.72,
2013-11-24,,,,,,,,,,,,,,,,,,,,,,,,,,,,,,0.09,,,,,,128.71,
2013-11-25,,,,,,,,,,,,,,,,,,,,,,,93.5539,2.74,0.3,3.83,2.44,2.66,2.18,0.09,,12.79,3994.57,2.65,93.86,137.88,2.61
2013-11-26,,,,,,,,,,,,,,,,,,,,,,,93.5226,2.71,0.29,3.8,2.42,2.64,2.17,0.09,,12.81,4017.75,2.63,93.41,57.52,2.63
2013-11-27,,,,,,,,,,,,,,,,,,,,,,,93.6864,2.74,0.28,3.81,2.46,2.67,2.16,0.09,,12.98,4044.75,2.63,92.05,43.55,2.61
2013-11-28,,,,,,,,,,,,,,,,,,,,,,,,,,,,,,0.09,,,,,,16.94,
2013-11-29,,,,,,,,,,,,,,,,,,,,,,,93.6291,2.75,0.28,3.82,2.47,2.69,2.15,0.07,,13.7,4059.89,2.61,92.55,38.45,2.61
2013-11-30,,,,,,,,,,,,,,,,,,,,,,,,,,,,,,0.07,,,,,,12.93,
2013-12-01,11047.8,2674.2,3991805.0,234.719,235.759,225.046,0.09,0.688,137373.0,6.7,62.9,13019.1,11593.2,4.5,119.2406061654542,90.94,95.22825315679025,0.131,245.733,1002.0,1005.0,0.2,,,,,,,,0.07,,,,,,31.3,
2013-12-02,,,,,,,,,,,,,,,,,,,,,,,93.8856,2.81,0.3,3.86,2.51,2.76,2.15,0.09,,14.23,4045.26,2.6,93.61,50.46,2.6
2013-12-03,,,,,,,,,,,,,,,,,,,,,,,93.8251,2.79,0.28,3.84,2.51,2.73,2.15,0.09,,14.55,4037.2,2.6,95.83,9.68,2.61
2013-12-04,,,,,,,,,,,,,,,,,,,,,,,93.8997,2.84,0.3,3.9,2.54,2.78,2.11,0.09,,14.7,4038.0,2.62,96.97,14.75,2.58
2013-12-05,,,,,,,,,,,,,,,,,,,,,,,93.4954,2.88,0.3,3.92,2.58,2.82,2.12,0.09,,15.08,4033.16,2.59,97.14,19.39,2.58
2013-12-06,,,,,,,,,,,,,,,,,,,,,,,93.4045,2.88,0.3,3.9,2.58,2.82,2.11,0.09,,13.79,4062.52,2.58,97.48,7.83,2.57
2013-12-07,,,,,,,,,,,,,,,,,,,,,,,,,,,,,,0.09,,,,,,12.04,
2013-12-08,,,,,,,,,,,,,,,,,,,,,,,,,,,,,,0.09,,,,,,30.24,
2013-12-09,,,,,,,,,,,,,,,,,,,,,,,93.1444,2.86,0.3,3.88,2.56,2.79,2.12,0.09,,13.49,4068.75,2.57,97.1,25.4,2.61
2013-12-10,,,,,,,,,,,,,,,,,,,,,,,,2.81,0.3,3.83,2.51,2.74,2.12,0.09,,13.91,4060.49,2.56,98.32,38.3,2.6
2013-12-11,,,,,,,,,,,,,,,,,,,,,,,93.0842,2.86,0.31,3.87,2.55,2.79,2.15,0.08,,15.42,4003.81,2.55,97.25,22.25,2.65
2013-12-12,,,,,,,,,,,,,,,,,,,,,,,93.4292,2.89,0.34,3.91,2.55,2.82,2.14,0.09,,15.54,3998.4,2.53,97.21,18.98,2.63
2013-12-13,,,,,,,,,,,,,,,,,,,,,,,93.3568,2.88,0.34,3.88,2.54,2.81,2.16,0.08,,15.76,4000.98,2.5,96.27,132.81,2.66
2013-12-14,,,,,,,,,,,,,,,,,,,,,,,,,,,,,,0.08,,,,,,36.13,
2013-12-15,,,,,,,,,,,,,,,,,,,,,,,,,,,,,,0.08,,,,,,20.31,
2013-12-16,,,,,,,,,,,,,,,,,,,,,,,93.2175,2.89,0.34,3.9,2.55,2.82,2.18,0.09,,16.03,4029.52,2.5,97.18,66.2,2.68
2013-12-17,,,,,,,,,,,,,,,,,,,,,,,93.302,2.85,0.34,3.88,2.51,2.78,2.18,0.09,,16.21,4023.68,2.5,96.99,38.51,2.67
2013-12-18,,,,,,,,,,,,,,,,,,,,,,,93.4207,2.89,0.32,3.9,2.57,2.82,2.17,0.09,,13.8,4070.06,2.5,97.59,60.36,2.67
2013-12-19,,,,,,,,,,,,,,,,,,,,,,,93.7368,2.94,0.35,3.91,2.59,2.88,2.15,0.09,,14.15,4058.13,2.42,98.4,199.77,2.55
2013-12-20,,,,,,,,,,,,,,,,,,,,,,,93.7211,2.89,0.37,3.82,2.52,2.82,2.16,0.09,,13.79,4104.74,2.38,99.11,40.21,2.68
2013-12-21,,,,,,,,,,,,,,,,,,,,,,,,,,,,,,0.09,,,,,,24.17,
2013-12-22,,,,,,,,,,,,,,,,,,,,,,,,,,,,,,0.09,,,,,,41.62,
2013-12-23,,,,,,,,,,,,,,,,,,,,,,,93.572,2.94,0.38,3.85,2.56,2.87,2.18,0.09,,13.04,4148.9,2.35,98.62,13.16,2.69
2013-12-24,,,,,,,,,,,,,,,,,,,,,,,93.6734,2.99,0.38,3.9,2.61,2.92,2.19,0.08,,12.48,4155.42,2.36,98.87,11.12,2.7
2013-12-25,,,,,,,,,,,,,,,,,,,,,,,,,,,,,,0.08,,,,,,29.18,
2013-12-26,,,,,,,,,,,,,,,,,,,,,,,93.766,3.0,0.42,3.92,2.58,2.93,2.2,0.08,,12.33,4167.18,2.37,99.18,17.41,2.7
2013-12-27,,,,,,,,,,,,,,,,,,,,,,,93.7018,3.02,0.4,3.94,2.62,2.95,2.22,0.08,,12.46,4156.59,2.37,99.94,37.37,2.76
2013-12-28,,,,,,,,,,,,,,,,,,,,,,,,,,,,,,0.08,,,,,,13.2,
2013-12-29,,,,,,,,,,,,,,,,,,,,,,,,,,,,,,0.08,,,,,,43.95,
2013-12-30,,,,,,,,,,,,,,,,,,,,,,,93.4866,2.99,0.39,3.9,2.6,2.92,2.23,0.08,,13.56,4154.2,2.35,98.9,53.27,2.82
2013-12-31,,,,,,,,,,,,,,,,,,,,,,,93.5576,3.04,0.38,3.96,2.66,2.97,2.24,0.07,,13.72,4176.59,2.33,98.17,85.34,2.79
2014-01-01,11117.6,2714.1,4064681.0,235.288,235.961,225.585,0.07,0.614,137561.0,6.6,62.9,13079.5,11578.8,5.2,110.92896443029215,95.63,76.31707390280305,0.134,250.34,888.0,976.0,0.3,,,,,,,,0.07,,,,,,164.06,
2014-01-02,,,,,,,,,,,,,,,,,,,,,,,93.8192,3.0,0.39,3.92,2.61,2.93,2.26,0.08,,14.23,4143.07,2.34,95.14,32.8,2.81
2014-01-03,,,,,,,,,,,,,,,,,,,,,,,93.853,3.01,0.41,3.93,2.6,2.94,2.26,0.08,,13.76,4131.91,2.34,93.66,52.4,2.83
2014-01-04,,,,,,,,,,,,,,,,,,,,,,,,,,,,,,0.08,,,,,,12.78,
2014-01-05,,,,,,,,,,,,,,,,,,,,,,,,,,,,,,0.08,,,,,,137.37,
2014-01-06,,,,,,,,,,,,,,,,,,,,,,,93.9109,2.98,0.4,3.9,2.58,2.93,2.26,0.08,,13.55,4113.68,2.32,93.12,66.26,2.77
2014-01-07,,,,,,,,,,,,,,,,,,,,,,,94.0398,2.96,0.4,3.88,2.56,2.92,2.26,0.07,,12.92,4153.18,2.32,93.31,19.72,2.69
2014-01-08,,,,,,,,,,,,,,,,,,,,,,,94.2181,3.01,0.43,3.9,2.58,2.96,2.29,0.07,,12.87,4165.61,2.31,91.9,83.06,2.82
2014-01-09,,,,,,,,,,,,,,,,,,,,,,,94.3299,2.97,0.44,3.88,2.53,2.93,2.31,0.07,,12.89,4156.19,2.31,91.36,6.33,2.79
2014-01-10,,,,,,,,,,,,,,,,,,,,,,,94.0045,2.88,0.39,3.8,2.49,2.83,2.29,0.07,,12.14,4174.66,2.32,92.39,7.76,2.83
2014-01-11,,,,,,,,,,,,,,,,,,,,,,,,,,,,,,0.07,,,,,,11.08,
2014-01-12,,,,,,,,,,,,,,,,,,,,,,,,,,,,,,0.07,,,,,,60.27,
2014-01-13,,,,,,,,,,,,,,,,,,,,,,,93.899,2.84,0.39,3.77,2.45,2.81,2.27,0.07,,13.28,4113.3,2.34,91.45,23.87,2.83
2014-01-14,,,,,,,,,,,,,,,,,,,,,,,94.0303,2.88,0.39,3.8,2.49,2.84,2.26,0.07,,12.28,4183.02,2.34,92.15,8.81,2.76
2014-01-15,,,,,,,,,,,,,,,,,,,,,,,94.341,2.9,0.41,3.81,2.49,2.86,2.28,0.07,,12.28,4214.88,2.32,93.78,7.11,2.84
2014-01-16,,,,,,,,,,,,,,,,,,,,,,,94.5507,2.86,0.41,3.77,2.45,2.82,2.25,0.07,,12.53,4218.69,2.32,93.54,12.5,2.76
2014-01-17,,,,,,,,,,,,,,,,,,,,,,,94.5846,2.84,0.4,3.75,2.44,2.79,2.26,0.07,,12.44,4197.58,2.33,93.96,15.19,2.8
2014-01-18,,,,,,,,,,,,,,,,,,,,,,,,,,,,,,0.07,,,,,,21.44,
2014-01-19,,,,,,,,,,,,,,,,,,,,,,,,,,,,,,0.07,,,,,,19.12,
2014-01-20,,,,,,,,,,,,,,,,,,,,,,,,,,,,,,0.07,,,,,,12.41,
2014-01-21,,,,,,,,,,,,,,,,,,,,,,,94.679,2.85,0.4,3.74,2.45,2.81,2.26,0.07,,12.87,4225.76,2.3,94.51,9.44,2.81
2014-01-22,,,,,,,,,,,,,,,,,,,,,,,94.8479,2.87,0.44,3.75,2.43,2.83,2.25,0.07,,12.84,4243.0,2.3,96.35,167.6,2.71
2014-01-23,,,,,,,,,,,,,,,,,,,,,,,94.8415,2.79,0.39,3.68,2.4,2.75,2.13,0.07,,13.77,4218.87,2.32,97.23,85.32,2.54
2014-01-24,,,,,,,,,,,,,,,,,,,,,,,94.8555,2.75,0.37,3.64,2.38,2.71,2.14,0.07,,18.14,4128.17,2.35,96.66,7.61,2.6
2014-01-25,,,,,,,,,,,,,,,,,,,,,,,,,,,,,,0.07,,,,,,43.54,
2014-01-26,,,,,,,,,,,,,,,,,,,,,,,,,,,,,,0.07,,,,,,28.66,
2014-01-27,,,,,,,,,,,,,,,,,,,,,,,94.9059,2.78,0.37,3.67,2.41,2.73,2.14,0.07,,17.42,4083.61,2.36,95.82,34.9,2.56
2014-01-28,,,,,,,,,,,,,,,,,,,,,,,94.88,2.77,0.38,3.68,2.39,2.72,2.15,0.07,,15.8,4097.96,2.35,97.49,87.24,2.59
2014-01-29,,,,,,,,,,,,,,,,,,,,,,,94.8621,2.69,0.36,3.62,2.33,2.65,2.14,0.07,,17.35,4051.43,2.38,97.34,43.25,2.56
2014-01-30,,,,,,,,,,,,,,,,,,,,,,,95.1294,2.72,0.36,3.65,2.36,2.7,2.15,0.07,,17.29,4123.13,2.36,98.25,11.91,2.54
2014-01-31,,,,,,,,,,,,,,,,,,,,,,,95.1774,2.67,0.34,3.61,2.33,2.65,2.14,0.07,,18.41,4103.88,2.4,97.55,28.96,2.56
2014-02-01,11183.2,2730.2,4134489.0,235.547,236.185,225.716,0.07,0.586,137712.0,6.7,62.9,13148.0,11636.9,5.3,98.1412278411244,83.49,44.055515309508664,0.134,249.925,944.0,1039.0,0.14,,,,,,,,0.07,,,,,,10.62,
2014-02-02,,,,,,,,,,,,,,,,,,,,,,,,,,,,,,0.07,,,,,,46.39,
2014-02-03,,,,,,,,,,,,,,,,,,,,,,,95.2469,2.61,0.3,3.55,2.31,2.56,2.14,0.07,,21.44,3996.96,2.39,96.44,101.47,2.58
2014-02-04,,,,,,,,,,,,,,,,,,,,,,,95.0438,2.64,0.31,3.59,2.33,2.58,2.13,0.07,,19.11,4031.52,2.41,97.24,17.13,2.49
2014-02-05,,,,,,,,,,,,,,,,,,,,,,,95.0285,2.7,0.32,3.66,2.38,2.63,2.14,0.07,,19.95,4011.55,2.42,97.4,67.52,2.5
2014-02-06,,,,,,,,,,,,,,,,,,,,,,,94.7177,2.73,0.33,3.67,2.4,2.66,2.16,0.07,,17.23,4057.12,2.4,97.84,57.62,2.5
2014-02-07,,,,,,,,,,,,,,,,,,,,,,,94.7457,2.71,0.3,3.67,2.41,2.63,2.18,0.06,,15.29,4125.86,2.42,99.98,7.22,2.59
2014-02-08,,,,,,,,,,,,,,,,,,,,,,,,,,,,,,0.06,,,,,,10.71,
2014-02-09,,,,,,,,,,,,,,,,,,,,,,,,,,,,,,0.06,,,,,,28.93,
2014-02-10,,,,,,,,,,,,,,,,,,,,,,,94.7189,2.7,0.32,3.66,2.38,2.63,2.19,0.07,,15.26,4148.17,2.42,100.12,23.15,2.59
2014-02-11,,,,,,,,,,,,,,,,,,,,,,,94.6377,2.75,0.35,3.69,2.4,2.7,2.19,0.06,,14.51,4191.04,2.39,99.96,84.44,2.58
2014-02-12,,,,,,,,,,,,,,,,,,,,,,,94.6209,2.8,0.35,3.72,2.45,2.75,2.21,0.07,,14.3,4201.29,2.36,100.38,41.26,2.59
2014-02-13,,,,,,,,,,,,,,,,,,,,,,,,2.73,0.32,3.7,2.41,2.7,2.17,0.06,,14.14,4240.67,2.39,100.27,24.97,2.57
2014-02-14,,,,,,,,,,,,,,,,,,,,,,,94.2711,2.75,0.32,3.69,2.43,2.73,2.16,0.06,,13.57,4244.03,2.38,100.31,13.39,2.65
2014-02-15,,,,,,,,,,,,,,,,,,,,,,,,,,,,,,0.06,,,,,,10.28,
2014-02-16,,,,,,,,,,,,,,,,,,,,,,,,,,,,,,0.06,,,,,,9.08,
2014-02-17,,,,,,,,,,,,,,,,,,,,,,,,,,,,,,0.06,,,,,,11.97,
2014-02-18,,,,,,,,,,,,,,,,,,,,,,,94.1934,2.71,0.31,3.68,2.4,2.66,2.14,0.07,,13.87,4272.78,2.4,102.54,9.28,2.49
2014-02-19,,,,,,,,,,,,,,,,,,,,,,,94.38,2.73,0.33,3.71,2.4,2.67,2.13,0.07,,15.5,4237.95,2.41,103.46,28.9,2.48
2014-02-20,,,,,,,,,,,,,,,,,,,,,,,94.6571,2.76,0.34,3.73,2.42,2.71,2.13,0.07,,14.79,4267.55,2.39,103.2,12.36,2.48
2014-02-21,,,,,,,,,,,,,,,,,,,,,,,,2.73,0.33,3.69,2.4,2.68,2.12,0.07,,14.68,4263.41,2.38,102.53,7.61,2.5
2014-02-22,,,,,,,,,,,,,,,,,,,,,,,,,,,,,,0.07,,,,,,22.85,
2014-02-23,,,,,,,,,,,,,,,,,,,,,,,,,,,,,,0.07,,,,,,19.67,
2014-02-24,,,,,,,,,,,,,,,,,,,,,,,94.4042,2.75,0.35,3.7,2.4,2.7,2.16,0.07,,14.23,4292.97,2.38,103.17,49.14,2.54
2014-02-25,,,,,,,,,,,,,,,,,,,,,,,94.4735,2.7,0.34,3.66,2.36,2.65,2.15,0.07,,13.67,4287.59,2.38,102.2,9.09,2.52
2014-02-26,,,,,,,,,,,,,,,,,,,,,,,94.7754,2.67,0.33,3.63,2.34,2.62,2.16,0.07,,14.35,4292.06,2.38,102.93,7.24,2.56
2014-02-27,,,,,,,,,,,,,,,,,,,,,,,94.6722,2.65,0.33,3.6,2.32,2.61,2.16,0.07,,14.04,4318.93,2.36,102.68,6.14,2.51
2014-02-28,,,,,,,,,,,,,,,,,,,,,,,94.3879,2.66,0.33,3.59,2.33,2.61,2.17,0.06,,14.0,4308.12,2.35,102.88,7.48,2.55
2014-03-01,11219.1,2749.3,4200544.0,236.028,236.625,226.075,0.08,0.605,137985.0,6.7,63.1,13219.9,11722.3,5.2,113.49504487205893,72.93,45.16197703077868,0.135,249.961,970.0,1067.0,0.16,,,,,,,,0.06,,,,,,22.09,
2014-03-02,,,,,,,,,,,,,,,,,,,,,,,,,,,,,,0.06,,,,,,9.31,
2014-03-03,,,,,,,,,,,,,,,,,,,,,,,,2.6,0.32,3.55,2.28,2.55,2.16,0.07,,16.0,4277.3,2.37,105.34,36.08,2.54
2014-03-04,,,,,,,,,,,,,,,,,,,,,,,94.6568,2.7,0.33,3.64,2.37,2.65,2.18,0.07,,14.1,4351.97,2.35,103.64,54.86,2.57
2014-03-05,,,,,,,,,,,,,,,,,,,,,,,94.4679,2.7,0.33,3.64,2.37,2.64,2.18,0.08,,13.89,4357.97,2.36,101.75,93.71,2.56
2014-03-06,,,,,,,,,,,,,,,,,,,,,,,93.9858,2.74,0.37,3.68,2.37,2.69,2.21,0.08,,14.21,4352.13,2.37,101.82,90.05,2.58
2014-03-07,,,,,,,,,,,,,,,,,,,,,,,94.2532,2.8,0.38,3.72,2.42,2.74,2.23,0.08,,14.11,4336.22,2.34,102.82,88.85,2.63
2014-03-08,,,,,,,,,,,,,,,,,,,,,,,,,,,,,,0.08,,,,,,54.68,
2014-03-09,,,,,,,,,,,,,,,,,,,,,,,,,,,,,,0.08,,,,,,56.17,
2014-03-10,,,,,,,,,,,,,,,,,,,,,,,94.3731,2.79,0.37,3.73,2.42,2.74,2.22,0.08,,14.2,4334.45,2.36,101.39,24.23,2.56
2014-03-11,,,,,,,,,,,,,,,,,,,,,,,94.387,2.77,0.37,3.7,2.4,2.72,2.2,0.08,,14.8,4307.19,2.37,100.29,17.47,2.54
2014-03-12,,,,,,,,,,,,,,,,,,,,,,,94.462,2.73,0.37,3.66,2.36,2.68,2.19,0.08,,14.47,4323.33,2.38,98.29,21.13,2.56
2014-03-13,,,,,,,,,,,,,,,,,,,,,,,94.1872,2.66,0.34,3.6,2.32,2.61,2.17,0.08,,16.22,4260.42,2.39,98.57,17.89,2.59
2014-03-14,,,,,,,,,,,,,,,,,,,,,,,94.243,2.65,0.36,3.59,2.29,2.6,2.17,0.08,,17.82,4245.4,2.4,99.23,7.46,2.6
2014-03-15,,,,,,,,,,,,,,,,,,,,,,,,,,,,,,0.08,,,,,,55.38,
2014-03-16,,,,,,,,,,,,,,,,,,,,,,,,,,,,,,0.08,,,,,,9.33,
2014-03-17,,,,,,,,,,,,,,,,,,,,,,,,2.7,0.38,3.63,2.32,2.64,2.18,0.08,,15.64,4279.95,2.4,98.43,11.87,2.56
2014-03-18,,,,,,,,,,,,,,,,,,,,,,,94.2631,2.68,0.36,3.62,2.32,2.63,2.18,0.08,,14.52,4333.31,2.42,100.08,8.89,2.59
2014-03-19,,,,,,,,,,,,,,,,,,,,,,,94.3752,2.78,0.47,3.66,2.31,2.72,2.16,0.08,,15.12,4307.6,2.37,100.71,14.24,2.59
2014-03-20,,,,,,,,,,,,,,,,,,,,,,,94.9986,2.79,0.45,3.67,2.34,2.73,2.13,0.08,,14.52,4319.29,2.34,99.68,36.26,2.51
2014-03-21,,,,,,,,,,,,,,,,,,,,,,,94.8547,2.75,0.45,3.61,2.3,2.69,2.14,0.08,,15.0,4276.79,2.32,99.97,38.89,2.49
2014-03-22,,,,,,,,,,,,,,,,,,,,,,,,,,,,,,0.08,,,,,,72.96,
2014-03-23,,,,,,,,,,,,,,,,,,,,,,,,,,,,,,0.08,,,,,,18.65,
2014-03-24,,,,,,,,,,,,,,,,,,,,,,,94.759,2.74,0.47,3.57,2.27,2.68,2.15,0.09,,15.09,4226.39,2.29,100.05,12.12,2.51
2014-03-25,,,,,,,,,,,,,,,,,,,,,,,94.6379,2.75,0.47,3.59,2.28,2.7,2.14,0.09,,14.02,4234.27,2.28,99.66,9.01,2.58
2014-03-26,,,,,,,,,,,,,,,,,,,,,,,94.5281,2.71,0.45,3.55,2.26,2.66,2.14,0.08,,14.93,4173.58,2.28,100.61,7.17,2.53
2014-03-27,,,,,,,,,,,,,,,,,,,,,,,94.3315,2.69,0.45,3.52,2.24,2.65,2.13,0.08,,14.62,4151.23,2.26,101.25,6.05,2.53
2014-03-28,,,,,,,,,,,,,,,,,,,,,,,94.3683,2.73,0.45,3.55,2.28,2.69,2.13,0.08,,14.41,4155.76,2.25,101.73,52.86,2.54
2014-03-29,,,,,,,,,,,,,,,,,,,,,,,,,,,,,,0.08,,,,,,11.19,
2014-03-30,,,,,,,,,,,,,,,,,,,,,,,,,,,,,,0.08,,,,,,9.33,
2014-03-31,,,,,,,,,,,,,,,,,,,,,,,94.2432,2.73,0.44,3.56,2.29,2.68,2.13,0.06,,13.88,4198.99,2.26,101.57,23.53,2.56
2014-04-01,11264.0,2774.2,4271397.0,236.468,237.072,226.443,0.09,0.61,138297.0,6.2,62.8,13270.2,11762.3,5.4,101.62258475274533,63.76,25.73011665698256,0.131,249.864,1043.0,1090.0,0.16,94.1244,2.77,0.44,3.6,2.33,2.73,2.14,0.08,,13.1,4268.04,2.26,99.69,79.94,2.57
2014-04-02,,,,,,,,,,,,,,,,,,,,,,,94.3103,2.82,0.47,3.65,2.35,2.8,2.14,0.09,,13.09,4276.46,2.25,99.6,7.01,2.56
2014-04-03,,,,,,,,,,,,,,,,,,,,,,,94.512,2.8,0.46,3.62,2.34,2.78,2.14,0.08,,13.37,4237.74,2.24,100.29,6.1,2.6
2014-04-04,,,,,,,,,,,,,,,,,,,,,,,94.2191,2.74,0.43,3.59,2.31,2.71,2.13,0.08,,13.96,4127.73,2.25,101.16,7.42,2.55
2014-04-05,,,,,,,,,,,,,,,,,,,,,,,,,,,,,,0.08,,,,,,11.03,
2014-04-06,,,,,,,,,,,,,,,,,,,,,,,,,,,,,,0.08,,,,,,9.26,
2014-04-07,,,,,,,,,,,,,,,,,,,,,,,94.0881,2.71,0.41,3.56,2.3,2.68,2.12,0.09,,15.57,4079.75,2.24,100.43,28.66,2.63
2014-04-08,,,,,,,,,,,,,,,,,,,,,,,93.6579,2.69,0.4,3.54,2.29,2.66,2.11,0.08,,14.89,4112.99,2.26,102.57,28.66,2.51
2014-04-09,,,,,,,,,,,,,,,,,,,,,,,93.6716,2.71,0.37,3.57,2.34,2.67,2.14,0.08,,13.82,4183.9,2.25,103.55,6.98,2.58
2014-04-10,,,,,,,,,,,,,,,,,,,,,,,93.5123,2.65,0.37,3.52,2.28,2.61,2.14,0.08,,15.89,4054.11,2.24,103.37,5.83,2.59
2014-04-11,,,,,,,,,,,,,,,,,,,,,,,93.6395,2.63,0.37,3.48,2.26,2.59,2.13,0.09,,17.03,3999.73,2.23,103.68,7.25,2.62
2014-04-12,,,,,,,,,,,,,,,,,,,,,,,,,,,,,,0.09,,,,,,10.89,
2014-04-13,,,,,,,,,,,,,,,,,,,,,,,,,,,,,,0.09,,,,,,28.6,
2014-04-14,,,,,,,,,,,,,,,,,,,,,,,93.8046,2.65,0.37,3.48,2.28,2.61,2.13,0.09,,16.11,4022.69,2.22,104.05,11.68,2.55
2014-04-15,,,,,,,,,,,,,,,,,,,,,,,93.9486,2.64,0.39,3.46,2.25,2.6,2.14,0.1,,15.61,4034.16,2.2,103.7,8.75,2.6
2014-04-16,,,,,,,,,,,,,,,,,,,,,,,93.9461,2.65,0.39,3.45,2.26,2.61,2.17,0.09,,14.18,4086.23,2.19,103.71,7.18,2.61
2014-04-17,,,,,,,,,,,,,,,,,,,,,,,93.8936,2.73,0.43,3.52,2.3,2.7,2.21,0.09,,13.36,4095.52,2.16,104.33,17.88,2.47
2014-04-18,,,,,,,,,,,,,,,,,,,,,,,93.9629,,,,,,,0.1,,,,,,7.53,
2014-04-19,,,,,,,,,,,,,,,,,,,,,,,,,,,,,,0.1,,,,,,11.21,
2014-04-20,,,,,,,,,,,,,,,,,,,,,,,,,,,,,,0.1,,,,,,18.95,
2014-04-21,,,,,,,,,,,,,,,,,,,,,,,94.0337,2.73,0.42,3.52,2.31,2.69,2.2,0.1,,13.25,4121.55,2.18,104.35,12.38,2.43
2014-04-22,,,,,,,,,,,,,,,,,,,,,,,94.0802,2.73,0.45,3.5,2.28,2.7,2.21,0.1,,13.19,4161.46,2.15,101.69,8.9,2.44
2014-04-23,,,,,,,,,,,,,,,,,,,,,,,94.149,2.7,0.43,3.47,2.27,2.68,2.21,0.1,,13.27,4126.97,2.15,101.47,6.96,2.44
2014-04-24,,,,,,,,,,,,,,,,,,,,,,,94.1294,2.7,0.43,3.46,2.27,2.69,2.21,0.1,,13.32,4148.34,2.14,102.2,5.84,2.43
2014-04-25,,,,,,,,,,,,,,,,,,,,,,,94.1623,2.68,0.43,3.45,2.25,2.65,2.2,0.09,,14.06,4075.56,2.13,100.85,7.35,2.44
2014-04-26,,,,,,,,,,,,,,,,,,,,,,,,,,,,,,0.09,,,,,,11.05,
2014-04-27,,,,,,,,,,,,,,,,,,,,,,,,,,,,,,0.09,,,,,,9.29,
2014-04-28,,,,,,,,,,,,,,,,,,,,,,,94.1374,2.7,0.44,3.47,2.26,2.67,2.18,0.09,,13.97,4074.4,2.13,101.13,23.58,2.41
2014-04-29,,,,,,,,,,,,,,,,,,,,,,,94.0295,2.71,0.44,3.49,2.27,2.69,2.18,0.1,,13.71,4103.54,2.15,101.56,35.13,2.41
2014-04-30,,,,,,,,,,,,,,,,,,,,,,,93.8896,2.67,0.42,3.47,2.25,2.64,2.18,0.09,,13.41,4114.56,2.16,100.07,14.01,2.4
2014-05-01,11328.5,2785.3,4322502.0,236.918,237.529,226.763,0.09,0.5660000000000001,138512.0,6.3,62.9,13312.9,11807.3,5.6,104.0887439432108,68.4,30.263870965489176,0.136,249.213,1007.0,1018.0,0.14,93.8707,2.63,0.41,3.41,2.22,2.6,2.2,0.09,,13.25,4127.45,2.14,99.69,5.91,2.44
2014-05-02,,,,,,,,,,,,,,,,,,,,,,,93.8182,2.6,0.42,3.37,2.18,2.58,2.19,0.09,,12.91,4123.9,2.14,100.09,71.99,2.43
2014-05-03,,,,,,,,,,,,,,,,,,,,,,,,,,,,,,0.09,,,,,,10.91,
2014-05-04,,,,,,,,,,,,,,,,,,,,,,,,,,,,,,0.09,,,,,,18.97,
2014-05-05,,,,,,,,,,,,,,,,,,,,,,,93.7334,2.63,0.43,3.41,2.2,2.6,2.18,0.09,,13.29,4138.06,2.15,99.74,11.99,2.44
2014-05-06,,,,,,,,,,,,,,,,,,,,,,,93.4324,2.61,0.43,3.38,2.18,2.58,2.16,0.09,,13.8,4080.76,2.15,99.81,77.14,2.41
2014-05-07,,,,,,,,,,,,,,,,,,,,,,,93.4337,2.62,0.41,3.4,2.21,2.59,2.2,0.08,,13.4,4067.67,2.16,101.06,6.92,2.48
2014-05-08,,,,,,,,,,,,,,,,,,,,,,,93.3686,2.61,0.4,3.45,2.21,2.58,2.19,0.08,,13.43,4051.5,2.18,100.52,5.98,2.45
2014-05-09,,,,,,,,,,,,,,,,,,,,,,,93.6614,2.62,0.4,3.47,2.22,2.59,2.18,0.08,,12.92,4071.87,2.21,100.32,14.49,2.44
2014-05-10,,,,,,,,,,,,,,,,,,,,,,,,,,,,,,0.08,,,,,,10.7,
2014-05-11,,,,,,,,,,,,,,,,,,,,,,,,,,,,,,0.08,,,,,,8.85,
2014-05-12,,,,,,,,,,,,,,,,,,,,,,,93.6537,2.66,0.41,3.49,2.25,2.63,2.18,0.08,,12.23,4143.86,2.2,100.89,11.94,2.45
2014-05-13,,,,,,,,,,,,,,,,,,,,,,,93.6755,2.61,0.39,3.45,2.22,2.58,2.16,0.09,,12.13,4130.17,2.21,102.01,8.87,2.43
2014-05-14,,,,,,,,,,,,,,,,,,,,,,,93.5968,2.54,0.39,3.37,2.15,2.51,2.17,0.08,,12.17,4100.63,2.2,102.63,7.11,2.42
2014-05-15,,,,,,,,,,,,,,,,,,,,,,,93.7065,2.5,0.38,3.33,2.12,2.47,2.19,0.09,,13.17,4069.29,2.22,101.74,12.14,2.42
2014-05-16,,,,,,,,,,,,,,,,,,,,,,,93.6073,2.52,0.38,3.34,2.14,2.49,2.18,0.09,,12.44,4090.59,2.2,102.31,8.72,2.42
2014-05-17,,,,,,,,,,,,,,,,,,,,,,,,,,,,,,0.09,,,,,,107.44,
2014-05-18,,,,,,,,,,,,,,,,,,,,,,,,,,,,,,0.09,,,,,,27.71,
2014-05-19,,,,,,,,,,,,,,,,,,,,,,,93.502,2.54,0.36,3.39,2.18,2.51,2.17,0.09,,12.42,4125.82,2.22,102.95,11.74,2.41
2014-05-20,,,,,,,,,,,,,,,,,,,,,,,93.6699,2.52,0.35,3.38,2.17,2.49,2.17,0.09,,12.96,4096.89,2.23,102.8,8.67,2.42
2014-05-21,,,,,,,,,,,,,,,,,,,,,,,93.7629,2.54,0.37,3.42,2.17,2.5,2.18,0.09,,11.91,4131.54,2.26,104.31,6.98,2.41
2014-05-22,,,,,,,,,,,,,,,,,,,,,,,93.6944,2.56,0.37,3.43,2.19,2.53,2.21,0.09,,12.03,4154.34,2.25,104.03,11.71,2.45
2014-05-23,,,,,,,,,,,,,,,,,,,,,,,93.7042,2.54,0.37,3.4,2.17,2.5,2.22,0.09,,11.36,4185.81,2.24,105.01,14.98,2.47
2014-05-24,,,,,,,,,,,,,,,,,,,,,,,,,,,,,,0.09,,,,,,11.29,
2014-05-25,,,,,,,,,,,,,,,,,,,,,,,,,,,,,,0.09,,,,,,9.52,
2014-05-26,,,,,,,,,,,,,,,,,,,,,,,,,,,,,,0.09,,,,,,17.19,
2014-05-27,,,,,,,,,,,,,,,,,,,,,,,93.8418,2.52,0.39,3.37,2.13,2.48,2.21,0.09,,11.51,4237.07,2.23,104.78,10.08,2.47
2014-05-28,,,,,,,,,,,,,,,,,,,,,,,93.8793,2.44,0.37,3.29,2.07,2.4,2.22,0.09,,11.68,4225.07,2.23,103.37,21.91,2.5
2014-05-29,,,,,,,,,,,,,,,,,,,,,,,93.6973,2.45,0.37,3.31,2.08,2.41,2.23,0.09,,11.57,4247.95,2.24,104.26,12.28,2.5
2014-05-30,,,,,,,,,,,,,,,,,,,,,,,93.7606,2.48,0.37,3.33,2.11,2.44,2.22,0.08,,11.4,4242.62,2.22,103.4,45.38,2.51
2014-05-31,,,,,,,,,,,,,,,,,,,,,,,,,,,,,,0.08,,,,,,23.26,
2014-06-01,11383.7,2817.2,4352084.0,237.231,237.837,227.032,0.1,0.536,138849.0,6.1,62.8,13360.4,11861.7,5.6,86.59414972028037,68.9,18.68332576554847,0.143,249.714,911.0,1010.0,0.18,,,,,,,,0.08,,,,,,9.79,
2014-06-02,,,,,,,,,,,,,,,,,,,,,,,94.0006,2.54,0.39,3.38,2.15,2.5,2.22,0.09,,11.58,4237.2,2.22,103.07,12.17,2.51
2014-06-03,,,,,,,,,,,,,,,,,,,,,,,94.0536,2.6,0.41,3.43,2.19,2.56,2.19,0.1,,11.87,4234.08,2.22,103.34,8.83,2.46
2014-06-04,,,,,,,,,,,,,,,,,,,,,,,94.1239,2.61,0.41,3.45,2.2,2.57,2.17,0.09,,12.08,4251.64,2.23,103.27,7.13,2.44
2014-06-05,,,,,,,,,,,,,,,,,,,,,,,93.9732,2.59,0.4,3.44,2.19,2.55,2.18,0.09,,11.68,4296.23,2.24,103.17,6.19,2.44
2014-06-06,,,,,,,,,,,,,,,,,,,,,,,93.9069,2.6,0.41,3.44,2.19,2.56,2.2,0.09,,10.73,4321.4,2.23,103.32,22.93,2.47
2014-06-07,,,,,,,,,,,,,,,,,,,,,,,,,,,,,,0.09,,,,,,11.61,
2014-06-08,,,,,,,,,,,,,,,,,,,,,,,,,,,,,,0.09,,,,,,9.57,
2014-06-09,,,,,,,,,,,,,,,,,,,,,,,93.9628,2.62,0.43,3.45,2.19,2.58,2.21,0.09,,11.15,4336.24,2.22,105.09,12.47,2.47
2014-06-10,,,,,,,,,,,,,,,,,,,,,,,94.0638,2.64,0.45,3.47,2.19,2.6,2.21,0.09,,10.99,4338.0,2.21,105.02,9.13,2.48
2014-06-11,,,,,,,,,,,,,,,,,,,,,,,93.9744,2.65,0.44,3.47,2.21,2.61,2.22,0.09,,11.6,4331.93,2.2,105.04,7.28,2.5
2014-06-12,,,,,,,,,,,,,,,,,,,,,,,93.8155,2.58,0.42,3.41,2.16,2.54,2.19,0.09,,12.56,4297.63,2.21,107.2,6.15,2.43
2014-06-13,,,,,,,,,,,,,,,,,,,,,,,93.9168,2.6,0.45,3.41,2.15,2.56,2.19,0.1,,12.18,4310.65,2.19,107.49,15.46,2.45
2014-06-14,,,,,,,,,,,,,,,,,,,,,,,,,,,,,,0.1,,,,,,11.58,
2014-06-15,,,,,,,,,,,,,,,,,,,,,,,,,,,,,,0.1,,,,,,9.75,
2014-06-16,,,,,,,,,,,,,,,,,,,,,,,93.8639,2.61,0.49,3.4,2.12,2.57,2.2,0.1,,12.65,4321.11,2.17,107.52,12.16,2.48
2014-06-17,,,,,,,,,,,,,,,,,,,,,,,94.0829,2.66,0.51,3.44,2.15,2.62,2.23,0.1,,12.06,4337.23,2.17,106.95,9.04,2.49
2014-06-18,,,,,,,,,,,,,,,,,,,,,,,94.0525,2.61,0.48,3.43,2.13,2.58,2.23,0.1,,10.61,4362.84,2.19,106.64,14.72,2.48
2014-06-19,,,,,,,,,,,,,,,,,,,,,,,93.752,2.64,0.48,3.47,2.16,2.62,2.25,0.1,,10.62,4359.33,2.19,107.08,68.83,2.48
2014-06-20,,,,,,,,,,,,,,,,,,,,,,,93.7591,2.63,0.5,3.44,2.13,2.61,2.28,0.1,,10.85,4368.04,2.2,107.95,15.59,2.54
2014-06-21,,,,,,,,,,,,,,,,,,,,,,,,,,,,,,0.1,,,,,,46.33,
2014-06-22,,,,,,,,,,,,,,,,,,,,,,,,,,,,,,0.1,,,,,,39.7,
2014-06-23,,,,,,,,,,,,,,,,,,,,,,,93.628,2.63,0.48,3.45,2.15,2.6,2.28,0.1,,10.98,4368.68,2.19,106.83,12.55,2.53
2014-06-24,,,,,,,,,,,,,,,,,,,,,,,93.7093,2.59,0.49,3.41,2.1,2.56,2.28,0.1,,12.13,4350.36,2.18,106.64,18.66,2.51
2014-06-25,,,,,,,,,,,,,,,,,,,,,,,93.5851,2.57,0.48,3.38,2.09,2.54,2.28,0.1,,11.59,4379.76,2.18,107.04,7.72,2.53
2014-06-26,,,,,,,,,,,,,,,,,,,,,,,93.5471,2.53,0.46,3.35,2.07,2.49,2.27,0.1,,11.63,4379.05,2.18,106.49,6.68,2.52
2014-06-27,,,,,,,,,,,,,,,,,,,,,,,93.3983,2.54,0.45,3.36,2.09,2.51,2.27,0.1,,11.26,4397.93,2.2,106.46,8.24,2.51
2014-06-28,,,,,,,,,,,,,,,,,,,,,,,,,,,,,,0.1,,,,,,12.08,
2014-06-29,,,,,,,,,,,,,,,,,,,,,,,,,,,,,,0.1,,,,,,21.36,
2014-06-30,,,,,,,,,,,,,,,,,,,,,,,93.2058,2.53,0.47,3.34,2.06,2.49,2.26,0.09,,11.57,4408.18,2.18,106.07,13.15,2.52
2014-07-01,11438.4,2837.3,4395203.0,237.498,238.195,227.114,0.09,0.527,139073.0,6.2,62.9,13386.8,11904.4,5.5,93.13376317781474,72.39,42.366430029041425,0.143,248.744,1085.0,1076.0,0.2,93.1365,2.58,0.47,3.4,2.11,2.56,2.26,0.1,,11.15,4458.65,2.19,106.06,10.28,2.52
2014-07-02,,,,,,,,,,,,,,,,,,,,,,,93.2478,2.64,0.49,3.46,2.15,2.62,2.26,0.1,,10.82,4457.73,2.2,105.18,8.43,2.51
2014-07-03,,,,,,,,,,,,,,,,,,,,,,,93.3149,2.65,0.52,3.47,2.13,2.64,2.28,0.09,,10.32,4485.93,2.21,104.76,34.65,2.53
2014-07-04,,,,,,,,,,,,,,,,,,,,,,,,,,,,,,0.09,,,,,,11.47,
2014-07-05,,,,,,,,,,,,,,,,,,,,,,,,,,,,,,0.09,,,,,,14.88,
2014-07-06,,,,,,,,,,,,,,,,,,,,,,,,,,,,,,0.09,,,,,,79.07,
2014-07-07,,,,,,,,,,,,,,,,,,,,,,,93.3803,2.63,0.52,3.44,2.11,2.59,2.27,0.1,,11.33,4451.53,2.18,104.19,13.43,2.53
2014-07-08,,,,,,,,,,,,,,,,,,,,,,,93.323,2.58,0.51,3.38,2.07,2.55,2.27,0.09,,11.98,4391.46,2.18,104.06,9.58,2.55
2014-07-09,,,,,,,,,,,,,,,,,,,,,,,93.228,2.57,0.51,3.37,2.06,2.54,2.29,0.09,,11.65,4419.03,2.17,102.93,7.79,2.6
2014-07-10,,,,,,,,,,,,,,,,,,,,,,,93.3152,2.55,0.46,3.38,2.09,2.53,2.28,0.09,,12.59,4396.2,2.2,103.61,6.68,2.56
2014-07-11,,,,,,,,,,,,,,,,,,,,,,,93.4171,2.53,0.48,3.34,2.05,2.51,2.28,0.09,,12.08,4415.49,2.2,101.48,41.16,2.57
2014-07-12,,,,,,,,,,,,,,,,,,,,,,,,,,,,,,0.09,,,,,,13.13,
2014-07-13,,,,,,,,,,,,,,,,,,,,,,,,,,,,,,0.09,,,,,,21.43,
2014-07-14,,,,,,,,,,,,,,,,,,,,,,,93.4101,2.55,0.48,3.36,2.07,2.52,2.27,0.09,,11.82,4440.42,2.21,101.73,37.73,2.55
2014-07-15,,,,,,,,,,,,,,,,,,,,,,,93.5796,2.56,0.49,3.37,2.07,2.54,2.25,0.09,,11.96,4416.39,2.2,100.56,9.74,2.54
2014-07-16,,,,,,,,,,,,,,,,,,,,,,,93.5991,2.55,0.5,3.35,2.05,2.53,2.23,0.09,,11.0,4425.97,2.19,101.88,15.69,2.51
2014-07-17,,,,,,,,,,,,,,,,,,,,,,,93.6586,2.47,0.47,3.27,2.0,2.45,2.23,0.09,,14.54,4363.45,2.22,103.84,6.37,2.49
2014-07-18,,,,,,,,,,,,,,,,,,,,,,,93.6608,2.5,0.51,3.29,1.99,2.48,2.24,0.09,,12.06,4432.15,2.2,103.83,32.77,2.52
2014-07-19,,,,,,,,,,,,,,,,,,,,,,,,,,,,,,0.09,,,,,,115.38,
2014-07-20,,,,,,,,,,,,,,,,,,,,,,,,,,,,,,0.09,,,,,,10.5,
2014-07-21,,,,,,,,,,,,,,,,,,,,,,,93.6069,2.49,0.51,3.26,1.98,2.46,2.24,0.1,,12.81,4424.7,2.19,105.34,12.58,2.51
2014-07-22,,,,,,,,,,,,,,,,,,,,,,,93.6306,2.48,0.49,3.25,1.99,2.45,2.23,0.09,,12.24,4456.02,2.19,104.59,9.32,2.53
2014-07-23,,,,,,,,,,,,,,,,,,,,,,,93.5951,2.48,0.5,3.26,1.98,2.45,2.23,0.09,,11.52,4473.7,2.2,103.81,7.68,2.54
2014-07-24,,,,,,,,,,,,,,,,,,,,,,,93.6836,2.52,0.53,3.3,1.99,2.49,2.27,0.09,,11.84,4472.11,2.2,102.76,6.42,2.61
2014-07-25,,,,,,,,,,,,,,,,,,,,,,,93.8294,2.48,0.53,3.24,1.95,2.45,2.28,0.09,,12.69,4449.56,2.19,105.23,8.21,2.61
2014-07-26,,,,,,,,,,,,,,,,,,,,,,,,,,,,,,0.09,,,,,,74.69,
2014-07-27,,,,,,,,,,,,,,,,,,,,,,,,,,,,,,0.09,,,,,,51.76,
2014-07-28,,,,,,,,,,,,,,,,,,,,,,,93.83,2.5,0.54,3.26,1.96,2.46,2.28,0.09,,12.56,4444.91,2.19,105.68,12.99,2.61
2014-07-29,,,,,,,,,,,,,,,,,,,,,,,94.0443,2.47,0.54,3.22,1.93,2.45,2.27,0.09,,13.28,4442.7,2.18,104.91,19.49,2.6
2014-07-30,,,,,,,,,,,,,,,,,,,,,,,94.3473,2.57,0.56,3.31,2.01,2.53,2.28,0.09,,13.33,4462.9,2.17,104.29,7.88,2.6
2014-07-31,,,,,,,,,,,,,,,,,,,,,,,94.4467,2.58,0.53,3.32,2.05,2.55,2.29,0.08,,16.95,4369.77,2.17,98.23,32.83,2.61
2014-08-01,11462.5,2787.0,4417174.0,237.46,238.405,226.823,0.09,0.488,139269.0,6.1,62.9,13445.9,11983.7,5.3,99.4123542221572,53.54,34.959716777078064,0.143,245.699,984.0,1047.0,0.16,94.4754,2.52,0.47,3.29,2.05,2.49,2.27,0.09,,17.03,4352.64,2.23,97.86,16.36,2.62
2014-08-02,,,,,,,,,,,,,,,,,,,,,,,,,,,,,,0.09,,,,,,88.61,
2014-08-03,,,,,,,,,,,,,,,,,,,,,,,,,,,,,,0.09,,,,,,62.77,
2014-08-04,,,,,,,,,,,,,,,,,,,,,,,94.448,2.51,0.47,3.3,2.04,2.47,2.25,0.09,,15.12,4383.89,2.24,98.26,25.63,2.6
2014-08-05,,,,,,,,,,,,,,,,,,,,,,,94.6754,2.49,0.47,3.28,2.02,2.46,2.24,0.09,,16.87,4352.84,2.25,97.34,9.58,2.58
2014-08-06,,,,,,,,,,,,,,,,,,,,,,,94.6092,2.49,0.48,3.27,2.01,2.46,2.25,0.09,,16.37,4355.05,2.26,96.93,7.75,2.6
2014-08-07,,,,,,,,,,,,,,,,,,,,,,,94.6364,2.43,0.44,3.23,1.99,2.4,2.24,0.09,,16.66,4334.97,2.28,97.34,7.28,2.59
2014-08-08,,,,,,,,,,,,,,,,,,,,,,,94.6027,2.44,0.45,3.23,1.99,2.41,2.25,0.09,,15.77,4370.9,2.27,97.61,14.68,2.64
2014-08-09,,,,,,,,,,,,,,,,,,,,,,,,,,,,,,0.09,,,,,,13.06,
2014-08-10,,,,,,,,,,,,,,,,,,,,,,,,,,,,,,0.09,,,,,,10.54,
2014-08-11,,,,,,,,,,,,,,,,,,,,,,,94.4767,2.44,0.47,3.24,1.97,2.4,2.25,0.09,,14.23,4401.33,2.28,98.09,13.07,2.64
2014-08-12,,,,,,,,,,,,,,,,,,,,,,,94.5211,2.46,0.45,3.27,2.01,2.43,2.24,0.09,,14.13,4389.25,2.29,97.36,9.61,2.61
2014-08-13,,,,,,,,,,,,,,,,,,,,,,,94.4681,2.43,0.43,3.24,2.0,2.39,2.23,0.09,,12.9,4434.13,2.31,97.57,7.88,2.58
2014-08-14,,,,,,,,,,,,,,,,,,,,,,,94.3508,2.4,0.42,3.2,1.98,2.36,2.21,0.09,,12.42,4453.0,2.29,95.54,6.35,2.58
2014-08-15,,,,,,,,,,,,,,,,,,,,,,,94.2941,2.34,0.42,3.13,1.92,2.31,2.18,0.09,,13.15,4464.93,2.29,97.3,8.07,2.53
2014-08-16,,,,,,,,,,,,,,,,,,,,,,,,,,,,,,0.09,,,,,,24.94,
2014-08-17,,,,,,,,,,,,,,,,,,,,,,,,,,,,,,0.09,,,,,,10.37,
2014-08-18,,,,,,,,,,,,,,,,,,,,,,,94.2519,2.39,0.44,3.2,1.95,2.36,2.18,0.09,,12.32,4508.31,2.31,96.44,12.82,2.51
2014-08-19,,,,,,,,,,,,,,,,,,,,,,,94.4356,2.4,0.46,3.21,1.94,2.37,2.17,0.09,,12.21,4527.51,2.33,94.35,9.54,2.53
2014-08-20,,,,,,,,,,,,,,,,,,,,,,,94.5937,2.43,0.49,3.22,1.94,2.39,2.17,0.09,,11.78,4526.48,2.3,96.4,7.78,2.51
2014-08-21,,,,,,,,,,,,,,,,,,,,,,,94.673,2.41,0.49,3.19,1.92,2.39,2.17,0.09,,11.76,4532.1,2.28,93.97,6.4,2.54
2014-08-22,,,,,,,,,,,,,,,,,,,,,,,94.8012,2.4,0.53,3.16,1.87,2.37,2.14,0.09,,11.47,4538.55,2.26,93.61,7.8,2.49
2014-08-23,,,,,,,,,,,,,,,,,,,,,,,,,,,,,,0.09,,,,,,109.03,
2014-08-24,,,,,,,,,,,,,,,,,,,,,,,,,,,,,,0.09,,,,,,29.27,
2014-08-25,,,,,,,,,,,,,,,,,,,,,,,94.9159,2.39,0.53,3.13,1.86,2.35,2.15,0.09,,11.7,4557.35,2.25,95.39,26.1,2.52
2014-08-26,,,,,,,,,,,,,,,,,,,,,,,94.8617,2.39,0.52,3.15,1.87,2.36,2.14,0.09,,11.63,4570.64,2.26,95.78,9.46,2.45
2014-08-27,,,,,,,,,,,,,,,,,,,,,,,94.6863,2.37,0.51,3.11,1.86,2.33,2.14,0.09,,11.78,4569.62,2.24,95.82,7.53,2.48
2014-08-28,,,,,,,,,,,,,,,,,,,,,,,94.6947,2.34,0.5,3.08,1.84,2.31,2.13,0.09,,12.05,4557.7,2.23,96.44,6.47,2.49
2014-08-29,,,,,,,,,,,,,,,,,,,,,,,94.7251,2.35,0.48,3.09,1.87,2.32,2.12,0.07,,11.98,4580.27,2.23,97.86,62.76,2.48
2014-08-30,,,,,,,,,,,,,,,,,,,,,,,,,,,,,,0.07,,,,,,11.78,
2014-08-31,,,,,,,,,,,,,,,,,,,,,,,,,,,,,,0.07,,,,,,10.34,
2014-09-01,11503.7,2861.2,4436408.0,237.477,238.786,226.601,0.09,0.497,139563.0,5.9,62.8,13486.3,11991.4,5.5,123.4527425723682,57.97,45.63621949611687,0.141,241.61,1023.0,1077.0,0.06,,,,,,,,0.07,,,,,,17.75,
2014-09-02,,,,,,,,,,,,,,,,,,,,,,,95.063,2.42,0.53,3.17,1.89,2.39,2.15,0.09,,12.25,4598.19,2.25,92.92,10.42,2.54
2014-09-03,,,,,,,,,,,,,,,,,,,,,,,94.8709,2.41,0.52,3.15,1.89,2.38,2.17,0.09,,12.36,4572.57,2.24,95.5,7.7,2.57
2014-09-04,,,,,,,,,,,,,,,,,,,,,,,95.2641,2.45,0.54,3.21,1.91,2.42,2.17,0.09,,12.64,4562.29,2.25,94.51,6.47,2.58
2014-09-05,,,,,,,,,,,,,,,,,,,,,,,95.2203,2.46,0.52,3.23,1.94,2.43,2.15,0.09,,12.09,4582.9,2.29,93.32,7.79,2.53
2014-09-06,,,,,,,,,,,,,,,,,,,,,,,,,,,,,,0.09,,,,,,11.23,
2014-09-07,,,,,,,,,,,,,,,,,,,,,,,,,,,,,,0.09,,,,,,29.71,
2014-09-08,,,,,,,,,,,,,,,,,,,,,,,95.4167,2.48,0.54,3.23,1.94,2.46,2.13,0.09,,12.66,4592.29,2.26,92.64,12.31,2.52
2014-09-09,,,,,,,,,,,,,,,,,,,,,,,95.8811,2.5,0.56,3.23,1.94,2.48,2.11,0.09,,13.5,4552.29,2.25,92.73,9.02,2.51
2014-09-10,,,,,,,,,,,,,,,,,,,,,,,95.8641,2.54,0.58,3.26,1.96,2.52,2.1,0.09,,12.88,4586.52,2.26,91.71,7.25,2.51
2014-09-11,,,,,,,,,,,,,,,,,,,,,,,95.9184,2.54,0.58,3.27,1.96,2.52,2.12,0.09,,12.8,4591.81,2.25,92.89,12.54,2.48
2014-09-12,,,,,,,,,,,,,,,,,,,,,,,96.0748,2.62,0.58,3.35,2.04,2.6,2.13,0.09,,13.31,4567.6,2.27,92.18,7.64,2.51
2014-09-13,,,,,,,,,,,,,,,,,,,,,,,,,,,,,,0.09,,,,,,10.97,
2014-09-14,,,,,,,,,,,,,,,,,,,,,,,,,,,,,,0.09,,,,,,9.76,
2014-09-15,,,,,,,,,,,,,,,,,,,,,,,96.1195,2.6,0.58,3.34,2.02,2.58,2.13,0.09,,14.12,4518.9,2.28,92.86,12.35,2.53
2014-09-16,,,,,,,,,,,,,,,,,,,,,,,95.8483,2.6,0.55,3.36,2.05,2.58,2.12,0.09,,12.73,4552.76,2.3,94.91,9.04,2.49
2014-09-17,,,,,,,,,,,,,,,,,,,,,,,95.9106,2.62,0.59,3.37,2.03,2.6,2.06,0.09,,12.65,4562.19,2.29,94.33,28.42,2.49
2014-09-18,,,,,,,,,,,,,,,,,,,,,,,96.1284,2.63,0.59,3.36,2.04,2.61,2.02,0.09,,12.03,4593.43,2.28,93.07,6.25,2.48
2014-09-19,,,,,,,,,,,,,,,,,,,,,,,96.3417,2.59,0.59,3.29,2.0,2.57,2.03,0.09,,12.11,4579.79,2.26,92.43,15.03,2.5
2014-09-20,,,,,,,,,,,,,,,,,,,,,,,,,,,,,,0.09,,,,,,98.08,
2014-09-21,,,,,,,,,,,,,,,,,,,,,,,,,,,,,,0.09,,,,,,19.25,
2014-09-22,,,,,,,,,,,,,,,,,,,,,,,96.4625,2.57,0.58,3.28,1.99,2.56,1.99,0.09,,13.69,4527.69,2.27,91.46,12.05,2.38
2014-09-23,,,,,,,,,,,,,,,,,,,,,,,96.5112,2.54,0.57,3.25,1.97,2.53,2.02,0.09,,14.93,4508.69,2.26,91.55,79.78,2.41
2014-09-24,,,,,,,,,,,,,,,,,,,,,,,96.6574,2.57,0.59,3.28,1.98,2.55,2.03,0.09,,13.27,4555.22,2.27,93.6,60.04,2.4
2014-09-25,,,,,,,,,,,,,,,,,,,,,,,96.8988,2.52,0.56,3.22,1.96,2.51,2.02,0.09,,15.64,4466.75,2.27,93.59,6.23,2.42
2014-09-26,,,,,,,,,,,,,,,,,,,,,,,97.208,2.54,0.59,3.22,1.95,2.53,1.97,0.09,,14.85,4512.19,2.27,95.55,7.56,2.35
2014-09-27,,,,,,,,,,,,,,,,,,,,,,,,,,,,,,0.09,,,,,,10.71,
2014-09-28,,,,,,,,,,,,,,,,,,,,,,,,,,,,,,0.09,,,,,,9.85,
2014-09-29,,,,,,,,,,,,,,,,,,,,,,,97.3523,2.5,0.58,3.18,1.92,2.48,1.95,0.08,,15.98,4505.85,2.27,94.53,12.1,2.29
2014-09-30,,,,,,,,,,,,,,,,,,,,,,,97.5261,2.52,0.58,3.21,1.94,2.5,1.97,0.07,,16.31,4493.39,2.29,91.17,44.64,2.38
2014-10-01,11577.5,2880.4,4469679.0,237.43,239.191,226.293,0.09,0.465,139797.0,5.7,62.9,13550.7,12064.7,5.4,119.17549093364966,66.29,41.26954379968663,0.136,237.061,1074.0,1094.0,0.14,97.5387,2.42,0.53,3.12,1.89,2.4,1.96,0.09,,16.71,4422.09,2.31,90.74,21.84,2.32
2014-10-02,,,,,,,,,,,,,,,,,,,,,,,97.3062,2.44,0.53,3.15,1.91,2.43,1.95,0.09,,16.16,4430.2,2.32,91.02,19.45,2.33
2014-10-03,,,,,,,,,,,,,,,,,,,,,,,97.9846,2.45,0.57,3.13,1.88,2.44,1.93,0.09,,14.55,4475.62,2.29,89.76,7.53,2.3
2014-10-04,,,,,,,,,,,,,,,,,,,,,,,,,,,,,,0.09,,,,,,10.98,
2014-10-05,,,,,,,,,,,,,,,,,,,,,,,,,,,,,,0.09,,,,,,9.62,
2014-10-06,,,,,,,,,,,,,,,,,,,,,,,97.5513,2.43,0.54,3.12,1.89,2.41,1.93,0.09,,15.46,4454.8,2.3,90.33,11.88,2.31
2014-10-07,,,,,,,,,,,,,,,,,,,,,,,97.4459,2.36,0.52,3.06,1.84,2.34,1.92,0.09,,17.2,4385.2,2.3,88.89,54.57,2.32
2014-10-08,,,,,,,,,,,,,,,,,,,,,,,97.4945,2.35,0.46,3.07,1.89,2.34,1.96,0.09,,15.11,4468.59,2.32,87.29,7.23,2.38
2014-10-09,,,,,,,,,,,,,,,,,,,,,,,97.1711,2.34,0.46,3.07,1.88,2.33,1.97,0.08,,18.76,4378.34,2.34,85.76,25.72,2.42
2014-10-10,,,,,,,,,,,,,,,,,,,,,,,97.4144,2.31,0.45,3.03,1.86,2.3,1.96,0.09,,21.24,4276.24,2.36,85.87,113.77,2.4
2014-10-11,,,,,,,,,,,,,,,,,,,,,,,,,,,,,,0.09,,,,,,32.98,
2014-10-12,,,,,,,,,,,,,,,,,,,,,,,,,,,,,,0.09,,,,,,29.31,
2014-10-13,,,,,,,,,,,,,,,,,,,,,,,,,,,,,,0.09,,24.64,4213.66,,85.73,24.56,
2014-10-14,,,,,,,,,,,,,,,,,,,,,,,97.3943,2.21,0.39,2.95,1.82,2.19,1.92,0.09,,22.79,4227.17,2.39,81.72,9.09,2.43
2014-10-15,,,,,,,,,,,,,,,,,,,,,,,97.3532,2.15,0.34,2.92,1.81,2.13,1.86,0.09,,26.25,4215.32,2.44,81.82,14.47,2.35
2014-10-16,,,,,,,,,,,,,,,,,,,,,,,97.2869,2.17,0.35,2.94,1.82,2.14,1.89,0.09,,25.2,4217.39,2.47,82.33,45.37,2.41
2014-10-17,,,,,,,,,,,,,,,,,,,,,,,97.3067,2.22,0.39,2.98,1.83,2.2,1.92,0.09,,21.99,4258.44,2.44,82.8,83.92,2.41
2014-10-18,,,,,,,,,,,,,,,,,,,,,,,,,,,,,,0.09,,,,,,21.84,
2014-10-19,,,,,,,,,,,,,,,,,,,,,,,,,,,,,,0.09,,,,,,9.69,
2014-10-20,,,,,,,,,,,,,,,,,,,,,,,97.2874,2.2,0.37,2.96,1.83,2.18,1.91,0.09,,18.57,4316.07,2.45,82.76,11.96,2.37
2014-10-21,,,,,,,,,,,,,,,,,,,,,,,97.2488,2.23,0.38,3.0,1.85,2.21,1.9,0.09,,16.08,4419.48,2.43,83.25,26.71,2.38
2014-10-22,,,,,,,,,,,,,,,,,,,,,,,97.459,2.25,0.41,3.01,1.84,2.23,1.91,0.09,,17.87,4382.85,2.42,80.52,28.07,2.35
2014-10-23,,,,,,,,,,,,,,,,,,,,,,,97.6047,2.29,0.41,3.05,1.88,2.28,1.91,0.09,,16.53,4452.79,2.42,82.81,6.6,2.39
2014-10-24,,,,,,,,,,,,,,,,,,,,,,,97.4772,2.29,0.41,3.05,1.88,2.28,1.9,0.09,,16.11,4483.72,2.43,81.27,15.19,2.34
2014-10-25,,,,,,,,,,,,,,,,,,,,,,,,,,,,,,0.09,,,,,,21.61,
2014-10-26,,,,,,,,,,,,,,,,,,,,,,,,,,,,,,0.09,,,,,,27.06,
2014-10-27,,,,,,,,,,,,,,,,,,,,,,,97.5423,2.27,0.41,3.04,1.86,2.25,1.89,0.09,,16.04,4485.93,2.44,81.26,33.76,2.34
2014-10-28,,,,,,,,,,,,,,,,,,,,,,,97.2173,2.3,0.42,3.06,1.88,2.28,1.91,0.09,,14.39,4564.29,2.43,81.36,9.0,2.35
2014-10-29,,,,,,,,,,,,,,,,,,,,,,,97.0145,2.34,0.48,3.06,1.86,2.31,1.92,0.09,,15.15,4549.23,2.36,82.25,21.58,2.37
2014-10-30,,,,,,,,,,,,,,,,,,,,,,,97.456,2.32,0.48,3.04,1.84,2.31,1.9,0.09,,14.52,4566.14,2.39,81.06,24.41,2.31
2014-10-31,,,,,,,,,,,,,,,,,,,,,,,98.1163,2.35,0.5,3.07,1.85,2.34,1.92,0.07,,14.03,4630.74,2.39,80.53,7.5,2.31
2014-11-01,11618.2,2888.2,4488543.0,236.983,239.458,225.385,0.09,0.42,140090.0,5.8,62.9,13624.4,12083.9,5.6,113.94876217590394,58.18,32.1126884967344,0.134,229.016,1001.0,1059.0,0.1,,,,,,,,0.07,,,,,,10.87,
2014-11-02,,,,,,,,,,,,,,,,,,,,,,,,,,,,,,0.07,,,,,,9.64,
2014-11-03,,,,,,,,,,,,,,,,,,,,,,,98.5336,2.36,0.52,3.07,1.84,2.34,1.93,0.09,,14.73,4638.91,2.39,78.77,24.16,2.31
2014-11-04,,,,,,,,,,,,,,,,,,,,,,,98.5576,2.35,0.52,3.05,1.83,2.32,1.92,0.1,,14.89,4623.64,2.39,77.15,9.03,2.35
2014-11-05,,,,,,,,,,,,,,,,,,,,,,,98.8086,2.36,0.52,3.06,1.84,2.33,1.93,0.09,,14.17,4620.72,2.39,78.71,7.01,2.32
2014-11-06,,,,,,,,,,,,,,,,,,,,,,,99.1325,2.39,0.54,3.09,1.85,2.36,1.94,0.09,,13.67,4638.47,2.4,77.87,6.2,2.3
2014-11-07,,,,,,,,,,,,,,,,,,,,,,,99.0236,2.32,0.51,3.04,1.81,2.29,1.94,0.09,,13.12,4632.53,2.43,78.71,7.84,2.29
2014-11-08,,,,,,,,,,,,,,,,,,,,,,,,,,,,,,0.09,,,,,,11.49,
2014-11-09,,,,,,,,,,,,,,,,,,,,,,,,,,,,,,0.09,,,,,,19.7,
2014-11-10,,,,,,,,,,,,,,,,,,,,,,,98.9305,2.38,0.55,3.09,1.83,2.36,1.94,0.09,,12.67,4651.62,2.41,77.43,11.99,2.3
2014-11-11,,,,,,,,,,,,,,,,,,,,,,,,,,,,,,0.09,,12.92,4660.56,,77.85,19.17,
2014-11-12,,,,,,,,,,,,,,,,,,,,,,,98.8897,2.37,0.55,3.09,1.82,2.35,1.91,0.09,,13.02,4675.13,2.43,77.16,7.68,2.29
2014-11-13,,,,,,,,,,,,,,,,,,,,,,,99.1045,2.35,0.53,3.08,1.82,2.33,1.88,0.09,,13.79,4680.14,2.47,74.13,12.34,2.28
2014-11-14,,,,,,,,,,,,,,,,,,,,,,,99.0917,2.32,0.54,3.04,1.78,2.3,1.89,0.09,,13.31,4688.54,2.48,75.91,15.58,2.33
2014-11-15,,,,,,,,,,,,,,,,,,,,,,,,,,,,,,0.09,,,,,,11.45,
2014-11-16,,,,,,,,,,,,,,,,,,,,,,,,,,,,,,0.09,,,,,,29.8,
2014-11-17,,,,,,,,,,,,,,,,,,,,,,,99.2188,2.34,0.54,3.06,1.8,2.31,1.86,0.1,,13.99,4671.0,2.49,75.64,11.98,2.3
2014-11-18,,,,,,,,,,,,,,,,,,,,,,,99.0185,2.32,0.53,3.05,1.79,2.3,1.84,0.11,,13.86,4702.44,2.52,74.55,9.24,2.26
2014-11-19,,,,,,,,,,,,,,,,,,,,,,,99.2424,2.36,0.54,3.08,1.82,2.35,1.83,0.1,,13.96,4675.71,2.51,74.55,7.49,2.27
2014-11-20,,,,,,,,,,,,,,,,,,,,,,,99.2554,2.34,0.53,3.05,1.81,2.32,1.85,0.1,,13.58,4701.87,2.52,75.63,6.34,2.29
2014-11-21,,,,,,,,,,,,,,,,,,,,,,,99.2894,2.31,0.53,3.02,1.78,2.3,1.86,0.1,,12.9,4712.97,2.49,76.52,8.0,2.28
2014-11-22,,,,,,,,,,,,,,,,,,,,,,,,,,,,,,0.1,,,,,,11.58,
2014-11-23,,,,,,,,,,,,,,,,,,,,,,,,,,,,,,0.1,,,,,,9.92,
2014-11-24,,,,,,,,,,,,,,,,,,,,,,,99.4227,2.3,0.53,3.01,1.77,2.28,1.86,0.1,,12.62,4754.89,2.5,75.74,36.39,2.29
2014-11-25,,,,,,,,,,,,,,,,,,,,,,,99.2837,2.27,0.51,2.97,1.76,2.25,1.85,0.1,,12.25,4758.25,2.46,74.04,18.63,2.23
2014-11-26,,,,,,,,,,,,,,,,,,,,,,,99.1893,2.24,0.53,2.95,1.71,2.22,1.82,0.1,,12.07,4787.32,2.47,73.7,7.82,2.2
2014-11-27,,,,,,,,,,,,,,,,,,,,,,,,,,,,,,0.1,,,,,,17.74,
2014-11-28,,,,,,,,,,,,,,,,,,,,,,,100.0719,2.18,0.47,2.89,1.71,2.16,1.79,0.08,,13.33,4791.63,2.52,65.94,9.85,2.19
2014-11-29,,,,,,,,,,,,,,,,,,,,,,,,,,,,,,0.08,,,,,,13.1,
2014-11-30,,,,,,,,,,,,,,,,,,,,,,,,,,,,,,0.08,,,,,,10.73,
2014-12-01,11701.9,2955.8,4496885.0,236.252,239.584,224.135,0.12,0.33,140364.0,5.6,62.8,13719.1,12096.1,6.0,111.433327586478,66.24,37.34541893242698,0.135,218.536,1073.0,1072.0,0.28,99.8964,2.22,0.49,2.95,1.73,2.19,1.79,0.13,,14.29,4727.35,2.54,68.98,12.07,2.19
2014-12-02,,,,,,,,,,,,,,,,,,,,,,,100.4478,2.28,0.55,3.0,1.73,2.25,1.77,0.12,,12.85,4755.81,2.54,66.99,9.35,2.18
2014-12-03,,,,,,,,,,,,,,,,,,,,,,,100.5696,2.29,0.57,2.99,1.72,2.28,1.79,0.12,,12.47,4774.47,2.52,67.3,7.59,2.2
2014-12-04,,,,,,,,,,,,,,,,,,,,,,,100.3931,2.25,0.55,2.94,1.7,2.23,1.77,0.12,,12.38,4769.44,2.53,66.73,12.95,2.18
2014-12-05,,,,,,,,,,,,,,,,,,,,,,,101.0989,2.31,0.65,2.97,1.66,2.29,1.75,0.12,,11.82,4780.76,2.48,65.89,15.79,2.15
2014-12-06,,,,,,,,,,,,,,,,,,,,,,,,,,,,,,0.12,,,,,,11.85,
2014-12-07,,,,,,,,,,,,,,,,,,,,,,,,,,,,,,0.12,,,,,,20.12,
2014-12-08,,,,,,,,,,,,,,,,,,,,,,,101.31,2.26,0.64,2.9,1.62,2.23,1.71,0.12,,14.21,4740.69,2.48,63.13,24.09,2.18
2014-12-09,,,,,,,,,,,,,,,,,,,,,,,100.8095,2.22,0.64,2.87,1.58,2.18,1.73,0.12,,14.89,4766.47,2.51,63.74,8.98,2.12
2014-12-10,,,,,,,,,,,,,,,,,,,,,,,101.0212,2.18,0.59,2.83,1.59,2.15,1.71,0.12,,18.53,4684.03,2.53,60.99,14.79,2.15
2014-12-11,,,,,,,,,,,,,,,,,,,,,,,101.4448,2.19,0.62,2.84,1.57,2.16,1.7,0.12,,20.08,4708.16,2.53,60.01,6.44,2.13
2014-12-12,,,,,,,,,,,,,,,,,,,,,,,101.3735,2.1,0.56,2.75,1.54,2.08,1.64,0.12,,21.08,4653.6,2.58,57.81,31.89,2.08
2014-12-13,,,,,,,,,,,,,,,,,,,,,,,,,,,,,,0.12,,,,,,11.86,
2014-12-14,,,,,,,,,,,,,,,,,,,,,,,,,,,,,,0.12,,,,,,51.64,
2014-12-15,,,,,,,,,,,,,,,,,,,,,,,101.674,2.12,0.6,2.74,1.52,2.08,1.62,0.11,,20.42,4605.16,2.56,55.96,12.13,2.07
2014-12-16,,,,,,,,,,,,,,,,,,,,,,,101.526,2.07,0.58,2.69,1.49,2.04,1.65,0.12,,23.57,4547.83,2.6,55.97,9.14,2.09
2014-12-17,,,,,,,,,,,,,,,,,,,,,,,101.5527,2.14,0.62,2.74,1.52,2.11,1.65,0.13,,19.44,4644.31,2.6,56.43,45.86,2.08
2014-12-18,,,,,,,,,,,,,,,,,,,,,,,101.7531,2.22,0.67,2.82,1.55,2.18,1.65,0.13,,16.81,4748.4,2.56,54.18,85.59,2.1
2014-12-19,,,,,,,,,,,,,,,,,,,,,,,102.0483,2.17,0.67,2.77,1.5,2.13,1.68,0.13,,16.49,4765.38,2.56,56.91,15.75,2.09
2014-12-20,,,,,,,,,,,,,,,,,,,,,,,,,,,,,,0.13,,,,,,12.23,
2014-12-21,,,,,,,,,,,,,,,,,,,,,,,,,,,,,,0.13,,,,,,10.61,
2014-12-22,,,,,,,,,,,,,,,,,,,,,,,101.9942,2.17,0.71,2.75,1.46,2.12,1.7,0.13,,15.25,4781.42,2.53,55.25,12.53,2.11
2014-12-23,,,,,,,,,,,,,,,,,,,,,,,102.348,2.26,0.73,2.85,1.53,2.23,1.7,0.13,,14.8,4765.42,2.53,56.78,9.82,2.1
2014-12-24,,,,,,,,,,,,,,,,,,,,,,,102.3028,2.27,0.73,2.83,1.54,2.26,1.68,0.13,,14.37,4773.47,2.5,55.7,17.29,2.1
2014-12-25,,,,,,,,,,,,,,,,,,,,,,,,,,,,,,0.13,,,,,,11.4,
2014-12-26,,,,,,,,,,,,,,,,,,,,,,,,2.25,0.73,2.81,1.52,2.24,1.67,0.13,,14.5,4806.86,2.5,54.59,10.8,2.08
2014-12-27,,,,,,,,,,,,,,,,,,,,,,,,,,,,,,0.13,,,,,,13.85,
2014-12-28,,,,,,,,,,,,,,,,,,,,,,,,,,,,,,0.13,,,,,,32.98,
2014-12-29,,,,,,,,,,,,,,,,,,,,,,,102.3767,2.22,0.72,2.78,1.5,2.19,1.65,0.13,,15.06,4806.91,2.49,53.46,12.87,2.08
2014-12-30,,,,,,,,,,,,,,,,,,,,,,,102.1019,2.2,0.69,2.76,1.51,2.17,1.64,0.13,,15.92,4777.44,2.49,54.14,30.1,2.07
2014-12-31,,,,,,,,,,,,,,,,,,,,,,,102.2843,2.17,0.67,2.75,1.5,2.13,1.68,0.06,,19.2,4736.05,2.51,53.45,101.77,2.09
2015-01-01,11788.8,2955.6,4507150.0,234.747,239.811,221.716,0.11,0.275,140568.0,5.7,62.9,13797.7,12066.7,6.3,136.0845234554214,80.65,51.936287012836495,0.138,199.926,1085.0,1049.0,0.82,,,,,,,,0.06,,,,,,54.58,
2015-01-02,,,,,,,,,,,,,,,,,,,,,,,102.9027,2.12,0.66,2.69,1.46,2.1,1.71,0.12,,17.79,4726.81,2.51,52.72,20.38,2.12
2015-01-03,,,,,,,,,,,,,,,,,,,,,,,,,,,,,,0.12,,,,,,65.17,
2015-01-04,,,,,,,,,,,,,,,,,,,,,,,,,,,,,,0.12,,,,,,64.23,
2015-01-05,,,,,,,,,,,,,,,,,,,,,,,103.4976,2.04,0.68,2.6,1.36,2.01,1.64,0.12,,19.92,4652.57,2.52,50.05,12.53,2.03
2015-01-06,,,,,,,,,,,,,,,,,,,,,,,103.2938,1.97,0.65,2.52,1.32,1.94,1.56,0.12,,21.12,4592.74,2.52,47.98,9.34,1.96
2015-01-07,,,,,,,,,,,,,,,,,,,,,,,103.6316,1.96,0.62,2.52,1.34,1.93,1.57,0.12,,19.31,4650.47,2.53,48.69,14.97,1.98
2015-01-08,,,,,,,,,,,,,,,,,,,,,,,103.2799,2.03,0.62,2.59,1.41,2.0,1.62,0.12,,17.01,4736.19,2.54,48.8,26.03,2.03
2015-01-09,,,,,,,,,,,,,,,,,,,,,,,103.1213,1.98,0.59,2.55,1.39,1.96,1.62,0.12,,17.55,4704.07,2.55,48.35,7.76,2.04
2015-01-10,,,,,,,,,,,,,,,,,,,,,,,,,,,,,,0.12,,,,,,11.87,
2015-01-11,,,,,,,,,,,,,,,,,,,,,,,,,,,,,,0.12,,,,,,19.88,
2015-01-12,,,,,,,,,,,,,,,,,,,,,,,103.2372,1.92,0.56,2.49,1.36,1.89,1.57,0.12,,19.6,4664.71,2.55,46.06,11.86,1.98
2015-01-13,,,,,,,,,,,,,,,,,,,,,,,103.27,1.91,0.54,2.49,1.37,1.88,1.54,0.12,,20.56,4661.5,2.55,45.92,8.98,2.03
2015-01-14,,,,,,,,,,,,,,,,,,,,,,,103.0903,1.86,0.51,2.47,1.35,1.82,1.57,0.12,,21.48,4639.32,2.58,48.49,7.2,1.96
2015-01-15,,,,,,,,,,,,,,,,,,,,,,,103.0829,1.77,0.44,2.4,1.33,1.74,1.58,0.12,,22.39,4570.82,2.65,46.37,12.79,1.98
2015-01-16,,,,,,,,,,,,,,,,,,,,,,,103.2189,1.83,0.49,2.44,1.34,1.8,1.6,0.13,,20.95,4634.38,2.62,48.49,15.58,2.01
2015-01-17,,,,,,,,,,,,,,,,,,,,,,,,,,,,,,0.13,,,,,,22.76,
2015-01-18,,,,,,,,,,,,,,,,,,,,,,,,,,,,,,0.13,,,,,,28.66,
2015-01-19,,,,,,,,,,,,,,,,,,,,,,,,,,,,,,0.13,,,,,,25.12,
2015-01-20,,,,,,,,,,,,,,,,,,,,,,,103.5233,1.82,0.53,2.39,1.29,1.79,1.59,0.12,,19.89,4654.85,2.61,46.79,18.38,1.99
2015-01-21,,,,,,,,,,,,,,,,,,,,,,,103.7858,1.87,0.53,2.44,1.34,1.84,1.61,0.12,,18.85,4667.42,2.59,47.85,57.01,2.05
2015-01-22,,,,,,,,,,,,,,,,,,,,,,,103.9271,1.9,0.53,2.46,1.37,1.87,1.61,0.12,,16.4,4750.4,2.59,45.93,30.68,2.03
2015-01-23,,,,,,,,,,,,,,,,,,,,,,,104.3676,1.81,0.52,2.38,1.29,1.79,1.6,0.12,,16.66,4757.88,2.6,45.26,15.4,1.99
2015-01-24,,,,,,,,,,,,,,,,,,,,,,,,,,,,,,0.12,,,,,,34.23,
2015-01-25,,,,,,,,,,,,,,,,,,,,,,,,,,,,,,0.12,,,,,,19.69,
2015-01-26,,,,,,,,,,,,,,,,,,,,,,,104.4818,1.83,0.54,2.4,1.29,1.8,1.61,0.12,,15.52,4771.76,2.58,44.8,11.86,1.98
2015-01-27,,,,,,,,,,,,,,,,,,,,,,,104.1646,1.83,0.54,2.4,1.29,1.81,1.66,0.11,,17.22,4681.5,2.59,45.84,45.21,2.03
2015-01-28,,,,,,,,,,,,,,,,,,,,,,,104.4737,1.73,0.5,2.29,1.23,1.71,1.61,0.12,,20.44,4637.99,2.59,44.08,14.93,1.98
2015-01-29,,,,,,,,,,,,,,,,,,,,,,,105.2763,1.77,0.51,2.33,1.26,1.74,1.62,0.11,,18.76,4683.41,2.58,44.12,6.4,1.93
2015-01-30,,,,,,,,,,,,,,,,,,,,,,,105.5884,1.68,0.47,2.25,1.21,1.66,1.65,0.06,,20.97,4635.24,2.61,47.79,115.71,2.01
2015-01-31,,,,,,,,,,,,,,,,,,,,,,,,,,,,,,0.06,,,,,,67.26,
2015-02-01,11905.6,3025.2,4496402.0,235.342,240.172,222.274,0.11,0.33,140827.0,5.5,62.7,13848.0,12116.6,6.4,112.94825072470113,68.66,36.31179571259207,0.138,203.021,886.0,1127.0,1.12,,,,,,,,0.06,,,,,,9.71,
2015-02-02,,,,,,,,,,,,,,,,,,,,,,,105.2058,1.68,0.49,2.25,1.19,1.66,1.65,0.12,,19.43,4676.69,2.61,49.25,12.27,1.98
2015-02-03,,,,,,,,,,,,,,,,,,,,,,,104.6063,1.79,0.52,2.37,1.27,1.77,1.7,0.12,,17.33,4727.74,2.61,53.04,9.06,2.0
2015-02-04,,,,,,,,,,,,,,,,,,,,,,,104.785,1.81,0.52,2.39,1.29,1.8,1.71,0.11,,18.33,4716.7,2.6,48.45,7.33,2.07
2015-02-05,,,,,,,,,,,,,,,,,,,,,,,104.4915,1.83,0.52,2.42,1.31,1.81,1.7,0.12,,16.85,4765.1,2.6,50.48,12.86,2.02
2015-02-06,,,,,,,,,,,,,,,,,,,,,,,105.1283,1.95,0.65,2.51,1.3,1.93,1.71,0.11,,17.29,4744.4,2.55,51.66,23.26,2.06
2015-02-07,,,,,,,,,,,,,,,,,,,,,,,,,,,,,,0.11,,,,,,22.89,
2015-02-08,,,,,,,,,,,,,,,,,,,,,,,,,,,,,,0.11,,,,,,29.83,
2015-02-09,,,,,,,,,,,,,,,,,,,,,,,104.9889,1.96,0.65,2.52,1.31,1.95,1.71,0.12,,18.55,4726.01,2.53,52.99,48.3,2.06
2015-02-10,,,,,,,,,,,,,,,,,,,,,,,105.2897,2.01,0.67,2.58,1.34,2.0,1.7,0.12,,17.23,4787.64,2.53,50.06,73.17,2.08
2015-02-11,,,,,,,,,,,,,,,,,,,,,,,105.7901,2.0,0.67,2.57,1.33,1.99,1.68,0.12,,16.96,4801.18,2.53,48.8,58.88,2.04
2015-02-12,,,,,,,,,,,,,,,,,,,,,,,104.9385,1.99,0.61,2.58,1.38,1.97,1.66,0.12,,15.34,4857.61,2.54,51.17,6.43,1.95
2015-02-13,,,,,,,,,,,,,,,,,,,,,,,104.8452,2.02,0.66,2.63,1.36,2.01,1.68,0.12,,14.69,4893.84,2.55,52.66,7.96,2.04
2015-02-14,,,,,,,,,,,,,,,,,,,,,,,,,,,,,,0.12,,,,,,22.8,
2015-02-15,,,,,,,,,,,,,,,,,,,,,,,,,,,,,,0.12,,,,,,19.75,
2015-02-16,,,,,,,,,,,,,,,,,,,,,,,,,,,,,,0.12,,,,,,12.26,
2015-02-17,,,,,,,,,,,,,,,,,,,,,,,,2.14,0.7,2.73,1.44,2.12,1.71,0.12,,15.8,4899.27,2.53,53.56,9.48,2.09
2015-02-18,,,,,,,,,,,,,,,,,,,,,,,105.2514,2.07,0.62,2.7,1.45,2.05,1.71,0.12,,15.45,4906.36,2.53,52.13,7.48,2.1
2015-02-19,,,,,,,,,,,,,,,,,,,,,,,105.1407,2.11,0.67,2.73,1.44,2.09,1.74,0.12,,15.29,4924.7,2.53,51.12,124.64,2.13
2015-02-20,,,,,,,,,,,,,,,,,,,,,,,105.3387,2.13,0.67,2.73,1.46,2.11,1.75,0.12,,14.3,4955.97,2.5,49.95,7.77,2.13
2015-02-21,,,,,,,,,,,,,,,,,,,,,,,,,,,,,,0.12,,,,,,11.08,
2015-02-22,,,,,,,,,,,,,,,,,,,,,,,,,,,,,,0.12,,,,,,9.52,
2015-02-23,,,,,,,,,,,,,,,,,,,,,,,105.5359,2.06,0.64,2.66,1.42,2.04,1.72,0.11,,14.56,4960.97,2.48,49.56,11.66,2.1
2015-02-24,,,,,,,,,,,,,,,,,,,,,,,105.5472,1.99,0.6,2.6,1.39,1.97,1.72,0.11,,13.69,4968.12,2.49,48.48,9.05,2.11
2015-02-25,,,,,,,,,,,,,,,,,,,,,,,105.0503,1.96,0.61,2.56,1.35,1.94,1.72,0.11,,13.84,4967.14,2.49,50.25,7.2,2.08
2015-02-26,,,,,,,,,,,,,,,,,,,,,,,105.5021,2.03,0.66,2.63,1.37,2.0,1.79,0.11,,13.91,4987.89,2.44,47.65,6.43,2.09
2015-02-27,,,,,,,,,,,,,,,,,,,,,,,105.5981,2.0,0.63,2.6,1.37,1.98,1.83,0.06,,13.34,4963.53,2.46,49.84,7.7,2.17
2015-02-28,,,,,,,,,,,,,,,,,,,,,,,,,,,,,,0.06,,,,,,11.29,
2015-03-01,11903.7,3001.2,4488338.0,235.976,240.755,222.854,0.11,0.4,140923.0,5.4,62.6,13811.3,12176.1,5.9,103.8659688878174,62.27,33.92811262574285,0.136,205.757,960.0,1072.0,1.0,,,,,,,,0.06,,,,,,9.64,
2015-03-02,,,,,,,,,,,,,,,,,,,,,,,105.8151,2.08,0.66,2.68,1.42,2.06,1.83,0.12,,13.04,5008.1,2.48,49.59,11.78,2.12
2015-03-03,,,,,,,,,,,,,,,,,,,,,,,105.5562,2.12,0.68,2.71,1.44,2.1,1.86,0.12,,13.86,4979.9,2.46,50.43,8.99,2.15
2015-03-04,,,,,,,,,,,,,,,,,,,,,,,106.1333,2.12,0.66,2.72,1.46,2.11,1.87,0.11,,14.23,4967.14,2.46,51.53,7.38,2.13
2015-03-05,,,,,,,,,,,,,,,,,,,,,,,,2.11,0.65,2.71,1.46,2.09,1.84,0.11,,14.04,4982.81,2.47,50.76,6.47,2.15
2015-03-06,,,,,,,,,,,,,,,,,,,,,,,107.4337,2.24,0.73,2.83,1.51,2.23,1.83,0.12,,15.2,4927.37,2.45,49.61,7.73,2.11
2015-03-07,,,,,,,,,,,,,,,,,,,,,,,,,,,,,,0.12,,,,,,11.21,
2015-03-08,,,,,,,,,,,,,,,,,,,,,,,,,,,,,,0.12,,,,,,9.75,
2015-03-09,,,,,,,,,,,,,,,,,,,,,,,107.5199,2.2,0.7,2.8,1.5,2.18,1.76,0.12,,15.06,4942.44,2.46,49.95,47.28,2.05
2015-03-10,,,,,,,,,,,,,,,,,,,,,,,108.1165,2.14,0.7,2.73,1.44,2.12,1.73,0.12,,16.69,4859.79,2.45,48.42,8.94,2.1
2015-03-11,,,,,,,,,,,,,,,,,,,,,,,108.5235,2.11,0.7,2.69,1.41,2.08,1.72,0.11,,16.87,4849.94,2.45,48.06,7.28,1.99
2015-03-12,,,,,,,,,,,,,,,,,,,,,,,108.1741,2.1,0.67,2.69,1.43,2.07,1.71,0.11,,15.42,4893.29,2.46,47.12,6.36,2.01
2015-03-13,,,,,,,,,,,,,,,,,,,,,,,108.9174,2.13,0.68,2.7,1.45,2.1,1.69,0.11,,16.0,4871.76,2.47,44.88,7.62,1.98
2015-03-14,,,,,,,,,,,,,,,,,,,,,,,,,,,,,,0.11,,,,,,11.33,
2015-03-15,,,,,,,,,,,,,,,,,,,,,,,,,,,,,,0.11,,,,,,9.6,
2015-03-16,,,,,,,,,,,,,,,,,,,,,,,108.6422,2.1,0.66,2.67,1.44,2.05,1.65,0.12,,15.61,4929.51,2.48,43.93,11.81,2.03
2015-03-17,,,,,,,,,,,,,,,,,,,,,,,108.5805,2.06,0.7,2.61,1.36,2.01,1.64,0.12,,15.66,4937.43,2.49,43.39,8.96,1.94
2015-03-18,,,,,,,,,,,,,,,,,,,,,,,108.408,1.93,0.57,2.51,1.36,1.9,1.7,0.11,,13.97,4982.83,2.55,44.63,29.26,2.07
2015-03-19,,,,,,,,,,,,,,,,,,,,,,,108.1826,1.98,0.63,2.54,1.35,1.95,1.79,0.12,,14.07,4992.38,2.5,44.02,19.73,2.09
2015-03-20,,,,,,,,,,,,,,,,,,,,,,,107.1671,1.93,0.6,2.5,1.33,1.92,1.76,0.12,,13.02,5026.42,2.51,46.0,31.01,2.02
2015-03-21,,,,,,,,,,,,,,,,,,,,,,,,,,,,,,0.12,,,,,,11.59,
2015-03-22,,,,,,,,,,,,,,,,,,,,,,,,,,,,,,0.12,,,,,,48.66,
2015-03-23,,,,,,,,,,,,,,,,,,,,,,,106.5022,1.92,0.6,2.51,1.32,1.89,1.75,0.12,,13.41,5010.97,2.54,47.4,47.18,2.02
2015-03-24,,,,,,,,,,,,,,,,,,,,,,,106.4401,1.88,0.58,2.46,1.3,1.86,1.77,0.11,,13.62,4994.73,2.53,47.03,26.92,2.01
2015-03-25,,,,,,,,,,,,,,,,,,,,,,,106.2636,1.93,0.59,2.5,1.34,1.89,1.81,0.12,,15.44,4876.52,2.53,48.75,14.45,2.06
2015-03-26,,,,,,,,,,,,,,,,,,,,,,,106.5582,2.01,0.61,2.6,1.4,1.98,1.8,0.11,,15.8,4863.36,2.55,51.41,6.42,2.03
2015-03-27,,,,,,,,,,,,,,,,,,,,,,,106.8916,1.95,0.58,2.53,1.37,1.91,1.76,0.12,,15.07,4891.22,2.53,48.83,7.54,1.98
2015-03-28,,,,,,,,,,,,,,,,,,,,,,,,,,,,,,0.12,,,,,,88.69,
2015-03-29,,,,,,,,,,,,,,,,,,,,,,,,,,,,,,0.12,,,,,,18.47,
2015-03-30,,,,,,,,,,,,,,,,,,,,,,,107.3941,1.96,0.58,2.55,1.38,1.92,1.73,0.12,,14.51,4947.44,2.55,48.66,11.96,1.97
2015-03-31,,,,,,,,,,,,,,,,,,,,,,,107.4396,1.94,0.56,2.54,1.38,1.91,1.76,0.06,,15.29,4900.89,2.55,47.72,9.11,2.01
2015-04-01,11937.6,3002.7,4482356.0,236.222,241.346,222.906,0.12,0.34,141196.0,5.4,62.8,13842.0,12209.1,5.9,102.0559130536334,66.03,35.80220842179848,0.137,203.577,1190.0,1166.0,0.52,107.06,1.87,0.55,2.47,1.32,1.84,1.8,0.12,,15.11,4880.23,2.55,50.12,7.3,2.02
2015-04-02,,,,,,,,,,,,,,,,,,,,,,,106.6738,1.92,0.55,2.53,1.37,1.9,1.81,0.12,,14.67,4886.94,2.55,49.13,45.55,2.06
2015-04-03,,,,,,,,,,,,,,,,,,,,,,,105.8861,1.85,0.49,2.49,1.36,1.83,1.83,0.12,,,,2.58,,39.48,2.08
2015-04-04,,,,,,,,,,,,,,,,,,,,,,,,,,,,,,0.12,,,,,,179.95,
2015-04-05,,,,,,,,,,,,,,,,,,,,,,,,,,,,,,0.12,,,,,,96.8,
2015-04-06,,,,,,,,,,,,,,,,,,,,,,,105.7876,1.92,0.51,2.57,1.41,1.89,1.85,0.13,,14.74,4917.32,2.58,52.08,49.33,2.1
2015-04-07,,,,,,,,,,,,,,,,,,,,,,,106.4488,1.89,0.52,2.52,1.37,1.87,1.85,0.12,,14.78,4910.23,2.56,53.95,35.17,2.1
2015-04-08,,,,,,,,,,,,,,,,,,,,,,,106.4231,1.92,0.54,2.53,1.38,1.89,1.84,0.12,,13.98,4950.82,2.51,50.44,7.23,2.1
2015-04-09,,,,,,,,,,,,,,,,,,,,,,,107.0335,1.97,0.56,2.61,1.41,1.94,1.84,0.12,,13.09,4974.56,2.53,50.79,6.3,2.09
2015-04-10,,,,,,,,,,,,,,,,,,,,,,,107.4526,1.96,0.57,2.58,1.39,1.94,1.82,0.12,,12.58,4995.98,2.53,51.63,7.73,2.08
2015-04-11,,,,,,,,,,,,,,,,,,,,,,,,,,,,,,0.12,,,,,,22.34,
2015-04-12,,,,,,,,,,,,,,,,,,,,,,,,,,,,,,0.12,,,,,,28.73,
2015-04-13,,,,,,,,,,,,,,,,,,,,,,,107.7508,1.94,0.54,2.58,1.4,1.91,1.8,0.13,,13.94,4988.25,2.54,51.95,22.61,2.05
2015-04-14,,,,,,,,,,,,,,,,,,,,,,,107.0547,1.9,0.53,2.54,1.37,1.88,1.8,0.13,,13.67,4977.29,2.54,53.3,26.3,2.05
2015-04-15,,,,,,,,,,,,,,,,,,,,,,,107.1855,1.91,0.51,2.55,1.4,1.89,1.84,0.13,,12.84,5011.02,2.54,56.25,14.27,2.09
2015-04-16,,,,,,,,,,,,,,,,,,,,,,,106.2761,1.9,0.5,2.56,1.4,1.88,1.85,0.13,,12.6,5007.79,2.55,56.69,6.23,2.12
2015-04-17,,,,,,,,,,,,,,,,,,,,,,,106.329,1.87,0.51,2.51,1.36,1.86,1.89,0.13,,13.89,4931.81,2.53,55.71,7.64,2.13
2015-04-18,,,,,,,,,,,,,,,,,,,,,,,,,,,,,,0.13,,,,,,22.7,
2015-04-19,,,,,,,,,,,,,,,,,,,,,,,,,,,,,,0.13,,,,,,19.03,
2015-04-20,,,,,,,,,,,,,,,,,,,,,,,106.4902,1.9,0.55,2.56,1.35,1.87,1.89,0.13,,13.3,4994.6,2.55,56.37,11.31,2.18
2015-04-21,,,,,,,,,,,,,,,,,,,,,,,106.5582,1.92,0.55,2.58,1.37,1.89,1.86,0.13,,13.25,5014.1,2.54,55.58,8.73,2.13
2015-04-22,,,,,,,,,,,,,,,,,,,,,,,106.5815,1.99,0.57,2.66,1.42,1.96,1.87,0.13,,12.71,5035.17,2.53,56.17,6.93,2.14
2015-04-23,,,,,,,,,,,,,,,,,,,,,,,106.1658,1.96,0.55,2.63,1.41,1.93,1.89,0.13,,12.48,5056.06,2.54,56.59,6.29,2.08
2015-04-24,,,,,,,,,,,,,,,,,,,,,,,105.905,1.93,0.54,2.62,1.39,1.9,1.89,0.13,,12.29,5092.08,2.56,55.98,7.49,2.07
2015-04-25,,,,,,,,,,,,,,,,,,,,,,,,,,,,,,0.13,,,,,,45.57,
2015-04-26,,,,,,,,,,,,,,,,,,,,,,,,,,,,,,0.13,,,,,,9.72,
2015-04-27,,,,,,,,,,,,,,,,,,,,,,,105.6891,1.94,0.54,2.61,1.4,1.92,1.91,0.13,,13.12,5060.25,2.54,55.56,11.46,2.11
2015-04-28,,,,,,,,,,,,,,,,,,,,,,,105.1234,2.0,0.56,2.68,1.44,1.98,1.89,0.13,,12.41,5055.42,2.55,57.05,8.84,2.09
2015-04-29,,,,,,,,,,,,,,,,,,,,,,,104.5634,2.06,0.56,2.76,1.5,2.05,1.92,0.13,,13.39,5023.64,2.58,58.55,7.28,2.14
2015-04-30,,,,,,,,,,,,,,,,,,,,,,,105.312,2.05,0.58,2.75,1.47,2.04,1.94,0.08,,14.55,4941.42,2.6,59.62,19.44,2.16
2015-05-01,11965.0,2978.3,4479564.0,237.001,241.688,223.796,0.12,0.39,141538.0,5.6,62.9,13865.6,12275.4,5.8,106.31612847508974,62.86,31.08436625533754,0.137,208.973,1079.0,1272.0,0.42,105.6382,2.12,0.6,2.82,1.52,2.11,1.94,0.13,,12.7,5005.39,2.61,59.1,7.59,2.16
2015-05-02,,,,,,,,,,,,,,,,,,,,,,,,,,,,,,0.13,,,,,,11.36,
2015-05-03,,,,,,,,,,,,,,,,,,,,,,,,,,,,,,0.13,,,,,,38.67,
2015-05-04,,,,,,,,,,,,,,,,,,,,,,,105.6679,2.16,0.6,2.88,1.56,2.14,1.92,0.13,,12.85,5016.93,2.61,58.92,11.82,2.15
2015-05-05,,,,,,,,,,,,,,,,,,,,,,,105.2396,2.19,0.62,2.9,1.57,2.18,1.94,0.13,,14.31,4939.33,2.62,60.38,17.85,2.16
2015-05-06,,,,,,,,,,,,,,,,,,,,,,,104.6935,2.25,0.65,2.98,1.6,2.23,1.91,0.13,,15.15,4919.64,2.64,60.93,14.72,2.13
2015-05-07,,,,,,,,,,,,,,,,,,,,,,,105.1941,2.18,0.63,2.9,1.55,2.17,1.88,0.13,,15.13,4945.54,2.64,58.99,32.47,2.1
2015-05-08,,,,,,,,,,,,,,,,,,,,,,,104.8424,2.16,0.59,2.9,1.57,2.15,1.88,0.13,,12.86,5003.55,2.65,59.41,7.88,2.1
2015-05-09,,,,,,,,,,,,,,,,,,,,,,,,,,,,,,0.13,,,,,,70.05,
2015-05-10,,,,,,,,,,,,,,,,,,,,,,,,,,,,,,0.13,,,,,,20.24,
2015-05-11,,,,,,,,,,,,,,,,,,,,,,,105.3075,2.28,0.62,3.03,1.66,2.26,1.88,0.13,,13.85,4993.57,2.66,59.23,12.2,2.12
2015-05-12,,,,,,,,,,,,,,,,,,,,,,,104.8924,2.28,0.61,3.02,1.67,2.25,1.88,0.13,,13.86,4976.19,2.65,60.72,9.11,2.11
2015-05-13,,,,,,,,,,,,,,,,,,,,,,,104.3608,2.27,0.59,3.07,1.68,2.25,1.86,0.13,,13.76,4981.69,2.71,60.5,7.29,2.05
2015-05-14,,,,,,,,,,,,,,,,,,,,,,,104.2359,2.23,0.56,3.03,1.67,2.22,1.87,0.13,,12.74,5050.8,2.74,59.89,6.48,2.09
2015-05-15,,,,,,,,,,,,,,,,,,,,,,,104.0202,2.14,0.55,2.93,1.59,2.12,1.83,0.13,,12.38,5048.29,2.72,59.73,7.8,2.04
2015-05-16,,,,,,,,,,,,,,,,,,,,,,,,,,,,,,0.13,,,,,,11.87,
2015-05-17,,,,,,,,,,,,,,,,,,,,,,,,,,,,,,0.13,,,,,,9.84,
2015-05-18,,,,,,,,,,,,,,,,,,,,,,,104.6068,2.23,0.58,3.02,1.65,2.21,1.86,0.13,,12.73,5078.44,2.73,59.44,12.23,2.08
2015-05-19,,,,,,,,,,,,,,,,,,,,,,,105.3448,2.27,0.63,3.05,1.64,2.25,1.85,0.12,,12.85,5070.03,2.71,57.3,9.19,2.08
2015-05-20,,,,,,,,,,,,,,,,,,,,,,,105.5605,2.26,0.6,3.06,1.66,2.24,1.88,0.12,,12.88,5071.74,2.73,58.96,7.36,2.11
2015-05-21,,,,,,,,,,,,,,,,,,,,,,,105.3808,2.19,0.6,2.98,1.59,2.17,1.84,0.12,,12.11,5090.79,2.75,60.18,13.34,2.05
2015-05-22,,,,,,,,,,,,,,,,,,,,,,,105.8487,2.21,0.64,2.99,1.57,2.19,1.87,0.13,,12.13,5089.36,2.74,58.88,31.49,2.09
2015-05-23,,,,,,,,,,,,,,,,,,,,,,,,,,,,,,0.13,,,,,,47.47,
2015-05-24,,,,,,,,,,,,,,,,,,,,,,,,,,,,,,0.13,,,,,,10.37,
2015-05-25,,,,,,,,,,,,,,,,,,,,,,,,,,,,,,0.13,,,,,,18.27,
2015-05-26,,,,,,,,,,,,,,,,,,,,,,,106.7294,2.14,0.64,2.89,1.5,2.12,1.82,0.12,,14.06,5032.75,2.73,57.29,31.73,2.05
2015-05-27,,,,,,,,,,,,,,,,,,,,,,,106.908,2.14,0.64,2.88,1.5,2.13,1.8,0.12,,13.27,5106.59,2.71,57.51,7.65,2.06
2015-05-28,,,,,,,,,,,,,,,,,,,,,,,106.92,2.13,0.62,2.89,1.51,2.12,1.8,0.12,,13.31,5097.98,2.75,57.69,6.6,2.07
2015-05-29,,,,,,,,,,,,,,,,,,,,,,,106.7388,2.12,0.61,2.88,1.51,2.11,1.8,0.08,,13.84,5070.03,2.72,60.25,8.0,2.03
2015-05-30,,,,,,,,,,,,,,,,,,,,,,,,,,,,,,0.08,,,,,,11.77,
2015-05-31,,,,,,,,,,,,,,,,,,,,,,,,,,,,,,0.08,,,,,,10.27,
2015-06-01,12005.6,3014.8,4479059.0,237.657,242.064,224.418,0.13,0.455,141709.0,5.3,62.7,13874.1,12307.9,5.7,117.28266990771588,67.03,33.0426179066883,0.143,212.015,1205.0,1379.0,0.22,107.2238,2.19,0.64,2.94,1.55,2.17,1.8,0.12,2111.73,13.97,5082.93,2.75,60.24,12.5,2.05
2015-06-02,,,,,,,,,,,,,,,,,,,,,,,106.4507,2.27,0.64,3.02,1.63,2.26,1.83,0.12,2109.6,14.24,5076.52,2.75,61.3,9.33,2.07
2015-06-03,,,,,,,,,,,,,,,,,,,,,,,106.1443,2.38,0.69,3.11,1.69,2.36,1.83,0.13,2114.07,13.66,5099.23,2.72,59.67,7.63,2.07
2015-06-04,,,,,,,,,,,,,,,,,,,,,,,106.4725,2.31,0.66,3.03,1.65,2.29,1.81,0.13,2095.84,14.71,5059.12,2.72,58.0,19.77,2.03
2015-06-05,,,,,,,,,,,,,,,,,,,,,,,107.1336,2.41,0.73,3.11,1.68,2.38,1.86,0.13,2092.83,14.21,5068.46,2.69,59.11,81.73,2.08
2015-06-06,,,,,,,,,,,,,,,,,,,,,,,,,,,,,,0.13,,,,,,11.86,
2015-06-07,,,,,,,,,,,,,,,,,,,,,,,,,,,,,,0.13,,,,,,100.92,
2015-06-08,,,,,,,,,,,,,,,,,,,,,,,106.7693,2.39,0.7,3.11,1.69,2.37,1.85,0.13,2079.28,15.29,5021.63,2.7,58.15,12.76,2.07
2015-06-09,,,,,,,,,,,,,,,,,,,,,,,106.2238,2.42,0.72,3.15,1.7,2.4,1.86,0.13,2080.15,14.47,5013.87,2.73,60.15,9.55,2.07
2015-06-10,,,,,,,,,,,,,,,,,,,,,,,105.8037,2.5,0.75,3.22,1.75,2.48,1.87,0.13,2105.2,13.22,5076.69,2.7,61.36,7.65,2.08
2015-06-11,,,,,,,,,,,,,,,,,,,,,,,106.0934,2.39,0.73,3.11,1.66,2.38,1.83,0.13,2108.86,12.85,5082.51,2.71,60.74,7.17,2.03
2015-06-12,,,,,,,,,,,,,,,,,,,,,,,105.9015,2.39,0.74,3.1,1.65,2.37,1.84,0.13,2094.11,13.78,5051.1,2.7,59.96,24.68,2.04
2015-06-13,,,,,,,,,,,,,,,,,,,,,,,,,,,,,,0.13,,,,,,12.41,
2015-06-14,,,,,,,,,,,,,,,,,,,,,,,,,,,,,,0.13,,,,,,10.23,
2015-06-15,,,,,,,,,,,,,,,,,,,,,,,105.9989,2.36,0.72,3.09,1.64,2.34,1.85,0.13,2084.43,15.39,5029.97,2.73,59.53,12.53,2.06
2015-06-16,,,,,,,,,,,,,,,,,,,,,,,106.0473,2.32,0.71,3.06,1.61,2.31,1.88,0.14,2096.29,14.81,5055.55,2.74,60.01,9.63,2.09
2015-06-17,,,,,,,,,,,,,,,,,,,,,,,106.058,2.32,0.67,3.09,1.65,2.31,1.9,0.14,2100.44,14.5,5064.88,2.76,59.89,7.83,2.11
2015-06-18,,,,,,,,,,,,,,,,,,,,,,,105.102,2.35,0.66,3.14,1.69,2.34,1.89,0.14,2121.24,13.19,5132.95,2.82,60.41,6.89,2.11
2015-06-19,,,,,,,,,,,,,,,,,,,,,,,105.4496,2.26,0.65,3.05,1.61,2.25,1.86,0.13,2109.99,13.96,5117.0,2.82,59.62,8.38,2.09
2015-06-20,,,,,,,,,,,,,,,,,,,,,,,,,,,,,,0.13,,,,,,12.63,
2015-06-21,,,,,,,,,,,,,,,,,,,,,,,,,,,,,,0.13,,,,,,10.49,
2015-06-22,,,,,,,,,,,,,,,,,,,,,,,105.3846,2.37,0.68,3.16,1.69,2.36,1.9,0.13,2122.85,12.74,5153.97,2.81,60.01,38.87,2.15
2015-06-23,,,,,,,,,,,,,,,,,,,,,,,105.9678,2.42,0.7,3.2,1.72,2.41,1.92,0.13,2124.2,12.11,5160.09,2.82,61.05,48.32,2.17
2015-06-24,,,,,,,,,,,,,,,,,,,,,,,106.2522,2.38,0.68,3.16,1.7,2.37,1.9,0.13,2108.58,13.26,5122.41,2.81,60.01,8.03,2.16
2015-06-25,,,,,,,,,,,,,,,,,,,,,,,106.1515,2.4,0.68,3.16,1.72,2.39,1.91,0.13,2102.31,14.01,5112.19,2.8,59.59,6.98,2.19
2015-06-26,,,,,,,,,,,,,,,,,,,,,,,106.4116,2.49,0.72,3.25,1.77,2.48,1.92,0.13,2101.49,14.02,5080.51,2.81,59.41,16.77,2.18
2015-06-27,,,,,,,,,,,,,,,,,,,,,,,,,,,,,,0.13,,,,,,12.73,
2015-06-28,,,,,,,,,,,,,,,,,,,,,,,,,,,,,,0.13,,,,,,10.76,
2015-06-29,,,,,,,,,,,,,,,,,,,,,,,106.3785,2.33,0.64,3.09,1.69,2.31,1.87,0.14,2057.64,18.85,4958.47,2.84,58.34,12.88,2.15
2015-06-30,,,,,,,,,,,,,,,,,,,,,,,106.5191,2.35,0.64,3.11,1.71,2.34,1.87,0.08,2063.11,18.23,4986.87,2.83,59.48,60.07,2.13
2015-07-01,12049.2,3035.1,4488001.0,238.034,242.565,224.536,0.13,0.41,141991.0,5.2,62.6,13905.7,12364.9,5.6,128.53214163555043,74.31,52.275351996919895,0.142,211.623,1146.0,1140.0,0.14,107.0101,2.43,0.69,3.2,1.74,2.42,1.89,0.13,2077.42,16.09,5013.12,2.83,56.94,32.88,2.18
2015-07-02,,,,,,,,,,,,,,,,,,,,,,,106.9106,2.4,0.64,3.19,1.76,2.39,1.91,0.13,2076.78,16.79,5009.21,2.86,56.93,7.32,2.2
2015-07-03,,,,,,,,,,,,,,,,,,,,,,,,,,,,,,0.13,,,,,,9.85,
2015-07-04,,,,,,,,,,,,,,,,,,,,,,,,,,,,,,0.13,,,,,,16.51,
2015-07-05,,,,,,,,,,,,,,,,,,,,,,,,,,,,,,0.13,,,,,,11.44,
2015-07-06,,,,,,,,,,,,,,,,,,,,,,,107.1343,2.3,0.6,3.08,1.7,2.28,1.87,0.13,2068.76,17.01,4991.94,2.84,52.48,41.48,2.17
2015-07-07,,,,,,,,,,,,,,,,,,,,,,,107.785,2.27,0.58,3.04,1.69,2.25,1.87,0.13,2081.34,16.09,4997.46,2.84,52.33,40.91,2.17
2015-07-08,,,,,,,,,,,,,,,,,,,,,,,107.4734,2.22,0.55,2.99,1.67,2.2,1.83,0.13,2046.68,19.66,4909.76,2.87,51.61,122.87,2.12
2015-07-09,,,,,,,,,,,,,,,,,,,,,,,107.5595,2.32,0.6,3.11,1.72,2.29,1.85,0.13,2051.31,19.97,4922.4,2.88,52.76,36.82,2.14
2015-07-10,,,,,,,,,,,,,,,,,,,,,,,107.213,2.42,0.65,3.2,1.77,2.41,1.87,0.13,2076.62,16.83,4997.7,2.9,52.74,34.35,2.16
2015-07-11,,,,,,,,,,,,,,,,,,,,,,,,,,,,,,0.13,,,,,,135.01,
2015-07-12,,,,,,,,,,,,,,,,,,,,,,,,,,,,,,0.13,,,,,,108.11,
2015-07-13,,,,,,,,,,,,,,,,,,,,,,,107.5849,2.44,0.69,3.21,1.75,2.42,1.86,0.13,2099.6,13.9,5071.51,2.88,52.19,26.25,2.16
2015-07-14,,,,,,,,,,,,,,,,,,,,,,,107.4843,2.41,0.66,3.2,1.75,2.4,1.85,0.13,2108.95,13.37,5104.89,2.91,53.05,39.73,2.15
2015-07-15,,,,,,,,,,,,,,,,,,,,,,,108.0149,2.36,0.64,3.13,1.72,2.34,1.84,0.13,2107.4,13.23,5098.94,2.91,51.4,16.3,2.15
2015-07-16,,,,,,,,,,,,,,,,,,,,,,,108.1726,2.36,0.67,3.11,1.69,2.34,1.84,0.14,2124.29,12.11,5163.18,2.88,50.9,7.27,2.16
2015-07-17,,,,,,,,,,,,,,,,,,,,,,,108.5374,2.34,0.68,3.08,1.66,2.31,1.83,0.13,2126.64,11.95,5210.14,2.87,50.88,17.09,2.16
2015-07-18,,,,,,,,,,,,,,,,,,,,,,,,,,,,,,0.13,,,,,,13.49,
2015-07-19,,,,,,,,,,,,,,,,,,,,,,,,,,,,,,0.13,,,,,,43.17,
2015-07-20,,,,,,,,,,,,,,,,,,,,,,,108.6944,2.38,0.71,3.1,1.67,2.34,1.82,0.14,2128.28,12.25,5218.86,2.86,50.11,27.18,2.15
2015-07-21,,,,,,,,,,,,,,,,,,,,,,,108.3893,2.35,0.71,3.08,1.64,2.32,1.82,0.13,2119.21,12.22,5208.12,2.87,50.59,19.86,2.15
2015-07-22,,,,,,,,,,,,,,,,,,,,,,,108.7817,2.33,0.75,3.04,1.58,2.29,1.8,0.13,2114.15,12.12,5171.77,2.85,49.27,24.43,2.12
2015-07-23,,,,,,,,,,,,,,,,,,,,,,,108.7565,2.28,0.71,2.98,1.57,2.25,1.79,0.13,2102.15,12.64,5146.41,2.85,48.11,7.38,2.13
2015-07-24,,,,,,,,,,,,,,,,,,,,,,,109.0174,2.27,0.7,2.96,1.57,2.23,1.76,0.13,2079.65,13.74,5088.63,2.87,47.98,8.77,2.12
2015-07-25,,,,,,,,,,,,,,,,,,,,,,,,,,,,,,0.13,,,,,,13.22,
2015-07-26,,,,,,,,,,,,,,,,,,,,,,,,,,,,,,0.13,,,,,,10.51,
2015-07-27,,,,,,,,,,,,,,,,,,,,,,,108.6924,2.23,0.68,2.93,1.55,2.18,1.73,0.14,2067.64,15.6,5039.78,2.9,47.17,26.65,2.11
2015-07-28,,,,,,,,,,,,,,,,,,,,,,,108.6881,2.26,0.69,2.96,1.57,2.21,1.75,0.14,2093.25,13.44,5089.21,2.91,47.97,9.99,2.12
2015-07-29,,,,,,,,,,,,,,,,,,,,,,,108.604,2.29,0.7,2.99,1.59,2.23,1.77,0.14,2108.57,12.5,5111.73,2.9,48.77,16.66,2.14
2015-07-30,,,,,,,,,,,,,,,,,,,,,,,109.4328,2.28,0.72,2.96,1.56,2.21,1.77,0.14,2108.63,12.13,5128.78,2.88,48.53,7.22,2.14
2015-07-31,,,,,,,,,,,,,,,,,,,,,,,108.7819,2.2,0.67,2.92,1.53,2.12,1.74,0.08,2103.84,12.12,5128.28,2.94,47.11,17.11,2.12
2015-08-01,12093.7,3014.3,4484473.0,238.033,242.817,224.301,0.14,0.38,142125.0,5.1,62.6,13935.8,12396.2,5.6,130.7488533577419,76.01,74.79461287622023,0.142,208.579,1130.0,1165.0,0.2,,,,,,,,0.08,,,,,,13.05,
2015-08-02,,,,,,,,,,,,,,,,,,,,,,,,,,,,,,0.08,,,,,,10.98,
2015-08-03,,,,,,,,,,,,,,,,,,,,,,,109.214,2.16,0.68,2.86,1.48,2.08,1.7,0.14,2098.04,12.56,5115.38,2.92,45.25,12.87,2.09
2015-08-04,,,,,,,,,,,,,,,,,,,,,,,109.2244,2.23,0.74,2.9,1.49,2.15,1.71,0.14,2093.32,13.0,5105.55,2.88,45.75,200.88,2.11
2015-08-05,,,,,,,,,,,,,,,,,,,,,,,109.842,2.28,0.73,2.94,1.55,2.2,1.7,0.14,2099.84,12.51,5139.94,2.9,45.13,16.41,2.09
2015-08-06,,,,,,,,,,,,,,,,,,,,,,,109.722,2.23,0.71,2.9,1.52,2.19,1.67,0.14,2083.56,13.77,5056.44,2.92,44.69,6.99,2.03
2015-08-07,,,,,,,,,,,,,,,,,,,,,,,109.4376,2.18,0.73,2.83,1.45,2.12,1.66,0.14,2077.57,13.39,5043.54,2.91,43.87,8.72,2.04
2015-08-08,,,,,,,,,,,,,,,,,,,,,,,,,,,,,,0.14,,,,,,13.07,
2015-08-09,,,,,,,,,,,,,,,,,,,,,,,,,,,,,,0.14,,,,,,10.86,
2015-08-10,,,,,,,,,,,,,,,,,,,,,,,109.1931,2.24,0.73,2.89,1.51,2.12,1.69,0.14,2104.18,12.23,5101.8,2.93,44.94,13.58,2.08
2015-08-11,,,,,,,,,,,,,,,,,,,,,,,109.9464,2.15,0.68,2.81,1.47,2.05,1.66,0.15,2084.07,13.71,5036.79,2.94,43.11,10.14,2.05
2015-08-12,,,,,,,,,,,,,,,,,,,,,,,109.4655,2.14,0.67,2.84,1.47,2.04,1.62,0.15,2086.05,13.61,5044.39,2.97,43.22,8.33,1.97
2015-08-13,,,,,,,,,,,,,,,,,,,,,,,109.9025,2.19,0.72,2.86,1.47,2.09,1.62,0.15,2083.39,13.49,5033.56,2.98,42.27,43.12,2.0
2015-08-14,,,,,,,,,,,,,,,,,,,,,,,109.9174,2.2,0.73,2.84,1.47,2.11,1.62,0.14,2091.54,12.83,5048.24,2.97,42.45,8.58,1.99
2015-08-15,,,,,,,,,,,,,,,,,,,,,,,,,,,,,,0.14,,,,,,13.33,
2015-08-16,,,,,,,,,,,,,,,,,,,,,,,,,,,,,,0.14,,,,,,44.43,
2015-08-17,,,,,,,,,,,,,,,,,,,,,,,110.1435,2.16,0.72,2.81,1.44,2.06,1.58,0.15,2102.44,13.02,5091.7,2.97,41.93,13.81,1.94
2015-08-18,,,,,,,,,,,,,,,,,,,,,,,110.2504,2.2,0.74,2.87,1.46,2.13,1.58,0.15,2096.92,13.79,5059.35,3.01,42.58,9.97,1.95
2015-08-19,,,,,,,,,,,,,,,,,,,,,,,110.4333,2.12,0.67,2.81,1.45,2.07,1.57,0.15,2079.61,15.25,5019.05,3.06,40.75,7.85,1.97
2015-08-20,,,,,,,,,,,,,,,,,,,,,,,110.1077,2.09,0.69,2.76,1.4,2.07,1.56,0.15,2035.73,19.14,4877.49,3.04,41.0,6.75,1.95
2015-08-21,,,,,,,,,,,,,,,,,,,,,,,110.1443,2.05,0.64,2.74,1.41,2.02,1.53,0.15,1970.89,28.03,4706.04,3.1,40.45,219.0,1.93
2015-08-22,,,,,,,,,,,,,,,,,,,,,,,,,,,,,,0.15,,,,,,114.1,
2015-08-23,,,,,,,,,,,,,,,,,,,,,,,,,,,,,,0.15,,,,,,63.15,
2015-08-24,,,,,,,,,,,,,,,,,,,,,,,109.9306,2.01,0.59,2.73,1.42,1.95,1.49,0.15,1893.21,40.74,4526.25,3.14,38.22,374.86,1.87
2015-08-25,,,,,,,,,,,,,,,,,,,,,,,110.3394,2.12,0.67,2.84,1.45,2.05,1.53,0.15,1867.61,36.02,4506.49,3.17,39.15,716.48,1.91
2015-08-26,,,,,,,,,,,,,,,,,,,,,,,110.5807,2.18,0.67,2.94,1.51,2.12,1.53,0.14,1940.51,30.32,4697.54,3.2,38.5,245.51,1.93
2015-08-27,,,,,,,,,,,,,,,,,,,,,,,110.4834,2.18,0.68,2.93,1.5,2.12,1.58,0.14,1987.66,26.1,4812.71,3.15,42.47,60.31,1.96
2015-08-28,,,,,,,,,,,,,,,,,,,,,,,110.6714,2.19,0.72,2.92,1.47,2.13,1.61,0.14,1988.87,26.05,4828.32,3.13,45.29,154.88,2.0
2015-08-29,,,,,,,,,,,,,,,,,,,,,,,,,,,,,,0.14,,,,,,228.0,
2015-08-30,,,,,,,,,,,,,,,,,,,,,,,,,,,,,,0.14,,,,,,267.08,
2015-08-31,,,,,,,,,,,,,,,,,,,,,,,110.5621,2.21,0.74,2.95,1.47,2.13,1.63,0.08,1972.18,28.43,4776.51,3.15,49.2,74.79,2.0
2015-09-01,12154.8,3038.0,4484701.0,237.498,243.316,223.226,0.14,0.35,142275.0,5.0,62.4,13972.2,12386.4,5.8,174.29432198115666,87.06,104.99440168614764,0.141,197.246,1224.0,1144.0,0.34,110.4506,2.17,0.7,2.93,1.47,2.14,1.57,0.14,1913.85,31.4,4636.11,3.18,45.38,102.98,1.96
2015-09-02,,,,,,,,,,,,,,,,,,,,,,,110.7979,2.2,0.72,2.97,1.48,2.17,1.56,0.14,1948.86,26.09,4749.98,3.17,46.3,69.27,1.93
2015-09-03,,,,,,,,,,,,,,,,,,,,,,,110.8566,2.18,0.71,2.95,1.47,2.16,1.54,0.14,1951.13,25.61,4733.5,3.17,46.75,59.14,1.92
2015-09-04,,,,,,,,,,,,,,,,,,,,,,,111.1018,2.13,0.71,2.89,1.42,2.11,1.51,0.14,1921.22,27.8,4683.92,3.15,46.02,169.87,1.88
2015-09-05,,,,,,,,,,,,,,,,,,,,,,,,,,,,,,0.14,,,,,,287.77,
2015-09-06,,,,,,,,,,,,,,,,,,,,,,,,,,,,,,0.14,,,,,,124.7,
2015-09-07,,,,,,,,,,,,,,,,,,,,,,,,,,,,,,0.14,,,,,,92.36,
2015-09-08,,,,,,,,,,,,,,,,,,,,,,,110.7942,2.2,0.74,2.97,1.46,2.14,1.53,0.14,1969.41,24.9,4811.93,3.16,45.92,74.75,1.91
2015-09-09,,,,,,,,,,,,,,,,,,,,,,,110.9225,2.21,0.75,2.96,1.46,2.18,1.56,0.14,1942.04,26.23,4756.53,3.1,44.13,106.98,1.97
2015-09-10,,,,,,,,,,,,,,,,,,,,,,,110.6331,2.23,0.75,2.98,1.48,2.21,1.59,0.14,1952.29,24.37,4796.25,3.12,45.85,65.2,1.97
2015-09-11,,,,,,,,,,,,,,,,,,,,,,,110.6109,2.2,0.71,2.95,1.49,2.16,1.59,0.14,1961.05,23.2,4822.34,3.11,44.75,101.94,1.97
2015-09-12,,,,,,,,,,,,,,,,,,,,,,,,,,,,,,0.14,,,,,,113.35,
2015-09-13,,,,,,,,,,,,,,,,,,,,,,,,,,,,,,0.14,,,,,,141.81,
2015-09-14,,,,,,,,,,,,,,,,,,,,,,,110.5005,2.18,0.73,2.95,1.45,2.11,1.56,0.14,1953.03,24.25,4805.76,3.13,44.07,77.41,1.93
2015-09-15,,,,,,,,,,,,,,,,,,,,,,,110.6394,2.28,0.82,3.06,1.46,2.21,1.56,0.14,1978.09,22.54,4860.52,3.16,44.58,10.6,1.92
2015-09-16,,,,,,,,,,,,,,,,,,,,,,,110.1021,2.3,0.82,3.08,1.48,2.24,1.57,0.14,1995.31,21.35,4889.24,3.15,47.12,32.21,1.93
2015-09-17,,,,,,,,,,,,,,,,,,,,,,,110.1212,2.21,0.7,3.02,1.51,2.2,1.58,0.14,1990.2,21.14,4893.95,3.18,46.93,83.16,1.92
2015-09-18,,,,,,,,,,,,,,,,,,,,,,,109.8165,2.13,0.69,2.93,1.44,2.13,1.55,0.14,1958.03,22.28,4827.23,3.15,44.71,70.88,1.91
2015-09-19,,,,,,,,,,,,,,,,,,,,,,,,,,,,,,0.14,,,,,,11.47,
2015-09-20,,,,,,,,,,,,,,,,,,,,,,,,,,,,,,0.14,,,,,,90.83,
2015-09-21,,,,,,,,,,,,,,,,,,,,,,,110.6414,2.2,0.72,3.02,1.48,2.19,1.54,0.14,1966.97,20.14,4828.95,3.19,46.67,63.55,1.89
2015-09-22,,,,,,,,,,,,,,,,,,,,,,,111.1967,2.14,0.69,2.94,1.45,2.14,1.51,0.14,1942.74,22.44,4756.72,3.15,46.17,47.97,1.87
2015-09-23,,,,,,,,,,,,,,,,,,,,,,,111.6287,2.16,0.7,2.95,1.46,2.15,1.52,0.14,1938.76,22.13,4752.74,3.15,44.53,77.41,1.88
2015-09-24,,,,,,,,,,,,,,,,,,,,,,,111.4454,2.13,0.67,2.91,1.46,2.12,1.49,0.14,1932.24,23.47,4734.48,3.16,44.94,44.77,1.87
2015-09-25,,,,,,,,,,,,,,,,,,,,,,,111.3725,2.17,0.7,2.96,1.47,2.17,1.46,0.13,1931.34,23.62,4686.5,3.19,45.55,23.28,1.81
2015-09-26,,,,,,,,,,,,,,,,,,,,,,,,,,,,,,0.13,,,,,,76.9,
2015-09-27,,,,,,,,,,,,,,,,,,,,,,,,,,,,,,0.13,,,,,,58.99,
2015-09-28,,,,,,,,,,,,,,,,,,,,,,,111.3914,2.1,0.67,2.87,1.43,2.09,1.39,0.13,1881.77,27.63,4543.97,3.21,44.4,60.79,1.76
2015-09-29,,,,,,,,,,,,,,,,,,,,,,,111.5219,2.05,0.64,2.85,1.41,2.04,1.39,0.13,1884.09,26.83,4517.32,3.26,45.24,67.08,1.75
2015-09-30,,,,,,,,,,,,,,,,,,,,,,,111.3311,2.06,0.64,2.87,1.42,2.06,1.41,0.07,1920.03,24.5,4620.16,3.29,45.06,45.36,1.75
2015-10-01,12206.1,3017.9,4495400.0,237.733,243.768,223.283,0.12,0.3,142579.0,5.0,62.5,13996.9,12394.9,5.8,125.1173599515904,65.75,63.58585267414867,0.136,195.616,1058.0,1160.0,0.58,111.0439,2.05,0.64,2.85,1.41,2.05,1.46,0.13,1923.82,22.55,4627.08,3.31,44.75,56.24,1.79
2015-10-02,,,,,,,,,,,,,,,,,,,,,,,110.7006,1.99,0.58,2.82,1.41,1.99,1.48,0.13,1951.36,20.94,4707.78,3.34,45.54,46.42,1.81
2015-10-03,,,,,,,,,,,,,,,,,,,,,,,,,,,,,,0.13,,,,,,66.31,
2015-10-04,,,,,,,,,,,,,,,,,,,,,,,,,,,,,,0.13,,,,,,129.85,
2015-10-05,,,,,,,,,,,,,,,,,,,,,,,110.4445,2.07,0.61,2.9,1.46,2.06,1.51,0.13,1987.05,19.54,4781.26,3.33,46.28,25.21,1.84
2015-10-06,,,,,,,,,,,,,,,,,,,,,,,110.1371,2.05,0.61,2.88,1.44,2.05,1.52,0.13,1979.92,19.4,4748.36,3.32,48.53,37.58,1.82
2015-10-07,,,,,,,,,,,,,,,,,,,,,,,109.8162,2.08,0.65,2.89,1.43,2.08,1.55,0.13,1995.83,18.4,4791.15,3.27,47.86,30.36,1.88
2015-10-08,,,,,,,,,,,,,,,,,,,,,,,109.6452,2.12,0.65,2.96,1.47,2.12,1.58,0.13,2013.43,17.42,4810.79,3.28,49.46,18.86,1.9
2015-10-09,,,,,,,,,,,,,,,,,,,,,,,109.0782,2.12,0.65,2.94,1.47,2.11,1.54,0.13,2014.89,17.08,4830.47,3.26,49.67,15.94,1.86
2015-10-10,,,,,,,,,,,,,,,,,,,,,,,,,,,,,,0.13,,,,,,56.11,
2015-10-11,,,,,,,,,,,,,,,,,,,,,,,,,,,,,,0.13,,,,,,81.63,
2015-10-12,,,,,,,,,,,,,,,,,,,,,,,,,,,,,,0.13,2017.46,16.17,4838.64,,47.09,13.47,
2015-10-13,,,,,,,,,,,,,,,,,,,,,,,109.4119,2.06,0.64,2.89,1.42,2.05,1.52,0.13,2003.69,17.67,4796.61,3.28,46.7,28.98,1.86
2015-10-14,,,,,,,,,,,,,,,,,,,,,,,109.1244,1.99,0.57,2.84,1.42,1.99,1.49,0.13,1994.24,18.03,4782.85,3.31,46.63,62.33,1.83
2015-10-15,,,,,,,,,,,,,,,,,,,,,,,108.6671,2.04,0.61,2.87,1.43,2.03,1.5,0.13,2023.86,16.05,4870.1,3.29,46.38,20.07,1.82
2015-10-16,,,,,,,,,,,,,,,,,,,,,,,108.9956,2.04,0.61,2.87,1.43,2.03,1.48,0.13,2033.11,15.05,4886.69,3.28,47.3,23.73,1.78
2015-10-17,,,,,,,,,,,,,,,,,,,,,,,,,,,,,,0.13,,,,,,58.78,
2015-10-18,,,,,,,,,,,,,,,,,,,,,,,,,,,,,,0.13,,,,,,61.43,
2015-10-19,,,,,,,,,,,,,,,,,,,,,,,109.3858,2.04,0.61,2.89,1.43,2.02,1.45,0.13,2033.66,14.98,4905.47,3.3,45.91,37.17,1.77
2015-10-20,,,,,,,,,,,,,,,,,,,,,,,109.3368,2.08,0.66,2.92,1.42,2.06,1.48,0.13,2030.77,15.75,4880.97,3.29,45.84,9.15,1.8
2015-10-21,,,,,,,,,,,,,,,,,,,,,,,109.7746,2.04,0.64,2.87,1.4,2.03,1.45,0.13,2018.94,16.7,4840.12,3.28,45.22,15.11,1.77
2015-10-22,,,,,,,,,,,,,,,,,,,,,,,110.0342,2.04,0.61,2.87,1.43,2.04,1.47,0.12,2052.51,14.45,4920.05,3.26,44.9,26.36,1.8
2015-10-23,,,,,,,,,,,,,,,,,,,,,,,110.4329,2.09,0.66,2.9,1.43,2.08,1.51,0.12,2075.15,14.46,5031.86,3.23,43.91,71.71,1.83
2015-10-24,,,,,,,,,,,,,,,,,,,,,,,,,,,,,,0.12,,,,,,135.17,
2015-10-25,,,,,,,,,,,,,,,,,,,,,,,,,,,,,,0.12,,,,,,38.89,
2015-10-26,,,,,,,,,,,,,,,,,,,,,,,110.2089,2.07,0.66,2.87,1.41,2.05,1.48,0.12,2071.18,15.29,5034.7,3.22,43.19,12.32,1.8
2015-10-27,,,,,,,,,,,,,,,,,,,,,,,110.4875,2.05,0.65,2.86,1.4,2.02,1.48,0.12,2065.89,15.43,5030.15,3.25,43.21,9.32,1.81
2015-10-28,,,,,,,,,,,,,,,,,,,,,,,110.2334,2.1,0.73,2.87,1.37,2.06,1.47,0.12,2090.35,14.33,5095.69,3.2,45.93,45.35,1.8
2015-10-29,,,,,,,,,,,,,,,,,,,,,,,110.8083,2.19,0.75,2.96,1.44,2.12,1.52,0.12,2089.41,14.61,5074.27,3.21,46.02,6.77,1.85
2015-10-30,,,,,,,,,,,,,,,,,,,,,,,110.2079,2.16,0.75,2.93,1.41,2.08,1.53,0.07,2079.36,15.07,5053.75,3.19,46.6,23.27,1.86
2015-10-31,,,,,,,,,,,,,,,,,,,,,,,,,,,,,,0.07,,,,,,10.98,
2015-11-01,12297.5,3074.6,4486381.0,238.017,244.241,223.407,0.12,0.3,142808.0,5.1,62.5,13993.4,12423.2,5.6,101.77560281314108,55.51,35.15372560149704,0.134,195.114,1172.0,1244.0,0.98,,,,,,,,0.07,,,,,,19.6,
2015-11-02,,,,,,,,,,,,,,,,,,,,,,,110.2188,2.2,0.77,2.95,1.43,2.12,1.55,0.12,2104.05,14.15,5127.15,3.18,46.12,49.3,1.87
2015-11-03,,,,,,,,,,,,,,,,,,,,,,,110.244,2.23,0.8,3.0,1.43,2.17,1.58,0.12,2109.79,14.54,5145.13,3.19,47.88,18.19,1.89
2015-11-04,,,,,,,,,,,,,,,,,,,,,,,110.7139,2.25,0.84,3.0,1.41,2.2,1.57,0.12,2102.31,15.51,5142.48,3.16,46.32,44.54,1.88
2015-11-05,,,,,,,,,,,,,,,,,,,,,,,110.8302,2.26,0.85,3.01,1.41,2.21,1.55,0.12,2099.93,15.05,5127.74,3.18,45.27,6.68,1.87
2015-11-06,,,,,,,,,,,,,,,,,,,,,,,111.7603,2.34,0.9,3.09,1.44,2.26,1.59,0.12,2099.2,14.33,5147.12,3.17,44.32,7.95,1.93
2015-11-07,,,,,,,,,,,,,,,,,,,,,,,,,,,,,,0.12,,,,,,11.26,
2015-11-08,,,,,,,,,,,,,,,,,,,,,,,,,,,,,,0.12,,,,,,9.8,
2015-11-09,,,,,,,,,,,,,,,,,,,,,,,111.9112,2.36,0.89,3.12,1.47,2.22,1.6,0.12,2078.58,16.52,5095.3,3.15,43.87,12.24,1.92
2015-11-10,,,,,,,,,,,,,,,,,,,,,,,111.9919,2.32,0.87,3.1,1.45,2.19,1.55,0.12,2081.72,15.29,5083.24,3.18,44.23,9.67,1.85
2015-11-11,,,,,,,,,,,,,,,,,,,,,,,,,,,,,,0.12,2075.0,16.06,5067.02,,42.95,15.72,
2015-11-12,,,,,,,,,,,,,,,,,,,,,,,111.7965,2.32,0.89,3.09,1.43,2.18,1.54,0.12,2045.97,18.37,5005.08,3.19,41.74,6.74,1.84
2015-11-13,,,,,,,,,,,,,,,,,,,,,,,112.0264,2.28,0.86,3.06,1.42,2.14,1.52,0.12,2023.04,20.08,4927.88,3.2,40.69,8.03,1.83
2015-11-14,,,,,,,,,,,,,,,,,,,,,,,,,,,,,,0.12,,,,,,11.84,
2015-11-15,,,,,,,,,,,,,,,,,,,,,,,,,,,,,,0.12,,,,,,41.59,
2015-11-16,,,,,,,,,,,,,,,,,,,,,,,112.2199,2.27,0.88,3.07,1.39,2.12,1.51,0.13,2053.19,18.16,4984.62,3.24,41.68,37.99,1.82
2015-11-17,,,,,,,,,,,,,,,,,,,,,,,112.3141,2.25,0.86,3.04,1.39,2.11,1.53,0.13,2050.44,18.84,4986.01,3.23,40.73,18.52,1.83
2015-11-18,,,,,,,,,,,,,,,,,,,,,,,112.3663,2.27,0.9,3.04,1.37,2.15,1.56,0.12,2083.58,16.85,5075.2,3.21,40.75,7.81,1.87
2015-11-19,,,,,,,,,,,,,,,,,,,,,,,111.5749,2.24,0.91,3.0,1.33,2.13,1.56,0.12,2081.24,16.99,5073.64,3.2,40.55,6.69,1.85
2015-11-20,,,,,,,,,,,,,,,,,,,,,,,111.7799,2.26,0.93,3.02,1.33,2.14,1.6,0.12,2089.17,15.47,5104.92,3.2,39.39,64.03,1.89
2015-11-21,,,,,,,,,,,,,,,,,,,,,,,,,,,,,,0.12,,,,,,11.38,
2015-11-22,,,,,,,,,,,,,,,,,,,,,,,,,,,,,,0.12,,,,,,57.55,
2015-11-23,,,,,,,,,,,,,,,,,,,,,,,112.1125,2.25,0.94,3.0,1.31,2.11,1.61,0.12,2086.59,15.62,5102.48,3.19,39.27,12.18,1.89
2015-11-24,,,,,,,,,,,,,,,,,,,,,,,111.7638,2.24,0.93,3.0,1.31,2.08,1.62,0.12,2089.14,15.93,5102.81,3.2,40.89,9.45,1.91
2015-11-25,,,,,,,,,,,,,,,,,,,,,,,111.8936,2.23,0.93,3.0,1.3,2.04,1.61,0.12,2088.87,15.19,5116.14,3.21,41.22,7.66,1.91
2015-11-26,,,,,,,,,,,,,,,,,,,,,,,,,,,,,,0.12,,,,,,9.31,
2015-11-27,,,,,,,,,,,,,,,,,,,,,,,112.2824,2.22,0.92,3.0,1.3,2.04,1.6,0.12,2090.11,15.12,5127.52,3.22,40.57,9.88,1.89
2015-11-28,,,,,,,,,,,,,,,,,,,,,,,,,,,,,,0.12,,,,,,12.89,
2015-11-29,,,,,,,,,,,,,,,,,,,,,,,,,,,,,,0.12,,,,,,10.63,
2015-11-30,,,,,,,,,,,,,,,,,,,,,,,112.34,2.21,0.94,2.98,1.27,1.99,1.59,0.08,2080.41,16.13,5108.67,3.2,40.43,12.52,1.88
2015-12-01,12368.7,3106.3,4486242.0,237.761,244.547,222.79,0.24,0.27,143077.0,5.0,62.7,14060.2,12452.0,5.8,112.9733578231996,71.08,60.35844993918739,0.133,190.143,1146.0,1211.0,0.82,112.1134,2.15,0.91,2.91,1.24,1.94,1.57,0.13,2102.63,14.67,5156.31,3.21,40.58,9.75,1.85
2015-12-02,,,,,,,,,,,,,,,,,,,,,,,112.3715,2.18,0.94,2.91,1.24,1.97,1.56,0.13,2079.51,15.91,5123.22,3.17,39.93,7.81,1.85
2015-12-03,,,,,,,,,,,,,,,,,,,,,,,111.6407,2.33,0.96,3.07,1.37,2.12,1.61,0.13,2049.62,18.11,5037.53,3.18,41.08,13.55,1.89
2015-12-04,,,,,,,,,,,,,,,,,,,,,,,111.5463,2.28,0.96,3.01,1.32,2.05,1.6,0.13,2091.69,14.81,5142.27,3.15,40.0,8.26,1.9
2015-12-05,,,,,,,,,,,,,,,,,,,,,,,,,,,,,,0.13,,,,,,23.46,
2015-12-06,,,,,,,,,,,,,,,,,,,,,,,,,,,,,,0.13,,,,,,20.51,
2015-12-07,,,,,,,,,,,,,,,,,,,,,,,112.3056,2.23,0.94,2.95,1.29,1.94,1.56,0.13,2077.07,15.84,5101.81,3.15,37.64,12.14,1.87
2015-12-08,,,,,,,,,,,,,,,,,,,,,,,112.5485,2.24,0.94,2.97,1.3,1.97,1.56,0.13,2063.59,17.6,5098.24,3.19,37.46,9.62,1.87
2015-12-09,,,,,,,,,,,,,,,,,,,,,,,112.1918,2.22,0.93,2.97,1.29,1.96,1.53,0.14,2047.62,19.61,5022.87,3.18,37.16,15.81,1.85
2015-12-10,,,,,,,,,,,,,,,,,,,,,,,112.2672,2.24,0.95,2.98,1.29,2.0,1.51,0.14,2052.23,19.34,5045.17,3.19,36.76,6.75,1.82
2015-12-11,,,,,,,,,,,,,,,,,,,,,,,112.7147,2.13,0.88,2.87,1.25,1.9,1.46,0.14,2012.37,24.39,4933.47,3.24,35.65,25.66,1.75
2015-12-12,,,,,,,,,,,,,,,,,,,,,,,,,,,,,,0.14,,,,,,12.46,
2015-12-13,,,,,,,,,,,,,,,,,,,,,,,,,,,,,,0.14,,,,,,32.21,
2015-12-14,,,,,,,,,,,,,,,,,,,,,,,112.7521,2.23,0.97,2.96,1.26,1.97,1.45,0.15,2021.94,22.73,4952.23,3.23,36.31,27.1,1.73
2015-12-15,,,,,,,,,,,,,,,,,,,,,,,112.8609,2.28,0.98,3.0,1.3,2.03,1.48,0.15,2043.41,20.95,4995.36,3.21,37.32,78.01,1.74
2015-12-16,,,,,,,,,,,,,,,,,,,,,,,112.9864,2.3,1.02,3.02,1.28,2.03,1.46,0.15,2073.07,17.86,5071.13,3.21,35.55,58.09,1.72
2015-12-17,,,,,,,,,,,,,,,,,,,,,,,113.8177,2.24,1.0,2.94,1.24,2.01,1.47,0.37,2041.89,18.94,5002.55,3.21,34.98,56.91,1.73
2015-12-18,,,,,,,,,,,,,,,,,,,,,,,113.2837,2.19,0.97,2.9,1.22,2.0,1.46,0.37,2005.55,20.7,4923.08,3.25,34.72,26.2,1.71
2015-12-19,,,,,,,,,,,,,,,,,,,,,,,,,,,,,,0.37,,,,,,25.56,
2015-12-20,,,,,,,,,,,,,,,,,,,,,,,,,,,,,,0.37,,,,,,67.6,
2015-12-21,,,,,,,,,,,,,,,,,,,,,,,113.4144,2.2,0.96,2.92,1.24,1.96,1.45,0.36,2021.15,18.7,4968.92,3.27,34.55,13.84,1.71
2015-12-22,,,,,,,,,,,,,,,,,,,,,,,113.211,2.24,0.99,2.96,1.25,2.03,1.46,0.36,2038.97,16.6,5001.11,3.26,36.12,42.63,1.73
2015-12-23,,,,,,,,,,,,,,,,,,,,,,,113.1847,2.27,1.01,3.0,1.26,2.07,1.51,0.36,2064.29,15.57,5045.93,3.26,36.76,8.98,1.77
2015-12-24,,,,,,,,,,,,,,,,,,,,,,,113.0496,2.25,1.03,2.96,1.22,2.05,1.52,0.36,2060.99,15.74,5048.49,3.22,37.62,8.52,1.81
2015-12-25,,,,,,,,,,,,,,,,,,,,,,,,,,,,,,0.36,,,,,,15.33,
2015-12-26,,,,,,,,,,,,,,,,,,,,,,,,,,,,,,0.36,,,,,,16.94,
2015-12-27,,,,,,,,,,,,,,,,,,,,,,,,,,,,,,0.36,,,,,,47.61,
2015-12-28,,,,,,,,,,,,,,,,,,,,,,,113.0461,2.24,1.05,2.95,1.19,2.01,1.5,0.36,2056.5,16.91,5040.99,3.21,36.36,44.06,1.76
2015-12-29,,,,,,,,,,,,,,,,,,,,,,,113.1664,2.32,1.09,3.04,1.23,2.09,1.53,0.36,2078.36,16.08,5107.94,3.22,37.88,55.4,1.78
2015-12-30,,,,,,,,,,,,,,,,,,,,,,,113.4707,2.31,1.08,3.04,1.23,2.1,1.54,0.35,2063.36,17.29,5065.85,3.23,36.59,36.48,1.8
2015-12-31,,,,,,,,,,,,,,,,,,,,,,,113.3429,2.27,1.06,3.01,1.21,2.11,1.54,0.2,2043.94,18.21,5007.41,3.23,37.13,57.65,1.77
2016-01-01,12506.0,3107.2,4489873.0,237.652,244.955,222.267,0.34,0.095,143210.0,4.8,62.7,14121.1,12478.0,6.1,149.49475395149503,80.38,55.45720481406289,0.134,185.235,1092.0,1171.0,0.56,,,,,,,,0.2,,,,,,80.76,
2016-01-02,,,,,,,,,,,,,,,,,,,,,,,,,,,,,,0.2,,,,,,31.17,
2016-01-03,,,,,,,,,,,,,,,,,,,,,,,,,,,,,,0.2,,,,,,80.79,
2016-01-04,,,,,,,,,,,,,,,,,,,,,,,114.1595,2.24,1.02,2.98,1.22,2.02,1.55,0.36,2012.66,20.7,4903.09,3.24,36.81,26.7,1.79
2016-01-05,,,,,,,,,,,,,,,,,,,,,,,114.2649,2.25,1.04,3.01,1.21,2.05,1.56,0.36,2016.71,19.34,4891.43,3.25,35.97,9.88,1.81
2016-01-06,,,,,,,,,,,,,,,,,,,,,,,114.6177,2.18,0.99,2.94,1.19,1.97,1.53,0.36,1990.26,20.59,4835.76,3.26,33.97,7.95,1.8
2016-01-07,,,,,,,,,,,,,,,,,,,,,,,114.6516,2.16,0.96,2.92,1.2,1.96,1.5,0.36,1943.09,24.99,4689.43,3.28,33.29,21.06,1.75
2016-01-08,,,,,,,,,,,,,,,,,,,,,,,115.0095,2.13,0.94,2.91,1.19,1.93,1.48,0.36,1922.03,27.01,4643.63,3.31,33.2,127.99,1.73
2016-01-09,,,,,,,,,,,,,,,,,,,,,,,,,,,,,,0.36,,,,,,24.23,
2016-01-10,,,,,,,,,,,,,,,,,,,,,,,,,,,,,,0.36,,,,,,123.84,
2016-01-11,,,,,,,,,,,,,,,,,,,,,,,115.0139,2.17,0.94,2.96,1.23,1.96,1.45,0.36,1923.67,24.3,4637.99,3.3,31.42,52.37,1.71
2016-01-12,,,,,,,,,,,,,,,,,,,,,,,115.3128,2.12,0.93,2.89,1.19,1.91,1.43,0.36,1938.68,22.47,4685.92,3.29,30.42,19.54,1.67
2016-01-13,,,,,,,,,,,,,,,,,,,,,,,115.1425,2.08,0.91,2.85,1.17,1.86,1.43,0.36,1890.28,25.22,4526.06,3.28,30.42,47.15,1.68
2016-01-14,,,,,,,,,,,,,,,,,,,,,,,115.3846,2.1,0.9,2.9,1.2,1.85,1.43,0.36,1921.84,23.95,4615.0,3.36,31.22,27.24,1.66
2016-01-15,,,,,,,,,,,,,,,,,,,,,,,115.7404,2.03,0.85,2.81,1.18,1.79,1.36,0.36,1880.33,27.02,4488.42,3.38,29.45,108.08,1.6
2016-01-16,,,,,,,,,,,,,,,,,,,,,,,,,,,,,,0.36,,,,,,235.27,
2016-01-17,,,,,,,,,,,,,,,,,,,,,,,,,,,,,,0.36,,,,,,62.48,
2016-01-18,,,,,,,,,,,,,,,,,,,,,,,,,,,,,,0.36,,,,,,42.69,
2016-01-19,,,,,,,,,,,,,,,,,,,,,,,115.8155,2.06,0.88,2.82,1.18,1.8,1.38,0.36,1881.33,26.05,4476.95,3.35,28.47,101.49,1.6
2016-01-20,,,,,,,,,,,,,,,,,,,,,,,116.3498,2.01,0.85,2.77,1.16,1.75,1.32,0.37,1859.33,27.59,4471.69,3.4,26.68,55.18,1.54
2016-01-21,,,,,,,,,,,,,,,,,,,,,,,115.9833,2.02,0.84,2.79,1.18,1.74,1.28,0.37,1868.99,26.69,4472.06,3.45,29.55,203.34,1.48
2016-01-22,,,,,,,,,,,,,,,,,,,,,,,,2.07,0.88,2.83,1.19,1.76,1.35,0.38,1906.9,22.34,4591.18,3.42,32.07,75.38,1.55
2016-01-23,,,,,,,,,,,,,,,,,,,,,,,,,,,,,,0.38,,,,,,261.03,
2016-01-24,,,,,,,,,,,,,,,,,,,,,,,,,,,,,,0.38,,,,,,105.33,
2016-01-25,,,,,,,,,,,,,,,,,,,,,,,,2.03,0.88,2.8,1.15,1.72,1.34,0.38,1877.08,24.15,4518.49,3.44,30.31,65.26,1.53
2016-01-26,,,,,,,,,,,,,,,,,,,,,,,,2.01,0.85,2.79,1.16,1.7,1.36,0.38,1903.63,22.5,4567.67,3.46,29.54,38.49,1.55
2016-01-27,,,,,,,,,,,,,,,,,,,,,,,115.5087,2.02,0.84,2.8,1.18,1.7,1.4,0.38,1882.95,23.11,4468.17,3.46,32.32,84.7,1.62
2016-01-28,,,,,,,,,,,,,,,,,,,,,,,115.2224,2.0,0.83,2.79,1.17,1.65,1.42,0.38,1893.36,22.42,4506.68,3.48,33.21,21.11,1.64
2016-01-29,,,,,,,,,,,,,,,,,,,,,,,115.5731,1.94,0.76,2.75,1.18,1.61,1.41,0.29,1940.24,20.2,4613.95,3.48,33.66,32.9,1.63
2016-01-30,,,,,,,,,,,,,,,,,,,,,,,,,,,,,,0.29,,,,,,36.17,
2016-01-31,,,,,,,,,,,,,,,,,,,,,,,,,,,,,,0.29,,,,,,131.25,
2016-02-01,12578.2,3142.5,4485800.0,237.336,245.51,221.518,0.38,-0.065,143407.0,4.9,62.8,14135.3,12554.5,5.6,155.7552063496484,78.93,65.95661833432227,0.134,176.401,1225.0,1172.0,0.58,115.3331,1.97,0.81,2.77,1.16,1.62,1.4,0.38,1939.38,19.98,4620.37,3.49,31.62,86.83,1.6
2016-02-02,,,,,,,,,,,,,,,,,,,,,,,115.553,1.87,0.75,2.67,1.12,1.53,1.36,0.38,1903.03,21.98,4516.95,3.49,29.9,56.56,1.58
2016-02-03,,,,,,,,,,,,,,,,,,,,,,,114.6144,1.88,0.72,2.7,1.16,1.55,1.38,0.38,1912.53,21.65,4504.24,3.52,32.29,51.91,1.6
2016-02-04,,,,,,,,,,,,,,,,,,,,,,,113.6012,1.87,0.7,2.7,1.17,1.58,1.36,0.38,1915.45,21.84,4509.56,3.53,31.63,6.43,1.59
2016-02-05,,,,,,,,,,,,,,,,,,,,,,,114.2935,1.86,0.74,2.68,1.12,1.56,1.33,0.38,1880.05,23.38,4363.14,3.52,30.86,16.06,1.59
2016-02-06,,,,,,,,,,,,,,,,,,,,,,,,,,,,,,0.38,,,,,,23.54,
2016-02-07,,,,,,,,,,,,,,,,,,,,,,,,,,,,,,0.38,,,,,,100.43,
2016-02-08,,,,,,,,,,,,,,,,,,,,,,,114.4351,1.75,0.66,2.56,1.09,1.43,1.23,0.38,1853.44,26.0,4283.75,3.53,29.71,39.74,1.49
2016-02-09,,,,,,,,,,,,,,,,,,,,,,,114.127,1.74,0.69,2.55,1.05,1.44,1.21,0.38,1852.21,26.54,4268.76,3.54,27.96,9.7,1.49
2016-02-10,,,,,,,,,,,,,,,,,,,,,,,114.2877,1.71,0.71,2.53,1.0,1.4,1.21,0.38,1851.86,26.29,4283.59,3.56,27.54,84.21,1.47
2016-02-11,,,,,,,,,,,,,,,,,,,,,,,114.1845,1.63,0.64,2.5,0.99,1.35,1.18,0.38,1829.08,28.14,4266.84,3.63,26.19,93.13,1.42
2016-02-12,,,,,,,,,,,,,,,,,,,,,,,114.2992,1.74,0.71,2.6,1.03,1.44,1.25,0.38,1864.78,25.4,4337.51,3.6,29.32,64.11,1.47
2016-02-13,,,,,,,,,,,,,,,,,,,,,,,,,,,,,,0.38,,,,,,74.07,
2016-02-14,,,,,,,,,,,,,,,,,,,,,,,,,,,,,,0.38,,,,,,70.5,
2016-02-15,,,,,,,,,,,,,,,,,,,,,,,,,,,,,,0.38,,,,,,55.0,
2016-02-16,,,,,,,,,,,,,,,,,,,,,,,114.4905,1.78,0.74,2.64,1.04,1.48,1.25,0.38,1895.58,24.11,4435.96,3.59,29.05,29.76,1.47
2016-02-17,,,,,,,,,,,,,,,,,,,,,,,113.8634,1.81,0.74,2.68,1.07,1.51,1.28,0.37,1926.82,22.31,4534.06,3.62,30.68,76.65,1.52
2016-02-18,,,,,,,,,,,,,,,,,,,,,,,113.8897,1.75,0.71,2.62,1.04,1.45,1.24,0.38,1917.83,21.64,4487.54,3.62,30.77,77.94,1.46
2016-02-19,,,,,,,,,,,,,,,,,,,,,,,113.9558,1.76,0.76,2.61,1.0,1.45,1.26,0.38,1917.78,20.53,4504.43,3.56,29.59,31.41,1.46
2016-02-20,,,,,,,,,,,,,,,,,,,,,,,,,,,,,,0.38,,,,,,35.29,
2016-02-21,,,,,,,,,,,,,,,,,,,,,,,,,,,,,,0.38,,,,,,78.43,
2016-02-22,,,,,,,,,,,,,,,,,,,,,,,113.8232,1.77,0.78,2.62,0.99,1.44,1.31,0.38,1945.5,19.38,4570.61,3.57,31.37,24.45,1.51
2016-02-23,,,,,,,,,,,,,,,,,,,,,,,114.177,1.74,0.76,2.6,0.98,1.42,1.32,0.38,1921.27,20.98,4503.58,3.58,31.84,37.63,1.51
2016-02-24,,,,,,,,,,,,,,,,,,,,,,,114.1716,1.75,0.75,2.61,1.0,1.42,1.36,0.38,1929.8,20.72,4542.61,3.56,30.35,22.29,1.57
2016-02-25,,,,,,,,,,,,,,,,,,,,,,,113.9222,1.71,0.72,2.58,0.99,1.39,1.39,0.37,1951.7,19.11,4582.2,3.56,31.4,6.56,1.6
2016-02-26,,,,,,,,,,,,,,,,,,,,,,,114.3708,1.76,0.8,2.63,0.96,1.43,1.41,0.37,1948.05,19.81,4590.47,3.56,31.65,39.26,1.62
2016-02-27,,,,,,,,,,,,,,,,,,,,,,,,,,,,,,0.37,,,,,,11.86,
2016-02-28,,,,,,,,,,,,,,,,,,,,,,,,,,,,,,0.37,,,,,,128.56,
2016-02-29,,,,,,,,,,,,,,,,,,,,,,,114.2418,1.74,0.78,2.61,0.96,1.41,1.42,0.29,1932.23,20.55,4557.95,3.55,32.74,76.71,1.61
2016-03-01,12629.0,3157.8,4484320.0,238.08,245.913,222.319,0.36,-0.05,143662.0,5.0,63.0,14135.4,12537.0,5.9,166.14847903420846,63.63,50.41493833284612,0.134,182.234,1111.0,1118.0,0.52,113.9265,1.83,0.85,2.7,0.98,1.5,1.48,0.36,1978.35,17.7,4689.6,3.54,34.39,28.79,1.67
2016-03-02,,,,,,,,,,,,,,,,,,,,,,,113.7965,1.84,0.85,2.69,0.99,1.48,1.51,0.37,1986.45,17.09,4703.42,3.5,34.57,43.73,1.68
2016-03-03,,,,,,,,,,,,,,,,,,,,,,,113.2482,1.83,0.85,2.65,0.98,1.55,1.53,0.37,1993.4,16.7,4707.42,3.47,34.56,20.41,1.7
2016-03-04,,,,,,,,,,,,,,,,,,,,,,,112.6387,1.88,0.88,2.7,1.0,1.59,1.51,0.36,1999.99,16.86,4717.02,3.43,35.91,36.81,1.66
2016-03-05,,,,,,,,,,,,,,,,,,,,,,,,,,,,,,0.36,,,,,,108.79,
2016-03-06,,,,,,,,,,,,,,,,,,,,,,,,,,,,,,0.36,,,,,,69.5,
2016-03-07,,,,,,,,,,,,,,,,,,,,,,,112.6219,1.91,0.91,2.71,1.0,1.59,1.48,0.36,2001.76,17.35,4708.25,3.39,37.9,9.84,1.6
2016-03-08,,,,,,,,,,,,,,,,,,,,,,,112.8465,1.83,0.88,2.63,0.95,1.54,1.46,0.36,1979.26,18.67,4648.82,3.38,36.67,7.53,1.59
2016-03-09,,,,,,,,,,,,,,,,,,,,,,,112.4268,1.9,0.9,2.68,1.0,1.6,1.51,0.36,1989.26,18.34,4674.38,3.36,37.62,11.21,1.65
2016-03-10,,,,,,,,,,,,,,,,,,,,,,,112.4191,1.93,0.93,2.7,1.0,1.61,1.48,0.36,1989.57,18.05,4662.16,3.3,37.77,5.29,1.61
2016-03-11,,,,,,,,,,,,,,,,,,,,,,,111.741,1.98,0.97,2.75,1.01,1.65,1.54,0.36,2022.19,16.5,4748.47,3.26,38.51,6.4,1.67
2016-03-12,,,,,,,,,,,,,,,,,,,,,,,,,,,,,,0.36,,,,,,63.47,
2016-03-13,,,,,,,,,,,,,,,,,,,,,,,,,,,,,,0.36,,,,,,18.33,
2016-03-14,,,,,,,,,,,,,,,,,,,,,,,112.1688,1.97,0.97,2.74,1.0,1.63,1.52,0.36,2019.64,16.92,4750.28,3.22,37.2,10.13,1.66
2016-03-15,,,,,,,,,,,,,,,,,,,,,,,112.5545,1.97,0.98,2.73,0.99,1.63,1.5,0.37,2015.93,16.84,4728.67,3.19,36.32,7.49,1.65
2016-03-16,,,,,,,,,,,,,,,,,,,,,,,112.7759,1.94,0.87,2.73,1.07,1.63,1.58,0.37,2027.22,14.99,4763.97,3.22,38.43,11.11,1.71
2016-03-17,,,,,,,,,,,,,,,,,,,,,,,110.445,1.91,0.87,2.69,1.04,1.62,1.57,0.37,2040.59,14.44,4774.99,3.2,40.17,5.01,1.68
2016-03-18,,,,,,,,,,,,,,,,,,,,,,,110.4002,1.88,0.84,2.68,1.04,1.58,1.61,0.37,2049.58,14.02,4795.65,3.17,39.47,12.79,1.75
2016-03-19,,,,,,,,,,,,,,,,,,,,,,,,,,,,,,0.37,,,,,,10.78,
2016-03-20,,,,,,,,,,,,,,,,,,,,,,,,,,,,,,0.37,,,,,,17.63,
2016-03-21,,,,,,,,,,,,,,,,,,,,,,,110.737,1.92,0.87,2.72,1.05,1.61,1.64,0.37,2051.6,13.79,4808.87,3.15,39.91,41.02,1.78
2016-03-22,,,,,,,,,,,,,,,,,,,,,,,110.7877,1.94,0.91,2.72,1.03,1.64,1.63,0.37,2049.8,14.17,4821.66,3.1,41.45,60.98,1.78
2016-03-23,,,,,,,,,,,,,,,,,,,,,,,111.5473,1.88,0.87,2.65,1.01,1.58,1.58,0.37,2036.71,14.94,4768.86,3.07,38.28,5.5,1.72
2016-03-24,,,,,,,,,,,,,,,,,,,,,,,111.816,1.91,0.89,2.67,1.02,1.61,1.57,0.37,2035.94,14.74,4773.51,3.06,38.14,10.13,1.72
2016-03-25,,,,,,,,,,,,,,,,,,,,,,,111.7698,,,,,,,0.37,,,,,,6.37,
2016-03-26,,,,,,,,,,,,,,,,,,,,,,,,,,,,,,0.37,,,,,,32.22,
2016-03-27,,,,,,,,,,,,,,,,,,,,,,,,,,,,,,0.37,,,,,,43.85,
2016-03-28,,,,,,,,,,,,,,,,,,,,,,,111.3578,1.89,0.89,2.66,1.0,1.6,1.56,0.37,2037.05,15.24,4766.79,3.05,37.99,19.85,1.72
2016-03-29,,,,,,,,,,,,,,,,,,,,,,,111.3736,1.81,0.78,2.6,1.03,1.58,1.61,0.37,2055.01,13.82,4846.62,3.09,36.91,43.99,1.75
2016-03-30,,,,,,,,,,,,,,,,,,,,,,,110.2301,1.83,0.76,2.65,1.07,1.63,1.65,0.37,2063.95,13.56,4869.29,3.11,36.91,133.45,1.78
2016-03-31,,,,,,,,,,,,,,,,,,,,,,,109.9191,1.78,0.73,2.61,1.05,1.57,1.62,0.25,2059.74,13.95,4869.85,3.12,36.94,10.06,1.75
2016-04-01,12708.0,3200.1,4487149.0,238.992,246.551,223.31,0.37,-0.085,143855.0,5.1,62.9,14106.2,12611.5,5.5,144.54199229939485,52.44,37.04986348718591,0.134,186.713,1163.0,1160.0,0.44,110.2977,1.79,0.76,2.62,1.03,1.56,1.62,0.37,2072.78,13.1,4914.54,3.1,35.36,6.15,1.75
2016-04-02,,,,,,,,,,,,,,,,,,,,,,,,,,,,,,0.37,,,,,,42.74,
2016-04-03,,,,,,,,,,,,,,,,,,,,,,,,,,,,,,0.37,,,,,,35.03,
2016-04-04,,,,,,,,,,,,,,,,,,,,,,,110.3987,1.78,0.75,2.6,1.03,1.55,1.64,0.37,2066.13,14.12,4891.8,3.1,34.3,74.26,1.8
2016-04-05,,,,,,,,,,,,,,,,,,,,,,,110.9478,1.73,0.72,2.54,1.01,1.5,1.59,0.37,2045.17,15.42,4843.93,3.08,34.52,13.5,1.75
2016-04-06,,,,,,,,,,,,,,,,,,,,,,,110.5347,1.76,0.73,2.58,1.03,1.53,1.59,0.37,2066.66,14.09,4920.72,3.08,37.74,5.28,1.75
2016-04-07,,,,,,,,,,,,,,,,,,,,,,,110.8876,1.7,0.7,2.52,1.0,1.47,1.58,0.37,2041.91,16.16,4848.37,3.06,37.3,18.96,1.75
2016-04-08,,,,,,,,,,,,,,,,,,,,,,,110.4213,1.72,0.7,2.55,1.02,1.49,1.58,0.37,2047.6,15.36,4850.69,3.07,39.74,12.22,1.73
2016-04-09,,,,,,,,,,,,,,,,,,,,,,,,,,,,,,0.37,,,,,,10.4,
2016-04-10,,,,,,,,,,,,,,,,,,,,,,,,,,,,,,0.37,,,,,,26.11,
2016-04-11,,,,,,,,,,,,,,,,,,,,,,,109.9758,1.73,0.7,2.56,1.03,1.5,1.56,0.37,2041.99,16.26,4833.4,3.05,40.46,9.15,1.71
2016-04-12,,,,,,,,,,,,,,,,,,,,,,,109.816,1.79,0.74,2.61,1.05,1.57,1.57,0.37,2061.72,14.85,4872.09,3.03,42.12,13.92,1.75
2016-04-13,,,,,,,,,,,,,,,,,,,,,,,110.1436,1.77,0.75,2.58,1.02,1.54,1.56,0.37,2082.42,13.84,4947.42,3.01,41.7,15.65,1.69
2016-04-14,,,,,,,,,,,,,,,,,,,,,,,110.1691,1.8,0.77,2.61,1.03,1.58,1.56,0.37,2082.78,13.72,4945.89,2.99,41.45,14.06,1.7
2016-04-15,,,,,,,,,,,,,,,,,,,,,,,110.1933,1.76,0.74,2.56,1.02,1.54,1.56,0.37,2080.73,13.62,4938.22,2.99,40.4,5.96,1.7
2016-04-16,,,,,,,,,,,,,,,,,,,,,,,,,,,,,,0.37,,,,,,10.34,
2016-04-17,,,,,,,,,,,,,,,,,,,,,,,,,,,,,,0.37,,,,,,17.59,
2016-04-18,,,,,,,,,,,,,,,,,,,,,,,109.9892,1.78,0.75,2.58,1.03,1.56,1.57,0.37,2094.34,13.35,4960.02,2.99,39.74,17.43,1.73
2016-04-19,,,,,,,,,,,,,,,,,,,,,,,109.2782,1.79,0.77,2.6,1.02,1.58,1.6,0.37,2100.8,13.24,4940.33,2.96,40.88,6.78,1.74
2016-04-20,,,,,,,,,,,,,,,,,,,,,,,109.3926,1.85,0.8,2.66,1.05,1.62,1.62,0.37,2102.4,13.28,4948.13,2.93,42.72,10.84,1.75
2016-04-21,,,,,,,,,,,,,,,,,,,,,,,109.8533,1.88,0.82,2.69,1.06,1.65,1.64,0.37,2091.48,13.95,4945.89,2.91,43.18,14.99,1.72
2016-04-22,,,,,,,,,,,,,,,,,,,,,,,110.2331,1.89,0.84,2.7,1.05,1.66,1.64,0.37,2091.58,13.22,4906.23,2.89,42.76,30.71,1.72
2016-04-23,,,,,,,,,,,,,,,,,,,,,,,,,,,,,,0.37,,,,,,20.28,
2016-04-24,,,,,,,,,,,,,,,,,,,,,,,,,,,,,,0.37,,,,,,16.86,
2016-04-25,,,,,,,,,,,,,,,,,,,,,,,110.1865,1.91,0.85,2.72,1.06,1.66,1.65,0.37,2087.79,14.08,4895.79,2.88,41.67,9.82,1.74
2016-04-26,,,,,,,,,,,,,,,,,,,,,,,109.7496,1.94,0.86,2.76,1.08,1.7,1.67,0.37,2091.7,13.96,4888.28,2.85,42.52,21.62,1.78
2016-04-27,,,,,,,,,,,,,,,,,,,,,,,109.8483,1.87,0.83,2.71,1.04,1.63,1.68,0.37,2095.15,13.77,4863.14,2.86,45.29,52.97,1.79
2016-04-28,,,,,,,,,,,,,,,,,,,,,,,109.2148,1.84,0.78,2.68,1.06,1.62,1.72,0.37,2075.81,15.22,4805.29,2.89,46.03,4.84,1.83
2016-04-29,,,,,,,,,,,,,,,,,,,,,,,108.8274,1.83,0.77,2.66,1.06,1.61,1.71,0.3,2065.3,15.7,4775.36,2.86,45.98,11.53,1.82
2016-04-30,,,,,,,,,,,,,,,,,,,,,,,,,,,,,,0.3,,,,,,9.85,
2016-05-01,12775.0,3236.8,4472633.0,239.557,247.137,223.712,0.37,-0.12,143900.0,4.8,62.7,14095.5,12652.7,5.3,132.77184118244432,55.18,39.74792311463502,0.133,188.596,1148.0,1205.0,0.52,,,,,,,,0.3,,,,,,17.02,
2016-05-02,,,,,,,,,,,,,,,,,,,,,,,108.671,1.88,0.8,2.71,1.08,1.66,1.68,0.37,2081.43,14.68,4817.59,2.86,44.75,45.45,1.78
2016-05-03,,,,,,,,,,,,,,,,,,,,,,,109.3613,1.81,0.75,2.66,1.06,1.6,1.64,0.37,2063.37,15.6,4763.22,2.85,43.65,14.02,1.74
2016-05-04,,,,,,,,,,,,,,,,,,,,,,,109.9952,1.79,0.75,2.64,1.04,1.6,1.63,0.37,2051.12,16.05,4725.64,2.85,43.77,21.05,1.74
2016-05-05,,,,,,,,,,,,,,,,,,,,,,,110.2417,1.76,0.72,2.6,1.04,1.56,1.63,0.37,2050.63,15.91,4717.09,2.86,44.33,4.97,1.74
2016-05-06,,,,,,,,,,,,,,,,,,,,,,,110.3801,1.79,0.74,2.62,1.05,1.6,1.61,0.37,2057.14,14.72,4736.16,2.87,44.58,6.32,1.71
2016-05-07,,,,,,,,,,,,,,,,,,,,,,,,,,,,,,0.37,,,,,,30.65,
2016-05-08,,,,,,,,,,,,,,,,,,,,,,,,,,,,,,0.37,,,,,,25.19,
2016-05-09,,,,,,,,,,,,,,,,,,,,,,,110.9466,1.77,0.72,2.61,1.05,1.53,1.59,0.37,2058.69,14.57,4750.21,2.89,43.45,8.71,1.68
2016-05-10,,,,,,,,,,,,,,,,,,,,,,,110.8225,1.77,0.72,2.61,1.05,1.53,1.62,0.37,2084.39,13.63,4809.88,2.89,44.68,6.89,1.71
2016-05-11,,,,,,,,,,,,,,,,,,,,,,,110.2806,1.73,0.74,2.58,0.99,1.47,1.59,0.37,2064.46,14.69,4760.69,2.9,46.21,10.58,1.65
2016-05-12,,,,,,,,,,,,,,,,,,,,,,,110.6935,1.75,0.76,2.6,0.99,1.48,1.6,0.37,2064.11,14.41,4737.33,2.91,46.64,14.3,1.67
2016-05-13,,,,,,,,,,,,,,,,,,,,,,,111.2521,1.71,0.76,2.55,0.95,1.42,1.58,0.37,2046.61,15.04,4717.68,2.9,46.22,6.04,1.64
2016-05-14,,,,,,,,,,,,,,,,,,,,,,,,,,,,,,0.37,,,,,,10.19,
2016-05-15,,,,,,,,,,,,,,,,,,,,,,,,,,,,,,0.37,,,,,,17.33,
2016-05-16,,,,,,,,,,,,,,,,,,,,,,,111.1217,1.75,0.79,2.59,0.96,1.47,1.6,0.37,2066.66,14.68,4775.46,2.9,47.72,33.44,1.67
2016-05-17,,,,,,,,,,,,,,,,,,,,,,,111.0867,1.76,0.82,2.59,0.94,1.48,1.61,0.37,2047.21,15.57,4715.73,2.89,48.29,13.55,1.66
2016-05-18,,,,,,,,,,,,,,,,,,,,,,,111.4995,1.87,0.9,2.67,0.97,1.57,1.61,0.37,2047.63,15.95,4739.12,2.87,48.12,5.26,1.68
2016-05-19,,,,,,,,,,,,,,,,,,,,,,,112.2331,1.85,0.89,2.64,0.96,1.54,1.56,0.37,2040.04,16.33,4712.53,2.85,48.16,4.8,1.61
2016-05-20,,,,,,,,,,,,,,,,,,,,,,,112.1822,1.85,0.89,2.63,0.96,1.52,1.56,0.37,2052.32,15.2,4769.56,2.86,47.67,6.19,1.61
2016-05-21,,,,,,,,,,,,,,,,,,,,,,,,,,,,,,0.37,,,,,,71.69,
2016-05-22,,,,,,,,,,,,,,,,,,,,,,,,,,,,,,0.37,,,,,,26.18,
2016-05-23,,,,,,,,,,,,,,,,,,,,,,,112.284,1.84,0.91,2.63,0.93,1.49,1.54,0.37,2048.04,15.82,4765.78,2.86,48.12,60.32,1.59
2016-05-24,,,,,,,,,,,,,,,,,,,,,,,112.2912,1.86,0.92,2.65,0.94,1.51,1.55,0.37,2076.06,14.42,4861.06,2.85,48.04,7.54,1.59
2016-05-25,,,,,,,,,,,,,,,,,,,,,,,112.2001,1.87,0.92,2.67,0.95,1.54,1.58,0.37,2090.54,13.9,4894.89,2.87,49.1,5.64,1.65
2016-05-26,,,,,,,,,,,,,,,,,,,,,,,111.8979,1.83,0.87,2.64,0.96,1.52,1.58,0.37,2090.1,13.43,4901.77,2.86,49.0,5.05,1.65
2016-05-27,,,,,,,,,,,,,,,,,,,,,,,112.0822,1.85,0.9,2.65,0.95,1.53,1.58,0.37,2099.06,13.12,4933.5,2.85,49.36,6.31,1.65
2016-05-28,,,,,,,,,,,,,,,,,,,,,,,,,,,,,,0.37,,,,,,10.77,
2016-05-29,,,,,,,,,,,,,,,,,,,,,,,,,,,,,,0.37,,,,,,53.4,
2016-05-30,,,,,,,,,,,,,,,,,,,,,,,,,,,,,,0.37,,,,,,15.69,
2016-05-31,,,,,,,,,,,,,,,,,,,,,,,112.4276,1.84,0.87,2.64,0.97,1.5,1.54,0.29,2096.96,14.19,4948.05,2.84,49.1,42.17,1.61
2016-06-01,12835.4,3242.5,4469249.0,240.222,247.54,224.268,0.38,-0.23,144146.0,4.9,62.7,14104.9,12731.2,4.9,243.32598122316008,133.65,170.21874361285165,0.138,192.899,1203.0,1208.0,0.22,112.462,1.85,0.91,2.63,0.94,1.55,1.54,0.37,2099.33,14.2,4952.25,2.82,49.07,23.1,1.61
2016-06-02,,,,,,,,,,,,,,,,,,,,,,,112.4564,1.81,0.89,2.58,0.92,1.52,1.54,0.37,2105.26,13.63,4971.36,2.83,49.14,5.07,1.6
2016-06-03,,,,,,,,,,,,,,,,,,,,,,,111.4451,1.71,0.78,2.52,0.93,1.41,1.52,0.37,2099.13,13.47,4942.52,2.86,48.69,13.06,1.59
2016-06-04,,,,,,,,,,,,,,,,,,,,,,,,,,,,,,0.37,,,,,,11.06,
2016-06-05,,,,,,,,,,,,,,,,,,,,,,,,,,,,,,0.37,,,,,,126.84,
2016-06-06,,,,,,,,,,,,,,,,,,,,,,,111.2295,1.73,0.8,2.55,0.93,1.45,1.54,0.37,2109.41,13.65,4968.71,2.86,49.71,56.61,1.59
2016-06-07,,,,,,,,,,,,,,,,,,,,,,,110.8378,1.72,0.78,2.54,0.94,1.44,1.57,0.37,2112.13,14.05,4961.75,2.86,50.37,87.61,1.63
2016-06-08,,,,,,,,,,,,,,,,,,,,,,,110.1916,1.71,0.78,2.51,0.93,1.47,1.59,0.37,2119.12,14.08,4974.64,2.85,51.23,23.21,1.64
2016-06-09,,,,,,,,,,,,,,,,,,,,,,,110.6168,1.68,0.77,2.48,0.91,1.42,1.56,0.37,2115.48,14.64,4958.62,2.85,50.52,5.22,1.59
2016-06-10,,,,,,,,,,,,,,,,,,,,,,,111.1027,1.64,0.73,2.44,0.91,1.38,1.52,0.37,2096.07,17.03,4894.55,2.86,49.09,13.26,1.55
2016-06-11,,,,,,,,,,,,,,,,,,,,,,,,,,,,,,0.37,,,,,,44.36,
2016-06-12,,,,,,,,,,,,,,,,,,,,,,,,,,,,,,0.37,,,,,,53.86,
2016-06-13,,,,,,,,,,,,,,,,,,,,,,,111.5036,1.62,0.73,2.43,0.89,1.35,1.47,0.37,2079.06,20.97,4848.44,2.86,48.89,21.08,1.49
2016-06-14,,,,,,,,,,,,,,,,,,,,,,,111.9826,1.62,0.74,2.43,0.88,1.35,1.45,0.37,2075.32,20.5,4843.55,2.88,48.49,36.62,1.45
2016-06-15,,,,,,,,,,,,,,,,,,,,,,,111.7671,1.6,0.69,2.43,0.91,1.34,1.47,0.37,2071.5,20.14,4834.93,2.9,47.92,35.77,1.47
2016-06-16,,,,,,,,,,,,,,,,,,,,,,,112.2347,1.57,0.7,2.39,0.87,1.3,1.42,0.38,2077.99,19.37,4844.91,2.9,46.14,51.13,1.42
2016-06-17,,,,,,,,,,,,,,,,,,,,,,,111.5332,1.62,0.7,2.43,0.92,1.35,1.42,0.38,2071.22,19.41,4800.34,2.89,48.0,34.53,1.41
2016-06-18,,,,,,,,,,,,,,,,,,,,,,,,,,,,,,0.38,,,,,,11.39,
2016-06-19,,,,,,,,,,,,,,,,,,,,,,,,,,,,,,0.38,,,,,,8.97,
2016-06-20,,,,,,,,,,,,,,,,,,,,,,,110.8693,1.67,0.74,2.47,0.93,1.39,1.43,0.38,2083.25,18.37,4837.21,2.87,49.4,82.94,1.43
2016-06-21,,,,,,,,,,,,,,,,,,,,,,,111.0077,1.71,0.76,2.5,0.95,1.44,1.43,0.38,2088.9,18.48,4843.76,2.86,48.95,23.06,1.45
2016-06-22,,,,,,,,,,,,,,,,,,,,,,,110.7681,1.69,0.75,2.5,0.94,1.42,1.44,0.38,2085.45,21.17,4833.32,2.86,49.16,75.9,1.47
2016-06-23,,,,,,,,,,,,,,,,,,,,,,,110.262,1.74,0.78,2.55,0.96,1.43,1.5,0.39,2113.32,17.25,4910.04,2.86,49.34,92.52,1.53
2016-06-24,,,,,,,,,,,,,,,,,,,,,,,112.1355,1.57,0.64,2.42,0.93,1.3,1.42,0.4,2037.41,25.76,4707.98,2.98,46.7,547.55,1.48
2016-06-25,,,,,,,,,,,,,,,,,,,,,,,,,,,,,,0.4,,,,,,1079.03,
2016-06-26,,,,,,,,,,,,,,,,,,,,,,,,,,,,,,0.4,,,,,,351.52,
2016-06-27,,,,,,,,,,,,,,,,,,,,,,,113.1301,1.46,0.61,2.28,0.85,1.19,1.34,0.41,2000.54,23.85,4594.44,2.96,45.8,250.34,1.41
2016-06-28,,,,,,,,,,,,,,,,,,,,,,,112.7545,1.46,0.61,2.27,0.85,1.2,1.37,0.41,2036.09,18.75,4691.87,2.95,47.93,481.4,1.42
2016-06-29,,,,,,,,,,,,,,,,,,,,,,,111.8597,1.5,0.62,2.3,0.88,1.24,1.4,0.41,2070.77,16.64,4779.25,2.9,49.85,189.42,1.44
2016-06-30,,,,,,,,,,,,,,,,,,,,,,,112.1618,1.49,0.58,2.3,0.91,1.23,1.4,0.3,2098.86,15.63,4842.67,2.92,48.27,126.12,1.42
2016-07-01,12889.7,3242.1,4472070.0,240.101,247.829,223.825,0.39,-0.195,144520.0,4.8,62.8,14160.1,12756.7,5.1,236.51243614770587,94.67,116.08236685229927,0.139,189.046,1239.0,1198.0,0.18,111.6509,1.46,0.59,2.24,0.87,1.18,1.43,0.41,2102.95,14.77,4862.57,2.86,49.02,149.16,1.43
2016-07-02,,,,,,,,,,,,,,,,,,,,,,,,,,,,,,0.41,,,,,,92.47,
2016-07-03,,,,,,,,,,,,,,,,,,,,,,,,,,,,,,0.41,,,,,,263.38,
2016-07-04,,,,,,,,,,,,,,,,,,,,,,,,,,,,,,0.41,,,,,,85.34,
2016-07-05,,,,,,,,,,,,,,,,,,,,,,,112.4231,1.37,0.56,2.14,0.81,1.09,1.4,0.4,2088.55,15.58,4822.9,2.83,46.73,62.92,1.41
2016-07-06,,,,,,,,,,,,,,,,,,,,,,,112.5438,1.38,0.58,2.14,0.8,1.11,1.43,0.4,2099.73,14.96,4859.16,2.83,47.37,193.06,1.45
2016-07-07,,,,,,,,,,,,,,,,,,,,,,,112.5775,1.4,0.58,2.14,0.82,1.11,1.43,0.4,2097.9,14.76,4876.81,2.79,45.22,60.7,1.45
2016-07-08,,,,,,,,,,,,,,,,,,,,,,,112.3963,1.37,0.61,2.11,0.76,1.09,1.43,0.4,2129.9,13.2,4956.76,2.78,45.37,124.09,1.47
2016-07-09,,,,,,,,,,,,,,,,,,,,,,,,,,,,,,0.4,,,,,,81.87,
2016-07-10,,,,,,,,,,,,,,,,,,,,,,,,,,,,,,0.4,,,,,,105.89,
2016-07-11,,,,,,,,,,,,,,,,,,,,,,,112.5254,1.43,0.66,2.14,0.77,1.12,1.42,0.4,2137.16,13.54,4988.64,2.75,44.73,42.49,1.43
2016-07-12,,,,,,,,,,,,,,,,,,,,,,,112.1102,1.53,0.69,2.24,0.84,1.24,1.46,0.4,2152.14,13.55,5022.82,2.7,46.82,91.38,1.46
2016-07-13,,,,,,,,,,,,,,,,,,,,,,,112.0266,1.48,0.68,2.18,0.8,1.17,1.45,0.4,2152.43,13.04,5005.73,2.69,44.87,85.89,1.47
2016-07-14,,,,,,,,,,,,,,,,,,,,,,,111.7692,1.53,0.68,2.25,0.85,1.21,1.45,0.4,2163.75,12.82,5034.06,2.7,45.64,21.45,1.46
2016-07-15,,,,,,,,,,,,,,,,,,,,,,,112.2833,1.6,0.71,2.3,0.89,1.28,1.49,0.4,2161.74,12.67,5029.59,2.66,45.93,6.95,1.54
2016-07-16,,,,,,,,,,,,,,,,,,,,,,,,,,,,,,0.4,,,,,,46.49,
2016-07-17,,,,,,,,,,,,,,,,,,,,,,,,,,,,,,0.4,,,,,,37.73,
2016-07-18,,,,,,,,,,,,,,,,,,,,,,,112.2463,1.59,0.68,2.3,0.91,1.27,1.49,0.4,2166.89,12.44,5055.78,2.67,45.23,40.84,1.57
2016-07-19,,,,,,,,,,,,,,,,,,,,,,,112.638,1.56,0.7,2.27,0.86,1.25,1.44,0.4,2163.78,11.97,5036.37,2.67,44.64,32.23,1.49
2016-07-20,,,,,,,,,,,,,,,,,,,,,,,112.6743,1.59,0.73,2.3,0.86,1.27,1.46,0.4,2173.02,11.77,5089.93,2.66,44.96,36.13,1.52
2016-07-21,,,,,,,,,,,,,,,,,,,,,,,112.6239,1.57,0.7,2.29,0.87,1.25,1.52,0.4,2165.17,12.74,5073.9,2.68,43.96,16.47,1.66
2016-07-22,,,,,,,,,,,,,,,,,,,,,,,112.989,1.57,0.71,2.29,0.86,1.24,1.51,0.4,2175.03,12.02,5100.16,2.66,43.41,14.14,1.66
2016-07-23,,,,,,,,,,,,,,,,,,,,,,,,,,,,,,0.4,,,,,,35.87,
2016-07-24,,,,,,,,,,,,,,,,,,,,,,,,,,,,,,0.4,,,,,,57.26,
2016-07-25,,,,,,,,,,,,,,,,,,,,,,,113.1784,1.58,0.72,2.29,0.86,1.26,1.5,0.4,2168.48,12.87,5097.63,2.65,42.4,10.28,1.66
2016-07-26,,,,,,,,,,,,,,,,,,,,,,,113.0593,1.57,0.75,2.28,0.82,1.26,1.5,0.4,2169.18,13.05,5110.05,2.65,42.16,54.55,1.67
2016-07-27,,,,,,,,,,,,,,,,,,,,,,,113.217,1.52,0.73,2.23,0.79,1.21,1.49,0.4,2166.58,12.83,5139.81,2.67,41.9,29.86,1.67
2016-07-28,,,,,,,,,,,,,,,,,,,,,,,112.7393,1.52,0.72,2.23,0.8,1.27,1.52,0.4,2170.06,12.72,5154.98,2.68,41.13,22.28,1.71
2016-07-29,,,,,,,,,,,,,,,,,,,,,,,111.874,1.46,0.67,2.18,0.79,1.18,1.49,0.3,2173.6,11.87,5162.13,2.71,41.54,21.23,1.67
2016-07-30,,,,,,,,,,,,,,,,,,,,,,,,,,,,,,0.3,,,,,,11.44,
2016-07-31,,,,,,,,,,,,,,,,,,,,,,,,,,,,,,0.3,,,,,,28.03,
2016-08-01,12973.9,3310.8,4466789.0,240.545,248.423,224.119,0.4,-0.07,144662.0,4.9,62.9,14176.7,12788.1,5.1,143.46395080193295,71.41,65.26916128771535,0.139,188.772,1171.0,1201.0,0.24,111.9757,1.51,0.67,2.24,0.84,1.22,1.46,0.4,2170.84,12.44,5184.2,2.73,40.05,10.36,1.65
2016-08-02,,,,,,,,,,,,,,,,,,,,,,,111.7124,1.55,0.67,2.29,0.88,1.26,1.44,0.4,2157.03,13.37,5137.73,2.75,39.5,40.5,1.63
2016-08-03,,,,,,,,,,,,,,,,,,,,,,,111.9419,1.55,0.67,2.29,0.88,1.27,1.46,0.4,2163.79,12.86,5159.74,2.76,40.8,17.86,1.64
2016-08-04,,,,,,,,,,,,,,,,,,,,,,,111.9149,1.51,0.64,2.25,0.87,1.25,1.47,0.4,2164.25,12.42,5166.25,2.76,41.92,10.66,1.64
2016-08-05,,,,,,,,,,,,,,,,,,,,,,,112.3589,1.59,0.72,2.32,0.87,1.31,1.5,0.4,2182.87,11.39,5221.12,2.73,41.83,48.34,1.67
2016-08-06,,,,,,,,,,,,,,,,,,,,,,,,,,,,,,0.4,,,,,,22.35,
2016-08-07,,,,,,,,,,,,,,,,,,,,,,,,,,,,,,0.4,,,,,,46.76,
2016-08-08,,,,,,,,,,,,,,,,,,,,,,,112.1456,1.59,0.74,2.3,0.85,1.28,1.51,0.4,2180.89,11.5,5213.14,2.71,43.06,126.99,1.68
2016-08-09,,,,,,,,,,,,,,,,,,,,,,,111.722,1.55,0.71,2.25,0.84,1.26,1.49,0.4,2181.74,11.66,5225.48,2.7,42.78,48.57,1.68
2016-08-10,,,,,,,,,,,,,,,,,,,,,,,111.3238,1.5,0.69,2.23,0.81,1.22,1.44,0.4,2175.49,12.05,5204.58,2.71,41.75,85.86,1.61
2016-08-11,,,,,,,,,,,,,,,,,,,,,,,111.1954,1.57,0.76,2.28,0.81,1.29,1.47,0.4,2185.79,11.68,5228.4,2.7,43.51,16.22,1.62
2016-08-12,,,,,,,,,,,,,,,,,,,,,,,111.1787,1.51,0.71,2.23,0.8,1.22,1.44,0.4,2184.05,11.55,5232.89,2.71,44.47,13.78,1.59
2016-08-13,,,,,,,,,,,,,,,,,,,,,,,,,,,,,,0.4,,,,,,22.27,
2016-08-14,,,,,,,,,,,,,,,,,,,,,,,,,,,,,,0.4,,,,,,55.62,
2016-08-15,,,,,,,,,,,,,,,,,,,,,,,110.9212,1.55,0.72,2.27,0.83,1.24,1.45,0.4,2190.15,11.81,5262.02,2.7,45.72,31.29,1.6
2016-08-16,,,,,,,,,,,,,,,,,,,,,,,110.4295,1.57,0.76,2.29,0.81,1.3,1.44,0.4,2178.15,12.64,5227.11,2.7,46.57,7.91,1.6
2016-08-17,,,,,,,,,,,,,,,,,,,,,,,110.9459,1.56,0.74,2.27,0.82,1.26,1.47,0.4,2182.22,12.19,5228.66,2.69,46.81,6.1,1.63
2016-08-18,,,,,,,,,,,,,,,,,,,,,,,110.3134,1.53,0.71,2.26,0.82,1.23,1.47,0.4,2187.02,11.43,5240.15,2.7,48.2,5.23,1.62
2016-08-19,,,,,,,,,,,,,,,,,,,,,,,110.8163,1.58,0.76,2.29,0.82,1.28,1.48,0.4,2183.87,11.34,5238.38,2.67,48.48,20.11,1.62
2016-08-20,,,,,,,,,,,,,,,,,,,,,,,,,,,,,,0.4,,,,,,10.86,
2016-08-21,,,,,,,,,,,,,,,,,,,,,,,,,,,,,,0.4,,,,,,9.05,
2016-08-22,,,,,,,,,,,,,,,,,,,,,,,110.9997,1.55,0.76,2.24,0.79,1.26,1.47,0.4,2182.64,12.27,5244.6,2.65,46.8,9.52,1.6
2016-08-23,,,,,,,,,,,,,,,,,,,,,,,110.9414,1.55,0.74,2.24,0.81,1.25,1.48,0.4,2186.9,12.38,5260.08,2.64,47.54,7.59,1.62
2016-08-24,,,,,,,,,,,,,,,,,,,,,,,111.2958,1.56,0.76,2.24,0.8,1.25,1.48,0.4,2175.44,13.45,5217.69,2.64,46.29,11.95,1.64
2016-08-25,,,,,,,,,,,,,,,,,,,,,,,111.1726,1.58,0.78,2.27,0.8,1.25,1.49,0.4,2172.47,13.63,5212.2,2.63,46.97,35.48,1.65
2016-08-26,,,,,,,,,,,,,,,,,,,,,,,111.2035,1.62,0.84,2.29,0.78,1.28,1.47,0.4,2169.04,13.65,5218.92,2.63,47.64,56.53,1.63
2016-08-27,,,,,,,,,,,,,,,,,,,,,,,,,,,,,,0.4,,,,,,30.45,
2016-08-28,,,,,,,,,,,,,,,,,,,,,,,,,,,,,,0.4,,,,,,63.42,
2016-08-29,,,,,,,,,,,,,,,,,,,,,,,111.8775,1.57,0.81,2.22,0.76,1.24,1.46,0.4,2180.38,12.94,5232.33,2.59,46.97,69.87,1.63
2016-08-30,,,,,,,,,,,,,,,,,,,,,,,112.2928,1.57,0.8,2.23,0.77,1.24,1.46,0.4,2176.12,13.12,5222.99,2.62,46.32,35.89,1.64
2016-08-31,,,,,,,,,,,,,,,,,,,,,,,112.4036,1.58,0.8,2.23,0.78,1.25,1.47,0.3,2170.95,13.42,5213.22,2.61,44.68,27.44,1.67
2016-09-01,13034.2,3319.6,4466516.0,241.176,248.842,224.612,0.4,-0.085,144967.0,5.0,62.9,14209.1,12846.6,5.1,149.02660726116315,50.29,39.37248550286007,0.139,192.243,1068.0,1303.0,0.16,112.1733,1.57,0.78,2.23,0.79,1.24,1.45,0.4,2170.86,13.48,5227.21,2.62,43.17,168.53,1.66
2016-09-02,,,,,,,,,,,,,,,,,,,,,,,112.0009,1.6,0.8,2.28,0.8,1.27,1.47,0.4,2179.98,11.98,5249.9,2.63,44.39,18.93,1.66
2016-09-03,,,,,,,,,,,,,,,,,,,,,,,,,,,,,,0.4,,,,,,10.06,
2016-09-04,,,,,,,,,,,,,,,,,,,,,,,,,,,,,,0.4,,,,,,72.09,
2016-09-05,,,,,,,,,,,,,,,,,,,,,,,,,,,,,,0.4,,,,,,15.23,
2016-09-06,,,,,,,,,,,,,,,,,,,,,,,110.9613,1.55,0.74,2.24,0.81,1.23,1.49,0.4,2186.48,12.02,5275.91,2.64,44.85,7.95,1.69
2016-09-07,,,,,,,,,,,,,,,,,,,,,,,110.9717,1.54,0.74,2.23,0.8,1.2,1.51,0.4,2186.16,11.94,5283.93,2.65,45.47,5.82,1.72
2016-09-08,,,,,,,,,,,,,,,,,,,,,,,111.2609,1.61,0.78,2.32,0.83,1.26,1.52,0.4,2181.3,12.51,5259.48,2.67,47.63,5.07,1.7
2016-09-09,,,,,,,,,,,,,,,,,,,,,,,111.9879,1.67,0.79,2.39,0.88,1.32,1.5,0.4,2127.81,17.5,5125.91,2.67,45.88,6.24,1.68
2016-09-10,,,,,,,,,,,,,,,,,,,,,,,,,,,,,,0.4,,,,,,19.32,
2016-09-11,,,,,,,,,,,,,,,,,,,,,,,,,,,,,,0.4,,,,,,26.35,
2016-09-12,,,,,,,,,,,,,,,,,,,,,,,112.1516,1.68,0.79,2.4,0.89,1.31,1.51,0.4,2159.04,15.16,5211.89,2.68,46.28,31.14,1.69
2016-09-13,,,,,,,,,,,,,,,,,,,,,,,112.5207,1.73,0.8,2.47,0.93,1.37,1.49,0.4,2127.02,17.85,5155.25,2.7,44.91,42.62,1.67
2016-09-14,,,,,,,,,,,,,,,,,,,,,,,112.4678,1.7,0.77,2.44,0.93,1.37,1.49,0.4,2125.77,18.14,5173.77,2.7,43.62,10.83,1.68
2016-09-15,,,,,,,,,,,,,,,,,,,,,,,112.4753,1.71,0.74,2.48,0.97,1.42,1.49,0.4,2147.26,16.3,5249.69,2.72,43.85,10.04,1.67
2016-09-16,,,,,,,,,,,,,,,,,,,,,,,113.1765,1.7,0.77,2.44,0.93,1.4,1.51,0.4,2139.16,15.37,5244.57,2.71,43.04,6.44,1.68
2016-09-17,,,,,,,,,,,,,,,,,,,,,,,,,,,,,,0.4,,,,,,9.97,
2016-09-18,,,,,,,,,,,,,,,,,,,,,,,,,,,,,,0.4,,,,,,44.27,
2016-09-19,,,,,,,,,,,,,,,,,,,,,,,112.903,1.7,0.79,2.45,0.91,1.4,1.5,0.4,2139.12,15.53,5235.03,2.7,43.34,39.09,1.65
2016-09-20,,,,,,,,,,,,,,,,,,,,,,,113.1848,1.69,0.79,2.43,0.9,1.39,1.49,0.4,2139.76,15.92,5241.35,2.7,43.85,14.73,1.65
2016-09-21,,,,,,,,,,,,,,,,,,,,,,,112.9842,1.66,0.79,2.39,0.87,1.44,1.51,0.4,2163.12,13.3,5295.18,2.7,45.33,5.15,1.65
2016-09-22,,,,,,,,,,,,,,,,,,,,,,,112.2592,1.63,0.79,2.34,0.84,1.45,1.55,0.4,2177.18,12.02,5339.52,2.69,46.1,5.16,1.7
2016-09-23,,,,,,,,,,,,,,,,,,,,,,,112.7166,1.62,0.77,2.34,0.85,1.44,1.57,0.4,2164.69,12.29,5305.75,2.68,44.36,6.13,1.72
2016-09-24,,,,,,,,,,,,,,,,,,,,,,,,,,,,,,0.4,,,,,,10.03,
2016-09-25,,,,,,,,,,,,,,,,,,,,,,,,,,,,,,0.4,,,,,,8.79,
2016-09-26,,,,,,,,,,,,,,,,,,,,,,,112.7112,1.59,0.76,2.32,0.83,1.34,1.54,0.4,2146.1,14.5,5257.49,2.7,45.6,10.09,1.68
2016-09-27,,,,,,,,,,,,,,,,,,,,,,,112.5515,1.56,0.75,2.28,0.81,1.3,1.52,0.4,2159.93,13.1,5305.71,2.69,44.65,7.48,1.66
2016-09-28,,,,,,,,,,,,,,,,,,,,,,,112.6283,1.57,0.75,2.29,0.82,1.3,1.56,0.4,2171.37,12.39,5318.55,2.69,47.07,35.57,1.68
2016-09-29,,,,,,,,,,,,,,,,,,,,,,,112.2879,1.56,0.73,2.28,0.83,1.3,1.54,0.4,2151.13,14.02,5269.15,2.67,47.72,5.44,1.64
2016-09-30,,,,,,,,,,,,,,,,,,,,,,,112.2795,1.6,0.77,2.32,0.83,1.31,1.6,0.29,2168.27,13.29,5312.0,2.69,47.72,13.1,1.75
2016-10-01,13107.5,3332.0,4459703.0,241.741,249.142,225.01,0.4,-0.05,145066.0,4.9,62.8,14235.4,12867.0,5.3,134.09464834690343,69.45,54.639368853939345,0.134,195.979,1313.0,1254.0,0.18,,,,,,,,0.29,,,,,,29.51,
2016-10-02,,,,,,,,,,,,,,,,,,,,,,,,,,,,,,0.29,,,,,,44.86,
2016-10-03,,,,,,,,,,,,,,,,,,,,,,,112.5077,1.63,0.8,2.34,0.83,1.31,1.63,0.4,2161.2,13.57,5300.87,2.66,48.8,69.12,1.79
2016-10-04,,,,,,,,,,,,,,,,,,,,,,,112.6579,1.69,0.82,2.4,0.87,1.36,1.62,0.4,2150.49,13.63,5289.66,2.66,48.67,42.12,1.79
2016-10-05,,,,,,,,,,,,,,,,,,,,,,,112.7946,1.72,0.85,2.44,0.87,1.4,1.62,0.4,2159.73,12.99,5316.02,2.64,49.75,11.38,1.76
2016-10-06,,,,,,,,,,,,,,,,,,,,,,,113.0066,1.75,0.86,2.46,0.89,1.42,1.64,0.4,2160.77,12.84,5306.85,2.61,50.44,21.19,1.79
2016-10-07,,,,,,,,,,,,,,,,,,,,,,,113.2915,1.73,0.83,2.46,0.9,1.4,1.63,0.4,2153.74,13.48,5292.4,2.63,49.76,23.98,1.76
2016-10-08,,,,,,,,,,,,,,,,,,,,,,,,,,,,,,0.4,,,,,,21.11,
2016-10-09,,,,,,,,,,,,,,,,,,,,,,,,,,,,,,0.4,,,,,,18.5,
2016-10-10,,,,,,,,,,,,,,,,,,,,,,,,,,,,,,0.4,2163.66,13.38,5328.67,,49.76,19.95,
2016-10-11,,,,,,,,,,,,,,,,,,,,,,,113.4461,1.77,0.87,2.5,0.9,1.42,1.64,0.41,2136.73,15.36,5246.79,2.6,50.72,7.16,1.77
2016-10-12,,,,,,,,,,,,,,,,,,,,,,,113.7442,1.79,0.87,2.51,0.92,1.42,1.64,0.41,2139.18,15.91,5239.02,2.6,50.14,6.0,1.77
2016-10-13,,,,,,,,,,,,,,,,,,,,,,,113.6238,1.75,0.85,2.48,0.9,1.45,1.63,0.41,2132.55,16.69,5213.33,2.59,50.47,20.45,1.76
2016-10-14,,,,,,,,,,,,,,,,,,,,,,,113.7119,1.8,0.84,2.55,0.96,1.48,1.67,0.41,2132.98,16.12,5214.16,2.63,50.35,12.45,1.81
2016-10-15,,,,,,,,,,,,,,,,,,,,,,,,,,,,,,0.41,,,,,,9.99,
2016-10-16,,,,,,,,,,,,,,,,,,,,,,,,,,,,,,0.41,,,,,,97.64,
2016-10-17,,,,,,,,,,,,,,,,,,,,,,,113.5488,1.77,0.81,2.52,0.96,1.43,1.68,0.41,2126.5,16.21,5199.82,2.62,49.97,141.07,1.81
2016-10-18,,,,,,,,,,,,,,,,,,,,,,,113.1393,1.75,0.82,2.51,0.93,1.41,1.66,0.41,2139.6,15.28,5243.84,2.62,50.3,7.03,1.78
2016-10-19,,,,,,,,,,,,,,,,,,,,,,,113.0547,1.76,0.81,2.51,0.95,1.41,1.68,0.41,2144.29,14.41,5246.41,2.62,51.59,5.75,1.8
2016-10-20,,,,,,,,,,,,,,,,,,,,,,,113.4033,1.76,0.84,2.5,0.92,1.41,1.68,0.41,2141.34,13.75,5241.83,2.59,50.31,5.12,1.8
2016-10-21,,,,,,,,,,,,,,,,,,,,,,,113.9015,1.74,0.84,2.48,0.9,1.4,1.67,0.41,2141.16,13.34,5257.4,2.6,50.61,12.78,1.78
2016-10-22,,,,,,,,,,,,,,,,,,,,,,,,,,,,,,0.41,,,,,,9.91,
2016-10-23,,,,,,,,,,,,,,,,,,,,,,,,,,,,,,0.41,,,,,,26.04,
2016-10-24,,,,,,,,,,,,,,,,,,,,,,,113.8571,1.77,0.84,2.52,0.93,1.44,1.66,0.41,2151.33,13.02,5309.83,2.59,50.18,20.53,1.79
2016-10-25,,,,,,,,,,,,,,,,,,,,,,,113.6801,1.77,0.86,2.5,0.91,1.43,1.7,0.41,2143.16,13.46,5283.4,2.58,49.45,22.55,1.83
2016-10-26,,,,,,,,,,,,,,,,,,,,,,,113.8131,1.79,0.86,2.53,0.93,1.46,1.71,0.41,2139.43,14.24,5250.27,2.6,48.75,11.18,1.84
2016-10-27,,,,,,,,,,,,,,,,,,,,,,,114.1998,1.85,0.87,2.6,0.98,1.55,1.72,0.41,2133.04,15.36,5215.97,2.59,49.71,25.45,1.87
2016-10-28,,,,,,,,,,,,,,,,,,,,,,,114.0931,1.86,0.86,2.62,1.0,1.56,1.73,0.41,2126.41,16.19,5190.1,2.6,48.72,43.9,1.86
2016-10-29,,,,,,,,,,,,,,,,,,,,,,,,,,,,,,0.41,,,,,,57.63,
2016-10-30,,,,,,,,,,,,,,,,,,,,,,,,,,,,,,0.41,,,,,,33.92,
2016-10-31,,,,,,,,,,,,,,,,,,,,,,,114.0188,1.84,0.86,2.58,0.98,1.5,1.73,0.31,2126.15,17.06,5189.13,2.61,46.83,20.12,1.87
2016-11-01,13181.0,3347.1,4454779.0,242.026,249.481,225.079,0.41,0.02,145183.0,4.7,62.7,14273.6,12893.0,5.4,251.3069129399952,125.67,111.16061079404392,0.131,196.372,1140.0,1230.0,0.2,113.9915,1.83,0.83,2.58,1.0,1.48,1.72,0.41,2111.72,18.56,5153.58,2.61,46.66,13.8,1.85
2016-11-02,,,,,,,,,,,,,,,,,,,,,,,113.9206,1.81,0.81,2.56,1.0,1.44,1.7,0.41,2097.94,19.32,5105.57,2.63,45.32,5.32,1.85
2016-11-03,,,,,,,,,,,,,,,,,,,,,,,113.7664,1.82,0.81,2.6,1.01,1.44,1.68,0.41,2088.66,22.08,5058.41,2.67,44.66,34.08,1.84
2016-11-04,,,,,,,,,,,,,,,,,,,,,,,113.5828,1.79,0.8,2.56,0.99,1.41,1.68,0.41,2085.18,22.51,5046.37,2.67,44.07,36.47,1.84
2016-11-05,,,,,,,,,,,,,,,,,,,,,,,,,,,,,,0.41,,,,,,48.76,
2016-11-06,,,,,,,,,,,,,,,,,,,,,,,,,,,,,,0.41,,,,,,25.79,
2016-11-07,,,,,,,,,,,,,,,,,,,,,,,113.5443,1.83,0.82,2.6,1.01,1.42,1.71,0.41,2131.52,18.71,5166.17,2.66,44.88,34.13,1.86
2016-11-08,,,,,,,,,,,,,,,,,,,,,,,113.3017,1.88,0.87,2.63,1.01,1.45,1.73,0.41,2139.56,18.74,5193.49,2.62,44.96,83.62,1.89
2016-11-09,,,,,,,,,,,,,,,,,,,,,,,114.6956,2.07,0.9,2.88,1.17,1.62,1.82,0.41,2163.26,14.38,5251.07,2.66,45.2,203.15,1.97
2016-11-10,,,,,,,,,,,,,,,,,,,,,,,115.9375,2.15,0.92,2.94,1.23,1.67,1.88,0.41,2167.48,14.74,5208.8,2.6,44.62,221.84,2.06
2016-11-11,,,,,,,,,,,,,,,,,,,,,,,,,,,,,,0.41,2164.45,14.17,5237.11,,43.39,60.43,
2016-11-12,,,,,,,,,,,,,,,,,,,,,,,,,,,,,,0.41,,,,,,99.72,
2016-11-13,,,,,,,,,,,,,,,,,,,,,,,,,,,,,,0.41,,,,,,98.99,
2016-11-14,,,,,,,,,,,,,,,,,,,,,,,117.2245,2.23,1.0,2.99,1.23,1.68,1.83,0.41,2164.2,14.48,5218.4,2.6,43.29,154.75,2.01
2016-11-15,,,,,,,,,,,,,,,,,,,,,,,116.7724,2.23,1.02,2.97,1.21,1.72,1.82,0.41,2180.39,13.37,5275.62,2.59,45.86,28.32,1.97
2016-11-16,,,,,,,,,,,,,,,,,,,,,,,116.8062,2.22,1.0,2.92,1.22,1.75,1.83,0.41,2176.94,13.72,5294.58,2.55,45.56,40.1,2.0
2016-11-17,,,,,,,,,,,,,,,,,,,,,,,116.8952,2.29,1.04,3.01,1.25,1.85,1.87,0.41,2187.12,13.35,5333.97,2.54,45.37,59.36,2.03
2016-11-18,,,,,,,,,,,,,,,,,,,,,,,117.5936,2.34,1.07,3.01,1.27,1.9,1.9,0.41,2181.9,12.85,5321.51,2.52,45.69,34.71,2.06
2016-11-19,,,,,,,,,,,,,,,,,,,,,,,,,,,,,,0.41,,,,,,30.95,
2016-11-20,,,,,,,,,,,,,,,,,,,,,,,,,,,,,,0.41,,,,,,54.65,
2016-11-21,,,,,,,,,,,,,,,,,,,,,,,117.4762,2.33,1.08,3.0,1.25,1.87,1.91,0.41,2198.18,12.42,5368.86,2.52,47.48,19.03,2.08
2016-11-22,,,,,,,,,,,,,,,,,,,,,,,117.4508,2.31,1.07,3.0,1.24,1.82,1.9,0.41,2202.94,12.41,5386.35,2.53,48.07,7.26,2.05
2016-11-23,,,,,,,,,,,,,,,,,,,,,,,118.0356,2.36,1.12,3.02,1.24,1.85,1.92,0.41,2204.72,12.43,5380.68,2.49,46.72,5.67,2.1
2016-11-24,,,,,,,,,,,,,,,,,,,,,,,,,,,,,,0.41,,,,,,7.88,
2016-11-25,,,,,,,,,,,,,,,,,,,,,,,118.02,2.36,1.12,3.01,1.24,1.87,1.89,0.41,2213.35,12.34,5398.92,2.48,46.72,40.87,2.04
2016-11-26,,,,,,,,,,,,,,,,,,,,,,,,,,,,,,0.41,,,,,,11.39,
2016-11-27,,,,,,,,,,,,,,,,,,,,,,,,,,,,,,0.41,,,,,,57.98,
2016-11-28,,,,,,,,,,,,,,,,,,,,,,,117.7278,2.32,1.11,2.99,1.21,1.84,1.85,0.41,2201.72,13.15,5368.81,2.47,45.66,10.59,2.01
2016-11-29,,,,,,,,,,,,,,,,,,,,,,,117.644,2.3,1.09,2.95,1.21,1.82,1.86,0.41,2204.66,12.9,5379.92,2.46,45.29,15.54,2.03
2016-11-30,,,,,,,,,,,,,,,,,,,,,,,117.7636,2.37,1.11,3.02,1.26,1.89,1.94,0.31,2198.81,13.33,5323.68,2.45,49.41,16.72,2.11
2016-12-01,13226.1,3345.4,4460033.0,242.637,249.92,225.608,0.54,0.04,145408.0,4.7,62.7,14313.7,13005.9,5.0,222.31807762663811,123.93,86.7404401258283,0.133,199.513,1252.0,1248.0,0.1,117.6642,2.45,1.14,3.1,1.31,1.97,1.97,0.41,2191.08,14.07,5251.11,2.42,51.08,36.3,2.13
2016-12-02,,,,,,,,,,,,,,,,,,,,,,,117.3116,2.4,1.11,3.08,1.29,1.91,1.91,0.41,2191.95,14.12,5255.65,2.42,51.7,6.31,2.06
2016-12-03,,,,,,,,,,,,,,,,,,,,,,,,,,,,,,0.41,,,,,,30.79,
2016-12-04,,,,,,,,,,,,,,,,,,,,,,,,,,,,,,0.41,,,,,,63.08,
2016-12-05,,,,,,,,,,,,,,,,,,,,,,,117.1008,2.39,1.13,3.05,1.26,1.9,1.94,0.41,2204.71,12.14,5308.89,2.42,51.72,19.3,2.09
2016-12-06,,,,,,,,,,,,,,,,,,,,,,,116.9225,2.39,1.12,3.08,1.27,1.9,1.95,0.41,2212.23,11.79,5333.0,2.44,50.95,7.18,2.1
2016-12-07,,,,,,,,,,,,,,,,,,,,,,,116.672,2.34,1.1,3.02,1.24,1.82,1.92,0.41,2241.35,12.22,5393.76,2.44,49.85,26.92,2.06
2016-12-08,,,,,,,,,,,,,,,,,,,,,,,117.0327,2.4,1.12,3.1,1.28,1.89,1.95,0.41,2246.19,12.64,5417.36,2.43,50.84,21.6,2.07
2016-12-09,,,,,,,,,,,,,,,,,,,,,,,117.2834,2.47,1.15,3.16,1.32,1.93,1.96,0.41,2259.53,11.75,5444.5,2.43,51.51,31.14,2.09
2016-12-10,,,,,,,,,,,,,,,,,,,,,,,,,,,,,,0.41,,,,,,10.36,
2016-12-11,,,,,,,,,,,,,,,,,,,,,,,,,,,,,,0.41,,,,,,18.85,
2016-12-12,,,,,,,,,,,,,,,,,,,,,,,116.9161,2.49,1.15,3.16,1.34,1.98,1.98,0.41,2256.96,12.64,5412.54,2.41,52.74,46.62,2.1
2016-12-13,,,,,,,,,,,,,,,,,,,,,,,116.8029,2.48,1.17,3.14,1.31,1.94,1.95,0.41,2271.72,12.72,5463.83,2.39,52.99,28.98,2.04
2016-12-14,,,,,,,,,,,,,,,,,,,,,,,116.7332,2.54,1.27,3.14,1.27,1.99,1.94,0.41,2253.28,13.19,5436.67,2.32,51.01,5.44,2.06
2016-12-15,,,,,,,,,,,,,,,,,,,,,,,118.8072,2.6,1.29,3.16,1.31,2.09,1.9,0.66,2262.03,12.79,5456.85,2.24,50.9,372.23,2.02
2016-12-16,,,,,,,,,,,,,,,,,,,,,,,118.3584,2.6,1.28,3.19,1.32,2.09,1.86,0.66,2258.07,12.2,5437.16,2.28,51.93,12.68,1.97
2016-12-17,,,,,,,,,,,,,,,,,,,,,,,,,,,,,,0.66,,,,,,21.63,
2016-12-18,,,,,,,,,,,,,,,,,,,,,,,,,,,,,,0.66,,,,,,19.19,
2016-12-19,,,,,,,,,,,,,,,,,,,,,,,118.3875,2.54,1.24,3.12,1.3,2.02,1.86,0.66,2262.53,11.71,5457.44,2.28,52.13,10.92,1.98
2016-12-20,,,,,,,,,,,,,,,,,,,,,,,118.63,2.57,1.25,3.15,1.32,2.05,1.9,0.66,2270.76,11.45,5483.94,2.28,52.22,51.85,2.0
2016-12-21,,,,,,,,,,,,,,,,,,,,,,,118.581,2.55,1.21,3.12,1.34,2.03,1.91,0.66,2265.18,11.27,5471.43,2.26,51.44,5.45,2.08
2016-12-22,,,,,,,,,,,,,,,,,,,,,,,118.8209,2.55,1.22,3.12,1.33,2.04,1.95,0.66,2260.96,11.43,5447.42,2.27,51.98,22.03,2.04
2016-12-23,,,,,,,,,,,,,,,,,,,,,,,118.7856,2.55,1.22,3.12,1.33,2.03,1.97,0.66,2263.79,11.44,5462.69,2.25,52.01,14.42,2.1
2016-12-24,,,,,,,,,,,,,,,,,,,,,,,,,,,,,,0.66,,,,,,25.29,
2016-12-25,,,,,,,,,,,,,,,,,,,,,,,,,,,,,,0.66,,,,,,35.13,
2016-12-26,,,,,,,,,,,,,,,,,,,,,,,,,,,,,,0.66,,,,,,34.13,
2016-12-27,,,,,,,,,,,,,,,,,,,,,,,118.9506,2.57,1.28,3.14,1.29,2.06,1.99,0.66,2268.88,11.99,5487.44,2.25,52.82,64.09,2.1
2016-12-28,,,,,,,,,,,,,,,,,,,,,,,119.2305,2.51,1.26,3.09,1.25,1.98,1.95,0.66,2249.92,12.95,5438.56,2.26,54.01,46.4,2.05
2016-12-29,,,,,,,,,,,,,,,,,,,,,,,118.6637,2.49,1.22,3.08,1.27,2.02,1.94,0.66,2249.26,13.37,5432.09,2.27,53.8,38.07,2.07
2016-12-30,,,,,,,,,,,,,,,,,,,,,,,118.3466,2.45,1.2,3.06,1.25,1.94,1.95,0.55,2238.83,14.04,5383.12,2.28,53.75,52.94,2.06
2016-12-31,,,,,,,,,,,,,,,,,,,,,,,,,,,,,,0.55,,,,,,57.57,
2017-01-01,13300.7,3399.1,4454802.0,243.618,250.467,226.707,0.65,0.085,145628.0,4.7,62.8,14373.7,13063.7,5.3,265.76306385428956,144.14,86.0506771573363,0.134,205.369,1190.0,1303.0,0.2,,,,,,,,0.55,,,,,,170.26,
2017-01-02,,,,,,,,,,,,,,,,,,,,,,,,,,,,,,0.55,,,,,,15.89,
2017-01-03,,,,,,,,,,,,,,,,,,,,,,,119.0903,2.45,1.22,3.04,1.23,1.92,1.98,0.66,2257.83,12.85,5429.08,2.27,52.36,24.4,2.1
2017-01-04,,,,,,,,,,,,,,,,,,,,,,,118.8803,2.46,1.24,3.05,1.22,1.93,1.99,0.66,2270.75,11.85,5477.0,2.25,53.26,17.46,2.12
2017-01-05,,,,,,,,,,,,,,,,,,,,,,,117.9999,2.37,1.17,2.96,1.2,1.85,1.95,0.66,2269.0,11.67,5487.94,2.25,53.77,84.05,2.07
2017-01-06,,,,,,,,,,,,,,,,,,,,,,,118.3495,2.42,1.22,3.0,1.2,1.89,1.96,0.66,2276.98,11.32,5521.06,2.24,53.98,7.07,2.08
2017-01-07,,,,,,,,,,,,,,,,,,,,,,,,,,,,,,0.66,,,,,,32.15,
2017-01-08,,,,,,,,,,,,,,,,,,,,,,,,,,,,,,0.66,,,,,,66.65,
2017-01-09,,,,,,,,,,,,,,,,,,,,,,,118.4111,2.38,1.21,2.97,1.17,1.88,1.95,0.66,2268.9,11.56,5531.82,2.24,51.95,45.66,2.05
2017-01-10,,,,,,,,,,,,,,,,,,,,,,,118.5386,2.38,1.19,2.97,1.19,1.86,1.95,0.66,2268.9,11.49,5551.82,2.24,50.82,21.34,2.06
2017-01-11,,,,,,,,,,,,,,,,,,,,,,,119.0219,2.38,1.2,2.96,1.18,1.86,1.99,0.66,2275.32,11.26,5563.65,2.22,52.19,45.1,2.13
2017-01-12,,,,,,,,,,,,,,,,,,,,,,,117.8001,2.36,1.18,3.01,1.18,1.84,1.98,0.66,2270.44,11.54,5547.49,2.25,53.01,5.31,2.09
2017-01-13,,,,,,,,,,,,,,,,,,,,,,,117.9884,2.4,1.21,2.99,1.19,1.87,1.99,0.66,2274.64,11.23,5574.12,2.23,52.36,127.1,2.13
2017-01-14,,,,,,,,,,,,,,,,,,,,,,,,,,,,,,0.66,,,,,,10.49,
2017-01-15,,,,,,,,,,,,,,,,,,,,,,,,,,,,,,0.66,,,,,,85.55,
2017-01-16,,,,,,,,,,,,,,,,,,,,,,,,,,,,,,0.66,,,,,,41.34,
2017-01-17,,,,,,,,,,,,,,,,,,,,,,,117.2656,2.33,1.17,2.93,1.16,1.78,1.97,0.66,2267.89,11.87,5538.73,2.26,52.45,145.98,2.1
2017-01-18,,,,,,,,,,,,,,,,,,,,,,,117.7242,2.42,1.23,3.0,1.19,1.89,2.0,0.66,2271.89,12.48,5555.65,2.22,51.12,16.18,2.14
2017-01-19,,,,,,,,,,,,,,,,,,,,,,,118.3182,2.47,1.25,3.04,1.22,1.95,2.04,0.66,2263.69,12.78,5540.08,2.21,51.39,5.23,2.18
2017-01-20,,,,,,,,,,,,,,,,,,,,,,,,2.48,1.2,3.05,1.28,1.98,2.04,0.66,2271.31,11.54,5555.33,2.21,52.33,53.09,2.16
2017-01-21,,,,,,,,,,,,,,,,,,,,,,,,,,,,,,0.66,,,,,,29.13,
2017-01-22,,,,,,,,,,,,,,,,,,,,,,,,,,,,,,0.66,,,,,,95.6,
2017-01-23,,,,,,,,,,,,,,,,,,,,,,,117.2479,2.41,1.16,2.99,1.25,1.9,2.02,0.66,2265.2,11.77,5552.94,2.21,52.77,59.46,2.18
2017-01-24,,,,,,,,,,,,,,,,,,,,,,,117.0516,2.47,1.21,3.05,1.26,1.96,2.06,0.66,2280.07,11.07,5600.96,2.22,52.38,27.5,2.19
2017-01-25,,,,,,,,,,,,,,,,,,,,,,,116.9355,2.53,1.23,3.1,1.3,2.03,2.08,0.66,2298.37,10.81,5656.34,2.21,52.14,5.35,2.2
2017-01-26,,,,,,,,,,,,,,,,,,,,,,,117.2766,2.51,1.21,3.08,1.3,2.0,2.08,0.66,2296.68,10.63,5655.18,2.2,53.24,19.13,2.22
2017-01-27,,,,,,,,,,,,,,,,,,,,,,,117.0735,2.49,1.22,3.06,1.27,1.97,2.08,0.66,2294.69,10.58,5660.78,2.19,53.18,24.45,2.2
2017-01-28,,,,,,,,,,,,,,,,,,,,,,,,,,,,,,0.66,,,,,,52.56,
2017-01-29,,,,,,,,,,,,,,,,,,,,,,,,,,,,,,0.66,,,,,,36.9,
2017-01-30,,,,,,,,,,,,,,,,,,,,,,,116.7325,2.49,1.22,3.08,1.27,1.98,2.07,0.66,2280.9,11.88,5613.71,2.21,52.63,17.26,2.19
2017-01-31,,,,,,,,,,,,,,,,,,,,,,,116.2241,2.45,1.19,3.05,1.26,1.93,2.05,0.56,2278.87,11.99,5614.79,2.23,52.75,15.24,2.16
2017-02-01,13367.3,3409.9,4458374.0,244.006,250.998,226.949,0.66,0.05,145848.0,4.6,62.9,14416.8,13088.4,5.6,202.01986665468957,119.43,99.2918754406169,0.135,204.133,1271.0,1234.0,0.22,116.3914,2.48,1.22,3.08,1.26,1.97,2.05,0.66,2279.55,11.81,5642.65,2.23,53.9,27.34,2.18
2017-02-02,,,,,,,,,,,,,,,,,,,,,,,115.903,2.48,1.21,3.09,1.27,1.96,2.05,0.66,2280.85,11.93,5636.2,2.23,53.55,9.94,2.17
2017-02-03,,,,,,,,,,,,,,,,,,,,,,,115.6259,2.49,1.21,3.11,1.28,1.98,2.05,0.66,2297.42,10.97,5666.77,2.24,53.81,18.8,2.19
2017-02-04,,,,,,,,,,,,,,,,,,,,,,,,,,,,,,0.66,,,,,,9.7,
2017-02-05,,,,,,,,,,,,,,,,,,,,,,,,,,,,,,0.66,,,,,,36.97,
2017-02-06,,,,,,,,,,,,,,,,,,,,,,,116.0504,2.42,1.16,3.05,1.26,1.89,2.02,0.66,2292.56,11.37,5663.55,2.25,53.01,35.2,2.13
2017-02-07,,,,,,,,,,,,,,,,,,,,,,,116.4082,2.4,1.16,3.02,1.24,1.87,2.0,0.66,2293.08,11.29,5674.22,2.24,52.19,13.9,2.13
2017-02-08,,,,,,,,,,,,,,,,,,,,,,,116.1382,2.34,1.15,2.96,1.19,1.8,1.96,0.66,2294.67,11.45,5682.45,2.25,52.37,5.48,2.1
2017-02-09,,,,,,,,,,,,,,,,,,,,,,,116.306,2.4,1.2,3.02,1.2,1.86,1.99,0.66,2307.87,10.88,5715.18,2.24,52.99,25.02,2.12
2017-02-10,,,,,,,,,,,,,,,,,,,,,,,116.148,2.41,1.2,3.01,1.21,1.86,2.01,0.66,2316.1,10.85,5734.13,2.23,53.84,12.65,2.15
2017-02-11,,,,,,,,,,,,,,,,,,,,,,,,,,,,,,0.66,,,,,,20.12,
2017-02-12,,,,,,,,,,,,,,,,,,,,,,,,,,,,,,0.66,,,,,,37.06,
2017-02-13,,,,,,,,,,,,,,,,,,,,,,,116.3427,2.43,1.2,3.03,1.23,1.91,2.0,0.66,2328.25,11.07,5763.96,2.23,52.96,9.29,2.13
2017-02-14,,,,,,,,,,,,,,,,,,,,,,,116.3949,2.47,1.25,3.07,1.22,1.93,2.01,0.66,2337.58,10.74,5782.57,2.21,53.21,34.3,2.15
2017-02-15,,,,,,,,,,,,,,,,,,,,,,,116.2162,2.51,1.27,3.09,1.24,1.97,2.06,0.66,2349.25,11.97,5819.44,2.19,53.11,11.02,2.19
2017-02-16,,,,,,,,,,,,,,,,,,,,,,,116.0067,2.45,1.22,3.05,1.23,1.92,2.02,0.66,2347.22,11.76,5814.9,2.2,53.41,5.08,2.14
2017-02-17,,,,,,,,,,,,,,,,,,,,,,,116.4035,2.42,1.21,3.03,1.21,1.89,2.01,0.66,2351.16,11.49,5838.58,2.21,53.41,100.31,2.17
2017-02-18,,,,,,,,,,,,,,,,,,,,,,,,,,,,,,0.66,,,,,,19.96,
2017-02-19,,,,,,,,,,,,,,,,,,,,,,,,,,,,,,0.66,,,,,,8.77,
2017-02-20,,,,,,,,,,,,,,,,,,,,,,,,,,,,,,0.66,,,,,,8.26,
2017-02-21,,,,,,,,,,,,,,,,,,,,,,,116.5921,2.43,1.22,3.04,1.21,1.9,2.03,0.66,2365.38,11.57,5865.95,2.2,54.02,27.86,2.19
2017-02-22,,,,,,,,,,,,,,,,,,,,,,,116.2136,2.42,1.22,3.04,1.2,1.9,2.04,0.66,2362.82,11.74,5860.63,2.21,53.61,58.98,2.16
2017-02-23,,,,,,,,,,,,,,,,,,,,,,,115.6527,2.38,1.18,3.02,1.2,1.87,2.03,0.66,2363.81,11.71,5835.51,2.23,54.48,4.94,2.16
2017-02-24,,,,,,,,,,,,,,,,,,,,,,,115.8143,2.31,1.12,2.95,1.19,1.79,2.0,0.66,2367.34,11.47,5845.31,2.23,53.99,6.19,2.1
2017-02-25,,,,,,,,,,,,,,,,,,,,,,,,,,,,,,0.66,,,,,,18.4,
2017-02-26,,,,,,,,,,,,,,,,,,,,,,,,,,,,,,0.66,,,,,,25.89,
2017-02-27,,,,,,,,,,,,,,,,,,,,,,,115.6764,2.36,1.2,2.98,1.16,1.86,2.01,0.66,2369.75,12.09,5861.9,2.21,54.04,18.13,2.16
2017-02-28,,,,,,,,,,,,,,,,,,,,,,,116.0032,2.36,1.22,2.97,1.14,1.83,2.02,0.57,2363.64,12.92,5825.44,2.19,54.0,20.93,2.15
2017-03-01,13428.7,3455.8,4467058.0,243.892,250.944,226.607,0.79,0.065,145969.0,4.4,62.9,14476.3,13139.9,5.6,235.36323930257583,112.85,50.935573163108785,0.134,202.528,1190.0,1272.0,0.06,116.438,2.46,1.29,3.06,1.17,1.83,2.03,0.66,2395.96,12.54,5904.03,2.18,53.82,16.02,2.22
2017-03-02,,,,,,,,,,,,,,,,,,,,,,,116.8429,2.49,1.32,3.09,1.17,1.82,2.01,0.66,2381.92,11.81,5861.22,2.16,52.63,15.18,2.18
2017-03-03,,,,,,,,,,,,,,,,,,,,,,,116.6438,2.49,1.32,3.08,1.17,1.78,2.04,0.66,2383.12,10.96,5870.75,2.16,53.33,23.94,2.16
2017-03-04,,,,,,,,,,,,,,,,,,,,,,,,,,,,,,0.66,,,,,,29.29,
2017-03-05,,,,,,,,,,,,,,,,,,,,,,,,,,,,,,0.66,,,,,,26.65,
2017-03-06,,,,,,,,,,,,,,,,,,,,,,,116.4313,2.49,1.31,3.1,1.18,1.75,2.01,0.66,2375.31,11.24,5849.17,2.17,53.19,9.44,2.12
2017-03-07,,,,,,,,,,,,,,,,,,,,,,,116.4303,2.52,1.32,3.11,1.2,1.76,2.03,0.66,2368.39,11.45,5833.93,2.15,52.68,20.76,2.14
2017-03-08,,,,,,,,,,,,,,,,,,,,,,,116.875,2.57,1.36,3.15,1.21,1.84,2.01,0.66,2362.98,11.86,5837.55,2.15,49.83,16.34,2.12
2017-03-09,,,,,,,,,,,,,,,,,,,,,,,116.9959,2.6,1.37,3.19,1.23,1.87,2.0,0.66,2364.87,12.3,5838.81,2.17,48.75,21.77,2.11
2017-03-10,,,,,,,,,,,,,,,,,,,,,,,116.616,2.58,1.36,3.16,1.22,1.83,2.01,0.66,2372.6,11.66,5861.73,2.18,48.05,5.95,2.12
2017-03-11,,,,,,,,,,,,,,,,,,,,,,,,,,,,,,0.66,,,,,,30.21,
2017-03-12,,,,,,,,,,,,,,,,,,,,,,,,,,,,,,0.66,,,,,,9.18,
2017-03-13,,,,,,,,,,,,,,,,,,,,,,,116.4004,2.62,1.4,3.2,1.22,1.83,2.01,0.66,2373.47,11.35,5875.78,2.17,47.95,8.24,2.16
2017-03-14,,,,,,,,,,,,,,,,,,,,,,,116.5646,2.6,1.4,3.17,1.2,1.82,1.99,0.66,2365.45,12.3,5856.82,2.18,47.24,99.89,2.1
2017-03-15,,,,,,,,,,,,,,,,,,,,,,,116.3584,2.51,1.33,3.11,1.18,1.78,2.01,0.66,2385.26,11.63,5900.05,2.2,48.34,15.9,2.18
2017-03-16,,,,,,,,,,,,,,,,,,,,,,,115.4456,2.53,1.35,3.14,1.18,1.8,2.02,0.91,2381.38,11.21,5900.76,2.21,48.3,20.87,2.17
2017-03-17,,,,,,,,,,,,,,,,,,,,,,,115.2783,2.5,1.33,3.11,1.17,1.77,2.01,0.91,2378.25,11.28,5901.0,2.22,48.34,6.33,2.13
2017-03-18,,,,,,,,,,,,,,,,,,,,,,,,,,,,,,0.91,,,,,,10.42,
2017-03-19,,,,,,,,,,,,,,,,,,,,,,,,,,,,,,0.91,,,,,,8.96,
2017-03-20,,,,,,,,,,,,,,,,,,,,,,,115.0426,2.47,1.3,3.08,1.17,1.71,2.0,0.91,2373.47,11.34,5901.53,2.23,47.79,101.07,2.14
2017-03-21,,,,,,,,,,,,,,,,,,,,,,,114.8119,2.43,1.27,3.04,1.16,1.66,1.98,0.91,2344.02,12.47,5793.83,2.23,47.02,21.68,2.16
2017-03-22,,,,,,,,,,,,,,,,,,,,,,,114.7937,2.4,1.27,3.02,1.13,1.63,1.97,0.91,2348.45,12.81,5821.64,2.23,47.29,5.4,2.15
2017-03-23,,,,,,,,,,,,,,,,,,,,,,,114.7899,2.41,1.26,3.02,1.15,1.65,1.95,0.91,2345.96,13.12,5817.69,2.24,47.0,10.65,2.15
2017-03-24,,,,,,,,,,,,,,,,,,,,,,,114.6372,2.4,1.26,3.0,1.14,1.62,1.98,0.91,2343.98,12.96,5828.74,2.22,47.3,12.99,2.23
2017-03-25,,,,,,,,,,,,,,,,,,,,,,,,,,,,,,0.91,,,,,,10.88,
2017-03-26,,,,,,,,,,,,,,,,,,,,,,,,,,,,,,0.91,,,,,,8.92,
2017-03-27,,,,,,,,,,,,,,,,,,,,,,,114.2347,2.38,1.27,2.98,1.11,1.6,1.97,0.91,2341.59,12.5,5840.37,2.23,47.02,8.73,2.19
2017-03-28,,,,,,,,,,,,,,,,,,,,,,,114.419,2.42,1.3,3.02,1.12,1.64,1.97,0.91,2358.57,11.53,5875.14,2.22,48.36,6.73,2.21
2017-03-29,,,,,,,,,,,,,,,,,,,,,,,114.7167,2.39,1.26,2.99,1.13,1.61,1.98,0.91,2361.13,11.42,5897.55,2.23,49.47,10.29,2.16
2017-03-30,,,,,,,,,,,,,,,,,,,,,,,114.5245,2.42,1.28,3.03,1.14,1.64,1.96,0.91,2368.06,11.54,5914.34,2.23,50.3,5.11,2.11
2017-03-31,,,,,,,,,,,,,,,,,,,,,,,114.7938,2.4,1.27,3.02,1.13,1.64,1.97,0.82,2362.72,12.37,5911.74,2.24,50.54,5.99,2.17
2017-04-01,13484.7,3454.5,4477135.0,244.193,251.227,226.746,0.9,0.015,146174.0,4.4,63.0,14509.3,13169.2,5.7,181.17902912875456,101.36,36.36981845795532,0.135,202.954,1146.0,1251.0,0.04,,,,,,,,0.82,,,,,,10.54,
2017-04-02,,,,,,,,,,,,,,,,,,,,,,,,,,,,,,0.82,,,,,,9.2,
2017-04-03,,,,,,,,,,,,,,,,,,,,,,,114.8734,2.35,1.24,2.98,1.11,1.56,1.96,0.91,2358.84,12.38,5894.68,2.26,50.25,50.65,2.19
2017-04-04,,,,,,,,,,,,,,,,,,,,,,,115.0038,2.36,1.25,2.99,1.11,1.57,1.96,0.91,2360.16,11.79,5898.61,2.26,50.99,6.5,2.15
2017-04-05,,,,,,,,,,,,,,,,,,,,,,,114.9494,2.34,1.24,2.98,1.1,1.54,1.97,0.91,2352.95,12.89,5864.48,2.29,51.14,4.94,2.17
2017-04-06,,,,,,,,,,,,,,,,,,,,,,,115.0181,2.34,1.24,2.99,1.1,1.55,1.95,0.91,2357.49,12.39,5878.95,2.27,51.69,15.45,2.19
2017-04-07,,,,,,,,,,,,,,,,,,,,,,,115.0547,2.38,1.29,3.0,1.09,1.56,1.94,0.91,2355.54,12.87,5877.81,2.24,52.25,17.26,2.18
2017-04-08,,,,,,,,,,,,,,,,,,,,,,,,,,,,,,0.91,,,,,,53.49,
2017-04-09,,,,,,,,,,,,,,,,,,,,,,,,,,,,,,0.91,,,,,,72.98,
2017-04-10,,,,,,,,,,,,,,,,,,,,,,,115.11,2.37,1.29,2.99,1.08,1.55,1.93,0.91,2357.16,14.05,5880.93,2.24,53.06,9.12,2.17
2017-04-11,,,,,,,,,,,,,,,,,,,,,,,115.009,2.32,1.24,2.93,1.08,1.5,1.91,0.91,2353.78,15.07,5866.77,2.24,53.38,7.33,2.12
2017-04-12,,,,,,,,,,,,,,,,,,,,,,,114.9162,2.28,1.24,2.92,1.04,1.47,1.9,0.91,2344.93,15.77,5836.16,2.28,53.12,10.98,2.11
2017-04-13,,,,,,,,,,,,,,,,,,,,,,,114.5059,2.24,1.21,2.89,1.03,1.43,1.92,0.91,2328.95,15.96,5805.15,2.28,53.19,9.8,2.1
2017-04-14,,,,,,,,,,,,,,,,,,,,,,,114.5368,,,,,,,0.91,,,,,,43.77,
2017-04-15,,,,,,,,,,,,,,,,,,,,,,,,,,,,,,0.91,,,,,,10.85,
2017-04-16,,,,,,,,,,,,,,,,,,,,,,,,,,,,,,0.91,,,,,,19.0,
2017-04-17,,,,,,,,,,,,,,,,,,,,,,,114.3283,2.26,1.21,2.92,1.05,1.43,1.88,0.91,2349.01,14.66,5856.79,2.29,52.62,108.62,2.07
2017-04-18,,,,,,,,,,,,,,,,,,,,,,,114.2575,2.18,1.18,2.84,1.0,1.36,1.85,0.91,2342.19,14.42,5849.47,2.29,52.46,53.55,2.05
2017-04-19,,,,,,,,,,,,,,,,,,,,,,,114.7923,2.21,1.19,2.87,1.02,1.4,1.85,0.91,2338.17,14.93,5863.03,2.29,50.49,5.1,2.04
2017-04-20,,,,,,,,,,,,,,,,,,,,,,,114.6205,2.24,1.21,2.89,1.03,1.45,1.85,0.91,2355.84,14.15,5916.78,2.28,50.26,14.66,1.88
2017-04-21,,,,,,,,,,,,,,,,,,,,,,,114.8128,2.24,1.2,2.89,1.04,1.45,1.84,0.91,2348.69,14.63,5910.52,2.29,49.64,5.84,1.89
2017-04-22,,,,,,,,,,,,,,,,,,,,,,,,,,,,,,0.91,,,,,,30.95,
2017-04-23,,,,,,,,,,,,,,,,,,,,,,,,,,,,,,0.91,,,,,,26.98,
2017-04-24,,,,,,,,,,,,,,,,,,,,,,,114.3659,2.28,1.25,2.93,1.03,1.47,1.87,0.91,2374.15,10.84,5983.82,2.28,48.9,29.85,1.93
2017-04-25,,,,,,,,,,,,,,,,,,,,,,,114.5111,2.35,1.29,2.99,1.06,1.53,1.91,0.91,2388.61,10.76,6025.49,2.26,49.22,49.13,1.97
2017-04-26,,,,,,,,,,,,,,,,,,,,,,,114.9479,2.32,1.28,2.97,1.04,1.49,1.9,0.91,2387.45,10.85,6025.23,2.27,49.22,14.59,1.97
2017-04-27,,,,,,,,,,,,,,,,,,,,,,,114.9946,2.3,1.25,2.96,1.05,1.49,1.91,0.91,2388.77,10.36,6048.94,2.28,48.96,10.68,2.01
2017-04-28,,,,,,,,,,,,,,,,,,,,,,,114.7877,2.29,1.28,2.96,1.01,1.49,1.92,0.83,2384.2,10.82,6047.61,2.28,49.31,6.1,2.03
2017-04-29,,,,,,,,,,,,,,,,,,,,,,,,,,,,,,0.83,,,,,,10.86,
2017-04-30,,,,,,,,,,,,,,,,,,,,,,,,,,,,,,0.83,,,,,,9.06,
2017-05-01,13536.7,3517.8,4468516.0,244.004,251.43,226.201,0.91,0.04,146380.0,4.4,62.8,14610.7,13171.9,6.3,165.9133300465711,92.19,42.427305774433485,0.137,198.449,1157.0,1208.0,0.08,114.5921,2.33,1.28,3.0,1.05,1.5,1.92,0.91,2388.33,10.11,6091.6,2.29,48.83,8.53,2.04
2017-05-02,,,,,,,,,,,,,,,,,,,,,,,114.6792,2.29,1.27,2.97,1.02,1.47,1.88,0.91,2391.17,10.59,6095.37,2.3,47.65,6.92,1.99
2017-05-03,,,,,,,,,,,,,,,,,,,,,,,114.6637,2.33,1.3,2.97,1.03,1.48,1.87,0.91,2388.13,10.68,6072.55,2.23,47.79,5.18,1.98
2017-05-04,,,,,,,,,,,,,,,,,,,,,,,114.9076,2.36,1.32,3.0,1.04,1.5,1.86,0.91,2389.52,10.46,6075.34,2.25,45.55,5.04,2.0
2017-05-05,,,,,,,,,,,,,,,,,,,,,,,114.7725,2.36,1.32,2.99,1.04,1.46,1.86,0.91,2399.29,10.57,6100.76,2.24,46.23,24.46,1.97
2017-05-06,,,,,,,,,,,,,,,,,,,,,,,,,,,,,,0.91,,,,,,10.85,
2017-05-07,,,,,,,,,,,,,,,,,,,,,,,,,,,,,,0.91,,,,,,27.45,
2017-05-08,,,,,,,,,,,,,,,,,,,,,,,115.0895,2.39,1.33,3.02,1.06,1.48,1.86,0.91,2399.38,9.77,6102.66,2.23,46.46,19.16,1.97
2017-05-09,,,,,,,,,,,,,,,,,,,,,,,115.3933,2.42,1.37,3.04,1.05,1.51,1.86,0.91,2396.92,9.96,6120.59,2.22,45.84,7.69,1.98
2017-05-10,,,,,,,,,,,,,,,,,,,,,,,115.1145,2.41,1.35,3.03,1.06,1.51,1.85,0.91,2399.63,10.21,6129.14,2.22,47.28,5.7,1.92
2017-05-11,,,,,,,,,,,,,,,,,,,,,,,115.0669,2.39,1.35,3.03,1.04,1.5,1.88,0.91,2394.44,10.6,6115.96,2.24,47.81,21.78,1.94
2017-05-12,,,,,,,,,,,,,,,,,,,,,,,114.7479,2.33,1.29,2.98,1.04,1.45,1.84,0.91,2390.9,10.4,6121.23,2.25,47.83,33.31,1.93
2017-05-13,,,,,,,,,,,,,,,,,,,,,,,,,,,,,,0.91,,,,,,44.27,
2017-05-14,,,,,,,,,,,,,,,,,,,,,,,,,,,,,,0.91,,,,,,9.14,
2017-05-15,,,,,,,,,,,,,,,,,,,,,,,114.3504,2.34,1.31,3.0,1.03,1.44,1.82,0.91,2402.32,10.42,6149.67,2.25,48.86,97.64,1.9
2017-05-16,,,,,,,,,,,,,,,,,,,,,,,113.9923,2.33,1.29,2.99,1.04,1.43,1.82,0.91,2400.67,10.65,6169.87,2.24,48.64,7.74,1.9
2017-05-17,,,,,,,,,,,,,,,,,,,,,,,113.7506,2.22,1.26,2.91,0.96,1.32,1.78,0.91,2357.03,15.59,6011.24,2.26,49.04,35.32,1.86
2017-05-18,,,,,,,,,,,,,,,,,,,,,,,114.2683,2.23,1.27,2.9,0.96,1.3,1.8,0.91,2365.72,14.66,6055.13,2.26,49.36,43.71,1.88
2017-05-19,,,,,,,,,,,,,,,,,,,,,,,113.7001,2.23,1.28,2.9,0.95,1.31,1.82,0.91,2381.73,12.04,6083.7,2.26,50.32,20.21,1.89
2017-05-20,,,,,,,,,,,,,,,,,,,,,,,,,,,,,,0.91,,,,,,22.18,
2017-05-21,,,,,,,,,,,,,,,,,,,,,,,,,,,,,,0.91,,,,,,37.06,
2017-05-22,,,,,,,,,,,,,,,,,,,,,,,113.5442,2.25,1.29,2.91,0.96,1.32,1.82,0.91,2394.02,10.93,6133.62,2.24,50.81,43.9,1.89
2017-05-23,,,,,,,,,,,,,,,,,,,,,,,113.6862,2.29,1.31,2.95,0.98,1.37,1.83,0.91,2398.42,10.72,6138.71,2.22,51.12,7.75,1.89
2017-05-24,,,,,,,,,,,,,,,,,,,,,,,113.675,2.26,1.29,2.92,0.97,1.33,1.81,0.91,2404.39,10.02,6163.02,2.25,50.99,6.05,1.89
2017-05-25,,,,,,,,,,,,,,,,,,,,,,,113.3719,2.25,1.3,2.92,0.95,1.31,1.8,0.91,2415.07,9.99,6205.26,2.24,48.57,5.65,1.9
2017-05-26,,,,,,,,,,,,,,,,,,,,,,,113.4839,2.25,1.3,2.92,0.95,1.31,1.81,0.91,2415.82,9.81,6210.19,2.24,49.58,6.88,1.89
2017-05-27,,,,,,,,,,,,,,,,,,,,,,,,,,,,,,0.91,,,,,,11.94,
2017-05-28,,,,,,,,,,,,,,,,,,,,,,,,,,,,,,0.91,,,,,,9.42,
2017-05-29,,,,,,,,,,,,,,,,,,,,,,,,,,,,,,0.91,,,,,,16.63,
2017-05-30,,,,,,,,,,,,,,,,,,,,,,,113.5552,2.21,1.28,2.88,0.93,1.28,1.81,0.91,2412.91,10.38,6203.19,2.25,49.63,9.16,1.89
2017-05-31,,,,,,,,,,,,,,,,,,,,,,,113.2956,2.21,1.28,2.87,0.93,1.23,1.81,0.83,2411.8,10.41,6198.52,2.23,48.29,302.37,1.9
2017-06-01,13558.5,3525.5,4469079.0,244.163,251.746,226.132,1.04,0.075,146583.0,4.3,62.8,14618.7,13225.2,6.0,169.60472710206272,95.06,47.22938022014487,0.142,197.808,1249.0,1353.0,0.1,113.3017,2.21,1.28,2.87,0.93,1.23,1.81,0.91,2430.06,9.89,6246.83,2.24,48.32,5.84,1.89
2017-06-02,,,,,,,,,,,,,,,,,,,,,,,113.1908,2.15,1.28,2.8,0.87,1.17,1.79,0.91,2439.07,9.75,6305.8,2.24,47.68,7.0,1.86
2017-06-03,,,,,,,,,,,,,,,,,,,,,,,,,,,,,,0.91,,,,,,24.04,
2017-06-04,,,,,,,,,,,,,,,,,,,,,,,,,,,,,,0.91,,,,,,29.99,
2017-06-05,,,,,,,,,,,,,,,,,,,,,,,112.9755,2.18,1.32,2.84,0.86,1.22,1.79,0.91,2436.1,10.07,6295.68,2.24,47.4,11.26,1.86
2017-06-06,,,,,,,,,,,,,,,,,,,,,,,112.7095,2.14,1.3,2.81,0.84,1.17,1.77,0.91,2429.33,10.45,6275.06,2.25,48.13,8.0,1.83
2017-06-07,,,,,,,,,,,,,,,,,,,,,,,112.8191,2.18,1.32,2.84,0.86,1.18,1.78,0.91,2433.14,10.39,6297.38,2.23,45.8,6.05,1.87
2017-06-08,,,,,,,,,,,,,,,,,,,,,,,112.8351,2.19,1.33,2.85,0.86,1.18,1.78,0.91,2433.79,10.16,6321.76,2.23,45.68,17.41,1.87
2017-06-09,,,,,,,,,,,,,,,,,,,,,,,112.9562,2.21,1.35,2.86,0.86,1.2,1.78,0.91,2431.77,10.7,6207.92,2.21,45.82,7.2,1.88
2017-06-10,,,,,,,,,,,,,,,,,,,,,,,,,,,,,,0.91,,,,,,11.77,
2017-06-11,,,,,,,,,,,,,,,,,,,,,,,,,,,,,,0.91,,,,,,38.4,
2017-06-12,,,,,,,,,,,,,,,,,,,,,,,112.9837,2.21,1.35,2.86,0.86,1.23,1.75,0.91,2429.39,11.46,6175.46,2.22,46.1,11.26,1.83
2017-06-13,,,,,,,,,,,,,,,,,,,,,,,112.6271,2.21,1.38,2.87,0.83,1.21,1.75,0.91,2440.35,10.42,6220.37,2.21,46.41,8.25,1.83
2017-06-14,,,,,,,,,,,,,,,,,,,,,,,112.0734,2.15,1.35,2.79,0.8,1.14,1.71,0.91,2437.92,10.64,6194.89,2.19,44.79,6.09,1.83
2017-06-15,,,,,,,,,,,,,,,,,,,,,,,112.8708,2.16,1.35,2.78,0.81,1.14,1.67,1.16,2432.46,10.9,6165.5,2.18,44.47,5.87,1.78
2017-06-16,,,,,,,,,,,,,,,,,,,,,,,112.6155,2.16,1.32,2.78,0.84,1.13,1.67,1.16,2433.15,10.38,6151.76,2.19,44.73,7.25,1.78
2017-06-17,,,,,,,,,,,,,,,,,,,,,,,,,,,,,,1.16,,,,,,11.99,
2017-06-18,,,,,,,,,,,,,,,,,,,,,,,,,,,,,,1.16,,,,,,9.7,
2017-06-19,,,,,,,,,,,,,,,,,,,,,,,112.7576,2.19,1.36,2.79,0.83,1.17,1.67,1.16,2453.46,10.37,6239.01,2.17,44.24,11.63,1.78
2017-06-20,,,,,,,,,,,,,,,,,,,,,,,113.2698,2.16,1.36,2.74,0.8,1.15,1.66,1.16,2437.03,10.86,6188.03,2.16,43.34,8.44,1.78
2017-06-21,,,,,,,,,,,,,,,,,,,,,,,113.3327,2.16,1.36,2.73,0.8,1.17,1.66,1.16,2435.61,10.75,6233.95,2.15,42.48,12.25,1.78
2017-06-22,,,,,,,,,,,,,,,,,,,,,,,113.1654,2.15,1.34,2.72,0.81,1.19,1.69,1.16,2434.5,10.48,6236.69,2.16,42.53,12.01,1.81
2017-06-23,,,,,,,,,,,,,,,,,,,,,,,112.8665,2.15,1.34,2.71,0.81,1.18,1.7,1.16,2438.3,10.02,6265.25,2.15,42.86,7.24,1.81
2017-06-24,,,,,,,,,,,,,,,,,,,,,,,,,,,,,,1.16,,,,,,23.59,
2017-06-25,,,,,,,,,,,,,,,,,,,,,,,,,,,,,,1.16,,,,,,19.53,
2017-06-26,,,,,,,,,,,,,,,,,,,,,,,112.7633,2.14,1.36,2.7,0.78,1.15,1.71,1.16,2439.07,9.9,6247.15,2.15,43.24,23.59,1.81
2017-06-27,,,,,,,,,,,,,,,,,,,,,,,112.55,2.21,1.38,2.75,0.83,1.21,1.71,1.16,2419.38,11.06,6146.62,2.12,44.25,8.73,1.8
2017-06-28,,,,,,,,,,,,,,,,,,,,,,,112.0747,2.22,1.34,2.77,0.88,1.2,1.73,1.16,2440.69,10.03,6234.41,2.14,44.74,12.83,1.81
2017-06-29,,,,,,,,,,,,,,,,,,,,,,,111.998,2.27,1.38,2.82,0.89,1.23,1.72,1.16,2419.7,11.44,6144.35,2.11,44.88,6.14,1.82
2017-06-30,,,,,,,,,,,,,,,,,,,,,,,111.9896,2.31,1.38,2.84,0.93,1.28,1.73,1.06,2423.41,11.18,6140.42,2.09,46.02,29.37,1.83
2017-07-01,13615.4,3546.3,4469040.0,244.243,251.985,226.063,1.15,0.075,146772.0,4.3,62.9,14660.2,13263.3,6.0,149.1866392689283,100.41,38.02158186792361,0.143,195.994,1206.0,1256.0,0.18,,,,,,,,1.06,,,,,,36.46,
2017-07-02,,,,,,,,,,,,,,,,,,,,,,,,,,,,,,1.06,,,,,,10.3,
2017-07-03,,,,,,,,,,,,,,,,,,,,,,,112.4268,2.35,1.41,2.86,0.94,1.29,1.75,1.16,2429.01,11.22,6110.06,2.07,,24.26,1.84
2017-07-04,,,,,,,,,,,,,,,,,,,,,,,,,,,,,,1.16,,,,,,13.77,
2017-07-05,,,,,,,,,,,,,,,,,,,,,,,112.6534,2.33,1.41,2.85,0.92,1.28,1.75,1.16,2432.54,11.07,6150.86,2.08,45.11,28.52,1.85
2017-07-06,,,,,,,,,,,,,,,,,,,,,,,112.4199,2.37,1.4,2.9,0.97,1.33,1.76,1.16,2409.75,12.54,6089.46,2.07,45.52,12.54,1.86
2017-07-07,,,,,,,,,,,,,,,,,,,,,,,112.3137,2.39,1.4,2.93,0.99,1.34,1.73,1.16,2425.18,11.19,6153.08,2.08,44.25,45.94,1.83
2017-07-08,,,,,,,,,,,,,,,,,,,,,,,,,,,,,,1.16,,,,,,12.28,
2017-07-09,,,,,,,,,,,,,,,,,,,,,,,,,,,,,,1.16,,,,,,20.39,
2017-07-10,,,,,,,,,,,,,,,,,,,,,,,112.1587,2.38,1.4,2.93,0.98,1.34,1.72,1.16,2427.43,11.11,6176.39,2.08,44.4,11.62,1.84
2017-07-11,,,,,,,,,,,,,,,,,,,,,,,112.1434,2.37,1.37,2.92,1.0,1.32,1.75,1.16,2425.53,10.89,6193.3,2.08,45.06,17.21,1.89
2017-07-12,,,,,,,,,,,,,,,,,,,,,,,111.5904,2.33,1.35,2.89,0.98,1.28,1.76,1.16,2443.25,10.3,6261.17,2.09,45.48,12.68,1.89
2017-07-13,,,,,,,,,,,,,,,,,,,,,,,111.5365,2.35,1.37,2.92,0.98,1.3,1.77,1.16,2447.83,9.9,6274.44,2.09,46.06,6.23,1.9
2017-07-14,,,,,,,,,,,,,,,,,,,,,,,110.9075,2.33,1.35,2.91,0.98,1.29,1.76,1.16,2459.27,9.51,6312.47,2.09,46.53,22.3,1.9
2017-07-15,,,,,,,,,,,,,,,,,,,,,,,,,,,,,,1.16,,,,,,11.92,
2017-07-16,,,,,,,,,,,,,,,,,,,,,,,,,,,,,,1.16,,,,,,10.22,
2017-07-17,,,,,,,,,,,,,,,,,,,,,,,110.9304,2.31,1.36,2.89,0.95,1.24,1.77,1.16,2459.14,9.82,6314.43,2.09,46.02,34.73,1.9
2017-07-18,,,,,,,,,,,,,,,,,,,,,,,110.4356,2.27,1.36,2.85,0.91,1.2,1.76,1.16,2460.61,9.89,6344.31,2.08,46.4,16.66,1.9
2017-07-19,,,,,,,,,,,,,,,,,,,,,,,110.4339,2.27,1.37,2.85,0.9,1.16,1.76,1.16,2473.83,9.79,6385.04,2.07,47.1,6.43,1.87
2017-07-20,,,,,,,,,,,,,,,,,,,,,,,110.2512,2.27,1.37,2.83,0.9,1.12,1.77,1.16,2473.45,9.58,6390.0,2.05,46.73,6.13,1.92
2017-07-21,,,,,,,,,,,,,,,,,,,,,,,110.191,2.24,1.36,2.81,0.88,1.08,1.76,1.16,2472.54,9.36,6387.75,2.05,45.78,7.41,1.9
2017-07-22,,,,,,,,,,,,,,,,,,,,,,,,,,,,,,1.16,,,,,,12.18,
2017-07-23,,,,,,,,,,,,,,,,,,,,,,,,,,,,,,1.16,,,,,,50.31,
2017-07-24,,,,,,,,,,,,,,,,,,,,,,,110.2004,2.26,1.37,2.83,0.89,1.09,1.78,1.16,2469.91,9.43,6410.81,2.06,46.21,512.25,1.94
2017-07-25,,,,,,,,,,,,,,,,,,,,,,,110.2835,2.33,1.4,2.91,0.93,1.15,1.81,1.16,2477.13,9.43,6412.17,2.05,47.77,148.18,1.95
2017-07-26,,,,,,,,,,,,,,,,,,,,,,,110.3811,2.29,1.36,2.89,0.93,1.16,1.8,1.16,2477.83,9.6,6422.75,2.07,48.58,12.77,1.94
2017-07-27,,,,,,,,,,,,,,,,,,,,,,,110.216,2.32,1.36,2.93,0.96,1.21,1.83,1.16,2475.42,10.11,6382.19,2.07,49.05,5.9,1.98
2017-07-28,,,,,,,,,,,,,,,,,,,,,,,109.92,2.3,1.34,2.89,0.96,1.22,1.83,1.16,2472.1,10.29,6374.68,2.05,49.72,7.44,1.98
2017-07-29,,,,,,,,,,,,,,,,,,,,,,,,,,,,,,1.16,,,,,,12.25,
2017-07-30,,,,,,,,,,,,,,,,,,,,,,,,,,,,,,1.16,,,,,,30.27,
2017-07-31,,,,,,,,,,,,,,,,,,,,,,,109.8177,2.3,1.34,2.89,0.96,1.23,1.82,1.07,2470.3,10.26,6348.12,2.06,50.21,11.81,1.97
2017-08-01,13674.6,3581.8,4462999.0,245.183,252.535,226.902,1.16,0.01,146919.0,4.4,62.9,14678.3,13294.6,6.1,140.93510629400086,73.29,23.324618410601573,0.142,201.45,1159.0,1319.0,0.3,109.8495,2.26,1.34,2.86,0.92,1.18,1.79,1.16,2476.35,10.09,6362.94,2.06,49.19,8.44,1.96
2017-08-02,,,,,,,,,,,,,,,,,,,,,,,109.7503,2.27,1.36,2.85,0.91,1.19,1.79,1.16,2477.57,10.28,6362.65,2.05,49.6,12.55,1.95
2017-08-03,,,,,,,,,,,,,,,,,,,,,,,109.8332,2.24,1.34,2.81,0.9,1.16,1.78,1.16,2472.16,10.44,6340.34,2.05,49.03,6.16,1.94
2017-08-04,,,,,,,,,,,,,,,,,,,,,,,110.2808,2.27,1.36,2.84,0.91,1.19,1.8,1.16,2476.83,10.03,6351.56,2.05,49.57,7.29,1.95
2017-08-05,,,,,,,,,,,,,,,,,,,,,,,,,,,,,,1.16,,,,,,11.97,
2017-08-06,,,,,,,,,,,,,,,,,,,,,,,,,,,,,,1.16,,,,,,19.95,
2017-08-07,,,,,,,,,,,,,,,,,,,,,,,110.373,2.26,1.36,2.84,0.9,1.24,1.8,1.16,2480.91,9.93,6383.77,2.06,49.37,10.57,1.95
2017-08-08,,,,,,,,,,,,,,,,,,,,,,,110.396,2.29,1.36,2.86,0.93,1.23,1.83,1.16,2474.92,10.96,6370.46,2.07,49.07,16.59,1.97
2017-08-09,,,,,,,,,,,,,,,,,,,,,,,110.3671,2.24,1.33,2.82,0.91,1.18,1.82,1.16,2474.02,11.11,6352.33,2.09,49.59,12.54,1.94
2017-08-10,,,,,,,,,,,,,,,,,,,,,,,110.1886,2.2,1.33,2.79,0.87,1.15,1.8,1.16,2438.21,16.04,6216.87,2.11,48.54,12.49,1.92
2017-08-11,,,,,,,,,,,,,,,,,,,,,,,110.0422,2.19,1.3,2.79,0.89,1.16,1.79,1.16,2441.32,15.51,6256.56,2.12,48.81,29.36,1.94
2017-08-12,,,,,,,,,,,,,,,,,,,,,,,,,,,,,,1.16,,,,,,12.18,
2017-08-13,,,,,,,,,,,,,,,,,,,,,,,,,,,,,,1.16,,,,,,10.21,
2017-08-14,,,,,,,,,,,,,,,,,,,,,,,110.095,2.22,1.33,2.81,0.89,1.2,1.77,1.16,2465.84,12.33,6340.23,2.11,47.59,35.02,1.95
2017-08-15,,,,,,,,,,,,,,,,,,,,,,,110.4846,2.27,1.35,2.84,0.92,1.23,1.78,1.16,2464.61,12.04,6333.01,2.09,47.57,25.33,1.93
2017-08-16,,,,,,,,,,,,,,,,,,,,,,,110.4394,2.23,1.33,2.81,0.9,1.21,1.78,1.16,2468.11,11.74,6345.11,2.09,46.8,18.79,1.94
2017-08-17,,,,,,,,,,,,,,,,,,,,,,,110.1673,2.19,1.32,2.78,0.87,1.19,1.77,1.16,2430.01,15.55,6221.91,2.11,47.07,5.97,1.93
2017-08-18,,,,,,,,,,,,,,,,,,,,,,,110.041,2.19,1.33,2.78,0.86,1.17,1.76,1.16,2425.55,14.26,6216.53,2.12,48.59,43.2,1.91
2017-08-19,,,,,,,,,,,,,,,,,,,,,,,,,,,,,,1.16,,,,,,22.8,
2017-08-20,,,,,,,,,,,,,,,,,,,,,,,,,,,,,,1.16,,,,,,19.52,
2017-08-21,,,,,,,,,,,,,,,,,,,,,,,109.7349,2.18,1.32,2.77,0.86,1.18,1.75,1.16,2428.37,13.19,6213.13,2.12,47.39,591.21,1.91
2017-08-22,,,,,,,,,,,,,,,,,,,,,,,109.8386,2.22,1.33,2.79,0.89,1.22,1.77,1.16,2452.51,11.35,6297.48,2.1,47.65,32.5,1.93
2017-08-23,,,,,,,,,,,,,,,,,,,,,,,109.8095,2.17,1.32,2.75,0.85,1.17,1.75,1.16,2444.04,12.25,6278.41,2.12,48.45,18.13,1.92
2017-08-24,,,,,,,,,,,,,,,,,,,,,,,109.7524,2.19,1.33,2.77,0.86,1.17,1.75,1.16,2438.97,12.23,6271.33,2.12,47.24,5.93,1.9
2017-08-25,,,,,,,,,,,,,,,,,,,,,,,109.3415,2.17,1.35,2.75,0.82,1.14,1.75,1.16,2443.05,11.28,6265.64,2.12,47.65,40.59,1.93
2017-08-26,,,,,,,,,,,,,,,,,,,,,,,,,,,,,,1.16,,,,,,10.79,
2017-08-27,,,,,,,,,,,,,,,,,,,,,,,,,,,,,,1.16,,,,,,95.56,
2017-08-28,,,,,,,,,,,,,,,,,,,,,,,109.1815,2.16,1.33,2.76,0.83,1.18,1.75,1.16,2444.24,11.32,6283.02,2.13,46.4,31.7,1.94
2017-08-29,,,,,,,,,,,,,,,,,,,,,,,109.0946,2.13,1.33,2.74,0.8,1.1,1.74,1.16,2446.3,11.7,6301.89,2.15,46.46,7.92,1.94
2017-08-30,,,,,,,,,,,,,,,,,,,,,,,109.4052,2.15,1.33,2.75,0.82,1.12,1.76,1.16,2457.59,11.22,6368.31,2.14,45.96,11.61,1.95
2017-08-31,,,,,,,,,,,,,,,,,,,,,,,109.3686,2.12,1.33,2.73,0.79,1.11,1.76,1.07,2471.65,10.59,6428.66,2.14,47.26,16.26,1.94
2017-09-01,13723.0,3563.6,4459721.0,246.435,252.812,228.34,1.15,0.06,147007.0,4.3,63.1,14706.0,13417.3,5.9,157.32373738284866,84.19,35.04265407750282,0.142,212.723,1181.0,1273.0,0.04,109.0504,2.16,1.35,2.77,0.81,1.14,1.79,1.16,2476.55,10.13,6435.33,2.15,47.32,6.29,1.95
2017-09-02,,,,,,,,,,,,,,,,,,,,,,,,,,,,,,1.16,,,,,,19.14,
2017-09-03,,,,,,,,,,,,,,,,,,,,,,,,,,,,,,1.16,,,,,,27.86,
2017-09-04,,,,,,,,,,,,,,,,,,,,,,,,,,,,,,1.16,,,,,,29.62,
2017-09-05,,,,,,,,,,,,,,,,,,,,,,,108.8664,2.07,1.3,2.69,0.77,1.04,1.77,1.16,2457.85,12.23,6375.57,2.16,48.63,8.12,1.96
2017-09-06,,,,,,,,,,,,,,,,,,,,,,,108.4897,2.1,1.3,2.72,0.8,1.03,1.78,1.16,2465.54,11.63,6393.31,2.17,49.13,23.38,1.96
2017-09-07,,,,,,,,,,,,,,,,,,,,,,,107.9224,2.05,1.27,2.66,0.78,1.0,1.79,1.16,2465.1,11.55,6397.87,2.17,49.1,5.4,1.97
2017-09-08,,,,,,,,,,,,,,,,,,,,,,,107.808,2.06,1.27,2.67,0.79,1.02,1.81,1.16,2461.43,12.12,6360.19,2.17,47.44,6.47,1.99
2017-09-09,,,,,,,,,,,,,,,,,,,,,,,,,,,,,,1.16,,,,,,9.0,
2017-09-10,,,,,,,,,,,,,,,,,,,,,,,,,,,,,,1.16,,,,,,8.8,
2017-09-11,,,,,,,,,,,,,,,,,,,,,,,108.153,2.14,1.32,2.75,0.82,1.09,1.83,1.16,2488.11,10.73,6432.26,2.15,48.06,10.3,2.03
2017-09-12,,,,,,,,,,,,,,,,,,,,,,,108.3239,2.17,1.33,2.78,0.84,1.14,1.84,1.16,2496.48,10.58,6454.28,2.16,48.21,7.75,2.01
2017-09-13,,,,,,,,,,,,,,,,,,,,,,,108.6628,2.2,1.35,2.79,0.85,1.16,1.85,1.16,2498.37,10.5,6460.19,2.13,49.3,5.85,2.02
2017-09-14,,,,,,,,,,,,,,,,,,,,,,,108.618,2.2,1.37,2.77,0.83,1.15,1.85,1.16,2495.62,10.44,6429.08,2.11,49.86,5.45,2.0
2017-09-15,,,,,,,,,,,,,,,,,,,,,,,108.3147,2.2,1.39,2.77,0.81,1.15,1.85,1.16,2500.23,10.17,6448.47,2.1,49.9,6.33,1.98
2017-09-16,,,,,,,,,,,,,,,,,,,,,,,,,,,,,,1.16,,,,,,9.37,
2017-09-17,,,,,,,,,,,,,,,,,,,,,,,,,,,,,,1.16,,,,,,44.33,
2017-09-18,,,,,,,,,,,,,,,,,,,,,,,108.6401,2.23,1.4,2.8,0.83,1.18,1.87,1.16,2503.87,10.15,6454.64,2.1,49.88,10.0,2.0
2017-09-19,,,,,,,,,,,,,,,,,,,,,,,108.6142,2.24,1.4,2.81,0.84,1.2,1.87,1.16,2506.65,10.18,6461.32,2.09,49.54,7.65,2.0
2017-09-20,,,,,,,,,,,,,,,,,,,,,,,108.4329,2.28,1.45,2.82,0.83,1.24,1.85,1.16,2508.24,9.78,6456.04,2.06,50.29,5.73,1.99
2017-09-21,,,,,,,,,,,,,,,,,,,,,,,108.9267,2.27,1.45,2.8,0.82,1.23,1.83,1.16,2500.6,9.67,6422.69,2.05,50.58,5.38,1.96
2017-09-22,,,,,,,,,,,,,,,,,,,,,,,108.7542,2.26,1.46,2.8,0.8,1.23,1.84,1.16,2502.22,9.59,6426.92,2.05,50.33,6.37,1.97
2017-09-23,,,,,,,,,,,,,,,,,,,,,,,,,,,,,,1.16,,,,,,9.21,
2017-09-24,,,,,,,,,,,,,,,,,,,,,,,,,,,,,,1.16,,,,,,26.6,
2017-09-25,,,,,,,,,,,,,,,,,,,,,,,109.3302,2.22,1.44,2.76,0.78,1.17,1.84,1.16,2496.66,10.21,6370.59,2.06,51.85,10.25,1.96
2017-09-26,,,,,,,,,,,,,,,,,,,,,,,109.7769,2.24,1.45,2.78,0.79,1.18,1.84,1.16,2496.84,10.17,6380.16,2.04,51.59,83.96,1.96
2017-09-27,,,,,,,,,,,,,,,,,,,,,,,110.0722,2.31,1.47,2.86,0.84,1.24,1.87,1.16,2507.04,9.87,6453.26,2.06,52.14,5.75,2.0
2017-09-28,,,,,,,,,,,,,,,,,,,,,,,110.2415,2.31,1.45,2.87,0.86,1.25,1.87,1.16,2510.06,9.55,6453.45,2.05,51.62,5.52,2.01
2017-09-29,,,,,,,,,,,,,,,,,,,,,,,110.0867,2.33,1.47,2.86,0.86,1.27,1.84,1.06,2519.36,9.51,6495.96,2.0,51.67,57.78,2.0
2017-09-30,,,,,,,,,,,,,,,,,,,,,,,,,,,,,,1.06,,,,,,9.84,
2017-10-01,13782.3,3603.9,4462669.0,246.626,253.526,228.179,1.15,0.065,147150.0,4.2,62.7,14748.6,13447.5,6.0,150.4493313272244,70.21,47.6315503918878,0.137,208.328,1257.0,1356.0,0.0,,,,,,,,1.06,,,,,,26.44,
2017-10-02,,,,,,,,,,,,,,,,,,,,,,,110.3686,2.34,1.49,2.87,0.85,1.33,1.83,1.16,2529.12,9.45,6516.72,1.99,50.59,9.89,1.93
2017-10-03,,,,,,,,,,,,,,,,,,,,,,,110.3281,2.33,1.47,2.87,0.86,1.26,1.84,1.16,2534.58,9.51,6531.71,2.0,50.44,7.65,2.0
2017-10-04,,,,,,,,,,,,,,,,,,,,,,,110.2425,2.33,1.47,2.87,0.86,1.25,1.85,1.16,2537.74,9.63,6534.63,2.01,50.0,17.21,1.97
2017-10-05,,,,,,,,,,,,,,,,,,,,,,,110.5823,2.35,1.49,2.89,0.86,1.28,1.86,1.16,2552.07,9.19,6585.36,2.0,50.79,5.38,1.98
2017-10-06,,,,,,,,,,,,,,,,,,,,,,,110.7841,2.37,1.54,2.91,0.83,1.3,1.87,1.16,2549.33,9.65,6590.18,1.98,49.34,25.71,1.96
2017-10-07,,,,,,,,,,,,,,,,,,,,,,,,,,,,,,1.16,,,,,,9.39,
2017-10-08,,,,,,,,,,,,,,,,,,,,,,,,,,,,,,1.16,,,,,,18.1,
2017-10-09,,,,,,,,,,,,,,,,,,,,,,,,,,,,,,1.16,2544.73,10.33,6579.73,,49.58,20.5,
2017-10-10,,,,,,,,,,,,,,,,,,,,,,,110.3034,2.35,1.51,2.88,0.84,1.27,1.88,1.16,2550.64,10.08,6587.25,1.97,50.93,7.52,2.01
2017-10-11,,,,,,,,,,,,,,,,,,,,,,,110.3037,2.35,1.51,2.88,0.84,1.25,1.89,1.16,2555.24,9.85,6603.55,1.97,51.3,21.89,2.03
2017-10-12,,,,,,,,,,,,,,,,,,,,,,,110.3152,2.33,1.51,2.86,0.82,1.24,1.89,1.16,2550.93,9.91,6591.51,1.97,50.61,5.49,1.99
2017-10-13,,,,,,,,,,,,,,,,,,,,,,,110.2669,2.28,1.51,2.81,0.77,1.19,1.85,1.16,2553.17,9.61,6605.8,1.97,51.43,6.21,1.99
2017-10-14,,,,,,,,,,,,,,,,,,,,,,,,,,,,,,1.16,,,,,,9.49,
2017-10-15,,,,,,,,,,,,,,,,,,,,,,,,,,,,,,1.16,,,,,,8.64,
2017-10-16,,,,,,,,,,,,,,,,,,,,,,,110.5432,2.3,1.54,2.82,0.76,1.2,1.84,1.16,2557.64,9.91,6624.0,1.97,51.86,39.75,2.02
2017-10-17,,,,,,,,,,,,,,,,,,,,,,,110.9141,2.3,1.54,2.8,0.76,1.21,1.82,1.16,2559.36,10.31,6623.66,1.95,51.87,7.63,1.95
2017-10-18,,,,,,,,,,,,,,,,,,,,,,,110.7214,2.34,1.59,2.85,0.75,1.25,1.84,1.16,2561.26,10.07,6624.22,1.95,52.05,5.59,1.99
2017-10-19,,,,,,,,,,,,,,,,,,,,,,,110.4577,2.33,1.58,2.83,0.75,1.23,1.84,1.16,2562.1,10.05,6605.07,1.94,51.29,27.07,2.02
2017-10-20,,,,,,,,,,,,,,,,,,,,,,,111.0375,2.39,1.6,2.89,0.79,1.28,1.87,1.16,2575.21,9.97,6629.05,1.94,51.63,12.58,1.98
2017-10-21,,,,,,,,,,,,,,,,,,,,,,,,,,,,,,1.16,,,,,,9.69,
2017-10-22,,,,,,,,,,,,,,,,,,,,,,,,,,,,,,1.16,,,,,,69.06,
2017-10-23,,,,,,,,,,,,,,,,,,,,,,,111.2134,2.38,1.58,2.89,0.8,1.29,1.86,1.16,2564.98,11.07,6586.83,1.94,51.91,77.31,2.03
2017-10-24,,,,,,,,,,,,,,,,,,,,,,,111.4027,2.42,1.6,2.92,0.82,1.3,1.87,1.16,2569.13,11.16,6598.43,1.92,52.32,7.52,2.01
2017-10-25,,,,,,,,,,,,,,,,,,,,,,,111.3904,2.44,1.61,2.95,0.83,1.32,1.88,1.16,2557.15,11.23,6563.89,1.93,51.97,5.64,2.02
2017-10-26,,,,,,,,,,,,,,,,,,,,,,,111.6418,2.46,1.63,2.96,0.83,1.35,1.89,1.16,2560.4,11.3,6556.77,1.91,52.41,5.36,2.02
2017-10-27,,,,,,,,,,,,,,,,,,,,,,,112.1495,2.42,1.59,2.93,0.83,1.32,1.88,1.16,2581.07,9.8,6701.26,1.93,53.92,12.4,2.0
2017-10-28,,,,,,,,,,,,,,,,,,,,,,,,,,,,,,1.16,,,,,,48.2,
2017-10-29,,,,,,,,,,,,,,,,,,,,,,,,,,,,,,1.16,,,,,,51.93,
2017-10-30,,,,,,,,,,,,,,,,,,,,,,,111.901,2.37,1.58,2.88,0.79,1.25,1.87,1.16,2572.83,10.5,6698.96,1.92,54.11,49.9,1.97
2017-10-31,,,,,,,,,,,,,,,,,,,,,,,111.8052,2.38,1.6,2.88,0.78,1.23,1.88,1.07,2575.26,10.18,6727.67,1.91,54.36,31.12,1.97
2017-11-01,13814.9,3622.0,4450387.0,247.284,253.816,228.86,1.16,0.035,147373.0,4.2,62.7,14771.1,13540.6,5.6,155.75280002470026,91.2,21.467146465889684,0.136,213.047,1273.0,1299.0,0.0,111.7942,2.37,1.61,2.85,0.76,1.19,1.88,1.16,2579.36,10.2,6716.53,1.92,54.32,28.24,2.05
2017-11-02,,,,,,,,,,,,,,,,,,,,,,,111.5474,2.35,1.61,2.83,0.74,1.18,1.87,1.16,2579.85,9.93,6714.94,1.91,54.55,27.31,1.95
2017-11-03,,,,,,,,,,,,,,,,,,,,,,,111.9383,2.34,1.63,2.82,0.71,1.16,1.86,1.16,2587.84,9.14,6764.44,1.91,55.63,12.69,1.98
2017-11-04,,,,,,,,,,,,,,,,,,,,,,,,,,,,,,1.16,,,,,,9.22,
2017-11-05,,,,,,,,,,,,,,,,,,,,,,,,,,,,,,1.16,,,,,,8.34,
2017-11-06,,,,,,,,,,,,,,,,,,,,,,,111.7197,2.32,1.61,2.8,0.71,1.13,1.86,1.16,2591.13,9.4,6786.44,1.92,57.34,10.1,1.95
2017-11-07,,,,,,,,,,,,,,,,,,,,,,,111.9446,2.32,1.63,2.77,0.69,1.1,1.88,1.16,2590.64,9.89,6767.78,1.9,57.19,60.57,1.96
2017-11-08,,,,,,,,,,,,,,,,,,,,,,,111.6935,2.32,1.65,2.79,0.67,1.09,1.87,1.16,2594.38,9.78,6789.12,1.92,56.82,105.19,1.97
2017-11-09,,,,,,,,,,,,,,,,,,,,,,,111.5626,2.33,1.63,2.81,0.7,1.09,1.87,1.16,2584.62,10.5,6750.05,1.93,57.16,10.68,1.94
2017-11-10,,,,,,,,,,,,,,,,,,,,,,,,2.4,1.67,2.88,0.73,1.17,1.88,1.16,2582.3,11.29,6750.94,,56.75,24.84,1.98
2017-11-11,,,,,,,,,,,,,,,,,,,,,,,,,,,,,,1.16,,,,,,66.29,
2017-11-12,,,,,,,,,,,,,,,,,,,,,,,,,,,,,,1.16,,,,,,86.1,
2017-11-13,,,,,,,,,,,,,,,,,,,,,,,111.7833,2.4,1.7,2.87,0.7,1.16,1.88,1.16,2584.84,11.5,6757.6,1.93,56.77,29.53,1.97
2017-11-14,,,,,,,,,,,,,,,,,,,,,,,111.5097,2.38,1.68,2.84,0.7,1.12,1.87,1.16,2578.87,11.59,6737.87,1.93,55.67,7.65,1.95
2017-11-15,,,,,,,,,,,,,,,,,,,,,,,111.4809,2.33,1.68,2.77,0.65,1.08,1.85,1.16,2564.62,13.13,6706.21,1.95,55.28,5.65,1.92
2017-11-16,,,,,,,,,,,,,,,,,,,,,,,111.2568,2.37,1.72,2.81,0.65,1.1,1.84,1.16,2585.64,11.76,6793.29,1.92,55.14,11.0,1.89
2017-11-17,,,,,,,,,,,,,,,,,,,,,,,111.0016,2.35,1.73,2.78,0.62,1.06,1.86,1.16,2578.85,11.43,6782.79,1.93,56.21,6.31,1.97
2017-11-18,,,,,,,,,,,,,,,,,,,,,,,,,,,,,,1.16,,,,,,19.87,
2017-11-19,,,,,,,,,,,,,,,,,,,,,,,,,,,,,,1.16,,,,,,26.12,
2017-11-20,,,,,,,,,,,,,,,,,,,,,,,111.2599,2.37,1.77,2.78,0.6,1.07,1.85,1.16,2582.14,10.65,6790.71,1.91,56.21,9.94,1.96
2017-11-21,,,,,,,,,,,,,,,,,,,,,,,110.9828,2.36,1.77,2.76,0.59,1.06,1.84,1.16,2599.03,9.73,6862.48,1.88,56.84,29.51,1.93
2017-11-22,,,,,,,,,,,,,,,,,,,,,,,110.5632,2.32,1.74,2.75,0.58,1.03,1.84,1.16,2597.08,9.88,6867.36,1.91,57.88,5.79,1.93
2017-11-23,,,,,,,,,,,,,,,,,,,,,,,,,,,,,,1.16,,,,,,16.27,
2017-11-24,,,,,,,,,,,,,,,,,,,,,,,110.0253,2.34,1.75,2.76,0.59,1.05,1.84,1.16,2602.42,9.67,6889.16,1.9,58.94,15.26,1.97
2017-11-25,,,,,,,,,,,,,,,,,,,,,,,,,,,,,,1.16,,,,,,10.66,
2017-11-26,,,,,,,,,,,,,,,,,,,,,,,,,,,,,,1.16,,,,,,9.19,
2017-11-27,,,,,,,,,,,,,,,,,,,,,,,110.1136,2.32,1.74,2.76,0.58,1.05,1.83,1.16,2601.42,9.87,6878.52,1.93,58.1,10.21,1.97
2017-11-28,,,,,,,,,,,,,,,,,,,,,,,110.3018,2.34,1.75,2.77,0.59,1.04,1.84,1.16,2627.04,10.03,6912.36,1.91,57.96,374.38,1.99
2017-11-29,,,,,,,,,,,,,,,,,,,,,,,110.3265,2.37,1.78,2.81,0.59,1.08,1.84,1.16,2626.07,10.7,6824.39,1.92,57.25,5.69,1.99
2017-11-30,,,,,,,,,,,,,,,,,,,,,,,110.4648,2.42,1.78,2.83,0.64,1.15,1.86,1.07,2647.58,11.28,6873.97,1.88,57.4,5.55,1.99
2017-12-01,13873.8,3612.6,4446506.0,247.805,254.344,229.202,1.3,0.045,147523.0,4.1,62.7,14797.9,13666.1,5.0,149.4223541156428,90.57,26.801664784107903,0.136,213.574,1177.0,1311.0,0.04,110.1413,2.37,1.78,2.76,0.59,1.1,1.86,1.16,2642.22,11.43,6847.59,1.87,58.35,26.86,2.0
2017-12-02,,,,,,,,,,,,,,,,,,,,,,,,,,,,,,1.16,,,,,,10.26,
2017-12-03,,,,,,,,,,,,,,,,,,,,,,,,,,,,,,1.16,,,,,,8.51,
2017-12-04,,,,,,,,,,,,,,,,,,,,,,,110.397,2.37,1.8,2.77,0.57,1.08,1.87,1.16,2639.44,11.68,6775.37,1.87,57.48,20.41,1.98
2017-12-05,,,,,,,,,,,,,,,,,,,,,,,110.4905,2.36,1.83,2.73,0.53,1.06,1.86,1.16,2629.57,11.33,6762.21,1.84,57.66,68.33,2.03
2017-12-06,,,,,,,,,,,,,,,,,,,,,,,110.8711,2.33,1.78,2.71,0.55,1.03,1.86,1.16,2629.27,11.02,6776.38,1.86,55.79,5.84,1.98
2017-12-07,,,,,,,,,,,,,,,,,,,,,,,111.0178,2.37,1.8,2.76,0.57,1.08,1.87,1.16,2636.98,10.16,6812.84,1.88,56.5,16.87,2.0
2017-12-08,,,,,,,,,,,,,,,,,,,,,,,111.2273,2.38,1.8,2.77,0.58,1.1,1.88,1.16,2651.5,9.58,6840.08,1.87,57.15,6.67,2.05
2017-12-09,,,,,,,,,,,,,,,,,,,,,,,,,,,,,,1.16,,,,,,11.0,
2017-12-10,,,,,,,,,,,,,,,,,,,,,,,,,,,,,,1.16,,,,,,9.57,
2017-12-11,,,,,,,,,,,,,,,,,,,,,,,111.0827,2.39,1.82,2.77,0.57,1.06,1.88,1.16,2659.99,9.34,6875.08,1.85,57.84,10.69,2.0
2017-12-12,,,,,,,,,,,,,,,,,,,,,,,111.5214,2.4,1.83,2.79,0.57,1.06,1.89,1.17,2664.11,9.92,6862.32,1.84,57.12,7.93,2.0
2017-12-13,,,,,,,,,,,,,,,,,,,,,,,111.2759,2.36,1.79,2.74,0.57,1.06,1.88,1.17,2662.85,10.18,6875.8,1.83,56.59,17.07,2.02
2017-12-14,,,,,,,,,,,,,,,,,,,,,,,111.0893,2.35,1.82,2.71,0.53,1.03,1.87,1.41,2652.01,10.49,6856.53,1.82,57.0,22.81,1.98
2017-12-15,,,,,,,,,,,,,,,,,,,,,,,111.1286,2.35,1.84,2.68,0.51,1.04,1.88,1.41,2675.81,9.42,6936.58,1.8,57.29,82.57,1.99
2017-12-16,,,,,,,,,,,,,,,,,,,,,,,,,,,,,,1.41,,,,,,87.35,
2017-12-17,,,,,,,,,,,,,,,,,,,,,,,,,,,,,,1.41,,,,,,76.14,
2017-12-18,,,,,,,,,,,,,,,,,,,,,,,110.9086,2.39,1.84,2.74,0.55,1.01,1.89,1.42,2690.16,9.53,6994.76,1.81,57.17,41.47,2.07
2017-12-19,,,,,,,,,,,,,,,,,,,,,,,111.1255,2.46,1.87,2.82,0.59,1.09,1.91,1.42,2681.47,10.03,6963.85,1.81,57.49,8.01,2.08
2017-12-20,,,,,,,,,,,,,,,,,,,,,,,110.8361,2.49,1.87,2.88,0.62,1.11,1.92,1.42,2679.25,9.72,6960.96,1.82,58.09,5.56,2.1
2017-12-21,,,,,,,,,,,,,,,,,,,,,,,110.8786,2.48,1.89,2.84,0.59,1.13,1.93,1.42,2684.57,9.62,6965.36,1.79,58.34,39.72,2.02
2017-12-22,,,,,,,,,,,,,,,,,,,,,,,111.0997,2.48,1.91,2.83,0.57,1.15,1.94,1.42,2683.34,9.9,6959.96,1.79,58.25,7.34,2.06
2017-12-23,,,,,,,,,,,,,,,,,,,,,,,,,,,,,,1.42,,,,,,12.13,
2017-12-24,,,,,,,,,,,,,,,,,,,,,,,,,,,,,,1.42,,,,,,54.87,
2017-12-25,,,,,,,,,,,,,,,,,,,,,,,,,,,,,,1.42,,,,,,20.56,
2017-12-26,,,,,,,,,,,,,,,,,,,,,,,110.9758,2.47,1.92,2.82,0.55,1.0,1.94,1.42,2680.5,10.25,6936.25,1.78,59.55,41.35,2.12
2017-12-27,,,,,,,,,,,,,,,,,,,,,,,110.8553,2.42,1.89,2.75,0.53,0.98,1.94,1.42,2682.62,10.47,6939.34,1.76,59.67,13.95,2.06
2017-12-28,,,,,,,,,,,,,,,,,,,,,,,110.5154,2.43,1.91,2.75,0.52,1.04,1.96,1.42,2687.54,10.18,6950.16,1.76,59.84,12.77,2.06
2017-12-29,,,,,,,,,,,,,,,,,,,,,,,110.0783,2.4,1.89,2.74,0.51,1.01,1.96,1.33,2673.61,11.04,6903.39,1.77,60.46,23.07,2.06
2017-12-30,,,,,,,,,,,,,,,,,,,,,,,,,,,,,,1.33,,,,,,47.6,
2017-12-31,,,,,,,,,,,,,,,,,,,,,,,,,,,,,,1.33,,,,,,89.84,
2018-01-01,13883.2,3659.1,4437893.0,248.859,255.204,230.339,1.41,0.08,147660.0,4.0,62.7,14886.6,13703.3,5.7,151.568946406932,114.8,31.985083987862534,0.135,216.855,1299.0,1317.0,0.24,,,,,,,,1.33,,,,,,16.72,
2018-01-02,,,,,,,,,,,,,,,,,,,,,,,109.6444,2.46,1.92,2.81,0.54,1.02,2.0,1.42,2695.81,9.77,7006.9,1.78,60.37,9.12,2.1
2018-01-03,,,,,,,,,,,,,,,,,,,,,,,109.6751,2.44,1.94,2.78,0.5,1.03,1.98,1.42,2713.06,9.15,7065.53,1.77,61.61,12.52,2.09
2018-01-04,,,,,,,,,,,,,,,,,,,,,,,109.4779,2.46,1.96,2.79,0.5,1.05,2.01,1.42,2723.99,9.22,7077.91,1.75,61.98,70.37,2.1
2018-01-05,,,,,,,,,,,,,,,,,,,,,,,109.3496,2.47,1.96,2.81,0.51,1.08,2.01,1.42,2743.15,9.22,7136.56,1.76,61.49,34.79,2.07
2018-01-06,,,,,,,,,,,,,,,,,,,,,,,,,,,,,,1.42,,,,,,20.95,
2018-01-07,,,,,,,,,,,,,,,,,,,,,,,,,,,,,,1.42,,,,,,47.03,
2018-01-08,,,,,,,,,,,,,,,,,,,,,,,109.5678,2.49,1.96,2.81,0.53,1.04,2.02,1.42,2747.71,9.52,7157.39,1.74,61.73,9.66,2.13
2018-01-09,,,,,,,,,,,,,,,,,,,,,,,109.9022,2.55,1.98,2.88,0.57,1.11,2.03,1.42,2751.29,10.08,7163.58,1.74,62.92,7.52,2.11
2018-01-10,,,,,,,,,,,,,,,,,,,,,,,109.6277,2.55,1.98,2.88,0.57,1.13,2.03,1.42,2748.23,9.82,7153.57,1.73,63.6,23.41,2.12
2018-01-11,,,,,,,,,,,,,,,,,,,,,,,109.4887,2.54,1.98,2.91,0.56,1.11,2.0,1.42,2767.56,9.88,7211.78,1.69,63.81,5.75,2.11
2018-01-12,,,,,,,,,,,,,,,,,,,,,,,108.9011,2.55,1.99,2.85,0.56,1.12,2.01,1.42,2786.24,10.16,7261.06,1.68,64.22,12.85,2.1
2018-01-13,,,,,,,,,,,,,,,,,,,,,,,,,,,,,,1.42,,,,,,10.71,
2018-01-14,,,,,,,,,,,,,,,,,,,,,,,,,,,,,,1.42,,,,,,142.24,
2018-01-15,,,,,,,,,,,,,,,,,,,,,,,,,,,,,,1.42,,,,,,11.35,
2018-01-16,,,,,,,,,,,,,,,,,,,,,,,108.322,2.54,2.03,2.83,0.51,1.09,2.03,1.42,2776.42,11.66,7223.69,1.66,63.82,32.33,2.12
2018-01-17,,,,,,,,,,,,,,,,,,,,,,,108.1526,2.57,2.05,2.84,0.52,1.13,2.04,1.42,2802.56,11.91,7298.28,1.66,63.92,11.59,2.18
2018-01-18,,,,,,,,,,,,,,,,,,,,,,,108.0655,2.62,2.05,2.9,0.57,1.17,2.05,1.42,2798.03,12.22,7296.05,1.64,63.96,5.63,2.11
2018-01-19,,,,,,,,,,,,,,,,,,,,,,,107.9454,2.64,2.06,2.91,0.58,1.2,2.06,1.42,2810.3,11.27,7336.38,1.64,63.38,20.46,2.12
2018-01-20,,,,,,,,,,,,,,,,,,,,,,,,,,,,,,1.42,,,,,,53.38,
2018-01-21,,,,,,,,,,,,,,,,,,,,,,,,,,,,,,1.42,,,,,,28.1,
2018-01-22,,,,,,,,,,,,,,,,,,,,,,,108.1069,2.66,2.08,2.93,0.58,1.22,2.06,1.42,2832.97,11.03,7408.03,1.64,63.66,30.07,2.12
2018-01-23,,,,,,,,,,,,,,,,,,,,,,,107.9981,2.63,2.06,2.9,0.57,1.19,2.06,1.42,2839.13,11.1,7460.29,1.64,64.45,36.23,2.2
2018-01-24,,,,,,,,,,,,,,,,,,,,,,,107.0801,2.65,2.08,2.93,0.57,1.22,2.07,1.42,2837.54,11.47,7415.06,1.65,65.69,10.65,2.18
2018-01-25,,,,,,,,,,,,,,,,,,,,,,,106.5052,2.63,2.08,2.89,0.55,1.21,2.07,1.42,2839.25,11.58,7411.16,1.61,65.62,31.49,2.23
2018-01-26,,,,,,,,,,,,,,,,,,,,,,,106.6909,2.66,2.13,2.91,0.53,1.25,2.09,1.42,2872.87,11.08,7505.77,1.6,66.27,18.43,2.25
2018-01-27,,,,,,,,,,,,,,,,,,,,,,,,,,,,,,1.42,,,,,,30.72,
2018-01-28,,,,,,,,,,,,,,,,,,,,,,,,,,,,,,1.42,,,,,,44.74,
2018-01-29,,,,,,,,,,,,,,,,,,,,,,,107.1141,2.7,2.11,2.94,0.59,1.26,2.09,1.42,2853.53,13.84,7466.51,1.59,65.71,44.75,2.26
2018-01-30,,,,,,,,,,,,,,,,,,,,,,,107.1063,2.73,2.13,2.98,0.6,1.29,2.1,1.42,2822.43,14.79,7402.48,1.59,64.64,41.47,2.23
2018-01-31,,,,,,,,,,,,,,,,,,,,,,,106.7695,2.72,2.14,2.95,0.58,1.26,2.11,1.34,2823.81,13.54,7411.48,1.56,64.82,27.74,2.24
2018-02-01,13919.3,3621.3,4415167.0,249.529,255.711,231.049,1.42,0.045,148054.0,4.1,63.0,14921.1,13738.7,5.8,124.73962932851845,84.04,43.190992159822834,0.135,220.141,1277.0,1321.0,0.06,106.4877,2.78,2.16,3.01,0.62,1.3,2.11,1.42,2821.98,13.47,7385.86,1.56,65.92,16.34,2.29
2018-02-02,,,,,,,,,,,,,,,,,,,,,,,107.1154,2.84,2.15,3.08,0.69,1.36,2.14,1.42,2762.13,17.31,7240.95,1.58,65.5,25.71,2.35
2018-02-03,,,,,,,,,,,,,,,,,,,,,,,,,,,,,,1.42,,,,,,21.0,
2018-02-04,,,,,,,,,,,,,,,,,,,,,,,,,,,,,,1.42,,,,,,9.29,
2018-02-05,,,,,,,,,,,,,,,,,,,,,,,107.3303,2.77,2.08,3.04,0.69,1.26,2.1,1.42,2648.94,37.32,6967.53,1.63,64.18,31.03,2.25
2018-02-06,,,,,,,,,,,,,,,,,,,,,,,107.5206,2.79,2.1,3.06,0.69,1.27,2.1,1.42,2695.14,29.98,7115.88,1.61,63.48,129.13,2.32
2018-02-07,,,,,,,,,,,,,,,,,,,,,,,107.7173,2.84,2.15,3.12,0.69,1.29,2.1,1.42,2681.66,27.73,7051.98,1.62,61.91,49.18,2.3
2018-02-08,,,,,,,,,,,,,,,,,,,,,,,108.3021,2.85,2.13,3.14,0.72,1.3,2.09,1.42,2581.0,33.46,6777.16,1.63,61.3,54.51,2.29
2018-02-09,,,,,,,,,,,,,,,,,,,,,,,108.2579,2.83,2.05,3.14,0.78,1.28,2.05,1.42,2619.55,29.06,6874.49,1.67,59.2,57.46,2.27
2018-02-10,,,,,,,,,,,,,,,,,,,,,,,,,,,,,,1.42,,,,,,159.9,
2018-02-11,,,,,,,,,,,,,,,,,,,,,,,,,,,,,,1.42,,,,,,158.05,
2018-02-12,,,,,,,,,,,,,,,,,,,,,,,108.0332,2.86,2.09,3.14,0.77,1.24,2.07,1.42,2656.0,25.61,6981.96,1.64,59.41,48.26,2.3
2018-02-13,,,,,,,,,,,,,,,,,,,,,,,107.7575,2.83,2.1,3.11,0.73,1.24,2.05,1.42,2662.94,24.97,7013.51,1.69,59.33,14.08,2.22
2018-02-14,,,,,,,,,,,,,,,,,,,,,,,107.4693,2.91,2.17,3.18,0.74,1.33,2.09,1.42,2698.63,19.26,7143.62,1.66,60.7,5.3,2.27
2018-02-15,,,,,,,,,,,,,,,,,,,,,,,106.9869,2.9,2.19,3.15,0.71,1.32,2.11,1.42,2731.2,19.13,7256.43,1.63,61.48,5.29,2.22
2018-02-16,,,,,,,,,,,,,,,,,,,,,,,107.0359,2.87,2.21,3.13,0.66,1.25,2.09,1.42,2732.22,19.46,7239.47,1.66,61.89,12.44,2.18
2018-02-17,,,,,,,,,,,,,,,,,,,,,,,,,,,,,,1.42,,,,,,10.49,
2018-02-18,,,,,,,,,,,,,,,,,,,,,,,,,,,,,,1.42,,,,,,27.1,
2018-02-19,,,,,,,,,,,,,,,,,,,,,,,,,,,,,,1.42,,,,,,21.58,
2018-02-20,,,,,,,,,,,,,,,,,,,,,,,107.6248,2.88,2.25,3.15,0.63,1.22,2.1,1.42,2716.26,20.6,7234.31,1.67,61.91,75.14,2.16
2018-02-21,,,,,,,,,,,,,,,,,,,,,,,107.8679,2.94,2.26,3.22,0.68,1.3,2.12,1.42,2701.33,20.02,7218.23,1.67,61.73,16.06,2.18
2018-02-22,,,,,,,,,,,,,,,,,,,,,,,107.8668,2.92,2.25,3.21,0.67,1.29,2.11,1.42,2703.96,18.72,7210.09,1.68,62.72,10.99,2.16
2018-02-23,,,,,,,,,,,,,,,,,,,,,,,107.6802,2.88,2.25,3.16,0.63,1.24,2.12,1.42,2747.3,16.49,7337.39,1.68,63.52,19.08,2.2
2018-02-24,,,,,,,,,,,,,,,,,,,,,,,,,,,,,,1.42,,,,,,10.07,
2018-02-25,,,,,,,,,,,,,,,,,,,,,,,,,,,,,,1.42,,,,,,9.25,
2018-02-26,,,,,,,,,,,,,,,,,,,,,,,107.7345,2.86,2.22,3.15,0.64,1.2,2.13,1.42,2779.6,15.8,7421.46,1.7,63.81,10.01,2.19
2018-02-27,,,,,,,,,,,,,,,,,,,,,,,108.1729,2.9,2.27,3.17,0.63,1.24,2.13,1.42,2744.28,18.59,7330.35,1.69,62.94,36.37,2.17
2018-02-28,,,,,,,,,,,,,,,,,,,,,,,108.3901,2.87,2.25,3.13,0.62,1.22,2.12,1.35,2713.83,19.85,7273.01,1.68,61.43,15.99,2.2
2018-03-01,13976.0,3667.4,4399194.0,249.577,256.271,230.736,1.51,0.045,148280.0,4.0,62.9,14974.8,13793.2,5.9,168.41260341666916,76.38,27.382045863887942,0.135,215.72,1318.0,1385.0,0.02,108.5357,2.81,2.22,3.09,0.59,1.18,2.1,1.42,2677.67,22.47,7180.56,1.72,60.98,20.79,2.17
2018-03-02,,,,,,,,,,,,,,,,,,,,,,,,2.86,2.25,3.14,0.61,1.21,2.12,1.42,2691.25,19.59,7257.87,1.72,61.19,18.36,2.21
2018-03-03,,,,,,,,,,,,,,,,,,,,,,,,,,,,,,1.42,,,,,,30.29,
2018-03-04,,,,,,,,,,,,,,,,,,,,,,,,,,,,,,1.42,,,,,,8.93,
2018-03-05,,,,,,,,,,,,,,,,,,,,,,,108.3617,2.88,2.24,3.16,0.64,1.18,2.13,1.42,2720.94,18.73,7330.7,1.72,62.49,9.74,2.21
2018-03-06,,,,,,,,,,,,,,,,,,,,,,,107.7972,2.88,2.25,3.14,0.63,1.2,2.12,1.42,2728.12,18.36,7372.01,1.75,62.54,29.91,2.14
2018-03-07,,,,,,,,,,,,,,,,,,,,,,,108.0916,2.89,2.25,3.15,0.64,1.21,2.13,1.42,2726.8,17.76,7396.65,1.77,61.09,5.59,2.16
2018-03-08,,,,,,,,,,,,,,,,,,,,,,,108.2673,2.86,2.25,3.13,0.61,1.19,2.11,1.42,2738.97,16.54,7427.95,1.78,60.13,16.63,2.14
2018-03-09,,,,,,,,,,,,,,,,,,,,,,,107.9231,2.9,2.27,3.16,0.63,1.23,2.12,1.42,2786.57,14.64,7560.81,1.77,62.02,6.45,2.28
2018-03-10,,,,,,,,,,,,,,,,,,,,,,,,,,,,,,1.42,,,,,,10.44,
2018-03-11,,,,,,,,,,,,,,,,,,,,,,,,,,,,,,1.42,,,,,,130.77,
2018-03-12,,,,,,,,,,,,,,,,,,,,,,,107.9439,2.87,2.27,3.13,0.6,1.16,2.1,1.42,2783.02,15.78,7588.32,1.79,61.35,29.17,2.18
2018-03-13,,,,,,,,,,,,,,,,,,,,,,,107.7387,2.84,2.26,3.1,0.58,1.11,2.09,1.42,2765.31,16.35,7511.01,1.8,60.69,6.86,2.13
2018-03-14,,,,,,,,,,,,,,,,,,,,,,,107.8625,2.81,2.26,3.05,0.55,1.05,2.07,1.42,2749.48,17.23,7496.81,1.8,60.89,16.5,2.1
2018-03-15,,,,,,,,,,,,,,,,,,,,,,,108.2033,2.82,2.29,3.05,0.53,1.05,2.08,1.43,2747.33,16.59,7481.74,1.81,61.16,11.0,2.09
2018-03-16,,,,,,,,,,,,,,,,,,,,,,,108.4333,2.85,2.31,3.08,0.54,1.07,2.08,1.43,2752.01,15.8,7481.99,1.79,62.29,6.33,2.11
2018-03-17,,,,,,,,,,,,,,,,,,,,,,,,,,,,,,1.43,,,,,,10.54,
2018-03-18,,,,,,,,,,,,,,,,,,,,,,,,,,,,,,1.43,,,,,,9.48,
2018-03-19,,,,,,,,,,,,,,,,,,,,,,,108.3146,2.85,2.31,3.09,0.54,1.05,2.08,1.43,2712.92,19.02,7344.24,1.8,62.01,8.91,2.12
2018-03-20,,,,,,,,,,,,,,,,,,,,,,,108.4953,2.89,2.34,3.12,0.55,1.08,2.08,1.44,2716.94,18.2,7364.3,1.79,63.37,22.31,2.11
2018-03-21,,,,,,,,,,,,,,,,,,,,,,,,2.89,2.31,3.12,0.58,1.15,2.09,1.44,2711.93,17.86,7345.29,1.82,65.1,5.64,2.22
2018-03-22,,,,,,,,,,,,,,,,,,,,,,,107.9934,2.83,2.29,3.06,0.54,1.11,2.08,1.68,2643.69,23.34,7166.68,1.84,64.25,5.38,2.13
2018-03-23,,,,,,,,,,,,,,,,,,,,,,,107.7495,2.82,2.28,3.06,0.54,1.08,2.07,1.68,2588.26,24.87,6992.67,1.87,65.8,19.44,2.13
2018-03-24,,,,,,,,,,,,,,,,,,,,,,,,,,,,,,1.68,,,,,,10.74,
2018-03-25,,,,,,,,,,,,,,,,,,,,,,,,,,,,,,1.68,,,,,,9.48,
2018-03-26,,,,,,,,,,,,,,,,,,,,,,,107.182,2.85,2.33,3.08,0.52,1.06,2.08,1.68,2658.55,21.03,7220.54,1.84,65.49,10.25,2.15
2018-03-27,,,,,,,,,,,,,,,,,,,,,,,107.3361,2.78,2.26,3.03,0.52,1.01,2.07,1.68,2612.62,22.5,7008.81,1.86,65.21,14.75,2.2
2018-03-28,,,,,,,,,,,,,,,,,,,,,,,107.5733,2.77,2.28,3.01,0.49,1.04,2.05,1.68,2605.0,22.87,6949.23,1.86,64.3,5.79,2.19
2018-03-29,,,,,,,,,,,,,,,,,,,,,,,107.665,2.74,2.27,2.97,0.47,1.01,2.05,1.68,2640.87,19.97,7063.44,1.85,64.87,5.5,2.18
2018-03-30,,,,,,,,,,,,,,,,,,,,,,,107.4783,,,,,,,1.67,,,,,,6.81,
2018-03-31,,,,,,,,,,,,,,,,,,,,,,,,,,,,,,1.67,,,,,,55.49,
2018-04-01,13993.9,3664.0,4382144.0,250.227,256.63,231.295,1.69,0.05,148422.0,4.0,62.9,15007.2,13838.4,6.0,157.6060239331061,88.6,30.688175770540337,0.134,219.165,1276.0,1378.0,0.08,,,,,,,,1.67,,,,,,29.31,
2018-04-02,,,,,,,,,,,,,,,,,,,,,,,107.7031,2.73,2.25,2.97,0.48,0.96,2.05,1.68,2581.88,23.62,6870.12,1.86,63.05,20.97,2.11
2018-04-03,,,,,,,,,,,,,,,,,,,,,,,107.5621,2.79,2.28,3.02,0.51,1.04,2.08,1.69,2614.45,21.1,6941.28,1.84,63.41,37.57,2.17
2018-04-04,,,,,,,,,,,,,,,,,,,,,,,107.636,2.79,2.28,3.03,0.51,1.08,2.08,1.69,2644.69,20.06,7042.105,1.85,63.35,52.08,2.12
2018-04-05,,,,,,,,,,,,,,,,,,,,,,,107.7279,2.83,2.3,3.07,0.53,1.11,2.08,1.69,2662.84,18.94,7076.551,1.84,63.53,56.15,2.23
2018-04-06,,,,,,,,,,,,,,,,,,,,,,,107.7884,2.77,2.27,3.01,0.5,1.04,2.07,1.69,2604.47,21.49,6915.109,1.84,62.03,57.54,2.13
2018-04-07,,,,,,,,,,,,,,,,,,,,,,,,,,,,,,1.69,,,,,,194.4,
2018-04-08,,,,,,,,,,,,,,,,,,,,,,,,,,,,,,1.69,,,,,,125.79,
2018-04-09,,,,,,,,,,,,,,,,,,,,,,,107.5312,2.78,2.29,3.02,0.49,1.02,2.07,1.69,2613.16,21.77,6950.344,1.83,63.4,30.52,2.12
2018-04-10,,,,,,,,,,,,,,,,,,,,,,,107.3651,2.8,2.32,3.02,0.48,1.06,2.08,1.69,2656.87,20.47,7094.301,1.8,65.48,14.75,2.16
2018-04-11,,,,,,,,,,,,,,,,,,,,,,,107.1216,2.79,2.32,2.99,0.47,1.06,2.11,1.69,2642.19,20.24,7069.027,1.8,66.81,20.97,2.16
2018-04-12,,,,,,,,,,,,,,,,,,,,,,,107.2897,2.83,2.34,3.05,0.49,1.08,2.13,1.69,2663.99,18.49,7140.246,1.79,67.07,21.24,2.21
2018-04-13,,,,,,,,,,,,,,,,,,,,,,,107.2359,2.82,2.37,3.03,0.45,1.06,2.13,1.69,2656.3,17.41,7106.648,1.79,67.35,18.55,2.25
2018-04-14,,,,,,,,,,,,,,,,,,,,,,,,,,,,,,1.69,,,,,,51.99,
2018-04-15,,,,,,,,,,,,,,,,,,,,,,,,,,,,,,1.69,,,,,,18.53,
2018-04-16,,,,,,,,,,,,,,,,,,,,,,,107.0588,2.83,2.39,3.03,0.44,1.04,2.12,1.69,2677.84,16.56,7156.285,1.77,66.23,20.16,2.16
2018-04-17,,,,,,,,,,,,,,,,,,,,,,,107.0335,2.82,2.41,3.0,0.41,1.02,2.14,1.69,2706.39,15.25,7281.098,1.76,66.5,7.17,2.27
2018-04-18,,,,,,,,,,,,,,,,,,,,,,,107.1091,2.87,2.42,3.06,0.45,1.06,2.16,1.69,2708.64,15.6,7295.234,1.76,68.44,71.71,2.28
2018-04-19,,,,,,,,,,,,,,,,,,,,,,,107.5191,2.92,2.44,3.11,0.48,1.1,2.17,1.69,2693.13,15.96,7238.055,1.77,68.3,5.32,2.22
2018-04-20,,,,,,,,,,,,,,,,,,,,,,,108.1782,2.96,2.46,3.14,0.5,1.15,2.17,1.7,2670.14,16.88,7146.125,1.78,68.26,18.72,2.24
2018-04-21,,,,,,,,,,,,,,,,,,,,,,,,,,,,,,1.7,,,,,,10.28,
2018-04-22,,,,,,,,,,,,,,,,,,,,,,,,,,,,,,1.7,,,,,,9.68,
2018-04-23,,,,,,,,,,,,,,,,,,,,,,,108.9328,2.98,2.49,3.15,0.49,1.11,2.18,1.7,2670.29,16.34,7128.602,1.76,67.61,27.74,2.25
2018-04-24,,,,,,,,,,,,,,,,,,,,,,,108.7903,3.0,2.48,3.18,0.52,1.13,2.17,1.7,2634.56,18.02,7007.352,1.77,67.66,21.26,2.24
2018-04-25,,,,,,,,,,,,,,,,,,,,,,,109.3443,3.03,2.49,3.21,0.54,1.18,2.17,1.7,2639.4,17.84,7003.738,1.8,68.0,5.38,2.25
2018-04-26,,,,,,,,,,,,,,,,,,,,,,,109.3639,3.0,2.49,3.18,0.51,1.18,2.18,1.7,2666.94,16.24,7118.676,1.8,68.18,10.26,2.26
2018-04-27,,,,,,,,,,,,,,,,,,,,,,,109.1729,2.96,2.49,3.13,0.47,1.14,2.17,1.7,2669.91,15.41,7119.801,1.8,68.11,6.16,2.25
2018-04-28,,,,,,,,,,,,,,,,,,,,,,,,,,,,,,1.7,,,,,,9.49,
2018-04-29,,,,,,,,,,,,,,,,,,,,,,,,,,,,,,1.7,,,,,,8.98,
2018-04-30,,,,,,,,,,,,,,,,,,,,,,,109.3356,2.95,2.49,3.11,0.46,1.08,2.17,1.69,2648.05,15.93,7066.266,1.79,68.56,8.75,2.24
2018-05-01,14049.6,3655.7,4343353.0,250.792,257.145,231.671,1.7,0.03,148740.0,3.8,62.9,15057.8,13905.0,6.0,175.85817935206288,87.87,29.949786982217667,0.136,221.045,1357.0,1338.0,0.16,109.7437,2.97,2.5,3.13,0.47,1.12,2.16,1.7,2654.8,15.49,7130.703,1.82,67.28,7.04,2.23
2018-05-02,,,,,,,,,,,,,,,,,,,,,,,110.1616,2.97,2.49,3.14,0.48,1.13,2.17,1.7,2635.67,15.97,7100.898,1.83,67.91,43.79,2.25
2018-05-03,,,,,,,,,,,,,,,,,,,,,,,110.1796,2.94,2.49,3.12,0.45,1.1,2.16,1.7,2629.73,15.9,7088.152,1.86,68.45,21.44,2.23
2018-05-04,,,,,,,,,,,,,,,,,,,,,,,110.2492,2.95,2.51,3.12,0.44,1.11,2.16,1.7,2663.42,14.77,7209.617,1.86,69.71,17.84,2.23
2018-05-05,,,,,,,,,,,,,,,,,,,,,,,,,,,,,,1.7,,,,,,20.91,
2018-05-06,,,,,,,,,,,,,,,,,,,,,,,,,,,,,,1.7,,,,,,37.8,
2018-05-07,,,,,,,,,,,,,,,,,,,,,,,110.5713,2.95,2.49,3.12,0.46,1.09,2.17,1.7,2672.63,14.75,7265.211,1.87,70.74,10.16,2.23
2018-05-08,,,,,,,,,,,,,,,,,,,,,,,111.062,2.97,2.51,3.13,0.46,1.1,2.16,1.7,2671.92,14.71,7266.902,1.87,68.83,7.29,2.22
2018-05-09,,,,,,,,,,,,,,,,,,,,,,,110.8807,3.0,2.54,3.16,0.46,1.12,2.18,1.7,2697.79,13.42,7339.906,1.86,71.16,10.89,2.23
2018-05-10,,,,,,,,,,,,,,,,,,,,,,,110.4041,2.97,2.54,3.12,0.43,1.07,2.17,1.7,2723.07,13.23,7404.977,1.84,71.36,10.5,2.22
2018-05-11,,,,,,,,,,,,,,,,,,,,,,,110.2839,2.97,2.54,3.1,0.43,1.05,2.15,1.7,2727.72,12.65,7402.883,1.82,70.69,6.42,2.17
2018-05-12,,,,,,,,,,,,,,,,,,,,,,,,,,,,,,1.7,,,,,,10.79,
2018-05-13,,,,,,,,,,,,,,,,,,,,,,,,,,,,,,1.7,,,,,,37.47,
2018-05-14,,,,,,,,,,,,,,,,,,,,,,,110.4073,3.0,2.55,3.13,0.45,1.07,2.15,1.7,2730.13,12.93,7411.316,1.81,71.01,20.24,2.18
2018-05-15,,,,,,,,,,,,,,,,,,,,,,,111.2283,3.08,2.58,3.2,0.5,1.16,2.18,1.7,2711.45,14.63,7351.629,1.81,71.34,14.96,2.21
2018-05-16,,,,,,,,,,,,,,,,,,,,,,,111.3057,3.09,2.58,3.21,0.51,1.17,2.17,1.7,2722.46,13.42,7398.297,1.8,71.43,38.33,2.18
2018-05-17,,,,,,,,,,,,,,,,,,,,,,,111.3537,3.11,2.57,3.25,0.54,1.19,2.16,1.7,2720.13,13.43,7382.473,1.82,71.47,15.86,2.16
2018-05-18,,,,,,,,,,,,,,,,,,,,,,,111.7161,3.06,2.55,3.2,0.51,1.15,2.15,1.7,2712.97,13.42,7354.34,1.83,71.23,6.41,2.16
2018-05-19,,,,,,,,,,,,,,,,,,,,,,,,,,,,,,1.7,,,,,,10.71,
2018-05-20,,,,,,,,,,,,,,,,,,,,,,,,,,,,,,1.7,,,,,,9.36,
2018-05-21,,,,,,,,,,,,,,,,,,,,,,,111.6385,3.06,2.58,3.2,0.48,1.13,2.16,1.7,2733.01,13.08,7394.035,1.83,72.26,10.48,2.17
2018-05-22,,,,,,,,,,,,,,,,,,,,,,,111.1934,3.06,2.59,3.21,0.47,1.13,2.15,1.7,2724.44,13.22,7378.457,1.83,72.09,21.35,2.17
2018-05-23,,,,,,,,,,,,,,,,,,,,,,,111.6919,3.01,2.53,3.17,0.48,1.09,2.14,1.7,2733.29,12.58,7425.957,1.84,71.85,238.98,2.16
2018-05-24,,,,,,,,,,,,,,,,,,,,,,,111.4871,2.98,2.5,3.13,0.48,1.07,2.12,1.7,2727.76,12.53,7424.43,1.84,70.77,16.05,2.13
2018-05-25,,,,,,,,,,,,,,,,,,,,,,,111.5828,2.93,2.48,3.09,0.45,1.03,2.09,1.7,2721.33,13.22,7433.855,1.85,67.92,6.38,2.14
2018-05-26,,,,,,,,,,,,,,,,,,,,,,,,,,,,,,1.7,,,,,,10.95,
2018-05-27,,,,,,,,,,,,,,,,,,,,,,,,,,,,,,1.7,,,,,,19.82,
2018-05-28,,,,,,,,,,,,,,,,,,,,,,,,,,,,,,1.7,,,,,,16.23,
2018-05-29,,,,,,,,,,,,,,,,,,,,,,,112.2108,2.77,2.32,2.96,0.45,0.84,2.04,1.7,2689.86,17.02,7396.594,1.96,66.8,35.31,2.1
2018-05-30,,,,,,,,,,,,,,,,,,,,,,,111.6717,2.84,2.42,3.01,0.42,0.9,2.06,1.7,2724.01,14.94,7462.453,1.91,68.24,23.28,2.12
2018-05-31,,,,,,,,,,,,,,,,,,,,,,,111.988,2.83,2.4,3.0,0.43,0.9,2.07,1.7,2705.27,15.43,7442.117,1.89,66.98,15.62,2.11
2018-06-01,14109.9,3655.9,4316371.0,251.018,257.399,231.843,1.82,0.03,148959.0,4.0,63.0,15119.3,13930.4,6.3,178.29760461210213,103.79,29.21049918454364,0.139,220.947,1192.0,1345.0,0.08,111.8253,2.89,2.47,3.04,0.42,0.97,2.09,1.7,2734.62,13.46,7554.332,1.9,65.81,50.05,2.12
2018-06-02,,,,,,,,,,,,,,,,,,,,,,,,,,,,,,1.7,,,,,,11.19,
2018-06-03,,,,,,,,,,,,,,,,,,,,,,,,,,,,,,1.7,,,,,,19.83,
2018-06-04,,,,,,,,,,,,,,,,,,,,,,,111.8235,2.94,2.52,3.08,0.42,1.0,2.12,1.7,2746.87,12.74,7606.461,1.88,64.76,10.61,2.18
2018-06-05,,,,,,,,,,,,,,,,,,,,,,,112.2628,2.92,2.49,3.07,0.43,0.98,2.13,1.7,2748.8,12.4,7637.863,1.9,65.51,7.33,2.21
2018-06-06,,,,,,,,,,,,,,,,,,,,,,,111.7517,2.97,2.52,3.13,0.45,1.02,2.14,1.7,2772.35,11.64,7689.242,1.91,64.75,5.54,2.22
2018-06-07,,,,,,,,,,,,,,,,,,,,,,,112.0719,2.93,2.5,3.08,0.43,0.99,2.13,1.7,2770.37,12.13,7635.07,1.89,65.96,16.33,2.18
2018-06-08,,,,,,,,,,,,,,,,,,,,,,,112.1057,2.93,2.5,3.08,0.43,1.0,2.11,1.7,2779.03,12.18,7645.512,1.9,65.77,6.71,2.16
2018-06-09,,,,,,,,,,,,,,,,,,,,,,,,,,,,,,1.7,,,,,,11.46,
2018-06-10,,,,,,,,,,,,,,,,,,,,,,,,,,,,,,1.7,,,,,,9.97,
2018-06-11,,,,,,,,,,,,,,,,,,,,,,,112.1097,2.96,2.52,3.1,0.44,1.02,2.13,1.7,2782.0,12.35,7659.926,1.89,66.1,10.68,2.18
2018-06-12,,,,,,,,,,,,,,,,,,,,,,,112.2129,2.96,2.54,3.09,0.42,1.04,2.13,1.7,2786.85,12.34,7703.793,1.88,66.38,7.28,2.19
2018-06-13,,,,,,,,,,,,,,,,,,,,,,,112.2569,2.98,2.59,3.1,0.39,1.04,2.12,1.7,2775.63,12.94,7695.699,1.87,66.63,5.9,2.15
2018-06-14,,,,,,,,,,,,,,,,,,,,,,,112.8581,2.94,2.59,3.05,0.35,1.0,2.12,1.9,2782.49,12.12,7761.043,1.88,66.91,10.8,2.17
2018-06-15,,,,,,,,,,,,,,,,,,,,,,,113.3369,2.93,2.55,3.05,0.38,0.99,2.12,1.9,2779.66,11.98,7746.379,1.87,65.01,18.66,2.16
2018-06-16,,,,,,,,,,,,,,,,,,,,,,,,,,,,,,1.9,,,,,,11.35,
2018-06-17,,,,,,,,,,,,,,,,,,,,,,,,,,,,,,1.9,,,,,,19.75,
2018-06-18,,,,,,,,,,,,,,,,,,,,,,,113.4889,2.92,2.56,3.05,0.36,0.98,2.12,1.9,2773.75,12.31,7747.023,1.9,65.91,10.41,2.16
2018-06-19,,,,,,,,,,,,,,,,,,,,,,,113.6379,2.89,2.54,3.02,0.35,0.95,2.12,1.91,2762.59,13.35,7725.586,1.91,65.09,82.58,2.17
2018-06-20,,,,,,,,,,,,,,,,,,,,,,,113.4774,2.93,2.56,3.06,0.37,0.99,2.12,1.92,2767.32,12.79,7781.516,1.92,65.92,12.02,2.18
2018-06-21,,,,,,,,,,,,,,,,,,,,,,,113.61,2.9,2.56,3.04,0.34,0.96,2.11,1.92,2749.76,14.64,7712.953,1.95,65.68,5.7,2.17
2018-06-22,,,,,,,,,,,,,,,,,,,,,,,113.3039,2.9,2.56,3.04,0.34,0.97,2.12,1.92,2754.88,13.77,7692.816,1.97,69.02,13.61,2.17
2018-06-23,,,,,,,,,,,,,,,,,,,,,,,,,,,,,,1.92,,,,,,23.78,
2018-06-24,,,,,,,,,,,,,,,,,,,,,,,,,,,,,,1.92,,,,,,61.12,
2018-06-25,,,,,,,,,,,,,,,,,,,,,,,113.2854,2.87,2.54,3.02,0.33,0.94,2.1,1.92,2717.07,17.33,7532.008,1.99,69.91,22.24,2.14
2018-06-26,,,,,,,,,,,,,,,,,,,,,,,113.301,2.88,2.53,3.03,0.35,0.95,2.12,1.92,2723.06,15.92,7561.625,1.99,75.23,8.33,2.17
2018-06-27,,,,,,,,,,,,,,,,,,,,,,,113.8964,2.83,2.52,2.97,0.31,0.9,2.11,1.91,2699.63,17.91,7445.086,1.98,77.41,24.45,2.15
2018-06-28,,,,,,,,,,,,,,,,,,,,,,,113.8399,2.84,2.52,2.97,0.32,0.91,2.1,1.91,2716.31,16.85,7503.684,2.0,73.45,12.02,2.13
2018-06-29,,,,,,,,,,,,,,,,,,,,,,,113.2583,2.85,2.52,2.98,0.33,0.92,2.11,1.91,2718.37,16.09,7510.305,1.99,74.13,42.54,2.16
2018-06-30,,,,,,,,,,,,,,,,,,,,,,,,,,,,,,1.91,,,,,,12.04,
2018-07-01,14144.2,3679.5,4287565.0,251.214,257.699,231.793,1.91,0.06,149020.0,3.8,63.0,15184.7,13974.8,6.5,223.67057266672597,99.53,62.88610321710545,0.139,219.929,1208.0,1334.0,0.1,,,,,,,,1.91,,,,,,10.52,
2018-07-02,,,,,,,,,,,,,,,,,,,,,,,114.1669,2.87,2.57,2.99,0.3,0.89,2.14,1.91,2726.71,15.6,7567.688,1.97,73.89,33.27,2.21
2018-07-03,,,,,,,,,,,,,,,,,,,,,,,113.3217,2.83,2.53,2.96,0.3,0.85,2.12,1.91,2713.22,16.14,7502.672,1.99,74.19,8.5,2.16
2018-07-04,,,,,,,,,,,,,,,,,,,,,,,,,,,,,,1.91,,,,,,45.79,
2018-07-05,,,,,,,,,,,,,,,,,,,,,,,112.9756,2.84,2.55,2.95,0.29,0.88,2.13,1.91,2736.61,14.97,7586.426,1.95,73.05,33.91,2.16
2018-07-06,,,,,,,,,,,,,,,,,,,,,,,112.6426,2.82,2.53,2.94,0.29,0.85,2.12,1.91,2759.82,13.37,7688.387,1.96,73.78,90.81,2.16
2018-07-07,,,,,,,,,,,,,,,,,,,,,,,,,,,,,,1.91,,,,,,127.44,
2018-07-08,,,,,,,,,,,,,,,,,,,,,,,,,,,,,,1.91,,,,,,125.27,
2018-07-09,,,,,,,,,,,,,,,,,,,,,,,112.6423,2.86,2.57,2.96,0.29,0.88,2.13,1.91,2784.17,12.69,7756.203,1.93,73.93,50.44,2.16
2018-07-10,,,,,,,,,,,,,,,,,,,,,,,112.5792,2.87,2.59,2.97,0.28,0.88,2.13,1.91,2793.84,12.64,7759.199,1.91,74.11,26.9,2.17
2018-07-11,,,,,,,,,,,,,,,,,,,,,,,112.8582,2.85,2.58,2.95,0.27,0.88,2.11,1.91,2774.02,13.63,7716.613,1.91,70.47,6.69,2.15
2018-07-12,,,,,,,,,,,,,,,,,,,,,,,112.779,2.85,2.6,2.95,0.25,0.87,2.1,1.91,2798.29,12.58,7823.914,1.9,70.28,32.79,2.14
2018-07-13,,,,,,,,,,,,,,,,,,,,,,,113.0705,2.83,2.59,2.94,0.24,0.85,2.11,1.91,2801.31,12.18,7825.977,1.9,71.03,7.55,2.15
2018-07-14,,,,,,,,,,,,,,,,,,,,,,,,,,,,,,1.91,,,,,,12.97,
2018-07-15,,,,,,,,,,,,,,,,,,,,,,,,,,,,,,1.91,,,,,,11.33,
2018-07-16,,,,,,,,,,,,,,,,,,,,,,,112.8438,2.85,2.59,2.96,0.26,0.84,2.1,1.91,2798.43,12.83,7805.719,1.91,68.22,12.34,2.15
2018-07-17,,,,,,,,,,,,,,,,,,,,,,,113.1504,2.86,2.62,2.97,0.24,0.84,2.09,1.91,2809.55,12.06,7855.117,1.9,68.03,27.13,2.15
2018-07-18,,,,,,,,,,,,,,,,,,,,,,,113.3349,2.88,2.6,2.99,0.28,0.88,2.09,1.91,2815.62,12.1,7854.445,1.89,68.78,13.15,2.15
2018-07-19,,,,,,,,,,,,,,,,,,,,,,,113.9464,2.84,2.6,2.96,0.24,0.84,2.09,1.91,2804.49,12.87,7825.297,1.9,69.42,12.63,2.17
2018-07-20,,,,,,,,,,,,,,,,,,,,,,,113.3214,2.89,2.6,3.03,0.29,0.9,2.11,1.91,2801.83,12.86,7820.199,1.91,70.31,23.12,2.2
2018-07-21,,,,,,,,,,,,,,,,,,,,,,,,,,,,,,1.91,,,,,,25.85,
2018-07-22,,,,,,,,,,,,,,,,,,,,,,,,,,,,,,1.91,,,,,,11.42,
2018-07-23,,,,,,,,,,,,,,,,,,,,,,,113.4248,2.96,2.64,3.1,0.32,0.97,2.11,1.91,2806.98,12.62,7841.871,1.91,67.9,12.14,2.21
2018-07-24,,,,,,,,,,,,,,,,,,,,,,,113.2043,2.95,2.63,3.08,0.32,0.93,2.11,1.91,2820.4,12.41,7840.766,1.88,70.77,27.7,2.22
2018-07-25,,,,,,,,,,,,,,,,,,,,,,,112.9217,2.94,2.66,3.06,0.28,0.93,2.13,1.91,2846.07,12.29,7932.238,1.87,71.13,6.61,2.25
2018-07-26,,,,,,,,,,,,,,,,,,,,,,,112.9175,2.98,2.69,3.1,0.29,0.99,2.11,1.91,2837.44,12.14,7852.184,1.85,71.59,26.16,2.22
2018-07-27,,,,,,,,,,,,,,,,,,,,,,,112.8122,2.96,2.67,3.09,0.29,0.96,2.12,1.91,2818.82,13.03,7737.418,1.84,68.66,7.68,2.24
2018-07-28,,,,,,,,,,,,,,,,,,,,,,,,,,,,,,1.91,,,,,,13.1,
2018-07-29,,,,,,,,,,,,,,,,,,,,,,,,,,,,,,1.91,,,,,,11.42,
2018-07-30,,,,,,,,,,,,,,,,,,,,,,,112.6043,2.98,2.66,3.11,0.32,0.94,2.13,1.91,2802.6,14.26,7630.004,1.84,71.19,12.58,2.25
2018-07-31,,,,,,,,,,,,,,,,,,,,,,,112.7297,2.96,2.67,3.08,0.29,0.93,2.12,1.91,2816.29,12.83,7671.789,1.83,69.88,9.22,2.24
2018-08-01,14193.9,3686.3,4238068.0,251.663,257.891,232.059,1.91,0.11,149279.0,3.8,62.6,15238.6,14014.0,6.6,179.89444276368334,85.71,41.6766629214894,0.139,222.781,1288.0,1273.0,0.02,112.8897,3.0,2.67,3.13,0.33,0.97,2.13,1.91,2813.36,13.15,7707.285,1.83,68.8,6.59,2.26
2018-08-02,,,,,,,,,,,,,,,,,,,,,,,113.1674,2.98,2.66,3.12,0.32,0.96,2.12,1.91,2827.22,12.19,7802.684,1.84,68.95,12.9,2.25
2018-08-03,,,,,,,,,,,,,,,,,,,,,,,113.0114,2.95,2.63,3.09,0.32,0.94,2.12,1.91,2840.35,11.64,7812.01,1.84,68.49,7.43,2.24
2018-08-04,,,,,,,,,,,,,,,,,,,,,,,,,,,,,,1.91,,,,,,25.75,
2018-08-05,,,,,,,,,,,,,,,,,,,,,,,,,,,,,,1.91,,,,,,10.96,
2018-08-06,,,,,,,,,,,,,,,,,,,,,,,113.2283,2.94,2.64,3.08,0.3,0.89,2.11,1.91,2850.4,11.27,7859.68,1.82,69.01,11.86,2.24
2018-08-07,,,,,,,,,,,,,,,,,,,,,,,112.9753,2.98,2.68,3.12,0.3,0.92,2.13,1.91,2858.45,10.93,7883.66,1.82,69.17,9.03,2.26
2018-08-08,,,,,,,,,,,,,,,,,,,,,,,113.1404,2.96,2.68,3.12,0.28,0.9,2.11,1.91,2857.7,10.85,7888.33,1.84,66.92,13.01,2.24
2018-08-09,,,,,,,,,,,,,,,,,,,,,,,113.3797,2.93,2.64,3.08,0.29,0.87,2.11,1.91,2853.58,11.27,7891.78,1.85,66.81,6.56,2.25
2018-08-10,,,,,,,,,,,,,,,,,,,,,,,114.2992,2.87,2.61,3.03,0.26,0.82,2.09,1.91,2833.28,13.16,7839.11,1.87,67.61,7.77,2.2
2018-08-11,,,,,,,,,,,,,,,,,,,,,,,,,,,,,,1.91,,,,,,12.9,
2018-08-12,,,,,,,,,,,,,,,,,,,,,,,,,,,,,,1.91,,,,,,103.7,
2018-08-13,,,,,,,,,,,,,,,,,,,,,,,114.8497,2.88,2.61,3.05,0.27,0.82,2.1,1.91,2821.93,14.78,7819.71,1.91,67.25,36.69,2.21
2018-08-14,,,,,,,,,,,,,,,,,,,,,,,114.6566,2.89,2.63,3.06,0.26,0.81,2.09,1.91,2839.96,13.31,7870.89,1.9,67.04,81.49,2.19
2018-08-15,,,,,,,,,,,,,,,,,,,,,,,115.1512,2.86,2.61,3.03,0.25,0.79,2.08,1.91,2818.37,14.64,7774.12,1.9,65.07,6.59,2.19
2018-08-16,,,,,,,,,,,,,,,,,,,,,,,114.6403,2.87,2.63,3.03,0.24,0.8,2.08,1.92,2840.69,13.45,7806.52,1.89,65.44,6.24,2.19
2018-08-17,,,,,,,,,,,,,,,,,,,,,,,114.5327,2.87,2.61,3.03,0.26,0.82,2.08,1.92,2850.13,12.64,7816.33,1.89,65.93,22.32,2.2
2018-08-18,,,,,,,,,,,,,,,,,,,,,,,,,,,,,,1.92,,,,,,36.24,
2018-08-19,,,,,,,,,,,,,,,,,,,,,,,,,,,,,,1.92,,,,,,55.12,
2018-08-20,,,,,,,,,,,,,,,,,,,,,,,114.3493,2.82,2.6,2.99,0.22,0.76,2.07,1.92,2857.05,12.49,7821.01,1.89,66.5,11.86,2.19
2018-08-21,,,,,,,,,,,,,,,,,,,,,,,113.8595,2.85,2.61,3.0,0.24,0.77,2.08,1.92,2862.96,12.86,7859.17,1.88,67.32,17.2,2.19
2018-08-22,,,,,,,,,,,,,,,,,,,,,,,113.6622,2.82,2.6,2.99,0.22,0.73,2.08,1.92,2861.82,12.25,7889.1,1.91,67.85,12.64,2.2
2018-08-23,,,,,,,,,,,,,,,,,,,,,,,114.0926,2.82,2.61,2.97,0.21,0.74,2.09,1.92,2856.98,12.41,7878.46,1.9,69.13,78.54,2.19
2018-08-24,,,,,,,,,,,,,,,,,,,,,,,113.598,2.82,2.63,2.97,0.19,0.73,2.09,1.92,2874.69,11.99,7945.98,1.9,69.71,28.12,2.19
2018-08-25,,,,,,,,,,,,,,,,,,,,,,,,,,,,,,1.92,,,,,,195.17,
2018-08-26,,,,,,,,,,,,,,,,,,,,,,,,,,,,,,1.92,,,,,,42.02,
2018-08-27,,,,,,,,,,,,,,,,,,,,,,,113.2717,2.85,2.67,3.0,0.18,0.73,2.11,1.92,2896.74,12.16,8017.9,1.89,69.97,22.77,2.22
2018-08-28,,,,,,,,,,,,,,,,,,,,,,,113.3441,2.88,2.67,3.03,0.21,0.75,2.11,1.92,2897.52,12.5,8030.04,1.9,68.54,50.18,2.23
2018-08-29,,,,,,,,,,,,,,,,,,,,,,,113.6458,2.89,2.67,3.02,0.22,0.76,2.12,1.92,2914.04,12.25,8109.69,1.88,69.68,12.52,2.24
2018-08-30,,,,,,,,,,,,,,,,,,,,,,,114.0895,2.86,2.64,3.0,0.22,0.75,2.1,1.92,2901.13,13.53,8088.36,1.9,70.25,30.45,2.21
2018-08-31,,,,,,,,,,,,,,,,,,,,,,,114.275,2.86,2.62,3.02,0.24,0.75,2.08,1.91,2901.52,12.86,8109.54,1.92,69.84,103.98,2.18
2018-09-01,14229.3,3694.8,4205069.0,252.182,258.368,232.581,1.95,0.125,149358.0,3.7,62.8,15237.5,14017.8,6.8,195.88747789463088,67.36,20.14998196639397,0.138,223.955,1250.0,1314.0,0.2,,,,,,,,1.91,,,,,,33.02,
2018-09-02,,,,,,,,,,,,,,,,,,,,,,,,,,,,,,1.91,,,,,,43.23,
2018-09-03,,,,,,,,,,,,,,,,,,,,,,,,,,,,,,1.91,,,,,,50.37,
2018-09-04,,,,,,,,,,,,,,,,,,,,,,,114.858,2.9,2.66,3.07,0.24,0.77,2.1,1.92,2896.72,13.16,8091.25,1.94,69.82,18.59,2.21
2018-09-05,,,,,,,,,,,,,,,,,,,,,,,114.7474,2.9,2.66,3.08,0.24,0.76,2.09,1.92,2888.6,13.91,7995.17,1.95,68.69,30.89,2.2
2018-09-06,,,,,,,,,,,,,,,,,,,,,,,114.6473,2.88,2.64,3.06,0.24,0.75,2.08,1.92,2878.05,14.65,7922.73,1.93,67.81,24.8,2.19
2018-09-07,,,,,,,,,,,,,,,,,,,,,,,114.5807,2.94,2.71,3.11,0.23,0.8,2.1,1.92,2871.68,14.88,7902.54,1.93,67.73,20.57,2.22
2018-09-08,,,,,,,,,,,,,,,,,,,,,,,,,,,,,,1.92,,,,,,10.67,
2018-09-09,,,,,,,,,,,,,,,,,,,,,,,,,,,,,,1.92,,,,,,10.15,
2018-09-10,,,,,,,,,,,,,,,,,,,,,,,114.6793,2.94,2.73,3.09,0.21,0.8,2.1,1.92,2877.13,14.16,7924.16,1.92,67.55,10.34,2.22
2018-09-11,,,,,,,,,,,,,,,,,,,,,,,114.7044,2.98,2.76,3.13,0.22,0.83,2.12,1.92,2887.89,13.22,7972.47,1.9,69.29,8.1,2.23
2018-09-12,,,,,,,,,,,,,,,,,,,,,,,114.2185,2.97,2.74,3.11,0.23,0.81,2.12,1.92,2888.92,13.14,7954.23,1.89,70.37,12.45,2.22
2018-09-13,,,,,,,,,,,,,,,,,,,,,,,113.9264,2.97,2.76,3.11,0.21,0.82,2.1,1.92,2904.18,12.37,8013.71,1.87,68.6,6.0,2.22
2018-09-14,,,,,,,,,,,,,,,,,,,,,,,114.0654,2.99,2.78,3.13,0.21,0.83,2.1,1.92,2904.98,12.07,8010.04,1.88,68.98,13.54,2.2
2018-09-15,,,,,,,,,,,,,,,,,,,,,,,,,,,,,,1.92,,,,,,21.71,
2018-09-16,,,,,,,,,,,,,,,,,,,,,,,,,,,,,,1.92,,,,,,31.42,
2018-09-17,,,,,,,,,,,,,,,,,,,,,,,113.9154,2.99,2.78,3.13,0.21,0.83,2.1,1.92,2888.8,13.68,7895.79,1.88,68.86,11.02,2.21
2018-09-18,,,,,,,,,,,,,,,,,,,,,,,113.7735,3.05,2.81,3.2,0.24,0.88,2.13,1.92,2904.31,12.79,7956.11,1.88,69.87,57.3,2.25
2018-09-19,,,,,,,,,,,,,,,,,,,,,,,113.6528,3.08,2.81,3.23,0.27,0.92,2.15,1.92,2907.95,11.75,7950.04,1.88,71.08,31.36,2.28
2018-09-20,,,,,,,,,,,,,,,,,,,,,,,113.4986,3.07,2.81,3.21,0.26,0.9,2.15,1.92,2930.75,11.8,8028.23,1.85,70.77,5.93,2.28
2018-09-21,,,,,,,,,,,,,,,,,,,,,,,113.5097,3.07,2.81,3.2,0.26,0.89,2.15,1.92,2929.67,11.68,7986.96,1.83,70.8,35.07,2.28
2018-09-22,,,,,,,,,,,,,,,,,,,,,,,,,,,,,,1.92,,,,,,10.82,
2018-09-23,,,,,,,,,,,,,,,,,,,,,,,,,,,,,,1.92,,,,,,10.52,
2018-09-24,,,,,,,,,,,,,,,,,,,,,,,113.53,3.08,2.83,3.21,0.25,0.86,2.16,1.93,2919.37,12.2,7993.25,1.84,73.23,11.14,2.29
2018-09-25,,,,,,,,,,,,,,,,,,,,,,,113.7203,3.1,2.83,3.23,0.27,0.89,2.16,1.93,2915.56,12.42,8007.47,1.83,73.4,17.19,2.27
2018-09-26,,,,,,,,,,,,,,,,,,,,,,,113.6738,3.06,2.83,3.19,0.23,0.86,2.14,1.93,2905.97,12.89,7990.37,1.84,72.22,6.1,2.24
2018-09-27,,,,,,,,,,,,,,,,,,,,,,,113.9782,3.06,2.83,3.19,0.23,0.88,2.15,2.18,2914.0,12.41,8041.97,1.83,72.18,54.23,2.26
2018-09-28,,,,,,,,,,,,,,,,,,,,,,,113.8072,3.05,2.81,3.19,0.24,0.86,2.14,2.18,2913.98,12.12,8046.35,1.84,73.16,14.48,2.25
2018-09-29,,,,,,,,,,,,,,,,,,,,,,,,,,,,,,2.18,,,,,,65.72,
2018-09-30,,,,,,,,,,,,,,,,,,,,,,,,,,,,,,2.18,,,,,,83.78,
2018-10-01,14241.4,3722.9,4167971.0,252.772,258.917,233.069,2.19,0.13,149526.0,3.8,62.9,15274.1,14083.1,6.7,221.6712405634203,90.25,34.80853866696187,0.136,226.022,1221.0,1272.0,0.16,113.8227,3.09,2.82,3.24,0.27,0.86,2.14,2.18,2924.59,12.0,8037.3,1.83,75.37,43.76,2.24
2018-10-02,,,,,,,,,,,,,,,,,,,,,,,113.8946,3.05,2.82,3.2,0.23,0.82,2.12,2.18,2923.43,12.05,7999.55,1.84,75.16,16.37,2.21
2018-10-03,,,,,,,,,,,,,,,,,,,,,,,114.1559,3.15,2.85,3.3,0.3,0.92,2.16,2.18,2925.51,11.61,8025.09,1.83,76.4,177.91,2.25
2018-10-04,,,,,,,,,,,,,,,,,,,,,,,114.6857,3.19,2.87,3.35,0.32,0.97,2.16,2.18,2901.61,14.22,7879.51,1.84,74.44,6.03,2.26
2018-10-05,,,,,,,,,,,,,,,,,,,,,,,114.5599,3.23,2.88,3.4,0.35,1.0,2.16,2.18,2885.57,14.82,7788.45,1.85,74.26,27.99,2.27
2018-10-06,,,,,,,,,,,,,,,,,,,,,,,,,,,,,,2.18,,,,,,21.81,
2018-10-07,,,,,,,,,,,,,,,,,,,,,,,,,,,,,,2.18,,,,,,10.82,
2018-10-08,,,,,,,,,,,,,,,,,,,,,,,,,,,,,,2.18,2884.43,15.69,7735.95,,74.27,11.81,
2018-10-09,,,,,,,,,,,,,,,,,,,,,,,114.6568,3.21,2.88,3.37,0.33,0.96,2.17,2.18,2880.34,15.95,7738.02,1.84,74.95,8.24,2.29
2018-10-10,,,,,,,,,,,,,,,,,,,,,,,114.6059,3.22,2.88,3.39,0.34,0.95,2.16,2.18,2785.68,22.96,7422.05,1.86,73.18,12.39,2.28
2018-10-11,,,,,,,,,,,,,,,,,,,,,,,114.4062,3.14,2.85,3.32,0.29,0.87,2.12,2.18,2728.37,24.98,7329.06,1.88,70.97,17.95,2.25
2018-10-12,,,,,,,,,,,,,,,,,,,,,,,114.368,3.15,2.85,3.32,0.3,0.87,2.12,2.18,2767.13,21.31,7496.89,1.88,71.41,99.73,2.25
2018-10-13,,,,,,,,,,,,,,,,,,,,,,,,,,,,,,2.18,,,,,,97.6,
2018-10-14,,,,,,,,,,,,,,,,,,,,,,,,,,,,,,2.18,,,,,,31.7,
2018-10-15,,,,,,,,,,,,,,,,,,,,,,,114.044,3.16,2.85,3.34,0.31,0.85,2.13,2.18,2750.79,21.3,7430.74,1.89,71.84,11.26,2.26
2018-10-16,,,,,,,,,,,,,,,,,,,,,,,113.8952,3.16,2.87,3.32,0.29,0.86,2.13,2.18,2809.92,17.62,7645.49,1.88,71.93,25.41,2.25
2018-10-17,,,,,,,,,,,,,,,,,,,,,,,114.1743,3.19,2.89,3.35,0.3,0.88,2.13,2.19,2809.21,17.4,7642.7,1.88,69.63,18.6,2.26
2018-10-18,,,,,,,,,,,,,,,,,,,,,,,114.8152,3.17,2.87,3.36,0.3,0.85,2.1,2.19,2768.78,20.06,7485.14,1.92,68.63,65.72,2.21
2018-10-19,,,,,,,,,,,,,,,,,,,,,,,114.8557,3.2,2.92,3.38,0.28,0.89,2.11,2.19,2767.78,19.89,7449.03,1.92,69.16,56.79,2.24
2018-10-20,,,,,,,,,,,,,,,,,,,,,,,,,,,,,,2.19,,,,,,21.66,
2018-10-21,,,,,,,,,,,,,,,,,,,,,,,,,,,,,,2.19,,,,,,41.63,
2018-10-22,,,,,,,,,,,,,,,,,,,,,,,115.1772,3.2,2.92,3.38,0.28,0.86,2.11,2.19,2755.88,19.64,7468.63,1.92,69.25,22.38,2.24
2018-10-23,,,,,,,,,,,,,,,,,,,,,,,115.1641,3.17,2.89,3.37,0.28,0.84,2.09,2.2,2740.69,20.71,7437.54,1.96,66.49,17.08,2.24
2018-10-24,,,,,,,,,,,,,,,,,,,,,,,115.3743,3.1,2.84,3.33,0.26,0.76,2.07,2.2,2656.1,25.23,7108.4,1.99,66.56,108.69,2.21
2018-10-25,,,,,,,,,,,,,,,,,,,,,,,115.4818,3.14,2.86,3.35,0.28,0.8,2.05,2.2,2705.57,24.22,7318.34,1.98,67.25,156.69,2.19
2018-10-26,,,,,,,,,,,,,,,,,,,,,,,115.4717,3.08,2.81,3.32,0.27,0.75,2.06,2.2,2658.69,24.16,7167.21,2.02,67.58,150.53,2.19
2018-10-27,,,,,,,,,,,,,,,,,,,,,,,,,,,,,,2.2,,,,,,21.89,
2018-10-28,,,,,,,,,,,,,,,,,,,,,,,,,,,,,,2.2,,,,,,81.97,
2018-10-29,,,,,,,,,,,,,,,,,,,,,,,115.8925,3.08,2.81,3.33,0.27,0.74,2.06,2.2,2641.25,24.7,7050.29,2.02,67.0,33.72,2.2
2018-10-30,,,,,,,,,,,,,,,,,,,,,,,116.2346,3.12,2.84,3.36,0.28,0.79,2.05,2.2,2682.63,23.35,7161.65,2.03,66.18,25.24,2.19
2018-10-31,,,,,,,,,,,,,,,,,,,,,,,116.5268,3.15,2.87,3.39,0.28,0.81,2.05,2.2,2711.74,21.23,7305.9,2.03,65.31,54.95,2.2
2018-11-01,14260.8,3697.3,4122799.0,252.594,259.439,232.511,2.2,0.085,149617.0,3.8,62.9,15315.2,14162.9,6.5,247.17918809812397,79.47,42.64734421821597,0.134,218.5,1181.0,1340.0,0.2,115.8643,3.14,2.84,3.38,0.3,0.82,2.02,2.2,2740.37,19.34,7434.06,2.04,63.67,47.78,2.16
2018-11-02,,,,,,,,,,,,,,,,,,,,,,,115.6415,3.22,2.91,3.46,0.31,0.89,2.06,2.19,2723.06,19.51,7356.99,2.02,63.12,35.14,2.21
2018-11-03,,,,,,,,,,,,,,,,,,,,,,,,,,,,,,2.19,,,,,,42.77,
2018-11-04,,,,,,,,,,,,,,,,,,,,,,,,,,,,,,2.19,,,,,,144.13,
2018-11-05,,,,,,,,,,,,,,,,,,,,,,,115.7015,3.2,2.91,3.43,0.29,0.84,2.06,2.2,2738.31,19.96,7328.85,2.02,63.12,79.17,2.21
2018-11-06,,,,,,,,,,,,,,,,,,,,,,,115.5607,3.22,2.93,3.43,0.29,0.87,2.07,2.2,2755.45,19.91,7375.96,1.98,62.16,55.86,2.22
2018-11-07,,,,,,,,,,,,,,,,,,,,,,,115.2505,3.22,2.96,3.43,0.26,0.85,2.07,2.2,2813.89,16.36,7570.75,1.96,61.69,53.53,2.21
2018-11-08,,,,,,,,,,,,,,,,,,,,,,,115.6463,3.24,2.98,3.43,0.26,0.89,2.07,2.2,2806.83,16.72,7530.88,1.96,60.71,141.71,2.22
2018-11-09,,,,,,,,,,,,,,,,,,,,,,,116.4762,3.19,2.94,3.4,0.25,0.83,2.04,2.19,2781.01,17.36,7406.9,1.98,60.19,21.53,2.18
2018-11-10,,,,,,,,,,,,,,,,,,,,,,,,,,,,,,2.19,,,,,,10.99,
2018-11-11,,,,,,,,,,,,,,,,,,,,,,,,,,,,,,2.19,,,,,,21.11,
2018-11-12,,,,,,,,,,,,,,,,,,,,,,,,,,,,,,2.19,2726.22,20.45,7200.87,,59.85,12.35,
2018-11-13,,,,,,,,,,,,,,,,,,,,,,,116.6676,3.14,2.89,3.36,0.25,0.76,2.02,2.2,2722.18,20.02,7200.87,2.04,55.63,71.71,2.16
2018-11-14,,,,,,,,,,,,,,,,,,,,,,,116.4964,3.12,2.86,3.35,0.26,0.74,2.0,2.2,2701.58,21.25,7136.39,2.09,56.16,32.18,2.15
2018-11-15,,,,,,,,,,,,,,,,,,,,,,,116.3849,3.11,2.86,3.36,0.25,0.74,2.0,2.2,2730.2,19.98,7259.03,2.13,56.45,12.56,2.15
2018-11-16,,,,,,,,,,,,,,,,,,,,,,,115.9246,3.08,2.81,3.33,0.27,0.72,2.02,2.2,2736.27,18.14,7247.87,2.13,56.49,7.27,2.16
2018-11-17,,,,,,,,,,,,,,,,,,,,,,,,,,,,,,2.2,,,,,,11.47,
2018-11-18,,,,,,,,,,,,,,,,,,,,,,,,,,,,,,2.2,,,,,,32.31,
2018-11-19,,,,,,,,,,,,,,,,,,,,,,,115.985,3.06,2.79,3.32,0.27,0.68,1.99,2.2,2690.73,20.1,7028.48,2.16,57.16,11.72,2.13
2018-11-20,,,,,,,,,,,,,,,,,,,,,,,116.2357,3.06,2.79,3.31,0.27,0.67,1.97,2.2,2641.89,22.48,6908.82,2.17,53.39,42.68,2.12
2018-11-21,,,,,,,,,,,,,,,,,,,,,,,116.0911,3.06,2.81,3.31,0.25,0.65,1.97,2.2,2649.93,20.8,6972.25,2.17,54.41,71.23,2.13
2018-11-22,,,,,,,,,,,,,,,,,,,,,,,,,,,,,,2.2,,,,,,57.25,
2018-11-23,,,,,,,,,,,,,,,,,,,,,,,116.4703,3.05,2.81,3.31,0.24,0.64,1.96,2.2,2632.56,21.52,6938.98,2.18,,9.06,2.15
2018-11-24,,,,,,,,,,,,,,,,,,,,,,,,,,,,,,2.2,,,,,,12.88,
2018-11-25,,,,,,,,,,,,,,,,,,,,,,,,,,,,,,2.2,,,,,,45.25,
2018-11-26,,,,,,,,,,,,,,,,,,,,,,,116.6198,3.07,2.84,3.32,0.23,0.66,1.96,2.2,2673.45,18.9,7081.85,2.16,51.46,71.71,2.14
2018-11-27,,,,,,,,,,,,,,,,,,,,,,,116.8991,3.06,2.83,3.32,0.23,0.65,1.91,2.2,2682.17,19.02,7082.7,2.2,51.31,122.19,2.09
2018-11-28,,,,,,,,,,,,,,,,,,,,,,,116.8333,3.06,2.81,3.34,0.25,0.66,1.94,2.2,2743.79,18.49,7291.59,2.22,50.06,25.85,2.14
2018-11-29,,,,,,,,,,,,,,,,,,,,,,,116.1954,3.03,2.81,3.33,0.22,0.66,1.98,2.2,2737.76,18.79,7273.08,2.26,51.46,52.0,2.17
2018-11-30,,,,,,,,,,,,,,,,,,,,,,,116.4121,3.01,2.8,3.3,0.21,0.64,1.97,2.2,2760.17,18.07,7330.54,2.27,50.78,59.69,2.17
2018-12-01,14382.6,3761.0,4083567.0,252.767,260.063,232.423,2.27,-0.01,149809.0,3.9,63.0,15506.5,14051.6,8.4,270.7562562418594,127.53,151.20985886852682,0.135,213.63,1095.0,1317.0,0.28,,,,,,,,2.2,,,,,,35.02,
2018-12-02,,,,,,,,,,,,,,,,,,,,,,,,,,,,,,2.2,,,,,,289.51,
2018-12-03,,,,,,,,,,,,,,,,,,,,,,,115.9046,2.98,2.83,3.27,0.15,0.6,1.96,2.19,2790.37,16.44,7441.51,2.26,52.98,218.99,2.16
2018-12-04,,,,,,,,,,,,,,,,,,,,,,,116.0015,2.91,2.8,3.16,0.11,0.49,1.94,2.2,2700.06,20.74,7158.43,2.25,53.21,60.86,2.14
2018-12-05,,,,,,,,,,,,,,,,,,,,,,,,,,,,,,2.2,,,,,52.64,139.65,
2018-12-06,,,,,,,,,,,,,,,,,,,,,,,116.3983,2.87,2.75,3.14,0.12,0.46,1.9,2.2,2695.95,21.19,7188.26,2.29,51.54,75.46,2.11
2018-12-07,,,,,,,,,,,,,,,,,,,,,,,116.0839,2.85,2.72,3.14,0.13,0.45,1.89,2.19,2633.08,23.23,6969.25,2.31,52.76,136.77,2.1
2018-12-08,,,,,,,,,,,,,,,,,,,,,,,,,,,,,,2.19,,,,,,155.75,
2018-12-09,,,,,,,,,,,,,,,,,,,,,,,,,,,,,,2.19,,,,,,88.41,
2018-12-10,,,,,,,,,,,,,,,,,,,,,,,116.6739,2.85,2.72,3.13,0.13,0.44,1.86,2.2,2637.72,22.64,7020.52,2.31,51.07,31.1,2.07
2018-12-11,,,,,,,,,,,,,,,,,,,,,,,116.7556,2.89,2.78,3.13,0.11,0.48,1.83,2.19,2636.78,21.76,7031.83,2.26,51.65,60.2,2.04
2018-12-12,,,,,,,,,,,,,,,,,,,,,,,116.2205,2.91,2.77,3.15,0.14,0.48,1.83,2.19,2651.07,21.46,7098.31,2.24,51.04,44.39,2.04
2018-12-13,,,,,,,,,,,,,,,,,,,,,,,116.3967,2.91,2.75,3.16,0.16,0.48,1.83,2.19,2650.54,20.65,7070.33,2.25,52.69,43.84,2.04
2018-12-14,,,,,,,,,,,,,,,,,,,,,,,116.7891,2.89,2.73,3.14,0.16,0.47,1.82,2.19,2599.95,21.63,6910.66,2.25,51.26,37.87,2.04
2018-12-15,,,,,,,,,,,,,,,,,,,,,,,,,,,,,,2.19,,,,,,23.7,
2018-12-16,,,,,,,,,,,,,,,,,,,,,,,,,,,,,,2.19,,,,,,148.15,
2018-12-17,,,,,,,,,,,,,,,,,,,,,,,116.4524,2.86,2.7,3.11,0.16,0.46,1.81,2.2,2545.94,24.52,6753.73,2.25,49.8,81.3,2.04
2018-12-18,,,,,,,,,,,,,,,,,,,,,,,116.4122,2.82,2.65,3.07,0.17,0.43,1.81,2.2,2546.16,25.58,6783.91,2.26,46.12,78.69,2.04
2018-12-19,,,,,,,,,,,,,,,,,,,,,,,116.0672,2.77,2.63,3.0,0.14,0.37,1.8,2.2,2506.96,25.58,6636.83,2.27,47.96,127.54,2.04
2018-12-20,,,,,,,,,,,,,,,,,,,,,,,116.0179,2.79,2.67,3.02,0.12,0.4,1.76,2.4,2467.42,28.38,6528.41,2.28,45.64,104.2,1.99
2018-12-21,,,,,,,,,,,,,,,,,,,,,,,116.2221,2.79,2.63,3.03,0.16,0.4,1.77,2.4,2416.62,30.11,6332.99,2.31,45.38,124.22,1.99
2018-12-22,,,,,,,,,,,,,,,,,,,,,,,,,,,,,,2.4,,,,,,239.05,
2018-12-23,,,,,,,,,,,,,,,,,,,,,,,,,,,,,,2.4,,,,,,343.07,
2018-12-24,,,,,,,,,,,,,,,,,,,,,,,116.2177,2.74,2.55,3.0,0.19,0.29,1.75,2.4,2351.1,36.07,6192.92,2.35,,217.14,1.98
2018-12-25,,,,,,,,,,,,,,,,,,,,,,,,,,,,,,2.4,,,,,,306.29,
2018-12-26,,,,,,,,,,,,,,,,,,,,,,,116.1156,2.81,2.61,3.06,0.2,0.37,1.77,2.4,2467.7,30.41,6554.36,2.33,46.04,308.66,1.97
2018-12-27,,,,,,,,,,,,,,,,,,,,,,,115.9922,2.77,2.56,3.05,0.21,0.36,1.74,2.4,2488.83,29.96,6579.49,2.36,44.48,175.0,1.95
2018-12-28,,,,,,,,,,,,,,,,,,,,,,,115.7226,2.72,2.52,3.04,0.2,0.32,1.73,2.4,2485.74,28.34,6584.52,2.44,45.15,282.74,1.94
2018-12-29,,,,,,,,,,,,,,,,,,,,,,,,,,,,,,2.4,,,,,,226.67,
2018-12-30,,,,,,,,,,,,,,,,,,,,,,,,,,,,,,2.4,,,,,,274.06,
2018-12-31,,,,,,,,,,,,,,,,,,,,,,,115.5667,2.69,2.48,3.02,0.21,0.24,1.71,2.4,2506.85,25.42,6635.28,2.45,,154.52,1.91
2019-01-01,14446.1,3754.1,4050343.0,252.561,260.766,231.82,2.4,0.0,150059.0,4.0,63.1,15536.3,14084.6,8.4,263.22235818115234,146.59,144.4401631912337,0.135,204.34,1226.0,1254.0,1.24,,,,,,,,2.4,,,,,,200.86,
2019-01-02,,,,,,,,,,,,,,,,,,,,,,,115.7676,2.66,2.5,2.97,0.16,0.24,1.7,2.4,2510.03,23.22,6665.94,2.45,46.31,168.81,1.91
2019-01-03,,,,,,,,,,,,,,,,,,,,,,,115.4611,2.56,2.39,2.92,0.17,0.15,1.68,2.4,2447.89,25.45,6463.5,2.48,46.92,265.43,1.87
2019-01-04,,,,,,,,,,,,,,,,,,,,,,,114.9813,2.67,2.5,2.98,0.17,0.25,1.76,2.4,2531.94,21.38,6738.86,2.45,47.76,157.68,1.94
2019-01-05,,,,,,,,,,,,,,,,,,,,,,,,,,,,,,2.4,,,,,,111.0,
2019-01-06,,,,,,,,,,,,,,,,,,,,,,,,,,,,,,2.4,,,,,,244.26,
2019-01-07,,,,,,,,,,,,,,,,,,,,,,,114.5621,2.7,2.53,2.99,0.17,0.25,1.78,2.4,2549.69,21.4,6823.47,2.42,48.27,153.69,1.95
2019-01-08,,,,,,,,,,,,,,,,,,,,,,,114.7272,2.73,2.58,3.0,0.15,0.27,1.82,2.4,2574.41,20.47,6897.0,2.39,49.58,185.62,1.98
2019-01-09,,,,,,,,,,,,,,,,,,,,,,,114.1394,2.74,2.56,3.03,0.18,0.29,1.83,2.4,2584.96,19.98,6957.08,2.39,52.19,109.68,1.98
2019-01-10,,,,,,,,,,,,,,,,,,,,,,,114.048,2.74,2.56,3.06,0.18,0.31,1.81,2.4,2596.64,19.5,6986.07,2.42,52.42,136.76,1.97
2019-01-11,,,,,,,,,,,,,,,,,,,,,,,114.0383,2.71,2.55,3.04,0.16,0.28,1.83,2.4,2596.26,18.19,6971.48,2.42,51.44,124.88,2.0
2019-01-12,,,,,,,,,,,,,,,,,,,,,,,,,,,,,,2.4,,,,,,97.06,
2019-01-13,,,,,,,,,,,,,,,,,,,,,,,,,,,,,,2.4,,,,,,136.09,
2019-01-14,,,,,,,,,,,,,,,,,,,,,,,,2.71,2.53,3.06,0.18,0.26,1.81,2.4,2582.61,19.07,6905.92,2.46,50.31,90.3,1.98
2019-01-15,,,,,,,,,,,,,,,,,,,,,,,114.3374,2.72,2.53,3.08,0.19,0.27,1.81,2.4,2610.3,18.6,7023.83,2.46,51.8,85.64,1.99
2019-01-16,,,,,,,,,,,,,,,,,,,,,,,114.1341,2.73,2.55,3.07,0.18,0.3,1.82,2.4,2616.1,19.04,7034.69,2.45,52.08,492.31,2.0
2019-01-17,,,,,,,,,,,,,,,,,,,,,,,114.4087,2.75,2.56,3.07,0.19,0.33,1.79,2.4,2635.96,18.06,7084.46,2.43,51.83,139.37,1.94
2019-01-18,,,,,,,,,,,,,,,,,,,,,,,114.5555,2.79,2.62,3.09,0.17,0.38,1.83,2.4,2670.71,17.8,7157.23,2.38,53.6,217.37,1.99
2019-01-19,,,,,,,,,,,,,,,,,,,,,,,,,,,,,,2.4,,,,,,228.92,
2019-01-20,,,,,,,,,,,,,,,,,,,,,,,,,,,,,,2.4,,,,,,274.29,
2019-01-21,,,,,,,,,,,,,,,,,,,,,,,,,,,,,,2.4,,,,,,154.86,
2019-01-22,,,,,,,,,,,,,,,,,,,,,,,114.7515,2.74,2.58,3.06,0.16,0.31,1.79,2.4,2632.9,20.8,7020.36,2.38,52.59,159.42,1.95
2019-01-23,,,,,,,,,,,,,,,,,,,,,,,114.5732,2.76,2.58,3.07,0.18,0.35,1.8,2.4,2638.7,19.52,7025.77,2.37,52.44,180.21,1.96
2019-01-24,,,,,,,,,,,,,,,,,,,,,,,114.614,2.72,2.56,3.04,0.16,0.35,1.77,2.4,2642.33,18.89,7073.46,2.37,52.94,97.13,1.92
2019-01-25,,,,,,,,,,,,,,,,,,,,,,,114.0168,2.76,2.6,3.06,0.16,0.37,1.79,2.4,2664.76,17.42,7164.86,2.34,53.53,119.4,1.94
2019-01-26,,,,,,,,,,,,,,,,,,,,,,,,,,,,,,2.4,,,,,,73.39,
2019-01-27,,,,,,,,,,,,,,,,,,,,,,,,,,,,,,2.4,,,,,,180.95,
2019-01-28,,,,,,,,,,,,,,,,,,,,,,,114.0493,2.75,2.6,3.06,0.15,0.33,1.78,2.4,2643.85,18.87,7085.68,2.36,51.79,45.53,1.94
2019-01-29,,,,,,,,,,,,,,,,,,,,,,,114.0227,2.72,2.56,3.04,0.16,0.3,1.78,2.4,2640.0,19.13,7028.29,2.36,53.07,86.39,1.94
2019-01-30,,,,,,,,,,,,,,,,,,,,,,,114.0705,2.7,2.52,3.06,0.18,0.28,1.84,2.4,2681.05,17.66,7183.08,2.37,54.18,76.42,2.0
2019-01-31,,,,,,,,,,,,,,,,,,,,,,,113.5476,2.63,2.45,2.99,0.18,0.22,1.85,2.4,2704.1,16.57,7281.74,2.38,53.84,142.96,2.0
2019-02-01,14481.2,3762.3,4002698.0,253.319,261.186,232.467,2.4,-0.015,150065.0,3.8,63.1,15560.4,14117.4,8.5,205.60189318904753,82.65,68.14417163406954,0.136,208.144,1121.0,1286.0,1.18,113.7524,2.7,2.52,3.03,0.18,0.3,1.88,2.4,2706.53,16.14,7263.87,2.31,55.29,88.78,2.04
2019-02-02,,,,,,,,,,,,,,,,,,,,,,,,,,,,,,2.4,,,,,,83.78,
2019-02-03,,,,,,,,,,,,,,,,,,,,,,,,,,,,,,2.4,,,,,,66.15,
2019-02-04,,,,,,,,,,,,,,,,,,,,,,,113.8738,2.73,2.53,3.06,0.2,0.31,1.87,2.4,2724.87,15.73,7347.54,2.3,54.57,118.31,2.02
2019-02-05,,,,,,,,,,,,,,,,,,,,,,,114.0404,2.71,2.53,3.03,0.18,0.29,1.87,2.4,2737.7,15.57,7402.08,2.27,53.69,102.39,2.02
2019-02-06,,,,,,,,,,,,,,,,,,,,,,,114.2275,2.7,2.52,3.03,0.18,0.28,1.86,2.4,2731.61,15.38,7375.28,2.28,53.94,153.76,2.01
2019-02-07,,,,,,,,,,,,,,,,,,,,,,,114.4308,2.65,2.48,3.0,0.17,0.23,1.84,2.4,2706.05,16.37,7288.35,2.31,52.68,18.94,1.99
2019-02-08,,,,,,,,,,,,,,,,,,,,,,,114.4975,2.63,2.45,2.97,0.18,0.2,1.82,2.4,2707.88,15.72,7298.2,2.3,52.75,7.47,1.95
2019-02-09,,,,,,,,,,,,,,,,,,,,,,,,,,,,,,2.4,,,,,,47.38,
2019-02-10,,,,,,,,,,,,,,,,,,,,,,,,,,,,,,2.4,,,,,,32.66,
2019-02-11,,,,,,,,,,,,,,,,,,,,,,,115.0288,2.65,2.48,3.0,0.17,0.2,1.82,2.4,2709.8,15.97,7307.9,2.3,52.43,66.98,1.95
2019-02-12,,,,,,,,,,,,,,,,,,,,,,,114.7278,2.68,2.5,3.02,0.18,0.25,1.83,2.4,2744.73,15.43,7414.62,2.3,53.14,25.83,1.95
2019-02-13,,,,,,,,,,,,,,,,,,,,,,,114.9388,2.71,2.53,3.04,0.18,0.27,1.86,2.4,2753.03,15.65,7420.38,2.27,53.84,19.28,1.96
2019-02-14,,,,,,,,,,,,,,,,,,,,,,,115.0984,2.66,2.5,3.01,0.16,0.23,1.85,2.4,2745.73,16.22,7426.95,2.3,54.4,6.3,1.96
2019-02-15,,,,,,,,,,,,,,,,,,,,,,,114.9899,2.66,2.52,3.0,0.14,0.23,1.86,2.4,2775.6,14.91,7472.41,2.28,55.58,29.16,1.97
2019-02-16,,,,,,,,,,,,,,,,,,,,,,,,,,,,,,2.4,,,,,,35.55,
2019-02-17,,,,,,,,,,,,,,,,,,,,,,,,,,,,,,2.4,,,,,,53.39,
2019-02-18,,,,,,,,,,,,,,,,,,,,,,,,,,,,,,2.4,,,,,,12.55,
2019-02-19,,,,,,,,,,,,,,,,,,,,,,,114.5676,2.65,2.5,2.99,0.15,0.2,1.87,2.4,2779.76,14.88,7486.77,2.28,56.12,26.18,1.98
2019-02-20,,,,,,,,,,,,,,,,,,,,,,,,2.65,2.5,3.0,0.15,0.2,1.89,2.4,2784.7,14.02,7489.07,2.23,56.9,31.77,1.99
2019-02-21,,,,,,,,,,,,,,,,,,,,,,,114.507,2.69,2.53,3.05,0.16,0.24,1.91,2.4,2774.88,14.46,7459.71,2.23,56.95,62.04,2.02
2019-02-22,,,,,,,,,,,,,,,,,,,,,,,114.2692,2.65,2.48,3.02,0.17,0.19,1.91,2.4,2792.67,13.51,7527.54,2.25,57.01,29.54,2.0
2019-02-23,,,,,,,,,,,,,,,,,,,,,,,,,,,,,,2.4,,,,,,34.92,
2019-02-24,,,,,,,,,,,,,,,,,,,,,,,,,,,,,,2.4,,,,,,53.18,
2019-02-25,,,,,,,,,,,,,,,,,,,,,,,114.1432,2.67,2.51,3.03,0.16,0.2,1.92,2.4,2796.11,14.85,7554.46,2.23,55.32,23.22,2.02
2019-02-26,,,,,,,,,,,,,,,,,,,,,,,114.0662,2.64,2.48,3.01,0.16,0.19,1.92,2.4,2793.9,15.17,7549.3,2.24,55.4,42.85,2.02
2019-02-27,,,,,,,,,,,,,,,,,,,,,,,114.0337,2.69,2.5,3.07,0.19,0.24,1.93,2.4,2792.38,14.7,7554.51,2.25,56.92,66.43,2.02
2019-02-28,,,,,,,,,,,,,,,,,,,,,,,114.1971,2.73,2.52,3.09,0.21,0.28,1.95,2.4,2784.49,14.78,7532.53,2.22,57.21,62.04,2.06
2019-03-01,14526.2,3738.4,3964765.0,254.277,261.567,233.424,2.41,-0.095,150295.0,3.8,63.0,15566.5,14248.6,7.9,250.9071269488564,94.66,55.81151055631474,0.135,214.934,1191.0,1295.0,0.64,114.535,2.76,2.55,3.13,0.21,0.32,1.96,2.4,2803.69,13.57,7595.35,2.22,55.76,50.88,2.07
2019-03-02,,,,,,,,,,,,,,,,,,,,,,,,,,,,,,2.4,,,,,,23.08,
2019-03-03,,,,,,,,,,,,,,,,,,,,,,,,,,,,,,2.4,,,,,,10.62,
2019-03-04,,,,,,,,,,,,,,,,,,,,,,,114.6903,2.72,2.55,3.09,0.17,0.26,1.94,2.4,2792.81,14.63,7577.57,2.22,56.6,23.3,2.04
2019-03-05,,,,,,,,,,,,,,,,,,,,,,,114.8019,2.72,2.55,3.08,0.17,0.26,1.93,2.4,2789.65,14.74,7576.36,2.22,56.55,8.86,2.03
2019-03-06,,,,,,,,,,,,,,,,,,,,,,,114.9697,2.69,2.52,3.06,0.17,0.22,1.91,2.4,2771.45,15.74,7505.92,2.25,56.22,6.45,2.01
2019-03-07,,,,,,,,,,,,,,,,,,,,,,,115.4905,2.64,2.47,3.03,0.17,0.19,1.9,2.4,2748.93,16.59,7421.46,2.25,56.6,37.71,2.0
2019-03-08,,,,,,,,,,,,,,,,,,,,,,,115.3585,2.62,2.45,3.0,0.17,0.16,1.9,2.4,2743.07,16.05,7408.14,2.27,55.77,66.65,2.0
2019-03-09,,,,,,,,,,,,,,,,,,,,,,,,,,,,,,2.4,,,,,,47.41,
2019-03-10,,,,,,,,,,,,,,,,,,,,,,,,,,,,,,2.4,,,,,,110.55,
2019-03-11,,,,,,,,,,,,,,,,,,,,,,,115.2953,2.64,2.47,3.03,0.17,0.18,1.91,2.4,2783.3,14.33,7558.06,2.27,56.79,21.72,2.0
2019-03-12,,,,,,,,,,,,,,,,,,,,,,,114.9376,2.61,2.45,3.0,0.16,0.15,1.9,2.4,2791.52,13.77,7591.03,2.25,56.89,26.23,1.99
2019-03-13,,,,,,,,,,,,,,,,,,,,,,,114.7361,2.61,2.45,3.02,0.16,0.16,1.92,2.4,2810.92,13.41,7643.41,2.26,58.27,12.95,2.0
2019-03-14,,,,,,,,,,,,,,,,,,,,,,,114.7891,2.63,2.46,3.04,0.17,0.18,1.94,2.4,2808.48,13.5,7630.91,2.27,58.59,30.81,2.03
2019-03-15,,,,,,,,,,,,,,,,,,,,,,,114.5808,2.59,2.43,3.02,0.16,0.14,1.94,2.4,2822.48,12.88,7688.53,2.28,58.51,53.12,2.02
2019-03-16,,,,,,,,,,,,,,,,,,,,,,,,,,,,,,2.4,,,,,,61.29,
2019-03-17,,,,,,,,,,,,,,,,,,,,,,,,,,,,,,2.4,,,,,,88.7,
2019-03-18,,,,,,,,,,,,,,,,,,,,,,,114.4368,2.6,2.45,3.01,0.15,0.16,1.96,2.4,2832.94,13.1,7714.48,2.27,59.09,47.71,2.04
2019-03-19,,,,,,,,,,,,,,,,,,,,,,,114.2313,2.61,2.46,3.02,0.15,0.15,1.95,2.4,2832.57,13.56,7723.95,2.27,59.12,52.19,2.05
2019-03-20,,,,,,,,,,,,,,,,,,,,,,,114.1497,2.54,2.4,2.98,0.14,0.06,1.96,2.41,2824.23,13.91,7728.97,2.29,60.12,49.81,2.04
2019-03-21,,,,,,,,,,,,,,,,,,,,,,,114.1672,2.54,2.41,2.96,0.13,0.05,1.96,2.41,2854.88,13.63,7838.96,2.28,59.98,19.41,2.06
2019-03-22,,,,,,,,,,,,,,,,,,,,,,,114.6845,2.44,2.31,2.88,0.13,-0.02,1.9,2.41,2800.71,16.48,7642.67,2.3,58.87,30.41,2.0
2019-03-23,,,,,,,,,,,,,,,,,,,,,,,,,,,,,,2.41,,,,,,36.66,
2019-03-24,,,,,,,,,,,,,,,,,,,,,,,,,,,,,,2.41,,,,,,43.2,
2019-03-25,,,,,,,,,,,,,,,,,,,,,,,114.4158,2.43,2.26,2.87,0.17,-0.03,1.88,2.4,2798.36,16.33,7637.54,2.28,58.71,36.37,1.99
2019-03-26,,,,,,,,,,,,,,,,,,,,,,,114.6404,2.41,2.24,2.86,0.17,-0.05,1.86,2.4,2818.46,14.68,7691.52,2.3,59.87,24.66,1.97
2019-03-27,,,,,,,,,,,,,,,,,,,,,,,115.1236,2.39,2.22,2.83,0.17,-0.05,1.84,2.41,2805.37,15.15,7643.38,2.28,59.39,32.01,1.94
2019-03-28,,,,,,,,,,,,,,,,,,,,,,,115.2575,2.39,2.23,2.81,0.16,-0.04,1.83,2.41,2815.44,14.43,7669.17,2.27,59.29,109.02,1.94
2019-03-29,,,,,,,,,,,,,,,,,,,,,,,115.1364,2.41,2.27,2.81,0.14,0.01,1.88,2.43,2834.4,13.71,7729.32,2.26,60.19,52.4,1.98
2019-03-30,,,,,,,,,,,,,,,,,,,,,,,,,,,,,,2.43,,,,,,60.81,
2019-03-31,,,,,,,,,,,,,,,,,,,,,,,,,,,,,,2.43,,,,,,33.17,
2019-04-01,14554.5,3789.9,3933098.0,255.233,261.997,234.324,2.42,-0.045,150593.0,3.7,62.8,15534.2,14290.0,7.6,191.5027231691695,78.74,34.84830528211031,0.135,222.42,1272.0,1322.0,0.6,114.935,2.49,2.33,2.89,0.16,0.06,1.9,2.41,2867.19,13.4,7828.91,2.24,61.59,88.02,1.98
2019-04-02,,,,,,,,,,,,,,,,,,,,,,,115.1164,2.48,2.3,2.88,0.18,0.06,1.9,2.41,2867.24,13.36,7848.69,2.24,62.53,203.52,1.99
2019-04-03,,,,,,,,,,,,,,,,,,,,,,,114.7204,2.52,2.33,2.93,0.19,0.08,1.91,2.41,2873.4,13.74,7895.55,2.23,62.46,43.03,2.01
2019-04-04,,,,,,,,,,,,,,,,,,,,,,,114.9687,2.51,2.33,2.92,0.18,0.07,1.9,2.41,2879.39,13.58,7891.78,2.22,62.12,50.15,1.99
2019-04-05,,,,,,,,,,,,,,,,,,,,,,,114.9714,2.5,2.35,2.91,0.15,0.06,1.9,2.41,2892.74,12.82,7938.69,2.22,63.1,47.02,2.01
2019-04-06,,,,,,,,,,,,,,,,,,,,,,,,,,,,,,2.41,,,,,,27.06,
2019-04-07,,,,,,,,,,,,,,,,,,,,,,,,,,,,,,2.41,,,,,,71.75,
2019-04-08,,,,,,,,,,,,,,,,,,,,,,,114.6879,2.52,2.36,2.93,0.16,0.09,1.91,2.41,2895.77,13.18,7953.88,2.21,64.37,13.86,2.01
2019-04-09,,,,,,,,,,,,,,,,,,,,,,,114.5307,2.51,2.35,2.92,0.16,0.09,1.91,2.41,2878.2,14.28,7909.28,2.19,64.05,10.53,2.02
2019-04-10,,,,,,,,,,,,,,,,,,,,,,,114.4255,2.48,2.31,2.9,0.17,0.05,1.94,2.41,2888.21,13.3,7964.24,2.21,64.62,25.7,2.05
2019-04-11,,,,,,,,,,,,,,,,,,,,,,,114.629,2.51,2.35,2.94,0.16,0.08,1.94,2.41,2888.32,13.02,7947.36,2.2,63.61,8.43,2.06
2019-04-12,,,,,,,,,,,,,,,,,,,,,,,114.3517,2.56,2.4,2.97,0.16,0.12,1.95,2.41,2907.41,12.01,7984.16,2.15,63.86,9.47,2.04
2019-04-13,,,,,,,,,,,,,,,,,,,,,,,,,,,,,,2.41,,,,,,53.91,
2019-04-14,,,,,,,,,,,,,,,,,,,,,,,,,,,,,,2.41,,,,,,62.25,
2019-04-15,,,,,,,,,,,,,,,,,,,,,,,114.4936,2.55,2.4,2.96,0.15,0.12,1.94,2.41,2905.58,12.32,7976.01,2.15,63.43,71.49,2.03
2019-04-16,,,,,,,,,,,,,,,,,,,,,,,114.6745,2.6,2.41,2.99,0.19,0.17,1.96,2.41,2907.06,12.18,8000.23,2.12,64.01,10.89,2.06
2019-04-17,,,,,,,,,,,,,,,,,,,,,,,114.5128,2.59,2.4,2.99,0.19,0.15,1.94,2.42,2900.45,12.6,7996.08,2.13,63.74,8.74,2.04
2019-04-18,,,,,,,,,,,,,,,,,,,,,,,114.7057,2.57,2.38,2.96,0.19,0.15,1.95,2.43,2905.03,12.09,7998.06,2.12,64.02,33.23,2.04
2019-04-19,,,,,,,,,,,,,,,,,,,,,,,114.6961,,,,,,,2.44,,,7998.063,,,39.05,
2019-04-20,,,,,,,,,,,,,,,,,,,,,,,,,,,,,,2.44,,,,,,13.75,
2019-04-21,,,,,,,,,,,,,,,,,,,,,,,,,,,,,,2.44,,,,,,38.63,
2019-04-22,,,,,,,,,,,,,,,,,,,,,,,114.7679,2.59,2.38,2.99,0.21,0.15,1.95,2.44,2907.97,12.42,8015.27,2.14,65.66,44.26,2.03
2019-04-23,,,,,,,,,,,,,,,,,,,,,,,115.1563,2.57,2.36,2.98,0.21,0.12,1.95,2.44,2933.68,12.28,8120.82,2.14,66.24,21.36,2.03
2019-04-24,,,,,,,,,,,,,,,,,,,,,,,115.4172,2.53,2.32,2.94,0.21,0.09,1.96,2.44,2927.25,13.14,8102.01,2.14,65.96,63.16,2.05
2019-04-25,,,,,,,,,,,,,,,,,,,,,,,115.7692,2.54,2.33,2.94,0.21,0.11,1.98,2.44,2926.17,13.25,8118.68,2.14,65.23,40.07,2.1
2019-04-26,,,,,,,,,,,,,,,,,,,,,,,115.4749,2.51,2.28,2.92,0.23,0.09,1.97,2.44,2939.88,12.73,8146.4,2.13,63.29,18.76,2.08
2019-04-27,,,,,,,,,,,,,,,,,,,,,,,,,,,,,,2.44,,,,,,67.13,
2019-04-28,,,,,,,,,,,,,,,,,,,,,,,,,,,,,,2.44,,,,,,36.82,
2019-04-29,,,,,,,,,,,,,,,,,,,,,,,115.5213,2.54,2.3,2.96,0.24,0.1,1.96,2.45,2943.03,13.11,8161.85,2.13,63.39,28.45,2.06
2019-04-30,,,,,,,,,,,,,,,,,,,,,,,115.3268,2.51,2.27,2.93,0.24,0.08,1.95,2.45,2945.83,13.12,8095.39,2.14,63.83,31.23,2.05
2019-05-01,14652.4,3789.2,3871707.0,255.296,262.217,234.095,2.39,-0.095,150621.0,3.6,62.9,15532.4,14353.3,7.3,241.37193003440055,94.45,52.624133144215016,0.136,220.523,1293.0,1347.0,0.32,115.0008,2.52,2.31,2.92,0.21,0.09,1.93,2.45,2923.73,14.8,8049.64,2.11,63.55,82.22,2.03
2019-05-02,,,,,,,,,,,,,,,,,,,,,,,115.5607,2.55,2.35,2.94,0.2,0.08,1.89,2.41,2917.52,14.42,8036.77,2.12,61.75,17.62,2.0
2019-05-03,,,,,,,,,,,,,,,,,,,,,,,115.2635,2.54,2.33,2.93,0.21,0.11,1.91,2.4,2945.64,12.87,8164.0,2.11,61.98,47.29,2.02
2019-05-04,,,,,,,,,,,,,,,,,,,,,,,,,,,,,,2.4,,,,,,80.33,
2019-05-05,,,,,,,,,,,,,,,,,,,,,,,,,,,,,,2.4,,,,,,49.2,
2019-05-06,,,,,,,,,,,,,,,,,,,,,,,115.38,2.51,2.31,2.91,0.2,0.07,1.91,2.4,2932.47,15.44,8123.29,2.14,62.3,173.8,2.01
2019-05-07,,,,,,,,,,,,,,,,,,,,,,,115.6104,2.45,2.28,2.86,0.17,0.02,1.87,2.4,2884.05,19.32,7963.76,2.17,61.41,135.4,1.98
2019-05-08,,,,,,,,,,,,,,,,,,,,,,,115.5161,2.49,2.3,2.89,0.19,0.06,1.87,2.39,2879.42,19.4,7943.32,2.17,62.13,155.19,1.99
2019-05-09,,,,,,,,,,,,,,,,,,,,,,,115.8414,2.45,2.26,2.87,0.19,0.02,1.85,2.38,2870.72,19.1,7910.59,2.21,61.58,79.69,1.97
2019-05-10,,,,,,,,,,,,,,,,,,,,,,,115.5327,2.47,2.26,2.89,0.21,0.04,1.88,2.38,2881.4,16.04,7916.94,2.2,61.65,75.69,2.01
2019-05-11,,,,,,,,,,,,,,,,,,,,,,,,,,,,,,2.38,,,,,,13.66,
2019-05-12,,,,,,,,,,,,,,,,,,,,,,,,,,,,,,2.38,,,,,,12.35,
2019-05-13,,,,,,,,,,,,,,,,,,,,,,,115.9142,2.4,2.18,2.83,0.22,-0.01,1.85,2.38,2811.87,20.55,7647.02,2.25,60.97,146.16,1.97
2019-05-14,,,,,,,,,,,,,,,,,,,,,,,115.942,2.42,2.2,2.86,0.22,0.01,1.86,2.38,2834.41,18.06,7734.49,2.24,61.82,171.61,1.97
2019-05-15,,,,,,,,,,,,,,,,,,,,,,,115.8561,2.37,2.16,2.82,0.21,-0.05,1.83,2.4,2850.96,16.44,7822.15,2.26,62.03,164.98,1.92
2019-05-16,,,,,,,,,,,,,,,,,,,,,,,116.0343,2.4,2.2,2.84,0.2,0.0,1.84,2.39,2876.32,15.29,7898.05,2.24,62.93,72.19,1.93
2019-05-17,,,,,,,,,,,,,,,,,,,,,,,116.4481,2.39,2.2,2.82,0.19,0.0,1.81,2.39,2859.53,15.96,7816.28,2.24,62.77,77.38,1.91
2019-05-18,,,,,,,,,,,,,,,,,,,,,,,,,,,,,,2.39,,,,,,83.17,
2019-05-19,,,,,,,,,,,,,,,,,,,,,,,,,,,,,,2.39,,,,,,50.33,
2019-05-20,,,,,,,,,,,,,,,,,,,,,,,116.3126,2.41,2.21,2.83,0.2,0.02,1.81,2.39,2840.23,16.31,7702.38,2.24,63.12,73.41,1.91
2019-05-21,,,,,,,,,,,,,,,,,,,,,,,116.2847,2.43,2.26,2.84,0.17,0.04,1.83,2.39,2864.36,14.95,7785.72,2.23,63.02,32.29,1.94
2019-05-22,,,,,,,,,,,,,,,,,,,,,,,116.2414,2.39,2.23,2.82,0.16,0.01,1.79,2.38,2856.27,14.75,7750.84,2.26,61.42,34.9,1.9
2019-05-23,,,,,,,,,,,,,,,,,,,,,,,116.2369,2.31,2.12,2.75,0.19,-0.06,1.73,2.38,2822.24,16.92,7628.28,2.28,57.65,8.88,1.84
2019-05-24,,,,,,,,,,,,,,,,,,,,,,,116.0809,2.32,2.16,2.75,0.16,-0.03,1.76,2.38,2826.06,15.85,7637.01,2.31,58.4,59.79,1.9
2019-05-25,,,,,,,,,,,,,,,,,,,,,,,,,,,,,,2.38,,,,,,14.21,
2019-05-26,,,,,,,,,,,,,,,,,,,,,,,,,,,,,,2.38,,,,,,25.05,
2019-05-27,,,,,,,,,,,,,,,,,,,,,,,,,,,,,,2.38,,,,,,22.32,
2019-05-28,,,,,,,,,,,,,,,,,,,,,,,116.3178,2.26,2.12,2.7,0.14,-0.11,1.73,2.39,2802.39,17.5,7607.35,2.32,58.91,12.16,1.88
2019-05-29,,,,,,,,,,,,,,,,,,,,,,,116.5533,2.25,2.09,2.69,0.16,-0.12,1.75,2.39,2783.02,17.9,7547.31,2.33,58.84,18.25,1.91
2019-05-30,,,,,,,,,,,,,,,,,,,,,,,116.3986,2.22,2.06,2.65,0.16,-0.16,1.74,2.39,2788.86,17.3,7567.72,2.33,56.47,17.79,1.89
2019-05-31,,,,,,,,,,,,,,,,,,,,,,,116.7279,2.14,1.95,2.58,0.19,-0.21,1.74,2.4,2752.06,18.71,7453.15,2.37,53.49,39.63,1.9
2019-06-01,14771.4,3832.1,3842108.0,255.213,262.739,233.642,2.38,-0.165,150839.0,3.6,63.0,15562.1,14408.7,7.1,316.4371786519744,137.37,146.16013491265022,0.139,214.926,1243.0,1299.0,0.34,,,,,,,,2.4,,,,,,71.14,
2019-06-02,,,,,,,,,,,,,,,,,,,,,,,,,,,,,,2.4,,,,,,52.44,
2019-06-03,,,,,,,,,,,,,,,,,,,,,,,116.4777,2.07,1.82,2.53,0.25,-0.28,1.73,2.38,2744.45,18.86,7333.02,2.42,53.25,13.66,1.9
2019-06-04,,,,,,,,,,,,,,,,,,,,,,,116.0919,2.12,1.88,2.6,0.24,-0.23,1.74,2.38,2803.27,16.97,7527.12,2.42,53.5,45.03,1.89
2019-06-05,,,,,,,,,,,,,,,,,,,,,,,116.0309,2.12,1.83,2.63,0.29,-0.23,1.75,2.38,2826.15,16.09,7575.48,2.45,51.57,55.26,1.91
2019-06-06,,,,,,,,,,,,,,,,,,,,,,,115.9788,2.12,1.88,2.62,0.24,-0.21,1.73,2.37,2843.49,15.93,7615.55,2.44,52.59,83.26,1.88
2019-06-07,,,,,,,,,,,,,,,,,,,,,,,115.7386,2.09,1.85,2.57,0.24,-0.19,1.74,2.37,2873.34,16.3,7742.1,2.42,53.95,62.55,1.87
2019-06-08,,,,,,,,,,,,,,,,,,,,,,,,,,,,,,2.37,,,,,,102.39,
2019-06-09,,,,,,,,,,,,,,,,,,,,,,,,,,,,,,2.37,,,,,,175.27,
2019-06-10,,,,,,,,,,,,,,,,,,,,,,,115.5012,2.15,1.9,2.62,0.25,-0.14,1.73,2.37,2886.73,15.94,7823.17,2.39,53.33,47.28,1.86
2019-06-11,,,,,,,,,,,,,,,,,,,,,,,115.3803,2.15,1.93,2.62,0.22,-0.12,1.72,2.37,2885.72,15.99,7822.57,2.38,53.3,23.58,1.87
2019-06-12,,,,,,,,,,,,,,,,,,,,,,,115.4388,2.13,1.88,2.62,0.25,-0.11,1.71,2.37,2879.84,15.91,7792.72,2.41,51.13,323.09,1.89
2019-06-13,,,,,,,,,,,,,,,,,,,,,,,115.6281,2.1,1.83,2.61,0.27,-0.09,1.68,2.37,2891.64,15.82,7837.13,2.42,52.38,59.64,1.85
2019-06-14,,,,,,,,,,,,,,,,,,,,,,,115.9059,2.09,1.84,2.59,0.25,-0.11,1.63,2.36,2886.98,15.28,7796.66,2.42,52.47,108.81,1.78
2019-06-15,,,,,,,,,,,,,,,,,,,,,,,,,,,,,,2.36,,,,,,118.89,
2019-06-16,,,,,,,,,,,,,,,,,,,,,,,,,,,,,,2.36,,,,,,173.7,
2019-06-17,,,,,,,,,,,,,,,,,,,,,,,115.9687,2.09,1.86,2.58,0.23,-0.14,1.61,2.38,2889.67,15.35,7845.02,2.41,51.94,30.81,1.77
2019-06-18,,,,,,,,,,,,,,,,,,,,,,,115.8798,2.06,1.86,2.55,0.2,-0.16,1.64,2.37,2917.75,15.15,7953.88,2.4,53.86,113.01,1.79
2019-06-19,,,,,,,,,,,,,,,,,,,,,,,115.7891,2.03,1.74,2.54,0.29,-0.15,1.67,2.37,2926.46,14.33,7987.32,2.41,53.74,9.3,1.81
2019-06-20,,,,,,,,,,,,,,,,,,,,,,,114.8046,2.01,1.72,2.53,0.29,-0.13,1.74,2.37,2954.18,14.75,8051.34,2.38,56.88,18.56,1.9
2019-06-21,,,,,,,,,,,,,,,,,,,,,,,114.8378,2.07,1.77,2.59,0.3,-0.04,1.73,2.38,2950.46,15.4,8031.71,2.35,57.35,74.73,1.86
2019-06-22,,,,,,,,,,,,,,,,,,,,,,,,,,,,,,2.38,,,,,,130.56,
2019-06-23,,,,,,,,,,,,,,,,,,,,,,,,,,,,,,2.38,,,,,,141.95,
2019-06-24,,,,,,,,,,,,,,,,,,,,,,,114.6568,2.02,1.72,2.55,0.3,-0.11,1.71,2.38,2945.35,15.26,8005.7,2.33,57.73,60.88,1.85
2019-06-25,,,,,,,,,,,,,,,,,,,,,,,114.6373,2.0,1.71,2.53,0.29,-0.12,1.67,2.38,2917.38,16.28,7884.72,2.34,57.63,34.37,1.82
2019-06-26,,,,,,,,,,,,,,,,,,,,,,,114.5619,2.05,1.77,2.57,0.28,-0.1,1.7,2.38,2913.78,16.21,7909.97,2.32,59.17,118.63,1.84
2019-06-27,,,,,,,,,,,,,,,,,,,,,,,114.6663,2.01,1.74,2.52,0.27,-0.13,1.68,2.38,2924.92,15.82,7967.76,2.31,59.18,102.81,1.83
2019-06-28,,,,,,,,,,,,,,,,,,,,,,,114.5834,2.0,1.75,2.52,0.25,-0.12,1.69,2.4,2941.76,15.08,8006.24,2.31,58.2,72.11,1.85
2019-06-29,,,,,,,,,,,,,,,,,,,,,,,,,,,,,,2.4,,,,,,29.71,
2019-06-30,,,,,,,,,,,,,,,,,,,,,,,,,,,,,,2.4,,,,,,12.52,
2019-07-01,14853.5,3862.5,3803777.0,255.802,263.28,234.147,2.4,-0.16,150936.0,3.7,63.1,15581.4,14496.0,6.8,262.0919620531348,94.8,100.78423049750997,0.14,216.696,1240.0,1379.0,0.42,114.7247,2.03,1.78,2.55,0.25,-0.18,1.69,2.39,2964.33,14.06,8091.16,2.29,58.91,73.94,1.85
2019-07-02,,,,,,,,,,,,,,,,,,,,,,,114.8268,1.98,1.77,2.51,0.21,-0.22,1.65,2.4,2973.01,12.93,8109.09,2.29,56.0,34.4,1.8
2019-07-03,,,,,,,,,,,,,,,,,,,,,,,114.8145,1.96,1.77,2.47,0.19,-0.25,1.65,2.41,2995.82,12.57,8170.23,2.26,57.06,39.0,1.79
2019-07-04,,,,,,,,,,,,,,,,,,,,,,,,,,,,,,2.41,,,,,,14.12,
2019-07-05,,,,,,,,,,,,,,,,,,,,,,,115.1143,2.04,1.87,2.54,0.17,-0.19,1.69,2.42,2990.41,13.28,8161.79,2.26,,35.85,1.83
2019-07-06,,,,,,,,,,,,,,,,,,,,,,,,,,,,,,2.42,,,,,,15.31,
2019-07-07,,,,,,,,,,,,,,,,,,,,,,,,,,,,,,2.42,,,,,,189.59,
2019-07-08,,,,,,,,,,,,,,,,,,,,,,,115.0263,2.05,1.88,2.53,0.17,-0.21,1.7,2.41,2975.95,13.96,8098.38,2.23,57.35,31.53,1.85
2019-07-09,,,,,,,,,,,,,,,,,,,,,,,115.1026,2.07,1.92,2.54,0.15,-0.19,1.71,2.41,2979.63,14.09,8141.73,2.22,57.57,23.42,1.86
2019-07-10,,,,,,,,,,,,,,,,,,,,,,,115.0897,2.07,1.82,2.57,0.25,-0.13,1.74,2.41,2993.07,13.03,8202.53,2.25,60.28,17.11,1.89
2019-07-11,,,,,,,,,,,,,,,,,,,,,,,114.8375,2.13,1.85,2.65,0.28,-0.04,1.77,2.4,2999.91,12.93,8196.04,2.25,59.93,136.3,1.91
2019-07-12,,,,,,,,,,,,,,,,,,,,,,,114.7696,2.12,1.84,2.64,0.28,-0.02,1.77,2.38,3013.77,12.39,8244.14,2.25,59.99,10.57,1.92
2019-07-13,,,,,,,,,,,,,,,,,,,,,,,,,,,,,,2.38,,,,,,15.15,
2019-07-14,,,,,,,,,,,,,,,,,,,,,,,,,,,,,,2.38,,,,,,27.89,
2019-07-15,,,,,,,,,,,,,,,,,,,,,,,114.6831,2.09,1.83,2.61,0.26,-0.07,1.77,2.4,3014.3,12.68,8258.19,2.25,59.3,63.17,1.93
2019-07-16,,,,,,,,,,,,,,,,,,,,,,,115.0124,2.13,1.87,2.63,0.26,-0.02,1.8,2.41,3004.04,12.86,8222.8,2.23,57.44,70.11,1.97
2019-07-17,,,,,,,,,,,,,,,,,,,,,,,114.8829,2.06,1.83,2.57,0.23,-0.08,1.75,2.41,2984.42,13.97,8185.21,2.24,56.5,9.63,1.9
2019-07-18,,,,,,,,,,,,,,,,,,,,,,,114.8751,2.04,1.77,2.56,0.27,-0.01,1.79,2.41,2995.11,13.53,8207.24,2.27,55.08,50.56,1.98
2019-07-19,,,,,,,,,,,,,,,,,,,,,,,114.8702,2.05,1.8,2.57,0.25,-0.01,1.8,2.41,2976.61,14.45,8146.49,2.26,55.42,43.29,2.0
2019-07-20,,,,,,,,,,,,,,,,,,,,,,,,,,,,,,2.41,,,,,,15.16,
2019-07-21,,,,,,,,,,,,,,,,,,,,,,,,,,,,,,2.41,,,,,,28.04,
2019-07-22,,,,,,,,,,,,,,,,,,,,,,,115.0026,2.05,1.8,2.58,0.25,-0.04,1.79,2.4,2985.03,13.53,8204.14,2.24,55.87,32.95,1.99
2019-07-23,,,,,,,,,,,,,,,,,,,,,,,115.3001,2.08,1.83,2.61,0.25,0.02,1.81,2.4,3005.47,12.61,8251.4,2.23,56.58,35.99,2.01
2019-07-24,,,,,,,,,,,,,,,,,,,,,,,115.2441,2.05,1.83,2.58,0.22,-0.05,1.79,2.4,3019.56,12.07,8321.5,2.15,55.9,18.2,1.99
2019-07-25,,,,,,,,,,,,,,,,,,,,,,,115.2987,2.08,1.86,2.6,0.22,-0.02,1.8,2.4,3003.67,12.74,8238.54,2.14,55.88,48.54,2.0
2019-07-26,,,,,,,,,,,,,,,,,,,,,,,115.5454,2.08,1.86,2.59,0.22,-0.04,1.78,2.4,3025.86,12.16,8330.21,2.13,56.04,31.53,1.99
2019-07-27,,,,,,,,,,,,,,,,,,,,,,,,,,,,,,2.4,,,,,,122.19,
2019-07-28,,,,,,,,,,,,,,,,,,,,,,,,,,,,,,2.4,,,,,,13.5,
2019-07-29,,,,,,,,,,,,,,,,,,,,,,,115.5896,2.06,1.85,2.59,0.21,-0.06,1.77,2.4,3020.97,12.83,8293.33,2.13,56.85,32.62,1.97
2019-07-30,,,,,,,,,,,,,,,,,,,,,,,115.6222,2.06,1.85,2.58,0.21,-0.02,1.78,2.39,3013.18,13.94,8273.61,2.14,58.04,158.4,1.98
2019-07-31,,,,,,,,,,,,,,,,,,,,,,,115.4955,2.02,1.89,2.53,0.13,-0.06,1.76,2.4,2980.38,16.12,8175.42,2.13,58.53,55.95,1.96
2019-08-01,14934.7,3847.1,3773093.0,256.036,263.877,234.25,2.13,-0.28,151171.0,3.6,63.1,15664.3,14558.2,6.9,317.6861209837951,155.23,276.77617092126246,0.139,213.847,1375.0,1482.0,0.2,116.0509,1.9,1.73,2.44,0.17,-0.17,1.7,2.14,2953.56,17.87,8111.12,2.17,53.64,59.15,1.93
2019-08-02,,,,,,,,,,,,,,,,,,,,,,,116.1874,1.86,1.72,2.39,0.14,-0.2,1.66,2.14,2932.05,17.61,8004.07,2.18,55.67,132.1,1.87
2019-08-03,,,,,,,,,,,,,,,,,,,,,,,,,,,,,,2.14,,,,,,104.57,
2019-08-04,,,,,,,,,,,,,,,,,,,,,,,,,,,,,,2.14,,,,,,174.94,
2019-08-05,,,,,,,,,,,,,,,,,,,,,,,116.587,1.75,1.59,2.3,0.16,-0.3,1.6,2.13,2844.74,24.59,7726.04,2.24,54.63,108.98,1.81
2019-08-06,,,,,,,,,,,,,,,,,,,,,,,116.6921,1.73,1.6,2.25,0.13,-0.32,1.62,2.13,2881.77,20.17,7833.27,2.25,53.6,150.97,1.84
2019-08-07,,,,,,,,,,,,,,,,,,,,,,,116.8003,1.71,1.59,2.22,0.12,-0.31,1.62,2.12,2883.98,19.49,7862.83,2.23,51.14,154.94,1.86
2019-08-08,,,,,,,,,,,,,,,,,,,,,,,116.4756,1.72,1.62,2.25,0.1,-0.3,1.65,2.12,2938.09,16.91,8039.16,2.25,52.6,98.17,1.87
2019-08-09,,,,,,,,,,,,,,,,,,,,,,,116.4432,1.74,1.63,2.26,0.11,-0.26,1.66,2.12,2918.65,17.97,7959.14,2.23,54.41,99.18,1.88
2019-08-10,,,,,,,,,,,,,,,,,,,,,,,,,,,,,,2.12,,,,,,60.61,
2019-08-11,,,,,,,,,,,,,,,,,,,,,,,,,,,,,,2.12,,,,,,122.02,
2019-08-12,,,,,,,,,,,,,,,,,,,,,,,116.7567,1.65,1.58,2.14,0.07,-0.35,1.61,2.12,2883.75,21.09,7863.41,2.23,54.98,166.56,1.83
2019-08-13,,,,,,,,,,,,,,,,,,,,,,,116.7283,1.68,1.66,2.15,0.02,-0.32,1.63,2.12,2926.32,17.52,8016.36,2.22,57.05,115.01,1.82
2019-08-14,,,,,,,,,,,,,,,,,,,,,,,117.0926,1.59,1.58,2.03,0.01,-0.37,1.57,2.12,2840.6,22.1,7773.94,2.23,55.16,195.01,1.78
2019-08-15,,,,,,,,,,,,,,,,,,,,,,,117.2247,1.52,1.48,1.98,0.04,-0.39,1.54,2.13,2847.6,21.18,7766.62,2.27,54.51,330.15,1.74
2019-08-16,,,,,,,,,,,,,,,,,,,,,,,117.0796,1.55,1.48,2.01,0.07,-0.32,1.54,2.13,2888.68,18.47,7895.99,2.26,54.83,359.75,1.74
2019-08-17,,,,,,,,,,,,,,,,,,,,,,,,,,,,,,2.13,,,,,,208.87,
2019-08-18,,,,,,,,,,,,,,,,,,,,,,,,,,,,,,2.13,,,,,,335.25,
2019-08-19,,,,,,,,,,,,,,,,,,,,,,,117.39,1.6,1.53,2.08,0.07,-0.34,1.56,2.13,2923.65,16.88,8002.81,2.29,56.24,91.26,1.76
2019-08-20,,,,,,,,,,,,,,,,,,,,,,,117.3738,1.55,1.5,2.04,0.05,-0.39,1.53,2.13,2900.51,17.5,7948.56,2.3,56.18,52.8,1.72
2019-08-21,,,,,,,,,,,,,,,,,,,,,,,117.1778,1.59,1.56,2.07,0.03,-0.38,1.54,2.12,2924.43,15.8,8020.21,2.25,55.65,36.08,1.74
2019-08-22,,,,,,,,,,,,,,,,,,,,,,,117.357,1.62,1.61,2.11,0.01,-0.38,1.55,2.12,2922.95,16.68,7991.39,2.25,55.33,112.72,1.75
2019-08-23,,,,,,,,,,,,,,,,,,,,,,,117.3027,1.52,1.51,2.02,0.01,-0.45,1.54,2.12,2847.11,19.87,7751.77,2.27,54.08,81.83,1.73
2019-08-24,,,,,,,,,,,,,,,,,,,,,,,,,,,,,,2.12,,,,,,304.16,
2019-08-25,,,,,,,,,,,,,,,,,,,,,,,,,,,,,,2.12,,,,,,194.6,
2019-08-26,,,,,,,,,,,,,,,,,,,,,,,117.668,1.54,1.54,2.04,0.0,-0.47,1.54,2.12,2878.38,19.32,7853.74,2.27,53.54,45.88,1.74
2019-08-27,,,,,,,,,,,,,,,,,,,,,,,117.7525,1.49,1.53,1.97,-0.04,-0.49,1.55,2.12,2869.16,20.31,7826.95,2.26,54.99,133.31,1.74
2019-08-28,,,,,,,,,,,,,,,,,,,,,,,117.8792,1.47,1.5,1.94,-0.03,-0.52,1.55,2.12,2887.94,19.35,7856.88,2.26,55.76,110.05,1.74
2019-08-29,,,,,,,,,,,,,,,,,,,,,,,118.0652,1.5,1.53,1.97,-0.03,-0.49,1.59,2.12,2924.58,17.88,7973.39,2.27,56.67,131.59,1.79
2019-08-30,,,,,,,,,,,,,,,,,,,,,,,118.16,1.5,1.5,1.96,0.0,-0.49,1.55,2.13,2926.46,18.98,7962.88,2.26,55.07,254.72,1.75
2019-08-31,,,,,,,,,,,,,,,,,,,,,,,,,,,,,,2.13,,,,,,231.76,
2019-09-01,15031.4,3894.0,3808398.0,256.43,264.388,234.399,2.04,-0.215,151365.0,3.5,63.2,15697.5,14590.6,7.0,273.7182605556918,118.31,128.29300461390065,0.139,213.015,1311.0,1469.0,0.94,,,,,,,,2.13,,,,,,203.62,
2019-09-02,,,,,,,,,,,,,,,,,,,,,,,,,,,,,,2.13,,,,,,21.56,
2019-09-03,,,,,,,,,,,,,,,,,,,,,,,118.313,1.47,1.47,1.95,0.0,-0.51,1.5,2.13,2906.27,19.66,7874.16,2.28,53.91,125.51,1.71
2019-09-04,,,,,,,,,,,,,,,,,,,,,,,117.6745,1.47,1.43,1.97,0.04,-0.5,1.51,2.13,2937.78,17.33,7976.88,2.29,56.22,102.21,1.71
2019-09-05,,,,,,,,,,,,,,,,,,,,,,,117.4791,1.57,1.55,2.06,0.02,-0.4,1.56,2.13,2976.0,16.27,8116.83,2.28,56.33,27.98,1.77
2019-09-06,,,,,,,,,,,,,,,,,,,,,,,117.1305,1.55,1.53,2.02,0.02,-0.41,1.54,2.12,2978.71,15.0,8103.07,2.26,56.45,68.53,1.73
2019-09-07,,,,,,,,,,,,,,,,,,,,,,,,,,,,,,2.12,,,,,,39.57,
2019-09-08,,,,,,,,,,,,,,,,,,,,,,,,,,,,,,2.12,,,,,,52.01,
2019-09-09,,,,,,,,,,,,,,,,,,,,,,,117.0617,1.63,1.58,2.11,0.05,-0.33,1.57,2.13,2978.43,15.27,8087.44,2.23,57.88,14.4,1.76
2019-09-10,,,,,,,,,,,,,,,,,,,,,,,117.09,1.72,1.67,2.19,0.05,-0.23,1.6,2.13,2979.39,15.2,8084.16,2.22,57.37,22.62,1.8
2019-09-11,,,,,,,,,,,,,,,,,,,,,,,117.3138,1.75,1.68,2.22,0.07,-0.21,1.6,2.13,3000.93,14.61,8169.68,2.22,55.66,81.34,1.8
2019-09-12,,,,,,,,,,,,,,,,,,,,,,,116.8391,1.79,1.72,2.22,0.07,-0.16,1.63,2.13,3009.57,14.22,8194.47,2.22,55.13,65.85,1.83
2019-09-13,,,,,,,,,,,,,,,,,,,,,,,116.769,1.9,1.79,2.37,0.11,-0.06,1.67,2.14,3007.39,13.74,8176.71,2.21,54.76,80.21,1.88
2019-09-14,,,,,,,,,,,,,,,,,,,,,,,,,,,,,,2.14,,,,,,38.65,
2019-09-15,,,,,,,,,,,,,,,,,,,,,,,,,,,,,,2.14,,,,,,143.74,
2019-09-16,,,,,,,,,,,,,,,,,,,,,,,117.0261,1.84,1.74,2.31,0.1,-0.15,1.67,2.25,2997.96,14.67,8153.54,2.2,63.1,88.26,1.86
2019-09-17,,,,,,,,,,,,,,,,,,,,,,,116.9839,1.81,1.72,2.27,0.09,-0.18,1.66,2.3,3005.7,14.44,8186.02,2.21,59.26,10.39,1.86
2019-09-18,,,,,,,,,,,,,,,,,,,,,,,116.9779,1.8,1.77,2.25,0.03,-0.15,1.59,2.25,3006.73,13.95,8177.39,2.18,58.19,36.33,1.78
2019-09-19,,,,,,,,,,,,,,,,,,,,,,,117.0877,1.79,1.74,2.22,0.05,-0.14,1.61,1.9,3006.79,14.05,8182.88,2.17,58.19,121.3,1.81
2019-09-20,,,,,,,,,,,,,,,,,,,,,,,117.1835,1.74,1.69,2.17,0.05,-0.17,1.61,1.9,2992.07,15.32,8117.67,2.19,57.92,69.51,1.8
2019-09-21,,,,,,,,,,,,,,,,,,,,,,,,,,,,,,1.9,,,,,,39.18,
2019-09-22,,,,,,,,,,,,,,,,,,,,,,,,,,,,,,1.9,,,,,,91.19,
2019-09-23,,,,,,,,,,,,,,,,,,,,,,,117.3006,1.72,1.68,2.16,0.04,-0.22,1.61,1.9,2991.78,14.91,8112.46,2.17,58.69,14.13,1.8
2019-09-24,,,,,,,,,,,,,,,,,,,,,,,117.2247,1.64,1.6,2.09,0.04,-0.28,1.58,1.9,2966.6,17.05,7993.63,2.2,57.22,67.27,1.77
2019-09-25,,,,,,,,,,,,,,,,,,,,,,,117.6549,1.73,1.68,2.18,0.05,-0.16,1.6,1.9,2984.87,15.96,8077.38,2.2,56.38,99.58,1.79
2019-09-26,,,,,,,,,,,,,,,,,,,,,,,117.729,1.7,1.66,2.15,0.04,-0.13,1.57,1.85,2977.62,16.07,8030.66,2.18,56.24,64.93,1.74
2019-09-27,,,,,,,,,,,,,,,,,,,,,,,117.7246,1.69,1.63,2.13,0.06,-0.11,1.53,1.83,2961.79,17.22,7939.63,2.19,55.95,37.98,1.7
2019-09-28,,,,,,,,,,,,,,,,,,,,,,,,,,,,,,1.83,,,,,,51.37,
2019-09-29,,,,,,,,,,,,,,,,,,,,,,,,,,,,,,1.83,,,,,,89.19,
2019-09-30,,,,,,,,,,,,,,,,,,,,,,,117.9488,1.68,1.63,2.12,0.05,-0.2,1.53,1.9,2976.74,16.24,7999.34,2.2,54.09,28.25,1.71
2019-10-01,15167.3,3926.3,3970156.0,257.155,264.97,235.237,1.83,-0.15,151460.0,3.6,63.3,15718.1,14617.4,7.1,258.30367631839096,98.0,91.94444098765804,0.136,215.268,1325.0,1523.0,1.46,117.9621,1.65,1.56,2.11,0.09,-0.17,1.52,1.88,2940.25,18.56,7908.68,2.22,53.6,74.75,1.71
2019-10-02,,,,,,,,,,,,,,,,,,,,,,,117.9694,1.6,1.48,2.09,0.12,-0.19,1.5,1.85,2887.61,20.56,7785.25,2.26,52.67,36.1,1.71
2019-10-03,,,,,,,,,,,,,,,,,,,,,,,117.6628,1.54,1.39,2.04,0.15,-0.16,1.48,1.83,2910.63,19.12,7872.26,2.29,52.41,96.11,1.71
2019-10-04,,,,,,,,,,,,,,,,,,,,,,,117.5306,1.52,1.4,2.01,0.12,-0.19,1.5,1.82,2952.01,17.04,7982.47,2.29,52.84,198.3,1.73
2019-10-05,,,,,,,,,,,,,,,,,,,,,,,,,,,,,,1.82,,,,,,118.4,
2019-10-06,,,,,,,,,,,,,,,,,,,,,,,,,,,,,,1.82,,,,,,168.72,
2019-10-07,,,,,,,,,,,,,,,,,,,,,,,117.5552,1.56,1.46,2.05,0.1,-0.19,1.51,1.82,2938.79,17.86,7956.29,2.28,52.76,144.46,1.75
2019-10-08,,,,,,,,,,,,,,,,,,,,,,,117.7423,1.54,1.42,2.04,0.12,-0.18,1.48,1.82,2893.06,20.28,7823.78,2.3,52.64,97.67,1.71
2019-10-09,,,,,,,,,,,,,,,,,,,,,,,117.6854,1.59,1.47,2.08,0.12,-0.1,1.49,1.82,2919.4,18.64,7903.74,2.29,52.63,51.88,1.74
2019-10-10,,,,,,,,,,,,,,,,,,,,,,,117.282,1.67,1.53,2.16,0.14,-0.01,1.52,1.82,2938.13,17.57,7950.78,2.27,53.57,138.91,1.75
2019-10-11,,,,,,,,,,,,,,,,,,,,,,,116.8257,1.76,1.63,2.22,0.13,0.08,1.56,1.82,2970.27,15.58,8057.04,2.22,54.76,19.2,1.78
2019-10-12,,,,,,,,,,,,,,,,,,,,,,,,,,,,,,1.82,,,,,,102.77,
2019-10-13,,,,,,,,,,,,,,,,,,,,,,,,,,,,,,1.82,,,,,,105.84,
2019-10-14,,,,,,,,,,,,,,,,,,,,,,,,,,,,,,1.82,2966.15,14.57,8048.65,,53.57,47.49,
2019-10-15,,,,,,,,,,,,,,,,,,,,,,,116.8122,1.77,1.61,2.23,0.16,0.1,1.56,1.9,2995.68,13.54,8148.71,2.21,52.81,22.33,1.79
2019-10-16,,,,,,,,,,,,,,,,,,,,,,,116.6438,1.75,1.58,2.23,0.17,0.09,1.57,1.9,2989.69,13.68,8124.18,2.22,53.42,35.41,1.79
2019-10-17,,,,,,,,,,,,,,,,,,,,,,,116.2631,1.76,1.6,2.24,0.16,0.1,1.59,1.85,2997.95,13.79,8156.85,2.21,53.89,54.89,1.66
2019-10-18,,,,,,,,,,,,,,,,,,,,,,,116.1359,1.76,1.58,2.25,0.18,0.1,1.6,1.85,2986.2,14.25,8089.54,2.21,53.75,9.89,1.68
2019-10-19,,,,,,,,,,,,,,,,,,,,,,,,,,,,,,1.85,,,,,,26.39,
2019-10-20,,,,,,,,,,,,,,,,,,,,,,,,,,,,,,1.85,,,,,,40.19,
2019-10-21,,,,,,,,,,,,,,,,,,,,,,,116.0453,1.8,1.62,2.28,0.18,0.13,1.61,1.85,3006.72,14.0,8162.99,2.19,53.28,13.78,1.69
2019-10-22,,,,,,,,,,,,,,,,,,,,,,,115.9868,1.78,1.6,2.26,0.18,0.13,1.61,1.85,2995.99,14.46,8104.3,2.17,54.21,22.18,1.69
2019-10-23,,,,,,,,,,,,,,,,,,,,,,,116.0601,1.77,1.58,2.25,0.19,0.12,1.61,1.85,3004.52,14.01,8119.79,2.18,55.9,61.28,1.7
2019-10-24,,,,,,,,,,,,,,,,,,,,,,,116.1291,1.77,1.58,2.26,0.19,0.1,1.62,1.85,3010.29,13.71,8185.8,2.17,56.11,121.66,1.72
2019-10-25,,,,,,,,,,,,,,,,,,,,,,,116.0788,1.8,1.63,2.29,0.17,0.14,1.65,1.83,3022.55,12.65,8243.12,2.16,56.52,59.4,1.75
2019-10-26,,,,,,,,,,,,,,,,,,,,,,,,,,,,,,1.83,,,,,,25.87,
2019-10-27,,,,,,,,,,,,,,,,,,,,,,,,,,,,,,1.83,,,,,,38.54,
2019-10-28,,,,,,,,,,,,,,,,,,,,,,,116.0236,1.85,1.64,2.34,0.21,0.2,1.64,1.83,3039.42,13.11,8325.99,2.16,55.6,15.2,1.75
2019-10-29,,,,,,,,,,,,,,,,,,,,,,,115.9811,1.84,1.64,2.33,0.2,0.21,1.61,1.82,3036.89,13.2,8276.85,2.15,55.34,45.44,1.71
2019-10-30,,,,,,,,,,,,,,,,,,,,,,,116.1649,1.78,1.61,2.26,0.17,0.16,1.57,1.82,3046.77,12.33,8303.98,2.17,54.85,61.88,1.67
2019-10-31,,,,,,,,,,,,,,,,,,,,,,,115.9137,1.69,1.52,2.17,0.17,0.15,1.54,1.58,3037.56,13.22,8292.36,2.18,54.02,119.71,1.64
2019-11-01,15276.9,3942.6,4042612.0,257.879,265.548,235.957,1.55,-0.08,151668.0,3.6,63.3,15766.9,14711.0,6.9,253.35404287634069,81.04,65.23653796262712,0.133,217.488,1353.0,1535.0,0.3,115.7324,1.73,1.56,2.21,0.17,0.21,1.59,1.57,3066.91,12.3,8386.4,2.16,56.04,30.75,1.68
2019-11-02,,,,,,,,,,,,,,,,,,,,,,,,,,,,,,1.57,,,,,,65.63,
2019-11-03,,,,,,,,,,,,,,,,,,,,,,,,,,,,,,1.57,,,,,,104.25,
2019-11-04,,,,,,,,,,,,,,,,,,,,,,,115.8637,1.79,1.6,2.27,0.19,0.26,1.64,1.56,3078.27,12.83,8433.2,2.16,56.33,70.94,1.72
2019-11-05,,,,,,,,,,,,,,,,,,,,,,,116.1149,1.86,1.63,2.34,0.23,0.3,1.68,1.56,3074.62,13.1,8434.68,2.15,57.04,53.08,1.78
2019-11-06,,,,,,,,,,,,,,,,,,,,,,,116.1012,1.81,1.61,2.3,0.2,0.25,1.66,1.55,3076.78,12.62,8410.63,2.14,56.15,36.58,1.75
2019-11-07,,,,,,,,,,,,,,,,,,,,,,,116.1179,1.92,1.68,2.4,0.24,0.36,1.69,1.55,3085.18,12.73,8434.52,2.13,56.91,93.74,1.77
2019-11-08,,,,,,,,,,,,,,,,,,,,,,,116.344,1.94,1.68,2.43,0.26,0.39,1.71,1.55,3093.08,12.07,8475.31,2.11,57.02,91.24,1.79
2019-11-09,,,,,,,,,,,,,,,,,,,,,,,,,,,,,,1.55,,,,,,65.74,
2019-11-10,,,,,,,,,,,,,,,,,,,,,,,,,,,,,,1.55,,,,,,130.15,
2019-11-11,,,,,,,,,,,,,,,,,,,,,,,,,,,,,,1.55,3087.01,12.69,8464.28,,,42.16,
2019-11-12,,,,,,,,,,,,,,,,,,,,,,,116.5843,1.92,1.66,2.39,0.26,0.33,1.7,1.55,3091.84,12.68,8486.09,2.1,56.67,94.06,1.8
2019-11-13,,,,,,,,,,,,,,,,,,,,,,,116.8404,1.88,1.63,2.36,0.25,0.31,1.66,1.55,3094.04,13.0,8482.1,2.11,56.88,36.2,1.74
2019-11-14,,,,,,,,,,,,,,,,,,,,,,,116.8031,1.82,1.58,2.31,0.24,0.25,1.62,1.55,3096.63,13.05,8479.02,2.13,56.57,9.41,1.7
2019-11-15,,,,,,,,,,,,,,,,,,,,,,,116.4409,1.84,1.61,2.31,0.23,0.27,1.63,1.55,3120.46,12.05,8540.83,2.13,57.54,19.87,1.74
2019-11-16,,,,,,,,,,,,,,,,,,,,,,,,,,,,,,1.55,,,,,,93.13,
2019-11-17,,,,,,,,,,,,,,,,,,,,,,,,,,,,,,1.55,,,,,,132.22,
2019-11-18,,,,,,,,,,,,,,,,,,,,,,,116.3634,1.81,1.6,2.3,0.21,0.24,1.63,1.55,3122.03,12.46,8549.94,2.14,56.82,78.16,1.72
2019-11-19,,,,,,,,,,,,,,,,,,,,,,,116.5402,1.79,1.6,2.26,0.19,0.22,1.63,1.55,3120.18,12.86,8570.66,2.13,54.93,10.87,1.73
2019-11-20,,,,,,,,,,,,,,,,,,,,,,,116.8293,1.73,1.56,2.2,0.17,0.16,1.6,1.55,3108.46,12.78,8526.73,2.16,56.71,28.03,1.69
2019-11-21,,,,,,,,,,,,,,,,,,,,,,,116.7447,1.77,1.6,2.24,0.17,0.19,1.63,1.55,3103.54,13.13,8506.21,2.15,58.36,19.01,1.73
2019-11-22,,,,,,,,,,,,,,,,,,,,,,,116.9148,1.77,1.61,2.22,0.16,0.19,1.62,1.55,3110.29,12.34,8519.88,2.14,57.68,10.01,1.71
2019-11-23,,,,,,,,,,,,,,,,,,,,,,,,,,,,,,1.55,,,,,,124.73,
2019-11-24,,,,,,,,,,,,,,,,,,,,,,,,,,,,,,1.55,,,,,,52.56,
2019-11-25,,,,,,,,,,,,,,,,,,,,,,,117.0109,1.76,1.61,2.21,0.15,0.15,1.62,1.55,3133.64,11.87,8632.49,2.13,57.79,15.44,1.71
2019-11-26,,,,,,,,,,,,,,,,,,,,,,,117.0529,1.74,1.58,2.18,0.16,0.14,1.62,1.55,3140.52,11.54,8647.93,2.11,58.25,10.93,1.72
2019-11-27,,,,,,,,,,,,,,,,,,,,,,,117.1292,1.77,1.63,2.19,0.14,0.15,1.63,1.55,3153.63,11.75,8705.18,2.09,58.12,29.28,1.72
2019-11-28,,,,,,,,,,,,,,,,,,,,,,,,,,,,,,1.55,,,,,,59.96,
2019-11-29,,,,,,,,,,,,,,,,,,,,,,,117.1218,1.78,1.61,2.21,0.17,0.19,1.61,1.56,3140.98,12.62,8665.47,2.08,58.12,12.83,1.72
2019-11-30,,,,,,,,,,,,,,,,,,,,,,,,,,,,,,1.56,,,,,,15.45,
2019-12-01,15348.0,4003.6,4115958.0,258.63,266.02,236.755,1.55,-0.025,151795.0,3.6,63.3,15683.8,14774.8,6.2,265.9737550055834,121.31,91.52631523198718,0.133,221.18,1548.0,1443.0,0.62,,,,,,,,1.56,,,,,,27.52,
2019-12-02,,,,,,,,,,,,,,,,,,,,,,,116.9664,1.83,1.61,2.28,0.22,0.23,1.65,1.56,3113.87,14.91,8567.99,2.11,55.97,32.27,1.76
2019-12-03,,,,,,,,,,,,,,,,,,,,,,,116.8916,1.72,1.53,2.17,0.19,0.15,1.63,1.55,3093.2,15.96,8520.64,2.11,56.15,22.73,1.75
2019-12-04,,,,,,,,,,,,,,,,,,,,,,,116.6938,1.77,1.58,2.22,0.19,0.22,1.66,1.55,3112.76,14.8,8566.67,2.11,58.46,53.21,1.78
2019-12-05,,,,,,,,,,,,,,,,,,,,,,,116.3857,1.8,1.58,2.24,0.22,0.26,1.67,1.55,3117.43,14.52,8570.7,2.09,58.42,9.68,1.79
2019-12-06,,,,,,,,,,,,,,,,,,,,,,,116.5394,1.84,1.61,2.29,0.23,0.31,1.69,1.55,3145.91,13.62,8656.53,2.07,59.2,50.57,1.79
2019-12-07,,,,,,,,,,,,,,,,,,,,,,,,,,,,,,1.55,,,,,,139.17,
2019-12-08,,,,,,,,,,,,,,,,,,,,,,,,,,,,,,1.55,,,,,,161.06,
2019-12-09,,,,,,,,,,,,,,,,,,,,,,,116.3296,1.83,1.63,2.27,0.2,0.29,1.69,1.55,3135.96,15.86,8621.83,2.05,58.99,108.72,1.79
2019-12-10,,,,,,,,,,,,,,,,,,,,,,,116.2557,1.85,1.65,2.26,0.2,0.29,1.71,1.55,3132.52,15.68,8616.18,2.01,59.22,34.64,1.83
2019-12-11,,,,,,,,,,,,,,,,,,,,,,,116.1492,1.79,1.61,2.23,0.18,0.22,1.69,1.55,3141.63,14.99,8654.05,2.04,58.74,28.41,1.78
2019-12-12,,,,,,,,,,,,,,,,,,,,,,,115.8755,1.9,1.66,2.32,0.24,0.34,1.72,1.55,3168.57,13.94,8717.32,2.02,59.18,65.49,1.82
2019-12-13,,,,,,,,,,,,,,,,,,,,,,,115.6976,1.82,1.61,2.26,0.21,0.25,1.7,1.55,3168.8,12.63,8734.88,2.02,60.11,140.27,1.78
2019-12-14,,,,,,,,,,,,,,,,,,,,,,,,,,,,,,1.55,,,,,,102.73,
2019-12-15,,,,,,,,,,,,,,,,,,,,,,,,,,,,,,1.55,,,,,,207.09,
2019-12-16,,,,,,,,,,,,,,,,,,,,,,,115.5559,1.89,1.65,2.3,0.24,0.32,1.73,1.56,3191.45,12.14,8814.23,2.0,60.21,32.18,1.82
2019-12-17,,,,,,,,,,,,,,,,,,,,,,,115.5561,1.89,1.63,2.31,0.26,0.33,1.75,1.55,3192.52,12.29,8823.36,1.99,60.88,156.8,1.85
2019-12-18,,,,,,,,,,,,,,,,,,,,,,,115.6627,1.92,1.63,2.35,0.29,0.36,1.76,1.55,3191.14,12.58,8827.73,1.98,60.93,47.19,1.84
2019-12-19,,,,,,,,,,,,,,,,,,,,,,,115.5997,1.92,1.62,2.35,0.3,0.35,1.77,1.55,3205.37,12.5,8887.22,1.96,61.3,19.49,1.86
2019-12-20,,,,,,,,,,,,,,,,,,,,,,,115.7604,1.92,1.63,2.34,0.29,0.34,1.77,1.55,3221.22,12.51,8924.96,1.96,60.43,43.7,1.87
2019-12-21,,,,,,,,,,,,,,,,,,,,,,,,,,,,,,1.55,,,,,,87.32,
2019-12-22,,,,,,,,,,,,,,,,,,,,,,,,,,,,,,1.55,,,,,,128.36,
2019-12-23,,,,,,,,,,,,,,,,,,,,,,,115.8066,1.93,1.64,2.35,0.29,0.34,1.75,1.55,3224.01,12.61,8945.65,1.96,60.51,16.18,1.83
2019-12-24,,,,,,,,,,,,,,,,,,,,,,,,1.9,1.62,2.33,0.28,0.32,1.75,1.55,3223.38,12.67,8952.88,1.97,61.17,14.16,1.83
2019-12-25,,,,,,,,,,,,,,,,,,,,,,,,,,,,,,1.55,,,,,,57.05,
2019-12-26,,,,,,,,,,,,,,,,,,,,,,,115.6347,1.9,1.64,2.33,0.26,0.32,1.74,1.55,3239.91,12.65,9022.39,1.97,61.72,51.04,1.82
2019-12-27,,,,,,,,,,,,,,,,,,,,,,,115.2207,1.88,1.59,2.32,0.29,0.31,1.73,1.55,3240.02,13.43,9006.62,1.96,61.76,111.94,1.82
2019-12-28,,,,,,,,,,,,,,,,,,,,,,,,,,,,,,1.55,,,,,,193.91,
2019-12-29,,,,,,,,,,,,,,,,,,,,,,,,,,,,,,1.55,,,,,,234.03,
2019-12-30,,,,,,,,,,,,,,,,,,,,,,,114.9639,1.9,1.58,2.34,0.32,0.33,1.75,1.55,3221.29,14.82,8945.99,1.97,61.66,99.74,1.84
2019-12-31,,,,,,,,,,,,,,,,,,,,,,,114.6697,1.92,1.58,2.39,0.34,0.37,1.77,1.55,3230.78,13.78,8972.6,1.98,61.14,92.54,1.86
2020-01-01,15416.8,3989.3,4159312.0,259.127,266.716,236.975,1.55,-0.065,152031.0,3.6,63.3,15857.3,14844.3,7.0,227.9158263867966,110.07,86.03760438520453,0.134,220.147,1581.0,1495.0,0.22,,,,,,,,1.55,,,,,,195.39,
2020-01-02,,,,,,,,,,,,,,,,,,,,,,,114.9746,1.88,1.58,2.33,0.3,0.34,1.8,1.55,3257.85,12.47,9092.19,1.98,61.17,109.58,1.88
2020-01-03,,,,,,,,,,,,,,,,,,,,,,,114.9862,1.8,1.53,2.26,0.27,0.28,1.77,1.55,3234.85,14.02,9020.77,1.99,63.0,68.11,1.85
2020-01-04,,,,,,,,,,,,,,,,,,,,,,,,,,,,,,1.55,,,,,,217.28,
2020-01-05,,,,,,,,,,,,,,,,,,,,,,,,,,,,,,1.55,,,,,,250.16,
2020-01-06,,,,,,,,,,,,,,,,,,,,,,,114.9552,1.81,1.54,2.28,0.27,0.25,1.75,1.55,3246.28,13.85,9071.46,2.02,63.27,101.33,1.81
2020-01-07,,,,,,,,,,,,,,,,,,,,,,,115.1467,1.83,1.54,2.31,0.29,0.29,1.74,1.55,3237.18,13.79,9068.58,2.03,62.7,94.95,1.81
2020-01-08,,,,,,,,,,,,,,,,,,,,,,,115.1318,1.87,1.58,2.35,0.29,0.33,1.75,1.55,3253.05,13.45,9129.24,2.05,59.65,105.29,1.82
2020-01-09,,,,,,,,,,,,,,,,,,,,,,,115.2325,1.85,1.58,2.38,0.27,0.31,1.74,1.55,3274.7,12.54,9203.43,2.03,59.56,29.81,1.81
2020-01-10,,,,,,,,,,,,,,,,,,,,,,,115.0671,1.83,1.56,2.28,0.27,0.29,1.76,1.54,3265.35,12.56,9178.86,1.99,59.02,10.3,1.85
2020-01-11,,,,,,,,,,,,,,,,,,,,,,,,,,,,,,1.54,,,,,,58.15,
2020-01-12,,,,,,,,,,,,,,,,,,,,,,,,,,,,,,1.54,,,,,,55.74,
2020-01-13,,,,,,,,,,,,,,,,,,,,,,,115.0337,1.85,1.58,2.3,0.27,0.28,1.77,1.54,3288.13,12.32,9273.93,1.99,58.17,62.42,1.84
2020-01-14,,,,,,,,,,,,,,,,,,,,,,,115.0233,1.82,1.58,2.27,0.24,0.25,1.77,1.54,3283.15,12.39,9251.33,1.99,58.34,68.85,1.84
2020-01-15,,,,,,,,,,,,,,,,,,,,,,,114.9526,1.79,1.56,2.23,0.23,0.22,1.75,1.54,3289.29,12.42,9258.7,2.01,57.86,111.13,1.83
2020-01-16,,,,,,,,,,,,,,,,,,,,,,,114.9999,1.81,1.58,2.26,0.23,0.26,1.74,1.54,3316.81,12.32,9357.13,2.0,58.52,40.2,1.8
2020-01-17,,,,,,,,,,,,,,,,,,,,,,,115.0642,1.84,1.58,2.29,0.26,0.28,1.75,1.55,3329.62,12.1,9388.94,1.98,58.55,53.72,1.82
2020-01-18,,,,,,,,,,,,,,,,,,,,,,,,,,,,,,1.55,,,,,,14.65,
2020-01-19,,,,,,,,,,,,,,,,,,,,,,,,,,,,,,1.55,,,,,,127.76,
2020-01-20,,,,,,,,,,,,,,,,,,,,,,,,,,,,,,1.55,,,,,,54.04,
2020-01-21,,,,,,,,,,,,,,,,,,,,,,,115.1865,1.78,1.53,2.23,0.25,0.22,1.74,1.55,3320.79,12.85,9370.81,1.97,58.25,12.1,1.82
2020-01-22,,,,,,,,,,,,,,,,,,,,,,,115.2264,1.77,1.53,2.22,0.24,0.22,1.72,1.55,3321.75,12.91,9383.77,1.97,56.76,19.3,1.8
2020-01-23,,,,,,,,,,,,,,,,,,,,,,,115.5537,1.74,1.51,2.18,0.23,0.19,1.7,1.55,3325.54,12.98,9402.48,1.98,55.51,58.59,1.76
2020-01-24,,,,,,,,,,,,,,,,,,,,,,,115.5545,1.7,1.49,2.14,0.21,0.16,1.68,1.55,3295.47,14.56,9314.91,1.98,54.09,42.43,1.74
2020-01-25,,,,,,,,,,,,,,,,,,,,,,,,,,,,,,1.55,,,,,,44.26,
2020-01-26,,,,,,,,,,,,,,,,,,,,,,,,,,,,,,1.55,,,,,,83.34,
2020-01-27,,,,,,,,,,,,,,,,,,,,,,,115.7994,1.61,1.44,2.05,0.17,0.06,1.63,1.55,3243.63,18.23,9139.31,2.04,53.09,102.15,1.7
2020-01-28,,,,,,,,,,,,,,,,,,,,,,,115.7226,1.65,1.45,2.1,0.2,0.08,1.65,1.55,3276.24,16.28,9269.68,2.04,53.33,177.55,1.71
2020-01-29,,,,,,,,,,,,,,,,,,,,,,,115.6986,1.6,1.42,2.05,0.18,0.04,1.64,1.55,3273.4,16.39,9275.16,2.05,53.29,46.53,1.7
2020-01-30,,,,,,,,,,,,,,,,,,,,,,,115.8065,1.57,1.41,2.04,0.16,0.0,1.64,1.6,3283.66,15.49,9298.93,2.08,52.19,137.4,1.69
2020-01-31,,,,,,,,,,,,,,,,,,,,,,,115.7342,1.51,1.33,1.99,0.18,-0.04,1.65,1.59,3225.52,18.84,9150.94,2.13,51.58,248.36,1.7
2020-02-01,15467.0,4001.1,4169901.0,259.25,267.37,236.782,1.58,-0.155,152292.0,3.5,63.3,15916.8,14833.8,7.5,230.4353079214328,113.26,97.58691540369183,0.134,214.294,1549.0,1455.0,0.12,,,,,,,,1.59,,,,,,114.64,
2020-02-02,,,,,,,,,,,,,,,,,,,,,,,,,,,,,,1.59,,,,,,54.86,
2020-02-03,,,,,,,,,,,,,,,,,,,,,,,116.1176,1.54,1.36,2.01,0.18,-0.03,1.63,1.59,3248.92,17.97,9273.4,2.1,50.06,108.64,1.7
2020-02-04,,,,,,,,,,,,,,,,,,,,,,,115.929,1.61,1.41,2.08,0.2,0.04,1.64,1.59,3297.59,16.05,9467.97,2.09,49.59,70.54,1.7
2020-02-05,,,,,,,,,,,,,,,,,,,,,,,116.0082,1.66,1.44,2.14,0.22,0.09,1.66,1.59,3334.69,15.15,9508.68,2.07,50.87,92.92,1.71
2020-02-06,,,,,,,,,,,,,,,,,,,,,,,116.1508,1.65,1.44,2.11,0.21,0.08,1.67,1.59,3345.78,14.96,9572.15,2.05,50.94,58.53,1.73
2020-02-07,,,,,,,,,,,,,,,,,,,,,,,116.5075,1.59,1.41,2.05,0.18,0.03,1.66,1.58,3327.71,15.47,9520.51,2.05,50.34,53.44,1.71
2020-02-08,,,,,,,,,,,,,,,,,,,,,,,,,,,,,,1.58,,,,,,57.62,
2020-02-09,,,,,,,,,,,,,,,,,,,,,,,,,,,,,,1.58,,,,,,27.2,
2020-02-10,,,,,,,,,,,,,,,,,,,,,,,116.5701,1.56,1.37,2.03,0.19,-0.02,1.66,1.58,3352.09,15.04,9628.39,2.06,49.59,61.57,1.7
2020-02-11,,,,,,,,,,,,,,,,,,,,,,,116.3572,1.59,1.41,2.05,0.18,0.02,1.65,1.58,3357.75,15.18,9638.94,2.05,50.0,34.36,1.7
2020-02-12,,,,,,,,,,,,,,,,,,,,,,,116.2777,1.62,1.44,2.09,0.18,0.04,1.66,1.58,3379.45,13.74,9725.96,2.06,51.13,63.33,1.68
2020-02-13,,,,,,,,,,,,,,,,,,,,,,,116.398,1.61,1.44,2.07,0.17,0.02,1.67,1.58,3373.94,14.15,9711.97,2.05,51.41,39.25,1.69
2020-02-14,,,,,,,,,,,,,,,,,,,,,,,116.42,1.59,1.42,2.04,0.17,0.01,1.66,1.58,3380.16,13.68,9731.18,2.04,52.03,52.49,1.68
2020-02-15,,,,,,,,,,,,,,,,,,,,,,,,,,,,,,1.58,,,,,,86.21,
2020-02-16,,,,,,,,,,,,,,,,,,,,,,,,,,,,,,1.58,,,,,,53.12,
2020-02-17,,,,,,,,,,,,,,,,,,,,,,,,,,,,,,1.58,,,,,,66.68,
2020-02-18,,,,,,,,,,,,,,,,,,,,,,,116.6016,1.55,1.41,2.0,0.14,-0.03,1.65,1.59,3370.29,14.83,9732.74,2.05,52.1,35.85,1.66
2020-02-19,,,,,,,,,,,,,,,,,,,,,,,116.7802,1.56,1.42,2.01,0.14,-0.02,1.65,1.59,3386.15,14.38,9817.18,2.05,53.31,101.92,1.65
2020-02-20,,,,,,,,,,,,,,,,,,,,,,,117.2434,1.52,1.39,1.97,0.13,-0.06,1.63,1.59,3373.23,15.56,9750.96,2.05,53.77,77.78,1.63
2020-02-21,,,,,,,,,,,,,,,,,,,,,,,117.0456,1.46,1.34,1.9,0.12,-0.1,1.61,1.58,3337.75,17.08,9576.59,2.09,53.36,82.92,1.62
2020-02-22,,,,,,,,,,,,,,,,,,,,,,,,,,,,,,1.58,,,,,,28.2,
2020-02-23,,,,,,,,,,,,,,,,,,,,,,,,,,,,,,1.58,,,,,,65.33,
2020-02-24,,,,,,,,,,,,,,,,,,,,,,,117.401,1.38,1.26,1.84,0.12,-0.15,1.59,1.58,3225.89,25.03,9221.28,2.13,51.36,93.18,1.61
2020-02-25,,,,,,,,,,,,,,,,,,,,,,,117.2417,1.33,1.2,1.8,0.13,-0.2,1.53,1.58,3128.21,27.85,8965.61,2.19,49.78,388.12,1.54
2020-02-26,,,,,,,,,,,,,,,,,,,,,,,117.4048,1.33,1.16,1.81,0.17,-0.2,1.54,1.58,3116.39,27.56,8980.77,2.2,48.67,109.69,1.58
2020-02-27,,,,,,,,,,,,,,,,,,,,,,,117.3686,1.3,1.11,1.79,0.19,-0.15,1.53,1.58,2978.76,39.16,8566.48,2.27,47.17,212.21,1.58
2020-02-28,,,,,,,,,,,,,,,,,,,,,,,117.6573,1.13,0.86,1.65,0.27,-0.14,1.41,1.58,2954.22,40.11,8567.37,2.38,44.83,360.14,1.49
2020-02-29,,,,,,,,,,,,,,,,,,,,,,,,,,,,,,1.58,,,,,,647.86,
2020-03-01,15993.8,4266.0,4618977.0,258.076,267.054,235.157,0.65,0.005,150895.0,4.4,62.6,15704.9,13810.5,12.4,356.8521083013302,380.39,304.0692764054448,0.134,201.681,1266.0,1346.0,100.0,,,,,,,,1.58,,,,,,199.5,
2020-03-02,,,,,,,,,,,,,,,,,,,,,,,116.8148,1.1,0.84,1.66,0.26,-0.03,1.41,1.59,3090.23,33.42,8952.16,2.44,46.78,201.53,1.5
2020-03-03,,,,,,,,,,,,,,,,,,,,,,,116.4958,1.02,0.71,1.64,0.31,0.07,1.45,1.59,3003.37,36.82,8684.09,2.48,47.27,325.54,1.56
2020-03-04,,,,,,,,,,,,,,,,,,,,,,,116.7799,1.02,0.67,1.67,0.35,0.3,1.46,1.09,3130.12,31.99,9018.09,2.47,46.78,323.56,1.58
2020-03-05,,,,,,,,,,,,,,,,,,,,,,,116.7913,0.92,0.59,1.56,0.33,0.3,1.4,1.09,3023.94,39.62,8738.6,2.52,45.9,197.17,1.52
2020-03-06,,,,,,,,,,,,,,,,,,,,,,,116.7132,0.74,0.49,1.25,0.25,0.29,1.31,1.09,2972.37,41.94,8575.62,2.55,41.14,255.77,1.48
2020-03-07,,,,,,,,,,,,,,,,,,,,,,,,,,,,,,1.09,,,,,,209.87,
2020-03-08,,,,,,,,,,,,,,,,,,,,,,,,,,,,,,1.09,,,,,,394.79,
2020-03-09,,,,,,,,,,,,,,,,,,,,,,,117.1927,0.54,0.38,0.99,0.16,0.21,0.99,1.09,2746.56,54.46,7950.68,2.93,31.05,509.19,1.18
2020-03-10,,,,,,,,,,,,,,,,,,,,,,,117.9082,0.76,0.5,1.28,0.26,0.32,1.0,1.09,2882.23,47.3,8344.25,2.93,34.47,822.47,1.23
2020-03-11,,,,,,,,,,,,,,,,,,,,,,,118.2564,0.82,0.5,1.3,0.32,0.4,0.96,1.09,2741.38,53.9,7952.05,2.99,33.13,357.24,1.23
2020-03-12,,,,,,,,,,,,,,,,,,,,,,,120.4945,0.88,0.5,1.49,0.38,0.55,0.92,1.1,2480.64,75.47,7201.8,3.2,31.56,321.78,1.21
2020-03-13,,,,,,,,,,,,,,,,,,,,,,,120.4439,0.94,0.49,1.56,0.45,0.66,0.9,1.1,2711.02,57.83,7874.88,3.3,31.72,409.89,1.27
2020-03-14,,,,,,,,,,,,,,,,,,,,,,,,,,,,,,1.1,,,,,,590.13,
2020-03-15,,,,,,,,,,,,,,,,,,,,,,,,,,,,,,1.1,,,,,,1229.76,
2020-03-16,,,,,,,,,,,,,,,,,,,,,,,120.9417,0.73,0.36,1.34,0.37,0.49,0.73,0.25,2386.13,82.69,6904.59,3.38,28.96,453.25,1.16
2020-03-17,,,,,,,,,,,,,,,,,,,,,,,122.4875,1.02,0.47,1.63,0.55,0.83,0.63,0.25,2529.19,75.91,7334.78,3.49,26.96,623.11,1.1
2020-03-18,,,,,,,,,,,,,,,,,,,,,,,124.1693,1.18,0.54,1.77,0.64,1.16,0.63,0.25,2398.1,76.45,6989.84,3.81,20.48,494.46,1.1
2020-03-19,,,,,,,,,,,,,,,,,,,,,,,125.0662,1.12,0.44,1.78,0.68,1.08,0.5,0.2,2409.39,72.0,7150.58,4.01,25.09,621.34,0.86
2020-03-20,,,,,,,,,,,,,,,,,,,,,,,124.9425,0.92,0.37,1.55,0.55,0.87,0.75,0.15,2304.92,66.04,6879.52,4.23,19.48,939.58,1.19
2020-03-21,,,,,,,,,,,,,,,,,,,,,,,,,,,,,,0.15,,,,,,429.25,
2020-03-22,,,,,,,,,,,,,,,,,,,,,,,,,,,,,,0.15,,,,,,889.94,
2020-03-23,,,,,,,,,,,,,,,,,,,,,,,126.1342,0.76,0.28,1.33,0.48,0.74,0.8,0.15,2237.4,61.59,6860.67,4.31,23.33,491.15,1.23
2020-03-24,,,,,,,,,,,,,,,,,,,,,,,125.5092,0.84,0.38,1.39,0.46,0.83,0.97,0.12,2447.33,61.67,7417.86,4.19,21.03,358.79,1.39
2020-03-25,,,,,,,,,,,,,,,,,,,,,,,124.7995,0.88,0.34,1.45,0.54,0.88,1.07,0.1,2475.56,63.95,7384.3,4.13,20.75,435.62,1.45
2020-03-26,,,,,,,,,,,,,,,,,,,,,,,122.4384,0.83,0.3,1.42,0.53,0.83,1.07,0.1,2630.07,61.0,7797.54,4.04,16.6,712.53,1.42
2020-03-27,,,,,,,,,,,,,,,,,,,,,,,122.4097,0.72,0.25,1.29,0.47,0.69,0.94,0.1,2541.47,65.54,7502.38,3.98,15.48,396.87,1.34
2020-03-28,,,,,,,,,,,,,,,,,,,,,,,,,,,,,,0.1,,,,,,423.85,
2020-03-29,,,,,,,,,,,,,,,,,,,,,,,,,,,,,,0.1,,,,,,678.59,
2020-03-30,,,,,,,,,,,,,,,,,,,,,,,123.2997,0.7,0.23,1.31,0.47,0.58,0.95,0.09,2626.65,57.08,7774.15,3.89,14.1,183.67,1.33
2020-03-31,,,,,,,,,,,,,,,,,,,,,,,122.5394,0.7,0.23,1.35,0.47,0.59,0.87,0.08,2584.59,53.54,7700.1,3.93,20.51,286.15,1.25
2020-04-01,17005.8,4804.3,6298340.0,256.032,265.746,232.419,0.05,-0.04,130424.0,14.8,60.1,18030.2,12234.4,32.0,358.8066773156684,555.32,204.4861347443216,0.133,182.586,936.0,1076.0,100.0,123.8033,0.62,0.23,1.27,0.39,0.53,0.91,0.06,2470.5,57.06,7360.58,3.97,20.28,370.87,1.26
2020-04-02,,,,,,,,,,,,,,,,,,,,,,,123.5994,0.63,0.23,1.26,0.4,0.54,1.03,0.05,2526.9,50.91,7487.31,3.92,25.18,393.89,1.33
2020-04-03,,,,,,,,,,,,,,,,,,,,,,,124.4237,0.62,0.23,1.24,0.39,0.52,1.08,0.05,2488.65,46.8,7373.08,3.92,28.36,207.65,1.38
2020-04-04,,,,,,,,,,,,,,,,,,,,,,,,,,,,,,0.05,,,,,,214.98,
2020-04-05,,,,,,,,,,,,,,,,,,,,,,,,,,,,,,0.05,,,,,,753.44,
2020-04-06,,,,,,,,,,,,,,,,,,,,,,,124.1692,0.67,0.27,1.27,0.4,0.52,1.14,0.05,2663.68,45.24,7913.24,3.91,26.21,364.22,1.43
2020-04-07,,,,,,,,,,,,,,,,,,,,,,,123.1038,0.75,0.28,1.32,0.47,0.61,1.17,0.05,2659.41,46.7,7887.26,3.79,23.54,463.95,1.48
2020-04-08,,,,,,,,,,,,,,,,,,,,,,,123.2299,0.77,0.27,1.37,0.5,0.55,1.19,0.05,2749.98,43.35,8090.9,3.75,24.97,285.79,1.51
2020-04-09,,,,,,,,,,,,,,,,,,,,,,,122.4834,0.73,0.23,1.35,0.5,0.48,1.23,0.05,2789.82,41.67,8153.58,3.61,22.9,203.41,1.56
2020-04-10,,,,,,,,,,,,,,,,,,,,,,,122.1668,,,,,,,0.05,,,,,,330.69,
2020-04-11,,,,,,,,,,,,,,,,,,,,,,,,,,,,,,0.05,,,,,,376.38,
2020-04-12,,,,,,,,,,,,,,,,,,,,,,,,,,,,,,0.05,,,,,,559.0,
2020-04-13,,,,,,,,,,,,,,,,,,,,,,,122.5282,0.76,0.25,1.39,0.51,0.5,1.26,0.05,2761.63,41.17,8192.42,3.41,22.36,311.21,1.58
2020-04-14,,,,,,,,,,,,,,,,,,,,,,,122.1204,0.76,0.23,1.41,0.53,0.56,1.29,0.05,2846.06,37.76,8515.74,3.36,20.15,178.24,1.64
2020-04-15,,,,,,,,,,,,,,,,,,,,,,,123.084,0.63,0.2,1.27,0.43,0.49,1.19,0.05,2783.36,40.84,8393.18,3.33,19.96,179.98,1.51
2020-04-16,,,,,,,,,,,,,,,,,,,,,,,123.4698,0.61,0.2,1.21,0.41,0.47,1.03,0.05,2799.55,40.11,8532.36,3.28,19.82,173.1,1.36
2020-04-17,,,,,,,,,,,,,,,,,,,,,,,122.8791,0.65,0.2,1.27,0.45,0.53,1.01,0.05,2874.56,38.15,8650.14,3.27,18.31,240.98,1.35
2020-04-18,,,,,,,,,,,,,,,,,,,,,,,,,,,,,,0.05,,,,,,188.61,
2020-04-19,,,,,,,,,,,,,,,,,,,,,,,,,,,,,,0.05,,,,,,514.86,
2020-04-20,,,,,,,,,,,,,,,,,,,,,,,123.1121,0.63,0.2,1.23,0.43,0.51,0.94,0.05,2823.16,43.83,8560.73,3.28,-36.98,241.9,1.32
2020-04-21,,,,,,,,,,,,,,,,,,,,,,,123.9207,0.58,0.2,1.17,0.38,0.47,0.96,0.05,2736.56,45.41,8263.23,3.29,8.91,270.74,1.34
2020-04-22,,,,,,,,,,,,,,,,,,,,,,,123.9354,0.63,0.22,1.22,0.41,0.51,1.06,0.05,2799.31,41.98,8495.38,3.3,13.64,211.44,1.43
2020-04-23,,,,,,,,,,,,,,,,,,,,,,,123.7645,0.61,0.22,1.18,0.39,0.5,1.05,0.04,2797.8,41.38,8494.75,3.26,15.06,314.33,1.43
2020-04-24,,,,,,,,,,,,,,,,,,,,,,,124.172,0.6,0.22,1.17,0.38,0.48,1.11,0.05,2836.74,35.93,8634.52,3.25,15.99,212.75,1.5
2020-04-25,,,,,,,,,,,,,,,,,,,,,,,,,,,,,,0.05,,,,,,322.31,
2020-04-26,,,,,,,,,,,,,,,,,,,,,,,,,,,,,,0.05,,,,,,601.63,
2020-04-27,,,,,,,,,,,,,,,,,,,,,,,123.8954,0.67,0.24,1.25,0.43,0.55,1.17,0.04,2878.48,33.29,8730.16,3.24,12.17,544.81,1.56
2020-04-28,,,,,,,,,,,,,,,,,,,,,,,123.3794,0.62,0.2,1.2,0.42,0.51,1.14,0.04,2863.39,33.57,8607.73,3.25,12.4,406.83,1.52
2020-04-29,,,,,,,,,,,,,,,,,,,,,,,122.7877,0.63,0.2,1.24,0.43,0.53,1.14,0.04,2939.51,31.23,8914.71,3.24,15.04,215.48,1.5
2020-04-30,,,,,,,,,,,,,,,,,,,,,,,122.3375,0.64,0.2,1.28,0.44,0.55,1.07,0.05,2912.43,34.15,8889.55,3.23,19.23,297.41,1.42
2020-05-01,17853.4,16231.5,6947555.0,255.802,265.412,231.895,0.05,0.0,133040.0,13.2,60.8,17114.4,13251.7,22.8,431.5421493015019,484.18,181.88707538947023,0.134,180.04,1039.0,1250.0,0.12,123.1615,0.64,0.2,1.27,0.44,0.52,1.06,0.05,2830.71,37.19,8604.95,3.25,19.72,199.13,1.44
2020-05-02,,,,,,,,,,,,,,,,,,,,,,,,,,,,,,0.05,,,,,,369.69,
2020-05-03,,,,,,,,,,,,,,,,,,,,,,,,,,,,,,0.05,,,,,,315.76,
2020-05-04,,,,,,,,,,,,,,,,,,,,,,,123.2224,0.64,0.19,1.29,0.45,0.51,1.07,0.05,2842.74,35.97,8710.71,3.28,20.47,242.89,1.45
2020-05-05,,,,,,,,,,,,,,,,,,,,,,,122.8117,0.66,0.19,1.32,0.47,0.53,1.1,0.05,2868.44,33.61,8809.12,3.28,24.56,222.51,1.49
2020-05-06,,,,,,,,,,,,,,,,,,,,,,,123.6188,0.72,0.17,1.41,0.55,0.6,1.1,0.05,2848.42,34.12,8854.39,3.31,23.88,143.03,1.49
2020-05-07,,,,,,,,,,,,,,,,,,,,,,,123.1339,0.63,0.13,1.31,0.5,0.52,1.08,0.05,2881.19,31.44,8979.66,3.34,23.68,322.31,1.46
2020-05-08,,,,,,,,,,,,,,,,,,,,,,,122.5465,0.69,0.16,1.39,0.53,0.57,1.12,0.05,2929.8,27.98,9121.32,3.37,24.73,135.65,1.5
2020-05-09,,,,,,,,,,,,,,,,,,,,,,,,,,,,,,0.05,,,,,,122.9,
2020-05-10,,,,,,,,,,,,,,,,,,,,,,,,,,,,,,0.05,,,,,,159.93,
2020-05-11,,,,,,,,,,,,,,,,,,,,,,,123.2423,0.73,0.17,1.43,0.56,0.61,1.13,0.05,2930.32,27.57,9192.34,3.41,24.02,377.59,1.51
2020-05-12,,,,,,,,,,,,,,,,,,,,,,,123.0694,0.69,0.17,1.38,0.52,0.56,1.09,0.05,2870.12,33.04,9002.55,3.4,25.76,156.51,1.46
2020-05-13,,,,,,,,,,,,,,,,,,,,,,,123.5512,0.64,0.16,1.35,0.48,0.51,1.07,0.05,2820.0,35.28,8863.17,3.43,25.37,176.04,1.43
2020-05-14,,,,,,,,,,,,,,,,,,,,,,,123.6524,0.63,0.16,1.3,0.47,0.51,1.06,0.05,2852.5,32.61,8943.72,3.41,27.4,241.45,1.41
2020-05-15,,,,,,,,,,,,,,,,,,,,,,,123.608,0.64,0.16,1.32,0.48,0.52,1.09,0.05,2863.7,31.89,9014.56,3.41,29.44,190.15,1.43
2020-05-16,,,,,,,,,,,,,,,,,,,,,,,,,,,,,,0.05,,,,,,291.43,
2020-05-17,,,,,,,,,,,,,,,,,,,,,,,,,,,,,,0.05,,,,,,322.95,
2020-05-18,,,,,,,,,,,,,,,,,,,,,,,122.8055,0.73,0.18,1.44,0.55,0.6,1.17,0.05,2953.91,29.3,9234.83,3.38,31.83,268.63,1.5
2020-05-19,,,,,,,,,,,,,,,,,,,,,,,122.5744,0.7,0.17,1.43,0.53,0.57,1.15,0.05,2922.94,30.53,9185.1,3.3,32.3,251.24,1.48
2020-05-20,,,,,,,,,,,,,,,,,,,,,,,122.1093,0.68,0.16,1.4,0.52,0.56,1.16,0.05,2971.61,27.99,9375.78,3.24,33.56,301.2,1.49
2020-05-21,,,,,,,,,,,,,,,,,,,,,,,122.099,0.68,0.17,1.4,0.51,0.56,1.14,0.05,2948.51,29.53,9284.88,3.18,34.3,34.27,1.47
2020-05-22,,,,,,,,,,,,,,,,,,,,,,,122.3278,0.66,0.17,1.37,0.49,0.54,1.12,0.05,2955.45,28.16,9324.59,3.18,33.49,150.51,1.44
2020-05-23,,,,,,,,,,,,,,,,,,,,,,,,,,,,,,0.05,,,,,,163.44,
2020-05-24,,,,,,,,,,,,,,,,,,,,,,,,,,,,,,0.05,,,,,,287.03,
2020-05-25,,,,,,,,,,,,,,,,,,,,,,,,,,,,,,0.05,,,,,,195.34,
2020-05-26,,,,,,,,,,,,,,,,,,,,,,,121.3933,0.69,0.18,1.43,0.51,0.55,1.13,0.05,2991.77,28.01,9340.22,3.14,34.7,124.61,1.44
2020-05-27,,,,,,,,,,,,,,,,,,,,,,,121.5741,0.68,0.19,1.44,0.49,0.53,1.14,0.05,3036.13,27.62,9412.36,3.11,32.8,267.67,1.46
2020-05-28,,,,,,,,,,,,,,,,,,,,,,,121.0207,0.7,0.17,1.47,0.53,0.55,1.18,0.05,3029.73,28.59,9368.99,3.1,33.67,132.94,1.5
2020-05-29,,,,,,,,,,,,,,,,,,,,,,,120.953,0.65,0.16,1.41,0.49,0.51,1.15,0.05,3044.31,27.51,9489.87,3.08,35.57,106.19,1.47
2020-05-30,,,,,,,,,,,,,,,,,,,,,,,,,,,,,,0.05,,,,,,349.86,
2020-05-31,,,,,,,,,,,,,,,,,,,,,,,,,,,,,,0.05,,,,,,576.88,
2020-06-01,18141.1,16554.5,7127786.0,257.042,265.849,233.425,0.08,0.03,137671.0,11.0,61.5,17047.5,14040.8,18.4,328.657949575624,313.92,165.41869748855248,0.137,188.734,1266.0,1334.0,0.1,120.2753,0.66,0.14,1.46,0.52,0.52,1.18,0.05,3055.73,28.23,9552.05,3.1,35.49,35.02,1.52
2020-06-02,,,,,,,,,,,,,,,,,,,,,,,119.692,0.68,0.17,1.48,0.51,0.53,1.18,0.06,3080.82,26.84,9608.37,3.08,36.88,60.54,1.52
2020-06-03,,,,,,,,,,,,,,,,,,,,,,,119.2625,0.77,0.19,1.56,0.58,0.61,1.21,0.06,3122.87,25.66,9682.91,3.02,37.33,91.94,1.54
2020-06-04,,,,,,,,,,,,,,,,,,,,,,,119.3094,0.82,0.19,1.61,0.63,0.67,1.22,0.06,3112.35,25.81,9615.81,2.99,37.42,21.68,1.56
2020-06-05,,,,,,,,,,,,,,,,,,,,,,,118.8202,0.91,0.22,1.68,0.69,0.76,1.27,0.07,3193.93,24.52,9814.08,2.86,39.49,242.01,1.59
2020-06-06,,,,,,,,,,,,,,,,,,,,,,,,,,,,,,0.07,,,,,,88.82,
2020-06-07,,,,,,,,,,,,,,,,,,,,,,,,,,,,,,0.07,,,,,,272.81,
2020-06-08,,,,,,,,,,,,,,,,,,,,,,,118.6687,0.88,0.22,1.65,0.66,0.71,1.28,0.07,3232.39,25.81,9924.74,2.81,38.17,223.07,1.58
2020-06-09,,,,,,,,,,,,,,,,,,,,,,,118.5967,0.84,0.2,1.59,0.64,0.65,1.26,0.07,3207.18,27.57,9953.75,2.8,38.98,181.38,1.54
2020-06-10,,,,,,,,,,,,,,,,,,,,,,,118.5307,0.75,0.17,1.53,0.58,0.58,1.27,0.08,3190.14,27.57,10020.35,2.86,39.54,100.37,1.54
2020-06-11,,,,,,,,,,,,,,,,,,,,,,,119.2435,0.66,0.19,1.41,0.47,0.49,1.21,0.08,3002.1,40.79,9492.73,2.91,36.43,286.11,1.47
2020-06-12,,,,,,,,,,,,,,,,,,,,,,,119.6719,0.71,0.19,1.45,0.52,0.55,1.21,0.08,3041.31,36.09,9588.81,2.91,36.24,243.69,1.47
2020-06-13,,,,,,,,,,,,,,,,,,,,,,,,,,,,,,0.08,,,,,,163.33,
2020-06-14,,,,,,,,,,,,,,,,,,,,,,,,,,,,,,0.08,,,,,,198.75,
2020-06-15,,,,,,,,,,,,,,,,,,,,,,,119.9622,0.71,0.19,1.45,0.52,0.53,1.23,0.09,3066.59,34.4,9726.02,2.93,37.07,262.83,1.48
2020-06-16,,,,,,,,,,,,,,,,,,,,,,,119.5744,0.75,0.21,1.54,0.54,0.58,1.27,0.09,3124.74,33.67,9895.87,2.89,38.26,338.43,1.52
2020-06-17,,,,,,,,,,,,,,,,,,,,,,,119.918,0.74,0.19,1.52,0.55,0.57,1.26,0.09,3113.49,33.47,9910.53,2.87,37.91,178.47,1.51
2020-06-18,,,,,,,,,,,,,,,,,,,,,,,120.2252,0.71,0.19,1.47,0.52,0.55,1.28,0.09,3115.34,32.94,9943.05,2.86,38.79,60.56,1.44
2020-06-19,,,,,,,,,,,,,,,,,,,,,,,120.226,0.7,0.19,1.47,0.51,0.55,1.3,0.09,3097.74,35.12,9946.12,2.87,39.72,104.01,1.54
2020-06-20,,,,,,,,,,,,,,,,,,,,,,,,,,,,,,0.09,,,,,,178.06,
2020-06-21,,,,,,,,,,,,,,,,,,,,,,,,,,,,,,0.09,,,,,,194.44,
2020-06-22,,,,,,,,,,,,,,,,,,,,,,,119.7613,0.71,0.19,1.46,0.52,0.55,1.34,0.08,3117.86,31.77,10056.47,2.86,40.6,208.2,1.57
2020-06-23,,,,,,,,,,,,,,,,,,,,,,,119.3372,0.72,0.18,1.49,0.54,0.56,1.38,0.08,3131.29,31.37,10131.37,2.87,40.4,111.95,1.62
2020-06-24,,,,,,,,,,,,,,,,,,,,,,,119.9834,0.69,0.19,1.44,0.5,0.54,1.33,0.08,3050.33,33.84,9909.17,2.89,37.91,90.63,1.56
2020-06-25,,,,,,,,,,,,,,,,,,,,,,,120.3089,0.68,0.17,1.43,0.51,0.52,1.33,0.08,3083.76,32.22,10017.0,2.92,38.66,96.75,1.55
2020-06-26,,,,,,,,,,,,,,,,,,,,,,,120.5425,0.64,0.17,1.37,0.47,0.5,1.32,0.08,3009.05,34.73,9757.22,2.92,38.53,193.43,1.53
2020-06-27,,,,,,,,,,,,,,,,,,,,,,,,,,,,,,0.08,,,,,,271.94,
2020-06-28,,,,,,,,,,,,,,,,,,,,,,,,,,,,,,0.08,,,,,,297.98,
2020-06-29,,,,,,,,,,,,,,,,,,,,,,,120.6757,0.64,0.16,1.39,0.48,0.5,1.34,0.08,3053.24,31.78,9874.15,2.94,39.67,188.51,1.54
2020-06-30,,,,,,,,,,,,,,,,,,,,,,,120.4746,0.66,0.16,1.41,0.5,0.5,1.34,0.08,3100.29,30.43,10058.77,2.93,39.27,233.01,1.52
2020-07-01,18298.0,16761.7,6960429.0,258.352,267.389,234.917,0.09,0.01,139255.0,10.2,61.5,17195.8,14303.8,17.8,352.16067809719294,359.45,116.50112764198052,0.137,191.966,1526.0,1546.0,0.04,120.0902,0.69,0.17,1.43,0.52,0.55,1.37,0.08,3115.86,28.62,10154.63,2.89,39.88,99.85,1.57
2020-07-02,,,,,,,,,,,,,,,,,,,,,,,119.8648,0.68,0.16,1.43,0.52,0.54,1.41,0.09,3130.01,27.68,10207.63,2.87,40.57,48.56,1.61
2020-07-03,,,,,,,,,,,,,,,,,,,,,,,,,,,,,,0.09,,,,,,91.41,
2020-07-04,,,,,,,,,,,,,,,,,,,,,,,,,,,,,,0.09,,,,,,96.1,
2020-07-05,,,,,,,,,,,,,,,,,,,,,,,,,,,,,,0.09,,,,,,334.64,
2020-07-06,,,,,,,,,,,,,,,,,,,,,,,119.2941,0.69,0.16,1.45,0.53,0.54,1.45,0.09,3179.72,27.94,10433.65,2.83,40.51,173.51,1.62
2020-07-07,,,,,,,,,,,,,,,,,,,,,,,119.5814,0.65,0.16,1.38,0.49,0.5,1.43,0.09,3145.32,29.43,10343.89,2.81,40.59,179.41,1.6
2020-07-08,,,,,,,,,,,,,,,,,,,,,,,119.5625,0.67,0.16,1.39,0.51,0.52,1.42,0.09,3169.94,28.08,10492.5,2.77,40.91,104.79,1.59
2020-07-09,,,,,,,,,,,,,,,,,,,,,,,119.5221,0.62,0.16,1.32,0.46,0.49,1.39,0.09,3152.05,29.26,10547.75,2.73,39.64,60.54,1.56
2020-07-10,,,,,,,,,,,,,,,,,,,,,,,119.3601,0.65,0.16,1.33,0.49,0.52,1.41,0.09,3185.04,27.29,10617.44,2.74,40.56,52.36,1.57
2020-07-11,,,,,,,,,,,,,,,,,,,,,,,,,,,,,,0.09,,,,,,17.84,
2020-07-12,,,,,,,,,,,,,,,,,,,,,,,,,,,,,,0.09,,,,,,280.77,
2020-07-13,,,,,,,,,,,,,,,,,,,,,,,119.1984,0.64,0.16,1.33,0.48,0.5,1.42,0.09,3155.22,32.19,10390.84,2.74,40.06,167.4,1.57
2020-07-14,,,,,,,,,,,,,,,,,,,,,,,119.3999,0.63,0.14,1.3,0.49,0.48,1.41,0.09,3197.52,29.52,10488.58,2.71,40.3,96.02,1.55
2020-07-15,,,,,,,,,,,,,,,,,,,,,,,119.0423,0.64,0.16,1.33,0.48,0.48,1.41,0.1,3226.56,27.76,10550.49,2.71,41.2,154.34,1.54
2020-07-16,,,,,,,,,,,,,,,,,,,,,,,118.9368,0.62,0.16,1.31,0.46,0.51,1.41,0.1,3215.57,28.0,10473.83,2.69,40.74,131.3,1.52
2020-07-17,,,,,,,,,,,,,,,,,,,,,,,119.134,0.64,0.14,1.33,0.5,0.53,1.46,0.09,3224.73,25.68,10503.19,2.68,40.55,128.96,1.57
2020-07-18,,,,,,,,,,,,,,,,,,,,,,,,,,,,,,0.09,,,,,,92.83,
2020-07-19,,,,,,,,,,,,,,,,,,,,,,,,,,,,,,0.09,,,,,,504.06,
2020-07-20,,,,,,,,,,,,,,,,,,,,,,,119.0588,0.62,0.16,1.32,0.46,0.49,1.46,0.1,3251.84,24.46,10767.09,2.66,40.83,169.39,1.55
2020-07-21,,,,,,,,,,,,,,,,,,,,,,,118.4145,0.61,0.14,1.31,0.47,0.48,1.48,0.1,3257.3,24.84,10680.36,2.63,41.76,70.37,1.56
2020-07-22,,,,,,,,,,,,,,,,,,,,,,,118.1446,0.6,0.14,1.29,0.46,0.47,1.48,0.09,3276.02,24.32,10706.13,2.61,41.88,93.11,1.56
2020-07-23,,,,,,,,,,,,,,,,,,,,,,,118.0724,0.59,0.16,1.24,0.43,0.47,1.49,0.09,3235.66,26.08,10461.42,2.58,40.99,47.78,1.61
2020-07-24,,,,,,,,,,,,,,,,,,,,,,,118.1445,0.59,0.14,1.23,0.45,0.48,1.51,0.09,3215.63,25.84,10363.18,2.58,41.23,165.1,1.67
2020-07-25,,,,,,,,,,,,,,,,,,,,,,,,,,,,,,0.09,,,,,,104.96,
2020-07-26,,,,,,,,,,,,,,,,,,,,,,,,,,,,,,0.09,,,,,,196.03,
2020-07-27,,,,,,,,,,,,,,,,,,,,,,,117.3982,0.62,0.15,1.25,0.47,0.51,1.52,0.1,3239.41,24.74,10536.27,2.56,41.46,310.6,1.66
2020-07-28,,,,,,,,,,,,,,,,,,,,,,,117.3301,0.59,0.14,1.22,0.45,0.48,1.51,0.1,3218.44,25.44,10402.09,2.57,40.89,39.47,1.66
2020-07-29,,,,,,,,,,,,,,,,,,,,,,,117.2242,0.58,0.12,1.24,0.46,0.47,1.53,0.1,3258.44,24.1,10542.94,2.61,41.13,117.5,1.68
2020-07-30,,,,,,,,,,,,,,,,,,,,,,,117.4133,0.55,0.11,1.2,0.44,0.46,1.52,0.1,3246.22,24.76,10587.81,2.6,39.85,140.52,1.67
2020-07-31,,,,,,,,,,,,,,,,,,,,,,,117.2208,0.55,0.11,1.2,0.44,0.46,1.55,0.1,3271.12,24.46,10745.27,2.6,40.1,89.35,1.7
2020-08-01,18364.3,16879.5,6975892.0,259.316,268.422,236.041,0.1,0.045,140819.0,8.4,61.7,16524.8,14454.9,13.9,301.52449018946817,298.59,91.3675568950422,0.137,193.307,1396.0,1533.0,0.02,,,,,,,,0.1,,,,,,53.33,
2020-08-02,,,,,,,,,,,,,,,,,,,,,,,,,,,,,,0.1,,,,,,203.75,
2020-08-03,,,,,,,,,,,,,,,,,,,,,,,117.8199,0.56,0.11,1.23,0.45,0.46,1.58,0.1,3294.61,24.28,10902.8,2.63,40.83,106.74,1.7
2020-08-04,,,,,,,,,,,,,,,,,,,,,,,117.7962,0.52,0.11,1.19,0.41,0.43,1.57,0.1,3306.51,23.76,10941.17,2.62,41.67,156.05,1.69
2020-08-05,,,,,,,,,,,,,,,,,,,,,,,116.8865,0.55,0.11,1.22,0.44,0.45,1.61,0.1,3327.77,22.99,10998.4,2.59,42.25,166.7,1.7
2020-08-06,,,,,,,,,,,,,,,,,,,,,,,117.055,0.55,0.11,1.2,0.44,0.45,1.63,0.1,3349.16,22.65,11108.07,2.57,41.93,92.26,1.73
2020-08-07,,,,,,,,,,,,,,,,,,,,,,,117.6365,0.57,0.13,1.23,0.44,0.47,1.61,0.1,3351.28,22.21,11010.98,2.57,41.16,50.98,1.72
2020-08-08,,,,,,,,,,,,,,,,,,,,,,,,,,,,,,0.1,,,,,,107.06,
2020-08-09,,,,,,,,,,,,,,,,,,,,,,,,,,,,,,0.1,,,,,,147.27,
2020-08-10,,,,,,,,,,,,,,,,,,,,,,,117.5946,0.59,0.14,1.25,0.45,0.48,1.61,0.1,3360.47,22.13,10968.36,2.56,41.94,163.97,1.73
2020-08-11,,,,,,,,,,,,,,,,,,,,,,,117.3902,0.64,0.16,1.32,0.48,0.53,1.63,0.1,3333.69,24.03,10782.82,2.59,41.53,134.69,1.76
2020-08-12,,,,,,,,,,,,,,,,,,,,,,,117.2679,0.69,0.16,1.37,0.53,0.58,1.67,0.1,3380.35,22.28,11012.24,2.55,42.6,110.59,1.78
2020-08-13,,,,,,,,,,,,,,,,,,,,,,,117.1313,0.71,0.16,1.42,0.55,0.61,1.67,0.1,3373.43,22.13,11042.5,2.59,42.26,70.69,1.78
2020-08-14,,,,,,,,,,,,,,,,,,,,,,,116.9512,0.71,0.14,1.45,0.57,0.61,1.65,0.1,3372.85,22.05,11019.3,2.61,42.05,90.78,1.77
2020-08-15,,,,,,,,,,,,,,,,,,,,,,,,,,,,,,0.1,,,,,,53.26,
2020-08-16,,,,,,,,,,,,,,,,,,,,,,,,,,,,,,0.1,,,,,,64.95,
2020-08-17,,,,,,,,,,,,,,,,,,,,,,,116.7609,0.69,0.14,1.43,0.55,0.59,1.66,0.1,3381.99,21.35,11129.73,2.64,42.89,230.08,1.78
2020-08-18,,,,,,,,,,,,,,,,,,,,,,,116.5722,0.67,0.14,1.4,0.53,0.58,1.68,0.09,3389.78,21.51,11210.84,2.64,42.89,214.21,1.81
2020-08-19,,,,,,,,,,,,,,,,,,,,,,,116.5789,0.68,0.14,1.42,0.54,0.57,1.67,0.09,3374.85,22.54,11146.46,2.65,42.91,133.54,1.79
2020-08-20,,,,,,,,,,,,,,,,,,,,,,,116.8243,0.65,0.13,1.38,0.52,0.54,1.62,0.09,3385.51,22.72,11264.95,2.65,42.62,80.68,1.76
2020-08-21,,,,,,,,,,,,,,,,,,,,,,,117.0682,0.64,0.16,1.35,0.48,0.54,1.64,0.09,3397.16,22.54,11311.8,2.64,42.32,75.09,1.76
2020-08-22,,,,,,,,,,,,,,,,,,,,,,,,,,,,,,0.09,,,,,,121.27,
2020-08-23,,,,,,,,,,,,,,,,,,,,,,,,,,,,,,0.09,,,,,,233.94,
2020-08-24,,,,,,,,,,,,,,,,,,,,,,,116.9238,0.65,0.14,1.35,0.51,0.53,1.67,0.09,3431.28,22.37,11379.72,2.63,42.44,105.15,1.77
2020-08-25,,,,,,,,,,,,,,,,,,,,,,,116.8324,0.69,0.15,1.39,0.54,0.58,1.7,0.09,3443.62,22.03,11466.47,2.63,43.17,40.07,1.8
2020-08-26,,,,,,,,,,,,,,,,,,,,,,,116.6358,0.69,0.16,1.41,0.53,0.58,1.72,0.09,3478.73,23.27,11665.06,2.66,43.21,120.41,1.81
2020-08-27,,,,,,,,,,,,,,,,,,,,,,,116.6614,0.74,0.16,1.5,0.58,0.63,1.73,0.08,3484.55,24.47,11625.34,2.71,42.88,69.39,1.81
2020-08-28,,,,,,,,,,,,,,,,,,,,,,,115.9506,0.74,0.14,1.52,0.6,0.64,1.77,0.09,3508.01,22.96,11695.63,2.71,42.96,75.27,1.86
2020-08-29,,,,,,,,,,,,,,,,,,,,,,,,,,,,,,0.09,,,,,,209.88,
2020-08-30,,,,,,,,,,,,,,,,,,,,,,,,,,,,,,0.09,,,,,,57.62,
2020-08-31,,,,,,,,,,,,,,,,,,,,,,,115.7717,0.72,0.14,1.49,0.58,0.61,1.8,0.09,3500.31,26.41,11775.46,2.67,42.61,88.79,1.91
2020-09-01,18596.6,17159.2,7048374.0,259.997,268.933,236.877,0.09,0.015,141770.0,7.8,61.4,16616.5,14675.4,13.1,289.89338419862867,247.74,124.0286424790192,0.137,196.705,1473.0,1636.0,0.04,115.5814,0.68,0.13,1.43,0.55,0.56,1.76,0.09,3526.65,26.12,11939.67,2.67,42.76,104.85,1.87
2020-09-02,,,,,,,,,,,,,,,,,,,,,,,116.0423,0.66,0.14,1.38,0.52,0.54,1.73,0.09,3580.84,26.57,12056.44,2.64,42.76,96.89,1.85
2020-09-03,,,,,,,,,,,,,,,,,,,,,,,116.0799,0.63,0.13,1.34,0.5,0.52,1.65,0.09,3455.06,33.6,11458.1,2.64,41.39,148.25,1.77
2020-09-04,,,,,,,,,,,,,,,,,,,,,,,116.0457,0.72,0.14,1.46,0.58,0.61,1.7,0.09,3426.96,30.75,11313.13,2.68,39.69,134.77,1.83
2020-09-05,,,,,,,,,,,,,,,,,,,,,,,,,,,,,,0.09,,,,,,67.79,
2020-09-06,,,,,,,,,,,,,,,,,,,,,,,,,,,,,,0.09,,,,,,251.12,
2020-09-07,,,,,,,,,,,,,,,,,,,,,,,,,,,,,,0.09,,,,,,51.6,
2020-09-08,,,,,,,,,,,,,,,,,,,,,,,116.4725,0.69,0.14,1.43,0.55,0.56,1.68,0.09,3331.84,31.46,10847.69,2.67,36.87,57.61,1.81
2020-09-09,,,,,,,,,,,,,,,,,,,,,,,116.1396,0.71,0.14,1.45,0.57,0.59,1.71,0.09,3398.96,28.81,11141.56,2.69,38.05,129.44,1.85
2020-09-10,,,,,,,,,,,,,,,,,,,,,,,115.8906,0.68,0.14,1.43,0.54,0.56,1.69,0.09,3339.19,29.71,10919.59,2.69,37.25,91.61,1.84
2020-09-11,,,,,,,,,,,,,,,,,,,,,,,116.0963,0.67,0.13,1.42,0.54,0.56,1.65,0.09,3340.97,26.87,10853.55,2.69,37.33,83.77,1.77
2020-09-12,,,,,,,,,,,,,,,,,,,,,,,,,,,,,,0.09,,,,,,114.91,
2020-09-13,,,,,,,,,,,,,,,,,,,,,,,,,,,,,,0.09,,,,,,341.22,
2020-09-14,,,,,,,,,,,,,,,,,,,,,,,115.6523,0.68,0.14,1.42,0.54,0.57,1.65,0.09,3383.54,25.85,11056.65,2.66,37.23,224.86,1.76
2020-09-15,,,,,,,,,,,,,,,,,,,,,,,115.5996,0.68,0.14,1.43,0.54,0.57,1.67,0.09,3401.2,25.59,11190.32,2.68,38.29,179.94,1.8
2020-09-16,,,,,,,,,,,,,,,,,,,,,,,115.3623,0.69,0.14,1.45,0.55,0.57,1.68,0.09,3385.49,26.04,11050.47,2.67,40.17,200.05,1.79
2020-09-17,,,,,,,,,,,,,,,,,,,,,,,115.4476,0.69,0.13,1.43,0.56,0.6,1.66,0.09,3357.01,26.46,10910.28,2.65,40.99,188.28,1.75
2020-09-18,,,,,,,,,,,,,,,,,,,,,,,115.248,0.7,0.14,1.45,0.56,0.6,1.67,0.09,3319.47,25.83,10793.28,2.66,41.09,72.64,1.76
2020-09-19,,,,,,,,,,,,,,,,,,,,,,,,,,,,,,0.09,,,,,,82.01,
2020-09-20,,,,,,,,,,,,,,,,,,,,,,,,,,,,,,0.09,,,,,,377.51,
2020-09-21,,,,,,,,,,,,,,,,,,,,,,,116.3873,0.68,0.14,1.43,0.54,0.58,1.62,0.09,3281.06,27.78,10778.8,2.66,39.26,51.8,1.74
2020-09-22,,,,,,,,,,,,,,,,,,,,,,,116.5529,0.68,0.13,1.42,0.55,0.58,1.62,0.09,3315.57,26.86,10963.64,2.66,39.55,114.59,1.74
2020-09-23,,,,,,,,,,,,,,,,,,,,,,,117.2631,0.68,0.14,1.42,0.54,0.57,1.6,0.09,3236.92,28.58,10632.99,2.68,39.92,52.99,1.72
2020-09-24,,,,,,,,,,,,,,,,,,,,,,,117.5578,0.67,0.14,1.4,0.53,0.57,1.58,0.09,3246.59,28.51,10672.27,2.7,40.11,79.39,1.71
2020-09-25,,,,,,,,,,,,,,,,,,,,,,,117.8786,0.66,0.12,1.4,0.54,0.56,1.58,0.09,3298.46,26.38,10913.56,2.74,40.06,192.7,1.73
2020-09-26,,,,,,,,,,,,,,,,,,,,,,,,,,,,,,0.09,,,,,,64.4,
2020-09-27,,,,,,,,,,,,,,,,,,,,,,,,,,,,,,0.09,,,,,,169.57,
2020-09-28,,,,,,,,,,,,,,,,,,,,,,,117.629,0.67,0.14,1.42,0.53,0.56,1.61,0.09,3351.6,26.19,11117.52,2.76,40.47,231.34,1.74
2020-09-29,,,,,,,,,,,,,,,,,,,,,,,117.5379,0.66,0.11,1.41,0.55,0.57,1.64,0.09,3335.47,26.27,11085.25,2.74,39.03,141.05,1.79
2020-09-30,,,,,,,,,,,,,,,,,,,,,,,116.957,0.69,0.13,1.46,0.56,0.59,1.63,0.09,3363.0,26.37,11167.51,2.75,40.05,146.85,1.76
2020-10-01,18751.3,17360.5,7137412.0,260.319,269.306,237.18,0.09,0.04,142461.0,6.9,61.7,16552.9,14726.0,12.6,307.6226436845783,271.43,108.1021296023301,0.135,196.113,1543.0,1613.0,0.06,116.7339,0.68,0.14,1.45,0.54,0.59,1.63,0.09,3380.8,26.7,11326.51,2.75,38.51,65.93,1.78
2020-10-02,,,,,,,,,,,,,,,,,,,,,,,116.7424,0.7,0.13,1.48,0.57,0.61,1.64,0.09,3348.44,27.63,11075.02,2.76,36.9,154.89,1.8
2020-10-03,,,,,,,,,,,,,,,,,,,,,,,,,,,,,,0.09,,,,,,95.81,
2020-10-04,,,,,,,,,,,,,,,,,,,,,,,,,,,,,,0.09,,,,,,168.52,
2020-10-05,,,,,,,,,,,,,,,,,,,,,,,116.187,0.78,0.14,1.57,0.64,0.68,1.68,0.09,3408.63,27.96,11332.49,2.74,39.12,68.47,1.84
2020-10-06,,,,,,,,,,,,,,,,,,,,,,,116.2781,0.76,0.14,1.56,0.62,0.66,1.66,0.09,3360.95,29.48,11154.6,2.7,40.52,271.02,1.81
2020-10-07,,,,,,,,,,,,,,,,,,,,,,,116.3548,0.81,0.16,1.6,0.65,0.71,1.71,0.09,3419.45,28.06,11364.6,2.69,39.82,136.16,1.88
2020-10-08,,,,,,,,,,,,,,,,,,,,,,,116.1753,0.78,0.13,1.57,0.65,0.69,1.72,0.09,3446.83,26.36,11420.98,2.68,41.04,67.32,1.88
2020-10-09,,,,,,,,,,,,,,,,,,,,,,,115.2843,0.79,0.16,1.58,0.63,0.69,1.73,0.09,3477.13,25.0,11579.94,2.67,40.44,153.93,1.9
2020-10-10,,,,,,,,,,,,,,,,,,,,,,,,,,,,,,0.09,,,,,,160.31,
2020-10-11,,,,,,,,,,,,,,,,,,,,,,,,,,,,,,0.09,,,,,,326.89,
2020-10-12,,,,,,,,,,,,,,,,,,,,,,,,,,,,,,0.09,3534.22,25.07,11876.26,,39.22,253.52,
2020-10-13,,,,,,,,,,,,,,,,,,,,,,,115.9193,0.74,0.16,1.52,0.58,0.63,1.7,0.09,3511.93,26.07,11863.9,2.65,40.03,77.31,1.88
2020-10-14,,,,,,,,,,,,,,,,,,,,,,,115.6959,0.73,0.14,1.5,0.59,0.61,1.69,0.09,3488.67,26.4,11768.73,2.64,40.86,183.8,1.86
2020-10-15,,,,,,,,,,,,,,,,,,,,,,,116.1046,0.74,0.14,1.52,0.6,0.63,1.69,0.09,3483.34,26.97,11713.87,2.65,40.84,76.31,1.86
2020-10-16,,,,,,,,,,,,,,,,,,,,,,,115.7754,0.76,0.14,1.52,0.62,0.65,1.71,0.09,3483.81,27.41,11671.56,2.64,40.7,35.89,1.89
2020-10-17,,,,,,,,,,,,,,,,,,,,,,,,,,,,,,0.09,,,,,,81.35,
2020-10-18,,,,,,,,,,,,,,,,,,,,,,,,,,,,,,0.09,,,,,,351.97,
2020-10-19,,,,,,,,,,,,,,,,,,,,,,,115.4109,0.78,0.16,1.55,0.62,0.67,1.71,0.09,3426.92,29.18,11478.88,2.61,40.69,159.23,1.89
2020-10-20,,,,,,,,,,,,,,,,,,,,,,,115.2558,0.81,0.14,1.6,0.67,0.71,1.72,0.09,3443.12,29.35,11516.49,2.64,41.37,127.99,1.91
2020-10-21,,,,,,,,,,,,,,,,,,,,,,,114.9185,0.83,0.14,1.62,0.69,0.73,1.74,0.09,3435.56,28.65,11484.69,2.63,39.88,82.99,1.92
2020-10-22,,,,,,,,,,,,,,,,,,,,,,,115.1234,0.87,0.16,1.67,0.71,0.78,1.76,0.09,3453.49,28.11,11506.01,2.61,40.46,77.08,1.84
2020-10-23,,,,,,,,,,,,,,,,,,,,,,,115.0198,0.85,0.18,1.64,0.67,0.75,1.75,0.09,3465.39,27.55,11548.28,2.6,39.73,140.59,1.84
2020-10-24,,,,,,,,,,,,,,,,,,,,,,,,,,,,,,0.09,,,,,,185.35,
2020-10-25,,,,,,,,,,,,,,,,,,,,,,,,,,,,,,0.09,,,,,,151.72,
2020-10-26,,,,,,,,,,,,,,,,,,,,,,,115.2872,0.81,0.16,1.59,0.65,0.7,1.72,0.09,3400.97,32.46,11358.94,2.6,38.39,220.99,1.81
2020-10-27,,,,,,,,,,,,,,,,,,,,,,,115.0206,0.79,0.16,1.57,0.63,0.69,1.71,0.09,3390.68,33.35,11431.35,2.6,39.34,105.24,1.78
2020-10-28,,,,,,,,,,,,,,,,,,,,,,,115.8099,0.79,0.16,1.56,0.63,0.69,1.7,0.09,3271.03,40.28,11004.87,2.62,37.27,163.91,1.79
2020-10-29,,,,,,,,,,,,,,,,,,,,,,,116.3138,0.85,0.16,1.62,0.69,0.76,1.71,0.09,3310.11,37.59,11185.59,2.61,35.94,239.34,1.81
2020-10-30,,,,,,,,,,,,,,,,,,,,,,,116.1417,0.88,0.14,1.65,0.74,0.79,1.7,0.09,3269.96,38.02,10911.59,2.61,35.64,434.66,1.81
2020-10-31,,,,,,,,,,,,,,,,,,,,,,,,,,,,,,0.09,,,,,,340.99,
2020-11-01,18979.1,17618.5,7198114.0,260.911,269.981,237.851,0.09,0.03,142731.0,6.7,61.5,16350.6,14704.9,11.8,368.26011705497194,264.69,146.89753629605283,0.136,197.017,1543.0,1703.0,0.06,,,,,,,,0.09,,,,,,178.33,
2020-11-02,,,,,,,,,,,,,,,,,,,,,,,116.2425,0.87,0.16,1.63,0.71,0.78,1.71,0.09,3310.24,37.13,10957.61,2.6,36.6,219.96,1.82
2020-11-03,,,,,,,,,,,,,,,,,,,,,,,115.4864,0.9,0.17,1.66,0.73,0.8,1.72,0.09,3369.16,35.55,11160.57,2.58,37.44,70.42,1.82
2020-11-04,,,,,,,,,,,,,,,,,,,,,,,115.1733,0.78,0.14,1.55,0.64,0.68,1.64,0.09,3443.44,29.57,11590.78,2.58,38.97,245.86,1.72
2020-11-05,,,,,,,,,,,,,,,,,,,,,,,114.4615,0.79,0.14,1.54,0.65,0.69,1.66,0.09,3510.45,27.58,11890.93,2.52,38.56,204.6,1.77
2020-11-06,,,,,,,,,,,,,,,,,,,,,,,113.9977,0.83,0.16,1.6,0.67,0.73,1.65,0.09,3509.44,24.86,11895.23,2.51,36.97,99.96,1.76
2020-11-07,,,,,,,,,,,,,,,,,,,,,,,,,,,,,,0.09,,,,,,146.37,
2020-11-08,,,,,,,,,,,,,,,,,,,,,,,,,,,,,,0.09,,,,,,79.28,
2020-11-09,,,,,,,,,,,,,,,,,,,,,,,114.0942,0.96,0.17,1.73,0.79,0.85,1.73,0.09,3550.5,25.75,11713.78,2.47,40.05,90.23,1.83
2020-11-10,,,,,,,,,,,,,,,,,,,,,,,114.0802,0.98,0.19,1.75,0.79,0.88,1.76,0.09,3545.53,24.8,11553.86,2.44,41.18,51.71,1.83
2020-11-11,,,,,,,,,,,,,,,,,,,,,,,,,,,,,,0.09,3572.66,23.45,11786.43,,41.23,193.96,
2020-11-12,,,,,,,,,,,,,,,,,,,,,,,114.2889,0.88,0.17,1.64,0.71,0.78,1.71,0.09,3537.01,25.35,11709.59,2.45,40.9,287.93,1.79
2020-11-13,,,,,,,,,,,,,,,,,,,,,,,114.2445,0.89,0.17,1.65,0.72,0.8,1.72,0.09,3585.15,23.1,11829.29,2.44,39.93,50.0,1.8
2020-11-14,,,,,,,,,,,,,,,,,,,,,,,,,,,,,,0.09,,,,,,96.07,
2020-11-15,,,,,,,,,,,,,,,,,,,,,,,,,,,,,,0.09,,,,,,147.77,
2020-11-16,,,,,,,,,,,,,,,,,,,,,,,113.8356,0.91,0.19,1.66,0.72,0.82,1.72,0.09,3626.91,22.45,11924.13,2.42,41.14,126.28,1.8
2020-11-17,,,,,,,,,,,,,,,,,,,,,,,113.6864,0.87,0.18,1.62,0.69,0.78,1.7,0.09,3609.53,22.71,11899.34,2.42,41.24,66.24,1.77
2020-11-18,,,,,,,,,,,,,,,,,,,,,,,113.4645,0.88,0.16,1.62,0.72,0.79,1.7,0.09,3567.79,23.84,11801.6,2.39,41.64,54.92,1.77
2020-11-19,,,,,,,,,,,,,,,,,,,,,,,113.6982,0.86,0.18,1.58,0.68,0.79,1.7,0.08,3581.87,23.11,11904.71,2.35,41.57,63.19,1.78
2020-11-20,,,,,,,,,,,,,,,,,,,,,,,113.4932,0.83,0.16,1.53,0.67,0.76,1.69,0.08,3557.54,23.7,11854.97,2.35,41.99,86.34,1.77
2020-11-21,,,,,,,,,,,,,,,,,,,,,,,,,,,,,,0.08,,,,,,83.0,
2020-11-22,,,,,,,,,,,,,,,,,,,,,,,,,,,,,,0.08,,,,,,227.7,
2020-11-23,,,,,,,,,,,,,,,,,,,,,,,113.759,0.86,0.16,1.56,0.7,0.78,1.71,0.08,3577.59,22.66,11881.17,2.33,42.91,277.39,1.8
2020-11-24,,,,,,,,,,,,,,,,,,,,,,,113.4361,0.88,0.16,1.6,0.72,0.79,1.74,0.08,3635.41,21.64,12037.33,2.31,44.71,256.75,1.83
2020-11-25,,,,,,,,,,,,,,,,,,,,,,,113.1871,0.88,0.17,1.62,0.71,0.79,1.75,0.08,3629.65,21.25,12094.4,2.32,45.58,351.65,1.83
2020-11-26,,,,,,,,,,,,,,,,,,,,,,,,,,,,,,0.08,,,,,,89.91,
2020-11-27,,,,,,,,,,,,,,,,,,,,,,,,0.84,0.16,1.57,0.68,0.75,1.75,0.08,3638.35,20.84,12205.85,2.32,,72.75,1.83
2020-11-28,,,,,,,,,,,,,,,,,,,,,,,,,,,,,,0.08,,,,,,35.57,
2020-11-29,,,,,,,,,,,,,,,,,,,,,,,,,,,,,,0.08,,,,,,90.49,
2020-11-30,,,,,,,,,,,,,,,,,,,,,,,113.2308,0.84,0.16,1.58,0.68,0.76,1.77,0.09,3621.63,20.57,12198.74,2.29,45.2,161.98,1.86
2020-12-01,19133.2,17827.9,7319011.0,262.045,270.341,239.25,0.09,0.02,142548.0,6.7,61.5,16391.2,14827.3,11.8,295.5009630707666,238.67,80.543581756182,0.136,205.67,1614.0,1752.0,0.04,112.8122,0.92,0.17,1.66,0.75,0.83,1.81,0.09,3662.45,20.77,12355.11,2.28,44.54,79.16,1.9
2020-12-02,,,,,,,,,,,,,,,,,,,,,,,112.6174,0.95,0.16,1.7,0.79,0.86,1.85,0.09,3669.01,21.17,12349.37,2.24,45.23,32.94,1.94
2020-12-03,,,,,,,,,,,,,,,,,,,,,,,112.0293,0.92,0.16,1.67,0.76,0.84,1.86,0.09,3666.72,21.28,12377.18,2.23,45.65,23.74,1.94
2020-12-04,,,,,,,,,,,,,,,,,,,,,,,111.7826,0.97,0.16,1.73,0.81,0.88,1.89,0.09,3699.12,20.79,12464.23,2.23,46.23,12.2,1.95
2020-12-05,,,,,,,,,,,,,,,,,,,,,,,,,,,,,,0.09,,,,,,33.01,
2020-12-06,,,,,,,,,,,,,,,,,,,,,,,,,,,,,,0.09,,,,,,79.62,
2020-12-07,,,,,,,,,,,,,,,,,,,,,,,111.8431,0.94,0.14,1.69,0.8,0.86,1.88,0.09,3691.96,21.3,12519.95,2.22,45.72,122.81,1.92
2020-12-08,,,,,,,,,,,,,,,,,,,,,,,111.8684,0.92,0.14,1.67,0.78,0.83,1.89,0.09,3702.25,20.68,12582.77,2.22,45.64,53.54,1.94
2020-12-09,,,,,,,,,,,,,,,,,,,,,,,112.0353,0.95,0.16,1.69,0.79,0.87,1.91,0.09,3672.82,22.27,12338.95,2.24,45.48,66.52,1.98
2020-12-10,,,,,,,,,,,,,,,,,,,,,,,111.9839,0.92,0.14,1.65,0.78,0.84,1.88,0.09,3668.1,22.52,12405.81,2.22,46.76,35.36,1.93
2020-12-11,,,,,,,,,,,,,,,,,,,,,,,112.1469,0.9,0.11,1.63,0.79,0.82,1.87,0.09,3663.46,23.31,12377.87,2.23,46.59,60.71,1.92
2020-12-12,,,,,,,,,,,,,,,,,,,,,,,,,,,,,,0.09,,,,,,81.71,
2020-12-13,,,,,,,,,,,,,,,,,,,,,,,,,,,,,,0.09,,,,,,314.2,
2020-12-14,,,,,,,,,,,,,,,,,,,,,,,112.177,0.9,0.13,1.63,0.77,0.81,1.88,0.09,3647.49,24.72,12440.04,2.24,47.02,89.54,1.92
2020-12-15,,,,,,,,,,,,,,,,,,,,,,,111.866,0.92,0.11,1.65,0.81,0.84,1.91,0.09,3694.62,22.89,12595.06,2.26,47.58,65.98,1.96
2020-12-16,,,,,,,,,,,,,,,,,,,,,,,111.7215,0.92,0.13,1.66,0.79,0.83,1.92,0.09,3701.17,22.5,12658.19,2.25,47.86,21.32,1.94
2020-12-17,,,,,,,,,,,,,,,,,,,,,,,111.2286,0.94,0.13,1.68,0.81,0.86,1.94,0.09,3722.48,21.93,12764.75,2.23,48.34,59.1,1.98
2020-12-18,,,,,,,,,,,,,,,,,,,,,,,111.6136,0.95,0.13,1.7,0.82,0.87,1.95,0.09,3709.41,21.57,12755.64,2.24,49.04,77.51,1.98
2020-12-19,,,,,,,,,,,,,,,,,,,,,,,,,,,,,,0.09,,,,,,34.23,
2020-12-20,,,,,,,,,,,,,,,,,,,,,,,,,,,,,,0.09,,,,,,228.01,
2020-12-21,,,,,,,,,,,,,,,,,,,,,,,111.9477,0.95,0.13,1.68,0.82,0.86,1.95,0.09,3694.92,25.16,12742.52,2.23,47.79,35.35,2.0
2020-12-22,,,,,,,,,,,,,,,,,,,,,,,112.201,0.93,0.13,1.65,0.8,0.84,1.94,0.09,3687.26,24.23,12807.92,2.22,47.02,28.13,1.96
2020-12-23,,,,,,,,,,,,,,,,,,,,,,,111.9873,0.96,0.13,1.7,0.83,0.87,1.97,0.09,3690.01,23.31,12771.11,2.24,47.94,24.47,2.01
2020-12-24,,,,,,,,,,,,,,,,,,,,,,,,0.94,0.13,1.66,0.81,0.85,1.97,0.09,3703.06,21.53,12804.73,2.23,48.18,14.8,2.02
2020-12-25,,,,,,,,,,,,,,,,,,,,,,,,,,,,,,0.09,,,,,,51.32,
2020-12-26,,,,,,,,,,,,,,,,,,,,,,,,,,,,,,0.09,,,,,,42.06,
2020-12-27,,,,,,,,,,,,,,,,,,,,,,,,,,,,,,0.09,,,,,,125.67,
2020-12-28,,,,,,,,,,,,,,,,,,,,,,,111.9821,0.94,0.13,1.67,0.81,0.83,1.97,0.09,3735.36,21.7,12899.42,2.22,47.5,151.78,2.02
2020-12-29,,,,,,,,,,,,,,,,,,,,,,,111.524,0.94,0.12,1.67,0.82,0.84,1.96,0.09,3727.04,23.08,12850.22,2.22,47.85,101.83,2.02
2020-12-30,,,,,,,,,,,,,,,,,,,,,,,111.3156,0.93,0.12,1.66,0.81,0.85,1.96,0.09,3732.04,22.77,12870.0,2.2,48.24,99.19,2.0
2020-12-31,,,,,,,,,,,,,,,,,,,,,,,111.324,0.93,0.13,1.65,0.8,0.84,1.99,0.09,3756.07,22.75,12888.28,2.18,48.35,42.09,2.03
2021-01-01,19359.7,18088.5,7372161.0,262.639,270.416,239.931,0.09,0.055,142913.0,6.4,61.4,18146.5,15081.5,19.2,280.45442153966485,216.06,71.01076059051908,0.136,211.551,1630.0,1855.0,0.04,,,,,,,,0.09,,,,,,185.18,
2021-01-02,,,,,,,,,,,,,,,,,,,,,,,,,,,,,,0.09,,,,,,58.08,
2021-01-03,,,,,,,,,,,,,,,,,,,,,,,,,,,,,,0.09,,,,,,191.72,
2021-01-04,,,,,,,,,,,,,,,,,,,,,,,111.2143,0.93,0.11,1.66,0.82,0.84,2.01,0.09,3700.65,26.97,12698.45,2.19,47.47,105.18,2.04
2021-01-05,,,,,,,,,,,,,,,,,,,,,,,110.9649,0.96,0.13,1.7,0.83,0.87,2.03,0.09,3726.86,25.34,12818.96,2.23,49.78,107.27,2.05
2021-01-06,,,,,,,,,,,,,,,,,,,,,,,110.8573,1.04,0.14,1.81,0.9,0.95,2.06,0.09,3748.14,25.07,12740.79,2.27,50.45,190.29,2.08
2021-01-07,,,,,,,,,,,,,,,,,,,,,,,111.3124,1.08,0.14,1.85,0.94,0.99,2.09,0.09,3803.79,22.37,13067.48,2.23,50.63,121.55,2.09
2021-01-08,,,,,,,,,,,,,,,,,,,,,,,111.293,1.13,0.14,1.87,0.99,1.05,2.06,0.09,3824.68,21.56,13201.98,2.19,52.14,75.23,2.05
2021-01-09,,,,,,,,,,,,,,,,,,,,,,,,,,,,,,0.09,,,,,,33.94,
2021-01-10,,,,,,,,,,,,,,,,,,,,,,,,,,,,,,0.09,,,,,,259.64,
2021-01-11,,,,,,,,,,,,,,,,,,,,,,,111.8342,1.15,0.14,1.88,1.01,1.07,2.06,0.09,3799.61,24.08,13036.43,2.15,52.15,176.98,2.08
2021-01-12,,,,,,,,,,,,,,,,,,,,,,,111.5584,1.15,0.14,1.88,1.01,1.06,2.08,0.09,3801.19,23.33,13072.43,2.16,53.08,157.24,2.1
2021-01-13,,,,,,,,,,,,,,,,,,,,,,,111.3702,1.1,0.14,1.82,0.96,1.01,2.06,0.09,3809.84,22.21,13128.95,2.13,52.81,53.88,2.08
2021-01-14,,,,,,,,,,,,,,,,,,,,,,,111.1639,1.15,0.16,1.88,0.99,1.06,2.09,0.09,3795.54,23.25,13112.64,2.12,53.47,46.44,2.09
2021-01-15,,,,,,,,,,,,,,,,,,,,,,,111.5168,1.11,0.13,1.85,0.98,1.02,2.1,0.09,3768.25,24.34,12998.5,2.13,52.25,84.08,2.11
2021-01-16,,,,,,,,,,,,,,,,,,,,,,,,,,,,,,0.09,,,,,,51.87,
2021-01-17,,,,,,,,,,,,,,,,,,,,,,,,,,,,,,0.09,,,,,,162.91,
2021-01-18,,,,,,,,,,,,,,,,,,,,,,,,,,,,,,0.09,,,,,,40.01,
2021-01-19,,,,,,,,,,,,,,,,,,,,,,,111.4591,1.1,0.14,1.84,0.96,1.01,2.1,0.09,3798.91,23.24,13197.18,2.11,52.87,40.8,2.08
2021-01-20,,,,,,,,,,,,,,,,,,,,,,,,1.1,0.13,1.84,0.97,1.02,2.12,0.09,3851.85,21.58,13457.25,2.11,53.16,22.03,2.09
2021-01-21,,,,,,,,,,,,,,,,,,,,,,,111.2044,1.12,0.13,1.87,0.99,1.03,2.1,0.08,3853.07,21.32,13530.91,2.12,53.0,48.44,2.02
2021-01-22,,,,,,,,,,,,,,,,,,,,,,,111.5602,1.1,0.13,1.85,0.97,1.02,2.09,0.08,3841.47,21.91,13543.06,2.14,52.28,12.4,2.02
2021-01-23,,,,,,,,,,,,,,,,,,,,,,,,,,,,,,0.08,,,,,,85.69,
2021-01-24,,,,,,,,,,,,,,,,,,,,,,,,,,,,,,0.08,,,,,,184.49,
2021-01-25,,,,,,,,,,,,,,,,,,,,,,,111.8767,1.05,0.13,1.8,0.92,0.96,2.08,0.08,3855.36,23.19,13635.99,2.15,52.78,17.74,2.01
2021-01-26,,,,,,,,,,,,,,,,,,,,,,,111.6661,1.05,0.11,1.8,0.94,0.98,2.08,0.08,3849.62,23.02,13626.06,2.16,52.61,186.19,2.01
2021-01-27,,,,,,,,,,,,,,,,,,,,,,,112.0876,1.04,0.12,1.79,0.92,0.96,2.08,0.08,3750.77,37.21,13270.6,2.16,52.81,188.69,2.01
2021-01-28,,,,,,,,,,,,,,,,,,,,,,,112.015,1.07,0.12,1.81,0.95,1.0,2.13,0.07,3787.38,30.21,13337.16,2.17,52.26,141.53,2.08
2021-01-29,,,,,,,,,,,,,,,,,,,,,,,111.9604,1.11,0.11,1.87,1.0,1.05,2.13,0.07,3714.24,33.09,13070.69,2.17,52.16,85.59,2.05
2021-01-30,,,,,,,,,,,,,,,,,,,,,,,,,,,,,,0.07,,,,,,67.35,
2021-01-31,,,,,,,,,,,,,,,,,,,,,,,,,,,,,,0.07,,,,,,108.71,
2021-02-01,19596.7,18349.1,7500084.0,263.573,270.776,241.008,0.08,0.15,143422.0,6.2,61.4,16633.9,14984.4,12.6,215.3436952280213,154.4,46.02775303599001,0.137,219.204,1404.0,1711.0,0.04,112.4282,1.09,0.11,1.84,0.98,1.02,2.11,0.08,3773.86,30.24,13403.39,2.19,53.55,104.12,2.04
2021-02-02,,,,,,,,,,,,,,,,,,,,,,,112.2937,1.12,0.11,1.87,1.01,1.05,2.15,0.08,3826.31,25.56,13612.78,2.18,54.77,121.21,2.07
2021-02-03,,,,,,,,,,,,,,,,,,,,,,,112.2648,1.15,0.11,1.92,1.04,1.11,2.19,0.08,3830.17,22.91,13610.54,2.17,55.67,64.27,2.11
2021-02-04,,,,,,,,,,,,,,,,,,,,,,,112.756,1.15,0.11,1.93,1.04,1.11,2.17,0.08,3871.74,21.77,13777.74,2.19,56.19,77.71,2.09
2021-02-05,,,,,,,,,,,,,,,,,,,,,,,112.2463,1.19,0.09,1.97,1.1,1.16,2.21,0.08,3886.83,20.87,13856.3,2.18,56.8,70.65,2.14
2021-02-06,,,,,,,,,,,,,,,,,,,,,,,,,,,,,,0.08,,,,,,16.58,
2021-02-07,,,,,,,,,,,,,,,,,,,,,,,,,,,,,,0.08,,,,,,31.1,
2021-02-08,,,,,,,,,,,,,,,,,,,,,,,112.0512,1.19,0.11,1.96,1.08,1.14,2.22,0.07,3915.59,21.24,13987.64,2.14,57.95,116.37,2.13
2021-02-09,,,,,,,,,,,,,,,,,,,,,,,111.7768,1.18,0.11,1.95,1.07,1.14,2.22,0.08,3911.23,21.63,14007.7,2.15,58.34,79.27,2.13
2021-02-10,,,,,,,,,,,,,,,,,,,,,,,111.5929,1.15,0.11,1.92,1.04,1.1,2.21,0.08,3909.88,21.99,13972.53,2.16,58.69,55.35,2.11
2021-02-11,,,,,,,,,,,,,,,,,,,,,,,111.5364,1.16,0.11,1.94,1.05,1.11,2.2,0.08,3916.38,21.25,14025.77,2.18,58.22,46.27,2.08
2021-02-12,,,,,,,,,,,,,,,,,,,,,,,111.4981,1.2,0.11,2.01,1.09,1.16,2.21,0.08,3934.83,19.97,14095.47,2.19,59.5,62.28,2.07
2021-02-13,,,,,,,,,,,,,,,,,,,,,,,,,,,,,,0.08,,,,,,165.14,
2021-02-14,,,,,,,,,,,,,,,,,,,,,,,,,,,,,,0.08,,,,,,146.03,
2021-02-15,,,,,,,,,,,,,,,,,,,,,,,,,,,,,,0.08,,,,,,96.23,
2021-02-16,,,,,,,,,,,,,,,,,,,,,,,111.7984,1.3,0.13,2.08,1.17,1.26,2.24,0.08,3932.59,21.46,14047.5,2.15,60.07,71.24,2.11
2021-02-17,,,,,,,,,,,,,,,,,,,,,,,112.03,1.29,0.11,2.06,1.18,1.25,2.21,0.08,3931.33,21.5,13965.49,2.13,61.09,11.25,2.07
2021-02-18,,,,,,,,,,,,,,,,,,,,,,,112.1718,1.29,0.11,2.08,1.18,1.26,2.16,0.07,3913.97,22.49,13865.36,2.13,60.4,119.0,2.03
2021-02-19,,,,,,,,,,,,,,,,,,,,,,,111.7179,1.34,0.11,2.14,1.23,1.3,2.14,0.07,3906.71,22.05,13874.46,2.14,59.12,12.29,1.99
2021-02-20,,,,,,,,,,,,,,,,,,,,,,,,,,,,,,0.07,,,,,,67.09,
2021-02-21,,,,,,,,,,,,,,,,,,,,,,,,,,,,,,0.07,,,,,,49.06,
2021-02-22,,,,,,,,,,,,,,,,,,,,,,,111.9316,1.37,0.11,2.19,1.26,1.34,2.16,0.07,3876.5,23.45,13533.05,2.16,61.67,16.66,1.97
2021-02-23,,,,,,,,,,,,,,,,,,,,,,,111.911,1.37,0.11,2.21,1.26,1.33,2.16,0.07,3881.37,23.11,13465.2,2.2,61.66,91.57,1.97
2021-02-24,,,,,,,,,,,,,,,,,,,,,,,111.7339,1.38,0.12,2.24,1.26,1.35,2.17,0.07,3925.43,21.34,13597.97,2.22,63.21,63.68,1.96
2021-02-25,,,,,,,,,,,,,,,,,,,,,,,111.9402,1.54,0.17,2.33,1.37,1.5,2.14,0.07,3829.34,28.89,13119.43,2.12,63.43,45.56,1.94
2021-02-26,,,,,,,,,,,,,,,,,,,,,,,112.8433,1.44,0.14,2.17,1.3,1.4,2.15,0.07,3811.15,27.95,13192.35,2.12,61.55,49.19,1.91
2021-02-27,,,,,,,,,,,,,,,,,,,,,,,,,,,,,,0.07,,,,,,16.21,
2021-02-28,,,,,,,,,,,,,,,,,,,,,,,,,,,,,,0.07,,,,,,144.43,
2021-03-01,19823.4,18607.9,7647908.0,264.847,271.453,242.425,0.07,0.12,144246.0,6.1,61.5,20445.8,15712.4,25.9,215.21164544246577,176.7,62.32493230972862,0.138,228.068,1696.0,1756.0,0.04,112.538,1.45,0.13,2.23,1.32,1.4,2.16,0.07,3901.82,23.35,13588.83,2.13,60.54,170.05,1.92
2021-03-02,,,,,,,,,,,,,,,,,,,,,,,112.5472,1.42,0.13,2.21,1.29,1.38,2.2,0.07,3870.29,24.1,13358.79,2.15,59.7,25.9,1.97
2021-03-03,,,,,,,,,,,,,,,,,,,,,,,112.7761,1.47,0.14,2.25,1.33,1.42,2.21,0.07,3819.72,26.67,12997.75,2.14,61.33,43.87,1.97
2021-03-04,,,,,,,,,,,,,,,,,,,,,,,112.717,1.54,0.14,2.3,1.4,1.5,2.2,0.07,3768.47,28.57,12723.47,2.13,63.81,33.79,1.97
2021-03-05,,,,,,,,,,,,,,,,,,,,,,,113.7626,1.56,0.14,2.28,1.42,1.52,2.22,0.07,3841.94,24.66,12920.15,2.13,66.08,174.67,2.01
2021-03-06,,,,,,,,,,,,,,,,,,,,,,,,,,,,,,0.07,,,,,,182.86,
2021-03-07,,,,,,,,,,,,,,,,,,,,,,,,,,,,,,0.07,,,,,,32.67,
2021-03-08,,,,,,,,,,,,,,,,,,,,,,,114.2824,1.59,0.17,2.31,1.42,1.54,2.21,0.07,3821.35,25.47,12609.16,2.14,65.03,121.6,2.0
2021-03-09,,,,,,,,,,,,,,,,,,,,,,,113.9431,1.55,0.17,2.26,1.38,1.5,2.21,0.07,3875.44,24.03,13073.82,2.16,64.02,13.13,2.01
2021-03-10,,,,,,,,,,,,,,,,,,,,,,,113.6015,1.53,0.16,2.24,1.37,1.49,2.26,0.07,3898.81,22.56,13068.83,2.17,64.45,33.0,2.05
2021-03-11,,,,,,,,,,,,,,,,,,,,,,,112.9345,1.54,0.14,2.29,1.4,1.5,2.28,0.07,3939.34,21.91,13398.67,2.18,66.02,173.5,2.05
2021-03-12,,,,,,,,,,,,,,,,,,,,,,,113.0403,1.64,0.14,2.4,1.5,1.6,2.26,0.07,3943.34,20.69,13319.86,2.19,65.59,36.88,2.01
2021-03-13,,,,,,,,,,,,,,,,,,,,,,,,,,,,,,0.07,,,,,,16.9,
2021-03-14,,,,,,,,,,,,,,,,,,,,,,,,,,,,,,0.07,,,,,,67.28,
2021-03-15,,,,,,,,,,,,,,,,,,,,,,,113.2065,1.62,0.14,2.37,1.48,1.58,2.27,0.07,3968.94,20.03,13459.71,2.18,65.36,52.9,2.0
2021-03-16,,,,,,,,,,,,,,,,,,,,,,,112.997,1.62,0.15,2.38,1.47,1.6,2.3,0.07,3962.71,19.79,13471.57,2.19,64.82,13.66,2.01
2021-03-17,,,,,,,,,,,,,,,,,,,,,,,113.1726,1.63,0.13,2.42,1.5,1.61,2.3,0.07,3974.12,19.23,13525.2,2.23,64.55,67.96,2.02
2021-03-18,,,,,,,,,,,,,,,,,,,,,,,112.7872,1.71,0.16,2.45,1.55,1.7,2.27,0.07,3915.46,21.58,13116.17,2.17,59.95,46.48,2.04
2021-03-19,,,,,,,,,,,,,,,,,,,,,,,112.9877,1.74,0.16,2.45,1.58,1.73,2.31,0.07,3913.1,20.95,13215.24,2.1,61.43,62.32,2.11
2021-03-20,,,,,,,,,,,,,,,,,,,,,,,,,,,,,,0.07,,,,,,32.76,
2021-03-21,,,,,,,,,,,,,,,,,,,,,,,,,,,,,,0.07,,,,,,64.51,
2021-03-22,,,,,,,,,,,,,,,,,,,,,,,113.0154,1.69,0.15,2.38,1.54,1.66,2.33,0.07,3940.59,18.88,13377.54,2.08,61.48,51.94,2.15
2021-03-23,,,,,,,,,,,,,,,,,,,,,,,113.3038,1.63,0.15,2.34,1.48,1.62,2.29,0.07,3910.52,20.3,13227.7,2.11,57.75,13.5,2.1
2021-03-24,,,,,,,,,,,,,,,,,,,,,,,113.669,1.62,0.14,2.31,1.48,1.6,2.31,0.07,3889.14,21.2,12961.89,2.1,61.12,111.46,2.09
2021-03-25,,,,,,,,,,,,,,,,,,,,,,,114.014,1.63,0.14,2.34,1.49,1.61,2.32,0.07,3909.52,19.81,12977.68,2.11,58.47,35.28,2.1
2021-03-26,,,,,,,,,,,,,,,,,,,,,,,113.7532,1.67,0.14,2.37,1.53,1.65,2.34,0.07,3974.54,18.86,13138.72,2.09,60.93,37.47,2.11
2021-03-27,,,,,,,,,,,,,,,,,,,,,,,,,,,,,,0.07,,,,,,33.64,
2021-03-28,,,,,,,,,,,,,,,,,,,,,,,,,,,,,,0.07,,,,,,126.88,
2021-03-29,,,,,,,,,,,,,,,,,,,,,,,113.9447,1.73,0.14,2.43,1.59,1.7,2.36,0.07,3971.09,20.74,13059.65,2.08,61.49,17.37,2.16
2021-03-30,,,,,,,,,,,,,,,,,,,,,,,114.2152,1.73,0.16,2.38,1.57,1.71,2.35,0.07,3958.55,19.61,13045.39,2.04,60.55,13.42,2.18
2021-03-31,,,,,,,,,,,,,,,,,,,,,,,113.8351,1.74,0.16,2.41,1.58,1.71,2.37,0.06,3972.89,19.4,13246.87,2.03,59.19,67.74,2.2
2021-04-01,20160.6,18968.3,7775974.0,266.625,273.626,244.417,0.07,0.09,144611.0,6.1,61.6,17335.4,15915.0,12.0,199.28792416582112,122.48,29.809130604054896,0.139,227.637,1495.0,1721.0,0.4,113.7504,1.69,0.17,2.34,1.52,1.67,2.35,0.07,4019.87,17.33,13480.11,1.98,61.41,118.55,2.15
2021-04-02,,,,,,,,,,,,,,,,,,,,,,,113.7429,1.72,0.19,2.35,1.53,1.7,2.36,0.07,,,,,,51.39,2.14
2021-04-03,,,,,,,,,,,,,,,,,,,,,,,,,,,,,,0.07,,,,,,124.9,
2021-04-04,,,,,,,,,,,,,,,,,,,,,,,,,,,,,,0.07,,,,,,125.31,
2021-04-05,,,,,,,,,,,,,,,,,,,,,,,113.406,1.73,0.17,2.36,1.56,1.7,2.35,0.07,4077.91,17.91,13705.59,1.93,58.73,18.45,2.15
2021-04-06,,,,,,,,,,,,,,,,,,,,,,,113.1575,1.67,0.16,2.32,1.51,1.65,2.32,0.07,4073.94,18.12,13698.38,1.95,59.34,41.76,2.12
2021-04-07,,,,,,,,,,,,,,,,,,,,,,,113.254,1.68,0.16,2.35,1.52,1.66,2.34,0.07,4079.95,17.16,13688.84,1.96,59.77,44.49,2.15
2021-04-08,,,,,,,,,,,,,,,,,,,,,,,113.1015,1.64,0.14,2.32,1.5,1.63,2.33,0.07,4097.17,16.95,13829.31,1.98,59.61,58.53,2.11
2021-04-09,,,,,,,,,,,,,,,,,,,,,,,113.2132,1.67,0.16,2.34,1.51,1.65,2.31,0.07,4128.8,16.69,13900.19,1.96,59.29,113.9,2.11
2021-04-10,,,,,,,,,,,,,,,,,,,,,,,,,,,,,,0.07,,,,,,70.17,
2021-04-11,,,,,,,,,,,,,,,,,,,,,,,,,,,,,,0.07,,,,,,240.63,
2021-04-12,,,,,,,,,,,,,,,,,,,,,,,113.1916,1.69,0.18,2.34,1.51,1.67,2.33,0.07,4127.99,16.91,13850.0,1.95,59.7,55.01,2.14
2021-04-13,,,,,,,,,,,,,,,,,,,,,,,113.0489,1.64,0.16,2.32,1.48,1.61,2.33,0.07,4141.59,16.65,13996.1,1.97,60.2,40.8,2.12
2021-04-14,,,,,,,,,,,,,,,,,,,,,,,112.7951,1.64,0.16,2.32,1.48,1.62,2.33,0.07,4124.66,16.99,13857.84,1.98,63.15,32.2,2.1
2021-04-15,,,,,,,,,,,,,,,,,,,,,,,112.6274,1.56,0.16,2.23,1.4,1.54,2.33,0.07,4170.42,16.57,14038.76,1.95,63.42,22.77,2.11
2021-04-16,,,,,,,,,,,,,,,,,,,,,,,112.4913,1.59,0.16,2.26,1.43,1.57,2.36,0.07,4185.47,16.25,14052.34,1.97,63.16,50.96,2.15
2021-04-17,,,,,,,,,,,,,,,,,,,,,,,,,,,,,,0.07,,,,,,84.18,
2021-04-18,,,,,,,,,,,,,,,,,,,,,,,,,,,,,,0.07,,,,,,33.95,
2021-04-19,,,,,,,,,,,,,,,,,,,,,,,112.1929,1.61,0.16,2.29,1.45,1.59,2.34,0.07,4163.26,17.29,13914.77,1.99,63.33,121.44,2.12
2021-04-20,,,,,,,,,,,,,,,,,,,,,,,112.2444,1.58,0.15,2.27,1.43,1.55,2.32,0.07,4134.94,18.68,13786.27,2.0,62.61,39.79,2.12
2021-04-21,,,,,,,,,,,,,,,,,,,,,,,112.1862,1.57,0.15,2.26,1.42,1.54,2.33,0.07,4173.42,17.5,13950.22,2.01,61.34,33.63,2.13
2021-04-22,,,,,,,,,,,,,,,,,,,,,,,112.2385,1.57,0.16,2.24,1.41,1.54,2.33,0.07,4134.98,18.71,13818.41,1.99,61.45,58.7,2.24
2021-04-23,,,,,,,,,,,,,,,,,,,,,,,112.0981,1.58,0.16,2.25,1.42,1.55,2.34,0.07,4180.17,17.33,14016.81,1.99,62.18,136.04,2.24
2021-04-24,,,,,,,,,,,,,,,,,,,,,,,,,,,,,,0.07,,,,,,67.87,
2021-04-25,,,,,,,,,,,,,,,,,,,,,,,,,,,,,,0.07,,,,,,66.6,
2021-04-26,,,,,,,,,,,,,,,,,,,,,,,111.8207,1.58,0.18,2.24,1.4,1.55,2.36,0.07,4187.62,17.64,14138.78,1.98,62.02,121.14,2.25
2021-04-27,,,,,,,,,,,,,,,,,,,,,,,111.9203,1.63,0.17,2.29,1.46,1.62,2.39,0.07,4186.72,17.56,14090.22,1.97,63.03,13.32,2.27
2021-04-28,,,,,,,,,,,,,,,,,,,,,,,111.8015,1.63,0.17,2.29,1.46,1.62,2.41,0.07,4183.18,17.28,14051.03,1.98,63.81,75.77,2.28
2021-04-29,,,,,,,,,,,,,,,,,,,,,,,111.7583,1.65,0.16,2.31,1.49,1.64,2.42,0.06,4211.47,17.61,14082.55,1.97,65.0,68.15,2.28
2021-04-30,,,,,,,,,,,,,,,,,,,,,,,112.0959,1.65,0.16,2.3,1.49,1.64,2.41,0.05,4181.17,18.61,13962.68,1.96,63.5,50.17,2.25
2021-05-01,20426.9,19254.0,7866893.0,268.404,275.457,246.522,0.06,0.08,145032.0,5.8,61.6,16836.3,15950.5,9.6,190.23932020290735,129.44,49.03346153968979,0.14,230.26,1589.0,1703.0,0.16,,,,,,,,0.05,,,,,,84.32,
2021-05-02,,,,,,,,,,,,,,,,,,,,,,,,,,,,,,0.05,,,,,,67.49,
2021-05-03,,,,,,,,,,,,,,,,,,,,,,,112.0176,1.63,0.16,2.3,1.47,1.59,2.42,0.06,4192.66,18.31,13895.12,1.96,64.46,105.06,2.24
2021-05-04,,,,,,,,,,,,,,,,,,,,,,,112.3021,1.61,0.16,2.27,1.45,1.59,2.42,0.06,4164.66,19.48,13633.5,1.97,65.72,41.33,2.22
2021-05-05,,,,,,,,,,,,,,,,,,,,,,,112.1639,1.59,0.16,2.25,1.43,1.57,2.47,0.06,4167.59,19.15,13582.42,1.98,65.63,22.81,2.26
2021-05-06,,,,,,,,,,,,,,,,,,,,,,,111.8525,1.58,0.16,2.24,1.42,1.56,2.45,0.06,4201.62,18.39,13632.84,1.96,64.73,23.76,2.24
2021-05-07,,,,,,,,,,,,,,,,,,,,,,,111.0372,1.6,0.14,2.28,1.46,1.58,2.49,0.06,4232.6,16.69,13752.24,1.97,64.96,25.68,2.33
2021-05-08,,,,,,,,,,,,,,,,,,,,,,,,,,,,,,0.06,,,,,,17.88,
2021-05-09,,,,,,,,,,,,,,,,,,,,,,,,,,,,,,0.06,,,,,,136.11,
2021-05-10,,,,,,,,,,,,,,,,,,,,,,,110.803,1.63,0.16,2.32,1.47,1.61,2.54,0.06,4188.43,19.66,13401.86,1.98,64.92,53.73,2.37
2021-05-11,,,,,,,,,,,,,,,,,,,,,,,110.904,1.64,0.16,2.35,1.48,1.63,2.53,0.06,4152.1,21.84,13389.43,2.01,65.31,41.19,2.38
2021-05-12,,,,,,,,,,,,,,,,,,,,,,,111.5762,1.69,0.16,2.4,1.53,1.67,2.54,0.06,4063.04,27.59,13031.68,2.02,65.96,10.97,2.36
2021-05-13,,,,,,,,,,,,,,,,,,,,,,,111.6079,1.66,0.16,2.39,1.5,1.64,2.51,0.06,4112.5,23.13,13124.99,2.04,63.82,11.46,2.37
2021-05-14,,,,,,,,,,,,,,,,,,,,,,,111.1476,1.63,0.16,2.35,1.47,1.62,2.51,0.06,4173.85,18.81,13379.05,2.03,65.32,12.65,2.34
2021-05-15,,,,,,,,,,,,,,,,,,,,,,,,,,,,,,0.06,,,,,,17.85,
2021-05-16,,,,,,,,,,,,,,,,,,,,,,,,,,,,,,0.06,,,,,,51.54,
2021-05-17,,,,,,,,,,,,,,,,,,,,,,,111.0913,1.64,0.16,2.36,1.48,1.62,2.54,0.06,4163.29,19.72,13379.05,2.02,66.24,35.94,2.36
2021-05-18,,,,,,,,,,,,,,,,,,,,,,,110.8446,1.64,0.16,2.37,1.48,1.62,2.52,0.06,4127.83,21.34,13303.64,2.03,65.49,67.26,2.32
2021-05-19,,,,,,,,,,,,,,,,,,,,,,,110.8933,1.68,0.16,2.38,1.52,1.67,2.48,0.06,4115.68,22.18,13299.74,2.02,63.28,111.45,2.3
2021-05-20,,,,,,,,,,,,,,,,,,,,,,,110.8741,1.63,0.15,2.34,1.48,1.62,2.41,0.06,4159.12,20.67,13535.74,2.02,61.95,119.84,2.23
2021-05-21,,,,,,,,,,,,,,,,,,,,,,,111.0714,1.63,0.17,2.33,1.46,1.62,2.43,0.06,4155.86,20.15,13470.99,2.01,63.61,106.1,2.24
2021-05-22,,,,,,,,,,,,,,,,,,,,,,,,,,,,,,0.06,,,,,,53.72,
2021-05-23,,,,,,,,,,,,,,,,,,,,,,,,,,,,,,0.06,,,,,,171.51,
2021-05-24,,,,,,,,,,,,,,,,,,,,,,,110.9254,1.61,0.15,2.31,1.46,1.59,2.44,0.06,4197.05,18.4,13661.17,2.0,66.13,17.97,2.24
2021-05-25,,,,,,,,,,,,,,,,,,,,,,,110.8557,1.56,0.15,2.26,1.41,1.54,2.42,0.06,4188.13,18.84,13657.17,2.01,66.27,96.49,2.21
2021-05-26,,,,,,,,,,,,,,,,,,,,,,,110.8814,1.58,0.14,2.27,1.44,1.56,2.4,0.06,4195.99,17.36,13738.0,1.98,66.41,11.13,2.2
2021-05-27,,,,,,,,,,,,,,,,,,,,,,,110.8829,1.61,0.14,2.29,1.47,1.59,2.42,0.06,4200.88,16.74,13736.28,1.98,66.87,11.65,2.25
2021-05-28,,,,,,,,,,,,,,,,,,,,,,,110.7711,1.58,0.14,2.26,1.44,1.57,2.42,0.05,4204.11,16.76,13748.74,1.99,66.31,12.98,2.27
2021-05-29,,,,,,,,,,,,,,,,,,,,,,,,,,,,,,0.05,,,,,,36.56,
2021-05-30,,,,,,,,,,,,,,,,,,,,,,,,,,,,,,0.05,,,,,,34.58,
2021-05-31,,,,,,,,,,,,,,,,,,,,,,,,,,,,,,0.05,,,,,,28.22,
2021-06-01,20474.7,19320.1,8026555.0,270.71,277.608,249.078,0.08,0.05,145828.0,5.9,61.7,16757.8,16183.6,8.4,178.8099244143571,113.15,64.35310940331831,0.142,234.697,1650.0,1654.0,0.06,110.5179,1.62,0.16,2.3,1.46,1.6,2.46,0.06,4202.04,17.9,13736.48,1.97,67.8,15.62,2.32
2021-06-02,,,,,,,,,,,,,,,,,,,,,,,110.5924,1.59,0.13,2.28,1.46,1.57,2.44,0.06,4208.12,17.48,13756.33,1.98,68.79,23.3,2.29
2021-06-03,,,,,,,,,,,,,,,,,,,,,,,111.1905,1.63,0.16,2.3,1.47,1.61,2.42,0.06,4192.85,18.04,13614.51,1.96,68.81,48.38,2.28
2021-06-04,,,,,,,,,,,,,,,,,,,,,,,110.7645,1.56,0.14,2.24,1.42,1.54,2.4,0.06,4229.89,16.42,13814.49,1.98,69.57,25.76,2.26
2021-06-05,,,,,,,,,,,,,,,,,,,,,,,,,,,,,,0.06,,,,,,55.24,
2021-06-06,,,,,,,,,,,,,,,,,,,,,,,,,,,,,,0.06,,,,,,68.2,
2021-06-07,,,,,,,,,,,,,,,,,,,,,,,110.5275,1.57,0.16,2.25,1.41,1.55,2.39,0.06,4226.52,16.42,13881.72,1.98,69.21,18.46,2.27
2021-06-08,,,,,,,,,,,,,,,,,,,,,,,110.6608,1.53,0.14,2.21,1.39,1.51,2.36,0.06,4227.26,17.07,13924.91,1.98,70.11,58.35,2.25
2021-06-09,,,,,,,,,,,,,,,,,,,,,,,110.582,1.5,0.16,2.17,1.34,1.47,2.32,0.06,4219.55,17.89,13911.75,1.96,69.9,104.71,2.23
2021-06-10,,,,,,,,,,,,,,,,,,,,,,,110.557,1.45,0.14,2.15,1.31,1.42,2.35,0.06,4239.18,16.1,14020.33,2.0,70.34,23.33,2.23
2021-06-11,,,,,,,,,,,,,,,,,,,,,,,111.1052,1.47,0.16,2.15,1.31,1.44,2.32,0.06,4247.44,15.65,14069.42,1.97,71.0,38.85,2.21
2021-06-12,,,,,,,,,,,,,,,,,,,,,,,,,,,,,,0.06,,,,,,37.51,
2021-06-13,,,,,,,,,,,,,,,,,,,,,,,,,,,,,,0.06,,,,,,53.47,
2021-06-14,,,,,,,,,,,,,,,,,,,,,,,110.9779,1.51,0.16,2.19,1.35,1.48,2.36,0.06,4255.15,16.39,14174.14,1.96,70.94,127.87,2.28
2021-06-15,,,,,,,,,,,,,,,,,,,,,,,111.3634,1.51,0.16,2.2,1.35,1.48,2.38,0.06,4246.59,17.02,14072.86,1.96,72.06,101.53,2.3
2021-06-16,,,,,,,,,,,,,,,,,,,,,,,111.1287,1.57,0.21,2.2,1.36,1.53,2.32,0.06,4223.7,18.15,14039.68,1.91,72.03,72.42,2.23
2021-06-17,,,,,,,,,,,,,,,,,,,,,,,112.5881,1.52,0.23,2.11,1.29,1.48,2.27,0.1,4221.86,17.75,14161.35,1.84,71.06,50.22,2.23
2021-06-18,,,,,,,,,,,,,,,,,,,,,,,113.0517,1.45,0.26,2.01,1.19,1.4,2.24,0.1,4166.45,20.7,14030.38,1.85,71.64,80.87,2.11
2021-06-19,,,,,,,,,,,,,,,,,,,,,,,,,,,,,,0.1,,,,,,18.95,
2021-06-20,,,,,,,,,,,,,,,,,,,,,,,,,,,,,,0.1,,,,,,204.83,
2021-06-21,,,,,,,,,,,,,,,,,,,,,,,112.8506,1.5,0.27,2.11,1.23,1.45,2.25,0.1,4224.79,17.89,14141.48,1.88,73.64,38.46,2.09
2021-06-22,,,,,,,,,,,,,,,,,,,,,,,112.929,1.48,0.25,2.1,1.23,1.44,2.31,0.1,4246.44,16.66,14253.27,1.9,73.15,14.72,2.16
2021-06-23,,,,,,,,,,,,,,,,,,,,,,,112.3931,1.5,0.26,2.11,1.24,1.45,2.34,0.1,4241.84,16.32,14271.73,1.89,73.11,24.6,2.19
2021-06-24,,,,,,,,,,,,,,,,,,,,,,,112.3357,1.49,0.26,2.1,1.23,1.44,2.3,0.1,4266.49,15.97,14369.71,1.88,73.31,24.95,2.15
2021-06-25,,,,,,,,,,,,,,,,,,,,,,,111.9742,1.54,0.28,2.16,1.26,1.48,2.34,0.1,4280.7,15.62,14360.39,1.9,74.21,13.7,2.22
2021-06-26,,,,,,,,,,,,,,,,,,,,,,,,,,,,,,0.1,,,,,,19.37,
2021-06-27,,,,,,,,,,,,,,,,,,,,,,,,,,,,,,0.1,,,,,,110.52,
2021-06-28,,,,,,,,,,,,,,,,,,,,,,,112.033,1.49,0.25,2.1,1.24,1.44,2.33,0.1,4290.61,15.76,14500.51,1.88,72.98,38.74,2.21
2021-06-29,,,,,,,,,,,,,,,,,,,,,,,112.2692,1.49,0.27,2.1,1.22,1.45,2.32,0.1,4291.8,16.02,14528.33,1.87,73.14,15.22,2.18
2021-06-30,,,,,,,,,,,,,,,,,,,,,,,112.5613,1.45,0.25,2.06,1.2,1.4,2.32,0.08,4297.5,15.83,14503.95,1.87,73.52,49.07,2.17
2021-07-01,20628.7,19489.0,8190357.0,271.965,278.639,250.207,0.1,0.015,146759.0,5.4,61.8,16867.8,16223.5,9.2,205.538642425079,130.01,76.98576387922527,0.143,237.425,1597.0,1658.0,0.06,112.7484,1.48,0.25,2.07,1.23,1.43,2.35,0.1,4319.94,15.48,14522.38,1.86,75.33,25.94,2.21
2021-07-02,,,,,,,,,,,,,,,,,,,,,,,112.5507,1.44,0.24,2.05,1.2,1.39,2.33,0.1,4352.34,15.07,14639.33,1.87,75.37,14.18,2.17
2021-07-03,,,,,,,,,,,,,,,,,,,,,,,,,,,,,,0.1,,,,,,19.87,
2021-07-04,,,,,,,,,,,,,,,,,,,,,,,,,,,,,,0.1,,,,,,55.28,
2021-07-05,,,,,,,,,,,,,,,,,,,,,,,,,,,,,,0.1,,,,,,109.38,
2021-07-06,,,,,,,,,,,,,,,,,,,,,,,112.9602,1.37,0.22,2.0,1.15,1.32,2.31,0.1,4343.54,16.44,14663.64,1.9,73.62,34.18,2.14
2021-07-07,,,,,,,,,,,,,,,,,,,,,,,113.1136,1.33,0.22,1.94,1.11,1.28,2.28,0.1,4358.13,16.2,14665.06,1.89,72.22,38.01,2.13
2021-07-08,,,,,,,,,,,,,,,,,,,,,,,113.0863,1.3,0.19,1.91,1.11,1.24,2.22,0.1,4320.82,19.0,14559.78,1.91,72.98,38.62,2.06
2021-07-09,,,,,,,,,,,,,,,,,,,,,,,112.8468,1.37,0.23,1.99,1.14,1.31,2.28,0.1,4369.55,16.18,14701.92,1.91,74.56,14.01,2.12
2021-07-10,,,,,,,,,,,,,,,,,,,,,,,,,,,,,,0.1,,,,,,80.72,
2021-07-11,,,,,,,,,,,,,,,,,,,,,,,,,,,,,,0.1,,,,,,366.23,
2021-07-12,,,,,,,,,,,,,,,,,,,,,,,112.7701,1.38,0.23,2.0,1.15,1.33,2.33,0.1,4384.63,16.17,14733.24,1.91,74.21,40.16,2.18
2021-07-13,,,,,,,,,,,,,,,,,,,,,,,113.0153,1.42,0.26,2.04,1.16,1.37,2.36,0.1,4369.21,17.12,14677.65,1.91,75.24,61.89,2.16
2021-07-14,,,,,,,,,,,,,,,,,,,,,,,112.8885,1.37,0.23,1.98,1.14,1.31,2.34,0.1,4374.3,16.33,14644.95,1.91,73.06,24.98,2.15
2021-07-15,,,,,,,,,,,,,,,,,,,,,,,113.0122,1.31,0.23,1.92,1.08,1.26,2.32,0.1,4360.03,17.01,14543.13,1.92,71.67,13.2,2.11
2021-07-16,,,,,,,,,,,,,,,,,,,,,,,113.0504,1.31,0.25,1.93,1.06,1.26,2.33,0.1,4327.16,18.45,14427.24,1.93,71.76,110.66,2.14
2021-07-17,,,,,,,,,,,,,,,,,,,,,,,,,,,,,,0.1,,,,,,237.65,
2021-07-18,,,,,,,,,,,,,,,,,,,,,,,,,,,,,,0.1,,,,,,89.34,
2021-07-19,,,,,,,,,,,,,,,,,,,,,,,113.5547,1.19,0.21,1.81,0.98,1.14,2.24,0.1,4258.49,22.5,14274.98,1.97,66.45,39.31,2.07
2021-07-20,,,,,,,,,,,,,,,,,,,,,,,113.7582,1.23,0.2,1.88,1.03,1.18,2.26,0.1,4323.06,19.73,14498.88,1.98,67.32,62.83,2.12
2021-07-21,,,,,,,,,,,,,,,,,,,,,,,113.4018,1.3,0.22,1.94,1.08,1.25,2.28,0.1,4358.69,17.91,14631.95,1.96,70.26,85.79,2.11
2021-07-22,,,,,,,,,,,,,,,,,,,,,,,113.4788,1.27,0.2,1.9,1.07,1.22,2.28,0.1,4367.48,17.69,14684.6,1.95,72.15,38.21,2.1
2021-07-23,,,,,,,,,,,,,,,,,,,,,,,113.4486,1.3,0.22,1.92,1.08,1.25,2.35,0.1,4411.79,17.2,14836.99,1.93,72.24,13.58,2.17
2021-07-24,,,,,,,,,,,,,,,,,,,,,,,,,,,,,,0.1,,,,,,19.72,
2021-07-25,,,,,,,,,,,,,,,,,,,,,,,,,,,,,,0.1,,,,,,86.41,
2021-07-26,,,,,,,,,,,,,,,,,,,,,,,113.2335,1.29,0.22,1.93,1.07,1.24,2.4,0.1,4422.3,17.58,14840.71,1.94,72.15,19.48,2.21
2021-07-27,,,,,,,,,,,,,,,,,,,,,,,113.2321,1.25,0.2,1.89,1.05,1.2,2.38,0.1,4401.46,19.36,14660.58,1.95,71.68,87.54,2.21
2021-07-28,,,,,,,,,,,,,,,,,,,,,,,113.1899,1.26,0.2,1.9,1.06,1.21,2.41,0.1,4400.64,18.31,14762.58,1.96,72.37,110.3,2.25
2021-07-29,,,,,,,,,,,,,,,,,,,,,,,112.4927,1.28,0.2,1.91,1.08,1.22,2.43,0.1,4419.15,17.7,14778.26,1.94,73.62,38.28,2.28
2021-07-30,,,,,,,,,,,,,,,,,,,,,,,112.6808,1.24,0.19,1.89,1.05,1.18,2.4,0.07,4395.26,18.24,14672.68,1.95,73.93,40.66,2.24
2021-07-31,,,,,,,,,,,,,,,,,,,,,,,,,,,,,,0.07,,,,,,19.45,
2021-08-01,20811.0,19687.0,8291893.0,272.752,279.021,251.043,0.09,0.02,147246.0,5.1,61.7,16832.4,16390.6,8.4,216.35360153235044,124.14,52.73314103175526,0.144,241.446,1594.0,1736.0,0.52,,,,,,,,0.07,,,,,,176.01,
2021-08-02,,,,,,,,,,,,,,,,,,,,,,,112.6784,1.2,0.17,1.86,1.03,1.15,2.37,0.1,4387.16,19.46,14681.07,1.95,71.31,19.41,2.23
2021-08-03,,,,,,,,,,,,,,,,,,,,,,,112.8331,1.19,0.17,1.85,1.02,1.14,2.38,0.1,4423.15,18.04,14761.29,1.97,70.64,14.74,2.25
2021-08-04,,,,,,,,,,,,,,,,,,,,,,,112.906,1.19,0.17,1.83,1.02,1.14,2.35,0.1,4402.66,17.97,14780.53,1.96,68.19,47.53,2.2
2021-08-05,,,,,,,,,,,,,,,,,,,,,,,112.778,1.23,0.21,1.86,1.02,1.18,2.33,0.1,4429.1,17.28,14895.12,1.95,69.1,99.84,2.2
2021-08-06,,,,,,,,,,,,,,,,,,,,,,,113.3192,1.31,0.21,1.94,1.1,1.25,2.37,0.1,4436.52,16.15,14835.76,1.94,68.26,13.48,2.24
2021-08-07,,,,,,,,,,,,,,,,,,,,,,,,,,,,,,0.1,,,,,,19.16,
2021-08-08,,,,,,,,,,,,,,,,,,,,,,,,,,,,,,0.1,,,,,,17.72,
2021-08-09,,,,,,,,,,,,,,,,,,,,,,,113.4625,1.33,0.23,1.96,1.1,1.27,2.37,0.1,4432.35,16.72,14860.18,1.95,66.56,138.86,2.24
2021-08-10,,,,,,,,,,,,,,,,,,,,,,,113.5072,1.36,0.24,1.99,1.12,1.31,2.4,0.1,4436.75,16.79,14788.09,1.95,68.33,28.72,2.27
2021-08-11,,,,,,,,,,,,,,,,,,,,,,,113.2917,1.35,0.23,1.99,1.12,1.3,2.42,0.1,4447.7,16.06,14765.14,1.99,69.3,72.58,2.29
2021-08-12,,,,,,,,,,,,,,,,,,,,,,,113.278,1.36,0.23,2.03,1.13,1.3,2.41,0.1,4460.83,15.59,14816.26,1.99,69.12,76.19,2.27
2021-08-13,,,,,,,,,,,,,,,,,,,,,,,113.0708,1.29,0.23,1.94,1.06,1.23,2.37,0.1,4468.0,15.45,14822.9,1.98,68.36,13.42,2.22
2021-08-14,,,,,,,,,,,,,,,,,,,,,,,,,,,,,,0.1,,,,,,19.49,
2021-08-15,,,,,,,,,,,,,,,,,,,,,,,,,,,,,,0.1,,,,,,208.91,
2021-08-16,,,,,,,,,,,,,,,,,,,,,,,113.179,1.26,0.21,1.92,1.05,1.2,2.36,0.1,4479.71,16.12,14793.76,1.97,67.44,38.74,2.22
2021-08-17,,,,,,,,,,,,,,,,,,,,,,,113.6263,1.26,0.23,1.92,1.03,1.19,2.33,0.1,4448.08,17.91,14656.18,1.98,66.5,201.68,2.17
2021-08-18,,,,,,,,,,,,,,,,,,,,,,,113.705,1.27,0.23,1.91,1.04,1.2,2.32,0.09,4400.27,21.57,14525.91,1.97,65.36,69.6,2.16
2021-08-19,,,,,,,,,,,,,,,,,,,,,,,114.1195,1.24,0.22,1.88,1.02,1.18,2.28,0.09,4405.8,21.67,14541.79,1.98,63.69,49.09,2.11
2021-08-20,,,,,,,,,,,,,,,,,,,,,,,114.5108,1.26,0.23,1.87,1.03,1.21,2.27,0.09,4441.67,18.56,14714.66,1.96,62.25,13.35,2.14
2021-08-21,,,,,,,,,,,,,,,,,,,,,,,,,,,,,,0.09,,,,,,18.77,
2021-08-22,,,,,,,,,,,,,,,,,,,,,,,,,,,,,,0.09,,,,,,206.35,
2021-08-23,,,,,,,,,,,,,,,,,,,,,,,113.9526,1.25,0.23,1.87,1.02,1.2,2.27,0.09,4479.53,17.15,14942.65,1.97,65.65,76.03,2.11
2021-08-24,,,,,,,,,,,,,,,,,,,,,,,113.6899,1.29,0.24,1.91,1.05,1.24,2.3,0.09,4486.23,17.22,15019.8,1.95,67.5,28.87,2.15
2021-08-25,,,,,,,,,,,,,,,,,,,,,,,113.6424,1.35,0.23,1.96,1.12,1.29,2.35,0.09,4496.19,16.79,15041.86,1.93,68.54,81.17,2.19
2021-08-26,,,,,,,,,,,,,,,,,,,,,,,113.7986,1.34,0.25,1.94,1.09,1.29,2.33,0.09,4470.0,18.84,14945.81,1.92,67.42,12.16,2.16
2021-08-27,,,,,,,,,,,,,,,,,,,,,,,113.3511,1.31,0.22,1.91,1.09,1.26,2.39,0.08,4509.37,16.39,15129.5,1.92,68.84,12.27,2.25
2021-08-28,,,,,,,,,,,,,,,,,,,,,,,,,,,,,,0.08,,,,,,17.01,
2021-08-29,,,,,,,,,,,,,,,,,,,,,,,,,,,,,,0.08,,,,,,16.35,
2021-08-30,,,,,,,,,,,,,,,,,,,,,,,113.256,1.29,0.2,1.9,1.09,1.24,2.37,0.08,4528.79,16.19,15265.89,1.92,69.28,18.79,2.23
2021-08-31,,,,,,,,,,,,,,,,,,,,,,,113.1175,1.3,0.2,1.92,1.1,1.26,2.33,0.06,4522.68,16.48,15259.24,1.94,68.43,42.85,2.18
2021-09-01,20978.6,19867.3,8418612.0,273.942,279.727,252.195,0.08,0.065,147712.0,4.7,61.7,16641.8,16477.5,7.2,205.34078660221263,120.23,79.6231235756659,0.144,245.525,1577.0,1640.0,0.46,112.8832,1.31,0.2,1.92,1.11,1.26,2.34,0.08,4524.09,16.11,15309.38,1.92,68.63,11.2,2.2
2021-09-02,,,,,,,,,,,,,,,,,,,,,,,112.7966,1.29,0.2,1.9,1.09,1.24,2.32,0.08,4536.95,16.41,15331.18,1.92,70.07,48.52,2.17
2021-09-03,,,,,,,,,,,,,,,,,,,,,,,112.558,1.33,0.21,1.94,1.12,1.28,2.34,0.08,4535.43,16.41,15363.52,1.91,69.34,49.37,2.2
2021-09-04,,,,,,,,,,,,,,,,,,,,,,,,,,,,,,0.08,,,,,,17.46,
2021-09-05,,,,,,,,,,,,,,,,,,,,,,,,,,,,,,0.08,,,,,,69.33,
2021-09-06,,,,,,,,,,,,,,,,,,,,,,,,,,,,,,0.08,,,,,,58.87,
2021-09-07,,,,,,,,,,,,,,,,,,,,,,,112.9892,1.38,0.22,1.99,1.16,1.33,2.36,0.08,4520.03,18.14,15374.33,1.91,68.49,126.12,2.21
2021-09-08,,,,,,,,,,,,,,,,,,,,,,,113.2414,1.35,0.22,1.95,1.13,1.3,2.38,0.08,4514.07,17.96,15286.64,1.91,69.36,81.45,2.23
2021-09-09,,,,,,,,,,,,,,,,,,,,,,,113.053,1.3,0.23,1.9,1.07,1.26,2.38,0.08,4493.28,18.8,15248.25,1.9,68.26,58.05,2.21
2021-09-10,,,,,,,,,,,,,,,,,,,,,,,112.9519,1.35,0.23,1.94,1.12,1.3,2.4,0.08,4458.58,20.95,15115.49,1.88,69.82,11.95,2.25
2021-09-11,,,,,,,,,,,,,,,,,,,,,,,,,,,,,,0.08,,,,,,31.98,
2021-09-12,,,,,,,,,,,,,,,,,,,,,,,,,,,,,,0.08,,,,,,139.01,
2021-09-13,,,,,,,,,,,,,,,,,,,,,,,113.0432,1.33,0.21,1.91,1.12,1.27,2.37,0.08,4468.73,19.37,15105.58,1.87,70.54,160.7,2.21
2021-09-14,,,,,,,,,,,,,,,,,,,,,,,113.0151,1.28,0.21,1.85,1.07,1.24,2.33,0.08,4443.05,19.46,15037.76,1.87,70.53,166.79,2.17
2021-09-15,,,,,,,,,,,,,,,,,,,,,,,112.9862,1.31,0.21,1.87,1.1,1.27,2.35,0.08,4480.7,18.18,15161.53,1.85,72.59,11.36,2.19
2021-09-16,,,,,,,,,,,,,,,,,,,,,,,113.3122,1.34,0.23,1.88,1.11,1.3,2.35,0.08,4473.75,18.69,15181.92,1.84,72.69,35.72,2.17
2021-09-17,,,,,,,,,,,,,,,,,,,,,,,113.6074,1.37,0.23,1.91,1.14,1.33,2.33,0.08,4432.99,20.81,15043.97,1.83,72.09,12.28,2.15
2021-09-18,,,,,,,,,,,,,,,,,,,,,,,,,,,,,,0.08,,,,,,16.89,
2021-09-19,,,,,,,,,,,,,,,,,,,,,,,,,,,,,,0.08,,,,,,16.18,
2021-09-20,,,,,,,,,,,,,,,,,,,,,,,113.9511,1.31,0.23,1.85,1.08,1.27,2.29,0.08,4357.73,25.71,14713.9,1.84,70.41,146.94,2.15
2021-09-21,,,,,,,,,,,,,,,,,,,,,,,113.8266,1.33,0.22,1.86,1.11,1.3,2.29,0.08,4354.19,24.36,14746.4,1.83,70.51,281.83,2.14
2021-09-22,,,,,,,,,,,,,,,,,,,,,,,113.631,1.32,0.25,1.84,1.07,1.29,2.28,0.08,4395.64,20.87,14896.85,1.83,72.37,172.2,2.15
2021-09-23,,,,,,,,,,,,,,,,,,,,,,,113.5224,1.41,0.27,1.92,1.14,1.38,2.31,0.08,4448.98,18.63,15052.24,1.81,73.43,23.55,2.14
2021-09-24,,,,,,,,,,,,,,,,,,,,,,,113.7694,1.47,0.29,1.99,1.18,1.44,2.34,0.08,4455.48,17.75,15047.7,1.8,74.18,24.3,2.21
2021-09-25,,,,,,,,,,,,,,,,,,,,,,,,,,,,,,0.08,,,,,,33.81,
2021-09-26,,,,,,,,,,,,,,,,,,,,,,,,,,,,,,0.08,,,,,,96.49,
2021-09-27,,,,,,,,,,,,,,,,,,,,,,,113.7532,1.48,0.31,1.99,1.17,1.44,2.35,0.08,4443.11,18.76,14969.97,1.78,75.54,143.59,2.2
2021-09-28,,,,,,,,,,,,,,,,,,,,,,,114.2571,1.54,0.31,2.07,1.23,1.5,2.38,0.08,4352.63,23.25,14546.68,1.8,75.44,41.99,2.23
2021-09-29,,,,,,,,,,,,,,,,,,,,,,,114.7191,1.55,0.3,2.09,1.25,1.51,2.37,0.08,4359.46,22.56,14512.44,1.81,75.06,44.72,2.22
2021-09-30,,,,,,,,,,,,,,,,,,,,,,,114.6504,1.52,0.28,2.08,1.24,1.48,2.37,0.06,4307.54,23.14,14448.58,1.85,75.22,68.98,2.23
2021-10-01,21142.9,20047.2,8516525.0,276.528,281.649,255.175,0.08,0.095,148569.0,4.5,61.8,16648.1,16694.0,6.6,195.14485215773607,109.65,65.49623407320315,0.142,254.669,1579.0,1707.0,0.06,114.3899,1.48,0.27,2.04,1.21,1.44,2.38,0.08,4357.04,21.15,14566.7,1.85,76.01,70.87,2.25
2021-10-02,,,,,,,,,,,,,,,,,,,,,,,,,,,,,,0.08,,,,,,66.7,
2021-10-03,,,,,,,,,,,,,,,,,,,,,,,,,,,,,,0.08,,,,,,15.73,
2021-10-04,,,,,,,,,,,,,,,,,,,,,,,114.2847,1.49,0.27,2.05,1.22,1.45,2.38,0.08,4300.46,22.96,14255.48,1.85,77.68,107.13,2.23
2021-10-05,,,,,,,,,,,,,,,,,,,,,,,114.3767,1.54,0.28,2.1,1.26,1.5,2.45,0.08,4345.72,21.3,14433.83,1.84,79.17,13.6,2.31
2021-10-06,,,,,,,,,,,,,,,,,,,,,,,114.7292,1.53,0.3,2.08,1.23,1.49,2.43,0.08,4363.55,21.0,14501.91,1.84,77.66,102.87,2.29
2021-10-07,,,,,,,,,,,,,,,,,,,,,,,114.5156,1.58,0.32,2.13,1.26,1.53,2.46,0.08,4399.76,19.54,14654.02,1.85,78.46,82.45,2.31
2021-10-08,,,,,,,,,,,,,,,,,,,,,,,114.6108,1.61,0.32,2.16,1.29,1.56,2.5,0.08,4391.34,18.77,14579.54,1.84,79.55,36.59,2.36
2021-10-09,,,,,,,,,,,,,,,,,,,,,,,,,,,,,,0.08,,,,,,33.94,
2021-10-10,,,,,,,,,,,,,,,,,,,,,,,,,,,,,,0.08,,,,,,16.15,
2021-10-11,,,,,,,,,,,,,,,,,,,,,,,,,,,,,,0.08,4361.19,20.0,14486.2,,80.64,18.88,
2021-10-12,,,,,,,,,,,,,,,,,,,,,,,114.7667,1.59,0.35,2.1,1.24,1.53,2.49,0.08,4350.65,19.85,14465.92,1.82,80.75,28.43,2.34
2021-10-13,,,,,,,,,,,,,,,,,,,,,,,114.4827,1.56,0.37,2.05,1.19,1.51,2.52,0.08,4363.8,18.64,14571.64,1.79,80.67,45.33,2.36
2021-10-14,,,,,,,,,,,,,,,,,,,,,,,114.2181,1.52,0.36,2.02,1.16,1.47,2.52,0.08,4438.26,16.86,14823.43,1.81,81.43,11.43,2.35
2021-10-15,,,,,,,,,,,,,,,,,,,,,,,114.1033,1.59,0.41,2.05,1.18,1.54,2.56,0.08,4471.37,16.3,14897.34,1.76,82.39,37.07,2.41
2021-10-16,,,,,,,,,,,,,,,,,,,,,,,,,,,,,,0.08,,,,,,32.9,
2021-10-17,,,,,,,,,,,,,,,,,,,,,,,,,,,,,,0.08,,,,,,215.27,
2021-10-18,,,,,,,,,,,,,,,,,,,,,,,114.0022,1.59,0.44,2.01,1.15,1.53,2.54,0.08,4486.46,16.31,15021.81,1.72,82.62,18.44,2.37
2021-10-19,,,,,,,,,,,,,,,,,,,,,,,113.6595,1.65,0.41,2.09,1.24,1.6,2.54,0.08,4519.63,15.7,15129.09,1.72,83.19,14.05,2.37
2021-10-20,,,,,,,,,,,,,,,,,,,,,,,113.521,1.65,0.4,2.12,1.25,1.6,2.57,0.08,4536.19,15.49,15121.68,1.75,84.4,22.61,2.37
2021-10-21,,,,,,,,,,,,,,,,,,,,,,,113.6322,1.68,0.45,2.13,1.23,1.62,2.64,0.08,4549.78,15.01,15215.7,1.74,82.64,92.46,2.34
2021-10-22,,,,,,,,,,,,,,,,,,,,,,,113.6828,1.66,0.48,2.08,1.18,1.6,2.64,0.08,4544.9,15.43,15090.2,1.72,84.53,12.25,2.37
2021-10-23,,,,,,,,,,,,,,,,,,,,,,,,,,,,,,0.08,,,,,,16.72,
2021-10-24,,,,,,,,,,,,,,,,,,,,,,,,,,,,,,0.08,,,,,,65.43,
2021-10-25,,,,,,,,,,,,,,,,,,,,,,,113.6172,1.64,0.47,2.09,1.17,1.58,2.66,0.08,4566.48,15.24,15226.71,1.73,84.64,54.32,2.37
2021-10-26,,,,,,,,,,,,,,,,,,,,,,,113.6863,1.63,0.47,2.05,1.16,1.57,2.69,0.08,4574.79,15.98,15235.71,1.71,85.64,69.58,2.39
2021-10-27,,,,,,,,,,,,,,,,,,,,,,,113.6342,1.54,0.5,1.95,1.04,1.48,2.65,0.08,4551.68,16.98,15235.84,1.69,82.66,101.17,2.34
2021-10-28,,,,,,,,,,,,,,,,,,,,,,,113.453,1.57,0.5,1.96,1.07,1.51,2.57,0.08,4596.42,16.53,15448.12,1.69,82.78,57.06,2.24
2021-10-29,,,,,,,,,,,,,,,,,,,,,,,114.149,1.55,0.48,1.93,1.07,1.5,2.51,0.07,4605.38,16.26,15498.39,1.69,83.5,24.12,2.13
2021-10-30,,,,,,,,,,,,,,,,,,,,,,,,,,,,,,0.07,,,,,,16.28,
2021-10-31,,,,,,,,,,,,,,,,,,,,,,,,,,,,,,0.07,,,,,,16.15,
2021-11-01,21316.7,20235.2,8648682.0,278.824,283.411,257.723,0.08,0.05,149206.0,4.2,61.9,16598.3,16849.0,6.1,227.92129295262177,135.15,53.98210262275066,0.142,262.745,1705.0,1765.0,0.12,114.2231,1.58,0.5,1.98,1.08,1.53,2.5,0.08,4613.67,16.41,15595.92,1.69,84.08,127.18,2.14
2021-11-02,,,,,,,,,,,,,,,,,,,,,,,114.2997,1.56,0.46,1.96,1.1,1.51,2.51,0.08,4630.65,16.03,15649.6,1.71,83.91,26.74,2.18
2021-11-03,,,,,,,,,,,,,,,,,,,,,,,114.3754,1.6,0.47,2.0,1.13,1.55,2.53,0.08,4660.57,15.1,15811.58,1.7,80.82,216.7,2.2
2021-11-04,,,,,,,,,,,,,,,,,,,,,,,114.37,1.53,0.41,1.96,1.12,1.49,2.56,0.08,4680.06,15.44,15940.31,1.73,78.88,187.34,2.24
2021-11-05,,,,,,,,,,,,,,,,,,,,,,,114.0865,1.45,0.39,1.87,1.06,1.4,2.54,0.08,4697.53,16.48,15971.59,1.73,81.25,215.79,2.21
2021-11-06,,,,,,,,,,,,,,,,,,,,,,,,,,,,,,0.08,,,,,,301.82,
2021-11-07,,,,,,,,,,,,,,,,,,,,,,,,,,,,,,0.08,,,,,,338.45,
2021-11-08,,,,,,,,,,,,,,,,,,,,,,,113.8391,1.51,0.45,1.89,1.06,1.45,2.62,0.08,4701.7,17.22,15982.36,1.67,81.96,358.99,2.3
2021-11-09,,,,,,,,,,,,,,,,,,,,,,,113.7746,1.46,0.41,1.83,1.05,1.42,2.63,0.08,4685.25,17.78,15886.54,1.67,84.12,257.17,2.3
2021-11-10,,,,,,,,,,,,,,,,,,,,,,,114.1611,1.56,0.51,1.92,1.05,1.51,2.7,0.08,4646.71,18.73,15622.71,1.66,81.23,22.6,2.32
2021-11-11,,,,,,,,,,,,,,,,,,,,,,,,,,,,,,0.08,4649.27,17.66,15704.28,,81.47,12.28,
2021-11-12,,,,,,,,,,,,,,,,,,,,,,,114.5263,1.58,0.53,1.95,1.05,1.53,2.73,0.08,4682.85,16.29,15860.96,1.69,80.87,12.64,2.35
2021-11-13,,,,,,,,,,,,,,,,,,,,,,,,,,,,,,0.08,,,,,,17.24,
2021-11-14,,,,,,,,,,,,,,,,,,,,,,,,,,,,,,0.08,,,,,,79.85,
2021-11-15,,,,,,,,,,,,,,,,,,,,,,,114.6003,1.63,0.53,2.01,1.1,1.58,2.76,0.08,4682.8,16.49,15853.85,1.7,80.85,99.72,2.35
2021-11-16,,,,,,,,,,,,,,,,,,,,,,,115.149,1.63,0.54,2.02,1.09,1.58,2.73,0.08,4700.9,16.37,15973.86,1.72,80.76,42.1,2.29
2021-11-17,,,,,,,,,,,,,,,,,,,,,,,115.039,1.6,0.52,2.0,1.08,1.55,2.7,0.08,4688.67,17.11,15921.57,1.74,78.32,57.79,2.26
2021-11-18,,,,,,,,,,,,,,,,,,,,,,,115.0811,1.59,0.52,1.97,1.07,1.54,2.73,0.08,4704.54,17.59,15993.71,1.73,78.92,35.75,2.35
2021-11-19,,,,,,,,,,,,,,,,,,,,,,,115.2318,1.54,0.52,1.91,1.02,1.49,2.65,0.08,4697.96,17.91,16057.44,1.73,76.11,25.16,2.28
2021-11-20,,,,,,,,,,,,,,,,,,,,,,,,,,,,,,0.08,,,,,,17.25,
2021-11-21,,,,,,,,,,,,,,,,,,,,,,,,,,,,,,0.08,,,,,,48.19,
2021-11-22,,,,,,,,,,,,,,,,,,,,,,,115.6615,1.63,0.63,1.98,1.0,1.58,2.61,0.08,4682.94,19.17,15854.76,1.71,76.74,18.56,2.24
2021-11-23,,,,,,,,,,,,,,,,,,,,,,,116.026,1.67,0.6,2.02,1.07,1.61,2.62,0.08,4690.7,19.38,15775.14,1.73,78.32,28.81,2.24
2021-11-24,,,,,,,,,,,,,,,,,,,,,,,116.2855,1.64,0.64,1.96,1.0,1.58,2.61,0.08,4701.46,18.58,15845.23,1.72,78.32,12.72,2.19
2021-11-25,,,,,,,,,,,,,,,,,,,,,,,,,,,,,,0.08,,,,,,38.3,
2021-11-26,,,,,,,,,,,,,,,,,,,,,,,116.5259,1.48,0.5,1.83,0.98,1.42,2.55,0.08,4594.62,28.62,15491.66,1.82,,45.48,2.18
2021-11-27,,,,,,,,,,,,,,,,,,,,,,,,,,,,,,0.08,,,,,,213.71,
2021-11-28,,,,,,,,,,,,,,,,,,,,,,,,,,,,,,0.08,,,,,,154.74,
2021-11-29,,,,,,,,,,,,,,,,,,,,,,,116.596,1.52,0.51,1.87,1.01,1.46,2.54,0.08,4655.27,22.96,15782.83,1.81,69.88,54.3,2.17
2021-11-30,,,,,,,,,,,,,,,,,,,,,,,116.2206,1.43,0.52,1.78,0.91,1.38,2.5,0.07,4567.0,27.19,15537.69,1.81,66.14,111.66,2.2
2021-12-01,21471.0,20398.9,8723909.0,280.806,285.221,259.919,0.08,0.07,149781.0,3.9,62.0,16525.4,16905.5,6.0,265.9578218565131,137.13,153.26201508801608,0.142,267.047,1722.0,1919.0,0.32,115.9026,1.43,0.56,1.77,0.87,1.37,2.44,0.08,4513.04,31.12,15254.05,1.81,65.44,113.42,2.18
2021-12-02,,,,,,,,,,,,,,,,,,,,,,,116.0313,1.44,0.63,1.76,0.81,1.39,2.47,0.08,4577.1,27.95,15381.32,1.8,66.6,106.94,2.21
2021-12-03,,,,,,,,,,,,,,,,,,,,,,,116.2511,1.35,0.6,1.69,0.75,1.29,2.43,0.08,4538.43,30.67,15085.47,1.81,66.39,180.95,2.14
2021-12-04,,,,,,,,,,,,,,,,,,,,,,,,,,,,,,0.08,,,,,,162.43,
2021-12-05,,,,,,,,,,,,,,,,,,,,,,,,,,,,,,0.08,,,,,,16.96,
2021-12-06,,,,,,,,,,,,,,,,,,,,,,,116.1663,1.43,0.65,1.75,0.78,1.38,2.44,0.08,4591.67,27.18,15225.15,1.79,69.62,18.39,2.09
2021-12-07,,,,,,,,,,,,,,,,,,,,,,,115.8676,1.48,0.7,1.8,0.78,1.42,2.47,0.08,4686.75,21.89,15686.92,1.75,71.94,70.19,2.1
2021-12-08,,,,,,,,,,,,,,,,,,,,,,,115.4541,1.52,0.68,1.87,0.84,1.45,2.52,0.08,4701.21,19.9,15786.99,1.79,72.43,23.7,2.16
2021-12-09,,,,,,,,,,,,,,,,,,,,,,,115.7904,1.49,0.7,1.87,0.79,1.43,2.47,0.08,4667.45,21.58,15517.37,1.81,70.87,24.22,2.14
2021-12-10,,,,,,,,,,,,,,,,,,,,,,,115.5852,1.48,0.67,1.88,0.81,1.42,2.44,0.08,4712.02,18.69,15630.6,1.83,71.71,52.19,2.12
2021-12-11,,,,,,,,,,,,,,,,,,,,,,,,,,,,,,0.08,,,,,,111.82,
2021-12-12,,,,,,,,,,,,,,,,,,,,,,,,,,,,,,0.08,,,,,,191.41,
2021-12-13,,,,,,,,,,,,,,,,,,,,,,,115.8538,1.42,0.66,1.81,0.76,1.37,2.4,0.08,4668.97,20.31,15413.28,1.82,71.19,18.87,2.07
2021-12-14,,,,,,,,,,,,,,,,,,,,,,,116.252,1.44,0.67,1.82,0.77,1.39,2.37,0.08,4634.09,21.89,15237.64,1.82,70.57,43.16,2.08
2021-12-15,,,,,,,,,,,,,,,,,,,,,,,116.4342,1.47,0.69,1.86,0.78,1.42,2.39,0.08,4709.85,19.29,15565.58,1.83,70.89,35.71,2.11
2021-12-16,,,,,,,,,,,,,,,,,,,,,,,115.7267,1.44,0.64,1.87,0.8,1.39,2.42,0.08,4668.67,20.57,15180.43,1.87,72.34,62.91,2.14
2021-12-17,,,,,,,,,,,,,,,,,,,,,,,115.8022,1.41,0.66,1.82,0.75,1.36,2.38,0.08,4620.64,21.57,15169.68,1.87,70.93,159.57,2.11
2021-12-18,,,,,,,,,,,,,,,,,,,,,,,,,,,,,,0.08,,,,,,36.82,
2021-12-19,,,,,,,,,,,,,,,,,,,,,,,,,,,,,,0.08,,,,,,84.68,
2021-12-20,,,,,,,,,,,,,,,,,,,,,,,116.0206,1.43,0.65,1.85,0.78,1.36,2.39,0.08,4568.02,22.87,14980.94,1.89,68.69,58.79,2.13
2021-12-21,,,,,,,,,,,,,,,,,,,,,,,116.1208,1.48,0.7,1.89,0.78,1.41,2.44,0.08,4649.23,21.01,15341.09,1.88,71.1,134.62,2.19
2021-12-22,,,,,,,,,,,,,,,,,,,,,,,115.7612,1.46,0.68,1.86,0.78,1.38,2.47,0.08,4696.56,18.63,15521.89,1.86,72.82,135.63,2.24
2021-12-23,,,,,,,,,,,,,,,,,,,,,,,115.5469,1.5,0.71,1.91,0.79,1.43,2.47,0.08,4725.79,17.96,15653.37,1.86,73.89,66.7,2.22
2021-12-24,,,,,,,,,,,,,,,,,,,,,,,,,,,,,,0.08,,,,,,81.14,
2021-12-25,,,,,,,,,,,,,,,,,,,,,,,,,,,,,,0.08,,,,,,333.57,
2021-12-26,,,,,,,,,,,,,,,,,,,,,,,,,,,,,,0.08,,,,,,366.06,
2021-12-27,,,,,,,,,,,,,,,,,,,,,,,115.4821,1.48,0.76,1.88,0.72,1.42,2.5,0.08,4791.19,17.68,15871.26,1.86,75.49,218.69,2.25
2021-12-28,,,,,,,,,,,,,,,,,,,,,,,115.4327,1.49,0.74,1.9,0.75,1.43,2.5,0.08,4786.35,17.54,15781.72,1.86,76.01,49.81,2.22
2021-12-29,,,,,,,,,,,,,,,,,,,,,,,115.3819,1.55,0.75,1.96,0.8,1.5,2.53,0.08,4793.06,16.95,15766.22,1.85,76.58,57.65,2.23
2021-12-30,,,,,,,,,,,,,,,,,,,,,,,115.2969,1.52,0.73,1.93,0.79,1.47,2.58,0.08,4778.73,17.33,15741.56,1.85,76.83,86.41,2.3
2021-12-31,,,,,,,,,,,,,,,,,,,,,,,,1.52,0.73,1.9,0.79,1.46,2.56,0.07,4766.18,17.22,15644.97,,75.33,120.62,2.25
2022-01-01,21585.9,20519.7,8820580.0,282.542,286.799,261.961,0.08,0.17,150006.0,4.0,62.2,16143.2,17017.8,3.6,231.90134991941795,145.67,156.3303814126659,0.147,269.67,1702.0,1920.0,0.26,,,,,,,,0.07,,,,,,222.61,
2022-01-02,,,,,,,,,,,,,,,,,,,,,,,,,,,,,,0.07,,,,,,120.22,
2022-01-03,,,,,,,,,,,,,,,,,,,,,,,115.4243,1.63,0.78,2.01,0.85,1.55,2.6,0.08,4796.56,16.6,15832.8,1.82,75.99,112.25,2.25
2022-01-04,,,,,,,,,,,,,,,,,,,,,,,115.3263,1.66,0.77,2.07,0.89,1.58,2.57,0.08,4793.54,16.91,15622.72,1.84,77.0,33.62,2.21
2022-01-05,,,,,,,,,,,,,,,,,,,,,,,115.1524,1.71,0.83,2.09,0.88,1.62,2.53,0.08,4700.58,19.73,15100.17,1.8,77.83,42.88,2.19
2022-01-06,,,,,,,,,,,,,,,,,,,,,,,115.4189,1.73,0.88,2.09,0.85,1.63,2.46,0.08,4696.05,19.61,15080.86,1.78,79.47,86.93,2.15
2022-01-07,,,,,,,,,,,,,,,,,,,,,,,115.0596,1.76,0.87,2.11,0.89,1.66,2.48,0.08,4677.03,18.76,14935.9,1.78,79.0,20.1,2.18
2022-01-08,,,,,,,,,,,,,,,,,,,,,,,,,,,,,,0.08,,,,,,45.76,
2022-01-09,,,,,,,,,,,,,,,,,,,,,,,,,,,,,,0.08,,,,,,90.78,
2022-01-10,,,,,,,,,,,,,,,,,,,,,,,115.235,1.78,0.92,2.11,0.86,1.65,2.48,0.08,4670.29,19.4,14942.83,1.76,78.11,100.45,2.19
2022-01-11,,,,,,,,,,,,,,,,,,,,,,,114.8467,1.75,0.9,2.08,0.85,1.64,2.54,0.08,4713.07,18.41,15153.45,1.76,81.17,21.43,2.21
2022-01-12,,,,,,,,,,,,,,,,,,,,,,,114.3713,1.74,0.92,2.08,0.82,1.62,2.48,0.08,4726.35,17.62,15188.39,1.77,82.51,225.35,2.14
2022-01-13,,,,,,,,,,,,,,,,,,,,,,,114.1934,1.7,0.91,2.05,0.79,1.58,2.43,0.08,4659.03,20.31,14806.81,1.8,81.97,83.55,2.09
2022-01-14,,,,,,,,,,,,,,,,,,,,,,,114.3968,1.78,0.99,2.12,0.79,1.65,2.44,0.08,4662.85,19.19,14893.75,1.79,83.82,115.98,2.09
2022-01-15,,,,,,,,,,,,,,,,,,,,,,,,,,,,,,0.08,,,,,,76.9,
2022-01-16,,,,,,,,,,,,,,,,,,,,,,,,,,,,,,0.08,,,,,,168.53,
2022-01-17,,,,,,,,,,,,,,,,,,,,,,,,,,,,,,0.08,,,,,,34.02,
2022-01-18,,,,,,,,,,,,,,,,,,,,,,,114.7513,1.87,1.06,2.18,0.81,1.71,2.46,0.08,4577.11,22.79,14506.9,1.78,85.42,33.69,2.12
2022-01-19,,,,,,,,,,,,,,,,,,,,,,,114.6254,1.83,1.04,2.14,0.79,1.66,2.4,0.08,4532.76,23.85,14340.26,1.77,86.84,8.13,2.07
2022-01-20,,,,,,,,,,,,,,,,,,,,,,,114.4779,1.83,1.08,2.14,0.75,1.66,2.33,0.08,4482.73,25.59,14154.02,1.79,86.29,49.95,1.92
2022-01-21,,,,,,,,,,,,,,,,,,,,,,,114.6261,1.75,1.01,2.07,0.74,1.58,2.34,0.08,4397.94,28.85,13768.92,1.84,85.16,87.59,1.98
2022-01-22,,,,,,,,,,,,,,,,,,,,,,,,,,,,,,0.08,,,,,,61.26,
2022-01-23,,,,,,,,,,,,,,,,,,,,,,,,,,,,,,0.08,,,,,,61.37,
2022-01-24,,,,,,,,,,,,,,,,,,,,,,,115.2165,1.75,0.99,2.1,0.76,1.56,2.38,0.08,4410.13,29.9,13855.13,1.89,84.48,73.26,2.02
2022-01-25,,,,,,,,,,,,,,,,,,,,,,,115.1779,1.78,1.02,2.12,0.76,1.59,2.41,0.08,4356.45,31.16,13539.29,1.91,86.61,234.53,2.04
2022-01-26,,,,,,,,,,,,,,,,,,,,,,,115.1044,1.85,1.13,2.16,0.72,1.66,2.38,0.08,4349.93,31.96,13542.12,1.84,88.33,144.59,2.01
2022-01-27,,,,,,,,,,,,,,,,,,,,,,,115.9874,1.81,1.18,2.09,0.63,1.61,2.4,0.08,4326.51,30.49,13352.78,1.86,87.61,169.89,2.04
2022-01-28,,,,,,,,,,,,,,,,,,,,,,,116.049,1.78,1.15,2.07,0.63,1.59,2.44,0.08,4431.85,27.66,13770.57,1.91,87.67,48.52,2.08
2022-01-29,,,,,,,,,,,,,,,,,,,,,,,,,,,,,,0.08,,,,,,110.78,
2022-01-30,,,,,,,,,,,,,,,,,,,,,,,,,,,,,,0.08,,,,,,306.93,
2022-01-31,,,,,,,,,,,,,,,,,,,,,,,115.5742,1.79,1.18,2.11,0.61,1.57,2.44,0.08,4515.55,24.83,14239.88,1.93,89.16,157.03,2.06
2022-02-01,21684.2,20640.3,8897596.0,284.525,288.256,264.019,0.08,0.18,150875.0,3.8,62.2,16143.0,17136.1,3.6,191.74600432038687,127.99,110.05818827122042,0.148,275.672,1735.0,1857.0,0.04,115.3775,1.81,1.18,2.12,0.63,1.62,2.43,0.08,4546.54,21.96,14346.0,1.92,88.22,136.45,2.06
2022-02-02,,,,,,,,,,,,,,,,,,,,,,,115.1643,1.78,1.16,2.11,0.62,1.59,2.41,0.08,4589.38,22.09,14417.55,1.91,88.16,171.84,2.03
2022-02-03,,,,,,,,,,,,,,,,,,,,,,,114.9175,1.82,1.19,2.14,0.63,1.62,2.38,0.08,4477.44,24.35,13878.82,1.92,90.17,115.14,2.0
2022-02-04,,,,,,,,,,,,,,,,,,,,,,,115.1473,1.93,1.31,2.23,0.62,1.7,2.41,0.08,4500.53,23.22,14098.01,1.92,92.27,39.3,2.04
2022-02-05,,,,,,,,,,,,,,,,,,,,,,,,,,,,,,0.08,,,,,,30.89,
2022-02-06,,,,,,,,,,,,,,,,,,,,,,,,,,,,,,0.08,,,,,,137.03,
2022-02-07,,,,,,,,,,,,,,,,,,,,,,,115.0209,1.92,1.3,2.22,0.62,1.65,2.4,0.08,4483.87,22.86,14015.67,1.93,91.25,28.42,2.05
2022-02-08,,,,,,,,,,,,,,,,,,,,,,,115.0999,1.96,1.35,2.25,0.61,1.71,2.42,0.08,4521.54,21.44,14194.45,1.91,89.32,10.51,2.07
2022-02-09,,,,,,,,,,,,,,,,,,,,,,,114.8329,1.94,1.36,2.25,0.58,1.68,2.42,0.08,4587.18,19.96,14490.37,1.92,89.57,31.37,2.06
2022-02-10,,,,,,,,,,,,,,,,,,,,,,,114.5618,2.03,1.61,2.3,0.42,1.63,2.45,0.08,4504.08,23.91,14185.64,1.91,89.83,49.65,2.09
2022-02-11,,,,,,,,,,,,,,,,,,,,,,,114.8489,1.92,1.5,2.24,0.42,1.56,2.43,0.08,4418.64,27.36,13791.15,2.0,93.1,59.3,2.04
2022-02-12,,,,,,,,,,,,,,,,,,,,,,,,,,,,,,0.08,,,,,,119.68,
2022-02-13,,,,,,,,,,,,,,,,,,,,,,,,,,,,,,0.08,,,,,,131.51,
2022-02-14,,,,,,,,,,,,,,,,,,,,,,,115.2008,1.98,1.58,2.29,0.4,1.55,2.48,0.08,4401.67,28.33,13790.92,2.0,95.52,114.88,2.05
2022-02-15,,,,,,,,,,,,,,,,,,,,,,,114.9357,2.05,1.58,2.37,0.47,1.65,2.48,0.08,4471.07,25.7,14139.76,1.99,92.07,42.75,2.07
2022-02-16,,,,,,,,,,,,,,,,,,,,,,,114.6954,2.03,1.52,2.34,0.51,1.65,2.46,0.08,4475.01,24.29,14124.09,2.05,93.83,38.92,2.05
2022-02-17,,,,,,,,,,,,,,,,,,,,,,,114.682,1.97,1.49,2.31,0.48,1.61,2.43,0.08,4380.26,28.11,13716.72,2.12,91.78,66.56,1.99
2022-02-18,,,,,,,,,,,,,,,,,,,,,,,114.8036,1.92,1.47,2.24,0.45,1.57,2.41,0.08,4348.87,27.75,13548.07,2.13,91.26,133.01,1.96
2022-02-19,,,,,,,,,,,,,,,,,,,,,,,,,,,,,,0.08,,,,,,91.75,
2022-02-20,,,,,,,,,,,,,,,,,,,,,,,,,,,,,,0.08,,,,,,122.3,
2022-02-21,,,,,,,,,,,,,,,,,,,,,,,,,,,,,,0.08,,,,,,63.24,
2022-02-22,,,,,,,,,,,,,,,,,,,,,,,114.7054,1.94,1.56,2.24,0.38,1.57,2.45,0.08,4304.76,28.81,13381.52,2.13,92.11,34.09,2.01
2022-02-23,,,,,,,,,,,,,,,,,,,,,,,114.6718,1.99,1.58,2.29,0.41,1.65,2.53,0.08,4225.5,31.02,13037.49,2.1,92.14,73.48,2.05
2022-02-24,,,,,,,,,,,,,,,,,,,,,,,115.9478,1.96,1.54,2.28,0.42,1.64,2.55,0.08,4288.7,30.32,13473.58,2.24,92.77,85.22,2.05
2022-02-25,,,,,,,,,,,,,,,,,,,,,,,115.2633,1.97,1.55,2.29,0.42,1.64,2.54,0.08,4384.65,27.59,13694.62,2.2,91.68,168.78,2.06
2022-02-26,,,,,,,,,,,,,,,,,,,,,,,,,,,,,,0.08,,,,,,216.87,
2022-02-27,,,,,,,,,,,,,,,,,,,,,,,,,,,,,,0.08,,,,,,136.23,
2022-02-28,,,,,,,,,,,,,,,,,,,,,,,115.2317,1.83,1.44,2.17,0.39,1.48,2.62,0.08,4373.94,30.15,13751.4,2.34,96.13,73.7,2.13
2022-03-01,21720.8,20684.1,8933825.0,287.467,289.044,267.426,0.2,0.21,151346.0,3.7,62.3,16065.5,17371.4,2.7,329.89251697962527,186.61,189.90669506231285,0.15,300.345,1712.0,1868.0,0.12,115.8062,1.72,1.31,2.11,0.41,1.4,2.62,0.08,4306.26,33.32,13532.46,2.25,103.66,84.97,2.1
2022-03-02,,,,,,,,,,,,,,,,,,,,,,,115.7727,1.86,1.5,2.24,0.36,1.52,2.71,0.08,4386.54,30.74,13752.02,2.24,110.74,121.46,2.19
2022-03-03,,,,,,,,,,,,,,,,,,,,,,,115.9592,1.86,1.53,2.24,0.33,1.48,2.69,0.08,4363.49,30.48,13537.94,2.24,107.69,164.71,2.21
2022-03-04,,,,,,,,,,,,,,,,,,,,,,,116.661,1.74,1.5,2.16,0.24,1.4,2.67,0.08,4328.87,31.98,13313.44,2.31,115.77,58.61,2.15
2022-03-05,,,,,,,,,,,,,,,,,,,,,,,,,,,,,,0.08,,,,,,108.12,
2022-03-06,,,,,,,,,,,,,,,,,,,,,,,,,,,,,,0.08,,,,,,104.01,
2022-03-07,,,,,,,,,,,,,,,,,,,,,,,117.3406,1.78,1.55,2.19,0.23,1.4,2.77,0.08,4201.09,36.45,12830.96,2.32,119.26,56.91,2.25
2022-03-08,,,,,,,,,,,,,,,,,,,,,,,117.6281,1.86,1.63,2.24,0.23,1.5,2.9,0.08,4170.7,35.13,12795.55,2.35,123.64,143.3,2.37
2022-03-09,,,,,,,,,,,,,,,,,,,,,,,116.6057,1.94,1.68,2.29,0.26,1.56,2.84,0.08,4277.88,32.45,13255.55,2.32,108.81,107.69,2.35
2022-03-10,,,,,,,,,,,,,,,,,,,,,,,116.75,1.98,1.72,2.38,0.26,1.59,2.86,0.08,4259.52,30.23,13129.96,2.38,105.93,142.35,2.3
2022-03-11,,,,,,,,,,,,,,,,,,,,,,,117.0294,2.0,1.75,2.36,0.25,1.6,2.94,0.08,4204.31,30.75,12843.81,2.35,109.31,188.09,2.36
2022-03-12,,,,,,,,,,,,,,,,,,,,,,,,,,,,,,0.08,,,,,,112.77,
2022-03-13,,,,,,,,,,,,,,,,,,,,,,,,,,,,,,0.08,,,,,,227.64,
2022-03-14,,,,,,,,,,,,,,,,,,,,,,,117.1594,2.14,1.87,2.47,0.27,1.69,2.93,0.08,4173.11,31.77,12581.22,2.33,103.22,246.05,2.36
2022-03-15,,,,,,,,,,,,,,,,,,,,,,,117.2533,2.15,1.85,2.49,0.3,1.69,2.84,0.08,4262.45,29.83,12948.62,2.36,96.42,91.68,2.26
2022-03-16,,,,,,,,,,,,,,,,,,,,,,,116.8135,2.19,1.95,2.46,0.24,1.75,2.8,0.08,4357.86,26.67,13436.55,2.23,94.85,93.49,2.26
2022-03-17,,,,,,,,,,,,,,,,,,,,,,,116.0544,2.2,1.94,2.5,0.26,1.8,2.91,0.33,4411.67,25.67,13614.78,2.17,102.97,111.31,2.31
2022-03-18,,,,,,,,,,,,,,,,,,,,,,,116.1447,2.14,1.97,2.42,0.17,1.72,2.86,0.33,4463.12,23.87,13893.84,2.14,104.69,122.22,2.24
2022-03-19,,,,,,,,,,,,,,,,,,,,,,,,,,,,,,0.33,,,,,,84.36,
2022-03-20,,,,,,,,,,,,,,,,,,,,,,,,,,,,,,0.33,,,,,,172.07,
2022-03-21,,,,,,,,,,,,,,,,,,,,,,,115.9467,2.32,2.14,2.55,0.18,1.78,2.9,0.33,4461.18,23.53,13838.46,2.07,112.14,153.11,2.28
2022-03-22,,,,,,,,,,,,,,,,,,,,,,,116.0888,2.38,2.18,2.6,0.2,1.87,2.91,0.33,4511.61,22.94,14108.82,2.05,111.03,69.19,2.3
2022-03-23,,,,,,,,,,,,,,,,,,,,,,,116.0101,2.32,2.13,2.52,0.19,1.82,2.94,0.33,4456.24,23.57,13922.6,2.03,114.89,98.22,2.31
2022-03-24,,,,,,,,,,,,,,,,,,,,,,,115.9651,2.34,2.13,2.51,0.21,1.82,2.92,0.33,4520.16,21.67,14191.84,2.01,114.2,70.71,2.27
2022-03-25,,,,,,,,,,,,,,,,,,,,,,,115.7953,2.48,2.3,2.6,0.18,1.93,2.95,0.33,4543.06,20.81,14169.3,1.96,116.2,102.17,2.31
2022-03-26,,,,,,,,,,,,,,,,,,,,,,,,,,,,,,0.33,,,,,,137.25,
2022-03-27,,,,,,,,,,,,,,,,,,,,,,,,,,,,,,0.33,,,,,,258.25,
2022-03-28,,,,,,,,,,,,,,,,,,,,,,,116.1953,2.46,2.35,2.57,0.11,1.87,2.95,0.33,4575.52,19.63,14354.9,1.94,107.55,119.08,2.34
2022-03-29,,,,,,,,,,,,,,,,,,,,,,,115.572,2.41,2.35,2.53,0.06,1.86,2.86,0.33,4631.6,18.9,14619.64,1.91,104.25,184.66,2.32
2022-03-30,,,,,,,,,,,,,,,,,,,,,,,115.0857,2.35,2.31,2.48,0.04,1.8,2.86,0.33,4602.45,19.33,14442.27,1.93,107.81,110.86,2.31
2022-03-31,,,,,,,,,,,,,,,,,,,,,,,115.2254,2.32,2.28,2.44,0.04,1.8,2.84,0.33,4530.41,20.56,14220.52,1.93,100.53,96.02,2.34
2022-04-01,21749.6,20727.1,8949532.0,288.582,290.474,268.303,0.33,0.215,151651.0,3.7,62.2,16063.7,17493.8,2.2,302.7985938060339,136.31,131.09880091023825,0.151,296.071,1820.0,1859.0,0.24,115.4835,2.39,2.44,2.44,-0.05,1.86,2.8,0.33,4545.86,19.63,14261.5,1.81,99.32,69.12,2.32
2022-04-02,,,,,,,,,,,,,,,,,,,,,,,,,,,,,,0.33,,,,,,33.04,
2022-04-03,,,,,,,,,,,,,,,,,,,,,,,,,,,,,,0.33,,,,,,47.36,
2022-04-04,,,,,,,,,,,,,,,,,,,,,,,115.4121,2.42,2.43,2.48,-0.01,1.76,2.8,0.33,4582.64,18.57,14532.55,1.81,103.29,58.15,2.32
2022-04-05,,,,,,,,,,,,,,,,,,,,,,,115.7328,2.54,2.51,2.57,0.03,1.89,2.84,0.33,4525.12,21.03,14204.17,1.77,101.98,101.63,2.37
2022-04-06,,,,,,,,,,,,,,,,,,,,,,,116.002,2.61,2.5,2.63,0.11,1.94,2.83,0.33,4481.15,22.1,13888.82,1.77,96.39,128.5,2.38
2022-04-07,,,,,,,,,,,,,,,,,,,,,,,116.3541,2.66,2.47,2.69,0.19,1.98,2.82,0.33,4500.21,21.55,13897.3,1.78,96.05,78.46,2.38
2022-04-08,,,,,,,,,,,,,,,,,,,,,,,116.42,2.72,2.53,2.76,0.19,2.02,2.87,0.33,4488.28,21.16,13711.0,1.78,98.35,20.62,2.41
2022-04-09,,,,,,,,,,,,,,,,,,,,,,,,,,,,,,0.33,,,,,,81.69,
2022-04-10,,,,,,,,,,,,,,,,,,,,,,,,,,,,,,0.33,,,,,,295.73,
2022-04-11,,,,,,,,,,,,,,,,,,,,,,,116.5423,2.79,2.5,2.84,0.29,2.02,2.91,0.33,4412.53,24.37,13411.96,1.82,94.22,193.19,2.45
2022-04-12,,,,,,,,,,,,,,,,,,,,,,,116.387,2.72,2.39,2.82,0.33,1.98,2.86,0.33,4397.45,24.26,13371.57,1.92,100.52,34.16,2.41
2022-04-13,,,,,,,,,,,,,,,,,,,,,,,116.2793,2.7,2.37,2.81,0.33,1.95,2.8,0.33,4446.59,21.82,13643.59,1.94,104.26,51.43,2.35
2022-04-14,,,,,,,,,,,,,,,,,,,,,,,116.7552,2.83,2.47,2.92,0.36,2.04,2.89,0.33,4392.59,22.7,13351.08,1.93,106.84,103.15,2.45
2022-04-15,,,,,,,,,,,,,,,,,,,,,,,116.7011,,,,,,,0.33,,,,,,41.63,
2022-04-16,,,,,,,,,,,,,,,,,,,,,,,,,,,,,,0.33,,,,,,34.83,
2022-04-17,,,,,,,,,,,,,,,,,,,,,,,,,,,,,,0.33,,,,,,32.7,
2022-04-18,,,,,,,,,,,,,,,,,,,,,,,116.8427,2.85,2.46,2.95,0.39,2.04,2.92,0.33,4391.69,22.17,13332.36,1.94,108.24,76.98,2.48
2022-04-19,,,,,,,,,,,,,,,,,,,,,,,117.1322,2.93,2.61,3.01,0.32,2.12,2.93,0.33,4462.21,21.37,13619.66,1.91,102.54,239.84,2.5
2022-04-20,,,,,,,,,,,,,,,,,,,,,,,116.7325,2.85,2.6,2.9,0.25,2.03,2.92,0.33,4459.45,20.32,13453.07,1.91,102.56,75.77,2.48
2022-04-21,,,,,,,,,,,,,,,,,,,,,,,117.1454,2.9,2.68,2.94,0.22,2.07,3.02,0.33,4393.66,22.68,13174.65,1.93,103.89,69.98,2.67
2022-04-22,,,,,,,,,,,,,,,,,,,,,,,118.0205,2.9,2.72,2.95,0.18,2.07,2.98,0.33,4271.78,28.21,12839.29,1.96,102.86,90.54,2.59
2022-04-23,,,,,,,,,,,,,,,,,,,,,,,,,,,,,,0.33,,,,,,66.02,
2022-04-24,,,,,,,,,,,,,,,,,,,,,,,,,,,,,,0.33,,,,,,45.49,
2022-04-25,,,,,,,,,,,,,,,,,,,,,,,118.6298,2.81,2.63,2.88,0.18,1.9,2.91,0.33,4296.12,27.02,13004.85,2.03,99.6,131.45,2.55
2022-04-26,,,,,,,,,,,,,,,,,,,,,,,118.9658,2.77,2.54,2.86,0.23,1.94,2.85,0.33,4175.2,33.52,12490.74,2.06,102.62,44.42,2.45
2022-04-27,,,,,,,,,,,,,,,,,,,,,,,119.472,2.82,2.58,2.91,0.24,2.0,2.88,0.33,4183.96,31.6,12488.93,2.05,101.96,33.48,2.48
2022-04-28,,,,,,,,,,,,,,,,,,,,,,,120.0703,2.85,2.63,2.92,0.22,2.03,2.97,0.33,4287.5,29.99,12871.53,2.06,105.47,60.13,2.55
2022-04-29,,,,,,,,,,,,,,,,,,,,,,,119.4936,2.89,2.7,2.96,0.19,2.04,2.88,0.33,4131.93,33.4,12334.64,2.05,104.59,131.51,2.46
2022-04-30,,,,,,,,,,,,,,,,,,,,,,,,,,,,,,0.33,,,,,,327.42,
2022-05-01,21689.9,20669.1,8935540.0,291.299,292.039,271.311,0.77,0.235,151892.0,3.6,62.3,16049.1,17569.9,2.3,291.17750481736675,133.78,149.56105068003365,0.154,309.418,1531.0,1704.0,0.44,,,,,,,,0.33,,,,,,113.96,
2022-05-02,,,,,,,,,,,,,,,,,,,,,,,119.8827,2.99,2.73,3.07,0.26,2.09,2.81,0.33,4155.38,32.34,12536.02,2.08,105.18,73.17,2.41
2022-05-03,,,,,,,,,,,,,,,,,,,,,,,119.7037,2.97,2.78,3.03,0.19,2.06,2.83,0.33,4175.48,29.25,12563.76,2.05,102.53,110.17,2.45
2022-05-04,,,,,,,,,,,,,,,,,,,,,,,119.5567,2.93,2.66,3.01,0.27,2.04,2.86,0.33,4300.17,25.42,12964.86,2.08,107.84,199.17,2.48
2022-05-05,,,,,,,,,,,,,,,,,,,,,,,120.0043,3.05,2.71,3.15,0.34,2.2,2.87,0.83,4146.87,31.2,12317.69,2.1,108.17,130.68,2.51
2022-05-06,,,,,,,,,,,,,,,,,,,,,,,119.8544,3.12,2.72,3.23,0.4,2.27,2.86,0.83,4123.34,30.19,12144.66,2.09,109.72,250.97,2.5
2022-05-07,,,,,,,,,,,,,,,,,,,,,,,,,,,,,,0.83,,,,,,67.62,
2022-05-08,,,,,,,,,,,,,,,,,,,,,,,,,,,,,,0.83,,,,,,277.25,
2022-05-09,,,,,,,,,,,,,,,,,,,,,,,120.4949,3.05,2.61,3.19,0.44,2.13,2.75,0.83,3991.24,34.75,11623.25,2.17,103.08,129.57,2.44
2022-05-10,,,,,,,,,,,,,,,,,,,,,,,120.7716,2.99,2.62,3.12,0.37,2.1,2.65,0.83,4001.05,32.99,11737.67,2.16,99.74,112.36,2.38
2022-05-11,,,,,,,,,,,,,,,,,,,,,,,120.3896,2.91,2.66,3.05,0.25,2.0,2.7,0.83,3935.18,32.56,11364.24,2.17,105.5,92.85,2.4
2022-05-12,,,,,,,,,,,,,,,,,,,,,,,121.273,2.84,2.56,3.0,0.28,1.88,2.59,0.83,3930.08,31.77,11370.96,2.2,106.15,68.63,2.29
2022-05-13,,,,,,,,,,,,,,,,,,,,,,,120.8379,2.93,2.61,3.1,0.32,1.9,2.69,0.83,4023.89,28.87,11805.0,2.24,110.52,120.14,2.35
2022-05-14,,,,,,,,,,,,,,,,,,,,,,,,,,,,,,0.83,,,,,,94.75,
2022-05-15,,,,,,,,,,,,,,,,,,,,,,,,,,,,,,0.83,,,,,,94.39,
2022-05-16,,,,,,,,,,,,,,,,,,,,,,,120.6812,2.88,2.58,3.09,0.3,1.81,2.68,0.83,4008.01,27.47,11662.79,2.29,114.07,57.32,2.32
2022-05-17,,,,,,,,,,,,,,,,,,,,,,,119.8816,2.98,2.71,3.17,0.27,1.92,2.71,0.83,4088.85,26.1,11984.52,2.27,112.31,22.37,2.34
2022-05-18,,,,,,,,,,,,,,,,,,,,,,,120.022,2.89,2.68,3.07,0.21,1.86,2.72,0.83,3923.68,30.96,11418.15,2.31,109.67,125.3,2.39
2022-05-19,,,,,,,,,,,,,,,,,,,,,,,119.4244,2.84,2.63,3.05,0.21,1.79,2.59,0.83,3900.79,29.35,11388.5,2.37,112.21,131.05,2.21
2022-05-20,,,,,,,,,,,,,,,,,,,,,,,119.3617,2.78,2.6,2.99,0.18,1.75,2.55,0.83,3901.36,29.43,11354.62,2.36,112.63,149.55,2.22
2022-05-21,,,,,,,,,,,,,,,,,,,,,,,,,,,,,,0.83,,,,,,200.66,
2022-05-22,,,,,,,,,,,,,,,,,,,,,,,,,,,,,,0.83,,,,,,167.08,
2022-05-23,,,,,,,,,,,,,,,,,,,,,,,118.712,2.86,2.65,3.08,0.21,1.79,2.6,0.83,3973.75,28.48,11535.27,2.33,110.32,179.29,2.28
2022-05-24,,,,,,,,,,,,,,,,,,,,,,,118.6208,2.76,2.5,2.98,0.26,1.7,2.55,0.83,3941.48,29.45,11264.45,2.34,112.55,92.7,2.23
2022-05-25,,,,,,,,,,,,,,,,,,,,,,,118.9561,2.75,2.48,2.97,0.27,1.69,2.56,0.83,3978.73,28.37,11434.74,2.29,112.88,172.07,2.24
2022-05-26,,,,,,,,,,,,,,,,,,,,,,,118.7671,2.75,2.46,2.99,0.29,1.68,2.62,0.83,4057.84,27.5,11740.65,2.25,116.19,166.85,2.28
2022-05-27,,,,,,,,,,,,,,,,,,,,,,,118.2796,2.74,2.47,2.97,0.27,1.66,2.63,0.83,4158.24,25.72,12131.13,2.26,114.96,231.82,2.31
2022-05-28,,,,,,,,,,,,,,,,,,,,,,,,,,,,,,0.83,,,,,,32.78,
2022-05-29,,,,,,,,,,,,,,,,,,,,,,,,,,,,,,0.83,,,,,,165.64,
2022-05-30,,,,,,,,,,,,,,,,,,,,,,,,,,,,,,0.83,,26.54,,,,48.78,
2022-05-31,,,,,,,,,,,,,,,,,,,,,,,118.0689,2.85,2.53,3.07,0.32,1.69,2.64,0.83,4132.15,26.19,12081.39,2.18,114.38,25.72,2.32
2022-06-01,21642.5,20592.6,8922725.0,295.072,294.009,275.645,1.21,0.225,152353.0,3.6,62.2,16015.9,17747.6,2.0,275.29165179733724,133.47,138.59429473573738,0.16,332.281,1551.0,1737.0,0.26,118.6936,2.94,2.66,3.09,0.28,1.79,2.65,0.83,4101.23,25.69,11994.46,2.08,115.26,69.88,2.34
2022-06-02,,,,,,,,,,,,,,,,,,,,,,,118.0642,2.92,2.65,3.09,0.27,1.75,2.66,0.83,4176.82,24.72,12316.9,2.1,116.88,116.11,2.35
2022-06-03,,,,,,,,,,,,,,,,,,,,,,,118.2138,2.96,2.66,3.11,0.3,1.75,2.74,0.83,4108.54,24.79,12012.73,2.09,118.97,81.92,2.44
2022-06-04,,,,,,,,,,,,,,,,,,,,,,,,,,,,,,0.83,,,,,,16.62,
2022-06-05,,,,,,,,,,,,,,,,,,,,,,,,,,,,,,0.83,,,,,,60.22,
2022-06-06,,,,,,,,,,,,,,,,,,,,,,,118.3053,3.04,2.73,3.19,0.31,1.78,2.76,0.83,4121.43,25.07,12061.37,2.08,118.41,45.61,2.47
2022-06-07,,,,,,,,,,,,,,,,,,,,,,,118.4401,2.98,2.75,3.13,0.23,1.72,2.73,0.83,4160.68,24.02,12175.23,2.07,119.55,69.52,2.43
2022-06-08,,,,,,,,,,,,,,,,,,,,,,,118.3944,3.03,2.78,3.18,0.25,1.75,2.75,0.83,4115.77,23.96,12086.27,2.07,121.94,61.53,2.44
2022-06-09,,,,,,,,,,,,,,,,,,,,,,,118.9193,3.04,2.83,3.18,0.21,1.74,2.75,0.83,4017.82,26.09,11754.23,2.07,121.52,113.22,2.42
2022-06-10,,,,,,,,,,,,,,,,,,,,,,,119.9942,3.15,3.06,3.2,0.09,1.76,2.76,0.83,3900.86,27.75,11340.02,2.04,120.73,92.05,2.39
2022-06-11,,,,,,,,,,,,,,,,,,,,,,,,,,,,,,0.83,,,,,,35.14,
2022-06-12,,,,,,,,,,,,,,,,,,,,,,,,,,,,,,0.83,,,,,,95.94,
2022-06-13,,,,,,,,,,,,,,,,,,,,,,,121.1517,3.43,3.4,3.42,0.03,1.7,2.74,0.83,3749.63,34.02,10809.23,1.98,120.92,93.86,2.37
2022-06-14,,,,,,,,,,,,,,,,,,,,,,,121.6668,3.49,3.45,3.45,0.04,1.66,2.6,0.83,3735.48,32.69,10828.35,1.99,118.92,35.2,2.32
2022-06-15,,,,,,,,,,,,,,,,,,,,,,,121.6382,3.33,3.2,3.39,0.13,1.59,2.7,0.83,3789.99,29.62,11099.15,2.1,115.32,53.8,2.4
2022-06-16,,,,,,,,,,,,,,,,,,,,,,,120.6755,3.28,3.14,3.35,0.14,1.69,2.62,1.58,3666.77,32.95,10646.1,2.13,117.56,152.05,2.37
2022-06-17,,,,,,,,,,,,,,,,,,,,,,,121.2389,3.25,3.17,3.3,0.08,1.62,2.58,1.58,3674.84,31.13,10798.35,2.13,109.56,70.87,2.36
2022-06-18,,,,,,,,,,,,,,,,,,,,,,,,,,,,,,1.58,,,,,,85.74,
2022-06-19,,,,,,,,,,,,,,,,,,,,,,,,,,,,,,1.58,,,,,,152.69,
2022-06-20,,,,,,,,,,,,,,,,,,,,,,,,,,,,,,1.58,,31.03,,,,33.32,
2022-06-21,,,,,,,,,,,,,,,,,,,,,,,120.646,3.31,3.21,3.39,0.1,1.61,2.61,1.58,3764.79,30.19,11069.3,2.13,110.49,98.16,2.38
2022-06-22,,,,,,,,,,,,,,,,,,,,,,,120.5232,3.16,3.06,3.25,0.1,1.55,2.54,1.58,3759.89,28.95,11053.08,2.17,106.22,118.73,2.34
2022-06-23,,,,,,,,,,,,,,,,,,,,,,,120.7646,3.09,3.01,3.21,0.08,1.44,2.5,1.58,3795.73,29.05,11232.19,2.2,105.75,55.0,2.31
2022-06-24,,,,,,,,,,,,,,,,,,,,,,,120.4897,3.13,3.04,3.26,0.09,1.4,2.56,1.58,3911.74,27.23,11607.62,2.22,109.07,84.02,2.3
2022-06-25,,,,,,,,,,,,,,,,,,,,,,,,,,,,,,1.58,,,,,,68.51,
2022-06-26,,,,,,,,,,,,,,,,,,,,,,,,,,,,,,1.58,,,,,,276.25,
2022-06-27,,,,,,,,,,,,,,,,,,,,,,,120.1789,3.2,3.08,3.31,0.12,1.41,2.55,1.58,3900.11,26.95,11524.55,2.19,111.44,80.28,2.31
2022-06-28,,,,,,,,,,,,,,,,,,,,,,,120.6254,3.2,3.1,3.3,0.1,1.41,2.48,1.58,3821.55,28.36,11181.54,2.22,113.66,72.94,2.23
2022-06-29,,,,,,,,,,,,,,,,,,,,,,,120.9689,3.1,3.06,3.22,0.04,1.32,2.36,1.58,3818.83,28.16,11177.89,2.24,111.65,52.98,2.13
2022-06-30,,,,,,,,,,,,,,,,,,,,,,,120.9718,2.98,2.92,3.14,0.06,1.26,2.33,1.58,3785.38,28.71,11028.74,2.31,107.76,172.69,2.08
2022-07-01,21641.8,20531.7,8894234.0,294.94,295.08,274.695,1.68,0.18,153049.0,3.5,62.1,16219.1,17744.0,3.1,317.14668927721044,146.9,161.91759508532616,0.164,314.944,1381.0,1703.0,0.08,121.5123,2.88,2.84,3.11,0.04,1.15,2.34,1.58,3825.33,26.7,11127.85,2.42,110.3,188.65,2.08
2022-07-02,,,,,,,,,,,,,,,,,,,,,,,,,,,,,,1.58,,,,,,34.45,
2022-07-03,,,,,,,,,,,,,,,,,,,,,,,,,,,,,,1.58,,,,,,51.31,
2022-07-04,,,,,,,,,,,,,,,,,,,,,,,,,,,,,,1.58,,27.53,,,,109.05,
2022-07-05,,,,,,,,,,,,,,,,,,,,,,,122.6276,2.82,2.82,3.05,0.0,0.92,2.3,1.58,3831.39,27.54,11322.24,2.41,101.55,56.09,2.09
2022-07-06,,,,,,,,,,,,,,,,,,,,,,,123.0165,2.93,2.97,3.14,-0.04,1.03,2.29,1.58,3845.08,26.73,11361.85,2.39,100.31,77.5,2.1
2022-07-07,,,,,,,,,,,,,,,,,,,,,,,122.7336,3.01,3.03,3.2,-0.02,1.06,2.33,1.58,3902.62,26.08,11621.35,2.33,104.62,95.37,2.13
2022-07-08,,,,,,,,,,,,,,,,,,,,,,,122.4724,3.09,3.12,3.27,-0.03,1.11,2.37,1.58,3899.38,24.64,11635.31,2.31,106.78,74.24,2.12
2022-07-09,,,,,,,,,,,,,,,,,,,,,,,,,,,,,,1.58,,,,,,55.05,
2022-07-10,,,,,,,,,,,,,,,,,,,,,,,,,,,,,,1.58,,,,,,114.31,
2022-07-11,,,,,,,,,,,,,,,,,,,,,,,123.3062,2.99,3.07,3.18,-0.08,0.81,2.32,1.58,3854.43,26.17,11372.6,2.32,106.09,33.04,2.08
2022-07-12,,,,,,,,,,,,,,,,,,,,,,,123.4612,2.96,3.03,3.13,-0.07,0.74,2.32,1.58,3818.8,27.29,11264.73,2.31,97.69,61.95,2.14
2022-07-13,,,,,,,,,,,,,,,,,,,,,,,123.293,2.91,3.13,3.08,-0.22,0.52,2.31,1.58,3801.78,26.82,11247.58,2.32,98.44,46.66,2.11
2022-07-14,,,,,,,,,,,,,,,,,,,,,,,124.0717,2.96,3.15,3.11,-0.19,0.56,2.34,1.58,3790.38,26.4,11251.19,2.31,97.79,141.31,2.14
2022-07-15,,,,,,,,,,,,,,,,,,,,,,,123.4842,2.93,3.13,3.1,-0.2,0.56,2.36,1.58,3863.16,24.23,11452.42,2.3,99.59,107.08,2.13
2022-07-16,,,,,,,,,,,,,,,,,,,,,,,,,,,,,,1.58,,,,,,55.19,
2022-07-17,,,,,,,,,,,,,,,,,,,,,,,,,,,,,,1.58,,,,,,133.23,
2022-07-18,,,,,,,,,,,,,,,,,,,,,,,122.78,2.96,3.15,3.14,-0.19,0.46,2.37,1.58,3830.85,25.3,11360.05,2.28,104.48,48.3,2.11
2022-07-19,,,,,,,,,,,,,,,,,,,,,,,122.4922,3.01,3.23,3.17,-0.22,0.49,2.39,1.58,3936.69,24.5,11713.15,2.26,106.12,108.18,2.11
2022-07-20,,,,,,,,,,,,,,,,,,,,,,,122.6096,3.04,3.25,3.17,-0.21,0.53,2.38,1.58,3959.9,23.88,11897.65,2.2,104.45,149.94,2.09
2022-07-21,,,,,,,,,,,,,,,,,,,,,,,122.9169,2.91,3.1,3.08,-0.19,0.43,2.33,1.58,3998.95,23.11,12059.61,2.23,98.44,119.9,2.11
2022-07-22,,,,,,,,,,,,,,,,,,,,,,,122.4643,2.77,2.98,3.0,-0.21,0.28,2.34,1.58,3961.63,23.03,11834.11,2.28,97.71,115.32,2.12
2022-07-23,,,,,,,,,,,,,,,,,,,,,,,,,,,,,,1.58,,,,,,106.76,
2022-07-24,,,,,,,,,,,,,,,,,,,,,,,,,,,,,,1.58,,,,,,150.93,
2022-07-25,,,,,,,,,,,,,,,,,,,,,,,122.4721,2.81,3.0,3.04,-0.19,0.19,2.36,1.58,3966.84,23.36,11782.67,2.31,99.83,79.82,2.14
2022-07-26,,,,,,,,,,,,,,,,,,,,,,,122.7698,2.81,3.02,3.03,-0.21,0.26,2.36,1.58,3921.05,24.69,11562.57,2.29,97.74,50.23,2.16
2022-07-27,,,,,,,,,,,,,,,,,,,,,,,122.8281,2.78,2.96,3.03,-0.18,0.34,2.42,1.58,4023.61,23.24,12032.42,2.3,100.03,194.15,2.23
2022-07-28,,,,,,,,,,,,,,,,,,,,,,,122.1267,2.68,2.85,3.02,-0.17,0.26,2.48,2.33,4072.43,22.33,12162.59,2.42,99.11,180.36,2.29
2022-07-29,,,,,,,,,,,,,,,,,,,,,,,121.7793,2.67,2.89,3.0,-0.22,0.26,2.53,2.32,4130.29,21.33,12390.69,2.36,101.31,86.11,2.33
2022-07-30,,,,,,,,,,,,,,,,,,,,,,,,,,,,,,2.32,,,,,,54.47,
2022-07-31,,,,,,,,,,,,,,,,,,,,,,,,,,,,,,2.32,,,,,,115.53,
2022-08-01,21606.6,20434.9,8856210.0,295.162,296.582,274.075,2.33,0.22,153286.0,3.6,62.3,16314.4,17897.5,3.1,256.99207168639896,119.16,120.39347673975216,0.167,298.772,1531.0,1557.0,0.14,121.4218,2.6,2.9,2.92,-0.3,0.04,2.51,2.33,4118.63,22.84,12368.98,2.38,96.59,265.4,2.3
2022-08-02,,,,,,,,,,,,,,,,,,,,,,,121.9609,2.75,3.06,3.0,-0.31,0.19,2.48,2.33,4091.19,23.93,12348.76,2.29,97.14,60.94,2.27
2022-08-03,,,,,,,,,,,,,,,,,,,,,,,122.4002,2.73,3.1,2.96,-0.37,0.21,2.5,2.33,4155.17,21.95,12668.16,2.29,93.25,125.84,2.28
2022-08-04,,,,,,,,,,,,,,,,,,,,,,,121.8436,2.68,3.03,2.97,-0.35,0.18,2.46,2.33,4151.94,21.44,12720.58,2.32,91.29,104.16,2.28
2022-08-05,,,,,,,,,,,,,,,,,,,,,,,122.33,2.83,3.24,3.06,-0.41,0.25,2.46,2.33,4145.19,21.15,12657.55,2.29,91.77,126.28,2.28
2022-08-06,,,,,,,,,,,,,,,,,,,,,,,,,,,,,,2.33,,,,,,90.02,
2022-08-07,,,,,,,,,,,,,,,,,,,,,,,,,,,,,,2.33,,,,,,165.08,
2022-08-08,,,,,,,,,,,,,,,,,,,,,,,121.8887,2.77,3.21,3.0,-0.44,0.12,2.48,2.33,4140.06,21.29,12644.46,2.26,93.52,259.28,2.31
2022-08-09,,,,,,,,,,,,,,,,,,,,,,,121.8719,2.8,3.28,3.01,-0.48,0.13,2.47,2.33,4122.47,21.77,12493.93,2.26,93.18,87.15,2.28
2022-08-10,,,,,,,,,,,,,,,,,,,,,,,120.7648,2.78,3.23,3.04,-0.45,0.13,2.43,2.33,4210.24,19.74,12854.8,2.29,94.68,120.54,2.25
2022-08-11,,,,,,,,,,,,,,,,,,,,,,,120.7281,2.87,3.23,3.15,-0.36,0.25,2.47,2.33,4207.27,20.2,12779.91,2.29,97.02,141.42,2.27
2022-08-12,,,,,,,,,,,,,,,,,,,,,,,121.0272,2.84,3.25,3.12,-0.41,0.21,2.47,2.33,4280.15,19.53,13047.19,2.27,94.86,106.87,2.27
2022-08-13,,,,,,,,,,,,,,,,,,,,,,,,,,,,,,2.33,,,,,,74.14,
2022-08-14,,,,,,,,,,,,,,,,,,,,,,,,,,,,,,2.33,,,,,,50.45,
2022-08-15,,,,,,,,,,,,,,,,,,,,,,,121.4382,2.79,3.2,3.1,-0.41,0.07,2.44,2.33,4297.14,19.95,13128.05,2.27,92.24,111.66,2.26
2022-08-16,,,,,,,,,,,,,,,,,,,,,,,121.6889,2.82,3.25,3.11,-0.43,0.12,2.44,2.33,4305.2,19.69,13102.55,2.27,89.23,59.72,2.27
2022-08-17,,,,,,,,,,,,,,,,,,,,,,,122.0802,2.89,3.28,3.15,-0.39,0.21,2.46,2.33,4274.04,19.9,12938.12,2.24,90.85,99.81,2.27
2022-08-18,,,,,,,,,,,,,,,,,,,,,,,122.3722,2.88,3.22,3.14,-0.34,0.17,2.52,2.33,4283.74,19.56,12965.34,2.24,93.2,9.12,2.34
2022-08-19,,,,,,,,,,,,,,,,,,,,,,,123.0596,2.98,3.25,3.22,-0.27,0.24,2.55,2.33,4228.48,20.6,12705.22,2.25,93.55,114.81,2.38
2022-08-20,,,,,,,,,,,,,,,,,,,,,,,,,,,,,,2.33,,,,,,114.9,
2022-08-21,,,,,,,,,,,,,,,,,,,,,,,,,,,,,,2.33,,,,,,128.43,
2022-08-22,,,,,,,,,,,,,,,,,,,,,,,123.6123,3.03,3.32,3.24,-0.29,0.21,2.57,2.33,4137.99,23.8,12381.57,2.24,93.42,446.93,2.4
2022-08-23,,,,,,,,,,,,,,,,,,,,,,,123.0617,3.05,3.29,3.26,-0.24,0.25,2.58,2.33,4128.73,24.11,12381.3,2.24,96.46,58.62,2.39
2022-08-24,,,,,,,,,,,,,,,,,,,,,,,123.1136,3.11,3.36,3.32,-0.25,0.29,2.62,2.33,4140.77,22.82,12431.53,2.23,95.52,70.68,2.45
2022-08-25,,,,,,,,,,,,,,,,,,,,,,,123.0645,3.03,3.35,3.25,-0.32,0.15,2.6,2.33,4199.12,21.78,12639.27,2.21,93.33,79.66,2.43
2022-08-26,,,,,,,,,,,,,,,,,,,,,,,123.0709,3.04,3.37,3.21,-0.33,0.15,2.57,2.33,4057.66,25.56,12141.71,2.19,93.63,58.58,2.41
2022-08-27,,,,,,,,,,,,,,,,,,,,,,,,,,,,,,2.33,,,,,,47.79,
2022-08-28,,,,,,,,,,,,,,,,,,,,,,,,,,,,,,2.33,,,,,,61.43,
2022-08-29,,,,,,,,,,,,,,,,,,,,,,,123.4739,3.12,3.42,3.25,-0.3,0.15,2.58,2.33,4030.61,26.21,12017.67,2.19,97.4,105.7,2.45
2022-08-30,,,,,,,,,,,,,,,,,,,,,,,123.6893,3.11,3.46,3.23,-0.35,0.14,2.55,2.33,3986.16,26.21,11883.14,2.17,92.08,127.62,2.43
2022-08-31,,,,,,,,,,,,,,,,,,,,,,,123.5407,3.15,3.45,3.27,-0.3,0.19,2.48,2.33,3955.0,25.87,11816.2,2.18,90.09,85.8,2.38
2022-09-01,21520.5,20281.0,8816882.0,296.421,298.281,274.876,2.56,0.24,153513.0,3.5,62.3,16372.3,17987.2,3.1,281.85971241799945,109.56,149.0037319663473,0.167,294.581,1488.0,1600.0,0.2,124.4045,3.26,3.51,3.37,-0.25,0.29,2.45,2.33,3966.85,25.56,11785.13,2.22,87.09,42.39,2.38
2022-09-02,,,,,,,,,,,,,,,,,,,,,,,123.7771,3.2,3.4,3.35,-0.2,0.26,2.47,2.33,3924.26,25.47,11630.86,2.24,87.29,36.42,2.39
2022-09-03,,,,,,,,,,,,,,,,,,,,,,,,,,,,,,2.33,,,,,,14.56,
2022-09-04,,,,,,,,,,,,,,,,,,,,,,,,,,,,,,2.33,,,,,,206.11,
2022-09-05,,,,,,,,,,,,,,,,,,,,,,,,,,,,,,2.33,,25.99,,,,46.61,
2022-09-06,,,,,,,,,,,,,,,,,,,,,,,124.7719,3.33,3.5,3.49,-0.17,0.29,2.48,2.33,3908.19,26.91,11544.91,2.27,87.35,60.81,2.4
2022-09-07,,,,,,,,,,,,,,,,,,,,,,,124.8457,3.27,3.45,3.42,-0.18,0.2,2.45,2.33,3979.87,24.64,11791.9,2.24,82.5,96.27,2.39
2022-09-08,,,,,,,,,,,,,,,,,,,,,,,124.584,3.29,3.48,3.45,-0.19,0.23,2.41,2.33,4006.18,23.61,11862.13,2.25,84.04,38.83,2.36
2022-09-09,,,,,,,,,,,,,,,,,,,,,,,123.7954,3.33,3.56,3.47,-0.23,0.25,2.42,2.33,4067.36,22.79,12112.31,2.2,87.27,47.57,2.33
2022-09-10,,,,,,,,,,,,,,,,,,,,,,,,,,,,,,2.33,,,,,,28.75,
2022-09-11,,,,,,,,,,,,,,,,,,,,,,,,,,,,,,2.33,,,,,,29.05,
2022-09-12,,,,,,,,,,,,,,,,,,,,,,,123.3441,3.37,3.58,3.53,-0.21,0.2,2.42,2.33,4110.41,23.87,12266.41,2.2,88.18,186.29,2.32
2022-09-13,,,,,,,,,,,,,,,,,,,,,,,124.4342,3.42,3.75,3.51,-0.33,0.14,2.44,2.33,3932.69,27.27,11633.57,2.18,87.84,22.0,2.32
2022-09-14,,,,,,,,,,,,,,,,,,,,,,,124.4593,3.41,3.78,3.47,-0.37,0.17,2.46,2.33,3946.01,26.16,11719.68,2.15,88.88,33.52,2.3
2022-09-15,,,,,,,,,,,,,,,,,,,,,,,124.8944,3.45,3.87,3.48,-0.42,0.23,2.43,2.33,3901.35,26.27,11552.36,2.12,85.72,181.06,2.29
2022-09-16,,,,,,,,,,,,,,,,,,,,,,,124.8879,3.45,3.85,3.52,-0.4,0.25,2.38,2.33,3873.33,26.3,11448.4,2.18,85.57,73.17,2.27
2022-09-17,,,,,,,,,,,,,,,,,,,,,,,,,,,,,,2.33,,,,,,160.71,
2022-09-18,,,,,,,,,,,,,,,,,,,,,,,,,,,,,,2.33,,,,,,145.85,
2022-09-19,,,,,,,,,,,,,,,,,,,,,,,125.0177,3.49,3.95,3.52,-0.46,0.12,2.34,2.33,3899.89,25.76,11535.02,2.15,86.15,14.36,2.24
2022-09-20,,,,,,,,,,,,,,,,,,,,,,,125.1324,3.57,3.96,3.59,-0.39,0.22,2.4,2.33,3855.93,27.16,11425.05,2.13,84.69,65.92,2.32
2022-09-21,,,,,,,,,,,,,,,,,,,,,,,125.7464,3.51,4.02,3.5,-0.51,0.2,2.38,2.33,3789.93,27.99,11220.19,2.12,83.38,106.16,2.29
2022-09-22,,,,,,,,,,,,,,,,,,,,,,,126.1668,3.7,4.11,3.65,-0.41,0.41,2.41,3.08,3757.99,27.35,11066.81,2.08,84.02,171.54,2.37
2022-09-23,,,,,,,,,,,,,,,,,,,,,,,127.2867,3.69,4.2,3.61,-0.51,0.45,2.37,3.08,3693.23,29.92,10867.93,2.09,79.07,121.27,2.36
2022-09-24,,,,,,,,,,,,,,,,,,,,,,,,,,,,,,3.08,,,,,,28.94,
2022-09-25,,,,,,,,,,,,,,,,,,,,,,,,,,,,,,3.08,,,,,,58.94,
2022-09-26,,,,,,,,,,,,,,,,,,,,,,,128.4544,3.88,4.27,3.72,-0.39,0.49,2.32,3.08,3655.04,32.26,10802.92,2.01,77.17,85.1,2.31
2022-09-27,,,,,,,,,,,,,,,,,,,,,,,128.4399,3.97,4.3,3.87,-0.33,0.62,2.33,3.08,3647.29,32.6,10829.5,2.08,78.91,145.78,2.31
2022-09-28,,,,,,,,,,,,,,,,,,,,,,,128.0937,3.72,4.07,3.7,-0.35,0.32,2.33,3.08,3719.04,30.18,11051.64,2.25,82.61,142.8,2.29
2022-09-29,,,,,,,,,,,,,,,,,,,,,,,127.5463,3.76,4.16,3.71,-0.4,0.4,2.19,3.08,3640.47,31.84,10737.51,2.27,81.78,34.05,2.2
2022-09-30,,,,,,,,,,,,,,,,,,,,,,,127.5159,3.83,4.22,3.79,-0.39,0.5,2.15,3.08,3585.62,31.62,10575.62,2.24,79.91,102.04,2.16
2022-10-01,21424.6,20092.3,8746259.0,297.979,299.381,276.032,3.08,0.245,153913.0,3.6,62.2,16424.3,18096.2,3.2,301.1421479597583,139.83,204.49368915131672,0.166,299.791,1435.0,1594.0,0.38,,,,,,,,3.08,,,,,,42.71,
2022-10-02,,,,,,,,,,,,,,,,,,,,,,,,,,,,,,3.08,,,,,,542.1,
2022-10-03,,,,,,,,,,,,,,,,,,,,,,,127.0793,3.67,4.12,3.73,-0.45,0.21,2.24,3.08,3678.43,30.1,10815.43,2.29,84.05,171.21,2.22
2022-10-04,,,,,,,,,,,,,,,,,,,,,,,126.184,3.62,4.1,3.7,-0.48,0.17,2.24,3.08,3790.93,29.07,11176.41,2.27,86.87,164.15,2.2
2022-10-05,,,,,,,,,,,,,,,,,,,,,,,126.863,3.76,4.15,3.78,-0.39,0.3,2.22,3.08,3783.28,28.55,11148.64,2.22,88.22,210.92,2.18
2022-10-06,,,,,,,,,,,,,,,,,,,,,,,127.2481,3.83,4.23,3.81,-0.4,0.37,2.22,3.08,3744.52,30.52,11073.31,2.16,88.9,77.47,2.15
2022-10-07,,,,,,,,,,,,,,,,,,,,,,,127.3093,3.89,4.3,3.86,-0.41,0.44,2.27,3.08,3639.66,31.36,10652.4,2.17,93.07,28.39,2.18
2022-10-08,,,,,,,,,,,,,,,,,,,,,,,,,,,,,,3.08,,,,,,103.93,
2022-10-09,,,,,,,,,,,,,,,,,,,,,,,,,,,,,,3.08,,,,,,197.14,
2022-10-10,,,,,,,,,,,,,,,,,,,,,,,,,,,,,,3.08,3612.39,32.45,10542.1,,91.6,74.79,
2022-10-11,,,,,,,,,,,,,,,,,,,,,,,127.6614,3.93,4.3,3.92,-0.37,0.26,2.31,3.08,3588.84,33.63,10426.19,2.23,89.75,22.91,2.26
2022-10-12,,,,,,,,,,,,,,,,,,,,,,,128.1456,3.91,4.28,3.9,-0.37,0.21,2.29,3.08,3577.03,33.57,10417.1,2.27,87.83,50.15,2.26
2022-10-13,,,,,,,,,,,,,,,,,,,,,,,127.7276,3.97,4.47,3.97,-0.5,0.18,2.34,3.08,3669.91,31.94,10649.15,2.28,89.59,50.96,2.3
2022-10-14,,,,,,,,,,,,,,,,,,,,,,,128.3303,4.0,4.48,3.99,-0.48,0.19,2.41,3.08,3583.07,32.02,10321.39,2.28,86.1,258.67,2.38
2022-10-15,,,,,,,,,,,,,,,,,,,,,,,,,,,,,,3.08,,,,,,72.37,
2022-10-16,,,,,,,,,,,,,,,,,,,,,,,,,,,,,,3.08,,,,,,58.25,
2022-10-17,,,,,,,,,,,,,,,,,,,,,,,127.6478,4.02,4.45,4.04,-0.43,0.05,2.45,3.08,3677.95,31.37,10675.8,2.28,86.0,56.99,2.42
2022-10-18,,,,,,,,,,,,,,,,,,,,,,,127.9184,4.01,4.43,4.04,-0.42,-0.03,2.41,3.08,3719.98,30.5,10772.4,2.28,83.29,43.13,2.4
2022-10-19,,,,,,,,,,,,,,,,,,,,,,,128.3992,4.14,4.55,4.15,-0.41,0.07,2.42,3.08,3695.16,30.76,10680.51,2.25,86.0,67.88,2.38
2022-10-20,,,,,,,,,,,,,,,,,,,,,,,128.0084,4.24,4.62,4.24,-0.38,0.15,2.51,3.08,3665.78,29.98,10614.84,2.24,86.02,83.43,2.37
2022-10-21,,,,,,,,,,,,,,,,,,,,,,,127.6758,4.21,4.49,4.33,-0.28,0.12,2.52,3.08,3752.75,29.69,10859.72,2.36,85.47,9.46,2.35
2022-10-22,,,,,,,,,,,,,,,,,,,,,,,,,,,,,,3.08,,,,,,14.74,
2022-10-23,,,,,,,,,,,,,,,,,,,,,,,,,,,,,,3.08,,,,,,99.57,
2022-10-24,,,,,,,,,,,,,,,,,,,,,,,128.0351,4.25,4.5,4.4,-0.25,0.09,2.59,3.08,3797.34,29.85,10952.61,2.34,86.12,157.87,2.46
2022-10-25,,,,,,,,,,,,,,,,,,,,,,,127.384,4.1,4.42,4.26,-0.32,-0.04,2.51,3.08,3859.11,28.46,11199.12,2.37,86.93,122.36,2.4
2022-10-26,,,,,,,,,,,,,,,,,,,,,,,126.481,4.04,4.39,4.19,-0.35,-0.07,2.44,3.08,3830.6,27.28,10970.99,2.33,89.39,133.09,2.32
2022-10-27,,,,,,,,,,,,,,,,,,,,,,,126.7102,3.96,4.3,4.12,-0.34,-0.17,2.45,3.08,3807.3,27.39,10792.67,2.34,89.06,196.18,2.33
2022-10-28,,,,,,,,,,,,,,,,,,,,,,,127.2196,4.02,4.41,4.15,-0.39,-0.16,2.51,3.08,3901.06,25.75,11102.45,2.3,87.85,137.82,2.4
2022-10-29,,,,,,,,,,,,,,,,,,,,,,,,,,,,,,3.08,,,,,,14.45,
2022-10-30,,,,,,,,,,,,,,,,,,,,,,,,,,,,,,3.08,,,,,,86.98,
2022-10-31,,,,,,,,,,,,,,,,,,,,,,,127.6272,4.1,4.51,4.22,-0.41,-0.12,2.52,3.08,3871.98,25.88,10988.15,2.28,86.54,213.24,2.37
2022-11-01,21358.0,19922.5,8637468.0,298.708,300.316,276.162,3.78,0.25,154210.0,3.6,62.1,16436.5,18094.0,3.4,332.22340779435706,147.65,195.66112328055692,0.163,297.403,1424.0,1401.0,0.82,127.4011,4.07,4.54,4.14,-0.47,-0.16,2.51,3.08,3856.1,25.81,10890.85,2.22,88.36,185.79,2.37
2022-11-02,,,,,,,,,,,,,,,,,,,,,,,127.3138,4.1,4.61,4.15,-0.51,-0.12,2.53,3.08,3759.69,25.86,10524.8,2.18,90.06,41.91,2.38
2022-11-03,,,,,,,,,,,,,,,,,,,,,,,128.1712,4.14,4.71,4.18,-0.57,-0.11,2.4,3.83,3719.89,25.3,10342.94,2.19,88.14,110.46,2.26
2022-11-04,,,,,,,,,,,,,,,,,,,,,,,127.149,4.17,4.66,4.27,-0.49,-0.04,2.48,3.83,3770.55,24.55,10475.25,2.22,92.58,46.27,2.35
2022-11-05,,,,,,,,,,,,,,,,,,,,,,,,,,,,,,3.83,,,,,,29.3,
2022-11-06,,,,,,,,,,,,,,,,,,,,,,,,,,,,,,3.83,,,,,,160.95,
2022-11-07,,,,,,,,,,,,,,,,,,,,,,,126.3098,4.22,4.72,4.34,-0.5,-0.07,2.53,3.83,3806.8,24.35,10564.52,2.22,91.8,169.53,2.39
2022-11-08,,,,,,,,,,,,,,,,,,,,,,,125.64,4.14,4.67,4.28,-0.53,-0.14,2.5,3.83,3828.11,25.54,10616.2,2.23,88.8,112.58,2.39
2022-11-09,,,,,,,,,,,,,,,,,,,,,,,125.9926,4.12,4.61,4.31,-0.49,-0.17,2.42,3.83,3748.57,26.09,10353.17,2.33,85.79,134.89,2.31
2022-11-10,,,,,,,,,,,,,,,,,,,,,,,124.7142,3.82,4.34,4.03,-0.52,-0.46,2.39,3.83,3956.37,23.53,11114.15,2.36,86.52,97.71,2.31
2022-11-11,,,,,,,,,,,,,,,,,,,,,,,,,,,,,,3.83,3992.93,22.52,11323.33,,89.14,39.43,
2022-11-12,,,,,,,,,,,,,,,,,,,,,,,,,,,,,,3.83,,,,,,61.99,
2022-11-13,,,,,,,,,,,,,,,,,,,,,,,,,,,,,,3.83,,,,,,257.88,
2022-11-14,,,,,,,,,,,,,,,,,,,,,,,123.4425,3.88,4.4,4.07,-0.52,-0.46,2.37,3.83,3957.25,23.73,11196.22,2.27,85.85,264.1,2.32
2022-11-15,,,,,,,,,,,,,,,,,,,,,,,123.0534,3.8,4.37,3.98,-0.57,-0.51,2.35,3.83,3991.73,24.54,11358.41,2.23,86.87,69.0,2.3
2022-11-16,,,,,,,,,,,,,,,,,,,,,,,123.2964,3.67,4.35,3.85,-0.68,-0.65,2.29,3.83,3958.79,24.11,11183.66,2.24,85.62,242.28,2.23
2022-11-17,,,,,,,,,,,,,,,,,,,,,,,123.9929,3.77,4.43,3.89,-0.66,-0.55,2.28,3.83,3946.56,23.93,11144.96,2.18,81.69,147.22,2.24
2022-11-18,,,,,,,,,,,,,,,,,,,,,,,123.8678,3.82,4.51,3.92,-0.69,-0.52,2.25,3.83,3965.34,23.12,11146.06,2.13,80.07,143.64,2.22
2022-11-19,,,,,,,,,,,,,,,,,,,,,,,,,,,,,,3.83,,,,,,170.14,
2022-11-20,,,,,,,,,,,,,,,,,,,,,,,,,,,,,,3.83,,,,,,180.72,
2022-11-21,,,,,,,,,,,,,,,,,,,,,,,124.7143,3.83,4.48,3.91,-0.65,-0.58,2.31,3.83,3949.94,22.36,11024.51,2.08,79.74,161.84,2.28
2022-11-22,,,,,,,,,,,,,,,,,,,,,,,124.251,3.76,4.47,3.83,-0.71,-0.64,2.32,3.83,4003.58,21.29,11174.41,2.07,80.83,320.98,2.29
2022-11-23,,,,,,,,,,,,,,,,,,,,,,,123.7739,3.71,4.46,3.74,-0.75,-0.69,2.32,3.83,4027.26,20.35,11285.32,2.02,77.93,224.08,2.31
2022-11-24,,,,,,,,,,,,,,,,,,,,,,,,,,,,,,3.83,,20.42,,,,197.36,
2022-11-25,,,,,,,,,,,,,,,,,,,,,,,123.3547,3.68,4.42,3.74,-0.74,-0.73,2.32,3.83,4026.12,20.5,11226.36,2.06,76.45,63.12,2.3
2022-11-26,,,,,,,,,,,,,,,,,,,,,,,,,,,,,,3.83,,,,,,168.28,
2022-11-27,,,,,,,,,,,,,,,,,,,,,,,,,,,,,,3.83,,,,,,148.03,
2022-11-28,,,,,,,,,,,,,,,,,,,,,,,123.6181,3.69,4.46,3.74,-0.77,-0.72,2.26,3.83,3963.94,22.21,11049.5,2.05,77.1,187.46,2.23
2022-11-29,,,,,,,,,,,,,,,,,,,,,,,123.6703,3.75,4.48,3.81,-0.73,-0.63,2.25,3.83,3957.63,21.89,10983.78,2.06,77.96,22.87,2.2
2022-11-30,,,,,,,,,,,,,,,,,,,,,,,123.5276,3.68,4.38,3.8,-0.7,-0.69,2.34,3.83,4080.11,20.58,11468.0,2.15,80.48,52.87,2.27
2022-12-01,21219.3,19671.3,8570432.0,298.808,301.433,275.265,4.1,0.41,154336.0,3.5,62.3,16497.5,18134.6,3.7,263.27804644729326,132.44,163.29474339985205,0.165,285.672,1308.0,1410.0,0.74,122.0147,3.53,4.25,3.64,-0.72,-0.8,2.36,3.83,4076.57,19.84,11482.45,2.09,81.06,78.72,2.27
2022-12-02,,,,,,,,,,,,,,,,,,,,,,,122.0218,3.51,4.28,3.56,-0.77,-0.83,2.43,3.83,4071.7,19.06,11461.5,2.03,79.86,9.8,2.35
2022-12-03,,,,,,,,,,,,,,,,,,,,,,,,,,,,,,3.83,,,,,,31.67,
2022-12-04,,,,,,,,,,,,,,,,,,,,,,,,,,,,,,3.83,,,,,,106.61,
2022-12-05,,,,,,,,,,,,,,,,,,,,,,,122.6511,3.6,4.41,3.62,-0.81,-0.76,2.39,3.83,3998.84,20.75,11239.94,1.99,76.83,225.32,2.32
2022-12-06,,,,,,,,,,,,,,,,,,,,,,,123.0319,3.51,4.34,3.52,-0.83,-0.86,2.31,3.83,3941.26,22.17,11014.89,1.97,74.21,56.08,2.24
2022-12-07,,,,,,,,,,,,,,,,,,,,,,,122.7716,3.42,4.26,3.42,-0.84,-0.87,2.26,3.83,3933.92,22.68,10958.55,1.95,71.93,76.71,2.19
2022-12-08,,,,,,,,,,,,,,,,,,,,,,,122.4275,3.48,4.31,3.44,-0.83,-0.8,2.28,3.83,3963.51,22.29,11082.0,1.91,71.3,95.78,2.2
2022-12-09,,,,,,,,,,,,,,,,,,,,,,,122.4343,3.57,4.33,3.56,-0.76,-0.74,2.26,3.83,3934.38,22.83,11004.62,1.9,71.05,120.84,2.22
2022-12-10,,,,,,,,,,,,,,,,,,,,,,,,,,,,,,3.83,,,,,,161.95,
2022-12-11,,,,,,,,,,,,,,,,,,,,,,,,,,,,,,3.83,,,,,,92.9,
2022-12-12,,,,,,,,,,,,,,,,,,,,,,,122.7861,3.61,4.39,3.57,-0.78,-0.77,2.28,3.83,3990.56,25.0,11143.74,1.88,72.96,104.44,2.21
2022-12-13,,,,,,,,,,,,,,,,,,,,,,,121.8644,3.51,4.22,3.53,-0.71,-0.84,2.24,3.83,4019.65,22.55,11256.81,1.91,75.44,46.18,2.17
2022-12-14,,,,,,,,,,,,,,,,,,,,,,,121.8391,3.49,4.23,3.52,-0.74,-0.84,2.19,3.83,3995.32,21.14,11170.89,1.95,77.14,88.71,2.13
2022-12-15,,,,,,,,,,,,,,,,,,,,,,,122.5684,3.44,4.23,3.48,-0.79,-0.9,2.16,4.33,3895.75,22.83,10810.53,1.97,75.89,80.71,2.11
2022-12-16,,,,,,,,,,,,,,,,,,,,,,,122.6647,3.48,4.17,3.53,-0.69,-0.83,2.13,4.33,3852.36,22.62,10705.41,1.98,74.19,97.13,2.12
2022-12-17,,,,,,,,,,,,,,,,,,,,,,,,,,,,,,4.33,,,,,,48.07,
2022-12-18,,,,,,,,,,,,,,,,,,,,,,,,,,,,,,4.33,,,,,,114.73,
2022-12-19,,,,,,,,,,,,,,,,,,,,,,,122.5438,3.57,4.25,3.62,-0.68,-0.8,2.15,4.33,3817.66,22.42,10546.03,1.98,75.05,46.11,2.11
2022-12-20,,,,,,,,,,,,,,,,,,,,,,,122.1502,3.69,4.25,3.74,-0.56,-0.66,2.24,4.33,3821.62,21.48,10547.11,1.99,75.92,96.36,2.22
2022-12-21,,,,,,,,,,,,,,,,,,,,,,,122.2965,3.68,4.21,3.74,-0.53,-0.65,2.27,4.33,3878.44,20.07,10709.37,2.01,78.17,35.43,2.23
2022-12-22,,,,,,,,,,,,,,,,,,,,,,,122.2525,3.67,4.24,3.73,-0.57,-0.68,2.19,4.33,3822.39,21.97,10476.12,1.99,77.68,116.9,2.14
2022-12-23,,,,,,,,,,,,,,,,,,,,,,,121.9843,3.75,4.31,3.82,-0.56,-0.59,2.2,4.33,3844.82,20.87,10497.86,2.0,79.57,35.07,2.11
2022-12-24,,,,,,,,,,,,,,,,,,,,,,,,,,,,,,4.33,,,,,,58.46,
2022-12-25,,,,,,,,,,,,,,,,,,,,,,,,,,,,,,4.33,,,,,,157.97,
2022-12-26,,,,,,,,,,,,,,,,,,,,,,,,,,,,,,4.33,,,,,,79.46,
2022-12-27,,,,,,,,,,,,,,,,,,,,,,,121.767,3.84,4.32,3.93,-0.48,-0.62,2.26,4.33,3829.25,21.65,10353.23,2.02,79.45,99.03,2.19
2022-12-28,,,,,,,,,,,,,,,,,,,,,,,122.02,3.88,4.31,3.98,-0.43,-0.58,2.28,4.33,3783.22,22.14,10213.29,2.01,78.89,123.64,2.23
2022-12-29,,,,,,,,,,,,,,,,,,,,,,,121.6713,3.83,4.34,3.92,-0.51,-0.62,2.27,4.33,3849.28,21.44,10478.09,2.01,78.43,82.15,2.22
2022-12-30,,,,,,,,,,,,,,,,,,,,,,,121.4392,3.88,4.41,3.97,-0.53,-0.54,2.3,4.33,3839.5,21.67,10466.48,1.99,80.16,131.67,2.27
2022-12-31,,,,,,,,,,,,,,,,,,,,,,,,,,,,,,4.33,,,,,,206.74,
2023-01-01,21205.1,19527.5,8493903.0,300.456,302.685,276.624,4.33,0.49,154780.0,3.5,62.4,16808.5,18475.2,4.2,247.188560535782,186.77,304.29045124963767,0.168,292.447,1361.0,1410.0,0.06,,,,,,,,4.33,,,,,,196.53,
2023-01-02,,,,,,,,,,,,,,,,,,,,,,,,,,,,,,4.33,,,,,,93.41,
2023-01-03,,,,,,,,,,,,,,,,,,,,,,,122.0844,3.79,4.4,3.88,-0.61,-0.74,2.26,4.33,3824.14,22.9,10386.98,2.03,76.87,49.69,2.23
2023-01-04,,,,,,,,,,,,,,,,,,,,,,,121.5108,3.69,4.36,3.81,-0.67,-0.86,2.22,4.33,3852.97,22.01,10458.76,2.07,72.82,62.04,2.23
2023-01-05,,,,,,,,,,,,,,,,,,,,,,,122.0786,3.71,4.45,3.78,-0.74,-0.95,2.22,4.33,3808.1,22.46,10305.24,2.03,73.61,292.52,2.22
2023-01-06,,,,,,,,,,,,,,,,,,,,,,,121.0814,3.55,4.24,3.67,-0.69,-1.12,2.21,4.33,3895.08,21.13,10569.29,2.07,73.77,90.21,2.24
2023-01-07,,,,,,,,,,,,,,,,,,,,,,,,,,,,,,4.33,,,,,,194.97,
2023-01-08,,,,,,,,,,,,,,,,,,,,,,,,,,,,,,4.33,,,,,,248.66,
2023-01-09,,,,,,,,,,,,,,,,,,,,,,,120.1403,3.53,4.19,3.66,-0.66,-1.17,2.22,4.33,3892.09,21.97,10635.65,2.02,74.69,72.12,2.26
2023-01-10,,,,,,,,,,,,,,,,,,,,,,,120.234,3.61,4.24,3.74,-0.63,-1.12,2.24,4.33,3919.25,20.58,10742.63,2.02,75.11,904.65,2.28
2023-01-11,,,,,,,,,,,,,,,,,,,,,,,120.1445,3.54,4.2,3.67,-0.66,-1.18,2.23,4.33,3969.61,21.09,10931.67,1.99,77.46,154.5,2.25
2023-01-12,,,,,,,,,,,,,,,,,,,,,,,119.4108,3.43,4.12,3.56,-0.69,-1.23,2.21,4.33,3983.17,18.83,11001.1,1.97,78.32,229.38,2.21
2023-01-13,,,,,,,,,,,,,,,,,,,,,,,119.1422,3.49,4.22,3.61,-0.73,-1.18,2.18,4.33,3999.09,18.35,11079.16,1.95,79.9,99.05,2.16
2023-01-14,,,,,,,,,,,,,,,,,,,,,,,,,,,,,,4.33,,,,,,31.2,
2023-01-15,,,,,,,,,,,,,,,,,,,,,,,,,,,,,,4.33,,,,,,277.58,
2023-01-16,,,,,,,,,,,,,,,,,,,,,,,,,,,,,,4.33,,19.49,,,,67.86,
2023-01-17,,,,,,,,,,,,,,,,,,,,,,,119.2186,3.53,4.18,3.64,-0.65,-1.18,2.17,4.33,3990.97,19.36,11095.11,1.91,80.25,114.29,2.16
2023-01-18,,,,,,,,,,,,,,,,,,,,,,,119.08,3.37,4.06,3.54,-0.69,-1.32,2.12,4.33,3928.86,20.34,10957.01,1.96,79.53,109.52,2.15
2023-01-19,,,,,,,,,,,,,,,,,,,,,,,119.6033,3.39,4.09,3.57,-0.7,-1.32,2.2,4.33,3898.85,20.52,10852.27,1.99,80.31,34.0,2.19
2023-01-20,,,,,,,,,,,,,,,,,,,,,,,119.3588,3.48,4.14,3.66,-0.66,-1.24,2.23,4.33,3972.61,19.85,11140.43,1.98,81.27,207.69,2.23
2023-01-21,,,,,,,,,,,,,,,,,,,,,,,,,,,,,,4.33,,,,,,141.88,
2023-01-22,,,,,,,,,,,,,,,,,,,,,,,,,,,,,,4.33,,,,,,77.63,
2023-01-23,,,,,,,,,,,,,,,,,,,,,,,119.1671,3.52,4.21,3.69,-0.69,-1.21,2.28,4.33,4019.81,19.81,11364.41,1.96,81.62,301.34,2.28
2023-01-24,,,,,,,,,,,,,,,,,,,,,,,119.1174,3.46,4.12,3.62,-0.66,-1.26,2.27,4.33,4016.95,19.2,11334.27,1.94,79.86,249.54,2.25
2023-01-25,,,,,,,,,,,,,,,,,,,,,,,118.995,3.46,4.11,3.62,-0.65,-1.26,2.29,4.33,4016.22,19.08,11313.36,1.96,79.78,273.12,2.3
2023-01-26,,,,,,,,,,,,,,,,,,,,,,,119.0472,3.49,4.17,3.62,-0.68,-1.22,2.33,4.33,4060.43,18.73,11512.41,1.91,80.64,43.55,2.34
2023-01-27,,,,,,,,,,,,,,,,,,,,,,,118.9521,3.52,4.19,3.64,-0.67,-1.21,2.33,4.33,4070.56,18.51,11621.71,1.88,79.73,117.38,2.33
2023-01-28,,,,,,,,,,,,,,,,,,,,,,,,,,,,,,4.33,,,,,,47.75,
2023-01-29,,,,,,,,,,,,,,,,,,,,,,,,,,,,,,4.33,,,,,,125.45,
2023-01-30,,,,,,,,,,,,,,,,,,,,,,,118.9079,3.55,4.25,3.66,-0.7,-1.17,2.29,4.33,4017.77,19.94,11393.81,1.87,77.97,196.65,2.28
2023-01-31,,,,,,,,,,,,,,,,,,,,,,,118.991,3.52,4.21,3.65,-0.69,-1.18,2.24,4.33,4076.6,19.4,11584.55,1.9,78.95,176.14,2.21
2023-02-01,21184.6,19385.5,8408984.0,301.476,304.097,277.009,4.57,0.5,155086.0,3.6,62.5,16879.1,18532.1,4.6,243.19147267735212,120.97,131.18717321082352,0.168,289.134,1399.0,1618.0,0.28,118.6396,3.39,4.09,3.55,-0.7,-1.27,2.25,4.33,4119.21,17.87,11816.32,1.91,76.34,206.28,2.21
2023-02-02,,,,,,,,,,,,,,,,,,,,,,,118.349,3.4,4.09,3.55,-0.69,-1.26,2.22,4.58,4179.76,18.73,12200.82,1.88,75.87,249.98,2.18
2023-02-03,,,,,,,,,,,,,,,,,,,,,,,119.5014,3.53,4.3,3.63,-0.77,-1.17,2.22,4.58,4136.48,18.33,12006.95,1.83,73.4,30.57,2.17
2023-02-04,,,,,,,,,,,,,,,,,,,,,,,,,,,,,,4.58,,,,,,65.95,
2023-02-05,,,,,,,,,,,,,,,,,,,,,,,,,,,,,,4.58,,,,,,47.91,
2023-02-06,,,,,,,,,,,,,,,,,,,,,,,120.5116,3.63,4.44,3.67,-0.81,-1.08,2.25,4.58,4111.08,19.43,11887.45,1.77,74.11,317.77,2.17
2023-02-07,,,,,,,,,,,,,,,,,,,,,,,120.3298,3.67,4.47,3.72,-0.8,-1.04,2.31,4.58,4164.0,18.66,12113.79,1.78,77.17,256.58,2.22
2023-02-08,,,,,,,,,,,,,,,,,,,,,,,120.139,3.63,4.45,3.7,-0.82,-1.09,2.34,4.58,4117.86,19.63,11910.52,1.83,78.47,108.98,2.22
2023-02-09,,,,,,,,,,,,,,,,,,,,,,,119.9785,3.67,4.48,3.75,-0.81,-1.1,2.33,4.57,4081.5,20.71,11789.58,1.84,78.04,122.55,2.21
2023-02-10,,,,,,,,,,,,,,,,,,,,,,,120.1531,3.74,4.5,3.83,-0.76,-1.05,2.33,4.58,4090.46,20.53,11718.12,1.85,79.74,30.45,2.19
2023-02-11,,,,,,,,,,,,,,,,,,,,,,,,,,,,,,4.58,,,,,,188.18,
2023-02-12,,,,,,,,,,,,,,,,,,,,,,,,,,,,,,4.58,,,,,,15.92,
2023-02-13,,,,,,,,,,,,,,,,,,,,,,,120.0145,3.72,4.52,3.79,-0.8,-1.09,2.31,4.58,4137.29,20.34,11891.79,1.84,80.14,14.21,2.18
2023-02-14,,,,,,,,,,,,,,,,,,,,,,,119.9601,3.77,4.6,3.81,-0.83,-1.03,2.31,4.58,4136.13,18.91,11960.15,1.81,79.08,139.24,2.17
2023-02-15,,,,,,,,,,,,,,,,,,,,,,,120.4926,3.81,4.62,3.85,-0.81,-0.98,2.35,4.58,4147.6,18.23,12070.59,1.82,78.57,216.26,2.19
2023-02-16,,,,,,,,,,,,,,,,,,,,,,,120.5069,3.86,4.62,3.92,-0.76,-0.98,2.37,4.58,4090.41,20.17,11855.83,1.84,78.45,67.3,2.22
2023-02-17,,,,,,,,,,,,,,,,,,,,,,,120.6023,3.82,4.6,3.88,-0.78,-1.02,2.36,4.58,4079.09,20.02,11787.27,1.89,76.31,47.78,2.22
2023-02-18,,,,,,,,,,,,,,,,,,,,,,,,,,,,,,4.58,,,,,,179.9,
2023-02-19,,,,,,,,,,,,,,,,,,,,,,,,,,,,,,4.58,,,,,,78.54,
2023-02-20,,,,,,,,,,,,,,,,,,,,,,,,,,,,,,4.58,,21.23,,,,31.25,
2023-02-21,,,,,,,,,,,,,,,,,,,,,,,120.678,3.95,4.67,3.98,-0.72,-0.91,2.42,4.58,3997.34,22.87,11492.3,1.87,76.28,113.89,2.26
2023-02-22,,,,,,,,,,,,,,,,,,,,,,,120.8969,3.93,4.66,3.94,-0.73,-0.91,2.41,4.58,3991.05,22.29,11507.07,1.85,73.95,41.15,2.3
2023-02-23,,,,,,,,,,,,,,,,,,,,,,,121.141,3.88,4.66,3.88,-0.78,-0.96,2.39,4.58,4012.32,21.14,11590.4,1.86,75.26,163.06,2.28
2023-02-24,,,,,,,,,,,,,,,,,,,,,,,121.6297,3.95,4.78,3.93,-0.83,-0.91,2.38,4.58,3970.04,21.67,11394.94,1.86,76.19,85.09,2.29
2023-02-25,,,,,,,,,,,,,,,,,,,,,,,,,,,,,,4.58,,,,,,45.89,
2023-02-26,,,,,,,,,,,,,,,,,,,,,,,,,,,,,,4.58,,,,,,14.69,
2023-02-27,,,,,,,,,,,,,,,,,,,,,,,121.4656,3.92,4.78,3.93,-0.86,-0.97,2.36,4.57,3982.24,20.95,11466.98,1.87,75.57,13.77,2.23
2023-02-28,,,,,,,,,,,,,,,,,,,,,,,121.4062,3.92,4.81,3.93,-0.89,-0.96,2.43,4.57,3970.15,20.7,11455.54,1.9,76.88,10.58,2.28
2023-03-01,20876.3,18925.5,8552199.0,301.643,305.123,276.424,4.65,0.32,155171.0,3.5,62.6,16968.0,18511.3,5.3,310.5313932838936,140.28,212.83521610994592,0.166,280.323,1377.0,1480.0,0.4,120.6971,4.01,4.89,3.97,-0.88,-0.89,2.44,4.58,3951.39,20.58,11379.48,1.84,77.57,96.62,2.29
2023-03-02,,,,,,,,,,,,,,,,,,,,,,,121.1949,4.08,4.89,4.03,-0.81,-0.83,2.48,4.57,3981.35,19.59,11462.98,1.82,78.05,243.76,2.31
2023-03-03,,,,,,,,,,,,,,,,,,,,,,,120.8468,3.97,4.86,3.9,-0.89,-0.94,2.52,4.57,4045.64,18.49,11689.01,1.79,79.62,64.1,2.33
2023-03-04,,,,,,,,,,,,,,,,,,,,,,,,,,,,,,4.57,,,,,,43.48,
2023-03-05,,,,,,,,,,,,,,,,,,,,,,,,,,,,,,4.57,,,,,,158.83,
2023-03-06,,,,,,,,,,,,,,,,,,,,,,,120.5776,3.98,4.89,3.92,-0.91,-0.95,2.49,4.57,4048.42,18.61,11675.74,1.79,80.39,13.77,2.28
2023-03-07,,,,,,,,,,,,,,,,,,,,,,,121.531,3.97,5.0,3.88,-1.03,-1.07,2.38,4.57,3986.37,19.59,11530.33,1.79,77.45,246.45,2.22
2023-03-08,,,,,,,,,,,,,,,,,,,,,,,121.5222,3.98,5.05,3.88,-1.07,-1.08,2.32,4.57,3992.01,19.11,11576.0,1.79,76.56,16.43,2.17
2023-03-09,,,,,,,,,,,,,,,,,,,,,,,121.5225,3.93,4.9,3.88,-0.97,-1.12,2.3,4.57,3918.32,22.61,11338.35,1.85,75.6,25.43,2.17
2023-03-10,,,,,,,,,,,,,,,,,,,,,,,121.2963,3.7,4.6,3.7,-0.9,-1.31,2.26,4.57,3861.59,24.8,11138.89,1.96,76.55,337.36,2.18
2023-03-11,,,,,,,,,,,,,,,,,,,,,,,,,,,,,,4.57,,,,,,265.47,
2023-03-12,,,,,,,,,,,,,,,,,,,,,,,,,,,,,,4.57,,,,,,42.01,
2023-03-13,,,,,,,,,,,,,,,,,,,,,,,120.9157,3.55,4.03,3.7,-0.48,-1.32,2.24,4.58,3855.76,26.52,11188.84,2.14,74.68,239.5,2.22
2023-03-14,,,,,,,,,,,,,,,,,,,,,,,121.052,3.64,4.2,3.77,-0.56,-1.24,2.31,4.58,3919.29,23.73,11428.15,2.11,71.18,74.82,2.27
2023-03-15,,,,,,,,,,,,,,,,,,,,,,,122.1149,3.51,3.93,3.7,-0.42,-1.24,2.29,4.58,3891.93,26.14,11434.05,2.22,67.38,65.92,2.25
2023-03-16,,,,,,,,,,,,,,,,,,,,,,,121.751,3.56,4.14,3.71,-0.58,-1.18,2.22,4.58,3960.28,22.99,11717.28,2.16,68.15,271.32,2.18
2023-03-17,,,,,,,,,,,,,,,,,,,,,,,121.5923,3.39,3.81,3.6,-0.42,-1.13,2.1,4.58,3916.64,25.51,11630.51,2.21,66.61,78.3,2.1
2023-03-18,,,,,,,,,,,,,,,,,,,,,,,,,,,,,,4.58,,,,,,32.77,
2023-03-19,,,,,,,,,,,,,,,,,,,,,,,,,,,,,,4.58,,,,,,97.28,
2023-03-20,,,,,,,,,,,,,,,,,,,,,,,121.0637,3.47,3.92,3.65,-0.45,-1.34,2.14,4.58,3951.57,24.15,11675.54,2.19,67.56,148.86,2.14
2023-03-21,,,,,,,,,,,,,,,,,,,,,,,120.9535,3.59,4.17,3.73,-0.58,-1.19,2.23,4.58,4002.87,21.38,11860.11,2.11,69.4,76.14,2.21
2023-03-22,,,,,,,,,,,,,,,,,,,,,,,120.6883,3.48,3.96,3.68,-0.48,-1.31,2.28,4.58,3936.97,22.26,11669.96,2.16,70.71,189.59,2.25
2023-03-23,,,,,,,,,,,,,,,,,,,,,,,119.8174,3.38,3.76,3.66,-0.38,-1.35,2.19,4.83,3948.72,22.61,11787.4,2.26,69.77,341.16,2.12
2023-03-24,,,,,,,,,,,,,,,,,,,,,,,120.5106,3.38,3.76,3.64,-0.38,-1.36,2.22,4.83,3970.99,21.74,11823.96,2.24,69.22,248.86,2.23
2023-03-25,,,,,,,,,,,,,,,,,,,,,,,,,,,,,,4.83,,,,,,168.52,
2023-03-26,,,,,,,,,,,,,,,,,,,,,,,,,,,,,,4.83,,,,,,218.28,
2023-03-27,,,,,,,,,,,,,,,,,,,,,,,120.3239,3.53,3.94,3.77,-0.41,-1.38,2.24,4.83,3977.53,20.6,11768.84,2.19,72.87,133.66,2.21
2023-03-28,,,,,,,,,,,,,,,,,,,,,,,119.7987,3.55,4.02,3.77,-0.47,-1.25,2.31,4.83,3971.27,19.97,11716.08,2.19,73.12,222.47,2.28
2023-03-29,,,,,,,,,,,,,,,,,,,,,,,119.8223,3.57,4.08,3.78,-0.51,-1.23,2.33,4.83,4027.81,19.12,11926.24,2.15,72.95,139.25,2.28
2023-03-30,,,,,,,,,,,,,,,,,,,,,,,119.5103,3.55,4.1,3.74,-0.55,-1.42,2.34,4.83,4050.83,19.02,12013.47,2.11,74.32,168.79,2.28
2023-03-31,,,,,,,,,,,,,,,,,,,,,,,119.4611,3.48,4.06,3.67,-0.58,-1.37,2.32,4.83,4109.31,18.7,12221.91,2.11,75.68,98.47,2.24
2023-04-01,20729.9,18615.3,8600803.0,302.858,306.49,277.475,4.83,0.385,155387.0,3.4,62.6,16983.3,18638.7,5.0,231.5404968781097,138.76,161.57409073604097,0.165,281.5,1354.0,1474.0,0.3,,,,,,,,4.83,,,,,,124.12,
2023-04-02,,,,,,,,,,,,,,,,,,,,,,,,,,,,,,4.83,,,,,,248.19,
2023-04-03,,,,,,,,,,,,,,,,,,,,,,,119.4342,3.43,3.97,3.64,-0.54,-1.47,2.29,4.83,4124.51,18.55,12189.45,2.11,80.4,105.28,2.19
2023-04-04,,,,,,,,,,,,,,,,,,,,,,,119.2641,3.35,3.84,3.6,-0.49,-1.53,2.25,4.83,4100.6,19.0,12126.33,2.1,80.7,145.63,2.18
2023-04-05,,,,,,,,,,,,,,,,,,,,,,,119.4068,3.3,3.79,3.56,-0.49,-1.56,2.23,4.83,4090.38,19.08,11996.86,2.14,80.69,146.5,2.17
2023-04-06,,,,,,,,,,,,,,,,,,,,,,,119.4229,3.3,3.82,3.54,-0.52,-1.61,2.24,4.83,4105.02,18.4,12087.96,2.11,80.7,24.48,2.17
2023-04-07,,,,,,,,,,,,,,,,,,,,,,,119.4673,3.39,3.97,3.61,-0.58,-1.56,2.25,4.83,,,,,,50.5,2.17
2023-04-08,,,,,,,,,,,,,,,,,,,,,,,,,,,,,,4.83,,,,,,139.98,
2023-04-09,,,,,,,,,,,,,,,,,,,,,,,,,,,,,,4.83,,,,,,81.15,
2023-04-10,,,,,,,,,,,,,,,,,,,,,,,119.8962,3.41,4.0,3.62,-0.59,-1.67,2.27,4.83,4109.11,18.97,12084.35,2.09,79.79,55.68,2.2
2023-04-11,,,,,,,,,,,,,,,,,,,,,,,119.6409,3.43,4.03,3.62,-0.6,-1.61,2.29,4.83,4108.94,19.1,12031.88,2.05,81.54,182.49,2.22
2023-04-12,,,,,,,,,,,,,,,,,,,,,,,119.1341,3.41,3.95,3.64,-0.54,-1.61,2.27,4.83,4091.95,19.09,11929.34,2.08,83.26,88.1,2.25
2023-04-13,,,,,,,,,,,,,,,,,,,,,,,118.5376,3.45,3.96,3.69,-0.51,-1.65,2.29,4.83,4146.22,17.8,12166.27,2.07,82.16,188.66,2.29
2023-04-14,,,,,,,,,,,,,,,,,,,,,,,118.983,3.52,4.08,3.74,-0.56,-1.62,2.3,4.83,4137.64,17.07,12123.47,2.05,82.58,20.06,2.29
2023-04-15,,,,,,,,,,,,,,,,,,,,,,,,,,,,,,4.83,,,,,,16.54,
2023-04-16,,,,,,,,,,,,,,,,,,,,,,,,,,,,,,4.83,,,,,,149.85,
2023-04-17,,,,,,,,,,,,,,,,,,,,,,,119.3981,3.6,4.18,3.81,-0.58,-1.61,2.32,4.83,4151.32,16.95,12157.72,2.02,80.93,94.36,2.29
2023-04-18,,,,,,,,,,,,,,,,,,,,,,,119.2345,3.58,4.19,3.79,-0.61,-1.62,2.28,4.83,4154.87,16.83,12153.41,2.01,80.85,72.93,2.23
2023-04-19,,,,,,,,,,,,,,,,,,,,,,,119.4377,3.6,4.24,3.79,-0.64,-1.56,2.28,4.83,4154.52,16.46,12157.23,2.01,79.18,177.38,2.23
2023-04-20,,,,,,,,,,,,,,,,,,,,,,,119.2525,3.54,4.14,3.75,-0.6,-1.58,2.26,4.83,4129.79,17.17,12059.56,2.05,77.27,8.38,2.24
2023-04-21,,,,,,,,,,,,,,,,,,,,,,,119.4472,3.57,4.17,3.78,-0.6,-1.57,2.28,4.83,4133.52,16.77,12072.46,2.04,77.86,188.08,2.26
2023-04-22,,,,,,,,,,,,,,,,,,,,,,,,,,,,,,4.83,,,,,,78.59,
2023-04-23,,,,,,,,,,,,,,,,,,,,,,,,,,,,,,4.83,,,,,,47.87,
2023-04-24,,,,,,,,,,,,,,,,,,,,,,,119.3486,3.52,4.12,3.73,-0.6,-1.68,2.28,4.83,4137.04,16.89,12037.2,2.04,78.64,274.86,2.23
2023-04-25,,,,,,,,,,,,,,,,,,,,,,,119.7551,3.4,3.86,3.65,-0.46,-1.72,2.25,4.83,4071.63,18.76,11799.16,2.09,77.05,62.58,2.24
2023-04-26,,,,,,,,,,,,,,,,,,,,,,,119.4758,3.43,3.9,3.7,-0.47,-1.73,2.25,4.83,4055.99,18.84,11854.35,2.11,74.33,92.5,2.24
2023-04-27,,,,,,,,,,,,,,,,,,,,,,,119.5754,3.53,4.07,3.76,-0.54,-1.65,2.27,4.83,4135.35,17.03,12142.24,2.07,74.77,301.22,2.25
2023-04-28,,,,,,,,,,,,,,,,,,,,,,,119.376,3.44,4.04,3.67,-0.6,-1.66,2.18,4.83,4169.48,15.78,12226.58,2.08,76.78,27.44,2.16
2023-04-29,,,,,,,,,,,,,,,,,,,,,,,,,,,,,,4.83,,,,,,14.51,
2023-04-30,,,,,,,,,,,,,,,,,,,,,,,,,,,,,,4.83,,,,,,192.86,
2023-05-01,20801.4,18549.0,8457176.0,303.316,307.623,277.376,5.06,0.43,155614.0,3.6,62.6,17041.9,18676.4,5.2,228.4052845123487,190.46,263.02980135149863,0.165,274.466,1584.0,1575.0,0.14,119.5845,3.59,4.14,3.84,-0.55,-1.68,2.23,4.83,4167.87,16.08,12212.6,2.06,75.65,38.5,2.22
2023-05-02,,,,,,,,,,,,,,,,,,,,,,,119.7514,3.44,3.97,3.72,-0.53,-1.8,2.2,4.83,4119.58,17.78,12080.51,2.16,71.71,542.55,2.22
2023-05-03,,,,,,,,,,,,,,,,,,,,,,,119.2773,3.38,3.89,3.7,-0.51,-1.88,2.2,4.83,4090.75,18.34,12025.33,2.2,68.62,146.93,2.21
2023-05-04,,,,,,,,,,,,,,,,,,,,,,,119.19,3.37,3.75,3.73,-0.38,-1.89,2.19,5.08,4061.22,20.09,11966.4,2.24,68.52,145.94,2.25
2023-05-05,,,,,,,,,,,,,,,,,,,,,,,118.7184,3.44,3.92,3.76,-0.48,-1.82,2.21,5.08,4136.25,17.19,12235.41,2.2,71.32,19.63,2.23
2023-05-06,,,,,,,,,,,,,,,,,,,,,,,,,,,,,,5.08,,,,,,45.73,
2023-05-07,,,,,,,,,,,,,,,,,,,,,,,,,,,,,,5.08,,,,,,112.04,
2023-05-08,,,,,,,,,,,,,,,,,,,,,,,118.7415,3.52,4.0,3.84,-0.48,-1.79,2.23,5.08,4138.12,16.98,12256.92,2.2,73.13,540.52,2.24
2023-05-09,,,,,,,,,,,,,,,,,,,,,,,118.984,3.53,4.01,3.85,-0.48,-1.76,2.23,5.08,4119.17,17.71,12179.55,2.21,73.68,71.35,2.24
2023-05-10,,,,,,,,,,,,,,,,,,,,,,,118.7561,3.43,3.9,3.8,-0.47,-1.81,2.17,5.08,4137.64,16.94,12306.44,2.26,72.53,7.6,2.21
2023-05-11,,,,,,,,,,,,,,,,,,,,,,,119.1902,3.39,3.89,3.73,-0.5,-1.81,2.16,5.08,4130.62,16.93,12328.51,2.25,70.81,172.4,2.22
2023-05-12,,,,,,,,,,,,,,,,,,,,,,,119.5206,3.46,3.98,3.78,-0.52,-1.79,2.18,5.08,4124.08,17.03,12284.74,2.21,70.02,67.25,2.25
2023-05-13,,,,,,,,,,,,,,,,,,,,,,,,,,,,,,5.08,,,,,,62.52,
2023-05-14,,,,,,,,,,,,,,,,,,,,,,,,,,,,,,5.08,,,,,,108.86,
2023-05-15,,,,,,,,,,,,,,,,,,,,,,,119.3288,3.5,3.99,3.84,-0.49,-1.71,2.19,5.08,4136.28,17.12,12365.21,2.27,71.07,104.07,2.26
2023-05-16,,,,,,,,,,,,,,,,,,,,,,,119.3567,3.54,4.06,3.87,-0.52,-1.69,2.19,5.08,4109.9,17.99,12343.05,2.28,70.85,10.36,2.27
2023-05-17,,,,,,,,,,,,,,,,,,,,,,,119.7849,3.57,4.12,3.88,-0.55,-1.69,2.22,5.08,4158.77,16.87,12500.57,2.26,72.78,23.53,2.28
2023-05-18,,,,,,,,,,,,,,,,,,,,,,,120.2642,3.65,4.24,3.91,-0.59,-1.66,2.23,5.08,4198.05,16.05,12688.84,2.2,71.82,293.47,2.3
2023-05-19,,,,,,,,,,,,,,,,,,,,,,,119.9479,3.7,4.28,3.95,-0.58,-1.59,2.24,5.08,4191.98,16.81,12657.9,2.18,71.57,68.3,2.29
2023-05-20,,,,,,,,,,,,,,,,,,,,,,,,,,,,,,5.08,,,,,,287.15,
2023-05-21,,,,,,,,,,,,,,,,,,,,,,,,,,,,,,5.08,,,,,,125.42,
2023-05-22,,,,,,,,,,,,,,,,,,,,,,,120.2609,3.72,4.29,3.97,-0.57,-1.68,2.24,5.08,4192.63,17.21,12720.78,2.19,71.81,902.81,2.3
2023-05-23,,,,,,,,,,,,,,,,,,,,,,,120.4913,3.7,4.26,3.96,-0.56,-1.64,2.26,5.08,4145.58,18.53,12560.25,2.19,72.87,52.84,2.31
2023-05-24,,,,,,,,,,,,,,,,,,,,,,,120.6481,3.73,4.31,3.97,-0.58,-1.64,2.25,5.08,4115.24,20.03,12484.16,2.18,74.37,55.97,2.36
2023-05-25,,,,,,,,,,,,,,,,,,,,,,,121.0126,3.83,4.5,4.01,-0.67,-1.55,2.25,5.08,4151.28,19.14,12698.09,2.1,71.68,32.44,2.38
2023-05-26,,,,,,,,,,,,,,,,,,,,,,,120.8022,3.8,4.54,3.96,-0.74,-1.54,2.23,5.08,4205.45,17.95,12975.69,2.1,72.35,289.17,2.33
2023-05-27,,,,,,,,,,,,,,,,,,,,,,,,,,,,,,5.08,,,,,,46.92,
2023-05-28,,,,,,,,,,,,,,,,,,,,,,,,,,,,,,5.08,,,,,,47.55,
2023-05-29,,,,,,,,,,,,,,,,,,,,,,,,,,,,,,5.08,,17.46,,,,42.21,
2023-05-30,,,,,,,,,,,,,,,,,,,,,,,120.7387,3.69,4.46,3.9,-0.77,-1.86,2.22,5.08,4205.52,17.46,13017.43,2.14,69.45,23.32,2.32
2023-05-31,,,,,,,,,,,,,,,,,,,,,,,121.1527,3.64,4.4,3.85,-0.76,-1.88,2.18,5.08,4179.83,17.94,12935.29,2.16,68.11,220.41,2.29
2023-06-01,20782.6,18434.6,8370156.0,304.099,308.291,277.791,5.08,0.395,155871.0,3.6,62.6,17050.3,18742.1,5.0,229.74317166282157,122.39,117.08579797413616,0.17,277.109,1421.0,1464.0,0.24,120.2628,3.61,4.33,3.84,-0.72,-1.89,2.16,5.08,4221.02,15.65,13100.98,2.15,70.09,24.44,2.25
2023-06-02,,,,,,,,,,,,,,,,,,,,,,,120.2102,3.69,4.5,3.88,-0.81,-1.81,2.18,5.08,4282.37,14.6,13240.77,2.11,71.76,90.46,2.23
2023-06-03,,,,,,,,,,,,,,,,,,,,,,,,,,,,,,5.08,,,,,,60.4,
2023-06-04,,,,,,,,,,,,,,,,,,,,,,,,,,,,,,5.08,,,,,,60.88,
2023-06-05,,,,,,,,,,,,,,,,,,,,,,,120.2175,3.69,4.46,3.89,-0.77,-1.77,2.19,5.08,4273.79,14.73,13229.43,2.1,72.14,26.86,2.23
2023-06-06,,,,,,,,,,,,,,,,,,,,,,,120.1906,3.7,4.51,3.87,-0.81,-1.74,2.2,5.08,4283.85,13.96,13276.42,2.08,71.71,21.92,2.26
2023-06-07,,,,,,,,,,,,,,,,,,,,,,,120.0893,3.79,4.56,3.95,-0.77,-1.63,2.21,5.08,4267.52,13.94,13104.89,2.06,72.52,24.66,2.27
2023-06-08,,,,,,,,,,,,,,,,,,,,,,,119.8069,3.73,4.52,3.89,-0.79,-1.65,2.2,5.08,4293.93,13.65,13238.52,2.07,71.28,180.41,2.26
2023-06-09,,,,,,,,,,,,,,,,,,,,,,,119.6781,3.75,4.59,3.89,-0.84,-1.62,2.2,5.08,4298.86,13.83,13259.14,2.05,70.16,19.08,2.27
2023-06-10,,,,,,,,,,,,,,,,,,,,,,,,,,,,,,5.08,,,,,,46.11,
2023-06-11,,,,,,,,,,,,,,,,,,,,,,,,,,,,,,5.08,,,,,,15.8,
2023-06-12,,,,,,,,,,,,,,,,,,,,,,,119.889,3.73,4.55,3.87,-0.82,-1.67,2.17,5.08,4338.93,15.01,13461.92,2.1,67.08,240.04,2.25
2023-06-13,,,,,,,,,,,,,,,,,,,,,,,119.4641,3.84,4.67,3.94,-0.83,-1.52,2.2,5.08,4369.01,14.61,13573.32,2.0,69.39,10.79,2.28
2023-06-14,,,,,,,,,,,,,,,,,,,,,,,119.0646,3.83,4.74,3.9,-0.91,-1.53,2.21,5.08,4372.59,13.88,13626.48,1.94,68.22,24.7,2.27
2023-06-15,,,,,,,,,,,,,,,,,,,,,,,118.8447,3.72,4.62,3.85,-0.9,-1.61,2.21,5.07,4425.84,14.5,13782.82,2.02,70.61,93.19,2.26
2023-06-16,,,,,,,,,,,,,,,,,,,,,,,118.7168,3.77,4.7,3.86,-0.93,-1.57,2.22,5.08,4409.59,13.54,13689.57,1.96,71.81,29.71,2.27
2023-06-17,,,,,,,,,,,,,,,,,,,,,,,,,,,,,,5.08,,,,,,32.21,
2023-06-18,,,,,,,,,,,,,,,,,,,,,,,,,,,,,,5.08,,,,,,78.98,
2023-06-19,,,,,,,,,,,,,,,,,,,,,,,,,,,,,,5.08,,14.19,,,,48.49,
2023-06-20,,,,,,,,,,,,,,,,,,,,,,,119.2458,3.74,4.68,3.83,-0.94,-1.65,2.22,5.07,4388.71,13.88,13667.29,1.95,70.94,55.94,2.3
2023-06-21,,,,,,,,,,,,,,,,,,,,,,,119.0438,3.72,4.68,3.81,-0.96,-1.68,2.21,5.07,4365.69,13.2,13502.2,1.96,72.55,94.41,2.27
2023-06-22,,,,,,,,,,,,,,,,,,,,,,,119.074,3.8,4.77,3.88,-0.97,-1.6,2.24,5.07,4381.89,12.91,13630.61,1.94,69.22,17.36,2.3
2023-06-23,,,,,,,,,,,,,,,,,,,,,,,119.4584,3.74,4.71,3.82,-0.97,-1.67,2.21,5.07,4348.33,13.44,13492.52,1.96,68.91,19.43,2.26
2023-06-24,,,,,,,,,,,,,,,,,,,,,,,,,,,,,,5.07,,,,,,15.66,
2023-06-25,,,,,,,,,,,,,,,,,,,,,,,,,,,,,,5.07,,,,,,297.76,
2023-06-26,,,,,,,,,,,,,,,,,,,,,,,119.4123,3.72,4.65,3.83,-0.93,-1.78,2.18,5.07,4328.82,14.25,13335.78,1.98,69.09,268.82,2.23
2023-06-27,,,,,,,,,,,,,,,,,,,,,,,119.235,3.77,4.74,3.84,-0.97,-1.67,2.2,5.07,4378.41,13.74,13555.67,1.94,67.68,67.19,2.28
2023-06-28,,,,,,,,,,,,,,,,,,,,,,,119.6759,3.71,4.71,3.81,-1.0,-1.73,2.18,5.07,4376.86,13.43,13591.75,1.96,69.54,96.04,2.24
2023-06-29,,,,,,,,,,,,,,,,,,,,,,,119.8659,3.85,4.87,3.92,-1.02,-1.61,2.2,5.07,4396.44,13.54,13591.33,1.92,69.85,25.8,2.25
2023-06-30,,,,,,,,,,,,,,,,,,,,,,,119.7118,3.81,4.87,3.85,-1.06,-1.62,2.22,5.08,4450.38,13.59,13787.92,1.88,70.66,68.45,2.26
2023-07-01,20772.2,18342.0,8278283.0,304.615,308.959,277.832,5.12,0.595,156019.0,3.5,62.6,17061.6,18850.5,4.6,226.34639578447937,101.65,129.8521739829882,0.169,275.9,1460.0,1522.0,0.12,,,,,,,,5.08,,,,,,60.77,
2023-07-02,,,,,,,,,,,,,,,,,,,,,,,,,,,,,,5.08,,,,,,68.48,
2023-07-03,,,,,,,,,,,,,,,,,,,,,,,119.5618,3.86,4.94,3.87,-1.08,-1.58,2.25,5.08,4455.59,13.57,13816.77,1.85,69.71,15.59,2.29
2023-07-04,,,,,,,,,,,,,,,,,,,,,,,,,,,,,,5.08,,13.7,,,,19.96,
2023-07-05,,,,,,,,,,,,,,,,,,,,,,,119.6971,3.95,4.94,3.95,-0.99,-1.49,2.26,5.08,4446.82,14.18,13791.65,1.83,71.78,40.04,2.32
2023-07-06,,,,,,,,,,,,,,,,,,,,,,,120.1579,4.05,4.99,4.01,-0.94,-1.41,2.27,5.08,4411.59,15.44,13679.04,1.8,71.76,8.92,2.32
2023-07-07,,,,,,,,,,,,,,,,,,,,,,,119.4293,4.06,4.94,4.05,-0.88,-1.4,2.27,5.08,4398.95,14.83,13660.72,1.81,73.91,10.23,2.32
2023-07-08,,,,,,,,,,,,,,,,,,,,,,,,,,,,,,5.08,,,,,,15.93,
2023-07-09,,,,,,,,,,,,,,,,,,,,,,,,,,,,,,5.08,,,,,,154.39,
2023-07-10,,,,,,,,,,,,,,,,,,,,,,,119.3179,4.01,4.85,4.05,-0.84,-1.47,2.25,5.07,4409.53,15.07,13685.48,1.86,73.05,44.09,2.31
2023-07-11,,,,,,,,,,,,,,,,,,,,,,,119.0891,3.99,4.88,4.03,-0.89,-1.5,2.24,5.08,4439.26,14.84,13760.7,1.84,74.87,11.03,2.32
2023-07-12,,,,,,,,,,,,,,,,,,,,,,,118.0104,3.86,4.72,3.96,-0.86,-1.61,2.26,5.08,4472.16,13.54,13918.96,1.88,75.77,45.04,2.34
2023-07-13,,,,,,,,,,,,,,,,,,,,,,,117.5569,3.76,4.59,3.9,-0.83,-1.71,2.24,5.08,4510.04,13.61,14138.57,1.91,76.86,164.72,2.32
2023-07-14,,,,,,,,,,,,,,,,,,,,,,,117.4209,3.83,4.74,3.93,-0.91,-1.66,2.24,5.08,4505.42,13.34,14113.7,1.87,75.44,427.76,2.33
2023-07-15,,,,,,,,,,,,,,,,,,,,,,,,,,,,,,5.08,,,,,,77.55,
2023-07-16,,,,,,,,,,,,,,,,,,,,,,,,,,,,,,5.08,,,,,,52.05,
2023-07-17,,,,,,,,,,,,,,,,,,,,,,,117.5139,3.81,4.74,3.94,-0.93,-1.68,2.25,5.08,4522.79,13.48,14244.95,1.9,74.17,58.49,2.34
2023-07-18,,,,,,,,,,,,,,,,,,,,,,,117.4145,3.8,4.74,3.91,-0.94,-1.69,2.23,5.08,4554.98,13.3,14353.64,1.89,75.76,11.4,2.33
2023-07-19,,,,,,,,,,,,,,,,,,,,,,,117.745,3.75,4.74,3.84,-0.99,-1.74,2.22,5.08,4565.72,13.76,14358.02,1.87,75.4,52.99,2.31
2023-07-20,,,,,,,,,,,,,,,,,,,,,,,117.9615,3.85,4.8,3.91,-0.95,-1.64,2.35,5.08,4534.87,13.99,14063.31,1.85,75.65,389.07,2.49
2023-07-21,,,,,,,,,,,,,,,,,,,,,,,118.3072,3.84,4.82,3.91,-0.98,-1.66,2.35,5.08,4536.34,13.6,14032.81,1.85,77.06,50.49,2.47
2023-07-22,,,,,,,,,,,,,,,,,,,,,,,,,,,,,,5.08,,,,,,46.02,
2023-07-23,,,,,,,,,,,,,,,,,,,,,,,,,,,,,,5.08,,,,,,17.81,
2023-07-24,,,,,,,,,,,,,,,,,,,,,,,118.1812,3.86,4.81,3.92,-0.95,-1.65,2.38,5.08,4554.64,13.91,14058.87,1.84,78.81,29.2,2.48
2023-07-25,,,,,,,,,,,,,,,,,,,,,,,118.1978,3.91,4.85,3.95,-0.94,-1.6,2.39,5.08,4567.46,13.86,14144.56,1.81,79.76,22.03,2.52
2023-07-26,,,,,,,,,,,,,,,,,,,,,,,118.1097,3.86,4.82,3.94,-0.96,-1.65,2.36,5.08,4566.75,13.19,14127.28,1.83,79.11,89.06,2.48
2023-07-27,,,,,,,,,,,,,,,,,,,,,,,118.2497,4.01,4.91,4.06,-0.9,-1.5,2.37,5.33,4537.41,14.41,14050.11,1.78,80.17,43.15,2.47
2023-07-28,,,,,,,,,,,,,,,,,,,,,,,118.1429,3.96,4.87,4.03,-0.91,-1.56,2.38,5.33,4582.23,13.33,14316.66,1.8,80.55,176.89,2.48
2023-07-29,,,,,,,,,,,,,,,,,,,,,,,,,,,,,,5.33,,,,,,74.85,
2023-07-30,,,,,,,,,,,,,,,,,,,,,,,,,,,,,,5.33,,,,,,205.34,
2023-07-31,,,,,,,,,,,,,,,,,,,,,,,118.1738,3.97,4.88,4.02,-0.91,-1.58,2.37,5.33,4588.96,13.63,14346.02,1.77,81.8,255.77,2.47
2023-08-01,20746.9,18226.0,8164223.0,306.138,309.646,279.493,5.33,0.64,156176.0,3.7,62.8,17085.8,18911.6,4.7,210.93919192311927,97.62,135.35332886794686,0.17,287.508,1317.0,1561.0,0.12,118.9156,4.05,4.92,4.11,-0.87,-1.49,2.37,5.33,4576.73,13.93,14283.91,1.77,81.37,247.71,2.48
2023-08-02,,,,,,,,,,,,,,,,,,,,,,,119.4622,4.08,4.88,4.17,-0.8,-1.45,2.36,5.33,4513.39,16.09,13973.45,1.82,79.5,8.87,2.47
2023-08-03,,,,,,,,,,,,,,,,,,,,,,,119.7123,4.2,4.9,4.32,-0.7,-1.34,2.37,5.33,4501.89,15.92,13959.72,1.84,81.56,214.88,2.5
2023-08-04,,,,,,,,,,,,,,,,,,,,,,,119.1684,4.05,4.78,4.21,-0.73,-1.49,2.38,5.33,4478.03,17.1,13909.24,1.9,82.76,49.7,2.5
2023-08-05,,,,,,,,,,,,,,,,,,,,,,,,,,,,,,5.33,,,,,,30.71,
2023-08-06,,,,,,,,,,,,,,,,,,,,,,,,,,,,,,5.33,,,,,,34.45,
2023-08-07,,,,,,,,,,,,,,,,,,,,,,,119.4297,4.09,4.76,4.27,-0.67,-1.47,2.41,5.33,4518.44,15.77,13994.4,1.9,81.94,14.15,2.53
2023-08-08,,,,,,,,,,,,,,,,,,,,,,,119.987,4.02,4.74,4.2,-0.72,-1.55,2.36,5.33,4499.38,15.99,13884.32,1.93,82.94,10.92,2.48
2023-08-09,,,,,,,,,,,,,,,,,,,,,,,119.8273,4.0,4.79,4.18,-0.79,-1.55,2.34,5.33,4467.71,15.96,13722.02,1.92,84.35,26.45,2.45
2023-08-10,,,,,,,,,,,,,,,,,,,,,,,119.5248,4.09,4.82,4.24,-0.73,-1.45,2.33,5.33,4468.83,15.85,13737.99,1.89,82.81,17.49,2.41
2023-08-11,,,,,,,,,,,,,,,,,,,,,,,119.9929,4.16,4.89,4.27,-0.73,-1.38,2.36,5.33,4464.05,14.84,13644.85,1.87,83.17,132.1,2.42
2023-08-12,,,,,,,,,,,,,,,,,,,,,,,,,,,,,,5.33,,,,,,14.8,
2023-08-13,,,,,,,,,,,,,,,,,,,,,,,,,,,,,,5.33,,,,,,16.81,
2023-08-14,,,,,,,,,,,,,,,,,,,,,,,120.4451,4.19,4.96,4.29,-0.77,-1.37,2.36,5.33,4489.72,14.82,13788.33,1.84,82.5,239.9,2.43
2023-08-15,,,,,,,,,,,,,,,,,,,,,,,120.5927,4.21,4.92,4.32,-0.71,-1.35,2.32,5.33,4437.86,16.46,13631.05,1.86,81.06,43.08,2.4
2023-08-16,,,,,,,,,,,,,,,,,,,,,,,120.7308,4.28,4.97,4.38,-0.69,-1.28,2.32,5.33,4404.33,16.78,13474.63,1.84,79.4,35.52,2.41
2023-08-17,,,,,,,,,,,,,,,,,,,,,,,120.8924,4.3,4.94,4.41,-0.64,-1.26,2.33,5.33,4370.36,17.89,13316.93,1.87,80.43,25.06,2.42
2023-08-18,,,,,,,,,,,,,,,,,,,,,,,120.7937,4.26,4.92,4.38,-0.66,-1.29,2.32,5.33,4369.71,17.3,13290.78,1.89,81.25,19.39,2.42
2023-08-19,,,,,,,,,,,,,,,,,,,,,,,,,,,,,,5.33,,,,,,28.57,
2023-08-20,,,,,,,,,,,,,,,,,,,,,,,,,,,,,,5.33,,,,,,113.03,
2023-08-21,,,,,,,,,,,,,,,,,,,,,,,120.8271,4.34,4.97,4.45,-0.63,-1.23,2.34,5.33,4399.77,17.13,13497.59,1.88,80.71,273.32,2.43
2023-08-22,,,,,,,,,,,,,,,,,,,,,,,120.7274,4.34,5.02,4.42,-0.68,-1.23,2.35,5.33,4387.55,16.97,13505.87,1.82,80.25,21.28,2.43
2023-08-23,,,,,,,,,,,,,,,,,,,,,,,120.4036,4.19,4.95,4.27,-0.76,-1.38,2.35,5.33,4436.01,15.98,13721.03,1.83,78.91,222.43,2.44
2023-08-24,,,,,,,,,,,,,,,,,,,,,,,120.5987,4.23,4.98,4.3,-0.75,-1.35,2.32,5.33,4376.31,17.2,13463.97,1.8,79.52,16.06,2.4
2023-08-25,,,,,,,,,,,,,,,,,,,,,,,120.8752,4.25,5.03,4.3,-0.78,-1.36,2.33,5.33,4405.71,15.68,13590.65,1.76,80.47,9.25,2.41
2023-08-26,,,,,,,,,,,,,,,,,,,,,,,,,,,,,,5.33,,,,,,51.65,
2023-08-27,,,,,,,,,,,,,,,,,,,,,,,,,,,,,,5.33,,,,,,15.96,
2023-08-28,,,,,,,,,,,,,,,,,,,,,,,120.687,4.2,4.98,4.29,-0.78,-1.38,2.3,5.33,4433.31,15.08,13705.13,1.82,80.65,13.15,2.39
2023-08-29,,,,,,,,,,,,,,,,,,,,,,,120.6383,4.12,4.87,4.23,-0.75,-1.44,2.29,5.33,4497.63,14.45,13943.76,1.84,81.14,10.09,2.4
2023-08-30,,,,,,,,,,,,,,,,,,,,,,,120.187,4.12,4.9,4.23,-0.78,-1.44,2.26,5.33,4514.87,13.88,14019.31,1.82,81.64,33.47,2.36
2023-08-31,,,,,,,,,,,,,,,,,,,,,,,120.5882,4.09,4.85,4.2,-0.76,-1.47,2.24,5.33,4507.66,13.57,14034.97,1.83,83.55,8.13,2.33
2023-09-01,20720.0,18124.5,8056563.0,307.374,310.616,280.318,5.33,0.765,156334.0,3.8,62.7,17101.1,19024.9,4.4,243.9739608547444,89.23,85.75083249284367,0.171,293.194,1371.0,1537.0,0.2,121.1011,4.18,4.87,4.29,-0.69,-1.35,2.26,5.33,4515.77,13.09,14031.81,1.82,85.52,26.59,2.35
2023-09-02,,,,,,,,,,,,,,,,,,,,,,,,,,,,,,5.33,,,,,,24.76,
2023-09-03,,,,,,,,,,,,,,,,,,,,,,,,,,,,,,5.33,,,,,,16.97,
2023-09-04,,,,,,,,,,,,,,,,,,,,,,,,,,,,,,5.33,,13.82,,,,173.42,
2023-09-05,,,,,,,,,,,,,,,,,,,,,,,121.7785,4.27,4.94,4.38,-0.67,-1.28,2.29,5.33,4496.83,14.01,14020.95,1.84,86.74,10.89,2.37
2023-09-06,,,,,,,,,,,,,,,,,,,,,,,122.2029,4.3,5.01,4.37,-0.71,-1.25,2.3,5.33,4465.48,14.45,13872.47,1.79,87.55,41.42,2.37
2023-09-07,,,,,,,,,,,,,,,,,,,,,,,122.2903,4.27,4.94,4.36,-0.67,-1.26,2.32,5.33,4451.14,14.4,13748.83,1.81,86.87,39.24,2.4
2023-09-08,,,,,,,,,,,,,,,,,,,,,,,122.2933,4.26,4.98,4.33,-0.72,-1.29,2.33,5.33,4457.49,13.84,13761.53,1.79,87.51,203.38,2.4
2023-09-09,,,,,,,,,,,,,,,,,,,,,,,,,,,,,,5.33,,,,,,12.33,
2023-09-10,,,,,,,,,,,,,,,,,,,,,,,,,,,,,,5.33,,,,,,76.86,
2023-09-11,,,,,,,,,,,,,,,,,,,,,,,121.6757,4.29,4.97,4.37,-0.68,-1.26,2.35,5.33,4487.46,13.8,13917.89,1.8,87.3,126.9,2.44
2023-09-12,,,,,,,,,,,,,,,,,,,,,,,121.6301,4.27,4.98,4.35,-0.71,-1.29,2.34,5.33,4461.9,14.23,13773.61,1.79,88.87,125.65,2.41
2023-09-13,,,,,,,,,,,,,,,,,,,,,,,121.3981,4.25,4.96,4.34,-0.71,-1.3,2.35,5.33,4467.44,13.48,13813.59,1.81,88.59,141.23,2.42
2023-09-14,,,,,,,,,,,,,,,,,,,,,,,121.5744,4.29,5.0,4.39,-0.71,-1.26,2.34,5.33,4505.1,12.82,13926.05,1.8,90.13,31.7,2.41
2023-09-15,,,,,,,,,,,,,,,,,,,,,,,121.5361,4.33,5.02,4.42,-0.69,-1.23,2.35,5.33,4450.32,13.79,13708.33,1.78,90.83,44.0,2.43
2023-09-16,,,,,,,,,,,,,,,,,,,,,,,,,,,,,,5.33,,,,,,38.08,
2023-09-17,,,,,,,,,,,,,,,,,,,,,,,,,,,,,,5.33,,,,,,15.14,
2023-09-18,,,,,,,,,,,,,,,,,,,,,,,121.5414,4.32,5.05,4.4,-0.73,-1.23,2.36,5.33,4453.53,14.0,13710.24,1.77,91.47,38.66,2.43
2023-09-19,,,,,,,,,,,,,,,,,,,,,,,121.5175,4.37,5.08,4.43,-0.71,-1.17,2.37,5.33,4443.95,14.11,13678.19,1.75,91.16,19.75,2.44
2023-09-20,,,,,,,,,,,,,,,,,,,,,,,121.32,4.35,5.12,4.4,-0.77,-1.21,2.35,5.33,4402.2,15.14,13469.13,1.73,89.2,48.34,2.43
2023-09-21,,,,,,,,,,,,,,,,,,,,,,,121.8972,4.49,5.12,4.56,-0.63,-1.08,2.38,5.33,4330.0,17.54,13223.98,1.66,89.56,23.3,2.47
2023-09-22,,,,,,,,,,,,,,,,,,,,,,,121.8735,4.44,5.1,4.53,-0.66,-1.12,2.37,5.33,4320.06,17.2,13211.81,1.73,90.0,8.64,2.45
2023-09-23,,,,,,,,,,,,,,,,,,,,,,,,,,,,,,5.33,,,,,,37.93,
2023-09-24,,,,,,,,,,,,,,,,,,,,,,,,,,,,,,5.33,,,,,,14.83,
2023-09-25,,,,,,,,,,,,,,,,,,,,,,,122.4445,4.55,5.09,4.67,-0.54,-1.03,2.37,5.33,4337.44,16.9,13271.32,1.75,89.68,12.86,2.49
2023-09-26,,,,,,,,,,,,,,,,,,,,,,,122.795,4.56,5.04,4.7,-0.48,-1.02,2.33,5.33,4273.53,18.94,13063.61,1.77,91.43,30.54,2.46
2023-09-27,,,,,,,,,,,,,,,,,,,,,,,123.2947,4.61,5.1,4.73,-0.49,-0.97,2.34,5.33,4274.51,18.22,13092.85,1.77,93.67,112.54,2.45
2023-09-28,,,,,,,,,,,,,,,,,,,,,,,122.8562,4.59,5.04,4.71,-0.45,-0.97,2.39,5.33,4299.7,17.34,13201.28,1.8,91.65,23.19,2.51
2023-09-29,,,,,,,,,,,,,,,,,,,,,,,122.6332,4.59,5.03,4.73,-0.44,-0.96,2.35,5.33,4288.05,17.52,13219.32,1.78,90.77,8.51,2.48
2023-09-30,,,,,,,,,,,,,,,,,,,,,,,,,,,,,,5.33,,,,,,12.45,
2023-10-01,20687.2,18022.8,7937207.0,307.653,311.433,280.182,5.33,0.95,156520.0,3.9,62.7,17152.8,19069.5,4.5,225.8105131674811,140.11,185.5372777750597,0.169,286.478,1368.0,1528.0,0.32,,,,,,,,5.33,,,,,,45.1,
2023-10-02,,,,,,,,,,,,,,,,,,,,,,,123.3573,4.69,5.12,4.81,-0.43,-0.93,2.35,5.33,4288.39,17.61,13307.77,1.78,88.81,25.28,2.47
2023-10-03,,,,,,,,,,,,,,,,,,,,,,,124.0624,4.81,5.15,4.95,-0.34,-0.81,2.36,5.33,4229.45,19.78,13059.47,1.82,89.26,10.14,2.51
2023-10-04,,,,,,,,,,,,,,,,,,,,,,,123.8848,4.73,5.05,4.87,-0.32,-0.88,2.33,5.33,4263.75,18.58,13236.01,1.83,84.32,24.29,2.48
2023-10-05,,,,,,,,,,,,,,,,,,,,,,,124.1752,4.72,5.03,4.89,-0.31,-0.89,2.31,5.33,4258.19,18.49,13219.83,1.85,82.3,7.87,2.48
2023-10-06,,,,,,,,,,,,,,,,,,,,,,,123.6561,4.78,5.08,4.95,-0.3,-0.85,2.31,5.33,4308.5,17.45,13431.34,1.84,82.83,129.95,2.45
2023-10-07,,,,,,,,,,,,,,,,,,,,,,,,,,,,,,5.33,,,,,,26.07,
2023-10-08,,,,,,,,,,,,,,,,,,,,,,,,,,,,,,5.33,,,,,,94.88,
2023-10-09,,,,,,,,,,,,,,,,,,,,,,,,,,,,,,5.33,4335.66,17.7,13484.24,,,152.56,
2023-10-10,,,,,,,,,,,,,,,,,,,,,,,123.2437,4.66,4.96,4.85,-0.3,-0.95,2.32,5.33,4358.24,17.03,13562.84,1.83,85.89,10.45,2.46
2023-10-11,,,,,,,,,,,,,,,,,,,,,,,123.092,4.58,4.99,4.73,-0.41,-1.03,2.32,5.33,4376.95,16.09,13659.68,1.82,83.7,187.74,2.44
2023-10-12,,,,,,,,,,,,,,,,,,,,,,,123.5087,4.7,5.06,4.86,-0.36,-0.93,2.34,5.33,4349.61,16.69,13574.22,1.83,82.87,55.34,2.45
2023-10-13,,,,,,,,,,,,,,,,,,,,,,,123.8788,4.63,5.04,4.78,-0.41,-0.99,2.34,5.33,4327.78,19.32,13407.23,1.82,87.67,172.41,2.42
2023-10-14,,,,,,,,,,,,,,,,,,,,,,,,,,,,,,5.33,,,,,,26.4,
2023-10-15,,,,,,,,,,,,,,,,,,,,,,,,,,,,,,5.33,,,,,,892.29,
2023-10-16,,,,,,,,,,,,,,,,,,,,,,,123.621,4.71,5.09,4.87,-0.38,-0.9,2.38,5.33,4373.63,17.21,13567.98,1.83,86.65,71.57,2.46
2023-10-17,,,,,,,,,,,,,,,,,,,,,,,123.4334,4.83,5.19,4.94,-0.36,-0.79,2.41,5.33,4373.2,17.88,13533.75,1.8,86.66,78.94,2.5
2023-10-18,,,,,,,,,,,,,,,,,,,,,,,124.1001,4.91,5.19,5.0,-0.28,-0.7,2.44,5.33,4314.6,19.22,13314.3,1.78,88.35,32.71,2.53
2023-10-19,,,,,,,,,,,,,,,,,,,,,,,124.0861,4.98,5.14,5.11,-0.16,-0.62,2.49,5.33,4278.0,21.4,13186.18,1.82,89.35,152.95,2.46
2023-10-20,,,,,,,,,,,,,,,,,,,,,,,123.9049,4.93,5.07,5.09,-0.14,-0.65,2.47,5.33,4224.16,21.71,12983.81,1.88,89.12,459.79,2.47
2023-10-21,,,,,,,,,,,,,,,,,,,,,,,,,,,,,,5.33,,,,,,291.4,
2023-10-22,,,,,,,,,,,,,,,,,,,,,,,,,,,,,,5.33,,,,,,313.65,
2023-10-23,,,,,,,,,,,,,,,,,,,,,,,123.5935,4.86,5.05,5.01,-0.19,-0.72,2.41,5.33,4217.04,20.37,13018.33,1.85,85.49,242.75,2.41
2023-10-24,,,,,,,,,,,,,,,,,,,,,,,123.9249,4.83,5.02,4.96,-0.19,-0.75,2.4,5.33,4247.68,18.97,13139.87,1.84,84.58,29.91,2.42
2023-10-25,,,,,,,,,,,,,,,,,,,,,,,124.069,4.95,5.08,5.09,-0.13,-0.64,2.43,5.33,4186.77,20.19,12821.22,1.83,86.07,71.58,2.46
2023-10-26,,,,,,,,,,,,,,,,,,,,,,,124.285,4.86,5.02,5.01,-0.16,-0.73,2.42,5.33,4137.23,20.68,12595.61,1.82,83.8,153.1,2.47
2023-10-27,,,,,,,,,,,,,,,,,,,,,,,123.9145,4.84,4.99,5.03,-0.15,-0.75,2.42,5.33,4117.37,21.27,12643.01,1.88,86.04,227.97,2.45
2023-10-28,,,,,,,,,,,,,,,,,,,,,,,,,,,,,,5.33,,,,,,37.46,
2023-10-29,,,,,,,,,,,,,,,,,,,,,,,,,,,,,,5.33,,,,,,59.36,
2023-10-30,,,,,,,,,,,,,,,,,,,,,,,123.7044,4.88,5.03,5.04,-0.15,-0.72,2.44,5.33,4166.82,19.75,12789.48,1.86,83.03,356.93,2.48
2023-10-31,,,,,,,,,,,,,,,,,,,,,,,124.1229,4.88,5.07,5.04,-0.19,-0.71,2.42,5.33,4193.8,18.14,12851.24,1.85,81.64,40.46,2.44
2023-11-01,20696.7,17957.7,7829861.0,308.087,312.373,280.103,5.33,0.66,156661.0,3.7,62.8,17229.4,19151.0,4.6,246.5602573740709,114.53,132.07113577462442,0.168,281.732,1514.0,1503.0,0.14,124.0801,4.77,4.95,4.96,-0.18,-0.8,2.41,5.33,4237.86,16.87,13061.47,1.91,81.05,157.53,2.46
2023-11-02,,,,,,,,,,,,,,,,,,,,,,,123.1995,4.67,4.98,4.82,-0.31,-0.87,2.4,5.33,4317.78,15.66,13294.19,1.84,83.04,48.19,2.45
2023-11-03,,,,,,,,,,,,,,,,,,,,,,,122.1006,4.57,4.83,4.77,-0.26,-0.96,2.39,5.33,4358.34,14.91,13478.28,1.86,81.19,56.72,2.46
2023-11-04,,,,,,,,,,,,,,,,,,,,,,,,,,,,,,5.33,,,,,,26.07,
2023-11-05,,,,,,,,,,,,,,,,,,,,,,,,,,,,,,5.33,,,,,,44.77,
2023-11-06,,,,,,,,,,,,,,,,,,,,,,,121.9692,4.67,4.93,4.84,-0.26,-0.89,2.42,5.33,4365.98,14.89,13518.78,1.84,81.54,82.91,2.49
2023-11-07,,,,,,,,,,,,,,,,,,,,,,,122.3882,4.58,4.91,4.75,-0.33,-0.97,2.39,5.33,4378.38,14.81,13639.86,1.83,77.96,56.79,2.46
2023-11-08,,,,,,,,,,,,,,,,,,,,,,,122.4055,4.49,4.93,4.64,-0.44,-1.05,2.34,5.33,4382.78,14.45,13650.41,1.84,75.85,297.62,2.39
2023-11-09,,,,,,,,,,,,,,,,,,,,,,,122.4434,4.62,5.03,4.77,-0.41,-0.92,2.33,5.33,4347.35,15.29,13521.45,1.83,76.34,252.32,2.36
2023-11-10,,,,,,,,,,,,,,,,,,,,,,,,4.61,5.04,4.73,-0.43,-0.92,2.32,5.33,4415.24,14.17,13798.11,1.8,,154.34,2.36
2023-11-11,,,,,,,,,,,,,,,,,,,,,,,,,,,,,,5.33,,,,,,56.78,
2023-11-12,,,,,,,,,,,,,,,,,,,,,,,,,,,,,,5.33,,,,,,73.23,
2023-11-13,,,,,,,,,,,,,,,,,,,,,,,122.7389,4.63,5.02,4.75,-0.39,-0.92,2.31,5.33,4411.55,14.76,13767.74,1.79,78.86,50.85,2.33
2023-11-14,,,,,,,,,,,,,,,,,,,,,,,121.6865,4.44,4.8,4.61,-0.36,-1.08,2.28,5.33,4495.7,14.16,14094.38,1.83,78.9,9.83,2.33
2023-11-15,,,,,,,,,,,,,,,,,,,,,,,121.4035,4.53,4.9,4.68,-0.37,-1.0,2.31,5.33,4502.88,14.18,14103.84,1.8,77.15,24.64,2.38
2023-11-16,,,,,,,,,,,,,,,,,,,,,,,121.4953,4.45,4.83,4.63,-0.38,-1.06,2.27,5.33,4508.24,14.32,14113.67,1.81,73.5,32.65,2.34
2023-11-17,,,,,,,,,,,,,,,,,,,,,,,121.1657,4.44,4.88,4.59,-0.44,-1.06,2.28,5.33,4514.02,13.8,14125.48,1.78,76.47,508.48,2.33
2023-11-18,,,,,,,,,,,,,,,,,,,,,,,,,,,,,,5.33,,,,,,41.21,
2023-11-19,,,,,,,,,,,,,,,,,,,,,,,,,,,,,,5.33,,,,,,77.72,
2023-11-20,,,,,,,,,,,,,,,,,,,,,,,120.5653,4.42,4.89,4.57,-0.47,-1.12,2.3,5.33,4547.38,13.41,14284.53,1.76,78.1,37.54,2.34
2023-11-21,,,,,,,,,,,,,,,,,,,,,,,120.5182,4.41,4.86,4.57,-0.45,-1.12,2.25,5.33,4538.19,13.35,14199.98,1.77,78.35,88.36,2.31
2023-11-22,,,,,,,,,,,,,,,,,,,,,,,120.9757,4.42,4.89,4.55,-0.47,-1.12,2.26,5.33,4556.62,12.85,14265.86,1.71,76.8,41.22,2.31
2023-11-23,,,,,,,,,,,,,,,,,,,,,,,,,,,,,,5.33,,12.8,,,,27.03,
2023-11-24,,,,,,,,,,,,,,,,,,,,,,,120.5285,4.47,4.92,4.6,-0.45,-1.07,2.26,5.33,4559.34,12.46,14250.85,1.72,74.83,70.99,2.31
2023-11-25,,,,,,,,,,,,,,,,,,,,,,,,,,,,,,5.33,,,,,,30.53,
2023-11-26,,,,,,,,,,,,,,,,,,,,,,,,,,,,,,5.33,,,,,,100.46,
2023-11-27,,,,,,,,,,,,,,,,,,,,,,,120.4893,4.39,4.84,4.53,-0.45,-1.1,2.21,5.33,4550.43,12.69,14241.02,1.71,74.46,27.51,2.3
2023-11-28,,,,,,,,,,,,,,,,,,,,,,,119.9174,4.34,4.73,4.52,-0.39,-1.13,2.22,5.33,4554.89,12.69,14281.76,1.75,76.09,236.49,2.29
2023-11-29,,,,,,,,,,,,,,,,,,,,,,,120.1246,4.27,4.64,4.44,-0.37,-1.18,2.21,5.33,4550.58,12.98,14258.49,1.72,77.56,76.12,2.28
2023-11-30,,,,,,,,,,,,,,,,,,,,,,,120.5421,4.37,4.73,4.54,-0.36,-1.08,2.23,5.33,4567.8,12.92,14226.22,1.67,75.66,24.24,2.31
2023-12-01,20701.3,17915.1,7728449.0,308.735,313.23,280.37,5.33,0.62,156930.0,3.8,62.5,17267.4,19289.9,4.4,248.04053093803643,128.03,194.90526800990017,0.169,280.311,1521.0,1519.0,0.34,120.2542,4.22,4.56,4.4,-0.34,-1.21,2.22,5.33,4594.63,12.63,14305.03,1.71,73.7,9.16,2.32
2023-12-02,,,,,,,,,,,,,,,,,,,,,,,,,,,,,,5.33,,,,,,13.45,
2023-12-03,,,,,,,,,,,,,,,,,,,,,,,,,,,,,,5.33,,,,,,44.75,
2023-12-04,,,,,,,,,,,,,,,,,,,,,,,120.7669,4.28,4.64,4.43,-0.36,-1.18,2.21,5.33,4569.78,13.08,14185.49,1.67,72.73,13.44,2.29
2023-12-05,,,,,,,,,,,,,,,,,,,,,,,121.0731,4.18,4.57,4.3,-0.39,-1.27,2.17,5.33,4567.18,12.85,14229.91,1.65,71.95,280.26,2.25
2023-12-06,,,,,,,,,,,,,,,,,,,,,,,120.8348,4.12,4.6,4.22,-0.48,-1.33,2.14,5.33,4549.34,12.97,14146.71,1.63,68.98,49.57,2.23
2023-12-07,,,,,,,,,,,,,,,,,,,,,,,120.8938,4.14,4.58,4.25,-0.44,-1.3,2.17,5.33,4585.59,13.06,14339.99,1.63,69.0,72.51,2.28
2023-12-08,,,,,,,,,,,,,,,,,,,,,,,121.0499,4.23,4.71,4.31,-0.48,-1.21,2.21,5.33,4604.37,12.35,14403.97,1.61,70.87,94.32,2.31
2023-12-09,,,,,,,,,,,,,,,,,,,,,,,,,,,,,,5.33,,,,,,180.66,
2023-12-10,,,,,,,,,,,,,,,,,,,,,,,,,,,,,,5.33,,,,,,64.75,
2023-12-11,,,,,,,,,,,,,,,,,,,,,,,121.2212,4.23,4.71,4.32,-0.48,-1.24,2.19,5.33,4622.44,12.63,14432.49,1.61,70.95,55.83,2.27
2023-12-12,,,,,,,,,,,,,,,,,,,,,,,120.9825,4.2,4.73,4.3,-0.53,-1.26,2.16,5.33,4643.7,12.07,14533.4,1.6,68.27,10.78,2.24
2023-12-13,,,,,,,,,,,,,,,,,,,,,,,121.4667,4.04,4.46,4.19,-0.42,-1.4,2.16,5.33,4707.09,12.19,14733.96,1.61,69.09,26.01,2.24
2023-12-14,,,,,,,,,,,,,,,,,,,,,,,119.8952,3.92,4.37,4.03,-0.45,-1.51,2.22,5.33,4719.55,12.48,14761.56,1.57,71.21,33.73,2.26
2023-12-15,,,,,,,,,,,,,,,,,,,,,,,120.062,3.91,4.44,4.0,-0.53,-1.53,2.22,5.33,4719.19,12.28,14813.92,1.57,71.05,37.93,2.27
2023-12-16,,,,,,,,,,,,,,,,,,,,,,,,,,,,,,5.33,,,,,,13.64,
2023-12-17,,,,,,,,,,,,,,,,,,,,,,,,,,,,,,5.33,,,,,,49.75,
2023-12-18,,,,,,,,,,,,,,,,,,,,,,,120.2386,3.95,4.43,4.05,-0.48,-1.51,2.21,5.33,4740.56,12.56,14905.19,1.58,72.16,625.54,2.24
2023-12-19,,,,,,,,,,,,,,,,,,,,,,,119.8116,3.93,4.41,4.03,-0.48,-1.5,2.19,5.33,4768.37,12.53,15003.22,1.57,73.23,226.39,2.21
2023-12-20,,,,,,,,,,,,,,,,,,,,,,,119.8872,3.86,4.34,3.98,-0.48,-1.58,2.19,5.33,4698.35,13.67,14777.94,1.63,73.87,43.43,2.22
2023-12-21,,,,,,,,,,,,,,,,,,,,,,,119.6721,3.89,4.33,4.03,-0.44,-1.53,2.19,5.33,4746.75,13.65,14963.87,1.64,73.59,25.2,2.2
2023-12-22,,,,,,,,,,,,,,,,,,,,,,,119.4214,3.9,4.31,4.05,-0.41,-1.54,2.19,5.33,4754.63,13.03,14992.97,1.65,73.29,52.53,2.22
2023-12-23,,,,,,,,,,,,,,,,,,,,,,,,,,,,,,5.33,,,,,,351.39,
2023-12-24,,,,,,,,,,,,,,,,,,,,,,,,,,,,,,5.33,,,,,,72.78,
2023-12-25,,,,,,,,,,,,,,,,,,,,,,,,,,,,,,5.33,,,,,,65.06,
2023-12-26,,,,,,,,,,,,,,,,,,,,,,,119.2551,3.89,4.26,4.04,-0.37,-1.56,2.18,5.33,4774.75,12.99,15074.57,1.64,75.84,116.75,2.19
2023-12-27,,,,,,,,,,,,,,,,,,,,,,,118.8525,3.79,4.2,3.95,-0.41,-1.65,2.15,5.33,4781.58,12.43,15099.18,1.64,74.31,268.82,2.18
2023-12-28,,,,,,,,,,,,,,,,,,,,,,,118.762,3.84,4.26,3.98,-0.42,-1.61,2.16,5.33,4783.35,12.47,15095.14,1.62,72.02,344.24,2.21
2023-12-29,,,,,,,,,,,,,,,,,,,,,,,118.7686,3.88,4.23,4.03,-0.35,-1.52,2.16,5.33,4769.83,12.45,15011.35,1.61,71.89,94.12,2.2
2023-12-30,,,,,,,,,,,,,,,,,,,,,,,,,,,,,,5.33,,,,,,82.08,
2023-12-31,,,,,,,,,,,,,,,,,,,,,,,,,,,,,,5.33,,,,,,145.24,
2024-01-01,20773.2,17943.1,7669766.0,309.794,314.389,280.975,5.33,0.73,157049.0,3.7,62.5,17426.2,19308.5,5.5,257.133045341452,143.07,109.58172655813512,0.173,280.238,1381.0,1545.0,0.94,,,,,,,,5.33,,,,,,52.74,
2024-01-02,,,,,,,,,,,,,,,,,,,,,,,119.6165,3.95,4.33,4.08,-0.38,-1.51,2.21,5.33,4742.83,13.2,14765.94,1.62,70.62,50.17,2.25
2024-01-03,,,,,,,,,,,,,,,,,,,,,,,120.0407,3.91,4.33,4.05,-0.42,-1.57,2.2,5.33,4704.81,14.04,14592.21,1.66,72.97,47.39,2.23
2024-01-04,,,,,,,,,,,,,,,,,,,,,,,119.9775,3.99,4.38,4.13,-0.39,-1.49,2.22,5.33,4688.68,14.13,14510.3,1.65,72.38,142.64,2.26
2024-01-05,,,,,,,,,,,,,,,,,,,,,,,119.7474,4.05,4.4,4.21,-0.35,-1.42,2.22,5.33,4697.24,13.35,14524.07,1.65,74.0,79.88,2.25
2024-01-06,,,,,,,,,,,,,,,,,,,,,,,,,,,,,,5.33,,,,,,98.94,
2024-01-07,,,,,,,,,,,,,,,,,,,,,,,,,,,,,,5.33,,,,,,143.51,
2024-01-08,,,,,,,,,,,,,,,,,,,,,,,119.6237,4.01,4.36,4.17,-0.35,-1.48,2.22,5.33,4763.54,13.08,14843.77,1.65,71.06,40.32,2.25
2024-01-09,,,,,,,,,,,,,,,,,,,,,,,120.0296,4.02,4.36,4.18,-0.34,-1.45,2.22,5.33,4756.5,12.76,14857.71,1.63,72.43,32.32,2.27
2024-01-10,,,,,,,,,,,,,,,,,,,,,,,120.1258,4.04,4.37,4.2,-0.33,-1.42,2.22,5.33,4783.45,12.69,14969.65,1.59,71.57,35.13,2.26
2024-01-11,,,,,,,,,,,,,,,,,,,,,,,120.2516,3.98,4.26,4.18,-0.28,-1.48,2.22,5.33,4780.24,12.44,14970.18,1.63,72.15,33.25,2.26
2024-01-12,,,,,,,,,,,,,,,,,,,,,,,119.9009,3.96,4.14,4.2,-0.18,-1.49,2.27,5.33,4783.83,12.7,14972.76,1.64,72.94,67.25,2.32
2024-01-13,,,,,,,,,,,,,,,,,,,,,,,,,,,,,,5.33,,,,,,13.56,
2024-01-14,,,,,,,,,,,,,,,,,,,,,,,,,,,,,,5.33,,,,,,16.66,
2024-01-15,,,,,,,,,,,,,,,,,,,,,,,,,,,,,,5.33,,13.25,,,,15.02,
2024-01-16,,,,,,,,,,,,,,,,,,,,,,,120.9213,4.07,4.22,4.3,-0.15,-1.38,2.3,5.33,4765.98,13.84,14944.35,1.65,72.63,56.22,2.36
2024-01-17,,,,,,,,,,,,,,,,,,,,,,,121.3823,4.1,4.34,4.31,-0.24,-1.37,2.3,5.33,4739.21,14.79,14855.62,1.63,72.79,17.49,2.36
2024-01-18,,,,,,,,,,,,,,,,,,,,,,,121.2366,4.14,4.34,4.37,-0.2,-1.31,2.34,5.33,4780.94,14.13,15055.65,1.62,74.32,201.24,2.4
2024-01-19,,,,,,,,,,,,,,,,,,,,,,,120.9947,4.15,4.39,4.36,-0.24,-1.3,2.34,5.33,4839.81,13.3,15310.97,1.59,73.69,367.02,2.38
2024-01-20,,,,,,,,,,,,,,,,,,,,,,,,,,,,,,5.33,,,,,,55.15,
2024-01-21,,,,,,,,,,,,,,,,,,,,,,,,,,,,,,5.33,,,,,,16.95,
2024-01-22,,,,,,,,,,,,,,,,,,,,,,,120.9687,4.11,4.37,4.32,-0.26,-1.35,2.31,5.33,4850.43,13.19,15360.29,1.59,75.26,251.38,2.35
2024-01-23,,,,,,,,,,,,,,,,,,,,,,,121.4244,4.14,4.31,4.38,-0.17,-1.31,2.29,5.33,4864.6,12.55,15425.94,1.62,74.72,198.45,2.32
2024-01-24,,,,,,,,,,,,,,,,,,,,,,,120.8336,4.18,4.34,4.41,-0.16,-1.26,2.3,5.33,4868.55,13.14,15481.92,1.61,75.48,43.09,2.37
2024-01-25,,,,,,,,,,,,,,,,,,,,,,,121.167,4.14,4.28,4.38,-0.14,-1.3,2.29,5.33,4894.16,13.45,15510.5,1.6,77.91,158.74,2.34
2024-01-26,,,,,,,,,,,,,,,,,,,,,,,120.9665,4.15,4.34,4.38,-0.19,-1.29,2.3,5.33,4890.97,13.26,15455.36,1.58,78.45,9.74,2.34
2024-01-27,,,,,,,,,,,,,,,,,,,,,,,,,,,,,,5.33,,,,,,14.12,
2024-01-28,,,,,,,,,,,,,,,,,,,,,,,,,,,,,,5.33,,,,,,47.87,
2024-01-29,,,,,,,,,,,,,,,,,,,,,,,121.1888,4.08,4.29,4.31,-0.21,-1.34,2.3,5.33,4927.93,13.6,15628.04,1.6,77.25,13.95,2.34
2024-01-30,,,,,,,,,,,,,,,,,,,,,,,120.9442,4.06,4.36,4.28,-0.3,-1.36,2.26,5.33,4924.97,13.31,15509.9,1.58,78.3,31.56,2.27
2024-01-31,,,,,,,,,,,,,,,,,,,,,,,120.7727,3.99,4.27,4.22,-0.28,-1.43,2.26,5.33,4845.65,14.35,15164.01,1.61,76.28,16.51,2.28
2024-02-01,20861.2,17983.8,7603666.0,311.022,315.555,282.034,5.33,0.71,157271.0,3.9,62.6,17442.4,19412.7,5.4,187.9454580767655,133.41,126.41632458302976,0.173,283.983,1552.0,1577.0,0.2,120.6832,3.87,4.2,4.1,-0.33,-1.55,2.19,5.33,4906.19,13.88,15361.64,1.63,74.36,152.74,2.21
2024-02-02,,,,,,,,,,,,,,,,,,,,,,,121.2438,4.03,4.36,4.22,-0.33,-1.4,2.21,5.33,4958.61,13.85,15628.95,1.59,72.72,9.65,2.23
2024-02-03,,,,,,,,,,,,,,,,,,,,,,,,,,,,,,5.33,,,,,,27.89,
2024-02-04,,,,,,,,,,,,,,,,,,,,,,,,,,,,,,5.33,,,,,,112.03,
2024-02-05,,,,,,,,,,,,,,,,,,,,,,,121.6831,4.17,4.46,4.35,-0.29,-1.25,2.27,5.33,4942.81,13.67,15597.68,1.56,73.21,281.84,2.28
2024-02-06,,,,,,,,,,,,,,,,,,,,,,,121.3021,4.09,4.39,4.29,-0.3,-1.35,2.24,5.33,4954.23,13.06,15609.0,1.58,73.83,30.76,2.24
2024-02-07,,,,,,,,,,,,,,,,,,,,,,,121.2518,4.09,4.41,4.31,-0.32,-1.34,2.23,5.33,4995.06,12.83,15756.64,1.6,74.26,205.61,2.2
2024-02-08,,,,,,,,,,,,,,,,,,,,,,,121.4226,4.15,4.46,4.36,-0.31,-1.29,2.24,5.33,4997.91,12.79,15793.71,1.6,76.67,8.07,2.2
2024-02-09,,,,,,,,,,,,,,,,,,,,,,,121.3851,4.17,4.48,4.37,-0.31,-1.27,2.25,5.33,5026.61,12.93,15990.66,1.59,77.26,18.68,2.22
2024-02-10,,,,,,,,,,,,,,,,,,,,,,,,,,,,,,5.33,,,,,,13.28,
2024-02-11,,,,,,,,,,,,,,,,,,,,,,,,,,,,,,5.33,,,,,,275.83,
2024-02-12,,,,,,,,,,,,,,,,,,,,,,,121.2839,4.17,4.46,4.37,-0.29,-1.26,2.24,5.33,5021.84,13.93,15942.55,1.58,77.34,303.13,2.21
2024-02-13,,,,,,,,,,,,,,,,,,,,,,,121.8558,4.31,4.64,4.46,-0.33,-1.14,2.29,5.33,4953.17,15.85,15655.6,1.54,78.28,53.44,2.25
2024-02-14,,,,,,,,,,,,,,,,,,,,,,,121.7411,4.27,4.56,4.45,-0.29,-1.16,2.3,5.33,5000.62,14.38,15859.15,1.56,77.09,76.07,2.26
2024-02-15,,,,,,,,,,,,,,,,,,,,,,,121.5567,4.24,4.56,4.42,-0.32,-1.19,2.3,5.33,5029.73,14.01,15906.17,1.57,78.47,185.68,2.25
2024-02-16,,,,,,,,,,,,,,,,,,,,,,,121.4984,4.3,4.64,4.45,-0.34,-1.14,2.33,5.33,5005.57,14.24,15775.65,1.53,79.65,9.57,2.28
2024-02-17,,,,,,,,,,,,,,,,,,,,,,,,,,,,,,5.33,,,,,,27.75,
2024-02-18,,,,,,,,,,,,,,,,,,,,,,,,,,,,,,5.33,,,,,,16.56,
2024-02-19,,,,,,,,,,,,,,,,,,,,,,,,,,,,,,5.33,,14.71,,,,62.15,
2024-02-20,,,,,,,,,,,,,,,,,,,,,,,121.3769,4.27,4.59,4.44,-0.32,-1.17,2.32,5.33,4975.51,15.42,15630.78,1.56,78.72,229.63,2.27
2024-02-21,,,,,,,,,,,,,,,,,,,,,,,121.3918,4.32,4.64,4.49,-0.32,-1.12,2.34,5.33,4981.8,15.34,15580.87,1.54,78.89,292.04,2.29
2024-02-22,,,,,,,,,,,,,,,,,,,,,,,121.4589,4.33,4.69,4.47,-0.36,-1.12,2.31,5.33,5087.03,14.54,16041.62,1.49,79.64,176.15,2.25
2024-02-23,,,,,,,,,,,,,,,,,,,,,,,121.3991,4.26,4.67,4.37,-0.41,-1.2,2.3,5.33,5088.8,13.75,15996.82,1.49,77.6,9.92,2.26
2024-02-24,,,,,,,,,,,,,,,,,,,,,,,,,,,,,,5.33,,,,,,245.48,
2024-02-25,,,,,,,,,,,,,,,,,,,,,,,,,,,,,,5.33,,,,,,97.55,
2024-02-26,,,,,,,,,,,,,,,,,,,,,,,121.4197,4.28,4.69,4.4,-0.41,-1.19,2.31,5.33,5069.53,13.74,15976.25,1.53,78.53,13.35,2.26
2024-02-27,,,,,,,,,,,,,,,,,,,,,,,121.3297,4.31,4.7,4.44,-0.39,-1.14,2.32,5.33,5078.18,13.43,16035.3,1.53,79.8,205.46,2.26
2024-02-28,,,,,,,,,,,,,,,,,,,,,,,121.4886,4.27,4.64,4.4,-0.37,-1.18,2.33,5.33,5069.76,13.84,15947.74,1.55,79.44,138.93,2.28
2024-02-29,,,,,,,,,,,,,,,,,,,,,,,121.5385,4.25,4.64,4.38,-0.39,-1.2,2.33,5.33,5096.27,13.4,16091.92,1.55,79.22,57.22,2.26
2024-03-01,20901.1,17980.5,7519978.0,312.107,316.762,282.839,5.33,0.725,157517.0,3.9,62.7,17486.9,19553.2,5.2,190.86157211165437,112.76,79.92754169902783,0.174,285.463,1312.0,1476.0,0.34,121.3741,4.19,4.54,4.33,-0.35,-1.23,2.32,5.33,5137.08,13.11,16274.94,1.57,80.9,9.61,2.24
2024-03-02,,,,,,,,,,,,,,,,,,,,,,,,,,,,,,5.33,,,,,,54.65,
2024-03-03,,,,,,,,,,,,,,,,,,,,,,,,,,,,,,5.33,,,,,,16.05,
2024-03-04,,,,,,,,,,,,,,,,,,,,,,,121.2454,4.22,4.61,4.36,-0.39,-1.26,2.34,5.33,5130.95,13.49,16207.51,1.57,79.67,341.86,2.26
2024-03-05,,,,,,,,,,,,,,,,,,,,,,,121.2575,4.13,4.54,4.27,-0.41,-1.34,2.32,5.33,5078.65,14.46,15939.59,1.59,79.11,206.34,2.25
2024-03-06,,,,,,,,,,,,,,,,,,,,,,,120.8481,4.11,4.55,4.24,-0.44,-1.36,2.3,5.33,5104.76,14.5,16031.54,1.57,80.08,25.0,2.22
2024-03-07,,,,,,,,,,,,,,,,,,,,,,,120.5744,4.09,4.5,4.25,-0.41,-1.38,2.28,5.33,5157.36,14.44,16273.38,1.59,79.81,8.27,2.22
2024-03-08,,,,,,,,,,,,,,,,,,,,,,,120.3612,4.09,4.48,4.26,-0.39,-1.37,2.28,5.33,5123.69,14.74,16085.11,1.59,78.96,19.25,2.22
2024-03-09,,,,,,,,,,,,,,,,,,,,,,,,,,,,,,5.33,,,,,,26.9,
2024-03-10,,,,,,,,,,,,,,,,,,,,,,,,,,,,,,5.33,,,,,,15.69,
2024-03-11,,,,,,,,,,,,,,,,,,,,,,,120.4205,4.1,4.51,4.26,-0.41,-1.38,2.27,5.33,5117.94,15.22,16019.27,1.59,78.87,13.47,2.22
2024-03-12,,,,,,,,,,,,,,,,,,,,,,,120.5468,4.16,4.58,4.31,-0.42,-1.32,2.3,5.33,5175.27,13.84,16265.64,1.55,78.51,21.14,2.25
2024-03-13,,,,,,,,,,,,,,,,,,,,,,,120.3533,4.19,4.61,4.35,-0.42,-1.29,2.3,5.33,5165.31,13.75,16177.77,1.55,80.67,289.93,2.23
2024-03-14,,,,,,,,,,,,,,,,,,,,,,,120.6272,4.29,4.68,4.44,-0.39,-1.19,2.3,5.33,5150.48,14.4,16128.53,1.53,82.16,16.63,2.23
2024-03-15,,,,,,,,,,,,,,,,,,,,,,,120.7884,4.31,4.72,4.43,-0.41,-1.17,2.32,5.33,5117.09,14.41,15973.17,1.49,81.94,188.64,2.25
2024-03-16,,,,,,,,,,,,,,,,,,,,,,,,,,,,,,5.33,,,,,,43.36,
2024-03-17,,,,,,,,,,,,,,,,,,,,,,,,,,,,,,5.33,,,,,,32.71,
2024-03-18,,,,,,,,,,,,,,,,,,,,,,,120.9572,4.34,4.73,4.46,-0.39,-1.14,2.31,5.33,5149.42,14.33,16103.45,1.49,83.68,184.08,2.23
2024-03-19,,,,,,,,,,,,,,,,,,,,,,,121.3111,4.3,4.68,4.44,-0.38,-1.18,2.3,5.33,5178.51,13.82,16166.79,1.5,84.39,20.99,2.22
2024-03-20,,,,,,,,,,,,,,,,,,,,,,,121.3092,4.27,4.59,4.45,-0.32,-1.2,2.31,5.33,5224.62,13.04,16369.41,1.56,82.79,82.86,2.22
2024-03-21,,,,,,,,,,,,,,,,,,,,,,,121.1869,4.27,4.62,4.44,-0.35,-1.21,2.34,5.33,5241.53,12.92,16401.84,1.53,81.99,186.73,2.25
2024-03-22,,,,,,,,,,,,,,,,,,,,,,,121.5694,4.22,4.59,4.39,-0.37,-1.24,2.35,5.33,5234.18,13.06,16428.82,1.53,81.1,191.79,2.29
2024-03-23,,,,,,,,,,,,,,,,,,,,,,,,,,,,,,5.33,,,,,,57.42,
2024-03-24,,,,,,,,,,,,,,,,,,,,,,,,,,,,,,5.33,,,,,,32.59,
2024-03-25,,,,,,,,,,,,,,,,,,,,,,,121.4143,4.25,4.54,4.42,-0.29,-1.21,2.33,5.33,5218.19,13.19,16384.47,1.53,82.41,13.94,2.25
2024-03-26,,,,,,,,,,,,,,,,,,,,,,,121.4613,4.24,4.56,4.4,-0.32,-1.22,2.32,5.33,5203.58,13.24,16315.7,1.53,82.41,288.74,2.26
2024-03-27,,,,,,,,,,,,,,,,,,,,,,,121.4048,4.2,4.54,4.36,-0.34,-1.25,2.32,5.33,5248.49,12.78,16399.52,1.54,82.15,194.97,2.27
2024-03-28,,,,,,,,,,,,,,,,,,,,,,,121.4498,4.2,4.59,4.34,-0.39,-1.26,2.32,5.33,5254.35,13.01,16379.46,1.5,83.96,8.65,2.26
2024-03-29,,,,,,,,,,,,,,,,,,,,,,,121.4062,,,,,,,5.33,,,,,,51.39,
2024-03-30,,,,,,,,,,,,,,,,,,,,,,,,,,,,,,5.33,,,,,,101.1,
2024-03-31,,,,,,,,,,,,,,,,,,,,,,,,,,,,,,5.33,,,,,,16.78,
2024-04-01,20932.6,17973.8,7421419.0,313.016,317.596,283.593,5.33,0.87,157635.0,3.9,62.7,17464.9,19603.3,5.1,188.224920739656,119.9,148.00266684663876,0.173,288.138,1385.0,1459.0,0.38,121.8884,4.33,4.72,4.47,-0.39,-1.11,2.35,5.33,5243.77,13.65,16396.83,1.49,84.54,40.72,2.29
2024-04-02,,,,,,,,,,,,,,,,,,,,,,,121.6881,4.36,4.7,4.51,-0.34,-1.06,2.36,5.33,5205.81,14.61,16240.45,1.51,85.95,10.56,2.28
2024-04-03,,,,,,,,,,,,,,,,,,,,,,,121.4129,4.36,4.68,4.51,-0.32,-1.06,2.36,5.33,5211.49,14.33,16277.46,1.49,86.22,33.85,2.29
2024-04-04,,,,,,,,,,,,,,,,,,,,,,,121.1646,4.31,4.65,4.47,-0.34,-1.1,2.34,5.33,5147.21,16.35,16049.08,1.51,87.37,17.47,2.26
2024-04-05,,,,,,,,,,,,,,,,,,,,,,,121.3671,4.39,4.73,4.54,-0.34,-1.04,2.37,5.33,5204.34,16.03,16248.52,1.49,87.69,20.35,2.29
2024-04-06,,,,,,,,,,,,,,,,,,,,,,,,,,,,,,5.33,,,,,,42.57,
2024-04-07,,,,,,,,,,,,,,,,,,,,,,,,,,,,,,5.33,,,,,,65.18,
2024-04-08,,,,,,,,,,,,,,,,,,,,,,,121.1487,4.42,4.78,4.55,-0.36,-1.01,2.38,5.33,5202.39,15.19,16253.96,1.46,87.24,28.26,2.29
2024-04-09,,,,,,,,,,,,,,,,,,,,,,,121.1215,4.36,4.74,4.5,-0.38,-1.07,2.36,5.33,5209.91,14.98,16306.64,1.44,86.04,10.8,2.28
2024-04-10,,,,,,,,,,,,,,,,,,,,,,,121.9628,4.55,4.97,4.64,-0.42,-0.9,2.4,5.33,5160.64,15.8,16170.36,1.4,86.98,17.2,2.31
2024-04-11,,,,,,,,,,,,,,,,,,,,,,,122.003,4.56,4.93,4.65,-0.37,-0.89,2.4,5.33,5199.06,14.91,16442.2,1.41,85.79,169.67,2.32
2024-04-12,,,,,,,,,,,,,,,,,,,,,,,122.6566,4.5,4.88,4.61,-0.38,-0.95,2.39,5.33,5123.41,17.31,16175.09,1.45,86.46,92.48,2.31
2024-04-13,,,,,,,,,,,,,,,,,,,,,,,,,,,,,,5.33,,,,,,29.11,
2024-04-14,,,,,,,,,,,,,,,,,,,,,,,,,,,,,,5.33,,,,,,83.84,
2024-04-15,,,,,,,,,,,,,,,,,,,,,,,122.7932,4.63,4.93,4.74,-0.3,-0.82,2.43,5.33,5061.82,19.23,15885.02,1.46,86.21,55.51,2.34
2024-04-16,,,,,,,,,,,,,,,,,,,,,,,123.4732,4.67,4.97,4.77,-0.3,-0.78,2.43,5.33,5051.41,18.4,15865.25,1.46,86.15,52.76,2.34
2024-04-17,,,,,,,,,,,,,,,,,,,,,,,123.375,4.59,4.93,4.71,-0.34,-0.86,2.39,5.33,5022.21,18.21,15683.37,1.48,83.58,33.7,2.31
2024-04-18,,,,,,,,,,,,,,,,,,,,,,,123.3481,4.64,4.98,4.74,-0.34,-0.82,2.4,5.33,5011.12,18.0,15601.5,1.47,83.5,16.66,2.36
2024-04-19,,,,,,,,,,,,,,,,,,,,,,,123.4459,4.62,4.97,4.72,-0.35,-0.83,2.41,5.33,4967.23,18.71,15282.01,1.46,83.79,20.29,2.38
2024-04-20,,,,,,,,,,,,,,,,,,,,,,,,,,,,,,5.33,,,,,,58.03,
2024-04-21,,,,,,,,,,,,,,,,,,,,,,,,,,,,,,5.33,,,,,,64.83,
2024-04-22,,,,,,,,,,,,,,,,,,,,,,,123.4011,4.62,4.97,4.72,-0.35,-0.8,2.41,5.33,5010.6,16.94,15451.31,1.46,83.82,13.9,2.37
2024-04-23,,,,,,,,,,,,,,,,,,,,,,,123.0779,4.61,4.86,4.73,-0.25,-0.84,2.41,5.33,5070.55,15.69,15696.64,1.46,84.17,20.47,2.38
2024-04-24,,,,,,,,,,,,,,,,,,,,,,,123.2398,4.65,4.89,4.78,-0.24,-0.81,2.41,5.33,5071.63,15.97,15712.75,1.48,84.09,139.47,2.4
2024-04-25,,,,,,,,,,,,,,,,,,,,,,,123.1916,4.7,4.96,4.82,-0.26,-0.77,2.42,5.33,5048.42,15.37,15611.76,1.47,84.92,296.07,2.41
2024-04-26,,,,,,,,,,,,,,,,,,,,,,,123.3004,4.67,4.96,4.78,-0.29,-0.79,2.43,5.33,5099.96,15.03,15927.9,1.45,85.38,39.5,2.42
2024-04-27,,,,,,,,,,,,,,,,,,,,,,,,,,,,,,5.33,,,,,,14.14,
2024-04-28,,,,,,,,,,,,,,,,,,,,,,,,,,,,,,5.33,,,,,,48.91,
2024-04-29,,,,,,,,,,,,,,,,,,,,,,,122.9074,4.63,4.97,4.75,-0.34,-0.82,2.41,5.33,5116.17,14.67,15983.08,1.45,84.26,14.06,2.39
2024-04-30,,,,,,,,,,,,,,,,,,,,,,,123.3446,4.69,5.04,4.79,-0.35,-0.77,2.41,5.33,5035.69,15.65,15657.82,1.44,83.49,388.11,2.39
2024-05-01,20996.9,18002.6,7320808.0,313.14,318.053,283.169,5.33,1.07,157828.0,4.0,62.6,17511.1,19697.3,4.9,202.70780402675013,91.2,77.48343912268646,0.175,284.275,1316.0,1407.0,0.1,123.3776,4.63,4.96,4.74,-0.33,-0.83,2.38,5.33,5018.39,15.39,15605.48,1.43,80.7,169.47,2.37
2024-05-02,,,,,,,,,,,,,,,,,,,,,,,122.8047,4.58,4.87,4.72,-0.29,-0.88,2.37,5.33,5064.2,14.68,15840.96,1.47,80.59,16.26,2.37
2024-05-03,,,,,,,,,,,,,,,,,,,,,,,122.5056,4.5,4.81,4.66,-0.31,-0.95,2.35,5.33,5127.79,13.49,16156.33,1.49,79.65,39.01,2.35
2024-05-04,,,,,,,,,,,,,,,,,,,,,,,,,,,,,,5.33,,,,,,57.14,
2024-05-05,,,,,,,,,,,,,,,,,,,,,,,,,,,,,,5.33,,,,,,16.71,
2024-05-06,,,,,,,,,,,,,,,,,,,,,,,122.2529,4.49,4.82,4.64,-0.33,-0.96,2.35,5.33,5180.74,13.49,16349.25,1.47,80.1,53.6,2.36
2024-05-07,,,,,,,,,,,,,,,,,,,,,,,122.4588,4.47,4.82,4.61,-0.35,-0.98,2.32,5.33,5187.7,13.23,16332.56,1.45,79.97,10.22,2.32
2024-05-08,,,,,,,,,,,,,,,,,,,,,,,122.5562,4.48,4.84,4.64,-0.36,-0.97,2.31,5.33,5187.67,13.0,16302.76,1.47,80.57,8.57,2.31
2024-05-09,,,,,,,,,,,,,,,,,,,,,,,122.5322,4.45,4.8,4.6,-0.35,-1.01,2.32,5.33,5214.08,12.69,16346.26,1.48,80.86,25.37,2.3
2024-05-10,,,,,,,,,,,,,,,,,,,,,,,122.3898,4.5,4.87,4.64,-0.37,-0.97,2.34,5.33,5222.68,12.55,16340.87,1.48,79.81,10.02,2.34
2024-05-11,,,,,,,,,,,,,,,,,,,,,,,,,,,,,,5.33,,,,,,43.15,
2024-05-12,,,,,,,,,,,,,,,,,,,,,,,,,,,,,,5.33,,,,,,270.91,
2024-05-13,,,,,,,,,,,,,,,,,,,,,,,122.4068,4.48,4.85,4.63,-0.37,-0.97,2.33,5.33,5221.42,13.6,16388.24,1.48,80.71,27.71,2.33
2024-05-14,,,,,,,,,,,,,,,,,,,,,,,122.3094,4.45,4.81,4.59,-0.36,-0.99,2.33,5.33,5246.68,13.42,16511.18,1.48,79.62,32.26,2.34
2024-05-15,,,,,,,,,,,,,,,,,,,,,,,121.7471,4.36,4.73,4.52,-0.37,-1.09,2.31,5.33,5308.15,12.45,16742.39,1.49,80.23,25.31,2.33
2024-05-16,,,,,,,,,,,,,,,,,,,,,,,121.6189,4.38,4.78,4.52,-0.4,-1.07,2.31,5.33,5297.1,12.42,16698.32,1.47,80.85,25.56,2.32
2024-05-17,,,,,,,,,,,,,,,,,,,,,,,121.638,4.42,4.83,4.56,-0.41,-1.04,2.32,5.33,5303.27,11.99,16685.97,1.48,81.66,10.18,2.32
2024-05-18,,,,,,,,,,,,,,,,,,,,,,,,,,,,,,5.33,,,,,,14.51,
2024-05-19,,,,,,,,,,,,,,,,,,,,,,,,,,,,,,5.33,,,,,,68.49,
2024-05-20,,,,,,,,,,,,,,,,,,,,,,,121.6377,4.44,4.82,4.58,-0.38,-1.01,2.33,5.33,5308.13,12.15,16794.87,1.47,81.39,28.58,2.33
2024-05-21,,,,,,,,,,,,,,,,,,,,,,,121.7864,4.41,4.82,4.55,-0.41,-1.04,2.32,5.33,5321.41,11.86,16832.62,1.48,80.66,130.76,2.31
2024-05-22,,,,,,,,,,,,,,,,,,,,,,,121.9514,4.43,4.86,4.55,-0.43,-1.02,2.33,5.33,5307.01,12.29,16801.54,1.46,79.15,18.1,2.33
2024-05-23,,,,,,,,,,,,,,,,,,,,,,,122.1493,4.47,4.91,4.58,-0.44,-0.99,2.3,5.33,5267.84,12.77,16736.03,1.45,77.47,35.25,2.29
2024-05-24,,,,,,,,,,,,,,,,,,,,,,,122.0215,4.46,4.93,4.57,-0.47,-1.0,2.32,5.33,5304.72,11.93,16920.79,1.46,78.48,10.87,2.31
2024-05-25,,,,,,,,,,,,,,,,,,,,,,,,,,,,,,5.33,,,,,,30.84,
2024-05-26,,,,,,,,,,,,,,,,,,,,,,,,,,,,,,5.33,,,,,,142.74,
2024-05-27,,,,,,,,,,,,,,,,,,,,,,,,,,,,,,5.33,,12.36,,,,22.96,
2024-05-28,,,,,,,,,,,,,,,,,,,,,,,121.8382,4.54,4.94,4.66,-0.4,-0.92,2.34,5.33,5306.04,12.92,17019.88,1.45,80.9,24.92,2.35
2024-05-29,,,,,,,,,,,,,,,,,,,,,,,122.5535,4.61,4.96,4.74,-0.35,-0.85,2.36,5.33,5266.95,14.28,16920.58,1.47,80.24,56.99,2.36
2024-05-30,,,,,,,,,,,,,,,,,,,,,,,122.356,4.55,4.92,4.69,-0.37,-0.91,2.36,5.33,5235.48,14.47,16737.08,1.46,78.96,63.15,2.37
2024-05-31,,,,,,,,,,,,,,,,,,,,,,,122.4845,4.51,4.89,4.65,-0.38,-0.95,2.35,5.33,5277.51,12.92,16735.02,1.46,77.97,21.12,2.36
2024-06-01,21065.2,18038.8,7249592.0,313.131,318.343,282.793,5.33,1.05,157915.0,4.1,62.6,17515.6,19747.5,4.8,192.26423089254757,86.6,38.87652354653526,0.178,279.824,1327.0,1461.0,0.18,,,,,,,,5.33,,,,,,71.9,
2024-06-02,,,,,,,,,,,,,,,,,,,,,,,,,,,,,,5.33,,,,,,17.02,
2024-06-03,,,,,,,,,,,,,,,,,,,,,,,122.7156,4.41,4.82,4.55,-0.41,-1.11,2.33,5.33,5283.4,13.11,16828.67,1.47,75.26,44.46,2.35
2024-06-04,,,,,,,,,,,,,,,,,,,,,,,123.0715,4.33,4.77,4.48,-0.44,-1.19,2.31,5.33,5291.34,13.16,16857.05,1.49,74.27,11.87,2.34
2024-06-05,,,,,,,,,,,,,,,,,,,,,,,122.9014,4.29,4.72,4.44,-0.43,-1.22,2.3,5.33,5354.03,12.63,17187.9,1.53,75.08,27.82,2.33
2024-06-06,,,,,,,,,,,,,,,,,,,,,,,122.7416,4.28,4.72,4.43,-0.44,-1.23,2.28,5.33,5352.96,12.58,17173.12,1.5,76.52,9.15,2.31
2024-06-07,,,,,,,,,,,,,,,,,,,,,,,123.8707,4.43,4.87,4.55,-0.44,-1.09,2.3,5.33,5346.99,12.22,17133.13,1.46,76.53,11.23,2.32
2024-06-08,,,,,,,,,,,,,,,,,,,,,,,,,,,,,,5.33,,,,,,15.9,
2024-06-09,,,,,,,,,,,,,,,,,,,,,,,,,,,,,,5.33,,,,,,36.27,
2024-06-10,,,,,,,,,,,,,,,,,,,,,,,124.2232,4.47,4.87,4.59,-0.4,-1.05,2.31,5.33,5360.79,12.74,17192.53,1.46,78.75,15.21,2.35
2024-06-11,,,,,,,,,,,,,,,,,,,,,,,124.345,4.39,4.81,4.53,-0.42,-1.13,2.27,5.33,5375.32,12.85,17343.55,1.48,78.88,11.98,2.29
2024-06-12,,,,,,,,,,,,,,,,,,,,,,,124.1411,4.31,4.75,4.47,-0.44,-1.2,2.22,5.33,5421.03,12.04,17608.44,1.48,79.56,122.19,2.27
2024-06-13,,,,,,,,,,,,,,,,,,,,,,,124.3287,4.24,4.68,4.4,-0.44,-1.27,2.21,5.33,5433.74,11.94,17667.56,1.51,79.61,114.15,2.28
2024-06-14,,,,,,,,,,,,,,,,,,,,,,,124.4755,4.2,4.67,4.34,-0.47,-1.31,2.17,5.33,5431.6,12.66,17688.88,1.53,79.41,11.12,2.23
2024-06-15,,,,,,,,,,,,,,,,,,,,,,,,,,,,,,5.33,,,,,,49.19,
2024-06-16,,,,,,,,,,,,,,,,,,,,,,,,,,,,,,5.33,,,,,,54.72,
2024-06-17,,,,,,,,,,,,,,,,,,,,,,,124.5427,4.28,4.75,4.4,-0.47,-1.24,2.22,5.33,5473.23,12.75,17857.02,1.52,81.33,46.53,2.28
2024-06-18,,,,,,,,,,,,,,,,,,,,,,,124.2835,4.22,4.69,4.36,-0.47,-1.28,2.21,5.33,5487.03,12.3,17862.23,1.52,82.67,23.67,2.25
2024-06-19,,,,,,,,,,,,,,,,,,,,,,,,,,,,,,5.33,,12.48,,,,21.26,
2024-06-20,,,,,,,,,,,,,,,,,,,,,,,124.496,4.25,4.7,4.39,-0.45,-1.25,2.25,5.33,5473.17,13.28,17721.59,1.54,83.34,39.35,2.29
2024-06-21,,,,,,,,,,,,,,,,,,,,,,,124.4247,4.25,4.7,4.39,-0.45,-1.24,2.23,5.33,5464.62,13.2,17689.36,1.55,81.71,11.76,2.27
2024-06-22,,,,,,,,,,,,,,,,,,,,,,,,,,,,,,5.33,,,,,,16.91,
2024-06-23,,,,,,,,,,,,,,,,,,,,,,,,,,,,,,5.33,,,,,,18.48,
2024-06-24,,,,,,,,,,,,,,,,,,,,,,,124.0379,4.25,4.71,4.38,-0.46,-1.25,2.22,5.33,5447.87,13.33,17496.82,1.53,82.63,15.36,2.26
2024-06-25,,,,,,,,,,,,,,,,,,,,,,,124.26,4.23,4.65,4.36,-0.42,-1.26,2.22,5.33,5469.3,12.84,17717.65,1.55,81.97,23.76,2.27
2024-06-26,,,,,,,,,,,,,,,,,,,,,,,124.5696,4.32,4.71,4.45,-0.39,-1.18,2.26,5.33,5477.9,12.55,17805.16,1.55,82.19,48.78,2.32
2024-06-27,,,,,,,,,,,,,,,,,,,,,,,124.6406,4.29,4.7,4.43,-0.41,-1.2,2.26,5.33,5482.87,12.24,17858.68,1.55,83.04,9.73,2.3
2024-06-28,,,,,,,,,,,,,,,,,,,,,,,124.5172,4.36,4.71,4.51,-0.35,-1.12,2.28,5.33,5460.48,12.44,17732.6,1.55,82.83,22.77,2.32
2024-06-29,,,,,,,,,,,,,,,,,,,,,,,,,,,,,,5.33,,,,,,837.6,
2024-06-30,,,,,,,,,,,,,,,,,,,,,,,,,,,,,,5.33,,,,,,229.26,
2024-07-01,21097.7,18036.6,7207538.0,313.566,318.933,282.823,5.33,1.045,158003.0,4.2,62.7,17505.0,19866.3,4.3,240.9923849903564,144.07,77.35734422639202,0.178,278.634,1265.0,1436.0,0.36,124.7723,4.48,4.77,4.64,-0.29,-0.99,2.32,5.33,5475.09,12.22,17879.3,1.55,84.7,213.6,2.35
2024-07-02,,,,,,,,,,,,,,,,,,,,,,,124.608,4.43,4.74,4.6,-0.31,-1.04,2.3,5.33,5509.01,12.03,18028.76,1.56,84.09,108.83,2.34
2024-07-03,,,,,,,,,,,,,,,,,,,,,,,124.1096,4.36,4.71,4.53,-0.35,-1.11,2.27,5.33,5537.02,12.09,18188.3,1.53,85.19,77.21,2.31
2024-07-04,,,,,,,,,,,,,,,,,,,,,,,,,,,,,,5.33,,12.26,,,,88.61,
2024-07-05,,,,,,,,,,,,,,,,,,,,,,,123.8192,4.28,4.6,4.47,-0.32,-1.18,2.28,5.33,5567.19,12.48,18352.76,1.56,84.44,1922.1,2.34
2024-07-06,,,,,,,,,,,,,,,,,,,,,,,,,,,,,,5.33,,,,,,438.61,
2024-07-07,,,,,,,,,,,,,,,,,,,,,,,,,,,,,,5.33,,,,,,54.83,
2024-07-08,,,,,,,,,,,,,,,,,,,,,,,123.706,4.28,4.62,4.46,-0.34,-1.18,2.27,5.33,5572.85,12.37,18403.74,1.54,83.63,71.84,2.32
2024-07-09,,,,,,,,,,,,,,,,,,,,,,,123.7559,4.3,4.62,4.49,-0.32,-1.16,2.26,5.33,5576.98,12.51,18429.29,1.56,82.78,56.27,2.31
2024-07-10,,,,,,,,,,,,,,,,,,,,,,,123.5508,4.28,4.62,4.47,-0.34,-1.18,2.27,5.33,5633.91,12.85,18647.45,1.56,83.39,39.95,2.32
2024-07-11,,,,,,,,,,,,,,,,,,,,,,,123.1267,4.2,4.5,4.41,-0.3,-1.24,2.25,5.33,5584.54,12.92,18283.41,1.58,83.92,38.81,2.32
2024-07-12,,,,,,,,,,,,,,,,,,,,,,,122.8093,4.18,4.45,4.39,-0.27,-1.25,2.24,5.33,5615.35,12.46,18398.45,1.58,83.49,81.49,2.33
2024-07-13,,,,,,,,,,,,,,,,,,,,,,,,,,,,,,5.33,,,,,,192.81,
2024-07-14,,,,,,,,,,,,,,,,,,,,,,,,,,,,,,5.33,,,,,,40.02,
2024-07-15,,,,,,,,,,,,,,,,,,,,,,,123.0059,4.23,4.44,4.46,-0.21,-1.2,2.27,5.33,5631.22,13.12,18472.57,1.58,83.22,130.85,2.34
2024-07-16,,,,,,,,,,,,,,,,,,,,,,,123.1024,4.17,4.43,4.38,-0.26,-1.26,2.26,5.33,5667.2,13.19,18509.34,1.56,81.92,36.32,2.32
2024-07-17,,,,,,,,,,,,,,,,,,,,,,,122.892,4.16,4.42,4.37,-0.26,-1.27,2.26,5.33,5588.27,14.48,17996.92,1.56,84.16,101.83,2.33
2024-07-18,,,,,,,,,,,,,,,,,,,,,,,123.1548,4.2,4.46,4.41,-0.26,-1.23,2.31,5.33,5544.59,15.93,17871.22,1.57,84.17,32.98,2.43
2024-07-19,,,,,,,,,,,,,,,,,,,,,,,123.5033,4.25,4.49,4.45,-0.24,-1.18,2.32,5.33,5505.0,16.52,17726.94,1.57,81.43,49.91,2.46
2024-07-20,,,,,,,,,,,,,,,,,,,,,,,,,,,,,,5.33,,,,,,62.35,
2024-07-21,,,,,,,,,,,,,,,,,,,,,,,,,,,,,,5.33,,,,,,261.61,
2024-07-22,,,,,,,,,,,,,,,,,,,,,,,123.5735,4.26,4.5,4.48,-0.24,-1.17,2.3,5.33,5564.41,14.91,18007.57,1.58,81.25,56.35,2.42
2024-07-23,,,,,,,,,,,,,,,,,,,,,,,123.7296,4.25,4.4,4.48,-0.15,-1.16,2.29,5.33,5555.74,14.72,17997.35,1.59,78.24,89.78,2.41
2024-07-24,,,,,,,,,,,,,,,,,,,,,,,123.8784,4.28,4.37,4.54,-0.09,-1.12,2.28,5.33,5427.13,18.04,17342.41,1.65,78.78,25.98,2.43
2024-07-25,,,,,,,,,,,,,,,,,,,,,,,123.8341,4.27,4.41,4.5,-0.14,-1.12,2.28,5.33,5399.22,18.46,17181.72,1.62,79.43,72.98,2.43
2024-07-26,,,,,,,,,,,,,,,,,,,,,,,123.9862,4.2,4.36,4.45,-0.16,-1.18,2.27,5.33,5459.1,16.39,17357.88,1.65,78.58,35.77,2.41
2024-07-27,,,,,,,,,,,,,,,,,,,,,,,,,,,,,,5.33,,,,,,51.21,
2024-07-28,,,,,,,,,,,,,,,,,,,,,,,,,,,,,,5.33,,,,,,38.09,
2024-07-29,,,,,,,,,,,,,,,,,,,,,,,124.4412,4.17,4.36,4.42,-0.19,-1.24,2.25,5.33,5463.54,16.6,17370.2,1.66,77.27,47.42,2.37
2024-07-30,,,,,,,,,,,,,,,,,,,,,,,124.576,4.15,4.35,4.4,-0.2,-1.25,2.25,5.33,5436.44,17.69,17147.42,1.65,76.17,36.15,2.38
2024-07-31,,,,,,,,,,,,,,,,,,,,,,,123.9223,4.09,4.29,4.35,-0.2,-1.32,2.24,5.33,5522.3,16.36,17599.4,1.68,79.36,9.92,2.35
2024-08-01,21185.1,18090.9,7154034.0,314.131,319.839,282.845,5.33,0.89,158074.0,4.2,62.7,17494.6,19905.0,4.2,209.04558847621772,104.59,116.40404612317292,0.177,275.863,1391.0,1476.0,0.16,124.1551,3.99,4.16,4.27,-0.17,-1.38,2.2,5.33,5446.68,18.59,17194.15,1.71,77.74,18.81,2.34
2024-08-02,,,,,,,,,,,,,,,,,,,,,,,123.7169,3.8,3.88,4.11,-0.08,-1.49,2.04,5.33,5346.56,23.39,16776.16,1.8,74.99,78.91,2.19
2024-08-03,,,,,,,,,,,,,,,,,,,,,,,,,,,,,,5.33,,,,,,16.2,
2024-08-04,,,,,,,,,,,,,,,,,,,,,,,,,,,,,,5.33,,,,,,90.34,
2024-08-05,,,,,,,,,,,,,,,,,,,,,,,123.7919,3.78,3.89,4.06,-0.11,-1.57,2.07,5.33,5186.33,38.57,16200.08,1.85,74.46,662.21,2.23
2024-08-06,,,,,,,,,,,,,,,,,,,,,,,123.8794,3.9,3.99,4.18,-0.09,-1.44,2.12,5.33,5240.03,27.71,16366.85,1.78,74.6,427.05,2.28
2024-08-07,,,,,,,,,,,,,,,,,,,,,,,123.8126,3.96,4.0,4.26,-0.04,-1.38,2.11,5.33,5199.5,27.85,16195.81,1.8,76.68,30.0,2.25
2024-08-08,,,,,,,,,,,,,,,,,,,,,,,123.6961,3.99,4.04,4.28,-0.05,-1.35,2.12,5.33,5319.31,23.79,16660.02,1.78,77.64,19.52,2.26
2024-08-09,,,,,,,,,,,,,,,,,,,,,,,123.1964,3.94,4.05,4.23,-0.11,-1.39,2.1,5.33,5344.16,20.37,16745.3,1.77,78.28,57.52,2.24
2024-08-10,,,,,,,,,,,,,,,,,,,,,,,,,,,,,,5.33,,,,,,75.77,
2024-08-11,,,,,,,,,,,,,,,,,,,,,,,,,,,,,,5.33,,,,,,275.18,
2024-08-12,,,,,,,,,,,,,,,,,,,,,,,123.4942,3.9,4.01,4.19,-0.11,-1.43,2.11,5.33,5344.39,20.71,16780.61,1.78,81.45,123.49,2.24
2024-08-13,,,,,,,,,,,,,,,,,,,,,,,123.2819,3.85,3.93,4.16,-0.08,-1.47,2.09,5.33,5434.43,18.12,17187.61,1.8,79.81,170.92,2.22
2024-08-14,,,,,,,,,,,,,,,,,,,,,,,122.7057,3.83,3.94,4.12,-0.11,-1.49,2.06,5.33,5455.21,16.19,17192.6,1.74,78.47,86.26,2.19
2024-08-15,,,,,,,,,,,,,,,,,,,,,,,122.8791,3.92,4.08,4.18,-0.16,-1.42,2.12,5.33,5543.22,15.23,17594.5,1.68,79.66,383.63,2.25
2024-08-16,,,,,,,,,,,,,,,,,,,,,,,122.6944,3.89,4.06,4.15,-0.17,-1.44,2.08,5.33,5554.25,14.8,17631.72,1.69,78.05,136.48,2.19
2024-08-17,,,,,,,,,,,,,,,,,,,,,,,,,,,,,,5.33,,,,,,32.54,
2024-08-18,,,,,,,,,,,,,,,,,,,,,,,,,,,,,,5.33,,,,,,125.65,
2024-08-19,,,,,,,,,,,,,,,,,,,,,,,122.1762,3.86,4.06,4.11,-0.2,-1.45,2.07,5.33,5608.25,14.65,17876.77,1.68,75.82,170.46,2.2
2024-08-20,,,,,,,,,,,,,,,,,,,,,,,122.0677,3.82,3.99,4.07,-0.17,-1.47,2.07,5.33,5597.12,15.88,17816.94,1.69,75.27,225.7,2.19
2024-08-21,,,,,,,,,,,,,,,,,,,,,,,122.1407,3.79,3.92,4.06,-0.13,-1.47,2.07,5.33,5620.85,16.27,17918.99,1.69,72.76,28.75,2.2
2024-08-22,,,,,,,,,,,,,,,,,,,,,,,122.6371,3.86,3.99,4.13,-0.13,-1.42,2.1,5.33,5570.64,17.55,17619.35,1.7,73.72,36.6,2.24
2024-08-23,,,,,,,,,,,,,,,,,,,,,,,121.7525,3.81,3.9,4.1,-0.09,-1.44,2.13,5.33,5634.61,15.86,17877.79,1.7,75.82,32.24,2.25
2024-08-24,,,,,,,,,,,,,,,,,,,,,,,,,,,,,,5.33,,,,,,47.29,
2024-08-25,,,,,,,,,,,,,,,,,,,,,,,,,,,,,,5.33,,,,,,70.16,
2024-08-26,,,,,,,,,,,,,,,,,,,,,,,121.9678,3.82,3.91,4.11,-0.09,-1.42,2.15,5.33,5616.84,16.15,17725.76,1.7,78.4,30.41,2.28
2024-08-27,,,,,,,,,,,,,,,,,,,,,,,122.1318,3.83,3.83,4.13,0.0,-1.4,2.15,5.33,5625.8,15.43,17754.82,1.71,76.5,11.71,2.28
2024-08-28,,,,,,,,,,,,,,,,,,,,,,,122.1586,3.84,3.83,4.13,0.01,-1.37,2.15,5.33,5592.18,17.11,17556.03,1.71,75.49,9.35,2.31
2024-08-29,,,,,,,,,,,,,,,,,,,,,,,122.4706,3.87,3.87,4.15,0.0,-1.35,2.16,5.33,5591.96,15.65,17516.43,1.69,76.9,8.97,2.31
2024-08-30,,,,,,,,,,,,,,,,,,,,,,,122.5582,3.91,3.91,4.2,0.0,-1.3,2.15,5.33,5648.4,15.0,17713.62,1.69,74.52,117.23,2.29
2024-08-31,,,,,,,,,,,,,,,,,,,,,,,,,,,,,,5.33,,,,,,14.48,
2024-09-01,21271.8,18156.6,7104191.0,314.851,320.835,283.433,5.13,0.855,158314.0,4.1,62.7,17519.6,20044.1,3.8,219.56714648833545,100.9,116.13247715644324,0.178,273.238,1357.0,1434.0,0.26,,,,,,,,5.33,,,,,,17.24,
2024-09-02,,,,,,,,,,,,,,,,,,,,,,,,,,,,,,5.33,,15.55,,,,44.46,
2024-09-03,,,,,,,,,,,,,,,,,,,,,,,123.0052,3.84,3.88,4.13,-0.04,-1.35,2.11,5.33,5528.93,20.72,17136.3,1.73,71.28,49.62,2.27
2024-09-04,,,,,,,,,,,,,,,,,,,,,,,122.7434,3.77,3.76,4.06,0.01,-1.41,2.07,5.33,5520.07,21.32,17084.3,1.73,70.11,121.73,2.24
2024-09-05,,,,,,,,,,,,,,,,,,,,,,,122.6747,3.73,3.75,4.02,-0.02,-1.42,2.03,5.33,5503.41,19.9,17127.66,1.73,70.09,80.97,2.19
2024-09-06,,,,,,,,,,,,,,,,,,,,,,,122.7145,3.72,3.66,4.03,0.06,-1.41,2.03,5.33,5408.42,22.38,16690.83,1.73,68.58,52.0,2.2
2024-09-07,,,,,,,,,,,,,,,,,,,,,,,,,,,,,,5.33,,,,,,27.49,
2024-09-08,,,,,,,,,,,,,,,,,,,,,,,,,,,,,,5.33,,,,,,51.07,
2024-09-09,,,,,,,,,,,,,,,,,,,,,,,122.9408,3.7,3.68,4.0,0.02,-1.41,2.04,5.33,5471.05,19.45,16884.6,1.73,69.65,29.18,2.2
2024-09-10,,,,,,,,,,,,,,,,,,,,,,,123.2266,3.65,3.59,3.97,0.06,-1.41,2.02,5.33,5495.52,19.08,17025.88,1.74,66.73,44.24,2.18
2024-09-11,,,,,,,,,,,,,,,,,,,,,,,123.0007,3.65,3.62,3.96,0.03,-1.45,2.04,5.33,5554.13,17.69,17395.53,1.75,68.25,9.07,2.18
2024-09-12,,,,,,,,,,,,,,,,,,,,,,,122.684,3.68,3.64,4.0,0.04,-1.38,2.05,5.33,5595.76,17.07,17569.68,1.74,69.89,27.09,2.17
2024-09-13,,,,,,,,,,,,,,,,,,,,,,,121.9128,3.66,3.57,3.98,0.09,-1.31,2.08,5.33,5626.02,16.56,17683.98,1.72,69.59,50.79,2.21
2024-09-14,,,,,,,,,,,,,,,,,,,,,,,,,,,,,,5.33,,,,,,27.27,
2024-09-15,,,,,,,,,,,,,,,,,,,,,,,,,,,,,,5.33,,,,,,33.5,
2024-09-16,,,,,,,,,,,,,,,,,,,,,,,121.7684,3.63,3.56,3.94,0.07,-1.33,2.09,5.33,5633.09,17.14,17592.13,1.7,71.1,14.11,2.24
2024-09-17,,,,,,,,,,,,,,,,,,,,,,,121.8724,3.65,3.59,3.96,0.06,-1.3,2.12,5.33,5634.58,17.61,17628.06,1.68,72.16,33.48,2.27
2024-09-18,,,,,,,,,,,,,,,,,,,,,,,121.8295,3.7,3.61,4.03,0.09,-1.14,2.12,5.33,5618.26,18.23,17573.3,1.67,71.87,150.83,2.26
2024-09-19,,,,,,,,,,,,,,,,,,,,,,,121.5773,3.73,3.59,4.06,0.14,-1.07,2.17,4.83,5713.64,16.33,18013.98,1.67,72.86,130.65,2.3
2024-09-20,,,,,,,,,,,,,,,,,,,,,,,121.6673,3.73,3.55,4.07,0.18,-1.02,2.15,4.83,5702.55,16.15,17948.32,1.67,72.72,10.25,2.28
2024-09-21,,,,,,,,,,,,,,,,,,,,,,,,,,,,,,4.83,,,,,,40.57,
2024-09-22,,,,,,,,,,,,,,,,,,,,,,,,,,,,,,4.83,,,,,,16.49,
2024-09-23,,,,,,,,,,,,,,,,,,,,,,,121.687,3.75,3.57,4.09,0.18,-0.97,2.17,4.83,5718.57,15.89,17974.27,1.65,71.33,89.14,2.3
2024-09-24,,,,,,,,,,,,,,,,,,,,,,,121.3868,3.74,3.49,4.09,0.25,-0.95,2.19,4.83,5732.93,15.39,18074.52,1.66,72.34,22.37,2.32
2024-09-25,,,,,,,,,,,,,,,,,,,,,,,121.6868,3.79,3.53,4.14,0.26,-0.9,2.18,4.83,5722.26,15.41,18082.21,1.65,70.42,27.27,2.3
2024-09-26,,,,,,,,,,,,,,,,,,,,,,,121.3274,3.79,3.6,4.12,0.19,-0.89,2.16,4.83,5745.37,15.37,18190.29,1.65,68.28,26.93,2.29
2024-09-27,,,,,,,,,,,,,,,,,,,,,,,121.356,3.75,3.55,4.1,0.2,-0.93,2.15,4.83,5738.17,16.96,18119.59,1.66,68.72,41.31,2.27
2024-09-28,,,,,,,,,,,,,,,,,,,,,,,,,,,,,,4.83,,,,,,27.84,
2024-09-29,,,,,,,,,,,,,,,,,,,,,,,,,,,,,,4.83,,,,,,49.35,
2024-09-30,,,,,,,,,,,,,,,,,,,,,,,121.5298,3.81,3.66,4.14,0.15,-0.92,2.18,4.83,5762.48,16.73,18189.17,1.63,68.75,58.13,2.29
2024-10-01,21323.3,18214.9,7035189.0,315.564,321.688,283.806,4.83,0.935,158358.0,4.1,62.5,17586.3,20123.2,4.1,230.15303575250695,117.27,81.56482125028107,0.177,272.629,1352.0,1428.0,0.2,121.9152,3.74,3.61,4.08,0.13,-0.97,2.19,4.83,5708.75,19.26,17910.36,1.65,70.41,121.35,2.31
2024-10-02,,,,,,,,,,,,,,,,,,,,,,,121.8154,3.79,3.63,4.14,0.16,-0.9,2.21,4.83,5709.54,18.9,17925.12,1.64,70.74,64.6,2.32
2024-10-03,,,,,,,,,,,,,,,,,,,,,,,122.3469,3.85,3.7,4.18,0.15,-0.83,2.21,4.83,5699.94,20.49,17918.48,1.62,74.33,45.74,2.31
2024-10-04,,,,,,,,,,,,,,,,,,,,,,,122.4533,3.98,3.93,4.26,0.05,-0.75,2.23,4.83,5751.07,19.21,18137.85,1.57,74.93,545.77,2.32
2024-10-05,,,,,,,,,,,,,,,,,,,,,,,,,,,,,,4.83,,,,,,43.53,
2024-10-06,,,,,,,,,,,,,,,,,,,,,,,,,,,,,,4.83,,,,,,169.26,
2024-10-07,,,,,,,,,,,,,,,,,,,,,,,122.6545,4.03,3.99,4.3,0.04,-0.74,2.27,4.83,5695.94,22.64,17923.9,1.54,77.76,98.69,2.37
2024-10-08,,,,,,,,,,,,,,,,,,,,,,,122.9111,4.04,3.98,4.32,0.06,-0.71,2.27,4.83,5751.13,21.42,18182.92,1.55,74.26,34.5,2.37
2024-10-09,,,,,,,,,,,,,,,,,,,,,,,123.1373,4.06,3.99,4.34,0.07,-0.69,2.29,4.83,5792.04,20.86,18291.62,1.54,73.85,8.94,2.37
2024-10-10,,,,,,,,,,,,,,,,,,,,,,,123.3431,4.09,3.98,4.38,0.11,-0.66,2.33,4.83,5780.05,20.93,18282.05,1.54,76.46,18.13,2.4
2024-10-11,,,,,,,,,,,,,,,,,,,,,,,123.2275,4.08,3.95,4.39,0.13,-0.65,2.33,4.83,5815.03,20.46,18342.94,1.54,76.11,20.92,2.41
2024-10-12,,,,,,,,,,,,,,,,,,,,,,,,,,,,,,4.83,,,,,,43.85,
2024-10-13,,,,,,,,,,,,,,,,,,,,,,,,,,,,,,4.83,,,,,,84.3,
2024-10-14,,,,,,,,,,,,,,,,,,,,,,,,,,,,,,4.83,5859.85,19.7,18502.69,,,44.79,
2024-10-15,,,,,,,,,,,,,,,,,,,,,,,123.773,4.03,3.95,4.32,0.08,-0.7,2.28,4.83,5815.26,20.64,18315.59,1.53,71.22,10.84,2.34
2024-10-16,,,,,,,,,,,,,,,,,,,,,,,124.1606,4.02,3.93,4.3,0.09,-0.7,2.27,4.83,5842.47,19.58,18367.08,1.51,70.97,8.72,2.35
2024-10-17,,,,,,,,,,,,,,,,,,,,,,,124.3466,4.09,3.96,4.39,0.13,-0.65,2.3,4.83,5841.47,19.11,18373.61,1.53,71.26,25.83,2.38
2024-10-18,,,,,,,,,,,,,,,,,,,,,,,124.1511,4.08,3.95,4.38,0.13,-0.65,2.31,4.83,5864.67,18.03,18489.55,1.53,69.78,10.23,2.39
2024-10-19,,,,,,,,,,,,,,,,,,,,,,,,,,,,,,4.83,,,,,,55.0,
2024-10-20,,,,,,,,,,,,,,,,,,,,,,,,,,,,,,4.83,,,,,,15.93,
2024-10-21,,,,,,,,,,,,,,,,,,,,,,,124.7004,4.19,4.02,4.49,0.17,-0.54,2.31,4.83,5853.98,18.37,18540.0,1.54,71.16,42.98,2.39
2024-10-22,,,,,,,,,,,,,,,,,,,,,,,124.6396,4.2,4.03,4.49,0.17,-0.52,2.33,4.83,5851.2,18.2,18573.13,1.55,72.84,500.38,2.41
2024-10-23,,,,,,,,,,,,,,,,,,,,,,,124.9181,4.24,4.07,4.51,0.17,-0.49,2.31,4.83,5797.42,19.24,18276.65,1.54,71.37,62.48,2.39
2024-10-24,,,,,,,,,,,,,,,,,,,,,,,124.743,4.21,4.07,4.47,0.14,-0.49,2.3,4.83,5809.86,19.08,18415.49,1.52,70.58,26.52,2.27
2024-10-25,,,,,,,,,,,,,,,,,,,,,,,124.8418,4.25,4.11,4.51,0.14,-0.48,2.29,4.83,5808.12,20.33,18518.61,1.51,72.02,49.91,2.26
2024-10-26,,,,,,,,,,,,,,,,,,,,,,,,,,,,,,4.83,,,,,,535.45,
2024-10-27,,,,,,,,,,,,,,,,,,,,,,,,,,,,,,4.83,,,,,,127.2,
2024-10-28,,,,,,,,,,,,,,,,,,,,,,,125.0385,4.28,4.12,4.53,0.16,-0.42,2.29,4.83,5823.52,19.8,18567.19,1.51,67.65,28.38,2.27
2024-10-29,,,,,,,,,,,,,,,,,,,,,,,125.0952,4.28,4.11,4.52,0.17,-0.42,2.3,4.83,5832.92,19.34,18712.75,1.49,67.48,55.62,2.27
2024-10-30,,,,,,,,,,,,,,,,,,,,,,,125.0444,4.29,4.15,4.49,0.14,-0.38,2.34,4.83,5813.67,20.35,18607.93,1.44,68.91,79.28,2.31
2024-10-31,,,,,,,,,,,,,,,,,,,,,,,125.0247,4.28,4.16,4.47,0.12,-0.36,2.33,4.83,5705.45,23.16,18095.15,1.46,69.58,105.97,2.28
2024-11-01,21424.0,18327.6,6947570.0,316.449,322.619,284.507,4.64,1.05,158619.0,4.2,62.5,17618.0,20235.1,3.9,326.4840864605772,232.69,215.1240278281063,0.176,272.863,1295.0,1508.0,0.2,125.0403,4.37,4.21,4.57,0.16,-0.24,2.33,4.83,5728.8,21.88,18239.92,1.46,69.81,40.71,2.29
2024-11-02,,,,,,,,,,,,,,,,,,,,,,,,,,,,,,4.83,,,,,,96.71,
2024-11-03,,,,,,,,,,,,,,,,,,,,,,,,,,,,,,4.83,,,,,,208.07,
2024-11-04,,,,,,,,,,,,,,,,,,,,,,,124.8168,4.31,4.17,4.5,0.14,-0.34,2.28,4.83,5712.69,21.98,18179.98,1.46,71.83,27.66,2.24
2024-11-05,,,,,,,,,,,,,,,,,,,,,,,124.7803,4.26,4.19,4.44,0.07,-0.38,2.27,4.83,5782.76,20.49,18439.17,1.45,72.26,92.29,2.22
2024-11-06,,,,,,,,,,,,,,,,,,,,,,,125.9311,4.42,4.27,4.6,0.15,-0.22,2.38,4.83,5929.04,16.27,18983.47,1.4,71.98,69.64,2.3
2024-11-07,,,,,,,,,,,,,,,,,,,,,,,125.016,4.31,4.21,4.52,0.1,-0.32,2.33,4.83,5973.1,15.2,19269.46,1.44,72.69,348.68,2.26
2024-11-08,,,,,,,,,,,,,,,,,,,,,,,125.8066,4.3,4.26,4.47,0.04,-0.33,2.35,4.58,5995.54,14.94,19286.78,1.38,70.69,40.48,2.27
2024-11-09,,,,,,,,,,,,,,,,,,,,,,,,,,,,,,4.58,,,,,,68.47,
2024-11-10,,,,,,,,,,,,,,,,,,,,,,,,,,,,,,4.58,,,,,,181.73,
2024-11-11,,,,,,,,,,,,,,,,,,,,,,,,,,,,,,4.58,6001.35,14.97,19298.76,,,57.14,
2024-11-12,,,,,,,,,,,,,,,,,,,,,,,126.987,4.43,4.34,4.58,0.09,-0.2,2.35,4.58,5983.99,14.71,19281.4,1.36,68.43,323.72,2.27
2024-11-13,,,,,,,,,,,,,,,,,,,,,,,127.1591,4.44,4.27,4.63,0.17,-0.16,2.35,4.58,5985.38,14.02,19230.73,1.41,68.76,205.78,2.28
2024-11-14,,,,,,,,,,,,,,,,,,,,,,,127.2123,4.43,4.34,4.58,0.09,-0.18,2.33,4.58,5949.17,14.31,19107.65,1.39,68.99,124.71,2.26
2024-11-15,,,,,,,,,,,,,,,,,,,,,,,127.1021,4.43,4.31,4.6,0.12,-0.17,2.33,4.58,5870.62,16.14,18680.12,1.41,67.33,132.77,2.27
2024-11-16,,,,,,,,,,,,,,,,,,,,,,,,,,,,,,4.58,,,,,,159.45,
2024-11-17,,,,,,,,,,,,,,,,,,,,,,,,,,,,,,4.58,,,,,,280.26,
2024-11-18,,,,,,,,,,,,,,,,,,,,,,,126.8336,4.42,4.29,4.61,0.13,-0.21,2.34,4.58,5893.62,15.58,18791.81,1.42,69.46,419.34,2.27
2024-11-19,,,,,,,,,,,,,,,,,,,,,,,126.6361,4.39,4.27,4.57,0.12,-0.23,2.34,4.58,5916.98,16.35,18987.47,1.42,69.75,191.06,2.27
2024-11-20,,,,,,,,,,,,,,,,,,,,,,,127.1023,4.41,4.31,4.59,0.1,-0.21,2.35,4.58,5917.11,17.16,18966.14,1.43,69.25,52.07,2.27
2024-11-21,,,,,,,,,,,,,,,,,,,,,,,127.3063,4.43,4.34,4.61,0.09,-0.2,2.34,4.58,5948.71,16.87,18972.42,1.43,70.39,35.53,2.26
2024-11-22,,,,,,,,,,,,,,,,,,,,,,,127.6683,4.41,4.37,4.6,0.04,-0.22,2.34,4.58,5969.34,15.24,19003.65,1.43,71.68,162.46,2.25
2024-11-23,,,,,,,,,,,,,,,,,,,,,,,,,,,,,,4.58,,,,,,28.99,
2024-11-24,,,,,,,,,,,,,,,,,,,,,,,,,,,,,,4.58,,,,,,128.3,
2024-11-25,,,,,,,,,,,,,,,,,,,,,,,127.211,4.27,4.21,4.45,0.06,-0.35,2.29,4.58,5987.37,14.6,19054.83,1.42,69.41,25.6,2.23
2024-11-26,,,,,,,,,,,,,,,,,,,,,,,127.6435,4.3,4.21,4.48,0.09,-0.31,2.28,4.58,6021.63,14.1,19175.58,1.43,69.05,21.9,2.23
2024-11-27,,,,,,,,,,,,,,,,,,,,,,,127.0601,4.25,4.19,4.44,0.06,-0.35,2.26,4.58,5998.74,14.1,19060.48,1.43,69.03,15.77,2.2
2024-11-28,,,,,,,,,,,,,,,,,,,,,,,,,,,,,,4.58,,13.9,,,,13.78,
2024-11-29,,,,,,,,,,,,,,,,,,,,,,,126.8114,4.18,4.13,4.36,0.05,-0.4,2.26,4.58,6032.38,13.51,19218.17,1.44,68.26,12.4,2.19
2024-11-30,,,,,,,,,,,,,,,,,,,,,,,,,,,,,,4.58,,,,,,61.57,
2024-12-01,21441.8,18358.8,6892152.0,317.603,323.296,285.695,4.48,1.09,158942.0,4.1,62.5,17638.6,20408.1,3.5,362.8140251773079,184.92,155.29582480476998,0.176,279.455,1514.0,1480.0,0.06,,,,,,,,4.58,,,,,,16.76,
2024-12-02,,,,,,,,,,,,,,,,,,,,,,,127.3499,4.19,4.17,4.36,0.02,-0.32,2.26,4.58,6047.15,13.34,19403.95,1.41,68.35,29.51,2.19
2024-12-03,,,,,,,,,,,,,,,,,,,,,,,127.1983,4.23,4.17,4.4,0.06,-0.26,2.28,4.58,6049.88,13.3,19480.91,1.4,70.15,22.0,2.2
2024-12-04,,,,,,,,,,,,,,,,,,,,,,,126.9956,4.19,4.13,4.35,0.06,-0.28,2.29,4.58,6086.49,13.45,19735.12,1.39,68.81,50.95,2.21
2024-12-05,,,,,,,,,,,,,,,,,,,,,,,126.6638,4.17,4.15,4.33,0.02,-0.29,2.25,4.58,6075.11,13.54,19700.72,1.4,68.58,35.27,2.15
2024-12-06,,,,,,,,,,,,,,,,,,,,,,,126.9271,4.15,4.1,4.34,0.05,-0.27,2.24,4.58,6090.27,12.77,19859.77,1.42,68.58,615.4,2.17
2024-12-07,,,,,,,,,,,,,,,,,,,,,,,,,,,,,,4.58,,,,,,43.62,
2024-12-08,,,,,,,,,,,,,,,,,,,,,,,,,,,,,,4.58,,,,,,47.66,
2024-12-09,,,,,,,,,,,,,,,,,,,,,,,126.8394,4.2,4.13,4.39,0.07,-0.22,2.27,4.58,6052.85,14.19,19736.69,1.42,68.65,14.27,2.21
2024-12-10,,,,,,,,,,,,,,,,,,,,,,,127.1884,4.22,4.15,4.41,0.07,-0.19,2.29,4.58,6034.91,14.18,19687.24,1.41,68.85,229.33,2.24
2024-12-11,,,,,,,,,,,,,,,,,,,,,,,127.095,4.26,4.15,4.48,0.11,-0.12,2.3,4.58,6084.19,13.58,20034.89,1.42,70.57,37.82,2.22
2024-12-12,,,,,,,,,,,,,,,,,,,,,,,127.2039,4.32,4.18,4.55,0.14,-0.03,2.32,4.58,6051.25,13.92,19902.84,1.44,70.25,45.74,2.25
2024-12-13,,,,,,,,,,,,,,,,,,,,,,,127.5569,4.4,4.25,4.61,0.15,0.06,2.33,4.58,6051.09,13.81,19926.72,1.42,71.54,95.64,2.26
2024-12-14,,,,,,,,,,,,,,,,,,,,,,,,,,,,,,4.58,,,,,,106.02,
2024-12-15,,,,,,,,,,,,,,,,,,,,,,,,,,,,,,4.58,,,,,,164.85,
2024-12-16,,,,,,,,,,,,,,,,,,,,,,,127.5235,4.39,4.25,4.6,0.14,0.02,2.32,4.58,6074.08,14.69,20173.89,1.42,71.03,13.31,2.26
2024-12-17,,,,,,,,,,,,,,,,,,,,,,,127.7565,4.4,4.25,4.59,0.15,0.02,2.31,4.58,6050.61,15.87,20109.06,1.39,70.31,76.08,2.26
2024-12-18,,,,,,,,,,,,,,,,,,,,,,,127.8936,4.5,4.35,4.65,0.15,0.14,2.32,4.58,5872.16,27.62,19392.69,1.37,70.8,113.41,2.26
2024-12-19,,,,,,,,,,,,,,,,,,,,,,,128.8598,4.57,4.32,4.74,0.25,0.22,2.29,4.33,5867.08,24.09,19372.77,1.4,70.1,119.6,2.23
2024-12-20,,,,,,,,,,,,,,,,,,,,,,,128.1411,4.52,4.3,4.72,0.22,0.18,2.29,4.33,5930.85,18.36,19572.6,1.43,69.71,30.3,2.24
2024-12-21,,,,,,,,,,,,,,,,,,,,,,,,,,,,,,4.33,,,,,,45.75,
2024-12-22,,,,,,,,,,,,,,,,,,,,,,,,,,,,,,4.33,,,,,,120.92,
2024-12-23,,,,,,,,,,,,,,,,,,,,,,,128.5356,4.59,4.3,4.78,0.29,0.23,2.32,4.33,5974.07,16.78,19764.89,1.42,69.5,14.04,2.26
2024-12-24,,,,,,,,,,,,,,,,,,,,,,,128.5651,4.59,4.29,4.76,0.3,0.19,2.35,4.33,6040.04,14.27,20031.13,1.39,70.87,42.26,2.31
2024-12-25,,,,,,,,,,,,,,,,,,,,,,,,,,,,,,4.33,,,,,,20.04,
2024-12-26,,,,,,,,,,,,,,,,,,,,,,,128.5679,4.58,4.3,4.76,0.28,0.23,2.35,4.33,6037.59,14.73,20020.36,1.4,70.38,24.82,2.31
2024-12-27,,,,,,,,,,,,,,,,,,,,,,,128.6972,4.62,4.31,4.82,0.31,0.31,2.34,4.33,5970.84,15.95,19722.03,1.4,71.28,62.24,2.3
2024-12-28,,,,,,,,,,,,,,,,,,,,,,,,,,,,,,4.33,,,,,,34.27,
2024-12-29,,,,,,,,,,,,,,,,,,,,,,,,,,,,,,4.33,,,,,,67.82,
2024-12-30,,,,,,,,,,,,,,,,,,,,,,,129.0474,4.55,4.24,4.77,0.31,0.18,2.31,4.33,5906.94,17.4,19486.78,1.43,71.73,78.97,2.27
2024-12-31,,,,,,,,,,,,,,,,,,,,,,,129.488,4.58,4.25,4.78,0.33,0.21,2.34,4.33,5881.63,17.35,19310.79,1.42,72.44,39.18,2.3
2025-01-01,21520.0,18444.3,6838012.0,319.086,324.739,287.136,4.33,1.245,159053.0,4.0,62.6,17655.7,20389.0,4.1,365.0252081263756,252.38,222.1252725296792,0.179,282.481,1358.0,1460.0,0.14,,,,,,,,4.33,,,,,,116.53,
2025-01-02,,,,,,,,,,,,,,,,,,,,,,,129.6666,4.57,4.25,4.79,0.32,0.21,2.34,4.33,5868.55,17.93,19280.79,1.45,73.79,21.56,2.27
2025-01-03,,,,,,,,,,,,,,,,,,,,,,,129.6721,4.6,4.28,4.82,0.32,0.26,2.34,4.33,5942.47,16.13,19621.68,1.44,74.64,90.16,2.28
2025-01-04,,,,,,,,,,,,,,,,,,,,,,,,,,,,,,4.33,,,,,,90.94,
2025-01-05,,,,,,,,,,,,,,,,,,,,,,,,,,,,,,4.33,,,,,,51.71,
2025-01-06,,,,,,,,,,,,,,,,,,,,,,,128.7878,4.62,4.28,4.85,0.34,0.27,2.34,4.33,5975.38,16.04,19864.98,1.44,74.31,28.47,2.28
2025-01-07,,,,,,,,,,,,,,,,,,,,,,,128.8574,4.67,4.3,4.91,0.37,0.32,2.38,4.33,5909.03,17.82,19489.68,1.47,74.99,58.05,2.32
2025-01-08,,,,,,,,,,,,,,,,,,,,,,,129.3038,4.67,4.28,4.91,0.39,0.32,2.4,4.33,5918.25,17.7,19478.88,1.48,73.99,28.3,2.33
2025-01-09,,,,,,,,,,,,,,,,,,,,,,,129.4927,4.68,4.27,4.92,0.41,0.33,2.39,4.33,,18.07,,1.46,,104.1,2.32
2025-01-10,,,,,,,,,,,,,,,,,,,,,,,130.0513,4.77,4.4,4.96,0.37,0.41,2.43,4.33,5827.04,19.54,19161.63,1.42,77.27,32.33,2.35
2025-01-11,,,,,,,,,,,,,,,,,,,,,,,,,,,,,,4.33,,,,,,166.42,
2025-01-12,,,,,,,,,,,,,,,,,,,,,,,,,,,,,,4.33,,,,,,812.6,
2025-01-13,,,,,,,,,,,,,,,,,,,,,,,130.2142,4.79,4.4,4.97,0.39,0.42,2.45,4.33,5836.22,19.19,19088.1,1.44,79.57,85.69,2.35
2025-01-14,,,,,,,,,,,,,,,,,,,,,,,129.5812,4.78,4.37,4.98,0.41,0.42,2.44,4.33,5842.91,18.71,19044.39,1.44,78.2,77.43,2.33
2025-01-15,,,,,,,,,,,,,,,,,,,,,,,129.4107,4.66,4.27,4.88,0.39,0.31,2.42,4.33,5949.91,16.12,19511.23,1.44,80.73,45.42,2.32
2025-01-16,,,,,,,,,,,,,,,,,,,,,,,129.6284,4.61,4.23,4.84,0.38,0.27,2.42,4.33,5937.34,16.6,19338.29,1.46,79.35,54.39,2.33
2025-01-17,,,,,,,,,,,,,,,,,,,,,,,129.6771,4.61,4.27,4.84,0.34,0.27,2.41,4.33,5996.66,15.97,19630.2,1.46,78.56,95.4,2.3
2025-01-18,,,,,,,,,,,,,,,,,,,,,,,,,,,,,,4.33,,,,,,102.47,
2025-01-19,,,,,,,,,,,,,,,,,,,,,,,,,,,,,,4.33,,,,,,405.37,
2025-01-20,,,,,,,,,,,,,,,,,,,,,,,,,,,,,,4.33,,15.81,,,,32.81,
2025-01-21,,,,,,,,,,,,,,,,,,,,,,,128.61,4.57,4.29,4.8,0.28,0.21,2.38,4.33,6049.24,15.06,19756.78,1.46,76.79,46.41,2.29
2025-01-22,,,,,,,,,,,,,,,,,,,,,,,128.5428,4.6,4.29,4.82,0.31,0.24,2.4,4.33,6086.37,15.1,20009.34,1.43,76.12,29.06,2.32
2025-01-23,,,,,,,,,,,,,,,,,,,,,,,128.4336,4.65,4.29,4.87,0.36,0.29,2.42,4.33,6118.71,15.02,20053.68,1.43,75.03,9.27,2.32
2025-01-24,,,,,,,,,,,,,,,,,,,,,,,127.6833,4.63,4.27,4.85,0.36,0.28,2.43,4.33,6101.24,14.85,19954.3,1.43,74.97,194.33,2.34
2025-01-25,,,,,,,,,,,,,,,,,,,,,,,,,,,,,,4.33,,,,,,89.51,
2025-01-26,,,,,,,,,,,,,,,,,,,,,,,,,,,,,,4.33,,,,,,86.8,
2025-01-27,,,,,,,,,,,,,,,,,,,,,,,128.2856,4.53,4.17,4.76,0.36,0.21,2.4,4.33,6012.28,17.9,19341.83,1.45,73.51,86.59,2.31
2025-01-28,,,,,,,,,,,,,,,,,,,,,,,128.471,4.55,4.19,4.78,0.36,0.24,2.42,4.33,6067.7,16.41,19733.59,1.45,74.15,113.05,2.32
2025-01-29,,,,,,,,,,,,,,,,,,,,,,,128.5324,4.55,4.21,4.79,0.34,0.24,2.4,4.33,6039.31,16.56,19632.32,1.45,72.94,530.16,2.28
2025-01-30,,,,,,,,,,,,,,,,,,,,,,,128.2958,4.52,4.18,4.76,0.34,0.22,2.38,4.33,6071.17,15.84,19681.75,1.45,73.1,163.17,2.26
2025-01-31,,,,,,,,,,,,,,,,,,,,,,,128.6686,4.58,4.22,4.83,0.36,0.27,2.42,4.33,6040.53,16.43,19627.44,1.45,72.84,51.24,2.3
2025-02-01,21613.8,18511.7,6793220.0,319.775,325.475,287.653,4.33,1.37,159155.0,4.1,62.4,17720.5,20469.3,4.4,396.7793256713288,328.43,228.81199618968589,0.179,283.035,1490.0,1454.0,0.06,,,,,,,,4.33,,,,,,85.83,
2025-02-02,,,,,,,,,,,,,,,,,,,,,,,,,,,,,,4.33,,,,,,154.76,
2025-02-03,,,,,,,,,,,,,,,,,,,,,,,129.2815,4.54,4.26,4.77,0.28,0.2,2.45,4.33,5994.57,18.62,19391.96,1.46,73.52,226.03,2.29
2025-02-04,,,,,,,,,,,,,,,,,,,,,,,128.2993,4.52,4.21,4.75,0.31,0.19,2.44,4.33,6037.88,17.21,19654.01,1.46,73.04,182.24,2.29
2025-02-05,,,,,,,,,,,,,,,,,,,,,,,128.1725,4.43,4.17,4.64,0.26,0.1,2.42,4.33,6061.48,15.77,19692.33,1.45,71.39,67.05,2.27
2025-02-06,,,,,,,,,,,,,,,,,,,,,,,128.3958,4.45,4.21,4.65,0.24,0.11,2.42,4.33,6083.57,15.5,19791.99,1.44,70.97,87.13,2.27
2025-02-07,,,,,,,,,,,,,,,,,,,,,,,128.6144,4.49,4.29,4.69,0.2,0.14,2.42,4.33,6025.99,16.54,19523.4,1.45,71.32,10.79,2.25
2025-02-08,,,,,,,,,,,,,,,,,,,,,,,,,,,,,,4.33,,,,,,16.0,
2025-02-09,,,,,,,,,,,,,,,,,,,,,,,,,,,,,,4.33,,,,,,230.27,
2025-02-10,,,,,,,,,,,,,,,,,,,,,,,128.8215,4.51,4.28,4.71,0.23,0.16,2.44,4.33,6066.44,15.81,19714.27,1.45,72.73,134.51,2.28
2025-02-11,,,,,,,,,,,,,,,,,,,,,,,128.629,4.54,4.29,4.75,0.25,0.19,2.46,4.33,6068.5,16.02,19643.86,1.46,73.67,48.49,2.28
2025-02-12,,,,,,,,,,,,,,,,,,,,,,,128.5321,4.62,4.36,4.83,0.26,0.27,2.46,4.33,6051.97,15.89,19649.95,1.45,71.72,9.6,2.26
2025-02-13,,,,,,,,,,,,,,,,,,,,,,,128.0821,4.52,4.31,4.72,0.21,0.18,2.44,4.33,6115.07,15.1,19945.64,1.44,71.66,19.42,2.24
2025-02-14,,,,,,,,,,,,,,,,,,,,,,,127.3505,4.47,4.26,4.69,0.21,0.13,2.43,4.33,6114.63,14.77,20026.77,1.46,71.05,56.67,2.24
2025-02-15,,,,,,,,,,,,,,,,,,,,,,,,,,,,,,4.33,,,,,,150.73,
2025-02-16,,,,,,,,,,,,,,,,,,,,,,,,,,,,,,4.33,,,,,,158.82,
2025-02-17,,,,,,,,,,,,,,,,,,,,,,,,,,,,,,4.33,,15.37,,,,51.5,
2025-02-18,,,,,,,,,,,,,,,,,,,,,,,127.501,4.55,4.29,4.77,0.26,0.21,2.45,4.33,6129.58,15.35,20041.26,1.44,72.21,36.2,2.25
2025-02-19,,,,,,,,,,,,,,,,,,,,,,,127.9207,4.53,4.28,4.76,0.25,0.19,2.45,4.33,6144.15,15.27,20056.25,1.46,72.58,175.15,2.24
2025-02-20,,,,,,,,,,,,,,,,,,,,,,,127.3057,4.5,4.28,4.74,0.22,0.17,2.45,4.33,6117.52,15.66,19962.36,1.47,72.88,56.82,2.24
2025-02-21,,,,,,,,,,,,,,,,,,,,,,,127.3285,4.42,4.19,4.67,0.23,0.1,2.42,4.33,6013.13,18.21,19524.01,1.49,70.72,144.04,2.23
2025-02-22,,,,,,,,,,,,,,,,,,,,,,,,,,,,,,4.33,,,,,,121.9,
2025-02-23,,,,,,,,,,,,,,,,,,,,,,,,,,,,,,4.33,,,,,,160.9,
2025-02-24,,,,,,,,,,,,,,,,,,,,,,,127.3749,4.4,4.13,4.66,0.27,0.09,2.42,4.33,5983.25,18.98,19286.92,1.48,71.06,87.59,2.23
2025-02-25,,,,,,,,,,,,,,,,,,,,,,,127.5544,4.3,4.07,4.55,0.23,0.0,2.38,4.33,5955.25,19.43,19026.39,1.5,69.15,55.4,2.19
2025-02-26,,,,,,,,,,,,,,,,,,,,,,,127.4762,4.25,4.05,4.51,0.2,-0.06,2.36,4.33,5956.06,19.1,19075.26,1.51,68.87,57.03,2.18
2025-02-27,,,,,,,,,,,,,,,,,,,,,,,128.1589,4.29,4.07,4.56,0.22,-0.03,2.37,4.33,5861.57,21.13,18544.42,1.52,70.62,55.43,2.17
2025-02-28,,,,,,,,,,,,,,,,,,,,,,,128.4646,4.24,3.99,4.51,0.25,-0.08,2.38,4.33,5954.5,19.63,18847.28,1.57,69.97,161.84,2.18
2025-03-01,21706.8,18542.6,6753143.0,319.615,325.659,287.08,4.33,1.485,159340.0,4.2,62.5,17846.1,20621.8,4.3,543.1957558436663,503.67,448.7396227273867,0.181,276.274,1339.0,1481.0,0.22,,,,,,,,4.33,,,,,,60.28,
2025-03-02,,,,,,,,,,,,,,,,,,,,,,,,,,,,,,4.33,,,,,,165.58,
2025-03-03,,,,,,,,,,,,,,,,,,,,,,,127.9558,4.16,3.96,4.45,0.2,-0.19,2.36,4.33,5849.72,22.78,18350.19,1.61,68.63,58.61,2.13
2025-03-04,,,,,,,,,,,,,,,,,,,,,,,128.1864,4.22,3.96,4.53,0.26,-0.12,2.35,4.33,5778.15,23.51,18285.16,1.61,68.47,317.23,2.11
2025-03-05,,,,,,,,,,,,,,,,,,,,,,,126.7441,4.28,3.99,4.57,0.29,-0.07,2.34,4.33,5842.63,21.93,18552.73,1.57,66.58,339.19,2.12
2025-03-06,,,,,,,,,,,,,,,,,,,,,,,126.3526,4.29,3.96,4.58,0.33,-0.05,2.34,4.33,5738.52,24.87,18069.26,1.59,66.62,368.43,2.15
2025-03-07,,,,,,,,,,,,,,,,,,,,,,,126.2243,4.32,3.99,4.62,0.33,-0.02,2.33,4.33,5770.2,23.37,18196.22,1.61,67.29,704.47,2.14
2025-03-08,,,,,,,,,,,,,,,,,,,,,,,,,,,,,,4.33,,,,,,204.81,
2025-03-09,,,,,,,,,,,,,,,,,,,,,,,,,,,,,,4.33,,,,,,689.87,
2025-03-10,,,,,,,,,,,,,,,,,,,,,,,126.5199,4.22,3.89,4.54,0.33,-0.11,2.31,4.33,5614.56,27.86,17468.32,1.64,66.31,307.03,2.13
2025-03-11,,,,,,,,,,,,,,,,,,,,,,,126.2896,4.28,3.94,4.59,0.34,-0.06,2.31,4.33,5572.07,26.92,17436.1,1.68,66.52,555.62,2.12
2025-03-12,,,,,,,,,,,,,,,,,,,,,,,126.1251,4.32,4.01,4.63,0.31,-0.03,2.33,4.33,5599.3,24.23,17648.45,1.65,67.65,527.4,2.13
2025-03-13,,,,,,,,,,,,,,,,,,,,,,,126.2551,4.27,3.94,4.59,0.33,-0.07,2.29,4.33,5521.52,24.66,17303.01,1.7,66.82,709.6,2.1
2025-03-14,,,,,,,,,,,,,,,,,,,,,,,125.9538,4.31,4.02,4.62,0.29,-0.02,2.3,4.33,5638.94,21.77,17754.09,1.65,67.43,634.57,2.12
2025-03-15,,,,,,,,,,,,,,,,,,,,,,,,,,,,,,4.33,,,,,,547.55,
2025-03-16,,,,,,,,,,,,,,,,,,,,,,,,,,,,,,4.33,,,,,,384.23,
2025-03-17,,,,,,,,,,,,,,,,,,,,,,,125.6291,4.31,4.06,4.6,0.25,-0.03,2.29,4.33,5675.12,20.51,17808.66,1.63,67.84,759.6,2.1
2025-03-18,,,,,,,,,,,,,,,,,,,,,,,125.7402,4.29,4.04,4.58,0.25,-0.05,2.3,4.33,5614.66,21.7,17504.12,1.63,67.49,473.62,2.14
2025-03-19,,,,,,,,,,,,,,,,,,,,,,,126.0515,4.25,3.99,4.56,0.26,-0.08,2.31,4.33,5675.29,19.9,17750.79,1.64,67.4,434.94,2.12
2025-03-20,,,,,,,,,,,,,,,,,,,,,,,126.237,4.24,3.95,4.55,0.29,-0.09,2.31,4.33,5662.89,19.8,17691.63,1.64,68.55,248.18,2.11
2025-03-21,,,,,,,,,,,,,,,,,,,,,,,126.509,4.25,3.94,4.59,0.31,-0.08,2.33,4.33,5667.56,19.28,17784.05,1.68,68.52,237.32,2.15
2025-03-22,,,,,,,,,,,,,,,,,,,,,,,,,,,,,,4.33,,,,,,549.13,
2025-03-23,,,,,,,,,,,,,,,,,,,,,,,,,,,,,,4.33,,,,,,440.53,
2025-03-24,,,,,,,,,,,,,,,,,,,,,,,126.4403,4.34,4.04,4.66,0.3,0.01,2.36,4.33,5767.57,17.48,18188.59,1.64,69.46,117.72,2.18
2025-03-25,,,,,,,,,,,,,,,,,,,,,,,126.3075,4.31,3.96,4.65,0.35,-0.02,2.35,4.33,5776.65,17.15,18271.86,1.66,69.48,459.88,2.14
2025-03-26,,,,,,,,,,,,,,,,,,,,,,,126.4839,4.35,3.98,4.69,0.37,0.02,2.37,4.33,5712.2,18.33,17899.01,1.66,70.05,143.26,2.18
2025-03-27,,,,,,,,,,,,,,,,,,,,,,,126.6098,4.38,3.97,4.73,0.41,0.05,2.39,4.33,5693.31,18.69,17804.03,1.68,70.3,108.4,2.18
2025-03-28,,,,,,,,,,,,,,,,,,,,,,,126.6599,4.27,3.89,4.64,0.38,-0.06,2.37,4.33,5580.94,21.65,17322.99,1.73,69.74,270.32,2.16
2025-03-29,,,,,,,,,,,,,,,,,,,,,,,,,,,,,,4.33,,,,,,143.04,
2025-03-30,,,,,,,,,,,,,,,,,,,,,,,,,,,,,,4.33,,,,,,160.71,
2025-03-31,,,,,,,,,,,,,,,,,,,,,,,126.9402,4.23,3.89,4.59,0.34,-0.09,2.38,4.33,5611.85,22.28,17299.29,1.76,71.87,387.86,2.15
2025-04-01,21862.5,18668.0,6722838.0,320.321,326.43,287.535,4.33,1.31,159517.0,4.2,62.6,17978.7,20669.5,4.9,,560.88,455.7314565527938,0.181,278.118,1361.0,1422.0,0.48,126.6783,4.17,3.87,4.52,0.3,-0.15,2.33,4.33,5633.07,21.77,17449.89,1.73,71.61,1063.6,2.12
2025-04-02,,,,,,,,,,,,,,,,,,,,,,,126.6284,4.2,3.91,4.54,0.29,-0.12,2.32,4.33,5670.97,21.51,17601.05,1.73,72.12,444.36,2.13
2025-04-03,,,,,,,,,,,,,,,,,,,,,,,125.0254,4.06,3.71,4.49,0.35,-0.25,2.28,4.33,5396.52,30.02,16550.61,1.89,67.43,473.43,2.06
2025-04-04,,,,,,,,,,,,,,,,,,,,,,,126.0693,4.01,3.68,4.41,0.33,-0.27,2.18,4.33,5074.08,45.31,15587.79,1.94,62.42,563.16,2.02
2025-04-05,,,,,,,,,,,,,,,,,,,,,,,,,,,,,,4.33,,,,,,970.41,
2025-04-06,,,,,,,,,,,,,,,,,,,,,,,,,,,,,,4.33,,,,,,1015.16,
2025-04-07,,,,,,,,,,,,,,,,,,,,,,,127.0629,4.15,3.73,4.58,0.42,-0.14,2.19,4.33,5062.25,46.98,15603.26,2.02,61.05,783.76,2.07
2025-04-08,,,,,,,,,,,,,,,,,,,,,,,127.1122,4.26,3.71,4.71,0.55,-0.05,2.22,4.33,4982.77,52.33,15267.91,2.0,60.04,541.37,2.09
2025-04-09,,,,,,,,,,,,,,,,,,,,,,,126.8819,4.34,3.91,4.72,0.43,-0.01,2.27,4.33,5456.9,33.62,17124.97,2.02,62.63,849.16,2.09
2025-04-10,,,,,,,,,,,,,,,,,,,,,,,125.3694,4.4,3.84,4.86,0.56,0.06,2.19,4.33,5268.05,40.72,16387.31,1.97,60.57,966.08,2.06
2025-04-11,,,,,,,,,,,,,,,,,,,,,,,124.3156,4.48,3.96,4.85,0.52,0.14,2.2,4.33,5363.36,37.56,16724.46,1.9,61.91,1521.87,2.07
2025-04-12,,,,,,,,,,,,,,,,,,,,,,,,,,,,,,4.33,,,,,,1141.16,
2025-04-13,,,,,,,,,,,,,,,,,,,,,,,,,,,,,,4.33,,,,,,1168.93,
2025-04-14,,,,,,,,,,,,,,,,,,,,,,,123.9908,4.38,3.84,4.8,0.54,0.05,2.23,4.33,5405.97,30.89,16831.48,1.9,61.99,1098.81,2.11
2025-04-15,,,,,,,,,,,,,,,,,,,,,,,124.1129,4.35,3.84,4.79,0.51,0.02,2.19,4.33,5396.63,30.12,16823.17,1.9,61.74,1156.03,2.07
2025-04-16,,,,,,,,,,,,,,,,,,,,,,,123.6167,4.29,3.77,4.74,0.52,-0.04,2.17,4.33,5275.7,32.64,16307.16,1.92,62.88,479.51,2.05
2025-04-17,,,,,,,,,,,,,,,,,,,,,,,123.4733,4.34,3.81,4.8,0.53,0.0,2.23,4.33,5282.7,29.65,16286.45,1.92,65.07,531.73,2.2
2025-04-18,,,,,,,,,,,,,,,,,,,,,,,123.3365,,,,,,,4.33,,,,,,487.1,
2025-04-19,,,,,,,,,,,,,,,,,,,,,,,,,,,,,,4.33,,,,,,443.64,
2025-04-20,,,,,,,,,,,,,,,,,,,,,,,,,,,,,,4.33,,,,,,982.15,
2025-04-21,,,,,,,,,,,,,,,,,,,,,,,122.677,4.42,3.75,4.91,0.67,0.08,2.22,4.33,5158.2,33.82,15870.9,1.96,63.48,593.39,2.19
2025-04-22,,,,,,,,,,,,,,,,,,,,,,,122.7879,4.41,3.76,4.88,0.65,0.08,2.27,4.33,5287.76,30.57,16300.42,1.93,64.6,723.22,2.24
2025-04-23,,,,,,,,,,,,,,,,,,,,,,,123.375,4.4,3.81,4.83,0.59,0.07,2.29,4.33,5375.86,28.45,16708.05,1.86,62.64,480.39,2.25
2025-04-24,,,,,,,,,,,,,,,,,,,,,,,123.285,4.32,3.77,4.77,0.55,0.0,2.3,4.33,5484.77,26.47,17166.04,1.86,63.55,613.41,2.25
2025-04-25,,,,,,,,,,,,,,,,,,,,,,,123.2454,4.29,3.74,4.74,0.55,-0.03,2.27,4.33,5525.21,24.84,17382.94,1.84,63.85,253.95,2.22
2025-04-26,,,,,,,,,,,,,,,,,,,,,,,,,,,,,,4.33,,,,,,574.43,
2025-04-27,,,,,,,,,,,,,,,,,,,,,,,,,,,,,,4.33,,,,,,488.43,
2025-04-28,,,,,,,,,,,,,,,,,,,,,,,123.0856,4.23,3.67,4.69,0.56,-0.09,2.25,4.33,5528.75,25.15,17366.13,1.87,63.3,1149.0,2.18
2025-04-29,,,,,,,,,,,,,,,,,,,,,,,122.9514,4.19,3.65,4.64,0.54,-0.12,2.23,4.33,5560.83,24.17,17461.32,1.88,61.84,700.39,2.17
2025-04-30,,,,,,,,,,,,,,,,,,,,,,,122.944,4.17,3.6,4.66,0.57,-0.14,2.23,4.33,5569.06,24.7,17446.34,1.96,59.55,550.17,2.17
2025-05-01,,,6696532.0,,,,,,,,,,,,,500.29,,,,,,,123.4811,4.25,3.7,4.74,0.55,-0.06,2.25,4.33,5604.14,24.6,17710.74,1.95,60.59,1067.08,2.2
2025-05-02,,,,,,,,,,,,,,,,,,,,,,,122.859,4.33,3.83,4.79,0.5,0.0,2.27,4.33,5686.67,22.68,17977.73,1.9,59.67,1004.34,2.23
2025-05-03,,,,,,,,,,,,,,,,,,,,,,,,,,,,,,4.33,,,,,,1230.46,
2025-05-04,,,,,,,,,,,,,,,,,,,,,,,,,,,,,,4.33,,,,,,750.43,
2025-05-05,,,,,,,,,,,,,,,,,,,,,,,122.6335,4.36,3.83,4.83,0.53,0.03,2.28,4.33,5650.38,23.64,17844.24,1.91,58.5,564.02,2.23
2025-05-06,,,,,,,,,,,,,,,,,,,,,,,122.3907,4.3,3.78,4.81,0.52,-0.03,2.26,4.33,5606.91,24.76,17689.66,1.95,60.42,307.1,2.18
2025-05-07,,,,,,,,,,,,,,,,,,,,,,,122.4652,4.26,3.78,4.77,0.48,-0.08,2.25,4.33,5631.28,23.55,17738.16,1.95,59.42,324.63,2.17
2025-05-08,,,,,,,,,,,,,,,,,,,,,,,123.1019,4.37,3.9,4.83,0.47,0.03,2.29,4.33,5663.94,22.48,17928.14,1.89,61.25,204.16,2.19
2025-05-09,,,,,,,,,,,,,,,,,,,,,,,122.879,4.37,3.88,4.83,0.49,0.03,2.29,4.33,5659.91,21.9,17928.92,1.89,62.37,1151.19,2.19
2025-05-10,,,,,,,,,,,,,,,,,,,,,,,,,,,,,,4.33,,,,,,387.05,
2025-05-11,,,,,,,,,,,,,,,,,,,,,,,,,,,,,,4.33,,,,,,575.79,
2025-05-12,,,,,,,,,,,,,,,,,,,,,,,123.7948,4.45,3.98,4.89,0.47,0.03,2.29,4.33,5844.19,18.39,18708.34,1.82,63.32,538.44,2.23
2025-05-13,,,,,,,,,,,,,,,,,,,,,,,123.2905,4.49,4.02,4.94,0.47,0.08,2.32,4.33,5886.55,18.22,19010.08,1.82,65.04,688.57,2.26
2025-05-14,,,,,,,,,,,,,,,,,,,,,,,123.0145,4.53,4.05,4.97,0.48,0.12,2.37,4.33,5892.58,18.62,19146.81,1.8,64.48,752.15,2.3
2025-05-15,,,,,,,,,,,,,,,,,,,,,,,123.1492,4.45,3.96,4.91,0.49,0.07,2.34,4.33,5916.93,17.83,19112.32,1.83,63.03,231.32,2.27
2025-05-16,,,,,,,,,,,,,,,,,,,,,,,123.3969,4.43,3.98,4.89,0.45,0.06,2.34,4.33,5958.38,17.24,19211.1,1.82,63.84,283.27,2.26
2025-05-17,,,,,,,,,,,,,,,,,,,,,,,,,,,,,,4.33,,,,,,513.41,
2025-05-18,,,,,,,,,,,,,,,,,,,,,,,,,,,,,,4.33,,,,,,572.81,
2025-05-19,,,,,,,,,,,,,,,,,,,,,,,122.7649,4.46,3.97,4.92,0.49,0.07,2.36,4.33,5963.6,18.14,19215.46,1.84,63.98,213.57,2.29
2025-05-20,,,,,,,,,,,,,,,,,,,,,,,122.673,4.48,3.97,4.96,0.51,0.1,2.35,4.33,5940.46,18.09,19142.71,1.82,63.97,198.03,2.28
2025-05-21,,,,,,,,,,,,,,,,,,,,,,,122.1012,4.58,4.0,5.08,0.58,0.22,2.35,4.33,5844.61,20.87,18872.64,1.85,62.93,613.81,2.27
2025-05-22,,,,,,,,,,,,,,,,,,,,,,,122.3865,4.54,4.0,5.05,0.54,0.17,2.34,4.33,5842.01,20.28,18925.73,1.87,62.55,225.6,2.26
2025-05-23,,,,,,,,,,,,,,,,,,,,,,,121.7283,4.51,4.0,5.04,0.51,0.15,2.33,4.33,5802.82,22.29,18737.21,1.88,62.89,100.9,2.26
2025-05-24,,,,,,,,,,,,,,,,,,,,,,,,,,,,,,4.33,,,,,,235.42,
2025-05-25,,,,,,,,,,,,,,,,,,,,,,,,,,,,,,4.33,,,,,,780.71,
2025-05-26,,,,,,,,,,,,,,,,,,,,,,,,,,,,,,4.33,,20.57,,,,189.89,
2025-05-27,,,,,,,,,,,,,,,,,,,,,,,,4.43,3.92,4.94,0.51,0.08,2.32,4.33,5921.54,18.96,19199.16,1.84,61.61,158.78,2.23
2025-05-28,,,,,,,,,,,,,,,,,,,,,,,,4.47,3.96,4.97,0.51,0.12,2.32,4.33,5888.55,19.31,19100.94,1.83,,166.66,2.25
2025-05-29,,,,,,,,,,,,,,,,,,,,,,,,4.43,3.92,4.92,0.51,0.07,2.32,4.33,5912.17,19.18,19175.87,1.81,,268.86,2.26
2025-05-30,,,,,,,,,,,,,,,,,,,,,,,,,,,0.52,0.05,2.34,,5911.69,18.57,19113.77,,,353.15,2.29
2025-05-31,,,,,,,,,,,,,,,,,,,,,,,,,,,,,,,,,,,,225.83,
2025-06-01,,,,,,,,,,,,,,,,,,,,,,,,,,,,,,,,,,,,153.38,
