Date,Clothing and footwear,Computers and peripheral equipment,Consumption expenditures,Durable goods,"Entertainment, literary, and artistic originals",Equipment,Exports,Federal,Final consumption expenditures of nonprofit institutions serving households (NPISHs),Financial services and insurance,Fixed investment,Food and beverages purchased for off-premises consumption,Food services and accommodations,Furnishings and durable household equipment,Gasoline and other energy goods,Goods,Government consumption expenditures and gross investment,Gross domestic product,Gross investment,Gross output of nonprofit institutions,Gross private domestic investment,Health care,Household consumption expenditures (for services),Housing and utilities,Imports,Industrial equipment,Information processing equipment,Intellectual property products,Less: Receipts from sales of goods and services by nonprofit institutions,Motor vehicles and parts,National defense,Nondefense,Nondurable goods,Nonresidential,Other,Other durable goods,Other equipment,Other nondurable goods,Other services,Personal consumption expenditures,Recreation services,Recreational goods and vehicles,Research and development,Residential,Services,Software,State and local,Structures,Transportation equipment,Transportation services
1947-01-01,44.63,,6.453,51.892,10.943,35.341,19.531,9.668,31.784,6.156,14.837,13.226,7.359,48.665,6.783,20.102666666666668,7.184,11.148,13.418333333333331,,15.866,3.407,6.67,8.041,13.931,7.874,628.474,22.342,,21.145,9.616,9.134,14.928,19.181,86.431,31.938,9.848,12.334,7.274,11.557,8.593,314.697,13.275,7.186,11.072333333333333,,5.186,5.236,14.487,7.292
1947-04-01,45.512,,6.338333333333334,52.369,11.096,36.836,20.977,9.555,32.047,6.202,15.396,13.261,7.375,49.32,6.975,21.375333333333334,7.166,11.3,13.450333333333333,,16.473,3.48,6.706,8.083,14.912,8.228,650.591,22.569,,21.162,9.572,8.691,15.074,19.763,89.472,32.307,10.607,12.44,7.319,11.649,8.612,318.534,13.363,7.584,10.873,,5.268,5.303,14.694,7.271
1947-07-01,45.948,,6.378666666666667,52.662,11.419,37.664,22.045,9.169,33.329,6.404,15.781,13.544,7.524,49.807,7.188,22.403666666666666,7.029,11.478,14.628666666666666,,17.022,3.669,6.863,8.243,15.711,8.39,662.84,23.036,,21.482,8.825,9.752,15.346,20.284,91.157,31.649,10.998,12.604,7.517,11.866,8.775,317.415,13.54,7.751,10.835333333333333,,5.38,5.489,14.911,7.274
1947-10-01,46.862,,6.5,53.348,11.726,38.013,22.589,9.184,34.164,6.507,16.105,14.033,7.782,50.461,7.513,23.128,7.118,11.714,14.419666666666666,,17.227,3.749,7.018,8.475,16.247,8.639,667.298,23.561,,21.792,8.82,9.905,15.81,20.652,91.77,31.852,10.74,12.834,7.62,12.162,8.941,322.419,13.804,7.943,10.883666666666665,,5.552,5.673,15.212,7.293
1948-01-01,47.826,,6.441333333333334,53.756,11.446,37.805,22.732,9.259,34.577,6.526,16.265,14.17,7.841,50.767,7.857,23.42533333333333,7.252,11.849,14.506,,17.448,3.725,7.058,8.551,16.626,8.559,659.381,23.622,,22.03,9.04,9.304,16.07,20.762,90.681,31.86,10.644,13.024,7.678,12.297,8.844,326.079,14.154,8.085,11.063666666666668,,5.757,5.824,15.264,7.359
1948-04-01,48.6,,6.461333333333333,54.461,11.644,38.916,22.61,9.336,35.215,6.608,16.62,14.234,7.87,51.422,8.066,23.464333333333332,7.35,11.989,14.707666666666666,,17.823,3.764,7.125,8.606,16.682,8.723,663.381,24.015,,22.297,9.187,9.143,16.23,21.343,91.231,32.194,11.349,13.14,7.767,12.424,8.944,331.949,14.388,8.173,11.136333333333333,,5.883,5.984,15.458,7.555
1948-07-01,48.881,,6.530333333333334,56.356,11.905,40.532,22.343,9.433,35.833,6.72,17.124,14.325,7.925,52.131,8.209,23.375,7.497,12.198,15.182333333333334,,18.313,3.818,7.232,8.68,16.518,9.164,670.144,24.361,,24.034,9.327,9.116,16.388,22.074,92.161,32.457,11.829,13.412,7.871,12.614,9.139,341.127,14.508,8.36,11.204,,6.094,6.138,16.134,8.005
1948-10-01,48.886,,6.558333333333334,56.459,11.791,41.266,21.997,9.439,35.842,6.742,17.309,14.003,7.773,52.28,8.268,23.019666666666666,7.543,12.193,15.087333333333333,,18.418,3.804,7.259,8.756,16.253,9.457,673.278,24.254,,23.839,9.367,9.025,16.218,22.373,92.592,32.659,11.781,13.428,7.902,12.574,9.268,347.675,14.512,8.405,11.216999999999999,,6.188,6.195,16.685,8.328
1949-01-01,47.758,,6.779,56.269,11.989,41.205,21.608,9.735,35.528,6.725,17.278,13.808,7.697,51.441,8.242,22.58366666666667,7.658,12.153,15.203333333333333,,18.363,3.807,7.256,8.836,15.887,9.515,673.35,24.189,,23.938,9.538,9.668,15.971,22.22,92.602,32.744,11.707,13.222,7.917,12.475,9.05,350.593,14.213,8.471,11.153666666666666,,6.123,6.09,16.622,8.287
1949-04-01,46.78,,6.768000000000001,55.9,11.986,41.451,21.206,9.726,35.53,6.739,17.254,13.669,7.654,50.43,8.23,22.221,7.608,12.078,15.074333333333334,,18.33,3.826,7.272,8.867,15.722,9.486,669.518,24.111,,24.004,9.51,9.717,15.766,22.186,92.075,32.625,11.948,12.989,7.945,12.399,9.178,350.742,14.114,8.461,11.149333333333333,,6.027,6.006,16.674,8.288
1949-07-01,45.948,,6.7459999999999996,55.22,11.949,41.313,20.871,9.648,35.679,6.769,17.067,13.516,7.607,49.979,8.214,21.93133333333333,7.563,11.991,14.695666666666668,,18.139,3.838,7.294,8.907,15.654,9.397,668.326,24.064,,23.738,9.458,9.573,15.587,22.101,91.911,31.659,12.009,12.872,7.997,12.327,9.278,347.74,14.097,8.264,11.154333333333334,,6.013,5.975,16.562,8.323
1949-10-01,45.343,,6.871333333333333,55.154,11.895,40.855,20.646,9.833,35.943,6.82,17.005,13.439,7.608,49.854,8.191,21.79733333333333,7.629,11.988,14.716000000000001,,18.062,3.851,7.347,8.986,15.715,9.229,673.996,24.055,,23.749,9.617,9.829,15.469,21.972,92.691,31.51,11.63,12.763,8.054,12.317,9.332,348.534,14.152,8.268,11.182,,5.973,5.987,16.624,8.497
1950-01-01,45.104,,6.894666666666667,54.986,11.798,40.982,20.311,9.891,36.199,6.86,17.002,13.305,7.584,49.595,8.199,21.747333333333334,7.625,11.954,14.876333333333333,,18.039,3.862,7.377,9.089,16.009,9.361,683.718,24.058,,23.786,9.654,9.953,15.371,21.998,94.028,31.357,11.517,12.742,8.08,12.297,9.115,344.525,14.278,8.256,11.139000000000001,,5.916,5.975,16.685,8.565
1950-04-01,45.182,,6.852666666666667,55.408,11.879,41.674,20.351,9.778,36.404,6.839,17.276,13.403,7.653,50.191,8.216,21.948666666666668,7.594,12.004,14.595666666666666,,18.306,3.867,7.403,9.127,16.35,9.523,676.692,24.322,,23.978,9.603,9.69,15.442,22.211,93.062,31.454,11.905,12.769,8.076,12.356,9.226,342.508,14.489,8.468,11.200666666666665,,5.956,5.956,16.874,8.584
1950-07-01,46.235,,6.878666666666668,56.176,12.161,42.544,20.539,9.894,37.281,6.889,17.76,13.848,7.88,51.794,8.363,22.45,7.736,12.254,14.788666666666666,,18.815,3.922,7.514,9.203,16.877,9.915,684.816,24.858,,23.938,9.813,9.48,15.885,22.681,94.179,31.739,12.248,13.146,8.193,12.614,9.374,347.445,14.784,8.79,11.315333333333333,,6.124,6.084,16.934,8.761
1950-10-01,47.825,,6.705333333333333,57.103,12.413,43.779,20.917,9.841,38.48,6.946,18.093,14.135,7.986,53.654,8.466,23.124666666666666,7.803,12.45,15.459666666666669,,19.236,3.995,7.606,9.257,17.661,10.372,697.838,25.437,,23.99,9.846,9.059,16.249,23.428,95.97,32.141,12.695,13.42,8.336,12.839,9.423,350.824,15.162,8.775,11.444666666666668,,6.3,6.342,17.168,8.987
1951-01-01,49.573,,7.320333333333334,59.215,12.254,45.164,22.158,10.342,39.624,6.948,18.691,14.942,8.337,56.111,8.564,24.66633333333333,8.146,12.871,16.064,,19.933,4.06,7.742,9.378,19.129,11.026,722.554,25.717,,24.736,10.116,10.562,16.935,24.203,99.369,33.435,12.866,13.781,8.474,13.247,9.346,359.624,15.624,9.062,11.692,,6.513,6.598,17.508,9.155
1951-04-01,50.339,,7.1306666666666665,59.609,12.368,45.736,22.966,10.149,40.166,6.929,18.973,15.085,8.351,56.855,8.544,25.570000000000004,8.09,12.945,16.343333333333334,,20.245,4.085,7.797,9.458,20.158,11.065,727.207,26.119,,24.908,9.939,10.216,17.088,24.615,100.009,33.469,13.117,13.871,8.541,13.353,9.542,355.37,15.945,9.167,11.831333333333333,,6.622,6.759,17.781,9.286
1951-07-01,50.357,,7.1433333333333335,59.632,12.417,45.943,23.635,10.176,40.429,6.941,19.121,15.043,8.292,56.697,8.486,26.131,8.147,12.987,16.635333333333335,,20.331,4.08,7.839,9.552,20.742,10.996,731.74,26.342,,24.988,9.957,10.247,17.052,24.836,100.632,33.94,13.084,13.863,8.604,13.371,9.702,352.147,16.134,9.216,11.954666666666668,,6.737,6.871,18.12,9.414
1951-10-01,50.183,,7.274333333333334,60.207,12.609,46.488,24.022,10.326,40.573,7.026,19.316,15.384,8.461,56.517,8.573,26.450666666666667,8.26,13.158,16.643666666666668,,20.516,4.138,7.961,9.699,20.825,11.089,725.539,26.561,,25.958,10.105,10.365,17.268,25.101,99.779,33.623,13.224,13.953,8.742,13.548,9.78,346.851,16.189,9.301,12.073666666666666,,6.821,6.935,18.545,9.534
1952-01-01,49.821,,7.329000000000001,60.618,12.569,46.634,23.422,10.189,40.453,7.14,19.404,15.458,8.512,56.432,8.631,25.691333333333333,8.184,13.175,16.655666666666665,,20.585,4.21,8.02,9.781,19.976,10.968,730.641,26.453,,26.583,9.914,10.708,17.285,25.21,100.481,33.48,13.196,13.917,8.817,13.606,9.663,344.273,16.11,9.348,12.193,,6.829,6.993,18.931,9.477
1952-04-01,48.895,,7.422,59.904,12.6,46.914,23.35,10.315,40.279,7.279,19.491,15.455,8.525,55.824,8.673,25.443,8.285,13.225,16.808333333333334,,20.648,4.265,8.086,9.849,19.652,11.206,724.009,26.445,,26.13,10.042,10.824,17.22,25.269,99.569,33.424,13.076,13.906,8.87,13.603,9.881,341.056,16.076,9.429,12.239333333333335,,6.915,6.97,19.139,9.585
1952-07-01,48.412,,7.511666666666667,60.524,12.727,46.755,23.304,10.399,40.314,7.478,19.527,15.543,8.587,55.964,8.738,25.284000000000002,8.382,13.325,17.037000000000003,,20.667,4.333,8.174,9.905,19.308,11.118,705.607,26.555,,26.846,10.12,10.951,17.25,25.209,97.038,33.426,13.168,13.932,8.943,13.692,10.113,340.683,16.086,9.519,12.278333333333334,,7.059,6.955,19.155,9.796
1952-10-01,49.932,,7.633666666666667,59.103,12.727,46.727,23.271,10.551,40.091,7.657,19.492,15.461,8.565,55.69,8.746,25.09766666666667,8.469,13.372,16.946,,20.579,4.36,8.24,10.024,18.99,11.164,695.185,26.613,,25.17,10.27,11.096,17.322,25.224,95.605,33.826,13.247,13.925,8.991,13.715,10.111,338.835,16.142,9.461,12.286333333333332,,7.053,6.969,19.03,9.925
1953-01-01,50.004,,7.631333333333333,59.678,12.918,46.696,23.364,10.418,40.645,7.957,19.516,15.24,8.471,55.738,8.834,25.06266666666667,8.414,13.385,16.898,,20.556,4.452,8.324,10.156,18.824,11.246,704.192,26.859,,25.905,10.117,11.151,17.247,25.261,96.844,33.719,13.205,14.036,9.142,13.766,9.992,336.527,16.242,9.467,12.302666666666667,,7.124,6.99,18.798,9.949
1953-04-01,49.082,,7.690333333333332,59.746,12.982,46.928,23.323,10.458,40.74,8.135,19.627,15.135,8.438,55.992,8.944,24.943,8.431,13.417,16.782,,20.646,4.462,8.388,10.252,18.64,11.431,710.722,26.969,,25.945,10.146,11.266,17.174,25.465,97.742,33.548,13.383,14.181,9.183,13.786,10.286,336.548,16.3,9.478,12.294666666666666,,7.102,7.089,18.5,10.079
1953-07-01,48.865,,7.698666666666667,59.363,13.062,47.151,23.248,10.42,41.163,8.312,19.781,15.166,8.479,56.291,9.129,24.885666666666665,8.407,13.467,16.887,,20.796,4.516,8.498,10.405,18.555,11.526,713.638,27.046,,25.355,10.085,11.392,17.21,25.656,98.143,33.749,13.506,14.167,9.276,13.861,10.563,338.182,16.318,9.56,12.292,,7.1,7.181,18.451,10.224
1953-10-01,48.644,,7.781,59.479,13.094,47.059,23.15,10.484,41.49,8.414,19.735,15.172,8.506,56.278,9.209,24.865,8.438,13.507,16.536666666666665,,20.739,4.554,8.583,10.544,18.558,11.514,717.017,27.044,,25.545,10.151,11.434,17.205,25.618,98.607,33.753,13.62,14.126,9.337,13.921,10.747,336.254,16.294,9.522,12.282333333333334,,7.084,7.17,18.189,10.344
1954-01-01,49.206,,7.802,59.953,13.406,47.788,23.041,10.593,41.915,8.47,19.75,15.201,8.544,56.081,9.204,24.94333333333333,8.491,13.564,16.542333333333335,,20.774,4.621,8.631,10.605,18.771,11.722,706.143,27.198,,26.201,10.287,11.335,17.262,25.721,97.112,33.825,13.631,14.125,9.414,13.991,10.57,334.112,16.234,9.471,12.321333333333333,,7.059,7.071,18.864,10.368
1954-04-01,49.132,,7.910333333333334,58.447,13.389,48.512,22.958,10.641,41.92,8.472,19.823,15.297,8.62,56.029,9.207,24.927666666666667,8.575,13.589,16.470333333333333,,20.85,4.639,8.648,10.599,18.857,11.7,714.538,27.154,,24.761,10.323,11.461,17.319,25.832,98.266,33.277,13.729,14.158,9.359,13.972,10.741,328.847,16.203,9.498,12.301333333333332,,7.219,7.0,19.688,10.467
1954-07-01,49.502,,7.931333333333332,57.489,13.39,47.908,22.912,10.72,42.054,8.496,19.821,15.138,8.566,55.79,9.157,24.915000000000003,8.633,13.577,16.656000000000002,,20.834,4.66,8.663,10.618,18.977,11.551,715.984,27.162,,24.1,10.417,11.419,17.25,25.663,98.465,32.604,13.672,14.176,9.37,13.926,10.949,322.979,16.21,9.608,12.291333333333334,,7.257,7.003,19.189,10.52
1954-10-01,49.244,,7.994666666666667,57.154,13.341,47.998,22.907,10.821,42.292,8.551,19.837,15.027,8.544,55.341,9.135,24.879666666666665,8.706,13.595,16.67,,20.841,4.687,8.7,10.661,18.991,11.587,736.847,27.174,,24.132,10.522,11.474,17.169,25.703,101.335,32.289,13.479,14.201,9.414,13.912,11.136,318.288,16.256,9.605,12.299000000000001,,7.301,7.012,19.276,10.607
1955-01-01,49.065,,8.138333333333334,57.51,13.859,47.612,22.976,10.939,42.653,8.65,19.85,15.01,8.579,55.324,9.184,24.82466666666667,8.75,13.646,16.473666666666666,,20.843,4.77,8.749,10.728,18.756,11.773,733.712,27.625,,24.519,10.61,11.778,17.169,25.657,100.904,32.6,13.562,14.257,9.466,13.957,10.845,317.558,16.318,9.648,12.289000000000001,,7.249,7.031,18.385,10.649
1955-04-01,49.016,,8.292333333333334,57.792,13.86,47.821,23.076,11.2,42.787,8.685,19.981,14.906,8.555,55.298,9.233,24.871666666666666,8.9,13.722,16.624333333333336,,20.971,4.793,8.78,10.775,18.768,11.876,723.34,27.703,,24.904,10.875,11.983,17.12,25.799,99.477,32.532,13.579,14.266,9.479,13.971,11.068,315.195,16.395,9.729,12.307333333333332,,7.279,7.088,18.56,10.712
1955-07-01,49.238,,8.252,58.342,13.93,48.678,23.196,11.28,43.202,8.736,20.221,14.855,8.546,55.477,9.315,24.973,8.994,13.816,16.895666666666667,,21.219,4.817,8.821,10.799,18.805,12.072,722.133,27.878,,25.377,11.01,11.699,17.137,26.191,99.311,32.58,13.823,14.319,9.551,14.026,11.392,315.715,16.512,9.795,12.336,,7.403,7.185,19.046,10.765
1955-10-01,49.231,,8.319666666666667,58.497,13.948,49.685,23.356,11.414,43.872,8.82,20.481,14.785,8.516,55.486,9.362,25.070666666666668,9.102,13.908,17.314333333333334,,21.494,4.882,8.87,10.835,18.862,12.542,727.59,28.067,,25.544,11.146,11.798,17.126,26.71,100.061,32.622,14.149,14.404,9.649,14.064,11.539,315.057,16.676,9.801,12.38,,7.493,7.345,19.15,10.838
1956-01-01,49.561,,8.395666666666667,58.72,14.156,50.594,23.538,11.566,44.439,8.895,20.901,14.769,8.504,55.359,9.407,25.215000000000003,9.252,14.045,17.586333333333332,,21.936,4.949,8.919,10.877,18.916,12.752,748.062,28.454,,25.784,11.319,11.784,17.167,27.432,102.876,32.72,14.01,14.476,9.762,14.122,11.338,315.862,16.893,9.882,12.392000000000001,,7.664,7.67,19.95,10.99
1956-04-01,49.895,,8.526333333333334,58.846,14.279,51.419,23.782,11.759,44.79,8.928,21.128,14.957,8.612,55.561,9.469,25.448333333333334,9.395,14.177,17.85833333333333,,22.174,4.959,8.97,10.907,19.063,13.233,719.339,28.755,,25.742,11.505,12.006,17.327,27.67,98.926,32.866,14.131,14.552,9.805,14.217,11.518,317.942,17.085,10.033,12.464999999999998,,7.764,7.646,20.43,11.105
1956-07-01,50.31,,8.553666666666667,59.697,14.454,52.673,24.051,11.819,45.33,8.992,21.479,15.114,8.714,55.95,9.655,25.697333333333333,9.481,14.334,18.211000000000002,,22.543,4.991,9.044,10.989,19.178,13.459,765.002,29.049,,26.435,11.569,12.027,17.493,28.333,105.207,33.028,14.361,14.587,9.9,14.356,11.606,320.302,17.242,10.049,12.564333333333332,,7.894,7.853,20.896,11.15
1956-10-01,50.519,,8.568333333333333,60.476,14.541,53.521,24.33,11.859,45.951,9.077,21.638,15.147,8.755,56.543,9.721,25.935666666666666,9.534,14.422,18.26066666666667,,22.707,5.048,9.097,11.017,19.359,13.861,756.904,29.244,,26.943,11.625,11.948,17.546,28.699,104.095,33.086,14.533,14.61,9.995,14.44,11.719,323.685,17.363,10.005,12.676333333333332,,7.97,7.931,21.214,11.179
1957-01-01,50.666,,8.743,60.962,14.877,54.541,24.665,12.117,46.645,9.2,21.844,15.287,8.865,56.476,9.924,26.139,9.702,14.587,18.505,,22.922,5.118,9.179,11.067,19.443,14.129,778.424,29.551,,27.516,11.88,12.197,17.708,29.132,107.058,32.926,14.679,14.737,10.089,14.57,11.786,324.351,17.443,9.976,12.876,,8.049,8.016,21.689,11.328
1957-04-01,50.748,,8.861333333333333,61.805,15.037,54.567,24.851,12.204,46.947,9.251,21.942,15.345,8.9,56.768,10.041,26.26733333333333,9.798,14.69,18.715333333333334,,23.015,5.15,9.221,11.092,19.456,14.126,775.479,29.733,,28.123,11.945,12.437,17.804,29.289,106.652,33.198,14.748,14.878,10.137,14.662,11.917,329.149,17.512,10.0,12.980333333333334,,8.169,8.117,21.682,11.461
1957-07-01,50.84,,8.890666666666666,61.799,15.198,54.997,24.923,12.29,47.395,9.317,22.09,15.561,8.993,56.888,10.025,26.29433333333333,9.859,14.803,18.832,,23.157,5.222,9.299,11.163,19.341,14.384,773.577,29.905,,27.966,12.04,12.427,17.994,29.485,106.385,33.216,14.959,15.165,10.229,14.781,11.991,332.539,17.57,10.068,13.052,,8.208,8.16,21.584,11.568
1957-10-01,51.012,,9.033333333333333,61.919,15.234,55.825,24.891,12.447,47.675,9.354,22.181,15.61,8.966,57.036,10.02,26.215666666666664,9.94,14.89,18.973,,23.24,5.286,9.367,11.246,19.148,14.655,806.638,29.984,,27.909,12.172,12.744,18.066,29.706,110.922,33.224,15.424,15.312,10.336,14.858,12.195,336.815,17.619,10.03,13.066666666666668,,8.209,8.14,21.241,11.715
1958-01-01,51.034,,9.198666666666666,63.02,15.707,55.75,24.646,12.589,47.899,9.367,22.005,16.071,9.127,57.354,10.063,26.060000000000002,10.007,15.015,18.70266666666667,,23.044,5.342,9.436,11.267,18.692,14.577,788.708,30.337,,28.907,12.309,12.906,18.353,29.429,108.44,33.105,15.279,15.386,10.434,15.041,12.461,341.445,17.659,9.984,12.982666666666667,,8.2,7.919,21.687,11.739
1958-04-01,51.045,,9.328333333333333,62.766,15.834,56.085,24.549,12.705,48.004,9.363,22.102,16.21,9.174,56.646,9.851,25.936666666666667,10.1,15.079,18.87,,23.16,5.35,9.47,11.332,18.498,14.659,793.565,30.482,,28.869,12.401,13.177,18.388,29.603,109.125,33.29,15.311,15.403,10.441,15.069,12.51,342.283,17.715,9.995,12.943,,8.277,7.969,21.896,11.794
1958-07-01,51.04,,9.327,62.701,15.85,56.141,24.539,12.808,48.71,9.465,22.137,16.09,9.141,56.326,9.909,25.907333333333337,10.172,15.115,19.017666666666667,,23.197,5.418,9.514,11.385,18.469,14.695,794.732,30.573,,29.057,12.533,13.066,18.333,29.671,109.303,33.19,15.303,15.399,10.498,15.08,12.411,339.616,17.785,9.995,12.924333333333331,,8.323,8.0,21.891,11.879
1958-10-01,51.013,,9.412,62.478,15.846,56.239,24.591,12.887,48.959,9.596,22.178,16.011,9.19,56.371,9.744,25.91433333333333,10.222,15.134,19.086,,23.248,5.472,9.562,11.44,18.514,14.72,793.354,30.668,,28.901,12.6,13.231,18.239,29.741,109.139,33.144,15.324,15.355,10.504,15.074,12.316,335.729,17.87,10.003,12.926,,8.345,8.025,21.971,11.976
1959-01-01,51.208,1027770.359,9.526666666666666,63.568,15.652,56.644,24.438,12.873,48.366,9.926,22.209,15.983,9.324,56.461,9.92,26.026333333333337,10.257,15.205,19.146666666666665,8.105,23.253,5.45,9.636,11.43,18.538,14.788,793.797,30.653,4.532,30.247,12.535,13.54,18.295,29.78,109.095,33.322,15.426,15.434,10.655,15.177,12.424,331.198,17.968,10.018,12.776000000000002,218.832,8.437,7.97,22.282,12.057
1959-04-01,51.365,850465.377,9.495333333333333,63.811,15.9,56.992,24.477,12.85,49.136,9.917,22.304,15.892,9.453,56.735,9.999,26.040000000000003,10.247,15.249,19.151333333333334,8.393,23.359,5.507,9.703,11.508,18.624,14.927,797.071,30.91,4.739,30.449,12.529,13.432,18.3,29.967,109.586,33.353,15.541,15.551,10.666,15.239,12.631,329.558,18.05,10.025,12.894,217.977,8.441,8.016,22.335,12.159
1959-07-01,51.595,714858.29,9.449333333333334,63.8,16.141,57.277,24.683,12.845,49.971,9.976,22.374,15.928,9.552,56.816,9.991,26.13,10.243,15.314,19.171333333333333,8.646,23.434,5.566,9.791,11.571,18.711,15.079,802.483,31.141,4.914,30.405,12.555,13.268,18.379,30.114,110.449,33.346,15.612,15.738,10.822,15.331,12.836,329.615,18.115,10.022,13.067,217.227,8.437,8.047,22.323,12.251
1959-10-01,51.709,662894.383,9.458666666666666,63.772,16.375,57.411,24.945,12.854,49.628,10.094,22.414,15.914,9.611,56.827,10.214,26.352333333333334,10.252,15.373,19.151,8.797,23.478,5.676,9.881,11.648,18.893,15.187,805.438,31.343,5.064,30.373,12.568,13.258,18.448,30.185,111.073,33.321,15.584,15.822,10.936,15.415,12.995,329.725,18.163,10.029,13.160333333333334,215.658,8.446,8.053,22.331,12.312
1960-01-01,51.83,531877.598,9.485,63.679,16.436,57.314,24.976,12.839,47.623,10.24,22.446,15.878,9.7,57.015,10.095,26.310333333333332,10.283,15.402,19.152666666666665,8.647,23.505,5.729,9.942,11.69,18.84,15.275,796.78,31.41,5.042,30.123,12.55,13.255,18.422,30.201,110.636,33.397,15.634,15.869,10.972,15.435,13.079,331.199,18.195,10.059,13.199,211.069,8.529,8.081,22.117,12.389
1960-04-01,52.106,734710.82,9.495,63.603,16.452,57.6,24.933,12.825,46.011,10.355,22.485,16.079,9.725,57.189,10.095,26.331,10.294,15.457,19.166666666666668,8.674,23.537,5.887,10.011,11.727,18.835,15.303,800.437,31.433,5.157,29.921,12.53,13.272,18.554,30.222,110.237,33.435,15.734,15.873,11.04,15.515,13.14,332.428,18.215,10.097,13.217666666666666,207.196,8.565,8.032,22.278,12.412
1960-07-01,52.301,680841.297,9.682333333333334,63.408,16.603,57.697,25.047,12.984,45.148,10.48,22.48,16.067,9.76,57.276,10.31,26.40533333333333,10.391,15.524,19.244333333333334,8.705,23.528,6.005,10.085,11.783,18.93,15.32,794.965,31.519,5.236,29.654,12.648,13.639,18.609,30.21,109.919,33.451,15.794,15.878,11.111,15.574,13.245,332.874,18.224,10.099,13.315666666666667,204.204,8.608,7.994,22.394,12.483
1960-10-01,52.401,609031.577,9.795,63.297,16.719,57.639,24.97,13.13,45.076,10.599,22.447,16.227,9.781,57.359,10.336,26.352666666666664,10.481,15.592,19.243333333333332,8.772,23.496,6.071,10.139,11.826,18.879,15.282,791.245,31.576,5.3,29.506,12.802,13.728,18.714,30.129,109.968,33.437,15.878,15.896,11.158,15.642,13.31,332.439,18.221,10.111,13.36,201.987,8.648,7.941,22.341,12.587
1961-01-01,52.427,515399.183,9.829,63.308,16.783,57.483,25.086,13.082,45.659,10.604,22.404,16.27,9.839,57.358,10.329,26.44066666666667,10.483,15.61,19.230333333333334,8.817,23.461,6.059,10.162,11.853,18.898,15.245,787.364,31.598,5.307,29.522,12.73,13.816,18.742,30.089,110.167,33.455,15.795,15.915,11.148,15.671,13.436,331.724,18.207,10.078,13.357999999999999,202.139,8.701,7.941,22.359,12.689
1961-04-01,52.317,556710.052,9.882666666666667,63.607,16.842,57.313,25.42,13.121,46.247,10.635,22.421,16.151,9.902,57.439,10.053,26.535,10.542,15.641,19.282666666666668,8.836,23.474,6.039,10.203,11.912,18.878,15.171,791.814,31.628,5.291,29.874,12.77,13.843,18.611,30.068,110.232,33.355,15.732,15.923,11.182,15.67,13.501,331.103,18.2,10.118,13.424999999999999,202.288,8.786,7.956,22.238,12.809
1961-07-01,52.56,402206.991,9.880666666666665,63.897,16.996,57.154,25.373,13.065,46.871,10.79,22.414,16.097,9.967,57.424,10.282,26.50733333333333,10.541,15.674,19.315,8.888,23.472,6.05,10.248,11.942,18.859,15.139,779.809,31.726,5.301,30.259,12.701,13.869,18.646,30.049,110.336,33.328,15.769,15.913,11.207,15.726,13.602,330.071,18.2,10.12,13.468333333333334,202.515,8.839,7.964,22.238,12.888
1961-10-01,52.538,414309.586,9.927999999999999,63.818,17.105,57.047,25.561,13.12,46.988,10.943,22.416,16.057,10.041,57.39,10.221,26.569,10.597,15.71,19.425,8.913,23.477,6.078,10.291,11.949,18.85,15.117,780.996,31.803,5.318,30.223,12.754,13.929,18.611,30.066,110.276,33.305,15.766,15.919,11.25,15.743,13.697,328.924,18.208,10.112,13.512666666666666,202.68,8.901,7.993,22.102,12.94
1962-01-01,52.342,369306.926,10.038333333333334,63.826,17.099,57.019,25.606,13.19,46.995,11.123,22.433,16.209,10.084,57.413,10.185,26.442333333333334,10.676,15.788,19.433666666666667,8.949,23.493,6.127,10.353,12.001,18.635,15.097,774.775,31.8,5.35,30.241,12.811,14.061,18.684,30.074,110.043,33.363,15.872,15.965,11.301,15.811,13.775,328.031,18.223,10.13,13.631666666666666,198.31,8.997,8.005,22.081,13.014
1962-04-01,52.548,381216.203,10.082333333333333,63.909,17.21,57.021,25.357,13.263,47.123,11.207,22.453,16.246,10.15,57.347,10.248,26.304666666666666,10.724,15.831,19.496666666666666,9.018,23.507,6.188,10.405,12.019,18.665,15.14,773.385,31.859,5.404,30.473,12.888,14.106,18.733,30.115,109.719,32.941,15.942,15.969,11.368,15.867,13.847,327.177,18.226,10.128,13.709666666666669,196.004,9.023,8.031,21.965,13.116
1962-07-01,52.76,320449.483,10.097333333333333,64.119,17.244,57.037,25.342,13.319,47.102,11.194,22.447,16.27,10.224,57.282,10.216,26.251666666666665,10.756,15.869,19.590333333333334,9.053,23.503,6.236,10.446,12.068,18.599,15.2,764.292,31.855,5.436,30.677,12.953,14.115,18.751,30.108,109.727,33.333,15.962,15.958,11.389,15.91,13.908,326.418,18.217,10.125,13.763,193.4,9.033,8.023,22.027,13.154
1962-10-01,52.821,268723.51,10.216000000000001,63.867,17.32,56.837,25.383,13.344,47.177,11.196,22.425,16.339,10.279,57.292,10.444,26.278000000000002,10.796,15.907,19.700666666666667,9.103,23.481,6.289,10.482,12.079,18.696,15.231,754.874,31.859,5.477,30.436,12.913,14.442,18.849,30.084,110.061,33.242,15.948,15.987,11.46,15.958,13.997,325.707,18.195,10.111,13.884666666666666,190.809,9.092,8.046,21.907,13.148
1963-01-01,52.879,235868.584,10.357666666666667,63.888,17.235,56.788,25.42,13.592,47.597,11.231,22.429,16.41,10.342,57.273,10.347,26.375,10.956,15.985,19.650000000000002,9.158,23.481,6.32,10.53,12.128,18.867,15.221,745.888,31.761,5.502,30.448,13.225,14.381,18.876,30.087,110.375,33.358,15.996,16.013,11.549,16.004,14.024,325.555,18.162,10.114,13.939333333333332,189.076,9.175,8.071,21.964,13.14
1963-04-01,52.977,225081.248,10.366999999999999,64.083,17.347,56.676,25.385,13.582,47.805,11.206,22.396,16.344,10.394,57.285,10.223,26.382,10.979,15.999,19.726333333333333,9.206,23.439,6.354,10.563,12.16,18.949,15.204,742.383,31.798,5.533,30.641,13.209,14.398,18.857,30.079,110.623,33.321,15.993,16.15,11.598,16.029,14.103,326.171,18.15,10.074,13.977333333333334,187.3,9.233,8.086,21.909,13.149
1963-07-01,53.119,213937.283,10.347,64.264,17.542,56.65,25.325,13.471,47.965,11.275,22.327,16.492,10.407,57.356,10.328,26.44366666666666,10.935,16.016,19.713333333333335,9.288,23.371,6.414,10.6,12.172,19.061,15.205,737.111,31.912,5.596,30.798,13.059,14.458,18.996,30.113,110.599,33.279,16.055,16.255,11.649,16.107,14.234,326.767,18.161,9.961,14.024000000000001,186.487,9.254,8.108,21.897,13.164
1963-10-01,53.342,205017.501,10.544,64.466,17.761,56.615,25.358,13.796,48.047,11.363,22.387,16.501,10.474,57.534,10.297,26.50133333333333,11.127,16.121,19.812666666666665,9.345,23.436,6.454,10.656,12.22,19.166,15.233,732.392,32.065,5.642,30.901,13.431,14.575,19.034,30.131,110.473,33.619,16.13,16.348,11.708,16.166,14.37,326.232,18.193,10.026,14.103,186.148,9.328,8.114,21.799,13.203
1964-01-01,53.516,200755.201,10.687,64.559,17.862,56.642,25.416,13.93,47.946,11.515,22.322,16.675,10.51,57.56,10.262,26.703,11.207,16.182,19.855666666666668,9.4,23.372,6.523,10.708,12.23,19.337,15.275,732.018,32.199,5.697,30.999,13.541,14.797,19.148,30.143,110.666,34.031,16.173,16.414,11.779,16.243,14.455,323.487,18.248,9.932,14.059666666666667,187.974,9.361,8.103,21.724,13.295
1964-04-01,53.637,194404.601,10.743,64.522,18.119,56.689,25.401,13.944,47.899,11.648,22.516,16.691,10.569,57.529,10.155,26.698666666666668,11.235,16.229,19.954,9.438,23.557,6.574,10.762,12.265,19.435,15.316,730.505,32.366,5.733,30.951,13.515,14.968,19.144,30.29,110.906,34.287,16.209,16.421,11.842,16.278,14.518,322.623,18.272,10.092,14.15,188.693,9.405,8.196,21.711,13.311
1964-07-01,53.595,175183.978,10.933333333333332,64.452,18.307,56.663,25.602,14.136,48.12,11.765,22.548,16.81,10.58,57.374,10.138,26.774,11.347,16.309,19.95866666666667,9.493,23.593,6.624,10.814,12.3,19.407,15.374,722.785,32.46,5.77,30.958,13.697,15.187,19.202,30.309,111.32,34.318,16.217,16.43,11.923,16.331,14.644,321.741,18.266,10.123,14.225333333333333,189.399,9.449,8.207,21.724,13.349
1964-10-01,53.569,165709.295,10.947000000000001,64.324,18.438,56.613,25.879,14.117,48.194,11.876,22.774,16.898,10.604,57.238,10.257,26.938333333333333,11.361,16.378,19.980666666666668,9.561,23.813,6.692,10.862,12.317,19.466,15.438,722.479,32.48,5.826,30.882,13.667,15.207,19.28,30.453,112.178,34.366,16.152,16.462,11.996,16.385,14.699,321.064,18.23,10.342,14.299999999999999,189.075,9.495,8.336,21.642,13.396
1965-01-01,53.771,167265.847,11.036,64.335,18.591,56.708,26.464,14.166,48.842,11.872,22.788,16.865,10.673,57.16,10.434,27.264,11.439,16.45,19.964000000000002,9.647,23.826,6.735,10.905,12.339,19.624,15.493,719.041,32.452,5.866,30.992,13.715,15.254,19.339,30.496,111.409,34.101,16.267,16.548,12.085,16.438,14.756,320.474,18.163,10.332,14.462333333333333,186.21,9.603,8.351,21.616,13.452
1965-04-01,53.885,149103.344,11.091,64.134,18.879,56.675,26.379,14.243,49.275,11.909,22.832,17.103,10.708,57.126,10.532,27.219333333333335,11.507,16.527,20.060666666666666,9.731,23.872,6.79,10.95,12.365,19.541,15.549,706.978,32.539,5.917,30.802,13.807,15.274,19.521,30.57,111.387,34.289,16.284,16.656,12.148,16.522,14.841,318.994,18.125,10.341,14.502666666666668,184.976,9.666,8.412,21.691,13.539
1965-07-01,54.185,157876.652,11.219000000000001,63.814,19.201,56.866,26.405,14.399,49.469,12.013,22.88,17.233,10.804,56.988,10.563,27.296000000000003,11.622,16.602,20.081,9.775,23.917,6.831,11.006,12.391,19.677,15.608,711.963,32.667,5.945,30.584,13.988,15.339,19.628,30.666,111.32,34.183,16.363,16.699,12.224,16.583,14.93,317.289,18.114,10.336,14.572000000000001,183.165,9.751,8.433,21.685,13.603
1965-10-01,54.344,133959.281,11.452333333333334,63.462,19.379,56.649,26.308,14.713,49.948,12.155,23.134,17.229,10.91,56.949,10.677,27.307666666666666,11.807,16.711,20.184,9.843,24.173,6.88,11.075,12.436,19.885,15.671,693.511,32.755,5.979,30.399,14.331,15.546,19.673,30.812,111.397,33.726,16.431,16.739,12.303,16.634,14.979,314.393,18.131,10.617,14.668,181.57,9.83,8.599,21.577,13.678
1966-01-01,54.783,123094.255,11.575000000000001,63.378,19.69,56.593,26.746,14.736,50.401,12.416,23.035,17.626,10.979,57.014,10.683,27.628666666666664,11.887,16.813,20.209666666666667,9.915,24.087,6.948,11.143,12.489,19.98,15.754,684.016,32.933,6.018,30.307,14.312,15.71,19.937,30.792,111.541,33.694,16.494,16.831,12.314,16.763,15.11,313.862,18.177,10.472,14.774666666666667,179.55,9.966,8.578,21.504,13.664
1966-04-01,55.236,110860.673,11.6,63.65,19.917,56.764,26.969,14.74,50.942,12.627,23.414,17.818,11.108,57.241,10.707,27.895666666666667,11.971,16.965,20.442666666666664,10.026,24.454,7.047,11.244,12.536,20.191,15.879,675.251,33.072,6.087,30.465,14.306,15.749,20.105,31.077,112.317,34.002,16.637,16.948,12.468,16.899,15.24,313.79,18.213,10.851,14.855666666666666,178.642,10.128,8.766,21.579,13.71
1966-07-01,55.792,99287.932,11.794333333333334,63.932,20.04,56.928,27.286,14.994,51.441,12.806,23.416,17.906,11.266,57.707,10.84,28.078,12.154,17.114,20.490666666666666,10.137,24.465,7.163,11.346,12.558,20.136,16.063,665.125,33.146,6.159,30.554,14.602,15.84,20.246,31.147,113.013,34.112,16.749,17.048,12.631,17.028,15.285,314.392,18.239,10.786,14.930666666666665,177.536,10.254,8.777,21.628,13.869
1966-10-01,56.349,93065.863,11.848333333333334,64.224,20.228,57.349,27.756,14.992,52.01,12.918,23.691,17.965,11.408,58.149,10.978,28.417666666666662,12.209,17.254,20.613,10.272,24.742,7.29,11.457,12.632,20.254,16.276,660.648,33.243,6.246,30.619,14.575,15.935,20.373,31.412,113.834,34.452,16.957,17.143,12.756,17.16,15.437,315.004,18.256,11.023,15.014000000000001,176.726,10.367,8.89,21.769,14.016
1967-01-01,56.984,89190.891,11.874666666666664,64.091,20.297,57.673,28.248,14.938,52.112,12.859,23.785,17.784,11.59,58.351,11.055,28.636666666666667,12.256,17.326,20.622333333333334,10.365,24.841,7.401,11.537,12.694,20.251,16.467,660.921,33.284,6.322,30.273,14.51,15.931,20.368,31.555,115.079,34.73,17.104,17.231,12.81,17.209,15.543,316.019,18.264,11.047,15.106666666666667,176.539,10.513,8.926,21.762,14.13
1967-04-01,57.499,87018.335,12.009,64.372,20.619,57.992,28.204,15.1,52.738,12.852,23.901,17.71,11.757,58.566,11.134,28.57766666666667,12.381,17.43,20.712666666666667,10.491,24.948,7.499,11.619,12.735,20.199,16.617,661.055,33.457,6.4,30.522,14.686,16.03,20.4,31.727,115.789,34.752,17.215,17.289,12.911,17.291,15.685,315.802,18.294,11.081,15.187333333333335,176.09,10.61,8.975,21.853,14.268
1967-07-01,58.134,86809.194,12.119666666666667,65.082,21.01,58.374,28.172,15.237,53.057,12.96,24.054,17.922,11.876,58.993,11.197,28.635,12.519,17.587,20.86133333333333,10.611,25.088,7.62,11.711,12.79,20.205,16.76,663.62,33.681,6.487,31.156,14.839,16.095,20.614,31.94,116.421,34.926,17.315,17.457,12.984,17.452,15.869,315.473,18.345,11.143,15.272666666666666,175.483,10.759,9.037,22.005,14.405
1967-10-01,58.699,83356.997,12.317,65.739,21.519,58.802,28.327,15.511,53.495,13.191,24.341,17.991,12.02,59.378,11.231,28.759666666666664,12.718,17.781,21.019000000000002,10.736,25.376,7.74,11.823,12.86,20.217,16.91,661.707,33.988,6.573,31.659,15.142,16.233,20.752,32.249,117.083,35.094,17.454,17.657,13.067,17.602,16.112,317.362,18.417,11.348,15.379,175.337,10.898,9.163,22.263,14.523
1968-01-01,59.579,78740.204,12.524333333333333,66.166,22.146,59.021,28.529,15.639,54.035,13.47,24.6,18.163,12.172,60.274,11.308,28.957000000000004,12.873,17.975,21.199666666666666,10.886,25.628,7.866,11.968,12.934,20.352,17.052,656.928,34.376,6.676,31.655,15.222,16.553,20.967,32.51,117.516,35.251,17.6,17.825,13.273,17.789,16.371,319.7,18.511,11.55,15.545333333333332,175.649,11.09,9.292,22.31,14.708
1968-04-01,60.677,75176.17,12.696666666666665,66.569,22.375,59.537,29.118,15.818,54.483,13.832,24.834,18.303,12.331,60.925,11.292,29.389,13.033,18.177,21.373,11.024,25.857,7.981,12.113,13.022,20.506,17.285,655.611,34.616,6.773,31.812,15.395,16.741,21.166,32.826,118.436,35.247,17.812,18.014,13.442,17.971,16.558,320.923,18.631,11.653,15.679333333333332,175.702,11.244,9.41,22.485,14.891
1968-07-01,61.667,71371.117,12.933,67.123,22.567,60.032,28.759,16.081,55.074,14.186,24.983,18.442,12.519,61.397,11.399,29.262333333333334,13.211,18.351,21.503333333333334,11.175,26.0,8.095,12.253,13.098,20.548,17.5,654.485,34.878,6.873,32.061,15.654,17.011,21.369,33.093,119.601,35.737,18.041,18.147,13.587,18.157,16.757,323.326,18.776,11.659,15.816666666666668,176.205,11.352,9.486,22.64,15.044
1968-10-01,62.464,70291.423,13.160000000000002,67.736,22.923,60.642,28.962,16.312,55.834,14.474,25.52,18.661,12.686,61.932,11.434,29.49933333333333,13.429,18.607,21.828000000000003,11.345,26.535,8.227,12.401,13.193,20.695,17.719,658.622,35.24,6.981,32.341,15.867,17.302,21.592,33.585,120.969,36.335,18.212,18.314,13.759,18.358,16.906,325.518,18.946,12.117,15.947000000000001,176.818,11.573,9.725,22.882,15.264
1969-01-01,63.277,69220.738,13.217666666666666,68.131,23.449,60.855,29.396,16.346,56.907,14.812,25.813,18.737,12.848,62.498,11.565,29.817333333333334,13.535,18.793,22.066999999999997,11.525,26.83,8.37,12.554,13.287,20.781,17.804,660.451,35.694,7.083,32.369,15.888,17.386,21.753,33.86,121.832,36.925,18.353,18.441,13.92,18.536,17.062,327.569,19.141,12.364,16.051,177.078,11.749,9.863,22.877,15.512
1969-04-01,64.022,67733.5,13.39,68.642,23.8,61.171,29.445,16.575,57.962,15.073,26.091,19.029,13.034,63.118,11.781,29.942333333333334,13.761,19.041,22.468333333333334,11.739,27.114,8.54,12.721,13.402,20.872,17.875,660.402,36.065,7.214,32.546,16.13,17.553,22.056,34.18,122.441,37.297,18.493,18.632,14.089,18.772,17.267,329.754,19.337,12.542,16.227999999999998,176.906,11.983,10.026,23.059,15.811
1969-07-01,64.819,65886.541,13.773000000000001,68.97,24.361,61.716,29.847,17.005,58.875,15.289,26.329,19.412,13.261,63.61,11.755,30.27,14.062,19.312,22.691,11.937,27.351,8.68,12.888,13.547,21.023,18.008,661.913,36.539,7.34,32.631,16.546,18.017,22.364,34.558,123.579,37.555,18.609,18.853,14.26,19.002,17.454,330.929,19.534,12.593,16.433333333333334,177.908,12.187,10.165,23.448,16.02
1969-10-01,65.489,64783.688,13.961333333333334,69.395,24.74,62.254,30.537,17.218,59.599,15.535,26.672,19.689,13.54,64.034,11.725,30.95266666666667,14.272,19.554,23.064333333333334,12.143,27.711,8.847,13.067,13.686,21.565,18.222,664.448,36.94,7.48,32.899,16.745,18.274,22.602,34.983,124.616,37.853,18.756,19.05,14.411,19.221,17.64,330.916,19.732,12.782,16.578,178.86,12.406,10.358,23.677,16.252
1970-01-01,65.987,64499.317,14.442,69.514,25.433,62.928,30.536,17.722,60.068,15.693,26.887,20.074,13.774,64.318,11.687,31.219666666666665,14.64,19.823,23.498666666666665,12.351,27.934,9.019,13.247,13.829,21.793,18.48,669.277,37.475,7.635,32.942,17.199,18.946,22.893,35.371,125.823,38.038,18.913,19.293,14.549,19.444,17.829,329.87,19.931,12.771,16.572,180.746,12.676,10.462,23.962,16.751
1970-04-01,66.395,62733.678,14.687666666666667,69.787,25.727,63.525,31.133,17.956,60.483,15.831,27.465,20.243,14.089,64.605,11.906,31.650333333333332,14.888,20.109,23.930000000000003,12.535,28.514,9.203,13.434,13.969,22.042,18.754,670.699,37.819,7.772,33.141,17.394,19.311,23.118,35.95,127.075,38.29,19.101,19.511,14.761,19.659,18.041,328.898,20.133,13.244,16.815,180.736,12.944,10.789,24.178,16.946
1970-07-01,66.98,58486.095,14.944000000000003,70.301,26.196,64.003,31.059,18.263,60.941,15.984,27.407,20.373,14.271,64.73,11.831,31.857333333333333,15.149,20.274,24.299666666666667,12.693,28.457,9.344,13.603,14.133,22.581,19.007,666.231,38.221,7.885,33.628,17.696,19.62,23.274,36.182,128.139,38.504,19.287,19.746,14.933,19.851,18.255,329.172,20.336,12.888,17.023666666666667,180.747,13.178,10.819,24.431,17.243
1970-10-01,67.827,54672.268,15.14,71.47,26.759,64.752,31.174,18.495,62.028,16.229,27.728,20.465,14.443,65.119,12.06,32.08566666666667,15.387,20.539,24.720333333333333,12.875,28.792,9.472,13.803,14.339,22.809,19.241,663.313,38.644,7.987,34.671,17.922,19.865,23.481,36.659,129.379,38.684,19.591,19.926,15.171,20.108,18.5,333.008,20.542,12.994,17.206666666666667,180.284,13.428,10.998,24.95,17.572
1971-01-01,68.451,51494.268,15.642000000000001,72.482,27.48,65.462,32.082,19.081,63.171,16.43,28.21,20.355,14.679,65.456,12.067,32.668,15.808,20.85,25.094666666666665,13.003,29.294,9.565,13.987,14.531,23.382,19.412,660.619,39.074,8.041,35.473,18.504,20.442,23.52,37.178,130.51,38.969,19.916,20.108,15.395,20.299,18.727,337.115,20.751,13.341,17.70866666666667,178.102,13.733,11.226,25.477,17.815
1971-04-01,69.105,47134.558,15.965666666666666,72.998,27.658,65.877,32.154,19.437,63.861,16.728,28.607,20.723,14.817,65.773,11.865,32.73866666666667,16.099,21.13,25.471333333333334,13.142,29.71,9.685,14.173,14.716,23.464,19.637,654.542,39.33,8.126,35.65,18.839,20.855,23.765,37.613,131.663,39.218,20.121,20.31,15.599,20.53,18.893,341.895,20.946,13.615,17.984333333333336,176.719,13.981,11.481,25.726,18.204
1971-07-01,69.453,43509.52,16.19966666666667,72.835,27.812,65.972,31.997,19.719,64.813,17.068,28.94,20.893,14.992,66.067,12.088,32.75366666666667,16.33,21.343,25.741,13.305,30.034,9.797,14.371,14.895,23.751,19.837,648.461,39.573,8.22,35.136,19.127,21.116,23.973,37.945,132.711,39.644,20.257,20.475,15.854,20.732,19.059,344.382,21.128,13.866,18.238,175.86,14.178,11.736,25.628,18.6
1971-10-01,69.68,40897.874,16.44966666666667,72.461,27.868,65.968,32.195,20.122,65.287,17.316,29.205,21.034,15.108,66.155,12.238,32.96366666666667,16.586,21.52,26.058333333333334,13.436,30.291,9.9,14.507,15.009,24.105,19.966,644.614,39.753,8.308,34.62,19.592,21.337,24.126,38.184,133.76,39.899,20.296,20.587,16.07,20.86,19.141,344.539,21.295,14.08,18.485333333333333,174.633,14.333,11.941,25.528,18.704
1972-01-01,70.08,38547.996,16.878333333333334,73.086,28.515,66.427,33.061,20.953,65.957,17.672,29.565,21.483,15.211,66.351,12.081,33.471333333333334,17.112,21.865,27.503666666666664,13.603,30.646,10.008,14.666,15.154,24.514,20.011,640.856,40.118,8.419,35.138,20.636,21.582,24.389,38.616,134.854,40.298,20.581,20.741,16.276,21.08,19.292,345.589,21.45,14.278,18.924333333333333,173.534,14.654,12.175,25.942,18.872
1972-04-01,70.261,37352.333,17.063666666666666,73.461,28.894,66.737,33.323,21.166,66.32,17.844,29.764,21.553,15.38,66.576,11.994,33.86633333333333,17.3,21.999,27.670333333333332,13.712,30.858,10.082,14.788,15.266,25.148,20.078,637.309,40.445,8.494,35.414,20.857,21.768,24.446,38.912,135.055,40.509,20.798,20.845,16.459,21.202,19.374,346.328,21.632,14.345,19.116666666666664,173.101,14.827,12.327,26.176,18.937
1972-07-01,70.307,36116.345,17.236,73.836,29.16,66.862,33.454,21.34,67.237,18.015,30.057,21.81,15.525,66.915,12.25,34.11966666666667,17.503,22.198,27.971999999999998,13.954,31.179,10.213,14.931,15.414,25.554,20.132,635.279,40.776,8.655,35.603,21.022,21.964,24.662,39.161,135.689,40.858,20.749,20.933,16.604,21.388,19.488,347.432,21.842,14.586,19.362,173.038,15.052,12.488,26.4,19.06
1972-10-01,71.063,35620.144,17.580000000000002,73.599,29.273,66.708,34.215,21.804,68.243,18.09,30.482,22.116,15.684,67.353,12.505,34.75566666666666,17.813,22.45,28.393,14.122,31.622,10.299,15.067,15.559,26.12,20.241,635.501,41.094,8.751,35.077,21.508,22.369,24.946,39.396,136.175,41.169,20.742,20.991,16.8,21.562,19.61,348.411,22.08,15.034,19.653333333333332,173.124,15.259,12.731,26.037,19.246
1973-01-01,71.649,36771.919,17.921,73.904,29.677,66.986,35.189,22.155,67.997,17.896,30.789,22.952,15.851,67.711,12.681,35.763,18.133,22.735,28.684,14.189,31.906,10.404,15.199,15.778,26.888,20.353,642.514,41.597,8.818,35.221,21.836,22.772,25.479,39.738,136.997,41.235,20.874,21.115,16.897,21.823,19.74,349.717,22.346,15.23,19.819666666666667,175.003,15.559,12.92,25.93,19.471
1973-04-01,72.68,36548.632,18.198333333333334,74.486,29.887,67.661,36.768,22.54,69.901,18.145,31.333,24.011,16.232,68.112,13.132,37.51833333333333,18.453,23.111,29.195000000000004,14.496,32.474,10.543,15.429,15.948,29.005,20.546,645.728,42.181,8.989,35.527,22.267,23.042,26.247,40.302,138.044,41.882,21.142,21.354,17.241,22.242,20.022,351.452,22.745,15.614,20.59266666666667,176.349,15.836,13.196,26.241,19.734
1973-07-01,73.065,34513.822,18.488,74.853,30.108,68.208,38.896,23.006,72.891,18.4,31.994,25.093,16.648,68.602,13.381,39.18933333333333,18.764,23.553,29.707333333333334,14.998,33.152,10.691,15.685,16.108,30.387,20.787,641.134,42.905,9.274,35.597,22.803,23.334,26.914,40.927,138.616,42.375,21.347,21.546,17.763,22.647,20.234,352.916,23.277,16.145,21.334,177.106,16.049,13.562,26.629,19.978
1973-10-01,73.669,32140.28,18.895666666666667,75.092,30.37,68.388,40.869,23.498,74.227,18.689,32.422,25.913,17.294,69.071,14.73,41.279333333333334,19.141,23.961,30.19333333333333,15.259,33.548,10.881,15.98,16.315,32.672,21.036,633.613,43.79,9.432,35.532,23.268,23.886,27.741,41.414,138.788,42.656,21.276,21.77,18.125,23.11,20.529,354.928,23.942,16.426,21.94066666666667,177.7,16.353,13.893,26.888,20.297
1974-01-01,74.994,30313.08,19.072333333333333,75.924,30.846,69.235,43.712,23.739,77.371,19.144,33.059,27.144,17.654,70.355,17.502,45.177666666666674,19.525,24.446,31.072999999999997,15.742,34.242,11.115,16.297,16.551,37.854,21.388,631.992,44.9,9.696,35.57,23.545,24.04,29.172,42.189,140.143,43.666,21.448,22.159,18.653,23.798,20.818,358.953,24.741,16.799,22.905666666666665,178.567,16.828,14.267,27.529,20.643
1974-04-01,77.229,28848.88,19.508333333333333,77.846,31.356,70.97,45.206,24.168,81.546,19.522,34.009,27.782,18.129,72.414,19.092,48.11266666666666,20.05,24.989,31.93466666666667,16.35,35.265,11.431,16.666,16.773,42.193,21.937,644.086,46.036,10.016,36.607,23.882,24.688,30.238,43.497,144.702,44.654,22.001,22.959,19.27,24.472,21.285,363.778,25.484,17.196,23.567333333333334,181.64,17.413,14.889,28.328,21.2
1974-07-01,79.632,27850.692,20.012,80.812,32.022,73.875,47.751,24.874,82.893,19.926,35.304,28.373,18.696,75.182,19.346,50.623333333333335,20.713,25.759,33.165,16.761,36.643,11.821,17.055,17.025,44.358,22.913,656.294,47.175,10.3,38.528,24.67,25.197,31.089,45.26,149.086,45.67,23.437,24.066,19.713,25.132,21.748,371.085,26.172,17.746,24.122666666666664,185.219,18.048,15.583,29.31,21.863
1974-10-01,80.8,27271.569,20.71766666666667,83.339,32.84,77.507,50.187,25.7,84.46,20.32,36.683,29.567,19.182,77.833,19.052,52.74533333333333,21.359,26.541,33.94433333333333,17.156,38.002,12.189,17.432,17.348,45.776,24.268,670.203,48.275,10.559,39.908,25.448,26.126,31.971,47.223,153.636,47.093,25.256,25.042,19.963,25.771,22.257,377.628,26.804,18.225,24.677000000000003,188.27,18.579,16.238,30.359,22.588
1975-01-01,81.119,27342.382,21.109333333333336,84.645,33.414,81.084,51.599,26.167,86.878,20.654,37.937,29.99,19.621,79.604,19.109,53.907000000000004,21.77,27.141,34.651,17.559,39.303,12.489,17.824,17.807,46.496,25.773,685.696,49.221,10.789,40.31,25.872,26.691,32.426,48.972,157.747,47.809,26.958,25.798,20.231,26.256,22.741,383.512,27.382,18.69,25.063,190.876,18.953,16.712,31.159,23.227
1975-04-01,81.352,27163.078,21.474666666666668,86.167,34.701,83.67,51.452,26.546,87.746,21.021,38.831,29.813,19.898,80.946,19.465,53.84633333333333,22.149,27.534,35.21666666666667,17.87,40.204,12.762,18.123,18.085,46.617,27.018,694.732,50.139,11.009,41.051,26.201,27.178,32.543,50.226,160.371,48.413,27.854,26.174,20.541,26.578,22.958,392.096,27.869,19.016,25.496333333333336,190.832,19.329,17.014,32.039,23.728
1975-07-01,81.939,26218.848,21.813,87.112,35.142,84.963,51.299,26.904,90.618,21.192,39.293,30.541,20.188,81.733,20.645,53.482,22.439,28.021,35.426,18.463,40.682,13.085,18.45,18.369,45.581,27.861,694.719,50.725,11.376,41.652,26.534,27.59,33.268,50.872,161.343,49.048,28.361,26.382,21.073,27.076,23.215,394.361,28.266,19.192,25.84,191.024,19.576,17.165,32.283,24.195
1975-10-01,82.267,24994.086,22.304333333333332,88.451,35.668,86.284,51.613,27.522,90.997,21.604,39.874,31.008,20.59,82.907,21.039,53.74966666666666,22.83,28.489,35.88966666666666,18.752,41.234,13.457,18.823,18.759,45.654,28.424,696.497,51.26,11.599,42.484,27.161,28.186,33.696,51.568,163.207,49.58,28.845,26.694,21.317,27.53,23.543,398.863,28.573,19.539,26.285,191.792,19.826,17.367,32.948,24.684
1976-01-01,82.971,23665.604,22.595,89.646,35.797,87.609,52.36,27.924,93.375,21.748,40.259,30.819,20.904,83.9,20.851,54.44133333333334,23.122,28.8,36.39333333333334,19.131,41.596,13.768,19.129,19.084,46.403,28.824,700.077,51.517,11.809,43.282,27.608,28.484,33.739,52.137,165.911,50.171,29.371,27.127,21.605,27.833,23.849,401.576,28.789,19.66,26.609666666666666,191.27,20.05,17.472,33.736,25.139
1976-04-01,83.676,22438.231,22.799666666666667,90.641,36.364,88.453,52.931,28.158,93.026,21.591,40.958,30.601,21.233,84.533,20.65,55.040333333333336,23.363,29.088,36.71666666666667,19.383,42.302,14.053,19.388,19.363,47.112,29.262,701.646,52.257,12.033,43.97,27.85,28.701,33.737,52.807,168.099,50.589,29.752,27.47,21.92,28.066,24.083,404.898,29.302,20.233,26.825999999999997,191.119,20.293,17.786,33.97,25.536
1976-07-01,84.864,21431.574,23.027,91.738,36.891,89.587,53.241,28.481,93.109,22.083,41.533,30.951,21.589,85.072,21.018,55.628666666666675,23.58,29.459,37.039,19.729,42.897,14.342,19.743,19.703,47.952,29.775,701.207,52.899,12.316,44.813,28.206,28.95,34.156,53.51,169.476,51.414,30.19,27.735,22.321,28.492,24.394,406.375,29.712,20.559,27.273666666666667,191.635,20.444,18.047,34.581,25.963
1976-10-01,85.644,20759.65,23.599999999999998,93.29,37.34,90.977,54.192,29.242,95.206,22.392,42.182,31.237,21.883,85.676,21.58,56.41733333333334,24.022,29.96,37.54666666666667,20.049,43.55,14.623,20.081,20.156,48.431,30.353,696.328,53.573,12.49,46.084,29.015,29.607,34.599,54.292,169.027,52.169,30.96,28.15,22.514,28.942,24.708,410.0,30.175,20.935,27.714,192.214,20.689,18.297,35.353,26.345
1977-01-01,86.891,20932.501,23.926333333333332,94.247,37.513,92.456,54.812,29.656,98.397,22.579,43.066,31.802,22.244,86.735,22.169,57.65366666666666,24.422,30.443,38.181666666666665,20.547,44.434,14.924,20.475,20.691,50.157,31.16,698.356,53.987,12.766,46.513,29.488,29.893,35.232,55.35,169.176,52.746,31.666,28.608,22.883,29.465,24.994,413.569,30.439,21.449,28.109333333333336,193.791,21.079,18.878,35.72,26.828
1977-04-01,87.151,20288.914,24.255666666666666,94.727,37.899,93.818,55.624,29.993,98.18,23.293,43.869,32.708,22.798,87.371,22.495,58.73133333333333,24.786,30.925,38.67066666666667,20.854,45.256,15.274,20.894,21.103,51.533,31.911,694.703,54.541,13.026,46.693,29.799,30.285,35.878,56.183,169.185,52.962,32.313,29.007,23.128,29.969,25.271,415.599,30.824,22.028,28.658666666666665,193.993,21.456,19.218,36.336,27.337
1977-07-01,88.504,18787.698,24.459999999999997,95.711,38.333,95.327,55.348,30.141,101.293,24.171,44.844,33.036,23.204,88.376,22.465,58.90966666666666,25.069,31.351,38.97166666666667,21.249,46.141,15.534,21.287,21.531,52.206,32.606,686.112,55.16,13.221,47.153,29.911,30.51,36.251,57.158,169.476,53.61,33.047,29.416,23.355,30.42,25.543,419.202,31.281,22.758,29.163666666666668,193.517,21.821,19.652,37.418,27.776
1977-10-01,88.999,16827.867,25.144000000000002,96.992,38.725,96.937,55.61,31.014,102.506,24.781,45.809,33.342,23.563,89.207,22.975,59.29566666666667,25.632,31.875,39.54033333333333,21.493,47.069,15.786,21.63,21.918,52.735,33.26,674.394,55.785,13.371,48.2,30.863,31.218,36.675,58.15,170.098,53.987,33.829,29.854,23.535,30.852,25.867,420.989,31.785,23.464,29.730333333333334,192.393,22.189,20.066,38.853,28.186
1978-01-01,88.509,14897.186,25.404666666666667,98.382,39.966,98.08,56.696,31.369,103.859,25.748,46.681,34.204,23.99,89.96,23.068,60.327333333333335,25.962,32.397,40.14533333333333,21.939,47.964,16.152,22.041,22.243,53.62,34.026,667.926,56.551,13.681,49.138,31.273,31.461,37.164,59.011,172.843,54.82,34.236,30.197,23.804,31.358,26.269,425.761,32.23,24.139,30.211,189.637,22.503,20.497,39.653,28.723
1978-04-01,89.726,13358.634,25.84266666666667,99.882,40.658,99.263,58.107,31.985,105.287,26.614,47.644,35.72,24.624,91.677,23.035,61.77333333333334,26.43,33.043,40.897,22.338,48.937,16.445,22.486,22.635,54.921,34.697,663.744,57.241,13.948,49.801,31.999,31.853,38.056,59.994,175.872,55.59,35.076,30.491,24.23,32.002,26.717,431.82,32.694,24.858,30.880333333333336,188.971,22.879,21.07,40.073,29.058
1978-07-01,89.799,12240.879,26.268333333333334,101.5,41.341,100.504,59.059,32.52,108.389,26.867,48.574,36.469,25.314,93.024,23.507,62.68333333333333,26.851,33.626,41.547000000000004,22.898,49.902,16.828,22.897,22.963,55.836,35.392,658.96,58.083,14.279,50.857,32.535,32.383,38.681,60.976,177.956,56.795,35.815,31.063,24.704,32.564,27.141,433.704,33.286,25.523,31.69966666666667,188.695,23.227,21.587,40.7,29.571
1978-10-01,90.156,11476.645,26.732333333333333,103.276,41.9,101.719,60.997,33.081,109.114,27.502,49.544,37.019,25.908,94.823,24.641,64.23766666666667,27.272,34.291,42.147,23.369,50.92,17.285,23.373,23.42,56.817,36.121,653.982,59.023,14.635,51.833,33.059,33.016,39.343,62.028,179.039,57.942,36.546,31.491,25.036,33.179,27.629,437.969,33.973,26.195,32.28733333333333,189.278,23.56,22.176,41.272,30.064
1979-01-01,90.343,11491.133,27.249666666666666,104.953,41.975,103.611,62.796,33.691,111.72,26.445,50.576,38.416,26.595,96.305,25.816,66.42166666666667,27.854,34.931,42.88766666666667,23.997,51.957,17.74,23.698,23.816,59.036,37.047,655.785,59.934,15.042,52.856,33.733,33.498,40.441,63.332,179.574,58.639,37.087,32.094,25.455,33.804,28.028,443.33,34.664,26.725,32.796,192.362,24.121,22.794,42.475,30.502
1979-04-01,91.219,11195.447,27.669333333333338,106.8,42.635,105.499,65.353,34.2,114.564,28.478,51.864,39.214,27.361,97.514,29.525,69.29833333333333,28.391,35.775,43.69233333333333,24.486,53.264,18.039,24.315,24.259,62.106,37.973,656.361,61.02,15.324,54.049,34.292,33.907,41.813,64.726,180.913,59.686,37.875,32.503,25.958,34.728,28.578,449.974,35.423,27.637,33.787,193.81,24.673,23.493,43.518,31.294
1979-07-01,91.417,10563.27,28.412333333333333,108.026,42.99,107.218,66.885,34.998,119.631,28.882,53.112,39.577,27.986,98.492,34.378,72.23766666666667,29.216,36.522,44.595333333333336,25.202,54.565,18.459,24.88,24.915,66.74,39.022,651.374,62.089,15.702,54.574,35.151,34.582,43.168,66.088,181.853,61.311,39.015,33.025,26.493,35.59,28.981,453.906,36.255,28.516,34.93333333333333,195.516,25.509,24.221,44.173,32.276
1979-10-01,92.218,9815.477,29.037000000000003,109.973,43.679,109.081,68.114,35.768,122.475,28.906,54.186,40.289,28.671,100.22,37.237,74.87433333333333,29.82,37.188,45.50533333333334,25.94,55.683,18.976,25.479,25.648,71.159,39.959,647.252,63.204,16.188,55.353,35.884,35.427,44.337,67.326,183.877,64.082,39.981,33.678,26.965,36.451,29.285,459.018,37.024,29.212,36.16466666666667,197.236,26.007,24.735,45.406,33.785
1980-01-01,93.427,9332.412,29.617333333333335,113.197,43.847,111.891,70.12,36.475,124.965,29.205,55.445,40.914,29.385,102.892,42.517,78.7,30.511,38.001,46.407999999999994,26.799,56.983,19.652,26.121,26.183,77.095,41.493,650.987,64.458,16.789,56.763,36.701,35.911,46.043,68.825,187.608,68.708,41.142,34.593,27.711,37.545,29.837,466.658,38.142,29.984,37.717,197.802,26.684,25.162,46.813,35.186
1980-04-01,94.224,8633.133,30.71666666666667,115.869,44.372,114.736,71.081,37.885,129.422,29.831,56.721,41.766,30.026,105.273,44.568,80.67399999999999,31.507,38.903,47.748,27.557,58.317,20.197,26.757,26.842,79.893,42.906,653.654,65.691,17.225,57.647,38.215,37.116,47.168,70.405,192.402,73.232,42.887,35.496,28.169,38.464,30.706,473.473,39.079,30.692,38.550666666666665,199.382,27.417,25.673,47.956,36.4
1980-07-01,94.909,8019.796,31.150666666666666,117.981,45.362,117.24,73.091,38.269,127.78,30.663,57.948,43.319,30.613,107.308,44.469,82.79266666666668,32.137,39.77,48.71633333333333,28.154,59.534,20.79,27.485,27.588,82.137,44.22,656.814,66.949,17.788,58.634,38.523,37.644,48.167,71.908,197.679,75.175,44.04,36.292,28.953,39.364,31.306,480.027,39.966,31.392,39.60466666666667,200.109,28.208,26.221,49.299,37.765
1980-10-01,96.032,7626.048,32.026999999999994,120.003,46.069,118.993,75.557,39.421,129.783,32.226,59.188,44.74,31.304,108.949,44.981,84.91966666666667,33.054,40.825,50.03766666666667,29.009,60.798,21.437,28.277,28.353,83.572,45.423,659.962,68.168,18.411,59.858,39.838,38.473,49.209,73.413,201.972,76.452,44.69,36.911,29.564,40.338,31.71,486.442,40.892,32.114,40.336666666666666,200.875,28.976,27.041,49.936,39.056
1981-01-01,96.723,7597.104,32.89266666666666,121.527,47.013,121.348,77.448,40.209,131.894,33.139,60.75,45.325,32.162,111.087,49.638,87.17199999999998,33.932,41.907,50.955666666666666,29.853,62.552,22.099,29.049,29.068,85.722,46.479,667.099,69.45,19.02,60.519,40.484,39.544,50.663,75.432,205.257,76.858,46.252,37.703,30.307,41.384,32.364,491.486,41.685,32.849,41.06966666666667,203.919,29.917,28.201,50.513,40.474
1981-04-01,97.561,7557.993,33.592999999999996,123.818,47.129,123.659,77.789,41.144,136.679,33.057,62.092,45.437,32.8,113.103,50.187,87.71100000000001,34.689,42.694,52.15200000000001,30.549,63.933,22.573,29.626,29.807,86.244,47.334,671.07,70.658,19.388,62.241,41.516,40.283,51.165,77.253,207.408,77.1,47.492,38.581,31.099,42.078,32.611,497.039,42.727,33.349,41.60566666666667,205.684,30.562,29.181,51.993,41.136
1981-07-01,98.335,7367.75,34.20933333333333,125.649,47.821,125.111,77.911,42.046,135.104,32.738,63.126,46.036,33.375,115.037,49.469,86.858,35.299,43.524,53.264,31.246,64.963,23.324,30.309,30.667,83.997,48.094,670.538,71.756,20.035,63.592,42.498,41.02,51.568,78.64,209.053,77.533,48.587,39.201,31.919,42.772,32.954,499.081,43.472,33.743,42.13666666666666,207.741,30.977,30.007,52.574,42.142
1981-10-01,98.473,7015.919,34.777,127.285,48.586,126.61,78.165,42.852,133.667,32.653,64.39,46.105,33.828,116.562,49.824,87.04899999999999,35.915,44.243,54.07833333333334,32.05,66.169,24.105,30.976,31.445,84.176,48.757,669.475,73.198,20.777,64.566,43.481,41.45,51.908,80.284,212.158,78.228,49.793,39.954,32.815,43.427,33.503,504.488,44.552,34.287,42.846000000000004,209.558,31.466,31.022,53.379,42.705
1982-01-01,98.68,6869.195,35.423,128.355,48.67,127.588,78.635,43.536,130.542,33.439,65.271,46.572,34.254,118.258,48.676,87.18733333333334,36.505,44.877,54.699999999999996,32.615,67.001,24.755,31.586,32.13,83.926,48.944,669.188,74.034,21.407,64.982,44.108,42.253,52.15,81.363,213.436,78.325,50.867,40.684,33.308,43.979,33.973,508.264,45.246,34.779,43.29866666666667,211.285,31.997,31.694,53.928,43.015
1982-04-01,99.368,6747.347,35.967,129.354,49.188,129.125,78.58,44.399,127.897,34.176,66.054,46.996,34.69,119.901,46.029,86.51533333333333,37.159,45.473,56.1,32.956,67.762,25.243,32.114,32.664,82.452,49.939,677.068,74.915,21.832,65.647,45.095,42.834,52.146,82.279,218.015,77.643,51.303,41.46,33.797,44.402,34.35,510.43,45.923,35.306,43.46333333333334,212.009,32.511,32.009,54.264,43.752
1982-07-01,99.574,6625.98,36.409,129.816,49.807,129.938,78.016,44.771,126.85,35.594,66.458,47.184,35.203,120.13,47.953,86.005,37.61,46.104,56.425333333333334,33.656,68.18,25.937,32.788,33.293,81.469,50.32,679.412,75.721,22.491,66.064,45.434,43.283,52.819,82.744,220.247,78.099,51.615,42.154,34.151,45.103,34.916,510.036,46.499,35.587,43.651,212.711,33.021,32.097,54.801,44.468
1982-10-01,99.198,6595.034,36.84733333333333,130.192,50.138,130.5,77.564,45.3,124.04,36.842,66.637,46.963,35.575,120.991,47.212,85.44233333333334,38.07,46.571,57.077333333333335,34.134,68.325,26.532,33.442,34.057,80.844,50.54,681.805,76.579,23.059,66.121,45.983,43.765,52.849,82.931,221.564,78.639,52.017,43.172,34.701,45.601,35.333,509.357,47.248,35.753,43.98733333333333,212.879,33.441,31.954,54.9,44.443
1983-01-01,99.775,6085.916,36.89266666666666,131.121,51.051,130.385,77.893,45.385,119.756,37.672,66.449,46.976,35.918,121.709,44.576,84.72066666666667,38.244,46.943,57.17333333333334,34.519,68.168,27.191,33.979,34.561,79.144,50.8,671.736,77.287,23.641,66.962,46.239,43.464,52.702,82.519,223.49,79.486,52.394,44.104,35.287,45.978,35.673,507.216,47.769,35.945,44.371,211.813,33.681,31.407,55.192,44.285
1983-04-01,100.423,5723.334,37.303000000000004,131.608,51.684,129.876,78.177,45.735,119.71,36.569,66.266,47.509,36.278,122.369,45.783,85.08533333333334,38.601,47.291,57.48499999999999,34.94,67.925,27.62,34.281,35.019,79.144,51.018,660.332,77.732,24.017,67.32,46.487,44.049,53.362,82.161,223.614,80.329,52.585,44.54,35.706,46.398,36.079,504.299,48.116,36.038,44.512,210.753,34.051,31.091,55.204,45.292
1983-07-01,101.269,5387.787,37.699999999999996,132.328,52.301,129.27,78.615,46.242,117.105,39.333,66.286,47.603,36.54,122.947,46.53,85.50633333333333,39.002,47.794,57.992333333333335,35.349,67.9,28.223,34.936,35.337,79.294,50.993,651.156,78.483,24.539,67.949,47.044,44.442,53.764,82.046,224.899,81.363,52.567,45.006,36.111,47.008,36.159,501.369,48.802,36.241,44.810333333333325,209.483,34.381,31.025,55.281,46.15
1983-10-01,100.786,5177.382,37.86833333333333,133.151,52.67,129.105,79.386,46.544,114.513,38.923,66.429,47.783,37.02,123.423,45.644,85.72133333333333,39.278,48.151,58.262,35.762,68.106,28.807,35.334,35.775,78.789,51.033,644.783,78.998,25.077,68.765,47.526,44.303,53.74,82.046,225.584,81.614,52.861,45.355,36.528,47.318,36.676,500.814,49.321,36.55,44.93366666666666,208.334,34.642,30.979,55.484,46.618
1984-01-01,100.955,4844.699,38.481,133.19,52.737,128.866,79.488,47.147,113.966,38.892,66.572,48.739,37.496,123.442,45.867,86.12566666666667,39.818,48.626,58.739,36.242,68.31,29.358,35.809,36.157,79.024,51.23,635.779,79.657,25.551,68.847,48.077,45.043,54.365,82.112,227.396,82.002,53.174,45.806,37.405,47.83,37.05,498.881,50.061,36.77,45.03333333333333,207.456,35.145,31.015,55.725,47.347
1984-04-01,100.386,4593.022,38.97266666666667,134.017,53.67,128.763,79.998,47.617,113.875,40.39,66.897,48.727,37.931,124.079,45.797,86.548,40.205,49.063,58.94233333333333,36.717,68.686,29.841,36.37,36.702,79.463,51.564,628.545,80.116,25.994,69.567,48.508,45.611,54.399,82.416,229.003,82.638,53.551,46.175,37.718,48.293,37.51,497.686,50.265,37.078,45.389,207.443,35.479,31.327,55.796,47.472
1984-07-01,101.224,4395.67,39.541,134.283,54.688,128.485,79.186,48.325,112.255,41.455,67.165,49.031,38.293,124.083,44.419,85.64966666666668,40.691,49.506,59.345666666666666,37.041,68.943,30.269,36.833,37.297,78.052,51.617,621.685,80.719,26.408,70.095,49.295,46.129,54.522,82.595,229.976,82.553,53.823,46.671,37.824,48.666,37.947,494.79,50.712,37.43,45.17166666666666,206.133,35.81,31.529,55.903,47.084
1984-10-01,101.772,4268.226,40.077666666666666,134.53,55.013,128.286,78.336,48.92,110.517,41.391,67.38,49.08,38.61,124.787,44.558,84.88799999999999,41.144,49.852,59.48866666666667,37.374,69.095,30.745,37.173,37.695,77.098,51.711,617.065,80.767,26.847,70.232,49.995,46.472,54.72,82.691,230.712,82.491,53.851,46.985,37.992,48.966,38.331,493.836,50.766,37.782,45.114000000000004,205.069,36.166,31.716,56.038,47.641
1985-01-01,102.677,4079.923,40.233333333333334,135.215,55.903,128.162,77.48,48.725,110.218,43.603,67.618,49.39,39.015,125.055,44.518,83.78266666666667,41.304,50.363,59.636,37.744,69.286,31.211,37.782,38.147,75.254,51.738,610.426,81.323,27.216,70.891,49.505,47.008,55.102,82.95,231.942,82.706,54.131,47.505,38.277,49.544,38.794,494.238,51.104,37.962,45.23733333333333,205.059,36.593,31.958,56.458,48.137
1985-04-01,103.085,3914.293,40.54266666666667,135.529,56.351,128.297,77.172,48.84,109.314,43.344,67.746,49.306,39.545,125.864,45.677,83.66566666666667,41.556,50.66,59.54366666666667,38.134,69.383,31.691,38.2,38.687,75.58,52.07,603.332,81.544,27.648,71.157,49.551,47.298,55.441,83.095,232.448,83.43,54.421,47.922,38.839,49.945,39.2,489.482,51.362,38.052,45.891333333333336,203.514,36.953,32.032,57.114,48.16
1985-07-01,103.379,3778.934,40.78733333333333,135.299,56.978,128.646,76.55,49.101,109.739,44.387,68.061,49.296,39.946,124.909,45.32,83.01166666666667,41.84,50.997,59.840666666666664,38.489,69.666,32.097,38.707,39.169,75.514,52.565,596.689,81.871,27.949,71.407,49.849,47.467,55.553,83.405,232.435,83.613,54.936,48.421,39.424,50.337,39.498,485.251,51.641,38.333,46.78333333333333,202.459,37.259,32.199,57.748,48.385
1985-10-01,103.877,3615.591,41.146,135.649,57.229,129.294,76.37,49.423,111.416,43.413,68.496,49.713,40.375,126.007,45.514,83.425,42.171,51.262,59.81433333333333,38.942,70.102,32.504,38.993,39.637,76.988,53.17,591.142,81.866,28.247,71.742,50.269,47.537,55.991,83.768,233.903,83.53,55.259,48.971,39.898,50.688,39.856,481.331,51.751,38.81,47.59,200.58,37.604,32.385,58.893,48.601
1986-01-01,103.127,3367.265,41.235,135.68,58.4,129.515,75.976,49.298,109.306,45.232,68.85,50.014,40.691,125.907,42.61,82.80166666666666,42.206,51.515,59.70766666666666,39.258,70.423,33.018,39.602,40.167,77.132,53.993,581.932,82.061,28.705,72.063,49.995,47.797,55.71,83.982,236.113,83.723,55.492,49.576,40.454,51.047,40.429,477.105,51.929,39.299,48.71066666666667,197.637,37.76,32.519,59.632,48.435
1986-04-01,102.149,3278.052,41.297,136.305,58.723,130.709,75.578,49.175,106.51,44.738,69.372,50.159,41.152,126.502,34.986,81.08800000000001,42.248,51.695,59.717000000000006,39.424,70.884,33.523,39.978,40.652,74.743,54.597,580.092,82.183,29.088,72.723,49.733,48.037,54.38,84.53,237.843,84.538,56.221,49.869,41.018,50.993,40.688,473.115,52.164,39.708,49.04533333333333,195.731,37.927,32.686,61.054,48.684
1986-07-01,102.863,3317.632,41.495000000000005,137.443,59.32,131.925,75.148,49.245,105.5,43.93,69.952,50.927,41.56,127.14,32.646,81.08,42.462,51.941,59.821333333333335,39.764,71.437,33.987,40.227,40.989,75.26,55.148,586.429,82.347,29.5,73.767,49.763,48.211,54.521,85.082,240.302,86.004,56.807,50.388,41.423,51.263,40.986,470.078,52.295,40.227,49.42433333333333,194.536,38.255,32.832,61.38,48.681
1986-10-01,103.175,3293.538,41.764,138.221,59.77,132.585,75.738,49.3,104.891,43.718,70.402,51.258,41.988,127.572,31.884,81.78933333333333,42.758,52.25,59.88566666666666,40.225,71.95,34.555,40.563,41.236,76.193,55.348,584.557,82.553,29.997,74.51,49.771,48.391,54.64,85.471,239.958,86.889,57.124,50.666,41.749,51.573,41.325,468.114,52.432,40.678,49.73566666666667,194.148,38.741,33.002,62.554,49.418
1987-01-01,104.474,3022.686,41.797666666666665,139.386,60.13,132.549,76.016,49.217,104.736,42.142,70.668,51.749,42.444,128.251,35.413,83.325,43.033,52.554,60.01866666666666,40.637,72.26,35.057,40.731,41.603,78.156,56.418,574.633,82.903,30.41,75.004,49.817,47.968,55.859,85.537,243.128,89.052,57.54,51.398,41.714,52.061,41.775,471.108,52.675,41.142,49.544333333333334,194.496,39.295,33.011,62.51,50.044
1987-04-01,105.623,2836.338,42.154333333333334,140.478,60.88,131.901,77.123,49.45,104.087,42.191,70.829,52.16,42.799,128.697,36.231,84.90666666666667,43.402,52.911,60.20000000000001,41.112,72.451,35.665,41.137,42.046,80.203,56.973,564.486,83.368,30.926,76.306,50.042,48.225,56.473,85.511,244.01,90.195,57.825,51.935,41.988,52.564,42.244,467.235,53.003,41.498,50.035666666666664,194.25,39.776,33.151,61.942,50.372
1987-07-01,105.763,2711.156,42.58166666666667,141.483,61.895,131.275,77.351,49.808,104.642,42.359,71.036,52.345,43.243,129.206,37.805,85.43633333333332,43.821,53.32,60.51533333333333,41.681,72.651,36.249,41.555,42.408,81.022,57.083,555.97,83.941,31.431,77.369,50.389,48.613,57.01,85.541,243.741,91.994,57.858,52.453,42.273,53.062,42.67,462.365,53.369,41.889,50.573,194.153,40.252,33.33,61.934,51.151
1987-10-01,107.305,2721.243,42.793000000000006,142.059,62.887,132.426,78.63,49.912,104.539,42.783,71.711,52.489,43.588,128.98,37.928,86.72166666666668,44.0,53.72,60.568000000000005,42.203,73.264,36.803,42.02,42.849,82.284,58.064,560.91,84.834,31.948,77.791,50.445,48.853,57.367,86.345,246.531,93.139,58.152,52.788,42.669,53.52,43.074,463.838,54.145,42.299,50.947333333333326,193.686,40.491,33.654,62.094,51.926
1988-01-01,107.202,2695.131,43.29233333333334,141.812,63.392,133.106,79.544,50.593,104.376,43.389,72.338,52.796,44.131,129.488,37.084,87.52933333333334,44.407,54.135,61.28666666666667,42.844,73.816,37.536,42.555,43.288,83.451,58.791,562.307,85.784,32.591,76.946,51.097,49.623,57.553,87.149,248.565,94.794,58.746,53.512,43.132,53.943,43.405,463.597,55.063,42.608,51.689666666666675,193.725,40.699,34.181,61.856,52.329
1988-04-01,109.263,2627.584,43.775,142.597,63.487,133.449,81.2,51.09,103.797,44.044,72.802,53.231,44.661,130.625,36.999,89.14299999999999,44.841,54.676,61.74633333333333,43.537,74.262,38.361,43.126,43.632,84.935,59.611,555.491,86.33,33.329,77.265,51.57,50.196,58.132,87.617,247.038,96.075,59.296,54.107,43.773,54.539,43.809,463.587,55.728,42.997,52.18266666666667,193.082,41.096,34.52,62.34,52.977
1988-07-01,109.435,2592.257,44.073,143.612,64.223,133.676,82.179,51.382,102.97,45.124,73.172,54.258,45.124,130.883,37.48,89.53399999999999,45.162,55.345,62.08266666666666,44.184,74.562,39.149,43.724,44.104,83.995,59.678,552.138,86.626,34.053,78.251,51.864,50.483,58.899,87.992,246.39,97.715,59.675,54.825,44.137,55.211,44.156,461.759,56.077,43.306,52.336000000000006,191.455,41.443,34.859,63.027,53.629
1988-10-01,110.878,2573.274,44.314,144.68,64.601,135.223,82.025,51.796,102.03,45.495,73.863,54.683,45.556,131.482,36.913,89.85666666666667,45.606,55.854,62.698,44.831,75.293,39.935,44.276,44.57,84.676,60.731,554.307,86.783,34.792,78.823,52.448,50.414,59.332,88.814,248.642,99.59,60.492,55.465,44.673,55.769,44.905,463.652,56.437,43.724,52.721000000000004,189.342,41.918,35.232,63.98,54.07
1989-01-01,110.764,2549.479,44.905,145.413,66.165,135.744,82.804,52.18,100.48,45.846,74.276,55.47,46.086,130.901,37.964,91.12966666666667,46.083,56.392,62.99366666666666,45.485,75.725,40.838,44.849,44.954,86.03,61.191,554.813,87.16,35.607,79.779,52.677,51.234,60.145,89.278,250.049,100.189,61.024,56.452,45.031,56.41,45.568,464.341,56.922,44.012,52.870666666666665,185.986,42.469,35.532,63.937,55.3
1989-04-01,111.298,2459.825,45.355333333333334,145.53,67.009,135.904,82.927,52.563,98.068,46.282,74.756,56.464,46.637,130.211,42.862,92.01566666666668,46.574,57.002,63.44466666666667,46.033,76.206,41.695,45.388,45.395,86.975,61.429,549.797,87.416,36.414,80.178,53.052,51.644,61.731,89.67,251.036,101.223,61.565,57.158,45.445,57.17,45.971,461.545,57.362,44.546,53.15166666666667,183.513,43.046,35.952,64.467,55.592
1989-07-01,109.958,2428.773,45.633,145.858,68.416,136.662,82.431,52.825,95.322,46.236,75.132,56.972,47.186,131.331,40.887,91.041,46.916,57.425,63.913333333333334,46.544,76.598,42.593,45.884,45.891,85.487,62.079,547.029,87.672,37.243,80.072,53.299,51.951,61.679,90.175,250.705,102.429,62.388,57.94,45.768,57.507,46.558,459.946,57.693,44.699,53.40966666666666,180.97,43.45,36.232,65.117,55.563
1989-10-01,111.151,2355.762,45.93666666666667,146.336,68.742,137.382,82.169,53.014,92.302,46.448,75.547,57.399,47.69,131.593,39.925,91.03466666666667,47.319,57.817,64.02933333333333,46.999,76.998,43.482,46.421,46.43,85.931,62.788,542.719,87.73,38.068,80.453,53.561,51.952,61.965,90.623,251.483,102.38,63.006,58.399,46.086,57.959,46.942,461.834,58.093,45.022,53.97533333333333,178.395,44.011,36.512,66.227,55.914
1990-01-01,112.859,2254.457,46.348333333333336,147.115,69.371,138.143,82.249,53.386,91.763,46.788,76.005,58.711,48.273,132.157,42.983,91.84100000000001,47.834,58.447,64.49966666666667,47.605,77.456,44.293,47.002,46.866,87.26,63.745,538.29,87.928,38.766,80.554,53.983,52.197,63.532,91.133,253.556,105.945,63.799,59.262,46.599,58.799,47.727,460.456,58.437,45.356,54.917,176.769,44.634,36.818,66.913,56.779
1990-04-01,114.617,2225.785,47.25966666666667,147.129,70.512,138.434,82.405,54.303,89.354,47.117,76.304,58.87,48.823,132.293,42.213,91.193,48.477,59.101,64.946,48.116,77.727,45.241,47.652,47.398,85.722,64.336,535.555,88.305,39.606,80.123,54.816,53.329,63.895,91.49,253.032,108.271,64.006,60.022,47.263,59.333,48.389,458.884,58.796,45.539,55.47133333333333,175.593,45.094,37.076,67.236,57.577
1990-07-01,115.018,2220.91,47.39266666666666,147.194,71.47,139.431,83.168,54.376,86.957,47.361,76.77,59.7,49.337,132.591,46.118,92.62333333333333,48.865,59.612,65.42399999999999,48.71,78.207,46.254,48.278,48.014,88.21,65.141,536.356,88.709,40.56,80.14,54.969,53.201,65.238,92.119,253.744,108.58,64.646,60.852,47.637,60.087,49.242,457.59,59.136,45.714,56.71366666666666,175.0,45.707,37.382,67.753,57.867
1990-10-01,115.123,2185.126,48.067,147.491,71.638,140.839,84.372,55.023,85.668,47.546,77.181,60.078,49.755,132.299,53.784,95.28699999999999,49.551,60.067,65.79966666666667,49.404,78.524,47.21,48.809,48.327,93.108,66.127,535.719,88.676,41.491,80.698,55.72,53.59,66.928,92.725,255.027,109.03,65.378,61.448,48.197,60.882,49.784,455.745,59.039,45.778,58.37166666666667,175.084,46.427,37.61,69.298,58.645
1991-01-01,115.367,2126.624,48.63399999999999,148.753,73.497,141.972,84.586,55.517,83.405,47.022,77.824,60.919,50.394,132.563,47.617,94.01766666666667,49.866,60.651,66.23033333333333,49.883,79.221,48.074,49.308,48.808,90.259,67.013,534.181,90.003,42.336,81.92,55.93,54.782,66.596,93.634,256.938,110.246,66.054,62.588,48.918,61.202,50.443,456.807,59.752,45.931,58.666666666666664,177.555,46.622,37.945,70.589,58.564
1991-04-01,116.077,2058.1,49.071,149.127,74.721,141.645,84.103,55.79,83.045,46.786,77.964,61.526,50.858,132.902,44.877,92.96900000000001,50.143,61.088,66.35766666666667,50.513,79.32,48.841,49.705,49.05,87.773,66.837,528.649,90.625,43.074,82.331,56.008,55.536,66.706,93.721,256.657,110.848,66.351,63.405,49.405,61.536,51.151,455.087,60.417,46.153,58.166333333333334,176.258,46.904,38.009,71.006,58.84
1991-07-01,117.029,1936.068,49.674,149.68,75.292,141.239,83.527,56.508,81.195,47.543,78.042,61.21,51.264,133.688,44.427,92.02,50.659,61.557,66.654,50.975,79.456,49.67,50.25,49.305,86.456,67.062,520.041,90.99,43.857,82.967,56.859,55.928,66.767,93.673,257.134,112.647,66.767,63.976,49.946,61.954,51.675,449.159,61.082,46.429,58.554,174.097,47.29,37.999,71.366,59.753
1991-10-01,117.852,1862.294,50.191,150.001,75.379,141.424,83.679,57.079,79.47,47.733,77.792,61.157,51.504,133.203,45.077,92.27133333333335,51.131,61.915,66.774,51.47,79.205,50.552,50.762,49.767,86.86,67.681,514.304,90.522,44.668,83.342,57.608,56.089,67.104,93.395,257.348,114.069,67.112,64.484,50.547,62.404,52.019,448.36,61.082,46.249,58.988,170.737,47.703,37.631,72.135,60.048
1992-01-01,117.326,1822.202,50.37166666666667,149.995,75.005,142.024,83.546,57.163,76.807,48.327,77.674,61.374,51.651,134.508,44.247,92.28433333333334,51.367,62.162,66.65733333333333,51.876,79.03,51.502,51.311,50.134,87.271,68.112,513.402,89.46,45.551,83.275,57.795,55.947,67.22,93.318,259.179,114.1,67.511,65.222,51.166,62.795,52.147,444.094,61.16,46.088,59.46666666666667,163.528,48.043,37.631,72.96,60.9
1992-04-01,117.233,1737.827,50.72366666666667,150.404,75.364,141.532,83.628,57.371,74.893,48.833,77.824,61.497,51.948,134.784,44.714,92.457,51.792,62.533,66.97533333333332,52.316,79.173,52.35,51.784,50.453,87.615,68.395,505.624,89.451,46.377,83.924,57.967,56.239,67.555,93.243,258.967,114.361,67.804,65.905,51.61,63.212,52.827,441.703,61.769,46.55,59.93666666666667,159.689,48.617,37.78,73.095,60.617
1992-07-01,117.417,1653.732,51.202333333333335,150.528,75.838,141.339,83.621,57.872,73.744,49.05,78.011,61.881,52.276,134.54,45.58,92.77266666666667,52.205,62.833,67.24033333333334,52.806,79.361,53.146,52.194,50.713,88.73,69.135,500.4,89.552,47.143,84.535,58.515,56.64,68.041,93.311,260.948,115.563,68.255,66.391,52.123,63.615,53.212,435.551,62.236,46.891,60.87833333333333,157.337,48.975,37.961,72.605,60.42
1992-10-01,117.821,1598.708,51.609,150.763,76.349,140.523,83.468,58.235,71.808,49.925,78.285,61.939,52.476,134.833,46.073,92.51966666666665,52.549,63.275,67.74533333333333,53.209,79.634,53.997,52.765,51.126,88.014,68.905,493.41,90.072,47.968,85.064,58.711,57.366,68.239,93.329,259.581,115.611,68.503,66.514,52.375,64.059,53.474,432.478,63.047,47.509,60.79933333333333,155.952,49.31,38.247,72.453,62.005
1993-01-01,117.471,1547.222,51.82866666666666,150.687,76.36,140.344,83.566,58.381,70.705,50.531,78.549,62.049,52.63,134.291,46.045,92.36666666666667,52.781,63.652,68.16633333333333,53.581,79.873,54.682,53.251,51.493,87.481,69.092,488.05,89.99,48.606,85.756,58.691,57.859,68.442,93.399,259.3,115.366,68.72,67.175,52.846,64.441,53.877,427.601,62.492,48.021,60.97666666666667,158.199,49.597,38.524,72.988,62.915
1993-04-01,116.617,1472.454,52.13566666666667,151.481,76.605,139.895,83.796,58.637,70.776,51.536,78.816,62.463,53.052,135.266,44.765,92.49666666666667,53.059,64.027,68.42899999999999,54.031,80.171,55.298,53.808,51.962,87.785,69.442,480.534,90.202,49.112,86.92,58.867,58.282,68.354,93.472,259.34,115.559,69.182,67.392,53.404,64.874,54.406,423.527,62.694,48.542,61.51733333333333,158.261,49.889,38.855,72.958,62.93
1993-07-01,116.646,1412.892,52.52166666666667,152.219,76.863,139.436,83.741,59.062,69.909,52.265,78.966,62.573,53.272,135.459,43.511,92.12966666666667,53.309,64.349,68.728,54.353,80.359,55.91,54.251,52.262,87.008,69.707,473.942,89.998,49.652,88.121,59.213,58.869,68.071,93.422,259.016,115.812,69.412,67.038,53.865,65.155,54.829,421.0,62.463,48.965,61.528333333333336,157.807,50.031,39.17,73.03,63.207
1993-10-01,116.554,1356.484,52.90733333333333,153.224,77.489,139.136,83.712,59.591,69.986,52.352,79.212,63.057,53.485,136.505,44.517,92.05066666666666,53.665,64.727,69.22866666666667,54.728,80.557,56.383,54.586,52.558,86.662,70.061,467.509,90.853,50.076,89.266,59.816,59.248,68.391,93.709,258.649,116.434,69.524,66.88,54.352,65.531,55.326,418.775,63.639,49.125,61.81933333333333,156.767,50.283,39.515,73.468,63.41
1994-01-01,115.005,1327.666,53.314666666666675,153.578,78.347,139.639,84.095,59.865,69.759,52.194,79.65,63.101,53.625,136.854,43.946,92.17399999999999,54.022,65.058,69.42666666666666,55.064,81.029,57.004,54.948,52.958,86.62,70.267,465.039,90.519,50.518,89.789,59.964,59.772,68.197,93.965,259.192,116.951,69.8,67.11,54.91,65.766,55.684,416.462,63.56,49.769,61.99966666666668,154.127,50.694,39.821,74.814,63.575
1994-04-01,115.529,1302.23,53.67033333333333,154.494,78.635,139.897,84.429,60.367,69.851,52.701,79.91,63.292,53.969,137.757,43.326,92.75333333333333,54.384,65.369,70.03666666666668,55.437,81.26,57.532,55.333,53.286,87.438,70.72,461.178,90.436,50.94,90.785,60.548,60.112,68.344,94.164,258.377,117.212,70.387,67.477,55.299,66.133,55.639,415.728,63.739,50.088,62.242,152.52,50.975,40.066,75.395,63.886
1994-07-01,114.94,1260.016,54.047666666666665,155.583,78.97,139.593,84.824,60.713,70.267,52.783,80.257,63.936,54.133,138.217,45.742,93.64866666666667,54.793,65.717,70.403,55.981,81.557,58.12,55.665,53.551,88.908,71.211,454.974,90.693,51.496,92.165,60.896,60.458,69.051,94.366,257.212,118.292,70.678,67.772,55.903,66.607,55.736,413.823,64.27,50.602,62.97533333333333,151.314,51.421,40.558,75.463,63.971
1994-10-01,113.951,1201.208,54.50733333333333,155.849,79.551,138.687,85.356,61.212,70.943,53.186,80.58,64.001,54.441,137.056,46.267,94.02033333333333,55.253,66.083,70.98833333333333,56.457,81.902,58.649,56.033,53.858,89.247,71.775,446.545,91.281,51.917,93.575,61.375,60.998,69.123,94.457,255.932,118.113,70.619,68.007,56.388,66.92,56.044,409.664,65.089,51.238,63.346666666666664,150.509,51.857,41.13,74.904,63.788
1995-01-01,112.749,1146.948,54.87366666666667,156.472,79.987,138.117,86.267,61.728,69.853,53.407,81.085,64.369,54.693,137.165,45.848,94.85366666666668,55.625,66.46,71.74933333333333,56.766,82.427,59.385,56.472,54.285,89.985,72.257,440.145,92.896,52.516,94.623,61.865,61.566,69.101,94.869,256.188,118.836,70.988,68.157,56.82,67.247,56.4,407.058,67.006,51.845,63.306999999999995,151.084,52.146,41.622,74.388,63.993
1995-04-01,112.146,1100.572,55.25866666666667,156.301,80.614,138.362,86.949,62.139,70.064,53.797,81.385,64.926,55.211,136.731,45.895,95.493,56.027,66.785,72.269,57.124,82.725,59.76,56.933,54.649,91.279,73.322,434.202,93.23,52.895,95.28,62.263,62.007,69.359,95.177,256.29,119.068,71.615,68.467,57.395,67.639,56.839,401.346,67.241,52.11,64.40066666666667,151.276,52.542,41.895,74.868,65.204
1995-07-01,111.967,1037.897,55.528,155.798,81.551,137.964,86.731,62.461,70.42,54.242,81.635,65.117,55.541,137.64,45.341,95.11866666666667,56.281,67.084,72.68,57.467,82.957,60.066,57.293,55.028,90.707,73.854,424.586,94.0,53.226,95.179,62.554,62.388,69.507,95.437,255.517,120.127,72.007,69.064,57.68,67.915,57.142,392.485,68.137,52.326,64.62333333333333,150.816,52.758,42.352,75.697,65.803
1995-10-01,111.83,975.281,56.46,155.452,82.165,137.267,86.328,63.323,70.208,54.858,81.615,65.431,55.822,137.487,44.597,94.585,56.717,67.401,72.92866666666667,57.878,82.881,60.53,57.702,55.469,89.892,74.232,413.538,93.499,53.764,95.746,63.006,64.023,69.617,95.223,253.881,120.368,72.675,69.465,57.922,68.214,57.639,385.2,67.502,52.627,64.717,149.952,52.96,42.704,76.22,65.838
1996-01-01,111.834,902.536,56.507666666666665,155.569,82.499,136.151,86.159,63.472,70.359,55.125,81.501,65.933,56.082,137.771,46.822,94.48166666666667,57.112,67.712,73.579,58.248,82.705,60.813,57.992,55.9,89.699,74.634,401.511,93.906,54.177,96.774,63.513,63.499,70.305,94.917,253.188,119.735,73.212,69.787,58.339,68.593,58.101,379.968,68.233,52.837,65.145,148.867,53.489,42.745,76.177,64.917
1996-04-01,111.358,828.238,56.428666666666665,154.543,83.465,134.898,85.886,63.132,71.222,55.715,81.359,66.599,56.596,137.528,49.447,94.202,57.038,67.988,72.81566666666667,58.73,82.56,61.175,58.449,56.31,89.234,74.778,387.789,94.029,54.562,96.819,63.151,63.196,71.04,94.545,251.409,118.977,73.445,70.025,58.773,69.052,58.646,371.403,68.474,53.078,65.527,147.532,53.561,42.905,77.054,65.555
1996-07-01,109.813,781.879,56.88433333333333,154.14,83.625,134.382,85.251,63.499,71.594,56.486,81.582,67.331,57.023,137.923,47.968,93.32633333333332,57.387,68.318,72.87766666666666,59.058,82.807,61.501,58.912,56.68,88.331,75.045,379.48,93.866,54.873,97.153,63.469,63.658,70.934,94.563,250.838,118.94,73.935,70.18,59.377,69.346,59.169,364.539,68.557,53.617,65.993,146.175,53.899,43.454,77.771,66.076
1996-10-01,110.285,736.473,57.20166666666666,153.473,83.583,133.766,84.381,63.716,72.233,57.095,81.549,67.907,57.53,137.359,49.82,92.87766666666666,57.716,68.607,72.91333333333333,59.482,82.729,61.894,59.392,57.03,88.294,75.301,371.319,93.469,55.239,97.72,63.727,63.801,71.592,94.369,250.684,117.896,74.4,70.368,59.997,69.819,59.7,357.757,68.355,53.86,66.51633333333332,144.914,54.286,43.753,78.265,66.909
1997-01-01,110.561,687.054,57.48499999999999,152.882,84.303,132.587,84.152,63.934,73.201,57.648,81.563,67.97,57.916,137.543,50.68,92.59933333333333,58.029,68.915,73.202,59.845,82.737,62.14,59.751,57.505,87.619,75.394,361.592,93.979,55.463,98.047,63.882,64.133,71.877,94.246,250.233,117.806,74.558,70.615,60.256,70.127,60.177,349.921,69.404,54.111,66.41666666666667,143.063,54.646,44.177,78.346,66.688
1997-04-01,111.886,645.776,57.80100000000001,151.408,84.104,131.564,84.101,64.354,73.255,58.412,81.623,68.079,58.284,137.914,47.407,91.585,58.29,69.258,73.593,60.159,82.757,62.525,60.184,57.777,85.795,75.385,352.322,94.562,55.818,97.475,64.336,64.496,71.658,94.187,249.087,117.347,74.66,71.016,60.779,70.303,60.683,339.501,70.467,54.376,66.697,142.472,54.823,44.58,78.909,67.273
1997-07-01,110.716,604.221,58.035333333333334,150.393,84.363,130.698,83.889,64.503,74.633,58.777,81.739,68.337,58.627,137.305,47.901,91.206,58.499,69.464,73.716,60.55,82.807,62.758,60.505,58.191,85.23,75.462,342.927,94.698,55.998,97.192,64.363,64.859,71.613,94.114,248.217,117.344,74.619,70.761,60.971,70.488,61.086,333.318,71.162,54.822,66.59733333333332,140.698,55.061,45.08,80.047,67.493
1997-10-01,110.263,567.689,58.574333333333335,149.555,84.235,129.481,83.512,64.954,76.42,59.123,81.637,68.485,59.145,137.005,48.063,90.71199999999999,58.939,69.713,73.773,60.985,82.691,62.876,60.816,58.602,84.556,75.561,333.211,94.068,56.149,97.227,64.818,65.305,71.689,93.733,245.962,116.376,74.852,70.909,61.052,70.71,61.288,327.585,70.847,55.227,66.62366666666667,138.955,55.493,45.619,80.187,68.198
1998-01-01,109.077,520.022,58.379999999999995,148.455,86.008,127.5,82.665,64.682,77.858,59.122,81.336,68.715,59.467,137.265,44.07,89.383,58.897,69.783,73.57266666666666,61.493,82.31,63.225,61.063,58.807,82.469,75.668,319.508,93.804,56.45,96.62,64.673,64.81,71.116,93.186,242.107,116.426,75.224,71.395,61.317,70.715,61.735,320.615,70.73,55.386,66.04266666666666,136.82,55.567,46.259,79.751,68.406
1998-04-01,108.559,481.111,58.794000000000004,147.348,84.08,125.834,82.222,65.099,79.419,58.577,81.168,68.886,59.846,137.931,42.132,88.563,59.201,69.964,73.73966666666666,62.09,82.122,63.628,61.341,59.218,81.465,75.787,307.583,93.665,56.828,96.049,65.083,65.236,70.976,92.72,238.541,115.557,75.498,71.952,61.909,70.843,62.105,313.906,71.262,55.769,66.379,136.123,55.813,46.753,79.695,68.299
1998-07-01,109.263,445.864,59.38633333333333,146.222,83.447,124.43,81.558,65.524,80.184,58.583,81.119,69.149,60.192,137.425,41.954,87.777,59.623,70.235,73.91366666666666,62.462,82.042,63.905,61.638,59.578,80.413,75.961,296.89,93.666,57.106,96.457,65.255,66.113,71.262,92.341,235.768,114.393,75.972,72.329,62.23,71.062,62.465,304.759,71.551,56.322,66.53066666666666,135.778,56.231,47.134,79.719,68.779
1998-10-01,108.458,413.895,59.60966666666667,145.134,84.016,123.042,81.265,65.735,80.234,58.474,81.161,69.548,60.741,136.687,41.04,87.43,60.01,70.424,74.29633333333334,62.725,82.087,64.262,61.965,59.943,80.374,76.087,287.107,94.337,57.409,96.577,65.598,66.082,71.375,92.127,233.448,113.925,76.413,72.965,62.75,71.249,62.949,297.065,72.684,56.824,67.09400000000001,135.098,56.701,47.516,79.575,68.771
1999-01-01,107.087,389.06,59.855,143.914,85.438,122.177,81.038,65.947,80.403,57.987,81.267,69.835,61.008,136.466,39.839,87.193,60.375,70.615,74.62166666666667,63.091,82.179,64.651,62.197,60.267,80.124,76.273,278.755,94.651,57.813,96.337,65.918,66.114,71.618,92.001,231.123,112.313,76.667,74.461,63.128,71.39,63.469,290.722,72.495,57.353,67.15933333333334,135.917,57.135,47.85,80.455,68.888
1999-04-01,107.739,367.944,60.53266666666667,143.198,86.235,120.879,81.215,66.503,81.494,57.919,81.333,70.024,61.41,135.864,44.537,87.72466666666666,61.082,70.934,74.96633333333334,63.584,82.222,64.947,62.479,60.58,81.141,76.192,270.937,95.289,58.161,96.327,66.537,66.564,72.655,91.77,228.492,112.778,76.798,74.775,63.34,71.796,64.057,285.589,73.139,57.972,67.845,136.311,57.909,48.162,80.383,69.418
1999-07-01,107.308,351.621,61.35166666666667,142.538,86.405,119.559,81.331,67.106,82.858,58.077,81.235,70.286,61.833,135.33,48.056,88.31633333333333,61.752,71.207,75.069,64.132,82.109,65.303,62.818,60.973,82.131,76.299,264.497,95.275,58.514,97.029,67.005,67.396,73.435,91.369,225.978,111.951,76.799,75.248,63.635,72.191,64.555,278.869,72.977,58.457,68.105,136.552,58.604,48.499,79.641,69.609
1999-10-01,107.46,340.365,62.20766666666666,141.691,87.601,118.858,81.662,67.931,84.352,58.602,81.498,70.678,62.204,134.505,50.693,89.06733333333334,62.478,71.581,75.671,64.761,82.364,65.716,63.271,61.407,83.258,76.503,259.973,96.315,58.935,97.18,67.742,68.373,74.098,91.523,224.099,111.67,76.776,75.461,64.097,72.629,65.181,273.46,74.48,58.922,68.18833333333333,136.236,59.277,48.917,79.655,70.045
2000-01-01,106.771,330.886,62.922666666666665,141.032,88.222,118.51,82.208,68.593,84.662,59.166,82.013,71.075,62.697,135.003,56.782,90.07466666666666,63.209,72.058,76.11133333333333,65.284,82.857,66.247,63.807,62.005,84.832,76.592,256.937,96.97,59.493,96.803,68.513,68.851,75.232,91.783,223.51,111.768,76.887,75.805,64.408,73.219,65.888,269.158,75.143,59.918,68.68833333333333,136.784,60.034,49.499,79.987,70.585
2000-04-01,106.075,320.456,63.25299999999999,140.734,88.582,118.037,82.839,68.856,86.976,58.519,82.348,71.563,63.086,134.757,58.602,90.53833333333334,63.731,72.491,76.484,66.082,83.165,66.568,64.062,62.539,84.906,76.682,253.057,97.786,59.924,97.229,68.927,68.867,75.888,91.98,222.168,110.521,77.164,76.64,64.508,73.568,66.351,266.944,75.821,60.519,68.706,138.041,60.672,49.949,80.285,71.311
2000-07-01,105.841,312.62,63.89333333333334,139.872,88.987,117.647,83.24,69.349,87.114,58.735,82.709,72.239,63.595,134.54,60.304,90.92833333333333,64.335,72.945,76.88733333333333,66.779,83.513,67.33,64.63,63.249,85.502,76.829,250.153,98.685,60.737,96.938,69.227,69.676,76.486,92.262,221.237,109.781,77.377,76.982,64.703,74.042,67.262,263.032,76.339,61.03,69.24266666666666,139.949,61.324,50.473,80.337,71.931
2000-10-01,105.791,304.067,64.39133333333332,139.535,89.63,116.811,83.205,69.662,88.501,58.949,82.875,72.524,63.974,133.941,61.063,91.16000000000001,64.962,73.341,77.19333333333333,67.441,83.648,67.811,65.144,63.987,85.704,76.867,246.58,98.958,61.212,97.332,69.557,69.963,76.732,92.245,219.638,110.707,77.59,77.082,65.12,74.46,67.714,258.909,76.728,61.564,69.00066666666667,139.701,62.09,51.088,79.493,72.674
2001-01-01,105.952,279.387,64.71900000000001,138.909,90.132,115.371,83.04,69.782,90.302,59.602,82.907,73.204,64.462,133.362,59.492,90.97166666666668,65.509,73.843,77.137,68.157,83.682,68.481,65.88,65.116,85.417,77.131,238.081,98.624,61.651,97.632,69.963,69.616,76.935,91.868,217.598,111.427,78.013,77.579,65.829,75.012,68.233,253.269,76.444,62.427,69.29233333333333,138.853,62.832,51.804,79.243,72.502
2001-04-01,104.423,269.119,65.17666666666666,137.923,90.255,114.664,82.526,70.148,91.017,59.555,83.161,73.677,64.957,132.511,61.826,90.23700000000001,65.794,74.335,77.19833333333334,68.801,83.914,69.034,66.297,65.674,83.696,77.288,233.151,98.397,62.268,97.485,70.13,70.307,77.458,91.835,214.857,111.183,78.225,78.138,66.316,75.363,68.876,248.475,75.964,63.246,68.934,139.061,63.077,52.578,79.546,72.236
2001-07-01,103.379,256.747,65.634,137.012,90.1,113.842,82.121,70.597,91.464,58.351,83.358,74.29,65.435,132.007,57.468,89.395,66.051,74.56,77.16633333333333,69.321,84.149,69.487,66.531,66.116,82.483,77.237,227.976,97.47,62.798,97.202,70.58,70.758,77.138,91.609,212.584,111.054,78.387,78.839,67.215,75.401,69.195,244.148,75.501,64.264,69.00166666666667,136.789,63.241,53.416,79.873,71.79
2001-10-01,102.312,244.592,66.16366666666666,136.336,90.34,113.246,81.206,71.055,90.696,59.311,83.399,74.612,65.729,131.139,49.808,87.97266666666667,66.282,74.801,77.08533333333334,69.532,84.278,69.943,67.015,66.506,80.526,77.313,223.097,97.384,63.25,97.505,70.785,71.623,76.038,91.479,210.759,110.521,78.782,79.054,67.873,75.432,69.661,240.054,75.29,64.632,68.676,136.839,63.363,53.739,80.398,71.591
2002-01-01,101.916,236.971,66.63633333333333,135.141,89.652,112.775,80.76,71.515,91.504,59.491,83.318,75.014,66.203,130.192,47.723,87.54666666666667,66.687,74.998,77.22433333333333,70.093,84.358,70.148,67.379,67.017,80.237,77.147,220.533,97.132,63.741,97.021,71.373,71.88,75.902,91.41,210.542,110.13,78.858,79.273,68.449,75.584,70.073,235.548,75.37,64.529,68.64666666666666,136.09,63.736,54.24,80.519,71.433
2002-04-01,101.7,231.886,67.43933333333332,134.462,90.558,112.412,81.249,72.191,92.008,60.157,83.4,75.062,66.503,130.078,53.574,88.54833333333333,67.299,75.295,77.28066666666668,70.69,84.124,70.62,67.899,67.509,81.999,77.129,218.439,96.584,64.351,96.851,72.043,72.565,76.996,91.324,209.894,109.663,78.762,79.911,68.969,76.145,70.782,232.187,75.223,64.899,69.404,133.901,64.311,54.828,80.725,72.12
2002-07-01,101.142,224.451,68.08866666666667,133.791,90.901,111.237,81.908,72.811,91.138,61.012,83.333,74.999,66.894,129.296,55.034,88.92266666666667,67.819,75.633,77.478,71.221,84.076,71.328,68.502,67.929,82.695,77.4,211.527,96.694,65.238,97.132,72.736,73.066,77.211,91.055,203.321,108.692,79.111,80.174,70.059,76.539,71.246,228.69,75.449,65.182,70.38033333333334,133.608,64.778,55.319,80.506,71.905
2002-10-01,100.383,217.321,69.26333333333334,132.901,90.967,111.106,82.11,74.161,90.405,61.824,83.762,75.176,67.283,128.523,57.597,89.14666666666666,68.636,76.073,77.56566666666667,71.691,84.564,71.963,69.058,68.474,83.236,77.476,207.88,96.22,66.024,96.779,74.695,73.432,77.483,91.086,201.325,108.283,79.404,79.973,70.46,76.896,71.814,225.639,75.089,66.262,70.827,132.644,65.325,55.967,82.084,72.208
2003-01-01,99.313,209.752,70.28166666666667,131.193,91.39,110.051,82.463,74.965,89.581,62.652,84.078,75.584,67.519,127.701,66.597,90.06933333333332,69.529,76.482,77.88266666666667,72.204,84.868,72.581,69.718,69.181,85.266,77.628,203.03,95.682,66.893,95.29,75.401,74.392,78.778,90.734,197.753,107.384,79.519,79.9,71.309,77.484,72.52,221.909,75.192,67.673,71.83966666666667,130.159,66.256,56.634,81.389,72.605
2003-04-01,98.281,205.165,70.68599999999999,129.766,91.51,109.316,82.589,75.499,87.612,64.167,84.005,76.074,67.842,126.324,57.832,88.94033333333334,69.746,76.746,78.12633333333333,72.421,84.801,73.421,70.447,69.721,83.919,77.778,198.766,96.035,67.71,94.672,75.943,74.909,77.561,90.553,193.655,106.887,79.772,79.945,71.999,77.562,72.901,217.33,76.063,67.789,72.81533333333333,129.423,66.307,56.669,81.317,73.151
2003-07-01,98.787,201.206,71.37866666666666,128.454,91.679,108.319,82.777,76.182,87.311,65.101,84.039,76.692,68.321,124.983,62.51,89.07233333333333,70.272,77.185,78.40566666666666,72.996,84.831,74.089,71.015,70.082,84.195,77.957,191.255,96.138,68.524,93.982,76.617,75.607,78.635,90.315,184.609,106.805,79.88,80.255,72.532,78.073,73.423,213.326,77.077,68.277,73.60000000000001,127.496,66.747,57.082,82.867,73.822
2003-10-01,98.725,197.253,71.984,127.28,91.741,108.273,83.37,76.752,87.682,66.008,84.608,77.585,68.864,124.495,63.083,89.43433333333333,70.817,77.633,78.63033333333334,73.727,85.39,74.759,71.597,70.474,84.712,78.084,187.072,95.851,69.35,92.894,77.307,75.974,78.975,90.464,180.366,105.722,79.822,80.102,73.257,78.457,73.785,211.236,77.825,69.494,74.20433333333334,124.918,67.273,57.844,85.946,74.193
2004-01-01,98.284,194.522,72.82600000000001,127.17,92.191,108.027,84.662,77.405,86.928,66.348,85.376,77.924,69.391,124.749,68.88,90.87666666666667,71.608,78.191,78.95933333333333,74.269,86.187,75.64,72.18,70.957,86.723,78.823,185.149,95.787,70.251,93.033,77.912,76.713,80.048,90.726,178.835,106.165,79.337,80.587,74.027,79.062,74.369,209.226,78.032,71.015,75.19133333333333,124.052,68.131,59.019,86.273,74.216
2004-04-01,98.768,191.45,73.66766666666668,127.063,92.58,108.428,85.592,78.077,87.595,67.001,86.287,78.773,70.12,124.468,70.645,91.88733333333333,72.481,78.825,79.59966666666666,75.026,87.093,76.242,72.708,71.549,87.773,79.452,183.786,95.644,71.028,93.392,78.504,77.525,80.804,91.272,178.254,106.668,80.412,80.955,74.372,79.594,74.844,207.347,78.129,72.434,75.43666666666667,123.175,69.108,60.34,86.932,73.888
2004-07-01,98.425,186.699,74.51966666666667,126.092,92.309,107.834,86.038,78.792,86.576,67.553,87.02,79.126,70.79,123.756,73.163,92.36633333333333,73.459,79.323,80.37033333333333,75.289,87.836,76.72,73.287,72.182,88.765,80.052,180.973,95.53,71.643,93.116,79.285,78.129,81.267,91.502,176.35,105.979,80.632,81.02,75.01,79.985,75.307,203.943,78.177,73.9,76.12033333333333,122.834,70.224,61.966,86.057,74.442
2004-10-01,98.26,181.839,75.40400000000001,126.265,92.178,108.022,86.979,79.559,87.131,67.962,87.885,79.659,71.307,124.315,81.077,93.79133333333334,74.517,79.936,81.28766666666667,75.92,88.701,77.173,73.793,72.629,90.953,80.819,180.046,95.492,72.29,94.279,80.157,78.712,82.705,92.138,177.307,105.794,81.213,81.452,75.806,80.669,75.816,200.761,79.07,75.06,77.23466666666667,121.067,71.439,63.803,86.056,74.965
2005-01-01,98.266,175.333,76.39233333333333,125.992,92.535,108.516,87.961,80.606,88.782,68.767,88.813,79.487,71.984,124.559,79.866,94.32,75.308,80.55,81.82666666666667,76.859,89.603,78.022,74.504,73.192,91.73,81.81,177.749,95.751,73.033,94.816,81.295,79.605,82.569,92.987,177.033,105.327,82.655,81.695,76.604,81.138,76.291,197.675,79.376,76.034,78.10766666666666,121.163,72.086,65.658,87.04,75.75
2005-04-01,97.825,169.493,77.19933333333334,125.814,92.855,108.397,88.529,81.333,88.842,69.36,89.675,80.288,72.456,125.002,81.536,95.03666666666668,76.163,81.137,82.51833333333333,77.391,90.464,78.586,75.103,73.834,92.687,82.71,174.125,96.177,73.682,95.187,82.081,80.232,83.113,93.579,174.469,104.693,83.782,81.928,77.277,81.65,76.703,195.559,80.19,77.263,78.411,120.859,73.01,67.374,87.273,76.528
2005-07-01,97.192,163.477,78.17066666666666,124.905,93.003,107.439,89.055,82.182,88.896,70.044,90.688,80.386,72.756,124.02,99.499,96.38566666666667,77.22,81.905,83.25066666666667,77.94,91.427,79.073,75.698,74.585,94.52,82.964,170.108,96.275,74.356,94.477,83.084,80.81,85.673,93.913,171.431,105.101,84.344,82.387,77.669,82.532,77.465,193.367,80.646,79.294,79.062,120.24,74.18,69.786,86.075,77.373
2005-10-01,96.974,157.829,78.97033333333333,124.615,92.807,106.957,89.592,82.772,89.274,70.811,91.715,80.834,73.462,123.807,98.896,97.269,78.211,82.557,83.89933333333333,78.777,92.479,79.815,76.61,75.85,96.121,83.479,166.195,96.725,75.31,95.08,83.79,81.2,85.92,94.642,168.41,105.459,84.442,82.943,78.189,83.189,78.33,190.142,81.695,80.76,79.522,119.865,75.391,72.546,86.755,78.889
2006-01-01,96.632,153.386,79.70833333333333,124.091,92.934,106.726,90.131,83.469,89.993,71.353,92.571,81.225,74.186,123.801,97.501,97.44099999999999,78.808,83.135,84.253,79.471,93.317,80.303,77.26,76.548,96.328,84.128,163.166,97.189,75.991,95.304,84.459,81.947,86.01,95.228,166.135,105.152,85.011,83.468,79.065,83.621,78.858,187.015,82.355,82.051,80.2,120.091,75.93,74.437,87.086,79.678
2006-04-01,97.607,148.229,80.49233333333333,123.514,93.403,106.452,91.357,84.051,90.159,72.794,93.146,81.237,74.884,123.68,104.669,98.505,79.768,83.871,84.91666666666667,80.137,93.895,80.966,78.008,77.058,97.493,84.802,161.019,97.325,76.799,95.062,85.143,82.352,87.266,95.7,165.564,105.895,84.98,83.956,79.842,84.355,79.559,184.045,82.14,82.804,81.253,120.698,77.103,76.3,87.208,80.407
2006-07-01,97.289,143.587,81.17833333333334,122.964,93.722,106.808,92.458,84.673,90.273,72.944,93.638,81.774,75.424,123.657,110.365,99.45066666666666,80.495,84.486,85.47133333333333,80.818,94.435,81.664,78.649,77.883,98.446,85.891,159.771,97.39,77.644,94.915,85.868,82.803,88.273,96.291,166.169,106.428,85.887,84.248,80.623,84.962,80.23,181.075,82.142,83.101,81.974,120.756,77.886,77.7,87.523,80.787
2006-10-01,97.204,140.23,81.70366666666666,122.179,94.408,107.046,92.47,85.114,90.012,73.762,94.355,82.152,75.992,123.695,93.77,98.38499999999999,81.18,84.806,86.20233333333333,81.272,95.13,82.147,79.21,78.508,97.303,86.447,158.671,97.582,78.308,94.481,86.339,83.19,86.235,97.045,166.339,106.954,86.808,84.287,81.243,84.822,80.567,177.537,82.586,83.701,82.31099999999999,120.223,78.708,79.711,87.824,80.713
2007-01-01,97.241,137.332,82.73233333333333,121.543,95.522,107.071,93.428,85.842,90.957,74.17,94.835,83.234,76.812,123.372,98.48,99.16266666666667,82.408,85.655,87.19366666666667,82.048,95.61,83.457,80.022,79.364,97.935,87.372,156.949,98.181,79.028,94.294,86.985,84.067,87.435,97.518,165.278,108.023,86.821,84.778,81.722,85.597,81.177,174.279,83.654,84.136,83.05633333333333,119.677,80.214,80.695,88.482,81.146
2007-04-01,96.409,133.714,83.58066666666667,120.962,95.304,106.978,94.65,86.528,90.974,74.784,94.894,84.376,77.616,123.281,109.176,100.55400000000002,83.212,86.201,87.68166666666666,82.49,95.641,83.889,80.624,79.951,99.576,88.134,154.891,98.542,79.592,94.344,87.603,84.873,89.145,97.7,164.07,107.728,87.088,84.846,82.508,86.324,81.918,171.604,84.573,83.916,83.96,119.254,81.083,81.079,88.936,81.484
2007-07-01,95.502,129.968,84.236,120.129,94.203,106.2,95.348,87.124,91.921,75.565,94.862,85.31,78.562,122.475,111.207,101.35300000000001,83.995,86.568,88.27433333333333,83.146,95.653,84.426,81.222,80.39,100.956,88.656,150.401,98.733,80.162,94.453,88.391,85.131,89.771,97.654,159.23,108.003,87.569,85.259,83.167,86.812,82.066,168.016,85.393,83.949,84.75099999999999,118.853,81.971,81.787,89.033,82.433
2007-10-01,95.98,127.47,85.10066666666667,119.625,94.574,105.26,96.811,87.822,90.663,76.477,94.836,86.205,79.163,121.679,121.154,103.75966666666666,84.997,86.982,88.83,83.749,95.558,85.338,82.036,81.102,104.708,89.383,145.861,98.827,81.328,94.585,89.308,85.445,91.671,97.611,153.653,108.513,88.206,85.889,83.939,87.694,82.959,165.857,85.628,84.039,85.813,118.574,83.146,82.763,88.333,83.54
2008-01-01,95.778,123.612,86.11333333333334,119.289,94.692,104.828,98.71,88.563,91.343,76.301,95.028,87.344,79.983,122.054,128.561,106.49900000000001,86.117,87.359,89.53566666666666,84.253,95.653,85.825,82.614,81.742,108.717,90.25,144.326,99.58,81.784,93.957,90.02,86.238,93.228,98.013,153.406,109.682,87.982,86.516,84.873,88.408,83.695,164.28,86.706,83.723,86.66833333333334,118.959,84.486,83.873,87.468,84.566
2008-04-01,95.271,121.725,87.2,118.511,94.549,104.459,100.763,89.47,91.919,75.639,95.156,89.108,80.557,121.338,138.979,109.80433333333333,87.198,87.678,90.12733333333334,84.84,95.76,86.295,83.315,82.823,113.896,91.832,142.641,100.143,82.375,93.125,90.999,87.017,95.272,98.31,151.862,111.026,86.281,86.982,86.219,89.269,84.38,162.081,87.355,83.395,87.87666666666667,119.612,85.669,84.733,88.041,86.362
2008-07-01,95.876,119.625,88.00233333333334,118.13,95.108,105.415,102.113,90.141,92.507,75.244,95.768,91.137,81.533,122.054,151.285,111.92033333333332,88.174,88.361,90.85166666666667,85.375,96.224,86.788,83.952,83.718,116.565,93.562,141.333,100.585,82.888,92.41,91.852,87.366,97.784,99.342,151.013,111.34,88.114,87.463,86.992,90.221,85.233,160.689,87.913,82.675,88.68233333333335,119.782,86.827,86.306,89.778,87.667
2008-10-01,95.111,117.527,87.14366666666666,117.287,95.227,108.13,95.962,89.712,91.276,72.348,96.68,92.188,82.236,122.053,99.634,102.59433333333334,87.362,88.511,91.50766666666668,85.48,97.963,87.306,83.869,83.804,103.954,93.538,139.952,100.194,83.457,91.271,91.125,87.471,91.74,100.861,150.049,111.107,98.88,87.983,87.535,88.781,84.962,159.065,87.454,81.521,86.92366666666668,119.337,85.784,88.093,91.103,88.497
2009-01-01,95.777,115.401,86.151,116.657,95.215,107.755,92.715,88.959,89.818,69.448,95.998,91.892,82.668,122.5,80.077,97.243,86.392,88.536,91.47233333333334,85.593,97.162,88.02,83.793,83.997,95.345,93.356,137.331,99.458,84.116,91.006,90.117,87.169,89.589,100.158,147.195,111.007,98.331,89.022,87.832,88.181,85.124,156.335,86.506,80.865,85.36366666666667,118.718,84.68,87.162,95.234,88.552
2009-04-01,96.466,112.87,86.44833333333334,116.352,93.976,107.067,92.67,88.975,89.29,69.075,94.734,91.06,82.787,122.698,87.32,98.399,86.518,88.418,91.05166666666666,85.856,95.639,88.551,83.875,83.944,96.64,93.248,134.984,98.713,84.641,91.495,89.858,87.669,91.16,98.832,145.018,111.189,97.103,91.276,88.119,88.532,85.078,153.802,86.071,79.798,84.78566666666667,117.656,84.875,84.68,98.563,87.98
2009-07-01,96.66,111.21,86.90500000000002,115.46,95.099,106.011,93.691,89.247,89.109,69.878,93.736,90.544,82.786,120.892,102.106,100.47433333333333,86.895,88.474,90.65866666666666,86.317,94.36,89.107,84.263,83.917,99.677,93.518,134.1,98.543,85.312,92.458,90.302,87.635,93.147,97.71,144.642,110.729,94.382,91.94,88.594,89.142,85.92,150.18,86.049,79.235,85.25933333333333,116.786,85.317,82.497,97.534,88.891
2009-10-01,96.482,109.618,87.63766666666668,115.854,94.797,104.582,94.859,89.933,88.143,71.947,93.509,90.554,83.317,119.51,108.756,102.118,87.538,88.798,90.87933333333332,86.824,94.028,89.958,84.969,83.974,102.472,93.793,131.998,98.793,86.328,95.253,91.129,88.076,94.102,97.251,142.288,111.604,93.92,92.279,89.403,89.83,85.985,147.693,87.541,79.821,86.50166666666667,115.192,85.932,82.405,92.175,89.974
2010-01-01,96.45,109.111,88.43933333333332,115.227,93.955,102.893,95.845,90.506,88.08,73.621,93.015,90.929,83.484,118.345,110.402,103.20733333333334,88.282,89.018,91.20233333333333,87.186,93.588,90.494,85.416,83.981,104.168,94.012,130.302,98.47,86.845,96.244,91.563,88.897,94.539,96.589,139.896,110.397,91.649,92.548,89.924,90.177,85.846,145.352,87.99,79.949,87.06733333333334,113.819,86.789,82.747,88.374,90.413
2010-04-01,95.85,108.651,89.18033333333334,114.202,94.25,102.481,96.972,91.2,87.506,74.86,92.933,91.214,83.865,116.875,106.735,103.17999999999999,88.91,89.431,91.745,87.407,93.585,90.982,85.896,84.07,103.696,94.356,129.082,98.728,87.352,96.024,92.089,89.883,94.119,96.645,138.243,110.561,90.739,92.616,90.549,90.317,86.383,142.613,88.808,79.388,87.699,113.17,87.373,83.232,89.231,90.907
2010-07-01,95.446,108.14,89.597,113.355,94.649,102.44,97.255,91.562,87.702,74.954,92.927,91.317,84.192,115.389,108.449,102.96033333333332,89.33,89.755,92.13166666666666,87.722,93.636,91.376,86.154,84.207,103.108,94.63,127.62,98.343,87.709,96.299,92.365,90.395,94.41,96.639,136.25,110.393,92.132,92.87,91.007,90.49,86.704,140.05,88.359,79.393,88.072,112.612,87.834,83.729,89.295,90.882
2010-10-01,95.162,107.637,90.40233333333333,113.0,94.15,102.358,99.44,92.307,88.155,75.831,93.23,91.68,84.596,114.239,120.393,105.18133333333333,90.072,90.27,92.68833333333333,88.112,93.941,91.757,86.506,84.343,105.456,95.111,127.264,98.831,88.075,96.893,93.076,91.2,96.098,96.906,136.008,111.335,91.777,93.121,91.338,91.07,86.733,137.96,89.535,79.842,88.89566666666667,112.368,88.573,84.298,89.385,91.339
2011-01-01,95.58,106.012,91.21933333333334,113.014,94.31,102.29,101.997,93.136,88.845,76.264,93.497,93.099,85.045,114.117,132.158,108.52300000000001,90.945,90.71,93.38533333333334,88.702,94.182,92.103,86.923,84.691,109.713,96.12,126.92,99.578,88.628,97.864,94.151,91.608,98.284,97.2,136.398,112.732,90.544,93.543,91.62,91.835,87.163,135.54,90.75,79.999,89.67833333333334,112.59,89.474,84.638,89.92,92.843
2011-04-01,96.305,104.741,92.25,113.299,94.3,102.637,104.012,93.979,88.889,77.121,93.973,94.527,85.773,114.615,144.077,111.18333333333334,91.933,91.363,93.87266666666666,89.212,94.61,92.67,87.505,85.107,113.011,97.061,125.623,99.918,89.301,99.214,95.047,92.361,100.577,97.721,135.128,113.845,91.423,94.132,92.158,92.738,87.762,133.341,91.454,80.289,90.70466666666668,112.492,90.562,85.742,91.249,93.533
2011-07-01,98.144,103.3,92.56866666666667,113.118,93.828,102.513,104.566,94.306,88.885,77.37,94.145,95.717,86.726,114.8,142.679,111.40533333333333,92.342,91.84,94.395,89.609,94.744,93.081,87.983,85.602,112.879,97.776,124.08,100.002,89.846,100.067,95.442,92.568,101.147,97.93,133.572,113.707,92.303,94.28,92.74,93.167,88.053,131.191,91.832,80.309,91.12599999999999,112.315,91.025,86.733,91.001,93.837
2011-10-01,99.177,102.673,92.38233333333334,112.662,93.321,102.632,103.455,94.18,88.738,77.283,94.347,96.378,87.163,114.23,142.096,110.86333333333333,92.223,91.951,94.60699999999999,89.928,94.855,93.418,88.342,85.98,112.559,97.916,122.976,99.732,90.341,100.302,95.275,92.511,101.661,98.172,132.224,114.104,93.79,94.819,93.248,93.475,88.589,129.196,91.674,80.348,90.98633333333333,111.953,90.913,87.865,91.134,94.696
2012-01-01,99.958,102.896,92.96199999999999,112.507,93.939,102.9,104.101,94.506,89.141,78.802,94.803,96.9,87.749,114.754,146.249,111.67833333333334,93.011,92.495,95.14933333333333,90.377,95.185,93.852,88.955,86.256,113.643,98.499,122.217,100.258,90.808,100.435,95.636,92.778,102.648,98.773,130.911,114.24,94.109,95.315,93.841,94.094,89.603,127.76,92.877,80.218,91.62633333333333,111.463,92.015,89.161,92.3,95.329
2012-04-01,101.032,102.324,93.03266666666667,111.846,94.215,102.845,104.29,94.715,89.063,79.427,95.082,97.067,88.488,114.557,142.176,111.16199999999999,93.101,92.881,95.55733333333335,90.83,95.632,94.307,89.443,86.619,112.755,98.852,120.908,100.263,91.465,100.639,95.872,92.939,102.445,99.046,129.201,113.027,94.935,95.514,94.417,94.321,89.98,125.66,93.641,80.536,92.06066666666668,110.334,92.024,90.342,92.489,95.733
2012-07-01,100.6,102.329,93.31633333333333,111.203,94.757,103.139,104.223,94.897,88.832,80.069,95.468,97.176,88.964,114.493,143.45,110.36,93.501,93.459,95.85333333333334,91.228,96.071,94.776,89.866,87.037,110.94,99.01,120.339,100.563,92.109,100.701,96.12,93.014,102.697,99.361,128.312,111.913,96.266,95.829,94.654,94.595,90.625,123.71,94.379,81.228,92.22033333333333,109.965,92.572,90.712,92.861,95.382
2012-10-01,101.688,101.95,93.87533333333333,110.823,94.693,103.467,104.579,95.013,89.66,81.236,95.612,97.587,89.325,114.029,148.063,111.005,94.226,93.869,95.75766666666668,91.761,96.301,95.003,90.404,87.641,112.098,99.404,120.02,100.085,92.521,101.071,96.332,92.976,103.534,99.339,128.027,111.715,96.656,95.785,95.225,95.126,91.064,122.119,93.936,82.044,92.85566666666666,109.321,93.706,90.62,93.816,95.783
2013-01-01,102.082,101.586,94.29366666666665,110.545,94.381,103.266,104.896,94.947,89.151,82.019,95.641,97.985,89.736,113.72,146.808,111.057,94.844,94.204,95.90633333333334,92.18,96.169,95.588,90.981,88.147,112.273,99.541,119.231,99.615,93.313,101.388,96.022,93.31,103.473,99.047,127.006,111.641,96.375,95.495,96.057,95.459,91.391,120.821,93.441,83.312,93.37966666666667,108.85,94.775,90.38,94.084,96.19
2013-04-01,101.351,101.615,94.57466666666666,109.812,94.028,102.983,104.205,95.102,90.284,83.413,95.946,98.083,90.394,112.903,137.886,109.70866666666666,95.2,94.474,96.255,92.484,96.518,95.493,91.431,88.788,110.845,99.354,117.696,99.842,93.289,101.328,96.04,93.691,102.402,99.143,124.665,111.501,96.81,95.684,96.462,95.508,91.431,118.762,94.246,84.41,93.72533333333332,108.462,95.259,91.024,94.479,95.809
2013-07-01,101.828,101.593,95.08133333333335,109.213,94.617,102.815,104.402,95.436,90.42,84.442,96.248,98.252,90.861,111.67,140.053,109.52866666666667,95.791,94.989,96.657,92.876,96.819,95.825,91.955,89.264,110.347,99.246,116.936,99.907,93.779,101.772,96.323,94.111,102.847,99.227,123.538,110.526,96.889,95.83,96.784,95.901,92.03,117.347,94.772,85.517,94.17533333333334,107.751,96.013,91.603,94.712,96.753
2013-10-01,101.991,101.381,96.47633333333333,108.637,94.666,102.366,104.324,96.904,90.057,85.966,96.805,98.242,90.99,110.722,139.691,109.13733333333333,96.701,95.477,97.38333333333333,93.218,97.206,96.266,92.578,89.84,110.113,99.305,115.38,100.429,94.393,102.153,97.452,96.122,102.858,99.5,121.315,109.146,96.983,95.927,97.409,96.254,92.571,116.139,96.239,87.14,94.926,107.129,96.568,92.889,94.594,97.293
2014-01-01,102.068,101.13,96.36433333333333,107.705,95.025,102.182,105.076,96.649,90.747,86.911,97.457,98.765,91.626,109.789,142.721,109.971,97.075,95.84,97.87700000000001,93.69,97.783,96.509,93.136,90.742,111.454,99.718,114.229,100.683,94.779,101.772,97.456,95.454,103.498,99.84,119.728,107.493,96.978,96.14,97.629,96.696,93.132,114.816,96.782,88.992,95.51266666666668,106.972,97.34,94.315,94.842,97.011
2014-04-01,102.349,101.573,96.83933333333334,106.981,95.464,102.199,105.117,97.057,91.124,88.035,97.659,99.83,92.556,108.436,141.639,109.54699999999998,97.417,96.343,98.00999999999999,94.062,98.066,96.802,93.72,91.397,110.759,99.974,113.202,100.29,95.149,101.657,97.724,96.078,103.981,100.039,118.009,106.425,97.429,96.648,97.811,97.129,93.528,113.918,96.446,89.203,96.17133333333334,106.281,97.642,95.585,95.427,97.727
2014-07-01,102.236,101.756,97.40233333333333,106.597,95.654,102.059,104.862,97.513,91.408,88.941,98.187,100.498,93.291,108.015,137.649,108.94466666666666,97.911,96.762,98.25466666666667,94.418,98.594,97.114,94.203,91.972,110.092,100.138,112.04,100.235,95.531,102.0,98.094,96.669,103.852,100.295,116.231,105.901,97.699,96.966,98.013,97.394,93.734,112.552,96.628,90.788,96.61266666666667,105.854,98.161,96.957,95.786,97.941
2014-10-01,101.866,101.765,97.49066666666666,105.803,95.163,102.054,103.007,97.642,93.447,89.422,98.388,100.971,94.091,107.339,122.307,106.74866666666667,97.908,96.8,98.30799999999999,94.898,98.882,97.086,94.515,92.495,107.962,100.031,110.752,100.096,95.427,101.805,98.126,96.945,102.303,100.503,114.359,104.573,98.379,97.361,98.047,97.265,93.73,111.079,96.805,90.962,96.54199999999999,105.399,98.075,97.996,96.621,98.394
2015-01-01,101.1,101.594,96.93400000000001,105.048,95.988,101.949,100.461,97.452,93.866,89.838,98.628,101.143,94.722,106.401,98.85,103.03666666666668,97.278,96.742,98.43033333333334,95.35,98.854,97.002,94.826,93.129,103.4,99.831,109.597,100.761,95.891,101.549,97.934,96.756,99.522,100.648,112.777,103.638,99.362,97.576,98.256,96.829,94.144,109.846,98.568,91.556,96.13466666666666,104.582,97.174,97.949,96.776,98.022
2015-04-01,100.921,101.056,97.371,105.107,96.801,101.731,100.257,97.641,94.575,90.841,98.599,100.842,95.064,106.543,105.126,102.46999999999998,97.728,97.302,98.35433333333333,95.896,98.756,97.312,95.279,93.652,102.037,99.623,108.617,100.936,96.378,102.378,98.127,96.94,100.271,100.487,111.614,102.568,99.677,97.902,98.355,97.312,94.951,109.319,99.438,92.017,96.46733333333333,103.703,97.783,97.475,96.934,98.014
2015-07-01,100.924,100.651,97.47166666666668,104.47,96.788,101.293,99.33,97.73,95.083,91.531,98.649,101.321,95.612,105.351,103.271,101.419,97.8,97.536,98.43599999999999,96.326,98.778,97.631,95.759,94.313,100.947,99.554,106.897,100.806,96.78,102.294,98.162,97.108,100.192,100.328,109.34,101.911,99.677,97.836,98.661,97.565,95.416,108.322,99.148,92.832,96.67866666666667,103.746,97.845,97.803,97.254,98.026
2015-10-01,100.724,100.352,97.28533333333333,103.841,97.295,101.022,97.773,97.611,95.698,91.733,98.454,101.258,96.469,104.658,92.74,99.50833333333333,97.519,97.527,98.22733333333333,96.594,98.524,97.764,96.106,94.844,98.75,99.21,105.265,100.001,96.92,101.638,97.988,97.068,98.955,99.916,107.168,100.919,100.222,98.038,99.035,97.49,95.594,107.998,97.771,93.41,96.42233333333333,103.333,97.467,97.648,97.888,97.848
2016-01-01,100.295,100.088,96.95100000000001,103.336,97.976,100.624,96.274,97.503,96.457,93.108,98.116,100.913,97.13,104.327,82.107,97.50866666666667,96.99,97.468,98.03066666666666,97.059,98.108,97.964,96.639,95.395,97.004,99.046,104.015,99.226,97.276,101.441,97.753,97.145,97.636,99.371,105.526,101.47,100.062,98.394,99.155,97.538,96.184,106.24,96.351,93.8,96.88633333333333,103.008,96.685,97.137,98.104,98.528
2016-04-01,100.766,100.024,97.57133333333333,103.017,99.218,100.277,97.285,98.022,97.292,94.733,98.435,100.307,97.604,103.637,89.432,98.28566666666666,97.642,98.108,98.51466666666666,97.636,98.46,98.312,97.332,96.184,97.52,98.999,103.487,99.507,97.761,101.731,98.28,97.651,98.442,99.434,104.811,102.187,99.589,98.58,99.539,98.157,97.289,104.765,97.125,95.002,97.38433333333334,102.419,97.416,97.696,97.855,98.873
2016-07-01,100.477,99.896,97.99266666666666,101.963,98.453,100.035,97.803,98.404,97.775,96.016,98.57,99.786,98.209,102.144,88.205,98.597,97.976,98.372,98.66666666666667,98.213,98.57,98.788,98.013,97.127,98.242,99.187,101.964,99.225,98.373,101.328,98.629,98.082,98.368,99.208,102.749,100.971,99.868,99.359,99.858,98.496,97.766,103.236,97.22,96.382,97.84499999999998,101.779,97.722,97.587,98.415,98.973
2016-10-01,100.89,99.172,98.51433333333334,101.031,98.526,99.889,98.468,98.891,98.803,96.894,99.077,99.516,98.853,101.5,94.82,98.92566666666666,98.456,98.884,99.08766666666668,98.825,99.06,99.161,98.542,98.011,98.535,99.141,100.761,99.852,98.832,100.734,99.016,98.709,99.175,99.507,101.363,100.843,99.897,99.523,99.924,98.947,97.977,101.129,98.66,97.61,98.49533333333333,101.542,98.198,98.251,99.348,98.831
2017-01-01,100.549,99.818,99.214,100.952,99.151,100.081,99.156,99.36,99.763,97.849,99.41,99.751,99.335,101.795,100.707,99.76566666666668,99.2,99.389,99.38366666666667,99.365,99.394,99.425,99.124,98.802,99.598,99.535,100.572,99.686,99.22,100.598,99.486,99.178,100.015,99.723,100.859,100.649,99.63,99.831,100.044,99.524,99.167,100.882,98.768,98.338,99.01833333333333,100.86,99.104,99.083,100.232,99.597
2017-04-01,100.082,99.78,99.49666666666667,100.353,99.885,100.036,99.245,99.682,100.111,99.538,99.914,99.982,99.759,100.625,95.035,99.46233333333333,99.432,99.656,99.73766666666666,99.79,99.925,99.791,99.711,99.6,99.691,99.87,100.097,100.083,99.676,100.329,99.69,99.67,99.387,100.019,100.219,100.358,99.885,99.882,99.862,99.724,99.614,100.155,99.543,99.553,99.75566666666667,100.734,99.283,99.883,100.204,99.969
2017-07-01,99.909,99.876,100.13266666666668,99.481,100.547,99.974,100.128,100.12,100.463,100.601,100.259,100.073,99.984,99.124,97.978,99.83800000000001,100.148,100.174,100.202,100.185,100.249,100.064,100.219,100.402,99.75,100.068,99.843,100.053,100.088,99.376,100.064,100.201,99.875,100.138,99.831,99.292,100.102,100.252,100.008,100.076,100.424,100.033,100.376,100.672,100.24466666666666,99.566,100.164,100.588,99.965,99.86
2017-10-01,99.459,100.526,101.157,99.213,100.417,99.909,101.471,100.838,99.663,102.011,100.417,100.193,100.922,98.457,106.28,100.93400000000001,101.221,100.78,100.67666666666666,100.661,100.432,100.72,100.946,101.196,100.961,100.527,99.488,100.178,101.016,99.697,100.76,100.951,100.723,100.121,99.091,99.702,100.382,100.035,100.087,100.676,100.795,98.929,101.314,101.436,100.98166666666667,98.84,101.448,100.447,99.599,100.574
2018-01-01,100.104,100.704,102.35366666666665,99.091,100.946,99.8,102.368,101.798,100.559,103.767,100.948,100.385,101.44,98.763,111.215,101.99133333333333,102.399,101.428,101.32433333333334,101.336,100.941,101.136,101.725,101.998,102.508,101.178,98.633,100.625,101.614,99.989,101.709,101.928,101.6,100.182,97.841,99.512,100.142,100.457,101.066,101.38,101.442,97.913,102.776,103.643,101.84666666666668,98.157,102.759,100.249,99.958,100.932
2018-04-01,101.306,100.641,103.18766666666666,98.844,101.444,99.749,103.626,102.497,100.901,104.9,101.451,100.311,102.262,99.434,113.867,102.64733333333334,103.315,102.14,102.07333333333334,101.831,101.405,101.728,102.399,102.743,102.793,101.79,97.799,100.842,102.167,99.858,102.435,102.585,102.132,100.335,96.694,98.993,100.497,100.68,101.396,101.912,101.798,96.897,103.418,105.421,102.51233333333333,97.856,103.807,100.691,100.091,101.516
2018-07-01,99.415,100.815,103.91399999999999,98.363,101.777,100.162,103.834,103.027,101.46,105.947,101.839,100.536,102.542,98.591,115.979,102.65899999999999,104.095,102.586,102.50666666666666,102.35,101.822,102.026,102.985,103.426,102.921,102.325,97.399,100.676,102.676,99.935,102.986,103.085,102.121,100.556,96.06,97.793,101.791,100.492,102.049,102.254,102.46,96.326,103.518,106.43,102.95366666666666,97.306,104.739,101.122,100.786,102.35
2018-10-01,99.712,100.551,104.706,98.235,101.173,99.974,103.469,103.778,102.427,106.819,102.035,100.838,103.016,99.323,112.962,102.12266666666666,104.664,103.005,103.021,103.084,101.987,102.57,103.633,104.288,102.428,102.649,96.398,100.184,103.326,100.283,103.438,104.272,101.889,100.637,94.764,96.13,102.662,100.33,102.309,102.642,102.876,95.624,103.405,107.065,103.354,96.433,105.197,102.633,100.425,103.551
2019-01-01,99.115,100.172,105.40966666666667,98.462,101.573,100.151,102.606,104.731,103.26,106.711,102.547,101.582,104.229,100.193,103.689,100.99033333333334,104.709,103.332,103.55233333333332,103.741,102.541,102.918,104.128,105.065,101.221,103.159,95.818,100.662,103.923,101.25,103.523,106.532,101.118,101.126,94.108,95.326,103.761,100.482,102.631,102.851,103.439,94.923,104.533,107.667,103.69233333333334,96.221,104.686,103.734,100.591,103.6
2019-04-01,98.801,98.659,104.783,97.95,102.532,100.197,103.427,104.034,103.496,108.07,102.968,101.365,105.082,99.962,112.935,101.55566666666668,104.934,103.855,103.75666666666666,104.157,102.945,103.418,104.768,105.909,101.725,103.401,94.887,101.065,104.4,100.84,103.931,104.17,102.114,101.552,93.408,96.559,103.951,100.73,102.518,103.426,103.946,93.269,105.036,108.065,104.33433333333333,96.403,105.473,104.953,101.714,103.904
2019-07-01,99.34,97.644,104.96033333333332,97.37,102.533,99.988,102.824,104.131,104.625,108.637,103.182,101.415,105.6,99.861,109.302,100.661,105.226,104.196,103.91300000000001,104.756,103.124,103.864,105.286,106.661,100.654,103.701,94.121,100.965,104.812,100.477,104.186,104.036,101.87,101.598,92.743,96.009,104.266,100.969,102.938,103.675,104.171,92.07,105.047,108.932,104.53466666666667,96.158,105.887,105.755,101.467,104.059
2019-10-01,98.033,96.404,105.51333333333334,96.961,102.742,99.591,102.459,104.51,104.768,108.48,103.15,101.751,105.809,99.007,112.283,100.45966666666668,105.752,104.543,104.04633333333334,105.462,103.037,104.551,105.85,107.389,100.395,103.916,93.22,100.251,105.706,100.81,104.628,104.328,102.288,101.347,91.98,95.637,104.49,101.553,103.42,104.083,105.262,91.132,104.781,109.736,104.72566666666667,94.778,106.506,106.603,100.83,105.013
2020-01-01,97.484,96.042,106.32933333333334,96.766,103.29,99.648,101.999,104.826,104.954,109.313,103.503,102.585,106.606,99.47,106.625,99.85666666666667,106.725,105.001,104.21600000000001,105.998,103.46,105.013,106.499,108.213,100.075,104.261,92.904,100.559,106.364,101.483,104.875,104.754,101.935,101.62,91.688,94.276,104.707,101.769,104.239,104.404,105.846,90.027,106.04,110.378,105.29533333333332,94.026,107.881,107.312,101.174,104.526
2020-04-01,91.727,96.364,106.29733333333333,95.906,104.74,99.812,97.144,104.893,104.526,107.672,103.869,105.912,106.256,99.694,81.344,96.17566666666666,106.664,104.651,104.44600000000001,106.749,103.562,106.063,106.641,108.842,96.884,104.182,92.565,101.739,107.626,100.738,104.671,105.202,100.203,102.043,91.073,93.394,104.907,101.826,104.417,103.988,106.308,88.337,108.479,110.553,104.06066666666668,93.854,107.74,106.869,102.604,101.927
2020-07-01,92.903,96.454,107.19099999999999,96.94,103.107,99.482,100.19,105.466,104.727,109.64,104.376,105.491,107.598,101.419,90.758,98.40033333333334,107.675,105.574,104.89999999999999,107.39,104.306,106.886,107.449,109.354,98.909,104.475,92.544,102.004,108.414,102.63,105.415,105.554,101.136,101.977,91.006,93.101,104.93,102.195,105.031,104.832,106.209,88.573,109.821,113.086,105.46033333333334,93.34,109.033,106.667,100.462,101.794
2020-10-01,93.185,96.206,108.26066666666667,97.678,103.627,98.871,101.749,106.253,105.287,110.468,104.967,105.579,108.536,102.222,93.322,99.29633333333334,108.801,106.293,105.50933333333334,107.998,104.925,107.29,108.051,109.907,99.657,104.91,92.259,103.276,108.985,105.115,106.187,106.364,101.242,102.172,90.709,91.907,104.807,101.705,105.279,105.34,107.263,88.369,112.441,115.022,106.524,93.361,110.37,106.309,97.512,103.265
2021-01-01,94.021,96.805,109.798,98.012,104.859,99.444,106.645,107.069,107.592,112.811,105.689,105.965,109.482,102.405,110.528,102.76400000000001,110.608,107.645,106.07333333333334,109.49,105.565,108.775,109.079,110.522,102.51,106.09,92.274,102.46,110.115,105.01,107.31,106.757,103.212,102.121,90.454,92.068,104.947,102.061,105.725,106.529,107.383,89.334,112.617,118.282,108.24333333333334,91.259,112.819,106.435,98.906,103.57
2021-04-01,95.249,97.239,111.35466666666667,101.241,106.073,98.72,111.258,108.223,110.986,115.409,106.711,106.881,111.599,104.83,118.847,106.50933333333334,112.411,109.278,107.43799999999999,110.792,106.373,109.211,110.373,111.565,105.63,107.876,92.239,102.573,110.669,111.791,108.561,107.784,104.692,102.198,90.205,93.719,106.531,102.518,106.369,108.188,109.098,90.15,112.742,122.449,110.12933333333335,91.198,115.044,108.02,91.957,107.725
2021-07-01,95.992,98.275,112.82433333333334,103.574,107.524,99.993,113.857,109.501,114.536,117.213,108.537,108.702,114.584,106.752,126.289,108.604,114.038,110.931,108.98533333333334,112.06,107.978,109.584,111.574,112.725,107.144,109.949,92.439,102.833,111.177,117.149,109.811,109.097,106.249,103.279,90.028,94.501,108.72,102.72,107.218,109.681,110.346,90.518,113.467,126.817,111.76466666666666,90.839,116.893,110.377,93.473,109.348
2021-10-01,97.866,98.769,114.37400000000001,105.978,108.478,101.29,115.72,110.856,119.202,118.666,110.701,111.089,116.918,109.546,140.091,110.80533333333334,115.974,112.836,111.11866666666667,113.625,110.098,110.013,112.766,114.347,108.899,111.851,92.454,102.953,111.721,122.842,111.223,110.374,109.116,104.982,89.822,94.362,111.994,103.768,107.984,111.491,111.84,90.819,113.903,130.601,113.12133333333334,90.535,119.203,116.394,94.619,110.059
2022-01-01,99.826,100.732,116.30866666666667,108.287,110.365,103.189,120.614,112.633,121.122,120.495,113.302,114.085,118.753,113.745,156.036,115.233,118.349,115.16,113.54933333333334,115.195,112.687,111.138,114.305,116.117,112.376,114.911,93.625,103.271,113.17,126.945,113.574,111.418,112.671,106.741,90.63,94.726,115.506,105.503,108.996,113.585,113.396,91.152,115.445,136.158,114.70133333333332,89.482,121.961,121.105,94.835,112.675
2022-04-01,100.448,101.473,119.04599999999999,108.6,112.862,105.425,126.218,114.685,124.453,121.462,115.969,117.997,120.899,115.826,179.72,119.72566666666667,121.678,117.76,116.03366666666666,116.555,115.217,111.531,115.937,118.496,115.49,117.514,93.888,103.868,113.829,127.018,116.175,112.763,116.92,108.815,90.679,94.697,119.367,106.84,109.897,115.672,114.686,90.717,116.341,140.999,116.69666666666667,89.539,126.102,126.195,99.436,119.584
2022-07-01,101.157,101.397,120.075,109.367,114.073,107.073,123.245,116.184,127.077,122.461,117.947,121.642,122.683,116.759,164.16,117.69833333333334,122.369,119.073,117.75166666666667,118.164,117.237,112.453,117.577,121.276,114.096,118.888,93.948,104.215,115.076,128.2,117.295,114.753,117.563,110.544,90.803,95.859,122.95,108.636,111.059,117.014,115.92,90.843,116.577,143.964,117.99066666666666,89.865,126.283,131.25,102.732,121.797
2022-10-01,101.555,102.049,121.08366666666666,108.977,115.131,108.629,121.372,117.371,130.732,124.089,119.06,123.574,125.435,116.066,155.907,115.813,123.046,120.173,118.61533333333334,119.49,118.274,112.974,119.217,123.533,112.784,119.564,94.271,103.834,115.591,128.108,118.4,116.043,117.878,111.464,90.986,96.599,124.931,109.525,112.39,118.172,117.706,89.938,117.092,145.894,119.85199999999999,88.49,126.64,133.821,107.195,124.388
2023-01-01,102.615,102.692,121.72366666666666,108.853,117.135,110.488,121.334,118.61,134.026,125.048,120.094,124.816,127.647,116.632,147.815,115.335,123.12,121.247,119.50266666666666,120.941,119.373,113.46,120.775,125.885,112.343,121.354,95.182,104.833,116.434,127.085,119.444,117.532,118.296,112.979,92.022,97.509,126.527,110.971,113.657,119.32,120.001,89.752,117.37,144.81,121.267,89.989,125.974,135.772,111.024,127.34
2023-04-01,103.52,101.641,122.08533333333332,108.768,119.038,110.531,120.225,119.635,135.785,126.482,120.055,124.978,129.188,114.999,144.1,114.206,122.796,121.809,119.67033333333332,122.267,119.065,114.422,121.975,127.33,111.04,122.192,95.335,105.091,117.627,128.932,120.725,118.228,118.606,113.041,92.695,98.072,127.27,112.12,115.176,120.182,120.663,88.697,118.276,144.359,121.88333333333333,89.443,124.8,135.408,109.422,127.023
2023-07-01,103.886,101.377,123.43466666666666,107.589,118.713,111.218,121.441,120.759,138.441,128.048,120.478,125.566,130.072,114.178,150.949,114.69166666666666,123.992,122.785,120.10700000000001,123.434,119.556,114.972,123.053,128.989,111.061,122.752,95.416,105.368,118.318,127.705,122.051,119.094,119.537,113.169,92.929,97.872,128.045,112.177,115.589,120.983,122.149,87.023,119.214,146.086,122.61433333333332,89.199,126.041,134.094,111.045,128.513
2023-10-01,103.205,101.6,124.24933333333333,106.713,120.841,111.531,120.792,121.899,139.65,128.078,121.164,125.975,131.111,112.842,146.077,114.22733333333333,124.406,123.247,120.58566666666667,124.514,120.214,115.736,124.029,130.728,111.058,122.934,95.509,105.686,119.358,127.34,123.507,119.824,119.339,113.643,92.967,97.257,128.233,112.703,115.907,121.48,123.488,85.952,119.797,147.689,122.85633333333334,89.047,126.006,135.21,111.904,130.035
2024-01-01,103.007,102.066,125.58266666666667,106.585,123.268,112.583,121.53,122.967,140.949,131.176,121.444,126.64,132.485,112.611,142.712,114.421,125.555,124.168,121.02733333333333,125.815,120.484,116.858,125.67,132.722,111.786,124.21,96.366,105.962,120.655,126.53,124.662,120.782,119.181,114.02,94.012,96.206,129.058,112.598,117.15,122.507,125.096,86.764,120.441,147.527,124.55933333333333,88.732,127.205,134.513,113.273,130.992
2024-04-01,104.619,102.174,126.37666666666667,105.898,123.52,113.057,122.339,123.825,143.532,133.111,122.22,126.528,133.325,110.973,144.229,114.92066666666666,126.199,124.942,121.57933333333334,126.996,121.224,117.412,126.664,134.16,112.373,125.212,96.76,107.016,121.375,125.193,125.486,121.682,119.905,114.672,94.551,96.963,129.625,113.51,118.266,123.275,125.204,86.572,121.046,148.802,125.41166666666668,90.245,127.72,134.625,113.326,130.962
2024-07-01,104.563,102.113,127.14166666666667,105.266,124.006,113.744,122.066,124.576,145.816,134.914,123.185,127.021,134.159,110.474,136.844,114.41633333333334,126.953,125.543,122.39566666666667,128.099,122.128,117.863,127.555,135.467,112.315,125.737,97.2,108.186,122.082,123.816,126.065,122.658,119.55,115.554,95.259,97.511,130.002,113.922,118.736,123.747,125.997,86.0,121.764,150.081,126.17166666666667,91.858,128.476,135.251,114.782,131.405
2024-10-01,104.365,102.603,127.889,105.243,124.407,114.017,122.137,125.398,147.186,136.814,123.666,127.878,135.411,110.512,133.289,114.26333333333334,127.619,126.27,123.13733333333333,129.115,122.609,118.641,128.704,136.88,112.228,126.089,97.603,109.033,122.979,124.999,126.791,123.607,119.398,115.98,95.619,98.394,130.255,113.718,118.816,124.478,127.185,84.684,123.186,150.781,126.72766666666666,92.241,129.044,135.041,114.777,134.248
