Date,Clothing and footwear,Computers and peripheral equipment,Consumption expenditures,Durable goods,"Entertainment, literary, and artistic originals",Equipment,Exports,Federal,Final consumption expenditures of nonprofit institutions serving households (NPISHs),Financial services and insurance,Fixed investment,Food and beverages purchased for off-premises consumption,Food services and accommodations,Furnishings and durable household equipment,Gasoline and other energy goods,Goods,Government consumption expenditures and gross investment,Gross domestic product,Gross investment,Gross output of nonprofit institutions,Gross private domestic investment,Health care,Household consumption expenditures (for services),Housing and utilities,Imports,Industrial equipment,Information processing equipment,Intellectual property products,Less: Receipts from sales of goods and services by nonprofit institutions,Motor vehicles and parts,National defense,Nondefense,Nondurable goods,Nonresidential,Other,Other durable goods,Other equipment,Other nondurable goods,Other services,Personal consumption expenditures,Recreation services,Recreational goods and vehicles,Research and development,Residential,Services,Software,State and local,Structures,Transportation equipment,Transportation services
1947-01-01,9.845,,23.94666666666667,2.821,10.553,3.641,3.926,22.03,,,6.947,29.235,,5.698,29.213,5.320333333333333,16.5,11.129,5.887666666666667,,6.553,,,,1.837,25.199,0.07,0.991,,5.646,31.676,8.754,17.937,4.863,0.706,4.492,16.351,8.987,,10.168,,0.238,1.74,19.04,4.832333333333334,,12.054,25.32,10.795,
1947-04-01,9.726,,24.487333333333336,2.88,10.127,3.563,3.877,21.851,,,6.767,29.82,,5.869,30.205,5.353333333333333,16.487,11.1,6.111000000000001,,6.051,,,,1.873,23.436,0.066,0.979,,5.747,29.468,11.749,18.244,4.787,0.664,4.47,16.377,9.367,,10.337,,0.243,1.767,18.088,4.955,,12.221,25.185,11.042,
1947-07-01,9.884,,23.450999999999997,2.921,9.959,3.443,3.68,21.576,,,6.985,29.701,,6.148,30.517,5.222333333333333,16.485,11.077,7.046666666666667,,5.873,,,,1.661,23.607,0.069,0.978,,5.436,30.266,9.954,18.328,4.699,0.693,4.617,14.93,9.485,,10.371,,0.253,1.791,20.854,4.8950000000000005,,12.499,25.357,10.46,
1947-10-01,9.874,,22.40533333333333,3.11,9.307,3.642,3.263,21.101,,,7.561,28.962,,6.45,30.44,5.079999999999999,16.354,11.25,7.533666666666666,,7.01,,,,1.75,21.34,0.068,0.958,,6.19,30.928,7.989,18.088,4.83,0.68,4.634,17.654,9.498,,10.374,,0.259,1.83,24.873,4.991333333333333,,12.694,24.992,11.931,
1948-01-01,9.781,,22.501,3.095,9.374,3.95,3.114,21.635,,,7.802,29.019,,6.183,31.135,5.122,16.599,11.42,8.595666666666666,,7.729,,,,1.974,23.17,0.072,0.966,,6.6,30.582,9.654,18.148,5.11,0.72,4.622,20.231,9.633,,10.426,,0.246,1.847,24.549,4.979666666666667,,12.665,25.511,12.417,
1948-04-01,9.842,,23.878333333333334,3.116,9.192,3.688,2.823,22.5,,,7.791,29.517,,6.515,31.204,5.066333333333334,17.186,11.609,9.178666666666667,,8.207,,,,2.052,21.726,0.069,0.951,,6.227,29.904,12.711,18.325,4.94,0.688,4.634,18.866,9.597,,10.547,,0.251,1.823,25.97,5.032,,13.012,26.221,11.47,
1948-07-01,9.935,,24.665666666666667,3.168,9.213,3.641,2.889,23.021,,,7.711,28.851,,6.639,31.522,5.101333333333334,17.547,11.675,9.446,,8.291,,,,2.159,20.189,0.067,0.952,,6.404,29.683,14.324,18.214,4.952,0.673,4.654,19.637,9.73,,10.563,,0.249,1.822,25.146,5.208666666666667,,13.234,27.005,11.34,
1948-10-01,10.158,,25.619,3.123,9.519,3.758,2.788,24.06,,,7.623,29.386,,6.233,31.163,5.082,18.195,11.689,10.085666666666667,,7.895,,,,2.124,21.483,0.073,0.945,,6.78,30.807,15.289,18.452,5.067,0.736,4.668,20.97,9.719,,10.647,,0.236,1.748,23.303,5.172666666666666,,13.548,27.391,10.805,
1949-01-01,10.173,,25.715666666666667,3.066,9.78,3.519,3.121,24.491,,,7.202,29.419,,5.756,30.883,5.188666666666667,18.679,11.528,11.063,,6.716,,,,2.06,19.596,0.07,0.924,,7.05,31.465,15.411,18.524,4.834,0.697,4.551,18.249,9.947,,10.664,,0.241,1.632,21.585,5.189,,14.103,26.876,11.087,
1949-04-01,10.045,,26.540000000000003,3.332,10.157,3.346,3.094,25.371,,,6.983,29.418,,5.903,31.346,5.229666666666667,19.492,11.488,12.334666666666669,,5.823,,,,2.03,16.716,0.063,0.921,,8.564,31.968,16.867,18.575,4.655,0.633,4.529,17.463,10.2,,10.828,,0.239,1.56,21.223,5.264666666666667,,14.893,26.247,11.505,
1949-07-01,9.679,,25.65233333333333,3.491,10.423,3.168,2.836,24.948,,,6.971,29.286,,6.411,31.362,5.144333333333333,19.597,11.607,13.254,,6.306,,,,1.948,15.578,0.06,0.928,,8.848,31.855,16.004,18.413,4.442,0.599,4.484,15.651,10.307,,10.852,,0.248,1.543,23.038,5.092666666666666,,15.505,25.086,11.506,
1949-10-01,10.058,,24.925,3.63,11.087,3.133,2.455,23.925,,,7.224,29.269,,6.936,31.731,5.1066666666666665,19.255,11.51,13.138,,5.996,,,,1.977,14.816,0.059,0.969,,8.881,30.024,16.111,18.714,4.387,0.587,4.573,15.476,10.704,,11.011,,0.26,1.577,25.846,4.979666666666667,,15.8,24.398,11.67,
1950-01-01,10.041,,24.68166666666667,3.769,10.957,3.188,2.415,22.789,,,7.668,29.925,,6.811,31.897,5.163333333333333,18.899,11.963,11.832999999999998,,7.419,,,,2.032,16.023,0.061,1.002,,9.529,28.936,14.895,18.954,4.514,0.61,4.591,16.213,10.803,,11.195,,0.295,1.715,28.731,5.107,,16.187,25.56,11.123,
1950-04-01,10.215,,24.990333333333336,3.801,10.531,3.547,2.444,23.361,,,8.348,30.05,,6.581,33.105,5.249333333333333,19.246,12.327,12.491666666666667,,8.213,,,,2.144,19.085,0.07,1.018,,9.977,29.179,15.951,19.174,4.89,0.699,4.668,18.048,10.906,,11.379,,0.294,1.838,31.485,5.242,,16.324,26.849,11.706,
1950-07-01,10.589,,23.180000000000003,4.702,10.058,3.927,2.507,22.693,,,8.941,30.111,,8.546,33.747,5.7443333333333335,18.936,12.804,12.939333333333332,,8.919,,,,2.646,19.496,0.071,1.022,,12.25,30.939,11.717,19.505,5.296,0.712,4.954,18.979,11.275,,11.963,,0.361,1.93,33.204,5.343666666666667,,16.338,28.404,14.584,
1950-10-01,10.118,,25.950333333333333,4.12,9.738,3.867,2.71,25.508,,,8.763,29.808,,6.884,32.932,5.588666666666666,20.274,13.049,12.916333333333332,,10.052,,,,2.651,22.452,0.076,1.012,,11.356,35.4,12.218,19.072,5.288,0.765,4.774,17.4,10.986,,11.603,,0.315,1.946,31.657,5.504333333333332,,16.344,29.132,13.251,
1951-01-01,10.331,,28.239,4.25,9.438,3.703,2.846,30.232,,,8.445,29.971,,7.717,34.238,5.697,22.431,13.226,15.322333333333333,,9.025,,,,2.651,19.418,0.071,0.984,,10.919,44.321,11.051,19.422,5.15,0.711,4.882,17.721,11.408,,11.883,,0.325,1.897,30.019,5.754666666666666,,16.184,29.226,13.201,
1951-04-01,9.953,,32.01133333333333,3.64,9.127,3.709,3.126,36.268,,,8.069,29.899,,6.406,33.985,5.561,25.42,13.455,18.614,,9.234,,,,2.563,21.137,0.075,0.974,,9.17,54.132,11.979,19.138,5.212,0.752,4.805,17.349,11.125,,11.548,,0.293,1.91,26.008,5.855666666666667,,16.457,30.219,12.416,
1951-07-01,10.163,,35.473000000000006,3.574,9.191,3.789,3.203,42.139,,,7.95,30.43,,6.534,34.857,5.524,28.213,13.733,21.61066666666667,,8.555,,,,2.346,23.316,0.08,0.993,,8.426,64.513,11.714,19.54,5.273,0.798,4.884,17.242,11.428,,11.682,,0.303,1.963,24.367,6.070666666666667,,16.539,30.035,11.974,
1951-10-01,10.306,,36.440666666666665,3.563,9.141,3.752,3.172,45.356,,,7.889,30.228,,6.749,35.603,5.485666666666667,29.703,13.763,24.70866666666667,,7.873,,,,2.285,22.644,0.081,1.034,,7.864,69.908,11.978,19.769,5.186,0.809,5.037,18.672,12.05,,11.75,,0.316,2.109,24.601,6.280333333333334,,16.515,28.881,11.073,
1952-01-01,10.227,,38.39033333333334,3.583,9.416,3.773,3.341,47.218,,,8.01,30.068,,6.698,35.462,5.609333333333333,30.585,13.91,24.758333333333336,,8.078,,,,2.55,22.906,0.085,1.122,,7.96,72.115,13.356,19.606,5.236,0.852,5.072,18.485,11.818,,11.777,,0.326,2.367,25.246,6.4816666666666665,,16.559,28.916,11.038,
1952-04-01,10.591,,40.04566666666667,3.653,9.906,3.825,2.974,49.077,,,8.145,30.892,,6.694,35.867,5.561,31.626,13.939,24.832666666666665,,7.469,,,,2.537,24.585,0.095,1.2,,8.296,75.863,12.647,20.062,5.319,0.947,5.193,18.828,11.87,,12.008,,0.331,2.557,25.714,6.410333333333334,,16.911,29.124,10.114,
1952-07-01,10.912,,40.832,3.436,10.292,3.259,2.739,50.293,,,7.702,31.313,,6.77,36.407,5.509,31.945,14.04,25.163,,7.87,,,,2.692,20.917,0.082,1.279,,6.786,77.528,13.238,20.415,4.905,0.824,5.302,16.255,12.047,,12.066,,0.336,2.767,25.465,6.576666666666667,,16.454,29.367,8.433,
1952-10-01,11.15,,41.416666666666664,4.029,10.728,3.668,2.758,51.017,,,8.288,31.553,,7.133,36.846,5.766666666666667,32.477,14.501,25.665999999999997,,8.437,,,,2.933,21.507,0.091,1.374,,9.714,78.775,13.251,20.714,5.34,0.911,5.487,18.164,12.366,,12.491,,0.354,3.024,26.84,6.878666666666667,,16.832,30.492,10.593,
1953-01-01,10.762,,42.57566666666667,4.164,11.017,3.929,2.711,52.828,,,8.625,32.219,,6.97,36.977,5.772333333333333,33.506,14.771,27.220333333333333,,8.618,,,,2.861,23.473,0.097,1.435,,10.598,81.011,14.471,20.843,5.629,0.967,5.494,18.85,12.584,,12.638,,0.371,3.187,27.273,6.885333333333333,,17.193,31.41,11.518,
1953-04-01,11.024,,43.95366666666666,4.14,11.451,3.923,2.728,54.347,,,8.691,32.257,,7.053,36.854,5.84,34.194,14.885,28.102000000000004,,8.667,,,,3.01,24.544,0.098,1.501,,10.362,81.644,17.104,20.938,5.685,0.979,5.438,17.047,12.527,,12.714,,0.371,3.343,27.363,6.977,,17.162,32.013,11.913,
1953-07-01,10.814,,42.79266666666666,4.114,11.412,4.055,2.838,53.037,,,8.707,32.029,,7.041,37.265,5.828333333333333,33.831,14.801,27.90533333333333,,8.486,,,,2.998,25.393,0.102,1.529,,10.256,80.781,15.266,20.746,5.812,1.022,5.373,17.723,12.339,,12.684,,0.37,3.447,26.339,7.1193333333333335,,17.616,32.191,12.197,
1953-10-01,10.662,,43.181000000000004,3.999,11.371,3.938,2.744,52.368,,,8.631,32.036,,7.059,37.18,5.703,33.747,14.577,26.840666666666667,,7.873,,,,2.851,25.616,0.092,1.547,,9.511,79.359,15.589,20.777,5.759,0.922,5.335,16.49,12.647,,12.599,,0.371,3.515,26.125,7.133333333333333,,18.037,32.759,12.15,
1954-01-01,10.787,,41.132,3.875,11.389,3.718,2.621,49.747,,,8.51,32.592,,6.915,37.387,5.619666666666667,32.87,14.507,27.301,,7.816,,,,2.686,25.095,0.09,1.562,,8.906,74.45,16.029,20.978,5.607,0.903,5.258,15.305,12.52,,12.645,,0.378,3.564,26.411,6.955666666666667,,18.68,33.092,11.006,
1954-04-01,10.787,,39.095666666666666,4.062,11.439,3.635,2.998,47.264,,,8.646,32.488,,6.901,37.495,5.8870000000000005,31.758,14.523,26.474333333333334,,7.798,,,,2.928,25.043,0.085,1.571,,9.882,71.457,14.284,20.922,5.557,0.853,5.498,16.121,12.425,,12.809,,0.389,3.589,28.133,7.170333333333333,,18.752,33.322,10.003,
1954-07-01,10.745,,38.44833333333333,4.08,11.862,3.807,2.901,45.192,,,8.975,33.194,,7.002,38.265,5.814,31.071,14.687,24.813666666666666,,8.174,,,,2.751,26.721,0.087,1.586,,9.546,68.247,13.76,21.186,5.699,0.87,5.8,17.069,12.454,,12.983,,0.406,3.571,29.846,7.265333333333333,,19.27,33.249,10.256,
1954-10-01,10.984,,38.72966666666667,4.331,12.354,3.798,3.035,44.693,,,9.171,33.734,,7.305,39.273,5.979333333333333,30.885,14.975,24.286,,8.533,,,,2.777,25.223,0.087,1.61,,10.506,66.067,15.494,21.543,5.691,0.876,5.918,17.515,12.537,,13.255,,0.422,3.575,31.714,7.418333333333333,,19.358,33.108,10.608,
1955-01-01,11.111,,38.164,4.72,13.22,3.833,3.148,43.833,,,9.523,33.937,,7.707,39.91,6.224333333333333,30.903,15.402,24.173333333333336,,9.385,,,,2.941,23.167,0.085,1.626,,12.381,65.92,13.716,21.766,5.789,0.847,5.758,17.555,12.755,,13.553,,0.432,3.488,34.045,7.413333333333334,,20.165,34.134,12.086,
1955-04-01,11.416,,37.389,4.976,13.666,4.173,3.074,42.902,,,9.922,34.457,,7.805,40.886,6.320666666666667,30.601,15.653,24.608999999999998,,9.956,,,,3.108,24.49,0.094,1.677,,13.607,63.715,14.477,22.168,6.134,0.939,5.978,19.165,12.919,,13.812,,0.445,3.592,34.535,7.8116666666666665,,20.426,34.981,13.407,
1955-07-01,11.322,,38.46233333333333,5.137,13.874,4.434,3.276,43.355,,,10.147,34.733,,8.095,41.312,6.4543333333333335,30.797,15.865,23.471,,10.109,,,,3.16,25.845,0.108,1.737,,14.09,64.409,14.607,22.317,6.438,1.087,6.004,19.756,13.154,,13.983,,0.457,3.767,33.799,8.029,,20.397,36.141,14.248,
1955-10-01,11.563,,37.312333333333335,5.001,13.957,4.563,3.291,41.913,,,10.188,35.255,,8.086,42.439,6.567333333333333,30.186,15.96,23.042666666666666,,10.343,,,,3.275,27.801,0.115,1.826,,13.101,62.522,13.78,22.77,6.63,1.152,6.221,20.951,13.53,,14.158,,0.465,4.063,32.381,7.904,,20.519,37.035,13.536,
1956-01-01,11.568,,36.78633333333334,4.773,13.351,4.337,3.447,41.655,,,10.018,35.792,,8.19,42.86,6.641666666666667,30.179,15.898,23.649666666666665,,10.048,,,,3.412,26.76,0.108,1.911,,11.625,62.294,13.488,23.027,6.549,1.083,6.109,20.601,13.721,,14.181,,0.465,4.459,31.553,8.077666666666666,,20.734,38.184,12.364,
1956-04-01,11.611,,37.47766666666667,4.779,13.168,4.346,3.679,42.671,,,10.121,35.628,,8.446,42.945,6.6883333333333335,30.789,16.029,24.233666666666664,,9.969,,,,3.394,27.256,0.122,1.985,,11.198,63.838,13.79,22.97,6.666,1.222,6.194,19.652,13.628,,14.229,,0.476,4.747,31.39,8.325333333333333,,20.994,39.545,12.077,
1956-07-01,11.719,,36.06633333333334,4.695,13.358,4.39,3.802,41.975,,,10.126,35.637,,8.29,42.42,6.7076666666666656,30.518,16.015,25.023,,9.879,,,,3.424,29.331,0.116,2.031,,10.827,63.657,12.373,22.985,6.733,1.164,6.324,20.347,13.631,,14.261,,0.476,4.876,30.797,8.523,,21.096,39.795,11.335,
1956-10-01,11.704,,37.18566666666666,4.846,13.78,4.379,3.972,43.407,,,10.079,35.924,,8.312,43.356,6.840333333333334,31.295,16.279,25.727333333333334,,9.788,,,,3.267,28.506,0.119,2.076,,11.611,65.594,13.118,23.169,6.734,1.191,6.448,19.29,13.761,,14.457,,0.48,4.964,30.338,8.195,,21.31,39.701,12.094,
1957-01-01,11.558,,38.257,4.935,13.95,4.458,4.231,44.259,,,10.072,36.188,,8.232,43.955,6.998,31.966,16.383,26.241666666666664,,9.636,,,,3.527,28.574,0.121,2.055,,12.398,66.188,14.346,23.309,6.769,1.214,6.277,19.694,14.013,,14.558,,0.47,4.864,29.922,8.772333333333334,,21.837,39.359,12.497,
1957-04-01,11.509,,37.471666666666664,4.818,14.354,4.441,4.105,43.704,,,9.985,36.533,,8.218,43.429,6.9446666666666665,31.8,16.347,25.959999999999997,,9.626,,,,3.554,28.464,0.133,2.059,,11.888,66.729,12.243,23.397,6.756,1.327,6.117,18.582,14.121,,14.583,,0.46,4.809,29.214,8.785666666666666,,22.014,39.332,12.47,
1957-07-01,11.754,,37.318,4.785,14.635,4.598,3.991,43.934,,,10.087,36.877,,8.173,44.277,6.919999999999999,32.071,16.507,26.656666666666666,,9.847,,,,3.486,28.672,0.143,2.084,,11.531,67.343,11.949,23.722,6.892,1.437,6.471,18.755,14.315,,14.699,,0.467,4.849,28.829,8.748666666666667,,22.327,39.338,13.307,
1957-10-01,11.454,,38.586666666666666,4.729,14.572,4.416,3.872,44.452,,,9.919,36.788,,7.982,44.17,6.835999999999999,32.598,16.336,26.75,,9.09,,,,3.497,27.546,0.129,2.094,,11.56,66.566,14.281,23.567,6.733,1.297,6.42,18.542,14.317,,14.705,,0.455,4.895,28.791,8.695666666666666,,22.878,39.114,12.883,
1958-01-01,11.342,,36.75066666666667,4.415,14.248,3.947,3.488,43.134,,,9.361,36.506,,7.983,44.42,6.587666666666666,32.316,15.912,27.518,,8.476,,,,3.549,25.07,0.121,2.1,,9.75,66.064,11.833,23.355,6.305,1.214,6.303,18.125,14.018,,14.501,,0.457,4.97,27.659,8.831666666666667,,23.526,38.381,10.144,
1958-04-01,11.559,,38.27466666666667,4.347,14.467,3.745,3.504,44.491,,,9.13,36.456,,7.85,45.748,6.607333333333333,33.122,16.017,27.994,,8.306,,,,3.701,23.566,0.113,2.13,,9.611,66.799,14.047,23.566,6.073,1.134,6.265,18.912,14.197,,14.621,,0.447,5.04,27.758,9.218333333333334,,23.857,37.108,8.883,
1958-07-01,11.819,,38.099333333333334,4.437,14.629,3.706,3.515,44.34,,,9.267,36.793,,8.121,46.563,6.711333333333333,33.312,16.387,28.481666666666666,,8.943,,,,3.645,22.474,0.116,2.185,,9.618,66.792,13.688,23.997,6.009,1.162,6.432,19.732,14.726,,14.864,,0.463,5.206,29.759,9.081333333333333,,24.365,36.261,8.504,
1958-10-01,12.023,,38.90966666666667,4.6,15.442,3.906,3.502,45.307,,,9.816,37.239,,8.245,46.98,6.856000000000001,33.983,16.77,29.590666666666664,,9.706,,,,3.837,23.277,0.121,2.261,,10.248,67.28,15.306,24.327,6.234,1.204,6.558,19.887,14.979,,15.066,,0.477,5.337,32.856,9.173333333333334,,24.789,36.821,9.779,
1959-01-01,12.068,0.0,37.41133333333334,4.85,16.483,4.121,3.756,44.404,2.488,10.863,10.394,37.919,22.256,8.403,47.063,6.955333333333333,33.636,17.092,31.246,11.237,10.234,11.821,16.147,19.103,3.938,23.949,0.122,2.33,17.787,11.298,65.18,16.011,24.643,6.429,1.226,6.46,20.144,15.223,20.822,15.342,8.181,0.506,5.403,36.565,9.776333333333334,0.001,24.934,36.691,11.319,16.202
1959-04-01,12.378,0.0,38.711333333333336,5.032,16.607,4.245,3.726,45.227,2.476,11.231,10.715,38.149,22.552,8.586,47.155,7.127,34.05,17.477,31.326333333333334,10.964,11.03,11.911,16.395,19.291,4.129,23.418,0.125,2.371,17.17,11.995,64.31,19.099,24.848,6.614,1.247,6.583,20.483,15.227,21.285,15.579,8.379,0.515,5.531,37.842,9.732,0.001,24.991,37.827,12.537,16.445
1959-07-01,12.294,0.0,39.17433333333333,5.13,16.222,4.383,4.085,45.832,2.464,11.455,10.829,38.378,23.04,8.629,46.984,7.289000000000001,34.34,17.489,31.393333333333334,10.735,10.318,11.954,16.622,19.638,4.169,23.496,0.128,2.359,16.662,12.471,65.357,19.108,24.943,6.792,1.271,6.611,20.744,15.438,21.32,15.741,8.435,0.516,5.552,37.134,9.967333333333334,0.001,25.005,38.952,13.586,16.786
1959-10-01,12.411,0.0,39.034,4.884,15.677,4.374,3.883,45.376,2.532,11.676,10.703,38.631,23.299,8.674,46.982,7.151,34.06,17.539,30.474333333333334,10.738,10.654,11.922,16.812,19.915,4.063,24.952,0.14,2.377,16.427,10.982,64.826,18.759,25.097,6.773,1.384,6.723,20.96,15.525,21.538,15.759,8.536,0.518,5.684,36.082,9.927666666666667,0.004,24.876,38.656,12.003,16.993
1960-01-01,12.448,0.0,37.03766666666667,5.041,14.623,4.526,4.383,43.671,2.695,11.665,11.06,38.498,22.914,8.529,47.381,7.412333333333333,33.48,17.934,30.665000000000003,11.225,11.725,12.085,16.936,20.189,4.216,25.474,0.147,2.415,17.015,12.128,63.921,15.971,25.16,7.008,1.419,6.612,19.842,15.722,21.756,15.91,8.734,0.511,5.949,37.19,10.282333333333334,0.009,25.293,40.269,13.556,17.089
1960-04-01,12.534,0.0,37.535,5.156,14.084,4.602,4.509,43.775,2.786,11.808,10.859,38.738,23.259,8.605,48.492,7.564333333333334,33.857,17.837,30.723333333333333,11.484,10.632,12.172,17.113,20.389,4.248,27.356,0.156,2.446,17.322,12.588,63.492,16.811,25.435,7.111,1.504,6.726,19.714,16.015,22.006,16.111,8.832,0.518,6.099,34.145,10.270999999999999,0.015,25.924,40.746,12.941,17.125
1960-07-01,12.331,0.0,38.270999999999994,5.115,15.498,4.403,4.607,45.125,2.823,11.832,10.626,38.506,22.951,8.346,47.653,7.498666666666668,34.686,17.925,32.074333333333335,11.285,10.605,11.856,17.085,20.597,4.123,25.687,0.152,2.548,16.757,12.822,65.481,17.29,25.286,6.986,1.446,6.619,18.115,16.197,21.848,16.046,8.866,0.503,6.171,33.125,10.391333333333334,0.019,26.31,40.824,12.935,17.168
1960-10-01,12.284,0.0,38.74966666666666,4.987,16.294,4.248,4.632,45.303,2.802,11.756,10.605,38.429,22.98,8.306,47.66,7.421666666666667,34.927,17.695,32.13766666666667,11.442,9.43,12.103,17.26,20.938,3.928,24.794,0.163,2.605,17.179,12.109,64.827,18.584,25.304,6.97,1.527,6.61,17.926,16.384,22.036,16.067,8.952,0.507,6.211,33.09,10.317333333333334,0.021,26.614,42.378,11.503,17.203
1961-01-01,12.395,0.0,37.611333333333334,4.713,17.527,4.11,4.6,45.456,2.744,12.292,10.516,38.75,23.162,8.295,47.079,7.374333333333333,35.446,17.814,34.55533333333333,11.384,9.675,12.231,17.447,21.107,3.909,23.207,0.154,2.68,17.228,10.544,66.554,16.622,25.454,6.87,1.442,6.593,18.509,16.512,22.184,16.061,9.04,0.51,6.269,33.225,10.302666666666667,0.02,27.473,42.185,11.053,17.174
1961-04-01,12.524,0.0,38.531,4.81,18.464,4.307,4.386,45.858,2.836,12.587,10.688,39.176,22.981,8.406,48.287,7.363333333333333,35.535,18.116,33.58466666666667,11.918,10.353,12.575,17.691,21.425,3.957,24.12,0.169,2.766,18.152,10.834,66.305,17.883,25.794,7.024,1.592,6.67,19.022,16.757,22.581,16.3,9.145,0.524,6.404,33.357,10.436,0.021,27.285,41.482,11.524,17.276
1961-07-01,12.626,0.0,39.36066666666667,4.928,18.698,4.365,4.584,47.239,2.868,12.245,10.944,39.101,22.933,8.558,47.211,7.572333333333333,36.295,18.464,34.71866666666667,11.959,11.158,12.678,17.739,21.608,4.219,24.308,0.172,2.818,18.146,11.161,68.356,18.349,25.814,7.092,1.589,6.804,18.742,16.973,22.657,16.379,9.243,0.539,6.542,35.177,10.468666666666666,0.021,27.514,41.506,12.03,17.36
1961-10-01,12.968,0.0,39.978,5.167,18.333,4.628,4.659,48.119,2.951,12.398,11.29,39.292,23.326,8.737,47.343,7.7363333333333335,37.092,18.827,35.93,12.188,11.342,12.875,18.048,22.007,4.319,26.157,0.177,2.85,18.404,12.14,69.643,18.672,26.165,7.308,1.635,7.036,18.555,17.418,23.069,16.709,9.47,0.548,6.701,36.374,10.661,0.024,28.255,41.288,13.542,17.612
1962-01-01,13.035,0.0,41.25300000000001,5.279,17.706,4.748,4.632,49.907,2.991,12.198,11.507,39.26,23.556,8.765,48.683,7.819,37.808,19.162,36.36333333333334,12.383,11.954,13.188,18.215,22.286,4.451,26.243,0.19,2.854,18.72,12.71,72.154,19.468,26.382,7.454,1.743,7.154,18.732,17.775,23.245,16.886,9.477,0.545,6.821,37.008,10.799000000000001,0.025,28.049,42.063,14.029,17.759
1962-04-01,13.181,0.0,41.79966666666667,5.42,17.343,4.868,4.898,50.108,2.955,12.451,11.833,39.211,23.788,8.872,48.792,8.002333333333334,38.0,19.336,36.184666666666665,12.442,11.86,13.546,18.505,22.611,4.548,26.517,0.185,2.885,18.969,13.205,71.465,20.839,26.488,7.656,1.699,7.398,19.869,17.947,23.466,17.093,9.828,0.556,6.982,38.154,10.954333333333333,0.027,28.239,43.596,14.645,17.986
1962-07-01,13.239,0.0,43.108000000000004,5.46,17.297,4.885,4.889,51.612,2.915,12.327,11.928,39.537,24.049,9.097,48.73,8.066666666666666,38.879,19.574,37.107,12.527,12.061,13.919,18.676,22.9,4.605,25.451,0.181,2.918,19.287,13.019,72.685,22.691,26.694,7.751,1.619,7.439,20.356,18.208,23.662,17.231,9.62,0.574,7.077,38.124,10.986666666666666,0.03,28.589,44.745,15.316,18.037
1962-10-01,13.347,0.0,43.40366666666666,5.7,17.672,4.9,4.731,51.854,2.878,12.365,11.892,39.348,24.328,9.165,49.88,8.065666666666667,39.149,19.638,37.23133333333333,12.607,11.708,14.241,18.925,23.335,4.662,24.606,0.186,2.984,19.582,14.119,72.739,23.173,26.843,7.722,1.614,7.618,20.88,18.495,23.698,17.475,9.763,0.587,7.185,38.064,11.248333333333335,0.037,28.886,43.662,15.374,18.236
1963-01-01,13.294,0.0,42.13933333333333,5.814,18.417,4.99,4.803,50.099,2.887,12.254,12.047,39.348,24.366,9.331,51.094,8.105333333333332,38.618,19.852,37.062666666666665,12.783,12.324,14.425,19.01,23.547,4.554,25.982,0.199,3.081,19.947,14.542,70.118,22.598,26.99,7.74,1.664,7.537,21.862,18.777,23.537,17.597,9.9,0.595,7.328,39.407,11.213333333333333,0.044,29.418,42.143,14.4,18.434
1963-04-01,13.376,0.0,41.86533333333333,5.939,19.103,5.09,5.187,49.876,2.979,12.523,12.584,39.568,24.446,9.426,50.561,8.345666666666666,38.647,20.075,37.242,13.083,12.52,14.551,19.201,23.598,4.661,27.255,0.211,3.187,20.34,14.932,69.703,22.632,27.082,7.981,1.723,7.647,22.672,18.851,24.211,17.763,9.943,0.616,7.478,42.233,11.312666666666667,0.056,29.667,44.14,13.684,18.644
1963-07-01,13.613,0.0,44.14033333333333,6.012,18.975,5.31,5.161,52.697,3.094,12.945,12.894,39.817,24.487,9.673,50.397,8.461666666666668,40.363,20.517,39.23433333333333,13.341,12.906,14.651,19.522,24.011,4.779,28.511,0.221,3.244,20.569,14.953,72.497,25.425,27.33,8.2,1.769,7.772,23.692,19.111,24.652,18.004,10.402,0.624,7.609,43.041,11.354999999999999,0.067,30.453,44.446,14.182,18.898
1963-10-01,13.488,0.0,43.45733333333333,6.107,18.808,5.518,5.362,51.326,3.203,13.425,13.28,39.911,24.814,9.826,50.82,8.557,39.946,20.651,38.40533333333333,13.627,13.063,14.897,19.775,24.234,4.764,29.321,0.223,3.283,20.881,15.251,70.521,24.879,27.295,8.44,1.768,7.714,24.584,18.987,25.106,18.154,10.016,0.635,7.718,44.392,11.444666666666668,0.074,30.859,45.354,15.201,19.178
1964-01-01,14.045,0.0,43.24266666666667,6.345,17.873,5.653,5.634,51.077,3.36,13.309,13.739,40.151,25.381,10.289,51.712,8.755,40.071,21.087,38.965,14.089,13.551,15.485,20.067,24.57,4.759,29.87,0.235,3.27,21.442,15.623,69.455,25.717,27.763,8.617,1.838,8.007,24.802,19.333,25.132,18.511,10.41,0.678,7.836,47.12,11.716666666666669,0.076,31.316,46.529,15.615,19.42
1964-04-01,14.415,0.0,43.58599999999999,6.51,17.569,5.77,5.611,51.049,3.387,13.545,13.714,40.849,25.707,10.633,52.987,8.916333333333334,40.431,21.316,39.35433333333334,14.237,13.503,16.086,20.354,24.804,4.866,29.951,0.239,3.302,21.695,15.793,68.599,26.776,28.292,8.818,1.866,8.193,25.415,19.587,25.467,18.838,10.316,0.717,8.011,44.775,11.765333333333333,0.076,32.029,48.104,16.211,19.678
1964-07-01,14.627,0.0,43.373333333333335,6.725,17.769,5.974,5.786,50.764,3.381,13.926,13.937,41.448,25.917,10.754,54.604,9.152000000000001,40.48,21.649,39.385333333333335,14.313,13.818,16.632,20.634,25.119,4.997,31.53,0.24,3.363,21.883,16.539,68.45,26.321,28.845,9.102,1.861,8.552,25.392,20.139,25.455,19.186,10.405,0.741,8.211,44.059,11.942666666666668,0.074,32.374,49.683,17.379,19.973
1964-10-01,14.773,0.001,43.06133333333333,6.519,18.097,6.151,5.903,50.346,3.384,13.954,14.059,41.601,26.126,10.917,54.384,9.193666666666667,40.463,21.716,39.52433333333333,14.319,13.949,16.95,20.929,25.521,5.132,34.179,0.259,3.435,21.888,15.038,67.481,26.634,28.901,9.296,2.0,8.564,27.189,20.024,25.808,19.241,10.769,0.763,8.426,43.277,12.110333333333335,0.073,32.712,50.077,15.808,20.197
1965-01-01,14.787,0.001,43.173,7.125,19.068,6.619,5.216,49.914,3.373,14.174,14.694,42.058,26.725,10.922,54.132,9.040666666666667,40.417,22.242,38.993,14.577,15.279,17.232,21.179,25.779,4.947,34.633,0.262,3.586,22.496,18.163,66.308,27.179,29.177,9.888,2.002,8.876,27.709,20.462,25.957,19.67,10.824,0.779,8.72,43.489,12.095999999999998,0.081,33.005,52.646,19.854,20.335
1965-04-01,14.762,0.001,43.635333333333335,7.137,19.611,6.738,6.089,49.996,3.481,14.395,15.11,42.373,27.479,11.068,55.509,9.603333333333333,40.895,22.523,39.233,14.91,15.319,17.178,21.487,26.175,5.531,36.135,0.279,3.704,22.918,17.802,66.005,27.766,29.456,10.252,2.099,8.795,27.249,20.78,26.452,19.887,10.804,0.819,8.974,43.869,12.525,0.089,33.841,56.315,19.728,20.655
1965-07-01,15.071,0.001,45.27133333333334,7.381,20.165,7.099,5.954,51.849,3.63,14.65,15.519,42.957,27.876,11.399,56.804,9.683666666666667,42.252,23.024,40.70066666666667,15.269,15.853,16.864,21.76,26.516,5.554,38.238,0.293,3.827,23.272,18.399,68.016,29.369,29.897,10.624,2.197,9.166,29.043,20.944,27.303,20.229,10.819,0.852,9.209,44.077,12.592333333333334,0.101,34.794,56.907,20.516,21.001
1965-10-01,15.644,0.001,46.31199999999999,7.692,20.568,7.374,6.317,53.008,3.741,15.2,15.878,44.871,28.422,11.991,57.421,10.161333333333333,43.052,23.554,40.99366666666666,15.59,15.957,16.85,22.119,26.842,5.825,38.987,0.313,3.957,23.66,18.608,69.959,29.471,31.006,11.056,2.26,9.905,30.209,21.676,27.965,20.797,11.019,0.929,9.495,43.213,12.855666666666666,0.114,35.297,59.526,21.347,21.31
1966-01-01,15.976,0.001,46.382666666666665,8.058,21.46,7.78,6.162,54.266,3.771,15.322,16.47,44.663,28.939,12.188,57.465,10.306333333333333,43.854,24.127,43.11233333333333,15.878,17.232,17.142,22.35,27.072,5.975,40.295,0.339,4.093,24.212,19.762,72.383,29.165,31.231,11.52,2.406,10.703,31.578,22.163,28.149,21.104,11.074,0.976,9.704,44.297,12.852666666666666,0.127,35.715,60.939,22.823,21.524
1966-04-01,16.036,0.001,48.262,7.736,21.666,8.054,6.347,55.754,3.707,15.24,16.309,44.761,28.993,12.161,58.913,10.267333333333333,44.682,24.21,42.50933333333333,16.084,16.977,17.747,22.615,27.368,6.124,42.785,0.365,4.214,24.866,17.813,73.96,30.504,31.527,11.709,2.511,10.51,32.113,22.635,28.346,21.158,11.382,1.011,9.991,40.851,13.505333333333333,0.141,35.986,59.763,22.769,21.993
1966-07-01,16.219,0.002,49.27533333333333,7.99,21.708,8.09,6.271,57.925,3.639,15.083,16.327,44.888,29.164,12.54,59.703,10.480333333333334,45.9,24.415,44.292,16.122,16.852,18.234,22.821,27.693,6.467,43.349,0.385,4.328,25.155,18.346,78.386,29.651,31.754,11.864,2.564,10.599,32.192,22.837,28.42,21.4,11.646,1.069,10.293,39.494,13.558666666666667,0.155,36.403,61.095,21.967,21.975
1966-10-01,16.074,0.002,49.623,7.987,21.69,8.206,6.427,58.577,3.576,14.838,15.893,44.671,28.901,12.438,60.003,10.532,46.692,24.615,45.45633333333333,16.209,16.951,18.714,23.092,27.989,6.54,43.767,0.402,4.437,25.538,18.248,80.404,28.478,31.666,11.863,2.596,10.451,32.544,22.897,29.095,21.489,11.986,1.104,10.577,35.351,13.755,0.17,37.333,59.017,22.009,22.619
1967-01-01,16.084,0.002,53.14366666666666,7.836,21.608,7.88,6.506,62.369,3.645,15.425,15.593,45.557,28.661,12.481,59.894,10.547666666666666,48.665,24.833,46.577,16.423,16.535,18.775,23.295,28.182,6.642,44.178,0.39,4.515,25.806,17.337,84.971,31.158,32.021,11.671,2.511,10.435,30.006,23.14,29.482,21.613,12.069,1.106,10.867,34.378,14.164000000000001,0.173,37.789,59.63,20.445,22.889
1967-04-01,16.207,0.002,53.099,8.172,21.119,7.965,6.42,61.687,3.755,15.705,15.978,45.806,28.411,12.607,60.473,10.604666666666667,48.464,24.848,45.18866666666667,16.83,15.937,18.804,23.506,28.604,6.589,43.292,0.394,4.547,26.385,18.883,85.101,29.417,32.26,11.643,2.523,10.729,30.647,23.37,30.099,21.908,11.781,1.117,11.084,38.341,14.301333333333334,0.175,37.99,57.936,21.315,22.972
1967-07-01,16.279,0.002,53.37733333333333,8.107,21.41,7.856,6.368,62.707,3.918,16.254,16.17,45.557,28.721,12.62,60.334,10.563666666666666,49.002,25.083,46.160333333333334,17.261,16.404,18.781,23.804,28.91,6.676,41.246,0.387,4.625,26.866,18.334,87.063,29.162,32.23,11.623,2.479,10.631,29.806,23.456,30.378,22.021,12.269,1.146,11.341,40.38,14.558,0.172,38.131,58.548,22.225,23.324
1967-10-01,16.183,0.002,54.047,8.128,21.737,8.106,6.488,62.742,4.051,16.194,16.656,46.156,29.011,12.741,61.439,10.797000000000002,49.374,25.273,45.94166666666666,17.619,16.758,18.829,23.983,29.387,7.028,42.16,0.412,4.706,27.271,17.818,86.272,30.3,32.376,11.857,2.614,10.839,30.858,23.232,30.76,22.155,11.528,1.203,11.538,42.719,14.507,0.176,38.793,58.642,22.625,23.61
1968-01-01,16.638,0.002,55.61866666666666,8.633,21.833,8.415,6.67,63.842,4.072,16.011,17.028,46.707,30.112,12.954,62.721,11.239333333333333,50.256,25.788,45.31766666666667,17.831,17.094,19.331,24.371,29.765,7.442,42.821,0.419,4.793,27.684,20.121,88.197,30.281,33.013,12.206,2.658,11.104,29.847,23.85,30.873,22.686,12.198,1.226,11.797,42.845,14.687333333333333,0.183,39.504,59.786,25.737,24.052
1968-04-01,16.753,0.002,55.463,8.817,22.589,8.212,6.782,63.493,4.04,16.937,16.986,47.547,30.374,13.255,62.811,11.429,50.516,26.219,45.681999999999995,18.174,17.748,20.072,24.769,29.901,7.555,41.671,0.412,4.915,28.536,20.457,88.112,29.587,33.419,12.056,2.566,11.749,29.779,24.131,30.982,23.032,12.603,1.239,12.019,43.891,14.819,0.191,40.278,59.276,24.665,24.446
1968-07-01,17.041,0.003,55.761,9.213,22.798,8.415,7.264,63.13,4.03,17.049,17.25,48.388,30.706,13.689,63.477,11.902,50.667,26.422,45.429,18.26,17.264,20.548,25.097,30.364,8.01,41.072,0.423,4.998,28.757,21.698,86.61,30.741,33.951,12.222,2.599,11.924,30.734,24.47,31.108,23.463,12.768,1.296,12.223,44.778,15.278666666666666,0.199,40.862,58.891,26.093,24.919
1968-10-01,16.919,0.003,56.071,9.159,22.651,8.707,7.103,62.823,4.031,17.132,17.657,48.552,30.74,13.584,63.356,11.798333333333334,50.711,26.526,44.580000000000005,18.536,17.451,21.071,25.382,30.825,7.942,41.922,0.419,5.07,29.362,21.427,85.878,31.004,33.958,12.555,2.568,12.023,32.465,24.514,31.08,23.569,13.073,1.303,12.449,45.398,15.376333333333333,0.209,41.202,60.093,27.645,25.303
1969-01-01,17.088,0.003,55.62133333333333,9.332,21.948,9.024,6.277,62.62,4.017,16.671,18.148,49.159,30.711,13.684,64.751,11.298,50.825,26.94,45.631,18.774,18.479,21.43,25.613,31.295,7.193,43.434,0.452,5.105,29.928,21.977,85.159,31.49,34.335,12.876,2.76,12.233,33.218,24.612,31.5,23.831,13.277,1.334,12.631,46.923,15.267000000000001,0.224,41.58,61.022,28.265,25.723
1969-04-01,17.153,0.003,56.35666666666666,9.306,21.807,9.118,7.653,61.836,4.039,16.901,18.244,48.949,31.377,13.823,65.581,12.349000000000002,50.665,27.022,43.143,19.038,18.37,21.7,25.936,31.604,8.612,44.324,0.49,5.204,30.449,21.554,83.546,31.82,34.411,13.017,2.941,12.216,32.574,24.807,31.766,23.984,13.509,1.351,12.852,46.483,15.778,0.248,41.932,61.507,27.664,26.116
1969-07-01,17.248,0.004,56.52766666666667,9.28,20.705,9.237,7.525,61.949,4.098,17.01,18.505,48.907,31.155,13.563,65.8,12.247666666666667,50.767,27.201,43.03666666666667,19.223,18.743,21.832,26.14,32.105,8.5,45.66,0.522,5.242,30.686,21.805,83.536,32.095,34.54,13.313,3.115,12.061,32.446,25.085,32.003,24.101,13.361,1.346,13.036,46.115,15.912,0.277,42.024,64.407,26.96,26.511
1969-10-01,17.159,0.004,56.324666666666666,9.244,20.279,9.159,7.721,60.539,4.18,17.328,18.093,49.45,31.335,13.536,67.198,12.295000000000002,50.083,27.068,40.18566666666667,19.528,17.838,22.068,26.459,32.492,8.407,45.194,0.544,5.298,31.124,21.426,81.944,30.955,34.771,13.243,3.221,12.116,32.887,25.127,32.428,24.294,13.505,1.371,13.145,42.944,16.158666666666665,0.304,41.933,63.956,25.411,26.978
1970-01-01,16.958,0.005,55.321,9.102,19.316,9.094,7.823,59.516,4.249,17.279,18.003,50.111,32.026,13.526,68.297,12.348666666666666,49.841,27.027,40.971,19.813,17.306,22.462,26.739,32.686,8.38,46.264,0.559,5.272,31.555,20.002,79.889,31.319,35.069,13.15,3.212,12.454,33.294,25.465,32.865,24.445,13.816,1.439,13.107,42.969,16.182333333333332,0.326,42.334,63.453,23.296,26.976
1970-04-01,16.905,0.004,54.641,9.208,18.691,9.055,8.126,57.947,4.309,17.451,17.633,50.164,32.381,13.579,67.662,12.458666666666668,49.261,27.066,39.996,19.884,17.344,22.584,26.898,32.883,8.545,45.547,0.565,5.236,31.546,20.623,76.506,32.164,35.047,13.064,3.278,12.449,33.853,25.531,32.929,24.555,13.841,1.427,12.998,40.339,16.704666666666665,0.342,42.565,62.804,22.778,27.085
1970-07-01,16.859,0.004,54.550999999999995,9.241,18.265,9.111,8.159,57.233,4.426,17.713,17.931,50.552,32.428,13.607,68.702,12.501666666666665,49.469,27.315,39.99966666666666,20.272,17.626,23.017,27.188,33.264,8.526,45.478,0.544,5.2,32.068,20.42,75.429,31.945,35.299,13.109,3.221,12.946,35.178,25.801,33.148,24.771,13.935,1.45,12.972,42.666,16.832,0.342,43.535,63.033,23.288,27.48
1970-10-01,17.136,0.004,54.474333333333334,8.627,18.002,8.63,8.176,57.018,4.374,17.979,17.927,51.131,32.061,13.821,68.726,12.521,49.492,27.022,39.90133333333333,20.497,16.69,23.638,27.342,33.557,8.658,43.859,0.555,5.116,32.707,16.629,74.899,32.147,35.711,12.66,3.26,13.138,34.459,26.154,32.868,24.703,13.967,1.462,12.785,46.965,16.692333333333334,0.332,43.755,62.295,19.498,27.471
1971-01-01,17.251,0.004,54.31300000000001,9.553,17.786,8.776,8.251,55.185,4.429,18.293,18.295,51.379,31.729,13.892,70.042,12.705333333333334,48.769,27.756,37.013,20.86,18.636,23.875,27.527,33.925,8.556,41.749,0.546,5.121,33.351,21.799,71.806,32.013,35.857,12.764,3.188,12.994,33.565,25.975,32.932,25.178,14.043,1.449,12.88,49.403,16.855999999999998,0.329,43.938,62.14,23.087,27.707
1971-04-01,17.675,0.005,54.373333333333335,9.77,17.927,8.989,8.19,54.54,4.516,18.271,18.982,51.212,31.958,14.053,71.15,13.003,48.656,27.907,36.564,21.366,19.165,24.325,27.797,34.307,9.201,41.042,0.592,5.179,34.216,22.507,69.362,33.736,35.939,12.938,3.298,13.239,34.272,25.642,33.017,25.409,14.233,1.482,12.942,54.143,16.951,0.346,44.265,61.98,23.686,28.215
1971-07-01,17.771,0.006,54.153999999999996,10.031,18.405,9.052,8.599,54.303,4.628,18.237,19.309,50.744,32.27,14.303,70.84,13.325000000000001,48.629,28.136,36.952333333333335,21.8,19.397,24.842,28.045,34.658,9.404,41.216,0.605,5.246,34.854,23.478,68.036,34.928,35.866,12.995,3.29,13.494,34.5,25.806,32.966,25.612,14.357,1.496,12.95,56.632,16.942666666666668,0.364,44.414,61.757,23.645,28.615
1971-10-01,18.016,0.007,53.65133333333333,10.459,19.16,9.364,7.805,52.869,4.799,18.229,19.816,51.025,32.8,14.726,70.898,12.850999999999999,48.286,28.202,35.726333333333336,22.172,18.875,25.257,28.463,35.203,8.767,42.365,0.63,5.361,35.19,24.962,66.291,33.939,36.11,13.26,3.35,13.595,34.023,25.965,33.431,26.037,14.826,1.55,13.02,58.813,17.134666666666664,0.389,44.972,61.595,25.554,29.088
1972-01-01,18.164,0.009,54.522,10.698,19.428,9.719,8.692,53.302,4.749,18.883,20.66,50.554,33.859,15.239,72.43,13.758000000000001,48.549,28.72,35.300000000000004,22.461,20.119,25.647,28.969,35.612,10.048,42.132,0.664,5.48,35.965,25.125,65.624,35.852,36.229,13.683,3.365,13.586,35.882,26.333,33.985,26.38,14.806,1.633,13.307,62.651,17.591666666666665,0.404,45.096,63.204,26.955,29.608
1972-04-01,18.624,0.009,54.58266666666666,10.967,19.92,9.94,8.439,53.82,4.797,19.018,21.016,52.285,34.357,15.444,73.037,13.766333333333334,48.743,29.372,35.9,22.701,21.261,26.084,29.321,36.123,9.691,44.112,0.663,5.573,36.358,25.828,66.181,36.313,37.208,13.906,3.4,13.903,37.311,26.965,34.171,26.882,14.978,1.693,13.449,63.838,17.547,0.416,45.019,63.558,27.067,29.868
1972-07-01,19.206,0.009,53.44966666666667,11.249,19.817,10.178,8.947,51.352,4.749,19.497,21.254,52.542,34.988,15.911,74.381,14.182,47.814,29.649,34.300666666666665,22.793,21.563,26.448,29.741,36.509,9.893,45.906,0.679,5.619,36.694,26.301,62.111,36.083,37.721,14.11,3.462,14.131,39.347,27.319,34.643,27.297,15.204,1.76,13.569,64.12,17.650666666666666,0.429,45.381,63.698,26.543,30.191
1972-10-01,19.752,0.009,53.28266666666667,11.845,19.708,10.957,9.326,51.485,5.021,19.746,22.185,53.056,35.384,16.296,77.425,14.766333333333334,48.21,30.146,35.621,23.161,21.699,26.851,30.234,37.231,10.339,47.238,0.705,5.693,36.742,28.382,62.395,36.007,38.433,14.786,3.69,14.608,41.996,27.78,35.306,27.937,15.523,1.847,13.891,66.386,17.893333333333334,0.427,46.005,64.712,30.931,30.484
1973-01-01,20.295,0.009,53.15366666666667,12.599,18.885,11.561,10.008,52.151,4.906,20.133,23.055,52.213,36.431,17.178,79.138,15.406333333333334,48.625,30.892,37.32833333333333,23.357,22.97,27.594,30.658,37.372,10.816,49.044,0.749,5.759,37.49,30.616,63.261,36.39,38.665,15.406,3.949,15.39,45.22,28.354,35.522,28.447,16.052,1.939,14.239,68.603,18.226666666666667,0.444,46.215,66.826,32.415,30.584
1973-04-01,20.23,0.009,52.90533333333334,12.45,18.827,12.095,10.49,51.312,4.966,20.294,23.231,51.092,36.095,17.35,78.585,15.436666666666667,48.283,31.228,36.272,23.629,23.949,28.089,30.915,37.837,10.505,52.226,0.786,5.842,37.922,29.692,61.981,36.169,38.338,15.979,4.121,15.781,45.788,28.68,35.702,28.435,16.379,1.9,14.443,65.048,18.115333333333336,0.464,46.289,68.914,34.24,30.587
1973-07-01,20.266,0.009,52.239666666666665,12.34,18.802,12.244,10.526,49.497,4.789,20.395,23.162,51.109,36.525,17.428,78.927,15.385666666666665,47.715,31.064,34.983,23.234,23.081,28.356,31.163,38.392,10.214,54.082,0.811,5.907,37.55,28.669,58.852,36.207,38.518,16.225,4.292,16.097,45.592,29.154,35.535,28.535,16.473,1.926,14.546,62.259,17.87966666666667,0.486,46.774,70.473,33.919,30.569
1973-10-01,20.404,0.011,52.53900000000001,12.051,18.97,12.441,11.043,49.609,4.818,20.592,22.963,50.393,36.45,17.62,77.707,15.597666666666667,48.073,31.359,35.026666666666664,23.508,23.903,28.544,31.275,38.677,10.291,56.734,0.866,5.982,38.071,26.815,59.269,35.889,38.366,16.347,4.508,16.601,43.982,29.55,35.255,28.449,16.759,1.896,14.621,59.436,17.740666666666666,0.511,47.343,69.826,33.508,30.513
1974-01-01,20.476,0.011,53.53066666666666,11.769,19.254,12.451,11.187,50.804,4.82,20.018,22.506,50.166,35.883,17.847,69.189,15.319333333333333,48.941,31.089,36.256,23.5,22.538,28.8,31.215,38.956,9.942,57.741,0.885,5.995,38.045,24.923,60.257,37.375,37.851,16.33,4.615,16.693,44.088,29.911,34.75,28.195,16.958,1.893,14.517,55.571,18.007666666666665,0.524,47.941,69.435,32.342,30.865
1974-04-01,20.23,0.01,52.84133333333333,11.832,19.332,12.428,11.732,50.63,4.81,20.366,22.224,49.741,36.076,17.809,71.489,15.653333333333334,49.186,31.163,37.422000000000004,23.808,22.448,29.078,31.541,39.695,10.468,58.347,0.883,6.02,38.755,24.78,60.895,36.053,37.6,16.302,4.626,17.055,44.652,29.309,34.591,28.296,17.287,1.947,14.54,53.328,18.419999999999998,0.532,48.534,69.152,31.44,30.838
1974-07-01,19.887,0.015,53.71,11.901,19.176,12.488,11.1,50.955,4.754,21.113,21.859,50.847,35.968,17.396,72.906,15.389333333333333,49.284,30.869,36.879999999999995,23.738,21.285,29.178,31.726,40.198,10.285,57.364,0.944,6.078,38.762,25.504,59.77,38.422,37.681,16.136,4.66,16.917,44.285,28.428,33.974,28.418,17.712,1.978,14.594,51.542,18.259333333333334,0.565,48.445,66.155,31.095,30.701
1974-10-01,19.051,0.015,54.236,10.768,18.743,11.98,11.39,51.459,4.786,21.765,20.684,49.923,36.242,16.247,75.185,15.055333333333332,49.52,30.749,36.731,23.9,21.414,29.397,32.055,40.626,10.183,54.925,0.963,6.077,39.028,21.443,60.002,39.31,37.009,15.712,4.761,16.354,45.244,27.687,34.138,28.003,18.148,1.877,14.435,44.831,18.71466666666667,0.607,48.462,65.357,26.488,30.532
1975-01-01,19.703,0.014,54.24333333333334,10.998,18.147,11.109,11.469,50.917,4.723,22.652,19.51,49.987,36.587,16.071,73.759,14.746,50.059,30.374,37.178333333333335,24.204,17.965,30.154,32.378,40.621,9.162,49.886,0.918,6.041,39.878,22.337,59.45,38.779,37.08,14.815,4.569,16.925,40.324,27.386,34.206,28.238,18.266,1.929,14.14,42.301,18.835666666666665,0.657,49.896,62.0,25.63,30.544
1975-04-01,20.374,0.012,54.483666666666664,11.212,17.829,10.878,11.135,50.412,4.765,22.752,19.288,51.394,37.45,16.236,74.434,14.499,49.636,30.591,35.25233333333333,24.583,17.43,30.622,32.769,41.154,8.429,48.21,0.881,6.006,40.596,22.369,58.283,39.197,37.901,14.459,4.47,17.281,41.209,27.599,34.456,28.702,18.171,2.05,14.07,43.493,18.877666666666666,0.66,49.537,59.669,24.839,30.848
1975-07-01,20.719,0.012,54.53666666666667,11.912,18.475,11.014,10.947,51.712,4.836,22.796,19.76,51.774,37.416,16.549,73.835,15.034333333333334,50.564,31.115,38.21866666666667,24.507,18.781,30.48,32.912,41.404,9.129,47.957,0.875,6.093,40.225,25.213,60.444,39.292,38.272,14.613,4.468,18.127,40.931,28.141,34.735,29.11,18.467,2.101,14.308,46.36,18.31833333333333,0.649,50.17,60.01,26.726,31.398
1975-10-01,20.857,0.013,54.56133333333333,12.258,19.591,11.178,11.566,51.884,4.952,23.246,20.154,51.141,38.709,16.83,73.454,15.466333333333333,51.007,31.534,39.51233333333333,25.29,19.305,31.193,33.376,41.405,9.616,47.585,0.879,6.246,41.621,26.215,60.324,39.868,38.179,14.788,4.414,18.572,42.599,28.461,35.18,29.423,18.818,2.162,14.625,48.346,18.813666666666666,0.645,50.841,60.054,27.361,31.801
1976-01-01,21.116,0.015,54.186,12.871,21.633,11.323,11.486,51.369,5.09,23.613,20.977,52.453,39.349,17.125,75.705,15.883333333333333,51.087,32.244,40.12566666666667,25.746,21.168,31.493,33.747,41.696,10.217,48.654,0.911,6.509,42.235,28.738,59.501,39.79,38.952,15.104,4.504,19.106,41.39,28.749,35.6,30.011,19.016,2.207,15.026,52.93,19.101666666666667,0.658,51.413,61.676,28.041,32.33
1976-04-01,21.162,0.018,54.14933333333334,12.929,23.036,11.536,11.602,51.193,5.105,23.879,21.323,53.635,39.592,17.202,77.144,16.172,50.518,32.48,38.52733333333333,25.792,22.006,31.808,33.975,41.962,10.66,48.672,0.979,6.683,42.296,28.772,59.225,39.756,39.551,15.305,4.702,19.462,41.134,29.046,35.511,30.287,19.371,2.213,15.11,54.235,19.329,0.695,50.513,61.491,28.491,32.59
1976-07-01,21.451,0.02,53.931999999999995,13.076,24.298,11.851,11.939,51.271,5.114,24.21,21.563,53.895,40.223,17.464,78.198,16.499666666666666,50.37,32.658,38.58766666666667,26.068,22.082,32.103,34.398,42.449,11.096,48.491,1.047,6.854,42.873,28.957,59.298,39.84,39.854,15.64,5.018,19.739,42.445,29.174,35.92,30.606,20.015,2.245,15.257,53.388,19.736,0.726,50.177,62.115,29.105,32.692
1976-10-01,21.687,0.023,54.21866666666667,13.283,25.109,12.185,12.06,51.382,5.138,24.653,22.587,54.33,40.057,17.925,80.258,16.802333333333333,50.339,32.894,38.041333333333334,26.278,22.248,32.407,34.879,43.137,11.466,48.776,1.138,6.984,43.264,29.184,59.087,40.404,40.273,15.942,5.399,19.771,41.442,29.318,36.83,31.003,20.402,2.302,15.362,59.85,19.915333333333333,0.758,50.027,62.309,30.61,33.205
1977-01-01,21.725,0.023,54.44933333333333,13.785,26.003,12.968,11.866,51.734,5.123,25.079,23.366,54.474,41.73,18.471,78.756,17.018666666666665,50.767,33.284,38.79266666666667,26.554,23.278,32.751,35.325,43.228,12.003,49.859,1.163,7.062,43.909,31.787,59.628,40.485,40.247,16.523,5.518,18.473,45.258,29.385,37.149,31.369,20.312,2.308,15.564,61.63,20.104,0.735,50.523,62.095,34.425,34.242
1977-04-01,22.147,0.026,54.959333333333326,14.111,26.242,13.299,12.186,52.391,5.124,25.291,24.583,54.129,41.095,18.85,78.651,17.219333333333335,51.232,33.93,39.508,26.955,24.947,33.485,35.458,43.01,12.117,49.917,1.233,7.179,44.779,31.849,60.145,41.342,40.244,16.979,5.792,20.342,46.312,29.284,37.372,31.539,20.69,2.39,15.918,68.392,20.362333333333336,0.738,50.832,64.417,35.223,34.795
1977-07-01,22.501,0.029,55.51533333333333,14.319,26.481,13.63,12.28,52.914,5.171,25.715,24.897,54.008,40.413,19.114,79.552,17.268666666666665,51.438,34.542,39.184333333333335,26.922,26.21,33.835,35.839,43.709,11.95,52.274,1.29,7.252,44.58,32.003,60.469,42.147,40.443,17.318,5.988,21.268,46.978,29.45,37.802,31.837,21.176,2.437,16.141,68.189,20.434,0.736,50.779,65.392,35.032,35.487
1977-10-01,23.62,0.034,55.66400000000001,14.62,26.23,14.276,11.887,52.548,5.384,26.255,25.325,54.873,40.239,19.614,79.933,17.352,51.315,34.543,38.603,27.439,25.552,33.938,36.143,44.006,12.12,54.186,1.386,7.32,45.126,32.258,59.138,43.155,41.312,17.845,6.307,22.44,48.678,29.992,38.598,32.316,21.608,2.491,16.379,67.381,20.637,0.748,50.856,65.863,36.599,35.534
1978-01-01,23.868,0.039,55.723333333333336,14.232,25.179,14.48,12.167,52.585,5.386,26.345,25.554,54.574,41.201,19.274,80.606,17.624,51.328,34.653,38.278666666666666,27.873,26.05,34.544,36.726,44.861,12.932,54.88,1.472,7.378,46.068,30.947,59.29,43.03,41.488,18.001,6.552,21.267,48.499,30.457,39.373,32.497,21.714,2.504,16.629,68.009,21.317333333333334,0.788,50.849,65.737,36.259,35.451
1978-04-01,24.756,0.051,56.21,15.293,25.118,15.616,13.436,53.602,5.437,26.993,27.3,53.685,42.356,20.182,81.236,18.441333333333333,52.615,35.993,41.574666666666666,28.509,27.742,35.085,37.284,45.362,12.972,56.936,1.626,7.601,47.312,35.081,60.218,44.18,41.808,19.396,6.973,21.749,51.577,31.348,39.731,33.192,21.765,2.562,17.17,71.263,21.495666666666665,0.843,52.375,72.166,40.269,36.06
1978-07-01,25.13,0.06,56.27666666666667,15.087,25.821,15.918,13.583,53.952,5.418,26.905,28.039,53.857,43.286,20.165,80.298,18.519666666666666,53.101,36.355,42.77866666666667,28.587,28.55,35.149,37.564,45.73,13.141,58.717,1.723,7.806,47.536,33.88,60.52,44.603,42.132,20.054,7.201,22.07,52.022,32.024,40.028,33.331,22.156,2.559,17.442,72.085,21.845,0.902,52.979,76.925,39.557,36.094
1978-10-01,25.719,0.07,56.58133333333333,15.206,27.093,16.344,14.122,54.408,5.535,26.913,28.653,54.418,43.563,20.43,79.859,18.862,53.579,36.843,43.814,28.812,29.211,35.372,37.743,46.278,13.321,58.928,1.816,8.074,47.709,33.752,60.862,45.227,42.675,20.702,7.417,21.954,54.143,32.639,39.777,33.6,22.218,2.645,17.768,71.949,22.195333333333334,0.97,53.481,80.143,40.057,35.833
1979-01-01,25.717,0.076,56.79066666666666,15.026,29.306,16.931,14.134,54.328,5.718,26.883,28.906,54.348,44.098,20.352,81.987,18.836000000000002,53.049,36.909,41.76266666666667,29.047,29.259,35.573,38.11,46.888,13.285,61.608,1.899,8.36,47.726,33.113,60.923,44.943,42.864,21.178,7.712,20.995,53.629,32.819,39.852,33.774,22.664,2.67,18.064,70.202,22.340999999999998,1.012,52.572,79.695,42.47,36.758
1979-04-01,25.878,0.082,56.96,14.686,30.052,16.687,14.17,54.879,5.705,27.934,28.738,54.451,43.439,20.675,78.144,18.791666666666668,53.566,36.949,43.21066666666667,29.318,29.233,36.076,38.355,47.038,13.357,60.92,1.926,8.546,48.348,30.316,61.831,44.977,42.781,21.158,7.692,21.561,53.521,33.252,39.795,33.752,22.909,2.74,18.295,68.964,22.427000000000003,1.066,53.067,80.849,40.189,37.15
1979-07-01,26.761,0.093,56.33866666666666,15.096,30.191,17.054,14.68,55.005,5.46,28.028,29.241,55.042,43.6,21.274,76.957,19.100333333333335,53.722,37.223,45.291,29.095,28.74,36.446,38.557,47.141,13.153,60.691,2.028,8.725,48.527,31.755,61.865,45.239,43.282,21.783,7.969,21.99,53.596,33.706,40.221,34.081,23.174,2.723,18.661,68.123,22.415000000000003,1.116,53.25,84.618,41.75,37.022
1979-10-01,26.913,0.106,56.80666666666667,14.707,28.862,16.789,15.604,55.066,5.625,27.677,28.97,55.707,44.553,21.031,75.616,19.517333333333333,54.076,37.316,44.967666666666666,29.535,28.231,36.774,38.853,47.637,13.44,62.642,2.141,8.832,49.034,30.502,62.318,44.72,43.511,21.843,8.227,21.361,49.545,34.017,40.45,34.166,23.384,2.674,19.098,65.4,22.64233333333333,1.17,53.847,87.209,38.593,36.839
1980-01-01,26.749,0.11,57.63399999999999,14.476,28.498,16.913,16.039,56.536,5.718,28.003,28.59,56.294,44.145,20.537,73.652,19.674333333333333,54.87,37.434,46.62866666666667,29.685,28.038,36.832,38.901,48.188,13.449,61.152,2.239,8.958,49.112,30.526,63.791,46.193,43.489,22.081,8.62,20.721,52.666,34.145,40.013,34.117,23.588,2.598,19.449,60.367,22.560000000000002,1.207,54.099,88.557,36.786,35.848
1980-04-01,26.622,0.128,59.303,12.914,27.132,15.703,16.342,57.653,5.748,27.325,26.246,55.885,43.575,19.632,71.213,19.004,54.978,36.663,45.22,29.577,25.654,36.555,38.641,48.576,12.473,58.714,2.268,8.951,48.797,24.466,63.634,49.205,42.901,21.06,8.407,18.946,45.635,33.594,39.707,33.349,23.41,2.51,19.541,49.174,22.50866666666667,1.25,53.382,86.614,31.692,34.419
1980-07-01,27.308,0.157,58.22733333333333,13.487,25.942,15.82,16.307,56.989,6.023,27.973,26.564,55.096,43.678,19.661,70.104,18.733999999999998,54.229,36.619,44.452,30.43,23.96,37.438,39.042,49.024,11.575,57.23,2.392,9.019,49.913,27.099,63.765,47.357,42.795,21.198,8.51,18.947,44.405,33.851,39.506,33.714,23.742,2.581,19.765,50.684,22.71366666666667,1.312,52.555,87.045,32.516,34.531
1980-10-01,27.854,0.169,58.109,13.898,25.733,16.049,16.208,57.277,6.189,28.776,27.568,54.533,44.37,20.299,70.087,19.011333333333333,54.217,37.302,44.809,30.826,26.194,38.211,39.623,49.429,12.196,58.194,2.421,9.249,50.337,27.468,64.652,46.758,42.963,21.641,8.457,19.962,46.315,34.549,40.195,34.17,24.504,2.696,20.319,55.412,23.081,1.379,52.297,89.606,32.072,34.212
1981-01-01,28.595,0.19,58.898,14.293,30.48,16.48,16.513,58.401,6.219,27.879,27.824,54.712,44.812,20.143,70.56,19.352333333333334,54.942,38.033,45.95133333333333,30.944,28.618,38.586,39.382,48.931,12.716,58.0,2.541,9.704,50.509,30.158,66.098,47.411,43.342,22.081,8.697,19.908,47.522,34.773,39.264,34.284,24.874,2.629,20.662,54.057,23.608666666666664,1.42,52.707,89.552,33.295,34.106
1981-04-01,28.74,0.197,60.05766666666667,13.736,32.533,16.618,16.602,59.898,6.183,27.747,28.046,55.322,44.679,19.881,70.363,19.299666666666667,55.048,37.751,45.29533333333333,31.289,27.432,39.272,39.666,49.68,12.735,57.92,2.624,9.928,51.336,27.225,67.709,48.752,43.535,22.53,8.968,20.075,49.164,34.699,39.076,34.287,25.715,2.659,20.819,52.335,23.784333333333336,1.459,51.699,92.926,32.051,33.299
1981-07-01,29.089,0.221,59.788000000000004,14.154,32.393,16.997,16.249,59.653,6.443,27.63,28.058,55.191,44.151,19.601,70.248,19.211666666666666,54.859,38.203,44.756,31.481,28.978,39.368,39.619,49.629,12.589,58.044,2.739,10.118,51.104,29.3,68.012,47.687,43.631,23.053,9.162,20.191,49.975,34.894,38.855,34.445,26.35,2.729,21.269,48.273,23.66433333333333,1.514,51.551,95.27,32.972,33.426
1981-10-01,29.018,0.269,60.327666666666666,13.138,34.183,16.788,16.323,60.723,6.8,28.286,27.968,55.831,43.881,18.968,70.191,19.192666666666668,55.556,37.787,45.96,31.786,27.958,38.997,39.635,49.873,12.95,57.588,2.872,10.367,50.911,25.351,69.784,47.713,43.798,23.59,9.12,19.577,47.46,34.852,38.796,34.21,26.388,2.647,21.415,43.233,23.744,1.592,51.954,102.279,31.077,33.004
1982-01-01,29.324,0.287,60.51833333333334,13.558,32.994,16.405,15.615,60.764,7.114,29.14,27.194,55.734,43.84,18.568,70.991,18.872666666666667,55.493,37.2,45.00733333333333,32.06,25.313,38.752,39.791,50.122,12.58,55.58,2.962,10.53,50.788,28.235,70.501,46.734,43.879,23.097,9.314,19.483,43.367,34.656,38.999,34.462,26.872,2.615,21.787,40.739,23.805666666666667,1.699,51.808,99.028,30.606,32.502
1982-04-01,28.822,0.254,60.216,13.608,32.48,15.714,15.708,61.015,7.374,29.566,26.341,55.99,44.522,18.627,71.132,18.822,55.704,37.369,45.79866666666667,32.608,25.294,39.017,39.974,49.787,12.374,53.897,2.808,10.633,51.366,27.886,71.812,45.383,43.804,22.377,9.046,20.099,42.227,34.538,39.556,34.567,27.089,2.666,22.071,39.422,24.052333333333333,1.741,51.989,95.801,28.76,32.426
1982-07-01,29.34,0.262,61.13566666666667,13.718,32.394,15.407,15.011,62.019,7.643,30.276,25.715,56.335,44.978,18.761,69.953,18.811666666666667,56.151,37.226,45.74166666666667,32.89,25.062,39.208,40.245,49.78,12.948,52.206,2.828,10.711,51.391,28.216,73.318,45.641,43.991,21.734,9.041,20.042,42.427,34.726,39.915,34.799,27.417,2.69,22.35,39.384,24.058666666666664,1.742,51.99,90.52,26.696,32.681
1982-10-01,29.876,0.261,62.27133333333333,14.344,32.741,15.116,14.324,63.482,7.954,32.031,25.73,57.286,45.355,19.15,69.745,18.552666666666667,57.017,37.241,47.03966666666667,33.357,23.125,39.623,40.835,49.949,12.44,49.84,2.766,10.718,51.722,30.674,74.883,46.968,44.442,21.359,8.793,20.267,39.937,34.8,40.767,35.408,27.749,2.747,22.352,42.503,24.268,1.728,52.384,88.465,28.586,33.316
1983-01-01,30.114,0.329,63.145,14.489,32.99,15.011,14.555,64.482,8.323,33.538,26.31,57.077,45.765,19.589,71.305,18.80966666666667,57.565,37.732,47.548,33.649,23.926,39.905,41.336,49.989,12.725,47.183,2.978,10.915,51.613,29.931,75.603,48.412,44.586,21.04,8.939,20.968,36.859,34.765,41.331,35.758,28.469,2.879,22.572,49.811,24.404666666666667,1.827,52.573,84.855,28.521,34.181
1983-04-01,31.113,0.382,63.94966666666667,15.546,33.764,15.766,14.598,65.685,8.439,34.25,27.302,57.439,45.874,19.939,71.007,19.398333333333333,58.039,38.591,48.105999999999995,33.873,26.045,40.346,41.898,50.541,13.703,47.295,3.198,11.271,51.844,34.134,77.222,48.997,45.111,21.332,9.308,21.424,39.659,35.293,42.297,36.486,29.368,3.018,23.11,55.611,25.064999999999998,1.953,52.469,80.827,29.82,34.523
1983-07-01,31.494,0.437,65.50933333333334,16.143,34.822,16.656,14.818,67.38,8.831,35.106,28.833,58.17,46.475,20.704,72.498,20.07766666666667,59.04,39.362,49.729666666666674,33.986,27.675,40.441,42.475,51.371,14.771,49.441,3.349,11.662,51.38,35.358,78.002,52.116,45.797,22.23,9.384,22.035,40.93,35.921,42.555,37.141,30.06,3.168,23.555,61.041,25.552666666666667,2.12,52.927,82.717,33.046,35.514
1983-10-01,32.677,0.466,61.60933333333333,16.939,36.149,18.118,15.116,65.202,9.326,34.927,30.441,58.352,46.455,21.3,73.214,20.718666666666667,58.095,40.183,50.797333333333334,34.377,30.368,40.587,42.852,51.929,15.495,50.814,3.675,12.108,51.312,37.688,79.753,43.862,46.355,23.574,10.41,22.641,44.398,36.266,43.452,37.732,30.55,3.34,24.294,63.618,25.766333333333332,2.245,52.958,85.02,37.708,36.572
1984-01-01,33.189,0.535,62.135,17.578,37.987,18.434,15.431,65.755,9.54,34.211,31.397,57.961,47.201,21.779,72.69,21.226333333333333,58.711,40.969,51.86566666666667,34.643,33.303,40.838,43.017,51.871,16.741,53.765,3.799,12.489,51.479,39.355,80.033,44.845,46.473,24.324,10.305,23.184,44.896,36.76,43.743,38.046,30.944,3.511,24.761,65.524,27.114333333333335,2.356,53.63,89.853,36.144,37.758
1984-04-01,34.323,0.615,64.28233333333334,17.986,38.544,19.344,15.815,67.747,9.938,34.355,32.624,59.026,46.969,22.416,73.838,21.782666666666668,59.986,41.677,53.13999999999999,34.973,34.386,40.841,43.308,52.569,17.442,55.0,4.1,12.883,51.484,39.981,80.997,48.449,47.489,25.458,10.823,24.084,45.484,37.566,43.853,38.579,31.272,3.59,25.519,66.669,27.823666666666668,2.474,54.345,94.364,38.507,38.84
1984-07-01,33.815,0.704,64.48633333333333,17.992,38.514,19.95,16.164,67.685,10.33,34.985,33.272,59.246,47.761,22.572,74.334,22.086000000000002,60.472,42.078,53.71066666666667,35.267,35.13,41.016,43.814,52.836,17.894,56.284,4.302,13.231,51.444,39.369,80.899,48.44,47.525,26.239,10.918,24.418,46.323,37.729,44.837,38.865,31.791,3.655,26.069,65.889,28.291666666666668,2.643,55.273,97.341,39.42,39.745
1984-10-01,34.451,0.787,65.11933333333333,18.576,38.494,20.538,16.493,69.854,10.843,35.077,33.867,59.454,47.747,22.94,74.946,22.544333333333338,61.741,42.424,57.118,35.734,34.674,41.196,44.242,53.392,18.418,57.817,4.556,13.632,51.569,40.886,84.205,48.886,47.891,26.856,11.273,25.281,46.575,37.949,45.718,39.368,32.309,3.798,26.751,65.954,28.847666666666665,2.825,55.833,98.348,39.706,40.954
1985-01-01,34.743,0.769,65.79,19.221,37.473,20.356,16.537,70.493,10.718,37.07,34.172,59.679,47.867,23.043,75.009,22.535666666666668,62.414,42.835,57.766,35.827,33.723,41.53,45.088,54.333,18.012,57.378,4.491,13.832,51.938,43.387,84.758,49.666,48.183,27.157,11.162,25.353,46.729,38.371,46.485,40.037,32.964,3.931,27.266,66.111,29.395333333333337,2.929,56.538,102.515,39.231,42.262
1985-04-01,35.232,0.844,66.83999999999999,19.45,37.698,20.8,16.501,72.35,10.951,37.784,34.611,60.327,48.338,23.258,75.382,22.926333333333332,63.799,43.212,60.56999999999999,36.061,34.298,41.848,45.486,54.089,18.897,58.766,4.622,14.116,52.049,43.976,87.317,50.478,48.559,27.546,11.148,25.521,46.835,38.37,47.514,40.405,33.615,3.988,27.746,66.67,29.64633333333333,3.046,57.562,102.458,40.242,43.345
1985-07-01,35.698,0.809,68.16466666666666,20.695,38.142,20.513,16.261,74.504,11.097,38.588,34.47,60.987,48.072,23.862,75.633,23.143333333333334,65.253,43.872,62.59833333333333,36.575,34.064,42.481,46.098,54.898,18.714,57.637,4.551,14.305,52.808,49.052,90.532,51.047,48.958,27.233,11.121,26.337,45.247,38.483,48.346,41.172,34.11,4.042,28.168,67.912,29.39233333333333,3.076,58.478,100.336,40.713,43.823
1985-10-01,36.16,0.893,68.12833333333333,19.982,39.486,20.896,16.746,74.547,11.111,38.627,35.125,61.65,47.928,24.352,75.509,23.497,65.522,44.198,62.79233333333334,37.032,35.32,43.034,46.477,55.657,19.447,59.376,4.734,14.684,53.642,43.803,91.123,50.257,49.395,27.726,11.268,27.021,46.216,38.809,48.245,41.261,34.761,4.215,28.754,69.393,29.709666666666667,3.183,58.924,101.586,39.619,44.35
1986-01-01,37.095,0.945,68.38533333333334,20.39,40.745,20.688,17.27,74.337,11.715,38.928,35.225,62.235,48.808,24.916,77.077,23.635666666666665,66.04,44.611,63.16866666666667,37.616,35.309,43.25,46.597,55.4,19.427,58.267,4.82,14.936,53.887,44.459,90.646,50.451,50.021,27.451,11.275,27.576,46.053,38.926,47.944,41.622,34.946,4.335,29.011,72.211,30.756333333333334,3.27,60.008,99.046,37.667,44.897
1986-04-01,38.315,0.991,70.08033333333333,21.11,42.265,20.944,17.456,76.744,12.484,39.178,35.233,61.976,49.301,25.249,78.799,24.356333333333335,67.416,44.812,64.69333333333333,38.173,34.693,43.294,46.792,55.81,20.254,57.418,4.957,15.171,53.885,46.856,94.252,51.077,50.466,26.894,11.501,28.065,45.992,39.1,47.707,42.075,35.091,4.478,29.011,76.359,30.28933333333333,3.4,60.595,89.714,38.735,44.989
1986-07-01,38.508,0.921,71.39966666666666,22.911,42.792,20.822,17.856,79.403,12.724,39.364,35.077,61.46,49.49,25.938,79.993,24.974999999999998,68.885,45.24,68.006,38.307,33.76,43.593,47.167,56.27,20.815,58.3,4.881,15.32,53.819,53.313,97.812,52.41,50.571,26.585,11.605,28.817,44.322,39.495,48.276,42.819,35.442,4.807,29.166,77.403,31.171000000000003,3.465,61.156,86.514,39.24,45.656
1986-10-01,38.545,0.955,71.07466666666666,22.548,42.934,21.058,18.523,78.474,12.899,40.056,35.349,61.926,50.162,26.159,81.001,25.30366666666667,68.6,45.483,67.569,38.586,33.861,44.031,47.68,56.736,20.977,58.086,5.092,15.477,54.112,48.751,95.393,53.696,50.983,26.842,12.141,31.673,45.292,39.992,48.755,43.082,36.237,5.102,29.369,77.613,31.468,3.549,61.362,87.042,38.058,45.798
1987-01-01,39.181,1.091,71.095,21.211,42.35,20.331,18.539,78.983,13.081,41.853,34.738,61.558,51.112,26.352,79.824,24.900000000000002,69.003,45.821,68.36866666666667,38.993,34.774,44.549,48.454,56.833,20.854,56.675,4.973,15.577,54.632,42.727,96.974,52.608,51.049,26.208,11.061,30.086,44.654,40.29,50.643,43.122,36.468,5.071,29.447,77.48,32.232,3.666,61.687,85.006,34.973,46.308
1987-04-01,39.347,1.166,71.10466666666666,22.08,41.654,20.925,19.303,80.058,13.268,41.739,35.27,61.473,51.735,26.509,81.978,25.555333333333333,69.538,46.315,70.11566666666667,39.481,34.792,45.088,48.926,57.362,21.376,55.941,5.072,15.701,55.292,46.156,99.081,52.143,51.439,26.736,11.038,30.204,45.856,40.91,51.322,43.71,36.724,5.222,29.517,77.746,33.01166666666666,3.818,61.824,86.005,38.332,47.073
1987-07-01,39.95,1.263,70.378,22.993,41.035,21.478,20.141,79.948,13.602,41.627,35.88,61.492,51.949,26.835,79.981,26.219666666666665,69.611,46.716,71.02633333333334,40.029,34.798,45.708,49.337,57.853,21.792,57.086,5.312,15.883,55.88,49.898,100.2,50.19,51.481,27.479,11.377,29.84,48.002,40.986,51.86,44.209,37.134,5.354,29.74,77.104,33.32033333333333,3.978,62.034,89.588,37.664,47.562
1987-10-01,39.639,1.271,72.355,22.372,40.911,21.079,20.892,81.296,13.83,41.507,35.865,61.491,53.299,26.894,81.143,26.469333333333335,70.654,47.518,71.103,40.352,37.169,46.064,49.81,58.327,22.293,56.592,5.259,16.134,56.192,46.791,100.486,53.138,51.544,27.445,11.178,30.176,48.257,41.15,52.376,44.302,37.826,5.322,30.082,77.23,34.225,4.137,62.854,91.29,35.179,47.836
1988-01-01,40.183,1.283,71.27866666666667,23.43,42.068,21.738,22.053,78.966,14.584,42.021,35.886,62.423,53.336,27.17,81.93,27.189999999999998,70.065,47.764,68.23,41.056,35.384,46.603,50.426,58.968,22.188,56.676,5.386,16.373,56.572,50.547,98.98,49.564,52.1,27.664,11.53,30.82,48.73,41.268,53.314,45.085,38.939,5.527,30.261,75.855,34.541333333333334,4.246,63.546,87.846,38.737,48.689
1988-04-01,39.946,1.357,70.94533333333334,23.439,41.225,22.279,22.671,78.376,15.158,42.137,36.588,63.196,54.555,27.474,83.102,27.397666666666666,70.274,48.392,68.615,41.571,36.227,46.962,50.823,59.205,21.933,59.002,5.639,16.667,56.836,49.452,98.43,48.912,52.514,28.283,12.018,31.015,48.457,41.647,53.108,45.418,40.148,5.7,30.92,76.794,34.688,4.402,64.346,89.67,38.753,49.518
1988-07-01,40.855,1.406,70.89933333333333,23.133,40.639,22.519,23.117,78.001,15.795,42.786,36.759,63.314,55.909,27.588,83.064,27.677333333333333,70.282,48.675,68.271,42.267,36.429,47.417,51.542,59.834,22.45,60.89,5.722,17.038,57.366,47.5,97.662,49.119,52.876,28.46,12.076,31.044,49.173,41.878,53.834,45.822,41.188,5.776,31.581,76.839,35.37866666666667,4.619,64.637,88.46,37.836,50.342
1988-10-01,41.782,1.428,73.23133333333334,23.732,43.7,22.806,23.823,80.161,16.292,42.972,37.194,63.579,56.674,28.25,84.02,28.399,71.646,49.324,68.86366666666667,42.532,36.985,47.557,51.936,60.217,23.134,61.084,5.759,17.714,57.299,48.826,99.659,51.536,53.428,28.856,12.106,31.466,49.425,42.288,54.241,46.343,41.951,5.957,32.286,77.336,35.800666666666665,4.876,65.415,88.238,39.424,51.132
1989-01-01,41.915,1.518,72.466,23.627,43.15,23.078,24.534,78.695,16.466,44.331,37.526,63.836,56.437,28.747,84.152,28.600666666666665,71.33,49.825,68.622,42.698,38.24,47.673,52.282,60.56,23.242,63.16,5.903,18.182,57.41,48.79,96.935,51.942,53.669,29.318,12.194,30.986,52.807,42.598,54.591,46.558,42.605,5.776,32.847,76.588,36.51833333333334,5.234,65.941,89.658,35.939,51.005
1989-04-01,42.469,1.678,74.20700000000001,23.942,43.583,23.575,25.609,80.297,17.324,44.865,37.574,63.451,56.306,29.179,83.692,29.137333333333334,72.427,50.205,68.78066666666666,43.089,37.87,47.515,52.413,60.626,23.352,63.676,6.173,18.658,57.236,48.923,98.617,53.427,53.751,29.715,12.409,31.325,54.126,42.881,55.14,46.775,42.995,5.977,33.163,74.187,36.798,5.618,66.669,88.645,35.617,51.031
1989-07-01,43.415,1.721,74.41533333333332,24.484,43.885,24.038,25.87,80.958,18.23,45.023,38.231,63.898,56.811,29.054,83.533,29.355666666666664,73.078,50.577,70.41633333333333,43.55,37.53,47.526,52.68,61.001,23.32,64.636,6.305,19.176,57.169,51.15,99.605,53.603,54.29,30.47,12.652,31.48,56.359,43.334,55.613,47.228,43.339,6.089,33.575,73.844,37.28666666666667,6.032,67.312,91.75,35.538,51.129
1989-10-01,43.585,1.738,74.895,23.74,44.611,23.381,26.262,80.582,19.09,45.123,37.734,64.479,57.01,29.136,86.05,29.53933333333333,73.444,50.677,69.926,44.158,37.252,47.983,53.113,61.991,23.742,62.754,6.314,19.713,57.425,47.069,98.337,54.549,54.905,30.163,12.621,32.135,55.244,43.863,55.808,47.433,43.406,6.108,34.125,72.275,37.80466666666667,6.388,68.213,91.185,32.412,51.006
1990-01-01,43.223,1.718,75.85166666666667,24.742,44.986,23.489,27.402,81.922,19.595,45.264,38.18,64.562,58.298,29.529,83.517,30.346,74.619,51.231,72.07933333333334,44.758,37.621,48.583,53.351,61.311,24.495,62.331,6.359,20.122,57.993,51.211,99.495,56.171,54.834,30.55,12.833,32.372,53.788,44.398,56.27,47.832,44.239,6.168,34.784,72.915,38.66433333333333,6.591,69.267,93.189,34.243,51.125
1990-04-01,42.563,1.641,76.14866666666667,23.924,45.014,22.774,27.743,82.028,21.043,45.314,37.424,65.565,58.777,28.713,83.106,30.259,74.737,51.416,72.14933333333333,45.714,37.633,49.171,53.893,62.166,24.454,59.563,6.25,20.472,58.38,48.613,98.906,57.315,54.894,30.152,12.776,31.421,52.592,44.191,56.687,47.978,45.002,6.134,35.391,70.04,39.14566666666666,6.775,69.394,92.733,32.666,51.259
1990-07-01,42.468,1.556,76.156,23.682,45.417,23.1,27.953,81.668,22.625,45.61,37.117,65.607,59.188,28.31,83.853,30.26,74.856,51.451,72.42166666666667,46.635,36.904,49.623,54.207,62.604,24.355,59.758,6.165,20.559,58.652,47.829,97.782,58.093,54.983,30.365,12.809,31.524,52.497,44.299,56.732,48.168,45.165,6.121,35.825,66.274,39.414,6.677,69.854,92.396,36.042,51.051
1990-10-01,41.947,1.662,76.57833333333333,23.03,46.032,22.758,28.199,81.767,23.292,46.017,36.161,65.226,58.368,27.977,80.897,29.820333333333334,75.356,50.982,72.258,46.789,34.839,49.738,54.02,62.708,23.702,57.873,6.255,20.94,58.414,45.156,98.368,57.469,54.431,29.888,12.719,31.258,51.378,44.178,55.239,47.802,45.411,6.107,36.118,62.45,39.522666666666666,6.965,70.637,88.236,34.681,50.522
1991-01-01,42.405,1.612,77.68866666666666,22.395,45.46,21.94,28.371,82.701,23.751,47.935,35.165,65.075,57.898,27.981,80.793,29.892,75.806,50.744,70.97066666666667,46.865,33.68,49.697,53.944,62.744,23.432,56.953,6.092,21.284,58.225,41.897,99.825,57.633,54.457,29.289,12.398,30.964,46.089,44.074,54.438,47.622,44.583,6.186,37.044,59.159,38.68266666666667,7.074,70.743,86.344,34.481,48.863
1991-04-01,43.02,1.67,77.64666666666666,22.508,45.399,21.799,29.406,83.04,24.131,49.234,35.27,65.354,59.017,28.259,82.217,30.287333333333333,76.114,51.139,72.295,47.326,33.68,49.989,54.47,63.645,23.848,56.066,6.259,21.764,58.709,41.631,99.869,58.411,54.777,29.141,12.689,31.0,45.272,43.947,54.192,48.017,44.365,6.319,38.223,60.98,39.864,7.201,71.028,83.988,33.015,48.587
1991-07-01,42.892,1.824,77.28033333333333,22.854,45.95,22.131,30.102,81.942,25.032,49.751,35.313,65.493,58.915,27.875,83.206,30.877666666666666,75.901,51.398,71.67733333333332,47.875,34.347,50.34,54.647,63.862,24.519,56.07,6.496,21.841,58.974,43.645,97.765,58.79,54.869,28.89,12.897,29.884,44.271,43.943,54.102,48.256,44.512,6.469,38.071,63.042,40.00033333333334,7.3,71.441,78.526,34.038,48.277
1991-10-01,42.002,2.038,76.51,22.481,46.551,22.027,30.78,79.893,25.952,50.26,35.466,64.711,58.948,27.734,82.468,31.127333333333336,75.345,51.577,70.44666666666667,48.616,35.565,50.867,54.917,63.93,25.061,55.092,6.692,22.441,59.537,42.65,93.566,59.914,54.397,28.874,12.84,29.226,44.036,44.129,54.103,48.232,45.071,6.379,39.13,64.289,40.522666666666666,7.554,71.945,76.911,32.332,48.543
1992-01-01,43.725,2.072,76.98233333333333,23.363,47.345,21.853,31.336,80.188,27.727,52.043,35.854,64.94,60.439,28.412,83.8,31.777,76.013,52.194,71.87033333333333,49.343,34.908,51.296,55.721,64.055,25.243,54.915,6.783,22.724,59.557,45.007,93.053,61.412,55.207,28.761,12.996,30.337,43.784,44.675,55.148,49.135,46.657,6.559,39.039,67.966,40.59766666666667,7.865,72.872,75.915,30.527,49.519
1992-04-01,44.424,2.409,76.96633333333334,23.526,47.951,23.115,31.351,79.98,29.291,52.184,37.032,64.734,59.155,28.583,85.684,32.035666666666664,75.866,52.76,71.28933333333333,50.021,36.882,51.713,56.065,64.659,25.658,56.084,7.188,23.011,59.671,45.532,92.603,61.564,55.439,29.691,13.214,30.503,43.608,44.629,56.031,49.468,47.174,6.561,39.001,70.292,40.55266666666666,8.189,72.766,75.928,35.643,50.335
1992-07-01,45.326,2.614,78.058,24.028,48.132,23.639,32.016,81.105,30.588,52.737,37.457,64.748,59.543,29.138,85.915,32.661,76.35,53.282,70.634,50.664,37.175,52.0,56.594,64.984,26.063,57.471,7.62,23.149,59.914,46.159,94.181,62.017,55.77,30.145,13.862,31.195,45.368,44.857,56.96,49.999,47.75,6.802,38.626,70.321,40.67633333333333,8.517,72.797,76.629,33.414,52.177
1992-10-01,45.889,2.678,78.427,24.505,48.797,24.509,32.176,81.164,31.795,53.583,38.552,65.196,61.622,29.528,86.412,33.135333333333335,76.341,53.837,70.20466666666667,50.957,38.309,51.949,57.171,65.643,26.687,59.805,7.667,23.528,59.703,47.077,93.188,63.639,56.329,30.935,13.838,31.491,45.951,45.488,57.276,50.595,48.757,7.031,38.662,73.006,41.04233333333334,8.942,72.742,77.649,37.349,52.068
1993-01-01,45.724,2.906,76.90566666666666,24.743,49.788,24.974,32.248,78.509,31.675,55.246,38.841,65.122,61.043,29.941,86.226,33.372,75.393,53.927,68.24066666666667,51.157,39.212,52.028,57.405,65.944,27.264,60.32,7.897,23.824,60.081,46.468,89.526,62.459,56.385,31.242,13.919,31.694,47.929,45.854,56.813,50.789,49.45,7.379,38.862,73.056,41.29333333333333,9.143,72.996,76.617,36.962,52.3
1993-04-01,46.589,2.992,76.47966666666666,25.546,50.427,25.974,32.633,77.685,31.79,56.151,39.539,65.187,61.424,30.302,87.163,33.931000000000004,75.4,54.241,68.586,51.293,39.438,51.947,57.698,66.075,27.828,60.668,8.065,24.064,60.236,48.624,88.343,62.158,56.833,31.856,14.166,32.134,48.482,46.236,57.09,51.251,50.168,7.679,38.95,74.031,41.626,9.358,73.586,75.336,42.273,53.208
1993-07-01,47.061,3.286,76.82333333333332,25.831,50.984,26.273,32.546,77.393,32.653,57.042,40.161,65.549,61.978,30.663,88.688,34.107,75.508,54.5,67.46766666666667,51.72,39.17,52.002,58.338,66.959,28.194,61.475,8.58,24.199,60.436,48.456,87.924,62.051,57.396,32.113,14.855,33.054,48.88,46.804,57.902,51.821,51.293,7.886,38.705,76.801,42.136,9.592,73.973,75.52,39.236,54.167
1993-10-01,47.63,3.341,76.95833333333333,26.452,51.398,27.72,33.595,77.525,33.075,58.054,41.773,65.881,61.656,30.699,88.302,35.113,75.774,55.241,68.04899999999999,51.796,41.228,52.029,58.703,67.408,29.327,65.191,8.737,24.205,60.336,50.457,88.165,62.024,57.795,33.271,15.136,32.871,50.359,47.285,58.476,52.276,51.43,8.156,38.231,80.739,42.752,9.773,74.333,77.819,44.678,55.414
1994-01-01,48.749,3.558,76.14466666666667,27.082,51.942,28.506,33.924,74.817,33.921,58.524,42.267,66.494,61.633,30.951,89.448,35.59766666666667,74.837,55.777,64.77633333333333,52.023,42.799,52.123,59.152,68.069,30.01,65.644,9.019,24.432,60.245,51.991,83.887,61.603,58.569,33.623,15.41,33.35,51.509,47.853,59.172,52.874,51.936,8.422,38.198,81.945,43.49699999999999,10.044,74.641,75.368,46.908,56.749
1994-04-01,48.651,3.725,75.93599999999999,27.374,52.776,28.678,35.07,74.5,34.799,57.93,43.121,67.263,62.404,31.673,88.919,36.589666666666666,75.208,56.533,65.57733333333333,52.409,44.904,52.293,59.537,68.717,31.128,66.146,9.248,24.782,60.379,51.116,83.856,60.873,59.032,34.147,15.648,33.549,52.406,48.575,59.412,53.285,52.802,8.862,38.562,84.596,43.933,10.265,75.493,78.508,45.279,58.053
1994-07-01,49.384,3.915,77.047,27.662,53.766,29.422,36.382,76.304,35.711,57.518,43.478,67.374,62.88,32.297,89.227,37.67933333333333,76.476,56.864,67.76266666666668,52.833,44.17,52.47,59.894,68.979,32.004,67.98,9.538,25.254,60.556,50.77,86.523,61.417,59.541,34.73,15.991,34.011,53.115,49.305,60.2,53.691,53.778,9.131,39.227,83.35,44.02433333333334,10.497,76.381,77.966,46.445,59.397
1994-10-01,50.698,4.366,76.20666666666666,28.634,54.849,31.193,37.222,74.295,36.081,57.868,44.528,67.902,62.955,33.17,88.39,38.614,75.811,57.515,66.64533333333333,53.128,45.987,52.748,60.241,69.337,32.904,69.973,10.063,25.6,60.811,52.252,82.264,62.681,60.173,36.085,16.429,34.788,54.386,49.863,60.393,54.272,54.169,9.684,39.631,82.067,44.32966666666667,10.665,76.66,79.045,52.6,60.809
1995-01-01,50.526,4.837,75.95066666666666,28.041,56.183,32.787,37.939,74.086,36.279,58.687,45.47,67.775,62.504,32.933,90.567,39.059,76.076,57.719,67.42466666666667,52.984,46.47,53.086,60.659,69.743,33.626,73.062,10.662,25.916,60.507,49.929,82.1,62.406,60.389,37.419,17.021,34.305,55.987,50.213,60.753,54.407,55.471,9.726,39.891,80.203,44.94899999999999,10.832,77.259,81.248,55.843,61.544
1995-04-01,51.062,5.61,76.092,28.326,57.567,32.736,38.471,73.839,36.631,59.696,45.439,67.444,62.599,33.226,91.301,39.482,76.332,57.891,67.31933333333333,53.166,45.505,53.332,61.263,70.685,33.945,74.195,11.274,26.515,60.607,49.889,81.955,62.008,60.686,37.777,17.17,34.632,55.584,50.821,61.042,54.884,56.919,10.022,40.707,77.731,45.185,11.125,77.868,83.208,50.264,62.153
1995-07-01,51.978,6.055,76.051,29.125,58.519,32.795,40.136,73.247,36.8,60.25,46.073,67.452,62.675,33.713,90.28,40.241,76.132,58.384,66.218,53.347,45.234,53.653,61.717,71.462,34.062,74.724,11.455,27.046,60.794,51.122,80.794,62.238,60.901,38.018,16.887,34.762,55.331,51.029,60.768,55.381,57.784,10.626,41.262,80.609,46.03766666666667,11.504,77.944,83.475,49.142,63.422
1995-10-01,52.028,6.968,74.17233333333333,29.63,58.719,33.723,40.709,70.752,37.508,60.532,46.968,67.746,62.542,34.109,90.476,40.678333333333335,75.335,58.78,65.52066666666667,53.704,46.357,53.906,62.031,71.585,34.497,74.078,12.209,27.717,60.981,51.989,78.13,59.992,61.215,38.755,17.243,35.166,55.897,51.526,61.215,55.768,58.691,10.903,42.366,82.175,46.67166666666666,11.899,78.351,82.761,50.387,64.812
1996-01-01,52.384,7.54,74.44433333333333,29.952,60.685,34.569,41.199,72.148,38.745,61.596,48.168,68.053,62.542,33.833,91.7,41.461666666666666,75.833,59.221,67.90599999999999,53.915,47.102,53.93,62.598,72.331,35.619,75.829,12.919,28.603,60.71,52.526,79.645,61.215,61.612,39.737,18.043,35.86,56.391,51.836,62.273,56.282,58.847,11.174,43.547,84.313,47.00733333333333,12.357,78.211,84.295,49.698,66.482
1996-04-01,53.677,8.111,75.409,30.905,61.651,35.581,41.868,72.831,39.175,61.739,49.662,68.373,62.845,35.05,92.287,42.236,76.777,60.208,68.26166666666667,54.51,49.365,54.461,62.946,72.472,36.416,77.261,13.492,29.315,61.379,53.345,80.581,61.531,62.403,40.796,18.553,36.997,57.115,52.751,62.458,56.887,59.468,11.792,44.355,87.989,47.58766666666667,12.878,79.338,86.136,51.199,67.49
1996-07-01,54.579,8.838,74.96633333333334,31.126,62.853,37.008,42.207,71.867,39.413,61.615,50.79,68.245,62.921,35.068,92.315,43.05466666666666,76.777,60.749,68.30233333333332,54.828,51.607,54.663,63.287,72.305,37.596,76.533,14.164,30.17,61.732,53.228,79.196,61.176,62.847,42.079,19.092,37.245,58.63,53.509,64.133,57.232,60.383,12.134,45.394,87.805,47.669000000000004,13.463,80.012,87.182,55.925,68.591
1996-10-01,54.924,9.4,75.59566666666667,31.732,62.552,37.459,44.839,71.519,38.289,62.228,51.6,68.462,63.476,35.835,92.056,44.353,77.307,61.379,67.89933333333333,55.389,51.539,55.348,63.715,72.919,38.338,77.422,14.514,31.083,63.079,53.668,78.337,61.564,63.356,43.147,19.162,37.99,59.153,54.522,63.135,57.688,60.512,12.565,46.491,86.807,48.806333333333335,14.301,81.154,91.821,55.634,69.954
1997-01-01,54.948,10.459,75.373,32.591,62.286,38.192,45.691,70.509,36.005,63.433,52.565,68.945,64.089,35.955,92.662,45.588666666666676,76.905,61.775,66.64166666666667,54.985,52.579,55.646,64.428,73.119,39.975,77.049,15.162,32.539,63.566,56.062,75.897,62.616,63.737,44.149,19.308,38.159,60.566,54.955,64.88,58.296,61.107,12.963,47.663,87.251,49.37199999999999,15.934,81.176,92.356,55.688,71.95
1997-04-01,54.458,11.678,76.74266666666666,32.487,63.45,39.458,47.518,72.07,35.646,64.194,53.567,68.584,64.058,36.094,93.952,46.87233333333333,77.901,62.804,67.228,55.11,55.806,55.946,64.95,73.735,41.317,78.519,16.052,33.213,63.921,54.155,78.065,63.3,63.765,45.066,19.814,38.152,61.557,55.38,65.814,58.558,61.539,13.505,47.776,88.472,49.833666666666666,16.767,81.777,91.504,56.783,72.757
1997-07-01,56.268,13.184,76.43366666666667,33.935,63.836,41.574,48.617,71.765,35.548,66.015,55.466,68.991,64.734,36.898,94.365,48.25966666666667,78.262,63.588,68.74366666666667,55.58,56.581,56.527,65.755,74.181,42.84,78.957,17.377,34.054,64.661,57.694,77.312,63.64,64.785,47.048,20.924,39.081,65.379,56.565,67.135,59.556,61.774,14.064,48.249,89.329,50.80466666666666,17.773,82.6,95.348,59.602,73.85
1997-10-01,56.98,13.822,76.75033333333333,34.801,65.44,41.476,48.547,71.652,36.047,66.909,55.876,68.992,64.283,37.387,94.814,48.799,78.655,64.131,68.31633333333333,56.116,57.412,57.063,66.471,75.199,43.764,79.147,17.852,34.94,65.215,59.241,77.737,62.754,65.238,47.349,21.241,40.114,66.142,57.263,68.619,60.268,62.385,14.546,48.483,90.272,51.24733333333334,18.834,83.343,95.868,55.684,74.116
1998-01-01,58.197,15.813,75.72533333333332,35.082,64.781,43.646,48.771,69.87,37.272,68.093,57.525,68.979,65.006,38.375,95.338,49.565666666666665,78.373,64.775,68.47699999999999,57.156,59.931,57.776,67.193,75.352,45.406,83.145,19.306,35.865,66.158,57.518,73.695,64.226,65.706,48.886,22.233,40.985,68.899,57.704,70.028,60.877,63.114,15.243,49.958,92.143,52.12533333333334,19.552,84.104,95.131,56.51,74.946
1998-04-01,59.176,17.27,76.87666666666667,36.855,66.446,44.916,48.234,71.231,38.52,70.342,59.481,69.601,65.814,38.978,96.505,49.913333333333334,79.745,65.375,70.109,57.713,59.56,58.05,68.018,76.297,46.446,82.422,20.201,36.794,66.368,61.955,75.836,64.462,66.505,50.538,22.687,42.408,70.85,58.448,70.748,61.949,63.137,15.971,50.863,95.336,53.215666666666664,20.29,85.48,100.303,58.868,76.029
1998-07-01,58.745,18.197,76.00433333333334,37.902,67.502,45.599,48.014,70.959,40.014,71.924,60.621,70.123,66.064,39.877,97.137,50.37166666666667,80.346,66.198,72.49799999999999,58.489,61.107,58.316,68.768,76.895,47.073,80.731,20.696,37.986,66.773,62.798,77.137,61.928,66.987,51.337,22.87,43.229,70.479,59.361,72.364,62.757,63.894,16.972,52.066,98.124,53.577333333333335,21.367,86.683,100.159,62.124,76.957
1998-10-01,60.11,20.158,77.63866666666667,40.14,68.265,47.626,49.8,71.404,41.485,72.918,62.302,70.647,66.989,41.171,97.341,52.232,80.82,67.263,70.79666666666667,59.082,62.964,58.354,69.078,76.819,48.597,81.026,21.984,38.942,66.915,68.629,75.88,64.817,67.903,52.834,23.723,44.16,69.348,60.446,72.465,63.664,64.442,17.733,52.266,100.428,54.13833333333333,22.709,87.177,99.969,68.805,78.002
1999-01-01,62.282,22.875,77.60266666666666,40.227,68.134,49.03,49.633,71.291,41.81,74.693,63.394,71.503,66.76,42.37,97.874,52.69533333333333,81.393,67.895,72.02633333333334,59.469,64.699,58.48,69.708,77.633,49.97,80.878,23.277,40.016,67.323,65.419,75.475,65.124,69.163,54.005,24.121,46.01,71.748,61.609,73.261,64.318,64.993,18.529,53.261,100.815,54.99133333333333,23.891,88.219,99.773,69.477,79.099
1999-04-01,62.819,25.586,77.37466666666667,42.151,67.676,50.773,50.25,71.185,42.162,76.515,64.903,72.241,67.162,43.374,99.923,53.952,81.687,68.462,72.89833333333333,59.785,64.732,58.712,70.453,78.387,51.405,82.043,25.039,41.554,67.613,70.075,75.311,65.103,69.819,55.438,25.338,46.628,70.689,61.974,74.152,65.303,66.022,19.412,54.575,102.385,55.40433333333334,25.691,88.786,98.795,71.787,80.01
1999-07-01,63.237,26.693,78.25599999999999,43.161,69.149,52.492,51.766,72.3,42.497,78.311,66.415,72.893,67.432,44.806,98.553,55.309,82.671,69.369,74.11633333333333,60.232,66.514,59.188,71.231,79.188,53.263,83.125,26.046,43.252,68.109,70.285,77.112,65.23,70.14,57.026,26.311,48.028,71.491,62.249,74.289,66.037,67.445,20.36,56.461,103.154,56.663999999999994,27.136,89.678,98.809,75.973,81.733
1999-10-01,63.4,26.346,79.35300000000001,43.678,70.135,52.152,52.872,73.766,43.055,81.099,66.761,74.053,69.019,46.216,98.85,56.65133333333333,83.957,70.507,76.14066666666668,60.866,68.288,59.749,72.17,79.163,54.626,83.297,25.885,44.139,68.77,68.208,78.789,66.393,71.57,57.279,26.255,50.495,73.016,64.754,75.915,67.003,68.199,21.29,57.164,103.907,57.32566666666667,28.035,90.84,99.909,73.351,82.681
2000-01-01,64.433,27.806,78.10199999999999,46.115,71.867,54.507,53.633,71.325,44.525,85.398,68.672,73.356,70.146,47.378,95.095,58.0,83.361,70.763,75.89966666666668,61.385,67.804,60.097,73.219,79.533,56.688,87.269,28.154,45.553,68.795,74.0,74.717,66.299,70.942,59.378,29.036,50.753,75.09,64.001,77.385,68.016,68.138,22.611,59.037,104.422,58.34766666666667,28.983,91.499,102.114,72.799,83.85
2000-04-01,65.829,30.87,80.22166666666668,45.263,73.416,56.521,55.268,73.55,44.757,85.574,70.19,74.48,70.762,48.289,96.718,59.18833333333333,84.183,72.052,74.96233333333333,61.972,71.821,60.891,74.094,80.594,58.494,89.57,30.023,46.109,69.554,68.682,77.476,67.753,72.35,61.232,30.291,52.376,76.838,65.558,78.974,68.651,68.72,22.901,59.159,103.886,60.068000000000005,29.616,91.371,106.461,73.549,84.843
2000-07-01,66.548,31.936,79.35000000000001,46.032,73.356,56.716,56.594,72.158,46.493,86.005,70.496,74.619,71.008,48.93,96.928,60.79833333333334,83.828,72.125,74.538,62.66,71.125,61.305,74.684,81.315,60.598,91.175,30.883,46.375,69.687,69.912,75.483,67.228,72.828,61.898,31.062,52.675,75.599,66.255,80.334,69.309,68.822,23.463,60.332,102.271,60.894000000000005,29.339,91.714,110.257,70.939,85.431
2000-10-01,67.11,32.467,79.39733333333334,46.351,72.756,56.61,56.028,72.358,47.918,86.284,70.71,75.382,70.771,49.217,96.151,60.70433333333333,84.341,72.556,75.67533333333334,63.456,71.274,61.952,75.274,82.642,60.687,89.774,31.918,47.037,70.141,70.113,76.205,66.679,73.527,62.131,32.393,52.342,75.545,67.295,80.753,69.914,68.663,23.951,60.833,102.376,61.183,30.22,92.436,110.676,67.373,85.683
2001-01-01,66.034,33.754,81.20133333333332,47.113,71.262,56.178,55.323,73.945,48.205,84.606,70.297,75.151,71.293,49.953,96.396,60.138,85.66,72.318,76.58800000000001,64.161,68.028,62.845,75.592,83.087,59.904,89.976,31.72,47.197,71.048,72.061,77.255,69.036,73.09,61.575,31.448,51.63,76.642,66.85,81.169,70.168,69.211,24.307,61.02,102.818,61.297,30.588,93.578,107.648,64.833,85.725
2001-04-01,66.465,31.663,82.18,47.072,70.213,53.845,53.702,75.02,49.263,83.515,69.472,75.687,70.588,50.402,94.978,58.6,87.145,72.77,79.46766666666667,64.841,68.134,63.557,75.652,83.016,57.987,83.59,29.999,46.956,71.514,70.857,78.134,70.39,73.434,60.301,29.869,50.39,74.526,67.38,82.382,70.309,68.497,24.965,61.576,104.412,61.59233333333333,29.988,95.338,108.313,64.948,85.218
2001-07-01,66.386,29.456,82.789,47.612,70.309,52.445,50.952,75.465,50.149,82.242,68.974,75.465,70.195,50.887,96.538,57.34033333333334,87.061,72.478,77.467,65.726,66.656,64.495,75.712,83.362,56.671,80.07,28.866,46.767,72.375,71.702,78.662,70.713,73.772,59.588,29.21,50.048,75.867,68.134,82.534,70.554,68.115,25.491,61.228,105.063,60.211666666666666,29.877,94.902,109.18,63.071,83.35
2001-10-01,67.532,31.276,83.42866666666667,51.58,70.768,52.231,49.181,76.367,51.241,82.85,67.4,75.634,70.083,52.427,96.61,57.571,88.505,72.677,80.731,66.674,63.344,65.525,76.06,83.295,56.084,77.769,28.942,46.068,73.227,82.535,79.822,71.24,74.395,57.876,28.497,51.607,73.723,68.999,83.492,71.692,68.07,26.718,60.681,104.388,58.800999999999995,28.976,96.71,98.892,65.031,81.692
2002-01-01,68.294,32.935,85.32566666666666,51.017,72.705,51.015,50.255,78.877,52.212,82.6,66.818,75.378,71.189,54.092,96.325,57.879999999999995,90.056,73.285,82.759,67.833,65.233,66.808,76.353,82.895,57.678,78.441,28.429,45.908,74.454,76.917,82.571,73.401,74.708,56.488,27.025,52.951,72.809,69.707,82.843,71.852,68.516,27.642,59.466,107.811,61.62233333333333,29.189,97.625,93.742,60.411,82.115
2002-04-01,68.314,32.309,86.37,51.337,73.322,50.767,51.751,80.409,53.74,82.612,66.745,75.536,71.688,54.556,97.241,59.33533333333333,90.746,73.734,83.96300000000001,68.963,66.296,67.781,76.763,83.398,59.611,76.416,28.206,46.383,75.356,76.645,83.955,75.144,74.759,55.851,26.96,53.926,75.345,69.507,82.764,72.215,68.622,28.037,59.567,110.485,61.821,29.836,97.754,88.658,59.386,81.407
2002-07-01,67.911,33.874,86.67433333333334,52.877,74.819,51.253,51.915,81.2,55.98,82.981,66.648,75.849,71.797,54.48,97.265,60.09,91.212,74.034,85.74266666666666,69.882,66.211,68.334,76.953,83.67,60.369,77.324,29.116,46.711,75.59,81.595,84.575,76.182,74.884,55.669,27.609,54.384,75.187,69.729,82.064,72.72,68.797,28.395,59.142,110.809,61.486,30.438,98.005,84.498,58.239,81.306
2002-10-01,70.033,33.309,87.587,52.394,75.778,50.277,51.15,82.587,57.361,83.226,66.368,76.509,71.752,55.412,96.765,60.00899999999999,91.882,74.126,86.96333333333332,70.234,66.147,68.728,77.384,84.128,61.453,76.901,28.58,46.497,75.431,77.635,86.288,77.098,75.781,54.92,27.077,55.483,75.063,70.512,83.013,73.125,69.538,28.984,59.982,112.802,62.669333333333334,29.375,98.196,83.381,55.202,81.419
2003-01-01,69.788,34.776,88.08133333333332,52.443,77.782,50.46,50.993,83.54,57.704,82.808,66.97,77.112,72.4,55.221,95.811,60.318999999999996,91.961,74.516,87.04233333333333,70.438,66.687,69.123,77.733,84.268,61.185,76.621,29.762,47.19,75.574,77.085,87.75,77.31,76.394,55.192,28.166,55.617,76.891,71.876,84.306,73.485,69.387,29.475,60.258,114.88,61.72,30.067,97.685,82.862,51.061,81.903
2003-04-01,71.65,35.491,89.86933333333333,54.824,80.166,52.448,51.083,86.426,59.02,83.005,68.58,77.003,73.877,57.653,96.073,61.35666666666666,92.805,75.176,87.60166666666667,70.799,67.12,69.442,78.135,84.53,62.077,79.702,30.674,47.652,75.488,80.297,91.866,78.397,77.006,56.719,29.174,58.311,77.726,72.608,84.614,74.326,70.379,30.98,60.286,116.71,61.080000000000005,30.471,97.152,85.102,55.525,81.249
2003-07-01,73.221,37.843,89.79166666666667,57.25,80.489,54.161,52.478,86.404,59.463,83.107,70.807,78.179,75.168,60.018,97.446,62.556999999999995,93.015,76.426,89.01866666666666,71.01,69.546,69.927,78.65,84.703,63.049,77.867,33.245,48.611,75.596,82.788,91.417,79.002,78.428,57.921,31.872,61.068,81.394,74.143,84.849,75.377,71.688,33.052,59.878,123.399,63.01166666666666,32.39,97.521,84.802,55.02,82.78
2003-10-01,73.389,40.506,90.76766666666667,58.077,80.468,55.114,54.838,88.011,59.336,82.971,72.093,78.038,76.006,61.23,98.631,64.263,93.576,77.313,89.60966666666667,71.14,71.92,70.421,79.128,85.388,65.052,76.162,35.272,49.182,75.849,81.846,94.047,79.106,78.878,58.65,33.666,63.0,82.73,75.075,84.67,75.896,73.014,34.42,59.703,127.072,64.476,33.545,97.375,84.978,54.222,83.36
2004-01-01,75.232,39.842,91.52533333333334,59.092,79.584,54.408,56.078,88.967,60.063,84.359,71.896,78.807,76.677,62.422,98.097,65.49066666666666,94.0,77.751,89.61666666666667,71.564,72.041,70.781,79.771,85.931,66.874,73.142,35.192,49.273,76.14,82.388,95.403,79.474,79.483,58.07,33.82,64.569,82.021,75.227,85.01,76.604,74.374,35.402,59.541,128.549,65.786,33.981,97.44,83.278,53.84,84.167
2004-04-01,74.345,41.057,91.70833333333333,59.246,79.535,56.73,57.253,89.491,59.817,84.852,73.86,78.873,77.011,63.436,98.147,66.86666666666667,94.251,78.354,90.59766666666667,72.102,74.907,71.625,80.331,86.26,69.508,75.02,36.155,49.745,77.024,80.726,95.819,80.154,79.802,59.522,34.692,64.26,83.971,76.403,85.916,77.022,74.442,36.373,60.155,132.624,67.02133333333335,34.416,97.51,83.819,59.735,84.753
2004-07-01,75.106,42.751,91.97666666666667,60.775,81.004,58.698,57.445,90.477,60.151,86.044,75.431,79.494,77.75,64.866,97.367,67.74533333333333,94.427,79.097,91.12,73.143,76.094,72.717,81.192,87.01,70.471,77.447,36.757,51.089,78.368,83.094,97.885,79.558,80.374,61.223,34.862,64.888,86.975,77.196,86.733,77.927,74.905,37.505,61.053,133.57,67.355,35.992,97.145,85.2,63.681,85.098
2004-10-01,76.61,45.1,92.07733333333333,61.924,83.559,60.498,58.809,90.311,59.164,88.156,76.806,80.342,78.534,65.627,97.639,69.01266666666668,94.369,79.904,91.137,73.673,77.677,73.591,82.105,88.319,72.113,79.028,37.171,52.005,79.551,84.707,96.671,80.929,81.193,62.48,34.523,66.068,88.943,77.818,86.487,78.808,75.145,38.43,61.323,135.413,68.637,37.059,97.16,85.26,68.656,85.575
2005-01-01,77.647,44.475,92.79,62.219,85.718,61.051,59.911,91.314,57.392,88.9,78.153,81.578,79.152,66.52,98.5,69.85533333333333,94.836,80.791,91.33,73.339,79.86,73.752,82.682,89.191,72.734,80.76,38.176,53.265,79.84,81.516,98.374,80.899,81.957,63.387,36.167,68.137,90.445,77.976,87.33,79.309,75.94,40.216,63.647,138.61,68.99966666666667,37.305,97.271,86.416,66.164,85.378
2005-04-01,79.279,46.062,92.396,63.875,87.144,62.572,61.25,91.221,58.818,90.028,79.478,81.885,80.134,67.596,97.745,71.21566666666666,94.78,81.189,92.04,73.933,78.82,74.216,83.383,90.428,73.708,79.834,39.167,54.152,80.066,83.75,98.663,80.24,82.604,64.412,36.948,69.477,94.257,78.906,87.04,80.188,76.476,41.733,63.756,141.169,69.45666666666666,38.643,97.24,86.062,68.674,85.804
2005-07-01,79.064,48.397,92.86166666666668,65.125,88.248,64.846,61.239,91.922,59.501,91.313,80.868,82.595,80.744,68.846,96.675,71.589,95.091,81.825,92.55466666666666,74.829,79.855,75.094,84.006,91.122,74.122,83.366,41.111,54.912,81.049,85.986,99.145,81.267,82.912,65.755,38.764,69.839,94.624,79.533,86.83,80.853,76.513,42.446,64.468,142.716,69.88866666666667,39.348,97.295,85.688,71.666,86.132
2005-10-01,81.411,52.255,93.077,63.175,89.618,65.745,63.135,91.956,62.817,91.458,81.231,83.573,81.632,70.432,96.578,73.015,95.165,82.279,92.77533333333334,75.56,82.4,75.201,84.177,90.9,76.511,86.881,42.363,54.679,80.674,75.17,98.398,82.464,84.074,66.263,39.087,72.429,95.518,80.795,87.4,81.002,77.289,43.604,63.382,142.436,71.14233333333333,39.51,97.396,86.573,69.465,85.52
2006-01-01,81.893,55.735,94.74933333333333,65.684,89.298,68.667,65.696,94.347,65.004,92.279,82.757,83.933,82.925,72.343,96.321,74.898,96.372,83.386,95.01566666666668,76.306,83.608,75.555,84.556,90.506,78.085,85.99,45.517,55.358,80.808,77.741,100.585,85.161,84.935,68.485,42.133,75.021,98.555,82.688,88.175,81.885,78.242,46.214,64.503,141.101,73.10266666666666,39.996,97.834,89.81,74.028,85.514
2006-04-01,81.32,58.127,93.984,65.711,88.791,69.455,66.914,93.703,67.038,91.913,82.31,84.744,82.499,71.475,96.593,75.62733333333334,96.338,83.602,95.99933333333333,77.038,83.127,76.046,85.082,91.452,78.863,91.288,45.847,56.313,80.99,77.961,100.442,83.77,85.108,69.683,41.751,74.831,98.465,82.566,89.593,82.31,78.634,46.675,66.359,134.041,73.79966666666667,40.466,98.196,92.588,72.97,85.776
2006-07-01,82.167,62.315,93.96133333333334,66.652,88.201,70.016,66.828,92.856,68.061,91.805,81.782,84.931,82.961,71.816,97.675,76.29066666666667,96.19,83.728,94.765,77.565,82.81,76.438,85.484,92.086,79.651,90.585,47.288,58.094,81.309,79.321,98.417,84.684,85.595,70.878,42.279,75.318,96.522,82.953,89.999,82.838,79.11,47.733,69.729,126.62,73.49066666666666,41.349,98.501,94.335,74.251,85.948
2006-10-01,83.027,62.95,94.47266666666667,67.592,88.16,70.39,69.363,94.203,67.735,92.82,81.201,86.12,84.311,71.656,97.937,77.14333333333333,96.983,84.447,96.20033333333333,77.951,81.272,77.073,86.139,91.772,79.548,90.841,47.447,59.753,81.992,79.284,101.419,83.553,86.785,71.629,42.294,76.735,96.809,84.643,91.009,83.629,81.133,49.842,72.236,120.729,75.70433333333334,42.572,98.936,94.37,75.185,86.951
2007-01-01,83.556,66.152,94.26333333333334,68.501,87.056,71.37,70.737,93.639,68.158,93.465,81.135,86.276,83.917,72.603,97.774,77.91866666666667,97.114,84.701,96.37066666666665,78.554,80.747,77.349,86.63,92.579,80.706,89.134,50.651,60.26,82.668,80.136,100.581,83.397,87.08,72.919,45.498,77.272,94.883,85.144,91.82,84.144,81.633,50.831,71.496,115.289,77.384,44.325,99.51,97.895,75.179,87.49
2007-04-01,83.502,65.563,94.972,69.22,86.641,72.362,71.809,95.174,67.257,93.862,81.517,85.836,84.218,72.164,96.565,78.435,97.998,85.219,98.73566666666666,78.62,81.525,77.758,86.926,93.004,81.135,94.942,51.476,60.666,83.131,80.238,102.847,83.841,86.896,74.537,46.77,79.481,97.737,85.533,91.691,84.365,81.991,52.209,72.152,110.746,78.14333333333333,44.658,99.979,103.334,71.16,87.297
2007-07-01,84.16,68.804,95.764,70.067,86.707,72.731,74.053,96.006,68.269,95.23,81.052,85.908,84.29,72.435,96.878,79.36933333333333,98.442,85.71,98.901,79.073,80.588,78.499,87.495,93.713,81.59,95.444,53.205,60.875,83.35,79.844,103.496,84.948,87.169,75.706,48.029,80.79,96.823,85.808,91.396,84.928,82.967,54.186,71.691,103.707,79.67833333333333,45.428,100.177,108.292,69.351,87.11
2007-10-01,83.835,72.487,96.904,70.591,85.384,73.162,75.753,97.611,71.783,95.209,80.274,86.261,85.178,72.302,96.607,79.69099999999999,99.229,86.249,100.12400000000001,79.914,79.665,78.864,87.768,94.109,80.819,90.631,56.611,62.162,83.099,80.325,105.355,86.175,87.098,76.874,51.331,80.823,96.231,85.493,91.198,85.263,83.277,55.287,73.615,95.083,80.25366666666667,46.614,100.448,111.064,68.3,86.844
2008-01-01,83.206,75.124,97.90766666666667,68.309,83.999,72.757,76.961,99.092,74.271,95.873,79.03,85.791,83.968,70.414,94.881,79.70833333333333,99.456,85.881,100.10000000000001,81.014,77.487,79.676,88.243,95.528,81.122,90.79,56.855,63.322,83.635,76.056,107.082,87.29,86.423,77.179,50.833,78.873,94.344,85.019,90.973,85.146,83.058,54.338,74.306,87.519,81.37566666666667,48.584,99.891,111.562,67.314,86.174
2008-04-01,85.029,75.98,99.121,67.823,82.503,71.881,79.221,101.21,77.651,96.752,78.383,85.572,84.445,70.204,93.409,80.33233333333334,100.312,86.392,102.76166666666666,81.713,76.185,79.899,88.526,96.02,80.355,90.044,57.481,63.94,83.257,73.193,109.016,89.692,86.556,77.335,51.383,78.038,95.99,85.514,90.712,85.38,83.555,55.73,75.491,83.555,81.55,49.087,99.965,113.409,61.251,85.102
2008-07-01,82.991,73.995,99.871,65.535,80.36,69.622,78.868,102.521,80.151,97.027,76.401,84.162,83.826,67.349,90.775,79.29433333333333,101.117,85.938,103.671,82.472,74.669,80.168,88.317,95.816,79.341,88.364,56.453,63.195,83.322,69.387,111.496,89.241,85.294,75.892,50.652,76.947,95.496,85.379,90.193,84.722,82.794,54.698,73.723,79.316,81.64066666666668,49.47,100.457,112.72,54.772,83.66
2008-10-01,80.173,69.303,100.99333333333334,60.711,79.206,61.521,74.23,103.858,83.846,97.309,71.357,82.968,82.786,63.853,93.464,75.07866666666666,101.816,84.057,103.78733333333332,83.175,67.45,80.387,88.284,96.556,76.472,85.595,52.655,62.747,82.848,61.231,113.169,90.074,84.48,71.472,47.159,73.278,81.003,84.231,90.081,83.96,82.042,51.476,73.902,71.596,82.24000000000001,48.635,100.763,110.118,39.26,80.741
2009-01-01,79.269,69.797,103.07433333333334,60.818,77.847,54.664,68.303,105.232,82.127,97.162,65.683,83.27,81.435,62.009,94.216,69.72066666666667,102.972,83.103,103.17,83.375,59.785,80.965,88.007,96.207,69.203,74.039,51.037,61.033,83.809,62.72,113.516,92.996,84.448,66.087,44.934,73.156,75.538,83.983,89.509,83.747,81.972,51.811,70.274,64.654,80.771,48.505,101.786,101.939,25.429,78.805
2009-04-01,77.857,72.496,105.05466666666666,60.376,78.371,52.502,68.753,107.731,80.146,96.676,63.302,83.8,80.846,60.821,93.671,68.30499999999999,104.471,82.955,104.95966666666668,83.89,56.31,81.86,87.712,95.908,66.392,69.592,51.067,62.563,85.286,63.196,116.443,94.863,83.942,64.077,44.174,73.613,71.583,82.856,87.781,83.335,81.262,50.794,72.468,60.679,81.37866666666666,49.618,102.665,94.112,22.732,77.531
2009-07-01,78.584,75.091,105.555,63.309,77.795,53.834,71.294,108.714,80.953,95.321,63.537,84.306,80.789,61.347,93.35,70.875,104.751,83.246,105.81,84.54,56.143,82.363,87.824,96.083,69.132,67.193,53.518,63.204,85.885,70.363,117.332,95.988,84.209,63.704,46.55,74.638,72.27,82.893,88.052,83.895,81.785,52.366,72.975,63.498,82.05833333333334,50.578,102.509,87.713,25.34,77.576
2009-10-01,79.01,82.189,106.68566666666668,61.816,79.215,56.325,75.221,110.337,84.303,94.0,63.857,84.814,80.687,61.792,93.504,73.601,104.947,84.146,105.67566666666666,84.809,61.382,81.968,87.751,96.974,72.496,66.247,56.584,65.125,85.016,63.795,118.659,98.054,84.478,64.13,48.4,74.888,73.117,82.909,87.358,83.803,82.147,53.428,74.422,63.367,83.21733333333333,52.952,101.818,80.29,30.659,77.852
2010-01-01,80.825,85.945,107.27266666666667,62.572,81.909,60.307,76.914,111.571,84.758,94.649,63.834,85.384,81.707,63.417,92.197,75.23566666666666,104.493,84.553,105.264,84.811,62.703,81.866,88.188,97.695,74.32,64.587,59.28,64.026,84.852,63.157,119.32,100.137,84.928,64.587,50.748,76.783,78.39,83.333,87.646,84.289,82.914,54.415,72.148,61.323,83.64933333333333,52.213,100.315,74.965,40.52,78.082
2010-04-01,82.011,88.928,108.00066666666667,64.544,85.524,64.236,78.607,113.03,85.729,95.486,66.163,84.995,82.715,64.941,93.34,77.647,104.811,85.372,107.109,85.55,65.995,82.592,88.766,98.184,77.71,68.694,61.256,63.707,85.507,66.907,120.167,102.501,85.394,66.714,52.398,76.867,83.118,84.067,87.758,85.045,84.109,55.717,71.577,64.509,84.19933333333334,51.397,99.925,77.162,47.125,77.417
2010-07-01,82.455,88.132,107.21300000000001,65.558,87.107,67.695,80.852,112.518,84.515,95.704,66.527,85.113,83.301,65.184,93.892,79.42133333333334,104.069,86.03,106.73966666666666,86.475,68.925,83.789,89.467,98.859,80.426,70.132,63.368,64.943,87.2,68.435,119.93,101.581,85.713,68.53,55.35,78.088,83.037,84.434,87.962,85.651,84.934,56.663,73.076,58.793,86.08233333333334,52.307,99.039,76.087,57.427,78.006
2010-10-01,84.557,84.425,106.65500000000002,67.393,88.438,69.068,83.066,112.338,83.148,96.748,67.797,85.74,83.602,66.264,93.434,80.70666666666666,103.408,86.482,106.25566666666667,86.43,68.729,83.918,89.757,99.251,80.722,73.345,63.981,66.159,87.63,71.581,120.236,100.683,86.351,69.874,57.241,79.395,84.804,84.921,87.677,86.176,84.633,57.906,74.419,59.766,86.69433333333332,53.358,98.079,77.6,58.234,79.26
2011-01-01,85.332,81.091,105.39866666666667,67.983,85.569,70.778,83.778,110.751,84.8,97.515,67.693,85.762,84.292,66.908,92.246,81.38966666666666,102.139,86.276,104.37466666666667,86.702,67.449,84.213,89.982,98.807,81.116,77.84,62.789,66.832,87.406,71.035,118.033,100.009,86.638,69.795,56.688,79.985,87.81,85.875,88.945,86.505,83.505,59.555,74.768,59.563,86.39333333333333,54.969,97.006,71.978,61.745,79.409
2011-04-01,85.876,86.426,104.68866666666666,67.503,84.322,71.757,85.197,110.324,87.662,97.623,69.288,85.589,84.928,67.324,90.699,81.70466666666665,101.441,86.86,103.40766666666667,87.47,70.207,84.271,90.162,98.769,81.419,78.973,64.754,67.926,87.423,67.67,118.529,98.211,86.455,71.614,57.635,80.796,88.346,86.007,88.56,86.594,84.069,60.839,75.416,60.238,87.74399999999999,56.893,96.139,77.054,61.114,81.537
2011-07-01,84.662,90.078,102.286,68.102,84.584,76.073,86.37,107.925,92.137,98.971,72.21,85.259,85.392,67.541,90.884,82.25233333333334,99.993,86.841,102.418,87.673,70.517,83.994,90.365,99.174,82.322,84.807,66.072,69.303,86.105,67.815,116.91,94.651,86.16,74.982,58.249,81.819,94.785,85.877,87.782,86.858,84.381,62.001,76.042,61.324,89.002,59.157,95.276,81.707,67.521,82.724
2011-10-01,85.015,89.36,103.04233333333333,69.734,85.774,77.829,87.024,108.327,89.61,98.433,74.068,85.145,85.652,68.555,90.438,83.52466666666668,99.926,87.816,101.82133333333333,88.071,75.954,84.777,90.39,98.766,83.403,90.329,66.357,70.89,87.537,71.164,115.9,97.156,86.14,76.91,58.82,81.001,93.78,85.995,87.935,87.008,83.307,63.314,77.192,62.915,88.12266666666666,61.208,94.919,84.586,70.786,82.676
2012-01-01,86.067,97.246,103.38133333333333,71.439,86.73,80.253,88.087,108.323,92.061,98.841,76.391,85.702,86.359,69.666,89.845,84.155,99.5,88.553,100.045,89.921,77.637,85.949,90.706,97.886,83.814,89.549,70.159,71.037,89.174,73.506,115.15,98.262,86.769,78.887,61.37,82.694,95.753,87.098,88.578,87.635,84.468,64.777,76.175,66.721,89.177,62.309,94.234,88.654,73.808,81.691
2012-04-01,84.516,96.601,102.69533333333334,71.574,86.667,82.517,88.954,107.46,96.486,97.003,77.94,86.195,86.84,68.98,90.513,84.60233333333333,98.975,88.948,99.779,89.801,79.379,85.675,90.762,98.776,84.125,91.56,71.48,71.946,87.461,73.395,113.741,98.21,86.67,80.67,63.261,83.267,98.484,86.652,87.574,87.789,85.759,65.626,75.996,67.293,89.55499999999999,64.442,93.916,90.816,77.413,83.604
2012-07-01,85.795,92.882,103.08966666666667,72.502,86.465,82.276,89.499,107.685,97.203,96.264,78.058,86.299,87.228,69.224,89.951,85.07366666666667,98.824,89.076,98.38799999999999,90.984,79.588,85.685,90.813,99.142,84.577,88.378,70.165,72.085,88.806,74.041,114.031,98.337,86.713,80.404,62.679,84.963,102.996,86.42,87.379,87.967,86.139,67.053,76.196,69.021,89.80566666666665,64.59,93.537,89.806,77.585,83.511
2012-10-01,85.109,95.689,101.80166666666666,74.146,86.627,83.914,89.585,105.537,100.725,95.575,79.459,86.496,87.939,70.164,88.995,84.69133333333333,97.851,89.179,97.04733333333333,91.165,78.913,86.094,90.889,98.852,83.78,90.321,72.204,73.499,87.831,76.598,110.475,98.288,86.715,81.279,64.47,85.827,101.983,86.956,87.114,88.318,87.243,68.546,77.474,72.617,90.40333333333332,66.367,93.277,88.076,80.407,83.661
2013-01-01,86.323,97.89,100.581,76.008,86.612,85.664,90.05,103.151,97.187,96.649,81.009,87.043,88.876,71.734,91.013,85.527,96.937,90.059,94.47766666666666,90.677,82.055,85.708,91.121,99.842,83.708,89.779,75.285,75.94,88.402,78.329,107.805,96.321,88.027,82.532,67.793,86.716,101.753,88.731,85.455,88.892,87.521,71.226,80.521,75.378,89.64833333333333,68.666,93.248,86.24,83.436,84.957
2013-04-01,86.808,92.466,100.23233333333333,76.379,87.324,85.812,90.867,102.356,97.358,96.695,81.855,87.132,87.85,72.683,92.111,86.50833333333333,96.813,90.3,93.59433333333334,91.417,83.125,86.472,91.42,99.699,84.924,89.233,75.344,75.638,89.34,78.7,107.214,95.22,88.106,82.958,69.524,85.723,100.787,88.173,86.579,89.146,87.244,71.772,81.138,77.923,89.74333333333334,67.259,93.524,88.512,85.199,86.809
2013-07-01,86.735,93.381,99.13833333333334,77.076,86.755,86.041,91.645,100.928,97.518,96.196,83.359,88.065,88.211,74.423,92.381,87.14133333333332,96.341,91.069,93.85466666666666,91.479,86.484,86.749,91.611,99.294,85.534,90.032,76.343,77.216,89.37,78.304,105.107,94.796,88.783,84.484,70.545,85.978,98.793,89.082,87.452,89.509,88.344,73.159,82.655,79.335,90.28566666666666,69.303,93.62,92.795,85.514,87.841
2013-10-01,87.235,96.617,97.77066666666667,77.866,86.396,89.564,94.285,99.208,97.505,97.027,84.723,88.904,89.67,75.111,93.392,88.793,95.597,91.862,93.05499999999999,92.251,87.315,87.683,92.406,99.982,86.21,89.603,77.606,77.948,90.411,78.399,103.437,93.002,89.643,86.512,71.186,88.606,110.061,90.037,88.066,90.297,88.776,74.01,82.787,78.075,91.14333333333333,70.856,93.457,93.704,89.536,87.95
2014-01-01,87.508,93.268,98.37166666666667,79.17,87.81,90.467,93.382,99.122,96.481,96.473,85.765,89.543,89.784,75.808,92.709,88.80966666666666,95.187,91.545,90.48966666666666,90.935,86.46,87.034,92.616,100.454,87.323,91.713,78.218,78.711,88.994,80.108,102.152,94.68,89.93,87.911,73.052,89.794,109.394,90.414,88.975,90.622,89.917,75.367,82.94,77.74,91.88333333333333,72.116,92.854,97.169,91.139,90.178
2014-04-01,89.731,95.335,97.64566666666667,82.126,89.005,92.907,95.399,98.551,97.757,97.028,88.287,89.716,90.966,79.397,92.33,90.97800000000001,95.316,92.728,92.29233333333333,92.525,90.012,88.633,93.058,99.542,89.312,94.336,81.281,80.71,90.69,83.753,101.524,94.195,90.847,90.429,76.421,92.079,109.632,92.116,89.487,91.492,89.484,77.263,85.174,80.291,92.34833333333334,74.02,93.396,100.665,94.184,90.689
2014-07-01,90.478,94.37,98.675,83.55,90.27,95.801,95.793,99.684,97.912,98.274,90.087,90.252,92.052,80.863,92.857,91.70066666666666,95.96,93.855,92.44333333333333,93.636,92.084,90.238,93.945,98.966,89.48,96.393,81.248,82.455,92.13,84.799,102.863,95.029,91.615,92.385,76.689,93.401,115.589,93.221,90.909,92.397,91.052,79.178,86.757,81.51,92.35166666666667,76.019,93.75,100.994,99.676,91.904
2014-10-01,92.224,96.616,97.75933333333334,85.164,91.776,95.331,96.587,98.184,96.642,98.786,91.333,90.837,93.484,82.404,94.917,93.15366666666667,95.889,94.33,93.36366666666667,94.676,92.378,91.848,95.002,99.561,91.829,94.266,83.515,84.327,93.973,86.48,99.932,95.624,92.707,93.192,78.949,95.399,112.805,94.155,92.233,93.461,92.398,80.573,89.816,84.432,93.83266666666667,76.711,94.522,102.733,98.33,91.896
2015-01-01,92.871,94.901,98.72866666666665,86.792,92.189,96.333,95.823,98.578,94.691,99.778,91.713,91.547,94.388,83.82,97.806,93.60000000000001,96.468,95.179,92.568,95.057,95.594,92.933,95.604,100.041,93.196,94.707,84.371,83.819,95.177,89.061,99.641,97.022,93.63,93.236,80.658,96.689,108.898,94.708,91.41,94.178,93.345,81.285,87.752,86.096,93.94033333333334,77.665,95.212,101.687,103.928,92.391
2015-04-01,93.846,95.222,98.92566666666666,88.542,92.56,96.742,96.079,98.884,95.094,100.496,92.707,91.962,95.638,85.622,97.865,94.36666666666667,97.414,95.769,94.97133333333333,95.15,95.974,93.64,96.093,99.266,93.926,95.296,86.054,84.279,95.164,91.695,99.9,97.396,94.195,93.884,82.795,98.309,104.656,95.417,92.754,94.827,94.312,81.885,87.662,88.394,94.234,78.736,96.539,103.115,106.086,93.422
2015-07-01,94.626,96.923,99.30433333333333,89.7,93.521,98.353,95.304,98.794,97.479,99.898,93.749,92.457,95.838,87.91,99.059,94.553,97.928,96.152,95.30533333333334,95.498,96.182,95.01,96.487,99.349,94.567,94.773,88.621,85.615,94.794,91.906,98.936,98.585,95.182,94.457,85.65,99.003,103.954,96.9,93.108,95.494,94.368,83.584,89.424,91.181,94.71733333333333,79.679,97.411,100.382,109.911,93.621
2015-10-01,94.978,92.662,99.91333333333334,90.279,94.129,97.281,95.174,99.536,99.927,99.978,93.726,92.735,96.482,89.54,98.88,94.448,98.349,96.329,95.59433333333334,96.473,95.607,95.052,96.757,99.051,94.834,95.654,89.878,87.93,95.247,90.968,99.695,99.303,95.543,94.039,88.836,99.685,101.406,97.51,93.51,95.883,96.81,85.272,92.018,92.602,95.82833333333333,82.045,97.64,97.014,105.186,94.677
2016-01-01,96.775,95.819,100.16699999999999,91.481,95.198,97.025,94.902,99.611,99.54,98.054,94.415,93.82,96.886,91.19,100.26,94.938,99.25,96.888,97.35933333333332,97.487,95.196,96.737,97.391,99.382,94.721,94.023,90.784,90.627,96.756,91.603,99.326,100.025,96.436,94.118,88.942,98.95,101.079,97.736,95.011,96.607,97.256,87.807,94.693,95.497,95.27133333333332,85.109,99.033,93.699,104.483,95.931
2016-04-01,96.725,94.681,100.08133333333335,92.257,95.511,96.021,95.637,99.112,98.188,96.828,95.113,95.572,97.005,92.282,100.03,95.235,99.173,97.199,96.53066666666666,98.64,94.791,98.1,97.781,99.912,94.842,95.186,91.155,92.904,98.801,91.809,98.334,100.24,97.285,94.921,89.858,97.939,99.753,98.34,95.447,97.086,96.668,89.983,97.234,95.795,96.178,87.521,99.21,95.85,100.125,96.065
2016-07-01,97.902,92.238,100.57833333333333,94.621,97.829,95.916,97.189,99.635,101.796,97.448,96.176,96.368,97.457,94.189,100.268,96.31200000000001,99.604,97.888,96.408,99.342,95.196,97.635,98.151,100.263,95.534,94.367,92.641,94.774,98.463,95.29,99.331,100.075,97.595,96.351,92.775,98.57,98.077,97.871,96.382,97.761,98.121,92.062,98.246,95.536,97.27866666666667,90.224,99.586,99.663,99.702,97.25
2016-10-01,97.328,94.152,100.60833333333333,96.106,98.953,96.39,96.464,99.719,101.98,97.714,97.052,97.57,97.93,95.059,99.211,97.20433333333334,99.779,98.431,97.07000000000001,100.242,97.811,98.806,98.614,99.901,96.91,95.529,94.482,95.83,99.619,97.643,99.189,100.487,97.756,97.125,94.595,98.474,96.742,97.661,96.749,98.265,99.274,93.649,97.929,96.774,96.30566666666668,92.773,99.815,100.586,99.262,98.301
2017-01-01,98.847,94.525,99.92,96.878,99.353,97.02,98.813,99.298,101.411,99.248,98.309,98.599,99.728,96.485,99.079,98.60533333333332,99.503,98.91,97.931,100.303,97.55,99.597,99.37,99.235,98.411,97.232,95.814,97.921,99.906,97.03,98.765,100.068,98.683,98.096,96.291,98.421,98.583,98.582,99.003,99.021,100.599,96.219,99.684,99.039,98.38,95.604,99.625,100.482,97.172,97.824
2017-04-01,99.579,98.704,99.81066666666668,98.112,99.497,98.866,99.146,99.83,100.804,99.724,99.288,99.385,99.43,97.951,100.623,99.11899999999999,99.784,99.464,99.47733333333333,99.378,99.085,99.19,99.642,100.064,99.346,99.748,99.487,98.614,98.864,97.12,100.207,99.285,99.625,99.199,99.778,98.671,99.923,99.571,99.7,99.512,100.534,99.358,98.816,99.594,99.49033333333334,98.17,99.757,100.74,96.532,98.65
2017-07-01,100.082,103.956,99.78566666666666,100.638,99.938,100.515,99.729,99.768,98.455,100.311,100.046,100.343,100.005,100.723,100.324,99.56400000000001,99.908,100.248,99.99733333333332,99.965,100.735,100.361,100.186,99.978,99.727,100.532,100.64,100.737,100.508,100.748,99.799,99.723,100.197,100.156,99.389,101.143,99.604,100.055,100.229,100.186,99.652,100.15,100.188,99.668,101.02566666666667,101.529,99.991,98.563,101.052,101.065
2017-10-01,101.492,102.815,100.48433333333334,104.372,101.212,103.6,102.312,101.104,99.33,100.718,102.357,101.673,100.837,104.841,99.974,102.71166666666666,100.805,101.378,102.594,100.355,102.63,100.852,100.801,100.722,102.516,102.487,104.059,102.728,100.722,105.102,101.229,100.923,101.496,102.549,104.541,101.766,101.89,101.792,101.068,101.281,99.215,104.274,101.312,101.698,101.10333333333334,104.697,100.628,100.215,105.244,102.461
2018-01-01,102.258,111.128,101.06633333333333,105.722,102.18,105.433,102.975,102.131,101.243,100.469,104.128,102.72,101.607,106.574,99.688,103.53666666666668,101.018,102.203,103.67366666666668,100.824,104.189,101.705,101.382,100.965,102.941,104.178,107.04,104.917,100.677,102.89,101.595,102.905,102.237,105.418,105.461,103.311,102.184,102.569,100.981,102.015,101.294,110.289,102.628,99.773,100.89999999999999,108.208,100.359,106.126,106.95,104.976
2018-04-01,101.314,114.933,101.56533333333334,106.332,103.101,105.615,103.534,102.864,103.726,100.36,105.205,102.578,102.267,106.047,100.031,104.44766666666668,101.742,102.745,105.04366666666665,102.8,104.174,102.187,101.986,101.38,103.073,103.425,107.428,107.901,102.47,103.441,102.521,103.359,102.306,106.612,104.512,105.229,103.81,103.131,103.515,102.561,101.514,111.286,105.405,100.456,100.18266666666666,111.923,101.077,106.556,106.491,104.444
2018-07-01,102.069,114.465,102.51433333333334,107.1,103.562,105.618,102.241,104.188,104.485,99.87,105.487,102.639,103.916,106.588,99.676,104.515,102.546,103.386,106.181,104.032,107.342,103.418,102.446,101.506,104.523,104.618,108.774,109.738,103.866,104.58,104.139,104.257,102.634,107.27,106.572,105.22,102.449,103.809,103.633,103.033,101.921,112.104,106.418,99.504,100.34633333333333,115.08,101.577,106.708,104.958,103.576
2018-10-01,102.086,111.867,102.44133333333333,107.277,104.589,107.001,102.666,104.683,109.679,99.355,105.759,103.37,103.48,105.938,99.448,105.26100000000001,102.685,103.532,106.75433333333332,103.629,107.414,102.755,102.448,102.084,105.615,106.886,108.727,112.857,101.471,104.575,105.807,103.062,103.341,108.241,107.539,106.831,105.431,105.107,104.873,103.355,101.463,112.517,110.096,97.506,101.10766666666666,118.006,101.508,103.704,106.137,103.498
2019-01-01,103.027,112.065,103.04766666666667,106.321,103.8,107.593,103.629,105.824,99.2,98.777,106.059,103.702,102.935,105.255,100.803,105.47333333333334,104.105,104.179,109.89033333333333,103.538,108.301,104.783,103.034,102.121,105.55,106.289,110.628,114.036,105.075,99.701,108.288,102.3,104.242,108.971,110.123,108.481,106.55,106.422,105.431,103.519,101.928,115.801,112.981,96.407,102.18566666666668,117.545,103.093,104.079,105.684,105.228
2019-04-01,104.62,118.096,105.33133333333332,109.417,103.573,108.687,103.104,106.9,101.154,97.573,108.028,105.309,103.93,107.949,99.833,105.58,105.518,105.049,108.03566666666667,104.034,109.297,105.704,103.433,102.089,106.134,107.641,112.805,116.492,105.051,101.901,108.047,105.247,105.423,111.043,110.757,109.096,109.762,107.738,105.645,104.402,102.989,121.88,116.045,98.042,103.34566666666666,119.877,104.704,107.434,103.519,107.816
2019-07-01,104.67,111.988,106.11933333333333,111.992,104.871,107.068,103.126,108.23,102.499,97.371,109.175,106.857,105.32,110.315,98.835,106.22933333333333,106.722,106.278,110.88033333333333,104.708,110.159,106.552,104.448,102.879,105.673,108.768,111.107,118.781,105.491,103.095,109.675,106.146,106.441,112.115,110.812,112.104,108.32,109.227,107.861,105.587,103.796,126.521,118.115,99.448,102.971,122.674,105.832,111.691,99.579,110.544
2019-10-01,105.63,115.631,106.608,112.902,106.37,104.645,103.754,108.823,102.26,98.052,108.865,106.494,106.912,112.045,97.804,105.729,107.585,107.003,112.13799999999999,104.975,108.731,107.75,105.33,103.29,103.692,104.002,109.969,121.66,105.949,103.598,110.346,106.624,106.536,111.619,107.776,111.854,105.325,109.707,109.039,106.28,104.178,127.927,119.937,99.764,103.334,127.206,106.849,109.8,97.897,111.373
2020-01-01,96.222,107.07,107.30900000000001,107.702,105.935,98.928,99.312,109.96,117.884,97.982,108.043,112.976,97.779,110.839,92.22,104.147,108.756,105.513,114.98133333333334,105.107,105.946,103.636,102.199,103.263,99.934,99.763,103.685,123.453,100.602,92.243,111.042,108.4,108.105,109.498,102.389,107.007,102.147,112.746,108.093,104.479,96.025,128.559,120.334,103.111,96.61466666666666,131.32,108.031,108.52,89.455,101.923
2020-04-01,80.453,123.692,114.83633333333334,107.265,100.301,87.667,78.341,118.056,127.674,96.88,99.58,112.558,65.608,108.57,75.364,89.86266666666666,111.104,97.168,117.824,99.649,91.213,86.417,89.23,104.638,82.853,92.416,108.638,120.401,89.817,91.443,111.632,127.317,104.563,100.696,102.705,86.756,90.827,114.052,93.42,95.344,64.761,141.048,115.775,95.747,80.055,130.893,107.058,95.868,56.089,68.717
2020-07-01,105.932,130.03,110.25266666666666,127.692,97.412,97.085,88.138,114.325,110.368,98.134,106.064,113.613,87.107,126.421,88.781,104.31933333333332,109.391,104.776,118.35466666666666,102.601,108.076,100.349,97.604,105.165,96.723,96.88,116.583,122.644,99.853,110.21,111.598,118.255,111.872,105.1,111.292,121.393,100.859,119.811,100.423,103.93,78.304,158.617,119.019,108.706,83.89999999999999,133.073,106.51,94.267,70.663,79.119
2020-10-01,108.595,136.555,108.97366666666666,129.12,97.787,101.029,93.523,114.367,107.784,100.23,110.07,113.312,86.012,126.216,86.641,109.039,108.971,105.913,119.67466666666667,104.706,111.425,104.087,99.505,105.729,103.731,99.815,119.375,125.7,103.626,109.13,115.025,113.409,112.504,107.912,112.584,127.025,103.79,121.418,103.889,105.398,79.267,163.356,120.927,116.304,87.93033333333334,138.345,105.831,94.682,77.739,82.052
2021-01-01,116.3,144.147,114.91300000000001,138.148,96.081,102.348,93.6,119.007,101.805,101.309,112.581,117.009,90.446,135.098,89.463,111.28966666666668,110.37,107.374,117.41266666666667,102.897,110.744,103.761,101.147,106.714,105.819,99.261,122.808,129.984,103.319,120.718,112.693,128.141,115.464,110.401,114.336,133.374,104.547,122.1,106.958,107.81,84.585,169.207,123.883,118.761,89.24300000000001,145.966,105.398,96.699,78.689,84.756
2021-04-01,126.122,138.097,112.26366666666667,142.976,97.08,104.496,94.345,116.563,95.182,101.309,114.106,118.736,102.268,136.041,96.277,113.27300000000001,109.186,109.06,116.72133333333333,104.293,108.941,106.978,104.955,107.126,107.95,103.608,122.639,134.255,107.602,125.394,111.896,123.303,119.364,112.789,116.544,141.098,103.279,125.09,111.056,111.425,92.437,176.293,127.711,117.656,92.48866666666667,151.671,104.929,96.835,84.931,97.615
2021-07-01,123.939,138.858,110.27766666666666,133.127,99.711,101.613,94.557,114.305,96.375,101.714,113.494,118.472,106.583,131.163,98.903,112.073,108.764,109.99,116.57933333333334,105.171,113.136,108.835,107.653,107.886,110.187,105.283,121.267,137.052,108.392,106.866,110.58,119.676,119.472,112.291,114.291,141.561,102.599,125.441,115.134,112.292,98.87,171.977,129.876,116.628,97.408,155.377,105.535,95.905,73.94,109.818
2021-10-01,123.613,148.71,111.15033333333334,135.898,102.848,102.002,100.084,115.193,99.995,102.405,114.305,118.612,106.515,131.265,99.647,116.51366666666667,108.687,111.974,116.86266666666667,107.05,120.417,110.235,108.68,108.304,115.51,106.584,129.386,141.127,109.636,108.389,109.531,123.386,120.204,113.237,121.714,146.481,102.028,127.08,115.798,113.516,103.094,178.585,133.741,116.977,100.48566666666666,159.943,104.925,93.549,64.703,112.329
2022-01-01,120.934,156.695,109.29866666666668,135.928,101.597,105.942,98.908,112.654,104.854,101.269,116.648,117.706,106.146,129.323,98.281,116.75366666666666,107.763,111.685,116.04266666666666,107.008,122.581,110.365,109.112,109.853,119.193,108.227,135.348,145.361,107.727,109.281,106.329,121.826,119.397,116.897,126.854,145.372,106.734,127.212,117.173,113.79,103.428,179.822,136.201,115.64,102.21966666666667,168.178,104.892,95.998,67.65,111.602
2022-04-01,122.775,147.19,107.93166666666667,135.19,105.35,106.23,101.903,111.72,108.759,100.694,117.218,116.18,111.842,129.181,96.852,117.80799999999999,107.36,111.764,116.56933333333332,107.318,119.873,110.73,110.257,110.626,120.923,106.767,132.646,149.759,106.647,108.162,106.844,118.754,119.042,118.968,127.005,147.671,107.982,127.761,118.428,114.516,105.654,177.775,139.668,112.137,105.53266666666666,174.035,104.776,98.051,72.456,111.427
2022-07-01,122.052,155.822,108.428,134.549,108.409,107.948,105.41,111.595,109.771,101.564,116.689,114.764,112.994,128.414,96.125,118.36966666666667,107.777,112.516,115.84100000000001,109.355,118.12,112.305,111.204,110.523,119.243,105.428,135.131,152.669,109.085,106.617,106.056,119.613,118.303,121.194,126.9,147.49,107.392,127.713,121.089,114.95,106.103,178.929,141.718,104.286,106.77499999999999,178.112,105.485,100.231,78.33,111.239
2022-10-01,122.043,144.739,109.855,133.865,107.703,108.237,105.108,114.023,107.076,102.077,116.119,114.414,112.779,128.567,96.265,117.39033333333333,109.212,113.448,120.24866666666667,110.393,119.787,114.373,111.959,111.21,117.872,107.378,129.104,155.613,111.612,106.152,108.013,122.731,118.327,122.881,122.975,144.372,107.12,128.083,120.557,115.299,107.502,178.254,143.756,97.756,106.97666666666667,183.387,106.371,102.604,84.977,110.958
2023-01-01,123.461,137.385,111.06733333333334,139.261,107.88,108.473,105.619,115.321,102.864,103.54,116.997,113.851,114.627,130.417,97.982,118.61633333333333,110.575,114.233,121.776,110.103,117.027,117.116,113.257,110.709,117.632,107.921,127.917,157.33,112.913,113.589,109.313,124.024,119.058,124.491,124.374,146.301,105.742,129.543,122.712,116.7,109.105,184.832,146.154,96.676,106.49333333333334,184.486,107.765,106.219,87.993,111.228
2023-04-01,121.574,139.762,110.56033333333333,139.149,108.692,111.705,104.328,115.002,101.876,105.884,119.446,113.619,114.006,129.938,98.334,117.02166666666666,111.378,114.926,124.48833333333333,110.269,119.292,117.947,113.788,110.851,116.703,108.155,126.602,158.857,113.546,111.602,109.534,122.909,118.951,127.45,121.502,145.899,107.091,130.019,122.939,116.989,109.061,189.013,147.372,97.742,107.77733333333333,186.644,109.196,110.327,100.558,111.862
2023-07-01,123.128,138.468,112.082,140.579,108.918,111.408,105.578,116.49,101.918,106.203,120.201,114.1,115.628,131.688,97.367,118.53000000000002,112.927,116.158,125.93900000000001,110.441,122.195,118.879,114.406,111.415,118.038,107.541,125.884,159.964,113.765,109.945,111.32,123.951,119.858,127.799,121.012,147.59,106.755,131.9,122.604,117.727,109.87,196.105,147.486,99.578,108.217,189.488,110.779,110.805,101.036,111.852
2023-10-01,124.296,146.047,112.10199999999999,141.573,107.454,111.61,107.174,116.389,101.5,106.168,121.25,114.52,117.214,133.002,98.047,119.52433333333333,113.941,117.074,128.38966666666667,111.854,122.412,121.184,115.472,111.357,119.263,107.792,128.951,162.02,115.94,108.37,110.96,124.235,120.934,129.003,122.223,150.906,107.553,133.787,124.86,118.741,110.068,200.617,148.783,100.206,110.50133333333333,193.702,112.427,112.567,97.491,113.21
2024-01-01,125.204,155.71,112.71833333333332,140.946,107.645,111.705,107.684,116.282,105.045,107.728,123.186,114.488,116.495,133.04,95.876,120.01066666666667,114.441,117.548,127.589,114.263,123.499,123.25,116.306,111.561,121.052,109.927,130.061,164.966,117.867,106.248,110.251,125.025,120.678,130.434,119.819,154.84,108.118,133.642,125.742,119.309,110.744,199.81,150.884,103.473,111.78133333333334,198.701,113.276,114.293,94.277,113.376
2024-04-01,124.204,162.928,113.35000000000001,142.83,107.081,114.355,107.961,117.513,109.181,107.52,123.894,115.102,116.426,135.635,97.636,121.234,115.304,118.416,129.94133333333335,114.9,125.998,124.215,116.92,112.085,123.279,108.78,132.582,165.264,117.026,107.944,111.985,125.503,121.18,131.68,120.423,154.652,108.012,134.052,126.0,120.139,111.291,202.299,150.804,102.752,112.56566666666667,199.836,113.927,114.336,102.806,117.291
2024-07-01,124.807,176.845,114.90466666666667,145.473,106.954,117.329,110.465,120.055,111.315,108.588,124.534,115.896,116.85,138.748,98.482,123.805,116.753,119.316,132.727,117.198,126.245,126.374,117.666,112.302,126.465,110.287,138.172,166.538,119.387,110.31,115.694,126.305,122.553,132.983,122.637,155.54,106.616,136.489,126.36,121.236,111.352,205.771,152.371,101.632,114.57966666666668,201.052,114.744,112.887,108.063,115.998
2024-10-01,126.331,167.359,115.88166666666666,149.779,106.992,114.692,110.422,121.237,110.961,109.415,124.189,116.404,117.675,140.599,98.008,123.48766666666666,117.636,120.04,133.797,117.352,124.438,127.835,118.614,112.605,125.865,110.006,135.584,166.313,119.76,115.393,117.06,127.211,123.487,131.991,122.84,156.774,104.311,138.175,127.89,122.441,112.56,212.584,151.146,103.0,116.65366666666667,202.273,115.455,113.697,103.081,117.047
