Date,Change in private inventories,Clothing and footwear,Computers and peripheral equipment,Consumption expenditures,Durable goods,"Entertainment, literary, and artistic originals",Equipment,Exports,Farm,Federal,Final consumption expenditures of nonprofit institutions serving households (NPISHs),Financial services and insurance,Fixed investment,Food and beverages purchased for off-premises consumption,Food services and accommodations,Furnishings and durable household equipment,Gasoline and other energy goods,Goods,Government consumption expenditures and gross investment,Gross domestic product,Gross investment,Gross output of nonprofit institutions,Gross private domestic investment,Health care,Household consumption expenditures (for services),Housing and utilities,Imports,Industrial equipment,Information processing equipment,Intellectual property products,Less: Receipts from sales of goods and services by nonprofit institutions,Motor vehicles and parts,National defense,Net exports of goods and services,Nondefense,Nondurable goods,Nonfarm,Nonresidential,Other,Other durable goods,Other equipment,Other nondurable goods,Other services,Personal consumption expenditures,Recreation services,Recreational goods and vehicles,Research and development,Residential,Services,Software,State and local,Structures,Transportation equipment,Transportation services
1947-01-01,495.0,17623.0,,11775.333333333334,20722.0,993.0,14927.0,18394.0,-1144.0,26956.0,,,35359.0,39079.0,,8844.0,6415.0,38978.0,40274.0,243164.0,1649.3333333333333,,35854.0,,,,7519.0,4718.0,1709.0,2002.0,,6319.0,22790.0,10875.0,4166.0,74872.0,1639.0,24818.0,1709.0,2749.0,3815.0,11755.0,,156161.0,,2809.0,1009.0,10541.0,21713.333333333332,,13318.0,7889.0,4684.0,
1947-04-01,-1240.0,17754.0,,11673.333333333334,21351.0,966.0,15226.0,19497.0,-2720.0,26424.0,,,35744.0,39964.0,,9234.0,6822.0,40424.0,40138.0,245968.0,1705.6666666666667,,34505.0,,,,8203.0,4585.0,1664.0,1998.0,,6437.0,21105.0,11294.0,5319.0,76897.0,1480.0,25171.0,1664.0,2768.0,4116.0,12358.0,,160031.0,,2913.0,1032.0,10573.0,22153.0,,13714.0,7947.0,4861.0,
1947-07-01,-2917.0,18215.0,,11089.666666666666,21770.0,977.0,15044.0,19433.0,-2476.0,25038.0,,,37827.0,40652.0,,9767.0,7103.0,41013.0,39361.0,249585.0,2031.0,,34911.0,,,,7663.0,4709.0,1770.0,2037.0,,6181.0,19985.0,11770.0,5053.0,78649.0,-441.0,25361.0,1770.0,2800.0,3890.0,12678.0,,163543.0,,3022.0,1060.0,12466.0,22533.333333333332,,14324.0,8280.0,4675.0,
1947-10-01,1456.0,18558.0,,10983.333333333334,23488.0,937.0,16067.0,17636.0,-824.0,24525.0,,,41794.0,41073.0,,10383.0,7408.0,41583.0,39534.0,259745.0,2195.3333333333335,,43250.0,,,,8347.0,4383.0,1749.0,2041.0,,7139.0,20410.0,9289.0,4115.0,79965.0,2280.0,26540.0,1749.0,2828.0,4491.0,12927.0,,167672.0,,3137.0,1104.0,15254.0,22968.666666666668,,15009.0,8432.0,5444.0,
1948-01-01,3626.0,18761.0,,11113.0,23547.0,921.0,17334.0,16917.0,1260.0,25350.0,,,43576.0,41553.0,,10015.0,7927.0,42336.333333333336,40875.0,265742.0,2512.3333333333335,,47202.0,,,,9624.0,4714.0,1831.0,2064.0,,7694.0,20685.0,7293.0,4666.0,81546.0,2366.0,28231.0,1831.0,2822.0,5099.0,13305.0,,170372.0,,3017.0,1143.0,15345.0,23301.333333333332,,15525.0,8833.0,5690.0,
1948-04-01,5859.0,19184.0,,11546.0,24019.0,919.0,16658.0,15241.0,2832.0,26585.0,,,44477.0,42455.0,,10690.0,8155.0,42612.0,42884.0,272567.0,2748.6666666666665,,50336.0,,,,10036.0,4504.0,1759.0,2065.0,,7347.0,20555.0,5205.0,6030.0,83169.0,3027.0,28050.0,1759.0,2859.0,5069.0,13375.0,,174142.0,,3123.0,1147.0,16427.0,23861.0,,16299.0,9327.0,5326.0,
1948-07-01,7152.0,19477.0,,11960.333333333334,25277.0,941.0,17130.0,15405.0,3420.0,27485.0,,,45365.0,41763.0,,11047.0,8383.0,43192.333333333336,44660.0,279196.0,2926.0,,52516.0,,,,10456.0,4396.0,1738.0,2097.0,,8146.0,20716.0,4949.0,6769.0,83465.0,3732.0,29081.0,1738.0,2894.0,5499.0,13843.0,,177072.0,,3190.0,1156.0,16283.0,24451.666666666668,,17174.0,9854.0,5497.0,
1948-10-01,5997.0,19915.0,,12412.666666666666,24971.0,963.0,17998.0,14625.0,3140.0,28744.0,,,45337.0,41580.0,,10404.0,8345.0,42848.333333333336,46603.0,280366.0,3122.0,,51334.0,,,,10124.0,4825.0,1909.0,2072.0,,8554.0,21593.0,4501.0,7150.0,83686.0,2857.0,30160.0,1909.0,2921.0,5849.0,13846.0,,177928.0,,3091.0,1109.0,15177.0,24710.666666666668,,17859.0,10090.0,5415.0,
1949-01-01,388.0,19483.0,,12777.666666666666,24436.0,1006.0,16826.0,16082.0,-204.0,30182.0,,,42752.0,41046.0,,9456.0,8245.0,42669.0,48585.0,275034.0,3417.3333333333335,,43140.0,,,,9604.0,4426.0,1809.0,2021.0,,8935.0,22461.0,6478.0,7720.0,82731.0,592.0,28583.0,1809.0,2855.0,5059.0,13958.0,,176831.0,,3189.0,1015.0,14169.0,24836.666666666668,,18403.0,9736.0,5531.0,
1949-04-01,-5148.0,18844.0,,13028.666666666666,26389.0,1045.0,16090.0,15647.0,-1152.0,31243.0,,,41389.0,40631.0,,9511.0,8358.0,42767.333333333336,50381.0,271351.0,3765.0,,36241.0,,,,9364.0,3761.0,1634.0,2008.0,,10886.0,22753.0,6283.0,8490.0,81894.0,-3996.0,27476.0,1634.0,2831.0,4941.0,14061.0,,178446.0,,3161.0,964.0,13913.0,25051.666666666668,,19138.0,9377.0,5754.0,
1949-07-01,-1307.0,17835.0,,12810.333333333334,27313.0,1069.0,15176.0,14115.0,-884.0,30476.0,,,40856.0,39994.0,,10237.0,8348.0,42024.333333333336,50356.0,272889.0,3974.6666666666665,,39549.0,,,,8936.0,3469.0,1544.0,2021.0,,11123.0,22546.0,5179.0,7930.0,80255.0,-423.0,26112.0,1544.0,2721.0,4451.0,14078.0,,177806.0,,3233.0,952.0,14744.0,24928.0,,19880.0,8915.0,5713.0,
1949-10-01,-4699.0,18289.0,,12707.0,28356.0,1132.0,14836.0,12091.0,-172.0,29790.0,,,42167.0,39745.0,,11043.0,8421.0,42096.333333333336,49910.0,270627.0,3929.6666666666665,,37468.0,,,,9092.0,3236.0,1525.0,2108.0,,11168.0,21602.0,2999.0,8188.0,80949.0,-4527.0,25628.0,1525.0,2762.0,4261.0,14494.0,,180249.0,,3383.0,976.0,16538.0,25047.666666666668,,20121.0,8684.0,5814.0,
1950-01-01,2024.0,18164.0,,12758.666666666666,29335.0,1110.0,15130.0,11704.0,-140.0,28544.0,,,44725.0,40231.0,,10777.0,8472.0,42536.0,48956.0,280828.0,3560.3333333333335,,46749.0,,,,9501.0,3544.0,1607.0,2181.0,,11997.0,20890.0,2203.0,7654.0,81465.0,2164.0,26386.0,1607.0,2759.0,4418.0,14598.0,,182920.0,,3802.0,1071.0,18339.0,25505.666666666668,,20412.0,9075.0,5560.0,
1950-04-01,2833.0,18510.0,,12851.0,29799.0,1075.0,17114.0,11872.0,-1332.0,28924.0,,,49458.0,40699.0,,10533.0,8811.0,43382.333333333336,49643.0,290383.0,3697.0,,52291.0,,,,10229.0,4292.0,1822.0,2239.0,,12661.0,20950.0,1643.0,7973.0,82788.0,4165.0,28855.0,1822.0,2814.0,5082.0,14768.0,,186806.0,,3792.0,1164.0,20603.0,26253.333333333332,,20720.0,9502.0,5918.0,
1950-07-01,4177.0,19636.0,,12671.0,37355.0,1051.0,19343.0,12293.0,480.0,28428.0,,,54465.0,42135.0,,14109.0,9142.0,48210.333333333336,49746.0,308153.0,3911.0,,58641.0,,,,13033.0,4566.0,1878.0,2298.0,,15521.0,22696.0,-740.0,5732.0,86632.0,3697.0,31910.0,1878.0,3012.0,5498.0,15720.0,,200505.0,,4713.0,1247.0,22555.0,27066.666666666668,,21319.0,10269.0,7401.0,
1950-10-01,14044.0,19408.0,,13798.0,33292.0,1038.0,19609.0,13531.0,652.0,31776.0,,,54397.0,42574.0,,11782.0,9031.0,47356.0,53713.0,319945.0,4106.333333333333,,68441.0,,,,13685.0,5506.0,2056.0,2328.0,,14424.0,26061.0,-154.0,5715.0,86652.0,13392.0,32919.0,2056.0,2939.0,5226.0,15638.0,,197946.0,,4147.0,1289.0,21478.0,27698.0,,21937.0,10982.0,6821.0,
1951-01-01,10386.0,20542.0,,15713.0,35638.0,993.0,19383.0,15043.0,1172.0,39574.0,,,54196.0,45251.0,,13823.0,9499.0,50628.333333333336,62033.0,336000.0,4965.0,,64582.0,,,,14866.0,5073.0,1979.0,2289.0,,14309.0,33539.0,177.0,6035.0,91966.0,9214.0,33139.0,1979.0,3127.0,5396.0,16675.0,,209207.0,,4379.0,1296.0,21057.0,29077.333333333332,,22460.0,11467.0,6935.0,
1951-04-01,14792.0,20097.0,,17205.666666666668,30735.0,969.0,19672.0,17121.0,944.0,46602.0,,,52591.0,45574.0,,11629.0,9408.0,49509.333333333336,69821.0,344090.0,6067.666666666667,,67383.0,,,,15178.0,5550.0,2106.0,2301.0,,12111.0,40264.0,1943.0,6338.0,91445.0,13848.0,34124.0,2106.0,3082.0,5387.0,16367.0,,204942.0,,3914.0,1332.0,18467.0,29571.333333333332,,23220.0,12151.0,6629.0,
1951-07-01,9740.0,20529.0,,18968.666666666668,30193.0,979.0,20198.0,18052.0,768.0,54303.0,,,52241.0,46253.0,,11830.0,9584.0,49756.0,78046.0,351385.0,7046.666666666667,,61981.0,,,,14310.0,6089.0,2251.0,2365.0,,11173.0,48081.0,3742.0,6222.0,93171.0,8972.0,34843.0,2251.0,3177.0,5341.0,16805.0,,207616.0,,4012.0,1385.0,17398.0,30236.666666666668,,23743.0,12280.0,6518.0,
1951-10-01,4719.0,20745.0,,19741.666666666668,30391.0,989.0,20242.0,18180.0,1108.0,59311.0,,,52365.0,46986.0,,12182.0,9889.0,50329.666666666664,83314.0,356178.0,8029.666666666667,,57084.0,,,,13990.0,5964.0,2261.0,2482.0,,10839.0,52874.0,4190.0,6437.0,95454.0,3611.0,34642.0,2261.0,3245.0,5847.0,17834.0,,211590.0,,4124.0,1493.0,17723.0,30923.666666666668,,24003.0,11918.0,6170.0,
1952-01-01,4732.0,20439.0,,20307.333333333332,30776.0,1015.0,20418.0,18679.0,972.0,60899.0,,,53400.0,46963.0,,12067.0,9915.0,50550.0,84998.0,359820.0,8025.0,,58132.0,,,,14958.0,5965.0,2399.0,2684.0,,11242.0,53490.0,3721.0,7409.0,94762.0,3760.0,35131.0,2399.0,3253.0,5776.0,17445.0,,212969.0,,4214.0,1668.0,18269.0,31652.0,,24098.0,12029.0,6279.0,
1952-04-01,-1523.0,20770.0,,21574.333333333332,31007.0,1071.0,20821.0,16581.0,1880.0,64067.0,,,54528.0,48243.0,,11928.0,10077.0,50550.666666666664,88987.0,361030.0,8088.0,,53004.0,,,,14630.0,6538.0,2641.0,2869.0,,11517.0,56979.0,1951.0,7088.0,96601.0,-3403.0,35765.0,2641.0,3326.0,5829.0,17510.0,,217088.0,,4235.0,1798.0,18763.0,32215.666666666668,,24919.0,12075.0,5813.0,
1952-07-01,5574.0,21188.0,,22029.0,29467.0,1124.0,17671.0,15246.0,2216.0,66178.0,,,51646.0,49176.0,,12093.0,10305.0,50369.666666666664,90931.0,367701.0,8281.333333333334,,57220.0,,,,15250.0,5517.0,2241.0,3071.0,,9673.0,58675.0,-4.0,7503.0,98474.0,3358.0,32892.0,2241.0,3396.0,5069.0,17805.0,,219553.0,,4305.0,1948.0,18754.0,32980.0,,24753.0,12150.0,4844.0,
1952-10-01,5274.0,22331.0,,22706.666666666668,33723.0,1171.0,19867.0,15329.0,456.0,68116.0,,,55463.0,49293.0,,12679.0,10439.0,52626.333333333336,93418.0,380812.0,8433.0,,60737.0,,,,16342.0,5696.0,2439.0,3307.0,,12972.0,60506.0,-1013.0,7610.0,100331.0,4818.0,35816.0,2439.0,3556.0,5699.0,18268.0,,227670.0,,4516.0,2136.0,19647.0,33821.0,,25302.0,12642.0,6033.0,
1953-01-01,3890.0,21585.0,,23072.666666666668,35186.0,1221.0,21245.0,15128.0,772.0,69659.0,,,57773.0,49614.0,,12400.0,10581.0,52941.333333333336,95764.0,387980.0,8848.666666666666,,61663.0,,,,15795.0,6262.0,2625.0,3486.0,,14541.0,61306.0,-667.0,8353.0,100517.0,3118.0,37791.0,2625.0,3549.0,5896.0,18737.0,,231220.0,,4695.0,2264.0,19982.0,34439.666666666664,,26105.0,13061.0,6462.0,
1953-04-01,3577.0,21701.0,,23589.333333333332,35019.0,1276.0,21306.0,15196.0,-684.0,71950.0,,,58538.0,49332.0,,12604.0,10678.0,53132.666666666664,97925.0,391749.0,9052.666666666666,,62115.0,,,,16447.0,6655.0,2681.0,3660.0,,14226.0,61975.0,-1251.0,9975.0,100556.0,4261.0,38465.0,2681.0,3496.0,5404.0,18845.0,,232960.0,,4693.0,2384.0,20073.0,35068.333333333336,,25976.0,13499.0,6566.0,
1953-07-01,2331.0,21195.0,,23197.333333333332,34577.0,1279.0,22125.0,15755.0,684.0,69969.0,,,59104.0,49084.0,,12651.0,11021.0,52812.0,96622.0,391171.0,9010.0,,61435.0,,,,16307.0,6944.0,2811.0,3740.0,,13757.0,60964.0,-552.0,9004.0,99842.0,1647.0,39614.0,2811.0,3475.0,5671.0,18543.0,,233666.0,,4694.0,2460.0,19490.0,35764.333333333336,,26653.0,13749.0,6699.0,
1953-10-01,-2006.0,20802.0,,23606.0,33683.0,1278.0,21446.0,15172.0,2124.0,69519.0,,,58452.0,49113.0,,12681.0,11093.0,52076.666666666664,96747.0,385970.0,8643.0,,56446.0,,,,15507.0,6999.0,2547.0,3783.0,,12862.0,60290.0,-335.0,9229.0,99959.0,-4130.0,39200.0,2547.0,3451.0,5321.0,18951.0,,233112.0,,4688.0,2506.0,19251.0,35853.666666666664,,27228.0,13971.0,6579.0,
1954-01-01,-1966.0,21288.0,,22805.666666666668,32910.0,1311.0,20570.0,14424.0,848.0,66734.0,,,57683.0,50065.0,,12380.0,11149.0,51912.0,94831.0,385345.0,8804.333333333334,,55717.0,,,,14780.0,6984.0,2457.0,3842.0,,12370.0,57326.0,-356.0,9408.0,101261.0,-2814.0,38332.0,2457.0,3411.0,4943.0,18760.0,,235154.0,,4750.0,2532.0,19351.0,36207.333333333336,,28097.0,13920.0,6187.0,
1954-04-01,-3378.0,21257.0,,22197.0,33646.0,1315.0,20424.0,16438.0,-212.0,63692.0,,,58827.0,50221.0,,12343.0,11186.0,53212.666666666664,92534.0,386121.0,8647.666666666666,,55449.0,,,,16184.0,6956.0,2349.0,3859.0,,12979.0,55214.0,254.0,8478.0,101324.0,-3166.0,38159.0,2349.0,3509.0,5243.0,18660.0,,237885.0,,4814.0,2544.0,20668.0,36956.333333333336,,28842.0,13877.0,5875.0,
1954-07-01,-2091.0,21335.0,,22138.666666666668,33233.0,1363.0,21131.0,15878.0,700.0,61352.0,,,61062.0,50781.0,,12471.0,11353.0,52851.0,91148.0,390996.0,8244.333333333334,,58971.0,,,,15304.0,7326.0,2402.0,3896.0,,12203.0,53215.0,574.0,8137.0,102196.0,-2791.0,38879.0,2402.0,3627.0,5526.0,18728.0,,240303.0,,4932.0,2532.0,22183.0,37644.0,,29796.0,13852.0,5877.0,
1954-10-01,-316.0,21694.0,,22286.333333333332,35064.0,1415.0,21123.0,16605.0,-536.0,61244.0,,,62455.0,51228.0,,12905.0,11623.0,54089.0,91356.0,399734.0,8165.666666666667,,62139.0,,,,15460.0,6934.0,2488.0,3956.0,,13440.0,52038.0,1145.0,9206.0,103431.0,220.0,38890.0,2488.0,3665.0,5588.0,18886.0,,245093.0,,5054.0,2542.0,23565.0,38297.0,,30112.0,13811.0,6113.0,
1955-01-01,3804.0,21865.0,,22576.0,38437.0,1572.0,21144.0,17273.0,-123.0,60720.0,,,64899.0,51475.0,,13609.0,11873.0,56074.333333333336,91869.0,413073.0,8047.0,,68702.0,,,,16169.0,6466.0,2396.0,4062.0,,16076.0,52356.0,1104.0,8364.0,104502.0,3927.0,39480.0,2396.0,3599.0,5632.0,19289.0,,251398.0,,5153.0,2489.0,25419.0,38872.333333333336,,31149.0,14274.0,6650.0,
1955-04-01,4620.0,22443.0,,22592.0,40709.0,1626.0,23119.0,16942.0,-1119.0,60849.0,,,68068.0,51903.0,,13776.0,12228.0,57287.666666666664,92533.0,421532.0,8251.666666666666,,72688.0,,,,17097.0,6891.0,2619.0,4201.0,,17932.0,51867.0,-155.0,8982.0,106122.0,5739.0,42063.0,2619.0,3727.0,6155.0,19549.0,,256466.0,,5273.0,2575.0,26005.0,39547.0,,31684.0,14744.0,7454.0,
1955-07-01,4295.0,22359.0,,23278.0,42421.0,1659.0,25010.0,18145.0,-1323.0,61923.0,,,70452.0,52140.0,,14333.0,12465.0,58479.666666666664,94099.0,430221.0,8088.333333333333,,74747.0,,,,17421.0,7391.0,3025.0,4378.0,,18916.0,53076.0,724.0,8847.0,106942.0,5618.0,44826.0,3025.0,3748.0,6459.0,19978.0,,260651.0,,5424.0,2719.0,25626.0,40259.333333333336,,32176.0,15438.0,8135.0,
1955-10-01,7233.0,22832.0,,23021.0,41413.0,1671.0,26280.0,18349.0,309.0,60570.0,,,71650.0,52671.0,,14320.0,12871.0,59290.333333333336,93331.0,437092.0,8089.666666666667,,78882.0,,,,18109.0,8261.0,3232.0,4633.0,,17704.0,52152.0,240.0,8417.0,109046.0,6924.0,47085.0,3232.0,3888.0,7013.0,20673.0,,264639.0,,5501.0,2962.0,24565.0,41075.0,,32762.0,16172.0,7774.0,
1956-01-01,6398.0,22995.0,,23091.666666666668,39674.0,1622.0,25442.0,19365.0,-18.0,60989.0,,,71904.0,53415.0,,14471.0,13062.0,59712.0,94848.0,439746.0,8524.666666666666,,78303.0,,,,18925.0,8088.0,3123.0,4915.0,,15863.0,52758.0,440.0,8231.0,110541.0,6416.0,47772.0,3123.0,3829.0,6832.0,21070.0,,266156.0,,5510.0,3294.0,24132.0,41770.0,,33859.0,17415.0,7399.0,
1956-04-01,3585.0,23234.0,,23887.666666666668,39819.0,1614.0,25920.0,20882.0,-1458.0,63516.0,,,73435.0,53847.0,,14978.0,13174.0,60333.0,98247.0,446010.0,8861.333333333334,,77020.0,,,,18973.0,8551.0,3390.0,5160.0,,15260.0,54943.0,1909.0,8574.0,111291.0,5043.0,49062.0,3390.0,3901.0,6577.0,21037.0,,268834.0,,5680.0,3546.0,24374.0,42563.333333333336,,34731.0,17982.0,7402.0,
1956-07-01,3569.0,23646.0,,23506.0,39685.0,1657.0,26822.0,21822.0,-750.0,62796.0,,,74698.0,54423.0,,14805.0,13269.0,60929.666666666664,98279.0,451191.0,9254.0,,78267.0,,,,19253.0,9363.0,3432.0,5334.0,,15155.0,55090.0,2569.0,7706.0,112432.0,4319.0,50746.0,3432.0,4003.0,6922.0,21093.0,,272075.0,,5722.0,3677.0,23952.0,43453.666666666664,,35483.0,18590.0,7106.0,
1956-10-01,2244.0,23715.0,,24226.666666666668,41497.0,1720.0,27188.0,23068.0,-1630.0,65158.0,,,74902.0,54979.0,,15001.0,13655.0,62376.333333333336,101345.0,460463.0,9555.0,,77145.0,,,,18541.0,9374.0,3476.0,5489.0,,16566.0,57042.0,4527.0,8116.0,113676.0,3874.0,51410.0,3476.0,4088.0,6641.0,21327.0,,277445.0,,5842.0,3770.0,23491.0,43975.0,,36187.0,18733.0,7697.0,
1957-01-01,2162.0,23486.0,,25195.0,42597.0,1781.0,28203.0,24919.0,257.0,67892.0,,,75566.0,55894.0,,14840.0,14132.0,63947.333333333336,105342.0,469779.0,9919.0,,77728.0,,,,20100.0,9581.0,3644.0,5492.0,,18064.0,58831.0,4819.0,9061.0,115417.0,1905.0,52465.0,3644.0,3961.0,6848.0,21903.0,,281889.0,,5733.0,3711.0,23101.0,45022.333333333336,,37450.0,18770.0,8130.0,
1957-04-01,2657.0,23425.0,,25368.666666666668,42170.0,1852.0,28112.0,24369.0,657.0,67524.0,,,75250.0,56643.0,,14891.0,14128.0,64036.333333333336,105842.0,472025.0,9912.0,,77907.0,,,,20270.0,9544.0,3968.0,5536.0,,17704.0,59639.0,4099.0,7885.0,116479.0,2000.0,52640.0,3968.0,3891.0,6491.0,22283.0,,284176.0,,5683.0,3684.0,22610.0,45569.0,,38318.0,18992.0,8109.0,
1957-07-01,2808.0,23969.0,,25602.0,41876.0,1909.0,29334.0,23759.0,497.0,68355.0,,,76530.0,57980.0,,14841.0,14381.0,64568.333333333336,107405.0,479490.0,10200.0,,79339.0,,,,19762.0,9791.0,4285.0,5636.0,,17075.0,60667.0,3997.0,7688.0,119353.0,2311.0,54066.0,4285.0,4118.0,6644.0,23024.0,,288750.0,,5840.0,3727.0,22464.0,46188.666666666664,,39050.0,19096.0,8614.0,
1957-10-01,-4518.0,23435.0,,26412.0,41467.0,1905.0,28595.0,23022.0,-1043.0,70043.0,,,75563.0,58025.0,,14532.0,14341.0,64055.666666666664,110062.0,474864.0,10275.333333333334,,71045.0,,,,19634.0,9584.0,4031.0,5678.0,,17083.0,60626.0,3388.0,9417.0,119052.0,-3475.0,53215.0,4031.0,4087.0,6773.0,23252.0,,290368.0,,5764.0,3773.0,22349.0,46952.666666666664,,40019.0,18942.0,8207.0,
1958-01-01,-4009.0,23215.0,,26192.0,39396.0,1920.0,25526.0,20534.0,2249.0,68738.0,,,70739.0,59284.0,,14615.0,14484.0,62799.0,109843.0,467540.0,10422.666666666666,,66730.0,,,,19455.0,8675.0,3696.0,5760.0,,14922.0,60841.0,1079.0,7897.0,119862.0,-6258.0,49369.0,3688.0,3999.0,6557.0,22879.0,,289888.0,,5860.0,3839.0,21370.0,47159.666666666664,,41106.0,18084.0,6598.0,
1958-04-01,-4235.0,23666.0,,27214.333333333332,38636.0,1966.0,24365.0,20546.0,1597.0,71549.0,,,69300.0,59716.0,,14195.0,14605.0,62938.333333333336,113624.0,471978.0,10660.333333333334,,65065.0,,,,20075.0,8200.0,3475.0,5871.0,,14690.0,61977.0,471.0,9572.0,121183.0,-5832.0,47830.0,3468.0,3996.0,6856.0,23197.0,,292819.0,,5754.0,3906.0,21469.0,48208.333333333336,,42075.0,17594.0,5834.0,
1958-07-01,1547.0,24195.0,,27389.333333333332,39396.0,1990.0,24136.0,20595.0,2221.0,71885.0,,,70452.0,59822.0,,14601.0,14952.0,63883.333333333336,115093.0,485841.0,10975.0,,71999.0,,,,19739.0,7838.0,3564.0,6040.0,,14796.0,62633.0,856.0,9252.0,123026.0,-674.0,47435.0,3557.0,4091.0,7149.0,24058.0,,297893.0,,5908.0,4050.0,23017.0,48859.0,,43208.0,17259.0,5584.0,
1958-10-01,5235.0,24599.0,,27892.0,40693.0,2100.0,25482.0,20563.0,1813.0,73912.0,,,74766.0,60248.0,,14836.0,14833.0,64957.666666666664,117992.0,499555.0,11438.666666666666,,80001.0,,,,20823.0,8132.0,3691.0,6272.0,,15679.0,63429.0,-260.0,10483.0,124080.0,3422.0,49332.0,3681.0,4165.0,7215.0,24399.0,,301823.0,,6013.0,4171.0,25434.0,49445.0,,44080.0,17579.0,6444.0,
1959-01-01,3876.0,24785.0,5.0,26992.333333333332,43649.0,2215.0,27077.0,21915.0,-280.0,72367.0,4662.0,11568.0,79290.0,61240.0,18949.0,15143.0,15127.0,66586.33333333333,117195.0,510330.0,12072.333333333334,13473.0,83166.0,14463.0,135064.0,51312.0,21396.0,8404.0,3752.0,6469.0,8812.0,18090.0,61137.0,519.0,11230.0,126074.0,4156.0,50942.0,3747.0,4125.0,7357.0,24922.0,24743.0,309449.0,5642.0,6290.0,4247.0,28348.0,51000.333333333336,7.0,44829.0,17397.0,7563.0,8387.0
1959-04-01,7288.0,25500.0,2.0,27458.666666666668,45465.0,2267.0,28059.0,21776.0,-1924.0,73580.0,4796.0,11950.0,82093.0,61261.0,19465.0,15548.0,15275.0,68019.0,118535.0,522653.0,12052.666666666666,13779.0,89381.0,14727.0,138092.0,52171.0,22544.0,8295.0,3831.0,6640.0,8983.0,19335.0,60290.0,-768.0,13290.0,127152.0,9212.0,52735.0,3829.0,4208.0,7537.0,25116.0,25320.0,315505.0,5874.0,6374.0,4367.0,29358.0,51922.666666666664,5.0,44955.0,18037.0,8396.0,8585.0
1959-07-01,384.0,25440.0,17.0,27784.666666666668,46336.0,2248.0,29118.0,24079.0,-2252.0,74532.0,4935.0,12262.0,83222.0,61768.0,20093.0,15647.0,15208.0,69274.66666666667,119492.0,525034.0,12046.0,14048.0,83606.0,14939.0,141267.0,53398.0,22868.0,8407.0,3949.0,6659.0,9113.0,20073.0,61398.0,1211.0,13134.0,128188.0,2636.0,54421.0,3932.0,4224.0,7668.0,25772.0,25735.0,320725.0,6010.0,6392.0,4400.0,28801.0,53282.666666666664,11.0,44960.0,18644.0,9094.0,8830.0
1959-10-01,4120.0,25740.0,56.0,27889.666666666668,44103.0,2204.0,29127.0,23131.0,-1792.0,73836.0,5062.0,12648.0,82404.0,62118.0,20446.0,15733.0,15548.0,68620.0,118608.0,528600.0,11646.0,14333.0,86524.0,15196.0,144215.0,54512.0,22504.0,8992.0,4363.0,6752.0,9270.0,17658.0,60956.0,627.0,12880.0,129461.0,5912.0,54398.0,4307.0,4293.0,7734.0,26055.0,26272.0,322842.0,6157.0,6420.0,4517.0,28006.0,54205.333333333336,32.0,44772.0,18519.0,8038.0,8983.0
1960-01-01,11200.0,25878.0,118.0,27283.333333333332,45455.0,2062.0,30089.0,26145.0,612.0,70981.0,5121.0,12819.0,85276.0,61765.0,20295.0,15522.0,15496.0,70100.0,116951.0,542648.0,11700.333333333334,14629.0,96476.0,15547.0,146182.0,55463.0,23288.0,9234.0,4516.0,6874.0,9507.0,19343.0,60024.0,2858.0,10957.0,129605.0,10588.0,56322.0,4398.0,4232.0,7346.0,26465.0,26625.0,326364.0,6342.0,6359.0,4736.0,28954.0,55165.666666666664,76.0,45970.0,19360.0,8992.0,9091.0
1960-04-01,3224.0,26196.0,176.0,27728.666666666668,46434.0,1988.0,30749.0,26850.0,872.0,71066.0,5084.0,13121.0,83872.0,62939.0,20658.0,15709.0,15861.0,71582.66666666667,118380.0,541080.0,11731.0,14953.0,87096.0,16090.0,148729.0,56191.0,23455.0,9935.0,4821.0,6967.0,9869.0,19942.0,59522.0,3395.0,11544.0,131961.0,2352.0,57188.0,4645.0,4310.0,7346.0,26966.0,27099.0,332208.0,6443.0,6474.0,4860.0,26684.0,55922.0,119.0,47314.0,19473.0,8647.0,9127.0
1960-07-01,4320.0,25867.0,215.0,28526.333333333332,45922.0,2207.0,29471.0,27561.0,976.0,74161.0,5040.0,13307.0,82057.0,62512.0,20457.0,15259.0,15918.0,71162.33333333333,122419.0,545604.0,12280.0,14720.0,86377.0,15987.0,149583.0,57034.0,22879.0,9339.0,4668.0,7276.0,9680.0,20130.0,61963.0,4682.0,12198.0,131580.0,3344.0,56165.0,4453.0,4243.0,6776.0,27283.0,27076.0,332126.0,6520.0,6290.0,4920.0,25892.0,56359.666666666664,149.0,48258.0,19418.0,8688.0,9202.0
1960-10-01,-5812.0,25817.0,259.0,29150.333333333332,44690.0,2337.0,28407.0,27622.0,-248.0,75291.0,4991.0,13372.0,81775.0,63009.0,20528.0,15207.0,15961.0,70739.66666666667,124330.0,540197.0,12293.0,15034.0,75963.0,16498.0,151930.0,58193.0,21742.0,8993.0,4965.0,7452.0,10043.0,18912.0,62094.0,5880.0,13197.0,132413.0,-5564.0,55882.0,4706.0,4236.0,6741.0,27626.0,27426.0,334024.0,6615.0,6335.0,4951.0,25893.0,57056.333333333336,164.0,49039.0,20022.0,7709.0,9297.0
1961-01-01,-2548.0,26063.0,225.0,28863.666666666668,42240.0,2524.0,27408.0,27560.0,572.0,75281.0,4958.0,13989.0,80926.0,63704.0,20812.0,15186.0,15756.0,70301.66666666667,126218.0,545018.0,13208.666666666666,15051.0,78378.0,16640.0,153921.0,58795.0,21658.0,8397.0,4675.0,7675.0,10093.0,16475.0,63393.0,5902.0,11888.0,133401.0,-3120.0,55012.0,4450.0,4227.0,6923.0,27878.0,27585.0,334520.0,6743.0,6352.0,4993.0,25914.0,57610.666666666664,158.0,50936.0,19929.0,7413.0,9357.0
1961-04-01,1792.0,26279.0,260.0,29581.0,43320.0,2669.0,28635.0,26627.0,604.0,76174.0,5196.0,14366.0,82316.0,63933.0,20781.0,15412.0,15729.0,70624.0,127254.0,555545.0,12837.333333333334,15806.0,84108.0,17052.0,156695.0,59975.0,21899.0,8686.0,5177.0,7928.0,10609.0,17127.0,63357.0,4727.0,12817.0,134245.0,1188.0,56198.0,4917.0,4263.0,7086.0,28303.0,28164.0,339455.0,6854.0,6518.0,5099.0,26118.0,58703.0,161.0,51080.0,19634.0,7687.0,9501.0
1961-07-01,6656.0,26616.0,273.0,30037.0,44580.0,2727.0,28944.0,27779.0,936.0,78136.0,5330.0,14181.0,84261.0,63601.0,20874.0,15685.0,15729.0,71977.33333333333,129961.0,567664.0,13283.333333333334,15961.0,90917.0,17222.0,157826.0,60641.0,23326.0,8735.0,5187.0,8102.0,10631.0,17870.0,64961.0,4453.0,13175.0,134596.0,5720.0,56712.0,4914.0,4346.0,6998.0,28651.0,28321.0,342332.0,6980.0,6679.0,5209.0,27550.0,59168.333333333336,166.0,51825.0,19665.0,8025.0,9607.0
1961-10-01,5996.0,27325.0,286.0,30638.333333333332,46683.0,2691.0,30628.0,28442.0,1408.0,79925.0,5500.0,14560.0,86935.0,63750.0,21388.0,16005.0,15678.0,73507.33333333333,133516.0,580612.0,13867.333333333334,16316.0,92931.0,17567.0,161242.0,61795.0,23870.0,9386.0,5337.0,8212.0,10816.0,19416.0,66462.0,4572.0,13464.0,136167.0,4588.0,58473.0,5051.0,4491.0,6927.0,29414.0,28946.0,349593.0,7201.0,6771.0,5338.0,28462.0,60460.666666666664,183.0,53591.0,19632.0,8978.0,9786.0
1962-01-01,9408.0,27365.0,293.0,31718.333333333332,47702.0,2598.0,31401.0,28325.0,1524.0,83331.0,5574.0,14561.0,88666.0,64301.0,21691.0,16063.0,16064.0,74388.66666666667,137107.0,594013.0,13984.0,16639.0,98074.0,18138.0,163713.0,62851.0,24314.0,9404.0,5667.0,8225.0,11065.0,20345.0,69164.0,4010.0,14167.0,137832.0,7884.0,59656.0,5374.0,4574.0,7039.0,30103.0,29301.0,354822.0,7248.0,6720.0,5438.0,29010.0,61431.333333333336,188.0,53776.0,20030.0,9291.0,9924.0
1962-04-01,5444.0,27779.0,298.0,32190.333333333332,49047.0,2562.0,32197.0,29662.0,212.0,84127.0,5519.0,14976.0,91262.0,64367.0,22048.0,16239.0,16197.0,75656.0,138426.0,600366.0,13951.0,16843.0,96706.0,18816.0,167146.0,63865.0,24884.0,9529.0,5522.0,8330.0,11323.0,21303.0,68916.0,4777.0,15211.0,138745.0,5232.0,61356.0,5224.0,4670.0,7500.0,30402.0,29755.0,360458.0,7556.0,6834.0,5567.0,29906.0,62678.666666666664,201.0,54299.0,20828.0,9647.0,10130.0
1962-07-01,6188.0,28015.0,350.0,32979.333333333336,49567.0,2560.0,32321.0,29593.0,240.0,87019.0,5442.0,14809.0,91972.0,64997.0,22451.0,16633.0,16126.0,76291.66666666667,142052.0,609027.0,14371.0,17022.0,98160.0,19483.0,169364.0,64945.0,25111.0,9182.0,5329.0,8425.0,11580.0,21145.0,70445.0,4482.0,16573.0,139960.0,5948.0,62101.0,4979.0,4752.0,7693.0,30821.0,30060.0,364333.0,7429.0,7037.0,5640.0,29871.0,63387.333333333336,225.0,55033.0,21355.0,10117.0,10188.0
1962-10-01,3364.0,28275.0,447.0,33364.333333333336,51546.0,2627.0,32304.0,28683.0,356.0,87596.0,5381.0,14856.0,91604.0,64961.0,22836.0,16760.0,16875.0,77059.0,143562.0,612280.0,14489.666666666666,17225.0,94968.0,20106.0,172214.0,66243.0,25550.0,8895.0,5424.0,8615.0,11844.0,22751.0,70278.0,3133.0,17318.0,141477.0,3008.0,61819.0,4977.0,4853.0,7884.0,31365.0,30291.0,370618.0,7587.0,7183.0,5719.0,29785.0,64557.666666666664,270.0,55966.0,20900.0,10100.0,10296.0
1963-01-01,6868.0,28194.0,576.0,33490.333333333336,52589.0,2724.0,32872.0,29161.0,1920.0,86208.0,5447.0,14768.0,92821.0,65243.0,23011.0,17056.0,17127.0,77751.0,143724.0,621672.0,14418.0,17569.0,99689.0,20469.0,173789.0,67114.0,25185.0,9386.0,5722.0,8867.0,12122.0,23440.0,69388.0,3976.0,16820.0,142458.0,4948.0,61973.0,5146.0,4818.0,8279.0,31895.0,30318.0,374283.0,7708.0,7275.0,5823.0,30848.0,65125.333333333336,321.0,57517.0,20233.0,9486.0,10401.0
1963-04-01,4836.0,28421.0,717.0,33526.666666666664,53881.0,2844.0,33467.0,31448.0,84.0,85764.0,5645.0,15057.0,96814.0,65345.0,23205.0,17234.0,16745.0,79233.66666666667,144132.0,629752.0,14517.333333333334,18075.0,101650.0,20760.0,176083.0,67435.0,25890.0,9834.0,6058.0,9183.0,12431.0,24220.0,68896.0,5558.0,16868.0,142803.0,4752.0,63883.0,5341.0,4883.0,8584.0,32293.0,31316.0,378413.0,7785.0,7545.0,5938.0,32930.0,66016.66666666667,402.0,58368.0,21233.0,8991.0,10526.0
1963-07-01,5716.0,29002.0,806.0,34703.666666666664,54701.0,2857.0,34894.0,31215.0,-644.0,89876.0,5882.0,15661.0,98896.0,66350.0,23272.0,17707.0,16863.0,80594.66666666667,149927.0,644444.0,15272.0,18598.0,104612.0,21097.0,179644.0,68684.0,26704.0,10288.0,6288.0,9381.0,12715.0,24378.0,70846.0,4511.0,19030.0,145166.0,6360.0,65712.0,5482.0,4957.0,9005.0,32952.0,32028.0,385394.0,8220.0,7660.0,6045.0,33184.0,67176.33333333333,479.0,60051.0,21436.0,9313.0,10683.0
1963-10-01,5064.0,28856.0,841.0,35286.0,55739.0,2867.0,36238.0,32474.0,608.0,89653.0,6100.0,16369.0,102125.0,66543.0,23735.0,18044.0,16954.0,81370.66666666667,150989.0,653938.0,15043.666666666666,19114.0,107189.0,21584.0,182931.0,69596.0,26764.0,10599.0,6312.0,9540.0,13014.0,24947.0,70880.0,5711.0,18773.0,145279.0,4456.0,67669.0,5472.0,4969.0,9389.0,32926.0,32784.0,390049.0,7991.0,7779.0,6143.0,34456.0,68391.66666666667,531.0,61336.0,21891.0,9938.0,10873.0
1964-01-01,5124.0,30146.0,950.0,35592.666666666664,57995.0,2740.0,37146.0,34192.0,-636.0,90084.0,6387.0,16444.0,105350.0,67648.0,24360.0,18903.0,17194.0,83712.66666666667,152554.0,669822.0,15258.666666666666,19880.0,110474.0,22671.0,186549.0,70616.0,26978.0,10827.0,6647.0,9542.0,13493.0,25637.0,70383.0,7213.0,19702.0,148651.0,5760.0,69113.0,5698.0,5221.0,9498.0,33663.0,33018.0,399581.0,8354.0,8234.0,6255.0,36237.0,69871.0,547.0,62469.0,22425.0,10173.0,11087.0
1964-04-01,4456.0,31011.0,947.0,35937.666666666664,59476.0,2732.0,37939.0,34030.0,-1208.0,90125.0,6431.0,16928.0,106062.0,68892.0,24813.0,19525.0,17434.0,85348.66666666667,154314.0,678674.0,15500.333333333334,20171.0,110518.0,23736.0,190174.0,71497.0,27726.0,10885.0,6745.0,9686.0,13741.0,25876.0,69375.0,6305.0,20750.0,151455.0,5664.0,71075.0,5799.0,5382.0,9755.0,34118.0,33637.0,407536.0,8315.0,8693.0,6404.0,34988.0,71082.0,550.0,64189.0,23450.0,10554.0,11248.0
1964-07-01,4692.0,31443.0,888.0,36488.333333333336,61378.0,2792.0,39264.0,35375.0,-1784.0,90847.0,6450.0,17580.0,107939.0,70397.0,25040.0,19694.0,17936.0,87654.33333333333,156033.0,692031.0,15522.333333333334,20398.0,112631.0,24727.0,193718.0,72611.0,28429.0,11501.0,6690.0,9892.0,13948.0,27107.0,70153.0,6946.0,20694.0,154877.0,6476.0,73406.0,5803.0,5623.0,9751.0,35100.0,33853.0,416422.0,8459.0,8953.0,6561.0,34533.0,72421.33333333333,539.0,65186.0,24250.0,11321.0,11448.0
1964-10-01,5016.0,31739.0,927.0,36476.333333333336,59377.0,2863.0,40390.0,36480.0,-1084.0,89968.0,6464.0,17780.0,109968.0,71024.0,25298.0,19946.0,18072.0,87833.0,156152.0,697319.0,15574.0,20552.0,114984.0,25464.0,197346.0,73871.0,29285.0,12520.0,7212.0,10111.0,14087.0,24587.0,69002.0,7195.0,20967.0,155800.0,6100.0,75324.0,6286.0,5640.0,10398.0,34966.0,34529.0,418987.0,8789.0,9203.0,6720.0,34644.0,73751.33333333333,528.0,66184.0,24823.0,10259.0,11617.0
1965-01-01,11544.0,31889.0,1020.0,36943.0,64915.0,3041.0,43542.0,32969.0,348.0,89493.0,6528.0,18053.0,114998.0,71659.0,26044.0,19929.0,18296.0,88904.0,157025.0,717790.0,15398.666666666666,21106.0,126542.0,26061.0,200508.0,74751.0,28457.0,12732.0,7268.0,10546.0,14578.0,29803.0,68031.0,4512.0,21462.0,157760.0,11196.0,80230.0,6248.0,5801.0,10671.0,35916.0,34985.0,429711.0,8867.0,9382.0,6929.0,34768.0,74808.33333333333,576.0,67532.0,26142.0,12870.0,11745.0
1965-04-01,8568.0,31902.0,1076.0,37633.333333333336,64818.0,3176.0,44296.0,38367.0,1148.0,90116.0,6796.0,18392.0,118484.0,73217.0,26867.0,20183.0,18937.0,92334.0,159808.0,730191.0,15636.333333333334,21775.0,127052.0,26194.0,204260.0,76061.0,31679.0,13332.0,7626.0,10920.0,14979.0,29032.0,68163.0,6688.0,21953.0,160768.0,7420.0,83382.0,6550.0,5781.0,10505.0,36711.0,35836.0,436642.0,8903.0,9823.0,7115.0,35102.0,76562.0,629.0,69692.0,28166.0,12833.0,12007.0
1965-07-01,9292.0,32750.0,1219.0,39297.666666666664,66700.0,3321.0,46825.0,37551.0,788.0,94476.0,7117.0,18882.0,121945.0,74787.0,27498.0,20735.0,19435.0,93897.66666666667,166761.0,749323.0,16289.333333333334,22400.0,131237.0,25868.0,207918.0,77215.0,32030.0,14162.0,8070.0,11327.0,15283.0,29794.0,71157.0,5521.0,23319.0,164069.0,8504.0,86686.0,6851.0,6006.0,11250.0,37096.0,37221.0,445804.0,8968.0,10166.0,7298.0,35258.0,77897.33333333333,708.0,72285.0,28535.0,13342.0,12266.0
1965-10-01,7584.0,34095.0,1341.0,41046.666666666664,69126.0,3420.0,48457.0,39698.0,1004.0,98697.0,7406.0,19825.0,126168.0,78106.0,28313.0,21797.0,19858.0,98059.0,172619.0,771857.0,16493.0,23033.0,133752.0,26026.0,212658.0,78446.0,33948.0,14496.0,8395.0,11746.0,15626.0,29951.0,74979.0,5750.0,23718.0,170545.0,6580.0,90645.0,7054.0,6403.0,11751.0,38486.0,38369.0,459736.0,9163.0,10975.0,7531.0,35523.0,79735.0,795.0,73922.0,30442.0,13814.0,12515.0
1966-01-01,13872.0,35102.0,1439.0,41704.0,72312.0,3626.0,51069.0,39356.0,640.0,101202.0,7536.0,20418.0,130328.0,79541.0,29013.0,22178.0,19886.0,100638.66666666667,177032.0,795734.0,17306.666666666668,23630.0,144200.0,26731.0,216194.0,79458.0,34990.0,15060.0,8959.0,12215.0,16094.0,31713.0,77480.0,4367.0,23722.0,174094.0,13232.0,94382.0,7520.0,6911.0,12331.0,39566.0,38659.0,470136.0,9288.0,11510.0,7716.0,35946.0,80855.33333333333,873.0,75830.0,31098.0,14720.0,12627.0
1966-04-01,12316.0,35524.0,1621.0,43239.0,69721.0,3703.0,53024.0,40872.0,-1656.0,104010.0,7488.0,20657.0,131185.0,80590.0,29409.0,22217.0,20432.0,101000.66666666667,181659.0,804981.0,17314.0,24206.0,143501.0,28060.0,220742.0,80626.0,36240.0,16117.0,9523.0,12628.0,16717.0,28733.0,79135.0,4632.0,24875.0,177238.0,13972.0,96823.0,7902.0,6849.0,12648.0,40691.0,39416.0,475189.0,9628.0,11922.0,7960.0,34362.0,83099.33333333333,964.0,77649.0,31172.0,14736.0,12945.0
1966-07-01,11852.0,36292.0,1766.0,45096.333333333336,72323.0,3734.0,53417.0,40857.0,-556.0,109934.0,7422.0,20733.0,131342.0,81217.0,30005.0,23095.0,20965.0,103409.0,189466.0,819638.0,18059.333333333332,24532.0,143194.0,29306.0,224775.0,81729.0,38171.0,16520.0,9883.0,13000.0,17110.0,29679.0,85613.0,2687.0,24321.0,179770.0,12408.0,98325.0,8118.0,6929.0,12766.0,41296.0,40036.0,484291.0,9881.0,12620.0,8213.0,33018.0,84364.0,1054.0,79533.0,31907.0,14248.0,13085.0
1966-10-01,16504.0,36328.0,1966.0,45797.333333333336,72625.0,3766.0,54581.0,42594.0,-428.0,111155.0,7373.0,20576.0,129351.0,81092.0,30110.0,23083.0,21339.0,104341.33333333333,193621.0,833302.0,18743.333333333332,24990.0,145855.0,30616.0,229667.0,83089.0,38829.0,16903.0,10244.0,13366.0,17617.0,29583.0,87657.0,3765.0,23498.0,180394.0,16932.0,99163.0,8278.0,6900.0,13066.0,41636.0,41393.0,490060.0,10272.0,13060.0,8447.0,30188.0,86153.0,1153.0,82466.0,31217.0,14368.0,13611.0
1967-01-01,15423.0,36760.0,1860.0,48233.0,71102.0,3764.0,52713.0,43886.0,1747.0,117935.0,7528.0,21289.0,127388.0,81868.0,30335.0,23244.0,21451.0,104690.0,202588.0,844170.0,19296.0,25547.0,142811.0,31193.0,233313.0,84072.0,39432.0,17266.0,9954.0,13618.0,18019.0,27788.0,92232.0,4453.0,25703.0,182375.0,13676.0,97999.0,8094.0,6945.0,12153.0,42296.0,42122.0,494317.0,10417.0,13124.0,8682.0,29389.0,87855.33333333333,1171.0,84654.0,31668.0,13340.0,13886.0
1967-04-01,6341.0,37376.0,1859.0,49083.0,74483.0,3737.0,53577.0,43239.0,2149.0,117918.0,7847.0,21660.0,131154.0,81971.0,30503.0,23567.0,21812.0,105982.33333333333,203811.0,848983.0,18854.333333333332,26496.0,137495.0,31665.0,237106.0,85603.0,39020.0,17077.0,10043.0,13786.0,18649.0,30514.0,93499.0,4219.0,24419.0,184021.0,4192.0,98297.0,8184.0,7145.0,12493.0,42863.0,43342.0,503458.0,10261.0,13257.0,8870.0,32857.0,89256.33333333333,1179.0,85893.0,30934.0,13965.0,14073.0
1967-07-01,9263.0,37957.0,1818.0,50152.666666666664,74699.0,3860.0,53193.0,42845.0,527.0,120961.0,8236.0,22603.0,133571.0,82497.0,31147.0,23762.0,21886.0,106480.33333333333,208379.0,865233.0,19307.0,27485.0,142835.0,32135.0,242006.0,86892.0,39543.0,16410.0,9903.0,14116.0,19249.0,30241.0,96659.0,3302.0,24302.0,185777.0,8736.0,98785.0,8085.0,7115.0,12219.0,43437.0,43991.0,510717.0,10812.0,13582.0,9101.0,34786.0,91221.33333333333,1155.0,87418.0,31476.0,14660.0,14426.0
1967-10-01,8433.0,38097.0,1935.0,51664.333333333336,75642.0,4014.0,55286.0,43896.0,-887.0,123209.0,8588.0,22917.0,139220.0,83899.0,31843.0,24145.0,22356.0,108578.33333333333,213293.0,881439.0,19434.0,28385.0,147653.0,32721.0,246155.0,88808.0,41652.0,16925.0,10512.0,14492.0,19797.0,29862.0,97745.0,2244.0,25465.0,187864.0,9320.0,101744.0,8577.0,7288.0,12750.0,43513.0,44832.0,518249.0,10314.0,14346.0,9295.0,37476.0,92687.33333333333,1183.0,90084.0,31966.0,15099.0,14721.0
1968-01-01,8438.0,39753.0,1871.0,53798.333333333336,80859.0,4148.0,57601.0,45452.0,3034.0,126409.0,8721.0,23132.0,143850.0,85711.0,33467.0,24917.0,22978.0,113492.0,219749.0,909387.0,19451.333333333332,29133.0,152288.0,34128.0,253181.0,90472.0,44399.0,17332.0,10625.0,14930.0,20411.0,33715.0,100462.0,1054.0,25947.0,193535.0,5404.0,105582.0,8753.0,7499.0,12433.0,45094.0,45708.0,536297.0,11086.0,14728.0,9553.0,38268.0,95224.0,1229.0,93340.0,33051.0,17211.0,15188.0
1968-04-01,14082.0,40764.0,1908.0,54702.333333333336,83084.0,4337.0,56698.0,47165.0,4254.0,127154.0,8726.0,25126.0,144862.0,87920.0,34199.0,25771.0,22978.0,116454.33333333333,223637.0,934344.0,19843.333333333332,30071.0,158943.0,35947.0,260435.0,91499.0,45416.0,17096.0,10426.0,15417.0,21345.0,34446.0,101515.0,1749.0,25639.0,197769.0,9828.0,105299.0,8518.0,7933.0,12552.0,46108.0,46455.0,550014.0,11583.0,14934.0,9795.0,39563.0,97744.0,1285.0,96483.0,33184.0,16625.0,15628.0
1968-07-01,7681.0,42141.0,1979.0,55941.0,87545.0,4415.0,58581.0,49891.0,225.0,128537.0,8799.0,25939.0,148003.0,90157.0,35101.0,26820.0,23442.0,120966.66666666667,227370.0,950825.0,19848.666666666668,30626.0,155683.0,37326.0,266936.0,93456.0,48240.0,17059.0,10690.0,15796.0,21827.0,36819.0,101469.0,1650.0,27068.0,202841.0,7456.0,107609.0,8711.0,8163.0,13122.0,47101.0,47146.0,566122.0,11875.0,15742.0,10038.0,40394.0,100451.0,1343.0,98832.0,33232.0,17711.0,16093.0
1968-10-01,6007.0,42383.0,1938.0,57265.0,87826.0,4457.0,61233.0,49116.0,-2029.0,129749.0,8923.0,26597.0,154754.0,91538.0,35609.0,26849.0,23469.0,121465.33333333333,231347.0,968030.0,19850.666666666668,31562.0,160760.0,38903.0,273221.0,95566.0,48170.0,17628.0,10643.0,16187.0,22638.0,36676.0,101980.0,945.0,27769.0,205007.0,8036.0,112182.0,8705.0,8370.0,13995.0,47617.0,47699.0,574977.0,12267.0,15932.0,10316.0,42572.0,102622.33333333333,1414.0,101598.0,34762.0,18968.0,16580.0
1969-01-01,11489.0,43366.0,2096.0,57393.0,90011.0,4419.0,63689.0,44042.0,1753.0,129608.0,9061.0,26491.0,160899.0,93066.0,36030.0,27296.0,24261.0,120560.0,233705.0,993337.0,20508.333333333332,32473.0,172388.0,40260.0,279100.0,97712.0,43804.0,18348.0,11515.0,16510.0,23412.0,37649.0,101262.0,239.0,28346.0,208834.0,9736.0,115993.0,9419.0,8655.0,14434.0,48141.0,48903.0,587005.0,12575.0,16410.0,10574.0,44906.0,104390.66666666667,1516.0,104096.0,35794.0,19393.0,17129.0
1969-04-01,9222.0,44045.0,2408.0,59050.0,90448.0,4457.0,64691.0,53775.0,1378.0,129782.0,9278.0,27333.0,163499.0,94114.0,37344.0,27851.0,25030.0,127408.66666666667,236859.0,1009020.0,19903.0,33540.0,172721.0,41602.0,286395.0,99524.0,52671.0,18798.0,12492.0,17006.0,24261.0,37130.0,100860.0,1104.0,28922.0,212216.0,7844.0,118368.0,10084.0,8732.0,14265.0,49027.0,49916.0,598337.0,12950.0,16735.0,10870.0,45130.0,107519.0,1679.0,107076.0,36671.0,19136.0,17725.0
1969-07-01,10194.0,44841.0,2564.0,60868.666666666664,90628.0,4332.0,66122.0,53596.0,-1166.0,133392.0,9562.0,27906.0,167370.0,95928.0,37727.0,27539.0,25058.0,128370.66666666667,242535.0,1029956.0,19976.666666666668,34437.0,177564.0,42541.0,292447.0,102198.0,52365.0,19512.0,13342.0,17355.0,24875.0,37673.0,103448.0,1231.0,29944.0,215988.0,11360.0,122408.0,10778.0,8680.0,14300.0,50162.0,50897.0,608626.0,12948.0,16736.0,11138.0,44962.0,109825.0,1885.0,109143.0,38931.0,18969.0,18232.0
1969-10-01,5787.0,45072.0,2696.0,61938.333333333336,90844.0,4309.0,66149.0,56275.0,-1893.0,131991.0,9874.0,28886.0,165787.0,98376.0,38742.0,27668.0,25525.0,130641.33333333333,242838.0,1038147.0,19008.0,35587.0,171573.0,43831.0,300125.0,104494.0,53126.0,19545.0,13939.0,17736.0,25714.0,37340.0,102700.0,3149.0,29291.0,219744.0,7680.0,123284.0,11243.0,8789.0,14608.0,50771.0,52121.0,620586.0,13227.0,17048.0,11346.0,42503.0,112687.66666666667,2080.0,110848.0,39399.0,18058.0,18823.0
1970-01-01,1823.0,44880.0,3113.0,62959.0,89611.0,4219.0,66401.0,57031.0,1607.0,133559.0,10117.0,29096.0,166289.0,101638.0,40283.0,27769.0,25858.0,132286.33333333334,247889.0,1051200.0,19670.333333333332,36727.0,168113.0,45474.0,307472.0,106212.0,53517.0,20296.0,14436.0,17905.0,26610.0,34926.0,102837.0,3514.0,30723.0,224484.0,216.0,123796.0,11323.0,9077.0,14910.0,52108.0,53330.0,631685.0,13676.0,17839.0,11429.0,42493.0,115124.33333333333,2257.0,114330.0,39490.0,16758.0,19401.0
1970-04-01,5081.0,45017.0,2950.0,63436.0,91006.0,4129.0,66748.0,60411.0,377.0,131760.0,10331.0,29643.0,166374.0,102598.0,41662.0,28000.0,26098.0,134399.33333333334,249143.0,1067375.0,19612.0,37409.0,171455.0,46653.0,313685.0,107939.0,55204.0,20281.0,14622.0,17948.0,27078.0,36242.0,99604.0,5207.0,32156.0,226548.0,4704.0,125008.0,11672.0,9133.0,15310.0,52835.0,54217.0,641570.0,13863.0,17631.0,11450.0,41365.0,117995.66666666667,2369.0,117383.0,40313.0,16535.0,19707.0
1970-07-01,5083.0,45289.0,2429.0,64781.0,92011.0,4108.0,67661.0,60519.0,-1849.0,132360.0,10691.0,30379.0,168821.0,104058.0,42262.0,28111.0,26332.0,136060.33333333334,254584.0,1086059.0,20080.333333333332,38620.0,173904.0,48272.0,321064.0,110471.0,56431.0,20523.0,13993.0,18016.0,27928.0,36416.0,99914.0,4088.0,32446.0,229716.0,6932.0,126255.0,11564.0,9550.0,16063.0,54037.0,55213.0,653482.0,14123.0,17934.0,11542.0,42566.0,120750.33333333333,2366.0,122224.0,40578.0,17081.0,20344.0
1970-10-01,-3984.0,46616.0,2396.0,65870.33333333333,87324.0,4135.0,64834.0,60873.0,-3488.0,133540.0,10755.0,31310.0,170738.0,105730.0,42287.0,28725.0,26854.0,136835.0,258708.0,1088608.0,20365.333333333332,39608.0,166754.0,50255.0,327607.0,113065.0,57888.0,20034.0,14215.0,17918.0,28854.0,30569.0,100486.0,2985.0,33054.0,234475.0,-496.0,123520.0,11818.0,9737.0,15982.0,55276.0,55619.0,660161.0,14345.0,18293.0,11491.0,47218.0,122805.66666666667,2292.0,125168.0,40767.0,14603.0,20724.0
1971-01-01,12254.0,47357.0,2272.0,67951.66666666667,98052.0,4195.0,66644.0,63221.0,2530.0,133347.0,11087.0,32256.0,177241.0,105682.0,42529.0,29021.0,27385.0,141257.66666666666,261905.0,1135156.0,19350.0,40707.0,189495.0,51256.0,334220.0,115841.0,58651.0,19235.0,13928.0,18133.0,29621.0,40977.0,99478.0,4570.0,33869.0,235828.0,9724.0,126281.0,11656.0,9701.0,15827.0,55404.0,56549.0,679186.0,14599.0,18352.0,11693.0,50961.0,125762.0,2245.0,128558.0,41504.0,17653.0,21189.0
1971-04-01,10875.0,48986.0,2793.0,69264.0,100989.0,4255.0,68690.0,62894.0,4155.0,134252.0,11429.0,32804.0,186455.0,107247.0,43238.0,29501.0,27354.0,144543.0,266118.0,1156271.0,19442.0,42139.0,197329.0,52882.0,341975.0,118632.0,63296.0,19125.0,14957.0,18456.0,30710.0,42505.0,97839.0,-401.0,36412.0,238832.0,6720.0,129481.0,12164.0,9947.0,16327.0,55245.0,57445.0,693225.0,14928.0,19036.0,11859.0,56974.0,128595.0,2342.0,131867.0,42335.0,18280.0,22046.0
1971-07-01,10188.0,49500.0,2912.0,70203.66666666667,103442.0,4392.0,69260.0,65717.0,2268.0,135604.0,11886.0,33407.0,191870.0,107132.0,44175.0,30159.0,27743.0,147509.0,269783.0,1177675.0,19724.0,43529.0,202058.0,54632.0,349846.0,121301.0,65482.0,19400.0,15144.0,18812.0,31643.0,43688.0,97432.0,236.0,38171.0,240424.0,7920.0,131190.0,12231.0,10249.0,16547.0,56050.0,58294.0,705599.0,15190.0,19346.0,11968.0,60680.0,131423.33333333334,2451.0,134180.0,43118.0,18169.0,22847.0
1971-10-01,-295.0,50344.0,3119.0,71193.33333333333,107302.0,4582.0,71642.0,60019.0,-2311.0,134712.0,12414.0,33878.0,198706.0,108438.0,45246.0,31092.0,28106.0,146505.66666666666,272067.0,1190297.0,19495.666666666668,44706.0,198411.0,56130.0,358428.0,124148.0,61939.0,20072.0,15672.0,19312.0,32292.0,45762.0,97231.0,-1920.0,37481.0,243595.0,2016.0,134711.0,12553.0,10393.0,16349.0,56706.0,59918.0,721739.0,15753.0,20054.0,12129.0,63995.0,134726.66666666666,2602.0,137355.0,43758.0,19549.0,23356.0
1972-01-01,3227.0,51050.0,3717.0,74077.33333333333,110704.0,4754.0,74881.0,68639.0,-457.0,141416.0,12412.0,35807.0,209741.0,109715.0,47025.0,32272.0,28337.0,154425.33333333334,282228.0,1230609.0,19998.333333333332,45857.0,212968.0,57619.0,368792.0,126807.0,72173.0,20009.0,16428.0,19923.0,33445.0,46750.0,101361.0,-3534.0,40055.0,247040.0,3684.0,140585.0,12711.0,10490.0,17483.0,57938.0,61687.0,738948.0,15857.0,21191.0,12486.0,69156.0,138828.0,2683.0,140811.0,45781.0,20961.0,23990.0
1972-04-01,11998.0,52478.0,3446.0,75180.66666666667,114066.0,4940.0,76946.0,67152.0,2042.0,144235.0,12608.0,36413.0,214800.0,113834.0,48245.0,32816.0,28366.0,157385.33333333334,286464.0,1266369.0,20307.333333333332,46719.0,226798.0,59037.0,376388.0,129576.0,71409.0,21019.0,16308.0,20424.0,34112.0,48432.0,103310.0,-4258.0,40925.0,254302.0,9956.0,143976.0,12862.0,10791.0,18371.0,59624.0,62722.0,757364.0,16110.0,22028.0,12726.0,70824.0,141256.33333333334,2759.0,142229.0,46607.0,21248.0,24286.0
1972-07-01,13715.0,54150.0,3498.0,75034.0,117591.0,4959.0,78938.0,71453.0,991.0,138763.0,12654.0,37689.0,219375.0,115771.0,49598.0,33978.0,29506.0,162494.33333333334,284316.0,1290566.0,19738.0,47738.0,233090.0,60636.0,385469.0,132238.0,74090.0,21929.0,16658.0,20763.0,35083.0,49577.0,97727.0,-2638.0,41036.0,260084.0,12724.0,147015.0,13160.0,11062.0,19329.0,60656.0,64149.0,775799.0,16450.0,22975.0,12964.0,72360.0,144619.33333333334,2840.0,145552.0,47314.0,21023.0,24709.0
1972-10-01,7491.0,56286.0,3231.0,76371.66666666667,123416.0,4951.0,84780.0,76129.0,-1417.0,142167.0,13582.0,38331.0,232224.0,118566.0,50674.0,35024.0,31364.0,170141.66666666666,291749.0,1328904.0,20877.666666666668,49099.0,239715.0,62078.0,395447.0,136119.0,79190.0,22682.0,17309.0,21197.0,35516.0,52701.0,100456.0,-3061.0,41711.0,268057.0,8908.0,154967.0,14078.0,11521.0,20625.0,61841.0,66154.0,800502.0,16900.0,24171.0,13415.0,77257.0,148465.33333333334,2831.0,149582.0,48990.0,24165.0,25192.0
1973-01-01,10550.0,58311.0,3430.0,77798.66666666667,131812.0,4810.0,89808.0,83959.0,-4230.0,146354.0,13227.0,38666.0,243763.0,121140.0,52730.0,37112.0,32524.0,179650.33333333334,299571.0,1377490.0,22058.666666666668,49748.0,254313.0,64445.0,404513.0,138560.0,85360.0,23671.0,18588.0,21704.0,36522.0,57070.0,103436.0,-1400.0,42918.0,275456.0,14780.0,162839.0,15158.0,12155.0,22351.0,63480.0,66949.0,825007.0,17592.0,25474.0,13915.0,80925.0,151791.33333333334,2979.0,153217.0,51327.0,25197.0,25570.0
1973-04-01,18206.0,58963.0,3666.0,79057.66666666667,131295.0,4829.0,94897.0,91923.0,4986.0,146517.0,13765.0,39520.0,249990.0,124031.0,53503.0,37708.0,33454.0,185093.66666666666,302709.0,1413887.0,21845.666666666668,51420.0,268196.0,66479.0,414082.0,141794.0,89468.0,25444.0,19602.0,22326.0,37655.0,55834.0,103355.0,2454.0,43162.0,281386.0,13220.0,171283.0,15936.0,12660.0,22923.0,64937.0,68662.0,840527.0,18205.0,25093.0,14367.0,78707.0,155546.0,3130.0,156192.0,54060.0,26928.0,25918.0
1973-07-01,9761.0,59391.0,3398.0,79849.33333333333,130800.0,4858.0,96850.0,97576.0,2569.0,144240.0,13844.0,40269.0,254574.0,129670.0,55529.0,38159.0,34235.0,190017.33333333334,304189.0,1433838.0,21547.0,52311.0,264335.0,68055.0,424316.0,145317.0,91139.0,26662.0,20064.0,22961.0,38467.0,54038.0,100495.0,6437.0,43746.0,289916.0,7192.0,176642.0,16666.0,13066.0,23046.0,66621.0,70419.0,858877.0,18501.0,25537.0,14809.0,77932.0,159179.66666666666,3294.0,159949.0,56831.0,27079.0,26225.0
1973-10-01,24993.0,60305.0,3662.0,82128.33333333333,128201.0,4945.0,98693.0,107620.0,2781.0,147630.0,14183.0,41289.0,255865.0,132017.0,57565.0,38864.0,37087.0,197571.0,312593.0,1476289.0,22069.333333333332,53847.0,280858.0,69722.0,433828.0,148270.0,98669.0,28318.0,21184.0,23735.0,39665.0,50489.0,103255.0,8952.0,44374.0,297675.0,22212.0,180142.0,17522.0,13567.0,22155.0,68266.0,71292.0,873887.0,19094.0,25281.0,15312.0,75723.0,162488.0,3478.0,164963.0,57714.0,27036.0,26597.0
1974-01-01,12519.0,61630.0,3455.0,84542.33333333333,126652.0,5099.0,100032.0,116709.0,-3337.0,152687.0,14790.0,41101.0,255842.0,137625.0,57850.0,40123.0,39207.0,206484.33333333334,324586.0,1491209.0,23653.0,55532.0,268361.0,71857.0,441573.0,151489.0,110315.0,29323.0,21567.0,24388.0,40742.0,47026.0,106194.0,6394.0,46492.0,308853.0,15856.0,183404.0,18112.0,13971.0,22385.0,70391.0,72321.0,891868.0,19589.0,25533.0,15712.0,72438.0,166479.33333333334,3578.0,171899.0,58984.0,26758.0,27365.0
1974-04-01,17416.0,62715.0,3188.0,86307.0,130583.0,5204.0,102376.0,126668.0,1032.0,154877.0,15553.0,42635.0,259975.0,139639.0,59723.0,41225.0,44173.0,219508.0,334957.0,1530056.0,25345.333333333332,58426.0,277391.0,74612.0,456270.0,156434.0,129382.0,30405.0,21934.0,25110.0,42874.0,48140.0,108827.0,-2714.0,46050.0,318017.0,16384.0,188818.0,18747.0,14599.0,23250.0,71490.0,74371.0,920422.0,20416.0,26619.0,16211.0,71157.0,172649.33333333334,3695.0,180080.0,61333.0,26786.0,28079.0
1974-07-01,5578.0,63568.0,4426.0,89504.33333333333,136324.0,5272.0,107085.0,126638.0,-98.0,160404.0,15623.0,45115.0,265434.0,145761.0,61405.0,41808.0,45647.0,226085.33333333334,346710.0,1560026.0,26065.666666666668,59717.0,271013.0,77426.0,469661.0,160794.0,133610.0,31233.0,23883.0,25983.0,44094.0,52134.0,110321.0,-6972.0,50083.0,327667.0,5676.0,194485.0,19458.0,14810.0,24561.0,72691.0,74722.0,949276.0,21372.0,27572.0,16710.0,70949.0,177089.33333333334,4001.0,186306.0,61417.0,27409.0,28827.0
1974-10-01,20446.0,61776.0,4403.0,93252.66666666667,127148.0,5283.0,107770.0,136585.0,-8722.0,167370.0,16021.0,47434.0,260893.0,149127.0,63477.0,40406.0,46369.0,227325.33333333334,359228.0,1599679.0,26490.333333333332,61535.0,281339.0,80436.0,485001.0,165599.0,136552.0,31674.0,24894.0,26585.0,45514.0,45364.0,114235.0,33.0,53136.0,330908.0,29168.0,197569.0,20491.0,14760.0,27038.0,73636.0,76027.0,959079.0,22414.0,26618.0,16928.0,63324.0,183413.0,4374.0,191858.0,63214.0,24164.0,29615.0
1975-01-01,-10028.0,64117.0,4084.0,95699.66666666667,131787.0,5203.0,104513.0,141369.0,7096.0,168635.0,16263.0,50191.0,254335.0,151461.0,65538.0,40847.0,45653.0,227955.0,370138.0,1616116.0,27680.0,63777.0,244306.0,84534.0,500935.0,169970.0,124888.0,30543.0,24282.0,26942.0,47515.0,47653.0,115068.0,16481.0,53566.0,336206.0,-17124.0,193137.0,20198.0,15502.0,25724.0,74975.0,77188.0,985190.0,23057.0,27786.0,16936.0,61197.0,189194.0,4803.0,201504.0,61682.0,23963.0,30457.0
1975-04-01,-13954.0,66474.0,3535.0,98080.33333333333,136692.0,5307.0,105582.0,136827.0,3118.0,169392.0,16568.0,51320.0,257235.0,154808.0,68029.0,41939.0,46948.0,227423.0,373408.0,1651853.0,26389.0,65922.0,243281.0,87719.0,515473.0,174897.0,115245.0,30935.0,23627.0,27285.0,49355.0,48550.0,114248.0,21582.0,55144.0,344849.0,-17072.0,193276.0,20091.0,16024.0,27164.0,76618.0,78932.0,1013582.0,23159.0,30179.0,17151.0,63959.0,194461.66666666666,4827.0,204016.0,60409.0,23856.0,31418.0
1975-07-01,-1388.0,68076.0,3273.0,99956.0,146788.0,5568.0,108527.0,134098.0,768.0,176118.0,17364.0,51843.0,266579.0,159768.0,68957.0,43149.0,49400.0,237105.33333333334,385394.0,1709820.0,28508.666666666668,67900.0,265192.0,89523.0,527076.0,178720.0,122055.0,31726.0,23476.0,28006.0,50536.0,55500.0,119996.0,12043.0,56123.0,355964.0,-2156.0,197807.0,20202.0,17027.0,27476.0,78720.0,81626.0,1047192.0,23801.0,31110.0,17688.0,68772.0,197343.0,4749.0,209275.0,61275.0,25849.0,32607.0
1975-10-01,348.0,68801.0,3452.0,101897.33333333333,153392.0,5992.0,111840.0,142531.0,2460.0,180772.0,17858.0,53895.0,275888.0,160227.0,72759.0,44513.0,50079.0,244615.66666666666,395571.0,1761831.0,29959.666666666668,71171.0,276236.0,94224.0,545315.0,182518.0,128730.0,32111.0,23638.0,29010.0,53314.0,58868.0,122592.0,13801.0,58180.0,359659.0,-2112.0,202883.0,20185.0,17636.0,29088.0,80552.0,83628.0,1076223.0,24595.0,32374.0,18277.0,73005.0,204545.66666666666,4741.0,214799.0,62034.0,27003.0,33695.0
1976-01-01,14693.0,70257.0,3677.0,102796.33333333333,163297.0,6640.0,115026.0,143588.0,-503.0,181601.0,18838.0,55112.0,289945.0,163337.0,75095.0,45847.0,51134.0,253763.0,401291.0,1820487.0,30967.333333333332,73925.0,304638.0,97328.0,560336.0,186962.0,138938.0,33292.0,24606.0,30379.0,55087.0,65798.0,122920.0,4650.0,58681.0,367436.0,15196.0,209504.0,20928.0,18364.0,28782.0,82708.0,85774.0,1109908.0,25173.0,33288.0,18921.0,80441.0,210381.33333333334,4818.0,219691.0,64099.0,28346.0,34891.0
1976-04-01,22448.0,71014.0,4391.0,104004.33333333333,165900.0,7182.0,118315.0,146621.0,-1840.0,182502.0,18824.0,55323.0,299855.0,165833.0,76753.0,46408.0,51593.0,259792.33333333334,400985.0,1852332.0,29657.666666666668,75037.0,322303.0,100338.0,571747.0,190901.0,147116.0,33805.0,26525.0,31636.0,56213.0,66961.0,123427.0,-496.0,59075.0,373070.0,24288.0,215008.0,22134.0,18864.0,28978.0,84630.0,86809.0,1129540.0,25893.0,33666.0,19366.0,84847.0,214633.33333333334,5088.0,218482.0,65057.0,29007.0,35730.0
1976-07-01,20807.0,73007.0,4512.0,104934.66666666667,169845.0,7686.0,123099.0,151775.0,2027.0,184874.0,18876.0,57364.0,307501.0,168542.0,79296.0,47418.0,53228.0,267357.6666666667,403517.0,1886558.0,29571.0,77199.0,328307.0,103355.0,589477.0,196503.0,155848.0,34263.0,28327.0,32845.0,58323.0,68709.0,125164.0,-4073.0,59710.0,380608.0,18780.0,222627.0,23815.0,19446.0,30341.0,85831.0,89418.0,1158806.0,27098.0,34273.0,19829.0,84874.0,221452.0,5330.0,218643.0,66683.0,30168.0,36443.0
1976-10-01,10518.0,74485.0,5028.0,107608.33333333333,175455.0,8042.0,128525.0,156076.0,-3034.0,190224.0,19392.0,59220.0,327132.0,171476.0,80061.0,49015.0,56097.0,275647.6666666667,410818.0,1934273.0,29331.333333333332,79081.0,337650.0,106375.0,607953.0,204287.0,162680.0,35124.0,30589.0,33897.0,59688.0,71220.0,128298.0,-6603.0,61926.0,389607.0,13552.0,230244.0,25561.0,19760.0,30377.0,87549.0,92476.0,1192408.0,27977.0,35460.0,20276.0,96888.0,228073.66666666666,5580.0,220595.0,67821.0,32435.0,37557.0
1977-01-01,14822.0,75695.0,5210.0,109931.33333333333,183931.0,8370.0,139000.0,155354.0,-1310.0,194230.0,19977.0,60735.0,345491.0,175038.0,84800.0,51128.0,56562.0,284782.0,421202.0,1988648.0,30469.666666666668,81895.0,360313.0,109720.0,627837.0,210162.0,176433.0,36849.0,31373.0,34546.0,61918.0,78285.0,131586.0,-21079.0,62644.0,396467.0,16132.0,243278.0,26163.0,18662.0,33923.0,89172.0,94806.0,1228212.0,28177.0,35855.0,20721.0,102213.0,235218.0,5454.0,226972.0,69732.0,36855.0,39437.0
1977-04-01,19469.0,77390.0,5629.0,112381.66666666667,189223.0,8536.0,144640.0,161906.0,5313.0,198930.0,19938.0,63181.0,370233.0,178888.0,85598.0,52557.0,57323.0,292472.3333333333,431362.0,2055909.0,31405.666666666668,84371.0,389703.0,114804.0,643115.0,213281.0,183042.0,37774.0,33094.0,35478.0,64433.0,78729.0,134126.0,-21136.0,64804.0,403704.0,14156.0,253749.0,27465.0,20632.0,35415.0,90103.0,96397.0,1255980.0,29022.0,37305.0,21459.0,116485.0,241170.33333333334,5483.0,232431.0,73631.0,38357.0,40832.0
1977-07-01,30884.0,79847.0,5753.0,114795.33333333333,193992.0,8713.0,150611.0,162325.0,4372.0,201899.0,20757.0,66663.0,383251.0,180282.0,85665.0,53904.0,57899.0,295903.0,438014.0,2118473.0,31209.0,85861.0,414134.0,117979.0,662246.0,221138.0,182904.0,40415.0,34181.0,36249.0,65104.0,79879.0,135347.0,-20579.0,66552.0,409909.0,26512.0,263268.0,28428.0,21834.0,36732.0,91881.0,98463.0,1286905.0,30023.0,38375.0,22082.0,119982.0,248141.66666666666,5454.0,236115.0,76409.0,39283.0,42313.0
1977-10-01,24121.0,84288.0,6068.0,117784.33333333333,200706.0,8717.0,160407.0,157809.0,9757.0,206299.0,21869.0,69789.0,398179.0,184875.0,86595.0,55831.0,59482.0,302073.6666666667,446749.0,2164270.0,31132.0,88513.0,422299.0,120260.0,678626.0,226642.0,187391.0,42733.0,36106.0,36997.0,66645.0,82290.0,136574.0,-29582.0,69725.0,423604.0,14364.0,275943.0,30038.0,23201.0,38954.0,94958.0,101315.0,1324804.0,31026.0,39384.0,22768.0,122235.0,254594.33333333334,5512.0,240450.0,78540.0,42613.0,42999.0
1978-01-01,25453.0,84709.0,6271.0,119695.33333333333,198168.0,8634.0,164610.0,164601.0,-599.0,208795.0,22168.0,72777.0,409346.0,188633.0,90231.0,55322.0,60204.0,309806.6666666667,452589.0,2202760.0,31167.666666666668,91775.0,434799.0,125249.0,702643.0,234466.0,203282.0,44284.0,37969.0,37796.0,69607.0,80468.0,138730.0,-38681.0,70065.0,431073.0,26052.0,282424.0,31698.0,22332.0,39271.0,97527.0,104536.0,1354053.0,31664.0,40046.0,23436.0,126921.0,264171.6666666667,5726.0,243794.0,80018.0,43087.0,43720.0
1978-04-01,24257.0,89074.0,7343.0,122445.33333333333,216187.0,8760.0,179682.0,186215.0,373.0,217004.0,22688.0,77086.0,446328.0,193791.0,95186.0,59033.0,60596.0,328912.3333333333,472288.0,2331633.0,34983.666666666664,95571.0,470584.0,129525.0,727699.0,241254.0,208840.0,46855.0,41675.0,39410.0,72883.0,92443.0,144166.0,-22624.0,72837.0,444812.0,23884.0,309351.0,34332.0,23162.0,42789.0,101351.0,107377.0,1411385.0,32279.0,41549.0,24547.0,136976.0,273234.3333333333,6103.0,255284.0,90259.0,48364.0,44992.0
1978-07-01,24966.0,90497.0,7955.0,124849.0,216740.0,9156.0,185477.0,191302.0,7194.0,222073.0,23275.0,77571.0,467401.0,198478.0,99992.0,59849.0,61166.0,335131.0,484229.0,2395053.0,36560.666666666664,98237.0,492368.0,132784.0,746581.0,246731.0,215062.0,49294.0,43846.0,41063.0,74961.0,91180.0,147310.0,-23760.0,74763.0,455620.0,17772.0,325100.0,35891.0,24016.0,44075.0,105479.0,110292.0,1442217.0,33381.0,41695.0,25387.0,142302.0,281062.3333333333,6520.0,262155.0,98559.0,48262.0,45830.0
1978-10-01,28487.0,92990.0,8683.0,127369.66666666667,222299.0,9738.0,192766.0,205415.0,-1485.0,227818.0,23943.0,79422.0,487269.0,203545.0,103005.0,61813.0,63846.0,347326.6666666667,496241.0,2476949.0,38043.666666666664,101055.0,515755.0,137250.0,765745.0,254663.0,221815.0,50488.0,45878.0,43164.0,77112.0,92601.0,150519.0,-16400.0,77299.0,469367.0,29972.0,341428.0,37196.0,24371.0,46826.0,108985.0,111070.0,1481354.0,34077.0,43514.0,26394.0,145840.0,288868.0,7032.0,268423.0,105498.0,49574.0,46257.0
1979-01-01,23852.0,93176.0,9300.0,130697.66666666667,223278.0,10554.0,203430.0,211669.0,4232.0,231682.0,25333.0,76272.0,501957.0,210921.0,107068.0,62543.0,68799.0,356972.6666666667,501818.0,2526610.0,36575.666666666664,104624.0,525809.0,141660.0,783940.0,262397.0,229828.0,54136.0,48089.0,45386.0,79291.0,92680.0,153738.0,-18159.0,77944.0,484590.0,19620.0,356695.0,38788.0,23583.0,47092.0,111694.0,113141.0,1517141.0,35263.0,44471.0,27379.0,145262.0,295907.0,7452.0,270136.0,107879.0,54114.0,48140.0
1979-04-01,27401.0,94669.0,9827.0,133194.0,222101.0,10996.0,204185.0,220908.0,3129.0,237578.0,25921.0,85333.0,511892.0,215701.0,108528.0,64337.0,75076.0,368383.3333333333,516508.0,2591247.0,38975.333333333336,107755.0,539293.0,146077.0,809547.0,268138.0,243097.0,54875.0,48806.0,47239.0,81833.0,86786.0,158616.0,-22189.0,78962.0,500067.0,24272.0,364268.0,38979.0,24652.0,48022.0,114621.0,115210.0,1557635.0,36344.0,46325.0,28337.0,147625.0,305496.3333333333,7906.0,278929.0,112844.0,52482.0,49917.0
1979-07-01,12131.0,98109.0,10408.0,135908.33333333334,230932.0,11142.0,212114.0,234277.0,6627.0,243694.0,25904.0,86824.0,533490.0,220077.0,111431.0,66868.0,86106.0,387101.6666666667,533106.0,2667565.0,41793.666666666664,110061.0,545621.0,151006.0,832685.0,275989.0,257306.0,56194.0,51004.0,49074.0,84157.0,91801.0,162687.0,-23029.0,81006.0,522347.0,5504.0,383003.0,40596.0,25832.0,49561.0,118055.0,118845.0,1611867.0,37281.0,46431.0,29582.0,150488.0,314048.3333333333,8351.0,289412.0,121814.0,55354.0,51310.0
1979-10-01,8553.0,99530.0,11117.0,139807.33333333334,229049.0,10825.0,212490.0,253664.0,285.0,249342.0,27321.0,85799.0,539323.0,226781.0,116657.0,67269.0,91569.0,404863.3333333333,547775.0,2723883.0,42784.333333333336,114985.0,547875.0,156615.0,859278.0,287089.0,280466.0,59415.0,53496.0,50574.0,87664.0,89432.0,167308.0,-26802.0,82034.0,539388.0,8268.0,391332.0,42379.0,26236.0,46973.0,121508.0,121651.0,1655035.0,38013.0,46112.0,30919.0,147990.0,324859.0,8831.0,298433.0,128268.0,52606.0,53454.0
1980-01-01,9899.0,100219.0,10947.0,144356.66666666666,232055.0,10733.0,219621.0,268508.0,-601.0,261064.0,28324.0,87706.0,544663.0,232795.0,118460.0,67446.0,101648.0,424544.6666666667,568781.0,2789842.0,45237.333333333336,119378.0,554562.0,162440.0,881977.0,296449.0,304311.0,60258.0,56260.0,52314.0,91054.0,91768.0,175177.0,-35803.0,85887.0,559946.0,10500.0,404492.0,45313.0,27301.0,51400.0,125284.0,123668.0,1702302.0,39066.0,45539.0,32439.0,140171.0,333829.0,9142.0,307717.0,132557.0,51703.0,54188.0
1980-04-01,7750.0,100589.0,11872.0,151285.0,211917.0,10342.0,209102.0,277389.0,-5230.0,276514.0,29481.0,87423.0,511544.0,235963.0,119476.0,65971.0,102881.0,418000.0,588547.0,2797352.0,44897.666666666664,122297.0,519294.0,165680.0,897411.0,306343.0,292600.0,59837.0,57197.0,53279.0,92816.0,74693.0,181961.0,-15211.0,94553.0,565914.0,12980.0,394680.0,45325.0,26614.0,46435.0,126480.0,124756.0,1704723.0,39900.0,44638.0,33393.0,116864.0,340237.3333333333,9544.0,312033.0,132299.0,45633.0,53833.0
1980-07-01,-33855.0,103932.0,13477.0,152599.33333333334,225363.0,10108.0,215242.0,284673.0,-12495.0,276086.0,30497.0,92007.0,528927.0,241285.0,122103.0,67350.0,100975.0,422842.0,592169.0,2856483.0,44790.0,128544.0,495071.0,174673.0,931412.0,317755.0,279202.0,60106.0,60617.0,54706.0,98047.0,84157.0,183794.0,5471.0,92291.0,576499.0,-21360.0,405717.0,47140.0,27323.0,46390.0,130308.0,127585.0,1763771.0,41255.0,46534.0,34543.0,123210.0,353040.0,10055.0,316083.0,135769.0,48128.0,56035.0
1980-10-01,-9118.0,107268.0,13796.0,156625.66666666666,236230.0,10179.0,221582.0,292517.0,-6130.0,285815.0,31830.0,99500.0,560590.0,246625.0,126847.0,70607.0,102086.0,439669.0,608893.0,2985557.0,46339.0,134181.0,551472.0,183849.0,972563.0,329267.0,299200.0,62765.0,61665.0,57117.0,102350.0,87104.0,192687.0,-6682.0,93128.0,591250.0,-2988.0,422755.0,47869.0,29270.0,49076.0,135270.0,132561.0,1831874.0,43129.0,49250.0,36335.0,137835.0,368194.6666666667,10603.0,323079.0,144056.0,48075.0,57412.0
1981-01-01,38755.0,110921.0,15397.0,162316.0,246047.0,12296.0,231960.0,305467.0,6823.0,297218.0,32508.0,99168.0,580626.0,250608.0,131637.0,71451.0,113447.0,459173.6666666667,633350.0,3124206.0,48800.666666666664,138626.0,619381.0,191413.0,993134.0,334179.0,319726.0,63986.0,65433.0,61048.0,106118.0,96734.0,200158.0,-14259.0,97060.0,614044.0,31932.0,443025.0,50036.0,29331.0,52072.0,139069.0,132756.0,1885734.0,44682.0,48531.0,37665.0,137601.0,377802.0,11087.0,336132.0,150017.0,50469.0,59299.0
1981-04-01,11713.0,112453.0,15858.0,167802.66666666666,240936.0,13152.0,238318.0,308455.0,9865.0,311910.0,33497.0,98460.0,598129.0,253984.0,133861.0,71805.0,114407.0,461435.6666666667,648673.0,3162532.0,48422.0,143449.0,609843.0,199025.0,1020242.0,347936.0,321963.0,65062.0,67977.0,63536.0,109951.0,89827.0,210235.0,-13508.0,101675.0,622849.0,1848.0,462864.0,52119.0,29661.0,55284.0,142005.0,135578.0,1917524.0,46548.0,49642.0,38900.0,135265.0,387878.3333333333,11485.0,336763.0,161010.0,49995.0,58834.0
1981-07-01,43960.0,114727.0,17247.0,170689.0,251925.0,13286.0,246606.0,302339.0,11824.0,317448.0,34513.0,97083.0,608337.0,256699.0,134591.0,71999.0,112599.0,461082.3333333333,657774.0,3260609.0,48569.0,147629.0,652297.0,206166.0,1042534.0,357638.0,309900.0,66247.0,70884.0,65760.0,113116.0,98766.0,216164.0,-7561.0,101284.0,629127.0,32136.0,482109.0,53637.0,29995.0,57476.0,145103.0,138361.0,1958099.0,48199.0,51165.0,40435.0,126228.0,395696.6666666667,12038.0,340326.0,169743.0,51999.0,60497.0
1981-10-01,24807.0,114610.0,20010.0,175247.0,236844.0,14247.0,246525.0,304695.0,6527.0,329343.0,36043.0,99090.0,618589.0,260063.0,135573.0,70589.0,113320.0,461493.3333333333,677727.0,3280818.0,50661.666666666664,152898.0,643395.0,211047.0,1065858.0,368532.0,319445.0,66645.0,74181.0,68745.0,116855.0,86737.0,226930.0,-14750.0,102413.0,635702.0,18280.0,503755.0,54171.0,29343.0,55937.0,147710.0,142014.0,1974447.0,49074.0,50175.0,41729.0,114834.0,404702.3333333333,12770.0,348384.0,188485.0,49761.0,60527.0
1982-01-01,-21466.0,116066.0,20802.0,179290.0,246439.0,13780.0,242825.0,293202.0,5054.0,334857.0,36834.0,104469.0,609784.0,262257.0,137129.0,70093.0,111964.0,458740.6666666667,688104.0,3274302.0,50078.0,156927.0,588318.0,215363.0,1091029.0,378474.0,309478.0,64590.0,76486.0,70637.0,120093.0,97178.0,232589.0,-16276.0,102269.0,639854.0,-26520.0,500083.0,55684.0,29242.0,52234.0,149566.0,144880.0,2014155.0,50676.0,49926.0,43117.0,109701.0,413537.3333333333,13739.0,353247.0,186622.0,49515.0,60037.0
1982-04-01,-4166.0,114873.0,18118.0,182235.0,249226.0,13713.0,235435.0,294729.0,4330.0,342920.0,37413.0,108293.0,597786.0,265873.0,141017.0,71284.0,106082.0,455889.0,703093.0,3331972.0,52129.0,161278.0,593621.0,221097.0,1114284.0,382215.0,299115.0,63914.0,73394.0,72185.0,123864.0,96917.0,242237.0,-4386.0,100683.0,638721.0,-8496.0,490069.0,55276.0,29906.0,51309.0,151893.0,149090.0,2039645.0,51654.0,51119.0,44336.0,107717.0,421940.0,14136.0,360173.0,182450.0,46818.0,60918.0
1982-07-01,5798.0,117179.0,18343.0,186647.33333333334,252107.0,13849.0,232297.0,279634.0,9018.0,351509.0,38465.0,115477.0,587157.0,268586.0,144566.0,71925.0,108679.0,459182.6666666667,717344.0,3366322.0,52467.0,166131.0,592954.0,228280.0,1145380.0,389515.0,309282.0,62375.0,74168.0,73500.0,127666.0,98652.0,249191.0,-29647.0,102318.0,649719.0,-3220.0,478723.0,55825.0,29995.0,51869.0,155275.0,152005.0,2085671.0,53141.0,51534.0,45458.0,108433.0,432346.6666666667,14193.0,365835.0,172926.0,43885.0,62396.0
1982-10-01,-39820.0,118863.0,18221.0,191199.66666666666,264356.0,14089.0,228891.0,265274.0,4616.0,364058.0,39142.0,126481.0,589062.0,271846.0,147322.0,73941.0,106675.0,456030.6666666667,737351.0,3402561.0,54584.0,170884.0,549242.0,235990.0,1185317.0,399789.0,294861.0,59798.0,72825.0,74374.0,131743.0,107309.0,257601.0,-29587.0,106457.0,656740.0,-44436.0,471521.0,54604.0,30540.0,49201.0,159356.0,157745.0,2145554.0,54426.0,52566.0,46193.0,117540.0,445866.0,14091.0,373293.0,168257.0,47066.0,63564.0
1983-01-01,-35060.0,120499.0,21312.0,194379.66666666666,268908.0,14451.0,227091.0,270703.0,-7308.0,370501.0,39543.0,135487.0,600580.0,270915.0,150098.0,76084.0,102964.0,459371.3333333333,747852.0,3473413.0,54904.666666666664,174343.0,565520.0,243577.0,1219135.0,405991.0,295251.0,56892.0,77282.0,76435.0,134800.0,106025.0,261538.0,-24548.0,108964.0,657003.0,-27752.0,462106.0,55970.0,31930.0,45724.0,162625.0,162636.0,2184589.0,56375.0,54869.0,47156.0,138473.0,457476.3333333333,14828.0,377351.0,158581.0,47193.0,64970.0
1983-04-01,-7672.0,125300.0,23297.0,198003.0,289584.0,14970.0,237585.0,272514.0,-12952.0,380323.0,40082.0,134365.0,621454.0,275722.0,151971.0,77863.0,105309.0,478164.0,761061.0,3578848.0,55684.333333333336,177649.0,613783.0,250172.0,1246725.0,415877.0,317949.0,57264.0,81602.0,79369.0,137567.0,121549.0,268573.0,-45434.0,111750.0,673049.0,5280.0,466455.0,58305.0,32967.0,49369.0,166718.0,168417.0,2249438.0,58815.0,57204.0,48629.0,155000.0,468469.6666666667,15770.0,380739.0,149502.0,49349.0,67107.0
1983-07-01,-4204.0,127905.0,25166.0,202575.0,302362.0,15623.0,249810.0,278181.0,-32384.0,394447.0,41029.0,148163.0,656472.0,279786.0,155080.0,81235.0,109281.0,496989.0,782216.0,3689179.0,58163.666666666664,180332.0,652269.0,256246.0,1288068.0,426531.0,343381.0,59828.0,84285.0,82913.0,139302.0,127089.0,274538.0,-65200.0,119909.0,688437.0,28180.0,485371.0,59119.0,34344.0,50930.0,171464.0,171374.0,2319895.0,60333.0,59694.0,50271.0,171101.0,483496.6666666667,17018.0,387769.0,152648.0,54768.0,70341.0
1983-10-01,23932.0,132079.0,25789.0,198900.0,319270.0,16334.0,271388.0,286587.0,-8776.0,384159.0,42370.0,145884.0,694564.0,281722.0,157049.0,83900.0,108270.0,512821.3333333333,775099.0,3794706.0,59466.333333333336,184540.0,718496.0,262504.0,1314335.0,436508.0,357972.0,61535.0,91564.0,86654.0,142170.0,137119.0,283571.0,-71385.0,100588.0,696522.0,32708.0,514687.0,65775.0,35399.0,55555.0,174451.0,177016.0,2372496.0,62194.0,62853.0,52400.0,179877.0,492863.3333333333,17920.0,390940.0,156644.0,62734.0,73179.0
1984-01-01,72982.0,134380.0,27681.0,203304.0,331439.0,17190.0,275598.0,292975.0,5502.0,392404.0,43133.0,142762.0,717890.0,285441.0,161618.0,85802.0,108041.0,528231.3333333334,794021.0,3908054.0,61369.666666666664,188458.0,790872.0,269179.0,1337136.0,440690.0,387978.0,65362.0,93322.0,90132.0,145324.0,143396.0,287855.0,-95004.0,104549.0,706457.0,67480.0,531465.0,65641.0,36424.0,56517.0,178595.0,182497.0,2418165.0,63641.0,65816.0,54216.0,186425.0,504808.0,18726.0,401617.0,165735.0,60397.0,76750.0
1984-04-01,69321.0,138196.0,30127.0,209887.0,341269.0,17753.0,288951.0,302200.0,5573.0,408298.0,44891.0,148878.0,749573.0,290613.0,162686.0,88769.0,109584.0,543841.6666666666,819132.0,4009601.0,63157.0,192743.0,818894.0,273637.0,1367341.0,453367.0,406501.0,67302.0,99555.0,93516.0,147852.0,147234.0,293927.0,-104301.0,114371.0,722374.0,63748.0,558274.0,69428.0,38135.0,57666.0,183982.0,184488.0,2475876.0,65115.0,67130.0,56105.0,191299.0,517684.0,19658.0,410833.0,175807.0,64428.0,79170.0
1984-07-01,71338.0,137286.0,32938.0,213988.66666666666,342075.0,18076.0,297338.0,305744.0,6822.0,413986.0,45994.0,155604.0,767514.0,293516.0,167009.0,89392.0,106992.0,546966.3333333334,835720.0,4084250.0,64585.0,196075.0,838852.0,278738.0,1400888.0,463056.0,409591.0,68943.0,103280.0,96775.0,150081.0,146100.0,298336.0,-103847.0,115650.0,724567.0,64516.0,576642.0,70342.0,38627.0,59033.0,186773.0,189154.0,2513523.0,66967.0,67956.0,57827.0,190872.0,529320.0,20872.0,421734.0,182528.0,66082.0,80360.0
1984-10-01,47979.0,140626.0,35690.0,219124.0,353840.0,18174.0,305614.0,308603.0,5015.0,432530.0,47517.0,155779.0,783762.0,294838.0,168352.0,91367.0,108186.0,556030.3333333334,862769.0,4148551.0,68465.33333333333,200454.0,831741.0,284352.0,1427658.0,472927.0,416359.0,70950.0,108553.0,99770.0,152937.0,152036.0,314936.0,-107756.0,117593.0,732781.0,42964.0,590903.0,72863.0,39965.0,59388.0,189132.0,193720.0,2561797.0,68745.0,70472.0,59404.0,192860.0,539556.0,22192.0,430240.0,185519.0,66724.0,83784.0
1985-01-01,16230.0,143070.0,33313.0,222439.0,368007.0,17978.0,302612.0,306010.0,7898.0,434778.0,46831.0,173445.0,793636.0,297822.0,170547.0,91975.0,108141.0,555961.0,875592.0,4230168.0,69424.66666666667,202968.0,809865.0,290984.0,1478785.0,487032.0,397308.0,70446.0,105850.0,101930.0,156137.0,162848.0,313912.0,-91298.0,120866.0,742385.0,8332.0,599417.0,72537.0,40185.0,59895.0,193352.0,198434.0,2636008.0,70987.0,72999.0,60951.0,194219.0,557147.6666666666,23002.0,440814.0,194875.0,66421.0,87355.0
1985-04-01,21646.0,145660.0,35044.0,227377.66666666666,373251.0,18229.0,309543.0,304126.0,4214.0,447306.0,47450.0,175746.0,805394.0,300540.0,174569.0,93435.0,111510.0,566393.6666666666,900527.0,4294887.0,72798.0,206400.0,827040.0,297708.0,1508304.0,491708.0,418571.0,72613.0,107651.0,104310.0,158950.0,165666.0,323695.0,-114445.0,123611.0,752760.0,17432.0,609088.0,72607.0,40803.0,60355.0,195050.0,205795.0,2681764.0,73147.0,73346.0,62338.0,196306.0,568427.0,23742.0,453221.0,195236.0,68924.0,89632.0
1985-07-01,16303.0,148005.0,32405.0,233702.33333333334,396451.0,18648.0,306093.0,297273.0,6563.0,463111.0,48270.0,183819.0,805854.0,303773.0,175366.0,95133.0,111049.0,573209.6666666666,927363.0,4386773.0,75418.33333333333,211291.0,822157.0,306086.0,1548943.0,505290.0,414168.0,71896.0,104832.0,106129.0,163021.0,185418.0,337653.0,-116895.0,125458.0,760485.0,9740.0,604432.0,72427.0,42194.0,58861.0,197658.0,212551.0,2754148.0,74789.0,73706.0,63630.0,201422.0,581987.3333333334,23850.0,464252.0,192210.0,70504.0,91043.0
1985-10-01,33119.0,150646.0,34174.0,237334.66666666666,383752.0,19390.0,313379.0,305433.0,4343.0,466441.0,49078.0,179977.0,826426.0,309677.0,176715.0,97936.0,111428.0,582292.0,938584.0,4444094.0,75526.66666666667,216454.0,859545.0,314004.0,1573224.0,518409.0,438867.0,74919.0,108014.0,108937.0,167375.0,166329.0,342744.0,-133434.0,123697.0,773345.0,28776.0,618067.0,73840.0,43237.0,60478.0,201594.0,214661.0,2779400.0,76909.0,76249.0,65094.0,208359.0,592274.6666666666,24453.0,472143.0,195751.0,69968.0,92550.0
1986-01-01,30397.0,153433.0,33662.0,239269.0,391626.0,20417.0,310777.0,313404.0,2589.0,463966.0,50783.0,188989.0,833060.0,314516.0,181356.0,100123.0,106606.0,584356.3333333334,946803.0,4507894.0,76332.33333333333,221659.0,863457.0,320588.0,1601988.0,522927.0,439418.0,74660.0,108245.0,111076.0,170877.0,169549.0,339119.0,-126014.0,124847.0,779252.0,27808.0,613525.0,74583.0,44213.0,60521.0,204696.0,216320.0,2823648.0,78434.0,77740.0,65905.0,219534.0,607800.0,24755.0,482837.0,191672.0,67352.0,93374.0
1986-04-01,15663.0,156979.0,34348.0,244358.66666666666,407291.0,21296.0,317524.0,315119.0,-3469.0,477801.0,52746.0,188133.0,839574.0,314119.0,185258.0,101937.0,89532.0,589236.6666666666,967519.0,4545340.0,78147.66666666667,225905.0,855237.0,325843.0,1623968.0,533161.0,443990.0,74397.0,110979.0,112988.0,173159.0,180300.0,350780.0,-128872.0,127021.0,767452.0,19132.0,605016.0,76631.0,45428.0,61235.0,206821.0,218260.0,2851456.0,79265.0,79625.0,66204.0,234559.0,614284.3333333334,25488.0,489718.0,174504.0,70913.0,94047.0
1986-07-01,-7019.0,158876.0,32340.0,249307.66666666666,445707.0,21783.0,318616.0,320471.0,-3127.0,495057.0,53250.0,185616.0,842851.0,316276.0,187811.0,105248.0,84804.0,607108.3333333334,993597.0,4607669.0,81891.33333333333,228648.0,835832.0,332633.0,1647202.0,542013.0,459432.0,76304.0,110465.0,114328.0,175398.0,208066.0,364250.0,-138961.0,130807.0,771042.0,-3892.0,601964.0,78125.0,47454.0,59625.0,211086.0,223047.0,2917201.0,80646.0,84938.0,66724.0,240887.0,625259.6666666666,25821.0,498540.0,169021.0,72222.0,95436.0
1986-10-01,-12759.0,159511.0,33290.0,251050.33333333334,441133.0,22023.0,323862.0,334999.0,-1795.0,489807.0,53661.0,187962.0,854822.0,320747.0,192323.0,106508.0,83822.0,615404.6666666666,996385.0,4657627.0,81078.0,232979.0,842063.0,341573.0,1679006.0,549802.0,468628.0,76301.0,114904.0,115780.0,179317.0,192160.0,355289.0,-133629.0,134518.0,779007.0,-10964.0,610553.0,81614.0,52704.0,61264.0,214926.0,227034.0,2952807.0,83135.0,89761.0,67364.0,244268.0,636740.6666666666,26393.0,506577.0,170911.0,71392.0,97178.0
1987-01-01,27973.0,164183.0,34971.0,253675.66666666666,418497.0,21859.0,312608.0,336451.0,-7655.0,492136.0,54322.0,189308.0,843222.0,321893.0,198093.0,107870.0,91653.0,616133.0,1008681.0,4722156.0,82551.33333333333,237837.0,871196.0,350593.0,1713312.0,555620.0,477685.0,75889.0,110317.0,117022.0,183515.0,169526.0,361483.0,-141234.0,130653.0,797382.0,35628.0,596551.0,75346.0,51329.0,60833.0,219653.0,235619.0,2983513.0,84578.0,89772.0,67856.0,246672.0,649750.0,27307.0,516544.0,166921.0,65569.0,99501.0
1987-04-01,16524.0,166687.0,35082.0,257254.33333333334,439101.0,21770.0,320184.0,355360.0,-10708.0,501195.0,54746.0,189005.0,858064.0,323996.0,202182.0,108892.0,96229.0,639749.3333333334,1025219.0,4806160.0,84485.0,243621.0,874588.0,360978.0,1747202.0,566766.0,502337.0,75644.0,110547.0,118611.0,188874.0,186316.0,370996.0,-146977.0,130199.0,812281.0,27232.0,608371.0,75465.0,52206.0,62778.0,225369.0,240342.0,3053330.0,86126.0,91688.0,68437.0,249693.0,663926.3333333334,28403.0,524024.0,169576.0,71215.0,101804.0
1987-07-01,1017.0,169457.0,36333.0,259283.33333333334,460541.0,21804.0,327084.0,371854.0,-3971.0,504113.0,56418.0,189238.0,875449.0,325238.0,205119.0,110669.0,97925.0,658691.3333333334,1036195.0,4884555.0,86115.0,250408.0,876466.0,371927.0,1779742.0,576545.0,517318.0,77336.0,114029.0,120811.0,193990.0,204255.0,377779.0,-145464.0,126334.0,820656.0,4988.0,625480.0,77696.0,52611.0,65753.0,228036.0,244505.0,3117358.0,87960.0,93007.0,69428.0,249969.0,676818.3333333334,29579.0,532082.0,177585.0,69966.0,104448.0
1987-10-01,63082.0,170582.0,36662.0,265643.6666666667,449949.0,22085.0,323803.0,392107.0,-3338.0,513695.0,57305.0,190569.0,883376.0,326124.0,212123.0,110714.0,99667.0,667585.0,1056024.0,5007994.0,86364.0,255587.0,946459.0,380547.0,1816881.0,587306.0,537511.0,77976.0,113876.0,124020.0,198282.0,192628.0,379281.0,-145405.0,134415.0,826781.0,66420.0,630552.0,77214.0,53865.0,66440.0,230409.0,249256.0,3150916.0,90443.0,92742.0,71245.0,252825.0,692593.0,30690.0,542329.0,182728.0,65511.0,106637.0
1988-01-01,16956.0,172747.0,36618.0,267789.6666666667,470439.0,22889.0,335612.0,418727.0,-4448.0,505781.0,60342.0,195645.0,891613.0,332985.0,214895.0,112287.0,98420.0,687184.6666666666,1056893.0,5073372.0,84508.33333333333,263994.0,908569.0,392680.0,1862728.0,599844.0,542714.0,79058.0,116924.0,127272.0,203652.0,205898.0,378436.0,-123987.0,127345.0,838387.0,21404.0,641498.0,80306.0,55984.0,67779.0,234236.0,256475.0,3231896.0,93811.0,96271.0,72881.0,250115.0,710594.3333333334,31501.0,551112.0,178614.0,71850.0,109379.0
1988-04-01,19648.0,175026.0,37729.0,270742.6666666667,473223.0,22461.0,344833.0,439471.0,-12216.0,506939.0,62381.0,199136.0,914877.0,339884.0,222439.0,114541.0,99618.0,700313.3333333334,1070421.0,5190036.0,86064.66666666667,271623.0,934525.0,404419.0,1902573.0,607057.0,546098.0,83444.0,120918.0,130383.0,209243.0,202318.0,379824.0,-106627.0,127115.0,853540.0,31864.0,659366.0,83189.0,57093.0,68032.0,239012.0,259285.0,3291716.0,97619.0,99270.0,75364.0,255510.0,725448.6666666666,32557.0,563482.0,184151.0,72439.0,112617.0
1988-07-01,18181.0,179295.0,38578.0,273364.0,470389.0,22396.0,349142.0,453586.0,-11235.0,507399.0,64501.0,207163.0,923828.0,347087.0,230328.0,115241.0,100873.0,710324.3333333334,1078190.0,5282835.0,86033.33333333333,280288.0,942009.0,416735.0,1956231.0,620142.0,552849.0,86210.0,121949.0,133738.0,215787.0,196832.0,379017.0,-99263.0,128382.0,870778.0,29416.0,666332.0,83370.0,58119.0,69476.0,243523.0,265019.0,3361899.0,100941.0,100197.0,77459.0,257495.0,745787.0,33883.0,570792.0,183452.0,71507.0,115903.0
1988-10-01,19144.0,185788.0,38897.0,282043.3333333333,486162.0,24224.0,357678.0,466619.0,-19609.0,525639.0,65951.0,209777.0,943605.0,351270.0,235726.0,118550.0,100491.0,730829.6666666666,1109916.0,5399509.0,87928.66666666667,286172.0,962748.0,426373.0,1996105.0,630707.0,574314.0,88016.0,123232.0,139304.0,220222.0,203805.0,391126.0,-107694.0,134513.0,886321.0,38753.0,681924.0,84335.0,60038.0,70783.0,248771.0,270259.0,3434539.0,104563.0,103769.0,79697.0,261681.0,760994.6666666666,35383.0,584277.0,184943.0,75647.0,118700.0
1989-01-01,48137.0,186202.0,40999.0,284250.6666666667,486451.0,24499.0,363359.0,485189.0,7187.0,519856.0,65672.0,218097.0,957350.0,357772.0,237496.0,120106.0,103502.0,743815.6666666666,1116559.0,5511253.0,87935.33333333333,291498.0,1005487.0,437111.0,2035524.0,639751.0,586154.0,91709.0,126430.0,143602.0,225826.0,206096.0,382083.0,-100965.0,137773.0,902525.0,40950.0,696466.0,85431.0,59479.0,76284.0,255049.0,274184.0,3490172.0,107777.0,100770.0,81783.0,260884.0,776689.3333333334,37319.0,596703.0,189505.0,68936.0,121107.0
1989-04-01,36257.0,189582.0,43749.0,292857.6666666667,493344.0,25060.0,371633.0,507229.0,3089.0,534328.0,67463.0,222837.0,964790.0,361995.0,239795.0,121273.0,116218.0,763798.6666666666,1145809.0,5612463.0,89078.66666666667,297716.0,1001047.0,444815.0,2065211.0,646722.0,595389.0,92828.0,131030.0,147800.0,230253.0,207677.0,391481.0,-88160.0,142847.0,927749.0,33168.0,708998.0,87281.0,60753.0,78879.0,259953.0,279489.0,3553767.0,109734.0,103641.0,83210.0,255792.0,788329.6666666666,39530.0,611481.0,189565.0,68896.0,121817.0
1989-07-01,9826.0,191482.0,44275.0,296512.6666666667,505638.0,25764.0,381049.0,509352.0,-5652.0,541409.0,69020.0,223405.0,986635.0,367827.0,244802.0,121791.0,110673.0,766137.3333333334,1164580.0,5695365.0,91681.0,304241.0,996460.0,454493.0,2098454.0,657841.0,584427.0,95236.0,133143.0,152349.0,235221.0,216833.0,397241.0,-75075.0,144168.0,936288.0,15478.0,731137.0,88868.0,61784.0,83233.0,266305.0,283891.0,3609399.0,112027.0,105229.0,84733.0,255498.0,801589.0,41852.0,623172.0,197739.0,69438.0,121993.0
1989-10-01,16553.0,194321.0,43347.0,301617.6666666667,491885.0,26316.0,372601.0,515387.0,-4679.0,540824.0,69993.0,224936.0,979257.0,373958.0,248292.0,122382.0,111361.0,770710.0,1180500.0,5747237.0,91882.33333333333,311498.0,995809.0,468414.0,2140476.0,676358.0,598152.0,93530.0,132267.0,156716.0,241505.0,200478.0,394108.0,-82765.0,146716.0,951338.0,21232.0,727373.0,88920.0,63043.0,82403.0,271698.0,286882.0,3653692.0,113123.0,105982.0,86721.0,251884.0,818367.0,43679.0,639677.0,198056.0,64401.0,122471.0
1990-01-01,13954.0,195670.0,40949.0,308536.0,515394.0,26780.0,376407.0,538232.0,1832.0,553681.0,71425.0,227283.0,996884.0,382993.0,257000.0,124564.0,116416.0,798723.6666666666,1212450.0,5872701.0,95614.0,319785.0,1010838.0,483085.0,2176957.0,675224.0,626767.0,94326.0,132111.0,160336.0,248360.0,218403.0,401891.0,-88536.0,151790.0,974173.0,12122.0,740880.0,91162.0,65723.0,81255.0,279094.0,292494.0,3737948.0,117215.0,106704.0,88920.0,256004.0,835592.3333333334,44636.0,658769.0,204137.0,68716.0,124656.0
1990-04-01,33700.0,195682.0,38612.0,314134.6666666667,498407.0,27238.0,365729.0,545925.0,-1555.0,563935.0,74682.0,229130.0,981020.0,390002.0,262063.0,121244.0,113800.0,791898.6666666666,1230721.0,5960028.0,96105.33333333333,330110.0,1014720.0,499377.0,2229479.0,692414.0,614759.0,90977.0,129184.0,163822.0,255429.0,206217.0,405694.0,-68833.0,158241.0,980853.0,35255.0,734124.0,90572.0,65197.0,79716.0,281369.0,298871.0,3783421.0,120885.0,105749.0,91028.0,246896.0,856136.0,45556.0,666786.0,204572.0,65853.0,126739.0
1990-07-01,21866.0,195928.0,36552.0,317003.3333333333,493570.0,27856.0,373622.0,555149.0,4005.0,562235.0,78124.0,231820.0,978919.0,395755.0,266675.0,119810.0,125453.0,803098.6666666666,1242584.0,6015116.0,97191.66666666667,340919.0,1000785.0,515239.0,2271899.0,706359.0,630102.0,92417.0,127621.0,165274.0,262795.0,202933.0,402230.0,-74953.0,160005.0,1003106.0,17861.0,744412.0,91069.0,65604.0,80373.0,285970.0,301482.0,3846700.0,123463.0,105223.0,92676.0,234507.0,874218.3333333334,44742.0,680349.0,205516.0,73212.0,126862.0
1990-10-01,-11335.0,193698.0,38458.0,324574.0,480947.0,28300.0,371807.0,568186.0,5237.0,569655.0,79210.0,234796.0,958787.0,395953.0,265201.0,118143.0,141128.0,809794.6666666666,1268467.0,6004733.0,98248.66666666667,346932.0,947453.0,527102.0,2288997.0,712162.0,647282.0,90852.0,129348.0,168270.0,267722.0,192921.0,410213.0,-79096.0,159442.0,1018756.0,-16572.0,737519.0,90889.0,65326.0,79551.0,287976.0,296998.0,3867909.0,125506.0,104557.0,93276.0,221268.0,884664.3333333334,46695.0,698812.0,197443.0,72056.0,127232.0
1991-01-01,-15520.0,196226.0,36366.0,331023.3333333333,471691.0,28673.0,361307.0,573177.0,50.0,581371.0,78596.0,241878.0,940088.0,400564.0,266442.0,118396.0,124729.0,801154.6666666666,1284187.0,6035178.0,97039.0,350875.0,924569.0,536323.0,2309125.0,719675.0,620317.0,90593.0,125627.0,173592.0,272279.0,181698.0,417916.0,-47140.0,163455.0,1014150.0,-15570.0,729800.0,89260.0,65438.0,72098.0,292631.0,297066.0,3873562.0,124855.0,106159.0,96818.0,210289.0,887864.0,48101.0,702816.0,194901.0,72990.0,122886.0
1991-04-01,-18033.0,200294.0,36522.0,333522.0,475248.0,29112.0,358160.0,590733.0,-697.0,586644.0,79486.0,247186.0,944575.0,406296.0,274091.0,119879.0,119583.0,805044.3333333334,1296577.0,6126862.0,98670.0,358814.0,926541.0,548092.0,2350432.0,733638.0,613921.0,88940.0,127774.0,178740.0,279328.0,181444.0,418707.0,-23188.0,167937.0,1021765.0,-17336.0,726787.0,91252.0,65874.0,71134.0,295593.0,298662.0,3926932.0,125996.0,108052.0,101010.0,217788.0,905484.0,48618.0,709933.0,189888.0,70311.0,122767.0
1991-07-01,843.0,201334.0,37561.0,336742.0,484336.0,29690.0,362570.0,600595.0,-10862.0,586324.0,80613.0,253824.0,946633.0,405069.0,275801.0,118946.0,119775.0,813598.0,1306265.0,6205937.0,98679.33333333333,366301.0,947476.0,561328.0,2383928.0,739972.0,621669.0,89237.0,130475.0,180096.0,285688.0,191685.0,416103.0,-21074.0,170221.0,1024392.0,11705.0,720150.0,92913.0,64529.0,69994.0,298214.0,301421.0,3973269.0,127707.0,109176.0,101716.0,226483.0,918246.3333333334,48690.0,719941.0,177485.0,72864.0,123875.0
1991-10-01,31133.0,198538.0,40367.0,338521.6666666667,477456.0,30114.0,361361.0,615217.0,6409.0,577406.0,81813.0,257443.0,947655.0,399884.0,277246.0,117918.0,120428.0,817922.6666666666,1308774.0,6264540.0,97736.33333333333,375576.0,978788.0,577296.0,2420065.0,747706.0,638270.0,88484.0,132939.0,184088.0,293764.0,188166.0,403436.0,-23053.0,173970.0,1020699.0,24724.0,717600.0,92572.0,63898.0,69978.0,301849.0,305037.0,4000032.0,130170.0,107474.0,104553.0,230055.0,933250.3333333334,49422.0,731368.0,172151.0,69960.0,125166.0
1992-01-01,246.0,205754.0,40147.0,342303.6666666667,496180.0,30475.0,360058.0,625287.0,8021.0,580332.0,84515.0,269900.0,956571.0,402725.0,285075.0,121980.0,120106.0,835666.6666666666,1326421.0,6363102.0,99836.66666666667,384205.0,956817.0,593101.0,2482037.0,754676.0,645823.0,88758.0,134509.0,184220.0,299690.0,198408.0,402466.0,-20536.0,177866.0,1037668.0,-7775.0,714208.0,94362.0,66333.0,69985.0,309082.0,314720.0,4100401.0,135072.0,109459.0,104451.0,242362.0,954836.6666666666,49294.0,746089.0,169931.0,66806.0,129493.0
1992-04-01,23209.0,208874.0,44507.0,345894.3333333333,500989.0,31013.0,379543.0,626163.0,9423.0,580904.0,87078.0,273458.0,989875.0,402249.0,280623.0,122968.0,124100.0,844959.3333333334,1334807.0,6470763.0,99041.33333333333,392791.0,1013084.0,607777.0,2520375.0,766639.0,658951.0,91021.0,140378.0,186534.0,305713.0,202283.0,401666.0,-32788.0,179237.0,1047218.0,13786.0,736717.0,95870.0,66840.0,70002.0,311994.0,322521.0,4155660.0,138345.0,108897.0,105395.0,253159.0,968632.0,50125.0,753904.0,170640.0,78142.0,131013.0
1992-07-01,20512.0,213453.0,45933.0,353287.0,512092.0,31326.0,387626.0,639365.0,5131.0,594200.0,89539.0,277577.0,1003650.0,404850.0,284252.0,125127.0,126849.0,862518.3333333334,1353997.0,6566641.0,98045.0,401576.0,1024162.0,620468.0,2564290.0,774463.0,677853.0,94282.0,147275.0,187864.0,312037.0,206549.0,412354.0,-38488.0,181846.0,1061049.0,15381.0,748536.0,101342.0,69070.0,73310.0,315898.0,331117.0,4226971.0,141051.0,111345.0,105175.0,255113.0,985544.3333333334,51363.0,759796.0,173047.0,72759.0,135362.0
1992-10-01,21344.0,216852.0,45465.0,356358.6666666667,523064.0,31973.0,399564.0,641396.0,2473.0,598377.0,90605.0,287043.0,1036618.0,408032.0,295299.0,127077.0,128976.0,874858.6666666666,1362775.0,6680803.0,97899.66666666667,406989.0,1057962.0,629795.0,2618725.0,788670.0,688536.0,97783.0,146106.0,192052.0,316384.0,211954.0,409372.0,-47140.0,189004.0,1074810.0,18871.0,768287.0,100641.0,69756.0,74524.0,320949.0,334564.0,4307205.0,144733.0,114278.0,106644.0,268331.0,1004187.0,53435.0,764399.0,176671.0,81152.0,138621.0
1993-01-01,35940.0,215434.0,47722.0,354443.3333333333,527852.0,32627.0,406612.0,643606.0,-5610.0,580289.0,88831.0,299523.0,1047889.0,408289.0,293385.0,128331.0,128645.0,881070.6666666666,1351818.0,6729459.0,96162.66666666667,411452.0,1083829.0,638784.0,2653703.0,797979.0,699310.0,98895.0,148843.0,194289.0,322621.0,210885.0,393179.0,-55704.0,187111.0,1079129.0,41550.0,776488.0,101121.0,70060.0,77981.0,326761.0,334854.0,4349515.0,147896.0,118577.0,106254.0,271401.0,1016406.3333333334,55408.0,771529.0,175587.0,80893.0,141281.0
1993-04-01,24104.0,217918.0,46737.0,355291.0,547842.0,33152.0,421532.0,653094.0,-4865.0,576737.0,89206.0,310481.0,1070375.0,411418.0,297584.0,130821.0,126443.0,897075.3333333334,1359066.0,6808939.0,97731.33333333333,416024.0,1094479.0,644976.0,2695206.0,806843.0,716281.0,99970.0,149674.0,196707.0,326817.0,223647.0,389160.0,-63187.0,187576.0,1086326.0,28969.0,792371.0,102937.0,71154.0,79413.0,330548.0,340038.0,4418581.0,151515.0,122220.0,106837.0,278005.0,1032243.3333333334,56718.0,782330.0,174132.0,92475.0,143769.0
1993-07-01,6598.0,220185.0,49235.0,358912.6666666667,556638.0,33631.0,424980.0,650897.0,-12510.0,578741.0,90482.0,319875.0,1089254.0,414434.0,301511.0,132566.0,125056.0,901276.6666666666,1367411.0,6882098.0,96891.0,421985.0,1095852.0,652806.0,2747541.0,822359.0,719251.0,101685.0,157050.0,197364.0,331503.0,225961.0,389600.0,-68354.0,189141.0,1092528.0,19108.0,798315.0,107815.0,73353.0,80332.0,332853.0,347859.0,4487189.0,156124.0,124758.0,105771.0,290939.0,1051169.0,57962.0,788670.0,175971.0,85914.0,147007.0
1993-10-01,16612.0,222675.0,48046.0,362072.6666666667,573796.0,34180.0,447438.0,671600.0,-1719.0,584909.0,91741.0,326119.0,1136530.0,419748.0,301143.0,133749.0,127385.0,924352.0,1381394.0,7013738.0,98392.0,425525.0,1153142.0,658668.0,2781838.0,832576.0,745049.0,108376.0,157746.0,199290.0,333784.0,238369.0,394644.0,-73449.0,190265.0,1105275.0,18331.0,829642.0,109700.0,73340.0,82895.0,335467.0,354486.0,4552651.0,157966.0,128339.0,106437.0,306889.0,1065414.6666666667,58673.0,796484.0,182914.0,98420.0,150880.0
1994-01-01,45362.0,224881.0,50057.0,363219.3333333333,588824.0,34924.0,461783.0,681232.0,16562.0,567047.0,93786.0,327812.0,1156312.0,423942.0,301817.0,135197.0,127371.0,939005.3333333334,1373350.0,7115652.0,94564.0,429999.0,1201675.0,667115.0,2821768.0,847155.0,761827.0,109448.0,161977.0,200418.0,336213.0,247101.0,376415.0,-80595.0,190631.0,1116845.0,28800.0,840715.0,111921.0,74738.0,85121.0,340650.0,362386.0,4621223.0,160562.0,131789.0,106205.0,315598.0,1082422.0,59289.0,806303.0,178514.0,105236.0,154922.0
1994-04-01,81411.0,225451.0,51417.0,366366.3333333333,598721.0,35614.0,465422.0,706988.0,17138.0,569374.0,96341.0,327665.0,1183538.0,430151.0,307552.0,139262.0,124823.0,964696.3333333334,1389392.0,7246931.0,96764.0,436114.0,1264948.0,675466.0,2860007.0,860520.0,797560.0,110994.0,164715.0,203094.0,339772.0,245670.0,379934.0,-90572.0,189440.0,1128094.0,64273.0,855609.0,113298.0,75349.0,87333.0,347670.0,366437.0,4683163.0,163112.0,138439.0,107513.0,327929.0,1097873.6666666667,59966.0,820018.0,187092.0,102381.0,159255.0
1994-07-01,53223.0,227680.0,52338.0,373789.3333333333,609310.0,36435.0,476463.0,736883.0,10758.0,586518.0,99458.0,325850.0,1198526.0,435241.0,310837.0,142481.0,132234.0,996117.3333333334,1423432.0,7331075.0,100688.33333333333,443951.0,1251749.0,684684.0,2894411.0,868106.0,833751.0,114864.0,167593.0,207550.0,344493.0,247733.0,394277.0,-96868.0,192241.0,1149581.0,42465.0,872098.0,115255.0,77091.0,88881.0,354426.0,375360.0,4752761.0,166418.0,142006.0,110277.0,326427.0,1111681.0,60838.0,836915.0,188085.0,105124.0,163155.0
1994-10-01,75142.0,231726.0,55728.0,374093.0,631830.0,37442.0,501851.0,758646.0,3675.0,575796.0,101462.0,330320.0,1232424.0,439104.0,312987.0,145104.0,132495.0,1022496.3333333334,1422923.0,7455288.0,100214.33333333333,450240.0,1307566.0,694578.0,2930410.0,877590.0,860559.0,119172.0,173554.0,211758.0,348778.0,258869.0,377830.0,-101913.0,197966.0,1163010.0,71467.0,906989.0,117825.0,78731.0,90936.0,359685.0,379840.0,4826713.0,168547.0,149126.0,112833.0,325435.0,1126143.0,61483.0,847127.0,193380.0,118189.0,166547.0
1995-01-01,61179.0,228498.0,59089.0,376876.0,621252.0,38562.0,525294.0,781570.0,-5808.0,579066.0,100453.0,336355.0,1266407.0,440815.0,312187.0,144180.0,134528.0,1035045.3333333334,1437596.0,7522289.0,102323.0,451493.0,1327586.0,707806.0,2973876.0,889706.0,886899.0,125275.0,181281.0,218158.0,351040.0,250111.0,380103.0,-105329.0,198963.0,1166854.0,66987.0,944620.0,122192.0,78114.0,94106.0,363014.0,385044.0,4862436.0,173685.0,148846.0,116922.0,321787.0,1141922.6666666667,62673.0,858530.0,201169.0,124631.0,169094.0
1995-04-01,33759.0,229680.0,65840.0,380832.3333333333,626914.0,39821.0,525398.0,798851.0,-13627.0,581010.0,101738.0,344616.0,1270229.0,442461.0,315633.0,145002.0,135756.0,1050445.3333333333,1452892.0,7580997.0,103465.0,455900.0,1303988.0,715579.0,3027973.0,907767.0,908343.0,129098.0,189140.0,224004.0,354163.0,251639.0,381884.0,-109492.0,199125.0,1176984.0,47386.0,956779.0,123300.0,79013.0,94255.0,369087.0,390794.0,4933609.0,179595.0,151260.0,119734.0,313451.0,1163155.6666666667,64449.0,871882.0,207376.0,112905.0,173989.0
1995-07-01,11326.0,233430.0,67047.0,382847.3333333333,642543.0,40951.0,524840.0,831399.0,-20338.0,579337.0,102728.0,350688.0,1291922.0,443819.0,317901.0,148106.0,132615.0,1063901.3333333333,1455659.0,7683125.0,102372.66666666667,460201.0,1303248.0,723568.0,3069699.0,924107.0,905843.0,130965.0,187941.0,230385.0,357472.0,257580.0,378242.0,-74444.0,201095.0,1183691.0,31664.0,965530.0,120894.0,80018.0,94341.0,373827.0,390974.0,4998662.0,183294.0,156839.0,122990.0,326393.0,1181399.6666666667,66445.0,876322.0,210305.0,111593.0,179166.0
1995-10-01,18431.0,233374.0,72464.0,381768.3333333333,652242.0,41402.0,536979.0,839421.0,-4413.0,567315.0,104391.0,356339.0,1316705.0,447897.0,318825.0,149680.0,130719.0,1071171.6666666667,1451575.0,7772586.0,102090.33333333333,466583.0,1335135.0,732589.0,3107371.0,933142.0,909201.0,130501.0,195109.0,234849.0,362191.0,263505.0,368407.0,-69780.0,198908.0,1191651.0,22844.0,982059.0,122645.0,81114.0,96186.0,379662.0,395494.0,5055655.0,187793.0,157944.0,125105.0,334645.0,1196920.6666666667,68342.0,884260.0,210232.0,115182.0,183189.0
1996-01-01,6881.0,234991.0,72466.0,384826.3333333333,659825.0,42963.0,546017.0,847940.0,1097.0,579828.0,108067.0,364393.0,1348472.0,453374.0,320303.0,148780.0,139095.0,1090890.0,1471295.0,7868468.0,105605.33333333333,471402.0,1355353.0,736339.0,3151550.0,950210.0,936735.0,134309.0,200461.0,243422.0,363335.0,269096.0,378552.0,-88795.0,201276.0,1211173.0,5784.0,1003747.0,127996.0,82284.0,97747.0,383712.0,405218.0,5130615.0,189806.0,159665.0,129987.0,344725.0,1214206.6666666667,70472.0,891466.0,214308.0,113499.0,185280.0
1996-04-01,30521.0,239775.0,71489.0,389969.6666666667,676332.0,44160.0,556858.0,859042.0,11901.0,582142.0,110606.0,369157.0,1387867.0,460108.0,324800.0,153860.0,147835.0,1111819.0,1487662.0,8032840.0,105917.33333333333,480545.0,1418388.0,748011.0,3194020.0,959068.0,952751.0,137111.0,202191.0,249817.0,369939.0,273423.0,380806.0,-93709.0,201336.0,1239541.0,18620.0,1026468.0,130701.0,84360.0,99313.0,391823.0,409429.0,5220499.0,193615.0,164689.0,132866.0,361399.0,1232278.3333333333,72791.0,905521.0,219793.0,118244.0,189940.0
1996-07-01,51070.0,240423.0,73526.0,391904.3333333333,679382.0,45108.0,577000.0,859577.0,17068.0,577756.0,111862.0,373509.0,1423280.0,464283.0,327648.0,154385.0,143460.0,1122254.6666666667,1496733.0,8131408.0,107007.0,486047.0,1474350.0,754784.0,3236757.0,963165.0,973757.0,136303.0,207720.0,256663.0,374185.0,273767.0,376132.0,-114180.0,201624.0,1246505.0,34002.0,1058965.0,134193.0,84900.0,102625.0,398338.0,424725.0,5274505.0,198350.0,166329.0,136145.0,364315.0,1247025.0,75410.0,918978.0,225302.0,130353.0,194576.0
1996-10-01,34725.0,242978.0,73691.0,397151.3333333333,689641.0,44870.0,581359.0,903798.0,4556.0,576913.0,109642.0,381272.0,1445403.0,469750.0,333479.0,157115.0,148590.0,1146907.3333333333,1515702.0,8259771.0,108082.66666666667,494547.0,1480128.0,769130.0,3285195.0,977316.0,992620.0,138358.0,208299.0,263310.0,384905.0,277653.0,373556.0,-88822.0,203356.0,1268285.0,30169.0,1083597.0,134608.0,85838.0,104193.0,406967.0,422489.0,5352763.0,200561.0,169035.0,139022.0,361806.0,1269486.6666666667,79418.0,938789.0,238928.0,130509.0,200950.0
1997-01-01,49745.0,243688.0,76542.0,398890.0,705591.0,45063.0,587506.0,918374.0,-591.0,570705.0,104486.0,392372.0,1472659.0,473505.0,338965.0,157854.0,152162.0,1172310.0,1515985.0,8362655.0,106438.0,493947.0,1522404.0,776345.0,3342011.0,988129.0,1027213.0,137860.0,211934.0,277134.0,389461.0,291015.0,362792.0,-108839.0,207913.0,1281017.0,50336.0,1107299.0,135392.0,86149.0,106913.0,411662.0,436035.0,5433105.0,204157.0,170572.0,144713.0,365359.0,1287254.0,87358.0,945281.0,242660.0,130798.0,206008.0
1997-04-01,88374.0,244404.0,80365.0,406190.0,696587.0,45798.0,602318.0,954450.0,760.0,587181.0,103517.0,402325.0,1501843.0,471790.0,340957.0,158893.0,144326.0,1182413.6666666667,1542541.0,8518825.0,107991.0,497673.0,1590218.0,785383.0,3393443.0,1001145.0,1039651.0,140475.0,218676.0,284625.0,394156.0,279481.0,375804.0,-85201.0,211377.0,1277720.0,87614.0,1129567.0,138311.0,85797.0,108815.0,417201.0,446151.0,5471267.0,207327.0,172416.0,147278.0,372277.0,1306042.6666666667,91549.0,955361.0,242624.0,134351.0,210154.0
1997-07-01,67935.0,249883.0,84922.0,407920.3333333333,722779.0,46221.0,630464.0,974057.0,8300.0,586047.0,105167.0,416339.0,1557316.0,476392.0,346583.0,161714.0,146479.0,1212009.3333333333,1555224.0,8662823.0,110488.0,505173.0,1625251.0,796490.0,3453887.0,1014417.0,1070888.0,141405.0,230481.0,292246.0,400006.0,296882.0,372335.0,-96831.0,213712.0,1297345.0,59635.0,1178364.0,145559.0,87885.0,115510.0,424590.0,456540.0,5579179.0,209505.0,176298.0,150198.0,378952.0,1329365.3333333333,95827.0,969177.0,255654.0,143068.0,214014.0
1997-10-01,77652.0,252009.0,83673.0,414371.0,737161.0,47314.0,623149.0,968330.0,4613.0,589224.0,109182.0,424501.0,1566877.0,477422.0,347205.0,163500.0,147678.0,1222663.0,1574782.0,8765907.0,110556.33333333333,513705.0,1644529.0,805573.0,3509446.0,1035598.0,1085344.0,141932.0,230087.0,297850.0,404523.0,304952.0,377030.0,-117014.0,212194.0,1307821.0,73039.0,1181123.0,146414.0,89468.0,117225.0,430713.0,467253.0,5663610.0,212279.0,179242.0,150254.0,385754.0,1349765.0,100282.0,985558.0,260124.0,133905.0,217037.0
1998-01-01,105100.0,254621.0,87722.0,412263.6666666667,737702.0,47828.0,645754.0,963021.0,5622.0,572164.0,114995.0,432074.0,1607224.0,478923.0,353007.0,168137.0,136162.0,1224449.3333333333,1568029.0,8866480.0,110412.33333333333,527568.0,1712324.0,820165.0,3561966.0,1041346.0,1098236.0,149315.0,238572.0,304884.0,412574.0,294224.0,356631.0,-135215.0,215533.0,1306679.0,99478.0,1212378.0,150850.0,91457.0,122718.0,436973.0,478906.0,5721342.0,216329.0,183885.0,154564.0,394846.0,1369750.6666666667,102492.0,995865.0,261740.0,135149.0,220138.0
1998-04-01,37340.0,257668.0,88608.0,420874.6666666667,769238.0,47959.0,655875.0,947295.0,-4906.0,587065.0,121214.0,442269.0,1658434.0,484447.0,359663.0,171609.0,131763.0,1233248.0,1603691.0,8969699.0,113689.0,537873.0,1695773.0,829312.0,3622189.0,1061775.0,1109626.0,148249.0,240280.0,312308.0,416659.0,315038.0,369316.0,-162331.0,217749.0,1319925.0,42246.0,1247103.0,151672.0,93929.0,126654.0,446046.0,488497.0,5832566.0,217702.0,188662.0,158546.0,411330.0,1396581.0,105803.0,1016626.0,278920.0,140692.0,222971.0
1998-07-01,52420.0,257448.0,86447.0,424361.0,785044.0,48354.0,658429.0,935263.0,528.0,588630.0,127125.0,452267.0,1689202.0,489935.0,363117.0,174929.0,132056.0,1239646.0,1627262.0,9121097.0,118060.33333333333,548373.0,1741623.0,836746.0,3679857.0,1076617.0,1109897.0,145543.0,237573.0,322424.0,421248.0,320676.0,376634.0,-174634.0,211996.0,1334820.0,51892.0,1261652.0,151126.0,94786.0,126783.0,455381.0,502251.0,5926846.0,221582.0,194653.0,162949.0,427550.0,1417689.6666666667,111121.0,1038633.0,280799.0,148529.0,227277.0
1998-10-01,60017.0,261484.0,88773.0,432644.0,825189.0,49230.0,680000.0,966337.0,3820.0,594203.0,131893.0,457627.0,1736947.0,496443.0,371558.0,179641.0,129438.0,1278330.6666666667,1647452.0,9293991.0,116507.0,556270.0,1796964.0,841957.0,3715996.0,1082150.0,1145000.0,146315.0,243998.0,332888.0,424377.0,350881.0,372430.0,-178663.0,221772.0,1355160.0,56197.0,1295444.0,155226.0,96427.0,125472.0,467796.0,507167.0,6028238.0,225204.0,198239.0,166161.0,441503.0,1434861.0,117497.0,1053249.0,282556.0,164215.0,230332.0
1999-01-01,83394.0,267506.0,94516.0,437356.6666666667,819948.0,49960.0,695097.0,960764.0,4109.0,595141.0,133226.0,464806.0,1769668.0,504531.0,371913.0,184587.0,126320.0,1290592.0,1669139.0,9411682.0,119023.0,563187.0,1853063.0,848878.0,3763922.0,1099544.0,1173324.0,146403.0,250787.0,343185.0,429961.0,333635.0,372226.0,-212559.0,222915.0,1384945.0,79285.0,1322305.0,156271.0,99040.0,130246.0,486588.0,515824.0,6102040.0,228994.0,202687.0,168878.0,447363.0,1454783.3333333333,124347.0,1073998.0,284024.0,167660.0,233963.0
1999-04-01,35111.0,271455.0,99863.0,444082.0,854805.0,50082.0,712119.0,974597.0,-196.0,599246.0,136186.0,475549.0,1813230.0,511115.0,376625.0,188130.0,144155.0,1331470.0,1694757.0,9526210.0,120837.33333333333,570602.0,1848341.0,856132.0,3821383.0,1115976.0,1222126.0,148353.0,262144.0,358762.0,434416.0,357342.0,374897.0,-247530.0,224349.0,1418268.0,35308.0,1353960.0,162282.0,100781.0,128542.0,491542.0,523860.0,6230641.0,234768.0,208552.0,174582.0,459270.0,1477651.6666666667,134098.0,1095511.0,283078.0,173080.0,238473.0
1999-07-01,40516.0,272166.0,99497.0,454647.6666666667,871191.0,51271.0,728141.0,1005309.0,-9100.0,614158.0,139565.0,488021.0,1853219.0,517650.0,380738.0,193579.0,153402.0,1368825.0,1733984.0,9686626.0,123347.0,579822.0,1893735.0,867806.0,3884483.0,1134672.0,1281712.0,150518.0,266149.0,373368.0,440257.0,361030.0,386565.0,-276403.0,227593.0,1440071.0,49616.0,1386594.0,166652.0,103042.0,130003.0,496852.0,527278.0,6335310.0,241689.0,213541.0,180213.0,466625.0,1505285.0,141883.0,1119826.0,285085.0,181471.0,244278.0
1999-10-01,84241.0,273261.0,95051.0,465817.0,876329.0,52723.0,719148.0,1030971.0,-5733.0,634344.0,143940.0,509976.0,1868855.0,528825.0,392047.0,198444.0,162302.0,1409106.0,1781740.0,9900169.0,128096.66666666667,591665.0,1953097.0,881542.0,3964080.0,1142340.0,1332679.0,151231.0,259955.0,385194.0,447725.0,350915.0,399328.0,-301708.0,235016.0,1482690.0,89974.0,1395049.0,164904.0,108064.0,132735.0,518302.0,542744.0,6467039.0,246770.0,218906.0,186223.0,473806.0,1534457.0,146249.0,1147396.0,290707.0,175227.0,248661.0
2000-01-01,16157.0,275939.0,97560.0,466913.3333333333,920875.0,54411.0,749400.0,1052904.0,-17740.0,619368.0,149377.0,542231.0,1934493.0,526783.0,401612.0,204169.0,174890.0,1456016.0,1789895.0,10002179.0,129718.33333333333,601505.0,1950650.0,893835.0,4055754.0,1158783.0,1409487.0,158627.0,279456.0,400258.0,452128.0,379250.0,383028.0,-356583.0,236340.0,1492211.0,33897.0,1450250.0,181896.0,108711.0,136701.0,514598.0,555931.0,6618217.0,249240.0,228745.0,194047.0,484243.0,1570853.3333333333,151800.0,1170527.0,300591.0,174616.0,254121.0
2000-04-01,90444.0,280083.0,104882.0,478902.3333333333,901931.0,55814.0,773952.0,1093360.0,5943.0,641178.0,154250.0,537437.0,1985342.0,538526.0,407658.0,207708.0,183587.0,1486140.3333333333,1822524.0,10247720.0,128606.0,614672.0,2075786.0,910022.0,4120611.0,1184330.0,1455860.0,163001.0,293504.0,408567.0,460422.0,353555.0,399592.0,-362501.0,241587.0,1535118.0,84500.0,1498729.0,188622.0,110937.0,140388.0,532923.0,568231.0,6711911.0,253152.0,229732.0,196209.0,486613.0,1600903.0,156545.0,1181346.0,316209.0,177059.0,259781.0
2000-07-01,57233.0,282522.0,105786.0,481958.0,911658.0,56025.0,774005.0,1125002.0,-1128.0,633550.0,160485.0,542149.0,2002736.0,544627.0,412382.0,210122.0,189354.0,1524974.0,1832078.0,10318165.0,128734.66666666667,628050.0,2059969.0,926690.0,4190349.0,1208497.0,1518869.0,166241.0,298379.0,414719.0,467565.0,358808.0,391017.0,-393867.0,242533.0,1557492.0,58360.0,1519657.0,192594.0,110823.0,138506.0,540988.0,579762.0,6819984.0,257016.0,231905.0,201472.0,483080.0,1629644.6666666667,157222.0,1198528.0,330932.0,170879.0,263853.0
2000-10-01,54344.0,284781.0,104486.0,489010.3333333333,915823.0,55968.0,766993.0,1113177.0,7331.0,638180.0,168050.0,545883.0,2012884.0,552377.0,413473.0,210423.0,190232.0,1532067.6666666667,1861253.0,10435744.0,131407.33333333334,642336.0,2067227.0,943151.0,4257154.0,1242613.0,1524520.0,163774.0,303843.0,421810.0,474285.0,361298.0,396642.0,-411343.0,241538.0,1577579.0,47012.0,1525091.0,199357.0,111049.0,138793.0,550189.0,586520.0,6918606.0,258152.0,233053.0,204188.0,487792.0,1653366.0,161654.0,1223073.0,336288.0,160584.0,267362.0
2001-01-01,-30631.0,280641.0,99654.0,501792.0,926811.0,55126.0,751676.0,1096812.0,5614.0,653277.0,172524.0,541164.0,2001963.0,555858.0,419703.0,212658.0,185856.0,1520449.0,1906253.0,10470231.0,133625.66666666666,656384.0,1971333.0,966199.0,4323528.0,1271442.0,1499464.0,164713.0,291335.0,421815.0,483860.0,372477.0,404456.0,-402653.0,248821.0,1572434.0,-36244.0,1505248.0,191681.0,110245.0,141578.0,550080.0,595948.0,6995298.0,262216.0,231431.0,204060.0,496716.0,1676742.0,162629.0,1252976.0,331757.0,154050.0,266855.0
2001-04-01,-11560.0,278398.0,89963.0,509604.6666666667,919479.0,54389.0,716017.0,1058013.0,-2995.0,666231.0,177727.0,533747.0,1984593.0,563455.0,418760.0,213203.0,190330.0,1486127.3333333333,1947731.0,10599000.0,139639.33333333334,669624.0,1973033.0,985030.0,4354418.0,1281297.0,1422028.0,153332.0,269716.0,418696.0,491897.0,365692.0,410022.0,-364015.0,256209.0,1590627.0,-8565.0,1473585.0,179753.0,107360.0,138044.0,558444.0,609319.0,7042250.0,261956.0,233224.0,204629.0,511008.0,1687970.0,159678.0,1281501.0,338872.0,154924.0,264308.0
2001-07-01,-30116.0,275290.0,79827.0,516642.3333333333,923888.0,54369.0,692401.0,998902.0,1806.0,674447.0,181834.0,514975.0,1975026.0,566481.0,419490.0,214434.0,179817.0,1457583.3333333333,1953408.0,10598020.0,134493.66666666666,683893.0,1944909.0,1006119.0,4373255.0,1295330.0,1369536.0,146776.0,253728.0,413087.0,502058.0,368964.0,415419.0,-370634.0,259028.0,1591359.0,-31922.0,1452580.0,173900.0,106507.0,140820.0,569771.0,618720.0,7070337.0,261702.0,233983.0,202235.0,522446.0,1688674.6666666667,156484.0,1278961.0,347091.0,151078.0,256920.0
2001-10-01,-80829.0,277145.0,80779.0,522829.0,995882.0,54868.0,685974.0,953520.0,-4278.0,686892.0,184245.0,527321.0,1930920.0,570218.0,420702.0,219465.0,155940.0,1457639.6666666667,1992742.0,10660465.0,141418.33333333334,695865.0,1850091.0,1028908.0,4425301.0,1301904.0,1323208.0,142697.0,248938.0,406561.0,511620.0,426025.0,422750.0,-369688.0,264142.0,1581892.0,-76552.0,1408856.0,168159.0,109298.0,137527.0,578589.0,632060.0,7187320.0,263287.0,241094.0,199870.0,522064.0,1697043.0,151823.0,1305850.0,316321.0,156813.0,251119.0
2002-01-01,293.0,279185.0,82500.0,535097.3333333334,976249.0,55938.0,667253.0,969157.0,4061.0,714032.0,189422.0,527328.0,1912366.0,571347.0,430414.0,224779.0,148934.0,1456318.6666666667,2040010.0,10783500.0,144906.0,713665.0,1912659.0,1052143.0,4466409.0,1305576.0,1356041.0,143617.0,241778.0,404110.0,524243.0,395047.0,440905.0,-386884.0,273128.0,1585634.0,-3768.0,1374027.0,159278.0,111752.0,135949.0,586169.0,632501.0,7217715.0,266571.0,244670.0,196072.0,538339.0,1724652.0,152099.0,1325978.0,302665.0,145909.0,251876.0
2002-04-01,21169.0,278669.0,79259.0,545344.0,977397.0,56982.0,661929.0,1004154.0,-10343.0,734758.0,196044.0,533329.0,1912113.0,572910.0,435383.0,226506.0,168755.0,1498806.0,2074482.0,10887460.0,146150.0,731727.0,1933282.0,1074640.0,4524978.0,1323113.0,1432413.0,139876.0,237735.0,405991.0,535683.0,392964.0,452478.0,-428259.0,282281.0,1609535.0,31511.0,1357267.0,158475.0,113331.0,140511.0,589202.0,636725.0,7307955.0,269674.0,244597.0,196025.0,554846.0,1749368.3333333333,152984.0,1339723.0,289347.0,143808.0,252114.0
2002-07-01,25433.0,275506.0,80483.0,551396.3333333334,1001720.0,58366.0,661341.0,1015560.0,-2872.0,748351.0,202291.0,543331.0,1907764.0,574794.0,438595.0,224841.0,173382.0,1522406.6666666667,2101256.0,10984040.0,149022.0,747056.0,1933197.0,1094293.0,4576402.0,1335675.0,1463107.0,142037.0,237824.0,409328.0,544765.0,419577.0,460190.0,-447548.0,288161.0,1616722.0,28305.0,1348884.0,157342.0,113288.0,140837.0,593040.0,641331.0,7397135.0,272126.0,244015.0,195214.0,558880.0,1769527.0,155749.0,1352905.0,278214.0,140643.0,251050.0
2002-10-01,33004.0,281979.0,76657.0,562587.3333333334,986105.0,59157.0,648036.0,1003046.0,-836.0,775246.0,205613.0,552197.0,1909528.0,581159.0,440849.0,227347.0,180528.0,1528120.0,2142232.0,11061433.0,151490.33333333334,755794.0,1942531.0,1110412.0,4639384.0,1353772.0,1499335.0,141402.0,229604.0,405460.0,550181.0,397798.0,482157.0,-496289.0,293089.0,1641855.0,33840.0,1331215.0,152948.0,115149.0,141125.0,598189.0,652459.0,7472958.0,277241.0,245811.0,197047.0,578313.0,1796993.3333333333,149256.0,1366986.0,277719.0,135904.0,252454.0
2003-01-01,26081.0,277998.0,77262.0,571633.0,974533.0,61005.0,644287.0,1004201.0,2847.0,792724.0,204949.0,556793.0,1934140.0,588901.0,446370.0,225159.0,206705.0,1550999.0,2172010.0,11174129.0,152370.33333333334,763449.0,1960221.0,1126395.0,4704878.0,1370047.0,1529463.0,141168.0,233729.0,409186.0,558500.0,388947.0,494975.0,-525262.0,297749.0,1682801.0,23233.0,1332696.0,156468.0,114475.0,144775.0,609197.0,670588.0,7567160.0,279348.0,245953.0,198227.0,601444.0,1815942.3333333333,149954.0,1379285.0,279223.0,124616.0,255338.0
2003-04-01,-6488.0,282450.0,77132.0,580167.3333333334,1007819.0,62960.0,665224.0,1007465.0,-1379.0,825970.0,205008.0,571617.0,1978873.0,591881.0,457640.0,232561.0,180004.0,1558818.6666666667,2198793.0,11312766.0,152763.66666666666,769686.0,1972386.0,1144689.0,4778552.0,1385048.0,1527336.0,147127.0,235908.0,414712.0,564678.0,402548.0,521930.0,-519870.0,304041.0,1670079.0,-5109.0,1366842.0,158776.0,119469.0,146811.0,615744.0,679538.0,7661458.0,284826.0,253240.0,200620.0,612032.0,1839934.0,151132.0,1372822.0,286906.0,135378.0,255194.0
2003-07-01,438.0,290127.0,80651.0,583787.0,1041776.0,63331.0,680669.0,1037310.0,870.0,833257.0,205829.0,580643.0,2043866.0,605797.0,468929.0,239531.0,197354.0,1597022.3333333333,2220432.0,11566669.0,156356.66666666666,778104.0,2044304.0,1163163.0,4848851.0,1395071.0,1556304.0,144064.0,245965.0,423514.0,572275.0,412006.0,524011.0,-518994.0,309245.0,1724470.0,-431.0,1392121.0,165314.0,125019.0,153940.0,631192.0,686456.0,7820927.0,292201.0,265220.0,201917.0,651745.0,1874491.3333333333,158266.0,1387175.0,287938.0,136700.0,262388.0
2003-10-01,36345.0,290607.0,84619.0,592917.0,1047074.0,63359.0,692293.0,1091682.0,-2070.0,855125.0,206260.0,587745.0,2094966.0,611742.0,477925.0,243393.0,201584.0,1633836.6666666667,2251164.0,11772234.0,157471.33333333334,787334.0,2131311.0,1181950.0,4918281.0,1414172.0,1615376.0,141128.0,255085.0,427212.0,581074.0,402573.0,543967.0,-523694.0,311159.0,1741837.0,38415.0,1411859.0,170466.0,127658.0,156346.0,637904.0,691853.0,7913453.0,299084.0,273451.0,203275.0,683107.0,1906333.0,160579.0,1396039.0,292354.0,139734.0,265554.0
2004-01-01,46025.0,296567.0,82061.0,604090.6666666666,1064229.0,62970.0,681801.0,1133669.0,4422.0,871800.0,206987.0,600625.0,2108027.0,620474.0,485846.0,248592.0,218904.0,1684906.3333333333,2286594.0,11923447.0,158107.0,797829.0,2154052.0,1201988.0,4998556.0,1432895.0,1699644.0,136798.0,251648.0,427726.0,590842.0,405787.0,556149.0,-565975.0,315651.0,1779005.0,41603.0,1401830.0,169586.0,131374.0,154053.0,643060.0,701910.0,8048777.0,307078.0,278477.0,203252.0,706197.0,1942457.0,161505.0,1414794.0,292302.0,139303.0,268215.0
2004-04-01,73989.0,294515.0,83228.0,612470.3333333334,1065972.0,63198.0,713497.0,1170152.0,18443.0,884561.0,207713.0,610050.0,2188618.0,627762.0,493103.0,252032.0,224637.0,1729032.3333333333,2320682.0,12112815.0,161090.33333333334,811997.0,2262607.0,1225984.0,5070416.0,1450356.0,1787734.0,141419.0,256486.0,431184.0,604284.0,399102.0,562839.0,-617581.0,321722.0,1803006.0,55546.0,1445457.0,173258.0,131357.0,159842.0,656092.0,712696.0,8147108.0,309332.0,283482.0,205595.0,743160.0,1972632.3333333333,162391.0,1436121.0,300777.0,155750.0,268897.0
2004-07-01,64166.0,296501.0,84527.0,622092.3333333334,1085046.0,64176.0,734204.0,1180185.0,7701.0,902509.0,206439.0,623707.0,2254106.0,635538.0,502594.0,256220.0,230822.0,1759766.3333333333,2356371.0,12305307.0,163364.66666666666,826590.0,2318272.0,1252486.0,5165558.0,1475907.0,1832856.0,147091.0,256729.0,442307.0,620151.0,409585.0,580699.0,-652672.0,321810.0,1826294.0,56466.0,1490495.0,172201.0,131776.0,166008.0,663433.0,725656.0,8283335.0,313190.0,287464.0,208794.0,763611.0,2005692.6666666667,169338.0,1453862.0,313984.0,164375.0,272019.0
2004-10-01,72089.0,301935.0,86885.0,630573.0,1107050.0,66105.0,758084.0,1221444.0,4662.0,909622.0,204348.0,642884.0,2317993.0,646644.0,511374.0,260397.0,256567.0,1817783.3333333333,2388847.0,12527214.0,165709.33333333334,839560.0,2390082.0,1275036.0,5259740.0,1507373.0,1921780.0,151534.0,258359.0,450058.0,635212.0,422770.0,579825.0,-700336.0,329797.0,1877483.0,67427.0,1531693.0,171474.0,133937.0,170983.0,672337.0,731289.0,8448621.0,316316.0,289946.0,212116.0,786299.0,2046165.3333333333,171838.0,1479225.0,323550.0,177209.0,275468.0
2005-01-01,102477.0,306051.0,82661.0,641525.3333333334,1109964.0,68074.0,768581.0,1258408.0,-6685.0,931826.0,201978.0,655988.0,2383590.0,655170.0,520290.0,264477.0,255054.0,1842674.0,2426138.0,12767286.0,167187.0,846092.0,2486068.0,1291891.0,5347809.0,1534053.0,1955063.0,156764.0,262133.0,462200.0,644114.0,409199.0,598417.0,-696655.0,333409.0,1891983.0,109162.0,1568306.0,179472.0,137522.0,176956.0,675708.0,746220.0,8551735.0,321658.0,298766.0,221014.0,815285.0,2079061.6666666667,173112.0,1494312.0,337524.0,172727.0,277709.0
2005-04-01,28835.0,311088.0,82784.0,647338.3333333334,1137918.0,69446.0,786904.0,1294853.0,932.0,939279.0,207133.0,670056.0,2447639.0,664267.0,530191.0,269719.0,258439.0,1887382.3333333333,2452246.0,12922656.0,170077.0,858838.0,2476474.0,1309461.0,5436599.0,1568970.0,2002063.0,156679.0,263532.0,471979.0,651706.0,422084.0,605982.0,-707210.0,333297.0,1919496.0,27903.0,1603838.0,180748.0,139382.0,186938.0,685702.0,750284.0,8701145.0,325674.0,306733.0,223667.0,843801.0,2111971.3333333335,178866.0,1512967.0,344955.0,179756.0,281962.0
2005-07-01,12353.0,308231.0,83899.0,659035.3333333334,1151814.0,70438.0,808296.0,1302315.0,4340.0,956393.0,209665.0,686349.0,2518722.0,670853.0,536442.0,272550.0,311925.0,1930775.6666666667,2494438.0,13142642.0,172443.66666666666,875419.0,2531076.0,1333172.0,5520580.0,1597127.0,2053275.0,164116.0,270228.0,479083.0,665754.0,430123.0,616390.0,-750961.0,340004.0,1986031.0,8014.0,1643130.0,186329.0,140655.0,188944.0,695021.0,752265.0,8868089.0,329060.0,308485.0,227453.0,875593.0,2143783.6666666665,181192.0,1538045.0,355751.0,185008.0,286165.0
2005-10-01,86388.0,316667.0,87445.0,668137.0,1114745.0,71382.0,815793.0,1350743.0,2315.0,963650.0,222293.0,694987.0,2558875.0,682575.0,547607.0,278347.0,309662.0,1972524.6666666667,2528432.0,13324204.0,174673.66666666666,893472.0,2645263.0,1347609.0,5598516.0,1620269.0,2155529.0,172100.0,271967.0,479272.0,671179.0,378411.0,616960.0,-804786.0,346690.0,2019741.0,84073.0,1668669.0,184522.0,146367.0,190984.0,710837.0,762240.0,8955295.0,336104.0,311619.0,226527.0,890206.0,2181331.0,181364.0,1564782.0,373603.0,180742.0,289701.0
2006-01-01,78214.0,317407.0,90610.0,680133.6666666666,1154128.0,71226.0,850152.0,1413966.0,3739.0,997067.0,231886.0,706624.0,2631526.0,688842.0,561778.0,285873.0,304355.0,2019094.3333333333,2580086.0,13599160.0,179895.0,910253.0,2709740.0,1362221.0,5671424.0,1628124.0,2204784.0,171656.0,286721.0,487552.0,678367.0,392252.0,635719.0,-790818.0,361348.0,2042714.0,74475.0,1735308.0,196111.0,151162.0,198427.0,732111.0,777561.0,9100153.0,342540.0,324842.0,232391.0,896218.0,2220540.6666666665,183935.0,1583019.0,397604.0,193348.0,292577.0
2006-04-01,75513.0,318361.0,91295.0,686250.6666666666,1149249.0,71180.0,857640.0,1459767.0,-8124.0,997164.0,239591.0,718055.0,2633739.0,695608.0,564154.0,282163.0,327560.0,2053489.3333333333,2610565.0,13753424.0,183937.66666666666,926700.0,2709252.0,1382372.0,5761965.0,1656102.0,2253809.0,183691.0,284925.0,496662.0,687109.0,392356.0,639956.0,-794042.0,357209.0,2076844.0,83637.0,1774400.0,193631.0,151842.0,198180.0,735315.0,797811.0,9227649.0,347312.0,322888.0,238448.0,859339.0,2260252.3333333335,187034.0,1613401.0,420098.0,190843.0,296158.0
2006-07-01,78754.0,320625.0,94789.0,693401.0,1160532.0,70949.0,867410.0,1475417.0,-6337.0,995447.0,243560.0,718681.0,2630666.0,701742.0,571403.0,283451.0,349200.0,2089790.6666666667,2630280.0,13870188.0,183359.33333333334,940964.0,2709420.0,1401480.0,5836775.0,1685443.0,2298702.0,184617.0,291614.0,512716.0,697404.0,398586.0,632375.0,-823284.0,363072.0,2112905.0,85092.0,1815947.0,196824.0,153600.0,196305.0,741338.0,809259.0,9353772.0,352364.0,324896.0,250560.0,814718.0,2286173.0,191207.0,1634833.0,435822.0,194875.0,298146.0
2006-10-01,43476.0,323699.0,93510.0,704152.3333333334,1169422.0,71433.0,873929.0,1531531.0,-3586.0,1015078.0,241700.0,734761.0,2631930.0,714850.0,585065.0,282904.0,297484.0,2082132.0,2674454.0,14039560.0,187332.33333333334,950985.0,2675406.0,1421494.0,5923419.0,1693192.0,2269198.0,186340.0,290690.0,528399.0,709286.0,396604.0,655208.0,-737668.0,359871.0,2092827.0,47062.0,1849549.0,197180.0,157262.0,198924.0,756794.0,824666.0,9427368.0,362897.0,332653.0,260965.0,782381.0,2327233.6666666665,196000.0,1659375.0,447221.0,197975.0,301345.0
2007-01-01,21372.0,325890.0,96238.0,714736.0,1179022.0,71369.0,886253.0,1577991.0,7947.0,1017545.0,245771.0,743926.0,2642923.0,725559.0,588604.0,285894.0,311938.0,2117259.3333333335,2718491.0,14215651.0,191428.0,967491.0,2664295.0,1449312.0,6018242.0,1726687.0,2317264.0,184796.0,307171.0,536152.0,721720.0,400117.0,654605.0,-739273.0,362940.0,2129103.0,13425.0,1892034.0,210933.0,159947.0,194882.0,765715.0,836981.0,9572138.0,367899.0,333065.0,261629.0,750889.0,2371871.6666666665,203154.0,1700946.0,469629.0,199404.0,304832.0
2007-04-01,42225.0,322894.0,92852.0,726771.3333333334,1185692.0,70866.0,897845.0,1622764.0,-4127.0,1042453.0,242570.0,753252.0,2656992.0,731780.0,596904.0,283958.0,341606.0,2156127.3333333335,2769958.0,14402082.0,196548.0,973523.0,2699217.0,1464526.0,6084343.0,1747451.0,2368569.0,198563.0,308172.0,541758.0,730953.0,400823.0,674082.0,-745806.0,368371.0,2166108.0,46351.0,1937718.0,215321.0,164071.0,201383.0,769827.0,843882.0,9678713.0,372890.0,336840.0,266932.0,719274.0,2400554.6666666665,203960.0,1727505.0,498116.0,189727.0,305438.0
2007-07-01,44922.0,322377.0,94677.0,737581.3333333334,1191859.0,70101.0,896020.0,1685710.0,-1663.0,1058838.0,248781.0,772209.0,2641047.0,740535.0,604706.0,283165.0,349175.0,2190359.3333333335,2808718.0,14564117.0,198657.66666666666,986919.0,2685969.0,1487965.0,6169593.0,1770429.0,2414664.0,200810.0,309266.0,544679.0,738139.0,399251.0,684421.0,-728954.0,374417.0,2188151.0,46586.0,1967377.0,214589.0,167204.0,200766.0,776065.0,847909.0,9798383.0,378018.0,342240.0,267799.0,673671.0,2442559.6666666665,206779.0,1749881.0,526678.0,185179.0,308357.0
2007-10-01,27281.0,322735.0,97772.0,752287.6666666666,1195599.0,69304.0,893612.0,1750714.0,430.0,1085263.0,257999.0,781394.0,2615279.0,751454.0,615778.0,280814.0,379468.0,2242234.0,2865057.0,14715058.0,202731.0,1004632.0,2642560.0,1511033.0,6250953.0,1793659.0,2480413.0,192270.0,318985.0,556724.0,746633.0,402101.0,703947.0,-729699.0,381316.0,2232589.0,26852.0,1997123.0,221213.0,168069.0,201295.0,778932.0,853935.0,9937140.0,383569.0,344615.0,275753.0,618156.0,2480521.3333333335,211667.0,1779794.0,546786.0,181063.0,311586.0
2008-01-01,-16673.0,319631.0,98184.0,765998.3333333334,1153509.0,68268.0,885403.0,1813321.0,-8569.0,1111183.0,268928.0,785076.0,2580374.0,757328.0,613350.0,274331.0,395636.0,2281835.0,2909640.0,14706538.0,203881.66666666666,1024598.0,2563701.0,1535344.0,6329150.0,1835082.0,2584568.0,194504.0,316727.0,571436.0,755670.0,378044.0,721214.0,-771248.0,389969.0,2252859.0,-8104.0,2013699.0,218544.0,165787.0,197289.0,780264.0,861295.0,10004445.0,385970.0,335346.0,281858.0,566675.0,2518943.0,221310.0,1798456.0,556860.0,176883.0,313033.0
2008-04-01,-22252.0,324900.0,97751.0,781351.6666666666,1137729.0,66953.0,871824.0,1905282.0,3822.0,1146640.0,282936.0,785454.0,2562847.0,770703.0,621281.0,271912.0,421153.0,2351259.3333333335,2971642.0,14865701.0,209195.66666666666,1040640.0,2540595.0,1548081.0,6403400.0,1868948.0,2681686.0,196303.0,316330.0,580278.0,757704.0,360515.0,742246.0,-776404.0,404394.0,2305803.0,-26074.0,2024039.0,218579.0,166046.0,197024.0,789047.0,872442.0,10129869.0,391462.0,339256.0,288500.0,538808.0,2554352.6666666665,224825.0,1825002.0,571937.0,162168.0,315732.0
2008-07-01,-15825.0,319125.0,93562.0,797097.3333333334,1095819.0,65600.0,852110.0,1922215.0,4149.0,1170238.0,293919.0,783610.0,2514067.0,775272.0,624204.0,262388.0,445523.0,2357927.6666666665,3029032.0,14898999.0,212580.33333333334,1056928.0,2498242.0,1562174.0,6437252.0,1885146.0,2709569.0,196271.0,307782.0,576058.0,763009.0,339142.0,766263.0,-787354.0,403975.0,2332089.0,-19974.0,2007007.0,214219.0,164191.0,200057.0,792169.0,875229.0,10159078.0,391820.0,330097.0,283546.0,507060.0,2572359.6666666665,226912.0,1858795.0,578839.0,148000.0,315068.0
2008-10-01,-62215.0,305834.0,86137.0,793473.0,1007986.0,64738.0,772186.0,1700304.0,-1464.0,1179781.0,303386.0,755683.0,2370130.0,773038.0,621773.0,248762.0,302043.0,2079544.0,3021826.0,14608209.0,213802.33333333334,1067245.0,2307915.0,1575785.0,6428480.0,1901680.0,2328779.0,190063.0,284329.0,569762.0,763859.0,295648.0,771619.0,-628474.0,408161.0,2167090.0,-60751.0,1918738.0,198192.0,156031.0,190089.0,786175.0,879607.0,9906942.0,387026.0,307545.0,282741.0,451391.0,2565797.6666666665,222283.0,1842046.0,576791.0,107704.0,306924.0
2009-01-01,-150996.0,304508.0,85261.0,794000.0,1004480.0,63618.0,683537.0,1511768.0,-4840.0,1185230.0,292432.0,724328.0,2165874.0,773282.0,614814.0,242455.0,244622.0,1882570.0,3022047.0,14430902.0,213349.0,1071239.0,2014878.0,1600080.0,6402510.0,1899184.0,1932761.0,164068.0,270577.0,550136.0,778807.0,302076.0,765428.0,-420992.0,419802.0,2115548.0,-146156.0,1761401.0,185316.0,155622.0,175984.0,793136.0,876980.0,9814969.0,387429.0,304326.0,265934.0,404473.0,2537263.0,220584.0,1836817.0,527728.0,72908.0,299694.0
2009-04-01,-196001.0,301236.0,86661.0,807974.3333333334,994700.0,63211.0,652184.0,1521093.0,-6274.0,1213488.0,283710.0,716840.0,2059651.0,771094.0,611239.0,238193.0,265125.0,1870859.6666666667,3070452.0,14381236.0,215509.66666666666,1081172.0,1863650.0,1627520.0,6387318.0,1892094.0,1879461.0,154021.0,266200.0,559711.0,797463.0,306089.0,782914.0,-358368.0,430574.0,2139774.0,-189727.0,1684966.0,179540.0,156845.0,164547.0,802320.0,862865.0,9805502.0,383857.0,293574.0,272852.0,374685.0,2531159.3333333335,223648.0,1856964.0,473070.0,67416.0,292903.0
2009-07-01,-204006.0,304666.0,88455.0,815704.3333333334,1035104.0,63496.0,662038.0,1594725.0,-10885.0,1228253.0,285988.0,714985.0,2045422.0,771314.0,610787.0,236724.0,308879.0,1967377.0,3092058.0,14448882.0,214981.33333333334,1095403.0,1841416.0,1647796.0,6424941.0,1894948.0,2018722.0,149132.0,277197.0,564471.0,809415.0,344440.0,792801.0,-423998.0,435452.0,2193373.0,-193121.0,1656037.0,188742.0,158367.0,161408.0,808513.0,870189.0,9939406.0,390145.0,295573.0,274687.0,389385.0,2550240.3333333335,226289.0,1863804.0,429528.0,74300.0,296092.0
2009-10-01,-52084.0,305761.0,95403.0,826894.0,1014201.0,64448.0,683287.0,1703508.0,-4640.0,1256168.0,294592.0,725895.0,2050795.0,776030.0,613913.0,235729.0,329483.0,2046564.0,3120796.0,14651249.0,213371.33333333334,1105343.0,1998710.0,1655552.0,6473294.0,1913812.0,2176763.0,147458.0,288471.0,583096.0,810751.0,321728.0,809117.0,-473254.0,447051.0,2222909.0,-47444.0,1659323.0,193068.0,160152.0,162502.0,811635.0,871197.0,10004996.0,392166.0,296593.0,284990.0,391472.0,2581858.3333333335,233659.0,1864628.0,392940.0,84856.0,300758.0
2010-01-01,-1237.0,312690.0,99228.0,833546.6666666666,1021085.0,66046.0,719807.0,1759877.0,-6568.0,1278359.0,295956.0,747832.0,2039398.0,784482.0,622918.0,239592.0,329766.0,2101454.6666666665,3133819.0,14764610.0,211059.33333333334,1109985.0,2038161.0,1663318.0,6539712.0,1928174.0,2269069.0,144093.0,298266.0,571363.0,814028.0,321782.0,817507.0,-509192.0,460851.0,2245069.0,5330.0,1659963.0,199037.0,162429.0,170078.0,818131.0,879153.0,10101822.0,395182.0,297282.0,277703.0,379435.0,2608801.3333333335,227614.0,1855460.0,368793.0,107370.0,303135.0
2010-04-01,36708.0,315309.0,102194.0,839247.3333333334,1043901.0,69177.0,763672.0,1819741.0,-11701.0,1305049.0,297392.0,767085.0,2112087.0,783355.0,633478.0,242315.0,322758.0,2155807.3333333335,3165768.0,14980193.0,216008.33333333334,1122499.0,2148795.0,1687097.0,6619519.0,1939893.0,2362255.0,153805.0,305269.0,569998.0,825107.0,340086.0,828047.0,-542514.0,477003.0,2247333.0,48408.0,1715746.0,203075.0,162849.0,178588.0,825911.0,886382.0,10208145.0,403382.0,298652.0,278066.0,396341.0,2640906.0,222755.0,1860719.0,382076.0,126010.0,302202.0
2010-07-01,112897.0,315682.0,100787.0,836295.0,1052423.0,70756.0,804497.0,1877253.0,-16468.0,1304343.0,293831.0,769772.0,2123598.0,785342.0,640445.0,240129.0,329888.0,2193490.0,3158301.0,15141607.0,216471.66666666666,1138715.0,2236495.0,1718993.0,6691804.0,1956399.0,2431195.0,157470.0,312194.0,578778.0,844884.0,348849.0,828900.0,-553943.0,475444.0,2262696.0,129365.0,1762364.0,211407.0,165183.0,181168.0,831784.0,892921.0,10300754.0,408856.0,298262.0,282456.0,361234.0,2676244.3333333335,225567.0,1853957.0,379089.0,153665.0,304418.0
2010-10-01,67301.0,322764.0,96110.0,838973.6666666666,1078441.0,71459.0,820133.0,1972116.0,-13867.0,1312878.0,290574.0,787259.0,2171138.0,794285.0,645841.0,241661.0,364459.0,2266299.0,3164317.0,15309474.0,215798.66666666666,1143192.0,2238440.0,1728828.0,6740937.0,1967323.0,2495702.0,165506.0,314326.0,592540.0,852617.0,367148.0,837429.0,-523586.0,475449.0,2320351.0,81169.0,1801850.0,218216.0,169379.0,184294.0,838843.0,893275.0,10430304.0,407551.0,300253.0,291481.0,369289.0,2699741.0,229601.0,1851438.0,389176.0,156007.0,310858.0
2011-01-01,32078.0,327147.0,90959.0,838805.6666666666,1087927.0,69261.0,839817.0,2040407.0,-2113.0,1305974.0,298665.0,798059.0,2173885.0,806802.0,654628.0,243729.0,395038.0,2348031.0,3155768.0,15351448.0,213117.0,1154463.0,2205962.0,1741477.0,6790495.0,1966651.0,2608884.0,177495.0,307656.0,603092.0,855799.0,368037.0,831587.0,-568476.0,474387.0,2381108.0,34191.0,1805118.0,216697.0,172777.0,188218.0,852120.0,909003.0,10558195.0,404124.0,303383.0,296820.0,368767.0,2721130.6666666665,237012.0,1849794.0,362208.0,166448.0,316554.0
2011-04-01,61047.0,331727.0,95805.0,843993.6666666666,1082903.0,68246.0,854272.0,2116132.0,-5742.0,1312725.0,308898.0,807955.0,2236305.0,817534.0,665205.0,246294.0,423477.0,2404909.6666666665,3168261.0,15557539.0,212093.0,1171389.0,2297352.0,1753447.0,6849663.0,1975555.0,2697224.0,181837.0,314052.0,615066.0,862491.0,355465.0,843030.0,-581092.0,469696.0,2431554.0,66789.0,1862009.0,218247.0,176254.0,191173.0,858816.0,910404.0,10673018.0,409652.0,304889.0,301716.0,374296.0,2757215.3333333335,245104.0,1855536.0,392671.0,167210.0,327446.0
2011-07-01,-12033.0,333279.0,98485.0,833936.6666666666,1090755.0,68115.0,904533.0,2156793.0,-1199.0,1288651.0,324647.0,821791.0,2334873.0,824634.0,676276.0,247480.0,420238.0,2422451.0,3136922.0,15647680.0,211704.0,1179326.0,2322840.0,1755429.0,6902607.0,1995175.0,2723903.0,196713.0,316505.0,628060.0,854679.0,359296.0,834975.0,-567111.0,453676.0,2437019.0,-10833.0,1953756.0,218020.0,178274.0,207064.0,858868.0,908115.0,10755029.0,412530.0,305706.0,305483.0,381117.0,2789457.3333333335,254462.0,1848272.0,421163.0,184250.0,333292.0
2011-10-01,103956.0,338189.0,97097.0,831678.3333333334,1112409.0,68700.0,926474.0,2150123.0,749.0,1291701.0,315214.0,816451.0,2400138.0,829199.0,681749.0,249944.0,416450.0,2448219.3333333335,3130765.0,15842259.0,211910.0,1188898.0,2504095.0,1778232.0,6932755.0,1995728.0,2751911.0,209845.0,315026.0,640716.0,873684.0,377915.0,826319.0,-601788.0,465382.0,2448807.0,103208.0,2008976.0,217929.0,177118.0,208165.0,864969.0,914682.0,10809186.0,409755.0,307433.0,309571.0,391162.0,2788854.0,262445.0,1839065.0,441786.0,193438.0,336157.0
2012-01-01,80278.0,345070.0,105863.0,839061.0,1138093.0,69925.0,957835.0,2189981.0,-6408.0,1296091.0,325297.0,836009.0,2487473.0,839132.0,691998.0,255160.0,425777.0,2487860.0,3144024.0,16068805.0,208947.0,1219924.0,2567750.0,1811171.0,7005287.0,1984278.0,2792253.0,209306.0,330985.0,645438.0,894626.0,390846.0,824076.0,-602271.0,472015.0,2490624.0,86686.0,2073366.0,225122.0,181047.0,213281.0,880644.0,927243.0,10959301.0,420203.0,311040.0,309511.0,414107.0,2825985.3333333335,266002.0,1847934.0,470093.0,204263.0,334386.0
2012-04-01,91406.0,342492.0,104555.0,834446.6666666666,1133557.0,70079.0,984355.0,2215586.0,-15350.0,1288592.0,340631.0,826992.0,2545458.0,845399.0,701711.0,252222.0,416967.0,2484688.6666666665,3130438.0,16207115.0,209032.33333333334,1224412.0,2636863.0,1814154.0,7048048.0,2010748.0,2780827.0,214800.0,333584.0,653729.0,883782.0,391031.0,816010.0,-565241.0,472582.0,2482819.0,106756.0,2126171.0,229028.0,180373.0,221301.0,877962.0,922353.0,11005055.0,428411.0,309931.0,311325.0,419287.0,2849134.3333333335,272325.0,1841846.0,488086.0,214670.0,343679.0
2012-07-01,84429.0,346186.0,100525.0,839894.6666666666,1141673.0,70318.0,984294.0,2227734.0,-29910.0,1293789.0,342271.0,827334.0,2559690.0,847367.0,708657.0,252982.0,418073.0,2482099.6666666665,3139112.0,16319541.0,206475.66666666666,1245969.0,2644119.0,1823392.0,7085316.0,2027915.0,2750817.0,207679.0,325893.0,656953.0,903698.0,394709.0,820214.0,-523083.0,473575.0,2490133.0,114339.0,2125950.0,225368.0,182236.0,234704.0,878506.0,922585.0,11059393.0,433390.0,311746.0,314598.0,433740.0,2863881.3333333335,272038.0,1845323.0,484703.0,216018.0,342042.0
2012-10-01,28734.0,347130.0,103178.0,840517.0,1163561.0,70402.0,1007118.0,2237498.0,-23094.0,1269569.0,357986.0,833359.0,2609548.0,852893.0,717346.0,255388.0,426921.0,2492819.6666666665,3132308.0,16420419.0,203586.0,1255747.0,2638282.0,1836456.0,7133659.0,2036016.0,2753373.0,213093.0,334479.0,666645.0,897760.0,409846.0,796401.0,-515874.0,473169.0,2510497.0,51828.0,2148622.0,231301.0,183760.0,233358.0,883552.0,925314.0,11165703.0,441073.0,314568.0,318364.0,460926.0,2892704.6666666665,277879.0,1862739.0,474859.0,226187.0,344095.0
2013-01-01,85223.0,353439.0,105183.0,841389.6666666666,1189742.0,70158.0,1026153.0,2255929.0,1901.0,1240079.0,343456.0,850781.0,2661196.0,861794.0,728346.0,260408.0,432896.0,2522337.0,3123454.0,16648189.0,199761.33333333334,1254761.0,2746420.0,1839496.0,7197493.0,2068303.0,2755277.0,212099.0,346480.0,685536.0,911305.0,420430.0,774681.0,-499348.0,465399.0,2546973.0,83322.0,2175318.0,241297.0,185532.0,232175.0,898845.0,915593.0,11277664.0,444076.0,323372.0,329125.0,485878.0,2907286.3333333335,286253.0,1883375.0,463630.0,235398.0,350898.0
2013-04-01,82693.0,352876.0,99390.0,843871.0,1187617.0,70471.0,1025121.0,2261403.0,14881.0,1232561.0,348435.0,865616.0,2697549.0,863536.0,725221.0,261972.0,411517.0,2516108.0,3131143.0,16728687.0,199843.66666666666,1269166.0,2780242.0,1854011.0,7256738.0,2080372.0,2759783.0,210406.0,342300.0,684351.0,920730.0,422184.0,770584.0,-498380.0,461978.0,2522891.0,67811.0,2188629.0,242910.0,183175.0,231024.0,894962.0,931527.0,11315681.0,442872.0,320286.0,334496.0,508920.0,2929514.3333333335,279384.0,1898582.0,479157.0,241391.0,357120.0
2013-07-01,136649.0,354238.0,100353.0,843577.6666666666,1191933.0,70450.0,1026188.0,2285116.0,17376.0,1219640.0,349545.0,871737.0,2755705.0,874287.0,731951.0,265323.0,419255.0,2532505.0,3135192.0,16953838.0,201486.0,1275405.0,2892354.0,1866415.0,7313537.0,2083062.0,2767183.0,212054.0,344613.0,699087.0,925860.0,421904.0,757661.0,-482067.0,461980.0,2553343.0,119273.0,2230759.0,244259.0,182116.0,226644.0,905563.0,944048.0,11408359.0,451401.0,322589.0,342648.0,524946.0,2954381.0,285989.0,1915551.0,505483.0,242878.0,364925.0
2013-10-01,117343.0,356853.0,103614.0,845487.6666666666,1197851.0,70195.0,1063537.0,2349240.0,11464.0,1217254.0,348100.0,895100.0,2816948.0,882526.0,745076.0,265512.0,422826.0,2562295.6666666665,3140517.0,17192019.0,201351.33333333334,1290874.0,2934291.0,1895163.0,7426895.0,2111041.0,2783259.0,211169.0,345663.0,709421.0,942774.0,423996.0,754351.0,-434019.0,462904.0,2578384.0,105879.0,2290541.0,242049.0,185345.0,252734.0,916179.0,956820.0,11551229.0,456279.0,322998.0,348516.0,526407.0,2998947.0,290710.0,1923263.0,517584.0,253971.0,367416.0
2014-01-01,51995.0,358242.0,99772.0,849130.6666666666,1207539.0,71614.0,1072304.0,2343602.0,-2976.0,1212935.0,347092.0,899743.0,2870770.0,893571.0,751189.0,265722.0,428940.0,2588297.6666666665,3139060.0,17197738.0,197223.0,1278868.0,2922765.0,1885858.0,7488588.0,2142313.0,2853690.0,217037.0,344916.0,718207.0,931776.0,431621.0,744986.0,-510088.0,467950.0,2602782.0,54971.0,2335499.0,245144.0,184999.0,251176.0,922029.0,968906.0,11646001.0,464945.0,325197.0,351139.0,535270.0,3026133.3333333335,295454.0,1926125.0,544989.0,259175.0,375634.0
2014-04-01,97753.0,368357.0,102428.0,849475.3333333334,1244233.0,72923.0,1101386.0,2395168.0,1356.0,1210985.0,353144.0,916619.0,2961343.0,904945.0,768769.0,274876.0,423991.0,2640558.6666666665,3154366.0,17518508.0,201980.0,1306385.0,3059096.0,1926332.0,7571452.0,2138197.0,2900572.0,223817.0,355209.0,733586.0,953241.0,450749.0,742420.0,-505404.0,468566.0,2641621.0,96398.0,2407208.0,252781.0,187829.0,252891.0,944328.0,976309.0,11810451.0,464673.0,330779.0,359361.0,554134.0,3061505.6666666665,301302.0,1943380.0,572236.0,269469.0,380552.0
2014-07-01,103934.0,371012.0,101572.0,860466.3333333334,1261260.0,74106.0,1134139.0,2399191.0,-1863.0,1230648.0,354799.0,937951.0,3038113.0,916440.0,784121.0,278862.0,414387.0,2650136.3333333335,3191749.0,17804228.0,203450.0,1327077.0,3142047.0,1967554.0,7683079.0,2139219.0,2888549.0,229075.0,351435.0,749048.0,972278.0,457906.0,755041.0,-489357.0,475607.0,2660652.0,105798.0,2465578.0,249864.0,189587.0,267373.0,958812.0,993880.0,11959790.0,473852.0,334906.0,366746.0,572535.0,3099040.0,308195.0,1961101.0,582391.0,286255.0,386501.0
2014-10-01,85485.0,376805.0,103998.0,857296.3333333334,1276009.0,74955.0,1128514.0,2376218.0,-7728.0,1213721.0,357992.0,947962.0,3086530.0,926726.0,803164.0,282391.0,376310.0,2644799.6666666665,3189253.0,17912079.0,205788.0,1348657.0,3172016.0,2002097.0,7795347.0,2164319.0,2906969.0,223784.0,357108.0,765004.0,990665.0,466090.0,733767.0,-530751.0,479954.0,2652212.0,93213.0,2492333.0,253109.0,191209.0,262762.0,972371.0,1008710.0,12081561.0,480833.0,336319.0,380393.0,594197.0,3143449.6666666665,309656.0,1975532.0,598815.0,284861.0,388263.0
2015-01-01,175242.0,376595.0,101982.0,858108.6666666666,1291044.0,75944.0,1139214.0,2299045.0,4240.0,1216238.0,352308.0,961966.0,3107041.0,935572.0,816415.0,284726.0,313313.0,2583755.0,3187915.0,18063529.0,204529.33333333334,1360579.0,3282283.0,2024009.0,7870665.0,2189656.0,2825476.0,224385.0,357025.0,765453.0,1008271.0,478782.0,730203.0,-526432.0,486035.0,2605746.0,171002.0,2497171.0,255043.0,192055.0,256215.0,980266.0,1001843.0,12119763.0,487893.0,335481.0,378438.0,609870.0,3164339.6666666665,311071.0,1971677.0,592503.0,301589.0,388882.0
2015-04-01,151248.0,379874.0,101786.0,867125.0,1317766.0,76895.0,1141608.0,2300441.0,1446.0,1222387.0,356465.0,979737.0,3139856.0,937029.0,830237.0,291226.0,333343.0,2598148.6666666665,3234067.0,18279784.0,210897.33333333334,1369721.0,3291104.0,2045927.0,7948745.0,2184899.0,2809968.0,225310.0,360900.0,770986.0,1013256.0,496967.0,733548.0,-509527.0,488839.0,2641163.0,149802.0,2510545.0,259114.0,193249.0,247024.0,990917.0,1017579.0,12264140.0,497172.0,336325.0,381390.0,629311.0,3193367.6666666665,312700.0,2011680.0,597951.0,308374.0,393194.0
2015-07-01,126851.0,383041.0,103189.0,871965.3333333334,1326900.0,77683.0,1155625.0,2260724.0,-1332.0,1222398.0,367356.0,981327.0,3176809.0,946571.0,836789.0,295659.0,331431.0,2590787.0,3253554.0,18401626.0,212552.66666666666,1380892.0,3303660.0,2082674.0,8021542.0,2202132.0,2798806.0,223920.0,365773.0,782181.0,1013536.0,497705.0,726729.0,-538082.0,495669.0,2666696.0,128183.0,2521879.0,262584.0,193359.0,245369.0,1005653.0,1024635.0,12382494.0,499899.0,340178.0,387918.0,654930.0,3223221.0,316580.0,2031156.0,584073.0,320563.0,394085.0
2015-10-01,107150.0,383702.0,98360.0,874785.3333333334,1327463.0,78599.0,1139957.0,2222279.0,1749.0,1230084.0,379019.0,984293.0,3169729.0,948853.0,849973.0,299152.0,297097.0,2549184.6666666665,3258142.0,18435137.0,211262.33333333334,1398848.0,3276879.0,2086449.0,8073132.0,2207860.0,2745517.0,225222.0,365281.0,796896.0,1019829.0,489478.0,731007.0,-523238.0,499077.0,2643739.0,105401.0,2500420.0,266921.0,192788.0,240663.0,1014087.0,1032962.0,12423353.0,513790.0,346045.0,393610.0,669310.0,3247865.0,324687.0,2028059.0,563567.0,308790.0,397805.0
2016-01-01,62318.0,389292.0,101444.0,873765.3333333334,1338655.0,80050.0,1132464.0,2181957.0,-13277.0,1229649.0,380554.0,979841.0,3181999.0,956725.0,859373.0,303695.0,266731.0,2521851.6666666665,3270141.0,18525933.0,216281.66666666666,1420314.0,3244317.0,2127758.0,8171073.0,2228072.0,2693639.0,221016.0,364557.0,814945.0,1039759.0,491963.0,726546.0,-511682.0,503103.0,2632874.0,75595.0,2488836.0,263113.0,192406.0,239490.0,1020127.0,1050817.0,12523156.0,519342.0,350591.0,399130.0,693163.0,3277732.6666666665,335765.0,2040492.0,541427.0,307401.0,405870.0
2016-04-01,30484.0,390916.0,100175.0,880974.3333333334,1345902.0,81332.0,1116870.0,2221936.0,-3098.0,1229983.0,378642.0,984468.0,3215897.0,968745.0,864627.0,305302.0,289882.0,2550487.0,3289566.0,18711702.0,215547.66666666666,1445646.0,3246381.0,2165388.0,8262658.0,2258448.0,2711306.0,223644.0,364166.0,837761.0,1067004.0,494494.0,723171.0,-489370.0,506813.0,2677922.0,33582.0,2511643.0,263991.0,191782.0,235225.0,1028379.0,1059721.0,12665124.0,522142.0,354323.0,413109.0,704254.0,3315635.3333333335,343319.0,2059583.0,557013.0,293835.0,407863.0
2016-07-01,5324.0,394546.0,97466.0,889426.6666666666,1366320.0,82664.0,1112963.0,2270000.0,495.0,1241299.0,394522.0,1004174.0,3256247.0,971746.0,874043.0,307139.0,286596.0,2580714.0,3315171.0,18892639.0,215630.0,1464538.0,3261571.0,2165575.0,8351835.0,2288595.0,2751229.0,222136.0,364644.0,852193.0,1070016.0,511236.0,733097.0,-481229.0,508202.0,2684449.0,4829.0,2543679.0,267178.0,190720.0,231915.0,1031560.0,1073546.0,12797126.0,532596.0,357225.0,417805.0,712569.0,3358737.6666666665,351724.0,2073872.0,578523.0,294269.0,413306.0
2016-10-01,58147.0,393850.0,98766.0,893665.3333333334,1375105.0,83675.0,1116828.0,2268339.0,-5681.0,1248481.0,399415.0,1016077.0,3302805.0,981173.0,884045.0,308052.0,304851.0,2612707.6666666665,3337245.0,19089379.0,218749.33333333334,1487039.0,3360952.0,2199816.0,8436551.0,2301067.0,2799145.0,224763.0,367493.0,867130.0,1087624.0,520802.0,734923.0,-530806.0,513558.0,2710918.0,63828.0,2571821.0,268727.0,190294.0,228823.0,1031045.0,1078356.0,12921989.0,540029.0,355957.0,422623.0,730983.0,3383783.3333333335,360832.0,2088764.0,587862.0,295749.0,417162.0
2017-01-01,6311.0,398650.0,99800.0,896635.0,1385090.0,84544.0,1126307.0,2339728.0,-5745.0,1249090.0,401069.0,1042145.0,3356791.0,993820.0,904666.0,313622.0,323348.0,2665832.0,3353096.0,19280084.0,221063.33333333334,1496132.0,3363101.0,2223334.0,8551364.0,2304159.0,2873148.0,229674.0,371971.0,884582.0,1095064.0,516848.0,735242.0,-533420.0,513848.0,2759784.0,12055.0,2603148.0,272171.0,189828.0,232556.0,1043966.0,1104814.0,13097306.0,553900.0,364792.0,430679.0,753643.0,3437562.0,369359.0,2104006.0,592260.0,292106.0,418345.0
2017-04-01,25528.0,399740.0,104172.0,898574.6666666666,1394392.0,85292.0,1147226.0,2349681.0,-5559.0,1259855.0,400064.0,1065199.0,3407440.0,1004030.0,905814.0,314740.0,309877.0,2674638.6666666665,3370444.0,19438643.0,224906.66666666666,1488699.0,3432968.0,2222390.0,8625648.0,2342170.0,2903180.0,236405.0,384401.0,894391.0,1088635.0,515944.0,747500.0,-553499.0,512355.0,2768626.0,31087.0,2640229.0,280229.0,189765.0,236321.0,1054979.0,1110574.0,13188730.0,556052.0,373942.0,430291.0,767212.0,3472558.3333333335,378807.0,2110589.0,598612.0,290100.0,423448.0
2017-07-01,54859.0,401066.0,109819.0,905283.6666666666,1417806.0,86238.0,1165640.0,2384524.0,-5998.0,1264582.0,392110.0,1082915.0,3445283.0,1014621.0,913112.0,318808.0,318491.0,2697370.6666666665,3398886.0,19692595.0,227678.0,1503421.0,3500142.0,2254809.0,8716927.0,2358993.0,2916022.0,238733.0,387867.0,913386.0,1111311.0,530104.0,747231.0,-531498.0,517351.0,2798223.0,60857.0,2668855.0,278047.0,192461.0,236077.0,1064046.0,1118091.0,13325065.0,555663.0,376433.0,439920.0,776428.0,3511166.0,387227.0,2134304.0,589829.0,302963.0,433344.0
2017-10-01,43998.0,404882.0,109321.0,920458.3333333334,1466355.0,87225.0,1200639.0,2479107.0,-5414.0,1290690.0,392419.0,1102590.0,3530448.0,1029305.0,929335.0,329568.0,344216.0,2800520.6666666665,3466137.0,20037088.0,234920.66666666666,1516437.0,3574446.0,2280690.0,8834045.0,2395361.0,3034004.0,244492.0,399610.0,932628.0,1124018.0,554757.0,763200.0,-554897.0,527489.0,2858582.0,49412.0,2732168.0,290289.0,194455.0,242166.0,1080180.0,1128317.0,13551401.0,555269.0,387575.0,449014.0,798280.0,3554317.0,396389.0,2175447.0,598902.0,314372.0,442482.0
2018-01-01,35045.0,410571.0,118369.0,933766.3333333334,1483333.0,88525.0,1220546.0,2517268.0,-4370.0,1316193.0,403527.0,1118854.0,3610589.0,1041899.0,941243.0,335986.0,359089.0,2851265.3333333335,3513876.0,20328553.0,237525.66666666666,1533687.0,3645635.0,2309488.0,8953624.0,2420173.0,3093299.0,250136.0,407517.0,956773.0,1130159.0,544610.0,773144.0,-576031.0,543048.0,2904590.0,39415.0,2810324.0,289148.0,197045.0,242274.0,1093030.0,1138356.0,13745074.0,570541.0,405693.0,461410.0,800265.0,3600615.0,406838.0,2197683.0,633005.0,320619.0,454971.0
2018-04-01,-3402.0,411664.0,122349.0,946382.3333333334,1488127.0,89764.0,1222023.0,2562172.0,-6258.0,1334726.0,414802.0,1129901.0,3666129.0,1039705.0,955029.0,336558.0,368924.0,2882372.0,3570715.0,20580912.0,243856.0,1571351.0,3662727.0,2334007.0,9066602.0,2447875.0,3105995.0,249835.0,405529.0,986128.0,1156549.0,546796.0,785757.0,-543823.0,548969.0,2921762.0,2855.0,2846516.0,283180.0,199658.0,247000.0,1101469.0,1170717.0,13891294.0,573770.0,405114.0,476858.0,819613.0,3637448.6666666665,419506.0,2235988.0,638366.0,319658.0,455302.0
2018-07-01,98664.0,406996.0,122066.0,961840.3333333334,1491615.0,90461.0,1227106.0,2535501.0,-9030.0,1358909.0,420146.0,1135628.0,3690028.0,1042671.0,973066.0,335404.0,374539.0,2891628.3333333335,3626086.0,20798730.0,246854.66666666666,1598288.0,3788692.0,2369061.0,9159602.0,2467231.0,3153747.0,254049.0,408926.0,1001274.0,1178142.0,553294.0,802455.0,-618246.0,556455.0,2930836.0,107694.0,2870365.0,286860.0,197208.0,246900.0,1106631.0,1179578.0,14002199.0,579796.0,405709.0,481908.0,819662.0,3672187.6666666665,428905.0,2267176.0,641986.0,317230.0,455242.0
2018-10-01,95324.0,408289.0,118991.0,970986.3333333334,1492248.0,90815.0,1240806.0,2537415.0,-12078.0,1375352.0,445246.0,1139082.0,3706704.0,1053250.0,973459.0,335864.0,364148.0,2898137.3333333335,3650847.0,20917867.0,245962.33333333334,1603527.0,3802028.0,2366402.0,9217386.0,2501952.0,3171622.0,260381.0,404532.0,1024695.0,1158281.0,555292.0,818904.0,-634207.0,556448.0,2944320.0,107402.0,2898677.0,285541.0,196800.0,256268.0,1118633.0,1196729.0,14099199.0,579501.0,404293.0,498021.0,808027.0,3704608.3333333335,435859.0,2275495.0,633176.0,319625.0,460260.0
2019-01-01,114925.0,409615.0,118754.0,979641.6666666666,1482601.0,90484.0,1249844.0,2540244.0,-19269.0,1403184.0,405995.0,1131311.0,3735845.0,1064416.0,979713.0,336684.0,339100.0,2875704.0,3702934.0,21111600.0,254669.66666666666,1612348.0,3850770.0,2421242.0,9314146.0,2521511.0,3132539.0,260216.0,409105.0,1040352.0,1206353.0,534655.0,838831.0,-592294.0,564353.0,2947448.0,134194.0,2932410.0,290351.0,198137.0,261776.0,1134317.0,1206895.0,14150191.0,585302.0,413125.0,516657.0,803435.0,3731954.0,433210.0,2299750.0,642215.0,318747.0,468173.0
2019-04-01,83207.0,414625.0,123257.0,998074.3333333334,1517861.0,91138.0,1263133.0,2547448.0,-16510.0,1408036.0,414963.0,1131733.0,3820789.0,1078614.0,997272.0,344511.0,365753.0,2910142.6666666665,3761243.0,21397938.0,255673.0,1626573.0,3903996.0,2454358.0,9407681.0,2540943.0,3165410.0,264149.0,413098.0,1067006.0,1211610.0,544214.0,840280.0,-617962.0,567755.0,3010158.0,99717.0,3000782.0,289841.0,201834.0,270171.0,1151166.0,1208024.0,14350662.0,594295.0,427301.0,533230.0,820007.0,3777697.3333333335,442637.0,2353207.0,670644.0,315715.0,481055.0
2019-07-01,70234.0,417053.0,115679.0,1011379.6666666666,1544227.0,92283.0,1241745.0,2532405.0,-14876.0,1426884.0,425097.0,1135292.0,3869365.0,1095008.0,1015590.0,351658.0,350065.0,2910643.6666666665,3814837.0,21717171.0,260232.66666666666,1646570.0,3939599.0,2484698.0,9546990.0,2578791.0,3117952.0,267697.0,403601.0,1086881.0,1221473.0,548407.0,855028.0,-585547.0,571857.0,3031968.0,85110.0,3031120.0,287922.0,206246.0,267431.0,1169841.0,1238427.0,14548282.0,600307.0,437916.0,542793.0,838245.0,3822236.0,451805.0,2387952.0,702495.0,303016.0,493887.0
2019-10-01,23455.0,415283.0,117920.0,1026978.6666666666,1549885.0,93795.0,1208882.0,2537466.0,-10768.0,1439895.0,424711.0,1141524.0,3857115.0,1094918.0,1032994.0,354002.0,355128.0,2895853.3333333335,3864968.0,21933217.0,261344.33333333334,1661915.0,3880570.0,2529264.0,9679323.0,2606738.0,3050824.0,256503.0,395667.0,1105309.0,1237204.0,552543.0,863886.0,-513359.0,576008.0,3047119.0,34223.0,3010301.0,277747.0,205047.0,260591.0,1181790.0,1257847.0,14701038.0,608933.0,438293.0,549762.0,846813.0,3867255.6666666665,461752.0,2425073.0,696110.0,296122.0,502022.0
2020-01-01,-39039.0,376097.0,108772.0,1045338.0,1475010.0,93915.0,1143583.0,2416181.0,-13806.0,1459279.0,490505.0,1149407.0,3841036.0,1171097.0,951899.0,351659.0,317018.0,2843437.3333333335,3943012.0,21727657.0,268999.3333333333,1672521.0,3801997.0,2443442.0,9449358.0,2626048.0,2929759.0,246872.0,371825.0,1124989.0,1182016.0,494778.0,871343.0,-513578.0,587936.0,3081354.0,-25233.0,2961131.0,263054.0,193454.0,253245.0,1217142.0,1256871.0,14496227.0,564548.0,435118.0,558196.0,879905.0,3770618.0,472878.0,2483733.0,692559.0,271641.0,457142.0
2020-04-01,-282276.0,295854.0,126073.0,1069807.6666666667,1455744.0,90168.0,1015143.0,1814401.0,-10853.0,1567725.0,529100.0,1119381.0,3552634.0,1204606.0,636502.0,345159.0,197307.0,2488154.3333333335,4025974.0,19935444.0,272183.3333333333,1596892.0,3270358.0,2057824.0,8261084.0,2676473.0,2350926.0,228507.0,388185.0,1110023.0,1067792.0,486771.0,874262.0,-536525.0,693463.0,2929710.0,-271423.0,2734481.0,262112.0,155405.0,225610.0,1231944.0,1088107.0,13175637.0,382412.0,468409.0,549391.0,818153.0,3292167.0,470464.0,2458248.0,609315.0,172841.0,300385.0
2020-07-01,98975.0,394523.0,132652.0,1060811.6666666667,1751739.0,86202.0,1120484.0,2105083.0,-8285.0,1526503.0,458266.0,1154569.0,3802372.0,1211027.0,855565.0,408878.0,259149.0,2897120.0,4001570.0,21684551.0,273045.0,1654043.0,3901347.0,2408136.0,9104500.0,2702604.0,2801482.0,240195.0,416476.0,1133639.0,1195777.0,598001.0,880236.0,-696399.0,646267.0,3163528.0,107260.0,2852216.0,283824.0,216760.0,250593.0,1298830.0,1176515.0,14478033.0,461867.0,528099.0,571766.0,950156.0,3564412.6666666665,475672.0,2475067.0,598092.0,213220.0,345244.0
2020-10-01,78055.0,405678.0,138947.0,1065180.0,1785224.0,86963.0,1158835.0,2268891.0,-7250.0,1538559.0,449935.0,1188136.0,3968294.0,1208759.0,851876.0,411568.0,260153.0,3015877.6666666665,4027995.0,22068767.0,277485.0,1697433.0,4046349.0,2507258.0,9333076.0,2730834.0,3027199.0,248459.0,425126.0,1176382.0,1247499.0,607286.0,913977.0,-758308.0,624582.0,3184497.0,85305.0,2934089.0,286178.0,223843.0,257590.0,1309908.0,1219921.0,14752732.0,472001.0,542527.0,594779.0,1034205.0,3667062.6666666665,494640.0,2489436.0,598872.0,227660.0,363049.0
2021-01-01,-41219.0,438402.0,147583.0,1108402.3333333333,1917391.0,86451.0,1180757.0,2381224.0,2888.0,1613433.0,434283.0,1226420.0,4086717.0,1252676.0,903164.0,441571.0,318648.0,3182198.0,4147626.0,22656793.0,274139.3333333333,1691017.0,4045497.0,2533956.0,9576198.0,2771668.0,3176982.0,249801.0,437383.0,1206869.0,1256734.0,672563.0,905020.0,-795758.0,708413.0,3331555.0,-44107.0,3000219.0,289800.0,235312.0,259839.0,1321828.0,1261131.0,15259427.0,503919.0,567946.0,610267.0,1086498.0,3757013.0,510152.0,2534194.0,612592.0,233734.0,375941.0
2021-04-01,-164611.0,481685.0,142026.0,1116090.6666666667,2050319.0,88352.0,1196735.0,2505032.0,-1610.0,1597407.0,418837.0,1254694.0,4182192.0,1282147.0,1040681.0,455353.0,369256.0,3353302.6666666665,4170015.0,23368861.0,273914.6666666667,1734255.0,4017581.0,2622981.0,10053863.0,2808630.0,3340114.0,265102.0,436596.0,1247913.0,1315418.0,744635.0,909145.0,-835082.0,688262.0,3493328.0,-163002.0,3067327.0,294571.0,253314.0,260576.0,1360240.0,1317337.0,16016346.0,559268.0,597018.0,629818.0,1114865.0,3933861.6666666665,529743.0,2572609.0,622679.0,234460.0,450273.0
2021-07-01,1807.0,477078.0,144336.0,1128970.0,1953274.0,91980.0,1178645.0,2570103.0,-1450.0,1584959.0,437632.0,1279429.0,4231018.0,1301170.0,1113567.0,447148.0,403592.0,3366258.6666666665,4213970.0,23921991.0,275686.6666666667,1768798.0,4232825.0,2677615.0,10424398.0,2857931.0,3458783.0,274569.0,432639.0,1277154.0,1331166.0,665178.0,908805.0,-888680.0,676154.0,3548573.0,3257.0,3085885.0,288303.0,256228.0,264181.0,1366733.0,1376587.0,16363876.0,604967.0,584720.0,644611.0,1145132.0,4097995.3333333335,540563.0,2629011.0,630086.0,207257.0,514301.0
2021-10-01,252794.0,485150.0,155364.0,1146916.3333333333,2040082.0,95712.0,1198413.0,2765360.0,-5519.0,1616937.0,472516.0,1304107.0,4346390.0,1331499.0,1135781.0,459184.0,451580.0,3547864.3333333335,4282318.0,24777038.0,280523.3333333333,1825540.0,4599184.0,2722669.0,10636566.0,2910268.0,3685956.0,282817.0,461685.0,1316650.0,1353024.0,706952.0,911712.0,-920596.0,705225.0,3666969.0,258313.0,3162920.0,306321.0,264759.0,270606.0,1398740.0,1394434.0,16816132.0,639469.0,609187.0,666350.0,1183470.0,4207951.333333333,554588.0,2665381.0,647857.0,183305.0,529838.0
2022-01-01,244937.0,484170.0,166977.0,1157972.0,2084495.0,96190.0,1267914.0,2848698.0,-10899.0,1606486.0,503372.0,1309536.0,4539883.0,1357236.0,1150154.0,469611.0,496551.0,3682987.6666666665,4332610.0,25215491.0,286231.3333333333,1850064.0,4784820.0,2753784.0,10825635.0,2997529.0,3925742.0,295118.0,489103.0,1360340.0,1346692.0,735363.0,903677.0,-1077044.0,702809.0,3761604.0,255836.0,3319478.0,322127.0,263840.0,291932.0,1423646.0,1424302.0,17175105.0,650789.0,615681.0,687792.0,1220405.0,4300194.333333333,576359.0,2726124.0,691224.0,191761.0,539541.0
2022-04-01,116971.0,494624.0,158011.0,1186677.3333333333,2078816.0,102002.0,1298830.0,3071551.0,-13484.0,1622073.0,536431.0,1312554.0,4669571.0,1385731.0,1234227.0,477594.0,563980.0,3822270.6666666665,4437609.0,25805791.0,292525.6666666667,1877384.0,4786542.0,2772666.0,11096233.0,3080457.0,4093663.0,297792.0,480695.0,1409589.0,1340953.0,727423.0,928771.0,-1022113.0,693302.0,3892273.0,130455.0,3443770.0,322684.0,267977.0,305191.0,1447939.0,1451531.0,17603753.0,672612.0,605821.0,710782.0,1225801.0,4434051.666666667,596806.0,2815536.0,735351.0,215151.0,572186.0
2022-07-01,73821.0,495197.0,167156.0,1196757.0,2083410.0,106097.0,1340446.0,3102550.0,-15246.0,1641380.0,552835.0,1334773.0,4727803.0,1411155.0,1265657.0,478539.0,511464.0,3786284.0,4480050.0,26272011.0,296592.6666666667,1939467.0,4801624.0,2835349.0,11350437.0,3149830.0,3988447.0,297522.0,490016.0,1441793.0,1386632.0,723236.0,930770.0,-885897.0,710610.0,3889552.0,89067.0,3563950.0,322860.0,270964.0,312620.0,1471737.0,1499893.0,17876234.0,682885.0,610672.0,722687.0,1163853.0,4536126.333333333,613009.0,2838670.0,781711.0,240287.0,582050.0
2022-10-01,162858.0,497116.0,156263.0,1213970.0,2065421.0,106394.0,1363606.0,3046718.0,-9492.0,1694203.0,554809.0,1359323.0,4749042.0,1429079.0,1291759.0,476262.0,486485.0,3723388.0,4564792.0,26734277.0,307627.3333333333,1979920.0,4911900.0,2900963.0,11587290.0,3228416.0,3897402.0,304751.0,469767.0,1464227.0,1425111.0,719470.0,956868.0,-850685.0,737335.0,3900750.0,172351.0,3643894.0,313504.0,267287.0,316849.0,1488070.0,1511252.0,18108270.0,702608.0,602402.0,736332.0,1105148.0,4627408.333333333,621501.0,2870589.0,816061.0,272239.0,592970.0
2023-01-01,20894.0,508141.0,149250.0,1226948.0,2146358.0,108441.0,1390069.0,3060562.0,-6725.0,1731621.0,546491.0,1389437.0,4826317.0,1436089.0,1336093.0,485510.0,469350.0,3760063.0,4624586.0,27164359.0,314580.6666666667,1998760.0,4847210.0,2983283.0,11874896.0,3275164.0,3874210.0,310847.0,469935.0,1494649.0,1452269.0,763998.0,976929.0,-813648.0,754692.0,3938465.0,27619.0,3742299.0,320686.0,273394.0,316776.0,1524885.0,1555643.0,18506211.0,726943.0,623456.0,750401.0,1084017.0,4720265.0,635807.0,2892965.0,857581.0,292511.0,608334.0
2023-04-01,10.0,504785.0,150272.0,1224773.0,2143083.0,111045.0,1432118.0,2995524.0,-2270.0,1741785.0,548399.0,1437162.0,4925655.0,1434839.0,1344921.0,476987.0,459125.0,3702583.3333333335,4645905.0,27453815.0,323862.3333333333,2023800.0,4925665.0,3029926.0,12049188.0,3317036.0,3799003.0,313648.0,465843.0,1512881.0,1475401.0,761744.0,989426.0,-803479.0,752360.0,3945054.0,2281.0,3833706.0,315570.0,274202.0,322710.0,1546305.0,1579381.0,18685724.0,730623.0,630150.0,762505.0,1091949.0,4790833.666666667,639332.0,2904120.0,888707.0,329917.0,610138.0
2023-07-01,89189.0,513044.0,148491.0,1252977.0,2141719.0,110980.0,1437247.0,3062041.0,748.0,1780921.0,559390.0,1459329.0,4974163.0,1447551.0,1373384.0,479979.0,476161.0,3754810.3333333335,4756448.0,27967697.0,332505.3333333333,2046329.0,5063353.0,3068561.0,12221665.0,3377429.0,3843132.0,313281.0,463585.0,1527438.0,1486938.0,743421.0,1016605.0,-781091.0,764316.0,4006212.0,88441.0,3848821.0,315094.0,276807.0,323659.0,1569456.0,1580737.0,18928987.0,745086.0,641513.0,769159.0,1125342.0,4856576.333333333,647298.0,2975527.0,884136.0,336722.0,617141.0
2023-10-01,56688.0,514515.0,156961.0,1260575.0,2139317.0,111455.0,1443940.0,3091748.0,-2906.0,1796179.0,561985.0,1459170.0,5046126.0,1457565.0,1403356.0,479107.0,463983.0,3771846.3333333335,4815150.0,28296967.0,344475.3333333333,2090675.0,5102814.0,3148823.0,12433410.0,3421204.0,3882899.0,314469.0,475339.0,1551742.0,1528690.0,730739.0,1025416.0,-791152.0,770763.0,4035441.0,59594.0,3901469.0,318378.0,281243.0,326561.0,1599377.0,1614274.0,19170154.0,754598.0,648228.0,779719.0,1144657.0,4943087.0,660569.0,3018972.0,905787.0,327571.0,631986.0
2024-01-01,21404.0,517278.0,168113.0,1280029.6666666667,2127316.0,113895.0,1458801.0,3125421.0,-3502.0,1810259.0,587019.0,1516434.0,5138499.0,1464852.0,1409366.0,478267.0,443257.0,3785309.0,4880960.0,28624069.0,346957.3333333333,2158006.0,5159903.0,3233571.0,12688903.0,3479743.0,3966989.0,324028.0,483737.0,1584094.0,1570987.0,711876.0,1028387.0,-841569.0,781872.0,4021536.0,24906.0,3957828.0,315624.0,285457.0,330389.0,1596150.0,1643105.0,19424775.0,769117.0,651717.0,794986.0,1180671.0,5053752.333333333,675213.0,3070701.0,914933.0,320648.0,637568.0
2024-04-01,96792.0,521180.0,176091.0,1294046.3333333333,2141834.0,113531.0,1499691.0,3154321.0,7737.0,1842179.0,621315.0,1535832.0,5201053.0,1471392.0,1417458.0,480501.0,456193.0,3836947.6666666665,4943041.0,29016714.0,353634.0,2190409.0,5297844.0,3274327.0,12856759.0,3533959.0,4061192.0,323234.0,495124.0,1602738.0,1569094.0,715598.0,1051468.0,-906870.0,790711.0,4062791.0,89054.0,4018471.0,319033.0,287354.0,331514.0,1614025.0,1662166.0,19682699.0,773584.0,658380.0,798551.0,1182582.0,5129123.0,690656.0,3100862.0,916042.0,349819.0,659434.0
2024-07-01,75970.0,523429.0,191020.0,1315885.3333333333,2168449.0,113842.0,1548052.0,3220292.0,9673.0,1893446.0,643539.0,1572089.0,5269195.0,1487329.0,1431520.0,489318.0,436586.0,3895072.3333333335,5035008.0,29374914.0,362450.3333333333,2253616.0,5345165.0,3344044.0,13029774.0,3575302.0,4163975.0,329087.0,518351.0,1632753.0,1610077.0,723241.0,1091304.0,-943684.0,802142.0,4096664.0,66296.0,4089446.0,327331.0,290637.0,328182.0,1649320.0,1673537.0,19938425.0,778912.0,665253.0,811635.0,1179749.0,5212491.333333333,707275.0,3141562.0,908641.0,372432.0,654371.0
2024-10-01,13634.0,528815.0,181640.0,1332292.6666666667,2232163.0,114251.0,1516876.0,3220929.0,10086.0,1924702.0,647518.0,1606371.0,5275129.0,1503915.0,1455087.0,496016.0,423196.0,3900748.6666666665,5099730.0,29723864.0,367617.0,2274482.0,5288763.0,3405051.0,13253144.0,3622333.0,4141013.0,329167.0,510751.0,1643305.0,1626964.0,763793.0,1110551.0,-920084.0,814152.0,4122631.0,3549.0,4073923.0,329111.0,295594.0,321710.0,1666705.0,1694942.0,20255455.0,794789.0,676759.0,814516.0,1201206.0,5305050.333333333,714538.0,3175027.0,913742.0,355248.0,674571.0
