Date,Clothing and footwear,Computers and peripheral equipment,Consumption expenditures,Durable goods,Energy goods and services,"Entertainment, literary, and artistic originals",Equipment,Federal,Final consumption expenditures of nonprofit institutions serving households (NPISHs),Final sales of computers to domestic purchasers,Final sales of domestic product,Final sales to domestic purchasers,Financial services and insurance,Fixed investment,Food,Food and beverages purchased for off-premises consumption,Food services and accommodations,Furnishings and durable household equipment,Gasoline and other energy goods,Goods,Government consumption expenditures and gross investment,Gross domestic product,Gross domestic product excluding final sales of computers,Gross domestic product excluding food and energy,Gross domestic purchases,Gross domestic purchases excluding final sales of computers to domestic purchasers,Gross domestic purchases excluding food and energy,Gross investment,Gross private domestic investment,Health care,Household consumption expenditures,Housing and utilities,Industrial equipment,Information processing equipment,Intellectual property products,Motor vehicles and parts,National defense,Nondefense,Nondurable goods,Nonresidential,Other,Other durable goods,Other equipment,Other nondurable goods,Other services,Personal consumption expenditures,Recreation services,Recreational goods and vehicles,Research and development,Residential,Services,Software,State and local,Structures,Transportation equipment,Transportation services
1947-01-01,44.63,,6.453,51.892,,10.943,35.341,9.668,31.784,,11.015,10.881,6.156,14.837,,13.226,7.359,48.665,6.783,22.699,7.184,11.148,,,11.013,,,13.418333333333331,15.866,3.407,6.67,8.041,7.874,628.474,22.342,21.145,9.616,9.134,14.928,19.181,86.431,31.938,9.848,12.334,7.274,11.557,8.593,314.697,13.275,7.186,7.029,,5.186,5.236,14.487,7.292
1947-04-01,45.512,,6.338333333333334,52.369,,11.096,36.836,9.555,32.047,,11.164,10.997,6.202,15.396,,13.261,7.375,49.32,6.975,22.917,7.166,11.3,,,11.132,,,13.450333333333333,16.473,3.48,6.706,8.083,8.228,650.591,22.569,21.162,9.572,8.691,15.074,19.763,89.472,32.307,10.607,12.44,7.319,11.649,8.612,318.534,13.363,7.584,7.068,,5.268,5.303,14.694,7.271
1947-07-01,45.948,,6.378666666666667,52.662,,11.419,37.664,9.169,33.329,,11.328,11.142,6.404,15.781,,13.544,7.524,49.807,7.188,23.267,7.029,11.478,,,11.292,,,14.628666666666666,17.022,3.669,6.863,8.243,8.39,662.84,23.036,21.482,8.825,9.752,15.346,20.284,91.157,31.649,10.998,12.604,7.517,11.866,8.775,317.415,13.54,7.751,7.237,,5.38,5.489,14.911,7.274
1947-10-01,46.862,,6.5,53.348,,11.726,38.013,9.184,34.164,,11.574,11.39,6.507,16.105,,14.033,7.782,50.461,7.513,23.88,7.118,11.714,,,11.528,,,14.419666666666666,17.227,3.749,7.018,8.475,8.639,667.298,23.561,21.792,8.82,9.905,15.81,20.652,91.77,31.852,10.74,12.834,7.62,12.162,8.941,322.419,13.804,7.943,7.401,,5.552,5.673,15.212,7.293
1948-01-01,47.826,,6.441333333333334,53.756,,11.446,37.805,9.259,34.577,,11.702,11.528,6.526,16.265,,14.17,7.841,50.767,7.857,24.223,7.252,11.849,,,11.674,,,14.506,17.448,3.725,7.058,8.551,8.559,659.381,23.622,22.03,9.04,9.304,16.07,20.762,90.681,31.86,10.644,13.024,7.678,12.297,8.844,326.079,14.154,8.085,7.444,,5.757,5.824,15.264,7.359
1948-04-01,48.6,,6.461333333333333,54.461,,11.644,38.916,9.336,35.215,,11.84,11.675,6.608,16.62,,14.234,7.87,51.422,8.066,24.482,7.35,11.989,,,11.823,,,14.707666666666666,17.823,3.764,7.125,8.606,8.723,663.381,24.015,22.297,9.187,9.143,16.23,21.343,91.231,32.194,11.349,13.14,7.767,12.424,8.944,331.949,14.388,8.173,7.518,,5.883,5.984,15.458,7.555
1948-07-01,48.881,,6.530333333333334,56.356,,11.905,40.532,9.433,35.833,,12.05,11.892,6.72,17.124,,14.325,7.925,52.131,8.209,24.859,7.497,12.198,,,12.038,,,15.182333333333334,18.313,3.818,7.232,8.68,9.164,670.144,24.361,24.034,9.327,9.116,16.388,22.074,92.161,32.457,11.829,13.412,7.871,12.614,9.139,341.127,14.508,8.36,7.631,,6.094,6.138,16.134,8.005
1948-10-01,48.886,,6.558333333333334,56.459,,11.791,41.266,9.439,35.842,,12.056,11.9,6.742,17.309,,14.003,7.773,52.28,8.268,24.673,7.543,12.193,,,12.037,,,15.087333333333333,18.418,3.804,7.259,8.756,9.457,673.278,24.254,23.839,9.367,9.025,16.218,22.373,92.592,32.659,11.781,13.428,7.902,12.574,9.268,347.675,14.512,8.405,7.659,,6.188,6.195,16.685,8.328
1949-01-01,47.758,,6.779,56.269,,11.989,41.205,9.735,35.528,,12.021,11.866,6.725,17.278,,13.808,7.697,51.441,8.242,24.368,7.658,12.153,,,11.998,,,15.203333333333333,18.363,3.807,7.256,8.836,9.515,673.35,24.189,23.938,9.538,9.668,15.971,22.22,92.602,32.744,11.707,13.222,7.917,12.475,9.05,350.593,14.213,8.471,7.654,,6.123,6.09,16.622,8.287
1949-04-01,46.78,,6.768000000000001,55.9,,11.986,41.451,9.726,35.53,,11.948,11.801,6.739,17.254,,13.669,7.654,50.43,8.23,24.091,7.608,12.078,,,11.93,,,15.074333333333334,18.33,3.826,7.272,8.867,9.486,669.518,24.111,24.004,9.51,9.717,15.766,22.186,92.075,32.625,11.948,12.989,7.945,12.399,9.178,350.742,14.114,8.461,7.669,,6.027,6.006,16.674,8.288
1949-07-01,45.948,,6.7459999999999996,55.22,,11.949,41.313,9.648,35.679,,11.862,11.723,6.769,17.067,,13.516,7.607,49.979,8.214,23.812,7.563,11.991,,,11.851,,,14.695666666666668,18.139,3.838,7.294,8.907,9.397,668.326,24.064,23.738,9.458,9.573,15.587,22.101,91.911,31.659,12.009,12.872,7.997,12.327,9.278,347.74,14.097,8.264,7.694,,6.013,5.975,16.562,8.323
1949-10-01,45.343,,6.871333333333333,55.154,,11.895,40.855,9.833,35.943,,11.859,11.729,6.82,17.005,,13.439,7.608,49.854,8.191,23.671,7.629,11.988,,,11.856,,,14.716000000000001,18.062,3.851,7.347,8.986,9.229,673.996,24.055,23.749,9.617,9.829,15.469,21.972,92.691,31.51,11.63,12.763,8.054,12.317,9.332,348.534,14.152,8.268,7.749,,5.973,5.987,16.624,8.497
1950-01-01,45.104,,6.894666666666667,54.986,,11.798,40.982,9.891,36.199,,11.828,11.714,6.86,17.002,,13.305,7.584,49.595,8.199,23.544,7.625,11.954,,,11.839,,,14.876333333333333,18.039,3.862,7.377,9.089,9.361,683.718,24.058,23.786,9.654,9.953,15.371,21.998,94.028,31.357,11.517,12.742,8.08,12.297,9.115,344.525,14.278,8.256,7.781,,5.916,5.975,16.685,8.565
1950-04-01,45.182,,6.852666666666667,55.408,,11.879,41.674,9.778,36.404,,11.88,11.773,6.839,17.276,,13.403,7.653,50.191,8.216,23.674,7.594,12.004,,,11.897,,,14.595666666666666,18.306,3.867,7.403,9.127,9.523,676.692,24.322,23.978,9.603,9.69,15.442,22.211,93.062,31.454,11.905,12.769,8.076,12.356,9.226,342.508,14.489,8.468,7.81,,5.956,5.956,16.874,8.584
1950-07-01,46.235,,6.878666666666668,56.176,,12.161,42.544,9.894,37.281,,12.127,12.029,6.889,17.76,,13.848,7.88,51.794,8.363,24.257,7.736,12.254,,,12.155,,,14.788666666666666,18.815,3.922,7.514,9.203,9.915,684.816,24.858,23.938,9.813,9.48,15.885,22.681,94.179,31.739,12.248,13.146,8.193,12.614,9.374,347.445,14.784,8.79,7.93,,6.124,6.084,16.934,8.761
1950-10-01,47.825,,6.705333333333333,57.103,,12.413,43.779,9.841,38.48,,12.312,12.226,6.946,18.093,,14.135,7.986,53.654,8.466,24.768,7.803,12.45,,,12.364,,,15.459666666666669,19.236,3.995,7.606,9.257,10.372,697.838,25.437,23.99,9.846,9.059,16.249,23.428,95.97,32.141,12.695,13.42,8.336,12.839,9.423,350.824,15.162,8.775,8.031,,6.3,6.342,17.168,8.987
1951-01-01,49.573,,7.320333333333334,59.215,,12.254,45.164,10.342,39.624,,12.72,12.644,6.948,18.691,,14.942,8.337,56.111,8.564,25.777,8.146,12.871,,,12.793,,,16.064,19.933,4.06,7.742,9.378,11.026,722.554,25.717,24.736,10.116,10.562,16.935,24.203,99.369,33.435,12.866,13.781,8.474,13.247,9.346,359.624,15.624,9.062,8.178,,6.513,6.598,17.508,9.155
1951-04-01,50.339,,7.1306666666666665,59.609,,12.368,45.736,10.149,40.166,,12.79,12.72,6.929,18.973,,15.085,8.351,56.855,8.544,25.998,8.09,12.945,,,12.875,,,16.343333333333334,20.245,4.085,7.797,9.458,11.065,727.207,26.119,24.908,9.939,10.216,17.088,24.615,100.009,33.469,13.117,13.871,8.541,13.353,9.542,355.37,15.945,9.167,8.238,,6.622,6.759,17.781,9.286
1951-07-01,50.357,,7.1433333333333335,59.632,,12.417,45.943,10.176,40.429,,12.839,12.765,6.941,19.121,,15.043,8.292,56.697,8.486,25.962,8.147,12.987,,,12.913,,,16.635333333333335,20.331,4.08,7.839,9.552,10.996,731.74,26.342,24.988,9.957,10.247,17.052,24.836,100.632,33.94,13.084,13.863,8.604,13.371,9.702,352.147,16.134,9.216,8.282,,6.737,6.871,18.12,9.414
1951-10-01,50.183,,7.274333333333334,60.207,,12.609,46.488,10.326,40.573,,13.011,12.929,7.026,19.316,,15.384,8.461,56.517,8.573,26.273,8.26,13.158,,,13.075,,,16.643666666666668,20.516,4.138,7.961,9.699,11.089,725.539,26.561,25.958,10.105,10.365,17.268,25.101,99.779,33.623,13.224,13.953,8.742,13.548,9.78,346.851,16.189,9.301,8.408,,6.821,6.935,18.545,9.534
1952-01-01,49.821,,7.329000000000001,60.618,,12.569,46.634,10.189,40.453,,13.03,12.942,7.14,19.404,,15.458,8.512,56.432,8.631,26.336,8.184,13.175,,,13.086,,,16.655666666666665,20.585,4.21,8.02,9.781,10.968,730.641,26.453,26.583,9.914,10.708,17.285,25.21,100.481,33.48,13.196,13.917,8.817,13.606,9.663,344.273,16.11,9.348,8.467,,6.829,6.993,18.931,9.477
1952-04-01,48.895,,7.422,59.904,,12.6,46.914,10.315,40.279,,13.083,12.988,7.279,19.491,,15.455,8.525,55.824,8.673,26.184,8.285,13.225,,,13.129,,,16.808333333333334,20.648,4.265,8.086,9.849,11.206,724.009,26.445,26.13,10.042,10.824,17.22,25.269,99.569,33.424,13.076,13.906,8.87,13.603,9.881,341.056,16.076,9.429,8.534,,6.915,6.97,19.139,9.585
1952-07-01,48.412,,7.511666666666667,60.524,,12.727,46.755,10.399,40.314,,13.184,13.08,7.478,19.527,,15.543,8.587,55.964,8.738,26.281,8.382,13.325,,,13.22,,,17.037000000000003,20.667,4.333,8.174,9.905,11.118,705.607,26.555,26.846,10.12,10.951,17.25,25.209,97.038,33.426,13.168,13.932,8.943,13.692,10.113,340.683,16.086,9.519,8.624,,7.059,6.955,19.155,9.796
1952-10-01,49.932,,7.633666666666667,59.103,,12.727,46.727,10.551,40.091,,13.236,13.123,7.657,19.492,,15.461,8.565,55.69,8.746,26.212,8.469,13.372,,,13.258,,,16.946,20.579,4.36,8.24,10.024,11.164,695.185,26.613,25.17,10.27,11.096,17.322,25.224,95.605,33.826,13.247,13.925,8.991,13.715,10.111,338.835,16.142,9.461,8.69,,7.053,6.969,19.03,9.925
1953-01-01,50.004,,7.631333333333333,59.678,,12.918,46.696,10.418,40.645,,13.254,13.134,7.957,19.516,,15.24,8.471,55.738,8.834,26.19,8.414,13.385,,,13.264,,,16.898,20.556,4.452,8.324,10.156,11.246,704.192,26.859,25.905,10.117,11.151,17.247,25.261,96.844,33.719,13.205,14.036,9.142,13.766,9.992,336.527,16.242,9.467,8.78,,7.124,6.99,18.798,9.949
1953-04-01,49.082,,7.690333333333332,59.746,,12.982,46.928,10.458,40.74,,13.288,13.163,8.135,19.627,,15.135,8.438,55.992,8.944,26.114,8.431,13.417,,,13.291,,,16.782,20.646,4.462,8.388,10.252,11.431,710.722,26.969,25.945,10.146,11.266,17.174,25.465,97.742,33.548,13.383,14.181,9.183,13.786,10.286,336.548,16.3,9.478,8.846,,7.102,7.089,18.5,10.079
1953-07-01,48.865,,7.698666666666667,59.363,,13.062,47.151,10.42,41.163,,13.339,13.212,8.312,19.781,,15.166,8.479,56.291,9.129,26.11,8.407,13.467,,,13.34,,,16.887,20.796,4.516,8.498,10.405,11.526,713.638,27.046,25.355,10.085,11.392,17.21,25.656,98.143,33.749,13.506,14.167,9.276,13.861,10.563,338.182,16.318,9.56,8.961,,7.1,7.181,18.451,10.224
1953-10-01,48.644,,7.781,59.479,,13.094,47.059,10.484,41.49,,13.379,13.254,8.414,19.735,,15.172,8.506,56.278,9.209,26.117,8.438,13.507,,,13.382,,,16.536666666666665,20.739,4.554,8.583,10.544,11.514,717.017,27.044,25.545,10.151,11.434,17.205,25.618,98.607,33.753,13.62,14.126,9.337,13.921,10.747,336.254,16.294,9.522,9.05,,7.084,7.17,18.189,10.344
1954-01-01,49.206,,7.802,59.953,,13.406,47.788,10.593,41.915,,13.434,13.317,8.47,19.75,,15.201,8.544,56.081,9.204,26.235,8.491,13.564,,,13.447,,,16.542333333333335,20.774,4.621,8.631,10.605,11.722,706.143,27.198,26.201,10.287,11.335,17.262,25.721,97.112,33.825,13.631,14.125,9.414,13.991,10.57,334.112,16.234,9.471,9.102,,7.059,7.071,18.864,10.368
1954-04-01,49.132,,7.910333333333334,58.447,,13.389,48.512,10.641,41.92,,13.458,13.346,8.472,19.823,,15.297,8.62,56.029,9.207,26.134,8.575,13.589,,,13.476,,,16.470333333333333,20.85,4.639,8.648,10.599,11.7,714.538,27.154,24.761,10.323,11.461,17.319,25.832,98.266,33.277,13.729,14.158,9.359,13.972,10.741,328.847,16.203,9.498,9.119,,7.219,7.0,19.688,10.467
1954-07-01,49.502,,7.931333333333332,57.489,,13.39,47.908,10.72,42.054,,13.448,13.34,8.496,19.821,,15.138,8.566,55.79,9.157,25.948,8.633,13.577,,,13.469,,,16.656000000000002,20.834,4.66,8.663,10.618,11.551,715.984,27.162,24.1,10.417,11.419,17.25,25.663,98.465,32.604,13.672,14.176,9.37,13.926,10.949,322.979,16.21,9.608,9.135,,7.257,7.003,19.189,10.52
1954-10-01,49.244,,7.994666666666667,57.154,,13.341,47.998,10.821,42.292,,13.467,13.359,8.551,19.837,,15.027,8.544,55.341,9.135,25.816,8.706,13.595,,,13.487,,,16.67,20.841,4.687,8.7,10.661,11.587,736.847,27.174,24.132,10.522,11.474,17.169,25.703,101.335,32.289,13.479,14.201,9.414,13.912,11.136,318.288,16.256,9.605,9.175,,7.301,7.012,19.276,10.607
1955-01-01,49.065,,8.138333333333334,57.51,,13.859,47.612,10.939,42.653,,13.519,13.403,8.65,19.85,,15.01,8.579,55.324,9.184,25.853,8.75,13.646,,,13.529,,,16.473666666666666,20.843,4.77,8.749,10.728,11.773,733.712,27.625,24.519,10.61,11.778,17.169,25.657,100.904,32.6,13.562,14.257,9.466,13.957,10.845,317.558,16.318,9.648,9.227,,7.249,7.031,18.385,10.649
1955-04-01,49.016,,8.292333333333334,57.792,,13.86,47.821,11.2,42.787,,13.595,13.476,8.685,19.981,,14.906,8.555,55.298,9.233,25.83,8.9,13.722,,,13.603,,,16.624333333333336,20.971,4.793,8.78,10.775,11.876,723.34,27.703,24.904,10.875,11.983,17.12,25.799,99.477,32.532,13.579,14.266,9.479,13.971,11.068,315.195,16.395,9.729,9.26,,7.279,7.088,18.56,10.712
1955-07-01,49.238,,8.252,58.342,,13.93,48.678,11.28,43.202,,13.688,13.567,8.736,20.221,,14.855,8.546,55.477,9.315,25.916,8.994,13.816,,,13.694,,,16.895666666666667,21.219,4.817,8.821,10.799,12.072,722.133,27.878,25.377,11.01,11.699,17.137,26.191,99.311,32.58,13.823,14.319,9.551,14.026,11.392,315.715,16.512,9.795,9.304,,7.403,7.185,19.046,10.765
1955-10-01,49.231,,8.319666666666667,58.497,,13.948,49.685,11.414,43.872,,13.778,13.654,8.82,20.481,,14.785,8.516,55.486,9.362,25.922,9.102,13.908,,,13.783,,,17.314333333333334,21.494,4.882,8.87,10.835,12.542,727.59,28.067,25.544,11.146,11.798,17.126,26.71,100.061,32.622,14.149,14.404,9.649,14.064,11.539,315.057,16.676,9.801,9.359,,7.493,7.345,19.15,10.838
1956-01-01,49.561,,8.395666666666667,58.72,,14.156,50.594,11.566,44.439,,13.912,13.784,8.895,20.901,,14.769,8.504,55.359,9.407,25.995,9.252,14.045,,,13.916,,,17.586333333333332,21.936,4.949,8.919,10.877,12.752,748.062,28.454,25.784,11.319,11.784,17.167,27.432,102.876,32.72,14.01,14.476,9.762,14.122,11.338,315.862,16.893,9.882,9.413,,7.664,7.67,19.95,10.99
1956-04-01,49.895,,8.526333333333334,58.846,,14.279,51.419,11.759,44.79,,14.043,13.912,8.928,21.128,,14.957,8.612,55.561,9.469,26.188,9.395,14.177,,,14.046,,,17.85833333333333,22.174,4.959,8.97,10.907,13.233,719.339,28.755,25.742,11.505,12.006,17.327,27.67,98.926,32.866,14.131,14.552,9.805,14.217,11.518,317.942,17.085,10.033,9.467,,7.764,7.646,20.43,11.105
1956-07-01,50.31,,8.553666666666667,59.697,,14.454,52.673,11.819,45.33,,14.198,14.062,8.992,21.479,,15.114,8.714,55.95,9.655,26.473,9.481,14.334,,,14.198,,,18.211000000000002,22.543,4.991,9.044,10.989,13.459,765.002,29.049,26.435,11.569,12.027,17.493,28.333,105.207,33.028,14.361,14.587,9.9,14.356,11.606,320.302,17.242,10.049,9.546,,7.894,7.853,20.896,11.15
1956-10-01,50.519,,8.568333333333333,60.476,,14.541,53.521,11.859,45.951,,14.285,14.147,9.077,21.638,,15.147,8.755,56.543,9.721,26.623,9.534,14.422,,,14.283,,,18.26066666666667,22.707,5.048,9.097,11.017,13.861,756.904,29.244,26.943,11.625,11.948,17.546,28.699,104.095,33.086,14.533,14.61,9.995,14.44,11.719,323.685,17.363,10.005,9.605,,7.97,7.931,21.214,11.179
1957-01-01,50.666,,8.743,60.962,,14.877,54.541,12.117,46.645,,14.449,14.303,9.2,21.844,,15.287,8.865,56.476,9.924,26.86,9.702,14.587,,,14.44,,,18.505,22.922,5.118,9.179,11.067,14.129,778.424,29.551,27.516,11.88,12.197,17.708,29.132,107.058,32.926,14.679,14.737,10.089,14.57,11.786,324.351,17.443,9.976,9.693,,8.049,8.016,21.689,11.328
1957-04-01,50.748,,8.861333333333333,61.805,,15.037,54.567,12.204,46.947,,14.552,14.401,9.251,21.942,,15.345,8.9,56.768,10.041,27.065,9.798,14.69,,,14.538,,,18.715333333333334,23.015,5.15,9.221,11.092,14.126,775.479,29.733,28.123,11.945,12.437,17.804,29.289,106.652,33.198,14.748,14.878,10.137,14.662,11.917,329.149,17.512,10.0,9.738,,8.169,8.117,21.682,11.461
1957-07-01,50.84,,8.890666666666666,61.799,,15.198,54.997,12.29,47.395,,14.665,14.508,9.317,22.09,,15.561,8.993,56.888,10.025,27.276,9.859,14.803,,,14.645,,,18.832,23.157,5.222,9.299,11.163,14.384,773.577,29.905,27.966,12.04,12.427,17.994,29.485,106.385,33.216,14.959,15.165,10.229,14.781,11.991,332.539,17.57,10.068,9.821,,8.208,8.16,21.584,11.568
1957-10-01,51.012,,9.033333333333333,61.919,,15.234,55.825,12.447,47.675,,14.754,14.591,9.354,22.181,,15.61,8.966,57.036,10.02,27.371,9.94,14.89,,,14.727,,,18.973,23.24,5.286,9.367,11.246,14.655,806.638,29.984,27.909,12.172,12.744,18.066,29.706,110.922,33.224,15.424,15.312,10.336,14.858,12.195,336.815,17.619,10.03,9.894,,8.209,8.14,21.241,11.715
1958-01-01,51.034,,9.198666666666666,63.02,,15.707,55.75,12.589,47.899,,14.877,14.706,9.367,22.005,,16.071,9.127,57.354,10.063,27.819,10.007,15.015,,,14.843,,,18.70266666666667,23.044,5.342,9.436,11.267,14.577,788.708,30.337,28.907,12.309,12.906,18.353,29.429,108.44,33.105,15.279,15.386,10.434,15.041,12.461,341.445,17.659,9.984,9.967,,8.2,7.919,21.687,11.739
1958-04-01,51.045,,9.328333333333333,62.766,,15.834,56.085,12.705,48.004,,14.94,14.765,9.363,22.102,,16.21,9.174,56.646,9.851,27.833,10.1,15.079,,,14.902,,,18.87,23.16,5.35,9.47,11.332,14.659,793.565,30.482,28.869,12.401,13.177,18.388,29.603,109.125,33.29,15.311,15.403,10.441,15.069,12.51,342.283,17.715,9.995,10.001,,8.277,7.969,21.896,11.794
1958-07-01,51.04,,9.327,62.701,,15.85,56.141,12.808,48.71,,14.976,14.8,9.465,22.137,,16.09,9.141,56.326,9.909,27.762,10.172,15.115,,,14.938,,,19.017666666666667,23.197,5.418,9.514,11.385,14.695,794.732,30.573,29.057,12.533,13.066,18.333,29.671,109.303,33.19,15.303,15.399,10.498,15.08,12.411,339.616,17.785,9.995,10.048,,8.323,8.0,21.891,11.879
1958-10-01,51.013,,9.412,62.478,,15.846,56.239,12.887,48.959,,14.994,14.817,9.596,22.178,,16.011,9.19,56.371,9.744,27.631,10.222,15.134,,,14.957,,,19.086,23.248,5.472,9.562,11.44,14.72,793.354,30.668,28.901,12.6,13.231,18.239,29.741,109.139,33.144,15.324,15.355,10.504,15.074,12.316,335.729,17.87,10.003,10.097,,8.345,8.025,21.971,11.976
1959-01-01,51.208,1027770.359,9.526666666666666,63.568,,15.652,56.644,12.873,48.366,,15.067,14.894,9.926,22.209,,15.983,9.324,56.461,9.92,27.815,10.257,15.205,,,15.031,,,19.146666666666665,23.253,5.45,9.636,11.43,14.788,793.797,30.653,30.247,12.535,13.54,18.295,29.78,109.095,33.322,15.426,15.434,10.655,15.177,12.424,331.198,17.968,10.018,10.168,218.832,8.437,7.97,22.282,12.057
1959-04-01,51.365,850465.377,9.495333333333333,63.811,,15.9,56.992,12.85,49.136,,15.109,14.938,9.917,22.304,,15.892,9.453,56.735,9.999,27.849,10.247,15.249,,,15.076,,,19.151333333333334,23.359,5.507,9.703,11.508,14.927,797.071,30.91,30.449,12.529,13.432,18.3,29.967,109.586,33.353,15.541,15.551,10.666,15.239,12.631,329.558,18.05,10.025,10.245,217.977,8.441,8.016,22.335,12.159
1959-07-01,51.595,714858.29,9.449333333333334,63.8,,16.141,57.277,12.845,49.971,,15.173,14.999,9.976,22.374,,15.928,9.552,56.816,9.991,27.936,10.243,15.314,,,15.138,,,19.171333333333333,23.434,5.566,9.791,11.571,15.079,802.483,31.141,30.405,12.555,13.268,18.379,30.114,110.449,33.346,15.612,15.738,10.822,15.331,12.836,329.615,18.115,10.022,10.342,217.227,8.437,8.047,22.323,12.251
1959-10-01,51.709,662894.383,9.458666666666666,63.772,,16.375,57.411,12.854,49.628,,15.232,15.056,10.094,22.414,,15.914,9.611,56.827,10.214,28.01,10.252,15.373,,,15.196,,,19.151,23.478,5.676,9.881,11.648,15.187,805.438,31.343,30.373,12.568,13.258,18.448,30.185,111.073,33.321,15.584,15.822,10.936,15.415,12.995,329.725,18.163,10.029,10.433,215.658,8.446,8.053,22.331,12.312
1960-01-01,51.83,531877.598,9.485,63.679,,16.436,57.314,12.839,47.623,,15.262,15.082,10.24,22.446,,15.878,9.7,57.015,10.095,27.97,10.283,15.402,,,15.222,,,19.152666666666665,23.505,5.729,9.942,11.69,15.275,796.78,31.41,30.123,12.55,13.255,18.422,30.201,110.636,33.397,15.634,15.869,10.972,15.435,13.079,331.199,18.195,10.059,10.48,211.069,8.529,8.081,22.117,12.389
1960-04-01,52.106,734710.82,9.495,63.603,,16.452,57.6,12.825,46.011,,15.317,15.139,10.355,22.485,,16.079,9.725,57.189,10.095,28.11,10.294,15.457,,,15.277,,,19.166666666666668,23.537,5.887,10.011,11.727,15.303,800.437,31.433,29.921,12.53,13.272,18.554,30.222,110.237,33.435,15.734,15.873,11.04,15.515,13.14,332.428,18.215,10.097,10.537,207.196,8.565,8.032,22.278,12.412
1960-07-01,52.301,680841.297,9.682333333333334,63.408,,16.603,57.697,12.984,45.148,,15.385,15.205,10.48,22.48,,16.067,9.76,57.276,10.31,28.15,10.391,15.524,,,15.344,,,19.244333333333334,23.528,6.005,10.085,11.783,15.32,794.965,31.519,29.654,12.648,13.639,18.609,30.21,109.919,33.451,15.794,15.878,11.111,15.574,13.245,332.874,18.224,10.099,10.605,204.204,8.608,7.994,22.394,12.483
1960-10-01,52.401,609031.577,9.795,63.297,,16.719,57.639,13.13,45.076,,15.452,15.273,10.599,22.447,,16.227,9.781,57.359,10.336,28.256,10.481,15.592,,,15.413,,,19.243333333333332,23.496,6.071,10.139,11.826,15.282,791.245,31.576,29.506,12.802,13.728,18.714,30.129,109.968,33.437,15.878,15.896,11.158,15.642,13.31,332.439,18.221,10.111,10.66,201.987,8.648,7.941,22.341,12.587
1961-01-01,52.427,515399.183,9.829,63.308,,16.783,57.483,13.082,45.659,,15.469,15.287,10.604,22.404,,16.27,9.839,57.358,10.329,28.291,10.483,15.61,,,15.427,,,19.230333333333334,23.461,6.059,10.162,11.853,15.245,787.364,31.598,29.522,12.73,13.816,18.742,30.089,110.167,33.455,15.795,15.915,11.148,15.671,13.436,331.724,18.207,10.078,10.688,202.139,8.701,7.941,22.359,12.689
1961-04-01,52.317,556710.052,9.882666666666667,63.607,,16.842,57.313,13.121,46.247,,15.501,15.308,10.635,22.421,,16.151,9.902,57.439,10.053,28.174,10.542,15.641,,,15.448,,,19.282666666666668,23.474,6.039,10.203,11.912,15.171,791.814,31.628,29.874,12.77,13.843,18.611,30.068,110.232,33.355,15.732,15.923,11.182,15.67,13.501,331.103,18.2,10.118,10.734,202.288,8.786,7.956,22.238,12.809
1961-07-01,52.56,402206.991,9.880666666666665,63.897,,16.996,57.154,13.065,46.871,,15.533,15.341,10.79,22.414,,16.097,9.967,57.424,10.282,28.246,10.541,15.674,,,15.481,,,19.315,23.472,6.05,10.248,11.942,15.139,779.809,31.726,30.259,12.701,13.869,18.646,30.049,110.336,33.328,15.769,15.913,11.207,15.726,13.602,330.071,18.2,10.12,10.785,202.515,8.839,7.964,22.238,12.888
1961-10-01,52.538,414309.586,9.927999999999999,63.818,,17.105,57.047,13.12,46.988,,15.568,15.37,10.943,22.416,,16.057,10.041,57.39,10.221,28.198,10.597,15.71,,,15.511,,,19.425,23.477,6.078,10.291,11.949,15.117,780.996,31.803,30.223,12.754,13.929,18.611,30.066,110.276,33.305,15.766,15.919,11.25,15.743,13.697,328.924,18.208,10.112,10.83,202.68,8.901,7.993,22.102,12.94
1962-01-01,52.342,369306.926,10.038333333333334,63.826,,17.099,57.019,13.19,46.995,,15.647,15.439,11.123,22.433,,16.209,10.084,57.413,10.185,28.282,10.676,15.788,,,15.58,,,19.433666666666667,23.493,6.127,10.353,12.001,15.097,774.775,31.8,30.241,12.811,14.061,18.684,30.074,110.043,33.363,15.872,15.965,11.301,15.811,13.775,328.031,18.223,10.13,10.892,198.31,8.997,8.005,22.081,13.014
1962-04-01,52.548,381216.203,10.082333333333333,63.909,,17.21,57.021,13.263,47.123,,15.69,15.491,11.207,22.453,,16.246,10.15,57.347,10.248,28.347,10.724,15.831,,,15.631,,,19.496666666666666,23.507,6.188,10.405,12.019,15.14,773.385,31.859,30.473,12.888,14.106,18.733,30.115,109.719,32.941,15.942,15.969,11.368,15.867,13.847,327.177,18.226,10.128,10.946,196.004,9.023,8.031,21.965,13.116
1962-07-01,52.76,320449.483,10.097333333333333,64.119,,17.244,57.037,13.319,47.102,,15.728,15.527,11.194,22.447,,16.27,10.224,57.282,10.216,28.392,10.756,15.869,,,15.667,,,19.590333333333334,23.503,6.236,10.446,12.068,15.2,764.292,31.855,30.677,12.953,14.115,18.751,30.108,109.727,33.333,15.962,15.958,11.389,15.91,13.908,326.418,18.217,10.125,10.988,193.4,9.033,8.023,22.027,13.154
1962-10-01,52.821,268723.51,10.216000000000001,63.867,,17.32,56.837,13.344,47.177,,15.766,15.567,11.196,22.425,,16.339,10.279,57.292,10.444,28.47,10.796,15.907,,,15.707,,,19.700666666666667,23.481,6.289,10.482,12.079,15.231,754.874,31.859,30.436,12.913,14.442,18.849,30.084,110.061,33.242,15.948,15.987,11.46,15.958,13.997,325.707,18.195,10.111,11.025,190.809,9.092,8.046,21.907,13.148
1963-01-01,52.879,235868.584,10.357666666666667,63.888,,17.235,56.788,13.592,47.597,,15.844,15.649,11.231,22.429,,16.41,10.342,57.273,10.347,28.503,10.956,15.985,,,15.789,,,19.650000000000002,23.481,6.32,10.53,12.128,15.221,745.888,31.761,30.448,13.225,14.381,18.876,30.087,110.375,33.358,15.996,16.013,11.549,16.004,14.024,325.555,18.162,10.114,11.078,189.076,9.175,8.071,21.964,13.14
1963-04-01,52.977,225081.248,10.366999999999999,64.083,,17.347,56.676,13.582,47.805,,15.859,15.668,11.206,22.396,,16.344,10.394,57.285,10.223,28.506,10.979,15.999,,,15.807,,,19.726333333333333,23.439,6.354,10.563,12.16,15.204,742.383,31.798,30.641,13.209,14.398,18.857,30.079,110.623,33.321,15.993,16.15,11.598,16.029,14.103,326.171,18.15,10.074,11.113,187.3,9.233,8.086,21.909,13.149
1963-07-01,53.119,213937.283,10.347,64.264,,17.542,56.65,13.471,47.965,,15.877,15.692,11.275,22.327,,16.492,10.407,57.356,10.328,28.679,10.935,16.016,,,15.83,,,19.713333333333335,23.371,6.414,10.6,12.172,15.205,737.111,31.912,30.798,13.059,14.458,18.996,30.113,110.599,33.279,16.055,16.255,11.649,16.107,14.234,326.767,18.161,9.961,11.151,186.487,9.254,8.108,21.897,13.164
1963-10-01,53.342,205017.501,10.544,64.466,,17.761,56.615,13.796,48.047,,15.981,15.798,11.363,22.387,,16.501,10.474,57.534,10.297,28.747,11.127,16.121,,,15.937,,,19.812666666666665,23.436,6.454,10.656,12.22,15.233,732.392,32.065,30.901,13.431,14.575,19.034,30.131,110.473,33.619,16.13,16.348,11.708,16.166,14.37,326.232,18.193,10.026,11.209,186.148,9.328,8.114,21.799,13.203
1964-01-01,53.516,200755.201,10.687,64.559,,17.862,56.642,13.93,47.946,,16.041,15.862,11.515,22.322,,16.675,10.51,57.56,10.262,28.883,11.207,16.182,,,16.002,,,19.855666666666668,23.372,6.523,10.708,12.23,15.275,732.018,32.199,30.999,13.541,14.797,19.148,30.143,110.666,34.031,16.173,16.414,11.779,16.243,14.455,323.487,18.248,9.932,11.262,187.974,9.361,8.103,21.724,13.295
1964-04-01,53.637,194404.601,10.743,64.522,,18.119,56.689,13.944,47.899,,16.09,15.915,11.648,22.516,,16.691,10.569,57.529,10.155,28.874,11.235,16.229,,,16.053,,,19.954,23.557,6.574,10.762,12.265,15.316,730.505,32.366,30.951,13.515,14.968,19.144,30.29,110.906,34.287,16.209,16.421,11.842,16.278,14.518,322.623,18.272,10.092,11.316,188.693,9.405,8.196,21.711,13.311
1964-07-01,53.595,175183.978,10.933333333333332,64.452,,18.307,56.663,14.136,48.12,,16.169,15.986,11.765,22.548,,16.81,10.58,57.374,10.138,28.928,11.347,16.309,,,16.126,,,19.95866666666667,23.593,6.624,10.814,12.3,15.374,722.785,32.46,30.958,13.697,15.187,19.202,30.309,111.32,34.318,16.217,16.43,11.923,16.331,14.644,321.741,18.266,10.123,11.37,189.399,9.449,8.207,21.724,13.349
1964-10-01,53.569,165709.295,10.947000000000001,64.324,,18.438,56.613,14.117,48.194,,16.239,16.049,11.876,22.774,,16.898,10.604,57.238,10.257,28.997,11.361,16.378,,,16.188,,,19.980666666666668,23.813,6.692,10.862,12.317,15.438,722.479,32.48,30.882,13.667,15.207,19.28,30.453,112.178,34.366,16.152,16.462,11.996,16.385,14.699,321.064,18.23,10.342,11.419,189.075,9.495,8.336,21.642,13.396
1965-01-01,53.771,167265.847,11.036,64.335,,18.591,56.708,14.166,48.842,,16.31,16.107,11.872,22.788,,16.865,10.673,57.16,10.434,29.061,11.439,16.45,,,16.246,,,19.964000000000002,23.826,6.735,10.905,12.339,15.493,719.041,32.452,30.992,13.715,15.254,19.339,30.496,111.409,34.101,16.267,16.548,12.085,16.438,14.756,320.474,18.163,10.332,11.469,186.21,9.603,8.351,21.616,13.452
1965-04-01,53.885,149103.344,11.091,64.134,,18.879,56.675,14.243,49.275,,16.387,16.184,11.909,22.832,,17.103,10.708,57.126,10.532,29.23,11.507,16.527,,,16.323,,,20.060666666666666,23.872,6.79,10.95,12.365,15.549,706.978,32.539,30.802,13.807,15.274,19.521,30.57,111.387,34.289,16.284,16.656,12.148,16.522,14.841,318.994,18.125,10.341,11.518,184.976,9.666,8.412,21.691,13.539
1965-07-01,54.185,157876.652,11.219000000000001,63.814,,19.201,56.866,14.399,49.469,,16.463,16.263,12.013,22.88,,17.233,10.804,56.988,10.563,29.302,11.622,16.602,,,16.401,,,20.081,23.917,6.831,11.006,12.391,15.608,711.963,32.667,30.584,13.988,15.339,19.628,30.666,111.32,34.183,16.363,16.699,12.224,16.583,14.93,317.289,18.114,10.336,11.576,183.165,9.751,8.433,21.685,13.603
1965-10-01,54.344,133959.281,11.452333333333334,63.462,,19.379,56.649,14.713,49.948,,16.571,16.382,12.155,23.134,,17.229,10.91,56.949,10.677,29.303,11.807,16.711,,,16.521,,,20.184,24.173,6.88,11.075,12.436,15.671,693.511,32.755,30.399,14.331,15.546,19.673,30.812,111.397,33.726,16.431,16.739,12.303,16.634,14.979,314.393,18.131,10.617,11.65,181.57,9.83,8.599,21.577,13.678
1966-01-01,54.783,123094.255,11.575000000000001,63.378,,19.69,56.593,14.736,50.401,,16.673,16.472,12.416,23.035,,17.626,10.979,57.014,10.683,29.57,11.887,16.813,,,16.611,,,20.209666666666667,24.087,6.948,11.143,12.489,15.754,684.016,32.933,30.307,14.312,15.71,19.937,30.792,111.541,33.694,16.494,16.831,12.314,16.763,15.11,313.862,18.177,10.472,11.722,179.55,9.966,8.578,21.504,13.664
1966-04-01,55.236,110860.673,11.6,63.65,,19.917,56.764,14.74,50.942,,16.826,16.625,12.627,23.414,,17.818,11.108,57.241,10.707,29.784,11.971,16.965,,,16.764,,,20.442666666666664,24.454,7.047,11.244,12.536,15.879,675.251,33.072,30.465,14.306,15.749,20.105,31.077,112.317,34.002,16.637,16.948,12.468,16.899,15.24,313.79,18.213,10.851,11.829,178.642,10.128,8.766,21.579,13.71
1966-07-01,55.792,99287.932,11.794333333333334,63.932,,20.04,56.928,14.994,51.441,,16.975,16.761,12.806,23.416,,17.906,11.266,57.707,10.84,29.972,12.154,17.114,,,16.9,,,20.490666666666666,24.465,7.163,11.346,12.558,16.063,665.125,33.146,30.554,14.602,15.84,20.246,31.147,113.013,34.112,16.749,17.048,12.631,17.028,15.285,314.392,18.239,10.786,11.937,177.536,10.254,8.777,21.628,13.869
1966-10-01,56.349,93065.863,11.848333333333334,64.224,,20.228,57.349,14.992,52.01,,17.113,16.888,12.918,23.691,,17.965,11.408,58.149,10.978,30.145,12.209,17.254,,,17.028,,,20.613,24.742,7.29,11.457,12.632,16.276,660.648,33.243,30.619,14.575,15.935,20.373,31.412,113.834,34.452,16.957,17.143,12.756,17.16,15.437,315.004,18.256,11.023,12.054,176.726,10.367,8.89,21.769,14.016
1967-01-01,56.984,89190.891,11.874666666666664,64.091,,20.297,57.673,14.938,52.112,,17.185,16.944,12.859,23.785,,17.784,11.59,58.351,11.055,30.121,12.256,17.326,,,17.084,,,20.622333333333334,24.841,7.401,11.537,12.694,16.467,660.921,33.284,30.273,14.51,15.931,20.368,31.555,115.079,34.73,17.104,17.231,12.81,17.209,15.543,316.019,18.264,11.047,12.136,176.539,10.513,8.926,21.762,14.13
1967-04-01,57.499,87018.335,12.009,64.372,,20.619,57.992,15.1,52.738,,17.29,17.047,12.852,23.901,,17.71,11.757,58.566,11.134,30.192,12.381,17.43,,,17.186,,,20.712666666666667,24.948,7.499,11.619,12.735,16.617,661.055,33.457,30.522,14.686,16.03,20.4,31.727,115.789,34.752,17.215,17.289,12.911,17.291,15.685,315.802,18.294,11.081,12.225,176.09,10.61,8.975,21.853,14.268
1967-07-01,58.134,86809.194,12.119666666666667,65.082,,21.01,58.374,15.237,53.057,,17.448,17.205,12.96,24.054,,17.922,11.876,58.993,11.197,30.514,12.519,17.587,,,17.343,,,20.86133333333333,25.088,7.62,11.711,12.79,16.76,663.62,33.681,31.156,14.839,16.095,20.614,31.94,116.421,34.926,17.315,17.457,12.984,17.452,15.869,315.473,18.345,11.143,12.32,175.483,10.759,9.037,22.005,14.405
1967-10-01,58.699,83356.997,12.317,65.739,,21.519,58.802,15.511,53.495,,17.642,17.393,13.191,24.341,,17.991,12.02,59.378,11.231,30.749,12.718,17.781,,,17.531,,,21.019000000000002,25.376,7.74,11.823,12.86,16.91,661.707,33.988,31.659,15.142,16.233,20.752,32.249,117.083,35.094,17.454,17.657,13.067,17.602,16.112,317.362,18.417,11.348,12.438,175.337,10.898,9.163,22.263,14.523
1968-01-01,59.579,78740.204,12.524333333333333,66.166,,22.146,59.021,15.639,54.035,,17.837,17.584,13.47,24.6,,18.163,12.172,60.274,11.308,31.033,12.873,17.975,,,17.722,,,21.199666666666666,25.628,7.866,11.968,12.934,17.052,656.928,34.376,31.655,15.222,16.553,20.967,32.51,117.516,35.251,17.6,17.825,13.273,17.789,16.371,319.7,18.511,11.55,12.589,175.649,11.09,9.292,22.31,14.708
1968-04-01,60.677,75176.17,12.696666666666665,66.569,,22.375,59.537,15.818,54.483,,18.039,17.772,13.832,24.834,,18.303,12.331,60.925,11.292,31.296,13.033,18.177,,,17.909,,,21.373,25.857,7.981,12.113,13.022,17.285,655.611,34.616,31.812,15.395,16.741,21.166,32.826,118.436,35.247,17.812,18.014,13.442,17.971,16.558,320.923,18.631,11.653,12.741,175.702,11.244,9.41,22.485,14.891
1968-07-01,61.667,71371.117,12.933,67.123,,22.567,60.032,16.081,55.074,,18.214,17.958,14.186,24.983,,18.442,12.519,61.397,11.399,31.585,13.211,18.351,,,18.094,,,21.503333333333334,26.0,8.095,12.253,13.098,17.5,654.485,34.878,32.061,15.654,17.011,21.369,33.093,119.601,35.737,18.041,18.147,13.587,18.157,16.757,323.326,18.776,11.659,12.888,176.205,11.352,9.486,22.64,15.044
1968-10-01,62.464,70291.423,13.160000000000002,67.736,,22.923,60.642,16.312,55.834,,18.469,18.21,14.474,25.52,,18.661,12.686,61.932,11.434,31.902,13.429,18.607,,,18.347,,,21.828000000000003,26.535,8.227,12.401,13.193,17.719,658.622,35.24,32.341,15.867,17.302,21.592,33.585,120.969,36.335,18.212,18.314,13.759,18.358,16.906,325.518,18.946,12.117,13.044,176.818,11.573,9.725,22.882,15.264
1969-01-01,63.277,69220.738,13.217666666666666,68.131,,23.449,60.855,16.346,56.907,,18.655,18.384,14.812,25.813,,18.737,12.848,62.498,11.565,32.124,13.535,18.793,,,18.521,,,22.066999999999997,26.83,8.37,12.554,13.287,17.804,660.451,35.694,32.369,15.888,17.386,21.753,33.86,121.832,36.925,18.353,18.441,13.92,18.536,17.062,327.569,19.141,12.364,13.207,177.078,11.749,9.863,22.877,15.512
1969-04-01,64.022,67733.5,13.39,68.642,,23.8,61.171,16.575,57.962,,18.902,18.629,15.073,26.091,,19.029,13.034,63.118,11.781,32.51,13.761,19.041,,,18.767,,,22.468333333333334,27.114,8.54,12.721,13.402,17.875,660.402,36.065,32.546,16.13,17.553,22.056,34.18,122.441,37.297,18.493,18.632,14.089,18.772,17.267,329.754,19.337,12.542,13.385,176.906,11.983,10.026,23.059,15.811
1969-07-01,64.819,65886.541,13.773000000000001,68.97,,24.361,61.716,17.005,58.875,,19.173,18.89,15.289,26.329,,19.412,13.261,63.61,11.755,32.875,14.062,19.312,,,19.028,,,22.691,27.351,8.68,12.888,13.547,18.008,661.913,36.539,32.631,16.546,18.017,22.364,34.558,123.579,37.555,18.609,18.853,14.26,19.002,17.454,330.929,19.534,12.593,13.563,177.908,12.187,10.165,23.448,16.02
1969-10-01,65.489,64783.688,13.961333333333334,69.395,,24.74,62.254,17.218,59.599,,19.413,19.128,15.535,26.672,,19.689,13.54,64.034,11.725,33.181,14.272,19.554,,,19.269,,,23.064333333333334,27.711,8.847,13.067,13.686,18.222,664.448,36.94,32.899,16.745,18.274,22.602,34.983,124.616,37.853,18.756,19.05,14.411,19.221,17.64,330.916,19.732,12.782,13.75,178.86,12.406,10.358,23.677,16.252
1970-01-01,65.987,64499.317,14.442,69.514,,25.433,62.928,17.722,60.068,,19.68,19.403,15.693,26.887,,20.074,13.774,64.318,11.687,33.501,14.64,19.823,,,19.545,,,23.498666666666665,27.934,9.019,13.247,13.829,18.48,669.277,37.475,32.942,17.199,18.946,22.893,35.371,125.823,38.038,18.913,19.293,14.549,19.444,17.829,329.87,19.931,12.771,13.937,180.746,12.676,10.462,23.962,16.751
1970-04-01,66.395,62733.678,14.687666666666667,69.787,,25.727,63.525,17.956,60.483,,19.967,19.677,15.831,27.465,,20.243,14.089,64.605,11.906,33.775,14.888,20.109,,,19.819,,,23.930000000000003,28.514,9.203,13.434,13.969,18.754,670.699,37.819,33.141,17.394,19.311,23.118,35.95,127.075,38.29,19.101,19.511,14.761,19.659,18.041,328.898,20.133,13.244,14.131,180.736,12.944,10.789,24.178,16.946
1970-07-01,66.98,58486.095,14.944000000000003,70.301,,26.196,64.003,18.263,60.941,,20.131,19.867,15.984,27.407,,20.373,14.271,64.73,11.831,34.01,15.149,20.274,,,20.01,,,24.299666666666667,28.457,9.344,13.603,14.133,19.007,666.231,38.221,33.628,17.696,19.62,23.274,36.182,128.139,38.504,19.287,19.746,14.933,19.851,18.255,329.172,20.336,12.888,14.306,180.747,13.178,10.819,24.431,17.243
1970-10-01,67.827,54672.268,15.14,71.47,,26.759,64.752,18.495,62.028,,20.394,20.134,16.229,27.728,,20.465,14.443,65.119,12.06,34.389,15.387,20.539,,,20.279,,,24.720333333333333,28.792,9.472,13.803,14.339,19.241,663.313,38.644,34.671,17.922,19.865,23.481,36.659,129.379,38.684,19.591,19.926,15.171,20.108,18.5,333.008,20.542,12.994,14.517,180.284,13.428,10.998,24.95,17.572
1971-01-01,68.451,51494.268,15.642000000000001,72.482,,27.48,65.462,19.081,63.171,,20.702,20.434,16.43,28.21,,20.355,14.679,65.456,12.067,34.571,15.808,20.85,,,20.581,,,25.094666666666665,29.294,9.565,13.987,14.531,19.412,660.619,39.074,35.473,18.504,20.442,23.52,37.178,130.51,38.969,19.916,20.108,15.395,20.299,18.727,337.115,20.751,13.341,14.713,178.102,13.733,11.226,25.477,17.815
1971-04-01,69.105,47134.558,15.965666666666666,72.998,,27.658,65.877,19.437,63.861,,20.979,20.709,16.728,28.607,,20.723,14.817,65.773,11.865,34.9,16.099,21.13,,,20.859,,,25.471333333333334,29.71,9.685,14.173,14.716,19.637,654.542,39.33,35.65,18.839,20.855,23.765,37.613,131.663,39.218,20.121,20.31,15.599,20.53,18.893,341.895,20.946,13.615,14.908,176.719,13.981,11.481,25.726,18.204
1971-07-01,69.453,43509.52,16.19966666666667,72.835,,27.812,65.972,19.719,64.813,,21.193,20.94,17.068,28.94,,20.893,14.992,66.067,12.088,35.091,16.33,21.343,,,21.089,,,25.741,30.034,9.797,14.371,14.895,19.837,648.461,39.573,35.136,19.127,21.116,23.973,37.945,132.711,39.644,20.257,20.475,15.854,20.732,19.059,344.382,21.128,13.866,15.117,175.86,14.178,11.736,25.628,18.6
1971-10-01,69.68,40897.874,16.44966666666667,72.461,,27.868,65.968,20.122,65.287,,21.371,21.125,17.316,29.205,,21.034,15.108,66.155,12.238,35.191,16.586,21.52,,,21.273,,,26.058333333333334,30.291,9.9,14.507,15.009,19.966,644.614,39.753,34.62,19.592,21.337,24.126,38.184,133.76,39.899,20.296,20.587,16.07,20.86,19.141,344.539,21.295,14.08,15.259,174.633,14.333,11.941,25.528,18.704
1972-01-01,70.08,38547.996,16.878333333333334,73.086,,28.515,66.427,20.953,65.957,,21.717,21.455,17.672,29.565,,21.483,15.211,66.351,12.081,35.548,17.112,21.865,,,21.603,,,27.503666666666664,30.646,10.008,14.666,15.154,20.011,640.856,40.118,35.138,20.636,21.582,24.389,38.616,134.854,40.298,20.581,20.741,16.276,21.08,19.292,345.589,21.45,14.278,15.425,173.534,14.654,12.175,25.942,18.872
1972-04-01,70.261,37352.333,17.063666666666666,73.461,,28.894,66.737,21.166,66.32,,21.849,21.608,17.844,29.764,,21.553,15.38,66.576,11.994,35.661,17.3,21.999,,,21.758,,,27.670333333333332,30.858,10.082,14.788,15.266,20.078,637.309,40.445,35.414,20.857,21.768,24.446,38.912,135.055,40.509,20.798,20.845,16.459,21.202,19.374,346.328,21.632,14.345,15.553,173.101,14.827,12.327,26.176,18.937
1972-07-01,70.307,36116.345,17.236,73.836,,29.16,66.862,21.34,67.237,,22.045,21.816,18.015,30.057,,21.81,15.525,66.915,12.25,35.936,17.503,22.198,,,21.969,,,27.971999999999998,31.179,10.213,14.931,15.414,20.132,635.279,40.776,35.603,21.022,21.964,24.662,39.161,135.689,40.858,20.749,20.933,16.604,21.388,19.488,347.432,21.842,14.586,15.705,173.038,15.052,12.488,26.4,19.06
1972-10-01,71.063,35620.144,17.580000000000002,73.599,,29.273,66.708,21.804,68.243,,22.294,22.062,18.09,30.482,,22.116,15.684,67.353,12.505,36.186,17.813,22.45,,,22.217,,,28.393,31.622,10.299,15.067,15.559,20.241,635.501,41.094,35.077,21.508,22.369,24.946,39.396,136.175,41.169,20.742,20.991,16.8,21.562,19.61,348.411,22.08,15.034,15.852,173.124,15.259,12.731,26.037,19.246
1973-01-01,71.649,36771.919,17.921,73.904,,29.677,66.986,22.155,67.997,,22.582,22.349,17.896,30.789,,22.952,15.851,67.711,12.681,36.764,18.133,22.735,,,22.502,,,28.684,31.906,10.404,15.199,15.778,20.353,642.514,41.597,35.221,21.836,22.772,25.479,39.738,136.997,41.235,20.874,21.115,16.897,21.823,19.74,349.717,22.346,15.23,15.984,175.003,15.559,12.92,25.93,19.471
1973-04-01,72.68,36548.632,18.198333333333334,74.486,,29.887,67.661,22.54,69.901,,22.955,22.765,18.145,31.333,,24.011,16.232,68.112,13.132,37.611,18.453,23.111,,,22.921,,,29.195000000000004,32.474,10.543,15.429,15.948,20.546,645.728,42.181,35.527,22.267,23.042,26.247,40.302,138.044,41.882,21.142,21.354,17.241,22.242,20.022,351.452,22.745,15.614,16.233,176.349,15.836,13.196,26.241,19.734
1973-07-01,73.065,34513.822,18.488,74.853,,30.108,68.208,23.006,72.891,,23.394,23.185,18.4,31.994,,25.093,16.648,68.602,13.381,38.326,18.764,23.553,,,23.343,,,29.707333333333334,33.152,10.691,15.685,16.108,20.787,641.134,42.905,35.597,22.803,23.334,26.914,40.927,138.616,42.375,21.347,21.546,17.763,22.647,20.234,352.916,23.277,16.145,16.515,177.106,16.049,13.562,26.629,19.978
1973-10-01,73.669,32140.28,18.895666666666667,75.092,,30.37,68.388,23.498,74.227,,23.807,23.628,18.689,32.422,,25.913,17.294,69.071,14.73,39.179,19.141,23.961,,,23.782,,,30.19333333333333,33.548,10.881,15.98,16.315,21.036,633.613,43.79,35.532,23.268,23.886,27.741,41.414,138.788,42.656,21.276,21.77,18.125,23.11,20.529,354.928,23.942,16.426,16.825,177.7,16.353,13.893,26.888,20.297
1974-01-01,74.994,30313.08,19.072333333333333,75.924,,30.846,69.235,23.739,77.371,,24.284,24.239,19.144,33.059,,27.144,17.654,70.355,17.502,40.723,19.525,24.446,,,24.4,,,31.072999999999997,34.242,11.115,16.297,16.551,21.388,631.992,44.9,35.57,23.545,24.04,29.172,42.189,140.143,43.666,21.448,22.159,18.653,23.798,20.818,358.953,24.741,16.799,17.171,178.567,16.828,14.267,27.529,20.643
1974-04-01,77.229,28848.88,19.508333333333333,77.846,,31.356,70.97,24.168,81.546,,24.817,24.92,19.522,34.009,,27.782,18.129,72.414,19.092,42.077,20.05,24.989,,,25.091,,,31.93466666666667,35.265,11.431,16.666,16.773,21.937,644.086,46.036,36.607,23.882,24.688,30.238,43.497,144.702,44.654,22.001,22.959,19.27,24.472,21.285,363.778,25.484,17.196,17.577,181.64,17.413,14.889,28.328,21.2
1974-07-01,79.632,27850.692,20.012,80.812,,32.022,73.875,24.874,82.893,,25.576,25.673,19.926,35.304,,28.373,18.696,75.182,19.346,43.384,20.713,25.759,,,25.855,,,33.165,36.643,11.821,17.055,17.025,22.913,656.294,47.175,38.528,24.67,25.197,31.089,45.26,149.086,45.67,23.437,24.066,19.713,25.132,21.748,371.085,26.172,17.746,17.984,185.219,18.048,15.583,29.31,21.863
1974-10-01,80.8,27271.569,20.71766666666667,83.339,,32.84,77.507,25.7,84.46,,26.359,26.417,20.32,36.683,,29.567,19.182,77.833,19.052,44.652,21.359,26.541,,,26.597,,,33.94433333333333,38.002,12.189,17.432,17.348,24.268,670.203,48.275,39.908,25.448,26.126,31.971,47.223,153.636,47.093,25.256,25.042,19.963,25.771,22.257,377.628,26.804,18.225,18.379,188.27,18.579,16.238,30.359,22.588
1975-01-01,81.119,27342.382,21.109333333333336,84.645,,33.414,81.084,26.167,86.878,,26.954,26.982,20.654,37.937,,29.99,19.621,79.604,19.109,45.308,21.77,27.141,,,27.168,,,34.651,39.303,12.489,17.824,17.807,25.773,685.696,49.221,40.31,25.872,26.691,32.426,48.972,157.747,47.809,26.958,25.798,20.231,26.256,22.741,383.512,27.382,18.69,18.796,190.876,18.953,16.712,31.159,23.227
1975-04-01,81.352,27163.078,21.474666666666668,86.167,,34.701,83.67,26.546,87.746,,27.349,27.392,21.021,38.831,,29.813,19.898,80.946,19.465,45.655,22.149,27.534,,,27.576,,,35.21666666666667,40.204,12.762,18.123,18.085,27.018,694.732,50.139,41.051,26.201,27.178,32.543,50.226,160.371,48.413,27.854,26.174,20.541,26.578,22.958,392.096,27.869,19.016,19.107,190.832,19.329,17.014,32.039,23.728
1975-07-01,81.939,26218.848,21.813,87.112,,35.142,84.963,26.904,90.618,,27.832,27.841,21.192,39.293,,30.541,20.188,81.733,20.645,46.522,22.439,28.021,,,28.027,,,35.426,40.682,13.085,18.45,18.369,27.861,694.719,50.725,41.652,26.534,27.59,33.268,50.872,161.343,49.048,28.361,26.382,21.073,27.076,23.215,394.361,28.266,19.192,19.46,191.024,19.576,17.165,32.283,24.195
1975-10-01,82.267,24994.086,22.304333333333332,88.451,,35.668,86.284,27.522,90.997,,28.303,28.303,21.604,39.874,,31.008,20.59,82.907,21.039,47.153,22.83,28.489,,,28.487,,,35.88966666666666,41.234,13.457,18.823,18.759,28.424,696.497,51.26,42.484,27.161,28.186,33.696,51.568,163.207,49.58,28.845,26.694,21.317,27.53,23.543,398.863,28.573,19.539,19.844,191.792,19.826,17.367,32.948,24.684
1976-01-01,82.971,23665.604,22.595,89.646,,35.797,87.609,27.924,93.375,,28.617,28.619,21.748,40.259,,30.819,20.904,83.9,20.851,47.384,23.122,28.8,,,28.801,,,36.39333333333334,41.596,13.768,19.129,19.084,28.824,700.077,51.517,43.282,27.608,28.484,33.739,52.137,165.911,50.171,29.371,27.127,21.605,27.833,23.849,401.576,28.789,19.66,20.173,191.27,20.05,17.472,33.736,25.139
1976-04-01,83.676,22438.231,22.799666666666667,90.641,,36.364,88.453,28.158,93.026,,28.902,28.913,21.591,40.958,,30.601,21.233,84.533,20.65,47.541,23.363,29.088,,,29.097,,,36.71666666666667,42.302,14.053,19.388,19.363,29.262,701.646,52.257,43.97,27.85,28.701,33.737,52.807,168.099,50.589,29.752,27.47,21.92,28.066,24.083,404.898,29.302,20.233,20.435,191.119,20.293,17.786,33.97,25.536
1976-07-01,84.864,21431.574,23.027,91.738,,36.891,89.587,28.481,93.109,,29.271,29.31,22.083,41.533,,30.951,21.589,85.072,21.018,48.127,23.58,29.459,,,29.496,,,37.039,42.897,14.342,19.743,19.703,29.775,701.207,52.899,44.813,28.206,28.95,34.156,53.51,169.476,51.414,30.19,27.735,22.321,28.492,24.394,406.375,29.712,20.559,20.798,191.635,20.444,18.047,34.581,25.963
1976-10-01,85.644,20759.65,23.599999999999998,93.29,,37.34,90.977,29.242,95.206,,29.771,29.79,22.392,42.182,,31.237,21.883,85.676,21.58,48.811,24.022,29.96,,,29.978,,,37.54666666666667,43.55,14.623,20.081,20.156,30.353,696.328,53.573,46.084,29.015,29.607,34.599,54.292,169.027,52.169,30.96,28.15,22.514,28.942,24.708,410.0,30.175,20.935,21.157,192.214,20.689,18.297,35.353,26.345
1977-01-01,86.891,20932.501,23.926333333333332,94.247,,37.513,92.456,29.656,98.397,,30.253,30.334,22.579,43.066,,31.802,22.244,86.735,22.169,49.583,24.422,30.443,,,30.522,,,38.181666666666665,44.434,14.924,20.475,20.691,31.16,698.356,53.987,46.513,29.488,29.893,35.232,55.35,169.176,52.746,31.666,28.608,22.883,29.465,24.994,413.569,30.439,21.449,21.582,193.791,21.079,18.878,35.72,26.828
1977-04-01,87.151,20288.914,24.255666666666666,94.727,,37.899,93.818,29.993,98.18,,30.732,30.846,23.293,43.869,,32.708,22.798,87.371,22.495,50.284,24.786,30.925,,,31.037,,,38.67066666666667,45.256,15.274,20.894,21.103,31.911,694.703,54.541,46.693,29.799,30.285,35.878,56.183,169.185,52.962,32.313,29.007,23.128,29.969,25.271,415.599,30.824,22.028,22.009,193.993,21.456,19.218,36.336,27.337
1977-07-01,88.504,18787.698,24.459999999999997,95.711,,38.333,95.327,30.141,101.293,,31.167,31.327,24.171,44.844,,33.036,23.204,88.376,22.465,50.807,25.069,31.351,,,31.508,,,38.97166666666667,46.141,15.534,21.287,21.531,32.606,686.112,55.16,47.153,29.911,30.51,36.251,57.158,169.476,53.61,33.047,29.416,23.355,30.42,25.543,419.202,31.281,22.758,22.431,193.517,21.821,19.652,37.418,27.776
1977-10-01,88.999,16827.867,25.144000000000002,96.992,,38.725,96.937,31.014,102.506,,31.695,31.867,24.781,45.809,,33.342,23.563,89.207,22.975,51.429,25.632,31.875,,,32.045,,,39.54033333333333,47.069,15.786,21.63,21.918,33.26,674.394,55.785,48.2,30.863,31.218,36.675,58.15,170.098,53.987,33.829,29.854,23.535,30.852,25.867,420.989,31.785,23.464,22.79,192.393,22.189,20.066,38.853,28.186
1978-01-01,88.509,14897.186,25.404666666666667,98.382,,39.966,98.08,31.369,103.859,26577.015,32.214,32.383,25.748,46.681,,34.204,23.99,89.96,23.068,52.13,25.962,32.397,30.424,,32.563,30.527,,40.14533333333333,47.964,16.152,22.041,22.243,34.026,667.926,56.551,49.138,31.273,31.461,37.164,59.011,172.843,54.82,34.236,30.197,23.804,31.358,26.269,425.761,32.23,24.139,23.219,189.637,22.503,20.497,39.653,28.723
1978-04-01,89.726,13358.634,25.84266666666667,99.882,,40.658,99.263,31.985,105.287,23908.111,32.859,33.032,26.614,47.644,,35.72,24.624,91.677,23.035,53.234,26.43,33.043,31.049,,33.214,31.152,,40.897,48.937,16.445,22.486,22.635,34.697,663.744,57.241,49.801,31.999,31.853,38.056,59.994,175.872,55.59,35.076,30.491,24.23,32.002,26.717,431.82,32.694,24.858,23.682,188.971,22.879,21.07,40.073,29.058
1978-07-01,89.799,12240.879,26.268333333333334,101.5,,41.341,100.504,32.52,108.389,21961.144,33.436,33.613,26.867,48.574,,36.469,25.314,93.024,23.507,54.105,26.851,33.626,31.612,,33.801,31.715,,41.547000000000004,49.902,16.828,22.897,22.963,35.392,658.96,58.083,50.857,32.535,32.383,38.681,60.976,177.956,56.795,35.815,31.063,24.704,32.564,27.141,433.704,33.286,25.523,24.123,188.695,23.227,21.587,40.7,29.571
1978-10-01,90.156,11476.645,26.732333333333333,103.276,,41.9,101.719,33.081,109.114,20622.026,34.094,34.234,27.502,49.544,,37.019,25.908,94.823,24.641,55.035,27.272,34.291,32.251,,34.428,32.314,,42.147,50.92,17.285,23.373,23.42,36.121,653.982,59.023,51.833,33.059,33.016,39.343,62.028,179.039,57.942,36.546,31.491,25.036,33.179,27.629,437.969,33.973,26.195,24.615,189.278,23.56,22.176,41.272,30.064
1979-01-01,90.343,11491.133,27.249666666666666,104.953,,41.975,103.611,33.691,111.72,20643.176,34.733,34.909,26.445,50.576,,38.416,26.595,96.305,25.816,56.365,27.854,34.931,32.857,,35.104,32.951,,42.88766666666667,51.957,17.74,23.698,23.816,37.047,655.785,59.934,52.856,33.733,33.498,40.441,63.332,179.574,58.639,37.087,32.094,25.455,33.804,28.028,443.33,34.664,26.725,24.964,192.362,24.121,22.794,42.475,30.502
1979-04-01,91.219,11195.447,27.669333333333338,106.8,,42.635,105.499,34.2,114.564,20121.822,35.574,35.794,28.478,51.864,,39.214,27.361,97.514,29.525,57.988,28.391,35.775,33.661,,35.992,33.791,,43.69233333333333,53.264,18.039,24.315,24.259,37.973,656.361,61.02,54.049,34.292,33.907,41.813,64.726,180.913,59.686,37.875,32.503,25.958,34.728,28.578,449.974,35.423,27.637,25.614,193.81,24.673,23.493,43.518,31.294
1979-07-01,91.417,10563.27,28.412333333333333,108.026,,42.99,107.218,34.998,119.631,18999.597,36.314,36.707,28.882,53.112,,39.577,27.986,98.492,34.378,59.493,29.216,36.522,34.38,,36.912,34.667,,44.595333333333336,54.565,18.459,24.88,24.915,39.022,651.374,62.089,54.574,35.151,34.582,43.168,66.088,181.853,61.311,39.015,33.025,26.493,35.59,28.981,453.906,36.255,28.516,26.225,195.516,25.509,24.221,44.173,32.276
1979-10-01,92.218,9815.477,29.037000000000003,109.973,,43.679,109.081,35.768,122.475,17671.113,36.974,37.541,28.906,54.186,,40.289,28.671,100.22,37.237,60.944,29.82,37.188,35.025,,37.752,35.471,,45.50533333333334,55.683,18.976,25.479,25.648,39.959,647.252,63.204,55.353,35.884,35.427,44.337,67.326,183.877,64.082,39.981,33.678,26.965,36.451,29.285,459.018,37.024,29.212,26.857,197.236,26.007,24.735,45.406,33.785
1980-01-01,93.427,9332.412,29.617333333333335,113.197,,43.847,111.891,36.475,124.965,16784.31,37.781,38.566,29.205,55.445,,40.914,29.385,102.892,42.517,63.127,30.511,38.001,35.81,,38.784,36.454,,46.407999999999994,56.983,19.652,26.121,26.183,41.493,650.987,64.458,56.763,36.701,35.911,46.043,68.825,187.608,68.708,41.142,34.593,27.711,37.545,29.837,466.658,38.142,29.984,27.529,197.802,26.684,25.162,46.813,35.186
1980-04-01,94.224,8633.133,30.71666666666667,115.869,,44.372,114.736,37.885,129.422,15528.745,38.675,39.564,29.831,56.721,,41.766,30.026,105.273,44.568,64.658,31.507,38.903,36.684,,39.79,37.418,,47.748,58.317,20.197,26.757,26.842,42.906,653.654,65.691,57.647,38.215,37.116,47.168,70.405,192.402,73.232,42.887,35.496,28.169,38.464,30.706,473.473,39.079,30.692,28.209,199.382,27.417,25.673,47.956,36.4
1980-07-01,94.909,8019.796,31.150666666666666,117.981,,45.362,117.24,38.269,127.78,14429.438,39.543,40.449,30.663,57.948,,43.319,30.613,107.308,44.469,65.977,32.137,39.77,37.528,,40.674,38.268,,48.71633333333333,59.534,20.79,27.485,27.588,44.22,656.814,66.949,58.634,38.523,37.644,48.167,71.908,197.679,75.175,44.04,36.292,28.953,39.364,31.306,480.027,39.966,31.392,28.941,200.109,28.208,26.221,49.299,37.765
1980-10-01,96.032,7626.048,32.026999999999994,120.003,,46.069,118.993,39.421,129.783,13722.007,40.592,41.456,32.226,59.188,,44.74,31.304,108.949,44.981,67.321,33.054,40.825,38.545,,41.686,39.237,,50.03766666666667,60.798,21.437,28.277,28.353,45.423,659.962,68.168,59.858,39.838,38.473,49.209,73.413,201.972,76.452,44.69,36.911,29.564,40.338,31.71,486.442,40.892,32.114,29.762,200.875,28.976,27.041,49.936,39.056
1981-01-01,96.723,7597.104,32.89266666666666,121.527,,47.013,121.348,40.209,131.894,13658.278,41.65,42.54,33.139,60.75,,45.325,32.162,111.087,49.638,68.985,33.932,41.907,39.576,,42.795,40.288,,50.955666666666666,62.552,22.099,29.049,29.068,46.479,667.099,69.45,60.519,40.484,39.544,50.663,75.432,205.257,76.858,46.252,37.703,30.307,41.384,32.364,491.486,41.685,32.849,30.564,203.919,29.917,28.201,50.513,40.474
1981-04-01,97.561,7557.993,33.592999999999996,123.818,,47.129,123.659,41.144,136.679,13598.341,42.432,43.344,33.057,62.092,,45.437,32.8,113.103,50.187,69.843,34.689,42.694,40.327,,43.604,41.055,,52.15200000000001,63.933,22.573,29.626,29.807,47.334,671.07,70.658,62.241,41.516,40.283,51.165,77.253,207.408,77.1,47.492,38.581,31.099,42.078,32.611,497.039,42.727,33.349,31.187,205.684,30.562,29.181,51.993,41.136
1981-07-01,98.335,7367.75,34.20933333333333,125.649,,47.821,125.111,42.046,135.104,13282.247,43.263,44.069,32.738,63.126,,46.036,33.375,115.037,49.469,70.53,35.299,43.524,41.124,,44.328,41.747,,53.264,64.963,23.324,30.309,30.667,48.094,670.538,71.756,63.592,42.498,41.02,51.568,78.64,209.053,77.533,48.587,39.201,31.919,42.772,32.954,499.081,43.472,33.743,31.872,207.741,30.977,30.007,52.574,42.142
1981-10-01,98.473,7015.919,34.777,127.285,,48.586,126.61,42.852,133.667,12675.927,43.989,44.802,32.653,64.39,,46.105,33.828,116.562,49.824,71.122,35.915,44.243,41.822,,45.053,42.447,,54.07833333333334,66.169,24.105,30.976,31.445,48.757,669.475,73.198,64.566,43.481,41.45,51.908,80.284,212.158,78.228,49.793,39.954,32.815,43.427,33.503,504.488,44.552,34.287,32.539,209.558,31.466,31.022,53.379,42.705
1982-01-01,98.68,6869.195,35.423,128.355,47.872,48.67,127.588,43.536,130.542,12358.617,44.629,45.413,33.439,65.271,48.621,46.572,34.254,118.258,48.676,71.526,36.505,44.877,42.434,,45.658,43.027,45.143,54.699999999999996,67.001,24.755,31.586,32.13,48.944,669.188,74.034,64.982,44.108,42.253,52.15,81.363,213.436,78.325,50.867,40.684,33.308,43.979,33.973,508.264,45.246,34.779,33.134,211.285,31.997,31.694,53.928,43.015
1982-04-01,99.368,6747.347,35.967,129.354,46.796,49.188,129.125,44.399,127.897,12127.234,45.227,45.947,34.176,66.054,48.994,46.996,34.69,119.901,46.029,71.678,37.159,45.473,43.009,,46.19,43.536,45.782,56.1,67.762,25.243,32.114,32.664,49.939,677.068,74.915,65.647,45.095,42.834,52.146,82.279,218.015,77.643,51.303,41.46,33.797,44.402,34.35,510.43,45.923,35.306,33.648,212.009,32.511,32.009,54.264,43.752
1982-07-01,99.574,6625.98,36.409,129.816,48.281,49.807,129.938,44.771,126.85,11876.429,45.855,46.558,35.594,66.458,49.211,47.184,35.203,120.13,47.953,72.415,37.61,46.104,43.619,,46.803,44.124,46.376,56.425333333333334,68.18,25.937,32.788,33.293,50.32,679.412,75.721,66.064,45.434,43.283,52.819,82.744,220.247,78.099,51.615,42.154,34.151,45.103,34.916,510.036,46.499,35.587,34.323,212.711,33.021,32.097,54.801,44.468
1982-10-01,99.198,6595.034,36.84733333333333,130.192,48.751,50.138,130.5,45.3,124.04,11762.952,46.323,47.015,36.842,66.637,48.973,46.963,35.575,120.991,47.212,72.504,38.07,46.571,44.07,,47.259,44.56,46.892,57.077333333333335,68.325,26.532,33.442,34.057,50.54,681.805,76.579,66.121,45.983,43.765,52.849,82.931,221.564,78.639,52.017,43.172,34.701,45.601,35.333,509.357,47.248,35.753,34.96,212.879,33.441,31.954,54.9,44.443
1983-01-01,99.775,6085.916,36.89266666666666,131.121,47.554,51.051,130.385,45.385,119.756,10801.198,46.686,47.276,37.672,66.449,49.005,46.976,35.918,121.709,44.576,72.51,38.244,46.943,44.458,,47.528,44.841,47.264,57.17333333333334,68.168,27.191,33.979,34.561,50.8,671.736,77.287,66.962,46.239,43.464,52.702,82.519,223.49,79.486,52.394,44.104,35.287,45.978,35.673,507.216,47.769,35.945,35.465,211.813,33.681,31.407,55.192,44.285
1983-04-01,100.423,5723.334,37.303000000000004,131.608,48.46,51.684,129.876,45.735,119.71,10126.491,47.037,47.612,36.569,66.266,49.441,47.509,36.278,122.369,45.783,73.228,38.601,47.291,44.819,,47.861,45.18,47.553,57.48499999999999,67.925,27.62,34.281,35.019,51.018,660.332,77.732,67.32,46.487,44.049,53.362,82.161,223.614,80.329,52.585,44.54,35.706,46.398,36.079,504.299,48.116,36.038,35.77,210.753,34.051,31.091,55.204,45.292
1983-07-01,101.269,5387.787,37.699999999999996,132.328,48.93,52.301,129.27,46.242,117.105,9520.439,47.543,48.103,39.333,66.286,49.404,47.603,36.54,122.947,46.53,73.734,39.002,47.794,45.329,,48.349,45.667,48.08,57.992333333333335,67.9,28.223,34.936,35.337,50.993,651.156,78.483,67.949,47.044,44.442,53.764,82.046,224.899,81.363,52.567,45.006,36.111,47.008,36.159,501.369,48.802,36.241,36.407,209.483,34.381,31.025,55.281,46.15
1983-10-01,100.786,5177.382,37.86833333333333,133.151,48.704,52.67,129.105,46.544,114.513,9146.361,47.892,48.387,38.923,66.429,49.653,47.783,37.02,123.423,45.644,73.852,39.278,48.151,45.693,,48.641,45.961,48.404,58.262,68.106,28.807,35.334,35.775,51.033,644.783,78.998,68.765,47.526,44.303,53.74,82.046,225.584,81.614,52.861,45.355,36.528,47.318,36.676,500.814,49.321,36.55,36.783,208.334,34.642,30.979,55.484,46.618
1984-01-01,100.955,4844.699,38.481,133.19,48.921,52.737,128.866,47.147,113.966,8592.683,48.36,48.862,38.892,66.572,50.716,48.739,37.496,123.442,45.867,74.445,39.818,48.626,46.176,,49.122,46.445,48.853,58.739,68.31,29.358,35.809,36.157,51.23,635.779,79.657,68.847,48.077,45.043,54.365,82.112,227.396,82.002,53.174,45.806,37.405,47.83,37.05,498.881,50.061,36.77,37.256,207.456,35.145,31.015,55.725,47.347
1984-04-01,100.386,4593.022,38.97266666666667,134.017,49.125,53.67,128.763,47.617,113.875,8181.168,48.792,49.292,40.39,66.897,50.754,48.727,37.931,124.079,45.797,74.625,40.205,49.063,46.619,,49.558,46.881,49.333,58.94233333333333,68.686,29.841,36.37,36.702,51.564,628.545,80.116,69.567,48.508,45.611,54.399,82.416,229.003,82.638,53.551,46.175,37.718,48.293,37.51,497.686,50.265,37.078,37.821,207.443,35.479,31.327,55.796,47.472
1984-07-01,101.224,4395.67,39.541,134.283,48.747,54.688,128.485,48.325,112.255,7846.863,49.239,49.682,41.455,67.165,51.037,49.031,38.293,124.083,44.419,74.787,40.691,49.506,47.068,,49.944,47.267,49.769,59.345666666666666,68.943,30.269,36.833,37.297,51.617,621.685,80.719,70.095,49.295,46.129,54.522,82.595,229.976,82.553,53.823,46.671,37.824,48.666,37.947,494.79,50.712,37.43,38.269,206.133,35.81,31.529,55.903,47.084
1984-10-01,101.772,4268.226,40.077666666666666,134.53,48.922,55.013,128.286,48.92,110.517,7629.343,49.596,50.012,41.391,67.38,50.972,49.08,38.61,124.787,44.558,75.016,41.144,49.852,47.419,,50.263,47.584,50.125,59.48866666666667,69.095,30.745,37.173,37.695,51.711,617.065,80.767,70.232,49.995,46.472,54.72,82.691,230.712,82.491,53.851,46.985,37.992,48.966,38.331,493.836,50.766,37.782,38.593,205.069,36.166,31.716,56.038,47.641
1985-01-01,102.677,4079.923,40.233333333333334,135.215,63.168499999999995,55.903,128.162,48.725,110.218,7310.887,50.115,50.444,43.603,67.618,51.694,49.39,39.015,125.055,44.518,75.494,41.304,50.363,47.934,49.769,50.688,48.009,50.585,59.636,69.286,31.211,37.782,38.147,51.738,610.426,81.323,70.891,49.505,47.008,55.102,82.95,231.942,82.706,54.131,47.505,38.277,49.544,38.794,494.238,51.104,37.962,39.202,205.059,36.593,31.958,56.458,48.137
1985-04-01,103.085,3914.293,40.54266666666667,135.529,64.297,56.351,128.297,48.84,109.314,7017.991,50.417,50.775,43.344,67.746,51.557,49.306,39.545,125.864,45.677,75.864,41.556,50.66,48.244,50.07,51.015,48.339,50.924,59.54366666666667,69.383,31.691,38.2,38.687,52.07,603.332,81.544,71.157,49.551,47.298,55.441,83.095,232.448,83.43,54.421,47.922,38.839,49.945,39.2,489.482,51.362,38.052,39.612,203.514,36.953,32.032,57.114,48.16
1985-07-01,103.379,3778.934,40.78733333333333,135.299,64.43,56.978,128.646,49.101,109.739,6764.33,50.758,51.133,44.387,68.061,51.4065,49.296,39.946,124.909,45.32,75.922,41.84,50.997,48.588,50.445,51.369,48.693,51.349,59.840666666666664,69.666,32.097,38.707,39.169,52.565,596.689,81.871,71.407,49.849,47.467,55.553,83.405,232.435,83.613,54.936,48.421,39.424,50.337,39.498,485.251,51.641,38.333,40.127,202.459,37.259,32.199,57.748,48.385
1985-10-01,103.877,3615.591,41.146,135.649,64.694,57.229,129.294,49.423,111.416,6450.572,51.023,51.495,43.413,68.496,51.6545,49.713,40.375,126.007,45.514,76.386,42.171,51.262,48.867,50.721,51.73,49.059,51.718,59.81433333333333,70.102,32.504,38.993,39.637,53.17,591.142,81.866,71.742,50.269,47.537,55.991,83.768,233.903,83.53,55.259,48.971,39.898,50.688,39.856,481.331,51.751,38.81,40.433,200.58,37.604,32.385,58.893,48.601
1986-01-01,103.127,3367.265,41.235,135.68,64.23400000000001,58.4,129.515,49.298,109.306,5982.132,51.28,51.775,45.232,68.85,51.7775,50.014,40.691,125.907,42.61,76.136,42.206,51.515,49.147,50.984,52.006,49.357,52.102,59.70766666666666,70.423,33.018,39.602,40.167,53.993,581.932,82.061,72.063,49.995,47.797,55.71,83.982,236.113,83.723,55.492,49.576,40.454,51.047,40.429,477.105,51.929,39.299,41.022,197.637,37.76,32.519,59.632,48.435
1986-04-01,102.149,3278.052,41.297,136.305,61.149,58.723,130.709,49.175,106.51,5804.934,51.468,51.823,44.738,69.372,52.013,50.159,41.152,126.502,34.986,75.051,42.248,51.695,49.337,51.191,52.046,49.409,52.392,59.717000000000006,70.884,33.523,39.978,40.652,54.597,580.092,82.183,72.723,49.733,48.037,54.38,84.53,237.843,84.538,56.221,49.869,41.018,50.993,40.688,473.115,52.164,39.708,41.365,195.731,37.927,32.686,61.054,48.684
1986-07-01,102.863,3317.632,41.495000000000005,137.443,60.1735,59.32,131.925,49.245,105.5,5856.281,51.718,52.122,43.93,69.952,52.536,50.927,41.56,127.14,32.646,75.4,42.462,51.941,49.569,51.45,52.342,49.689,52.745,59.821333333333335,71.437,33.987,40.227,40.989,55.148,586.429,82.347,73.767,49.763,48.211,54.521,85.082,240.302,86.004,56.807,50.388,41.423,51.263,40.986,470.078,52.295,40.227,41.603,194.536,38.255,32.832,61.38,48.681
1986-10-01,103.175,3293.538,41.764,138.221,57.846,59.77,132.585,49.3,104.891,5807.31,52.018,52.451,43.718,70.402,53.0135,51.258,41.988,127.572,31.884,75.66,42.758,52.25,49.872,51.835,52.679,50.015,53.144,59.88566666666666,71.95,34.555,40.563,41.236,55.348,584.557,82.553,74.51,49.771,48.391,54.64,85.471,239.958,86.889,57.124,50.666,41.749,51.573,41.325,468.114,52.432,40.678,41.931,194.148,38.741,33.002,62.554,49.418
1987-01-01,104.474,3022.686,41.797666666666665,139.386,59.521,60.13,132.549,49.217,104.736,5367.632,52.316,52.861,42.142,70.668,53.6025,51.749,42.444,128.251,35.413,76.976,43.033,52.554,50.207,52.1,53.095,50.449,53.454,60.01866666666666,72.26,35.057,40.731,41.603,56.418,574.633,82.903,75.004,49.817,47.968,55.859,85.537,243.128,89.052,57.54,51.398,41.714,52.061,41.775,471.108,52.675,41.142,42.098,194.496,39.295,33.011,62.51,50.044
1987-04-01,105.623,2836.338,42.154333333333334,140.478,59.218,60.88,131.901,49.45,104.087,5063.517,52.67,53.291,42.191,70.829,54.102500000000006,52.16,42.799,128.697,36.231,77.738,43.402,52.911,50.578,52.48,53.529,50.892,53.881,60.20000000000001,72.451,35.665,41.137,42.046,56.973,564.486,83.368,76.306,50.042,48.225,56.473,85.511,244.01,90.195,57.825,51.935,41.988,52.564,42.244,467.235,53.003,41.498,42.497,194.25,39.776,33.151,61.942,50.372
1987-07-01,105.763,2711.156,42.58166666666667,141.483,60.7255,61.895,131.275,49.808,104.642,4843.822,53.078,53.737,42.359,71.036,54.161,52.345,43.243,129.206,37.805,78.413,43.821,53.32,50.992,52.889,53.974,51.339,54.307,60.51533333333333,72.651,36.249,41.555,42.408,57.083,555.97,83.941,77.369,50.389,48.613,57.01,85.541,243.741,91.994,57.858,52.453,42.273,53.062,42.67,462.365,53.369,41.889,42.922,194.153,40.252,33.33,61.934,51.151
1987-10-01,107.305,2721.243,42.793000000000006,142.059,61.2055,62.887,132.426,49.912,104.539,4855.585,53.486,54.158,42.783,71.711,54.2975,52.489,43.588,128.98,37.928,78.843,44.0,53.72,51.378,53.282,54.388,51.735,54.776,60.568000000000005,73.264,36.803,42.02,42.849,58.064,560.91,84.834,77.791,50.445,48.853,57.367,86.345,246.531,93.139,58.152,52.788,42.669,53.52,43.074,463.838,54.145,42.299,43.386,193.686,40.491,33.654,62.094,51.926
1988-01-01,107.202,2695.131,43.29233333333334,141.812,61.391999999999996,63.392,133.106,50.593,104.376,4807.947,53.912,54.609,43.389,72.338,54.4035,52.796,44.131,129.488,37.084,78.959,44.407,54.135,51.785,53.711,54.829,52.163,55.291,61.28666666666667,73.816,37.536,42.555,43.288,58.791,562.307,85.784,76.946,51.097,49.623,57.553,87.149,248.565,94.794,58.746,53.512,43.132,53.943,43.405,463.597,55.063,42.608,43.92,193.725,40.699,34.181,61.856,52.329
1988-04-01,109.263,2627.584,43.775,142.597,61.673500000000004,63.487,133.449,51.09,103.797,4683.244,54.455,55.154,44.044,72.802,55.044,53.231,44.661,130.625,36.999,79.626,44.841,54.676,52.326,54.225,55.372,52.697,55.872,61.74633333333333,74.262,38.361,43.126,43.632,59.611,555.491,86.33,77.265,51.57,50.196,58.132,87.617,247.038,96.075,59.296,54.107,43.773,54.539,43.809,463.587,55.728,42.997,44.483,193.082,41.096,34.52,62.34,52.977
1988-07-01,109.435,2592.257,44.073,143.612,63.147999999999996,64.223,133.676,51.382,102.97,4606.315,55.133,55.707,45.124,73.172,56.253,54.258,45.124,130.883,37.48,80.506,45.162,55.345,52.983,54.794,55.916,53.228,56.393,62.08266666666666,74.562,39.149,43.724,44.104,59.678,552.138,86.626,78.251,51.864,50.483,58.899,87.992,246.39,97.715,59.675,54.825,44.137,55.211,44.156,461.759,56.077,43.306,45.069,191.455,41.443,34.859,63.027,53.629
1988-10-01,110.878,2573.274,44.314,144.68,64.034,64.601,135.223,51.796,102.03,4564.082,55.637,56.261,45.495,73.863,56.56,54.683,45.556,131.482,36.913,81.1,45.606,55.854,53.482,55.302,56.475,53.77,56.988,62.698,75.293,39.935,44.276,44.57,60.731,554.307,86.783,78.823,52.448,50.414,59.332,88.814,248.642,99.59,60.492,55.465,44.673,55.769,44.905,463.652,56.437,43.724,45.606,189.342,41.918,35.232,63.98,54.07
1989-01-01,110.764,2549.479,44.905,145.413,63.2185,66.165,135.744,52.18,100.48,4529.451,56.172,56.838,45.846,74.276,57.4695,55.47,46.086,130.901,37.964,81.963,46.083,56.392,54.002,55.875,57.055,54.331,57.544,62.99366666666666,75.725,40.838,44.849,44.954,61.191,554.813,87.16,79.779,52.677,51.234,60.145,89.278,250.049,100.189,61.024,56.452,45.031,56.41,45.568,464.341,56.922,44.012,46.156,185.986,42.469,35.532,63.937,55.3
1989-04-01,111.298,2459.825,45.355333333333334,145.53,66.418,67.009,135.904,52.563,98.068,4378.37,56.783,57.504,46.282,74.756,58.495000000000005,56.464,46.637,130.211,42.862,83.388,46.574,57.002,54.616,56.4,57.72,54.988,58.054,63.44466666666667,76.206,41.695,45.388,45.395,61.429,549.797,87.416,80.178,53.052,51.644,61.731,89.67,251.036,101.223,61.565,57.158,45.445,57.17,45.971,461.545,57.362,44.546,46.658,183.513,43.046,35.952,64.467,55.592
1989-07-01,109.958,2428.773,45.633,145.858,65.929,68.416,136.662,52.825,95.322,4317.289,57.203,57.851,46.236,75.132,58.973,56.972,47.186,131.331,40.887,83.406,46.916,57.425,55.034,56.832,58.07,55.331,58.458,63.913333333333334,76.598,42.593,45.884,45.891,62.079,547.029,87.672,80.072,53.299,51.951,61.679,90.175,250.705,102.429,62.388,57.94,45.768,57.507,46.558,459.946,57.693,44.699,47.11,180.97,43.45,36.232,65.117,55.563
1989-10-01,111.151,2355.762,45.93666666666667,146.336,64.6065,68.742,137.382,53.014,92.302,4170.939,57.596,58.292,46.448,75.547,59.3455,57.399,47.69,131.593,39.925,83.753,47.319,57.817,55.438,57.284,58.508,55.771,58.944,64.02933333333333,76.998,43.482,46.421,46.43,62.788,542.719,87.73,80.453,53.561,51.952,61.965,90.623,251.483,102.38,63.006,58.399,46.086,57.959,46.942,461.834,58.093,45.022,47.595,178.395,44.011,36.512,66.227,55.914
1990-01-01,112.859,2254.457,46.348333333333336,147.115,66.42949999999999,69.371,138.143,53.386,91.763,3979.816,58.226,59.011,46.788,76.005,60.512,58.711,48.273,132.157,42.983,85.291,47.834,58.447,56.082,57.867,59.228,56.487,59.551,64.49966666666667,77.456,44.293,47.002,46.866,63.745,538.29,87.928,80.554,53.983,52.197,63.532,91.133,253.556,105.945,63.799,59.262,46.599,58.799,47.727,460.456,58.437,45.356,48.163,176.769,44.634,36.818,66.913,56.779
1990-04-01,114.617,2225.785,47.25966666666667,147.129,68.582,70.512,138.434,54.303,89.354,3918.215,58.884,59.549,47.117,76.304,60.734,58.87,48.823,132.293,42.213,85.615,48.477,59.101,56.723,58.459,59.762,57.008,60.165,64.946,77.727,45.241,47.652,47.398,64.336,535.555,88.305,80.123,54.816,53.329,63.895,91.49,253.032,108.271,64.006,60.022,47.263,59.333,48.389,458.884,58.796,45.539,48.766,175.593,45.094,37.076,67.236,57.577
1990-07-01,115.018,2220.91,47.39266666666666,147.194,69.548,71.47,139.431,54.376,86.957,3907.431,59.393,60.184,47.361,76.77,61.444500000000005,59.7,49.337,132.591,46.118,86.824,48.865,59.612,57.218,58.984,60.399,57.621,60.702,65.42399999999999,78.207,46.254,48.278,48.014,65.141,536.356,88.709,80.14,54.969,53.201,65.238,92.119,253.744,108.58,64.646,60.852,47.637,60.087,49.242,457.59,59.136,45.714,49.342,175.0,45.707,37.382,67.753,57.867
1990-10-01,115.123,2185.126,48.067,147.491,71.5495,71.638,140.839,55.023,85.668,3830.452,59.86,60.914,47.546,77.181,61.6785,60.078,49.755,132.299,53.784,88.398,49.551,60.067,57.67,59.492,61.118,58.323,61.251,65.79966666666667,78.524,47.21,48.809,48.327,66.127,535.719,88.676,80.698,55.72,53.59,66.928,92.725,255.027,109.03,65.378,61.448,48.197,60.882,49.784,455.745,59.039,45.778,49.843,175.084,46.427,37.61,69.298,58.645
1991-01-01,115.367,2126.624,48.63399999999999,148.753,71.7145,73.497,141.972,55.517,83.405,3709.234,60.437,61.278,47.022,77.824,62.546,60.919,50.394,132.563,47.617,88.344,49.866,60.651,58.248,59.991,61.488,58.694,61.756,66.23033333333333,79.221,48.074,49.308,48.808,67.013,534.181,90.003,81.92,55.93,54.782,66.596,93.634,256.938,110.246,66.054,62.588,48.918,61.202,50.443,456.807,59.752,45.931,50.29,177.555,46.622,37.945,70.589,58.564
1991-04-01,116.077,2058.1,49.071,149.127,70.795,74.721,141.645,55.79,83.045,3575.886,60.877,61.579,46.786,77.964,63.1815,61.526,50.858,132.902,44.877,88.518,50.143,61.088,58.688,60.426,61.786,58.999,62.135,66.35766666666667,79.32,48.841,49.705,49.05,66.837,528.649,90.625,82.331,56.008,55.536,66.706,93.721,256.657,110.848,66.351,63.405,49.405,61.536,51.151,455.087,60.417,46.153,50.675,176.258,46.904,38.009,71.006,58.84
1991-07-01,117.029,1936.068,49.674,149.68,71.53399999999999,75.292,141.239,56.508,81.195,3336.653,61.336,61.987,47.543,78.042,62.867999999999995,61.21,51.264,133.688,44.427,88.68,50.659,61.557,59.179,60.929,62.204,59.435,62.63,66.654,79.456,49.67,50.25,49.305,67.062,520.041,90.99,82.967,56.859,55.928,66.767,93.673,257.134,112.647,66.767,63.976,49.946,61.954,51.675,449.159,61.082,46.429,51.175,174.097,47.29,37.999,71.366,59.753
1991-10-01,117.852,1862.294,50.191,150.001,72.6325,75.379,141.424,57.079,79.47,3210.256,61.694,62.364,47.733,77.792,62.8745,61.157,51.504,133.203,45.077,89.046,51.131,61.915,59.542,61.282,62.581,59.819,63.026,66.774,79.205,50.552,50.762,49.767,67.681,514.304,90.522,83.342,57.608,56.089,67.104,93.395,257.348,114.069,67.112,64.484,50.547,62.404,52.019,448.36,61.082,46.249,51.644,170.737,47.703,37.631,72.135,60.048
1992-01-01,117.326,1822.202,50.37166666666667,149.995,71.89750000000001,75.005,142.024,57.163,76.807,3118.913,61.948,62.66,48.327,77.674,62.941500000000005,61.374,51.651,134.508,44.247,89.15,51.367,62.162,59.796,61.573,62.87,60.114,63.365,66.65733333333333,79.03,51.502,51.311,50.134,68.112,513.402,89.46,83.275,57.795,55.947,67.22,93.318,259.179,114.1,67.511,65.222,51.166,62.795,52.147,444.094,61.16,46.088,52.126,163.528,48.043,37.631,72.96,60.9
1992-04-01,117.233,1737.827,50.72366666666667,150.404,71.425,75.364,141.532,57.371,74.893,2954.976,62.319,63.052,48.833,77.824,63.158,61.497,51.948,134.784,44.714,89.528,51.792,62.533,60.189,61.987,63.262,60.521,63.774,66.97533333333332,79.173,52.35,51.784,50.453,68.395,505.624,89.451,83.924,57.967,56.239,67.555,93.243,258.967,114.361,67.804,65.905,51.61,63.212,52.827,441.703,61.769,46.55,52.548,159.689,48.617,37.78,73.095,60.617
1992-07-01,117.417,1653.732,51.202333333333335,150.528,72.1275,75.838,141.339,57.872,73.744,2801.433,62.618,63.436,49.05,78.011,63.480999999999995,61.881,52.276,134.54,45.58,89.985,52.205,62.833,60.515,62.283,63.647,60.922,64.141,67.24033333333334,79.361,53.146,52.194,50.713,69.135,500.4,89.552,84.535,58.515,56.64,68.041,93.311,260.948,115.563,68.255,66.391,52.123,63.615,53.212,435.551,62.236,46.891,52.922,157.337,48.975,37.961,72.605,60.42
1992-10-01,117.821,1598.708,51.609,150.763,74.062,76.349,140.523,58.235,71.808,2696.458,63.06,63.84,49.925,78.285,63.5215,61.939,52.476,134.833,46.073,90.205,52.549,63.275,60.968,62.697,64.05,61.334,64.558,67.74533333333333,79.634,53.997,52.765,51.126,68.905,493.41,90.072,85.064,58.711,57.366,68.239,93.329,259.581,115.611,68.503,66.514,52.375,64.059,53.474,432.478,63.047,47.509,53.434,155.952,49.31,38.247,72.453,62.005
1993-01-01,117.471,1547.222,51.82866666666666,150.687,73.672,76.36,140.344,58.381,70.705,2604.843,63.44,64.174,50.531,78.549,63.6445,62.049,52.63,134.291,46.045,90.367,52.781,63.652,61.358,63.11,64.382,61.674,64.927,68.16633333333333,79.873,54.682,53.251,51.493,69.092,488.05,89.99,85.756,58.691,57.859,68.442,93.399,259.3,115.366,68.72,67.175,52.846,64.441,53.877,427.601,62.492,48.021,53.883,158.199,49.597,38.524,72.988,62.915
1993-04-01,116.617,1472.454,52.13566666666667,151.481,73.342,76.605,139.895,58.637,70.776,2474.403,63.811,64.553,51.536,78.816,64.0745,62.463,53.052,135.266,44.765,90.446,53.059,64.027,61.749,63.498,64.765,62.075,65.34,68.42899999999999,80.171,55.298,53.808,51.962,69.442,480.534,90.202,86.92,58.867,58.282,68.354,93.472,259.34,115.559,69.182,67.392,53.404,64.874,54.406,423.527,62.694,48.542,54.431,158.261,49.889,38.855,72.958,62.93
1993-07-01,116.646,1412.892,52.52166666666667,152.219,73.99549999999999,76.863,139.436,59.062,69.909,2367.455,64.128,64.814,52.265,78.966,64.3135,62.573,53.272,135.459,43.511,90.344,53.309,64.349,62.086,63.79,65.03,62.359,65.649,68.728,80.359,55.91,54.251,52.262,69.707,473.942,89.998,88.121,59.213,58.869,68.071,93.422,259.016,115.812,69.412,67.038,53.865,65.155,54.829,421.0,62.463,48.965,54.843,157.807,50.031,39.17,73.03,63.207
1993-10-01,116.554,1356.484,52.90733333333333,153.224,76.136,77.489,139.136,59.591,69.986,2267.945,64.511,65.171,52.352,79.212,64.7105,63.057,53.485,136.505,44.517,90.827,53.665,64.727,62.476,64.099,65.383,62.726,65.985,69.22866666666667,80.557,56.383,54.586,52.558,70.061,467.509,90.853,89.266,59.816,59.248,68.391,93.709,258.649,116.434,69.524,66.88,54.352,65.531,55.326,418.775,63.639,49.125,55.172,156.767,50.283,39.515,73.468,63.41
1994-01-01,115.005,1327.666,53.314666666666675,153.578,75.7145,78.347,139.639,59.865,69.759,2223.505,64.838,65.464,52.194,79.65,64.9315,63.101,53.625,136.854,43.946,90.731,54.022,65.058,62.811,64.449,65.68,63.027,66.325,69.42666666666666,81.029,57.004,54.948,52.958,70.267,465.039,90.519,89.789,59.964,59.772,68.197,93.965,259.192,116.951,69.8,67.11,54.91,65.766,55.684,416.462,63.56,49.769,55.521,154.127,50.694,39.821,74.814,63.575
1994-04-01,115.529,1302.23,53.67033333333333,154.494,74.22149999999999,78.635,139.897,60.367,69.851,2183.275,65.153,65.819,52.701,79.91,64.9545,63.292,53.969,137.757,43.326,91.048,54.384,65.369,63.123,64.846,66.03,63.378,66.728,70.03666666666668,81.26,57.532,55.333,53.286,70.72,461.178,90.436,90.785,60.548,60.112,68.344,94.164,258.377,117.212,70.387,67.477,55.299,66.133,55.639,415.728,63.739,50.088,55.899,152.52,50.975,40.066,75.395,63.886
1994-07-01,114.94,1260.016,54.047666666666665,155.583,75.4405,78.97,139.593,60.713,70.267,2116.244,65.509,66.266,52.783,80.257,65.27850000000001,63.936,54.133,138.217,45.742,91.886,54.793,65.717,63.476,65.199,66.469,63.823,67.109,70.403,81.557,58.12,55.665,53.551,71.211,454.974,90.693,92.165,60.896,60.458,69.051,94.366,257.212,118.292,70.678,67.772,55.903,66.607,55.736,413.823,64.27,50.602,56.234,151.314,51.421,40.558,75.463,63.971
1994-10-01,113.951,1201.208,54.50733333333333,155.849,76.861,79.551,138.687,61.212,70.943,2009.318,65.873,66.616,53.186,80.58,65.405,64.001,54.441,137.056,46.267,92.002,55.253,66.083,63.87,65.539,66.822,64.2,67.482,70.98833333333333,81.902,58.649,56.033,53.858,71.775,446.545,91.281,93.575,61.375,60.998,69.123,94.457,255.932,118.113,70.619,68.007,56.388,66.92,56.044,409.664,65.089,51.238,56.611,150.509,51.857,41.13,74.904,63.788
1995-01-01,112.749,1146.948,54.87366666666667,156.472,75.40299999999999,79.987,138.117,61.728,69.853,1915.082,66.246,66.981,53.407,81.085,65.84100000000001,64.369,54.693,137.165,45.848,92.111,55.625,66.46,64.274,65.973,67.19,64.592,67.869,71.74933333333333,82.427,59.385,56.472,54.285,72.257,440.145,92.896,94.623,61.865,61.566,69.101,94.869,256.188,118.836,70.988,68.157,56.82,67.247,56.4,407.058,67.006,51.845,57.011,151.084,52.146,41.622,74.388,63.993
1995-04-01,112.146,1100.572,55.25866666666667,156.301,74.8505,80.614,138.362,62.139,70.064,1831.423,66.572,67.364,53.797,81.385,66.529,64.926,55.211,136.731,45.895,92.3,56.027,66.785,64.621,66.292,67.573,64.997,68.262,72.269,82.725,59.76,56.933,54.649,73.322,434.202,93.23,95.28,62.263,62.007,69.359,95.177,256.29,119.068,71.615,68.467,57.395,67.639,56.839,401.346,67.241,52.11,57.467,151.276,52.542,41.895,74.868,65.204
1995-07-01,111.967,1037.897,55.528,155.798,75.598,81.551,137.964,62.461,70.42,1716.175,66.874,67.633,54.242,81.635,66.94200000000001,65.117,55.541,137.64,45.341,92.325,56.281,67.084,64.967,66.539,67.84,65.308,68.56,72.68,82.957,60.066,57.293,55.028,73.854,424.586,94.0,95.179,62.554,62.388,69.507,95.437,255.517,120.127,72.007,69.064,57.68,67.915,57.142,392.485,68.137,52.326,57.829,150.816,52.758,42.352,75.697,65.803
1995-10-01,111.83,975.281,56.46,155.452,75.1475,82.165,137.267,63.323,70.208,1601.725,67.198,67.92,54.858,81.615,67.4165,65.431,55.822,137.487,44.597,92.347,56.717,67.401,65.328,66.849,68.119,65.636,68.87,72.92866666666667,82.881,60.53,57.702,55.469,74.232,413.538,93.499,95.746,63.006,64.023,69.617,95.223,253.881,120.368,72.675,69.465,57.922,68.214,57.639,385.2,67.502,52.627,58.222,149.952,52.96,42.704,76.22,65.838
1996-01-01,111.834,902.536,56.507666666666665,155.569,76.033,82.499,136.151,63.472,70.359,1478.126,67.517,68.235,55.125,81.501,68.037,65.933,56.082,137.771,46.822,92.962,57.112,67.712,65.697,67.133,68.425,66.002,69.109,73.579,82.705,60.813,57.992,55.9,74.634,401.511,93.906,96.774,63.513,63.499,70.305,94.917,253.188,119.735,73.212,69.787,58.339,68.593,58.101,379.968,68.233,52.837,58.509,148.867,53.489,42.745,76.177,64.917
1996-04-01,111.358,828.238,56.428666666666665,154.543,77.696,83.465,134.898,63.132,71.222,1347.152,67.794,68.492,55.715,81.359,68.9255,66.599,56.596,137.528,49.447,93.372,57.038,67.988,66.037,67.335,68.681,66.331,69.267,72.81566666666667,82.56,61.175,58.449,56.31,74.778,387.789,94.029,96.819,63.151,63.196,71.04,94.545,251.409,118.977,73.445,70.025,58.773,69.052,58.646,371.403,68.474,53.078,58.978,147.532,53.561,42.905,77.054,65.555
1996-07-01,109.813,781.879,56.88433333333333,154.14,76.372,83.625,134.382,63.499,71.594,1267.868,68.121,68.789,56.486,81.582,69.6,67.331,57.023,137.923,47.968,93.196,57.387,68.318,66.413,67.692,68.981,66.677,69.579,72.87766666666666,82.807,61.501,58.912,56.68,75.045,379.48,93.866,97.153,63.469,63.658,70.934,94.563,250.838,118.94,73.935,70.18,59.377,69.346,59.169,364.539,68.557,53.617,59.44,146.175,53.899,43.454,77.771,66.076
1996-10-01,110.285,736.473,57.20166666666666,153.473,76.345,83.583,133.766,63.716,72.233,1186.353,68.418,69.158,57.095,81.549,69.663,67.907,57.53,137.359,49.82,93.61,57.716,68.607,66.76,68.048,69.342,67.089,69.896,72.91333333333333,82.729,61.894,59.392,57.03,75.301,371.319,93.469,97.72,63.727,63.801,71.592,94.369,250.684,117.896,74.4,70.368,59.997,69.819,59.7,357.757,68.355,53.86,59.926,144.914,54.286,43.753,78.265,66.909
1997-01-01,110.561,687.054,57.48499999999999,152.882,77.702,84.303,132.587,63.934,73.201,1095.326,68.728,69.424,57.648,81.563,69.67750000000001,67.97,57.916,137.543,50.68,93.719,58.029,68.915,67.13,68.35,69.607,67.421,70.141,73.202,82.737,62.14,59.751,57.505,75.394,361.592,93.979,98.047,63.882,64.133,71.877,94.246,250.233,117.806,74.558,70.615,60.256,70.127,60.177,349.921,69.404,54.111,60.303,143.063,54.646,44.177,78.346,66.688
1997-04-01,111.886,645.776,57.80100000000001,151.408,77.8215,84.104,131.564,64.354,73.255,1023.432,69.078,69.601,58.412,81.623,69.75800000000001,68.079,58.284,137.914,47.407,93.213,58.29,69.258,67.524,68.671,69.777,67.651,70.428,73.593,82.757,62.525,60.184,57.777,75.385,352.322,94.562,97.475,64.336,64.496,71.658,94.187,249.087,117.347,74.66,71.016,60.779,70.303,60.683,339.501,70.467,54.376,60.728,142.472,54.823,44.58,78.909,67.273
1997-07-01,110.716,604.221,58.035333333333334,150.393,78.7065,84.363,130.698,64.503,74.633,951.408,69.295,69.781,58.777,81.739,69.923,68.337,58.627,137.305,47.901,92.95,58.499,69.464,67.786,68.859,69.946,67.887,70.587,73.716,82.807,62.758,60.505,58.191,75.462,342.927,94.698,97.192,64.363,64.859,71.613,94.114,248.217,117.344,74.619,70.761,60.971,70.488,61.086,333.318,71.162,54.822,61.077,140.698,55.061,45.08,80.047,67.493
1997-10-01,110.263,567.689,58.574333333333335,149.555,79.0835,84.235,129.481,64.954,76.42,890.179,69.548,70.0,59.123,81.637,70.0185,68.485,59.145,137.005,48.063,92.826,58.939,69.713,68.076,69.116,70.161,68.161,70.805,73.773,82.691,62.876,60.816,58.602,75.561,333.211,94.068,97.227,64.818,65.305,71.689,93.733,245.962,116.376,74.852,70.909,61.052,70.71,61.288,327.585,70.847,55.227,61.425,138.955,55.493,45.619,80.187,68.198
1998-01-01,109.077,520.022,58.379999999999995,148.455,76.3655,86.008,127.5,64.682,77.858,811.293,69.633,69.948,59.122,81.336,70.088,68.715,59.467,137.265,44.07,92.105,58.897,69.783,68.215,69.236,70.095,68.183,70.861,73.57266666666666,82.31,63.225,61.063,58.807,75.668,319.508,93.804,96.62,64.673,64.81,71.116,93.186,242.107,116.426,75.224,71.395,61.317,70.715,61.735,320.615,70.73,55.386,61.702,136.82,55.567,46.259,79.751,68.406
1998-04-01,108.559,481.111,58.794000000000004,147.348,75.8995,84.08,125.834,65.099,79.419,745.133,69.819,70.066,58.577,81.168,70.1975,68.886,59.846,137.931,42.132,91.739,59.201,69.964,68.459,69.423,70.209,68.377,71.03,73.73966666666666,82.122,63.628,61.341,59.218,75.787,307.583,93.665,96.049,65.083,65.236,70.976,92.72,238.541,115.557,75.498,71.952,61.909,70.843,62.105,313.906,71.262,55.769,62.014,136.123,55.813,46.753,79.695,68.299
1998-07-01,109.263,445.864,59.38633333333333,146.222,76.2255,83.447,124.43,65.524,80.184,678.343,70.096,70.285,58.583,81.119,70.422,69.149,60.192,137.425,41.954,91.713,59.623,70.235,68.82,69.683,70.422,68.677,71.269,73.91366666666666,82.042,63.905,61.638,59.578,75.961,296.89,93.666,96.457,65.255,66.113,71.262,92.341,235.768,114.393,75.972,72.329,62.23,71.062,62.465,304.759,71.551,56.322,62.324,135.778,56.231,47.134,79.719,68.779
1998-10-01,108.458,413.895,59.60966666666667,145.134,75.4245,84.016,123.042,65.735,80.234,626.784,70.285,70.491,58.474,81.161,70.77850000000001,69.548,60.741,136.687,41.04,91.549,60.01,70.424,69.067,69.886,70.628,68.956,71.499,74.29633333333334,82.087,64.262,61.965,59.943,76.087,287.107,94.337,96.577,65.598,66.082,71.375,92.127,233.448,113.925,76.413,72.965,62.75,71.249,62.949,297.065,72.684,56.824,62.645,135.098,56.701,47.516,79.575,68.771
1999-01-01,107.087,389.06,59.855,143.914,74.7965,85.438,122.177,65.947,80.403,584.213,70.479,70.672,57.987,81.267,71.088,69.835,61.008,136.466,39.839,91.457,60.375,70.615,69.322,70.083,70.806,69.202,71.705,74.62166666666667,82.179,64.651,62.197,60.267,76.273,278.755,94.651,96.337,65.918,66.114,71.618,92.001,231.123,112.313,76.667,74.461,63.128,71.39,63.469,290.722,72.495,57.353,62.876,135.917,57.135,47.85,80.455,68.888
1999-04-01,107.739,367.944,60.53266666666667,143.198,75.77,86.235,120.879,66.503,81.494,551.52,70.804,71.084,57.919,81.333,71.2635,70.024,61.41,135.864,44.537,92.114,61.082,70.934,69.677,70.432,71.213,69.665,72.022,74.96633333333334,82.222,64.947,62.479,60.58,76.192,270.937,95.289,96.327,66.537,66.564,72.655,91.77,228.492,112.778,76.798,74.775,63.34,71.796,64.057,285.589,73.139,57.972,63.181,136.311,57.909,48.162,80.383,69.418
1999-07-01,107.308,351.621,61.35166666666667,142.538,76.253,86.405,119.559,67.106,82.858,522.815,71.08,71.453,58.077,81.235,71.548,70.286,61.833,135.33,48.056,92.571,61.752,71.207,69.992,70.729,71.578,70.083,72.312,75.069,82.109,65.303,62.818,60.973,76.299,264.497,95.275,97.029,67.005,67.396,73.435,91.369,225.978,111.951,76.799,75.248,63.635,72.191,64.555,278.869,72.977,58.457,63.548,136.552,58.604,48.499,79.641,69.609
1999-10-01,107.46,340.365,62.20766666666666,141.691,75.5175,87.601,118.858,67.931,84.352,501.501,71.456,71.92,58.602,81.498,71.905,70.678,62.204,134.505,50.693,92.889,62.478,71.581,70.404,71.165,72.043,70.586,72.725,75.671,82.364,65.716,63.271,61.407,76.503,259.973,96.315,97.18,67.742,68.373,74.098,91.523,224.099,111.67,76.776,75.461,64.097,72.629,65.181,273.46,74.48,58.922,64.03,136.236,59.277,48.917,79.655,70.045
2000-01-01,106.771,330.886,62.922666666666665,141.032,77.275,88.222,118.51,68.593,84.662,485.375,71.937,72.524,59.166,82.013,72.3105,71.075,62.697,135.003,56.782,93.612,63.209,72.058,70.917,71.657,72.642,71.214,73.208,76.11133333333333,82.857,66.247,63.807,62.005,76.592,256.937,96.97,96.803,68.513,68.851,75.232,91.783,223.51,111.768,76.887,75.805,64.408,73.219,65.888,269.158,75.143,59.918,64.562,136.784,60.034,49.499,79.987,70.585
2000-04-01,106.075,320.456,63.25299999999999,140.734,79.845,88.582,118.037,68.856,86.976,465.899,72.376,72.904,58.519,82.348,72.8555,71.563,63.086,134.757,58.602,94.047,63.731,72.491,71.381,72.029,73.017,71.626,73.535,76.484,83.165,66.568,64.062,62.539,76.682,253.057,97.786,97.229,68.927,68.867,75.888,91.98,222.168,110.521,77.164,76.64,64.508,73.568,66.351,266.944,75.821,60.519,64.874,138.041,60.672,49.949,80.285,71.311
2000-07-01,105.841,312.62,63.89333333333334,139.872,81.3575,88.987,117.647,69.349,87.114,450.59,72.833,73.384,58.735,82.709,73.45349999999999,72.239,63.595,134.54,60.304,94.297,64.335,72.945,71.865,72.47,73.494,72.134,73.943,76.88733333333333,83.513,67.33,64.63,63.249,76.829,250.153,98.685,96.938,69.227,69.676,76.486,92.262,221.237,109.781,77.377,76.982,64.703,74.042,67.262,263.032,76.339,61.03,65.432,139.949,61.324,50.473,80.337,71.931
2000-10-01,105.791,304.067,64.39133333333332,139.535,81.03800000000001,89.63,116.811,69.662,88.501,435.16,73.234,73.801,58.949,82.875,73.852,72.524,63.974,133.941,61.063,94.4,64.962,73.341,72.28,72.896,73.906,72.577,74.326,77.19333333333333,83.648,67.811,65.144,63.987,76.867,246.58,98.958,97.332,69.557,69.963,76.732,92.245,219.638,110.707,77.59,77.082,65.12,74.46,67.714,258.909,76.728,61.564,65.972,139.701,62.09,51.088,79.493,72.674
2001-01-01,105.952,279.387,64.71900000000001,138.909,85.31899999999999,90.132,115.371,69.782,90.302,397.684,73.735,74.266,59.602,82.907,74.52250000000001,73.204,64.462,133.362,59.492,94.394,65.509,73.843,72.86,73.288,74.372,73.127,74.741,77.137,83.682,68.481,65.88,65.116,77.131,238.081,98.624,97.632,69.963,69.616,76.935,91.868,217.598,111.427,78.013,77.579,65.829,75.012,68.233,253.269,76.444,62.427,66.74,138.853,62.832,51.804,79.243,72.502
2001-04-01,104.423,269.119,65.17666666666666,137.923,91.6335,90.255,114.664,70.148,91.017,377.752,74.23,74.588,59.555,83.161,75.0205,73.677,64.957,132.511,61.826,94.547,65.794,74.335,73.381,73.605,74.692,73.49,75.026,77.19833333333334,83.914,69.034,66.297,65.674,77.288,233.151,98.397,97.485,70.13,70.307,77.458,91.835,214.857,111.183,78.225,78.138,66.316,75.363,68.876,248.475,75.964,63.246,67.167,139.061,63.077,52.578,79.546,72.236
2001-07-01,103.379,256.747,65.634,137.012,88.207,90.1,113.842,70.597,91.464,356.303,74.449,74.696,58.351,83.358,75.7755,74.29,65.435,132.007,57.468,94.07,66.051,74.56,73.642,73.852,74.805,73.651,75.245,77.16633333333333,84.149,69.487,66.531,66.116,77.237,227.976,97.47,97.202,70.58,70.758,77.138,91.609,212.584,111.054,78.387,78.839,67.215,75.401,69.195,244.148,75.501,64.264,67.408,136.789,63.241,53.416,79.873,71.79
2001-10-01,102.312,244.592,66.16366666666666,136.336,82.791,90.34,113.246,71.055,90.696,336.711,74.675,74.768,59.311,83.399,76.01599999999999,74.612,65.729,131.139,49.808,93.061,66.282,74.801,73.914,74.184,74.891,73.782,75.541,77.08533333333334,84.278,69.943,67.015,66.506,77.313,223.097,97.384,97.505,70.785,71.623,76.038,91.479,210.759,110.521,78.782,79.054,67.873,75.432,69.661,240.054,75.29,64.632,67.856,136.839,63.363,53.739,80.398,71.591
2002-01-01,101.916,236.971,66.63633333333333,135.141,79.586,89.652,112.775,71.515,91.504,322.404,74.845,74.934,59.491,83.318,76.43299999999999,75.014,66.203,130.192,47.723,92.65,66.687,74.998,74.148,74.443,75.082,74.01,75.783,77.22433333333333,84.358,70.148,67.379,67.017,77.147,220.533,97.132,97.021,71.373,71.88,75.902,91.41,210.542,110.13,78.858,79.273,68.449,75.584,70.073,235.548,75.37,64.529,68.234,136.09,63.736,54.24,80.519,71.433
2002-04-01,101.7,231.886,67.43933333333332,134.462,79.7365,90.558,112.412,72.191,92.008,313.776,75.192,75.43,60.157,83.4,76.452,75.062,66.503,130.078,53.574,93.301,67.299,75.295,74.47,74.812,75.531,74.48,76.137,77.28066666666668,84.124,70.62,67.899,67.509,77.129,218.439,96.584,96.851,72.043,72.565,76.996,91.324,209.894,109.663,78.762,79.911,68.969,76.145,70.782,232.187,75.223,64.899,68.755,133.901,64.311,54.828,80.725,72.12
2002-07-01,101.142,224.451,68.08866666666667,133.791,80.538,90.901,111.237,72.811,91.138,302.56,75.527,75.779,61.012,83.333,76.41900000000001,74.999,66.894,129.296,55.034,93.285,67.819,75.633,74.836,75.154,75.883,74.861,76.499,77.478,84.076,71.328,68.502,67.929,77.4,211.527,96.694,97.132,72.736,73.066,77.211,91.055,203.321,108.692,79.111,80.174,70.059,76.539,71.246,228.69,75.449,65.182,69.313,133.608,64.778,55.319,80.506,71.905
2002-10-01,100.383,217.321,69.26333333333334,132.901,81.989,90.967,111.106,74.161,90.405,289.175,75.957,76.242,61.824,83.762,76.582,75.176,67.283,128.523,57.597,93.25,68.636,76.073,75.305,75.601,76.354,75.367,76.932,77.56566666666667,84.564,71.963,69.058,68.474,77.476,207.88,96.22,96.779,74.695,73.432,77.483,91.086,201.325,108.283,79.404,79.973,70.46,76.896,71.814,225.639,75.089,66.262,69.828,132.644,65.325,55.967,82.084,72.208
2003-01-01,99.313,209.752,70.28166666666667,131.193,84.979,91.39,110.051,74.965,89.581,277.857,76.369,76.851,62.652,84.078,76.98849999999999,75.584,67.519,127.701,66.597,93.771,69.529,76.482,75.734,76.022,76.961,76.004,77.335,77.88266666666667,84.868,72.581,69.718,69.181,77.628,203.03,95.682,95.29,75.401,74.392,78.778,90.734,197.753,107.384,79.519,79.9,71.309,77.484,72.52,221.909,75.192,67.673,70.442,130.159,66.256,56.634,81.389,72.605
2003-04-01,98.281,205.165,70.68599999999999,129.766,84.74799999999999,91.51,109.316,75.499,87.612,268.929,76.631,76.934,64.167,84.005,77.5395,76.074,67.842,126.324,57.832,92.478,69.746,76.746,76.016,76.218,77.045,76.114,77.551,78.12633333333333,84.801,73.421,70.447,69.721,77.778,198.766,96.035,94.672,75.943,74.909,77.561,90.553,193.655,106.887,79.772,79.945,71.999,77.562,72.901,217.33,76.063,67.789,71.082,129.423,66.307,56.669,81.317,73.151
2003-07-01,98.787,201.206,71.37866666666666,128.454,89.406,91.679,108.319,76.182,87.311,259.705,77.071,77.374,65.101,84.039,78.195,76.692,68.321,124.983,62.51,92.917,70.272,77.185,76.477,76.556,77.485,76.58,77.892,78.40566666666666,84.831,74.089,71.015,70.082,77.957,191.255,96.138,93.982,76.617,75.607,78.635,90.315,184.609,106.805,79.88,80.255,72.532,78.073,73.423,213.326,77.077,68.277,71.622,127.496,66.747,57.082,82.867,73.822
2003-10-01,98.725,197.253,71.984,127.28,88.481,91.741,108.273,76.752,87.682,254.263,77.521,77.819,66.008,84.608,79.39150000000001,77.585,68.864,124.495,63.083,92.847,70.817,77.633,76.931,76.984,77.928,77.04,78.322,78.63033333333334,85.39,74.759,71.597,70.474,78.084,187.072,95.851,92.894,77.307,75.974,78.975,90.464,180.366,105.722,79.822,80.102,73.257,78.457,73.785,211.236,77.825,69.494,72.198,124.918,67.273,57.844,85.946,74.193
2004-01-01,98.284,194.522,72.82600000000001,127.17,90.74199999999999,92.191,108.027,77.405,86.928,250.417,78.074,78.486,66.348,85.376,79.84700000000001,77.924,69.391,124.749,68.88,93.606,71.608,78.191,77.495,77.542,78.6,77.723,78.892,78.95933333333333,86.187,75.64,72.18,70.957,78.823,185.149,95.787,93.033,77.912,76.713,80.048,90.726,178.835,106.165,79.337,80.587,74.027,79.062,74.369,209.226,78.032,71.015,72.737,124.052,68.131,59.019,86.273,74.216
2004-04-01,98.768,191.45,73.66766666666668,127.063,90.7365,92.58,108.428,78.077,87.595,246.262,78.709,79.146,67.001,86.287,80.7915,78.773,70.12,124.468,70.645,94.133,72.481,78.825,78.13,78.181,79.259,78.394,79.516,79.59966666666666,87.093,76.242,72.708,71.549,79.452,183.786,95.644,93.392,78.504,77.525,80.804,91.272,178.254,106.668,80.412,80.955,74.372,79.594,74.844,207.347,78.129,72.434,73.271,123.175,69.108,60.34,86.932,73.888
2004-07-01,98.425,186.699,74.51966666666667,126.092,91.9015,92.309,107.834,78.792,86.576,239.313,79.205,79.708,67.553,87.02,80.827,79.126,70.79,123.756,73.163,94.205,73.459,79.323,78.643,78.724,79.823,78.98,80.033,80.37033333333333,87.836,76.72,73.287,72.182,80.052,180.973,95.53,93.116,79.285,78.129,81.267,91.502,176.35,105.979,80.632,81.02,75.01,79.985,75.307,203.943,78.177,73.9,73.797,122.834,70.224,61.966,86.057,74.442
2004-10-01,98.26,181.839,75.40400000000001,126.265,94.155,92.178,108.022,79.559,87.131,230.595,79.818,80.493,67.962,87.885,81.1325,79.659,71.307,124.315,81.077,95.3,74.517,79.936,79.281,79.379,80.608,79.795,80.678,81.28766666666667,88.701,77.173,73.793,72.629,80.819,180.046,95.492,94.279,80.157,78.712,82.705,92.138,177.307,105.794,81.213,81.452,75.806,80.669,75.816,200.761,79.07,75.06,74.305,121.067,71.439,63.803,86.056,74.965
2005-01-01,98.266,175.333,76.39233333333333,125.992,93.2795,92.535,108.516,80.606,88.782,221.617,80.436,81.099,68.767,88.813,80.916,79.487,71.984,124.559,79.866,95.127,75.308,80.55,79.921,80.062,81.21,80.428,81.36,81.82666666666667,89.603,78.022,74.504,73.192,81.81,177.749,95.751,94.816,81.295,79.605,82.569,92.987,177.033,105.327,82.655,81.695,76.604,81.138,76.291,197.675,79.376,76.034,75.047,121.163,72.086,65.658,87.04,75.75
2005-04-01,97.825,169.493,77.19933333333334,125.814,92.90350000000001,92.855,108.397,81.333,88.842,213.833,81.022,81.734,69.36,89.675,81.72149999999999,80.288,72.456,125.002,81.536,95.473,76.163,81.137,80.535,80.679,81.845,81.092,81.939,82.51833333333333,90.464,78.586,75.103,73.834,82.71,174.125,96.177,95.187,82.081,80.232,83.113,93.579,174.469,104.693,83.782,81.928,77.277,81.65,76.703,195.559,80.19,77.263,75.631,120.859,73.01,67.374,87.273,76.528
2005-07-01,97.192,163.477,78.17066666666666,124.905,105.14150000000001,93.003,107.439,82.182,88.896,205.794,81.799,82.669,70.044,90.688,81.848,80.386,72.756,124.02,99.499,97.058,77.22,81.905,81.324,81.328,82.772,82.05,82.528,83.25066666666667,91.427,79.073,75.698,74.585,82.964,170.108,96.275,94.477,83.084,80.81,85.673,93.913,171.431,105.101,84.344,82.387,77.669,82.532,77.465,193.367,80.646,79.294,76.209,120.24,74.18,69.786,86.075,77.373
2005-10-01,96.974,157.829,78.97033333333333,124.615,102.2645,92.807,106.957,82.772,89.274,198.231,82.446,83.45,70.811,91.715,82.216,80.834,73.462,123.807,98.896,97.156,78.211,82.557,82.0,82.114,83.558,82.867,83.256,83.89933333333333,92.479,79.815,76.61,75.85,83.479,166.195,96.725,95.08,83.79,81.2,85.92,94.642,168.41,105.459,84.442,82.943,78.189,83.189,78.33,190.142,81.695,80.76,77.106,119.865,75.391,72.546,86.755,78.889
2006-01-01,96.632,153.386,79.70833333333333,124.091,101.9605,92.934,106.726,83.469,89.993,191.211,83.026,83.984,71.353,92.571,82.5785,81.225,74.186,123.801,97.501,97.075,78.808,83.135,82.597,82.717,84.09,83.43,83.829,84.253,93.317,80.303,77.26,76.548,84.128,163.166,97.189,95.304,84.459,81.947,86.01,95.228,166.135,105.152,85.011,83.468,79.065,83.621,78.858,187.015,82.355,82.051,77.759,120.091,75.93,74.437,87.086,79.678
2006-04-01,97.607,148.229,80.49233333333333,123.514,106.163,93.403,106.452,84.051,90.159,183.538,83.762,84.733,72.794,93.146,82.59700000000001,81.237,74.884,123.68,104.669,97.818,79.768,83.871,83.359,83.43,84.838,84.214,84.537,84.91666666666667,93.895,80.966,78.008,77.058,84.802,161.019,97.325,95.062,85.143,82.352,87.266,95.7,165.564,105.895,84.98,83.956,79.842,84.355,79.559,184.045,82.14,82.804,78.488,120.698,77.103,76.3,87.208,80.407
2006-07-01,97.289,143.587,81.17833333333334,122.964,112.04249999999999,93.722,106.808,84.673,90.273,178.138,84.37,85.342,72.944,93.638,83.2,81.774,75.424,123.657,110.365,98.387,80.495,84.486,83.996,83.941,85.454,84.857,85.057,85.47133333333333,94.435,81.664,78.649,77.883,85.891,159.771,97.39,94.915,85.868,82.803,88.273,96.291,166.169,106.428,85.887,84.248,80.623,84.962,80.23,181.075,82.142,83.101,79.11,120.756,77.886,77.7,87.523,80.787
2006-10-01,97.204,140.23,81.70366666666666,122.179,101.158,94.408,107.046,85.114,90.012,174.018,84.695,85.498,73.762,94.355,83.6575,82.152,75.992,123.695,93.77,96.696,81.18,84.806,84.336,84.414,85.606,85.03,85.544,86.20233333333333,95.13,82.147,79.21,78.508,86.447,158.671,97.582,94.481,86.339,83.19,86.235,97.045,166.339,106.954,86.808,84.287,81.243,84.822,80.567,177.537,82.586,83.701,79.643,120.223,78.708,79.711,87.824,80.713
2007-01-01,97.241,137.332,82.73233333333333,121.543,106.06700000000001,95.522,107.071,85.842,90.957,170.022,85.545,86.308,74.17,94.835,84.864,83.234,76.812,123.372,98.48,97.374,82.408,85.655,85.201,85.17,86.414,85.861,86.24,87.19366666666667,95.61,83.457,80.022,79.364,87.372,156.949,98.181,94.294,86.985,84.067,87.435,97.518,165.278,108.023,86.821,84.778,81.722,85.597,81.177,174.279,83.654,84.136,80.461,119.677,80.214,80.695,88.482,81.146
2007-04-01,96.409,133.714,83.58066666666667,120.962,112.66749999999999,95.304,106.978,86.528,90.974,165.539,86.097,86.941,74.784,94.894,86.009,84.376,77.616,123.281,109.176,98.432,83.212,86.201,85.768,85.602,87.041,86.513,86.633,87.68166666666666,95.641,83.889,80.624,79.951,88.134,154.891,98.542,94.344,87.603,84.873,89.145,97.7,164.07,107.728,87.088,84.846,82.508,86.324,81.918,171.604,84.573,83.916,81.043,119.254,81.083,81.079,88.936,81.484
2007-07-01,95.502,129.968,84.236,120.129,109.569,94.203,106.2,87.124,91.921,160.369,86.456,87.403,75.565,94.862,87.1805,85.31,78.562,122.475,111.207,98.643,83.995,86.568,86.167,86.013,87.511,87.011,87.051,88.27433333333333,95.653,84.426,81.222,80.39,88.656,150.401,98.733,94.453,88.391,85.131,89.771,97.654,159.23,108.003,87.569,85.259,83.167,86.812,82.066,168.016,85.393,83.949,81.653,118.853,81.971,81.787,89.033,82.433
2007-10-01,95.98,127.47,85.10066666666667,119.625,103.78399999999999,94.574,105.26,87.822,90.663,155.902,86.879,88.167,76.477,94.836,88.2525,86.205,79.163,121.679,121.154,99.857,84.997,86.982,86.604,86.599,88.267,87.795,87.624,88.83,95.558,85.338,82.036,81.102,89.383,145.861,98.827,94.585,89.308,85.445,91.671,97.611,153.653,108.513,88.206,85.889,83.939,87.694,82.959,165.857,85.628,84.039,82.394,118.574,83.146,82.763,88.333,83.54
2008-01-01,95.778,123.612,86.11333333333334,119.289,98.0745,94.692,104.828,88.563,91.343,151.468,87.269,88.883,76.301,95.028,89.79599999999999,87.344,79.983,122.054,128.561,100.885,86.117,87.359,87.0,87.1,88.972,88.528,88.185,89.53566666666666,95.653,85.825,82.614,81.742,90.25,144.326,99.58,93.957,90.02,86.238,93.228,98.013,153.406,109.682,87.982,86.516,84.873,88.408,83.695,164.28,86.706,83.723,82.975,118.959,84.486,83.873,87.468,84.566
2008-04-01,95.271,121.725,87.2,118.511,98.601,94.549,104.459,89.47,91.919,148.376,87.589,89.675,75.639,95.156,91.72,89.108,80.557,121.338,138.979,102.142,87.198,87.678,87.34,87.435,89.763,89.342,88.662,90.12733333333334,95.76,86.295,83.315,82.823,91.832,142.641,100.143,93.125,90.999,87.017,95.272,98.31,151.862,111.026,86.281,86.982,86.219,89.269,84.38,162.081,87.355,83.395,83.671,119.612,85.669,84.733,88.041,86.362
2008-07-01,95.876,119.625,88.00233333333334,118.13,102.696,95.108,105.415,90.141,92.507,145.067,88.294,90.577,75.244,95.768,93.792,91.137,81.533,122.054,151.285,103.855,88.174,88.361,88.037,88.033,90.643,90.246,89.248,90.85166666666667,96.224,86.788,83.952,83.718,93.562,141.333,100.585,92.41,91.852,87.366,97.784,99.342,151.013,111.34,88.114,87.463,86.992,90.221,85.233,160.689,87.913,82.675,84.307,119.782,86.827,86.306,89.778,87.667
2008-10-01,95.111,117.527,87.14366666666666,117.287,105.396,95.227,108.13,89.712,91.276,141.543,88.335,89.602,72.348,96.68,94.1745,92.188,82.236,122.053,99.634,99.216,87.362,88.511,88.204,87.882,89.77,89.389,89.166,91.50766666666668,97.963,87.306,83.869,83.804,93.538,139.952,100.194,91.271,91.125,87.471,91.74,100.861,150.049,111.107,98.88,87.983,87.535,88.781,84.962,159.065,87.454,81.521,84.178,119.337,85.784,88.093,91.103,88.497
2009-01-01,95.777,115.401,86.151,116.657,105.565,95.215,107.755,88.959,89.818,138.26,88.375,88.903,69.448,95.998,93.827,91.892,82.668,122.5,80.077,97.466,86.392,88.536,88.244,87.665,89.05,88.685,88.858,91.47233333333334,97.162,88.02,83.793,83.997,93.356,137.331,99.458,91.006,90.117,87.169,89.589,100.158,147.195,111.007,98.331,89.022,87.832,88.181,85.124,156.335,86.506,80.865,84.047,118.718,84.68,87.162,95.234,88.552
2009-04-01,96.466,112.87,86.44833333333334,116.352,96.943,93.976,107.067,88.975,89.29,134.624,88.283,88.987,69.075,94.734,93.18950000000001,91.06,82.787,122.698,87.32,98.547,86.518,88.418,88.145,87.762,89.11,88.768,88.93,91.05166666666666,95.639,88.551,83.875,83.944,93.248,134.984,98.713,91.495,89.858,87.669,91.16,98.832,145.018,111.189,97.103,91.276,88.119,88.532,85.078,153.802,86.071,79.798,84.105,117.656,84.875,84.68,98.563,87.98
2009-07-01,96.66,111.21,86.90500000000002,115.46,96.67,95.099,106.011,89.247,89.109,131.108,88.363,89.335,69.878,93.736,92.61449999999999,90.544,82.786,120.892,102.106,99.76,86.895,88.474,88.226,87.94,89.438,89.12,89.058,90.65866666666666,94.36,89.107,84.263,83.917,93.518,134.1,98.543,92.458,90.302,87.635,93.147,97.71,144.642,110.729,94.382,91.94,88.594,89.142,85.92,150.18,86.049,79.235,84.47,116.786,85.317,82.497,97.534,88.891
2009-10-01,96.482,109.618,87.63766666666668,115.854,95.945,94.797,104.582,89.933,88.143,129.246,88.696,89.893,71.947,93.509,92.411,90.554,83.317,119.51,108.756,100.565,87.538,88.798,88.554,88.41,89.989,89.687,89.512,90.87933333333332,94.028,89.958,84.969,83.974,93.793,131.998,98.793,95.253,91.129,88.076,94.102,97.251,142.288,111.604,93.92,92.279,89.403,89.83,85.985,147.693,87.541,79.821,85.108,115.192,85.932,82.405,92.175,89.974
2010-01-01,96.45,109.111,88.43933333333332,115.227,95.3255,93.955,102.893,90.506,88.08,128.362,88.907,90.217,73.621,93.015,92.7015,90.929,83.484,118.345,110.402,100.71,88.282,89.018,88.783,88.728,90.32,90.026,89.797,91.20233333333333,93.588,90.494,85.416,83.981,94.012,130.302,98.47,96.244,91.563,88.897,94.539,96.589,139.896,110.397,91.649,92.548,89.924,90.177,85.846,145.352,87.99,79.949,85.534,113.819,86.789,82.747,88.374,90.413
2010-04-01,95.85,108.651,89.18033333333334,114.202,98.432,94.25,102.481,91.2,87.506,127.227,89.309,90.43,74.86,92.933,92.8355,91.214,83.865,116.875,106.735,100.118,88.91,89.431,89.202,89.054,90.542,90.258,90.08,91.745,93.585,90.982,85.896,84.07,94.356,129.082,98.728,96.024,92.089,89.883,94.119,96.645,138.243,110.561,90.739,92.616,90.549,90.317,86.383,142.613,88.808,79.388,85.969,113.17,87.373,83.232,89.231,90.907
2010-07-01,95.446,108.14,89.597,113.355,102.619,94.649,102.44,91.562,87.702,126.599,89.627,90.631,74.954,92.927,93.00399999999999,91.317,84.192,115.389,108.449,100.092,89.33,89.755,89.536,89.276,90.75,90.472,90.262,92.13166666666666,93.636,91.376,86.154,84.207,94.63,127.62,98.343,96.299,92.365,90.395,94.41,96.639,136.25,110.393,92.132,92.87,91.007,90.49,86.704,140.05,88.359,79.393,86.225,112.612,87.834,83.729,89.295,90.882
2010-10-01,95.162,107.637,90.40233333333333,113.0,107.768,94.15,102.358,92.307,88.155,125.577,90.142,91.206,75.831,93.23,93.5835,91.68,84.596,114.239,120.393,101.211,90.072,90.27,90.057,89.705,91.324,91.057,90.652,92.68833333333333,93.941,91.757,86.506,84.343,95.111,127.264,98.831,96.893,93.076,91.2,96.098,96.906,136.008,111.335,91.777,93.121,91.338,91.07,86.733,137.96,89.535,79.842,86.581,112.368,88.573,84.298,89.385,91.339
2011-01-01,95.58,106.012,91.21933333333334,113.014,107.7855,94.31,102.29,93.136,88.845,122.71,90.585,91.924,76.264,93.497,94.9105,93.099,85.045,114.117,132.158,102.789,90.945,90.71,90.51,90.211,92.04,91.798,91.148,93.38533333333334,94.182,92.103,86.923,84.691,96.12,126.92,99.578,97.864,94.151,91.608,98.284,97.2,136.398,112.732,90.544,93.543,91.62,91.835,87.163,135.54,90.75,79.999,87.01,112.59,89.474,84.638,89.92,92.843
2011-04-01,96.305,104.741,92.25,113.299,112.1565,94.3,102.637,93.979,88.889,120.519,91.244,92.785,77.121,93.973,96.077,94.527,85.773,114.615,144.077,104.52,91.933,91.363,91.171,90.823,92.894,92.674,91.769,93.87266666666666,94.61,92.67,87.505,85.107,97.061,125.623,99.918,99.214,95.047,92.361,100.577,97.721,135.128,113.845,91.423,94.132,92.158,92.738,87.762,133.341,91.454,80.289,87.57,112.492,90.562,85.742,91.249,93.533
2011-07-01,98.144,103.3,92.56866666666667,113.118,112.87950000000001,93.828,102.513,94.306,88.885,117.915,91.728,93.174,77.37,94.145,97.432,95.717,86.726,114.8,142.679,104.878,92.342,91.84,91.665,91.21,93.277,93.079,92.143,94.395,94.744,93.081,87.983,85.602,97.776,124.08,100.002,100.067,95.442,92.568,101.147,97.93,133.572,113.707,92.303,94.28,92.74,93.167,88.053,131.191,91.832,80.309,88.027,112.315,91.025,86.733,91.001,93.837
2011-10-01,99.177,102.673,92.38233333333334,112.662,110.56200000000001,93.321,102.632,94.18,88.738,116.486,91.852,93.383,77.283,94.347,97.92750000000001,96.378,87.163,114.23,142.096,105.112,92.223,91.951,91.783,91.386,93.473,93.287,92.345,94.60699999999999,94.855,93.418,88.342,85.98,97.916,122.976,99.732,100.302,95.275,92.511,101.661,98.172,132.224,114.104,93.79,94.819,93.248,93.475,88.589,129.196,91.674,80.348,88.364,111.953,90.913,87.865,91.134,94.696
2012-01-01,99.958,102.896,92.96199999999999,112.507,109.61699999999999,93.939,102.9,94.506,89.141,115.906,92.416,94.011,78.802,94.803,98.44149999999999,96.9,87.749,114.754,146.249,105.765,93.011,92.495,92.325,92.015,94.08,93.904,92.934,95.14933333333333,95.185,93.852,88.955,86.256,98.499,122.217,100.258,100.435,95.636,92.778,102.648,98.773,130.911,114.24,94.109,95.315,93.841,94.094,89.603,127.76,92.877,80.218,88.967,111.463,92.015,89.161,92.3,95.329
2012-04-01,101.032,102.324,93.03266666666667,111.846,109.236,94.215,102.845,94.715,89.063,114.732,92.777,94.22,79.427,95.082,98.8035,97.067,88.488,114.557,142.176,105.424,93.101,92.881,92.722,92.359,94.315,94.15,93.266,95.55733333333335,95.632,94.307,89.443,86.619,98.852,120.908,100.263,100.639,95.872,92.939,102.445,99.046,129.201,113.027,94.935,95.514,94.417,94.321,89.98,125.66,93.641,80.536,89.429,110.334,92.024,90.342,92.489,95.733
2012-07-01,100.6,102.329,93.31633333333333,111.203,114.1765,94.757,103.139,94.897,88.832,114.324,93.348,94.535,80.069,95.468,99.76599999999999,97.176,88.964,114.493,143.45,105.41,93.501,93.459,93.311,92.698,94.638,94.479,93.577,95.85333333333334,96.071,94.776,89.866,87.037,99.01,120.339,100.563,100.701,96.12,93.014,102.697,99.361,128.312,111.913,96.266,95.829,94.654,94.595,90.625,123.71,94.379,81.228,89.822,109.965,92.572,90.712,92.861,95.382
2012-10-01,101.688,101.95,93.87533333333333,110.823,114.71799999999999,94.693,103.467,95.013,89.66,112.792,93.745,95.043,81.236,95.612,100.27600000000001,97.587,89.325,114.029,148.063,105.883,94.226,93.869,93.734,93.162,95.159,95.016,94.009,95.75766666666668,96.301,95.003,90.404,87.641,99.404,120.02,100.085,101.071,96.332,92.976,103.534,99.339,128.027,111.715,96.656,95.785,95.225,95.126,91.064,122.119,93.936,82.044,90.374,109.321,93.706,90.62,93.816,95.783
2013-01-01,102.082,101.586,94.29366666666665,110.545,112.9555,94.381,103.266,94.947,89.151,111.868,94.105,95.383,82.019,95.641,100.504,97.985,89.736,113.72,146.808,105.756,94.844,94.204,94.077,93.566,95.473,95.34,94.365,95.90633333333334,96.169,95.588,90.981,88.147,99.541,119.231,99.615,101.388,96.022,93.31,103.473,99.047,127.006,111.641,96.375,95.495,96.057,95.459,91.391,120.821,93.441,83.312,90.9,108.85,94.775,90.38,94.084,96.19
2013-04-01,101.351,101.615,94.57466666666666,109.812,109.9545,94.028,102.983,95.102,90.284,110.923,94.369,95.528,83.413,95.946,100.2995,98.083,90.394,112.903,137.886,104.787,95.2,94.474,94.358,93.927,95.625,95.502,94.654,96.255,96.518,95.493,91.431,88.788,99.354,117.696,99.842,101.328,96.04,93.691,102.402,99.143,124.665,111.501,96.81,95.684,96.462,95.508,91.431,118.762,94.246,84.41,91.382,108.462,95.259,91.024,94.479,95.809
2013-07-01,101.828,101.593,95.08133333333335,109.213,112.1615,94.617,102.815,95.436,90.42,110.181,94.885,95.942,84.442,96.248,100.3755,98.252,90.861,111.67,140.053,104.911,95.791,94.989,94.882,94.415,96.038,95.924,95.042,96.657,96.819,95.825,91.955,89.264,99.246,116.936,99.907,101.772,96.323,94.111,102.847,99.227,123.538,110.526,96.889,95.83,96.784,95.901,92.03,117.347,94.772,85.517,91.888,107.751,96.013,91.603,94.712,96.753
2013-10-01,101.991,101.381,96.47633333333333,108.637,112.41,94.666,102.366,96.904,90.057,109.517,95.402,96.428,85.966,96.805,99.6495,98.242,90.99,110.722,139.691,104.741,96.701,95.477,95.376,94.982,96.497,96.392,95.566,97.38333333333333,97.206,96.266,92.578,89.84,99.305,115.38,100.429,102.153,97.452,96.122,102.858,99.5,121.315,109.146,96.983,95.927,97.409,96.254,92.571,116.139,96.239,87.14,92.465,107.129,96.568,92.889,94.594,97.293
2014-01-01,102.068,101.13,96.36433333333333,107.705,113.4435,95.025,102.182,96.649,90.747,108.909,95.776,96.891,86.911,97.457,100.0845,98.765,91.626,109.789,142.721,104.896,97.075,95.84,95.743,95.37,96.948,96.852,95.941,97.87700000000001,97.783,96.509,93.136,90.742,99.718,114.229,100.683,101.772,97.456,95.454,103.498,99.84,119.728,107.493,96.978,96.14,97.629,96.696,93.132,114.816,96.782,88.992,93.03,106.972,97.34,94.315,94.842,97.011
2014-04-01,102.349,101.573,96.83933333333334,106.981,114.1045,95.464,102.199,97.057,91.124,108.692,96.266,97.27,88.035,97.659,101.58500000000001,99.83,92.556,108.436,141.639,105.002,97.417,96.343,96.25,95.776,97.34,97.249,96.309,98.00999999999999,98.066,96.802,93.72,91.397,99.974,113.202,100.29,101.657,97.724,96.078,103.981,100.039,118.009,106.425,97.429,96.648,97.811,97.129,93.528,113.918,96.446,89.203,93.604,106.281,97.642,95.585,95.427,97.727
2014-07-01,102.236,101.756,97.40233333333333,106.597,112.782,95.654,102.059,97.513,91.408,107.887,96.684,97.619,88.941,98.187,101.98349999999999,100.498,93.291,108.015,137.649,104.791,97.911,96.762,96.68,96.228,97.69,97.608,96.729,98.25466666666667,98.594,97.114,94.203,91.972,100.138,112.04,100.235,102.0,98.094,96.669,103.852,100.295,116.231,105.901,97.699,96.966,98.013,97.394,93.734,112.552,96.628,90.788,94.078,105.854,98.161,96.957,95.786,97.941
2014-10-01,101.866,101.765,97.49066666666666,105.803,105.428,95.163,102.054,97.642,93.447,106.783,96.706,97.566,89.422,98.388,102.021,100.971,94.091,107.339,122.307,103.479,97.908,96.8,96.727,96.447,97.653,97.58,96.936,98.30799999999999,98.882,97.086,94.515,92.495,100.031,110.752,100.096,101.805,98.126,96.945,102.303,100.503,114.359,104.573,98.379,97.361,98.047,97.265,93.73,111.079,96.805,90.962,94.468,105.399,98.075,97.996,96.621,98.394
2015-01-01,101.1,101.594,96.93400000000001,105.048,96.61500000000001,95.988,101.949,97.452,93.866,105.814,96.693,97.209,89.838,98.628,101.93,101.143,94.722,106.401,98.85,101.343,97.278,96.742,96.675,96.519,97.254,97.185,96.945,98.43033333333334,98.854,97.002,94.826,93.129,99.831,109.597,100.761,101.549,97.934,96.756,99.522,100.648,112.777,103.638,99.362,97.576,98.256,96.829,94.144,109.846,98.568,91.556,94.784,104.582,97.174,97.949,96.776,98.022
2015-04-01,100.921,101.056,97.371,105.107,101.904,96.801,101.731,97.641,94.575,104.948,97.27,97.601,90.841,98.599,101.378,100.842,95.064,106.543,105.126,101.871,97.728,97.302,97.243,96.939,97.631,97.572,97.281,98.35433333333333,98.756,97.312,95.279,93.652,99.623,108.617,100.936,102.378,98.127,96.94,100.271,100.487,111.614,102.568,99.677,97.902,98.355,97.312,94.951,109.319,99.438,92.017,95.248,103.703,97.783,97.475,96.934,98.014
2015-07-01,100.924,100.651,97.47166666666668,104.47,100.273,96.788,101.293,97.73,95.083,104.031,97.509,97.788,91.531,98.649,101.7505,101.321,95.612,105.351,103.271,101.612,97.8,97.536,97.482,97.225,97.813,97.763,97.505,98.43599999999999,98.778,97.631,95.759,94.313,99.554,106.897,100.806,102.294,98.162,97.108,100.192,100.328,109.34,101.911,99.677,97.836,98.661,97.565,95.416,108.322,99.148,92.832,95.729,103.746,97.845,97.803,97.254,98.026
2015-10-01,100.724,100.352,97.28533333333333,103.841,95.1905,97.295,101.022,97.611,95.698,103.269,97.512,97.658,91.733,98.454,101.5745,101.258,96.469,104.658,92.74,100.573,97.519,97.527,97.477,97.321,97.672,97.627,97.571,98.22733333333333,98.524,97.764,96.106,94.844,99.21,105.265,100.001,101.638,97.988,97.068,98.955,99.916,107.168,100.919,100.222,98.038,99.035,97.49,95.594,107.998,97.771,93.41,96.088,103.333,97.467,97.648,97.888,97.848
2016-01-01,100.295,100.088,96.95100000000001,103.336,88.755,97.976,100.624,97.503,96.457,102.123,97.468,97.541,93.108,98.116,101.108,100.913,97.13,104.327,82.107,99.518,96.99,97.468,97.428,97.464,97.541,97.504,97.664,98.03066666666666,98.108,97.964,96.639,95.395,99.046,104.015,99.226,101.441,97.753,97.145,97.636,99.371,105.526,101.47,100.062,98.394,99.155,97.538,96.184,106.24,96.351,93.8,96.631,103.008,96.685,97.137,98.104,98.528
2016-04-01,100.766,100.024,97.57133333333333,103.017,93.42500000000001,99.218,100.277,98.022,97.292,101.764,98.104,98.116,94.733,98.435,100.7755,100.307,97.604,103.637,89.432,99.96,97.642,98.108,98.077,98.025,98.121,98.091,98.18,98.51466666666666,98.46,98.312,97.332,96.184,98.999,103.487,99.507,101.731,98.28,97.651,98.442,99.434,104.811,102.187,99.589,98.58,99.539,98.157,97.289,104.765,97.125,95.002,97.331,102.419,97.416,97.696,97.855,98.873
2016-07-01,100.477,99.896,97.99266666666666,101.963,92.2945,98.453,100.035,98.404,97.775,101.002,98.372,98.42,96.016,98.57,99.86500000000001,99.786,98.209,102.144,88.205,99.566,97.976,98.372,98.349,98.443,98.42,98.399,98.535,98.66666666666667,98.57,98.788,98.013,97.127,99.187,101.964,99.225,101.328,98.629,98.082,98.368,99.208,102.749,100.971,99.868,99.359,99.858,98.496,97.766,103.236,97.22,96.382,98.002,101.779,97.722,97.587,98.415,98.973
2016-10-01,100.89,99.172,98.51433333333334,101.031,96.87700000000001,98.526,99.889,98.891,98.803,100.13,98.886,98.885,96.894,99.077,99.388,99.516,98.853,101.5,94.82,99.797,98.456,98.884,98.869,98.897,98.883,98.873,98.929,99.08766666666668,99.06,99.161,98.542,98.011,99.141,100.761,99.852,100.734,99.016,98.709,99.175,99.507,101.363,100.843,99.897,99.523,99.924,98.947,97.977,101.129,98.66,97.61,98.554,101.542,98.198,98.251,99.348,98.831
2017-01-01,100.549,99.818,99.214,100.952,98.64949999999999,99.151,100.081,99.36,99.763,100.287,99.392,99.45,97.849,99.41,99.8415,99.751,99.335,101.795,100.707,100.331,99.2,99.389,99.38,99.409,99.447,99.44,99.422,99.38366666666667,99.394,99.425,99.124,98.802,99.535,100.572,99.686,100.598,99.486,99.178,100.015,99.723,100.859,100.649,99.63,99.831,100.044,99.524,99.167,100.882,98.768,98.338,99.152,100.86,99.104,99.083,100.232,99.597
2017-04-01,100.082,99.78,99.49666666666667,100.353,96.8935,99.885,100.036,99.682,100.111,99.887,99.653,99.707,99.538,99.914,99.9595,99.982,99.759,100.625,95.035,99.712,99.432,99.656,99.654,99.72,99.71,99.708,99.766,99.73766666666666,99.925,99.791,99.711,99.6,99.87,100.097,100.083,100.329,99.69,99.67,99.387,100.019,100.219,100.358,99.885,99.882,99.862,99.724,99.614,100.155,99.543,99.553,99.729,100.734,99.283,99.883,100.204,99.969
2017-07-01,99.909,99.876,100.13266666666668,99.481,100.5375,100.547,99.974,100.12,100.463,99.921,100.176,100.12,100.601,100.259,99.988,100.073,99.984,99.124,97.978,99.744,100.148,100.174,100.178,100.141,100.118,100.12,100.153,100.202,100.249,100.064,100.219,100.402,100.068,99.843,100.053,99.376,100.064,100.201,99.875,100.138,99.831,99.292,100.102,100.252,100.008,100.076,100.424,100.033,100.376,100.672,100.23,99.566,100.164,100.588,99.965,99.86
2017-10-01,99.459,100.526,101.157,99.213,103.9195,100.417,99.909,100.838,99.663,99.905,100.779,100.723,102.011,100.417,100.211,100.193,100.922,98.457,106.28,100.213,101.221,100.78,100.788,100.729,100.725,100.732,100.659,100.67666666666666,100.432,100.72,100.946,101.196,100.527,99.488,100.178,99.697,100.76,100.951,100.723,100.121,99.091,99.702,100.382,100.035,100.087,100.676,100.795,98.929,101.314,101.436,100.89,98.84,101.448,100.447,99.599,100.574
2018-01-01,100.104,100.704,102.35366666666665,99.091,104.6985,100.946,99.8,101.798,100.559,99.608,101.43,101.477,103.767,100.948,100.5035,100.385,101.44,98.763,111.215,100.748,102.399,101.428,101.442,101.449,101.475,101.491,101.374,101.32433333333334,100.941,101.136,101.725,101.998,101.178,98.633,100.625,99.989,101.709,101.928,101.6,100.182,97.841,99.512,100.142,100.457,101.066,101.38,101.442,97.913,102.776,103.643,101.674,98.157,102.759,100.249,99.958,100.932
2018-04-01,101.306,100.641,103.18766666666666,98.844,106.71449999999999,101.444,99.749,102.497,100.901,99.504,102.149,102.068,104.9,101.451,100.45949999999999,100.311,102.262,99.434,113.867,101.012,103.315,102.14,102.158,102.138,102.059,102.081,101.979,102.07333333333334,101.405,101.728,102.399,102.743,101.79,97.799,100.842,99.858,102.435,102.585,102.132,100.335,96.694,98.993,100.497,100.68,101.396,101.912,101.798,96.897,103.418,105.421,102.333,97.856,103.807,100.691,100.091,101.516
2018-07-01,99.415,100.815,103.91399999999999,98.363,107.64349999999999,101.777,100.162,103.027,101.46,99.16,102.59,102.492,105.947,101.839,100.57300000000001,100.536,102.542,98.591,115.979,100.84,104.095,102.586,102.607,102.597,102.487,102.517,102.399,102.50666666666666,101.822,102.026,102.985,103.426,102.325,97.399,100.676,99.935,102.986,103.085,102.121,100.556,96.06,97.793,101.791,100.492,102.049,102.254,102.46,96.326,103.518,106.43,102.917,97.306,104.739,101.122,100.786,102.35
2018-10-01,99.712,100.551,104.706,98.235,106.1385,101.173,99.974,103.778,102.427,98.61,103.016,102.877,106.819,102.035,100.6785,100.838,103.016,99.323,112.962,100.644,104.664,103.005,103.03,103.098,102.866,102.903,102.837,103.021,101.987,102.57,103.633,104.288,102.649,96.398,100.184,100.283,103.438,104.272,101.889,100.637,94.764,96.13,102.662,100.33,102.309,102.642,102.876,95.624,103.405,107.065,103.58,96.433,105.197,102.633,100.425,103.551
2019-01-01,99.115,100.172,105.40966666666667,98.462,102.014,101.573,100.151,104.731,103.26,98.009,103.335,103.111,106.711,102.547,101.5975,101.582,104.229,100.193,103.689,100.215,104.709,103.332,103.358,103.506,103.109,103.154,103.198,103.55233333333332,102.541,102.918,104.128,105.065,103.159,95.818,100.662,101.25,103.523,106.532,101.118,101.126,94.108,95.326,103.761,100.482,102.631,102.851,103.439,94.923,104.533,107.667,104.089,96.221,104.686,103.734,100.591,103.6
2019-04-01,98.801,98.659,104.783,97.95,105.405,102.532,100.197,104.034,103.496,96.319,103.861,103.6,108.07,102.968,101.2735,101.365,105.082,99.962,112.935,100.694,104.934,103.855,103.889,104.038,103.595,103.66,103.59,103.75666666666666,102.945,103.418,104.768,105.909,103.401,94.887,101.065,100.84,103.931,104.17,102.114,101.552,93.408,96.559,103.951,100.73,102.518,103.426,103.946,93.269,105.036,108.065,104.712,96.403,105.473,104.953,101.714,103.904
2019-07-01,99.34,97.644,104.96033333333332,97.37,103.73400000000001,102.533,99.988,104.131,104.625,96.054,104.209,103.85,108.637,103.182,101.547,101.415,105.6,99.861,109.302,100.334,105.226,104.196,104.226,104.404,103.839,103.909,103.926,103.91300000000001,103.124,103.864,105.286,106.661,103.701,94.121,100.965,100.477,104.186,104.036,101.87,101.598,92.743,96.009,104.266,100.969,102.938,103.675,104.171,92.07,105.047,108.932,105.256,96.158,105.887,105.755,101.467,104.059
2019-10-01,98.033,96.404,105.51333333333334,96.961,104.449,102.742,99.591,104.51,104.768,94.178,104.566,104.201,108.48,103.15,102.0735,101.751,105.809,99.007,112.283,100.463,105.752,104.543,104.581,104.733,104.179,104.271,104.246,104.04633333333334,103.037,104.551,105.85,107.389,103.916,93.22,100.251,100.81,104.628,104.328,102.288,101.347,91.98,95.637,104.49,101.553,103.42,104.083,105.262,91.132,104.781,109.736,105.802,94.778,106.506,106.603,100.83,105.013
2020-01-01,97.484,96.042,106.32933333333334,96.766,101.61099999999999,103.29,99.648,104.826,104.954,93.587,105.012,104.639,109.313,103.503,102.757,102.585,106.606,99.47,106.625,100.166,106.725,105.001,105.043,105.3,104.63,104.732,104.771,104.21600000000001,103.46,105.013,106.499,108.213,104.261,92.904,100.559,101.483,104.875,104.754,101.935,101.62,91.688,94.276,104.707,101.769,104.239,104.404,105.846,90.027,106.04,110.378,106.429,94.026,107.881,107.312,101.174,104.526
2020-04-01,91.727,96.364,106.29733333333333,95.906,88.196,104.74,99.812,104.893,104.526,94.308,104.708,104.422,107.672,103.869,105.91999999999999,105.912,106.256,99.694,81.344,98.728,106.664,104.651,104.694,105.138,104.368,104.461,104.696,104.44600000000001,103.562,106.063,106.641,108.842,104.182,92.565,101.739,100.738,104.671,105.202,100.203,102.043,91.073,93.394,104.907,101.826,104.417,103.988,106.308,88.337,108.479,110.553,106.542,93.854,107.74,106.869,102.604,101.927
2020-07-01,92.903,96.454,107.19099999999999,96.94,94.01599999999999,103.107,99.482,105.466,104.727,94.003,105.591,105.238,109.64,104.376,105.68549999999999,105.491,107.598,101.419,90.758,99.696,107.675,105.574,105.631,105.96,105.223,105.329,105.481,104.89999999999999,104.306,106.886,107.449,109.354,104.475,92.544,102.004,102.63,105.415,105.554,101.136,101.977,91.006,93.101,104.93,102.195,105.031,104.832,106.209,88.573,109.821,113.086,107.322,93.34,109.033,106.667,100.462,101.794
2020-10-01,93.185,96.206,108.26066666666667,97.678,95.3765,103.627,98.871,106.253,105.287,93.392,106.304,105.868,110.468,104.967,106.494,105.579,108.536,102.222,93.322,100.033,108.801,106.293,106.358,106.636,105.857,105.976,106.101,105.50933333333334,104.925,107.29,108.051,109.907,104.91,92.259,103.276,105.115,106.187,106.364,101.242,102.172,90.709,91.907,104.807,101.705,105.279,105.34,107.263,88.369,112.441,115.022,107.928,93.361,110.37,106.309,97.512,103.265
2021-01-01,94.021,96.805,109.798,98.012,105.03649999999999,104.859,99.444,107.069,107.592,93.858,107.673,107.08,112.811,105.689,107.3555,105.965,109.482,102.405,110.528,101.395,110.608,107.645,107.71,107.744,107.054,107.181,107.114,106.07333333333334,105.565,108.775,109.079,110.522,106.09,92.274,102.46,105.01,107.31,106.757,103.212,102.121,90.454,92.068,104.947,102.061,105.725,106.529,107.383,89.334,112.617,118.282,109.022,91.259,112.819,106.435,98.906,103.57
2021-04-01,95.249,97.239,111.35466666666667,101.241,111.1935,106.073,98.72,108.223,110.986,95.449,109.342,108.652,115.409,106.711,108.01650000000001,106.881,111.599,104.83,118.847,103.536,112.411,109.278,109.335,109.292,108.592,108.717,108.589,107.43799999999999,106.373,109.211,110.373,111.565,107.876,92.239,102.573,111.791,108.561,107.784,104.692,102.198,90.205,93.719,106.531,102.518,106.369,108.188,109.098,90.15,112.742,122.449,110.409,91.198,115.044,108.02,91.957,107.725
2021-07-01,95.992,98.275,112.82433333333334,103.574,116.85900000000001,107.524,99.993,109.501,114.536,96.82,111.035,110.225,117.213,108.537,109.706,108.702,114.584,106.752,126.289,105.38,114.038,110.931,110.992,110.798,110.126,110.252,110.027,108.98533333333334,107.978,109.584,111.574,112.725,109.949,92.439,102.833,117.149,109.811,109.097,106.249,103.279,90.028,94.501,108.72,102.72,107.218,109.681,110.346,90.518,113.467,126.817,111.708,90.839,116.893,110.377,93.473,109.348
2021-10-01,97.866,98.769,114.37400000000001,105.978,124.8375,108.478,101.29,110.856,119.202,96.754,112.948,112.118,118.666,110.701,111.90899999999999,111.089,116.918,109.546,140.091,108.077,115.974,112.836,112.909,112.548,112.011,112.159,111.694,111.11866666666667,110.098,110.013,112.766,114.347,111.851,92.454,102.953,122.842,111.223,110.374,109.116,104.982,89.822,94.362,111.994,103.768,107.984,111.491,111.84,90.819,113.903,130.601,113.04,90.535,119.203,116.394,94.619,110.059
2022-01-01,99.826,100.732,116.30866666666667,108.287,136.917,110.365,103.189,112.633,121.122,98.111,115.272,114.347,120.495,113.302,115.0175,114.085,118.753,113.745,156.036,111.173,118.349,115.16,115.229,114.477,114.241,114.398,113.661,113.54933333333334,112.687,111.138,114.305,116.117,114.911,93.625,103.271,126.945,113.574,111.418,112.671,106.741,90.63,94.726,115.506,105.503,108.996,113.585,113.396,91.152,115.445,136.158,114.595,89.482,121.961,121.105,94.835,112.675
2022-04-01,100.448,101.473,119.04599999999999,108.6,152.85250000000002,112.862,105.425,114.685,124.453,98.026,117.899,116.737,121.462,115.969,119.219,117.997,120.899,115.826,179.72,113.982,121.678,117.76,117.844,116.547,116.606,116.792,115.589,116.03366666666666,115.217,111.531,115.937,118.496,117.514,93.888,103.868,127.018,116.175,112.763,116.92,108.815,90.679,94.697,119.367,106.84,109.897,115.672,114.686,90.717,116.341,140.999,116.3,89.539,126.102,126.195,99.436,119.584
2022-07-01,101.157,101.397,120.075,109.367,145.2355,114.073,107.073,116.184,127.077,97.542,119.202,118.087,122.461,117.947,123.07300000000001,121.642,122.683,116.759,164.16,114.669,122.369,119.073,119.168,118.054,117.965,118.173,117.002,117.75166666666667,117.237,112.453,117.577,121.276,118.888,93.948,104.215,128.2,117.295,114.753,117.563,110.544,90.803,95.859,122.95,108.636,111.059,117.014,115.92,90.843,116.577,143.964,117.982,89.865,126.283,131.25,102.732,121.797
2022-10-01,101.555,102.049,121.08366666666666,108.977,140.96949999999998,115.131,108.629,117.371,130.732,97.357,120.317,119.16,124.089,119.06,125.12299999999999,123.574,125.435,116.066,155.907,114.727,123.046,120.173,120.286,119.26,119.024,119.247,118.166,118.61533333333334,118.274,112.974,119.217,123.533,119.564,94.271,103.834,128.108,118.4,116.043,117.878,111.464,90.986,96.599,124.931,109.525,112.39,118.172,117.706,89.938,117.092,145.894,119.707,88.49,126.64,133.821,107.195,124.388
2023-01-01,102.615,102.692,121.72366666666666,108.853,136.392,117.135,110.488,118.61,134.026,97.308,121.379,120.115,125.048,120.094,126.8835,124.816,127.647,116.632,147.815,114.946,123.12,121.247,121.359,120.498,119.991,120.225,119.223,119.50266666666666,119.373,113.46,120.775,125.885,121.354,95.182,104.833,127.085,119.444,117.532,118.296,112.979,92.022,97.509,126.527,110.971,113.657,119.32,120.001,89.752,117.37,144.81,121.335,89.989,125.974,135.772,111.024,127.34
2023-04-01,103.52,101.641,122.08533333333332,108.768,133.02100000000002,119.038,110.531,119.635,135.785,96.322,121.992,120.629,126.482,120.055,125.7835,124.978,129.188,114.999,144.1,115.111,122.796,121.809,121.915,121.256,120.456,120.707,119.874,119.67033333333332,119.065,114.422,121.975,127.33,122.192,95.335,105.091,128.932,120.725,118.228,118.606,113.041,92.695,98.072,127.27,112.12,115.176,120.182,120.663,88.697,118.276,144.359,122.556,89.443,124.8,135.408,109.422,127.023
2023-07-01,103.886,101.377,123.43466666666666,107.589,138.3485,118.713,111.218,120.759,138.441,95.639,122.957,121.428,128.048,120.478,126.116,125.566,130.072,114.178,150.949,115.257,123.992,122.785,122.904,122.109,121.266,121.534,120.607,120.10700000000001,119.556,114.972,123.053,128.989,122.752,95.416,105.368,127.705,122.051,119.094,119.537,113.169,92.929,97.872,128.045,112.177,115.589,120.983,122.149,87.023,119.214,146.086,123.696,89.199,126.041,134.094,111.045,128.513
2023-10-01,103.205,101.6,124.24933333333333,106.713,133.9515,120.841,111.531,121.899,139.65,95.234,123.423,121.944,128.078,121.164,126.3135,125.975,131.111,112.842,146.077,114.807,124.406,123.247,123.37,122.824,121.778,122.056,121.187,120.58566666666667,120.214,115.736,124.029,130.728,122.934,95.509,105.686,127.34,123.507,119.824,119.339,113.643,92.967,97.257,128.233,112.703,115.907,121.48,123.488,85.952,119.797,147.689,124.68,89.047,126.006,135.21,111.904,130.035
2024-01-01,103.007,102.066,125.58266666666667,106.585,134.7235,123.268,112.583,122.967,140.949,95.732,124.348,122.86,131.176,121.444,126.61949999999999,126.64,132.485,112.611,142.712,114.659,125.555,124.168,124.29,123.766,122.691,122.974,122.143,121.02733333333333,120.484,116.858,125.67,132.722,124.21,96.366,105.962,126.53,124.662,120.782,119.181,114.02,94.012,96.206,129.058,112.598,117.15,122.507,125.096,86.764,120.441,147.527,126.309,88.732,127.205,134.513,113.273,130.992
2024-04-01,104.619,102.174,126.37666666666667,105.898,135.388,123.52,113.057,123.825,143.532,95.602,125.129,123.61,133.111,122.22,126.371,126.528,133.325,110.973,144.229,114.857,126.199,124.942,125.073,124.608,123.434,123.728,122.931,121.57933333333334,121.224,117.412,126.664,134.16,125.212,96.76,107.016,125.193,125.486,121.682,119.905,114.672,94.551,96.963,129.625,113.51,118.266,123.275,125.204,86.572,121.046,148.802,127.367,90.245,127.72,134.625,113.326,130.962
2024-07-01,104.563,102.113,127.14166666666667,105.266,131.041,124.006,113.744,124.576,145.816,94.999,125.739,124.214,134.914,123.185,126.4745,127.021,134.159,110.474,136.844,114.398,126.953,125.543,125.685,125.392,124.03,124.339,123.664,122.39566666666667,122.128,117.863,127.555,135.467,125.737,97.2,108.186,123.816,126.065,122.658,119.55,115.554,95.259,97.511,130.002,113.922,118.736,123.747,125.997,86.0,121.764,150.081,128.315,91.858,128.476,135.251,114.782,131.405
2024-10-01,104.365,102.603,127.889,105.243,129.1545,124.407,114.017,125.398,147.186,94.108,126.467,124.891,136.814,123.666,127.39750000000001,127.878,135.411,110.512,133.289,114.295,127.619,126.27,126.438,126.201,124.706,125.035,124.382,123.13733333333333,122.609,118.641,128.704,136.88,126.089,97.603,109.033,124.999,126.791,123.607,119.398,115.98,95.619,98.394,130.255,113.718,118.816,124.478,127.185,84.684,123.186,150.781,129.474,92.241,129.044,135.041,114.777,134.248
