Date,Accommodations,Air transportation,Alcoholic beverages purchased for off-premises consumption,"Audio-video, photographic, and information processing equipment services",Children's and infants' clothing,Clothing and footwear,Commercial and vocational schools,Communication,Dental services,Durable goods,Education services,Educational books,Electricity,Electricity and gas,Final consumption expenditures of nonprofit institutions serving households (NPISHs),"Financial service charges, fees, and commissions",Financial services,Financial services and insurance,Financial services furnished without payment,Food and beverages purchased for off-premises consumption,Food and nonalcoholic beverages purchased for off-premises consumption,Food furnished to employees (including military),Food produced and consumed on farms,Food services,Food services and accommodations,Foreign travel by U.S. residents,Fuel oil and other fuels,Furnishings and durable household equipment,Furniture and furnishings,Gambling,Garments,Gasoline and other energy goods,"Glassware, tableware, and household utensils",Goods,Gross output of nonprofit institutions,Ground transportation,Group housing,Health care,Higher education,Hospital and nursing home services,Hospitals,Household appliances,Household consumption expenditures (for services),Household maintenance,Household supplies,Household utilities,Housing,Housing and utilities,Imputed rental of owner-occupied nonfarm housing,Insurance,Internet access,Jewelry and watches,Less: Expenditures in the United States by nonresidents,Less: Receipts from sales of goods and services by nonprofit institutions,Life insurance,Luggage and similar personal items,"Magazines, newspapers, and stationery","Membership clubs, sports centers, parks, theaters, and museums",Men's and boys' clothing,"Motor vehicle fuels, lubricants, and fluids",Motor vehicle maintenance and repair,Motor vehicle parts and accessories,Motor vehicle services,Motor vehicles and parts,Musical instruments,Natural gas,Net health insurance,Net household insurance,Net motor vehicle and other transportation insurance,Net purchases of used motor vehicles,New motor vehicles,Nondurable goods,"Nursery, elementary, and secondary schools",Nursing homes,Other clothing materials and footwear,Other durable goods,Other motor vehicle services,Other nondurable goods,Other recreational services,Other services,Outpatient services,Paramedical services,Personal care and clothing services,Personal care products,Personal consumption expenditures,Pharmaceutical and other medical products,Physician services,Postal and delivery services,Professional and other services,Public transportation,Purchased meals and beverages,Recreation services,Recreational books,Recreational goods and vehicles,Recreational items,Rental of tenant-occupied nonfarm housing,Rental value of farm dwellings,Services,Social services and religious activities,"Sporting equipment, supplies, guns, and ammunition",Sports and recreational vehicles,Telecommunication services,Telephone and related communication equipment,Therapeutic appliances and equipment,Tobacco,Tools and equipment for house and garden,Transportation services,"Video, audio, photographic, and information processing equipment and media",Water supply and sanitation,Water transportation,Women's and girls' clothing
1947-04-01,,,,,,8.1,,,,3.7,,,,,3.4,,,3.0,,1.1,,,,,0.9,,,5.5,,,,11.8,,3.9,,,,8.9,,,,,2.2,,,,,2.1,,,,,,,,,,,,,,,,0.3,,,,,,,,4.0,,,,4.7,,3.5,,2.5,,,,,3.2,,,,,,,0.9,,5.0,,,,2.2,,,,,,,,,-1.1,,,,
1947-07-01,,,,,,3.9,,,,2.3,,,,,17.0,,,13.7,,8.8,,,,,8.3,,,4.0,,,,12.8,,6.3,,,,23.6,,,,,9.7,,,,,8.2,,,,,,,,,,,,,,,,6.2,,,,,,,,7.4,,,,-7.9,,5.4,,11.3,,,,,7.7,,,,,,,7.8,,-1.4,,,,9.9,,,,,,,,,0.2,,,,
1947-10-01,,,,,,8.2,,,,5.3,,,,,10.4,,,6.6,,15.2,,,,,14.4,,,5.4,,,,19.3,,11.0,,,,9.0,,,,,9.3,,,,,11.7,,,,,,,,,,,,,,,,5.9,,,,,,,,12.7,,,,2.6,,7.5,,5.6,,,,,10.4,,,,,,,7.8,,6.5,,,,9.4,,,,,,,,,1.0,,,,
1948-01-01,,,,,,8.5,,,,3.1,,,,,4.9,,,1.2,,4.0,,,,,3.1,,,2.4,,,,19.6,,5.9,,,,-2.5,,,,,2.3,,,,,3.6,,,,,,,,,,,,,,,,4.4,,,,,,,,6.7,,,,0.1,,6.1,,3.1,,,,,4.5,,,,,,,-4.3,,4.6,,,,2.3,,,,,,,,,3.7,,,,
1948-04-01,,,,,,6.6,,,,5.4,,,,,7.6,,,5.1,,1.8,,,,,1.5,,,5.3,,,,11.1,,4.3,,,,4.3,,,,,3.9,,,,,2.6,,,,,,,,,,,,,,,,4.9,,,,,,,,4.0,,,,4.3,,3.6,,4.7,,,,,4.2,,,,,,,4.6,,7.4,,,,4.0,,,,,,,,,11.1,,,,
1948-07-01,,,,,,2.3,,,,14.7,,,,,7.2,,,7.0,,2.6,,,,,2.8,,,5.6,,,,7.3,,6.3,,,,5.9,,,,,6.1,,,,,3.5,,,,,,,,,,,,,,,,35.0,,,,,,,,4.0,,,,3.3,,8.5,,5.5,,,,,6.3,,,,,,,9.0,,11.5,,,,6.1,,,,,,,,,26.0,,,,
1948-10-01,,,,,,0.0,,,,0.7,,,,,0.1,,,1.3,,-8.7,,,,,-7.5,,,1.1,,,,2.9,,-3.0,,,,-1.5,,,,,1.5,,,,,3.5,,,,,,,,,,,,,,,,-3.2,,,,,,,,-4.1,,,,2.5,,0.5,,1.6,,,,,-1.3,,,,,,,5.8,,7.9,,,,1.5,,,,,,,,,17.1,,,,
1949-01-01,,,,,,-8.9,,,,-1.3,,,,,-3.5,,,-1.0,,-5.5,,,,,-3.9,,,-6.3,,,,-1.3,,-4.9,,,,0.3,,,,,-0.2,,,,,3.7,,,,,,,,,,,,,,,,1.7,,,,,,,,-6.0,,,,1.0,,-6.0,,0.8,,,,,-3.1,,,,,,,-9.1,,3.4,,,,-0.3,,,,,,,,,-2.0,,,,
1949-04-01,,,,,,-7.9,,,,-2.6,,,,,0.0,,,0.8,,-4.0,,,,,-2.2,,,-7.6,,,,-0.6,,-4.5,,,,2.0,,,,,0.9,,,,,1.4,,,,,,,,,,,,,,,,1.1,,,,,,,,-5.0,,,,-1.4,,-6.9,,1.4,,,,,-2.4,,,,,,,5.8,,0.2,,,,0.8,,,,,,,,,0.0,,,,
1949-07-01,,,,,,-6.9,,,,-4.8,,,,,1.7,,,1.8,,-4.4,,,,,-2.4,,,-3.5,,,,-0.8,,-4.6,,,,1.3,,,,,1.2,,,,,1.8,,,,,,,,,,,,,,,,-4.4,,,,,,,,-4.5,,,,-11.3,,-3.6,,2.6,,,,,-2.3,,,,,,,4.4,,-3.4,,,,1.3,,,,,,,,,1.7,,,,
1949-10-01,,,,,,-5.2,,,,-0.5,,,,,3.0,,,3.0,,-2.3,,,,,0.1,,,-1.0,,,,-1.1,,-2.3,,,,1.4,,,,,2.9,,,,,3.6,,,,,,,,,,,,,,,,0.2,,,,,,,,-3.0,,,,-1.9,,-3.3,,2.9,,,,,-0.3,,,,,,,2.3,,0.9,,,,2.9,,,,,,,,,8.6,,,,
1950-01-01,,,,,,-2.1,,,,-1.2,,,,,2.9,,,2.4,,-3.9,,,,,-1.3,,,-2.1,,,,0.4,,-2.1,,,,1.1,,,,,1.6,,,,,4.7,,,,,,,,,,,,,,,,0.6,,,,,,,,-2.5,,,,-1.9,,-0.7,,1.3,,,,,-0.6,,,,,,,-9.0,,-4.5,,,,1.7,,,,,,,,,3.2,,,,
1950-04-01,,,,,,0.7,,,,3.1,,,,,2.3,,,-1.2,,3.0,,,,,3.7,,,4.9,,,,0.8,,2.2,,,,0.5,,,,,1.4,,,,,1.7,,,,,,,,,,,,,,,,3.3,,,,,,,,1.9,,,,1.2,,0.9,,-0.2,,,,,1.9,,,,,,,5.0,,-2.3,,,,1.5,,,,,,,,,0.9,,,,
1950-07-01,,,,,,9.7,,,,5.7,,,,,10.0,,,3.0,,14.0,,,,,12.4,,,13.4,,,,7.4,,10.2,,,,5.8,,,,,6.1,,,,,3.4,,,,,,,,,,,,,,,,-0.7,,,,,,,,12.0,,,,3.7,,12.3,,5.9,,,,,8.6,,,,,,,6.6,,5.9,,,,6.3,,,,,,,,,8.5,,,,
1950-10-01,,,,,,14.5,,,,6.8,,,,,13.5,,,3.4,,8.6,,,,,5.5,,,15.2,,,,5.0,,8.7,,,,7.7,,,,,5.0,,,,,2.4,,,,,,,,,,,,,,,,0.9,,,,,,,,9.5,,,,5.2,,8.6,,7.2,,,,,7.3,,,,,,,2.1,,3.9,,,,5.2,,,,,,,,,10.7,,,,
1951-01-01,,,,,,15.4,,,,15.6,,,,,12.4,,,0.1,,24.9,,,,,18.8,,,19.6,,,,4.7,,17.3,,,,6.7,,,,,7.3,,,,,5.3,,,,,,,,,,,,,,,,13.0,,,,,,,,18.0,,,,17.1,,11.2,,6.8,,,,,13.3,,,,,,,-3.2,,10.4,,,,7.5,,,,,,,,,7.7,,,,
1951-04-01,,,,,,6.3,,,,2.7,,,,,5.6,,,-1.1,,3.9,,,,,0.7,,,5.4,,,,-0.9,,3.5,,,,2.5,,,,,2.9,,,,,3.5,,,,,,,,,,,,,,,,2.8,,,,,,,,3.7,,,,0.4,,2.6,,3.2,,,,,3.2,,,,,,,8.7,,-4.6,,,,3.0,,,,,,,,,5.8,,,,
1951-07-01,,,,,,0.1,,,,0.2,,,,,2.6,,,0.7,,-1.1,,,,,-2.8,,,-1.1,,,,-2.7,,-0.6,,,,-0.5,,,,,2.2,,,,,4.0,,,,,,,,,,,,,,,,1.3,,,,,,,,-0.8,,,,5.7,,-0.2,,3.0,,,,,0.5,,,,,,,6.9,,-3.6,,,,2.2,,,,,,,,,5.6,,,,
1951-10-01,,,,,,-1.4,,,,3.9,,,,,1.4,,,5.0,,9.4,,,,,8.4,,,-1.3,,,,4.2,,4.9,,,,5.8,,,,,6.4,,,,,6.3,,,,,,,,,,,,,,,,16.5,,,,,,,,5.2,,,,-3.7,,2.6,,6.6,,,,,5.4,,,,,,,3.3,,-5.9,,,,6.2,,,,,,,,,5.2,,,,
1952-01-01,,,,,,-2.9,,,,2.8,,,,,-1.2,,,6.6,,1.9,,,,,2.4,,,-0.6,,,,2.7,,1.0,,,,7.1,,,,,3.0,,,,,3.4,,,,,,,,,,,,,,,,10.0,,,,,,,,0.4,,,,-1.7,,-1.0,,3.5,,,,,1.7,,,,,,,-4.7,,-2.9,,,,2.8,,,,,,,,,-2.4,,,,
1952-04-01,,,,,,-7.2,,,,-4.6,,,,,-1.7,,,8.0,,-0.1,,,,,0.6,,,-4.2,,,,2.0,,-2.3,,,,5.3,,,,,3.3,,,,,2.8,,,,,,,,,,,,,,,,-6.6,,,,,,,,-1.5,,,,-0.7,,-0.3,,2.4,,,,,-0.1,,,,,,,9.3,,-3.7,,,,3.2,,,,,,,,,4.6,,,,
1952-07-01,,,,,,-3.9,,,,4.2,,,,,0.3,,,11.4,,2.3,,,,,2.9,,,1.0,,,,3.0,,1.5,,,,6.5,,,,,4.4,,,,,2.3,,,,,,,,,,,,,,,,11.4,,,,,,,,0.7,,,,0.0,,0.7,,3.3,,,,,2.6,,,,,,,9.7,,-0.4,,,,4.3,,,,,,,,,9.1,,,,
1952-10-01,,,,,,13.2,,,,-9.1,,,,,-2.2,,,9.9,,-2.1,,,,,-1.0,,,-1.9,,,,0.4,,-1.0,,,,2.5,,,,,3.3,,,,,4.9,,,,,,,,,,,,,,,,-22.7,,,,,,,,1.7,,,,4.9,,-0.2,,2.2,,,,,0.7,,,,,,,-0.1,,-2.2,,,,3.1,,,,,,,,,5.4,,,,
1953-01-01,,,,,,0.6,,,,3.9,,,,,5.6,,,16.6,,-5.6,,,,,-4.3,,,0.3,,,,4.1,,-0.3,,,,8.7,,,,,4.1,,,,,5.4,,,,,,,,,,,,,,,,12.2,,,,,,,,-1.7,,,,-1.3,,3.2,,6.9,,,,,1.5,,,,,,,-4.6,,-2.7,,,,4.2,,,,,,,,,1.0,,,,
1953-04-01,,,,,,-7.2,,,,0.5,,,,,0.9,,,9.3,,-2.7,,,,,-1.5,,,1.8,,,,5.1,,-1.2,,,,0.9,,,,,3.1,,,,,3.8,,,,,,,,,,,,,,,,0.6,,,,,,,,-1.7,,,,-2.0,,4.2,,1.8,,,,,0.6,,,,,,,12.3,,0.0,,,,3.0,,,,,,,,,5.3,,,,
1953-07-01,,,,,,-1.8,,,,-2.5,,,,,4.2,,,9.0,,0.8,,,,,2.0,,,2.2,,,,8.5,,-0.1,,,,4.9,,,,,5.3,,,,,6.1,,,,,,,,,,,,,,,,-8.8,,,,,,,,0.8,,,,2.4,,-0.4,,4.1,,,,,2.2,,,,,,,11.2,,2.0,,,,5.3,,,,,,,,,5.9,,,,
1953-10-01,,,,,,-1.8,,,,0.8,,,,,3.2,,,5.0,,0.2,,,,,1.3,,,-0.1,,,,3.6,,0.1,,,,3.4,,,,,4.1,,,,,5.5,,,,,,,,,,,,,,,,3.0,,,,,,,,-0.1,,,,0.0,,-1.2,,2.7,,,,,1.7,,,,,,,7.2,,-2.3,,,,4.0,,,,,,,,,4.8,,,,
1954-01-01,,,,,,4.7,,,,3.2,,,,,4.2,,,2.7,,0.8,,,,,1.8,,,-1.4,,,,-0.2,,1.8,,,,6.0,,,,,2.3,,,,,2.3,,,,,,,,,,,,,,,,10.7,,,,,,,,1.3,,,,0.9,,0.0,,3.3,,,,,2.0,,,,,,,-6.4,,-2.5,,,,2.3,,,,,,,,,0.9,,,,
1954-04-01,,,,,,-0.6,,,,-9.7,,,,,0.0,,,0.1,,2.6,,,,,3.6,,,-0.4,,,,0.1,,-1.5,,,,1.6,,,,,0.8,,,,,-0.2,,,,,,,,,,,,,,,,-20.2,,,,,,,,1.3,,,,-6.3,,0.9,,-2.3,,,,,-0.5,,,,,,,6.6,,-6.2,,,,0.7,,,,,,,,,3.9,,,,
1954-07-01,,,,,,3.0,,,,-6.4,,,,,1.3,,,1.1,,-4.1,,,,,-2.5,,,-1.7,,,,-2.2,,-2.8,,,,1.8,,,,,0.7,,,,,0.7,,,,,,,,,,,,,,,,-10.3,,,,,,,,-1.6,,,,-7.8,,0.5,,0.5,,,,,-1.3,,,,,,,8.0,,-6.9,,,,0.7,,,,,,,,,2.0,,,,
1954-10-01,,,,,,-2.1,,,,-2.3,,,,,2.3,,,2.6,,-2.9,,,,,-1.0,,,-3.2,,,,-1.0,,-2.0,,,,2.3,,,,,1.7,,,,,1.6,,,,,,,,,,,,,,,,0.5,,,,,,,,-1.9,,,,-3.8,,0.7,,1.9,,,,,-0.4,,,,,,,7.0,,-5.7,,,,1.8,,,,,,,,,3.3,,,,
1955-01-01,,,,,,-1.4,,,,2.5,,,,,3.5,,,4.7,,-0.5,,,,,1.6,,,-0.1,,,,2.2,,0.6,,,,7.3,,,,,2.3,,,,,2.5,,,,,,,,,,,,,,,,6.6,,,,,,,,0.0,,,,3.9,,1.6,,2.2,,,,,1.3,,,,,,,-10.0,,-0.9,,,,2.3,,,,,,,,,1.6,,,,
1955-04-01,,,,,,-0.4,,,,2.0,,,,,1.3,,,1.6,,-2.7,,,,,-1.1,,,-0.2,,,,2.2,,-0.4,,,,1.9,,,,,1.4,,,,,1.8,,,,,,,,,,,,,,,,6.4,,,,,,,,-1.1,,,,-0.8,,0.3,,0.6,,,,,0.4,,,,,,,8.5,,-2.9,,,,1.4,,,,,,,,,2.4,,,,
1955-07-01,,,,,,1.8,,,,3.9,,,,,3.9,,,2.4,,-1.4,,,,,-0.4,,,1.3,,,,3.6,,1.3,,,,2.0,,,,,1.9,,,,,0.9,,,,,,,,,,,,,,,,7.8,,,,,,,,0.4,,,,0.6,,1.5,,3.1,,,,,1.6,,,,,,,12.2,,0.7,,,,1.9,,,,,,,,,2.0,,,,
1955-10-01,,,,,,-0.1,,,,1.1,,,,,6.3,,,3.9,,-1.9,,,,,-1.4,,,0.1,,,,2.0,,0.1,,,,5.5,,,,,2.2,,,,,1.3,,,,,,,,,,,,,,,,2.7,,,,,,,,-0.3,,,,0.5,,2.4,,4.2,,,,,1.1,,,,,,,5.3,,-0.8,,,,2.4,,,,,,,,,2.7,,,,
1956-01-01,,,,,,2.7,,,,1.5,,,,,5.3,,,3.4,,-0.4,,,,,-0.6,,,-0.9,,,,1.9,,1.1,,,,5.6,,,,,2.2,,,,,1.6,,,,,,,,,,,,,,,,3.8,,,,,,,,1.0,,,,1.2,,2.0,,4.8,,,,,1.7,,,,,,,-6.8,,1.0,,,,2.3,,,,,,,,,5.7,,,,
1956-04-01,,,,,,2.7,,,,0.9,,,,,3.2,,,1.5,,5.2,,,,,5.2,,,1.5,,,,2.7,,3.0,,,,0.8,,,,,2.3,,,,,1.1,,,,,,,,,,,,,,,,-0.6,,,,,,,,3.8,,,,1.8,,2.1,,1.8,,,,,2.7,,,,,,,6.5,,2.7,,,,2.3,,,,,,,,,4.3,,,,
1956-07-01,,,,,,3.4,,,,5.9,,,,,4.9,,,2.9,,4.3,,,,,4.8,,,2.8,,,,8.1,,4.4,,,,2.6,,,,,3.3,,,,,3.0,,,,,,,,,,,,,,,,11.2,,,,,,,,3.9,,,,2.0,,1.0,,3.9,,,,,4.0,,,,,,,3.1,,3.0,,,,3.4,,,,,,,,,1.6,,,,
1956-10-01,,,,,,1.7,,,,5.3,,,,,5.6,,,3.8,,0.9,,,,,1.9,,,4.3,,,,2.8,,2.3,,,,4.6,,,,,2.4,,,,,1.0,,,,,,,,,,,,,,,,7.9,,,,,,,,1.2,,,,0.7,,0.6,,3.9,,,,,2.4,,,,,,,4.0,,4.3,,,,2.5,,,,,,,,,1.0,,,,
1957-01-01,,,,,,1.2,,,,3.3,,,,,6.2,,,5.5,,3.7,,,,,5.1,,,-0.5,,,,8.6,,3.6,,,,5.7,,,,,3.7,,,,,1.8,,,,,,,,,,,,,,,,8.8,,,,,,,,3.7,,,,-1.9,,3.5,,3.8,,,,,3.7,,,,,,,2.3,,0.8,,,,3.7,,,,,,,,,5.4,,,,
1957-04-01,,,,,,0.6,,,,5.6,,,,,2.6,,,2.2,,1.5,,,,,1.6,,,2.1,,,,4.8,,3.1,,,,2.5,,,,,1.8,,,,,0.9,,,,,,,,,,,,,,,,9.1,,,,,,,,2.2,,,,3.3,,3.9,,1.9,,,,,2.5,,,,,,,4.5,,6.0,,,,1.9,,,,,,,,,4.8,,,,
1957-07-01,,,,,,0.7,,,,0.0,,,,,3.9,,,2.9,,5.8,,,,,4.2,,,0.8,,,,-0.6,,3.2,,,,5.7,,,,,3.4,,,,,2.6,,,,,,,,,,,,,,,,-2.2,,,,,,,,4.3,,,,0.2,,7.9,,3.7,,,,,3.3,,,,,,,2.5,,4.2,,,,3.5,,,,,,,,,3.8,,,,
1957-10-01,,,,,,1.4,,,,0.8,,,,,2.4,,,1.6,,1.3,,,,,-1.2,,,1.0,,,,-0.2,,1.4,,,,5.0,,,,,3.0,,,,,3.0,,,,,,,,,,,,,,,,-0.8,,,,,,,,1.6,,,,0.1,,3.9,,4.3,,,,,2.1,,,,,,,7.0,,5.2,,,,3.0,,,,,,,,,5.2,,,,
1958-01-01,,,,,,0.2,,,,7.3,,,,,1.9,,,0.6,,12.3,,,,,7.4,,,2.2,,,,1.7,,6.7,,,,4.3,,,,,3.0,,,,,0.7,,,,,,,,,,,,,,,,15.1,,,,,,,,6.5,,,,-1.4,,1.9,,3.8,,,,,5.0,,,,,,,9.0,,5.6,,,,3.0,,,,,,,,,0.8,,,,
1958-04-01,,,,,,0.1,,,,-1.6,,,,,0.9,,,-0.2,,3.5,,,,,2.1,,,-4.8,,,,-8.2,,0.2,,,,0.6,,,,,1.4,,,,,2.3,,,,,,,,,,,,,,,,-0.5,,,,,,,,0.8,,,,2.3,,0.4,,0.3,,,,,0.7,,,,,,,1.6,,1.0,,,,1.4,,,,,,,,,1.9,,,,
1958-07-01,,,,,,0.0,,,,-0.4,,,,,6.0,,,4.4,,-2.9,,,,,-1.4,,,-2.2,,,,2.4,,-1.0,,,,5.2,,,,,1.9,,,,,1.9,,,,,,,,,,,,,,,,2.6,,,,,,,,-1.2,,,,-1.2,,-0.1,,2.2,,,,,0.3,,,,,,,-3.1,,-3.1,,,,1.9,,,,,,,,,2.9,,,,
1958-10-01,,,,,,-0.2,,,,-1.4,,,,,2.1,,,5.7,,-1.9,,,,,2.2,,,0.3,,,,-6.5,,-1.9,,,,4.0,,,,,2.0,,,,,1.9,,,,,,,,,,,,,,,,-2.1,,,,,,,,-2.0,,,,-0.6,,-1.1,,0.2,,,,,-0.2,,,,,,,-3.0,,-4.5,,,,2.0,,,,,,,,,3.3,,,,
1959-01-01,,,,,,1.5,,,,7.2,,,,,-4.8,,,14.5,,-0.7,,,,,6.0,,,0.6,,,,7.4,,2.7,,,,-1.6,,,,,3.1,,,,,-0.3,,,,,,,,,,,,,,,,20.0,,,,,,,,1.2,,,,2.2,,2.1,,5.9,,,,,2.8,,,,,,,3.6,,-5.3,,,,2.8,,,,,,,,,2.7,,,,
1959-04-01,4.4,2.2,2.5,4.1,-0.2,1.2,-18.5,3.0,1.9,1.5,-13.1,0.4,2.2,1.7,6.5,2.1,-3.1,-0.4,-6.7,-2.3,-3.3,3.9,10.3,5.7,5.7,3.0,-1.3,2.0,2.5,0.7,0.3,3.2,-0.9,0.5,15.0,4.9,0.4,4.2,-5.1,2.7,2.5,1.3,2.8,1.8,0.9,2.0,2.7,2.8,2.3,7.1,,0.5,0.7,19.6,5.9,0.7,-0.6,8.4,-0.3,6.4,3.6,-0.4,3.2,2.7,2.0,0.8,5.5,7.6,11.0,8.6,1.5,0.1,-20.8,4.2,6.6,0.4,0.4,3.1,1.7,0.4,4.9,6.6,4.4,1.4,1.6,2.3,5.7,1.5,5.0,4.4,5.8,6.8,-0.5,-2.0,2.1,2.2,13.0,3.1,-18.5,1.1,0.0,3.2,0.5,2.4,9.3,2.9,3.4,0.5,4.0,-2.2,0.7
1959-07-01,1.2,5.7,4.1,4.5,0.2,1.8,-5.1,1.2,2.7,-0.1,-2.4,0.0,2.7,4.8,7.0,6.9,1.9,2.4,-1.3,0.9,0.9,3.8,-16.3,4.4,4.3,3.6,-7.9,0.6,0.9,2.1,0.6,-0.3,1.8,1.3,12.6,2.9,2.2,4.4,-0.4,6.8,6.9,-0.6,3.7,16.6,5.2,4.7,1.6,2.2,1.1,5.7,,-0.3,2.1,15.6,6.0,-0.7,0.3,8.3,2.3,3.3,3.4,-18.2,3.1,-0.6,3.8,8.2,5.1,0.5,5.9,6.5,1.0,1.7,-3.6,5.4,7.8,-0.1,1.1,4.9,0.6,6.0,2.3,1.8,10.1,1.7,2.4,1.5,2.3,-2.9,3.8,3.4,4.4,6.7,0.5,0.1,3.3,1.1,11.2,3.8,-3.9,2.5,0.9,1.8,0.0,2.8,12.0,-1.2,3.1,1.3,4.2,-9.4,-0.5
1959-10-01,5.6,7.8,2.1,-1.4,0.7,0.9,2.1,0.5,2.7,-0.2,4.2,-1.7,2.3,4.2,-2.7,7.6,5.8,4.8,4.7,-0.4,-0.1,2.2,-21.9,2.3,2.5,1.0,-1.8,0.1,0.1,2.4,-0.2,9.2,2.3,1.1,7.2,2.7,3.4,8.1,3.7,16.4,17.0,-0.6,3.7,7.9,0.7,4.1,2.4,2.7,2.3,4.6,,0.0,2.1,12.8,5.5,-1.1,2.5,8.6,-0.6,13.4,1.3,-2.2,1.1,-0.4,2.7,7.1,6.2,-4.7,2.6,0.3,-0.2,1.5,6.6,6.1,5.4,-0.3,-0.8,2.2,2.5,4.3,2.5,3.6,5.9,1.4,2.2,0.6,2.3,0.1,3.7,3.7,2.3,5.0,0.0,0.1,2.7,2.2,5.0,3.6,3.4,1.4,1.4,0.6,-1.8,0.8,4.1,-2.5,2.0,-0.3,3.6,8.2,0.0
1960-01-01,-1.3,6.5,0.3,2.0,-1.1,0.9,6.3,3.2,2.7,-0.6,4.7,3.6,1.1,4.1,-15.2,8.8,9.3,5.9,9.8,-0.9,-1.0,3.2,3.6,4.1,3.8,-13.6,-0.8,1.3,1.9,0.3,0.8,-4.6,5.4,-0.6,-6.6,3.2,3.1,3.8,4.7,6.9,7.6,-1.3,2.5,2.8,0.4,3.8,1.1,1.5,1.1,1.6,,0.0,0.0,-1.7,2.8,1.1,2.5,3.8,1.7,-6.3,1.7,2.3,1.7,-3.3,0.5,9.0,-1.3,-2.3,2.3,-5.6,-3.4,-0.6,3.8,-3.8,0.9,0.9,1.5,1.2,2.5,1.3,1.8,0.8,2.8,-1.7,0.5,-0.7,1.7,11.5,0.3,3.8,4.1,2.6,1.5,1.8,0.9,1.2,-1.2,1.8,5.4,0.1,3.2,2.0,3.6,0.9,3.3,2.0,2.5,0.5,2.5,5.5,0.3
1960-04-01,4.4,11.5,1.0,1.8,-0.7,2.1,4.0,1.4,0.0,-0.5,4.2,0.0,1.5,3.2,-12.9,6.7,5.9,4.6,5.5,5.2,5.4,2.1,22.6,0.9,1.0,-4.1,-1.1,1.2,2.2,2.4,2.1,0.0,4.9,2.0,1.3,-0.8,-1.3,11.5,2.2,26.9,28.1,-2.1,2.8,4.0,0.2,3.2,0.9,1.3,1.1,2.3,,-0.3,1.4,9.4,4.5,0.8,1.0,2.0,2.6,0.1,0.2,-0.2,0.2,-2.7,2.6,5.9,-0.1,-1.2,0.8,-14.9,-0.5,2.9,7.2,13.4,2.1,0.5,0.3,0.1,3.3,2.5,1.3,1.8,2.3,-0.7,2.1,-0.4,1.7,5.4,4.5,1.5,0.8,1.9,0.0,1.5,2.2,1.2,-2.0,2.2,3.7,1.0,5.3,0.9,0.0,1.2,-0.9,2.4,0.7,-0.1,3.0,10.5,1.8
1960-07-01,-2.8,4.7,2.0,1.0,-1.4,1.5,2.3,2.4,2.7,-1.2,4.0,-0.5,0.2,1.8,-7.3,8.0,8.8,4.9,9.4,-0.3,-0.3,1.6,-14.0,1.7,1.4,11.6,1.9,0.6,2.3,0.2,1.8,8.8,1.3,0.6,1.4,4.0,-1.3,8.3,2.8,14.7,15.4,-2.8,3.0,0.8,0.6,1.9,1.9,1.9,2.2,1.3,,0.6,0.7,6.3,2.1,-1.5,2.0,5.2,4.9,10.8,1.3,-4.3,1.2,-3.5,1.1,4.2,1.3,2.7,-0.1,-11.4,-1.7,1.2,6.9,7.9,0.0,0.2,0.8,0.1,-0.3,2.6,3.7,4.6,1.7,0.0,1.5,-1.6,3.9,-1.9,0.0,4.1,1.7,3.2,0.5,0.5,0.8,1.1,3.5,2.6,4.2,0.4,0.9,3.0,-0.4,1.4,-0.9,-0.4,2.3,-0.2,2.5,0.1,0.1
1960-10-01,2.4,5.6,0.3,-1.8,1.3,0.8,0.8,0.6,0.0,-0.7,4.3,-0.7,0.1,0.4,-0.6,4.7,4.2,4.6,3.9,4.0,4.3,2.1,12.7,0.8,0.9,3.8,2.5,0.6,1.9,2.6,0.8,1.0,1.7,1.5,3.1,2.8,3.4,4.5,6.1,7.6,7.9,-3.0,2.2,1.3,0.9,0.8,1.6,1.5,1.1,4.8,,-0.9,2.8,5.0,4.4,-0.7,2.6,3.8,1.7,0.6,3.8,-1.3,3.3,-2.0,0.7,1.0,8.6,1.0,2.4,13.1,-4.6,2.3,3.4,4.9,0.6,-0.2,-0.3,0.5,0.2,1.7,2.1,2.7,0.7,-1.0,1.8,-3.0,2.7,2.4,2.4,3.4,0.7,2.0,1.0,-0.5,0.8,2.2,5.3,2.1,2.1,0.5,0.5,0.4,-0.7,2.3,0.9,3.8,3.4,-1.8,3.4,9.8,0.2
1961-01-01,3.6,6.7,-0.8,2.5,-8.0,0.2,-1.5,-0.8,0.0,0.1,-0.2,1.7,0.9,1.2,5.3,-1.7,-4.0,0.2,-5.6,1.1,1.2,2.2,5.9,2.3,2.4,-8.4,11.6,0.0,0.0,0.8,0.0,-0.3,1.3,0.5,2.1,3.8,-0.1,-0.8,-1.0,-2.8,-2.9,-1.6,0.9,1.3,-0.6,1.4,0.8,0.9,0.5,4.1,,0.3,1.4,0.5,2.6,-0.4,1.2,5.0,0.6,-3.6,2.9,-7.7,2.7,0.2,1.5,1.8,10.0,2.1,1.8,-5.9,3.3,0.6,1.8,-0.8,1.1,0.2,1.2,0.5,3.6,-0.4,0.7,0.8,0.3,-0.7,0.7,-3.1,0.9,-1.7,1.8,4.4,2.3,3.8,1.5,-0.9,2.5,0.6,5.8,1.1,-0.5,0.9,-1.9,-0.6,1.7,0.7,2.3,5.3,3.3,-1.7,2.2,5.0,-0.2
1961-04-01,0.3,9.1,0.4,1.9,-6.7,-0.8,-2.6,0.0,0.1,1.9,-0.5,-1.4,0.5,1.1,5.3,-4.0,-1.0,1.2,1.3,-2.9,-3.1,2.1,-13.7,2.8,2.6,7.3,1.4,0.6,1.1,-0.1,-1.2,-10.3,1.7,-1.6,0.9,3.0,-0.6,-1.3,0.7,-4.7,-5.2,-1.1,1.6,1.4,0.0,1.3,2.1,2.0,2.2,3.2,,0.0,0.0,-1.2,1.8,-4.3,1.0,2.6,0.3,-13.6,3.9,-4.8,3.6,4.9,3.0,2.0,7.5,1.7,2.2,31.4,1.5,-2.8,-1.1,-0.6,0.5,-1.2,1.3,0.2,-2.4,1.2,1.5,1.8,0.8,-0.3,0.0,-2.2,1.9,-0.4,1.7,4.3,2.8,1.9,0.0,-0.7,1.5,1.7,4.5,1.7,-0.7,1.8,-1.3,0.0,-1.3,0.8,0.9,0.8,3.8,-1.8,2.8,-8.2,-1.9
1961-07-01,0.9,4.4,0.7,0.1,-0.5,1.9,1.5,0.6,-0.1,1.8,4.1,-0.4,-0.9,-1.2,5.5,13.3,7.2,6.0,3.0,-1.3,-1.5,2.6,-3.1,2.7,2.7,-1.3,0.9,-0.1,0.7,1.6,1.9,9.4,-1.3,1.0,2.4,3.9,4.9,0.7,6.8,-2.2,-2.5,-1.8,1.8,-0.1,-1.9,-0.8,1.4,1.0,1.1,5.1,,0.0,1.4,0.8,3.7,-1.8,0.6,4.7,-1.1,12.3,2.1,3.5,1.7,5.3,1.2,-1.8,13.3,0.4,0.9,20.6,2.6,0.8,1.7,0.4,1.6,-0.3,-1.4,-0.3,1.3,0.9,3.1,4.4,-0.2,2.1,1.4,-3.2,3.8,5.1,2.7,4.0,2.8,3.0,0.5,-1.2,1.4,1.7,3.3,1.9,0.0,0.0,-1.4,0.0,-0.4,1.3,0.0,3.0,2.5,-2.2,2.1,8.9,3.9
1961-10-01,-2.2,3.9,0.4,1.8,-2.6,-0.2,-0.2,0.6,3.6,-0.5,1.7,0.4,0.8,0.3,1.0,11.8,8.3,5.8,5.7,-1.0,-1.3,3.1,3.4,3.3,3.0,0.0,-1.6,-0.2,0.7,0.6,-0.5,-2.4,-0.4,-0.7,1.1,4.1,-2.2,1.9,2.6,0.1,0.1,-2.7,1.7,2.5,-1.9,0.6,0.2,0.2,0.0,3.9,,-0.3,0.7,1.3,2.8,-1.1,1.9,3.8,0.9,-2.6,0.3,5.3,0.3,-0.5,2.7,-0.5,8.0,-0.5,2.0,13.6,-4.2,-0.7,1.4,0.1,1.1,-0.3,0.5,0.2,1.9,1.5,3.2,2.6,1.7,-0.4,0.4,-1.5,3.2,4.3,2.5,4.1,3.3,2.8,1.0,-1.4,2.2,0.0,3.4,1.7,-0.1,1.2,-0.1,0.0,0.4,0.7,1.0,3.4,1.6,-3.5,2.4,-13.1,-1.2
1962-01-01,4.1,11.8,0.2,0.6,-3.0,-1.5,2.5,-0.2,3.6,0.1,2.4,-7.7,-0.7,0.2,0.1,11.2,10.9,6.7,10.5,3.8,4.3,2.0,5.5,1.6,1.7,4.6,-0.8,0.2,-0.2,1.6,-2.3,-1.4,5.3,1.2,1.6,3.9,2.0,3.3,3.0,3.6,3.8,-1.5,2.4,3.1,0.3,0.3,2.0,1.8,2.2,3.5,,0.3,1.3,2.4,4.7,3.8,2.0,3.3,0.8,-1.6,0.4,1.9,0.5,0.2,2.0,1.6,0.9,0.5,4.3,2.4,-0.4,1.6,1.3,2.4,1.5,0.7,0.6,1.2,2.7,1.8,3.1,3.5,2.2,2.8,1.7,-3.0,2.8,-2.2,0.8,5.8,1.6,2.3,1.0,-1.1,2.6,2.2,-0.9,2.3,1.5,1.5,1.4,0.1,-7.7,0.3,2.3,2.2,2.3,-3.5,1.1,12.4,-4.0
1962-04-01,-1.6,9.4,0.8,0.6,-0.6,1.6,3.4,-0.4,3.5,0.5,4.7,1.4,-0.4,-0.4,1.1,11.8,3.6,3.1,-2.0,0.9,1.0,3.1,-2.7,2.9,2.6,8.2,-2.3,-0.5,0.4,1.5,1.8,2.5,0.9,0.9,3.1,3.8,-0.2,4.0,7.6,5.6,5.7,-2.9,2.0,2.8,0.7,0.3,0.7,0.6,0.5,2.6,,0.0,1.3,4.1,3.5,-17.1,2.6,2.9,0.5,3.9,2.3,-7.6,2.1,3.1,0.5,-0.3,3.1,0.6,0.6,29.0,0.8,1.1,1.5,4.2,0.9,-5.0,0.8,0.1,1.8,2.4,2.9,2.5,1.2,0.0,1.4,-3.3,2.7,-1.3,2.2,5.2,2.9,2.1,0.5,-1.0,0.5,0.6,4.0,2.0,2.0,0.0,2.4,-0.2,1.4,-0.2,-0.4,0.2,3.2,-2.8,4.0,10.9,2.5
1962-07-01,3.3,-4.4,0.4,-0.1,-2.4,1.6,0.2,0.2,3.5,1.3,0.6,-1.8,2.0,1.1,-0.2,18.1,2.7,-0.5,-7.4,0.6,0.4,3.0,11.8,2.9,2.9,-2.9,4.2,-0.5,-0.7,1.2,1.6,-1.2,7.4,0.6,1.6,3.7,4.8,3.1,0.4,3.6,3.9,-3.6,1.6,3.0,0.3,1.5,1.7,1.6,1.6,-2.9,,0.3,0.7,2.4,2.7,20.2,0.4,2.9,0.9,-2.7,1.0,1.5,0.9,2.7,2.4,-0.1,-5.9,8.1,-10.2,6.8,2.1,0.4,0.9,1.6,1.6,4.8,0.0,-0.3,0.7,0.7,2.7,3.4,0.6,-0.3,1.1,-4.7,2.3,1.3,1.1,1.6,2.9,1.8,0.0,-0.9,1.9,2.2,-0.8,1.5,1.6,1.6,3.2,0.1,-1.8,-1.2,0.0,1.5,1.2,-3.3,3.5,-10.8,2.2
1962-10-01,0.2,-9.2,0.7,2.9,2.9,0.5,1.7,0.3,3.5,-1.6,2.6,-0.4,-1.2,-1.4,0.6,15.0,1.2,0.1,-7.5,1.7,1.8,2.5,4.8,2.3,2.2,3.5,5.7,0.1,0.3,1.0,0.6,9.2,5.5,1.1,2.2,-0.3,-2.0,3.4,3.7,3.8,3.8,-2.2,1.4,2.6,0.6,-0.7,0.6,0.4,0.5,-0.8,,0.0,1.4,3.1,2.1,-3.3,2.2,2.8,1.4,10.3,1.3,-0.3,1.2,-3.1,-0.1,-1.8,-5.3,9.8,-2.4,3.6,-4.8,2.1,1.3,4.0,0.0,-1.1,0.4,0.7,2.1,2.5,3.1,2.5,4.6,1.7,1.2,-1.9,3.2,3.2,1.4,-2.6,2.3,2.6,1.0,-0.9,0.1,0.0,6.0,1.4,2.0,-1.0,1.3,-0.1,-0.4,-0.8,1.4,-2.2,-0.2,-1.9,3.7,-0.2,0.1
1963-01-01,0.4,-9.4,0.5,-1.2,1.2,0.4,0.0,5.2,2.6,0.1,2.0,1.7,-0.5,0.5,3.6,12.1,1.8,1.3,-4.9,1.7,2.2,3.0,-15.5,2.6,2.5,7.2,-1.8,-0.1,0.4,1.3,0.2,-3.7,2.1,0.5,2.4,0.2,4.2,2.0,3.6,1.8,1.4,-2.2,1.8,1.2,0.3,1.0,1.8,1.6,1.6,0.8,,0.0,0.7,1.8,1.0,4.6,2.1,1.6,1.1,-4.2,1.0,5.5,0.9,0.2,0.6,2.2,-5.5,6.2,6.7,1.4,-1.0,0.6,0.8,5.7,1.3,1.4,-0.3,0.7,-0.2,3.1,2.1,2.4,2.7,-0.7,1.2,-0.9,1.9,45.5,2.2,-2.3,2.6,0.8,1.0,-0.2,0.7,1.6,4.4,1.9,1.2,-0.2,-0.2,-0.1,1.7,0.4,1.4,0.2,-0.2,-0.5,3.6,0.2,-0.3
1963-04-01,-0.8,-8.3,2.1,0.9,-2.0,0.7,1.5,2.4,1.7,1.2,2.1,0.5,-0.5,-0.4,1.8,11.2,-3.3,-0.9,-12.6,-1.6,-2.1,1.5,0.8,2.3,2.0,-2.5,6.0,0.1,0.3,0.8,0.7,-4.7,0.4,0.0,2.1,3.1,1.4,2.2,3.1,2.3,2.3,-0.9,1.3,1.6,1.4,0.1,1.2,1.1,1.1,1.0,,-0.3,0.7,2.3,2.1,-2.2,9.5,3.2,1.1,-7.8,0.5,1.1,0.4,2.6,1.3,-0.4,-4.5,1.7,4.4,12.4,1.1,-0.4,0.7,2.8,1.1,-0.4,-1.0,3.5,2.1,1.7,2.0,2.4,1.5,-1.0,0.6,-1.1,2.0,18.2,3.0,0.1,2.3,2.3,5.5,0.8,1.7,1.6,1.6,1.3,1.5,1.8,1.3,0.0,0.5,1.0,8.8,2.3,0.3,-1.0,3.1,16.9,0.5
1963-07-01,-1.2,-10.2,1.3,0.4,-1.1,1.1,1.9,0.8,3.4,1.1,3.5,-4.0,-1.1,-1.6,1.3,7.6,1.0,2.5,-4.0,3.7,4.1,1.0,-2.3,0.6,0.5,2.2,-0.3,0.5,0.2,2.5,1.1,4.2,2.9,2.4,3.6,0.7,-1.9,3.8,4.9,6.0,6.0,-0.2,1.4,0.2,-0.7,-1.2,0.7,0.4,0.5,3.6,,0.3,2.7,4.6,4.2,-1.1,6.3,5.7,2.2,5.6,2.0,3.4,1.9,2.1,3.5,-2.4,4.1,8.5,1.7,6.4,1.0,3.0,2.5,6.6,0.8,-0.5,0.7,2.6,2.1,1.8,1.9,0.9,2.2,2.8,2.0,-0.9,1.8,3.5,2.4,-2.2,0.6,3.8,2.5,0.7,3.3,0.0,8.8,1.4,2.3,2.9,1.9,0.4,-4.0,-0.2,5.8,2.0,0.5,-0.9,1.1,3.6,0.6
1963-10-01,2.4,-2.9,1.1,0.1,0.3,1.7,3.7,0.4,0.9,1.3,3.9,1.3,-0.3,1.3,0.7,3.1,4.7,3.2,5.7,0.2,0.3,2.5,-11.4,2.6,2.6,2.0,-2.0,1.2,1.4,1.1,1.8,-1.2,6.6,1.0,2.5,1.7,3.0,2.5,5.8,3.4,3.3,-1.1,2.1,1.6,-0.4,1.2,1.7,1.6,1.6,2.1,,9.3,0.7,3.3,3.3,-0.4,9.8,6.6,1.7,-0.9,1.7,0.3,1.6,1.3,2.2,3.7,1.3,9.4,-0.1,16.1,-1.1,0.8,0.8,3.7,1.2,4.1,0.5,2.3,0.7,2.0,1.9,2.4,2.5,1.0,1.5,-0.3,2.0,2.2,2.4,0.4,2.6,3.9,-6.0,-0.7,4.2,1.6,3.5,2.1,1.3,-4.3,1.4,0.1,1.3,0.7,2.2,-0.4,1.2,1.5,0.9,-1.8,1.9
1964-01-01,-2.1,8.3,0.3,0.2,1.2,1.3,1.8,0.4,4.2,0.6,1.0,1.8,0.4,-2.3,-0.8,-2.7,7.6,5.5,16.3,4.3,4.9,2.0,0.3,1.6,1.4,5.3,-2.4,0.2,0.7,1.7,1.5,-1.4,1.6,1.9,2.4,5.3,-0.4,4.3,1.6,6.3,6.5,-1.4,2.0,3.2,-0.1,-1.8,0.8,0.3,1.1,3.8,,19.6,2.6,4.0,5.5,-11.1,5.0,3.5,0.8,-1.0,1.3,-1.6,1.2,1.3,-2.1,-6.3,2.3,11.2,1.4,7.7,0.7,2.4,-0.2,5.3,0.4,5.0,0.4,1.6,2.7,2.4,2.8,0.9,2.4,-0.7,1.9,-0.4,2.8,0.7,4.4,6.1,1.6,2.4,-11.1,-3.3,3.4,0.0,0.9,1.9,1.1,-12.5,-0.3,0.3,1.8,0.3,3.0,-1.0,2.8,1.5,0.9,-0.9,2.0
1964-04-01,5.2,-1.0,-0.3,1.1,0.0,0.9,0.8,0.4,1.7,-0.2,2.0,1.0,-0.4,3.0,-0.4,-2.1,7.2,4.7,14.4,0.4,0.5,2.0,-3.1,2.1,2.3,-1.3,-7.1,-0.2,0.5,0.7,1.2,-4.1,0.0,-0.1,1.6,1.1,3.6,3.2,3.8,3.1,3.2,-1.6,2.0,5.6,-0.5,2.9,0.8,1.1,0.5,2.9,,-1.1,0.6,2.6,3.0,12.9,3.1,2.2,2.5,-3.2,0.5,-2.6,0.5,-0.6,-2.4,8.4,2.6,9.0,2.2,0.7,-0.5,-0.1,0.0,2.3,-0.2,3.0,0.3,0.2,3.5,2.2,3.3,4.1,1.8,-1.0,0.9,-0.2,3.7,2.0,3.8,0.5,2.1,1.8,3.0,-1.1,-0.3,1.1,3.3,1.9,0.0,-0.2,0.1,0.2,0.9,0.4,0.0,-1.8,0.5,-2.6,2.4,-2.7,0.5
1964-07-01,3.0,0.5,0.2,1.5,1.2,-0.3,3.8,0.7,2.5,-0.4,3.0,-2.6,-1.0,0.4,1.9,-6.4,4.7,4.1,13.7,2.9,3.3,0.5,-1.8,0.2,0.4,2.3,-1.1,-1.1,-1.1,0.9,-0.5,-0.7,-1.2,0.8,2.4,1.9,0.6,3.1,4.7,3.0,2.9,-0.7,1.9,3.5,0.6,0.7,1.2,1.1,1.1,3.6,,-0.4,1.3,2.6,2.8,1.1,2.7,4.9,0.8,-0.5,1.1,1.4,1.0,0.1,-2.7,2.6,2.4,14.4,5.5,5.6,-1.1,1.2,0.1,3.4,0.4,0.4,-0.2,0.2,4.8,2.8,3.1,1.6,3.1,0.0,1.3,-0.7,3.8,5.2,4.6,1.5,0.2,3.5,2.1,-1.1,-0.2,1.6,1.6,1.9,1.5,-1.9,0.7,-0.1,-2.7,1.9,-0.8,-2.8,1.1,-2.0,2.0,2.1,-1.3
1964-10-01,1.7,1.0,0.7,-1.1,1.4,-0.2,1.7,-0.2,4.9,-0.8,2.6,-0.4,-0.3,-0.3,0.6,-6.4,2.7,3.8,9.9,2.1,2.3,1.5,-1.4,0.9,0.9,3.0,5.6,-0.9,-1.0,1.8,-0.4,4.8,0.0,1.0,2.9,3.5,-2.1,4.2,3.1,4.9,5.3,-1.2,1.8,3.2,1.3,-0.1,0.7,0.6,0.6,4.8,,1.1,2.0,3.9,3.3,0.0,2.0,2.5,0.0,4.5,0.8,4.1,0.7,-1.0,-1.4,-0.2,5.0,13.9,6.6,4.7,-2.9,1.6,2.0,3.5,0.6,0.6,0.2,0.8,3.1,2.5,3.7,4.8,2.8,0.3,1.3,-0.8,2.8,2.6,4.2,2.8,0.8,1.5,-1.0,-0.8,0.3,1.1,0.4,1.7,2.1,-0.9,1.3,-0.6,-0.4,0.2,0.9,-1.1,1.4,-1.4,0.7,8.6,-0.6
1965-01-01,0.2,-0.5,0.4,-0.9,0.8,1.5,3.7,-2.1,4.1,0.1,3.8,2.7,-0.1,-0.7,5.5,-7.0,-5.0,-0.1,-3.3,-0.8,-1.1,1.9,12.1,2.8,2.6,9.6,4.5,-0.5,0.0,1.2,1.3,7.1,0.0,0.9,3.6,1.3,3.3,2.6,3.9,2.2,2.1,-1.7,1.6,3.1,0.6,-0.6,1.0,0.7,1.0,3.7,,-1.4,0.7,2.8,1.6,-10.0,2.4,2.7,1.4,7.9,2.3,6.6,2.2,1.4,0.5,-1.7,7.0,16.3,3.8,3.7,0.2,1.2,3.4,2.5,2.3,-3.0,1.1,2.1,2.4,3.0,2.9,2.2,2.9,1.0,1.3,-0.4,2.8,-2.7,4.5,0.8,2.8,1.6,2.6,-0.7,0.7,1.0,-1.0,1.8,3.6,-0.5,1.0,-2.0,2.7,0.6,6.7,-2.1,1.7,-2.2,0.2,0.1,1.3
1965-04-01,1.9,1.0,0.4,0.1,0.0,0.9,1.4,-3.0,3.2,-1.2,5.1,2.2,-1.4,-1.5,3.6,-4.6,-1.7,1.3,0.5,5.8,6.1,2.9,34.0,1.3,1.3,0.7,0.3,-0.2,0.8,2.6,0.9,3.8,0.8,2.3,3.5,1.7,1.5,3.3,7.7,3.3,3.2,-3.1,1.7,5.3,-0.6,-0.8,1.2,0.8,1.6,3.6,,-2.9,2.0,3.5,3.4,11.1,4.1,3.2,0.3,4.9,3.6,5.7,3.2,-2.4,-0.1,-1.7,2.5,16.8,4.1,-4.8,-3.2,3.8,2.8,3.7,0.8,2.2,0.2,2.6,2.9,2.1,3.3,4.7,2.6,1.1,2.1,0.1,2.9,-1.8,3.3,1.5,1.2,2.3,-0.5,-1.8,0.7,0.0,3.7,1.7,2.5,0.6,-1.5,-3.2,2.2,2.3,8.7,-1.4,2.6,-3.2,2.7,1.1,1.2
1965-07-01,3.7,1.0,1.4,-1.5,-0.3,2.2,2.2,-0.6,2.4,-2.0,2.3,38.2,0.4,-0.4,1.6,-1.1,1.0,3.5,2.8,3.1,3.2,3.9,9.0,3.6,3.6,3.4,-0.2,-1.0,1.0,1.2,2.1,1.2,-0.8,1.0,1.8,1.6,2.3,2.4,1.8,1.7,1.8,-5.6,2.1,5.8,0.5,0.9,0.8,0.8,0.5,5.5,,-9.2,2.0,1.9,1.9,1.9,5.2,4.6,3.0,1.6,2.4,1.9,2.1,-2.8,-0.8,-1.5,10.2,19.6,7.2,2.7,-4.5,2.2,3.2,1.3,3.0,-1.2,0.3,1.0,2.3,2.5,3.0,2.4,4.0,-3.5,1.5,-0.5,3.3,3.6,1.9,1.5,3.6,2.4,6.7,-2.1,-1.6,1.6,0.3,2.0,0.8,1.6,0.3,-1.2,38.4,1.3,4.6,-1.0,1.9,-5.9,8.0,6.3,1.6
1965-10-01,-1.0,1.0,1.7,-2.3,-0.8,1.2,3.8,-0.2,1.6,-2.2,4.1,-0.2,0.9,1.6,3.9,3.3,4.4,4.8,5.4,-0.1,-0.5,4.3,20.8,4.4,4.0,5.9,10.3,-0.3,1.0,2.2,0.1,4.4,0.8,0.0,2.8,1.1,2.6,2.9,4.9,1.3,1.3,-3.2,2.5,4.3,0.3,2.3,1.3,1.5,1.0,5.2,,-12.8,1.9,2.3,2.6,2.3,1.8,2.7,3.0,2.6,3.0,1.5,2.8,-2.4,-0.6,2.6,5.9,12.6,9.1,18.4,-6.5,0.9,2.8,1.5,5.8,-5.2,2.0,1.0,2.8,2.6,4.2,4.8,2.6,-6.0,1.2,0.5,4.8,2.3,1.4,1.1,4.3,1.3,7.2,-3.6,-0.3,1.6,3.1,2.6,3.1,3.5,0.3,-0.6,-0.3,1.4,6.7,-3.2,2.2,-9.1,6.3,7.1,-1.5
1966-01-01,-2.0,-0.5,1.5,-0.1,2.3,3.3,3.4,-14.6,2.4,-0.5,3.4,5.9,-0.7,0.1,3.7,14.9,13.4,8.9,12.0,9.5,10.4,4.8,28.1,2.9,2.6,10.1,1.0,0.5,0.9,3.9,2.8,0.2,1.6,3.7,3.0,2.3,0.0,4.0,3.4,2.3,2.1,-0.4,2.5,4.7,1.6,0.5,2.0,1.7,2.1,5.5,,-4.1,3.2,2.6,4.5,3.7,2.8,5.0,2.7,0.0,-1.4,0.3,-1.3,-1.2,-0.6,1.2,7.0,9.9,5.2,-1.8,-1.3,5.5,3.6,3.3,5.3,-0.4,-0.8,2.2,6.1,0.4,5.6,6.3,5.1,-1.0,3.1,0.5,6.4,-3.2,2.3,1.4,2.8,3.5,6.4,-0.7,1.6,1.1,6.8,2.5,1.9,2.1,2.1,-16.3,5.8,1.1,5.8,-3.6,-0.4,-3.7,2.8,1.3,2.9
1966-04-01,3.7,-1.0,1.0,1.2,-0.3,3.3,5.4,7.7,4.0,1.7,6.8,1.1,1.0,0.6,4.4,12.1,11.4,7.0,11.0,4.4,5.1,5.2,-13.2,4.8,4.8,-0.8,2.0,1.6,2.3,3.7,2.4,0.9,4.0,2.9,4.6,3.1,-0.4,5.8,7.2,3.6,3.7,-0.4,3.7,3.9,1.9,1.1,1.6,1.5,1.5,3.5,,-0.4,3.9,4.7,4.2,13.4,4.6,4.3,2.1,0.6,1.3,3.4,1.1,2.1,0.4,0.0,3.2,11.2,1.8,-0.8,2.5,3.4,6.5,3.1,7.2,3.7,0.1,2.8,5.4,5.1,7.6,8.5,6.9,1.5,3.3,0.2,8.5,0.6,3.0,1.7,4.8,3.5,-1.9,-0.1,1.8,2.1,-1.0,3.7,3.8,0.9,3.8,8.9,1.2,2.5,5.6,-2.3,1.4,-1.0,3.6,3.2,2.7
1966-07-01,7.1,0.5,0.7,-2.8,2.3,4.1,5.2,8.4,5.5,1.8,5.7,-7.5,-0.9,-0.5,4.0,6.1,7.7,5.8,9.2,2.0,2.2,5.5,-0.4,5.7,5.8,-1.8,0.6,3.3,4.3,3.5,3.6,5.1,4.8,2.5,4.5,12.1,5.1,6.7,7.1,5.1,5.0,0.5,3.7,5.9,3.6,-0.5,1.0,0.7,0.5,4.3,,1.3,3.1,4.8,4.0,2.9,3.3,2.5,3.2,6.4,3.4,2.9,3.0,1.2,-0.5,0.0,2.9,13.7,5.4,3.5,0.5,2.8,3.3,5.6,6.0,1.3,0.3,2.4,1.6,5.3,8.3,8.9,6.4,1.4,3.1,0.1,8.9,4.6,4.1,8.2,5.8,1.2,0.0,0.8,0.5,0.5,11.5,3.7,2.8,7.9,1.1,9.0,-7.5,2.7,3.5,1.8,4.7,-1.3,0.1,7.3,4.0
1966-10-01,5.0,1.9,-0.4,3.3,2.9,4.1,4.3,0.2,5.4,1.8,4.5,0.5,-0.3,-0.1,4.5,-2.1,3.5,3.5,8.3,1.3,1.6,5.4,-4.8,5.1,5.1,0.9,1.3,3.1,4.5,3.3,3.6,5.2,4.3,2.3,5.4,6.9,0.7,7.3,5.0,7.4,7.4,-0.5,4.0,7.5,3.9,-0.1,2.9,2.4,2.6,3.6,,2.4,4.4,5.8,3.8,9.1,3.9,4.5,3.7,6.3,4.2,2.2,3.9,0.9,2.3,0.1,2.9,2.9,3.7,5.3,-0.2,2.5,3.7,7.3,5.9,4.0,1.6,2.2,4.1,4.0,7.2,7.0,7.4,1.1,3.1,0.0,7.9,2.7,3.1,5.2,5.1,4.0,0.5,0.8,2.5,3.1,6.5,4.0,3.1,2.4,3.0,-0.1,0.4,2.8,1.2,1.4,4.3,-0.4,-0.1,-2.0,3.6
1967-01-01,4.7,-1.9,1.6,1.4,0.1,4.6,3.1,0.2,5.3,-0.8,2.9,8.7,1.4,0.9,0.8,-12.8,-3.5,-1.8,4.7,-4.0,-4.5,5.2,-15.0,6.7,6.5,-5.5,7.4,1.4,2.7,0.9,4.7,2.8,1.2,-0.3,3.7,2.1,0.4,6.2,3.2,6.4,6.5,-1.3,2.8,0.6,3.0,1.1,2.2,2.0,2.6,-0.5,,-0.6,0.6,5.0,1.2,9.2,3.7,3.9,3.4,1.6,5.4,0.2,4.7,-4.4,2.7,0.0,-7.1,5.8,2.6,-15.4,-3.0,-0.1,2.3,6.3,4.3,3.3,-0.1,2.1,2.7,1.7,6.0,6.6,3.9,1.0,1.1,-1.7,6.1,3.1,4.7,0.6,6.8,2.8,2.1,1.3,2.3,1.1,3.1,2.7,1.3,4.5,2.0,-0.3,8.6,3.0,2.7,0.0,3.3,-0.2,1.9,7.5,5.6
1967-04-01,2.6,-0.5,1.2,1.4,-2.3,3.7,2.6,-0.1,3.7,1.8,4.7,5.2,0.5,0.1,4.9,-6.8,-2.6,-0.2,1.2,-1.7,-2.1,5.2,3.2,6.1,5.9,1.8,0.1,1.5,1.9,2.4,3.6,2.9,2.7,0.9,5.0,6.3,3.4,5.4,6.9,5.8,5.9,0.7,2.9,2.3,1.3,0.6,1.4,1.3,1.0,1.8,,1.7,3.7,5.0,3.4,-5.0,1.1,5.2,3.9,3.6,4.5,1.7,4.1,3.3,1.2,-0.6,-3.7,29.2,2.4,11.0,2.2,0.6,2.1,5.4,3.9,0.3,1.4,1.4,3.1,3.2,5.1,4.7,5.6,3.1,1.9,-2.1,5.9,1.9,4.7,3.8,6.2,3.7,6.3,-0.3,1.4,2.1,4.1,3.0,2.6,6.5,1.9,-0.4,5.3,2.4,2.3,-2.7,4.0,-4.3,3.4,3.0,3.6
1967-07-01,5.0,2.0,4.1,3.9,5.1,4.5,2.5,0.7,5.2,4.5,2.4,5.6,1.9,1.5,2.4,-0.1,0.1,3.4,0.5,4.9,4.9,3.9,11.0,4.0,4.1,2.5,4.9,2.9,4.0,4.1,4.6,2.3,2.3,4.3,4.7,4.4,-1.1,6.6,2.8,7.7,7.5,1.5,3.2,2.3,1.6,2.1,1.7,1.7,1.5,6.5,,2.3,3.1,5.5,5.3,0.1,6.9,5.2,4.9,1.6,4.6,5.3,4.1,8.6,5.0,0.8,12.1,13.9,2.7,24.8,6.1,4.3,1.4,8.0,3.9,2.0,0.5,3.9,6.6,2.3,5.6,7.1,2.6,2.2,3.8,0.1,5.4,2.7,3.5,3.5,4.1,4.8,6.2,-0.4,4.0,1.5,4.8,3.1,2.9,-3.5,3.7,0.3,5.7,2.7,8.2,-0.1,3.9,-2.1,5.8,-2.5,4.4
1967-10-01,3.0,1.5,3.7,6.0,1.0,3.9,2.7,-2.0,7.5,4.1,4.1,4.8,2.0,1.3,3.3,15.6,6.6,7.3,-0.8,1.5,1.3,4.8,1.4,5.1,4.9,2.5,3.6,2.6,3.1,4.5,4.0,1.2,3.1,3.1,4.8,2.9,3.1,6.4,6.2,6.5,6.3,2.0,3.9,8.2,2.4,1.7,2.3,2.2,2.6,8.0,,2.9,3.7,5.4,6.0,-0.7,7.8,6.7,3.0,0.6,4.2,6.7,3.8,6.6,3.8,0.1,18.0,2.0,2.8,10.1,5.8,2.7,1.2,7.7,3.6,1.9,0.8,4.7,6.7,2.6,6.5,5.9,0.7,2.4,3.5,1.1,6.3,1.6,5.1,2.3,5.1,6.3,6.2,2.4,4.0,1.6,3.1,3.9,3.3,6.5,4.0,-2.5,4.7,2.1,9.7,-0.3,3.3,-0.2,4.1,5.9,4.7
1968-01-01,6.5,2.5,2.3,5.1,4.5,6.1,3.7,3.8,5.8,2.6,5.1,3.7,0.4,0.5,4.1,22.0,5.7,8.7,-5.9,3.9,4.1,5.2,4.7,5.1,5.2,7.5,1.7,6.2,5.7,4.1,6.0,2.8,14.2,3.7,5.7,6.5,0.3,6.7,6.6,7.7,7.6,2.5,5.0,14.4,3.3,1.1,2.6,2.3,2.5,11.4,,2.0,4.3,6.4,6.8,0.3,4.7,7.8,6.4,3.1,6.0,4.7,5.4,-0.1,4.4,0.8,29.3,3.2,4.0,-3.7,-0.1,4.2,3.0,8.2,6.6,1.8,0.6,3.9,7.8,6.5,5.6,6.2,6.9,1.7,4.3,-0.3,5.4,39.8,3.7,5.0,5.0,6.6,6.6,3.0,4.3,3.1,0.2,4.9,5.4,8.0,3.6,-0.9,3.6,2.6,7.5,9.6,5.2,0.4,4.5,8.4,5.8
1968-04-01,6.7,2.4,1.0,3.5,9.6,7.6,3.4,3.9,3.6,2.5,4.1,4.7,0.0,0.8,3.4,24.6,12.7,11.2,3.6,3.1,3.3,5.5,7.4,5.2,5.3,3.3,4.5,4.4,3.5,4.0,8.1,-0.6,11.3,3.4,5.2,7.3,2.4,6.0,4.9,7.1,7.3,2.2,4.9,10.0,4.0,1.3,3.0,2.7,3.1,9.9,,-0.3,4.8,5.9,5.2,-1.4,6.5,5.1,6.5,-1.9,5.5,-0.3,4.9,2.0,6.4,2.2,28.9,5.0,0.6,5.3,1.8,3.9,3.3,6.5,5.4,0.0,0.6,4.3,6.3,5.2,4.7,5.1,6.9,4.5,4.2,-1.1,5.0,14.7,3.1,5.4,5.2,4.6,1.3,1.5,5.0,3.0,2.6,4.9,3.9,4.6,3.1,2.3,4.7,0.7,6.3,7.8,5.1,-0.3,3.8,2.3,9.1
1968-07-01,4.7,4.4,1.2,2.5,4.4,6.7,2.2,1.6,5.7,3.4,6.3,4.9,0.1,1.1,4.4,16.6,13.7,10.6,11.2,3.1,3.3,6.3,5.3,6.3,6.2,8.2,5.1,3.1,3.1,5.5,6.6,3.8,5.7,3.7,5.6,1.5,1.7,5.8,9.5,6.5,6.3,2.0,4.7,4.3,3.1,1.5,2.5,2.4,2.5,8.0,,8.8,4.8,6.0,6.2,2.8,3.2,5.6,8.1,3.5,5.6,1.9,5.0,3.2,9.9,2.6,18.3,9.7,0.2,7.2,2.7,3.9,3.0,7.9,7.0,5.7,1.1,3.0,8.1,4.4,5.2,5.3,4.8,3.7,4.2,-0.5,5.0,2.8,3.7,2.7,6.4,4.9,4.0,3.0,7.1,2.5,2.3,4.7,4.0,8.3,3.7,1.4,5.0,2.5,1.4,2.4,4.2,0.4,3.9,6.7,5.8
1968-10-01,5.6,0.0,1.3,1.2,1.7,5.3,4.3,2.5,4.8,3.7,5.8,13.0,0.2,0.3,5.6,6.6,11.8,8.4,16.6,4.8,5.3,5.8,8.9,5.5,5.4,0.5,0.0,3.5,2.7,5.0,5.0,1.2,7.1,4.1,6.2,10.8,4.5,6.7,6.0,6.9,6.9,3.6,4.9,8.5,3.1,2.1,3.1,2.9,3.0,5.4,,10.3,4.1,6.4,5.0,2.8,3.2,4.5,7.5,1.6,6.5,5.1,5.8,3.5,10.6,0.5,7.7,5.6,3.3,2.4,3.5,4.2,6.1,6.3,6.3,6.9,1.2,3.7,3.7,5.2,6.5,6.3,6.3,6.1,4.5,2.0,7.1,8.5,5.2,6.3,5.4,3.6,6.9,2.7,6.2,3.0,6.6,4.9,7.1,5.6,3.9,1.6,13.0,2.5,2.1,3.9,6.0,0.2,11.9,4.5,3.6
1969-01-01,6.8,8.4,1.7,-0.7,1.5,5.3,4.0,1.1,8.4,2.4,5.5,2.2,2.0,1.4,7.9,2.2,18.4,9.7,32.7,1.6,1.6,5.3,1.0,5.1,5.2,3.3,1.0,3.7,4.9,5.0,5.3,4.7,1.7,2.8,6.5,5.4,6.0,7.1,5.8,5.9,6.2,1.6,5.0,8.0,-0.2,2.4,3.0,2.9,3.0,2.4,,5.5,5.2,6.0,3.3,12.7,4.8,5.7,7.1,5.6,7.4,3.7,6.7,0.3,5.0,0.3,-7.5,1.7,13.4,8.3,-1.7,3.0,6.0,4.6,5.5,6.7,1.5,2.8,3.9,4.8,8.5,6.3,5.1,4.7,3.9,1.6,9.1,1.1,5.6,6.6,5.1,3.7,6.7,2.5,2.9,2.5,6.0,5.1,6.7,5.7,6.6,1.1,2.2,2.9,4.2,4.9,6.7,-0.8,8.1,10.0,4.3
1969-04-01,6.4,21.0,2.4,1.8,4.6,4.8,5.5,1.3,11.7,3.0,6.7,5.5,5.0,3.5,7.6,2.0,11.7,7.2,18.8,6.4,6.7,6.0,35.6,5.9,5.9,-0.6,2.0,4.0,5.5,6.4,4.5,7.7,2.4,4.9,7.6,6.5,3.3,8.4,7.4,7.7,7.9,1.9,5.4,5.1,2.8,3.7,3.4,3.5,3.0,3.4,,5.4,6.9,7.6,5.8,1.6,4.7,5.9,4.6,9.0,6.1,3.0,5.5,2.2,7.9,1.1,-0.4,-0.1,3.7,0.8,2.3,5.7,6.0,6.6,5.9,4.1,1.0,4.2,6.2,4.9,9.2,8.6,5.4,5.6,5.2,1.6,8.5,-2.7,10.1,12.4,5.9,4.9,6.4,2.7,5.5,3.5,12.3,5.5,7.5,2.6,6.0,1.9,5.5,4.1,4.9,2.1,7.9,0.5,4.9,3.5,4.5
1969-07-01,8.3,5.4,4.5,-2.6,3.9,5.1,4.4,0.8,4.6,1.9,7.5,5.2,4.0,3.4,6.5,-1.0,8.1,5.9,14.1,8.3,8.9,7.5,0.2,7.0,7.2,2.4,3.4,3.2,3.2,5.6,4.8,-0.9,3.4,4.6,6.9,5.9,4.3,6.7,7.5,7.2,7.1,2.1,5.4,5.7,3.4,3.9,4.5,4.4,4.4,3.7,,1.9,6.2,7.2,5.2,3.3,2.0,7.8,5.8,-1.8,5.9,2.1,5.3,1.0,6.3,2.4,-2.6,16.0,7.8,-6.8,2.4,5.7,9.4,7.5,6.3,2.8,1.0,4.8,5.1,4.9,6.1,6.8,3.9,3.2,5.0,0.4,6.5,2.6,10.1,5.7,7.0,4.4,11.7,1.4,3.9,4.4,7.4,5.4,5.6,1.0,0.8,0.5,5.1,3.6,13.3,6.5,5.4,-0.6,6.3,9.5,4.2
1969-10-01,9.4,4.9,4.9,-0.8,0.7,4.2,4.4,0.5,6.5,2.5,6.5,0.7,3.4,4.9,5.0,-0.2,6.7,6.6,10.5,5.8,5.9,9.0,10.9,8.6,8.7,-0.8,2.7,2.7,3.2,6.3,3.7,-1.0,2.7,3.8,7.1,4.8,3.3,7.9,5.3,8.9,9.0,1.9,5.7,9.1,1.9,4.4,4.1,4.2,3.9,6.6,,1.9,4.5,7.9,6.1,6.0,4.3,6.6,4.3,-1.8,7.2,5.0,6.6,3.3,2.6,7.4,1.1,12.8,13.1,4.2,2.8,4.3,10.5,8.5,6.3,3.2,1.6,4.2,4.0,4.3,7.0,7.6,4.7,0.3,4.7,2.1,6.9,2.8,5.8,4.8,8.6,4.3,2.5,0.0,2.9,4.4,6.9,5.6,4.6,0.1,-2.8,0.2,0.7,3.3,12.1,0.8,5.9,0.3,2.0,8.7,3.4
1970-01-01,6.4,15.0,1.8,-0.9,1.7,3.1,4.3,-2.0,2.5,0.7,7.5,2.4,0.3,2.7,3.2,-4.8,2.2,4.1,5.4,8.1,8.9,7.6,8.6,7.2,7.1,-3.8,1.3,1.8,1.5,6.5,2.6,-1.3,3.0,3.9,7.0,26.7,2.3,8.0,7.7,9.9,9.9,3.3,5.6,8.5,7.0,3.3,4.4,4.2,4.3,6.0,,2.1,7.8,8.5,7.4,-0.3,8.9,6.9,3.8,-1.8,9.3,4.9,8.4,0.5,4.5,6.9,-1.6,0.2,12.6,-2.0,0.1,5.3,9.5,10.0,4.9,2.0,1.9,5.2,2.5,3.9,5.8,6.6,6.0,2.5,4.7,1.5,6.8,-0.7,7.9,21.2,7.1,4.4,9.8,-1.3,3.0,3.9,11.5,5.6,2.8,-1.3,-9.3,-2.2,2.4,4.7,6.7,-4.2,12.9,-0.8,6.3,10.2,1.9
1970-04-01,8.2,-1.2,3.9,0.2,2.1,2.5,3.7,4.7,7.0,1.6,6.0,4.7,2.0,3.3,2.8,-2.1,1.0,3.6,2.1,3.4,3.5,9.1,-11.9,9.6,9.5,8.9,4.2,1.8,0.6,5.7,2.0,7.7,4.1,3.3,6.1,5.2,4.9,8.4,5.8,8.5,8.4,3.5,5.8,7.7,3.6,4.0,4.1,4.1,4.2,6.0,,1.1,6.5,7.4,5.9,3.6,3.8,7.5,4.2,8.4,6.8,2.3,6.1,2.4,4.8,5.6,7.2,1.1,5.5,6.8,1.6,4.0,7.5,9.4,4.6,2.7,1.4,4.6,2.0,6.0,8.4,9.9,5.3,2.5,4.5,4.6,8.5,-3.5,7.2,2.3,9.6,4.8,-3.6,-1.2,4.1,4.3,0.6,5.7,2.1,4.1,-10.1,6.0,4.6,4.3,7.8,0.8,4.7,0.9,8.0,5.4,0.6
1970-07-01,7.2,6.9,3.5,1.4,1.7,3.6,2.2,1.4,6.3,3.0,7.1,5.0,4.9,5.2,3.1,4.8,1.6,3.9,0.0,2.6,2.6,4.7,-8.9,5.1,5.3,3.9,8.3,0.8,1.0,4.2,3.7,-2.5,2.6,2.8,5.1,8.7,5.5,6.3,8.5,5.6,5.6,0.9,5.1,6.5,2.8,7.9,4.2,4.8,4.3,6.1,,0.0,3.8,5.9,4.3,2.9,10.6,6.6,2.2,-4.5,7.5,11.2,6.8,6.0,5.1,5.9,7.5,8.0,7.5,5.3,4.8,2.7,7.8,5.6,2.9,2.3,1.4,4.9,5.5,4.7,7.0,7.1,4.5,3.3,4.0,2.6,7.2,0.5,6.9,7.9,5.2,4.8,4.6,0.3,4.9,3.8,5.0,5.0,2.2,-2.1,0.4,1.5,5.0,5.4,6.4,-5.8,7.2,-0.2,21.6,9.2,4.8
1970-10-01,5.0,11.6,2.2,2.9,0.4,5.2,3.1,4.7,6.2,6.8,7.3,8.1,12.1,9.9,7.3,20.9,4.3,6.3,-2.2,1.8,1.9,4.3,-15.0,4.9,4.9,3.8,11.0,2.4,2.5,6.0,5.5,8.0,3.3,4.5,5.9,11.7,6.2,5.6,9.0,4.2,3.9,2.3,6.0,8.8,2.8,10.3,5.1,6.0,4.7,8.1,,1.3,5.9,5.3,6.0,-0.3,10.9,6.4,4.4,7.4,6.4,5.6,5.8,13.0,3.2,6.4,13.7,3.0,6.2,9.1,15.9,3.6,6.4,5.6,3.8,1.9,1.3,3.7,8.2,6.5,7.2,7.8,3.9,2.8,5.3,-0.9,7.4,14.2,11.0,11.8,4.9,5.5,15.9,4.7,3.5,5.7,8.3,6.0,6.0,-2.5,15.1,3.4,8.0,3.8,3.7,0.5,7.9,0.8,12.1,6.5,6.4
1971-01-01,4.1,3.2,3.0,3.3,2.3,3.7,2.0,6.9,7.3,5.8,3.6,11.8,6.8,7.5,7.6,14.4,-0.6,5.0,-6.9,-2.1,-2.9,6.1,8.8,6.9,6.7,13.5,6.3,2.1,2.4,3.4,3.7,0.2,1.0,2.1,4.0,6.5,2.8,4.0,4.4,1.5,1.4,2.3,5.4,4.9,5.0,8.2,5.0,5.5,5.1,10.6,,2.9,2.1,2.7,2.6,0.0,6.0,5.6,2.5,-0.9,6.5,1.3,6.0,9.6,2.7,8.8,13.0,9.1,22.5,21.3,9.3,0.7,3.0,2.4,4.0,3.0,1.5,3.7,10.3,6.0,6.8,5.7,3.0,3.7,3.9,1.2,7.0,4.3,6.4,5.1,6.9,5.0,8.8,5.0,3.8,4.7,4.9,5.5,5.6,-2.6,22.5,7.3,11.9,4.3,2.4,0.2,5.6,0.3,11.3,2.6,4.4
1971-04-01,2.9,10.8,3.0,2.8,3.5,3.9,4.1,8.4,6.6,2.9,4.4,5.1,3.8,5.9,4.4,14.5,3.0,7.5,-2.3,7.4,8.1,4.6,12.9,3.9,3.8,12.6,3.9,2.0,1.4,3.7,4.1,-6.5,4.6,3.9,4.3,8.4,4.6,5.1,4.5,3.8,3.9,2.7,5.4,4.1,5.8,6.2,5.0,5.2,5.0,11.9,,2.9,4.2,4.3,4.3,0.7,4.0,3.4,3.9,-8.5,9.7,-0.6,8.7,2.0,10.1,9.6,23.8,24.7,10.6,15.3,0.2,4.2,4.2,3.7,3.0,2.6,2.2,4.1,8.4,5.4,6.7,6.4,2.8,4.3,4.6,1.9,6.9,56.9,1.7,9.5,3.8,3.6,2.6,5.8,5.0,5.0,3.9,5.4,6.7,4.3,20.8,2.6,5.1,4.0,2.7,-2.5,9.0,0.8,7.4,4.2,4.2
1971-07-01,2.3,13.0,3.1,2.1,3.4,2.0,2.2,13.6,5.3,-0.9,5.7,5.5,8.2,7.5,6.1,17.0,5.2,8.4,-0.1,3.3,3.3,4.8,0.8,5.0,4.8,5.8,6.5,1.8,1.5,4.0,2.1,7.7,3.3,2.2,5.1,11.5,3.2,4.7,7.3,4.3,4.2,2.0,5.7,5.5,2.0,7.6,4.4,5.0,4.5,11.4,,2.3,3.1,4.7,5.3,7.1,2.9,3.9,0.6,8.0,8.1,5.9,7.3,-5.6,3.4,6.3,24.6,16.9,6.5,-4.3,-8.5,3.5,4.4,4.4,1.7,4.4,1.7,3.3,5.6,6.7,5.3,5.3,1.4,2.4,4.0,1.0,5.2,29.1,5.8,12.2,5.0,3.6,2.3,2.9,2.6,3.6,11.3,5.7,5.4,0.1,8.7,11.3,5.6,4.9,7.4,0.2,9.0,1.5,7.9,5.6,3.0
1971-10-01,2.4,0.0,1.0,0.7,2.0,1.3,2.2,1.2,5.8,-2.0,4.2,-3.0,3.8,3.7,3.0,7.7,3.8,5.9,1.9,2.7,2.7,3.4,35.2,3.2,3.1,19.8,-1.1,0.5,0.3,3.0,0.9,5.1,3.8,1.1,4.0,2.3,3.6,4.3,5.1,4.3,4.5,-0.7,3.8,3.7,0.9,3.5,3.0,3.1,2.6,8.0,,0.8,3.0,4.4,4.7,6.3,2.2,2.0,0.8,6.3,3.1,3.4,2.8,-5.7,2.5,3.5,18.2,3.6,1.9,-4.2,-8.1,2.6,3.4,3.7,3.2,2.6,0.5,2.2,1.4,5.6,4.2,4.3,2.1,1.8,2.5,1.0,3.7,5.2,9.5,1.3,3.2,1.7,-0.7,0.2,2.1,3.1,8.7,3.8,4.1,1.2,-0.7,0.6,-2.8,3.4,4.5,1.4,2.3,0.2,2.2,7.5,0.9
1972-01-01,2.6,0.4,2.2,1.0,0.0,2.3,4.8,8.6,3.4,3.5,5.6,19.2,4.0,5.3,4.2,7.1,8.6,8.5,9.3,8.8,9.8,3.1,19.3,2.8,2.8,3.7,-6.0,1.2,1.6,3.3,2.3,-5.0,2.2,4.1,5.1,6.2,3.7,4.4,6.5,5.9,5.9,0.6,4.5,6.0,1.1,4.9,3.7,3.9,3.9,8.4,,2.6,3.5,5.5,6.8,4.3,1.4,4.3,0.2,-4.9,4.1,-1.2,3.7,6.1,0.8,7.5,20.5,-2.4,-2.0,7.5,7.7,4.4,4.1,6.1,2.2,4.1,1.2,3.0,3.5,5.2,2.6,2.2,1.1,1.8,4.3,-1.1,2.5,-0.1,4.7,3.4,2.7,3.2,3.1,1.2,4.9,3.5,1.3,4.4,4.7,-4.8,3.1,10.1,18.7,1.9,9.3,-2.3,3.6,1.8,2.6,5.5,3.8
1972-04-01,2.8,-1.5,0.8,0.0,3.3,1.0,4.8,2.8,3.4,2.1,3.1,5.2,5.6,4.0,2.2,4.8,3.4,4.0,2.7,1.3,1.3,4.7,8.2,4.6,4.5,-0.4,3.7,1.4,1.4,2.6,0.7,-2.8,3.8,1.3,3.2,0.8,1.1,3.0,2.8,3.6,3.7,0.4,3.4,4.8,1.8,3.5,2.9,3.0,2.6,4.5,,2.8,3.0,3.6,4.4,0.9,0.2,2.4,1.3,-4.1,2.5,-1.3,2.3,3.2,-0.9,1.0,6.0,-0.7,3.2,19.0,1.7,0.9,2.5,2.9,2.6,2.1,0.9,2.0,1.4,4.6,2.3,1.6,2.1,5.5,2.3,-0.2,2.0,-6.4,14.3,-0.3,4.6,1.7,17.3,0.9,0.4,3.6,2.4,3.4,2.7,-6.5,0.7,4.4,5.3,1.1,4.9,-0.2,1.4,0.2,1.6,-0.6,0.2
1972-07-01,0.1,1.5,1.3,-1.2,7.4,0.3,4.0,3.7,2.2,2.1,8.6,4.7,4.9,4.3,5.6,1.2,2.0,3.9,2.6,4.9,5.3,4.4,19.6,4.2,3.8,-1.2,6.5,2.1,1.5,3.3,-0.5,8.8,9.0,3.1,7.2,1.2,5.5,5.3,8.1,8.0,8.2,-0.2,3.9,2.8,2.0,4.3,3.9,3.9,3.9,5.6,,3.8,4.0,7.8,4.3,4.3,1.5,3.9,1.3,9.3,3.7,0.1,3.4,2.2,0.0,3.1,6.3,4.1,6.6,3.3,2.5,3.6,12.7,7.2,3.5,3.5,0.8,1.7,2.6,3.6,1.8,1.6,1.6,1.5,3.6,-0.3,1.8,1.0,2.7,1.3,4.2,2.4,2.9,1.3,0.9,3.0,11.6,4.0,6.4,0.2,3.7,4.2,4.6,1.2,1.4,3.5,2.6,0.2,4.6,5.6,-1.9
1972-10-01,4.6,5.0,0.6,1.2,2.9,4.4,3.9,3.0,2.2,-1.3,5.5,1.5,3.9,4.9,6.1,-1.9,0.9,1.7,2.5,5.7,6.3,4.7,24.3,4.1,4.2,9.6,-1.8,2.6,2.6,4.2,4.4,8.6,10.1,2.8,4.9,3.5,2.5,3.4,3.8,3.7,3.8,0.3,3.7,4.6,0.8,5.1,3.5,3.8,3.0,2.4,,3.0,4.4,4.5,4.4,4.2,3.7,2.5,6.1,11.0,4.3,-1.7,3.8,-5.8,1.1,6.9,1.2,3.6,0.6,2.8,-8.1,4.7,9.7,3.0,4.1,3.1,0.5,1.1,4.3,4.8,3.1,3.1,3.7,1.2,3.3,0.1,3.3,7.5,4.0,4.2,4.1,2.5,6.8,1.1,2.0,3.5,15.7,3.8,6.3,1.9,2.1,2.4,1.5,2.1,1.8,-0.8,4.0,-0.6,5.7,3.0,3.4
1973-01-01,3.9,2.2,1.9,1.2,0.9,3.3,-12.1,0.1,3.3,1.7,-4.8,1.8,10.4,7.9,-1.4,-12.4,-6.3,-4.2,-3.2,16.0,17.9,4.6,59.5,4.3,4.3,-1.1,11.8,2.1,3.2,6.5,3.2,5.7,4.0,6.5,1.9,0.3,5.0,4.1,-6.5,4.6,4.9,-0.1,3.6,9.0,1.8,7.0,5.5,5.8,6.0,-2.4,,2.8,5.9,3.1,5.4,-3.8,2.7,2.7,4.2,4.5,7.1,-4.3,6.8,1.7,2.0,3.9,-11.5,1.5,-2.3,11.3,1.4,8.8,3.2,3.4,3.9,0.6,4.9,2.4,1.1,2.3,3.6,5.7,4.3,2.1,4.9,-0.2,3.1,1.1,8.9,1.2,4.3,2.7,3.5,1.5,1.6,5.6,-5.2,3.4,3.8,1.4,5.0,0.0,1.8,2.3,1.1,-1.4,4.8,-0.5,3.0,2.6,2.6
1973-04-01,6.4,4.9,1.4,3.3,5.2,5.9,35.3,2.4,3.8,3.2,14.0,5.5,5.3,4.8,11.7,-4.4,5.0,5.7,9.1,19.8,22.7,11.6,28.9,10.3,10.0,19.3,22.7,2.4,3.2,8.7,6.0,15.0,3.5,9.5,8.9,1.2,4.6,5.5,9.4,7.3,7.9,0.4,6.2,7.9,2.1,6.2,4.0,4.4,4.2,6.3,,4.9,6.7,8.0,7.0,11.2,5.7,6.2,3.5,13.4,7.0,-4.1,7.0,3.5,-0.3,3.8,11.0,-0.7,0.5,13.1,3.7,12.6,13.3,4.6,5.6,6.4,7.0,4.6,7.0,8.4,3.1,3.5,7.6,3.4,7.9,0.4,2.8,0.1,5.9,3.0,10.2,5.8,-5.4,2.0,2.4,4.7,-5.0,6.4,6.4,3.0,7.8,2.8,5.5,3.3,6.8,1.1,5.5,0.2,12.4,8.1,7.6
1973-07-01,5.7,7.5,3.1,3.1,1.6,2.1,1.5,2.9,4.4,2.0,39.0,5.4,3.3,4.2,18.2,-2.9,8.7,5.7,13.3,19.3,21.5,13.0,59.4,11.1,10.7,20.8,19.2,2.9,4.4,8.1,1.8,7.8,4.2,7.8,14.6,2.0,2.9,5.7,48.4,7.3,6.4,-0.4,6.8,3.7,4.3,4.0,4.1,4.1,4.2,3.3,,4.4,7.2,13.3,5.7,6.5,1.6,4.1,3.2,5.4,5.3,-3.0,5.2,0.8,-1.5,5.6,2.5,-7.6,1.8,-1.9,2.2,10.6,43.4,11.6,3.4,4.8,4.5,3.6,3.3,12.7,3.8,2.9,6.8,2.4,7.5,0.4,3.9,0.5,11.5,4.7,11.0,4.3,2.6,1.7,1.8,4.6,-2.0,7.1,3.8,2.9,3.8,3.3,5.4,3.1,1.9,1.0,5.0,0.2,2.9,3.0,1.1
1973-10-01,4.5,11.1,3.5,1.0,5.5,3.3,13.7,5.6,4.3,1.3,-5.4,-1.8,8.3,9.7,7.5,-3.5,12.5,6.4,18.9,13.7,15.8,19.8,-24.8,17.5,16.4,35.1,81.7,2.8,3.6,10.4,3.3,46.8,5.2,9.2,7.1,2.5,6.1,7.3,-22.2,8.8,8.2,0.7,7.7,6.9,7.7,8.7,4.5,5.2,4.5,1.3,,2.5,8.4,7.0,7.3,3.4,9.9,7.4,3.0,40.1,6.8,0.4,6.4,-0.7,3.9,12.2,-3.0,-9.0,-1.0,2.6,-1.5,12.9,29.7,11.4,3.7,2.7,3.3,4.2,6.2,8.4,5.4,5.3,9.6,6.8,8.4,1.1,5.9,-0.1,10.5,6.8,17.4,6.0,2.0,2.3,3.4,4.6,2.5,7.7,13.7,0.5,6.7,6.3,-1.7,3.5,2.5,-0.5,6.5,0.5,3.8,9.9,3.6
1974-01-01,5.8,4.7,5.5,2.5,20.3,7.4,33.9,10.4,6.4,4.5,15.0,2.0,34.6,26.7,18.0,0.1,20.6,10.1,28.6,20.4,22.9,8.9,2.9,8.8,8.6,28.6,154.2,7.6,9.0,12.3,7.6,99.3,12.2,16.7,13.3,7.3,5.4,8.9,11.2,10.0,10.9,2.8,8.2,4.1,14.2,22.2,2.8,5.9,2.8,1.2,,6.7,7.4,11.7,7.4,21.5,14.7,5.5,9.1,88.9,7.9,5.4,7.6,0.4,2.8,10.8,-2.0,-9.5,-3.4,-10.3,1.4,22.3,14.2,5.9,6.4,9.8,5.3,7.3,7.3,12.2,7.5,7.7,9.8,10.8,12.5,2.5,7.9,26.5,7.1,5.9,8.8,5.8,0.7,4.6,3.3,2.1,8.3,8.5,15.4,2.8,14.8,8.4,2.0,4.7,1.4,7.2,7.0,1.2,3.8,6.3,6.4
1974-04-01,8.1,12.7,7.1,5.3,65.0,12.5,13.0,6.5,9.6,10.5,23.5,6.0,26.9,22.7,23.4,-0.3,15.4,8.1,20.6,9.7,11.0,12.3,-49.4,11.5,11.2,13.4,32.3,12.2,13.0,11.1,13.6,41.6,20.0,14.0,16.4,7.3,3.3,11.9,26.7,11.1,9.6,7.2,9.4,17.4,22.3,20.6,2.5,5.5,2.4,1.7,,6.9,10.9,13.9,7.1,15.6,29.7,10.8,13.9,43.8,12.7,18.4,12.0,12.2,5.9,13.9,-4.8,-8.1,2.7,14.1,10.2,15.4,22.7,18.4,7.8,9.4,6.7,15.2,10.5,13.9,12.9,14.3,11.4,16.3,11.8,3.5,13.6,57.2,10.5,10.0,11.4,9.3,-5.9,5.5,7.2,2.4,5.7,9.8,22.2,10.0,12.7,1.0,5.9,7.9,6.1,11.6,11.2,2.9,11.0,10.3,11.3
1974-07-01,11.8,6.1,13.2,6.6,69.1,13.0,11.2,0.8,14.8,16.1,10.3,5.1,13.8,15.7,6.8,8.5,15.5,8.5,17.5,8.8,8.3,12.5,-1.9,13.2,13.1,5.4,27.3,16.2,14.7,11.6,14.0,5.4,27.9,13.0,10.4,9.1,6.0,14.4,12.9,12.3,12.1,15.5,9.7,22.8,38.1,14.2,4.4,6.1,4.4,2.0,,6.3,10.3,11.8,8.0,16.3,32.6,9.1,11.7,1.4,17.9,17.8,16.6,22.7,13.1,20.2,-4.0,-18.7,2.6,52.6,18.7,11.7,4.6,13.1,8.9,9.4,6.6,20.7,12.0,9.5,17.1,17.1,13.4,19.3,11.2,8.3,18.0,-0.1,9.3,7.5,13.3,9.0,17.2,8.3,10.4,4.5,2.9,9.6,17.0,0.1,18.4,0.9,5.3,9.1,14.3,9.7,13.1,4.4,6.7,11.4,13.0
1974-10-01,8.1,11.0,11.5,6.4,25.2,6.0,16.0,1.7,10.2,13.1,-2.9,11.2,12.2,13.5,7.8,15.0,13.2,8.1,12.6,17.9,19.2,11.2,-12.9,11.1,10.8,14.5,5.4,14.9,12.7,12.9,6.0,-5.9,17.3,12.2,9.8,7.2,9.0,13.0,-15.8,13.8,14.4,18.2,9.1,7.6,41.6,12.4,6.8,7.8,6.9,3.1,,10.9,9.5,10.4,9.6,20.2,13.4,10.7,6.7,-8.2,17.7,8.4,16.8,15.1,10.8,17.3,-0.2,-13.0,-1.4,30.3,14.0,11.8,17.3,11.0,6.1,13.1,9.6,17.2,9.2,5.2,12.1,12.6,11.7,17.7,10.6,8.5,12.7,-0.2,5.9,9.1,11.0,9.7,11.0,7.2,8.9,7.3,1.2,9.1,9.0,6.9,11.7,2.0,11.1,9.1,9.9,16.2,13.9,4.4,6.6,10.6,4.4
1975-01-01,6.4,5.3,8.2,7.8,8.4,1.6,4.0,1.5,11.9,6.4,5.3,3.3,23.7,22.7,12.0,23.6,11.7,6.7,8.6,5.8,5.7,10.0,-17.0,9.7,9.5,8.7,-8.1,9.4,5.2,8.8,1.1,1.2,23.2,6.0,9.7,12.9,9.7,10.2,2.3,9.1,8.9,12.5,9.3,4.8,19.2,21.3,8.8,11.0,9.1,1.2,,7.0,7.5,9.0,6.7,3.5,11.9,9.4,2.2,3.3,14.1,8.3,13.4,4.1,6.1,22.0,-4.4,15.8,-1.8,4.2,2.7,5.8,11.6,10.2,3.9,6.2,7.4,12.6,11.3,5.5,11.6,12.1,7.5,14.1,7.7,9.8,11.5,0.4,7.6,8.9,9.7,9.0,7.3,6.4,7.2,8.8,-0.4,9.4,8.2,7.7,13.4,1.8,3.3,9.1,8.3,7.9,11.8,2.6,14.2,12.4,-0.4
1975-04-01,5.4,14.9,2.0,3.4,13.8,1.2,5.7,5.7,10.1,7.4,11.5,6.1,1.4,8.4,4.1,17.2,6.3,7.3,3.4,-2.3,-3.4,5.9,71.0,5.8,5.8,9.2,8.8,6.9,5.8,5.0,1.2,7.7,12.1,3.1,7.3,4.2,2.7,9.0,15.6,8.2,8.7,6.5,6.9,1.4,8.6,8.6,5.9,6.4,6.2,8.1,,6.1,4.9,8.4,3.8,1.5,2.3,3.9,0.2,7.5,8.9,5.3,8.5,7.6,7.0,25.5,13.8,3.9,8.7,-2.7,10.9,1.5,6.9,6.2,0.8,5.2,4.9,6.0,3.2,6.3,10.1,11.0,4.4,9.0,5.0,7.0,9.9,0.5,6.9,9.6,5.8,3.9,75.5,9.3,4.2,6.2,-3.1,6.8,1.1,7.4,6.4,6.4,6.1,7.8,3.5,7.8,8.9,2.0,9.8,4.9,1.0
1975-07-01,5.9,6.5,1.4,1.7,-0.8,2.9,8.7,4.5,7.4,4.5,32.4,5.0,5.5,9.0,13.7,12.3,2.9,3.3,0.3,10.1,11.2,6.3,32.8,6.0,6.0,10.1,19.7,3.9,2.7,8.3,3.2,26.5,5.8,7.8,13.9,15.3,5.9,10.5,53.5,11.6,12.7,5.4,7.4,6.7,5.0,8.6,5.9,6.4,6.1,3.6,,6.5,6.1,14.0,8.3,2.8,3.1,5.3,0.9,28.1,6.7,5.4,6.7,6.0,2.6,16.3,-8.2,22.3,9.7,19.9,3.1,9.2,11.3,6.4,1.5,5.4,6.6,3.2,2.6,10.8,9.1,10.2,5.2,4.3,7.7,6.4,9.4,1.3,5.1,10.7,6.0,4.6,3.3,2.3,2.4,6.1,-0.5,7.6,11.5,5.7,1.3,4.9,5.0,5.9,1.7,4.7,8.1,1.6,6.7,6.1,4.9
1975-10-01,8.8,6.8,1.9,4.1,-1.4,1.6,10.0,6.2,5.4,6.3,-7.1,12.8,14.1,15.0,1.7,8.9,0.3,8.0,-1.9,6.3,6.9,8.8,8.6,8.2,8.2,9.8,13.2,5.9,4.5,7.7,1.2,7.9,9.8,5.5,6.4,13.0,6.6,11.9,-19.5,11.9,12.8,6.8,8.3,11.6,5.1,14.6,7.4,8.8,7.5,17.8,,4.0,7.2,8.1,8.8,1.9,5.6,6.3,2.3,6.7,7.7,8.2,7.6,8.2,5.9,16.2,16.9,8.0,37.9,8.6,8.1,5.2,10.3,7.7,3.3,4.4,6.4,4.8,5.0,4.7,11.8,12.8,6.1,5.1,6.9,5.6,13.9,-0.7,8.8,9.8,8.1,5.8,15.1,4.6,4.7,7.6,3.2,8.1,4.8,4.0,7.1,7.1,12.7,6.7,3.0,6.0,8.3,1.8,12.3,8.9,0.7
1976-01-01,7.4,7.3,2.8,2.5,5.4,3.5,1.6,10.5,5.8,5.5,2.7,5.2,4.5,8.5,10.9,5.9,-3.6,2.7,-6.3,-2.4,-3.0,6.4,-13.4,6.2,6.2,-9.4,1.1,4.9,4.0,4.7,3.5,-3.5,7.1,2.0,8.3,7.2,7.0,9.6,1.4,8.2,8.1,5.4,6.7,16.3,8.9,9.4,6.6,7.1,6.6,10.6,,1.5,10.8,7.4,8.0,10.3,5.8,6.9,6.1,-4.5,8.3,8.5,7.8,7.7,2.2,15.9,-8.3,21.3,43.8,6.3,7.8,0.5,6.2,8.1,3.1,4.9,4.2,6.6,6.1,5.5,11.4,13.1,7.0,7.7,4.5,5.2,13.0,133.7,4.8,7.2,6.1,5.3,5.5,2.7,3.4,6.7,3.6,6.8,8.0,2.5,4.6,0.6,5.2,6.4,7.9,5.7,7.6,1.5,14.0,9.0,1.9
1976-04-01,6.7,10.9,1.9,1.5,9.5,3.4,1.5,2.4,6.6,4.5,9.4,5.9,5.5,8.3,-1.5,5.2,-1.3,-2.9,-3.3,-2.8,-3.4,6.5,-4.3,6.4,6.4,2.7,-1.5,3.1,1.7,3.7,2.8,-3.8,4.5,1.3,5.4,4.7,6.6,8.5,13.8,7.6,8.1,6.2,5.5,11.0,9.6,8.6,5.3,6.0,5.4,-4.6,,1.4,5.3,7.8,6.4,5.3,3.4,5.3,3.0,-4.3,6.0,3.6,5.6,6.5,-0.5,13.7,-26.2,23.2,3.2,27.3,3.2,0.0,6.8,5.2,6.2,3.4,2.8,5.2,5.3,6.0,9.8,10.3,7.5,3.9,3.4,6.6,10.7,3.4,7.2,8.0,6.4,4.0,16.3,3.4,2.2,5.4,2.3,5.3,0.9,3.2,4.9,2.2,5.9,5.7,4.8,-0.4,6.5,0.8,10.4,8.0,2.4
1976-07-01,9.0,10.3,2.8,2.3,6.1,5.8,12.9,4.9,6.1,4.9,18.7,4.1,2.4,7.2,0.4,4.1,-0.2,9.4,-1.5,4.7,5.1,6.8,-12.9,6.7,6.9,2.9,8.5,2.6,2.4,6.6,5.7,7.3,2.9,5.0,7.3,4.2,5.7,8.5,25.4,8.5,8.8,3.8,7.5,6.5,3.6,7.8,7.1,7.2,7.2,21.1,,4.8,7.2,9.7,9.5,12.3,3.1,6.5,6.1,7.1,6.8,7.9,6.5,7.9,2.0,17.9,73.2,30.1,-5.3,25.4,4.4,5.1,10.2,7.1,6.5,6.7,4.3,3.9,5.9,7.5,8.5,8.6,7.1,5.3,6.2,5.9,9.4,11.0,5.3,7.5,6.7,5.3,8.9,1.5,3.6,7.2,3.7,7.3,4.7,-0.9,3.7,4.1,4.0,5.0,0.7,-1.0,6.9,0.0,10.8,6.3,5.3
1976-10-01,10.9,3.9,1.5,4.0,17.5,3.7,9.7,2.5,7.7,6.9,-3.3,8.0,11.8,15.1,9.3,1.2,1.0,5.7,1.0,3.7,4.1,4.9,-0.7,5.1,5.6,1.8,16.6,2.9,2.9,5.9,3.8,11.1,1.5,5.8,6.6,7.5,8.7,8.1,-14.9,7.4,6.9,3.5,7.0,10.1,8.0,14.4,8.3,9.5,8.5,10.9,,2.3,6.7,5.8,8.9,13.8,5.9,5.7,2.2,9.9,6.4,12.9,6.3,11.8,-1.3,22.2,38.8,6.4,-14.9,23.3,9.4,5.3,14.4,9.5,3.3,6.0,5.5,6.1,5.6,3.5,9.0,9.6,7.4,6.2,6.5,5.1,9.3,0.4,3.5,5.5,5.1,5.2,6.7,3.6,2.3,8.2,4.8,7.1,11.5,4.2,9.2,2.8,8.0,5.7,5.2,3.0,6.0,0.2,10.8,6.2,4.0
1977-01-01,2.9,4.7,-0.2,1.0,8.3,6.0,5.5,-2.0,7.6,4.2,7.5,3.9,8.3,14.8,14.1,3.2,1.2,3.4,0.6,7.4,8.7,7.2,-5.1,7.1,6.8,16.6,23.4,5.0,5.8,7.5,5.9,11.4,5.0,6.5,10.3,6.5,10.5,8.5,6.3,8.9,9.8,3.3,8.1,9.1,11.5,14.1,10.3,11.0,10.5,5.8,,-1.8,6.2,9.1,10.1,16.0,6.9,5.9,8.0,8.7,9.0,8.6,8.7,3.8,-0.9,29.3,-2.1,3.9,9.7,4.1,2.8,7.5,11.1,4.3,6.4,4.5,5.6,6.7,5.1,6.7,8.1,9.0,5.7,4.5,7.4,5.8,7.9,-0.3,10.1,5.6,7.1,4.7,4.6,3.5,1.4,10.2,5.5,8.3,11.1,3.9,5.6,-2.2,4.0,6.5,7.4,5.3,7.5,2.1,10.0,9.1,4.2
1977-04-01,10.4,7.3,0.5,1.6,6.2,1.2,3.3,1.3,6.6,2.1,8.1,6.4,1.7,5.8,-0.9,-1.3,5.4,13.3,7.6,11.9,13.6,11.5,7.9,10.4,10.3,4.9,8.5,3.0,2.8,7.1,0.9,6.0,6.6,5.8,6.1,9.0,7.9,9.7,15.8,9.3,9.8,1.8,8.4,4.9,8.3,6.2,8.7,8.2,8.8,22.3,,0.7,8.3,8.4,10.0,0.2,5.7,5.3,3.8,5.5,7.8,-4.1,7.7,1.6,5.4,15.6,48.4,16.7,14.4,0.4,3.3,7.5,-2.5,6.9,2.5,1.6,6.3,5.7,4.9,4.4,10.2,11.3,5.7,6.6,7.0,7.6,11.2,0.2,6.6,8.0,10.3,4.5,16.3,2.0,2.6,8.9,5.2,8.2,0.3,0.8,4.7,1.5,6.4,5.7,2.5,1.2,7.8,-1.5,8.6,6.6,-1.3
1977-07-01,7.7,3.0,4.4,1.7,8.8,6.4,10.0,1.0,9.9,4.2,10.3,3.5,8.7,9.3,13.3,6.1,10.0,16.0,11.3,4.1,3.9,7.8,13.4,7.3,7.3,-1.8,8.7,4.7,4.9,5.6,6.9,-0.5,4.8,4.2,7.8,10.3,6.1,7.0,18.9,5.8,5.9,5.0,7.7,4.0,4.4,9.8,8.0,8.4,7.9,22.3,,4.7,6.4,6.1,8.2,4.8,7.7,5.3,3.6,-2.5,7.2,14.9,6.9,4.0,2.6,11.1,37.9,12.5,28.8,-12.1,5.1,4.2,-5.2,5.1,4.1,5.0,3.8,5.8,6.0,4.0,8.6,7.8,6.4,6.2,6.2,7.2,8.5,0.0,4.8,6.1,7.3,4.4,8.3,3.5,3.9,8.3,6.0,7.9,3.3,2.9,8.7,1.1,3.6,7.1,3.7,1.8,6.6,0.0,12.6,7.3,8.9
1977-10-01,14.4,6.7,3.8,2.5,12.5,2.3,6.5,1.7,6.7,5.5,-3.7,16.2,6.4,6.8,4.9,0.6,11.3,10.5,14.7,3.8,3.7,5.5,14.7,5.7,6.3,8.2,12.4,3.8,4.0,5.9,2.3,9.4,3.1,5.0,4.7,2.5,7.5,6.6,-9.9,5.9,5.7,5.3,6.6,2.3,4.3,8.4,7.1,7.4,7.1,9.5,,1.0,7.3,4.6,8.2,1.4,3.5,6.5,1.3,8.7,7.4,1.4,6.7,9.2,1.6,7.6,-3.2,5.9,34.2,-3.6,13.8,4.8,3.2,6.8,1.9,2.8,1.1,6.1,4.6,3.1,7.7,6.9,8.5,6.4,5.8,7.2,8.3,0.3,4.6,4.9,5.7,5.2,5.1,1.7,4.3,7.2,6.8,6.6,8.3,0.3,6.9,1.8,16.2,6.8,11.4,-1.1,6.0,-1.0,18.1,8.0,2.4
1978-01-01,12.5,8.6,6.7,4.4,-9.0,-2.2,7.3,0.7,5.8,5.9,4.6,8.8,5.1,4.8,5.4,24.0,23.8,16.5,23.8,10.7,11.1,7.4,41.9,7.0,7.4,-0.6,-0.1,3.4,3.7,6.0,-2.9,1.6,4.7,5.6,8.6,5.9,6.8,9.6,4.8,11.5,11.2,3.1,7.8,8.6,4.6,6.1,6.0,6.1,6.0,9.6,,6.5,10.0,9.6,8.5,6.1,2.6,7.6,0.0,2.1,8.6,2.2,8.1,8.0,6.4,4.0,19.0,2.1,-0.2,8.5,9.2,5.4,2.1,13.1,1.3,6.3,4.9,4.7,5.4,4.7,7.1,7.8,10.6,3.3,6.7,7.8,7.3,0.3,7.1,7.4,7.0,6.4,16.6,4.6,4.7,6.0,6.9,7.7,7.2,2.1,5.4,0.7,9.0,4.7,2.8,0.1,7.8,2.9,13.8,7.6,-4.4
1978-04-01,11.9,-0.9,6.4,5.4,9.5,5.6,8.4,3.1,6.1,6.2,10.4,7.5,12.2,12.6,5.6,33.9,19.0,14.1,15.0,18.9,20.6,10.6,47.6,10.9,11.0,7.7,3.1,7.9,5.9,8.8,5.8,-0.6,18.0,8.7,7.5,2.9,7.8,7.5,10.2,8.0,7.8,6.9,8.3,10.7,7.0,11.6,6.1,7.2,6.3,9.4,,5.3,9.1,8.0,9.8,5.6,3.4,7.4,2.2,-1.5,7.5,5.4,7.0,5.5,6.3,13.2,24.9,-8.7,-8.4,20.9,2.8,10.0,12.2,8.7,4.6,5.7,3.4,4.0,6.2,7.4,6.8,7.1,8.4,1.8,8.5,6.9,7.0,20.0,8.0,0.7,10.9,7.0,6.2,5.8,2.9,5.7,6.4,8.2,7.0,6.3,11.5,1.2,7.4,6.8,1.4,6.6,4.7,2.4,6.5,6.8,8.1
1978-07-01,14.4,1.5,5.9,6.6,5.1,0.3,7.6,5.1,7.6,6.6,6.9,6.8,0.9,3.1,12.3,23.8,15.1,3.9,12.5,8.7,9.0,11.7,20.4,11.4,11.7,8.3,1.8,6.0,6.2,7.4,-0.4,8.5,6.4,6.7,10.4,6.6,7.2,9.6,7.8,10.9,11.2,6.8,7.5,11.9,7.1,3.9,6.5,5.9,6.5,-7.0,,10.0,10.2,9.8,7.4,10.5,3.8,6.3,1.9,10.0,9.5,7.6,9.3,8.8,1.2,7.6,6.3,-3.5,-44.0,24.1,6.3,6.7,5.0,9.2,3.8,9.0,7.0,7.7,5.3,8.1,7.9,5.6,9.5,8.6,7.2,6.1,8.8,39.8,9.7,3.6,11.4,6.5,7.5,1.8,3.4,6.5,5.5,7.7,9.5,0.8,-0.9,1.3,6.8,4.4,14.8,1.5,7.3,2.8,8.5,9.2,-2.2
1978-10-01,14.7,-2.7,7.5,7.5,2.5,1.6,8.5,-0.1,8.6,7.2,4.9,0.5,4.3,7.8,2.7,-9.5,5.7,9.8,10.7,6.2,5.8,9.6,31.9,9.3,9.7,5.6,18.7,8.0,8.5,7.9,0.3,20.7,6.0,7.1,8.5,4.0,8.5,11.3,5.0,11.9,12.3,7.1,8.6,9.4,8.1,7.8,8.3,8.2,8.2,14.4,,10.1,8.3,10.4,6.9,9.2,3.9,7.3,-0.2,21.2,10.1,6.0,10.6,7.9,8.1,15.5,-6.9,5.5,87.2,3.4,9.2,7.0,2.6,9.8,7.6,8.3,15.0,5.6,6.6,5.5,10.5,12.1,9.4,5.6,7.8,7.3,10.5,0.3,8.4,0.0,9.3,7.4,7.0,4.0,7.4,8.6,6.3,8.4,7.0,4.5,2.6,-0.1,0.5,4.9,1.0,10.6,6.8,3.9,8.1,7.0,0.5
1979-01-01,12.5,-3.6,9.3,3.8,-8.5,0.8,10.5,-2.4,11.1,6.7,9.4,7.4,6.1,10.4,9.9,3.4,5.3,-14.5,5.9,16.0,16.7,11.1,50.0,10.9,11.0,9.2,20.9,6.4,5.3,9.3,-0.4,20.5,11.4,10.0,11.2,3.7,6.2,11.0,8.4,12.5,12.6,6.6,5.7,9.7,8.1,9.1,6.4,6.9,6.5,-32.3,,4.6,7.4,11.6,5.9,4.7,9.4,6.1,1.5,20.4,9.5,11.6,9.6,8.1,6.1,19.8,-0.4,5.7,-93.5,-0.7,9.2,11.6,10.5,12.1,6.3,4.9,9.9,7.9,5.2,6.9,8.8,4.9,11.7,7.7,7.8,6.8,9.3,0.2,8.8,-0.7,10.9,5.9,9.8,5.0,6.9,6.3,4.0,5.8,10.7,3.4,8.7,-2.7,7.3,5.1,8.1,4.4,6.0,2.6,1.8,1.0,-0.9
1979-04-01,12.3,12.4,7.8,5.8,11.0,3.9,13.0,-0.3,6.4,7.2,11.5,8.8,11.5,10.3,10.6,4.7,7.4,34.5,8.3,8.6,8.7,13.0,0.5,12.0,12.0,21.8,77.0,5.1,5.3,11.1,2.9,71.1,6.7,12.0,8.4,9.5,6.8,6.9,11.1,6.7,7.0,2.9,10.8,8.4,5.4,9.1,7.3,7.7,7.3,72.8,,7.7,11.4,7.7,8.4,7.5,5.6,8.3,1.8,69.8,10.6,9.0,10.6,9.3,2.3,8.4,-13.1,5.1,2910.6,9.5,9.4,14.3,11.2,5.6,8.6,7.3,11.2,5.2,8.4,8.1,7.2,5.4,10.4,6.3,11.4,6.4,8.0,0.3,8.4,11.1,11.9,8.1,6.9,6.1,5.6,7.4,4.1,10.8,9.2,6.9,14.2,-0.3,8.9,5.8,3.3,7.8,10.8,1.2,2.5,7.0,3.0
1979-07-01,12.6,24.2,6.6,5.5,0.5,0.9,13.8,0.4,7.0,4.7,10.4,8.6,13.2,18.0,18.9,16.4,10.4,5.8,8.6,3.8,3.5,9.9,-18.0,9.2,9.5,13.3,112.1,4.1,4.9,11.0,-0.7,83.8,6.2,10.8,12.2,14.7,9.9,9.6,8.6,9.9,9.6,1.9,9.6,8.8,4.9,15.9,10.1,11.3,10.2,1.4,,12.7,11.0,10.2,8.1,12.7,4.7,4.3,2.6,78.2,9.8,11.6,9.8,3.9,5.4,27.3,-39.6,34.4,59.7,-11.6,5.4,13.6,11.5,11.4,8.0,11.3,9.9,6.6,5.5,8.5,9.4,6.8,13.7,5.0,10.3,6.8,11.0,0.3,9.7,20.0,9.1,5.8,7.2,3.5,8.6,10.3,6.1,9.9,13.4,4.5,5.4,0.5,8.6,7.5,6.4,0.8,13.2,1.4,5.0,4.8,-2.9
1979-10-01,18.8,66.7,11.1,2.4,9.1,3.6,13.7,1.7,9.6,7.4,8.3,6.1,11.4,16.2,9.9,-2.0,6.1,0.3,8.9,7.4,6.9,10.1,9.1,9.4,10.2,13.0,44.8,7.2,7.8,10.2,2.8,37.7,6.2,10.1,12.2,19.1,11.4,11.7,3.5,13.9,14.7,7.2,10.0,8.0,8.7,14.2,11.8,12.3,12.0,-5.3,,23.9,13.9,13.0,7.5,25.0,11.8,3.6,3.8,36.2,8.5,20.6,8.3,5.8,6.5,25.3,15.2,7.6,-38.0,-8.9,5.2,11.3,14.5,9.8,6.9,19.3,6.4,8.1,3.0,7.3,8.6,5.8,9.7,7.6,10.0,8.0,9.2,0.3,8.7,45.6,9.4,4.3,10.9,4.6,6.6,11.8,7.5,10.0,12.6,5.8,4.2,1.9,6.1,7.0,4.9,5.0,20.1,3.0,3.5,0.6,1.6
1980-01-01,15.4,43.3,6.4,6.9,2.5,5.3,18.4,0.5,18.5,12.3,12.4,7.6,16.9,17.4,8.4,38.0,17.3,4.2,10.8,6.4,6.4,10.0,-9.0,9.9,10.3,17.9,41.6,11.1,12.7,13.1,4.6,70.0,17.6,15.1,13.9,13.1,7.9,15.0,10.5,15.8,16.7,4.2,10.5,8.8,10.7,16.2,6.7,8.6,6.8,-8.5,,41.7,15.2,15.7,11.1,41.9,11.6,6.5,5.1,76.1,11.1,14.5,11.0,10.6,8.4,17.6,4.5,9.7,-49.6,3.4,10.9,16.3,12.4,11.0,8.5,32.2,10.8,11.3,7.7,11.5,14.0,16.6,11.6,9.0,12.6,9.8,11.7,0.4,23.2,30.7,9.9,7.8,9.1,6.8,12.8,6.9,2.2,10.4,16.9,5.6,16.0,0.5,7.7,8.9,13.4,8.5,17.6,2.5,9.4,6.2,4.4
1980-04-01,11.5,20.6,10.3,15.2,18.9,3.5,13.6,-7.8,14.7,9.8,11.0,8.8,22.9,21.8,15.0,20.8,12.0,8.9,9.1,8.6,8.6,8.9,-28.4,8.8,9.0,6.7,32.8,9.6,11.1,9.8,3.0,20.7,10.4,10.1,11.8,15.2,8.3,11.6,10.2,10.3,10.3,5.9,10.1,10.0,12.0,19.7,8.1,10.5,8.4,5.4,,36.7,10.7,10.8,6.9,36.8,12.8,11.4,4.4,18.7,12.2,4.4,12.4,6.4,12.2,19.1,7.4,16.0,-3.2,-0.2,8.5,10.1,10.9,10.1,5.2,29.1,14.5,10.9,11.7,6.8,13.4,15.3,14.6,9.3,10.2,10.2,12.4,0.3,14.7,18.4,8.8,12.2,9.2,6.0,13.7,7.9,3.4,10.3,11.8,7.9,10.8,-8.8,8.8,10.8,6.2,8.1,14.5,2.1,8.0,17.9,1.0
1980-07-01,7.5,30.4,8.5,6.6,9.8,2.9,12.6,19.2,7.2,7.5,12.8,10.7,16.6,17.3,-5.0,30.8,12.2,11.6,6.1,15.7,16.6,8.3,51.0,8.1,8.1,8.1,7.6,8.0,8.2,9.7,2.0,-0.9,8.2,8.4,9.0,24.6,10.1,12.3,13.5,14.5,15.4,6.1,11.3,7.0,9.9,16.2,10.4,11.6,10.4,11.0,,10.9,9.4,13.7,6.6,11.2,6.2,8.2,3.7,-2.3,8.8,5.1,9.3,7.0,7.9,18.2,8.4,2.2,27.0,4.0,8.4,8.7,11.5,10.0,6.9,11.0,13.6,9.3,8.3,11.6,9.2,12.2,7.9,11.5,9.7,9.1,8.8,0.3,9.1,28.2,8.1,8.0,11.9,5.7,9.7,10.8,5.2,10.8,9.0,7.4,6.5,21.9,10.8,11.7,6.5,10.9,15.9,3.1,9.7,5.4,0.4
1980-10-01,8.4,29.7,5.8,4.6,7.7,4.8,11.5,5.5,8.6,7.0,12.8,10.9,10.2,9.8,6.4,0.9,3.3,22.0,4.5,13.8,15.0,10.0,8.9,9.4,9.3,8.5,5.9,6.3,5.3,9.4,4.6,4.7,12.0,8.4,12.7,9.4,11.2,13.0,14.1,15.6,17.0,4.8,12.0,6.4,9.8,9.3,12.2,11.6,12.3,45.7,,7.1,9.4,14.8,6.3,6.9,6.9,4.2,6.8,4.4,10.5,6.0,10.3,8.6,5.6,8.8,15.0,11.8,243.9,36.8,3.9,8.9,11.3,8.8,5.9,7.0,8.7,7.0,5.4,8.7,9.4,8.1,7.9,6.5,10.3,9.3,10.2,0.3,8.8,22.0,9.4,5.3,15.8,5.5,7.6,12.4,5.9,11.8,13.1,8.9,5.4,6.1,10.9,5.1,6.4,5.6,14.4,2.0,6.3,7.3,2.9
1981-01-01,12.4,32.1,8.6,7.8,9.0,2.9,11.7,9.2,8.2,5.2,11.1,13.3,15.6,15.0,6.7,25.3,10.7,11.8,4.9,5.3,5.0,11.1,-19.3,11.3,11.4,7.2,68.9,8.1,8.9,11.5,2.8,48.3,11.7,10.3,12.2,13.7,7.6,12.9,11.0,15.3,15.6,4.7,11.4,9.3,6.5,14.5,9.4,10.5,9.5,13.1,,-0.5,10.3,13.9,7.6,-1.1,11.3,8.0,4.3,45.1,9.4,4.8,10.0,4.5,7.6,13.7,17.1,7.8,19.4,22.2,0.8,12.4,10.7,13.4,3.3,2.1,14.1,8.9,8.0,10.4,9.7,6.4,11.0,9.5,10.8,11.8,11.3,9.2,12.8,25.5,11.3,8.5,11.0,4.2,10.1,9.4,5.3,11.2,11.4,3.7,6.2,9.1,13.4,7.7,9.3,5.0,15.3,2.0,11.8,6.4,1.4
1981-04-01,12.5,1.7,4.6,3.1,9.3,3.5,7.6,11.6,8.9,7.8,9.7,9.9,14.1,15.0,15.3,3.2,2.6,-1.0,2.2,1.0,0.5,7.6,0.9,7.8,8.2,3.3,25.2,7.5,5.8,7.6,3.1,4.5,13.7,5.1,9.7,15.0,9.2,8.9,10.6,7.8,7.6,6.8,8.2,11.9,7.1,15.0,9.4,10.6,9.6,-4.4,,-1.7,11.4,8.0,5.0,-1.8,14.5,1.5,4.3,1.5,7.3,5.0,6.9,11.9,6.3,17.1,15.2,11.3,-32.0,18.3,12.7,4.0,9.4,8.9,5.2,1.3,4.0,9.6,3.1,10.9,10.4,10.1,10.1,12.9,6.9,12.6,11.1,86.9,18.6,6.4,7.8,3.1,6.8,4.6,6.9,9.7,1.4,8.4,5.9,4.4,9.7,4.3,9.8,8.8,8.8,8.1,6.7,2.1,14.6,1.9,1.8
1981-07-01,13.6,3.1,6.0,2.8,7.1,3.2,7.6,16.0,17.6,6.0,13.0,14.1,20.2,16.6,-4.5,28.6,10.7,-3.8,3.4,5.4,5.3,6.5,8.1,6.6,7.2,3.4,-3.1,7.0,7.8,8.1,3.1,-5.6,3.2,4.0,9.4,36.1,8.3,14.0,13.2,14.8,16.1,8.8,9.5,7.6,7.3,17.5,10.6,12.1,10.8,-17.4,,-0.1,13.2,14.0,6.4,-0.6,4.0,3.8,5.0,-6.0,8.1,5.2,7.9,9.0,6.8,9.9,25.8,1.7,-75.3,24.8,6.6,3.2,16.3,8.0,3.8,2.3,6.2,6.6,3.5,11.0,12.9,12.2,9.8,5.7,6.8,12.5,11.7,0.2,13.3,14.4,6.6,4.3,5.3,1.7,5.9,10.9,0.9,9.1,6.9,4.0,0.6,18.3,14.2,6.0,6.4,5.2,10.1,0.2,23.1,-0.3,1.6
1981-10-01,10.0,-7.4,2.1,6.3,1.3,0.6,5.6,18.0,5.2,5.3,13.2,21.2,9.1,11.2,-4.2,-14.4,-4.5,-1.0,-0.2,0.6,0.5,5.5,-17.3,5.1,5.5,3.0,-7.3,5.4,5.8,6.8,-0.3,2.9,4.4,3.4,10.7,13.3,9.3,14.1,16.7,17.1,19.2,3.4,9.1,9.8,7.4,11.1,10.4,10.5,10.6,2.9,,0.3,4.2,15.7,6.0,0.4,3.7,6.9,3.4,4.6,8.9,4.2,8.5,6.3,5.4,16.5,23.9,37.2,-42.1,15.2,4.9,2.7,10.9,6.0,4.5,3.6,6.0,7.9,8.1,11.7,9.9,6.6,7.5,6.4,6.3,9.2,12.5,27.9,9.9,0.0,5.1,6.8,13.6,4.4,5.7,10.7,-0.2,8.6,5.9,6.2,6.6,16.7,21.0,7.4,10.8,10.3,5.5,0.7,10.1,5.0,-2.8
1982-01-01,12.0,-8.3,5.9,4.6,-3.0,0.8,2.6,7.1,6.8,3.4,11.4,11.1,14.0,16.2,-9.0,11.1,-5.2,10.0,-11.5,4.1,3.8,4.2,3.0,4.5,5.1,-1.2,-5.6,5.9,4.7,4.8,1.0,-8.9,5.2,2.3,7.2,4.7,8.3,11.2,14.5,14.4,15.5,7.9,8.1,5.8,7.7,15.2,7.4,9.0,7.9,29.1,,-2.9,8.5,12.7,5.1,-2.4,7.6,6.6,1.5,-9.4,6.5,3.2,6.7,2.6,4.7,21.7,32.3,8.1,131.8,8.3,1.1,1.9,10.4,8.4,0.4,0.5,8.0,7.5,6.1,6.1,6.8,5.2,6.4,8.8,5.2,9.2,7.3,12.6,7.4,-3.6,4.5,5.7,21.5,3.0,4.6,7.0,-8.2,7.5,2.8,-0.2,4.8,6.3,11.1,6.7,8.2,10.8,2.9,-0.4,9.4,3.8,1.0
1982-04-01,11.0,4.7,3.4,5.1,9.9,2.8,2.1,8.9,7.8,3.1,9.9,10.9,4.3,10.8,-7.9,23.2,7.3,9.1,0.8,3.7,3.6,4.6,29.3,4.6,5.2,-14.1,-3.6,5.7,5.2,4.1,3.1,-20.0,6.0,0.9,4.2,3.7,6.6,8.1,12.2,8.6,8.9,7.0,6.9,4.9,4.6,11.1,5.7,6.8,5.6,10.8,,-8.5,9.0,8.2,5.3,-8.6,9.8,4.4,4.0,-22.3,7.8,3.2,8.6,4.2,5.3,24.6,19.0,1.9,11.3,7.9,3.6,0.0,10.0,6.5,1.8,-3.4,14.9,7.9,4.0,6.0,7.4,5.0,4.6,9.9,3.9,12.6,8.0,0.3,16.3,4.2,4.6,4.5,8.4,1.7,3.6,6.6,-5.6,6.4,2.8,2.7,5.2,10.2,10.9,7.4,10.6,4.9,7.0,-1.7,13.1,5.9,1.9
1982-07-01,8.6,7.7,3.9,5.7,6.6,0.8,4.8,5.5,5.5,1.4,10.1,9.9,1.8,6.6,-3.2,20.6,11.5,17.7,7.2,1.6,1.2,5.7,14.1,5.8,6.0,-16.1,7.0,0.8,0.6,6.8,0.6,17.8,-3.5,4.2,8.8,4.2,7.6,11.5,11.0,14.0,14.9,3.5,8.7,3.2,5.4,7.1,8.2,7.9,8.6,24.6,,0.2,8.3,12.6,9.1,0.1,8.4,7.5,2.3,19.5,6.7,-4.2,6.9,2.6,5.9,16.0,16.5,6.4,92.4,6.4,3.9,5.3,11.3,9.2,2.0,2.4,8.5,6.9,5.8,4.3,7.7,6.1,5.1,6.9,6.5,9.6,8.9,0.3,10.7,6.2,5.8,6.8,2.0,-0.3,5.1,7.6,-1.3,8.3,6.0,2.9,0.4,6.2,9.9,5.7,9.2,4.3,6.7,-2.6,10.1,5.7,-1.0
1982-10-01,3.5,-14.6,1.8,4.4,2.4,-1.5,2.3,5.2,3.9,1.2,9.9,11.8,8.2,18.5,-8.6,13.2,10.9,14.8,9.3,-1.9,-2.3,4.2,-22.6,4.4,4.3,-0.6,-3.8,2.9,2.0,4.4,-1.2,-6.0,3.4,0.5,5.8,4.8,7.2,9.5,12.3,11.5,12.2,4.2,8.2,2.4,4.4,16.7,7.6,9.5,7.9,19.5,,0.7,2.4,10.5,7.5,0.8,7.1,5.3,1.2,-6.3,3.8,-2.0,4.0,0.3,0.1,39.3,5.0,13.7,77.2,6.4,-0.4,0.2,9.2,7.5,-3.0,2.8,6.0,10.0,5.2,6.6,6.5,5.0,4.0,4.5,4.5,10.0,7.9,0.3,13.6,-7.6,4.4,4.9,12.6,-0.5,2.0,7.2,0.3,7.6,2.5,2.2,-1.9,5.9,11.9,4.6,42.3,4.2,-0.2,-3.8,6.5,5.5,-3.0
1983-01-01,1.0,-19.4,4.6,2.6,6.5,2.3,0.6,10.6,6.4,2.9,7.6,10.1,0.7,7.5,-13.1,-14.2,4.4,9.3,15.1,0.1,-0.5,4.1,-2.6,4.2,3.9,-0.8,-21.7,2.4,2.2,2.4,2.4,-20.5,3.0,0.0,4.6,5.5,6.6,10.3,9.4,11.8,13.1,2.7,6.6,2.7,5.5,7.8,5.5,6.1,5.2,16.1,,3.3,3.6,10.5,7.7,3.3,5.7,5.4,2.8,-20.3,3.7,-1.6,3.7,5.2,-0.2,19.9,22.9,13.6,24.1,22.9,3.5,-1.1,8.1,4.1,2.2,4.4,3.7,8.9,3.6,6.9,8.2,9.7,4.2,6.5,3.3,8.0,8.3,0.2,12.3,-10.5,4.2,3.9,11.2,-1.7,0.2,6.6,3.8,5.9,0.6,0.9,1.8,12.0,10.0,4.7,29.3,1.9,-1.4,-6.6,10.0,2.3,1.7
1983-04-01,4.2,32.0,5.8,4.4,4.1,2.6,3.1,2.3,7.1,1.5,8.5,10.3,0.9,4.5,-0.2,3.5,6.6,-11.2,7.8,4.6,4.5,4.1,-6.9,4.1,4.1,0.5,-11.6,2.2,3.2,4.8,3.2,11.3,1.5,4.0,5.0,5.4,5.1,6.5,9.9,6.5,6.9,0.7,3.6,3.0,2.6,4.7,5.6,5.4,5.9,-31.1,,3.0,5.4,6.5,8.3,3.2,4.0,5.0,2.7,15.0,3.4,-6.7,3.7,2.2,1.3,10.4,19.9,4.2,-93.3,13.7,2.3,5.1,8.9,4.3,0.1,4.3,5.7,4.0,3.2,4.8,6.4,4.1,4.1,4.6,3.7,9.5,7.0,0.2,10.8,21.1,4.1,4.6,2.9,-2.3,1.0,5.1,1.9,3.5,1.9,0.5,1.7,2.5,10.2,5.5,4.6,0.9,9.4,-5.8,5.5,3.4,3.4
1983-07-01,7.8,26.2,3.2,-2.1,3.6,3.4,2.4,2.5,10.6,2.2,5.9,8.6,0.5,0.6,-8.4,6.2,5.7,33.8,5.4,0.8,0.5,2.7,-17.8,2.4,2.9,-0.4,7.3,1.9,1.2,3.8,4.3,6.7,5.4,2.8,4.8,5.4,4.8,9.0,9.5,10.4,11.2,2.3,7.9,3.1,0.1,1.6,4.3,3.7,4.1,89.8,,5.3,5.9,9.0,6.7,4.9,1.7,1.5,1.5,6.6,2.8,-3.8,2.7,3.8,-0.5,0.5,24.7,4.1,1842.8,18.4,2.9,3.0,-0.2,5.9,-0.4,5.2,1.9,4.3,1.2,4.6,7.1,4.5,5.2,4.5,5.4,6.3,7.0,0.3,10.6,18.0,2.4,0.9,3.5,-2.3,0.8,4.8,0.6,7.3,3.8,-0.8,3.0,2.7,8.6,3.6,16.8,-1.6,7.8,-5.7,8.5,-3.5,6.1
1983-10-01,11.1,5.3,1.6,6.8,3.9,-1.9,2.4,0.8,8.5,2.5,9.6,6.9,13.8,7.7,-8.6,-3.5,0.8,-4.1,2.5,1.5,1.5,4.6,8.5,4.8,5.4,-0.5,-7.2,1.6,2.7,3.6,-2.2,-7.4,-5.5,0.6,4.8,2.6,4.7,8.5,9.3,9.3,10.1,2.9,4.6,4.3,1.8,7.9,4.2,5.1,4.1,-10.6,,-0.4,6.2,9.1,5.9,-0.1,4.3,6.2,-1.0,-7.4,4.1,0.5,4.0,4.9,-2.1,-2.8,24.6,20.4,-63.1,14.8,3.9,-0.2,15.5,4.7,-0.6,1.2,3.3,3.1,5.9,4.7,7.4,5.7,4.9,2.5,2.7,6.6,7.8,0.3,9.2,4.3,4.8,5.8,7.6,-0.4,2.0,4.8,0.6,4.2,3.6,0.0,2.1,0.9,6.8,3.6,3.4,5.4,4.1,-3.0,9.5,8.6,-3.4
1984-01-01,7.1,11.1,0.5,4.8,-1.1,0.7,5.1,20.0,8.4,0.1,9.5,8.6,3.2,1.5,-1.9,1.7,-0.5,-0.3,-1.4,8.2,9.4,4.8,27.3,5.0,5.2,2.2,21.5,0.1,-1.8,5.5,0.5,2.0,6.4,3.3,5.5,14.2,5.5,7.9,11.1,7.9,8.3,1.0,5.5,4.6,2.2,2.2,5.0,4.3,4.9,-0.4,,0.5,6.1,7.8,5.1,0.5,3.1,3.4,2.8,-0.6,2.7,-10.5,3.6,0.5,1.5,-1.1,25.7,6.0,-51.7,3.3,2.7,4.7,8.5,5.6,1.6,1.9,9.9,4.0,3.2,10.0,7.8,6.3,5.0,2.8,4.4,7.9,8.1,0.3,9.5,12.1,5.1,4.1,-6.5,-1.5,0.7,5.5,1.1,5.2,4.5,-0.3,4.1,22.8,8.5,3.3,7.5,-1.2,6.4,-3.1,5.9,1.0,-0.7
1984-04-01,8.4,-4.8,1.7,4.9,-3.1,-2.2,2.6,2.7,6.8,2.5,8.9,8.7,7.4,4.7,-0.3,0.3,1.7,16.3,2.3,-0.1,-0.4,4.2,-1.8,4.3,4.7,-4.3,2.0,2.1,5.9,3.6,-3.0,-0.6,-1.7,1.0,5.3,1.8,7.2,6.7,11.1,7.5,7.8,-2.1,6.4,2.1,3.0,4.8,6.6,6.2,6.4,38.6,,1.9,6.1,7.1,6.3,1.7,3.0,5.8,-1.9,-1.0,3.0,0.3,3.0,4.2,3.8,0.3,18.6,-12.0,285.0,15.3,2.7,0.3,7.9,5.6,1.1,3.1,3.5,3.3,4.9,3.4,5.8,3.6,4.8,2.2,3.9,8.5,6.3,0.3,6.1,-2.5,4.3,5.1,3.1,-1.0,0.9,7.2,2.0,6.2,2.3,0.3,7.0,3.0,8.7,4.6,1.9,-4.7,1.1,-5.4,5.5,4.7,-3.5
1984-07-01,4.0,-24.8,2.2,4.1,4.9,3.4,1.8,3.2,7.1,0.8,8.1,7.9,11.8,9.3,-5.6,-2.9,3.1,11.0,5.9,2.5,2.6,3.6,-3.8,3.9,3.9,-18.6,-6.6,0.0,2.3,3.1,3.8,-11.5,-4.0,0.9,3.6,5.2,5.9,5.9,9.5,6.7,7.4,-3.3,5.2,3.2,3.0,8.8,6.0,6.6,6.2,21.2,,-3.0,4.5,6.5,6.8,-2.3,2.9,6.1,5.4,-12.2,3.1,-2.5,3.6,3.1,-1.8,4.9,10.5,9.1,74.2,8.9,2.9,0.9,8.9,3.1,1.7,-0.4,6.8,4.4,3.5,1.1,4.7,1.2,5.1,4.1,3.1,6.4,5.2,0.3,5.2,-15.3,3.9,4.7,5.9,-2.3,2.7,5.9,0.9,4.8,2.7,0.1,0.5,3.6,7.9,3.3,9.3,1.5,-3.2,-5.8,6.3,2.9,2.7
1984-10-01,5.5,11.0,2.1,3.6,6.1,2.2,1.8,3.3,8.2,0.7,8.1,6.8,1.9,2.1,-6.1,-0.4,6.6,-0.6,9.8,0.4,0.1,2.9,2.9,3.1,3.4,-14.2,-13.3,2.3,5.0,3.3,2.6,1.3,-2.8,1.2,3.6,2.5,5.9,6.4,9.9,7.2,7.8,-1.5,3.7,3.0,2.5,2.5,4.9,4.3,4.6,-8.7,,-2.5,3.2,6.8,8.2,-3.7,3.9,4.6,1.3,3.5,3.2,-0.7,3.3,0.8,-1.2,2.7,2.3,-0.3,-44.1,-3.2,2.2,1.5,7.8,4.4,0.2,-0.3,3.9,2.7,4.9,1.8,5.4,3.5,4.5,2.8,2.5,7.4,5.3,0.3,4.6,8.0,3.1,4.1,7.3,-0.8,1.1,6.0,-1.6,3.4,2.4,1.5,3.3,3.7,6.8,4.0,1.1,4.2,4.8,-4.6,4.6,3.6,3.1
1985-01-01,6.4,8.8,2.0,6.9,8.0,3.6,1.3,1.3,5.9,2.1,7.2,9.3,2.6,0.8,-1.1,22.0,29.8,23.2,33.1,2.6,2.7,4.1,-1.0,4.0,4.3,-3.7,-9.4,0.9,-0.5,3.6,4.0,-0.4,4.4,2.6,4.0,4.1,6.6,6.2,8.7,5.4,5.9,-2.3,6.7,4.5,4.9,1.9,5.7,4.9,5.5,15.3,,-1.6,4.2,5.6,10.5,-0.5,3.2,4.5,2.1,1.0,2.1,2.3,2.7,3.8,-3.1,-2.6,-0.9,3.8,65.9,-0.3,5.2,2.8,7.5,2.9,2.0,1.0,6.6,4.5,3.5,3.0,7.4,15.7,4.5,2.1,4.8,7.2,4.9,18.9,7.0,7.2,4.0,4.9,11.1,0.3,1.5,6.7,-2.3,6.5,0.4,-3.4,3.3,-0.8,9.4,4.4,10.2,12.7,4.2,-1.5,8.6,5.5,4.7
1985-04-01,11.2,-4.5,0.6,4.3,1.5,1.6,2.3,5.7,5.4,0.9,7.2,8.3,3.8,2.2,-3.2,-2.1,2.3,-2.4,4.2,-0.7,-0.8,4.7,-21.2,4.9,5.5,8.2,8.5,2.6,4.8,3.6,1.8,10.8,4.3,2.0,4.2,1.2,7.2,6.3,8.1,6.7,7.1,-2.6,4.5,4.4,1.9,2.6,6.7,5.8,6.6,-8.4,,2.5,6.4,6.5,10.4,2.5,4.4,4.6,2.7,11.2,1.5,-0.8,1.4,1.5,2.7,-0.9,-2.6,17.0,-44.1,-2.9,3.1,2.5,8.3,4.3,0.6,3.5,1.3,3.6,3.4,6.0,5.8,4.5,4.2,2.7,3.3,7.6,6.4,22.5,7.2,-2.5,4.9,4.3,7.1,-3.8,1.3,7.2,-1.3,4.2,4.0,-4.1,0.9,3.7,8.2,4.4,1.9,-1.6,0.2,-7.7,4.9,2.1,1.3
1985-07-01,7.2,-4.6,2.7,3.2,1.3,1.1,1.8,7.1,5.4,-0.7,7.0,8.6,-2.0,-2.3,1.6,-1.9,5.5,10.0,8.8,-0.1,-0.4,3.6,-24.5,3.8,4.1,12.0,-4.9,-3.0,-4.0,2.6,1.6,-3.1,-1.5,0.3,3.8,8.2,6.4,5.2,8.4,4.2,4.1,-2.1,5.4,4.0,0.6,-0.8,6.7,5.1,7.0,16.6,,-0.8,5.7,4.4,9.7,-2.1,1.5,3.2,2.4,-2.8,2.9,0.6,2.9,1.4,-0.1,-3.0,-12.8,11.2,124.6,-3.9,2.8,0.8,7.3,4.6,-1.1,0.9,3.1,4.2,2.9,6.2,6.7,5.5,4.2,4.3,3.2,6.8,7.5,0.3,4.7,-0.3,3.8,3.1,6.8,-3.4,1.0,6.3,-1.5,5.3,2.3,-1.3,3.0,8.0,8.6,3.1,8.9,-1.4,1.9,-8.3,7.4,3.0,1.2
1985-10-01,5.5,-9.4,9.0,3.3,7.3,1.9,3.7,2.0,5.0,1.0,7.5,10.2,4.7,0.0,6.3,7.9,4.9,-8.5,3.8,3.4,2.5,2.9,33.4,4.2,4.4,12.5,17.9,3.6,7.2,3.9,2.4,1.7,-1.5,2.5,4.8,4.5,7.5,5.2,9.8,3.7,3.7,-1.0,3.0,3.0,3.9,0.5,6.1,4.9,5.7,-25.3,,-3.7,4.8,4.3,11.4,-2.5,4.8,3.7,2.2,-0.3,4.5,-1.8,4.9,1.9,1.6,-8.9,-16.3,6.5,-75.3,0.3,3.0,3.2,4.5,4.0,-0.2,-0.4,7.2,4.6,4.6,4.9,7.1,9.5,3.7,2.4,2.8,5.1,6.8,0.3,4.2,-4.8,4.3,3.7,-0.2,-3.2,3.2,7.5,-3.0,3.1,3.1,0.2,6.1,2.2,10.2,3.7,4.9,0.2,1.8,-7.9,3.1,3.9,2.1
1986-01-01,-1.6,-23.2,2.0,6.3,11.5,-2.9,3.0,2.4,5.6,0.1,7.0,7.3,4.8,2.1,-7.4,19.7,14.4,17.8,12.4,2.4,2.6,3.4,-14.5,3.7,3.2,12.9,-32.7,-0.3,-2.2,2.0,-3.1,-23.2,9.9,-1.3,3.3,15.2,5.2,6.5,7.5,6.6,7.3,-1.4,6.4,2.5,2.5,2.9,6.1,5.5,6.7,23.1,,-0.8,-0.5,6.6,10.2,-1.1,2.1,7.5,-1.0,-21.8,2.6,2.8,3.5,1.8,0.4,-3.5,-9.4,16.5,198.3,-6.1,3.6,-2.0,8.6,2.9,-1.9,0.9,9.5,5.0,5.1,5.7,6.3,5.9,4.8,5.3,2.9,7.3,6.7,0.4,4.4,-11.4,3.7,5.9,7.2,-3.5,-0.5,5.1,-2.8,6.0,2.7,-1.2,-1.1,2.7,7.3,3.2,10.8,-1.9,-1.4,-6.8,7.4,8.1,-5.3
1986-04-01,3.5,-5.4,1.1,3.7,7.2,-3.7,-1.7,5.4,6.4,1.9,6.1,7.6,-2.7,-2.5,-9.8,4.0,-5.1,-4.3,-9.1,1.2,1.2,4.9,-2.0,4.7,4.6,9.4,-51.7,1.9,3.5,-2.1,-4.1,-54.6,0.5,-5.6,1.7,4.6,7.8,6.3,7.6,5.6,6.2,1.6,3.9,1.7,-1.8,-1.0,6.5,4.9,6.1,-3.2,,2.4,2.7,5.4,4.1,2.8,3.0,4.1,-2.1,-54.9,2.6,-2.1,4.0,3.7,-0.1,-2.2,-13.7,7.2,1.3,-4.4,6.8,-9.2,8.0,2.0,-2.0,4.0,13.2,2.4,2.3,5.7,7.2,5.4,2.3,2.1,-0.4,6.4,8.1,0.4,8.0,-2.0,4.7,2.6,4.9,-3.3,1.7,7.7,-2.0,3.4,2.1,-4.1,-4.7,6.1,7.5,6.6,2.6,-6.3,2.1,-4.0,6.3,6.9,-6.1
1986-07-01,6.5,-13.5,0.8,1.5,-10.9,2.8,2.7,-0.4,5.3,3.4,6.5,7.9,3.6,0.2,-3.7,-2.4,-10.6,-7.0,-14.4,6.3,7.0,3.6,58.4,3.7,4.0,5.6,-29.8,2.0,1.3,2.4,2.9,-24.2,6.4,1.9,3.5,4.1,4.7,5.7,7.0,5.8,6.7,2.3,2.5,2.4,3.7,0.9,4.0,3.4,3.8,-1.2,,9.1,5.0,5.8,8.0,7.6,0.8,4.3,1.2,-23.4,2.9,-1.0,3.7,5.9,-3.2,-7.0,-18.9,7.6,14.3,8.7,6.4,1.0,8.1,1.3,2.4,7.1,8.2,4.2,2.8,4.0,5.5,1.2,3.4,0.4,2.1,6.0,7.3,0.5,9.1,-7.8,3.8,3.0,4.1,-2.5,0.8,4.7,-3.2,2.3,2.2,4.5,-2.1,-0.5,7.9,2.5,10.8,-1.1,0.0,-5.7,4.1,3.1,5.3
1986-10-01,9.0,13.7,0.9,3.0,1.8,1.2,3.1,-1.6,5.2,2.3,7.4,7.1,-9.6,-9.4,-2.3,-0.8,-2.0,-1.9,-2.6,2.6,2.9,3.9,-2.0,3.6,4.2,1.3,-1.4,1.4,3.7,2.7,1.2,-9.0,-5.4,1.4,4.7,0.5,4.8,6.9,8.2,7.2,7.8,-1.6,3.4,2.0,1.0,-6.5,4.8,2.4,4.8,-1.9,,3.7,5.4,6.9,7.4,4.8,3.3,4.0,1.3,-10.1,4.1,-2.5,5.0,4.1,3.9,-8.9,-18.1,3.6,9.2,10.5,3.8,0.9,8.3,3.6,1.2,4.2,10.0,2.2,2.7,3.2,6.4,1.0,2.7,1.3,2.4,4.1,9.0,0.4,8.1,9.0,3.6,3.3,1.1,-1.7,2.1,4.8,-0.8,3.2,4.5,0.2,-2.0,-1.9,7.2,3.6,1.5,5.8,6.2,-2.7,7.3,2.9,1.1
1987-01-01,6.7,6.3,3.5,6.5,-2.9,5.1,4.6,-6.6,7.4,3.4,7.2,8.5,2.5,0.4,-0.6,-12.7,-16.2,-13.7,-18.1,3.9,4.0,4.3,-1.9,4.1,4.4,-13.4,37.0,2.1,-1.3,4.6,5.7,52.2,16.6,7.1,4.2,5.5,4.4,5.9,7.9,5.9,5.7,4.6,1.7,2.1,5.4,1.3,4.1,3.6,4.1,-9.4,,13.5,6.6,5.6,7.9,7.5,3.2,3.3,3.8,54.4,4.3,5.1,4.8,2.7,-0.9,-4.3,-34.5,0.2,4.5,11.8,0.2,9.2,7.5,6.7,2.4,10.3,7.6,5.9,2.3,-0.3,6.0,3.9,3.9,2.7,3.8,6.5,6.5,0.3,8.6,6.0,4.1,4.4,2.3,2.6,4.5,4.4,-0.4,1.6,2.5,0.7,3.1,-7.5,8.5,6.3,11.7,-3.0,5.2,3.1,5.3,2.5,7.6
1987-04-01,5.8,-0.4,0.9,4.8,7.6,4.5,5.2,-1.1,9.2,3.2,7.7,7.5,0.1,0.1,-2.5,0.7,-2.2,0.5,-3.9,3.2,3.5,3.0,29.6,3.1,3.4,-0.6,11.2,1.4,3.6,4.3,4.2,9.6,-5.6,4.0,4.8,1.8,3.2,7.1,8.5,7.4,7.9,0.6,4.0,3.0,3.1,1.3,5.1,4.3,5.8,4.9,0.0,3.2,4.6,7.0,7.6,8.1,3.9,4.8,4.1,9.3,3.8,-0.7,3.6,7.1,7.3,-0.1,3.0,6.1,3.9,36.8,2.2,4.5,7.7,4.8,6.0,5.2,2.8,4.2,3.2,2.7,6.7,4.0,5.0,2.1,3.9,5.7,7.1,0.2,4.7,0.3,3.1,4.6,1.0,-3.2,5.7,3.1,4.1,3.8,2.4,1.1,2.2,-1.2,7.6,6.8,4.0,-0.1,2.6,-7.4,7.0,3.1,3.8
1987-07-01,6.4,23.7,2.1,2.7,-10.0,0.5,5.3,-1.0,6.9,2.9,6.3,6.6,6.9,4.0,2.1,-4.9,-2.8,1.6,-1.7,1.4,1.3,3.7,-1.0,4.0,4.2,0.3,17.9,1.6,2.6,3.9,0.9,18.5,-0.6,3.5,5.7,0.8,4.6,6.7,6.0,7.0,7.4,-1.1,4.1,1.7,1.2,4.2,3.3,3.5,2.8,9.3,0.0,11.0,4.0,6.7,6.9,7.2,1.5,5.6,1.4,18.6,2.5,2.2,2.5,5.7,-1.6,-2.9,9.5,14.4,12.3,16.3,3.6,3.9,7.9,4.7,-1.1,8.2,2.8,4.0,2.5,2.7,6.4,3.1,3.2,3.1,3.8,6.9,7.5,0.2,4.6,15.6,4.0,4.1,1.1,-4.1,-0.4,4.7,3.5,4.1,6.1,1.3,-0.2,-1.2,6.6,4.2,10.7,4.7,6.3,-8.0,5.1,0.4,1.5
1987-10-01,1.1,13.2,2.6,3.0,24.2,6.0,5.3,-0.8,5.0,1.6,6.8,7.2,-2.5,-3.3,-0.4,-4.6,4.7,4.1,10.3,1.1,0.9,3.5,-13.2,3.5,3.2,3.0,7.4,-0.7,1.4,3.4,6.2,1.3,-0.5,2.2,5.1,2.2,4.4,6.3,5.3,6.8,7.2,-6.7,4.6,1.4,0.6,-1.6,5.7,4.2,6.1,3.1,0.0,4.0,1.4,6.7,6.0,12.5,3.2,4.6,1.3,0.6,4.7,2.8,4.8,2.2,5.8,-5.1,14.1,9.5,-14.3,2.2,2.0,2.5,11.5,4.7,4.9,5.1,5.3,2.6,4.5,3.8,5.6,5.2,4.5,1.1,3.5,6.0,5.9,0.1,3.3,9.4,3.5,3.8,3.6,1.3,2.3,4.4,9.2,4.4,8.7,10.6,4.7,-0.9,7.2,1.9,3.6,-0.9,6.2,-3.1,5.8,0.1,7.7
1988-01-01,12.7,2.2,2.1,3.7,-9.5,-0.4,6.0,-1.9,8.4,-0.7,8.2,7.9,0.3,-0.9,-0.6,17.4,1.5,5.8,-6.3,2.4,2.4,3.7,9.9,4.2,5.1,16.3,-10.0,1.6,0.9,2.8,-1.2,-8.6,4.1,0.6,6.2,5.1,4.7,8.2,9.2,8.7,9.6,2.3,5.2,1.5,2.4,0.3,5.1,4.2,5.1,12.7,4.3,6.1,7.6,8.3,5.4,16.1,2.6,2.9,3.4,-8.4,4.1,2.0,3.2,-4.3,4.8,-3.8,18.6,5.5,16.8,-15.7,-1.9,1.3,7.5,3.9,3.4,7.3,-2.4,5.6,2.7,4.4,7.6,6.9,3.8,5.3,3.2,4.6,7.6,0.1,4.5,3.1,4.2,3.1,4.6,-0.2,4.2,4.7,13.2,5.0,4.3,0.2,2.6,-2.1,7.8,4.4,16.3,0.5,3.1,-2.1,5.3,0.4,-3.0
1988-04-01,6.6,5.7,3.6,4.6,15.0,7.9,6.2,5.9,6.3,2.2,8.0,6.7,0.4,1.5,-2.2,-0.1,2.3,6.2,3.6,3.3,3.3,4.4,3.4,4.7,4.9,6.4,3.0,3.6,4.4,4.3,8.6,-0.9,2.5,3.4,6.6,5.3,3.2,9.1,8.5,10.2,11.3,3.9,5.5,10.0,4.3,2.5,3.4,3.2,3.4,12.1,1.0,3.2,4.2,9.4,5.9,11.0,5.3,2.9,4.4,-1.4,5.0,1.4,4.8,1.7,8.5,4.2,23.7,0.1,8.3,-0.8,2.3,4.1,8.4,4.5,4.7,5.5,4.0,4.5,3.9,6.1,7.8,9.5,4.4,2.1,4.5,6.2,7.5,59.7,3.8,5.6,4.7,3.8,3.0,0.0,4.7,3.3,8.8,5.2,4.7,5.0,4.3,0.1,6.8,6.5,3.6,-2.0,5.0,-3.6,6.4,4.8,10.6
1988-07-01,-1.1,6.4,2.4,3.4,2.1,0.6,5.8,-2.7,5.9,2.9,7.4,5.9,3.9,4.1,-3.1,-4.0,5.0,10.2,10.1,7.9,8.8,4.8,-8.7,4.9,4.2,1.5,-8.1,0.8,1.5,4.5,-0.2,5.3,-1.6,4.5,6.1,7.2,3.8,8.5,8.0,10.3,10.7,1.0,5.7,2.2,2.6,4.7,4.3,4.4,4.5,17.7,1.9,4.2,1.1,9.0,5.6,23.7,2.8,2.8,3.7,7.2,3.4,-0.4,4.3,5.2,4.7,4.8,25.4,8.9,29.8,11.8,4.5,5.4,7.3,8.3,4.8,7.0,10.2,5.4,1.4,3.4,6.3,3.1,4.2,1.1,5.0,6.3,7.7,0.4,4.9,6.6,4.9,3.2,2.9,-1.6,6.5,3.8,9.6,5.4,5.8,-2.7,3.9,-3.1,6.0,3.7,14.8,-1.0,5.0,-3.8,7.0,-0.7,-2.7
1988-10-01,5.2,3.7,1.2,14.3,-1.3,5.4,4.5,1.4,5.4,3.0,6.5,6.2,5.8,5.6,-3.6,-1.5,-3.5,3.3,-4.5,3.2,3.4,3.8,15.4,3.7,3.9,5.1,-13.8,1.8,1.8,3.8,4.0,-5.9,0.4,3.0,6.0,1.9,3.6,8.3,6.6,10.5,10.7,3.4,5.1,1.7,4.0,5.7,4.0,4.3,4.0,13.1,-2.7,8.0,1.5,9.0,4.4,17.8,4.1,3.5,7.3,-4.9,3.0,1.6,3.4,3.0,0.5,5.0,25.3,2.2,12.6,5.4,2.5,3.0,8.1,9.2,12.3,7.9,6.6,4.8,5.0,4.9,5.7,3.9,6.2,9.1,4.1,6.5,6.4,0.5,4.1,3.1,3.7,7.0,3.6,1.6,2.6,3.6,8.5,4.9,7.0,12.5,4.3,1.6,6.1,3.0,3.3,0.9,3.3,-2.7,6.0,4.4,2.5
1989-01-01,3.8,30.3,2.4,5.4,5.2,-0.4,3.6,-0.9,7.3,2.0,7.6,4.3,-0.7,0.3,-5.9,15.7,-1.6,3.1,-10.0,5.9,6.4,4.9,11.9,4.8,4.7,-3.1,26.0,-1.8,-2.5,3.9,-0.5,11.9,2.8,4.3,6.0,2.0,4.4,9.4,8.8,10.4,12.5,-1.2,5.3,3.9,3.9,1.6,3.9,3.5,3.8,9.7,-3.1,1.1,4.4,9.7,3.1,1.8,4.7,7.8,0.7,10.3,5.3,4.3,5.0,4.9,5.2,2.6,26.3,6.6,-1.1,16.7,2.0,5.6,7.9,-0.3,0.1,2.4,3.4,7.3,5.4,3.2,8.2,5.8,6.1,4.1,4.7,5.3,9.4,0.7,6.5,20.1,4.8,6.0,2.7,0.6,6.8,4.3,6.4,4.9,3.9,0.0,3.2,-1.1,4.3,4.4,24.8,-5.7,9.4,-0.6,6.8,4.2,-1.7
1989-04-01,6.7,-2.2,4.8,-1.1,10.6,1.9,5.1,1.5,6.4,0.3,7.3,7.0,4.1,2.7,-9.3,1.9,-3.0,3.9,-5.7,7.4,7.8,4.4,-7.5,4.7,4.9,0.3,12.4,-2.1,-0.7,6.2,2.5,62.5,1.5,7.1,4.9,2.8,3.9,8.7,8.0,11.1,11.3,-4.7,4.9,1.1,5.8,3.3,4.1,4.0,4.2,13.4,-12.5,3.7,4.9,9.4,6.2,4.6,4.4,5.9,-0.8,69.4,3.7,2.6,3.3,2.0,3.6,-0.5,24.8,8.2,9.9,3.3,1.5,11.0,7.3,10.3,-0.5,4.2,1.3,5.1,4.5,3.7,5.8,5.3,6.2,1.4,5.5,9.3,5.8,0.6,5.8,-0.6,4.7,3.6,3.3,-2.4,1.3,3.9,7.2,4.4,2.9,-3.8,2.4,1.7,7.0,3.6,8.6,-12.2,2.1,-4.5,5.8,6.4,3.8
1989-07-01,7.3,-13.8,5.1,3.7,-13.5,-4.7,1.3,0.0,4.6,0.9,6.2,9.0,3.7,3.4,-10.7,6.3,-8.1,-0.4,-15.8,3.6,3.4,4.4,5.9,4.5,4.8,0.4,-0.1,3.5,3.6,2.9,-5.7,-17.2,6.6,0.1,4.5,4.7,4.2,8.9,7.5,10.7,11.9,1.5,4.4,0.9,3.1,4.0,4.6,4.4,4.7,9.9,-6.9,7.5,3.7,9.4,3.2,-5.7,2.5,7.7,0.6,-18.9,3.8,1.3,3.4,-0.5,2.4,2.8,22.2,4.9,3.8,-5.0,0.4,-0.3,7.0,4.4,-0.2,4.9,1.7,5.6,4.3,2.9,6.7,7.4,0.2,2.6,2.4,6.4,7.0,0.5,6.7,-8.1,4.5,5.2,6.5,-1.4,0.9,4.2,7.2,3.9,4.6,-0.7,-0.7,-0.1,8.9,5.0,17.1,1.7,-0.2,-3.3,6.3,4.1,-8.6
1989-10-01,4.9,-0.9,3.4,2.1,-3.0,4.4,1.1,-1.6,5.8,1.3,6.9,9.8,2.6,2.1,-12.1,-3.1,-3.3,1.8,-3.5,3.0,2.9,4.3,25.7,4.3,4.3,2.7,26.5,0.8,2.3,3.5,4.6,-9.1,-4.9,1.7,4.0,-2.0,4.7,8.6,8.0,11.0,11.2,-0.2,4.8,1.5,0.4,3.2,5.2,4.8,5.3,8.3,-9.8,-4.9,3.5,9.2,3.9,0.2,2.2,4.0,5.9,-12.7,3.8,1.4,4.3,1.9,-0.9,1.0,19.2,0.6,-0.5,-5.3,4.3,1.9,8.9,10.0,3.4,-0.2,7.1,3.2,4.4,2.8,5.8,4.1,3.4,3.3,3.2,7.7,6.5,0.4,2.8,-1.2,4.3,3.3,4.9,1.7,1.9,4.7,7.5,4.2,5.7,11.3,5.0,-1.8,9.8,4.4,3.7,3.4,2.6,-2.9,7.5,2.1,4.6
1990-01-01,6.1,13.9,4.1,10.1,20.3,6.3,2.4,1.0,8.8,2.1,6.4,11.9,2.6,2.6,-2.3,4.7,-4.9,3.0,-10.8,9.5,10.2,4.8,-1.1,4.8,5.0,6.3,56.1,1.7,1.7,6.6,7.2,34.3,5.7,7.6,5.3,10.1,4.1,7.7,7.4,8.5,9.1,-1.3,5.1,3.2,3.4,3.8,3.8,3.8,3.7,12.6,-2.3,20.1,5.8,7.5,8.4,21.6,4.8,5.0,0.4,32.0,3.3,-1.0,3.7,0.5,0.8,2.6,16.1,1.2,15.1,-8.2,3.7,10.5,7.2,5.4,2.1,14.7,6.2,6.0,4.9,4.5,6.8,4.8,5.3,3.7,5.9,7.1,7.1,0.5,7.5,12.6,4.8,6.9,10.3,-1.2,5.9,4.1,4.4,4.9,2.8,2.7,2.6,1.1,11.9,3.5,12.0,2.0,6.3,-5.6,8.6,5.3,10.5
1990-04-01,-1.9,11.4,4.6,8.3,11.4,6.4,1.4,0.5,5.6,0.0,6.8,5.9,2.6,-0.5,-10.1,1.7,-0.4,2.8,-1.8,1.1,0.6,5.5,16.6,5.4,4.6,8.3,-36.0,0.4,-0.7,3.8,6.7,-7.0,5.0,1.5,4.4,2.7,4.6,8.8,8.3,10.1,10.9,0.2,5.6,3.2,2.7,1.0,5.4,4.6,5.7,6.5,-1.2,7.6,4.6,9.0,4.5,23.1,3.5,4.9,4.2,-2.7,4.9,-1.2,4.6,-2.1,2.5,-8.3,12.6,1.9,-0.1,-7.1,-0.8,2.3,7.5,6.4,4.8,9.1,2.5,5.2,4.1,5.8,7.3,5.1,4.6,8.7,3.7,8.9,8.8,0.5,10.9,8.5,5.4,5.7,4.0,-1.4,1.1,4.5,8.0,5.1,4.3,5.2,1.2,0.5,5.9,5.8,6.8,0.2,5.7,-5.4,6.7,4.5,7.9
1990-07-01,7.3,-3.0,4.5,9.5,4.1,1.4,4.9,-3.6,7.0,0.2,9.0,4.0,-1.2,-0.3,-10.3,3.3,-1.3,2.1,-4.3,5.8,6.0,3.7,5.6,3.9,4.3,11.4,44.4,0.9,1.5,6.8,1.4,42.5,1.0,5.8,5.0,8.3,4.7,9.3,10.6,11.2,12.4,-0.9,5.4,3.5,1.8,1.0,6.3,5.3,6.8,5.8,3.8,-4.3,11.2,10.0,7.2,9.0,2.9,6.1,1.6,42.3,3.4,0.3,2.7,0.1,1.5,2.4,9.8,1.8,-3.0,-2.3,0.8,8.7,8.2,5.0,1.5,1.1,-1.1,5.6,5.3,3.2,7.0,7.1,3.7,-1.1,5.2,6.9,7.0,0.4,5.1,0.6,3.9,7.2,2.3,-1.1,2.2,4.7,9.7,4.8,4.7,2.2,4.3,-4.1,4.0,5.4,19.2,1.0,2.0,-4.5,5.7,6.0,1.0
1990-10-01,3.3,7.0,2.2,3.4,-3.9,0.4,5.4,1.5,5.5,0.8,6.6,3.9,2.4,3.2,-5.8,-3.7,-2.3,1.6,-1.4,2.6,2.7,3.5,-3.7,3.4,3.4,11.9,140.5,-0.9,0.5,6.5,-0.2,85.0,-6.8,7.5,5.8,7.1,4.0,8.5,6.4,11.1,12.0,-1.6,4.5,5.1,2.2,3.9,2.4,2.6,1.7,5.8,-15.8,3.5,7.0,9.5,6.7,-6.9,4.3,4.5,1.5,79.6,4.9,3.3,4.8,2.8,-2.2,5.3,5.7,2.4,5.0,-5.3,5.6,10.8,7.9,7.2,2.9,1.7,3.9,4.0,4.0,4.8,5.5,3.0,4.4,3.4,5.4,8.3,6.8,0.3,3.5,7.0,3.4,4.5,1.7,-1.6,0.6,3.9,5.1,4.1,6.2,0.5,1.3,1.7,3.9,2.5,4.4,3.2,5.5,-3.8,6.5,5.6,-0.9
1991-01-01,10.1,-15.1,39.0,8.5,-2.1,0.9,2.9,6.7,8.8,3.5,8.8,4.7,12.2,10.3,-10.2,3.6,-8.9,-4.3,-17.0,5.7,1.6,2.5,-7.8,4.7,5.2,13.4,-40.9,0.8,-0.7,2.1,1.1,-38.6,10.7,-0.2,3.9,5.9,3.8,7.5,10.9,9.3,10.1,-1.8,4.2,9.0,3.7,9.8,2.8,4.0,2.4,0.7,-6.8,7.0,11.7,8.4,0.7,-1.0,10.9,4.9,2.4,-38.3,3.3,0.3,3.1,6.2,0.0,5.3,-4.3,5.7,10.2,6.4,7.7,-2.0,8.1,5.3,-0.5,4.5,1.7,7.6,4.2,6.1,5.5,5.1,3.5,4.9,2.1,7.6,4.9,43.7,6.1,-8.1,4.7,5.4,5.2,0.9,3.6,3.8,8.0,3.6,3.2,5.6,1.0,2.8,4.6,3.5,19.9,0.0,-0.6,-1.5,8.0,3.2,0.7
1991-04-01,4.7,-4.0,6.2,7.7,10.4,2.5,1.9,2.3,7.0,1.0,7.7,6.7,-0.5,-2.0,-1.7,-1.6,-4.4,-2.0,-6.6,4.0,3.8,3.3,-1.9,3.6,3.7,-8.0,-41.9,1.0,2.7,1.9,2.3,-21.1,-2.7,0.8,5.1,0.8,3.4,6.5,9.4,7.5,8.1,-1.1,3.3,5.7,2.3,0.3,2.4,2.0,2.0,0.6,-7.6,-3.5,0.2,7.2,2.7,11.7,5.5,6.4,6.4,-18.4,3.9,-2.2,3.9,2.0,3.1,-6.1,-1.7,4.0,0.3,3.2,2.7,0.7,7.9,4.8,3.6,2.2,3.9,5.3,4.5,4.0,5.3,6.2,3.5,4.5,2.2,8.1,4.5,19.0,6.4,-2.3,3.6,5.7,3.0,-1.5,5.0,3.4,5.7,3.1,4.7,4.0,3.3,0.4,6.6,5.4,7.9,1.8,1.9,-5.6,9.4,2.6,-0.9
1991-07-01,1.9,9.1,2.5,4.0,-0.2,3.3,2.6,0.8,9.6,1.5,9.8,7.3,1.6,1.3,-8.6,9.4,7.3,6.6,5.7,-2.0,-2.6,3.2,-16.9,3.4,3.2,3.7,-3.7,2.4,1.6,2.5,3.4,-4.0,7.0,0.7,3.7,4.1,2.6,7.0,13.6,8.0,8.8,2.1,4.5,2.5,-0.8,3.1,1.9,2.1,1.6,6.0,-10.7,8.1,3.2,7.5,4.2,7.6,5.5,5.0,-1.0,-4.0,5.9,4.2,6.0,3.1,-3.0,0.7,-0.1,0.9,23.1,4.9,2.2,0.4,6.3,3.6,2.8,6.7,6.8,3.7,4.2,4.5,5.8,3.9,3.6,1.6,2.7,8.1,5.9,0.5,4.8,7.1,3.4,4.2,5.4,-5.1,0.0,2.6,5.0,4.0,3.4,4.9,1.3,0.9,7.4,3.3,8.1,0.1,6.4,-11.8,9.7,4.2,6.6
1991-10-01,1.9,2.2,2.0,3.9,0.6,2.8,2.9,1.5,6.6,0.9,10.7,4.6,3.7,4.2,-8.2,2.9,-0.7,1.6,-3.4,-0.3,-0.7,2.0,-6.2,1.9,1.9,6.5,19.5,-1.4,-2.6,2.9,3.0,6.0,5.1,1.7,3.9,3.0,2.9,7.3,14.3,8.2,8.9,-4.0,4.1,3.5,0.9,4.6,3.6,3.8,3.8,4.0,-4.6,8.4,2.5,7.6,5.5,-1.1,7.9,1.6,4.3,4.6,4.3,2.3,1.9,1.8,0.1,5.5,1.9,5.2,4.8,0.6,2.2,2.0,7.7,4.4,2.2,5.1,-8.0,3.2,3.3,4.9,6.3,5.9,2.2,-0.1,2.9,4.7,6.4,0.5,3.3,2.3,1.9,2.7,0.2,-0.7,-1.2,2.9,7.2,3.7,3.4,6.7,2.3,1.6,4.6,3.5,8.8,0.2,2.0,-4.2,6.1,4.6,2.4
1992-01-01,-2.5,16.0,4.4,2.8,-8.2,-1.8,2.7,0.7,6.1,0.0,6.7,6.5,1.5,-0.1,-12.7,6.8,1.4,5.1,-2.6,1.4,1.0,1.5,-4.1,1.6,1.1,8.4,-19.4,4.0,5.5,2.4,-2.4,-7.2,4.6,0.5,3.2,10.6,3.3,7.7,7.7,9.2,10.3,-0.4,4.4,2.3,0.8,1.2,3.4,3.0,3.4,9.0,-11.2,-2.7,4.3,8.1,7.8,-8.7,5.4,-0.7,1.3,-5.7,3.5,0.6,2.3,-0.3,0.7,-4.5,7.6,1.1,15.4,-8.6,2.9,0.7,7.1,3.3,1.2,0.1,-2.1,4.7,-0.4,5.0,6.1,4.5,1.8,4.4,2.5,6.4,6.9,0.7,9.2,13.8,1.6,1.0,0.6,-3.8,2.4,3.3,4.3,3.8,3.4,-2.6,0.0,0.8,6.5,8.0,8.8,2.8,5.8,-6.1,5.9,0.8,-4.1
1992-04-01,6.5,-17.2,2.4,7.6,10.0,-0.3,2.4,-1.2,5.0,1.1,8.5,4.8,2.3,2.4,-9.6,-2.0,0.4,4.3,2.3,0.8,0.6,1.2,1.3,1.8,2.3,4.6,3.1,0.8,4.1,2.8,-0.8,4.3,-6.4,1.7,3.4,2.1,2.3,6.8,11.0,8.3,9.1,-1.3,3.7,4.0,0.0,3.4,2.4,2.6,2.4,8.5,-6.0,-3.7,0.9,7.5,5.8,12.3,4.2,5.1,-2.7,4.5,3.0,-0.9,2.4,3.2,3.3,2.8,6.7,1.2,18.6,5.2,3.3,2.0,6.8,4.0,1.9,0.9,0.0,4.3,4.3,3.5,5.0,1.8,2.6,2.6,2.7,6.7,6.8,0.4,1.7,-10.6,1.8,5.3,6.0,-2.1,3.7,2.2,7.3,3.3,2.9,0.6,8.9,-1.3,4.8,1.3,8.5,-1.6,-1.8,-7.4,7.0,4.5,-0.5
1992-07-01,11.2,-19.3,0.8,2.5,-2.8,0.6,1.9,-2.0,7.8,0.3,7.6,3.7,0.6,2.7,-6.0,-4.7,-0.8,1.8,2.3,2.5,2.8,1.3,4.0,1.5,2.5,12.0,12.9,-0.7,-2.0,2.5,-0.1,8.0,0.5,2.1,3.8,-0.6,1.8,6.2,9.1,7.4,8.2,3.5,3.2,5.7,1.1,3.8,1.7,2.1,1.6,4.6,-6.0,3.6,2.8,6.8,5.0,11.2,3.1,3.9,-2.6,7.4,2.0,-0.3,4.1,2.9,3.8,7.9,8.1,11.6,-2.8,6.7,2.2,2.9,7.9,3.5,3.9,4.3,12.6,3.0,1.0,4.0,4.9,2.2,3.1,2.0,2.6,2.5,5.7,0.5,2.5,-12.8,1.5,2.9,1.2,-5.5,0.3,1.7,8.3,2.9,2.8,-7.6,-2.6,-2.3,3.7,1.8,8.0,-3.8,-1.3,-6.9,7.9,1.4,1.8
1992-10-01,1.2,52.0,0.6,0.7,6.6,1.4,2.3,-0.6,5.1,0.6,8.7,4.9,2.9,5.5,-10.1,3.3,6.2,7.3,8.6,0.4,0.4,1.4,0.2,1.6,1.5,-10.7,-2.5,0.9,1.1,3.3,1.5,4.4,6.7,1.0,3.1,0.7,2.6,6.6,11.1,7.6,8.5,-2.7,4.4,3.5,-3.8,5.8,2.8,3.3,2.7,8.6,-7.7,-1.9,1.2,7.2,5.0,-0.9,2.9,2.1,1.5,5.1,2.9,-1.6,3.4,2.5,2.5,12.4,11.0,4.3,11.5,7.1,1.7,1.2,7.6,2.8,0.9,0.2,5.1,0.7,2.6,1.9,5.4,4.6,3.7,-0.2,2.8,3.0,5.9,0.5,3.4,30.9,1.6,2.0,2.2,-2.8,-2.6,2.6,11.3,3.9,3.7,1.9,0.4,-0.7,5.0,2.5,8.5,-3.2,10.9,-6.3,6.9,2.5,1.1
1993-01-01,-5.8,16.0,0.0,9.0,-11.9,-1.2,3.5,2.1,4.8,-0.2,8.6,1.6,-0.5,-0.7,-6.0,-0.3,1.2,4.9,2.4,0.7,0.8,2.0,5.6,2.1,1.2,1.6,-6.4,-1.6,0.1,2.2,-1.0,-0.2,-9.4,0.7,2.8,3.9,3.1,5.2,11.0,6.1,6.5,-0.1,3.7,1.1,0.7,0.4,3.5,2.9,3.4,9.3,-7.3,-3.6,1.2,5.4,2.2,-4.7,0.8,-0.4,0.0,0.4,3.6,-0.7,3.5,3.3,1.8,-1.3,12.8,7.9,17.6,7.2,2.7,1.2,6.4,4.3,-1.9,-0.8,3.2,4.0,1.4,3.6,4.1,1.7,2.1,0.7,2.4,3.2,5.2,0.4,2.6,11.7,2.1,3.0,4.7,-4.4,4.3,3.1,15.2,3.4,2.2,-3.8,0.3,2.4,1.5,5.5,16.9,-0.5,6.0,-7.7,4.1,3.6,-0.7
1993-04-01,12.4,-9.2,-1.4,5.3,-2.1,-2.9,-2.5,0.0,6.1,2.1,5.5,4.1,6.6,7.3,0.4,12.1,8.8,8.2,6.3,2.7,3.3,2.0,9.4,2.2,3.2,4.4,5.0,2.9,2.4,2.9,-3.4,-10.7,4.9,0.4,3.4,1.1,2.4,4.6,7.4,4.0,4.1,3.1,4.3,2.8,2.0,6.6,3.1,3.7,3.1,7.6,-6.4,2.7,1.5,4.2,3.7,-10.7,5.7,3.8,-0.1,-12.2,3.4,-3.1,2.7,5.5,-4.7,9.3,10.1,7.9,10.8,15.9,3.6,-0.5,6.3,3.7,-0.5,0.7,0.1,1.3,2.7,4.3,5.2,4.0,2.5,2.5,2.7,1.5,5.7,0.5,7.8,-5.6,2.2,4.0,0.9,-3.8,-4.2,2.4,13.9,4.1,3.0,1.2,2.6,0.0,4.1,2.8,2.1,2.8,0.1,-7.8,4.2,3.1,-5.4
1993-07-01,1.4,2.4,-0.6,2.5,-2.9,0.1,2.1,1.8,3.3,2.0,6.0,4.0,1.1,3.4,-4.8,1.1,4.2,5.8,6.6,0.7,0.9,1.6,-5.8,1.7,1.7,-3.6,-5.6,0.6,1.8,1.8,0.4,-10.7,-2.6,-0.5,2.4,1.4,1.9,4.5,7.2,4.4,4.7,-0.9,3.3,3.2,-1.6,3.8,2.0,2.3,1.9,7.6,-14.8,0.0,0.2,4.5,2.5,0.4,3.1,4.7,-1.2,-11.3,2.2,-3.0,1.6,5.6,-1.6,10.1,8.4,16.3,15.8,14.7,4.2,-1.6,5.7,2.6,-1.2,0.9,-0.3,-2.1,2.0,3.5,4.7,4.1,3.8,3.6,1.7,4.4,5.4,0.3,4.9,2.1,1.7,3.1,1.4,-2.4,-3.8,1.9,12.2,3.1,2.6,1.6,1.2,2.1,4.0,1.5,-18.0,2.0,1.8,-5.4,5.2,0.8,1.6
1993-10-01,4.3,-0.9,1.4,2.2,-0.6,-0.3,2.5,2.2,3.2,2.7,6.2,2.8,-0.5,0.1,0.4,-8.7,-2.7,0.7,2.2,3.1,3.4,1.4,-4.9,1.3,1.6,3.8,-7.0,3.1,1.9,2.7,-0.9,9.6,8.0,2.2,2.8,-4.3,2.4,3.4,7.6,3.3,3.2,0.0,2.5,2.3,2.8,1.3,2.5,2.3,2.4,4.7,-15.6,-2.7,2.6,3.5,3.4,23.1,3.5,5.3,0.3,11.6,2.2,-1.6,2.9,5.3,6.5,1.7,5.8,-1.9,5.7,14.5,3.5,1.9,5.2,3.7,2.4,2.2,4.9,-0.9,3.8,3.7,3.6,2.5,2.5,0.4,2.3,1.2,4.5,0.4,3.3,-2.1,1.3,3.7,2.5,-2.1,5.4,2.4,12.3,2.4,3.3,2.3,1.3,2.5,2.8,0.2,-19.5,9.4,1.3,-5.6,5.5,2.3,-1.7
1994-01-01,-2.6,-9.3,-0.6,-0.9,-7.9,-5.2,1.1,3.9,4.6,0.9,5.8,4.1,-2.4,0.0,-1.3,-15.1,-5.6,-1.2,2.2,0.3,0.4,1.2,-5.8,1.5,1.1,5.7,3.9,1.0,1.9,1.2,-5.7,-5.0,-0.4,-0.4,2.5,7.0,2.9,4.5,7.0,3.2,3.1,2.1,2.7,1.0,-0.8,1.2,3.5,3.1,3.5,4.2,-9.9,3.9,0.5,3.6,2.3,-5.4,3.3,6.1,-8.5,-6.0,3.2,1.9,3.4,2.4,0.2,6.2,4.1,3.7,8.0,0.1,3.4,-1.1,6.1,3.7,-2.7,1.8,4.4,1.4,3.5,4.2,6.0,4.3,1.0,-0.4,1.4,2.3,7.4,0.4,3.1,-4.1,1.5,2.6,1.3,-2.2,-0.2,2.9,14.3,2.6,2.2,-0.9,2.1,4.4,4.2,1.1,5.8,-3.8,1.0,-4.5,5.7,2.2,-3.8
1994-04-01,9.2,-3.5,-0.4,-1.4,3.4,1.8,3.7,1.1,6.6,2.4,6.2,4.0,-0.6,-1.1,0.5,4.5,4.5,3.9,4.4,1.2,1.5,1.7,-15.8,1.8,2.6,-3.4,-4.3,2.7,3.8,2.2,1.9,-5.5,-1.1,1.4,2.7,1.2,2.3,3.8,7.0,3.3,3.4,2.7,2.8,1.6,-0.9,0.2,3.0,2.5,3.2,3.3,-8.0,-1.9,1.4,3.4,3.1,8.6,2.5,-1.2,3.7,-5.6,2.5,0.4,3.7,4.5,-0.3,-2.2,4.8,7.2,0.6,8.5,3.8,0.9,6.2,2.6,1.6,0.9,7.6,2.2,0.6,2.9,4.3,5.1,4.2,4.1,2.3,3.3,3.3,0.4,4.2,-2.0,1.8,-0.3,2.7,-0.7,1.0,2.3,10.2,2.8,2.7,7.0,3.9,1.3,4.0,0.5,3.6,2.1,2.0,-5.0,4.6,1.9,0.6
1994-07-01,0.1,-4.6,0.4,-2.1,1.4,-2.0,5.4,0.2,4.5,2.8,6.0,3.9,2.1,-0.3,2.4,-5.6,-2.7,0.6,-0.7,4.1,4.7,1.5,-14.0,1.4,1.2,11.3,2.8,1.3,1.0,3.2,-1.6,24.2,3.4,3.7,4.0,-3.1,2.1,4.2,6.4,4.7,4.8,0.9,2.4,2.0,0.7,0.6,2.3,2.0,2.3,4.7,-13.5,4.8,-0.5,4.4,4.0,-6.8,1.3,1.0,2.9,26.8,2.6,-1.6,2.6,6.2,2.7,-6.4,6.8,21.5,0.9,14.7,4.6,4.2,5.2,4.0,-3.9,3.7,2.5,1.8,1.9,4.4,3.5,4.0,2.1,0.3,2.9,1.5,3.0,0.5,2.0,-4.0,1.4,0.7,3.5,-1.8,3.0,2.1,7.0,2.4,3.4,-1.4,0.8,0.4,3.9,7.8,2.5,0.9,0.5,-3.8,3.8,3.8,-4.7
1994-10-01,1.9,-14.6,-0.8,0.7,12.3,-3.4,11.1,-0.7,5.5,0.7,6.6,0.7,1.4,-1.1,3.9,-1.9,0.5,3.1,2.1,0.4,0.6,2.3,-4.1,2.3,2.3,6.2,-8.1,-3.3,-5.4,1.9,-3.1,4.7,-3.1,0.5,3.4,-0.5,2.5,3.7,5.7,3.0,2.8,0.5,2.7,1.1,-0.4,0.0,2.8,2.3,2.9,6.4,-18.3,-3.1,0.8,3.3,3.0,-0.8,6.3,3.4,-3.8,6.1,2.5,-0.5,3.0,6.3,-2.8,-7.5,7.5,12.1,9.4,20.0,2.2,0.4,6.0,4.0,-5.0,-0.6,4.2,1.4,2.7,3.5,4.5,3.2,1.3,1.0,1.9,1.9,5.1,0.4,3.8,-9.9,2.3,2.2,-0.6,-4.0,0.3,2.5,5.3,2.7,3.0,0.0,7.0,-0.5,0.7,3.5,0.4,2.0,-1.1,-8.5,3.6,2.2,-3.7
1995-01-01,-1.7,-4.7,-0.1,3.5,-7.3,-4.2,0.4,2.7,5.8,1.6,5.5,5.6,4.0,2.3,-6.0,6.2,-1.4,1.7,-6.3,2.3,2.6,2.4,21.5,2.3,1.9,-9.7,-1.3,0.3,2.0,2.4,-5.5,-3.6,-0.6,0.5,2.2,1.1,2.7,5.1,6.2,5.4,5.0,-2.0,3.2,8.3,3.5,2.5,3.3,3.2,3.7,5.6,0.9,-2.0,0.9,4.7,2.6,14.4,4.6,1.9,-2.2,-3.8,1.4,1.8,3.0,4.6,-3.7,-2.1,10.4,15.7,1.3,12.3,1.6,-0.1,7.3,8.0,2.3,2.5,7.1,0.9,2.9,3.1,4.7,1.6,4.6,-0.5,2.0,-0.9,6.5,40.2,4.4,-2.6,2.3,2.6,0.9,-2.5,-1.6,2.5,0.9,2.9,3.9,1.2,5.1,-0.6,5.6,3.2,1.5,-3.8,1.3,-6.2,3.2,3.4,-7.5
1995-04-01,14.0,32.8,1.7,2.8,-12.5,-2.1,2.9,-0.8,3.0,-0.4,5.1,3.9,0.4,-1.5,1.2,8.3,0.1,3.0,-5.3,3.5,3.8,2.3,-14.1,2.6,3.8,19.4,3.9,-1.3,0.7,3.1,-2.4,0.4,-8.1,0.8,2.5,3.7,2.6,2.5,5.4,2.8,2.3,-1.9,3.3,1.2,1.5,-0.4,3.4,2.7,3.7,6.6,4.3,-3.0,4.8,2.9,4.7,13.0,7.9,3.5,-1.9,0.1,3.1,1.0,2.0,2.8,-0.6,-6.4,9.1,13.5,4.7,3.2,3.0,1.5,6.1,5.4,-0.7,0.8,-0.7,1.8,2.3,4.1,2.3,1.4,1.2,0.3,2.4,-1.6,2.7,0.4,4.0,22.3,2.6,3.2,0.3,-5.5,0.5,2.5,3.8,3.2,3.2,-5.3,0.0,-1.0,3.9,0.3,4.6,0.6,7.8,-8.2,3.0,3.5,-1.9
1995-07-01,4.3,11.7,0.3,2.6,9.0,-0.6,-0.7,-0.3,4.4,-1.3,5.0,3.3,3.3,0.9,2.0,4.1,0.4,3.4,-2.2,1.2,1.3,2.0,16.4,2.2,2.4,-0.6,4.7,2.7,4.8,2.0,-1.1,-4.7,2.0,0.1,2.4,2.7,2.3,2.1,6.2,2.6,2.3,-2.2,2.6,2.4,5.2,1.2,3.2,2.8,3.5,7.1,-5.2,1.2,1.6,2.5,4.6,14.5,7.2,1.9,-2.2,-5.7,2.2,-0.1,1.6,-0.4,-1.1,-5.5,9.7,2.5,7.0,-4.2,1.4,0.9,6.3,4.5,1.3,3.6,0.1,3.5,1.8,2.0,1.4,-0.7,0.3,0.9,1.6,2.9,2.0,0.4,3.8,8.8,2.2,2.1,3.8,-8.5,2.2,2.1,3.8,2.5,2.3,-0.9,-0.6,-0.3,3.3,2.9,4.1,1.0,3.7,-15.2,2.1,2.8,-1.1
1995-10-01,1.6,-6.6,1.2,3.8,1.2,-0.5,-1.4,-0.7,4.3,-0.9,4.2,7.3,4.3,1.5,-1.2,3.4,2.3,4.6,1.3,1.9,2.1,2.1,-5.7,2.1,2.0,-2.6,-6.0,-0.4,0.1,1.9,-0.1,-6.4,-4.1,0.1,2.9,4.0,2.5,3.1,5.8,4.6,4.2,-0.2,2.9,3.1,0.9,1.8,3.6,3.2,3.9,7.7,0.2,-1.2,1.4,4.1,5.4,-1.9,7.3,4.5,1.0,-6.4,2.2,0.2,1.8,2.4,-1.8,-6.1,11.0,-0.9,6.3,3.8,2.2,0.6,4.4,6.7,-2.4,0.8,0.9,2.3,3.3,1.7,1.4,1.5,0.9,3.5,1.8,2.5,0.7,0.4,3.8,-3.2,2.1,3.5,7.6,-7.2,-0.1,2.5,4.4,2.7,2.9,-1.1,-0.3,-0.9,7.3,2.8,1.9,2.3,0.2,-13.4,2.8,3.5,-0.8
1996-01-01,0.9,-32.9,3.9,3.5,11.4,0.0,8.3,0.2,4.3,0.3,6.1,8.0,0.7,3.3,0.9,-5.7,-3.2,2.0,-1.2,3.1,3.0,1.9,-9.1,2.0,1.9,2.8,41.0,0.8,1.0,3.2,0.0,21.5,0.8,2.7,2.6,14.5,2.7,1.9,5.8,3.2,2.3,0.6,2.0,2.7,1.3,4.0,3.0,3.1,3.0,9.1,2.7,-5.2,3.7,3.1,7.4,-7.2,5.4,3.2,1.6,19.4,2.5,0.2,1.9,4.4,3.3,11.3,10.3,9.0,9.6,11.8,1.8,4.0,5.3,7.9,0.0,-2.1,0.6,1.9,2.7,2.9,0.4,1.8,2.9,-1.7,2.2,3.4,-1.5,0.3,3.7,-20.3,2.0,3.2,5.5,-5.3,0.4,2.7,7.3,2.0,3.1,2.6,5.9,0.1,8.0,1.8,3.0,-0.1,-5.5,-12.4,6.2,2.9,-1.9
1996-04-01,9.8,9.6,3.2,3.8,-2.5,-1.7,4.6,0.1,4.9,-2.6,5.3,4.1,0.0,3.1,5.0,6.2,2.3,4.4,-0.7,4.1,4.2,2.7,-0.2,2.9,3.7,2.1,17.4,-0.7,-1.1,3.4,-2.3,24.4,-0.1,1.8,3.4,14.4,2.7,2.4,5.5,2.7,1.9,-1.3,3.2,3.1,-0.3,4.3,2.7,3.0,2.7,7.1,7.1,-6.6,2.7,2.9,7.6,0.3,-0.1,4.6,0.0,25.2,2.3,-0.5,1.1,0.2,3.0,12.3,11.0,13.2,-0.6,-2.3,1.7,4.2,5.4,6.7,1.1,-2.5,-1.3,1.4,1.5,3.0,2.0,1.8,1.6,0.2,2.7,1.8,1.4,0.4,5.5,10.8,2.9,3.8,-0.8,-8.7,3.4,2.6,1.3,3.2,3.0,-2.0,0.9,-0.1,4.1,0.5,3.6,2.1,4.0,-14.7,7.9,1.2,-3.8
1996-07-01,5.3,2.2,3.2,6.9,-10.8,-5.4,3.9,2.8,6.0,-1.0,4.5,4.4,2.1,3.8,2.1,-2.0,3.7,5.7,8.4,4.5,4.6,2.9,23.1,2.7,3.1,5.8,-10.9,1.2,0.2,2.1,-5.8,-11.4,1.5,-0.8,2.3,0.3,3.1,2.1,5.4,1.8,1.5,2.6,3.2,4.2,-0.6,1.7,2.9,2.7,2.9,8.4,9.4,-5.0,2.8,2.3,6.2,12.3,2.1,2.9,-2.8,-11.5,3.5,-2.0,4.0,1.4,-0.4,8.4,10.0,17.8,7.8,1.3,2.3,-0.6,2.6,3.4,-3.7,-0.1,4.9,0.9,1.7,4.2,2.5,3.5,4.5,0.4,1.7,2.5,1.0,0.3,3.6,1.6,2.7,3.6,4.0,-7.2,-1.4,3.1,-0.8,3.2,3.0,-5.1,-3.1,2.9,4.4,0.9,2.5,4.1,3.2,-11.0,-4.3,2.3,-7.3
1996-10-01,2.1,22.9,1.8,5.1,0.9,1.7,20.3,1.2,5.2,-1.7,7.5,5.3,0.0,2.0,3.6,-3.8,1.8,4.4,6.4,3.5,3.7,3.8,14.9,3.8,3.6,4.5,51.8,-1.6,-1.4,3.2,2.4,16.4,-7.3,1.8,2.9,-0.9,2.4,2.6,5.2,2.1,1.6,0.8,3.3,3.4,-0.2,2.3,2.5,2.5,2.7,8.0,-0.3,-2.0,1.4,2.7,6.4,-21.8,2.8,3.1,3.6,13.1,3.4,0.4,1.0,2.4,3.2,7.3,10.3,9.0,5.9,3.9,2.0,3.8,4.3,4.6,-1.1,-3.5,-3.8,1.1,2.7,4.2,3.1,3.7,4.7,-1.9,2.8,1.7,2.2,0.4,2.4,15.0,3.8,3.6,1.4,-7.2,2.1,2.4,-3.1,3.3,3.1,0.6,-3.8,1.4,5.3,0.1,2.6,2.8,5.1,-12.2,3.0,3.2,1.7
1997-01-01,2.6,-5.6,1.6,4.4,-2.3,1.0,-3.6,1.4,4.4,-1.5,3.8,4.3,1.9,8.6,5.5,6.9,3.8,3.9,1.4,0.4,0.2,2.6,-0.9,2.7,2.7,-4.4,-5.8,0.5,-0.4,2.2,1.4,7.1,1.7,0.5,2.5,-0.8,2.7,1.6,5.4,0.7,0.0,1.6,2.4,0.0,1.0,6.9,2.7,3.4,2.9,4.2,-9.7,-3.5,2.6,1.6,4.1,2.1,3.3,3.4,-0.8,8.6,2.0,0.2,0.0,1.3,-4.1,27.4,8.7,3.0,-3.8,2.8,0.8,1.6,5.3,4.3,-0.6,-0.3,-3.6,1.4,2.2,1.7,2.6,5.2,3.8,0.8,1.8,2.0,0.4,0.3,3.9,-4.2,2.7,3.2,1.0,-8.5,-0.4,2.7,-8.5,2.5,2.4,1.8,2.5,1.9,4.3,2.2,4.4,3.0,-1.3,-15.9,2.1,3.8,3.2
1997-04-01,7.9,6.1,0.8,4.2,16.8,4.9,-1.9,0.5,4.1,-3.8,3.7,5.8,1.0,-5.2,0.3,6.2,6.3,5.4,6.3,0.6,0.6,1.7,1.9,1.8,2.6,9.0,-19.3,1.1,4.3,0.9,5.8,-23.4,-1.5,-2.1,2.1,3.8,3.4,2.5,4.8,2.1,1.7,-5.3,2.9,3.6,0.9,-3.3,3.0,1.9,3.1,4.3,8.7,-5.8,3.1,2.6,4.4,-0.9,2.5,4.9,4.5,-23.8,2.8,-1.8,2.8,-2.3,-3.6,-19.3,7.4,12.0,-2.3,-5.2,-0.7,-1.2,5.3,4.0,0.6,-1.5,2.7,2.3,2.4,3.5,2.9,4.9,1.9,2.0,1.0,2.2,1.3,0.3,4.9,5.3,1.8,3.4,-1.4,-11.4,-0.9,3.1,-4.4,2.8,2.3,-3.3,-1.1,0.3,5.8,2.1,9.6,-2.3,3.6,-18.2,2.7,2.5,5.9
1997-07-01,0.7,6.7,0.5,5.8,-15.5,-4.1,3.0,-2.9,3.8,-2.7,4.8,6.3,-2.5,0.3,7.7,4.9,1.3,2.5,-1.6,1.5,1.7,2.5,4.3,2.6,2.4,-5.7,-10.6,-1.8,-3.2,1.8,-5.0,4.2,1.1,-1.1,2.6,2.2,3.2,1.5,4.8,0.5,-0.3,-1.0,2.2,3.0,-0.2,1.8,3.1,2.9,3.2,4.4,27.0,-1.5,1.8,1.3,5.3,-5.2,0.5,1.4,-0.7,5.9,2.0,0.7,-0.5,-1.2,0.7,7.5,4.5,21.6,1.4,-2.8,-0.7,-0.3,6.3,4.2,-0.1,0.0,-4.9,-1.4,1.7,1.3,2.6,2.3,1.9,-2.4,1.1,-0.5,2.5,0.2,6.4,5.3,2.6,2.7,3.6,-7.1,-5.0,3.1,-3.2,2.3,2.6,0.1,0.5,-4.1,6.3,2.0,0.3,1.0,1.3,-13.1,5.9,2.6,-7.0
1997-10-01,7.5,13.5,-0.3,3.0,-6.7,-1.6,3.4,-1.7,4.1,-2.2,4.7,2.2,-1.3,2.2,9.9,-4.0,1.6,2.4,6.6,0.9,1.0,3.0,-1.3,3.0,3.6,-6.1,-4.5,-0.9,-2.0,2.1,-2.2,1.4,5.4,-0.5,2.9,2.2,3.1,0.8,3.7,0.0,-0.8,-1.9,2.1,2.5,-4.0,2.6,2.9,2.9,3.0,3.5,6.4,-4.9,3.5,1.1,5.9,-12.3,0.5,0.0,-0.3,1.9,1.5,-2.2,1.7,0.1,-2.2,11.8,1.4,7.2,3.7,3.2,-0.9,0.4,8.8,3.6,0.9,-3.3,2.0,0.8,-0.2,0.5,1.6,2.1,0.2,4.4,1.3,0.8,0.7,0.2,3.8,9.9,3.0,1.3,0.7,-6.7,-1.2,2.9,-2.0,2.3,3.7,-0.1,-1.3,-2.1,2.2,1.0,7.8,-2.3,4.2,-11.5,3.5,-0.1,-3.1
1998-01-01,0.5,-3.3,0.0,4.2,-7.2,-4.2,1.1,-1.0,4.4,-2.9,4.3,4.0,-9.8,-10.2,7.7,-0.8,-2.4,0.0,-3.7,1.4,1.6,0.0,-22.0,2.4,2.2,-6.6,-18.6,0.8,0.7,0.7,-4.1,-29.3,1.3,-3.1,3.4,-1.1,2.8,2.2,4.8,1.5,1.1,1.7,1.6,2.0,2.6,-7.0,3.2,1.4,3.3,3.5,-0.2,-1.4,-1.8,2.2,6.4,-1.3,4.3,3.4,-2.5,-30.3,2.8,-0.7,2.9,-2.5,-1.1,-11.4,0.5,-1.9,6.2,-6.6,-0.5,-3.2,5.8,3.7,-4.8,0.2,3.0,2.8,3.7,1.7,3.0,2.6,1.7,3.7,0.0,2.4,3.0,1.3,4.0,-2.3,2.5,2.9,2.5,-8.2,1.7,2.8,2.8,1.8,3.1,2.5,0.5,-1.2,-4.0,2.7,4.4,-1.3,1.2,-15.5,2.5,16.4,-5.0
1998-04-01,6.8,-6.7,1.1,2.0,3.5,-1.9,4.1,1.6,4.0,-2.9,4.7,6.6,-1.7,-0.6,8.3,-16.5,-8.0,-3.6,-0.1,1.0,1.0,3.7,-11.7,1.9,2.6,4.7,-6.5,2.0,3.1,1.4,-2.1,-16.5,7.7,-1.6,3.9,1.8,3.2,2.6,4.4,2.4,1.9,-3.8,1.8,3.0,2.6,0.3,3.3,2.8,3.4,3.1,10.2,-6.3,1.4,2.7,5.5,-6.7,2.3,3.3,-3.9,-17.4,2.1,-2.5,1.1,-2.3,5.0,2.4,1.3,-12.8,5.0,-4.6,-1.1,-0.8,6.1,5.0,-1.1,-3.0,-0.8,3.2,2.8,3.9,2.7,2.7,2.4,0.6,0.7,5.3,2.4,0.5,5.2,-4.2,1.9,2.4,7.9,-8.1,-3.4,3.0,3.4,2.0,3.3,-7.3,-1.2,1.3,-8.2,2.3,12.4,-4.6,-0.6,-13.3,3.0,5.2,-1.2
1998-07-01,1.0,4.3,0.9,2.4,1.9,2.6,8.2,-1.0,4.7,-3.0,4.6,3.0,-3.4,-4.2,3.9,-2.4,-1.5,0.0,-0.7,1.5,1.6,0.8,-16.2,2.5,2.3,-2.2,-6.2,-1.5,-1.3,2.0,2.7,-1.7,-2.1,-0.1,2.4,1.3,3.7,1.8,3.3,1.8,1.0,0.1,2.0,3.7,0.9,-2.4,3.4,2.5,3.4,2.5,2.7,-5.4,2.0,2.0,5.0,-8.9,2.2,2.4,2.8,-1.2,3.2,1.5,2.6,1.7,-2.1,-6.1,1.1,-3.9,2.4,2.5,1.4,1.6,5.4,5.4,2.1,-4.0,1.4,2.1,2.7,2.1,1.7,0.0,2.0,-0.8,1.2,3.9,2.0,1.0,4.8,3.3,2.6,2.3,3.5,-11.2,-3.9,3.6,3.4,2.0,3.3,-4.3,2.8,-1.4,-6.8,-0.9,11.6,-4.3,2.8,-19.1,2.8,-1.7,2.8
1998-10-01,10.5,-7.1,2.4,2.9,12.7,-2.9,11.2,-1.3,4.9,-2.9,5.2,8.3,-2.2,-2.8,0.2,-0.7,-4.2,-0.7,-7.4,2.3,2.3,3.5,-18.8,2.7,3.7,9.8,-18.5,-2.1,-0.9,1.9,-2.5,-8.4,-4.7,-0.7,1.7,-4.4,3.4,2.3,3.1,1.7,1.1,-2.6,2.1,3.3,-0.7,-1.5,3.2,2.5,3.2,4.8,-0.5,0.3,2.7,2.1,4.8,-16.7,2.6,4.0,0.3,-7.4,3.6,1.2,3.0,0.5,-3.9,-4.1,1.6,10.3,10.9,2.6,-0.9,0.6,6.0,4.1,-4.7,-1.6,2.0,3.6,3.6,3.4,2.9,2.2,1.9,-0.6,1.1,3.5,2.8,0.5,4.3,-6.2,2.7,3.1,-3.8,-9.7,-5.4,3.2,3.2,2.1,2.7,-5.1,3.2,-1.5,-12.8,1.4,30.4,-4.4,0.0,-15.3,2.2,-1.5,-5.5
1999-01-01,-4.1,-0.1,2.0,1.7,-7.4,-5.0,6.2,-2.4,5.3,-3.3,5.4,3.3,0.8,0.9,0.8,-2.7,-7.4,-3.3,-11.8,1.7,1.6,2.3,4.0,2.7,1.8,-0.2,-14.6,-0.6,-0.1,1.6,-5.2,-11.2,0.6,-0.4,2.4,-0.2,2.6,2.4,5.0,2.6,2.7,-3.0,1.5,2.6,0.5,1.2,2.4,2.2,2.4,3.4,0.0,-6.3,0.2,2.8,3.2,-16.4,-0.3,5.8,-3.3,-10.9,2.1,-2.0,1.2,-1.0,-2.1,1.9,1.6,2.0,7.5,-2.3,0.0,1.4,6.0,2.3,-3.8,-5.5,-0.5,8.5,3.4,2.4,2.3,1.3,3.9,2.6,0.8,3.2,2.1,11.1,4.7,-0.3,2.7,3.3,-2.8,-8.3,-0.4,2.5,-1.8,1.5,1.9,-5.3,3.1,-3.7,-8.8,-1.0,71.3,-2.1,0.7,-13.1,2.0,-9.1,-6.3
1999-04-01,6.0,6.9,2.3,0.9,-1.3,2.5,6.8,-3.4,4.1,-2.0,5.3,4.9,-0.5,-0.7,5.5,-6.5,-3.2,-0.5,0.3,1.1,0.9,1.2,-5.0,2.2,2.7,1.0,22.8,-1.8,-0.7,3.0,3.5,56.2,-2.6,2.9,3.2,1.6,2.9,1.8,4.5,1.9,1.5,-4.7,1.8,3.6,2.1,0.1,2.5,2.1,2.4,3.9,-3.9,5.0,5.8,2.4,5.7,-6.1,0.3,6.3,3.4,59.8,3.2,-1.9,2.1,0.0,-2.4,-1.4,2.2,15.2,3.8,0.9,-0.1,5.9,6.2,3.9,-2.0,1.7,0.3,1.7,4.5,1.4,1.7,1.0,2.4,3.5,2.3,5.8,1.6,1.1,4.1,5.2,2.2,3.8,-0.8,-6.9,-0.5,2.7,2.8,2.0,3.6,-3.4,1.2,-3.8,-15.6,2.4,-3.3,-1.4,3.1,-11.1,2.0,-2.1,3.9
1999-07-01,5.0,0.1,2.9,3.1,12.3,-1.6,4.4,-3.3,4.2,-1.8,4.0,4.4,-1.2,3.2,6.9,-9.6,-1.0,1.1,8.5,1.5,1.3,1.0,13.5,2.4,2.8,3.1,41.7,-1.6,-1.2,3.0,-1.4,35.6,-6.7,2.0,3.5,2.2,2.8,2.2,3.2,2.0,1.7,-0.1,2.2,2.3,2.5,2.9,2.6,2.6,2.4,4.5,-14.4,-2.4,3.6,2.4,5.9,-16.2,2.4,3.6,-3.2,35.0,2.4,0.0,1.3,2.9,4.1,15.9,3.6,18.2,3.4,9.1,0.2,4.4,6.0,3.3,-2.5,-2.9,-0.6,2.6,1.9,1.9,2.5,1.2,2.0,2.1,2.2,5.6,2.8,0.9,5.4,0.7,2.5,3.1,-10.7,-9.1,-8.6,2.8,11.9,2.3,4.0,-6.0,4.0,-2.8,-12.7,2.5,12.9,3.5,1.1,-13.2,2.0,1.2,-1.2
1999-10-01,2.4,2.3,2.9,4.2,2.4,0.6,10.4,-0.5,4.7,-2.4,5.2,-7.4,3.6,3.6,7.4,-0.4,4.1,3.7,8.9,2.2,2.1,3.9,15.2,2.4,2.4,2.7,41.5,-2.4,-3.8,3.0,1.5,23.8,-3.1,1.4,4.0,1.0,3.4,2.6,3.2,2.4,1.9,2.5,2.9,2.9,-1.1,3.2,2.8,2.9,2.4,3.0,-9.3,-5.2,3.9,2.9,6.7,16.2,-0.9,4.8,1.9,22.3,2.2,2.0,3.0,0.6,-2.8,1.6,2.8,3.8,-1.2,1.2,0.1,3.7,6.7,5.0,-3.5,-1.0,4.4,1.1,2.8,2.9,2.7,3.2,3.3,0.9,2.4,4.4,1.8,1.0,5.0,1.7,2.4,3.9,5.6,-7.5,-5.4,3.4,21.2,3.1,4.0,-5.7,-0.9,0.1,-11.5,2.4,8.6,-0.6,2.5,-12.2,2.1,-5.7,1.2
2000-01-01,6.6,6.9,3.8,3.2,6.2,-2.5,3.4,-2.3,5.2,-1.8,4.5,25.0,0.7,2.8,1.5,6.1,3.6,3.9,1.0,2.3,2.0,1.7,0.6,2.7,3.2,-1.4,151.2,1.5,2.6,4.0,-3.0,57.4,2.7,3.1,3.3,1.1,4.1,3.3,4.1,3.8,2.8,-2.2,3.4,5.9,-0.5,2.8,4.1,4.0,3.8,4.4,5.2,-2.4,6.4,3.8,12.3,-8.4,0.5,4.6,-0.4,50.8,3.7,1.2,2.4,-1.5,0.0,6.1,3.0,0.5,-2.9,-2.7,-1.5,6.3,6.8,8.5,-0.6,0.4,0.0,1.8,8.2,2.0,2.7,3.2,3.6,0.8,3.3,2.5,1.7,0.6,5.2,4.6,2.7,4.4,1.5,-6.1,0.5,4.0,29.0,3.4,5.7,-4.9,2.8,-3.1,-4.1,3.1,8.3,-1.3,3.1,-10.4,2.6,-13.1,-5.3
2000-04-01,4.9,8.5,2.9,0.3,-5.9,-2.6,6.4,-5.7,4.4,-0.8,6.3,3.6,0.8,7.0,11.4,-22.7,-8.4,-4.3,10.3,2.8,2.8,-1.3,10.2,2.1,2.5,-5.6,-14.8,-0.7,-1.7,3.1,-3.4,13.5,2.0,1.9,5.0,4.3,3.3,2.0,5.9,2.2,2.3,0.3,1.6,5.5,8.2,5.7,3.1,3.5,2.8,2.8,-1.0,-4.6,5.6,2.9,5.6,-14.8,1.1,3.8,-3.6,16.4,3.5,-2.6,3.0,1.8,0.1,25.6,3.0,11.9,-2.0,2.3,2.4,3.5,7.7,1.7,1.4,-4.4,2.1,4.5,5.9,0.6,1.7,1.0,3.7,0.6,1.9,3.4,1.4,1.0,4.5,6.6,2.2,2.8,-0.8,-3.2,4.3,3.2,19.9,1.9,4.6,0.4,4.1,-6.6,-7.3,-0.8,11.0,-1.2,4.2,-6.8,2.6,-17.5,-3.1
2000-07-01,4.0,1.3,2.4,5.1,-6.0,-0.9,4.4,-4.4,4.0,-2.4,4.3,6.1,4.5,15.2,0.6,-3.3,0.3,1.5,4.1,3.8,4.1,1.4,-8.7,3.2,3.3,-1.4,35.4,-0.6,0.1,3.7,-0.2,12.1,-1.5,1.1,4.3,5.7,4.3,4.7,3.8,6.4,5.8,-3.4,3.6,4.7,5.8,11.6,3.4,4.6,3.1,3.4,-5.6,-5.5,3.1,5.5,5.3,-6.2,-0.6,7.4,-0.8,10.2,3.9,0.2,4.2,-1.2,-1.2,49.6,4.3,6.1,-1.4,-2.3,-0.9,3.2,6.0,8.8,-4.1,-2.7,4.7,1.8,6.0,1.2,2.8,5.1,3.4,2.4,2.6,3.3,1.0,1.2,3.9,2.1,3.2,5.6,0.7,-5.7,-3.1,4.1,11.0,3.5,3.7,-3.4,-1.1,-4.7,-13.7,3.1,1.8,1.9,3.5,-9.0,2.8,-15.3,0.8
2000-10-01,1.2,6.5,2.0,1.7,-3.6,-0.2,2.7,-1.2,4.0,-1.0,3.8,5.8,3.4,14.5,6.5,-0.7,0.7,1.5,2.3,1.6,1.5,-1.3,9.6,2.6,2.4,0.6,48.0,-1.8,-0.2,2.8,-0.6,5.1,-6.4,0.4,4.0,3.1,4.3,2.9,4.0,3.4,2.5,-3.6,3.2,3.2,1.3,11.3,3.6,4.7,3.5,2.6,0.5,5.4,3.1,3.2,3.6,3.3,0.7,2.8,-4.3,1.7,3.2,4.4,3.6,1.6,2.9,45.8,2.8,7.0,0.4,7.8,-1.9,1.3,4.3,7.7,1.8,3.4,4.4,0.5,5.0,2.6,2.3,2.0,4.0,0.9,2.3,3.4,2.1,1.4,5.4,5.3,2.7,2.7,0.0,-6.1,-2.5,4.1,3.4,3.3,4.5,-0.2,2.7,-1.5,-14.1,3.2,-2.9,1.2,4.2,-11.4,3.0,-11.8,2.1
2001-01-01,2.9,-16.5,1.7,1.5,3.2,0.6,7.5,-1.6,4.7,-1.8,5.4,4.5,11.7,36.5,8.4,-0.9,3.6,4.5,8.7,3.8,4.2,0.8,21.0,3.1,3.1,10.9,-18.8,-1.7,-3.7,3.9,0.5,-9.9,1.1,0.0,4.3,3.1,4.3,4.0,4.6,2.5,2.0,2.1,4.6,6.3,-0.1,27.1,3.8,7.2,3.7,5.9,0.2,7.1,0.4,2.9,10.0,-5.8,2.3,3.7,-2.6,-9.0,3.4,6.5,4.3,1.2,1.2,107.1,4.3,10.9,3.1,1.9,0.0,1.1,6.0,4.8,1.1,2.6,6.0,2.6,3.3,4.4,5.7,3.4,4.9,2.8,3.0,6.1,7.4,11.2,5.0,-10.8,3.2,3.1,0.2,-8.4,-1.1,4.3,-2.7,4.7,0.9,-4.0,2.6,-2.6,-7.1,1.4,1.9,-1.4,-0.9,-14.3,2.7,0.3,2.3
2001-04-01,0.6,-11.6,1.5,3.8,1.6,-5.6,5.9,0.1,3.1,-2.8,6.0,5.0,10.3,-2.1,3.2,-5.0,-2.7,-0.3,-0.2,2.6,2.8,3.6,16.9,3.5,3.1,-2.8,-19.1,-2.5,-1.7,2.9,-6.0,16.6,-5.8,0.6,3.8,2.6,5.0,3.3,5.9,4.1,3.4,-2.0,2.6,2.6,0.7,-1.1,4.5,3.5,4.5,3.3,1.3,-7.3,1.1,4.1,4.8,13.1,0.7,4.4,-3.1,20.8,3.1,-0.5,1.6,-0.6,0.9,-21.6,2.3,19.1,2.1,-0.8,-0.5,2.7,6.3,7.2,-4.2,-0.9,-1.1,2.9,4.2,3.0,2.4,3.7,3.8,-2.1,1.9,5.5,1.3,3.3,5.2,-7.7,3.5,3.8,4.4,-7.4,0.8,4.8,-2.2,2.6,3.3,-1.1,0.2,-0.3,-7.1,3.0,10.7,-2.3,-1.5,-13.5,2.5,-12.1,-8.3
2001-07-01,-0.5,-20.0,2.9,3.2,-2.6,-3.9,5.8,2.6,4.0,-2.6,6.8,11.0,11.2,-8.4,2.0,4.0,0.8,-7.8,-2.6,3.4,3.4,2.4,0.7,3.5,3.0,5.6,-5.0,-1.5,-2.3,1.1,-5.3,-25.4,-3.1,-2.0,3.1,1.9,4.7,2.7,6.7,3.5,2.7,1.9,1.4,5.0,2.0,-5.5,4.4,2.7,4.4,-19.4,17.6,-2.0,-3.2,3.4,-54.8,3.7,3.5,0.8,-4.4,-27.0,4.2,1.6,3.1,-1.2,1.1,-40.4,0.7,3.7,2.2,-0.9,-1.8,-1.6,8.1,7.4,2.4,-0.5,1.1,3.6,4.4,5.5,1.7,3.2,4.3,1.3,0.2,5.2,0.2,5.3,4.2,-13.7,3.5,1.9,1.2,-6.8,-1.1,4.6,-1.2,1.4,2.4,-1.9,0.8,1.1,-13.7,-0.6,10.4,0.5,-2.4,-12.0,3.7,-9.6,-6.1
2001-10-01,-6.6,-12.3,1.5,2.5,-0.1,-4.1,4.5,-0.2,4.2,-2.0,6.1,3.6,-3.9,-14.4,-3.3,-3.8,-4.6,6.7,-5.5,1.7,1.8,0.0,-33.2,3.0,1.8,1.6,-30.1,-2.6,-3.0,-0.4,-4.1,-43.6,-3.8,-4.2,1.2,1.0,4.6,2.7,6.5,2.6,2.5,0.3,2.9,3.0,2.7,-10.1,4.8,2.4,5.0,26.3,1.2,0.9,-4.5,2.9,124.6,-21.1,-0.5,5.0,-2.5,-44.7,3.7,1.6,2.2,1.3,-0.9,-36.4,0.2,3.6,3.6,0.4,1.5,-5.6,6.3,2.9,-4.0,-1.9,-0.7,1.1,3.9,4.0,2.8,2.6,2.8,0.4,0.2,4.1,2.5,0.5,5.2,-8.5,3.1,2.7,1.6,-6.5,0.0,4.5,0.5,2.7,2.2,-3.7,0.3,-0.4,-8.2,2.9,-5.2,-3.1,-1.1,-10.8,3.2,-13.2,-5.4
2002-01-01,5.2,-15.1,1.9,7.7,-4.5,-1.5,5.0,-0.1,5.2,-3.5,6.2,8.9,-5.5,-4.8,3.6,2.8,2.1,1.2,1.2,2.2,2.2,1.4,0.8,2.6,2.9,-0.4,-31.5,-2.9,-3.5,1.4,-1.1,-15.7,-3.7,-1.8,3.3,1.7,4.2,1.2,6.6,2.8,2.6,-1.1,2.2,4.6,-2.4,-2.4,4.1,3.1,4.2,0.1,-8.6,-3.7,0.9,3.1,-0.6,1.7,1.5,-0.6,-2.6,-14.0,3.6,1.8,3.2,-2.0,-1.2,-4.4,-0.9,4.2,2.7,3.4,-4.8,-0.7,6.1,3.6,-3.6,-1.4,2.3,1.1,1.6,3.4,-0.6,1.8,1.6,0.2,0.8,4.6,-3.6,-0.4,5.7,-9.6,2.6,2.4,6.3,-7.3,0.1,4.0,0.5,2.2,4.1,-2.8,-2.3,0.7,-10.0,-0.5,-1.4,-0.3,-0.9,-12.5,4.0,10.2,0.2
2002-04-01,0.1,7.7,1.9,4.5,-1.8,-0.8,5.9,-2.8,5.0,-2.0,6.8,10.0,-4.1,-0.4,2.2,1.0,4.1,4.6,7.6,0.3,0.0,4.0,-32.5,2.1,1.8,10.2,22.4,-0.3,0.6,3.2,-2.1,58.8,-0.2,2.8,3.5,4.9,3.1,2.7,7.4,3.7,3.9,-3.9,3.1,2.0,1.5,0.4,3.4,3.0,3.6,5.2,-2.4,-2.8,3.4,3.9,8.7,-1.4,1.6,4.5,-3.6,62.7,4.5,2.2,3.1,-0.7,3.5,9.5,2.7,5.5,6.7,1.8,-2.5,5.9,5.8,2.9,4.9,-1.7,0.2,3.3,4.2,3.1,1.6,2.8,2.2,-0.1,3.0,4.2,0.0,0.4,3.8,6.1,2.0,4.1,2.9,-5.6,-5.0,3.0,-0.8,3.1,3.0,-5.0,-0.1,-3.1,-17.7,0.0,20.3,0.1,3.9,-9.0,2.5,-2.5,-1.1
2002-07-01,0.5,-12.3,1.7,0.6,-1.7,-2.2,4.7,7.7,3.9,-2.0,6.8,5.3,-1.0,-1.1,-3.7,0.8,6.3,5.8,12.7,-0.3,-0.7,5.1,-1.2,2.6,2.4,16.2,12.6,-2.4,-1.4,2.2,-2.0,11.4,-6.3,-0.1,3.0,5.0,2.8,4.1,7.4,6.2,6.8,-2.0,3.6,2.8,-3.4,-0.1,3.0,2.5,3.2,5.1,11.5,-5.2,0.9,5.6,4.3,-1.0,0.7,4.2,-2.3,11.2,2.5,4.5,1.5,1.2,-1.6,-2.1,4.2,10.5,7.6,2.5,-0.1,1.1,7.1,3.3,-3.1,-3.5,-0.5,1.3,4.3,6.5,1.8,1.4,1.5,-1.8,2.1,3.7,1.5,40.6,3.0,-7.1,2.6,2.6,1.0,-5.9,-7.6,2.8,-2.6,3.3,3.5,0.4,-1.4,5.3,-15.8,-1.8,16.4,-1.6,-1.2,-10.4,2.7,-8.9,-1.8
2002-10-01,1.9,2.6,1.6,3.9,-3.0,-3.0,4.8,0.1,4.1,-2.6,6.5,3.4,1.9,5.9,-3.2,3.7,5.5,5.4,7.5,0.9,0.8,5.0,-5.2,2.4,2.3,-0.8,25.3,-2.4,-1.6,2.4,-3.4,20.0,-6.6,-0.1,2.7,1.1,3.0,3.6,7.0,5.1,6.2,0.7,3.3,2.2,-5.1,5.2,2.9,3.2,3.0,5.4,-1.6,-0.3,3.8,4.9,2.8,-2.4,1.4,3.6,-4.5,19.5,3.3,-1.4,1.6,-1.4,-3.8,18.0,4.8,14.2,9.2,-6.6,1.1,1.4,6.4,0.5,-1.0,-1.5,-2.2,-1.0,2.4,2.3,2.0,2.7,1.5,-1.2,1.9,3.6,0.9,1.3,3.8,2.0,2.3,3.2,0.1,-5.2,-4.7,3.0,-4.0,3.0,2.3,-0.9,2.4,0.2,-17.6,-0.7,-4.8,-4.7,1.7,-9.6,3.3,-1.7,-2.7
2003-01-01,-1.6,4.0,1.3,3.0,-8.8,-4.2,8.1,0.8,2.4,-5.0,7.5,9.0,2.6,16.5,-3.6,-2.4,4.5,5.5,12.2,2.2,2.3,4.4,30.5,1.8,1.4,12.2,130.5,-2.5,-2.4,4.2,-4.7,78.7,-2.0,2.3,2.9,2.3,3.4,3.5,7.7,6.0,6.3,-4.3,3.9,4.4,-6.5,12.8,2.7,4.2,2.6,6.9,0.1,-7.9,4.1,5.4,0.2,0.8,0.9,4.2,-4.6,74.4,3.2,3.1,1.8,-6.0,0.3,61.0,9.3,14.2,9.3,-12.9,-4.2,6.9,6.1,4.7,-2.1,-3.3,-1.6,-0.4,5.4,4.9,0.8,2.5,2.4,-2.5,3.1,2.4,-0.7,1.3,6.7,3.2,1.8,4.0,-2.6,-6.5,-1.3,3.4,-4.5,3.6,2.1,-1.8,-1.4,0.9,-16.5,1.7,-0.4,-1.2,2.2,-10.2,3.0,-9.5,-4.4
2003-04-01,1.6,3.0,1.1,2.1,-1.2,-4.1,7.1,-4.4,5.5,-4.3,7.4,3.4,8.7,16.2,-8.5,9.7,11.2,10.0,12.9,2.6,2.9,2.0,25.7,2.0,1.9,16.5,-30.1,-4.2,-3.9,-0.7,-3.7,-43.1,-4.8,-5.4,1.2,14.6,2.7,4.7,7.9,5.7,6.1,-6.1,4.2,1.6,0.6,12.9,1.4,3.2,1.1,8.3,2.7,-2.2,-0.9,5.0,8.4,-3.5,-0.6,4.0,-4.0,-44.3,2.0,-1.2,1.7,-2.6,3.3,35.8,8.5,10.7,7.4,-5.6,-1.4,-6.0,6.0,3.9,-6.0,-1.8,1.0,0.2,3.1,3.9,3.6,0.9,3.2,1.1,0.4,1.4,4.8,1.3,4.3,6.1,2.0,2.1,-1.7,-8.0,-1.5,2.7,0.1,3.7,1.7,-3.7,-1.3,-5.6,-14.9,1.0,-4.2,-1.9,3.0,-12.6,4.3,-13.3,-3.7
2003-07-01,6.6,11.1,1.9,2.9,2.2,2.1,12.8,-2.2,5.1,-4.0,11.5,5.1,0.9,1.0,-1.4,2.0,6.1,6.0,10.6,3.3,3.5,3.5,26.5,2.3,2.9,1.9,-16.4,-4.2,-4.4,3.0,1.6,36.5,-6.0,1.9,3.2,8.6,2.6,3.7,13.2,4.9,5.2,-1.6,3.3,2.1,0.2,2.0,2.1,2.1,1.9,5.7,-1.2,1.7,6.7,4.9,1.5,-2.4,-0.2,2.7,-0.4,43.2,2.3,0.0,1.1,-2.9,-4.0,1.5,8.0,6.9,5.4,-9.1,-0.6,5.7,4.8,3.6,4.0,-0.3,-2.0,1.6,3.3,3.0,2.4,1.8,3.6,-0.4,2.7,3.8,2.1,0.7,3.3,9.8,2.3,2.9,-1.2,-7.2,-0.8,2.6,8.7,3.1,2.2,4.9,-2.1,-2.6,-16.2,0.0,3.6,-3.6,3.7,-13.2,4.8,-8.7,2.9
2003-10-01,6.2,2.3,2.7,3.0,-5.3,-0.3,9.1,-1.2,4.4,-3.6,9.3,3.7,0.6,-2.6,1.7,4.4,6.4,5.7,8.5,4.7,5.1,2.3,42.1,2.8,3.2,9.2,1.2,-1.6,-2.6,1.5,0.0,3.7,4.3,-0.3,4.1,3.1,2.1,3.7,10.1,4.7,4.6,-4.4,3.3,2.3,-6.3,-0.3,2.7,2.3,2.7,4.6,-5.5,-5.0,4.0,4.9,4.2,-10.9,-1.5,1.2,3.8,3.9,2.2,0.4,1.9,-4.6,-5.0,-9.5,5.2,8.0,3.6,-14.5,-1.0,1.7,6.5,4.9,-1.5,-4.0,1.3,-0.8,3.6,4.1,2.6,4.6,2.7,-0.7,2.0,1.8,0.9,0.5,3.9,2.2,2.8,2.0,0.2,-3.9,-2.4,2.2,17.6,3.3,3.3,2.3,-3.7,-0.7,-15.8,1.4,-0.2,-0.7,2.0,-6.4,6.4,-10.2,-1.7
2004-01-01,0.8,-3.6,1.8,1.3,-4.2,-1.8,4.8,0.0,4.8,-0.3,8.1,6.9,0.4,4.5,-3.4,6.9,0.5,2.1,-5.6,1.8,1.8,3.1,-24.4,3.4,3.1,9.9,52.6,0.8,2.2,3.4,-1.5,42.1,-2.7,3.3,3.0,3.4,2.5,4.8,9.6,5.7,6.0,-3.1,3.3,2.7,1.5,5.0,2.4,2.8,2.1,4.4,-0.8,4.3,4.0,5.3,5.7,-5.2,0.2,4.2,-1.7,41.1,2.3,0.5,0.9,0.6,0.0,14.3,4.8,7.5,1.8,4.1,-0.7,5.5,5.8,4.6,-2.9,1.7,-2.5,2.4,4.3,4.3,3.8,1.7,2.2,2.4,3.1,2.8,4.8,5.8,5.6,-1.5,3.5,3.2,1.2,-3.8,2.1,2.5,22.9,3.0,1.7,-2.1,6.0,-0.3,-13.6,3.1,2.9,6.5,0.1,-7.8,6.4,-0.2,-1.2
2004-04-01,12.7,-11.5,3.6,3.6,-6.2,2.0,5.6,-2.8,4.5,-0.3,7.1,4.7,2.2,3.6,3.1,5.5,3.8,4.0,2.2,4.4,4.5,3.3,43.4,3.0,4.3,-4.3,10.3,-0.9,-1.4,3.1,1.8,10.7,2.1,2.3,4.1,4.6,3.3,3.2,7.8,4.4,4.5,-2.8,3.0,3.2,-0.5,4.3,3.2,3.4,2.9,4.2,-8.5,6.6,4.8,4.5,6.2,-4.3,2.1,0.9,0.1,10.7,1.6,0.1,0.4,1.6,-1.6,6.6,3.7,8.7,2.6,4.5,0.6,3.8,6.0,4.0,2.6,1.9,-2.6,1.8,4.5,1.9,1.9,3.2,2.7,-0.3,2.7,4.4,0.5,1.5,4.6,-6.2,3.0,2.6,2.1,-3.5,1.4,3.3,21.6,3.0,4.0,-4.7,4.5,-2.3,-14.0,1.0,1.0,0.2,-1.8,-6.4,6.4,10.0,3.7
2004-07-01,3.5,4.8,1.1,2.9,0.4,-1.4,11.2,-0.9,6.2,-3.0,8.5,2.4,4.9,9.3,-4.6,1.6,3.4,3.3,5.2,1.8,1.9,0.9,-3.1,3.9,3.9,5.8,31.3,-2.3,-3.2,2.6,-1.8,15.0,3.4,0.3,1.4,5.8,3.2,2.5,8.4,3.7,3.7,-5.6,3.2,3.1,-1.5,8.6,2.7,3.6,2.3,3.3,4.3,-5.8,4.0,3.5,3.3,-1.1,1.4,2.0,-1.1,13.7,3.0,2.0,2.1,-1.2,0.6,19.4,3.0,7.1,3.5,3.3,-3.6,2.3,6.1,3.6,0.4,-2.6,-0.2,0.3,3.0,3.5,1.3,1.5,3.7,-3.0,2.0,2.2,-0.1,1.7,4.5,5.0,4.0,2.5,-2.9,-6.4,-4.7,3.2,17.2,2.9,0.1,-3.1,-5.5,-1.8,-13.1,2.7,6.4,-0.3,3.0,-8.4,6.5,3.0,-2.4
2004-10-01,5.7,5.9,2.9,1.9,1.7,-0.7,9.9,-2.2,4.7,0.5,8.4,3.6,-0.4,5.2,2.6,-0.1,1.4,2.4,3.1,2.7,2.7,4.2,7.5,2.5,3.0,15.1,72.4,1.8,2.9,4.4,-1.5,50.8,0.2,4.7,3.4,-2.7,2.3,2.4,8.6,3.3,3.1,-1.1,2.8,2.9,3.7,5.0,2.0,2.5,1.8,4.0,-1.6,-1.1,6.2,3.7,5.5,-0.3,4.7,1.8,-4.5,49.0,4.1,1.9,2.8,5.1,3.5,18.4,4.2,4.8,1.4,10.3,3.4,7.3,6.4,4.0,3.2,-0.7,-0.4,2.1,3.6,4.3,1.4,1.1,2.7,1.3,3.5,2.6,0.7,2.2,4.0,3.0,2.5,2.7,1.8,-6.1,-1.4,2.3,13.4,2.8,4.6,-2.4,-1.8,-2.7,-5.2,-0.3,1.1,3.3,2.8,-9.8,4.2,4.0,0.0
2005-01-01,5.3,10.0,-0.1,1.9,-1.2,0.0,10.4,0.2,7.0,-0.9,7.5,2.8,6.9,4.0,7.8,8.5,6.4,4.8,4.5,-0.9,-1.0,2.5,-3.2,3.6,3.9,5.8,12.5,0.8,-2.1,2.1,-0.9,-5.8,-2.2,-0.7,5.0,4.5,3.2,4.5,7.1,3.8,3.8,12.2,3.9,4.4,2.1,4.4,2.9,3.1,2.7,2.5,-2.6,-2.6,3.6,4.2,-0.3,-3.3,0.3,2.8,4.0,-7.3,3.1,3.7,2.6,2.3,-0.1,-2.0,4.2,5.8,2.2,-1.4,3.8,-0.7,6.2,4.0,4.1,-1.8,1.4,1.2,4.7,4.3,5.2,4.9,5.3,-1.2,2.3,1.9,4.9,0.3,3.1,7.8,3.6,2.5,-2.0,-6.0,-6.2,3.2,11.4,4.1,4.5,0.6,3.6,0.6,-12.3,1.7,10.8,6.5,4.3,-11.2,5.9,-1.8,-3.6
2005-04-01,2.0,6.4,0.5,-1.2,2.1,-1.8,5.5,-0.3,5.7,-0.6,7.1,6.0,8.8,12.0,0.3,-1.2,3.3,3.5,7.9,4.1,4.7,3.3,2.8,2.7,2.6,1.3,23.2,1.4,-0.7,2.7,-2.5,8.6,4.6,1.5,2.8,6.0,3.1,2.9,7.9,3.6,3.5,5.0,3.3,5.8,-0.5,10.2,2.4,3.6,2.1,3.8,-2.7,-4.8,3.2,3.6,4.7,0.1,3.4,3.6,-1.8,7.4,2.7,0.7,3.3,1.6,-1.9,19.2,4.4,5.5,1.0,6.3,-0.3,2.7,5.9,4.0,1.2,-2.4,4.9,1.1,4.2,3.6,2.2,1.8,4.7,1.8,2.5,3.1,1.6,1.6,4.3,6.0,2.7,2.2,0.4,-4.2,-2.2,3.1,7.8,3.1,2.6,-0.5,4.3,-0.1,-17.6,1.8,1.7,3.4,4.2,-8.4,5.0,-1.8,-3.3
2005-07-01,-5.0,4.1,1.2,3.2,-9.8,-2.6,6.5,-1.6,3.6,-2.9,5.8,5.0,9.3,16.5,0.2,1.3,3.9,4.0,6.6,0.5,0.4,0.2,-21.6,2.8,1.7,1.5,58.7,-3.1,-3.2,6.1,-4.3,121.8,-8.0,6.8,2.9,7.7,3.1,2.5,5.8,3.7,3.9,0.9,3.2,3.6,-2.1,13.4,2.5,4.1,2.3,4.1,-2.1,6.2,8.7,3.7,6.0,-4.3,-1.4,3.0,-5.7,128.2,3.9,4.0,4.1,-3.0,-1.9,34.0,4.5,3.2,0.9,-0.4,-5.2,12.9,5.0,2.7,5.0,1.6,4.6,2.3,3.9,2.0,1.2,0.9,2.1,2.7,4.4,4.2,0.7,1.6,4.3,5.2,2.9,4.0,0.4,-4.4,0.0,3.1,5.2,3.1,4.1,1.7,6.1,-1.7,-12.2,0.5,7.5,-0.3,4.5,-9.7,4.4,3.8,-2.8
2005-10-01,9.4,21.9,1.0,6.1,-4.8,-0.9,4.5,1.1,5.9,-0.9,5.6,7.3,15.5,42.3,1.7,4.3,5.6,4.5,7.0,2.2,2.4,4.2,20.6,3.1,3.9,-0.7,30.7,-0.7,0.7,3.8,-0.3,-2.4,-6.2,0.4,4.4,7.3,3.1,3.8,5.9,5.6,6.0,-0.6,4.9,4.9,1.1,32.3,2.6,7.0,2.5,2.7,1.0,-1.3,4.9,5.2,3.8,1.3,0.7,4.1,-0.9,-4.6,5.4,3.0,4.5,2.6,-1.9,118.9,3.3,3.3,-0.3,4.3,1.7,1.2,5.6,3.6,-3.2,1.4,2.2,2.7,4.4,2.7,1.8,1.7,1.9,-0.1,3.2,5.5,0.8,4.7,3.2,16.2,3.0,4.5,-1.6,-6.5,1.7,3.1,2.8,4.8,4.4,-3.6,-0.1,0.9,-13.0,7.3,3.7,1.1,8.1,-9.8,4.9,-2.0,0.5
2006-01-01,7.5,8.6,2.6,2.0,5.6,-1.4,9.0,1.8,4.6,-1.7,7.2,6.6,27.0,6.4,3.3,1.1,4.4,3.1,7.9,1.9,1.9,3.2,-1.9,3.4,4.0,7.4,-5.8,0.0,-0.9,2.1,-2.5,-5.5,-1.7,-0.3,3.6,4.7,3.1,2.5,7.1,3.4,3.7,4.5,3.4,3.4,2.3,6.1,3.3,3.7,3.4,1.1,7.5,-2.1,4.1,3.7,-0.1,1.7,3.6,3.7,-2.5,-5.5,4.2,3.9,2.7,0.9,1.2,-25.4,2.8,2.8,-1.2,0.5,0.5,0.4,5.7,1.6,3.4,-1.2,-0.8,2.6,2.7,4.6,1.5,1.9,4.4,0.8,2.1,4.3,0.4,18.9,4.4,7.1,3.4,2.7,-1.7,-6.4,-1.9,3.1,1.5,3.4,3.0,-1.4,0.1,-0.1,-14.5,0.5,4.3,1.2,4.1,-10.4,5.4,1.0,-3.4
2006-04-01,5.3,4.7,2.0,4.1,2.9,4.1,4.8,1.0,6.8,-1.8,6.3,6.2,3.1,-10.2,0.7,6.9,11.9,8.3,17.2,0.1,-0.2,4.3,-12.9,3.6,3.8,9.5,21.0,-0.4,-0.3,3.7,4.9,32.8,-3.1,3.1,3.4,2.0,4.1,3.3,6.8,4.1,4.4,1.0,3.9,2.9,2.1,-6.8,4.6,2.7,4.8,3.0,7.8,9.5,6.3,4.3,2.1,-0.8,2.0,3.0,0.1,33.8,4.4,6.5,3.7,-1.0,1.0,-34.3,4.5,1.5,1.3,-4.4,-1.1,6.0,5.7,3.0,1.0,2.9,2.3,2.4,4.1,4.0,2.4,2.4,4.3,-1.1,3.6,4.2,1.4,0.7,3.1,3.7,3.6,3.6,-0.3,-6.2,0.3,4.1,3.1,3.8,4.1,3.1,4.1,0.2,-22.8,1.9,1.8,1.6,3.7,-12.3,4.8,1.3,7.9
2006-07-01,0.5,-0.7,0.0,2.2,2.3,-1.3,2.8,0.8,4.4,-1.8,6.3,5.1,5.2,1.9,0.5,-1.7,-0.5,0.8,0.8,2.7,3.1,5.2,14.7,3.3,2.9,5.1,5.0,-0.1,-0.6,3.8,-0.6,23.6,-2.5,2.3,3.4,5.0,4.7,3.5,7.0,4.5,4.5,3.8,3.3,2.9,0.5,2.5,4.7,4.4,4.8,2.9,-14.9,6.7,4.3,4.5,3.8,2.1,-0.6,4.1,0.1,25.2,3.5,5.1,2.3,-0.6,2.1,-5.9,3.6,2.1,0.2,-4.4,-0.1,4.7,7.0,4.7,-4.3,2.0,-0.3,1.4,2.8,4.0,2.3,2.6,3.7,1.3,2.9,3.3,1.6,1.9,5.4,1.1,3.3,3.4,-0.8,-6.3,-1.9,4.7,3.8,3.2,3.7,-6.3,6.7,3.1,-19.9,1.1,1.7,0.8,1.9,-10.5,4.8,-4.5,-1.2
2006-10-01,5.0,-13.2,0.4,1.6,-5.1,-0.3,3.2,-7.2,5.0,-2.5,5.8,8.2,-0.7,-2.8,-1.2,8.4,5.3,4.6,2.2,1.9,2.1,2.9,-7.1,2.7,3.0,5.3,-22.4,0.1,-0.6,-1.6,-0.7,-47.9,-3.7,-6.7,2.3,1.2,4.6,2.4,6.8,3.5,3.6,6.7,2.9,5.3,-2.0,-1.0,4.1,3.2,4.0,3.4,-52.8,3.6,-4.4,3.5,7.1,1.7,2.0,3.9,-1.2,-49.6,3.7,2.7,3.5,-1.8,-2.2,-8.1,2.5,1.2,0.2,-1.7,-2.9,-8.9,4.6,2.7,1.2,2.0,3.1,0.2,4.0,3.1,1.1,1.2,3.8,4.5,-0.7,-0.7,0.1,-0.6,5.3,-8.2,2.7,1.7,2.4,-7.6,-0.7,4.6,3.8,2.7,2.6,-2.9,-1.1,3.0,-10.4,2.0,1.1,0.2,-0.4,-12.0,4.5,-3.2,0.0
2007-01-01,5.8,1.4,4.0,-0.6,-3.1,0.2,4.2,-3.1,4.8,-2.1,5.5,9.7,7.2,10.0,4.3,6.4,2.6,2.2,-1.2,5.4,5.6,2.9,36.3,4.1,4.4,5.2,3.4,-1.0,-1.5,4.0,0.7,21.7,-3.3,2.8,3.9,0.5,4.6,6.5,6.0,3.6,3.0,1.5,4.2,1.9,-0.2,8.9,3.6,4.4,3.3,1.7,-28.7,10.1,5.7,3.7,3.6,-0.4,0.9,4.1,-5.7,23.3,3.2,2.6,2.6,-0.8,-9.3,17.0,1.0,1.9,0.2,-0.8,-1.6,5.7,5.1,6.3,-1.8,4.1,1.5,2.4,5.5,2.4,10.0,4.2,3.7,1.9,3.7,-0.3,15.2,4.1,3.6,1.1,4.2,3.1,0.6,-7.1,0.3,4.7,3.8,4.2,4.0,1.0,-4.6,1.1,-12.9,1.8,20.4,1.6,2.2,-10.9,5.3,2.3,4.8
2007-04-01,7.9,5.9,4.4,2.2,-5.8,-3.4,4.8,2.8,3.9,-1.9,5.3,8.7,3.5,5.5,0.1,1.5,4.8,3.4,8.5,5.6,5.8,4.1,7.9,3.6,4.3,9.8,19.7,-0.3,-2.8,4.6,-3.4,51.0,3.5,4.4,2.2,-1.1,3.8,2.1,5.6,2.8,2.4,5.7,3.0,1.8,-2.7,5.5,2.5,3.0,2.2,1.0,6.3,-1.3,7.5,2.9,-0.1,1.3,1.7,3.6,-1.2,53.9,3.1,2.4,1.0,0.2,0.3,10.2,3.8,3.2,-3.3,-0.2,-0.1,8.1,4.7,4.7,-3.5,-1.1,-3.6,0.3,4.9,3.9,1.3,2.0,3.4,1.4,3.4,0.8,0.2,6.3,4.7,3.3,3.6,3.7,1.0,-6.0,-1.8,3.8,2.3,2.9,2.2,2.9,-1.9,1.6,-16.8,0.7,1.8,-0.7,1.7,-10.4,5.4,-1.2,-4.3
2007-07-01,6.0,10.0,2.2,0.8,-1.8,-3.7,1.7,1.4,7.1,-2.7,4.4,8.5,3.4,-1.9,4.2,3.1,5.1,4.2,7.2,4.5,4.9,2.6,0.7,4.8,5.0,8.6,14.3,-2.6,-3.7,2.5,-5.1,7.7,-1.7,0.9,3.2,2.9,3.4,2.6,5.0,3.1,2.5,0.2,3.0,2.2,-2.8,-0.2,2.7,2.2,2.5,2.8,-0.2,2.6,5.0,2.9,2.7,1.1,2.9,-1.6,1.9,7.1,3.5,3.3,3.6,0.5,0.5,-13.1,3.5,2.0,1.6,0.0,0.0,2.8,4.7,5.6,1.9,1.0,4.0,2.0,3.7,3.2,2.1,1.4,2.7,-1.8,2.3,4.7,1.1,7.7,2.3,7.1,4.8,0.7,-0.2,-8.1,-0.6,3.4,2.0,3.0,3.8,-6.2,-0.1,1.0,-16.1,2.5,4.7,-1.9,4.7,-11.8,5.3,-0.6,-9.0
2007-10-01,0.3,14.5,1.5,4.9,7.2,2.0,9.6,0.2,6.6,-1.7,7.7,6.7,5.9,3.9,-5.4,8.1,7.5,4.9,7.0,4.3,4.7,1.3,4.9,3.6,3.1,11.5,73.4,-2.6,-4.8,5.0,2.3,40.9,1.4,5.0,2.9,3.7,4.2,4.4,7.7,6.7,7.1,1.2,4.1,1.7,2.0,4.1,3.5,3.6,3.3,0.6,-0.8,6.5,6.2,5.9,-3.7,0.3,0.5,3.7,1.8,38.6,3.0,6.0,3.2,0.6,-3.3,-0.5,2.6,0.9,2.3,0.0,-0.5,8.7,5.7,4.6,0.9,1.9,3.8,3.0,4.4,3.8,1.8,2.8,2.9,1.3,4.1,4.2,-0.1,3.5,2.5,10.5,3.7,4.4,3.3,-5.0,1.0,4.2,2.2,3.7,2.7,-3.7,1.1,0.0,-14.7,0.7,5.0,-0.7,5.5,-8.0,4.7,4.7,2.0
2008-01-01,5.6,4.9,4.0,3.1,1.4,-0.8,2.7,0.6,5.7,-1.1,5.6,5.4,1.2,5.1,3.0,-1.7,-2.7,-0.9,-3.6,5.4,5.6,3.2,-17.9,3.9,4.2,10.2,56.4,1.2,1.4,4.4,-1.5,26.8,7.3,4.2,2.4,7.0,3.5,2.3,6.5,1.6,1.4,-3.3,2.8,3.9,2.8,5.4,2.8,3.2,2.6,1.9,-0.5,11.0,6.9,2.3,-0.1,0.9,1.5,3.2,1.9,24.7,5.7,5.7,4.9,-2.6,4.2,16.4,3.8,1.1,1.0,-8.7,-1.5,7.0,5.5,2.9,1.9,4.4,3.2,3.0,4.1,4.5,3.1,3.2,6.7,-0.7,3.3,2.9,2.4,7.7,6.4,5.3,4.0,3.6,1.2,-3.7,2.5,3.5,1.0,2.9,2.6,4.9,1.0,0.2,-12.2,2.4,8.2,-1.9,5.0,-7.9,6.4,-4.9,-3.7
2008-04-01,-5.6,23.7,3.3,0.0,-3.8,-2.1,4.1,3.4,4.2,-2.6,5.5,6.8,11.7,29.7,2.5,-3.2,-6.5,-3.4,-10.0,8.3,9.1,5.0,12.9,4.5,2.9,20.4,100.8,-2.3,-3.5,5.3,-3.5,36.6,-3.4,5.1,2.8,4.7,3.4,2.2,6.1,2.6,2.3,2.2,3.4,6.4,5.5,23.2,2.4,5.4,2.1,1.9,0.0,10.2,5.6,2.9,0.9,4.8,1.1,3.3,0.3,32.3,5.5,3.6,5.3,-3.5,3.6,82.1,2.6,2.1,2.1,-9.3,-2.3,9.1,4.8,3.6,3.6,5.0,5.0,2.2,5.8,6.5,1.8,3.3,6.2,2.4,4.0,-0.7,0.3,7.2,5.4,16.3,4.5,3.3,2.2,-5.2,3.2,3.4,0.0,3.4,2.9,5.5,1.1,3.8,-4.9,1.2,5.8,-0.8,8.8,-10.6,4.9,-0.8,-5.5
2008-07-01,-0.2,7.1,3.0,1.8,-5.6,2.6,5.1,4.5,3.9,-1.3,5.4,9.2,15.5,18.1,2.6,-3.0,-4.1,-2.1,-5.2,9.4,10.4,8.7,15.5,5.9,4.9,4.3,4.2,2.4,2.5,6.3,3.1,40.4,-0.5,6.9,2.5,7.9,4.0,2.3,5.4,2.1,1.8,5.7,3.1,5.1,1.1,15.5,2.4,4.4,2.1,1.4,5.2,6.4,7.2,2.5,-1.2,0.1,4.9,3.3,-3.0,43.7,7.5,8.1,5.8,-3.0,-0.1,24.0,3.3,2.1,1.1,-10.6,-1.9,11.0,6.0,3.3,0.5,1.1,2.5,2.2,6.4,3.6,2.6,4.1,4.8,0.6,4.3,0.3,1.3,11.2,1.9,7.0,5.8,4.1,0.9,-3.4,4.0,3.9,-0.7,3.1,2.6,8.3,2.0,3.7,-8.3,-3.5,10.5,0.2,6.2,-8.3,7.8,-1.7,7.8
2008-10-01,-3.9,-5.3,5.5,2.3,3.8,-3.2,3.5,0.9,1.4,-2.8,5.8,7.3,4.3,-14.5,-5.2,-18.8,-22.8,-14.5,-27.1,4.7,4.6,5.7,-27.1,4.9,3.5,-17.2,-71.4,0.0,-1.2,-8.9,-3.9,-81.2,-0.2,-16.7,0.5,5.2,3.4,2.4,6.1,3.0,2.8,3.0,-0.4,-0.6,4.0,-9.5,2.4,0.4,2.2,2.0,4.0,-0.6,-14.9,2.8,0.0,2.8,4.7,1.1,-0.9,-81.9,4.9,7.6,7.0,-4.8,1.5,-46.2,3.4,1.5,2.3,-10.2,-5.6,-22.5,7.0,3.7,0.0,-0.8,11.0,2.4,4.2,2.5,1.8,1.7,3.7,3.2,-6.2,3.8,1.9,-2.5,2.8,-2.1,4.9,-1.3,3.5,-4.0,1.3,3.4,-1.2,-0.6,0.9,7.2,3.9,0.6,-16.0,0.7,2.4,2.4,3.8,-9.6,7.7,-11.6,-6.5
2009-01-01,-5.3,-24.6,2.8,1.7,1.3,2.8,5.3,1.7,3.6,-2.1,5.5,5.4,3.4,-7.7,-6.2,-16.3,-24.8,-15.1,-33.5,-1.3,-1.9,4.3,-27.7,3.5,2.1,-16.2,-58.2,1.5,-0.3,-2.7,3.1,-58.3,7.2,-6.9,0.5,3.8,2.4,3.3,5.8,3.5,3.5,3.2,-0.4,-1.0,3.0,-5.1,2.1,0.9,2.1,4.4,9.0,-0.1,-7.5,3.2,2.6,-3.2,3.2,1.9,9.9,-58.3,4.7,3.7,9.3,-1.2,-0.1,-30.8,5.8,1.5,4.4,-9.6,2.8,-9.1,4.3,3.4,1.9,-0.4,19.1,4.8,4.3,1.4,3.1,1.0,1.7,4.1,-2.7,3.7,4.3,-6.3,3.1,-15.8,3.5,0.8,1.1,-6.7,0.2,2.4,-1.7,-0.6,0.9,3.4,-3.9,0.8,-13.6,4.0,23.0,-0.3,0.2,-11.1,3.5,-21.3,-0.3
2009-04-01,-8.7,-19.3,1.0,2.2,5.0,2.9,5.0,1.0,2.9,-1.0,5.4,6.6,-3.7,-15.9,-2.3,-1.0,-4.6,-2.1,-8.6,-3.6,-4.3,2.1,-0.2,2.3,0.6,-8.8,-7.8,0.6,1.6,2.1,2.6,41.4,-5.0,4.5,1.2,-1.2,1.9,2.4,5.9,2.8,2.7,-0.1,0.4,0.4,1.6,-10.8,1.8,-0.3,1.8,2.2,1.7,1.7,-0.8,2.5,2.0,2.2,6.0,-4.1,-3.2,47.3,1.6,2.2,3.1,2.2,2.1,-41.1,1.9,1.9,3.0,-3.6,6.0,7.2,3.9,3.4,4.2,0.7,6.0,10.5,1.4,1.3,2.0,1.0,2.9,1.7,1.6,4.6,2.4,2.1,1.4,-13.1,2.3,-0.2,-3.5,-6.3,-1.1,1.9,-1.3,0.3,0.7,-6.1,4.8,0.7,-11.2,1.6,90.2,7.5,-2.6,-9.1,6.1,-7.2,5.7
2009-07-01,-5.2,13.8,2.7,2.2,-0.6,0.8,4.5,1.8,2.7,-3.0,5.9,9.7,-4.8,-5.4,-0.8,12.3,5.7,4.7,-2.0,-2.2,-3.0,-0.8,-12.9,1.0,0.0,3.0,23.5,-5.8,-6.0,3.5,0.1,87.0,-1.8,5.0,2.2,8.0,0.3,2.5,7.0,3.2,3.0,-7.5,1.9,0.7,0.3,-2.3,0.3,-0.1,0.3,3.2,-1.3,-0.2,6.8,3.2,3.4,-1.6,2.7,6.2,-5.0,93.5,1.8,-1.3,0.9,4.3,0.1,-7.1,2.7,5.4,3.9,11.9,1.7,9.0,3.3,4.3,3.5,-1.6,-1.0,2.9,2.4,2.2,1.7,1.3,1.5,-1.7,2.8,3.7,1.8,10.3,1.6,11.4,1.0,4.0,4.0,-9.1,-1.4,0.3,-2.0,1.7,1.9,-0.2,-0.9,1.7,-15.7,-0.6,12.9,-7.7,4.2,-14.9,7.0,0.5,3.2
2009-10-01,6.9,20.2,1.6,1.0,-4.1,-0.7,0.7,-1.0,2.8,1.4,4.8,5.8,3.8,5.3,-4.3,15.4,17.5,12.4,20.1,0.0,-0.2,5.9,53.3,1.8,2.6,15.6,38.6,-4.5,-4.7,3.2,-1.8,28.7,-1.2,3.3,2.4,4.7,-0.8,3.9,6.4,5.2,6.2,-6.1,3.4,-0.2,-2.0,5.6,-0.6,0.3,-0.6,4.3,-3.3,5.1,6.7,4.8,4.2,0.2,2.5,-2.4,-1.6,27.9,2.9,1.9,0.5,12.7,2.8,9.6,3.9,6.7,5.1,26.0,8.9,4.2,3.0,0.4,3.5,3.2,-4.2,1.5,0.8,3.7,2.3,2.0,3.6,-1.6,3.1,4.2,2.3,4.9,6.4,14.3,1.7,0.3,-0.8,-6.5,-5.5,-0.8,-2.0,3.1,1.5,-2.4,2.2,-1.0,4.9,1.3,7.4,-5.3,5.0,-10.2,6.5,3.3,-1.6
2010-01-01,1.0,9.5,-2.6,0.3,3.2,-0.1,3.7,-0.8,1.8,-2.1,4.3,4.9,-1.9,1.7,-0.3,3.0,12.8,9.6,25.6,1.7,2.3,3.1,14.2,0.8,0.8,5.5,32.1,-3.8,-4.4,0.7,-0.3,6.2,-3.8,0.6,1.7,2.8,-0.1,2.4,4.4,2.3,2.4,-2.9,2.1,-0.8,1.0,2.9,-0.5,0.0,-0.6,4.6,5.7,-3.8,1.8,2.4,1.8,0.4,1.0,-2.6,-0.9,4.3,1.0,3.4,-0.6,4.2,1.5,13.3,7.9,0.8,1.5,13.4,-0.7,1.9,4.6,2.1,0.5,-4.3,-3.7,1.2,0.5,2.4,2.5,2.0,2.0,0.7,1.6,3.3,3.0,12.8,2.9,7.1,0.7,-0.6,-3.9,-6.2,-3.4,-0.1,-1.0,2.0,2.2,-5.5,0.4,-3.7,-22.2,-1.8,3.5,-2.3,2.0,-8.0,6.6,8.1,-0.4
2010-04-01,5.5,8.7,0.4,0.4,0.3,-2.5,3.8,0.2,4.0,-3.5,5.1,4.3,4.8,1.0,-2.6,6.7,10.2,6.9,14.3,1.3,1.4,3.1,-2.9,1.2,1.8,5.9,-1.3,-4.9,-6.8,-0.1,-2.6,-12.6,1.1,-2.3,1.0,4.4,0.6,2.2,5.6,2.1,2.3,-5.3,2.3,1.7,-4.5,2.2,0.1,0.4,0.0,1.6,1.1,8.8,1.6,2.4,0.6,-6.4,-2.3,5.5,-0.3,-13.5,2.3,1.6,-0.2,-0.9,-2.1,-9.5,2.3,0.6,1.4,-1.2,-1.5,-1.8,4.4,1.5,-1.9,0.6,-5.3,0.3,4.8,2.8,2.2,1.2,2.1,-3.8,0.6,4.1,2.4,0.8,2.6,7.1,1.1,2.5,0.0,-7.3,-3.9,0.6,1.8,2.0,0.9,-0.7,-2.8,-0.2,-8.4,-2.8,8.0,-0.5,2.2,-10.9,5.6,3.7,-4.2
2010-07-01,1.8,-5.7,2.3,0.5,-1.1,-1.7,5.3,0.5,2.6,-2.9,3.9,-0.4,-0.2,0.0,0.9,-2.2,-0.4,0.5,1.5,0.5,0.2,-1.1,11.4,1.5,1.6,0.9,-11.3,-5.0,-6.2,1.2,-1.9,6.6,-6.1,-0.1,1.4,5.8,0.6,1.7,3.7,1.2,1.4,-0.4,1.2,0.9,-1.4,1.2,0.5,0.7,0.5,2.1,-1.4,-0.5,2.1,1.6,0.9,2.1,-0.4,1.4,-0.1,8.1,1.6,3.0,1.0,1.2,-2.0,0.6,2.5,3.7,2.3,-0.2,1.4,1.2,3.0,0.3,-0.9,-0.6,-0.2,1.1,5.1,2.0,2.4,1.5,1.8,1.0,0.8,1.8,2.8,1.7,2.9,-2.2,1.6,1.5,-0.8,-7.0,-2.8,0.6,4.8,1.2,2.0,-2.3,1.6,0.9,-6.2,0.1,8.5,-4.2,-0.1,-10.7,4.6,-10.9,-2.9
2010-10-01,0.9,2.1,-0.2,1.0,-6.4,-1.2,4.1,-1.0,2.8,-1.2,3.1,4.0,-0.4,-2.8,2.1,13.1,6.7,4.8,-0.2,1.6,1.9,5.3,24.3,2.1,1.9,7.7,43.8,-3.9,-3.0,3.3,-1.6,51.9,-5.0,4.5,1.8,4.7,1.1,1.7,2.8,1.9,1.2,-7.8,1.6,-0.5,-1.5,-0.8,0.9,0.6,0.8,1.7,-1.4,8.3,4.8,1.7,1.2,-2.8,-1.2,-3.1,-1.3,52.5,2.5,1.4,1.6,2.5,-3.4,-9.7,0.8,4.2,4.3,3.6,2.1,7.3,3.4,5.3,0.3,3.5,-0.3,1.1,1.5,1.5,1.4,0.8,-0.1,-2.4,2.6,3.2,1.5,6.8,2.3,2.8,2.0,0.1,-1.1,-5.8,-0.8,1.1,7.6,1.7,1.9,-4.7,0.7,-1.6,-1.9,2.8,2.2,0.4,2.0,-8.0,5.1,-4.3,-1.1
2011-01-01,2.6,24.2,0.3,1.0,-5.4,1.8,3.1,-3.8,1.2,0.0,5.2,7.9,1.3,0.5,3.2,7.0,0.5,2.3,-6.5,6.3,7.3,2.3,42.3,2.0,2.1,3.1,81.7,-0.4,0.1,4.3,1.7,45.2,2.5,6.4,2.7,12.8,2.2,1.5,6.1,2.3,2.1,-5.8,1.9,2.6,0.3,2.0,1.6,1.7,1.3,5.4,-4.7,13.7,8.0,2.5,1.4,-2.7,1.0,0.4,1.1,42.8,1.4,5.3,0.3,4.1,-1.4,-2.0,8.5,2.4,3.7,4.3,3.5,9.4,3.8,3.2,1.8,5.1,-2.1,1.8,4.0,1.2,0.6,0.7,2.3,1.6,3.4,3.3,0.4,13.9,3.4,19.9,2.0,2.0,-0.3,-6.8,-1.4,2.2,9.9,2.0,3.2,-7.6,3.9,-5.0,-2.0,1.3,3.3,3.1,6.8,-9.5,6.0,3.2,3.0
2011-04-01,1.1,6.5,1.1,3.6,1.5,3.1,6.1,-0.3,2.8,1.0,4.7,4.7,4.1,5.1,0.2,9.0,5.9,4.6,2.2,6.3,7.1,3.1,11.9,3.9,3.5,6.8,35.1,1.8,1.2,4.6,3.8,41.3,0.1,6.9,2.3,1.0,1.7,2.5,4.7,3.1,3.2,4.5,2.7,0.4,1.6,5.0,1.4,2.0,1.3,2.5,-1.4,12.5,6.4,3.1,1.3,0.3,2.0,0.6,4.1,41.7,2.1,5.6,2.2,5.6,-2.8,8.7,1.4,2.2,6.9,5.1,5.9,9.7,3.4,2.7,0.4,4.0,2.2,2.5,3.6,2.4,1.7,1.1,2.6,-2.4,4.0,5.2,1.8,5.3,3.1,4.5,3.9,2.8,-7.6,-6.3,0.8,1.7,7.6,2.6,2.6,-4.0,3.6,-0.4,-5.2,-0.8,1.1,3.0,3.0,-8.8,4.6,-3.1,3.9
2011-07-01,10.3,0.9,-0.9,3.5,12.8,7.9,9.4,-0.7,1.9,-0.6,6.8,4.5,4.4,2.3,0.0,-2.7,1.1,1.3,5.7,5.1,6.1,11.3,2.9,3.5,4.5,3.6,-12.4,0.6,-2.0,2.6,9.6,-3.8,-1.0,1.4,1.8,0.3,2.6,1.8,7.0,2.3,2.4,9.2,2.2,-0.1,1.4,2.7,2.3,2.3,2.1,1.7,5.0,1.6,4.5,2.5,1.3,-0.6,0.8,-1.4,11.0,-3.2,2.7,3.7,1.7,3.5,-2.8,-4.3,1.1,2.0,3.7,5.5,2.5,2.3,3.1,1.7,1.7,-0.5,-0.5,0.6,2.2,2.6,1.2,0.4,2.9,-2.2,1.9,1.7,1.5,3.2,3.1,0.7,3.2,1.3,-4.5,-6.3,-0.2,2.6,5.6,2.1,1.8,-4.3,3.1,-2.7,-9.9,-0.3,1.1,4.0,1.3,-8.9,3.9,-0.8,8.4
2011-10-01,1.2,11.9,0.7,6.2,6.7,4.3,3.9,0.3,2.7,-1.6,5.4,5.7,0.7,-2.6,-0.7,-7.9,-2.2,-0.4,5.0,2.8,3.1,-2.3,-2.4,2.2,2.0,-2.1,0.5,-2.0,-1.2,1.8,5.6,-1.6,-11.6,0.9,1.4,-0.4,3.2,1.5,6.3,1.6,2.6,2.5,1.6,4.0,3.8,-0.8,2.3,1.8,2.0,2.6,4.5,5.6,2.6,2.2,1.9,-0.9,3.6,0.3,6.5,-1.8,3.0,2.1,1.6,0.9,2.1,-12.2,1.9,4.7,5.3,1.3,0.5,2.0,3.5,-3.5,-0.4,1.4,-1.5,2.3,2.4,2.2,1.3,0.1,3.3,3.3,1.3,3.4,1.8,1.3,2.4,7.5,2.3,2.5,0.6,-5.9,-2.9,3.2,2.7,1.5,1.9,-4.9,0.7,-1.1,-13.9,2.8,4.7,-0.6,3.7,-8.4,4.3,-4.4,4.9
2012-01-01,0.2,8.5,2.7,4.6,9.5,3.2,4.3,1.0,1.9,-0.5,3.9,5.7,-2.7,-7.2,1.8,13.9,11.3,8.1,8.4,2.2,2.1,3.5,0.0,3.2,2.7,5.6,15.6,1.8,0.2,2.3,3.5,12.2,-1.4,2.5,2.0,0.7,2.5,1.9,3.9,2.0,1.5,9.4,2.8,4.6,0.1,-3.8,2.2,1.3,2.1,2.8,-0.8,3.6,3.2,2.1,0.8,0.9,4.3,7.0,2.0,12.0,1.5,3.5,1.0,0.5,-0.8,-21.0,3.8,3.7,3.0,-5.6,2.4,3.9,3.2,4.9,2.2,0.5,0.0,2.1,3.2,2.6,1.7,1.9,2.1,1.4,2.7,3.9,1.5,5.9,1.8,5.7,3.2,4.7,-1.2,-4.4,-0.1,2.5,0.6,2.8,1.2,2.0,2.0,1.2,-11.2,0.4,1.8,2.5,2.7,-7.8,5.6,-2.7,3.6
2012-04-01,4.6,4.4,0.3,2.5,0.0,4.4,2.9,2.0,1.5,-2.3,3.4,6.9,-1.0,-4.4,-0.3,9.9,4.1,3.2,-2.6,0.7,0.8,1.6,-0.9,3.2,3.4,1.5,-11.7,-0.7,-0.9,0.9,3.6,-10.7,-4.6,-1.3,2.0,3.7,2.6,2.0,3.7,3.0,3.3,2.0,2.2,2.5,-2.9,-1.3,2.2,1.7,2.1,1.7,-0.9,-8.5,1.9,2.9,0.4,-2.7,3.2,1.8,2.3,-10.6,0.8,0.9,0.3,0.8,0.7,-16.4,1.9,2.0,2.7,1.4,0.6,-0.8,3.0,1.6,7.5,-4.2,-0.6,0.8,1.5,2.5,0.7,0.6,1.3,1.8,1.0,2.8,0.6,5.5,2.7,4.2,3.2,1.7,-1.0,-6.4,-2.6,2.6,0.1,2.1,2.6,2.5,-1.0,2.7,-16.7,4.4,1.8,0.9,1.7,-10.7,6.7,4.5,4.6
2012-07-01,-1.2,-8.5,0.1,3.7,1.8,-1.7,1.6,-2.4,3.2,-2.3,3.9,10.0,-2.0,-0.4,-1.0,5.7,4.1,3.3,2.2,0.4,0.5,4.1,19.2,2.8,2.2,-1.4,-10.1,-0.2,1.0,1.8,-2.5,3.6,-2.8,-0.1,1.8,3.8,2.5,2.0,4.7,2.9,3.2,-2.0,1.9,0.6,-2.1,1.4,2.0,1.9,1.9,1.9,-4.9,-3.0,0.5,2.8,2.4,1.0,2.9,3.2,3.9,4.6,0.8,2.5,0.4,0.2,2.7,5.7,0.9,2.6,3.6,-2.9,1.0,1.0,3.1,1.3,1.4,-3.9,-0.4,1.3,2.8,1.0,0.9,0.6,1.4,1.7,1.2,3.8,0.5,2.3,1.8,-4.7,2.8,2.9,-1.9,-6.1,-2.4,2.5,-0.1,1.8,1.8,-2.4,3.2,-1.9,-19.7,-2.6,1.8,-0.7,-1.5,-9.6,6.2,0.2,-6.5
2012-10-01,1.6,4.5,-0.2,1.2,-0.6,4.4,3.3,0.9,4.0,-1.4,4.3,5.1,2.7,5.2,3.8,8.6,8.4,6.0,8.1,1.7,2.0,4.2,19.0,1.6,1.6,2.9,19.9,-1.6,-3.3,2.7,4.0,13.5,-1.8,1.8,2.4,2.1,3.3,1.0,4.8,1.3,1.4,3.1,2.4,1.2,-0.1,5.0,2.4,2.8,2.2,1.7,-1.1,3.5,3.0,1.8,3.3,-1.1,3.0,1.7,0.1,13.1,1.7,0.7,0.6,1.5,2.2,14.4,0.7,3.2,2.0,1.0,1.9,3.3,3.5,0.6,5.7,-0.7,-1.7,-0.2,2.9,2.4,0.5,0.4,1.8,-2.0,2.3,-0.8,-0.2,6.1,2.7,3.6,1.6,2.0,-4.2,-5.0,-1.0,3.3,0.1,2.5,2.7,-0.9,2.0,1.1,-16.4,0.4,1.9,0.3,1.7,-8.0,4.4,0.6,6.8
2013-01-01,2.3,-1.1,2.7,1.9,-3.7,1.6,4.9,1.0,4.5,-1.0,4.6,6.2,2.8,2.8,-2.3,8.1,5.9,3.9,3.2,1.6,1.5,4.4,2.4,1.8,1.9,2.7,-3.7,-1.1,-2.4,1.6,1.0,-3.3,7.6,-0.5,1.8,4.3,2.7,2.5,4.8,3.4,4.1,-4.1,2.6,2.6,-2.8,3.2,2.2,2.3,2.1,0.3,6.4,-0.2,0.5,3.5,6.5,-1.0,7.8,1.1,2.4,-3.3,2.0,-0.8,2.3,1.3,1.5,3.0,-3.9,2.8,2.6,2.9,1.1,-0.2,3.5,0.0,3.5,-0.3,3.0,-1.2,0.9,3.5,1.4,1.6,5.5,-2.0,1.4,-2.0,0.5,6.0,3.3,0.7,1.7,1.4,3.9,-4.2,-2.2,2.7,-2.2,2.3,2.0,-4.7,-1.0,-1.3,-6.9,1.7,2.7,1.5,1.7,-5.6,4.2,4.1,0.8
2013-04-01,3.7,-6.6,2.2,1.2,-6.3,-2.8,1.8,-1.5,3.1,-2.6,3.0,5.8,2.8,7.1,5.2,12.9,9.4,7.0,5.1,0.4,0.1,3.0,-5.8,2.8,3.0,-0.1,-18.0,-2.8,-3.4,-0.5,-4.0,-22.2,-3.1,-3.6,1.3,4.4,2.9,-0.4,3.4,-0.7,-1.2,-3.8,2.0,1.2,0.9,6.1,2.4,2.9,2.3,2.6,0.8,3.4,-1.3,-0.1,2.7,-0.9,1.5,-0.5,2.9,-22.4,1.4,-0.9,-0.7,-0.2,5.8,21.7,3.4,4.3,0.6,-2.1,0.7,-4.1,2.9,1.8,1.3,-0.5,-4.6,0.8,1.6,1.7,-0.1,-0.5,1.6,0.7,0.2,0.4,-0.5,7.2,2.6,-3.1,2.8,0.2,1.7,-6.6,-0.2,2.9,-2.0,2.1,1.5,-3.7,1.1,-3.0,-15.6,0.8,3.7,3.1,-1.6,-10.3,3.6,-0.9,-7.5
2013-07-01,2.0,11.7,1.3,2.9,-5.8,1.9,1.7,0.0,2.8,-2.2,3.3,1.5,3.9,0.0,0.6,4.4,6.0,5.0,8.1,0.7,0.6,3.9,-1.4,2.1,2.1,0.4,18.0,-4.3,-2.7,2.2,3.1,6.4,-12.2,0.5,1.7,0.4,2.8,1.4,3.6,1.9,2.2,-5.8,2.3,2.9,-4.0,0.9,2.4,2.2,2.3,3.2,0.3,1.2,4.2,2.1,3.1,-6.2,-0.4,3.1,-1.1,5.7,2.5,-0.7,1.9,1.8,2.7,-11.8,3.6,3.2,2.5,3.0,1.9,1.7,3.9,0.6,-2.2,-3.5,0.6,0.6,1.7,1.3,0.8,1.2,1.7,1.2,1.7,2.6,0.0,1.3,2.8,7.7,2.1,2.6,-2.3,-4.7,-3.1,2.8,-0.6,2.2,1.3,-1.7,-1.4,-0.1,-20.5,-0.5,4.0,0.1,4.0,-6.8,3.2,-0.5,6.6
2013-10-01,-4.9,5.3,-0.3,2.6,2.5,0.6,3.0,0.8,2.1,-2.1,3.5,5.2,2.8,1.2,-1.6,11.1,11.2,7.4,11.3,0.0,0.0,-1.3,6.1,1.7,0.6,4.7,2.9,-3.4,-4.7,1.5,1.7,-1.0,0.5,-0.6,1.5,0.9,2.7,1.9,3.7,2.6,3.0,-2.5,2.7,2.6,-2.2,1.9,2.7,2.6,2.8,0.9,1.2,-4.0,0.8,2.6,2.0,0.2,3.4,2.5,1.4,-1.3,0.7,-0.5,1.3,1.5,-3.3,-4.3,0.0,2.4,1.5,6.0,0.2,0.0,3.3,0.8,-3.2,-4.9,2.5,0.4,3.5,2.6,0.9,0.9,1.1,0.6,1.5,1.6,0.7,4.9,1.8,3.8,1.8,2.4,-2.2,-4.1,-3.6,2.7,1.4,2.5,2.2,-0.8,-1.2,0.4,-23.6,-0.8,2.5,-2.1,2.3,-5.9,3.7,1.8,1.9
2014-01-01,8.1,-7.4,0.5,1.3,4.6,0.3,0.2,-3.8,1.8,-3.4,3.3,-0.8,7.6,14.2,3.1,9.6,6.2,4.5,2.1,2.1,2.4,0.8,30.0,1.8,2.8,-0.2,23.1,-3.3,-4.2,2.5,0.8,9.0,0.0,0.6,2.0,0.0,3.1,1.0,4.3,1.2,1.4,-4.8,2.4,0.5,0.4,10.9,2.9,4.1,2.8,1.5,-1.1,-7.6,1.7,1.6,1.3,0.3,1.5,3.0,-3.5,7.9,1.7,-0.2,1.2,-1.5,-0.7,39.7,1.3,3.0,2.1,-3.8,-0.8,2.5,2.7,-0.1,-1.4,-5.9,0.3,0.9,3.1,0.9,0.8,0.8,2.4,1.9,1.8,1.7,0.6,4.2,3.6,-5.0,1.9,2.4,0.8,-4.5,-3.7,3.1,2.9,2.5,2.0,-3.7,2.2,-5.4,-22.8,1.2,3.8,0.1,-1.2,-6.9,3.0,-0.9,2.9
2014-04-01,9.6,12.6,0.2,2.6,6.0,1.1,2.8,-4.3,1.9,-2.7,3.7,5.5,-1.0,3.2,1.7,5.1,7.4,5.3,10.3,4.4,5.0,4.9,16.9,3.1,4.1,4.9,-17.2,-4.8,-0.7,2.1,0.7,-3.0,-12.3,0.4,1.6,-0.1,3.6,1.2,4.0,1.2,1.1,-12.2,2.5,3.2,-1.3,3.2,2.9,2.9,2.6,1.8,2.6,-3.8,5.7,1.6,1.7,1.1,8.0,0.7,0.7,-1.8,1.4,-0.4,0.1,-0.5,2.6,16.8,0.6,3.7,4.8,-4.0,1.1,1.9,3.7,2.0,2.7,-3.9,-2.3,2.1,1.8,0.7,1.2,1.2,1.8,-0.8,1.8,4.8,1.1,3.6,1.9,8.0,3.0,1.7,0.5,-3.1,-2.5,3.7,3.8,2.5,2.6,-1.3,-0.7,-7.4,-24.6,3.0,3.8,-3.6,3.0,-4.7,3.1,-0.7,0.1
2014-07-01,4.6,4.9,1.9,0.3,-5.6,-0.4,2.0,-2.3,2.1,-1.4,2.8,6.1,6.0,-0.3,1.3,6.3,6.2,4.2,6.0,2.7,2.8,1.8,-3.0,3.0,3.2,0.2,-6.8,-1.5,-2.7,1.0,-2.4,-10.8,4.0,-0.8,1.5,-1.2,3.5,1.3,2.6,1.5,1.3,-3.1,2.1,4.4,-2.1,1.1,2.8,2.5,2.6,0.8,4.8,1.7,2.0,1.6,1.8,1.3,-0.2,1.2,-0.7,-11.1,2.3,0.2,-0.2,1.4,0.0,-17.6,0.5,2.6,0.2,1.5,1.6,-0.5,4.3,2.6,7.0,-2.0,-4.5,1.3,1.0,0.8,1.1,1.4,1.2,3.1,1.1,4.0,0.6,3.4,1.2,2.6,3.0,0.9,-5.7,-4.7,-1.4,3.5,4.8,2.0,1.9,-3.4,-1.4,-5.5,-19.3,-0.3,-0.7,1.0,0.9,-6.0,4.7,-6.2,-3.1
2014-10-01,3.9,-4.3,0.8,2.2,0.9,-1.4,2.6,-6.8,2.3,-2.9,3.0,6.5,-0.2,-3.2,9.2,-0.5,2.4,2.2,6.1,1.9,2.1,1.1,-4.4,3.4,3.5,-4.1,-33.6,-2.5,-1.7,-1.0,-2.4,-37.7,-6.1,-4.9,2.0,2.4,3.3,-0.1,3.0,-1.4,-1.9,-5.2,1.3,2.4,-3.5,-0.7,2.8,2.3,2.6,1.8,0.1,-5.5,-2.3,-0.4,2.0,-3.9,2.5,-1.4,-4.0,-37.9,2.7,-0.2,4.2,-0.8,5.9,-12.9,1.0,2.2,3.6,-5.7,1.5,-5.8,3.3,1.5,2.0,-4.9,7.0,1.6,1.7,0.1,1.4,2.6,2.1,-1.6,-0.5,5.3,0.5,0.8,1.9,-2.0,3.5,0.0,1.9,-5.1,-1.2,3.3,5.9,1.7,2.4,-2.3,-2.0,-10.1,-20.2,1.6,4.1,2.7,1.9,-7.8,5.7,3.8,-1.8
2015-01-01,3.9,-8.4,-1.4,1.3,-0.5,-3.0,0.7,-3.6,2.8,-2.8,3.5,7.9,3.2,-0.4,1.8,3.4,2.7,1.9,2.0,0.7,1.0,1.7,-31.4,2.5,2.7,-8.9,-44.9,-3.4,-3.6,-2.6,-3.2,-57.3,-2.0,-8.0,1.9,-1.3,3.6,-0.3,4.2,2.1,2.0,-6.0,1.3,1.6,-1.8,0.8,3.1,2.8,2.9,0.4,-1.7,-3.8,-5.1,2.0,1.0,-2.9,-3.0,4.9,0.6,-58.2,0.9,1.3,1.3,-1.0,-6.9,-12.4,-0.4,3.4,1.3,-2.1,-1.0,-10.4,3.9,2.6,-2.1,-3.5,1.9,0.9,3.3,0.9,-3.2,-0.5,1.4,3.0,-1.8,4.0,-6.3,-4.0,2.6,-6.1,2.5,1.8,0.3,-4.4,-4.6,3.6,6.5,1.3,1.9,-4.1,1.5,-4.3,-7.8,-3.3,3.1,0.4,-1.5,-6.5,3.9,-6.3,-5.7
2015-04-01,-3.6,-2.7,0.1,1.0,5.8,-0.7,0.9,-4.4,2.6,0.2,3.3,2.2,-3.0,-6.3,3.1,6.3,6.1,4.5,6.0,-1.2,-1.4,2.5,-1.6,2.5,1.5,-6.0,-10.3,0.5,1.8,2.8,-0.8,27.9,1.2,2.1,2.3,2.7,3.5,1.3,3.5,1.9,1.9,-2.9,1.9,5.1,0.6,-3.7,3.3,2.3,3.3,1.8,-2.0,-3.1,1.0,2.0,2.3,-4.9,0.6,5.7,0.3,31.6,2.4,-0.3,0.4,3.3,1.9,-17.5,1.0,2.9,3.3,7.0,2.5,3.0,4.8,1.7,-0.2,-4.1,-2.9,1.3,3.8,0.4,0.6,0.4,2.9,-3.2,2.0,3.6,0.2,0.1,2.3,-0.9,2.5,3.5,2.1,-1.9,-1.4,3.5,3.5,2.0,3.0,-6.8,5.7,-5.9,-18.2,1.6,3.0,-0.6,0.0,-2.9,3.4,-0.6,-2.3
2015-07-01,5.6,-2.0,0.2,0.9,11.2,0.0,1.5,-2.4,3.0,-2.4,3.1,2.7,-1.5,-2.6,2.2,-0.6,3.8,3.1,8.7,1.9,2.2,-5.8,-8.5,1.7,2.3,-3.4,-29.1,-4.4,-5.9,1.5,-0.4,-6.9,1.5,-1.0,1.8,5.2,4.0,1.3,3.5,1.3,1.1,-4.0,2.0,4.7,-2.1,-0.5,3.4,2.9,3.3,1.9,-6.0,3.1,1.7,1.7,2.5,-4.2,1.7,2.5,-3.0,-5.1,0.7,0.1,-0.3,-0.3,6.3,-6.5,0.8,4.7,3.6,-2.0,0.4,-0.3,3.4,2.2,1.3,-2.5,-2.1,-0.3,3.8,1.3,1.3,1.2,3.1,-2.3,1.0,0.6,1.1,3.2,3.3,0.7,1.9,2.0,0.7,-3.6,-3.5,4.0,-0.5,2.0,2.8,1.9,-6.6,-1.2,-16.8,-1.7,4.8,-3.4,0.0,-5.1,4.8,13.3,0.0
2015-10-01,3.5,-8.5,1.3,3.4,-4.0,-0.8,1.3,-0.3,2.6,-2.4,2.7,5.3,-1.7,-4.1,2.6,-8.4,-0.2,0.9,9.3,-0.2,-0.5,24.1,-19.0,3.7,3.6,-5.5,-27.8,-2.6,-1.5,0.0,-0.6,-35.0,-5.7,-4.0,1.1,3.3,3.7,0.5,2.9,0.3,0.1,-4.1,1.5,2.5,-0.7,-1.9,3.0,2.3,2.9,2.8,1.9,-1.5,-2.2,0.6,2.1,-3.3,-0.6,-1.0,3.3,-35.4,1.8,-0.8,1.3,-2.5,-1.3,-13.1,2.0,3.5,5.9,-8.4,0.1,-4.8,3.4,1.9,-1.5,-3.8,0.4,0.8,2.1,1.5,0.8,0.0,2.6,1.9,-0.3,1.7,0.9,0.0,3.1,-4.3,3.1,0.7,4.7,-1.2,-1.9,3.6,-4.9,1.5,0.9,1.7,2.8,-1.3,-19.3,-0.1,3.3,-2.1,-0.7,-3.9,3.6,4.6,-2.4
2016-01-01,3.8,3.3,2.4,3.0,-7.6,-1.7,2.4,-3.4,3.5,-1.9,2.7,2.0,-3.9,-4.7,3.2,0.7,7.3,6.1,14.5,-1.4,-2.0,2.6,-13.8,2.6,2.8,-2.3,-40.7,-1.3,0.5,-0.3,-2.9,-38.6,-2.0,-4.1,1.9,0.6,3.7,0.8,2.5,1.3,0.9,-6.0,2.2,4.5,0.3,-2.4,3.1,2.3,3.1,4.2,3.9,17.8,0.1,1.5,3.9,-1.6,0.3,4.0,-6.0,-38.4,1.6,1.8,3.1,-0.8,3.0,-7.3,4.6,2.4,3.7,-2.9,-0.3,-5.2,3.3,3.1,2.5,2.2,5.7,1.5,2.6,0.5,0.3,1.6,1.6,0.9,0.2,4.2,-1.3,-3.2,-0.1,2.3,2.6,2.5,-3.8,-6.4,-5.1,3.7,-7.5,2.3,2.6,-1.3,1.7,-6.7,-25.7,2.5,3.7,-0.9,2.8,-10.8,3.0,-0.7,-0.4
2016-04-01,-1.0,-6.6,0.1,5.5,-12.2,1.9,1.5,-2.9,2.8,-1.2,2.7,5.3,0.6,1.5,3.5,9.2,10.2,7.2,11.3,-2.4,-2.8,0.9,-10.4,2.6,2.0,-0.2,27.1,-2.6,-2.6,3.2,2.9,40.8,-2.3,1.8,2.4,3.2,3.8,1.4,3.0,1.6,1.5,-3.7,2.9,3.1,-5.3,2.3,3.5,3.3,3.5,2.0,-2.5,9.2,1.1,2.0,2.4,-0.6,1.0,5.3,3.7,41.7,2.8,-0.4,3.9,1.1,2.0,5.6,0.6,2.3,5.6,3.9,0.1,3.3,3.0,2.2,-1.6,2.9,5.7,0.8,4.1,1.6,1.2,1.5,1.7,-1.2,2.6,4.5,0.6,-2.4,5.1,-3.0,2.6,4.7,-13.4,-5.4,-3.4,3.8,-4.3,2.9,2.7,0.5,2.9,-3.1,-7.0,1.9,1.6,-1.3,1.4,-9.1,4.4,5.0,4.4
2016-07-01,3.0,3.6,-0.4,2.1,3.6,-1.1,1.5,-4.1,1.8,-4.0,1.5,10.5,3.7,7.6,2.0,7.8,7.7,5.5,7.7,-2.1,-2.3,3.9,-11.2,2.4,2.5,-2.1,7.2,-5.6,-6.0,1.7,-0.8,-5.4,-3.7,-1.6,2.4,1.4,3.7,2.0,1.3,2.8,2.4,-8.6,2.8,5.0,1.1,5.9,3.7,4.0,3.7,1.7,0.1,1.4,2.3,2.5,1.9,-12.4,-1.5,2.2,1.8,-6.2,0.8,-1.6,-0.8,-1.6,4.2,25.1,1.1,-0.8,3.6,-5.2,0.5,-0.3,2.4,5.1,-2.5,-4.7,-3.5,3.2,1.7,1.3,1.0,1.9,1.4,0.1,1.4,8.5,0.2,1.9,7.9,2.7,2.3,2.0,6.0,-5.7,-4.8,3.7,0.4,2.8,4.2,-5.9,3.2,-6.6,-21.8,-0.7,4.8,-0.9,0.4,-9.7,2.1,2.2,-2.8
2016-10-01,6.0,-2.8,0.5,2.1,-2.5,1.7,1.7,-4.6,2.8,-3.6,2.4,7.4,0.9,1.7,4.3,2.9,4.3,3.7,5.7,-1.1,-1.3,3.9,-10.8,2.0,2.6,1.2,28.9,-2.5,-0.7,2.6,0.4,33.5,-7.0,0.9,2.5,0.7,4.3,1.5,2.1,1.7,1.7,-5.6,2.2,0.8,-4.2,2.3,3.9,3.7,3.8,2.6,-1.2,0.2,3.1,1.9,1.9,9.2,5.3,-1.1,-4.1,33.9,1.8,-1.9,-0.1,-2.3,-1.9,4.9,0.7,-2.2,9.9,-8.4,1.1,3.3,4.4,1.8,6.1,-0.5,-3.2,0.7,0.7,0.3,1.3,1.0,2.6,-1.6,1.8,3.3,1.2,1.1,1.6,-1.5,1.9,0.9,1.6,-7.9,-3.4,4.3,5.4,2.3,2.9,-7.0,1.4,-6.7,-13.1,-0.9,4.1,-1.5,-0.6,-12.1,3.7,1.9,3.6
2017-01-01,-1.8,6.6,2.0,6.4,0.0,-1.3,7.7,-6.5,0.0,-0.3,3.0,-2.1,0.8,2.2,3.9,1.6,3.1,4.0,4.6,0.9,0.8,1.6,35.9,2.7,2.0,0.5,28.0,1.2,0.6,2.8,-0.8,27.2,6.5,2.2,2.2,1.1,3.8,1.1,1.6,1.1,0.9,0.6,2.4,0.2,0.9,2.9,3.3,3.3,3.1,5.6,-0.4,4.3,2.7,1.6,0.8,-6.6,2.9,6.2,-0.9,27.2,3.9,2.0,2.4,-0.5,-1.7,7.2,9.6,2.1,0.8,-4.4,1.1,3.4,3.5,2.3,-3.3,-0.8,0.0,1.2,2.1,0.5,1.1,3.3,2.3,-0.3,2.4,2.6,-0.1,7.4,5.1,4.4,2.7,4.9,-3.9,-1.0,-2.6,3.8,8.8,2.4,3.0,-1.7,-2.8,-10.5,-11.4,2.0,3.5,-0.3,3.1,0.2,4.5,1.1,-0.8
2017-04-01,0.4,0.6,-0.5,6.0,-3.7,-1.8,0.3,-11.7,1.1,-2.4,2.0,-5.9,5.1,7.0,1.4,8.3,9.1,7.1,9.8,0.9,1.2,-4.2,1.9,2.0,1.7,5.0,-11.7,-4.5,-4.8,0.5,-3.0,-20.7,-3.4,-2.4,1.7,1.5,3.5,1.5,2.2,1.9,1.6,-8.3,2.4,2.6,-2.7,5.6,2.9,3.3,2.6,3.8,1.7,5.4,0.2,1.9,1.0,-2.1,3.7,0.2,-4.7,-21.3,0.5,1.3,1.9,-1.1,-0.5,14.3,1.6,0.9,14.0,-1.8,-1.3,-2.5,3.0,3.5,2.4,-1.2,4.3,0.2,1.0,-0.7,1.0,1.1,0.4,-1.8,0.8,-1.5,0.8,4.7,2.1,0.8,2.2,1.8,-12.4,-2.9,-3.8,3.6,7.9,2.3,2.4,-0.6,-1.7,-18.9,-14.4,-0.3,17.8,2.0,1.5,-2.9,2.6,-4.5,-1.9
2017-07-01,-4.9,-7.2,0.5,4.2,4.0,-0.7,4.0,-4.9,2.7,-3.4,2.5,2.2,3.2,1.8,1.4,1.3,6.1,4.3,11.0,0.4,0.3,0.5,1.6,2.1,0.9,-0.2,-1.4,-5.8,-7.9,1.9,0.6,13.0,-3.9,0.1,1.6,0.4,3.7,1.1,2.0,1.4,1.5,-3.5,2.1,4.9,-2.7,1.9,3.5,3.3,3.4,1.5,-7.7,-4.6,-0.5,1.7,1.5,-0.8,-2.6,3.7,0.2,14.1,1.2,0.1,1.8,-3.7,4.7,-3.4,0.1,0.8,5.4,-5.9,-3.5,2.0,2.6,0.9,-5.0,-4.2,2.9,1.5,3.1,0.6,0.7,0.6,1.3,-0.8,1.4,6.4,0.4,1.8,1.4,-4.3,2.2,3.3,0.5,-0.5,-5.1,3.7,7.2,2.0,1.7,0.5,-2.7,-4.1,-13.4,-1.6,1.5,-1.7,-0.4,-0.3,2.2,2.0,0.5
2017-10-01,11.1,7.1,1.8,1.2,3.0,-1.8,2.4,1.1,2.5,-1.1,2.9,1.2,-0.5,-0.8,-3.1,9.6,8.4,5.7,7.4,0.5,0.3,4.5,0.7,2.4,3.8,-3.1,54.5,-2.7,-1.6,3.2,-1.8,38.4,-12.2,1.9,1.9,5.0,3.8,2.6,2.8,4.2,4.7,-0.4,2.9,6.9,-2.1,0.4,3.7,3.2,3.6,1.4,0.1,4.2,6.3,3.8,0.7,3.8,-2.7,0.5,0.6,37.4,3.1,-3.1,1.0,1.3,1.4,-1.8,0.6,1.3,4.8,5.9,0.0,3.4,3.6,1.9,-1.8,1.7,-2.3,-0.9,1.7,0.3,0.8,1.7,-0.3,0.9,2.4,-1.3,-0.1,6.3,-0.1,6.4,2.4,1.5,4.0,-4.3,-4.2,3.8,6.1,2.7,2.8,-1.9,1.0,1.1,-7.2,2.3,6.7,-1.5,2.9,-7.7,3.3,4.6,-3.8
2018-01-01,-4.4,-6.3,0.5,0.1,6.2,2.6,0.7,0.4,5.1,-0.5,1.2,0.8,0.8,1.8,3.6,9.9,6.7,7.1,3.6,0.8,0.8,7.9,4.3,3.4,2.1,7.4,46.1,1.2,2.3,3.4,3.2,19.9,-3.6,2.2,2.7,3.1,3.7,1.7,0.9,2.3,2.5,-0.3,3.1,6.1,4.5,2.3,3.4,3.2,3.2,7.7,-2.6,-5.6,-0.5,2.4,3.0,-2.5,1.7,3.7,1.5,18.2,1.0,3.0,3.8,1.2,-5.9,5.7,10.7,2.1,6.0,1.1,0.7,3.5,3.1,1.2,0.8,-0.8,8.9,1.7,2.7,4.0,0.9,-0.3,1.6,0.9,2.8,3.5,0.7,5.3,6.7,-2.5,3.3,2.6,0.7,-4.0,-3.4,3.7,4.5,3.1,3.4,-3.6,6.3,1.5,7.9,1.8,0.4,3.4,1.4,-7.7,3.4,4.7,3.8
2018-04-01,7.9,7.7,0.7,0.3,14.4,4.9,1.5,-1.8,4.6,-1.0,1.5,5.6,-0.6,-1.0,1.4,5.4,6.3,4.4,7.1,-0.3,-0.5,1.4,-6.0,2.4,3.3,-0.8,0.4,2.7,-1.2,2.2,5.0,9.9,4.4,1.1,2.0,-1.1,3.3,2.4,1.1,2.8,1.7,16.5,2.7,3.8,-1.0,0.5,3.4,3.0,3.4,1.6,-0.1,1.5,5.3,2.2,2.1,-3.8,5.9,1.5,3.0,10.6,1.9,1.4,1.3,-0.5,-6.8,-2.2,1.3,3.2,1.8,-1.0,-0.8,2.1,2.9,9.3,4.6,-2.1,0.4,0.9,1.7,1.3,1.8,1.6,2.6,-1.2,2.1,1.7,1.3,3.7,8.6,4.1,2.4,1.4,3.9,-4.1,-2.0,3.3,3.9,2.6,1.9,-4.1,1.9,-3.1,-13.6,-0.4,4.0,0.4,2.3,-6.5,4.2,-3.8,5.1
2018-07-01,-4.8,5.6,1.1,2.0,-5.1,-7.3,4.8,1.4,-2.6,-1.9,4.9,-1.3,-1.7,-2.9,2.2,4.4,4.0,4.1,3.8,0.9,0.9,4.1,-14.9,2.2,1.1,-2.3,6.9,-3.3,-5.5,1.6,-8.7,7.6,-17.4,-0.7,2.1,-2.6,3.7,1.2,4.7,1.6,1.5,12.1,2.3,2.3,0.5,-0.8,3.3,2.7,3.2,4.1,6.1,-7.1,0.6,2.0,1.6,-10.5,5.6,3.7,-4.6,7.7,3.1,2.9,3.9,0.3,7.5,-6.8,5.7,1.1,2.5,-1.7,0.8,0.0,5.5,1.8,-2.2,-4.8,5.4,-0.7,2.5,2.6,0.7,0.2,4.8,-0.1,1.3,-1.6,1.9,4.8,1.1,2.1,2.2,2.6,-2.7,-2.3,-3.7,3.7,3.1,2.3,3.0,-4.0,1.3,-1.0,-7.5,1.5,2.0,-0.9,3.3,-3.1,4.0,-6.0,-11.5
2018-10-01,-1.6,14.9,2.6,0.7,6.9,1.2,1.6,-6.8,1.7,-0.5,3.8,-3.9,4.1,2.8,3.9,-0.6,3.9,3.3,8.5,1.2,0.9,2.7,11.4,2.5,1.9,0.2,-0.1,3.0,2.9,1.6,2.7,-10.0,0.4,-0.8,2.9,-1.8,3.5,2.1,4.5,2.8,2.0,6.5,2.5,2.5,5.2,3.6,3.3,3.4,3.3,2.4,0.8,-2.7,2.4,2.6,3.5,-18.8,-0.7,1.6,9.4,-10.7,3.5,1.4,2.7,1.4,0.4,-1.7,2.1,2.5,1.8,5.4,-1.0,-0.9,3.3,7.6,-3.7,-6.6,1.2,-0.6,3.3,1.0,1.3,1.2,5.3,-0.9,1.5,-2.5,1.3,2.2,4.1,7.9,2.5,1.6,-3.9,-2.9,-4.1,3.5,2.6,2.6,2.7,-2.0,-2.3,-10.8,-22.1,2.8,7.1,1.1,4.8,-3.3,5.6,-1.9,-1.6
2019-01-01,10.4,-3.8,3.2,0.6,-2.3,-2.4,-2.2,-4.1,3.2,0.9,2.0,-1.5,-1.6,0.9,3.3,-7.1,-0.3,-0.4,6.6,3.0,3.0,0.6,-1.4,3.6,4.8,3.1,-28.0,3.6,5.2,1.0,-4.3,-29.0,-3.4,-1.7,2.6,2.5,3.6,1.4,2.9,2.2,2.1,1.8,1.9,5.7,-0.5,0.9,3.4,3.0,3.3,-0.6,1.7,-6.9,1.9,2.3,1.4,9.3,4.1,3.2,-2.2,-29.1,3.8,2.4,1.2,3.9,-6.2,9.7,-2.3,2.3,1.8,7.5,2.2,-3.0,3.5,2.9,4.4,-3.3,-3.1,0.6,4.4,1.3,0.4,1.4,4.0,0.0,0.8,0.2,-1.0,4.2,-0.6,-1.9,3.7,2.2,5.0,-2.9,-0.6,3.6,0.9,2.0,3.8,-2.8,12.2,-7.3,-15.5,0.2,3.8,5.9,0.2,-7.8,0.7,2.5,-5.7
2019-04-01,6.4,1.4,-0.5,1.3,-2.9,-1.3,2.4,-0.5,2.3,-2.1,2.5,-2.0,-0.2,-2.0,0.9,14.6,6.9,5.2,0.2,-0.9,-0.9,-0.4,-9.4,2.8,3.3,-2.4,24.2,-0.9,-0.9,3.0,-1.0,40.7,5.2,1.9,1.6,3.5,4.3,2.0,2.5,1.9,2.1,-3.9,2.5,4.3,-0.2,-0.3,3.8,3.3,3.7,2.4,-0.2,14.1,4.9,1.8,2.6,5.5,6.6,1.5,-4.3,42.0,4.0,3.1,0.5,-1.6,6.6,-7.5,2.2,3.6,2.5,-8.1,1.3,4.0,2.8,0.7,-2.0,5.3,-5.0,1.0,2.6,-0.4,2.0,1.2,0.6,-0.3,2.3,0.9,2.5,6.8,-2.8,2.3,2.9,2.0,-6.6,-6.8,-1.4,4.3,0.9,2.4,1.8,3.4,-4.6,-1.3,-10.5,4.6,5.7,-1.8,1.2,-10.4,3.6,5.1,1.2
2019-07-01,-0.4,-1.6,2.6,2.2,-5.8,2.2,1.5,-0.8,4.4,-2.3,1.0,0.3,1.0,-1.1,4.4,3.9,1.5,2.1,-0.9,0.2,-0.2,2.8,-6.0,2.6,2.0,-2.4,-7.4,-0.4,0.0,1.4,1.4,-12.3,3.7,-1.4,2.3,-0.3,3.8,1.7,0.6,1.8,1.4,-5.8,2.0,6.0,-1.4,0.0,3.3,2.9,3.2,3.2,0.2,-3.3,0.8,1.6,2.0,7.8,9.6,-0.4,5.4,-12.6,2.8,-0.9,1.8,-1.4,2.7,-8.5,2.2,3.1,7.6,-1.2,-1.8,-1.0,2.3,3.7,5.0,-2.3,0.1,1.0,2.1,1.6,1.7,1.6,4.8,0.8,1.0,-0.2,1.2,2.5,3.4,-0.5,2.6,0.9,-1.3,-5.0,-0.2,3.8,0.7,2.1,2.5,-6.5,2.4,-1.5,-10.6,-2.1,6.1,2.2,0.6,-7.2,2.5,-4.7,-0.2
2019-10-01,-5.1,8.8,-3.0,4.5,-5.3,-5.2,0.6,-2.3,2.1,-1.7,1.8,-4.1,0.4,0.7,0.5,-3.1,-2.4,-0.6,-1.7,1.3,2.1,3.4,22.1,2.3,0.8,8.1,-4.0,-3.4,-1.0,2.9,-6.7,11.4,-10.2,0.5,2.7,-0.9,3.2,2.7,1.8,3.8,4.0,-6.3,2.2,-1.8,-0.4,1.5,3.0,2.8,2.9,2.6,3.5,-0.6,1.5,3.5,1.8,8.2,9.9,5.6,-3.1,12.6,2.8,3.8,3.1,1.3,8.0,1.6,3.3,0.5,2.1,3.8,-0.8,1.7,3.1,2.8,0.1,-1.5,3.9,2.3,3.5,1.9,1.3,2.0,4.6,-0.4,1.6,4.6,0.7,4.3,0.7,6.2,2.2,4.3,7.0,-4.0,-3.3,3.2,0.8,2.1,3.0,0.2,11.1,-5.5,-19.9,2.1,5.7,-3.2,3.7,-10.3,3.4,-4.1,-8.9
2020-01-01,4.2,-12.6,4.0,2.0,-4.2,-2.2,2.0,-1.2,1.3,-0.8,2.6,-6.2,0.1,0.9,0.7,12.2,4.0,3.1,-4.0,3.3,3.2,1.0,2.2,3.3,3.0,5.1,-31.6,1.9,2.1,1.6,-2.5,-18.7,3.5,-1.2,2.0,-0.7,3.6,1.8,2.5,2.6,2.1,1.6,2.5,3.1,3.7,1.6,3.3,3.1,3.3,1.6,1.1,-7.5,0.0,2.5,2.7,1.7,2.2,3.3,-3.2,-17.6,3.8,4.5,2.4,2.7,1.1,4.0,1.6,2.8,0.4,2.2,2.3,-1.4,3.6,5.7,-1.2,-5.6,0.1,0.9,2.6,3.2,0.8,0.9,4.8,0.1,1.2,1.8,0.7,-0.3,4.3,-6.4,3.4,2.2,3.8,-4.8,-5.0,3.6,1.6,2.4,3.6,0.7,-1.7,-2.4,-13.8,-2.9,4.4,-0.1,-1.8,-8.1,2.9,-5.4,-2.0
2020-04-01,-36.3,-34.4,5.1,1.7,-19.9,-21.6,3.8,-3.6,6.7,-3.5,2.2,4.6,-0.8,-0.5,-1.6,-18.7,-9.9,-5.9,0.2,13.6,15.3,1.1,-39.3,4.0,-1.3,-29.8,-59.2,0.9,-1.6,-3.4,-22.5,-66.1,-8.2,-5.6,2.9,-9.0,3.0,4.1,1.6,5.3,5.1,13.0,0.5,0.1,10.5,0.5,2.6,2.3,2.5,1.4,-8.7,-8.6,-9.1,4.8,0.3,2.1,3.7,6.5,-19.7,-66.7,4.2,0.9,-3.9,-2.9,4.2,0.6,2.2,1.5,0.2,-9.8,0.0,-6.6,3.0,6.1,-18.4,-3.7,-16.8,0.2,2.7,0.7,2.7,2.6,4.6,-0.8,-1.6,-1.8,1.9,-1.1,-0.2,-22.5,4.1,1.8,2.3,-7.3,-3.8,2.9,1.4,0.4,7.7,-6.2,-5.1,-1.2,-10.4,1.2,3.0,4.4,-9.6,-9.3,2.9,-15.8,-24.6
2020-07-01,7.5,-31.4,0.2,5.6,15.5,5.2,3.9,1.4,2.2,4.4,0.4,3.5,1.6,0.7,0.8,25.1,11.7,7.5,-0.3,-1.6,-1.9,4.8,24.0,5.1,5.1,31.9,35.4,7.1,3.1,4.4,4.9,55.0,4.0,4.0,2.4,-6.4,2.0,3.1,-0.4,4.3,4.5,24.7,3.1,5.8,6.1,1.7,1.9,1.9,1.9,0.6,-0.5,10.1,-0.1,3.0,2.2,-15.6,-0.3,-13.3,4.8,57.0,2.5,0.0,4.7,7.7,2.7,-2.3,0.3,0.5,0.0,23.2,1.8,3.8,0.1,3.1,6.4,-1.2,8.7,1.5,3.3,2.4,1.7,2.0,4.5,0.6,3.3,-0.4,1.5,5.8,1.4,-19.0,5.1,-0.4,3.3,1.1,0.0,2.0,1.4,3.0,1.6,5.7,11.2,2.0,-12.4,-1.1,7.1,4.4,-0.5,-3.6,3.9,-0.3,3.7
2020-10-01,-3.8,5.1,1.8,3.8,-10.2,1.2,1.7,-1.5,1.4,3.1,0.2,0.9,5.7,6.8,2.2,0.5,4.6,3.1,9.0,0.3,0.0,3.3,38.5,4.4,3.5,-2.6,2.2,3.2,1.4,2.7,0.0,11.8,-8.2,1.4,2.3,5.0,1.3,1.5,-0.9,2.3,2.4,18.8,2.3,4.9,-5.3,5.9,1.5,2.0,1.5,0.5,1.7,4.0,-0.8,2.1,1.5,5.6,3.8,7.3,-2.3,12.6,3.1,-2.6,7.5,10.0,-4.6,11.6,0.9,-0.6,-1.5,32.8,2.5,0.4,2.8,1.8,5.3,-5.0,15.9,-1.9,3.2,0.9,0.6,0.9,2.5,-2.0,2.0,-4.6,0.2,3.9,1.0,3.5,4.5,4.0,5.4,-0.9,1.1,1.3,1.6,2.3,2.0,5.9,2.6,-3.5,-22.6,-12.2,4.1,2.4,5.9,-4.5,3.9,22.4,2.6
2021-01-01,-2.3,-3.0,0.9,1.1,-5.9,3.6,-0.3,-2.2,2.2,1.4,1.3,0.6,1.5,4.8,9.0,21.6,17.1,8.8,12.5,1.5,1.6,3.4,0.8,4.3,3.5,-9.0,95.2,0.7,1.2,4.1,4.2,96.8,6.7,5.6,5.6,11.8,1.5,5.7,1.3,4.2,4.7,-3.1,3.9,9.0,1.0,4.4,1.9,2.3,2.0,-4.4,1.1,10.8,0.3,4.2,0.9,-3.7,8.0,-6.1,6.6,96.8,3.8,2.9,2.5,-0.4,-3.9,19.4,-2.7,2.2,-14.9,-3.4,0.0,8.0,2.9,1.1,1.9,0.7,-0.4,1.4,6.7,1.7,7.4,3.8,4.0,1.0,4.6,-2.5,11.1,5.1,0.9,0.1,4.3,0.4,-5.1,4.4,2.5,1.5,2.9,4.1,4.8,16.3,2.3,-4.4,-25.3,2.8,12.6,-0.6,1.2,2.5,3.6,17.3,4.0
2021-04-01,38.7,35.6,2.5,3.4,7.2,5.3,0.2,-0.7,1.1,13.8,1.4,3.1,7.2,11.7,13.2,15.7,14.3,9.5,12.8,3.5,3.7,4.6,39.7,4.8,8.0,0.3,38.4,9.8,12.7,7.6,3.7,33.7,4.4,8.7,4.8,11.3,2.6,1.6,1.4,1.5,1.7,7.2,4.8,14.9,4.0,8.9,3.1,3.8,3.2,1.5,2.9,20.5,9.7,2.0,1.8,8.5,1.8,10.2,2.3,33.3,3.2,6.8,15.7,28.4,11.3,29.4,2.0,2.0,-0.4,83.8,8.4,5.9,3.1,-0.1,11.0,7.4,43.0,1.8,4.8,2.5,1.8,1.2,2.1,-0.1,6.4,0.0,2.3,6.4,2.0,22.2,4.8,6.5,0.2,3.7,4.0,2.6,5.7,5.2,5.4,0.3,10.1,-3.1,-10.8,0.5,4.4,5.8,17.0,3.1,2.7,6.3,4.1
2021-07-01,36.9,23.6,4.0,4.6,10.3,3.2,4.3,1.6,3.3,9.5,2.4,-0.3,5.6,9.0,13.4,2.4,8.5,6.4,15.3,7.0,7.5,8.2,17.7,8.0,11.1,2.5,21.9,7.5,8.0,6.5,3.7,27.5,-5.1,7.3,4.7,-2.8,3.3,1.4,1.9,1.4,1.3,13.8,4.4,5.9,2.2,7.6,3.7,4.2,3.8,2.8,2.8,1.8,9.7,1.8,2.4,12.4,5.2,4.5,8.5,27.8,6.3,9.2,3.6,20.6,5.7,21.2,1.4,1.3,7.0,28.4,19.0,6.1,2.0,2.5,1.5,3.4,-1.4,0.8,1.9,3.2,1.3,1.1,5.5,0.0,5.6,-1.2,1.0,7.7,3.2,11.9,8.0,4.7,0.4,1.6,1.0,3.3,8.2,4.8,5.7,4.5,7.9,0.4,-0.4,2.8,5.0,8.5,6.2,-1.0,4.4,-5.8,0.2
2021-10-01,8.0,0.7,-0.8,2.3,13.7,8.0,0.9,-0.5,1.8,9.6,2.3,-3.0,11.7,16.4,17.3,2.6,7.3,5.1,12.4,9.1,11.0,8.8,24.3,8.3,8.4,-5.8,49.5,10.9,13.9,8.7,8.6,51.4,1.2,10.6,5.7,-5.6,4.7,1.6,2.9,1.2,1.2,8.8,4.3,4.1,6.1,12.4,4.9,5.9,4.9,1.1,3.3,-4.8,5.9,2.0,4.5,8.9,4.0,5.5,12.8,51.4,6.8,16.5,5.7,20.9,2.7,33.0,1.0,0.2,-2.1,29.8,16.3,11.2,2.1,1.5,6.2,-0.6,4.1,4.1,5.4,2.9,2.0,1.8,5.7,-0.1,6.8,3.5,2.1,9.3,8.0,-2.7,8.3,5.5,-1.4,1.3,3.2,4.7,11.3,4.9,5.7,4.6,7.6,-3.3,-8.5,3.7,13.6,9.2,2.6,-1.4,3.7,-7.4,5.7
2022-01-01,0.3,22.8,3.7,4.0,13.8,8.3,-2.4,-0.6,2.8,9.0,1.1,10.5,16.0,14.6,6.6,-0.9,8.7,6.3,19.6,11.2,12.7,8.5,46.0,7.2,6.4,2.4,78.3,16.2,18.1,9.2,8.6,53.9,18.2,12.0,5.6,5.2,5.8,4.2,1.7,5.2,5.9,11.7,5.6,8.1,7.6,11.9,5.5,6.3,5.3,2.2,1.4,-0.4,6.5,5.3,4.7,12.6,10.1,1.3,6.7,52.3,4.9,14.8,6.3,14.0,14.1,9.8,1.4,1.5,1.9,22.0,9.2,13.7,3.0,0.9,7.2,1.6,10.4,6.9,13.0,3.8,3.0,9.5,13.3,5.8,7.7,6.5,-1.3,6.2,7.2,15.9,7.2,5.7,2.3,1.5,7.2,5.9,12.7,5.6,4.3,13.7,3.1,-2.3,-11.7,3.5,5.2,12.7,9.9,-3.0,5.5,0.9,9.2
2022-04-01,10.7,87.7,5.0,7.9,1.3,2.5,1.2,-3.8,5.1,1.2,2.3,6.1,16.5,26.5,11.5,-10.7,3.4,3.2,19.8,14.4,16.2,10.0,35.7,6.8,7.4,17.0,214.6,7.5,7.4,9.9,1.9,76.0,10.9,10.5,4.8,4.5,7.3,1.4,2.0,1.9,1.6,3.1,5.8,6.1,9.5,19.7,6.7,8.5,6.5,3.1,1.7,2.7,17.9,2.3,6.1,8.7,14.0,-2.9,1.9,69.1,7.7,11.1,12.0,0.2,0.5,61.8,1.4,3.1,3.9,-11.3,5.6,16.0,4.7,3.6,4.6,-0.1,22.6,5.2,8.7,3.3,0.9,0.9,6.1,8.1,7.6,0.9,-0.1,18.2,8.9,54.7,6.7,4.6,2.6,-1.9,6.2,7.3,11.4,6.1,5.3,6.7,-3.5,-8.3,-27.2,4.0,7.1,11.8,26.9,-4.4,3.8,-0.9,2.0
2022-07-01,-9.1,-3.9,4.9,-0.3,2.6,2.9,4.6,-2.1,9.4,2.9,3.4,3.2,18.0,20.9,8.7,-15.9,2.7,3.3,23.7,12.9,14.5,8.3,1.5,8.7,6.0,1.2,-29.8,3.3,6.9,5.3,3.0,-30.4,5.0,2.4,5.6,1.6,9.3,3.3,2.8,5.1,4.4,-11.7,5.8,8.0,9.7,16.4,8.7,9.7,8.5,4.5,-3.2,7.8,-1.3,4.5,5.2,7.6,12.1,6.1,-1.0,-30.4,18.8,8.1,14.8,3.8,1.1,29.2,1.9,2.1,11.0,-4.2,8.1,2.2,3.9,9.6,2.3,5.0,7.0,6.9,6.2,4.3,1.4,0.2,7.1,11.6,4.7,2.9,0.4,5.8,5.7,-2.6,8.7,4.4,0.5,0.6,8.9,9.3,10.1,5.9,7.2,-1.1,-1.1,-2.3,-8.8,6.4,7.2,9.1,7.6,1.5,5.5,1.4,5.6
2022-10-01,13.3,4.5,5.0,6.7,-1.0,1.6,1.5,0.7,6.9,-1.4,2.3,0.9,6.3,0.5,12.0,-0.3,6.2,5.4,11.9,6.5,6.8,8.0,37.4,8.6,9.3,11.3,14.3,-2.4,-4.7,4.0,3.7,-18.6,-10.1,0.2,4.6,1.9,9.3,1.9,1.9,1.5,0.8,-1.8,5.7,-1.4,10.1,1.6,8.7,7.7,8.5,4.0,4.3,7.1,3.7,1.8,5.3,12.7,-0.6,7.6,1.3,-20.5,15.9,7.8,12.4,-0.3,7.9,-14.9,2.9,-1.6,6.5,-15.1,7.5,1.1,4.7,5.8,-5.1,3.1,5.0,3.3,6.6,4.9,2.3,0.8,14.2,5.7,4.0,0.4,2.3,9.2,2.2,3.5,8.6,6.3,-3.3,-3.9,4.3,9.3,6.9,6.0,5.5,1.8,2.3,-1.8,-22.2,5.4,5.0,17.0,8.8,-7.7,4.9,8.8,5.6
2023-01-01,12.5,13.3,4.0,8.5,14.0,4.2,1.7,3.4,5.1,-0.5,2.6,-2.6,5.7,3.8,10.5,5.8,1.0,3.1,-3.1,4.1,4.1,5.7,-34.6,6.4,7.2,5.8,-50.9,2.0,2.6,3.7,5.2,-19.2,8.8,0.8,4.9,-0.5,9.0,1.7,2.4,3.2,2.6,-8.0,5.3,0.2,2.3,4.6,8.4,7.8,8.3,7.1,9.5,9.5,5.0,2.9,8.0,7.0,1.8,9.9,8.5,-16.4,11.3,1.8,10.8,-3.2,8.9,-2.0,4.0,4.4,14.9,-16.8,4.1,1.4,4.7,7.2,1.0,3.8,9.2,5.4,10.9,4.6,0.1,0.6,8.4,3.8,3.9,8.2,-1.4,9.5,5.2,8.4,6.5,8.0,-0.8,-0.8,2.8,8.9,4.1,5.6,4.9,-4.2,9.6,-0.3,-10.6,2.5,7.2,8.2,9.8,-2.7,6.7,1.3,2.3
2023-04-01,-0.5,-10.2,1.1,5.5,1.6,3.6,1.1,-2.2,3.3,-0.3,2.2,-6.1,-2.5,-13.0,5.4,4.9,4.4,4.7,3.7,0.5,0.4,4.7,-10.0,5.9,4.9,-4.5,-27.6,-5.5,-2.6,3.0,4.1,-9.7,-12.3,0.6,4.5,-0.8,6.9,3.4,1.7,4.0,4.1,-12.9,4.0,16.8,1.6,-8.0,6.7,4.7,6.8,5.2,2.6,3.5,-0.2,4.2,6.6,-6.1,4.4,-2.8,5.0,-8.3,6.9,2.1,3.5,5.9,13.5,-40.4,1.9,11.3,11.6,18.5,0.2,1.1,5.5,3.0,1.8,2.3,-4.1,4.2,10.0,5.5,2.8,4.9,7.3,9.2,2.9,3.2,1.3,-1.8,19.5,-7.2,5.9,2.2,1.9,-4.6,3.6,6.9,3.1,4.1,4.6,-2.3,-6.3,-4.7,-3.5,8.5,5.6,-0.8,-1.0,-5.8,5.5,-1.7,3.8
2023-07-01,-2.2,-5.1,1.8,2.8,0.1,1.4,2.2,-1.7,4.9,-4.3,2.2,-4.0,1.3,0.3,8.1,16.1,4.8,5.0,-4.0,1.9,1.9,2.9,-1.9,3.6,2.8,-11.0,36.5,-2.8,-3.4,3.4,1.5,20.4,1.5,0.5,3.9,7.3,5.9,1.9,1.3,2.1,1.6,-5.6,3.6,7.4,-1.8,1.8,5.9,5.3,5.9,5.5,3.7,-2.9,1.2,2.4,6.8,0.4,-7.2,8.9,2.3,19.5,12.4,-5.4,9.1,-3.8,4.6,-3.3,1.4,9.2,14.6,-10.2,0.5,3.2,5.5,5.6,1.1,-0.8,1.8,0.2,1.3,1.4,1.7,1.7,5.5,5.4,2.7,2.5,1.0,1.7,6.6,-1.1,3.6,5.0,-0.7,-7.3,-5.6,5.9,3.4,3.8,4.2,-2.4,-1.5,-5.0,-7.8,4.0,5.1,0.1,4.8,-11.0,5.6,7.6,1.2
2023-10-01,-4.6,16.5,1.0,2.1,-4.2,-2.6,2.9,-1.8,5.7,-3.2,1.5,-2.8,7.9,6.1,3.5,-7.0,-1.8,0.1,2.6,1.3,1.4,4.1,-7.4,4.6,3.2,-7.5,-2.8,-4.6,-3.3,2.7,-3.6,-12.3,-10.4,-1.6,3.5,-2.0,5.6,2.7,0.2,4.1,3.8,-8.8,3.2,-0.1,-7.0,5.3,5.5,5.5,5.5,3.8,0.1,0.3,0.7,3.6,9.0,0.2,6.2,8.2,-2.5,-12.8,3.1,-1.5,1.5,-1.1,-6.0,-0.7,1.0,12.4,3.8,-4.4,0.8,-0.7,3.8,5.5,0.7,-2.5,-2.0,1.9,1.8,1.1,1.2,0.2,-0.5,0.3,1.7,3.3,0.8,5.8,9.5,9.5,4.6,4.5,0.8,-4.8,0.4,5.6,4.3,3.2,4.8,0.2,-2.3,-3.5,-18.5,-0.2,12.6,1.6,4.8,-7.3,3.4,-10.5,-4.1
2024-01-01,8.5,8.5,2.9,3.2,7.1,-0.8,1.0,3.1,4.6,-0.5,2.1,-1.0,10.3,11.3,3.8,21.8,11.6,10.0,3.8,2.1,2.0,3.3,10.1,3.6,4.3,10.4,-20.4,-0.8,0.0,3.8,-1.1,-8.9,-0.3,-0.5,4.2,-8.8,5.0,3.9,1.9,5.0,5.0,1.2,5.4,5.4,0.9,10.0,5.7,6.2,5.9,7.0,10.3,-7.1,4.7,4.4,5.2,-5.9,0.4,6.1,2.6,-8.1,6.4,4.0,3.6,-2.5,-2.0,15.1,7.2,8.1,8.5,-9.9,-0.3,-0.5,4.6,4.8,0.3,-4.3,-2.5,-0.4,9.5,4.4,2.8,1.9,7.6,1.9,3.4,-1.5,3.0,8.5,-1.4,2.1,3.6,5.3,-3.1,3.8,-2.7,5.0,5.7,5.3,5.9,0.6,0.9,-1.5,-6.5,0.4,5.3,-7.7,3.0,6.3,7.1,-12.0,-4.0
2024-04-01,-2.8,-11.3,1.4,-2.5,-6.5,6.4,1.1,1.6,4.2,-2.6,2.4,5.7,1.4,-0.4,7.5,11.7,6.9,6.0,2.9,-0.4,-0.7,4.0,-1.8,3.5,2.6,-0.3,-1.6,-5.7,-3.0,2.8,7.6,4.3,-20.6,0.7,3.8,3.9,4.6,1.9,2.0,2.5,2.6,-7.3,3.2,2.3,-1.6,0.8,5.0,4.4,5.1,4.4,5.2,11.7,-0.8,2.4,4.2,-4.5,1.6,-1.7,5.3,4.7,6.2,0.7,5.0,-4.2,1.0,-7.0,2.6,13.6,7.9,-7.9,-3.7,2.5,5.4,1.6,2.3,3.2,2.0,3.3,6.2,3.9,1.3,-0.3,15.0,0.2,2.5,6.1,1.8,6.0,0.8,-6.1,3.5,0.3,2.5,-0.9,1.6,4.6,5.1,3.4,3.6,-2.0,-1.1,-1.0,-13.3,4.6,7.4,0.1,-0.1,-0.8,3.4,4.8,10.8
2024-07-01,-2.1,2.8,2.6,6.3,-3.2,-0.2,1.9,-1.3,2.1,-2.4,3.3,-2.7,-2.4,-2.3,6.5,11.3,6.7,5.5,3.0,1.6,1.4,3.9,15.0,3.3,2.5,-10.6,-12.5,-1.8,-4.0,1.2,0.6,-19.0,2.8,-1.6,3.5,-1.3,4.6,1.5,2.8,1.5,1.9,4.3,2.8,9.0,-2.5,-0.4,4.6,4.0,4.6,3.2,-3.3,4.2,-0.3,2.4,0.4,1.6,4.9,2.2,-3.4,-19.3,2.5,3.8,1.5,-4.3,3.3,-1.8,2.6,9.0,7.2,-13.9,-1.4,-1.2,6.9,-1.0,-3.1,2.3,-0.9,1.5,0.3,1.6,1.6,2.6,-0.6,-0.3,1.5,1.2,0.7,2.1,8.5,1.2,3.3,2.6,5.2,-2.6,1.9,4.6,4.6,3.0,4.8,-4.6,-5.4,-0.4,-2.0,2.7,7.4,-4.5,1.4,-2.0,4.0,-3.7,3.5
2024-10-01,4.8,19.8,-0.3,-1.9,-0.2,-0.8,0.7,-6.9,2.9,-0.1,2.9,28.4,3.7,4.3,3.8,9.3,7.1,5.8,5.3,2.7,3.3,3.3,18.7,3.6,3.8,-0.8,-21.3,0.1,0.8,2.9,-1.9,-10.0,2.2,-0.4,3.2,2.2,3.6,2.7,3.5,3.0,2.8,-3.9,3.7,4.2,2.5,4.7,4.2,4.2,4.4,3.1,-10.9,9.5,5.3,3.0,3.8,1.1,3.6,7.3,3.4,-9.2,8.7,-0.1,5.6,3.9,4.5,6.9,2.6,14.4,1.5,9.5,2.2,-0.5,3.8,4.6,3.4,3.7,-1.7,-0.7,5.3,0.3,2.3,1.9,4.1,0.3,2.4,-2.0,2.4,11.3,1.0,13.2,3.6,3.8,-12.0,-6.0,-4.2,3.6,4.4,3.7,4.0,-3.6,-3.0,-5.9,-8.4,1.5,6.6,0.9,8.9,-7.1,5.5,2.2,-5.1
