Date,Accommodations (104),Air transportation (64),Alcoholic beverages purchased for off-premises consumption (5),"Audio-video, photographic, and information processing equipment services (parts of 77 and 93)",Children's and infants' clothing (12),Clothing and footwear,Commercial and vocational schools (99),Communication,Dental services (45),Durable goods,Education services,Educational books (96),Electricity (27),Electricity and gas,Final consumption expenditures of nonprofit institutions serving households (NPISHs),"Financial service charges, fees, and commissions (108)",Financial services,Financial services and insurance,Financial services furnished without payment (107),Food and beverages purchased for off-premises consumption,Food and nonalcoholic beverages purchased for off-premises consumption (4),Food furnished to employees (including military) (103),Food produced and consumed on farms (6),Food services,Food services and accommodations,Foreign travel by U.S. residents (129),Fuel oil and other fuels (29),Furnishings and durable household equipment,Furniture and furnishings (parts of 31 and 32),Gambling (91),Garments,Gasoline and other energy goods,"Glassware, tableware, and household utensils (34)",Goods,Gross output of nonprofit institutions (133),Ground transportation (63),Group housing (23),Health care,Higher education (97),Hospital and nursing home services,Hospitals (51),Household appliances (part of 33),Household consumption expenditures (for services),"Household maintenance (parts of 31, 33, and 36)",Household supplies (parts of 32 and 36),Household utilities,Housing,Housing and utilities,Imputed rental of owner-occupied nonfarm housing (21),Insurance,Internet access (72),Jewelry and watches (part of 119),Less: Expenditures in the United States by nonresidents (130),Less: Receipts from sales of goods and services by nonprofit institutions (134),Life insurance (110),Luggage and similar personal items (part of 119),"Magazines, newspapers, and stationery (part of 90)","Membership clubs, sports centers, parks, theaters, and museums (82)",Men's and boys' clothing (11),"Motor vehicle fuels, lubricants, and fluids (59)",Motor vehicle maintenance and repair (60),Motor vehicle parts and accessories (58),Motor vehicle services,Motor vehicles and parts,Musical instruments (part of 80),Natural gas (28),Net health insurance (112),Net household insurance (111),Net motor vehicle and other transportation insurance (116),Net purchases of used motor vehicles (56),New motor vehicles (55),Nondurable goods,"Nursery, elementary, and secondary schools (98)",Nursing homes (52),Other clothing materials and footwear (13 and 17),Other durable goods,Other motor vehicle services (61),Other nondurable goods,"Other recreational services (81, 94, and part of 92)",Other services,Outpatient services,Paramedical services (46),Personal care and clothing services (14 and parts of 17 and 118),Personal care products (part of 118),Personal consumption expenditures,Pharmaceutical and other medical products (40 and 41),Physician services (44),Postal and delivery services (68),Professional and other services (121),Public transportation,Purchased meals and beverages (102),Recreation services,Recreational books (part of 90),Recreational goods and vehicles,"Recreational items (parts of 80, 92, and 93)",Rental of tenant-occupied nonfarm housing (20),Rental value of farm dwellings (22),Services,Social services and religious activities (120),"Sporting equipment, supplies, guns, and ammunition (part of 80)",Sports and recreational vehicles (79),Telecommunication services (71),Telephone and related communication equipment,Therapeutic appliances and equipment (42),Tobacco (127),Tools and equipment for house and garden (35),Transportation services,"Video, audio, photographic, and information processing equipment and media (75, 76, and part of 93)",Water supply and sanitation (25),Water transportation (65),Women's and girls' clothing (10)
1947-01-01,,,,,,9.845,,,,2.821,,,,,,,,,,29.235,,,,,,,,5.698,,,,29.213,,10.0,,,,,,,,,,,,,,,,,,,,,,,,,,,,,,5.646,,,,,,,,17.937,,,,4.492,,8.987,,,,,,,10.168,,,,,,,,,0.238,,,,9.491,,,,,,,,,,,,,
1947-04-01,,,,,,9.726,,,,2.88,,,,,,,,,,29.82,,,,,,,,5.869,,,,30.205,,10.18,,,,,,,,,,,,,,,,,,,,,,,,,,,,,,5.747,,,,,,,,18.244,,,,4.47,,9.367,,,,,,,10.337,,,,,,,,,0.243,,,,9.628,,,,,,,,,,,,,
1947-07-01,,,,,,9.884,,,,2.921,,,,,,,,,,29.701,,,,,,,,6.148,,,,30.517,,10.248,,,,,,,,,,,,,,,,,,,,,,,,,,,,,,5.436,,,,,,,,18.328,,,,4.617,,9.485,,,,,,,10.371,,,,,,,,,0.253,,,,9.608,,,,,,,,,,,,,
1947-10-01,,,,,,9.874,,,,3.11,,,,,,,,,,28.962,,,,,,,,6.45,,,,30.44,,10.286,,,,,,,,,,,,,,,,,,,,,,,,,,,,,,6.19,,,,,,,,18.088,,,,4.634,,9.498,,,,,,,10.374,,,,,,,,,0.259,,,,9.558,,,,,,,,,,,,,
1948-01-01,,,,,,9.781,,,,3.095,,,,,,,,,,29.019,,,,,,,,6.183,,,,31.135,,10.301,,,,,,,,,,,,,,,,,,,,,,,,,,,,,,6.6,,,,,,,,18.148,,,,4.622,,9.633,,,,,,,10.426,,,,,,,,,0.246,,,,9.66,,,,,,,,,,,,,
1948-04-01,,,,,,9.842,,,,3.116,,,,,,,,,,29.517,,,,,,,,6.515,,,,31.204,,10.395,,,,,,,,,,,,,,,,,,,,,,,,,,,,,,6.227,,,,,,,,18.325,,,,4.634,,9.597,,,,,,,10.547,,,,,,,,,0.251,,,,9.812,,,,,,,,,,,,,
1948-07-01,,,,,,9.935,,,,3.168,,,,,,,,,,28.851,,,,,,,,6.639,,,,31.522,,10.385,,,,,,,,,,,,,,,,,,,,,,,,,,,,,,6.404,,,,,,,,18.214,,,,4.654,,9.73,,,,,,,10.563,,,,,,,,,0.249,,,,9.864,,,,,,,,,,,,,
1948-10-01,,,,,,10.158,,,,3.123,,,,,,,,,,29.386,,,,,,,,6.233,,,,31.163,,10.454,,,,,,,,,,,,,,,,,,,,,,,,,,,,,,6.78,,,,,,,,18.452,,,,4.668,,9.719,,,,,,,10.647,,,,,,,,,0.236,,,,9.963,,,,,,,,,,,,,
1949-01-01,,,,,,10.173,,,,3.066,,,,,,,,,,29.419,,,,,,,,5.756,,,,30.883,,10.439,,,,,,,,,,,,,,,,,,,,,,,,,,,,,,7.05,,,,,,,,18.524,,,,4.551,,9.947,,,,,,,10.664,,,,,,,,,0.241,,,,10.026,,,,,,,,,,,,,
1949-04-01,,,,,,10.045,,,,3.332,,,,,,,,,,29.418,,,,,,,,5.903,,,,31.346,,10.668,,,,,,,,,,,,,,,,,,,,,,,,,,,,,,8.564,,,,,,,,18.575,,,,4.529,,10.2,,,,,,,10.828,,,,,,,,,0.239,,,,10.077,,,,,,,,,,,,,
1949-07-01,,,,,,9.679,,,,3.491,,,,,,,,,,29.286,,,,,,,,6.411,,,,31.362,,10.722,,,,,,,,,,,,,,,,,,,,,,,,,,,,,,8.848,,,,,,,,18.413,,,,4.484,,10.307,,,,,,,10.852,,,,,,,,,0.248,,,,10.056,,,,,,,,,,,,,
1949-10-01,,,,,,10.058,,,,3.63,,,,,,,,,,29.269,,,,,,,,6.936,,,,31.731,,10.962,,,,,,,,,,,,,,,,,,,,,,,,,,,,,,8.881,,,,,,,,18.714,,,,4.573,,10.704,,,,,,,11.011,,,,,,,,,0.26,,,,10.085,,,,,,,,,,,,,
1950-01-01,,,,,,10.041,,,,3.769,,,,,,,,,,29.925,,,,,,,,6.811,,,,31.897,,11.175,,,,,,,,,,,,,,,,,,,,,,,,,,,,,,9.529,,,,,,,,18.954,,,,4.591,,10.803,,,,,,,11.195,,,,,,,,,0.295,,,,10.211,,,,,,,,,,,,,
1950-04-01,,,,,,10.215,,,,3.801,,,,,,,,,,30.05,,,,,,,,6.581,,,,33.105,,11.295,,,,,,,,,,,,,,,,,,,,,,,,,,,,,,9.977,,,,,,,,19.174,,,,4.668,,10.906,,,,,,,11.379,,,,,,,,,0.294,,,,10.47,,,,,,,,,,,,,
1950-07-01,,,,,,10.589,,,,4.702,,,,,,,,,,30.111,,,,,,,,8.546,,,,33.747,,12.14,,,,,,,,,,,,,,,,,,,,,,,,,,,,,,12.25,,,,,,,,19.505,,,,4.954,,11.275,,,,,,,11.963,,,,,,,,,0.361,,,,10.632,,,,,,,,,,,,,
1950-10-01,,,,,,10.118,,,,4.12,,,,,,,,,,29.808,,,,,,,,6.884,,,,32.932,,11.5,,,,,,,,,,,,,,,,,,,,,,,,,,,,,,11.356,,,,,,,,19.072,,,,4.774,,10.986,,,,,,,11.603,,,,,,,,,0.315,,,,10.7,,,,,,,,,,,,,
1951-01-01,,,,,,10.331,,,,4.25,,,,,,,,,,29.971,,,,,,,,7.717,,,,34.238,,11.753,,,,,,,,,,,,,,,,,,,,,,,,,,,,,,10.919,,,,,,,,19.422,,,,4.882,,11.408,,,,,,,11.883,,,,,,,,,0.325,,,,10.993,,,,,,,,,,,,,
1951-04-01,,,,,,9.953,,,,3.64,,,,,,,,,,29.899,,,,,,,,6.406,,,,33.985,,11.156,,,,,,,,,,,,,,,,,,,,,,,,,,,,,,9.17,,,,,,,,19.138,,,,4.805,,11.125,,,,,,,11.548,,,,,,,,,0.293,,,,11.068,,,,,,,,,,,,,
1951-07-01,,,,,,10.163,,,,3.574,,,,,,,,,,30.43,,,,,,,,6.534,,,,34.857,,11.279,,,,,,,,,,,,,,,,,,,,,,,,,,,,,,8.426,,,,,,,,19.54,,,,4.884,,11.428,,,,,,,11.682,,,,,,,,,0.303,,,,11.206,,,,,,,,,,,,,
1951-10-01,,,,,,10.306,,,,3.563,,,,,,,,,,30.228,,,,,,,,6.749,,,,35.603,,11.37,,,,,,,,,,,,,,,,,,,,,,,,,,,,,,7.864,,,,,,,,19.769,,,,5.037,,12.05,,,,,,,11.75,,,,,,,,,0.316,,,,11.234,,,,,,,,,,,,,
1952-01-01,,,,,,10.227,,,,3.583,,,,,,,,,,30.068,,,,,,,,6.698,,,,35.462,,11.316,,,,,,,,,,,,,,,,,,,,,,,,,,,,,,7.96,,,,,,,,19.606,,,,5.072,,11.818,,,,,,,11.777,,,,,,,,,0.326,,,,11.376,,,,,,,,,,,,,
1952-04-01,,,,,,10.591,,,,3.653,,,,,,,,,,30.892,,,,,,,,6.694,,,,35.867,,11.569,,,,,,,,,,,,,,,,,,,,,,,,,,,,,,8.296,,,,,,,,20.062,,,,5.193,,11.87,,,,,,,12.008,,,,,,,,,0.331,,,,11.551,,,,,,,,,,,,,
1952-07-01,,,,,,10.912,,,,3.436,,,,,,,,,,31.313,,,,,,,,6.77,,,,36.407,,11.557,,,,,,,,,,,,,,,,,,,,,,,,,,,,,,6.786,,,,,,,,20.415,,,,5.302,,12.047,,,,,,,12.066,,,,,,,,,0.336,,,,11.703,,,,,,,,,,,,,
1952-10-01,,,,,,11.15,,,,4.029,,,,,,,,,,31.553,,,,,,,,7.133,,,,36.846,,12.142,,,,,,,,,,,,,,,,,,,,,,,,,,,,,,9.714,,,,,,,,20.714,,,,5.487,,12.366,,,,,,,12.491,,,,,,,,,0.354,,,,11.868,,,,,,,,,,,,,
1953-01-01,,,,,,10.762,,,,4.164,,,,,,,,,,32.219,,,,,,,,6.97,,,,36.977,,12.302,,,,,,,,,,,,,,,,,,,,,,,,,,,,,,10.598,,,,,,,,20.843,,,,5.494,,12.584,,,,,,,12.638,,,,,,,,,0.371,,,,11.985,,,,,,,,,,,,,
1953-04-01,,,,,,11.024,,,,4.14,,,,,,,,,,32.257,,,,,,,,7.053,,,,36.854,,12.325,,,,,,,,,,,,,,,,,,,,,,,,,,,,,,10.362,,,,,,,,20.938,,,,5.438,,12.527,,,,,,,12.714,,,,,,,,,0.371,,,,12.127,,,,,,,,,,,,,
1953-07-01,,,,,,10.814,,,,4.114,,,,,,,,,,32.029,,,,,,,,7.041,,,,37.265,,12.222,,,,,,,,,,,,,,,,,,,,,,,,,,,,,,10.256,,,,,,,,20.746,,,,5.373,,12.339,,,,,,,12.684,,,,,,,,,0.37,,,,12.2,,,,,,,,,,,,,
1953-10-01,,,,,,10.662,,,,3.999,,,,,,,,,,32.036,,,,,,,,7.059,,,,37.18,,12.148,,,,,,,,,,,,,,,,,,,,,,,,,,,,,,9.511,,,,,,,,20.777,,,,5.335,,12.647,,,,,,,12.599,,,,,,,,,0.371,,,,12.108,,,,,,,,,,,,,
1954-01-01,,,,,,10.787,,,,3.875,,,,,,,,,,32.592,,,,,,,,6.915,,,,37.387,,12.14,,,,,,,,,,,,,,,,,,,,,,,,,,,,,,8.906,,,,,,,,20.978,,,,5.258,,12.52,,,,,,,12.645,,,,,,,,,0.378,,,,12.221,,,,,,,,,,,,,
1954-04-01,,,,,,10.787,,,,4.062,,,,,,,,,,32.488,,,,,,,,6.901,,,,37.495,,12.259,,,,,,,,,,,,,,,,,,,,,,,,,,,,,,9.882,,,,,,,,20.922,,,,5.498,,12.425,,,,,,,12.809,,,,,,,,,0.389,,,,12.431,,,,,,,,,,,,,
1954-07-01,,,,,,10.745,,,,4.08,,,,,,,,,,33.194,,,,,,,,7.002,,,,38.265,,12.389,,,,,,,,,,,,,,,,,,,,,,,,,,,,,,9.546,,,,,,,,21.186,,,,5.8,,12.454,,,,,,,12.983,,,,,,,,,0.406,,,,12.646,,,,,,,,,,,,,
1954-10-01,,,,,,10.984,,,,4.331,,,,,,,,,,33.734,,,,,,,,7.305,,,,39.273,,12.735,,,,,,,,,,,,,,,,,,,,,,,,,,,,,,10.506,,,,,,,,21.543,,,,5.918,,12.537,,,,,,,13.255,,,,,,,,,0.422,,,,12.799,,,,,,,,,,,,,
1955-01-01,,,,,,11.111,,,,4.72,,,,,,,,,,33.937,,,,,,,,7.707,,,,39.91,,13.126,,,,,,,,,,,,,,,,,,,,,,,,,,,,,,12.381,,,,,,,,21.766,,,,5.758,,12.755,,,,,,,13.553,,,,,,,,,0.432,,,,12.948,,,,,,,,,,,,,
1955-04-01,,,,,,11.416,,,,4.976,,,,,,,,,,34.457,,,,,,,,7.805,,,,40.886,,13.495,,,,,,,,,,,,,,,,,,,,,,,,,,,,,,13.607,,,,,,,,22.168,,,,5.978,,12.919,,,,,,,13.812,,,,,,,,,0.445,,,,13.043,,,,,,,,,,,,,
1955-07-01,,,,,,11.322,,,,5.137,,,,,,,,,,34.733,,,,,,,,8.095,,,,41.312,,13.683,,,,,,,,,,,,,,,,,,,,,,,,,,,,,,14.09,,,,,,,,22.317,,,,6.004,,13.154,,,,,,,13.983,,,,,,,,,0.457,,,,13.176,,,,,,,,,,,,,
1955-10-01,,,,,,11.563,,,,5.001,,,,,,,,,,35.255,,,,,,,,8.086,,,,42.439,,13.78,,,,,,,,,,,,,,,,,,,,,,,,,,,,,,13.101,,,,,,,,22.77,,,,6.221,,13.53,,,,,,,14.158,,,,,,,,,0.465,,,,13.439,,,,,,,,,,,,,
1956-01-01,,,,,,11.568,,,,4.773,,,,,,,,,,35.792,,,,,,,,8.19,,,,42.86,,13.719,,,,,,,,,,,,,,,,,,,,,,,,,,,,,,11.625,,,,,,,,23.027,,,,6.109,,13.721,,,,,,,14.181,,,,,,,,,0.465,,,,13.568,,,,,,,,,,,,,
1956-04-01,,,,,,11.611,,,,4.779,,,,,,,,,,35.628,,,,,,,,8.446,,,,42.945,,13.699,,,,,,,,,,,,,,,,,,,,,,,,,,,,,,11.198,,,,,,,,22.97,,,,6.194,,13.628,,,,,,,14.229,,,,,,,,,0.476,,,,13.698,,,,,,,,,,,,,
1956-07-01,,,,,,11.719,,,,4.695,,,,,,,,,,35.637,,,,,,,,8.29,,,,42.42,,13.642,,,,,,,,,,,,,,,,,,,,,,,,,,,,,,10.827,,,,,,,,22.985,,,,6.324,,13.631,,,,,,,14.261,,,,,,,,,0.476,,,,13.843,,,,,,,,,,,,,
1956-10-01,,,,,,11.704,,,,4.846,,,,,,,,,,35.924,,,,,,,,8.312,,,,43.356,,13.838,,,,,,,,,,,,,,,,,,,,,,,,,,,,,,11.611,,,,,,,,23.169,,,,6.448,,13.761,,,,,,,14.457,,,,,,,,,0.48,,,,14.024,,,,,,,,,,,,,
1957-01-01,,,,,,11.558,,,,4.935,,,,,,,,,,36.188,,,,,,,,8.232,,,,43.955,,13.967,,,,,,,,,,,,,,,,,,,,,,,,,,,,,,12.398,,,,,,,,23.309,,,,6.277,,14.013,,,,,,,14.558,,,,,,,,,0.47,,,,14.079,,,,,,,,,,,,,
1957-04-01,,,,,,11.509,,,,4.818,,,,,,,,,,36.533,,,,,,,,8.218,,,,43.429,,13.916,,,,,,,,,,,,,,,,,,,,,,,,,,,,,,11.888,,,,,,,,23.397,,,,6.117,,14.121,,,,,,,14.583,,,,,,,,,0.46,,,,14.2,,,,,,,,,,,,,
1957-07-01,,,,,,11.754,,,,4.785,,,,,,,,,,36.877,,,,,,,,8.173,,,,44.277,,14.033,,,,,,,,,,,,,,,,,,,,,,,,,,,,,,11.531,,,,,,,,23.722,,,,6.471,,14.315,,,,,,,14.699,,,,,,,,,0.467,,,,14.303,,,,,,,,,,,,,
1957-10-01,,,,,,11.454,,,,4.729,,,,,,,,,,36.788,,,,,,,,7.982,,,,44.17,,13.923,,,,,,,,,,,,,,,,,,,,,,,,,,,,,,11.56,,,,,,,,23.567,,,,6.42,,14.317,,,,,,,14.705,,,,,,,,,0.455,,,,14.458,,,,,,,,,,,,,
1958-01-01,,,,,,11.342,,,,4.415,,,,,,,,,,36.506,,,,,,,,7.983,,,,44.42,,13.59,,,,,,,,,,,,,,,,,,,,,,,,,,,,,,9.75,,,,,,,,23.355,,,,6.303,,14.018,,,,,,,14.501,,,,,,,,,0.457,,,,14.438,,,,,,,,,,,,,
1958-04-01,,,,,,11.559,,,,4.347,,,,,,,,,,36.456,,,,,,,,7.85,,,,45.748,,13.631,,,,,,,,,,,,,,,,,,,,,,,,,,,,,,9.611,,,,,,,,23.566,,,,6.265,,14.197,,,,,,,14.621,,,,,,,,,0.447,,,,14.649,,,,,,,,,,,,,
1958-07-01,,,,,,11.819,,,,4.437,,,,,,,,,,36.793,,,,,,,,8.121,,,,46.563,,13.889,,,,,,,,,,,,,,,,,,,,,,,,,,,,,,9.618,,,,,,,,23.997,,,,6.432,,14.726,,,,,,,14.864,,,,,,,,,0.463,,,,14.852,,,,,,,,,,,,,
1958-10-01,,,,,,12.023,,,,4.6,,,,,,,,,,37.239,,,,,,,,8.245,,,,46.98,,14.157,,,,,,,,,,,,,,,,,,,,,,,,,,,,,,10.248,,,,,,,,24.327,,,,6.558,,14.979,,,,,,,15.066,,,,,,,,,0.477,,,,14.953,,,,,,,,,,,,,
1959-01-01,8.083,3.117,17.083,5.623,3.732,12.068,13.904,3.374,26.925,4.85,29.231,71.027,18.663,27.987,2.488,5.094,5.147,10.863,5.819,37.919,41.552,52.521,1206.893,24.859,22.256,8.818,342.923,8.403,8.778,3.289,11.289,47.063,12.492,14.486,11.237,61.223,135.476,11.821,27.556,12.179,14.615,8.614,16.147,63.447,14.672,27.701,17.669,19.103,15.036,27.351,,8.487,4.78,17.787,49.538,10.121,45.458,15.835,13.955,33.363,27.76,7.808,16.361,11.298,9.902,64.398,15.264,26.781,32.915,12.697,13.521,24.643,56.384,2.556,16.227,6.46,2.633,15.223,3.044,20.822,10.799,3.477,39.728,8.317,15.342,5.085,13.075,64.646,41.068,15.325,23.937,8.181,20.121,0.506,3.437,23.254,83.744,15.139,6.683,2.382,4.803,3.512,0.015,6.367,169.468,2.879,16.202,0.073,24.911,0.085,10.444
1959-04-01,8.369,3.26,16.946,5.909,3.791,12.378,14.798,3.387,26.859,5.032,30.669,72.408,18.852,27.792,2.476,5.126,5.377,11.231,6.245,38.149,41.923,51.676,1186.493,25.159,22.552,8.703,334.477,8.586,8.988,3.396,11.619,47.155,12.567,14.715,10.964,60.96,132.05,11.911,28.26,12.343,14.824,8.842,16.395,65.775,15.203,27.654,17.893,19.291,15.268,27.699,,8.487,4.334,17.17,48.343,10.251,45.206,16.025,14.673,33.645,28.296,7.964,16.696,11.995,10.111,62.22,15.648,28.852,35.04,14.863,14.205,24.848,60.72,2.547,16.357,6.583,2.71,15.227,3.182,21.285,10.851,3.588,40.036,8.316,15.579,5.211,13.101,63.537,41.414,15.392,24.274,8.379,20.562,0.515,3.356,23.48,83.644,15.366,7.103,2.365,4.756,3.536,0.015,6.787,167.181,2.926,16.445,0.075,25.74,0.088,10.618
1959-07-01,8.739,3.396,17.129,5.814,3.79,12.294,15.093,3.429,26.731,5.13,31.338,72.212,19.097,28.522,2.464,4.937,5.443,11.455,6.541,38.378,42.142,51.879,1220.496,25.671,23.04,8.927,332.508,8.629,8.924,3.507,11.566,46.984,12.475,14.832,10.735,61.875,119.647,11.954,28.789,12.3,14.728,9.128,16.622,64.309,15.322,28.437,18.182,19.638,15.576,28.223,,8.584,4.813,16.662,48.17,10.237,47.034,16.198,14.607,33.486,28.85,8.654,17.042,12.471,10.137,65.208,16.082,30.606,36.648,13.49,15.059,24.943,62.409,2.683,16.066,6.611,2.788,15.438,3.355,21.32,10.954,3.755,40.072,8.408,15.741,5.343,13.191,64.45,41.781,15.698,24.796,8.435,20.481,0.516,3.434,23.774,83.723,15.573,7.321,2.369,4.734,3.58,0.015,6.741,166.148,2.997,16.786,0.075,26.806,0.096,10.567
1959-10-01,8.957,3.51,17.056,5.803,3.858,12.411,15.09,3.488,26.661,4.884,31.514,75.749,19.404,28.768,2.532,5.019,5.554,11.676,6.69,38.631,42.454,51.602,1258.895,25.94,23.299,9.171,322.891,8.674,8.948,3.598,11.692,46.982,12.497,14.711,10.738,61.623,115.033,11.922,29.101,12.088,14.397,9.217,16.812,63.999,15.533,28.792,18.446,19.915,15.842,28.708,,8.735,4.77,16.427,48.652,10.346,45.85,16.427,14.758,33.807,29.332,8.628,17.346,10.982,10.026,65.019,16.405,32.086,37.527,15.821,12.189,25.097,62.483,2.894,16.129,6.723,2.862,15.525,3.479,21.538,11.041,3.903,40.505,8.51,15.759,5.401,13.257,66.462,42.085,15.743,25.082,8.536,21.387,0.518,3.465,24.031,84.559,15.762,7.427,2.388,4.706,3.633,0.016,6.826,169.988,3.057,16.993,0.074,27.785,0.097,10.684
1960-01-01,9.148,3.455,16.952,6.137,3.921,12.448,15.031,3.528,26.781,5.041,31.97,74.838,19.972,29.478,2.695,4.646,5.412,11.665,6.735,38.498,42.361,50.182,1194.252,25.452,22.914,9.855,330.732,8.529,8.925,3.669,11.728,47.381,12.07,14.859,11.225,62.136,114.507,12.085,28.76,12.308,14.399,8.855,16.936,64.017,15.568,29.498,18.656,20.189,16.045,29.354,,8.519,4.788,17.015,50.628,10.337,45.706,16.569,14.797,33.959,29.524,8.728,17.468,12.128,10.059,66.158,16.649,33.352,37.494,11.489,14.873,25.16,66.659,3.853,16.195,6.612,2.893,15.722,3.525,21.756,11.15,4.037,40.371,8.837,15.91,5.591,13.34,65.103,42.485,15.801,24.625,8.734,21.239,0.511,3.52,24.242,85.218,15.904,7.349,2.394,4.448,3.693,0.016,6.71,170.258,3.044,17.089,0.074,28.439,0.093,10.716
1960-04-01,9.118,3.447,17.202,6.228,4.039,12.534,15.061,3.582,27.186,5.156,32.324,77.295,20.104,29.742,2.786,4.796,5.504,11.808,6.787,38.738,42.671,50.589,1084.19,25.864,23.259,10.305,318.773,8.605,8.935,3.684,11.803,48.492,12.134,15.067,11.484,61.632,115.616,12.172,29.751,12.143,14.016,9.054,17.113,65.235,15.916,29.777,18.84,20.389,16.226,29.698,,8.594,4.754,17.322,52.334,10.646,47.569,16.76,14.734,35.466,29.78,8.957,17.602,12.588,10.248,66.998,16.605,34.461,36.973,15.062,14.843,25.435,65.519,4.484,16.36,6.726,2.894,16.015,3.504,22.006,11.401,4.134,39.838,9.191,16.111,5.679,13.668,65.074,43.291,15.689,25.037,8.832,21.935,0.518,3.661,24.444,85.134,16.08,7.289,2.492,4.245,3.759,0.016,6.817,168.928,3.136,17.125,0.075,28.796,0.088,10.847
1960-07-01,9.174,3.658,17.194,6.312,4.049,12.331,15.0,3.647,27.449,5.115,32.739,75.258,20.014,29.656,2.823,4.763,5.467,11.832,6.741,38.506,42.376,50.893,1087.889,25.491,22.951,9.91,314.892,8.346,8.619,3.713,11.583,47.653,12.153,14.97,11.285,59.966,119.983,11.856,30.726,11.732,13.406,8.72,17.085,65.397,16.023,29.741,19.076,20.597,16.439,30.011,,8.517,5.045,16.757,53.763,10.408,46.534,16.74,14.243,34.812,30.11,8.911,17.776,12.822,9.908,66.971,16.483,35.462,36.803,14.346,15.358,25.286,65.083,4.83,16.255,6.619,2.896,16.197,3.495,21.848,11.171,4.202,39.904,9.359,16.046,5.814,13.139,67.769,41.656,15.536,24.643,8.866,21.305,0.503,3.698,24.814,83.764,16.06,7.194,2.482,4.067,3.814,0.016,6.69,172.581,3.126,17.168,0.072,29.054,0.085,10.735
1960-10-01,9.136,3.69,17.255,6.43,4.066,12.284,14.935,3.709,27.879,4.987,33.15,75.905,20.329,30.349,2.802,4.623,5.411,11.756,6.754,38.429,42.3,51.134,1038.903,25.532,22.98,9.755,319.534,8.306,8.597,3.721,11.618,47.66,12.143,14.88,11.442,59.087,118.977,12.103,31.3,11.991,13.601,8.608,17.26,65.268,16.381,30.365,19.374,20.938,16.734,29.915,,8.358,4.923,17.179,53.764,10.494,46.687,16.859,14.335,34.663,30.382,8.984,17.932,12.109,9.934,69.312,16.224,36.388,36.794,14.906,14.072,25.304,65.941,5.317,15.768,6.61,2.915,16.384,3.52,22.036,11.394,4.298,40.028,9.67,16.067,6.035,13.412,68.576,42.759,15.384,24.677,8.952,21.394,0.507,3.795,25.21,82.374,16.215,7.126,2.55,4.132,3.882,0.016,6.836,170.831,3.142,17.203,0.072,29.25,0.083,10.746
1961-01-01,9.14,3.53,17.33,6.501,4.211,12.395,14.61,3.764,28.135,4.713,33.006,78.047,20.428,30.124,2.744,5.875,6.026,12.292,6.877,38.75,42.68,52.186,1041.454,25.746,23.162,9.955,303.806,8.295,8.466,3.777,11.721,47.079,12.121,14.739,11.384,58.768,120.082,12.231,30.228,12.343,13.975,8.842,17.447,65.795,16.869,30.218,19.583,21.107,16.913,29.735,,8.259,4.82,17.228,52.479,10.737,45.51,17.002,14.411,34.64,30.51,9.061,18.02,10.544,10.045,67.533,16.339,37.26,37.261,15.257,11.459,25.454,69.404,5.567,15.914,6.593,2.946,16.512,3.56,22.184,11.355,4.417,40.846,9.782,16.061,6.14,13.205,68.687,41.518,15.175,24.863,9.04,22.006,0.51,3.658,25.526,82.466,16.375,7.176,2.594,3.795,3.946,0.016,6.647,174.095,3.146,17.174,0.073,29.567,0.085,10.859
1961-04-01,9.31,3.751,17.303,6.554,4.312,12.524,14.079,3.813,28.241,4.81,34.893,80.436,21.101,31.683,2.836,5.96,6.083,12.587,6.915,39.176,43.178,52.089,1097.869,25.503,22.981,9.739,314.23,8.406,8.671,3.862,11.837,48.287,11.993,14.962,11.918,57.924,118.829,12.575,33.5,12.654,14.33,8.889,17.691,62.055,17.185,31.618,19.754,21.425,17.048,30.786,,8.304,4.872,18.152,54.944,10.948,43.633,17.149,14.573,35.427,30.695,9.325,18.168,10.834,10.529,72.97,16.875,38.089,37.946,12.997,12.294,25.794,71.812,5.691,16.111,6.67,3.017,16.757,3.745,22.581,11.703,4.563,41.127,10.025,16.3,6.386,13.73,69.253,46.223,15.204,24.616,9.145,22.605,0.524,3.779,25.771,83.841,16.614,7.366,2.61,3.72,4.0,0.017,6.695,178.036,3.132,17.276,0.076,29.981,0.094,10.953
1961-07-01,9.45,3.791,17.083,6.681,4.381,12.626,13.565,3.864,28.483,4.928,34.355,82.453,21.115,31.376,2.868,5.29,5.786,12.245,6.915,39.101,43.149,52.737,1099.093,25.424,22.933,9.947,295.903,8.558,8.861,3.956,11.931,47.211,12.08,15.059,11.959,57.25,109.6,12.678,32.307,12.973,14.693,9.022,17.739,61.442,17.598,31.428,19.984,21.608,17.258,30.472,,8.277,5.063,18.146,53.008,11.401,43.94,17.186,14.747,35.044,30.96,9.696,18.372,11.161,10.849,71.157,17.232,38.872,38.087,12.994,12.72,25.814,73.692,5.832,16.249,6.804,3.11,16.973,3.908,22.657,11.647,4.729,42.284,10.259,16.379,6.614,13.459,69.224,45.103,15.102,24.513,9.243,23.117,0.539,3.896,26.052,85.576,16.665,7.588,2.66,3.84,4.063,0.017,6.96,174.538,3.183,17.36,0.079,30.48,0.097,11.013
1961-10-01,9.727,3.968,17.457,6.78,4.53,12.968,13.314,3.939,28.5,5.167,34.873,81.706,21.689,32.076,2.951,5.522,5.877,12.398,6.887,39.292,43.308,53.311,1063.693,25.84,23.326,10.34,294.487,8.737,9.088,4.081,12.268,47.343,12.24,15.394,12.188,57.661,106.279,12.875,32.908,13.244,14.983,9.16,18.048,63.923,18.288,32.104,20.34,22.007,17.582,30.775,,8.639,5.193,18.404,53.133,11.64,43.541,17.634,15.061,35.222,31.331,9.779,18.62,12.14,11.038,72.22,17.68,39.599,38.36,12.454,14.415,26.165,75.576,6.013,16.615,7.036,3.187,17.418,4.093,23.069,11.78,4.949,42.192,10.733,16.709,6.93,13.539,71.638,45.83,15.349,24.923,9.47,22.873,0.548,4.025,26.495,86.882,16.961,7.754,2.676,4.076,4.132,0.018,7.291,177.087,3.234,17.612,0.08,30.987,0.108,11.368
1962-01-01,9.409,4.123,18.164,6.746,4.519,13.035,13.439,3.998,28.873,5.279,35.436,83.632,22.043,32.979,2.991,4.983,5.595,12.198,6.805,39.26,43.101,53.853,1012.739,26.163,23.556,10.499,303.73,8.765,9.094,4.21,12.325,48.683,12.469,15.574,12.383,57.005,107.875,13.188,33.475,13.588,15.345,9.133,18.215,64.32,18.819,32.96,20.539,22.286,17.755,31.065,,8.784,5.142,18.72,53.483,11.486,47.246,17.558,14.976,36.189,31.733,10.001,18.856,12.71,10.999,75.552,18.02,40.417,38.503,13.252,15.12,26.382,76.889,6.269,16.738,7.154,3.224,17.775,4.189,23.245,12.05,5.165,41.774,10.771,16.886,7.021,13.819,73.991,46.61,15.357,25.239,9.477,22.889,0.545,4.033,26.767,87.34,17.12,7.672,2.633,3.981,4.184,0.018,7.69,176.729,3.339,17.759,0.081,31.537,0.107,11.492
1962-04-01,9.748,4.183,18.134,7.104,4.591,13.181,14.008,4.049,29.41,5.42,36.16,85.784,22.555,33.051,2.955,5.419,5.833,12.451,6.887,39.211,43.076,53.406,978.719,26.38,23.788,10.57,301.93,8.872,9.233,4.412,12.503,48.792,12.61,15.728,12.442,57.707,102.956,13.546,33.838,13.905,15.665,9.163,18.505,61.726,19.022,33.074,20.887,22.611,18.118,31.208,,8.928,5.055,18.969,53.934,12.16,47.25,18.08,15.195,36.359,32.151,10.32,19.096,13.205,11.143,73.369,17.895,40.897,38.836,12.922,15.928,26.488,78.788,6.555,16.716,7.398,3.253,17.947,4.244,23.466,12.414,5.427,44.342,11.063,17.093,7.205,14.211,75.745,46.075,15.555,25.477,9.828,23.529,0.556,4.082,27.185,85.588,17.377,7.42,2.679,4.141,4.23,0.018,8.014,176.804,3.426,17.986,0.082,31.889,0.105,11.655
1962-07-01,10.739,4.057,18.495,6.935,4.727,13.239,14.774,4.101,29.885,5.46,37.206,88.889,22.428,33.479,2.915,4.817,5.615,12.327,7.024,39.537,43.43,53.524,915.028,26.522,24.049,10.856,293.137,9.097,9.589,4.508,12.563,48.73,12.465,15.848,12.527,56.785,102.818,13.919,34.655,14.257,16.002,9.294,18.676,62.897,19.303,33.521,21.15,22.9,18.371,31.576,,9.025,4.773,19.287,54.272,11.684,49.215,17.518,15.193,36.613,32.666,10.418,19.385,13.019,11.535,76.44,18.04,41.191,39.838,14.253,15.282,26.694,80.693,6.943,16.77,7.439,3.282,18.208,4.314,23.662,12.776,5.682,43.635,11.194,17.231,7.305,14.617,75.917,46.082,15.253,25.621,9.62,24.27,0.574,4.198,27.544,84.664,17.525,7.234,2.66,4.382,4.291,0.019,8.35,175.065,3.498,18.037,0.085,32.427,0.108,11.738
1962-10-01,11.287,4.233,18.594,6.964,4.843,13.347,15.479,4.178,30.199,5.7,38.097,91.413,22.859,34.394,2.878,4.683,5.593,12.365,7.124,39.348,43.193,53.39,879.237,26.761,24.328,11.021,309.857,9.165,9.595,4.6,12.67,49.88,12.472,16.096,12.607,56.511,101.933,14.241,35.302,14.593,16.295,9.506,18.925,62.96,19.513,34.398,21.521,23.335,18.73,31.835,,9.201,4.722,19.582,54.596,11.815,50.355,17.843,15.302,37.124,33.112,10.803,19.642,14.119,11.868,79.451,18.112,41.297,40.51,12.067,17.527,26.843,82.351,7.42,16.877,7.618,3.315,18.495,4.375,23.698,13.068,5.937,42.008,11.4,17.475,7.485,14.92,76.082,46.821,15.358,25.871,9.763,24.876,0.587,4.271,28.076,82.77,17.744,7.128,2.604,4.664,4.382,0.019,8.737,177.429,3.579,18.236,0.088,33.062,0.108,11.843
1963-01-01,11.777,4.417,18.64,7.12,5.001,13.294,15.823,4.271,29.906,5.814,38.709,92.25,23.491,35.478,2.887,4.397,5.447,12.254,7.125,39.348,43.152,52.8,913.615,26.725,24.366,10.6,334.012,9.331,9.771,4.652,12.628,51.094,12.395,16.246,12.783,56.206,98.257,14.425,35.725,14.894,16.619,9.785,19.01,63.155,19.684,35.45,21.62,23.547,18.8,31.955,,9.342,4.971,19.947,54.782,11.691,50.864,18.019,15.247,37.429,33.531,10.748,19.898,14.542,11.979,82.399,18.345,41.051,40.374,13.438,17.912,26.99,83.937,7.613,16.765,7.537,3.369,18.777,4.5,23.537,13.158,6.107,41.25,11.653,17.597,7.742,15.01,78.698,45.445,15.461,25.854,9.9,25.146,0.595,4.398,28.291,83.068,17.824,7.231,2.645,4.786,4.469,0.02,8.168,178.85,3.622,18.434,0.089,33.901,0.105,11.794
1963-04-01,10.818,4.597,18.773,7.259,5.273,13.376,15.875,4.319,29.361,5.939,39.202,94.293,23.345,34.141,2.979,4.629,5.684,12.523,7.396,39.568,43.393,52.921,907.507,26.977,24.446,11.759,306.744,9.426,10.046,4.679,12.749,50.561,12.263,16.381,13.083,55.839,90.274,14.551,36.233,15.22,16.923,9.609,19.201,62.184,19.938,34.445,21.807,23.598,18.96,32.152,,9.441,5.052,20.34,54.333,12.048,49.693,17.928,15.269,37.903,33.982,10.813,20.186,14.932,12.638,75.558,18.793,40.832,41.002,13.132,18.621,27.082,85.212,7.999,16.644,7.647,3.443,18.851,4.656,24.211,13.136,6.259,42.971,11.836,17.763,7.777,14.944,73.84,47.229,15.544,26.11,9.943,25.391,0.616,4.52,28.522,85.202,18.014,7.549,2.666,4.838,4.576,0.02,8.175,178.572,3.622,18.644,0.094,34.77,0.103,11.95
1963-07-01,11.294,4.76,19.027,7.723,5.461,13.613,15.688,4.392,28.827,6.012,39.657,96.349,23.822,35.607,3.094,4.971,5.958,12.945,7.617,39.817,43.64,52.48,895.623,26.948,24.487,11.914,312.789,9.673,10.31,4.717,12.993,50.397,12.527,16.545,13.341,55.74,98.402,14.651,36.897,15.419,17.008,9.883,19.522,62.79,20.524,35.851,22.085,24.011,19.184,32.889,,9.517,5.129,20.569,56.165,12.606,50.214,18.761,15.477,37.517,34.513,10.86,20.523,14.953,12.828,81.463,18.96,40.511,41.829,15.096,18.146,27.33,86.313,8.601,16.843,7.772,3.527,19.111,4.832,24.652,13.159,6.459,42.787,11.921,18.004,7.893,14.927,74.214,49.798,15.664,26.094,10.402,25.522,0.624,4.544,28.92,86.108,18.328,7.937,2.625,4.847,4.661,0.021,8.128,178.961,3.705,18.898,0.097,35.79,0.103,12.211
1963-10-01,11.424,4.967,19.179,7.295,5.358,13.488,15.521,4.455,28.93,6.107,40.228,101.208,23.888,35.173,3.203,5.304,6.201,13.425,7.773,39.911,43.711,52.781,899.419,27.311,24.814,11.808,312.779,9.826,10.484,4.932,12.862,50.82,12.354,16.601,13.627,55.909,98.391,14.897,37.708,15.751,17.214,10.179,19.775,60.981,20.556,35.608,22.364,24.234,19.418,34.017,,9.443,5.311,20.881,59.187,12.424,48.997,17.79,15.282,37.927,35.003,11.163,20.841,15.251,12.802,78.669,19.341,40.106,42.54,12.748,19.172,27.295,87.585,9.376,16.749,7.714,3.615,18.987,5.072,25.106,13.326,6.655,44.801,11.94,18.154,7.936,15.075,72.197,51.757,15.875,26.459,10.016,27.319,0.635,4.55,29.297,87.682,18.578,8.333,2.589,5.151,4.759,0.021,7.987,175.301,3.704,19.178,0.097,36.594,0.105,12.109
1964-01-01,11.639,5.136,19.23,7.343,5.309,14.045,15.626,4.47,30.067,6.345,41.019,104.603,24.515,36.531,3.36,5.211,6.216,13.309,7.917,40.151,44.016,52.833,872.183,27.942,25.381,11.541,309.16,10.289,11.136,4.993,13.414,51.712,12.636,16.986,14.089,56.104,99.193,15.485,38.664,16.279,17.601,10.452,20.067,61.147,21.008,36.805,22.584,24.57,19.594,33.43,,9.332,5.696,21.442,55.817,13.432,48.842,18.847,15.963,38.924,35.429,11.469,21.115,15.623,13.35,83.197,19.741,39.849,43.384,13.944,19.395,27.763,89.066,10.381,17.33,8.007,3.689,19.333,5.275,25.132,13.918,6.946,44.96,12.296,18.511,7.94,15.773,74.731,51.25,16.059,27.108,10.41,29.206,0.678,4.715,29.664,88.053,18.873,8.786,2.848,5.769,4.752,0.022,8.726,177.649,3.801,19.42,0.101,36.869,0.108,12.635
1964-04-01,12.05,5.347,19.613,7.49,5.197,14.415,16.081,4.653,32.241,6.51,42.006,110.446,24.891,36.561,3.387,5.15,6.203,13.545,7.956,40.849,44.794,52.732,853.313,28.258,25.707,11.84,322.711,10.633,11.413,5.207,13.769,52.987,13.519,17.343,14.237,56.096,100.398,16.086,39.716,16.506,17.684,10.791,20.354,64.869,22.035,36.818,22.843,24.804,19.848,34.545,,9.687,5.821,21.695,59.807,13.336,52.234,18.174,16.459,39.67,35.941,11.804,21.42,15.793,14.258,81.473,20.046,39.192,42.909,13.221,19.782,28.292,90.579,11.127,17.778,8.193,3.742,19.587,5.476,25.467,14.747,7.191,44.089,12.687,18.838,8.122,16.776,80.954,49.775,16.237,27.438,10.316,30.681,0.717,4.856,30.018,86.639,19.139,8.934,2.935,6.07,4.915,0.022,8.911,164.304,4.046,19.678,0.109,36.787,0.111,12.951
1964-07-01,12.388,5.642,19.822,7.825,5.219,14.627,16.56,4.713,34.377,6.725,43.175,116.64,25.414,37.195,3.381,5.557,6.395,13.926,7.931,41.448,45.494,52.672,836.07,28.45,25.917,11.753,348.548,10.754,11.544,5.291,14.025,54.604,13.842,17.748,14.313,56.312,104.023,16.632,41.022,16.612,17.747,10.819,20.634,63.522,22.412,37.343,23.125,25.119,20.115,35.441,,10.36,5.886,21.883,62.555,13.514,50.226,17.971,16.827,40.305,36.389,11.826,21.708,16.539,14.369,82.433,20.369,38.342,43.022,12.974,21.109,28.845,92.296,11.384,17.758,8.552,3.818,20.139,5.652,25.455,15.574,7.517,44.194,12.971,19.186,8.187,17.719,80.632,48.78,16.53,27.638,10.405,32.021,0.741,5.033,30.423,85.287,19.393,9.031,3.076,6.371,4.993,0.023,9.14,178.452,4.153,19.973,0.111,36.698,0.115,13.168
1964-10-01,12.04,5.892,19.986,8.353,5.404,14.773,17.185,4.874,35.903,6.519,44.431,106.896,25.528,37.685,3.384,5.335,6.277,13.954,7.904,41.601,45.645,52.942,828.046,28.752,26.126,12.39,347.415,10.917,11.629,5.557,14.184,54.384,14.397,17.618,14.319,56.007,105.609,16.95,42.495,16.456,17.624,11.043,20.929,62.146,22.682,37.788,23.515,25.521,20.484,36.07,,10.542,6.073,21.888,64.532,13.808,46.516,18.279,17.064,40.132,36.81,11.711,21.976,15.038,15.225,84.614,20.57,37.315,43.146,13.814,18.358,28.901,93.609,11.118,17.832,8.564,3.887,20.024,5.816,25.808,16.212,7.778,45.226,12.957,19.241,8.074,18.462,79.146,47.985,16.677,27.941,10.769,29.392,0.763,5.098,30.951,84.283,19.661,9.101,3.153,6.503,5.208,0.023,8.893,180.78,4.25,20.197,0.118,36.884,0.115,13.289
1965-01-01,12.005,5.991,19.91,8.113,5.763,14.787,17.547,4.925,35.824,7.125,45.518,107.549,25.788,37.69,3.373,5.603,6.443,14.174,7.978,42.058,46.256,53.604,802.368,29.461,26.725,12.977,331.649,10.922,11.827,5.595,14.208,54.132,14.377,18.192,14.577,55.765,106.804,17.232,43.889,17.036,18.316,10.557,21.179,61.121,22.72,37.9,23.788,25.779,20.727,36.347,,10.818,6.08,22.496,65.461,14.637,50.475,18.626,17.068,40.453,37.119,11.892,22.18,18.163,15.434,83.349,20.802,35.945,42.94,13.037,23.858,29.177,94.772,11.248,17.799,8.876,3.949,20.462,5.97,25.957,16.261,8.023,43.898,13.298,19.67,8.272,18.382,79.743,49.481,16.709,28.651,10.824,29.579,0.779,5.17,31.313,84.875,19.887,9.123,3.161,6.856,5.264,0.024,9.241,182.171,4.392,20.335,0.121,37.572,0.117,13.301
1965-04-01,13.208,6.35,20.245,8.163,6.1,14.762,17.767,5.059,34.657,7.137,46.471,109.445,26.487,38.942,3.481,5.759,6.569,14.395,8.085,42.373,46.598,55.192,746.376,30.153,27.479,12.678,340.423,11.068,11.871,5.47,14.169,55.509,14.725,18.323,14.91,56.362,108.808,17.178,45.118,17.293,18.756,10.844,21.487,62.394,23.206,39.08,24.076,26.175,20.965,36.798,,10.648,6.299,22.918,66.172,14.363,51.066,18.569,17.084,41.47,37.476,11.939,22.422,17.802,16.172,86.907,21.252,34.728,43.401,14.572,22.791,29.456,96.018,10.815,17.847,8.795,4.027,20.78,6.106,26.452,15.987,8.142,45.42,13.422,19.887,8.28,17.976,83.414,49.767,17.134,29.313,10.804,30.304,0.819,5.32,31.758,85.473,20.187,9.499,3.3,7.203,5.392,0.024,9.32,186.926,4.551,20.655,0.128,38.326,0.122,13.215
1965-07-01,13.711,6.638,20.418,8.114,6.493,15.071,18.014,5.205,33.359,7.381,47.676,101.621,26.35,39.074,3.63,6.288,6.86,14.65,8.172,42.957,47.287,56.32,733.524,30.538,27.876,12.603,364.639,11.399,12.151,5.409,14.473,56.804,15.455,18.698,15.269,56.818,110.569,16.864,46.859,17.543,19.066,11.212,21.76,63.75,23.945,39.253,24.433,26.516,21.296,36.722,,11.682,6.4,23.272,65.615,14.608,50.455,18.66,17.495,41.862,38.011,11.95,22.766,18.399,16.766,88.336,21.243,33.55,43.914,16.053,23.391,29.897,96.973,10.831,18.178,9.166,4.12,20.944,6.276,27.303,15.288,8.244,46.732,13.971,20.229,8.491,16.807,83.323,52.847,17.469,29.673,10.819,30.019,0.852,5.418,32.136,87.11,20.463,10.055,3.41,7.442,5.573,0.023,9.33,176.282,4.727,21.001,0.136,38.703,0.122,13.463
1965-10-01,14.18,6.889,20.95,8.662,6.881,15.644,18.297,5.361,32.397,7.692,48.775,109.322,27.109,39.331,3.741,7.456,7.442,15.2,8.248,44.871,49.551,58.106,702.485,31.105,28.422,12.905,356.123,11.991,12.801,5.371,15.055,57.421,16.132,19.419,15.59,57.362,111.558,16.85,48.327,17.927,19.415,11.772,22.119,64.695,24.941,39.519,24.761,26.842,21.601,36.759,,12.578,6.943,23.66,65.697,15.265,53.283,18.673,17.936,42.758,38.466,12.285,23.058,18.608,18.073,85.996,21.451,32.45,43.69,14.757,24.028,31.006,98.128,11.318,18.704,9.905,4.199,21.676,6.483,27.965,14.993,8.26,48.64,14.707,20.797,8.713,16.403,84.553,53.376,17.79,30.2,11.019,31.721,0.929,5.777,32.509,88.138,20.81,10.569,3.706,7.876,5.753,0.024,10.622,174.21,5.021,21.31,0.15,39.006,0.127,14.117
1966-01-01,14.263,7.16,21.283,8.733,6.865,15.976,19.176,5.381,32.716,8.058,49.801,114.344,27.395,39.726,3.771,7.463,7.46,15.322,8.284,44.663,49.226,60.226,670.784,31.698,28.939,13.146,340.745,12.188,12.812,5.516,15.327,57.465,16.933,19.784,15.878,55.927,111.577,17.142,49.316,18.487,19.945,12.125,22.35,63.037,25.292,39.874,24.971,27.072,21.783,37.214,,14.346,6.709,24.212,66.425,15.882,57.563,18.588,18.209,43.351,39.158,12.748,23.461,19.762,18.634,86.792,21.781,31.293,44.386,15.335,25.711,31.231,98.998,11.953,19.349,10.703,4.257,22.163,6.724,28.149,15.077,8.266,48.011,15.031,21.104,8.645,16.501,86.533,54.757,17.711,30.743,11.074,33.137,0.976,5.889,32.858,87.626,21.026,10.891,3.923,8.5,5.757,0.024,10.826,177.627,5.307,21.524,0.157,39.129,0.137,14.404
1966-04-01,13.831,7.773,21.483,8.887,6.797,16.036,20.48,5.705,33.966,7.736,50.694,112.361,27.936,40.859,3.707,7.152,7.313,15.24,8.281,44.761,49.267,62.225,701.619,31.83,28.993,13.311,353.313,12.161,12.768,5.52,15.414,58.913,16.895,19.685,16.084,56.544,113.376,17.747,49.832,19.296,20.744,12.069,22.615,60.483,25.784,40.779,25.185,27.368,21.977,37.46,,14.052,7.064,24.866,65.754,15.594,58.58,19.274,18.392,44.298,39.734,12.597,23.806,17.813,19.294,90.466,22.217,30.515,45.611,14.984,22.474,31.527,99.621,12.745,19.263,10.51,4.319,22.635,7.012,28.346,15.5,8.313,47.326,15.356,21.158,8.759,17.049,86.768,55.61,18.346,30.813,11.382,32.816,1.011,6.024,33.113,88.297,21.255,10.92,4.09,8.886,6.157,0.025,10.69,184.413,5.426,21.993,0.163,38.832,0.152,14.456
1966-07-01,14.247,6.532,21.524,9.145,6.773,16.219,21.857,5.669,35.474,7.99,51.817,115.837,28.593,41.244,3.639,6.679,7.106,15.083,8.307,44.888,49.419,64.824,694.554,31.966,29.164,12.948,366.408,12.54,13.155,5.75,15.657,59.703,17.215,19.969,16.122,59.072,111.64,18.234,50.505,19.713,21.006,12.55,22.821,63.404,25.94,41.076,25.507,27.693,22.3,37.631,,14.235,7.281,25.155,65.631,15.756,60.846,19.549,19.215,44.594,40.199,13.025,24.096,18.346,20.561,89.361,22.414,30.007,46.242,13.868,23.602,31.754,101.021,13.706,19.144,10.599,4.387,22.837,7.321,28.42,16.005,8.375,47.663,15.62,21.4,8.787,17.695,87.078,54.356,17.874,30.868,11.646,33.177,1.069,6.17,33.567,86.333,21.429,10.944,4.231,9.35,6.11,0.026,10.566,177.004,5.593,21.975,0.175,38.678,0.164,14.446
1966-10-01,14.209,8.305,21.781,9.668,6.806,16.074,23.215,5.795,36.898,7.987,52.943,113.153,28.786,41.752,3.576,6.127,6.872,14.838,8.346,44.671,49.089,66.784,683.942,31.664,28.901,13.775,371.801,12.438,12.945,5.856,15.51,60.003,17.53,19.927,16.209,57.665,113.763,18.714,51.257,20.179,21.471,12.487,23.092,64.319,26.128,41.49,25.783,27.989,22.575,37.526,,14.244,7.219,25.538,64.56,15.506,57.619,19.908,18.985,44.693,40.687,13.016,24.39,18.248,21.234,91.245,22.454,29.773,47.053,14.253,23.317,31.666,102.193,14.141,19.013,10.451,4.442,22.897,7.55,29.095,16.464,8.396,48.38,15.957,21.489,8.951,18.3,88.348,55.763,19.003,30.491,11.986,32.407,1.104,6.138,33.894,85.528,21.663,10.971,4.391,9.566,6.252,0.026,10.122,180.546,5.612,22.619,0.183,38.598,0.185,14.326
1967-01-01,14.661,8.617,22.221,9.954,7.027,16.084,24.211,5.903,37.454,7.836,53.938,112.447,29.116,41.683,3.645,7.318,7.472,15.425,8.448,45.557,50.07,67.724,685.046,31.31,28.661,15.006,361.603,12.481,12.905,5.946,15.492,59.894,17.477,19.979,16.423,57.998,118.649,18.775,51.941,20.464,21.728,12.669,23.295,64.388,26.025,41.445,26.001,28.182,22.748,37.61,,14.494,7.208,25.806,64.003,15.283,61.212,19.795,19.111,44.951,41.037,13.047,24.615,17.337,21.123,89.221,22.397,30.118,48.239,15.076,21.474,32.021,103.707,14.514,19.161,10.435,4.504,23.14,7.61,29.482,16.363,7.877,48.086,16.155,21.613,9.169,18.413,90.567,55.092,19.329,30.095,12.069,32.716,1.106,6.199,34.228,86.218,21.861,11.289,4.364,9.314,6.363,0.026,9.845,178.715,5.846,22.889,0.185,38.68,0.2,14.229
1967-04-01,14.972,8.851,22.097,9.996,7.361,16.207,24.683,6.007,37.513,8.172,54.492,111.389,30.292,43.513,3.755,7.745,7.759,15.705,8.63,45.806,50.441,67.128,651.784,30.968,28.411,16.564,366.07,12.607,13.015,5.802,15.633,60.473,17.824,20.327,16.83,56.586,128.256,18.804,52.41,21.211,22.546,12.79,23.506,64.459,26.34,43.016,26.272,28.604,23.008,37.661,,15.338,6.861,26.385,63.869,15.803,59.681,19.012,19.35,45.353,41.376,13.319,24.83,18.883,20.933,93.646,22.333,30.244,48.772,15.448,23.968,32.26,104.434,14.953,19.197,10.729,4.558,23.37,7.562,30.099,15.889,7.025,47.847,16.405,21.908,9.439,18.166,91.076,55.617,19.215,29.762,11.781,32.327,1.117,6.204,34.456,87.203,22.074,11.826,4.33,9.661,6.487,0.026,9.449,183.381,5.889,22.972,0.188,38.892,0.218,14.312
1967-07-01,15.62,9.342,21.927,9.948,7.528,16.279,24.92,6.087,37.336,8.107,55.303,109.016,29.58,43.053,3.918,8.876,8.362,16.254,8.828,45.557,50.206,65.808,615.874,31.231,28.721,15.927,349.33,12.62,13.064,6.099,15.728,60.334,18.043,20.266,17.261,56.967,137.908,18.781,53.385,21.87,23.239,12.625,23.804,63.629,26.492,42.668,26.654,28.91,23.352,37.598,,15.235,7.165,26.866,63.437,16.14,59.024,20.317,19.553,45.812,41.764,13.447,25.091,18.334,20.751,94.607,22.157,30.421,49.368,15.899,22.827,32.23,105.597,15.444,19.156,10.631,4.644,23.456,7.497,30.378,15.39,6.217,49.186,16.617,22.021,9.517,17.876,91.396,56.455,19.686,30.076,12.269,31.593,1.146,6.293,34.907,88.023,22.375,12.419,4.563,10.292,6.583,0.026,8.919,182.928,5.924,23.324,0.192,39.121,0.239,14.354
1967-10-01,15.552,9.704,22.276,9.639,7.643,16.183,25.141,6.277,37.082,8.128,56.11,110.626,30.616,44.466,4.051,8.32,8.224,16.194,9.057,46.156,50.866,65.045,604.27,31.58,29.011,15.622,357.984,12.741,13.136,5.908,15.606,61.439,18.353,20.347,17.619,56.823,143.441,18.829,54.317,22.536,23.867,12.884,23.983,63.353,26.902,43.92,27.026,29.387,23.668,37.907,,15.746,7.409,27.271,64.316,16.356,51.557,18.546,19.335,46.57,42.223,13.489,25.39,17.818,22.187,97.391,22.347,30.59,49.328,16.101,21.841,32.376,106.925,16.207,19.187,10.839,4.73,23.232,7.499,30.76,15.0,5.648,49.652,16.79,22.155,9.669,17.624,94.357,57.588,19.939,30.462,11.528,31.951,1.203,6.343,35.429,88.917,22.562,12.874,4.582,10.767,6.787,0.026,8.843,181.035,5.859,23.61,0.206,39.53,0.25,14.263
1968-01-01,16.189,10.27,23.091,10.194,7.716,16.638,26.847,6.411,37.756,8.633,57.784,114.7,31.334,45.159,4.072,7.023,7.778,16.011,9.385,46.707,51.33,64.935,599.569,32.772,30.112,15.461,359.719,12.954,13.321,5.956,15.997,62.721,18.132,20.994,17.831,57.252,139.057,19.331,55.442,22.895,24.29,13.361,24.371,62.112,27.166,44.56,27.364,29.765,23.927,38.923,,15.753,7.442,27.684,64.958,16.715,59.159,19.793,19.794,47.745,42.755,13.89,25.759,20.121,22.305,97.711,23.202,30.618,51.649,14.745,26.184,33.013,109.497,16.311,19.966,11.104,4.865,23.85,8.091,30.873,15.569,6.319,49.264,17.164,22.686,9.999,18.065,92.169,58.094,20.472,31.695,12.198,32.899,1.226,6.515,36.124,88.364,22.919,12.712,4.535,11.494,6.98,0.027,9.681,177.883,6.015,24.052,0.209,39.881,0.249,14.638
1968-04-01,16.179,10.821,23.72,10.526,7.662,16.753,27.184,6.417,38.345,8.817,58.626,116.274,31.757,44.505,4.04,8.491,8.61,16.937,9.675,47.547,52.208,64.01,593.66,33.081,30.374,14.74,341.351,13.255,13.652,6.201,16.104,62.811,18.416,21.308,18.174,57.721,137.226,20.072,56.237,23.956,25.4,13.663,24.769,64.038,27.394,44.044,27.578,29.901,24.093,39.619,,16.368,7.329,28.536,66.431,18.169,58.125,20.392,20.078,48.492,43.179,14.573,26.051,20.457,21.188,91.914,23.872,30.774,51.665,15.2,26.406,33.419,111.28,17.123,20.122,11.749,4.971,24.131,8.462,30.982,16.034,6.947,49.985,17.397,23.032,10.362,18.36,90.544,57.586,21.002,32.045,12.603,33.623,1.239,6.677,36.561,87.894,23.275,12.522,4.657,13.022,7.008,0.028,10.491,179.066,6.172,24.446,0.203,40.066,0.254,14.673
1968-07-01,16.127,11.293,24.5,10.904,8.098,17.041,27.725,6.517,39.235,9.213,59.521,112.176,32.032,45.787,4.03,8.31,8.633,17.049,9.913,48.388,53.045,63.98,589.854,33.478,30.706,15.171,330.552,13.689,13.962,6.297,16.382,63.477,18.572,21.83,18.26,58.768,137.956,20.548,56.939,24.383,25.619,14.659,25.097,63.48,27.76,45.2,27.947,30.364,24.408,40.018,,16.612,7.615,28.757,66.908,18.689,58.866,20.366,20.165,49.53,43.736,15.199,26.428,21.698,22.135,97.75,24.56,30.963,51.414,16.89,27.844,33.951,113.258,18.282,20.462,11.924,5.101,24.47,8.753,31.108,16.515,7.443,49.436,17.648,23.463,10.655,18.735,89.066,58.149,21.596,32.456,12.768,32.507,1.296,6.706,37.127,88.139,23.572,12.458,4.785,13.699,7.152,0.028,10.616,180.839,6.321,24.919,0.216,40.572,0.262,15.028
1968-10-01,16.604,11.732,25.152,11.283,8.527,16.919,28.219,6.685,40.241,9.159,60.629,115.184,32.517,46.453,4.031,8.088,8.642,17.132,10.155,48.552,53.079,63.469,580.935,33.444,30.74,14.389,324.322,13.584,13.9,6.322,16.321,63.356,18.345,21.795,18.536,58.605,140.636,21.071,58.181,25.182,26.264,14.435,25.382,61.758,27.617,45.897,28.37,30.825,24.794,40.35,,16.45,7.69,29.362,66.935,18.926,58.877,20.801,20.125,49.639,44.382,15.616,26.855,21.427,20.822,99.082,25.164,31.19,51.592,15.737,27.604,33.958,114.713,19.591,20.034,12.023,5.235,24.514,9.063,31.08,16.809,7.458,48.628,17.506,23.569,10.703,19.107,89.211,59.218,21.9,32.437,13.073,33.85,1.303,6.76,37.696,88.181,23.831,12.511,5.06,14.103,7.364,0.027,11.083,183.111,6.341,25.303,0.211,41.387,0.273,14.931
1969-01-01,16.714,12.26,26.029,11.557,9.142,17.088,28.539,6.913,40.962,9.332,61.088,120.536,33.561,47.744,4.017,7.049,8.173,16.671,10.186,49.159,53.599,63.071,578.152,33.392,30.711,15.815,332.334,13.684,13.933,6.358,16.541,64.751,18.747,22.087,18.774,59.464,147.168,21.43,58.651,25.874,26.861,14.599,25.613,61.785,27.845,47.086,28.743,31.295,25.136,40.275,,16.592,8.3,29.928,67.249,19.35,59.848,21.049,20.419,50.701,44.814,16.388,27.145,21.977,20.914,101.145,25.01,31.354,51.153,16.652,28.028,34.335,115.196,20.583,19.948,12.233,5.333,24.612,9.302,31.5,16.908,7.364,48.438,17.644,23.831,10.857,19.247,91.647,59.241,22.497,32.397,13.277,35.043,1.334,6.886,38.113,89.293,24.038,12.667,5.035,14.829,7.622,0.028,11.335,178.169,6.394,25.723,0.216,42.055,0.282,15.093
1969-04-01,16.75,12.752,26.25,11.791,9.661,17.153,28.854,7.031,41.721,9.306,61.686,124.127,33.295,46.79,4.039,7.187,8.373,16.901,10.459,48.949,53.315,64.025,535.804,34.168,31.377,16.272,320.157,13.823,13.956,6.565,16.501,65.581,18.746,22.103,19.038,60.045,151.674,21.7,59.298,26.534,27.483,15.145,25.936,61.853,27.774,46.432,29.164,31.604,25.556,40.449,,16.383,8.348,30.449,66.886,19.513,62.126,21.306,20.248,51.937,45.261,16.835,27.447,21.554,20.809,97.099,25.319,31.7,51.743,16.006,27.345,34.411,115.943,21.343,20.544,12.216,5.438,24.807,9.505,31.766,16.885,6.848,48.145,17.754,23.984,11.114,19.47,94.76,59.614,23.007,33.166,13.509,36.015,1.351,6.985,38.556,89.119,24.336,12.836,4.916,15.443,7.733,0.028,11.353,176.797,6.429,26.116,0.219,42.811,0.297,15.083
1969-07-01,16.623,13.308,26.526,12.046,10.264,17.248,29.302,7.169,42.767,9.28,62.661,126.216,34.219,48.411,4.098,7.017,8.45,17.01,10.77,48.907,53.184,62.493,541.217,33.927,31.155,16.605,313.662,13.563,13.623,6.442,16.49,65.8,18.361,22.142,19.223,59.74,157.244,21.832,60.575,26.718,27.778,15.068,26.14,61.389,27.831,47.933,29.532,32.105,25.915,40.606,,15.903,8.233,30.686,66.552,19.192,63.276,20.722,20.182,52.38,45.873,16.897,27.847,21.805,20.692,101.606,25.545,32.152,52.383,16.483,27.612,34.54,116.462,21.109,21.17,12.061,5.558,25.085,9.543,32.003,16.972,6.422,47.259,17.925,24.101,11.495,19.784,96.094,60.31,23.375,32.969,13.361,36.07,1.346,6.79,38.983,88.687,24.532,13.03,4.717,15.317,7.891,0.027,11.619,179.356,6.271,26.511,0.221,43.699,0.303,15.063
1969-10-01,17.412,13.865,26.587,12.334,10.794,17.159,29.768,7.31,43.508,9.244,63.981,126.364,34.311,49.165,4.18,7.18,8.674,17.328,11.081,49.45,53.845,61.737,535.605,34.014,31.335,16.957,319.425,13.536,13.53,6.507,16.424,67.198,18.23,22.222,19.528,59.634,158.462,22.068,62.375,27.149,28.272,15.241,26.459,61.247,27.944,48.711,29.864,32.492,26.254,41.068,,15.856,8.15,31.124,68.012,19.295,63.044,20.839,20.234,53.526,46.63,17.133,28.338,21.426,20.842,105.385,25.375,32.715,53.055,16.438,26.877,34.771,117.257,21.283,20.968,12.116,5.702,25.127,9.543,32.428,17.056,6.125,47.268,18.064,24.294,11.738,20.045,96.704,61.208,23.786,33.083,13.505,35.957,1.371,6.846,39.39,87.252,24.837,13.207,4.612,16.638,8.063,0.027,11.881,177.017,6.263,26.978,0.224,44.555,0.31,14.908
1970-01-01,17.869,13.318,27.724,12.546,11.443,16.958,30.262,7.497,44.393,9.102,64.896,146.567,35.038,49.645,4.249,6.481,8.594,17.279,11.534,50.111,54.363,60.372,538.093,34.752,32.026,18.285,315.924,13.526,13.456,6.7,16.422,68.297,18.319,22.258,19.813,59.095,157.261,22.462,63.548,27.659,28.661,15.321,26.739,60.33,27.886,49.226,30.014,32.686,26.371,41.2,,16.132,8.937,31.555,68.517,19.719,63.369,21.452,20.134,54.718,47.176,17.519,28.706,20.002,21.593,104.451,25.828,33.666,51.924,15.278,24.602,35.069,117.677,22.204,19.766,12.454,5.83,25.465,9.432,32.865,17.342,6.31,48.048,18.384,24.445,12.388,20.294,98.107,61.74,23.241,33.89,13.816,40.979,1.439,7.058,39.636,87.96,25.105,13.208,4.73,17.05,8.283,0.027,12.06,176.783,6.315,26.976,0.235,45.207,0.315,14.917
1970-04-01,17.249,12.934,28.446,12.704,11.973,16.905,30.606,7.587,45.09,9.208,65.859,141.0,35.664,49.736,4.309,6.271,8.67,17.451,11.869,50.164,54.214,59.388,567.28,35.266,32.381,18.645,298.199,13.579,13.469,6.697,16.426,67.662,18.208,22.321,19.884,58.752,155.085,22.584,64.797,27.551,28.604,15.488,26.898,58.716,27.91,49.402,30.209,32.883,26.535,41.653,,15.95,8.882,31.546,69.31,20.186,63.093,21.439,19.842,54.746,47.859,18.251,29.143,20.623,21.044,101.874,26.331,34.22,51.944,16.316,25.123,35.047,118.497,21.914,19.435,12.449,5.951,25.531,9.265,32.929,17.62,6.524,47.246,18.386,24.555,12.586,20.538,99.283,62.196,22.869,34.453,13.841,40.244,1.427,7.009,39.908,89.071,25.261,13.259,4.77,16.931,8.383,0.027,12.122,176.594,6.468,27.085,0.232,45.758,0.316,15.03
1970-07-01,17.039,13.359,28.967,12.931,11.98,16.859,30.744,7.625,45.392,9.241,67.277,151.389,36.77,50.74,4.426,6.104,8.769,17.713,12.208,50.552,54.544,58.093,584.834,35.355,32.428,18.791,297.876,13.607,13.423,6.76,16.344,68.702,18.18,22.458,20.272,58.955,151.527,23.017,67.014,28.189,29.147,15.654,27.188,58.078,27.838,50.327,30.516,33.264,26.812,42.417,,16.432,8.741,32.068,70.631,20.452,62.119,21.491,19.783,55.767,48.436,18.091,29.543,20.42,20.607,102.041,27.046,34.644,52.359,15.69,25.027,35.299,119.175,22.856,19.561,12.946,6.107,25.801,9.207,33.148,17.878,6.807,46.472,18.469,24.771,12.96,20.755,99.36,63.399,23.237,34.587,13.935,43.256,1.45,7.227,40.357,89.189,25.547,13.564,4.842,17.633,8.43,0.027,13.175,182.827,6.635,27.48,0.232,46.289,0.32,14.934
1970-10-01,17.749,12.76,28.964,13.186,11.961,17.136,30.674,7.701,45.342,8.627,67.269,167.334,36.108,50.225,4.374,6.172,8.979,17.979,12.566,51.131,55.247,57.458,604.681,34.812,32.061,18.53,286.345,13.821,13.629,6.679,16.641,68.726,18.26,22.215,20.497,58.328,149.58,23.638,66.692,29.382,30.294,16.008,27.342,58.448,28.184,49.974,30.883,33.557,27.18,42.716,,16.39,9.081,32.707,70.419,20.873,62.165,21.436,20.091,56.222,49.016,18.453,29.943,16.629,20.365,102.41,27.392,34.94,53.294,14.725,18.52,35.711,120.54,24.143,19.747,13.138,6.262,26.154,9.189,32.868,18.052,7.018,45.334,18.79,24.703,13.321,20.924,97.394,62.204,22.644,34.047,13.967,46.988,1.462,7.24,40.775,88.943,25.677,13.557,4.926,17.127,8.551,0.027,13.297,187.117,6.724,27.471,0.232,46.65,0.327,15.241
1971-01-01,16.554,12.954,30.191,13.348,11.073,17.251,30.27,7.734,44.885,9.553,68.286,142.176,36.472,51.124,4.429,7.011,9.524,18.293,12.894,51.379,55.261,55.406,568.71,34.61,31.729,18.337,298.583,13.892,13.65,7.015,16.726,70.042,18.341,22.929,20.86,58.01,148.575,23.875,68.462,30.126,31.23,16.225,27.527,58.354,27.464,50.649,31.206,33.925,27.47,41.812,,16.664,9.381,33.351,69.146,21.636,59.146,21.303,20.233,57.042,49.521,19.548,30.282,21.799,20.313,105.628,26.627,34.754,52.244,14.379,27.405,35.857,121.52,24.136,20.006,12.994,6.382,25.975,9.125,32.932,17.914,6.763,44.886,18.759,25.178,13.464,20.935,95.87,62.615,22.722,33.907,14.043,40.195,1.449,7.195,41.234,89.208,25.855,13.929,4.842,18.017,8.614,0.027,12.323,190.65,6.737,27.707,0.233,46.324,0.326,15.353
1971-04-01,16.588,13.599,30.797,13.528,10.48,17.675,29.838,7.81,44.271,9.77,68.929,150.388,37.119,51.682,4.516,6.809,9.59,18.271,13.217,51.212,54.923,54.136,534.496,34.874,31.958,18.491,300.38,14.053,13.703,7.102,17.188,71.15,18.405,23.117,21.366,58.672,147.802,24.325,69.565,31.317,32.478,16.655,27.797,56.22,27.246,51.089,31.574,34.307,27.811,41.446,,16.985,9.122,34.216,67.278,22.342,60.332,21.619,20.824,58.057,50.116,20.353,30.682,22.507,20.378,105.566,26.816,35.058,52.329,15.705,27.968,35.939,122.624,25.046,20.253,13.239,6.524,25.642,9.174,33.017,17.816,6.567,44.335,18.704,25.409,13.268,20.998,96.248,63.274,23.361,34.22,14.233,42.769,1.482,7.282,41.7,89.742,26.117,14.237,4.848,18.023,8.706,0.027,12.107,179.516,6.993,28.215,0.241,46.242,0.326,15.81
1971-07-01,17.087,13.981,31.064,13.69,10.199,17.771,29.706,7.859,44.413,10.031,69.615,153.499,37.09,51.088,4.628,6.403,9.527,18.237,13.491,50.744,54.27,53.397,540.974,35.162,32.27,17.755,285.014,14.303,14.049,7.163,17.303,70.84,18.779,23.266,21.8,58.963,146.95,24.842,70.486,32.38,33.353,16.658,28.045,56.874,27.322,50.7,32.012,34.658,28.233,41.549,,17.243,9.323,34.854,66.619,22.75,61.355,21.716,21.046,58.356,50.724,20.709,31.101,23.478,20.287,102.421,26.942,35.553,53.265,16.191,29.42,35.866,123.993,26.722,20.255,13.494,6.688,25.806,9.441,32.966,17.919,6.505,43.804,18.74,25.612,13.366,21.213,95.529,63.029,23.717,34.542,14.357,43.996,1.496,7.352,42.295,88.758,26.363,14.594,5.005,17.793,8.78,0.027,12.464,179.293,7.15,28.615,0.242,46.747,0.342,15.897
1971-10-01,17.525,14.623,31.995,13.797,10.57,18.016,29.796,8.028,45.008,10.459,70.473,132.722,38.262,51.798,4.799,6.073,9.472,18.229,13.716,51.025,54.391,52.527,524.43,35.715,32.8,18.79,277.001,14.726,14.446,7.58,17.562,70.898,18.809,23.675,22.172,59.145,144.809,25.257,71.436,33.003,33.721,17.47,28.463,57.556,27.222,51.478,32.519,35.203,28.751,41.74,,17.712,10.085,35.19,65.91,23.096,60.431,22.557,21.325,58.723,51.344,21.158,31.518,24.962,20.947,100.651,27.201,36.254,54.339,16.379,31.863,36.11,125.868,28.233,20.431,13.595,6.839,25.965,9.803,33.431,18.159,6.572,43.916,18.872,26.037,13.555,21.512,95.356,63.584,24.246,35.141,14.826,37.819,1.55,7.493,42.842,88.289,26.776,14.975,5.193,19.772,9.002,0.027,12.58,179.638,7.263,29.088,0.254,47.784,0.352,16.139
1972-01-01,19.309,15.346,32.494,13.763,11.319,18.164,27.486,8.1,46.313,10.698,70.191,136.331,38.1,51.98,4.749,6.967,9.969,18.883,13.853,50.554,53.681,53.004,525.747,36.679,33.859,19.72,292.625,15.239,14.963,7.716,17.712,72.43,18.997,23.896,22.461,59.534,143.791,25.647,71.933,33.373,35.037,18.283,28.969,57.729,27.435,51.856,32.926,35.612,29.158,42.6,,17.2,9.948,35.965,66.875,22.959,61.31,22.33,21.835,59.619,51.98,21.845,31.94,25.125,21.652,102.428,27.526,37.465,56.44,16.379,31.915,36.229,127.552,25.125,20.574,13.586,6.982,26.333,10.152,33.985,18.536,6.768,44.65,19.077,26.38,13.974,21.856,96.933,65.039,24.88,36.121,14.806,40.282,1.633,7.523,43.244,89.12,27.227,15.381,5.64,20.876,9.071,0.027,13.38,184.458,7.445,29.608,0.265,48.995,0.364,16.089
1972-04-01,20.187,15.471,32.87,13.836,12.233,18.624,28.918,8.194,46.099,10.967,71.016,138.15,39.632,53.62,4.797,6.794,9.996,19.018,14.09,52.285,55.708,52.445,544.997,37.126,34.357,19.944,304.222,15.444,15.238,7.997,18.12,73.037,19.24,24.528,22.701,59.383,142.866,26.084,71.963,34.096,35.323,18.324,29.321,58.128,28.368,53.47,33.287,36.123,29.499,43.087,,17.541,10.208,36.358,68.285,23.664,64.679,22.452,22.528,59.761,52.597,22.362,32.332,25.828,21.867,104.064,27.095,38.4,58.087,15.968,33.141,37.208,129.603,27.397,21.295,13.903,7.089,26.965,10.513,34.171,18.743,6.951,45.152,19.427,26.882,14.471,22.136,100.162,64.057,24.94,36.6,14.978,39.725,1.693,7.694,43.667,89.955,27.555,15.583,6.251,22.062,9.146,0.027,13.696,186.935,7.591,29.868,0.269,50.421,0.379,16.337
1972-07-01,21.405,16.076,32.976,14.197,13.183,19.206,31.213,8.509,46.703,11.249,73.112,128.809,39.147,53.951,4.749,6.522,9.992,19.497,14.359,52.542,55.984,52.107,560.714,37.678,34.988,20.206,320.047,15.911,15.542,8.24,18.733,74.381,19.648,24.955,22.793,59.838,141.546,26.448,74.414,34.59,35.566,19.333,29.741,58.435,28.895,53.941,33.655,36.509,29.811,45.196,,18.399,10.36,36.694,69.69,23.954,65.49,22.51,23.169,60.459,52.77,23.035,32.479,26.301,22.867,108.272,30.511,39.38,58.203,16.692,33.502,37.721,128.674,28.778,21.725,14.131,7.189,27.319,10.916,34.643,18.992,7.213,44.985,19.863,27.297,14.845,22.302,102.133,64.161,25.499,37.181,15.204,37.203,1.76,7.984,44.293,89.609,27.928,15.424,6.395,23.818,9.524,0.028,13.47,184.625,7.861,30.191,0.282,51.473,0.396,16.917
1972-10-01,22.574,16.996,33.539,14.582,14.093,19.752,30.025,8.638,49.379,11.845,72.956,133.877,40.916,57.021,5.021,6.673,10.224,19.746,14.682,53.056,56.464,51.891,570.888,37.962,35.384,20.777,362.575,16.296,16.025,8.598,19.162,77.425,19.924,25.687,23.161,60.232,140.146,26.851,73.92,34.694,35.311,19.558,30.234,57.991,29.532,56.64,34.11,37.231,30.251,45.365,,19.463,10.556,36.742,71.705,24.446,65.877,22.77,23.671,61.8,52.589,23.865,32.419,28.382,23.664,116.677,29.409,40.429,59.209,17.158,36.798,38.433,132.351,30.189,22.849,14.608,7.262,27.78,11.187,35.306,19.583,7.481,46.044,20.323,27.937,15.135,22.769,102.218,64.989,26.282,37.482,15.523,38.177,1.847,8.25,44.895,88.814,28.427,17.161,6.385,26.422,9.689,0.029,13.435,187.398,8.166,30.484,0.293,52.436,0.413,17.284
1973-01-01,21.85,17.158,34.128,15.25,14.649,20.295,31.576,8.859,51.227,12.599,74.414,129.566,40.794,54.569,4.906,6.306,10.316,20.133,15.226,52.213,55.31,52.402,538.321,39.299,36.431,21.184,350.516,17.178,16.962,8.915,19.747,79.138,20.863,26.301,23.357,60.588,140.415,27.594,75.795,35.532,36.44,20.477,30.658,57.981,30.534,54.692,34.516,37.372,30.589,46.685,,20.68,11.79,37.49,72.222,25.986,67.235,23.464,24.32,63.93,52.588,24.976,32.444,30.616,24.571,103.661,30.409,40.962,62.631,17.557,40.312,38.665,131.297,29.91,23.197,15.39,7.311,28.354,11.332,35.522,20.21,7.806,46.656,20.883,28.447,15.39,23.391,102.709,66.058,26.488,38.845,16.052,36.648,1.939,8.51,45.611,88.248,28.791,16.28,6.584,28.55,9.966,0.031,14.062,188.142,8.661,30.584,0.31,52.75,0.431,17.841
1973-04-01,22.303,17.449,34.636,15.779,14.77,20.23,32.545,9.122,52.985,12.45,74.568,129.862,40.954,55.336,4.966,6.04,10.323,20.294,15.492,51.092,53.823,51.301,531.371,38.836,36.095,20.504,357.569,17.35,17.109,9.22,19.717,78.585,21.181,26.047,23.629,59.865,139.69,28.089,76.078,35.95,37.029,20.57,30.915,57.867,30.872,55.371,34.945,37.837,31.001,47.353,,21.824,11.3,37.922,73.312,25.706,67.698,23.739,24.349,63.107,52.532,25.659,32.405,29.692,24.545,107.16,30.687,42.625,63.704,16.981,38.632,38.338,129.008,29.671,22.961,15.781,7.296,28.68,11.372,35.702,20.731,8.122,45.179,21.199,28.435,15.72,23.836,103.35,67.296,26.55,38.404,16.379,37.534,1.9,8.61,46.083,89.281,29.036,16.535,6.535,25.918,10.296,0.031,14.304,194.016,8.992,30.587,0.313,53.014,0.446,17.774
1973-07-01,22.417,17.65,35.13,16.405,15.256,20.266,31.156,9.285,54.952,12.34,73.449,137.232,42.753,57.0,4.789,6.189,10.48,20.395,15.673,51.109,53.773,52.439,493.295,39.321,36.525,19.149,351.353,17.428,17.08,9.534,19.756,78.927,21.375,26.055,23.234,60.458,142.763,28.356,74.792,35.835,36.915,20.802,31.163,58.703,31.625,56.829,35.376,38.392,31.469,47.167,,22.414,11.652,37.55,74.089,25.531,68.722,23.272,24.481,63.685,52.164,26.347,32.184,28.669,25.133,107.568,30.202,44.821,62.684,17.068,36.522,38.518,129.648,29.564,22.981,16.097,7.253,29.154,11.431,35.535,21.261,8.416,45.217,21.589,28.535,15.881,24.281,102.641,68.455,26.836,38.868,16.473,39.707,1.926,8.871,46.363,89.978,29.228,16.097,6.463,25.818,10.516,0.031,14.768,199.797,9.206,30.569,0.32,53.534,0.465,17.744
1973-10-01,22.871,17.782,35.488,16.934,16.037,20.404,30.873,9.433,54.019,12.051,74.133,147.919,42.964,55.912,4.818,6.894,10.819,20.592,15.735,50.393,52.775,53.646,544.249,39.168,36.45,18.184,327.071,17.62,17.198,9.663,19.943,77.707,21.593,25.797,23.508,61.314,144.132,28.544,76.81,36.383,37.591,21.101,31.275,59.362,31.713,56.056,35.8,38.677,31.963,46.655,,23.205,11.904,38.071,73.94,25.597,69.886,23.591,24.794,63.481,51.656,26.996,31.896,26.815,24.983,100.45,29.533,47.515,61.561,15.77,33.465,38.366,127.397,29.606,22.882,16.601,7.231,29.55,11.369,35.255,21.176,8.587,43.841,21.81,28.449,16.098,24.143,101.052,67.366,27.126,38.669,16.759,42.159,1.896,9.02,46.552,90.193,29.335,16.104,6.304,24.007,10.729,0.032,15.502,203.585,9.559,30.513,0.32,54.192,0.48,17.836
1974-01-01,22.737,18.625,36.06,17.18,16.523,20.476,28.473,9.4,55.204,11.769,73.145,145.299,40.538,53.354,4.82,6.271,10.298,20.018,15.239,50.166,52.378,56.322,547.836,38.526,35.883,17.843,273.6,17.847,17.374,9.517,20.056,69.189,21.71,25.376,23.5,64.105,145.946,28.8,76.679,36.429,37.593,21.54,31.215,58.868,31.736,54.079,36.383,38.956,32.599,46.242,,23.645,12.633,38.045,73.378,25.315,68.724,24.097,24.816,57.302,51.232,26.502,31.623,24.923,25.375,98.126,30.096,51.67,58.21,16.094,30.083,37.851,126.985,29.81,22.758,16.693,7.151,29.911,11.274,34.75,21.573,8.99,42.821,22.004,28.195,16.479,24.386,98.879,67.519,28.385,37.917,16.958,41.311,1.893,9.348,46.977,90.392,29.281,15.864,6.672,22.02,10.719,0.033,15.57,207.499,9.744,30.865,0.328,54.944,0.493,17.966
1974-04-01,22.631,19.513,36.105,17.484,15.629,20.23,27.435,9.407,54.552,11.832,71.822,144.238,42.731,56.325,4.81,6.034,10.384,20.366,15.612,49.741,51.769,57.885,653.286,38.766,36.076,18.089,275.333,17.809,17.472,9.536,19.791,71.489,21.379,25.296,23.808,63.088,149.504,29.078,75.149,37.577,38.864,21.237,31.541,55.43,30.715,56.661,36.861,39.695,33.156,47.436,,24.532,12.259,38.755,73.082,25.406,65.392,24.787,24.348,59.538,50.665,26.514,31.269,24.78,25.545,103.884,30.875,54.558,62.464,16.439,29.685,37.6,126.31,30.435,22.599,17.055,7.062,29.309,11.242,34.591,21.196,8.524,43.156,21.824,28.296,16.737,24.145,96.191,68.526,28.848,38.113,17.287,42.005,1.947,9.48,47.196,90.463,29.575,15.514,6.98,23.149,10.768,0.033,15.855,200.089,9.795,30.838,0.333,55.64,0.503,17.834
1974-07-01,22.705,19.217,36.484,17.947,14.459,19.887,27.139,9.543,53.699,11.901,70.494,140.901,43.495,57.492,4.754,6.281,10.815,21.113,16.268,50.847,53.021,59.08,653.039,38.63,35.968,17.88,270.461,17.396,17.129,9.755,19.511,72.906,20.52,25.378,23.738,62.848,151.978,29.178,73.317,38.0,39.228,20.64,31.726,52.09,29.204,57.713,37.282,40.198,33.639,48.964,,24.699,12.552,38.762,74.051,24.918,61.897,25.452,24.207,61.197,50.525,26.092,31.235,25.504,25.623,106.636,31.889,56.985,66.256,16.062,31.281,37.681,125.049,31.046,21.943,16.917,7.149,28.428,11.283,33.974,21.055,8.631,42.219,21.467,28.418,16.697,23.938,94.486,67.988,28.567,37.933,17.712,39.72,1.978,9.351,47.411,90.596,29.731,14.856,7.174,23.75,10.973,0.034,15.455,193.973,9.815,30.701,0.34,56.116,0.506,17.546
1974-10-01,23.061,18.743,36.203,18.341,13.638,19.051,28.844,9.779,54.868,10.768,71.356,128.887,44.795,58.564,4.786,6.012,11.123,21.765,17.08,49.923,51.961,59.834,666.737,38.898,36.242,18.629,267.945,16.247,15.947,9.697,18.752,75.185,19.595,24.348,23.9,61.935,154.302,29.397,75.076,38.25,39.504,18.996,32.055,50.344,27.239,58.66,37.629,40.626,34.021,50.616,,24.086,12.787,39.028,74.444,23.537,60.621,26.376,23.095,63.647,50.629,24.956,31.335,21.443,24.147,106.071,33.824,58.721,69.414,15.586,24.436,37.009,120.867,31.185,20.714,16.354,7.236,27.687,11.426,34.138,21.24,8.405,41.482,20.788,28.003,16.477,24.267,94.171,67.859,28.002,38.184,18.148,36.144,1.877,9.177,47.649,90.617,30.036,14.893,7.092,21.717,11.286,0.033,15.362,196.067,9.553,30.532,0.327,56.417,0.509,16.963
1975-01-01,22.716,18.621,36.002,18.538,13.739,19.703,29.798,9.982,56.047,10.998,71.878,147.453,44.303,57.603,4.723,6.478,12.044,22.652,18.516,49.987,52.07,60.661,681.576,39.348,36.587,17.984,261.637,16.071,15.83,9.891,19.45,73.759,19.126,24.524,24.204,62.2,155.446,30.154,75.038,39.218,40.543,18.673,32.378,50.205,26.692,57.875,37.737,40.621,34.11,50.531,,24.468,13.515,39.878,74.321,24.415,61.013,26.387,24.069,62.502,50.607,25.083,31.382,22.337,24.389,103.058,33.426,59.171,70.135,14.135,26.633,37.08,122.061,31.83,21.147,16.925,7.359,27.386,11.514,34.206,21.8,8.972,41.033,20.64,28.238,16.389,24.687,96.081,69.582,27.964,38.622,18.266,40.73,1.929,9.361,47.822,90.73,30.316,14.969,7.384,21.671,11.52,0.033,16.125,189.87,9.657,30.544,0.334,56.518,0.495,17.571
1975-04-01,23.511,18.056,36.711,18.751,13.746,20.374,32.494,10.324,55.443,11.212,73.15,152.115,46.176,60.83,4.765,6.856,12.473,22.752,19.053,51.394,53.683,61.705,583.534,40.241,37.45,17.065,274.944,16.236,15.949,9.816,20.132,74.434,19.274,25.048,24.583,60.867,158.338,30.622,74.729,39.923,41.386,18.935,32.769,51.476,26.628,60.591,37.933,41.154,34.281,49.014,,25.071,13.006,40.596,75.157,25.218,61.278,25.969,24.901,62.548,52.232,25.834,32.346,22.369,26.035,111.895,33.059,59.428,61.898,15.628,25.822,37.901,124.724,31.989,21.774,17.281,7.503,27.599,11.685,34.456,22.067,9.184,41.187,20.98,28.702,16.715,25.115,96.841,67.285,27.237,39.509,18.171,36.843,2.05,9.223,48.082,91.168,30.679,15.356,7.692,24.129,11.955,0.034,15.995,195.721,9.897,30.848,0.36,56.558,0.494,18.23
1975-07-01,23.954,18.581,37.382,19.264,14.263,20.719,34.042,10.585,55.724,11.912,73.603,150.834,46.874,60.886,4.836,6.266,12.493,22.796,19.586,51.774,54.037,61.845,540.395,40.138,37.416,17.795,282.189,16.549,16.234,10.076,20.489,73.835,19.829,25.666,24.507,60.548,159.22,30.48,73.692,39.576,40.931,19.224,32.912,51.205,27.084,60.615,38.214,41.404,34.553,49.152,,27.034,13.934,40.225,76.258,26.071,61.992,26.143,25.414,61.594,53.376,26.28,33.021,25.213,26.035,108.875,33.147,59.155,60.893,16.076,30.686,38.272,127.539,32.063,22.062,18.127,7.6,28.141,11.947,34.735,22.083,9.468,41.453,21.344,29.11,16.784,24.883,96.814,66.569,27.575,39.398,18.467,36.479,2.101,9.525,48.414,91.193,30.824,15.805,7.937,25.834,12.294,0.035,16.218,201.317,10.158,31.398,0.362,56.418,0.5,18.499
1975-10-01,25.189,18.994,37.503,19.969,14.701,20.857,36.636,10.791,56.768,12.258,76.015,146.605,45.678,58.727,4.952,6.072,12.7,23.246,20.168,51.141,53.26,64.01,534.458,41.468,38.709,18.149,260.92,16.83,16.698,10.259,20.638,73.454,19.946,25.841,25.29,61.602,158.143,31.193,75.537,40.853,42.403,19.146,33.376,50.754,27.223,58.767,38.503,41.405,34.846,50.317,,28.146,13.689,41.621,79.197,26.531,62.457,26.368,25.58,62.235,53.827,26.05,33.318,26.215,26.648,102.874,33.818,58.481,61.261,16.477,32.433,38.179,130.436,32.534,22.142,18.572,7.701,28.461,12.282,35.18,22.345,9.774,41.595,21.51,29.423,16.811,24.97,95.109,65.495,28.126,40.7,18.818,35.076,2.162,9.624,48.728,90.94,31.268,16.147,8.104,27.14,12.589,0.035,16.322,208.799,10.401,31.801,0.374,56.198,0.51,18.619
1976-01-01,25.303,19.855,37.535,20.621,15.143,21.116,37.931,10.793,56.214,12.871,76.492,142.105,46.508,59.464,5.09,7.511,13.211,23.613,19.929,52.453,54.798,64.977,568.39,42.196,39.349,18.571,281.569,17.125,16.923,10.16,20.86,75.705,20.423,26.598,25.746,61.992,157.305,31.493,76.01,41.599,43.205,19.504,33.747,51.065,27.287,59.36,38.748,41.696,35.09,49.732,,29.861,14.323,42.235,80.201,26.941,63.92,26.418,25.592,63.531,54.436,26.547,33.689,28.738,27.178,103.067,34.192,56.827,56.519,17.766,36.357,38.952,128.968,33.026,22.585,19.106,7.774,28.749,12.633,35.6,22.303,9.969,41.643,21.563,30.011,16.952,24.828,92.175,68.708,28.873,41.419,19.016,33.792,2.207,9.945,48.987,91.211,31.632,16.512,8.732,26.919,12.641,0.036,15.95,208.873,10.753,32.33,0.384,56.045,0.531,18.921
1976-04-01,25.558,20.62,38.303,21.29,15.285,21.162,38.569,10.989,58.485,12.929,75.864,146.992,47.119,59.413,5.105,6.898,13.106,23.879,20.275,53.635,56.044,65.734,588.603,42.442,39.592,17.998,291.561,17.202,17.003,10.172,20.933,77.144,20.625,26.918,25.792,61.265,155.966,31.808,75.776,41.867,43.479,19.467,33.975,52.872,26.879,59.289,39.067,41.962,35.405,51.407,,30.32,15.487,42.296,83.379,27.248,63.69,26.809,25.725,64.513,54.629,26.526,33.83,28.772,27.321,100.045,35.124,56.167,58.503,18.221,36.23,39.551,124.706,33.253,22.501,19.462,7.847,29.046,12.976,35.511,22.634,10.177,41.016,21.755,30.287,17.152,24.934,89.305,68.888,29.303,41.648,19.371,33.959,2.213,10.182,49.323,91.704,31.841,16.822,8.98,26.332,12.955,0.036,16.513,217.144,10.918,32.59,0.387,55.877,0.547,18.959
1976-07-01,26.588,20.908,38.747,22.015,15.751,21.451,38.436,11.168,60.706,13.076,74.715,144.111,47.79,61.666,5.114,6.793,13.214,24.21,20.593,53.895,56.243,66.774,616.835,43.03,40.223,18.552,304.984,17.464,17.363,10.998,21.197,78.198,20.926,27.156,26.068,61.898,152.032,32.103,74.717,42.732,44.43,19.448,34.398,54.509,27.093,61.153,39.335,42.449,35.696,52.437,,31.232,16.06,42.873,84.974,27.165,64.776,27.369,26.161,64.924,54.373,26.696,33.759,28.957,27.465,108.797,35.834,56.052,59.889,17.924,36.647,39.854,121.608,33.743,22.915,19.739,7.996,29.174,13.261,35.92,22.501,10.411,41.311,22.08,30.606,17.193,24.185,87.908,70.185,29.666,42.221,20.015,32.74,2.245,10.277,49.554,91.614,32.227,17.2,9.433,26.238,13.221,0.036,16.575,214.373,11.212,32.692,0.394,55.737,0.572,19.125
1976-10-01,26.146,21.483,39.203,22.558,15.614,21.687,39.164,11.29,61.203,13.283,75.665,136.13,50.201,66.012,5.138,7.114,13.542,24.653,20.963,54.33,56.673,67.373,617.225,42.9,40.057,19.431,328.171,17.925,17.826,11.802,21.44,80.258,21.514,27.486,26.278,61.822,146.123,32.407,76.884,43.134,44.825,19.857,34.879,55.028,27.275,64.765,39.553,43.137,35.943,53.036,,31.839,15.192,43.264,86.165,26.815,65.2,27.39,26.81,65.87,55.261,26.76,34.311,29.184,27.524,120.532,36.365,56.57,60.011,16.813,37.561,40.273,118.909,34.145,23.116,19.771,8.13,29.318,13.473,36.83,22.718,10.611,41.343,22.599,31.003,17.433,24.355,88.271,73.654,30.096,42.067,20.402,30.847,2.302,10.448,49.736,91.237,32.669,17.336,9.577,28.842,13.376,0.037,16.334,210.024,11.664,33.205,0.397,55.573,0.594,19.204
1977-01-01,26.989,21.976,40.295,22.323,16.007,21.725,37.818,11.504,60.665,13.785,76.118,128.121,51.785,65.267,5.123,7.43,14.127,25.079,21.86,54.474,56.629,69.188,613.425,44.728,41.73,19.155,299.571,18.471,18.731,10.554,21.297,78.756,20.645,27.793,26.554,62.204,138.5,32.751,76.967,43.663,45.377,20.215,35.325,54.683,28.251,64.168,39.753,43.228,36.135,52.514,,27.479,14.752,43.909,83.93,26.454,63.735,28.161,25.24,65.774,57.586,28.11,35.695,31.787,26.694,109.999,35.536,57.911,62.242,17.984,41.402,40.247,124.021,34.555,24.045,18.473,8.342,29.385,13.746,37.149,22.909,10.549,42.808,23.008,31.369,17.092,24.831,91.442,72.099,30.56,43.894,20.312,28.875,2.308,10.307,49.9,93.518,33.07,17.708,9.022,31.448,13.602,0.036,17.415,209.402,12.289,34.242,0.392,55.726,0.611,19.703
1977-04-01,26.465,22.335,40.97,22.486,15.864,22.147,38.315,11.727,60.446,14.111,75.572,137.055,51.34,61.808,5.124,7.338,14.215,25.291,22.123,54.129,56.103,64.411,591.452,44.063,41.095,19.492,281.649,18.85,18.869,11.093,21.942,78.651,22.083,27.998,26.955,62.058,133.02,33.485,76.55,44.613,46.472,20.727,35.458,55.123,27.212,61.279,39.966,43.01,36.375,53.088,,33.476,15.296,44.779,83.57,26.632,64.937,28.656,27.229,66.593,58.831,28.593,36.435,31.849,27.367,94.792,36.699,59.649,62.667,16.558,42.024,40.244,121.186,34.896,23.375,20.342,8.455,29.284,13.827,37.372,23.442,10.777,43.052,23.263,31.539,17.033,25.662,92.23,72.238,30.805,43.368,20.69,30.211,2.39,10.689,50.1,92.734,33.191,17.931,9.638,31.265,13.883,0.038,16.729,203.915,12.537,34.795,0.411,55.79,0.618,19.76
1977-07-01,26.862,22.97,40.609,22.877,15.995,22.501,39.676,11.871,60.62,14.319,75.461,165.633,53.646,65.833,5.171,7.24,14.325,25.715,22.436,54.008,56.043,61.589,571.216,43.212,40.413,19.045,288.098,19.114,18.935,11.699,22.325,79.552,23.232,28.224,26.922,61.679,129.737,33.835,76.826,44.506,46.167,21.087,35.839,56.91,26.89,64.688,40.224,43.709,36.659,54.477,,36.105,15.361,44.58,85.96,26.715,68.24,29.181,28.349,67.18,60.283,27.741,37.295,32.003,28.059,105.017,38.169,61.928,62.624,18.386,41.746,40.443,116.812,35.552,23.594,21.268,8.579,29.45,14.088,37.802,24.095,11.029,43.619,23.75,31.837,17.123,26.634,93.071,73.569,31.208,42.583,21.176,36.106,2.437,10.705,50.341,91.974,33.546,18.43,10.182,28.88,14.06,0.04,16.109,203.747,12.69,35.487,0.426,56.001,0.638,19.805
1977-10-01,26.3,23.669,41.36,23.322,16.435,23.62,41.805,12.278,62.992,14.62,78.356,184.492,52.333,65.396,5.384,7.321,14.511,26.255,22.738,54.873,56.937,60.874,557.538,43.09,40.239,19.393,294.674,19.614,19.422,12.128,23.467,79.933,24.137,28.826,27.439,61.733,124.388,33.938,79.303,44.715,46.257,21.503,36.143,57.232,27.173,64.352,40.622,44.006,37.059,56.071,,38.542,15.897,45.126,89.688,27.917,71.895,29.662,29.971,67.222,59.661,28.615,37.016,32.258,28.941,108.086,38.454,64.652,64.764,18.592,41.835,41.312,121.475,36.205,24.611,22.44,8.722,29.992,14.333,38.598,24.116,11.202,43.553,24.386,32.316,17.398,26.196,94.279,74.653,31.755,42.481,21.608,41.229,2.491,10.908,50.814,91.434,33.864,19.077,10.593,27.045,14.581,0.04,16.25,203.63,13.009,35.534,0.444,56.175,0.648,20.767
1978-01-01,26.789,23.231,40.974,23.108,17.621,23.868,41.3,12.519,63.676,14.232,79.385,171.713,54.494,67.671,5.386,6.896,14.312,26.345,22.711,54.574,56.686,66.077,516.108,44.14,41.201,19.809,312.77,19.274,19.021,12.286,23.663,80.606,24.209,28.664,27.873,61.315,116.464,34.544,79.074,45.82,47.412,20.832,36.726,58.013,28.036,66.202,41.315,44.861,37.94,57.248,,35.999,15.739,46.068,91.326,26.906,72.199,29.897,29.402,66.947,59.94,28.744,37.159,30.947,28.563,110.545,38.54,68.342,67.82,17.709,39.775,41.488,129.294,37.05,25.116,21.267,8.697,30.457,14.593,39.373,24.33,11.343,43.512,24.39,32.497,17.757,26.379,94.339,77.462,31.326,43.391,21.714,37.703,2.504,11.001,50.882,92.327,34.393,19.373,9.944,30.229,14.901,0.061,15.771,207.023,13.196,35.451,0.441,55.92,0.654,21.25
1978-04-01,27.323,23.938,41.435,23.195,18.605,24.756,40.561,12.78,63.93,15.293,79.611,173.144,54.449,67.384,5.437,8.125,14.934,26.993,22.869,53.685,55.576,67.009,475.653,45.409,42.356,19.535,300.572,20.182,20.25,12.517,24.445,81.236,24.34,29.487,28.509,59.997,112.374,35.085,77.593,47.166,48.972,21.431,37.284,57.219,29.432,66.004,41.929,45.362,38.641,57.59,,36.286,16.415,47.312,90.811,27.147,75.405,29.758,30.01,68.268,61.438,30.27,37.98,35.081,28.521,109.376,38.793,71.192,69.383,18.113,46.738,41.808,136.888,37.506,26.533,21.749,8.674,31.348,14.744,39.731,24.26,11.285,44.138,25.147,33.192,18.067,26.258,94.154,79.326,31.579,44.671,21.765,38.114,2.562,11.217,51.216,93.054,34.91,19.966,10.297,31.032,15.254,0.102,17.155,209.359,13.98,36.06,0.45,56.154,0.646,22.095
1978-07-01,27.073,24.498,42.197,23.386,19.292,25.13,40.762,12.992,62.341,15.087,80.256,173.066,54.52,66.846,5.418,7.918,14.91,26.905,23.008,53.857,55.645,67.597,466.912,46.531,43.286,20.459,270.477,20.165,20.172,12.587,24.893,80.298,24.472,29.511,28.587,59.695,108.867,35.149,77.541,47.547,49.345,21.249,37.564,57.581,30.043,65.634,42.417,45.73,39.261,57.303,,36.524,16.574,47.536,91.002,26.773,77.282,30.523,29.94,68.919,61.108,30.552,37.802,33.88,28.367,106.553,39.402,73.675,65.803,18.522,44.23,42.132,140.41,37.891,26.555,22.07,8.687,32.024,15.133,40.028,24.092,11.355,43.74,25.166,33.331,18.631,26.13,95.216,78.396,31.941,45.811,22.156,38.026,2.559,11.765,51.267,93.445,35.161,20.148,10.864,29.974,15.518,0.14,18.497,210.381,14.469,36.094,0.449,56.59,0.653,22.769
1978-10-01,27.259,24.32,42.316,23.853,19.928,25.719,41.496,13.196,62.511,15.206,80.825,179.862,55.753,67.586,5.535,7.242,14.645,26.913,23.079,54.418,56.304,67.877,449.173,46.827,43.563,20.057,264.405,20.43,20.362,12.614,25.414,79.859,25.207,29.844,28.812,59.458,104.97,35.372,78.099,47.803,49.6,21.457,37.743,57.822,30.576,66.441,42.922,46.278,39.902,58.453,,35.554,16.665,47.709,91.13,26.505,80.72,30.204,30.81,68.783,60.512,31.382,37.499,33.752,28.78,105.349,40.232,75.682,70.009,18.642,43.663,42.675,140.41,38.135,27.475,21.954,8.749,32.639,15.668,39.777,24.277,11.517,43.086,25.437,33.6,19.163,26.319,96.341,75.001,31.754,46.107,22.218,38.889,2.645,12.016,51.323,93.759,35.346,20.407,11.794,30.18,15.77,0.188,19.202,210.572,14.739,35.833,0.462,57.655,0.673,23.109
1979-01-01,28.216,25.648,42.664,24.325,20.569,25.717,41.422,13.514,63.527,15.026,81.067,181.328,57.855,70.014,5.718,7.335,14.789,26.883,23.28,54.348,56.182,69.297,422.015,47.308,44.098,19.637,286.089,20.352,20.354,12.851,25.467,81.987,24.728,29.821,29.047,59.768,103.906,35.573,79.493,47.778,49.638,21.359,38.11,57.346,30.968,68.654,43.267,46.888,40.311,57.691,,33.341,17.409,47.726,94.742,25.504,81.958,30.702,30.778,69.823,61.956,31.156,38.309,33.113,27.749,108.78,41.264,76.888,55.001,18.346,42.688,42.864,137.557,37.869,27.212,20.995,8.768,32.819,16.408,39.852,24.63,11.716,43.082,25.696,33.774,19.469,26.662,97.659,74.132,32.828,46.557,22.664,38.976,2.67,11.927,51.493,93.29,35.715,21.294,11.115,32.999,16.171,0.225,18.673,207.995,14.794,36.758,0.46,58.712,0.713,23.153
1979-04-01,28.457,25.591,42.985,24.78,20.65,25.878,40.427,13.825,62.908,14.686,79.963,190.018,55.588,68.276,5.705,8.178,15.087,27.934,23.136,54.451,56.233,69.679,434.843,46.502,43.439,19.648,270.403,20.675,20.644,12.836,25.66,78.144,24.933,29.569,29.318,61.925,102.043,36.076,79.903,48.63,50.581,21.828,38.355,56.149,31.492,67.411,43.646,47.038,40.773,61.145,,34.751,17.246,48.348,94.792,24.888,83.41,30.932,30.841,66.666,62.631,31.332,38.657,30.316,28.979,109.145,42.291,77.795,73.944,17.476,37.839,42.781,131.872,38.324,27.227,21.561,8.709,33.252,16.906,39.795,24.848,11.937,41.748,26.05,33.752,19.873,26.983,99.063,74.023,33.276,45.711,22.909,41.015,2.74,12.028,51.625,93.033,35.935,21.688,11.075,32.945,16.561,0.264,19.325,207.485,15.154,37.15,0.482,59.922,0.741,23.418
1979-07-01,27.754,25.893,44.414,25.069,21.653,26.761,37.582,14.037,63.368,15.096,79.715,188.571,53.793,65.872,5.46,8.396,14.984,28.028,22.735,55.042,56.65,69.889,460.15,46.797,43.6,19.391,250.556,21.274,21.238,13.089,26.583,76.957,25.551,30.061,29.095,60.801,98.519,36.446,80.115,48.808,50.743,22.442,38.557,57.953,32.146,65.54,44.077,47.141,41.299,61.982,,36.754,16.818,48.527,92.473,23.86,84.38,31.134,31.862,66.525,62.278,31.496,38.463,31.755,30.634,104.708,43.331,78.198,78.462,18.888,39.821,43.282,136.016,38.55,27.931,21.99,8.711,33.706,17.352,40.221,25.337,12.169,41.131,26.435,34.081,20.338,27.628,101.3,76.645,33.256,46.008,23.174,40.825,2.723,12.293,51.775,92.875,36.069,21.45,10.869,29.126,16.799,0.307,19.098,207.411,15.78,37.022,0.513,60.8,0.777,24.282
1979-10-01,27.988,24.99,44.245,25.144,21.906,26.913,38.796,14.131,62.538,14.707,80.554,193.458,56.058,67.161,5.625,8.458,14.778,27.677,22.265,55.707,57.484,70.281,443.118,47.878,44.553,19.22,230.791,21.031,20.838,12.971,26.7,75.616,25.925,29.934,29.535,58.247,94.774,36.774,82.106,49.269,51.257,22.064,38.853,57.137,32.664,66.804,44.447,47.637,41.73,61.278,,35.156,17.802,49.034,92.803,22.344,86.37,31.625,31.77,66.243,63.037,30.88,38.962,30.502,29.593,102.457,44.223,78.138,72.987,17.942,38.123,43.511,132.036,38.782,28.245,21.361,8.884,34.017,17.773,40.45,25.549,12.355,41.179,26.51,34.166,20.352,27.991,103.421,79.511,32.009,47.112,23.384,41.409,2.674,12.502,51.966,92.973,36.371,21.857,11.0,27.66,16.881,0.357,19.542,207.714,15.928,36.839,0.504,61.916,0.829,24.489
1980-01-01,27.482,24.335,45.631,25.51,22.226,26.749,37.399,14.556,61.918,14.476,79.62,193.957,57.367,68.423,5.718,9.478,15.181,28.003,22.169,56.294,57.93,70.882,436.931,47.48,44.145,19.21,219.922,20.537,20.223,13.018,26.605,73.652,25.353,29.782,29.685,56.913,91.714,36.832,81.596,49.478,51.412,21.782,38.901,55.871,32.591,67.97,44.896,48.188,42.195,60.967,,35.198,18.861,49.112,94.888,19.46,86.59,31.91,31.467,64.791,61.006,30.807,37.867,30.526,28.507,103.462,44.588,77.256,67.178,19.127,37.705,43.489,131.245,39.19,27.774,20.721,8.956,34.145,17.753,40.013,25.492,12.133,40.882,26.507,34.117,20.579,28.141,105.668,76.222,31.215,46.68,23.588,41.368,2.598,12.468,52.378,93.574,36.433,22.011,11.142,24.507,17.407,0.395,18.895,207.278,15.709,35.848,0.501,62.593,0.845,24.461
1980-04-01,26.831,23.555,44.874,25.499,21.611,26.622,37.808,14.691,61.017,12.914,79.873,192.627,57.325,68.716,5.748,7.72,14.262,27.325,21.92,55.885,57.571,71.369,455.783,46.914,43.575,18.427,193.564,19.632,19.051,13.006,26.47,71.213,24.884,28.555,29.577,54.575,88.562,36.555,81.987,49.179,50.859,21.04,38.641,55.407,32.336,68.312,45.296,48.576,42.569,62.062,,30.419,18.367,48.797,98.741,17.788,82.424,31.53,31.185,63.696,58.007,30.382,36.257,24.466,26.922,104.896,44.83,76.474,66.363,16.478,27.766,42.901,130.603,39.906,27.675,18.946,9.077,33.594,17.454,39.707,25.246,12.029,39.688,26.25,33.349,20.596,27.905,107.291,74.116,30.113,46.079,23.41,41.031,2.51,12.002,52.891,93.938,36.203,22.425,11.255,21.468,17.555,0.435,19.468,209.122,15.33,34.419,0.494,63.222,0.819,24.442
1980-07-01,27.229,22.82,44.423,25.774,22.208,27.308,36.328,14.612,62.956,13.487,80.939,194.096,59.789,70.191,6.023,9.141,14.879,27.973,21.817,55.096,56.764,71.583,398.576,46.972,43.678,19.186,191.4,19.661,19.035,13.255,27.233,70.104,25.085,28.848,30.43,54.179,84.574,37.438,83.371,50.132,52.077,21.036,39.042,54.629,32.786,69.553,45.608,49.024,42.864,62.231,,30.414,19.404,49.913,98.958,17.106,83.598,31.987,32.061,62.659,59.058,30.765,36.921,27.099,27.056,102.833,44.624,75.538,67.607,17.442,32.085,42.795,135.92,39.76,28.035,18.947,9.255,33.851,17.685,39.506,26.03,12.19,39.448,26.186,33.714,20.83,28.923,108.003,73.022,29.442,46.131,23.742,41.225,2.581,12.048,53.329,93.375,36.621,22.387,11.415,22.901,17.434,0.477,19.963,211.171,15.468,34.531,0.506,63.158,0.846,25.159
1980-10-01,28.5,22.104,45.065,26.296,22.947,27.854,36.676,14.756,66.2,13.898,80.889,204.046,58.705,71.41,6.189,9.764,15.166,28.776,21.788,54.533,55.994,71.907,384.862,47.583,44.37,19.508,189.799,20.299,19.77,14.055,27.746,70.087,26.017,29.176,30.826,52.492,81.504,38.211,84.111,50.527,52.472,21.35,39.623,54.808,33.047,70.627,45.898,49.429,43.131,64.661,,32.718,19.248,50.337,97.42,17.077,86.389,32.965,32.359,62.739,59.064,31.333,37.055,27.468,27.864,112.059,44.589,74.511,81.657,17.672,32.478,42.963,132.54,40.135,28.734,19.962,9.545,34.549,18.084,40.195,27.049,12.507,38.522,26.579,34.17,21.464,30.061,107.916,77.504,28.523,46.752,24.504,42.857,2.696,12.391,53.767,92.622,37.18,23.155,11.5,25.264,17.63,0.533,20.711,211.59,15.939,34.212,0.524,63.39,0.852,25.758
1981-01-01,28.547,21.145,45.162,27.024,23.497,28.595,36.005,14.801,66.683,14.293,80.104,194.807,55.098,65.896,6.219,8.992,14.271,27.879,20.687,54.712,56.166,72.653,411.803,48.094,44.812,20.266,168.442,20.143,19.602,14.31,28.47,70.56,25.462,29.596,30.944,51.773,79.549,38.586,83.775,50.954,52.86,21.285,39.382,55.042,33.337,65.892,46.153,48.931,43.371,64.48,,32.488,24.677,50.509,96.575,16.792,86.799,33.165,32.941,64.493,60.095,32.463,37.577,30.158,27.966,100.18,44.072,73.504,83.476,17.588,37.141,43.342,130.47,40.699,29.559,19.908,9.437,34.773,18.501,39.264,27.365,13.005,38.244,26.606,34.284,21.348,30.194,106.294,77.724,27.589,47.255,24.874,41.122,2.629,12.496,54.079,93.135,36.967,23.073,11.226,22.128,17.725,0.574,21.253,211.69,16.159,34.106,0.537,63.171,0.856,26.569
1981-04-01,29.331,21.096,45.347,27.774,23.616,28.74,36.203,15.011,68.66,13.736,79.792,198.169,61.276,69.9,6.183,9.341,14.546,27.747,20.902,55.322,56.848,73.068,417.098,47.812,44.679,19.651,165.754,19.881,19.307,15.206,28.613,70.363,25.615,29.359,31.289,50.096,77.864,39.272,83.819,51.839,53.984,20.85,39.666,54.1,33.372,69.277,46.432,49.68,43.599,62.709,,33.636,24.175,51.336,96.067,16.35,84.12,34.126,32.83,64.456,57.856,31.437,36.461,27.225,26.738,96.325,43.838,72.476,77.011,17.968,31.845,43.535,128.038,40.565,29.716,20.075,9.712,34.699,18.897,39.076,27.87,13.469,37.691,26.378,34.287,21.336,30.479,104.688,75.566,27.226,46.95,25.715,42.115,2.659,12.707,54.536,93.704,37.219,23.663,11.569,23.262,18.046,0.607,20.301,214.408,15.891,33.299,0.53,62.934,0.862,26.843
1981-07-01,28.734,19.902,45.697,28.405,24.225,29.089,35.698,14.851,68.059,14.154,79.136,201.409,57.556,68.626,6.443,8.841,14.676,27.63,21.713,55.191,56.637,73.341,408.361,47.286,44.151,20.479,164.108,19.601,18.822,15.743,29.077,70.248,26.142,29.656,31.481,49.204,76.412,39.368,84.608,51.679,53.813,20.487,39.619,53.532,33.533,68.107,46.584,49.629,43.679,61.605,,33.876,24.205,51.104,100.288,16.445,84.281,34.816,33.178,64.441,59.707,32.775,37.566,29.3,25.951,103.718,43.884,71.476,64.864,17.476,35.499,43.631,122.839,40.463,29.576,20.191,9.887,34.894,19.547,38.855,28.158,13.71,37.225,26.448,34.445,21.363,30.906,104.097,74.458,26.081,46.397,26.35,43.658,2.729,12.778,54.986,93.173,37.225,23.691,11.605,25.31,17.842,0.642,20.084,214.334,15.877,33.426,0.535,62.385,0.926,27.352
1981-10-01,28.349,20.27,46.601,28.857,24.56,29.018,36.287,14.979,66.809,13.138,79.819,201.33,57.722,69.472,6.8,9.191,15.369,28.286,22.826,55.831,57.219,73.671,421.993,47.031,43.881,20.795,164.714,18.968,17.94,16.099,29.044,70.191,25.939,29.126,31.786,48.298,75.054,38.997,86.0,51.153,53.272,20.125,39.635,52.52,33.513,68.846,46.736,49.873,43.764,61.481,,32.505,26.045,50.911,100.661,15.553,84.731,34.246,32.832,64.343,58.294,31.447,36.751,25.351,24.754,106.83,43.949,70.563,62.793,16.204,29.131,43.798,121.206,40.022,29.339,19.577,9.815,34.852,19.805,38.796,27.922,13.771,37.011,26.341,34.21,21.385,30.616,104.557,74.924,26.19,46.122,26.388,44.333,2.647,12.964,55.413,92.559,37.304,24.395,11.211,23.255,18.007,0.64,20.148,211.193,15.468,33.004,0.528,62.492,0.931,27.447
1982-01-01,27.633,20.77,46.679,29.436,25.769,29.324,35.828,15.014,67.005,13.558,78.812,192.492,59.141,71.444,7.114,9.15,15.842,29.14,23.9,55.734,57.098,73.369,410.341,47.1,43.84,21.944,163.82,18.568,17.555,16.299,29.385,70.991,26.154,29.417,32.06,47.939,76.409,38.752,85.799,51.069,53.351,19.156,39.791,51.553,33.246,70.479,46.726,50.122,43.661,63.315,,32.109,24.367,50.788,103.719,15.485,83.786,35.089,32.679,65.245,56.481,31.402,35.645,28.235,23.683,110.482,43.694,69.939,69.471,16.67,34.354,43.879,116.882,39.241,29.501,19.483,9.592,34.656,19.599,38.999,27.563,13.152,35.562,25.99,34.462,21.317,30.392,106.206,74.536,26.512,46.204,26.872,41.443,2.615,13.043,55.729,92.484,37.5,24.623,11.337,22.731,18.015,0.669,20.548,206.811,15.351,32.502,0.526,62.169,0.955,27.962
1982-04-01,27.628,21.19,47.068,29.747,25.367,28.822,35.475,15.278,67.366,13.608,78.639,195.643,58.024,69.303,7.374,9.239,16.114,29.566,24.41,55.99,57.355,73.936,374.402,47.906,44.522,23.102,154.589,18.627,17.658,16.582,29.028,71.132,26.343,29.41,32.608,47.047,75.005,39.017,85.935,51.628,54.009,19.004,39.974,51.599,33.369,68.639,46.671,49.787,43.576,64.081,,33.837,23.429,51.366,105.152,15.712,84.431,35.068,32.488,65.98,56.295,32.207,35.409,27.886,23.806,104.865,43.913,69.136,70.749,15.879,33.804,43.804,116.157,39.344,28.367,20.099,9.296,34.538,20.199,39.556,27.587,13.18,34.925,25.714,34.567,21.347,30.363,107.279,74.405,26.655,47.017,27.089,42.363,2.666,12.829,55.781,92.628,37.71,25.089,11.287,22.521,18.351,0.659,20.595,205.748,15.449,32.426,0.548,62.096,0.974,27.523
1982-07-01,27.712,21.206,46.734,30.534,25.707,29.34,34.243,15.501,67.781,13.718,77.905,194.955,57.166,68.216,7.643,10.114,16.76,30.276,24.819,56.335,57.844,74.039,350.599,48.431,44.978,23.167,151.82,18.761,17.757,16.726,29.572,69.953,27.02,29.567,32.89,47.969,72.997,39.208,85.801,51.677,53.994,18.967,40.245,51.523,33.45,67.715,46.837,49.78,43.659,64.535,,32.886,22.316,51.391,103.457,16.005,84.644,35.228,33.076,64.894,56.976,32.813,35.683,28.216,23.802,103.002,43.767,68.353,76.381,17.144,33.59,43.991,114.804,39.668,28.785,20.042,9.072,34.726,20.544,39.915,27.883,13.538,35.288,25.673,34.799,21.308,30.58,108.506,73.838,26.871,47.556,27.417,43.009,2.69,13.076,56.258,92.641,38.001,25.443,11.095,21.769,18.627,0.672,21.469,203.74,15.465,32.681,0.568,62.117,0.998,28.063
1982-10-01,27.814,21.83,47.118,31.586,26.111,29.876,36.48,15.767,68.074,14.344,78.67,188.335,58.986,68.191,7.954,12.616,18.647,32.031,26.008,57.286,58.892,73.919,362.835,48.859,45.355,24.991,149.301,19.15,18.167,16.963,30.143,69.745,27.829,30.163,33.357,48.116,70.8,39.623,85.74,52.135,54.381,19.123,40.835,51.628,33.814,67.817,47.022,49.949,43.795,64.522,,33.419,21.815,51.722,101.19,16.123,83.224,35.318,33.4,64.826,58.208,34.118,36.377,30.674,23.976,97.246,43.327,67.654,80.783,16.728,38.01,44.442,114.892,40.413,29.175,20.267,9.099,34.8,20.316,40.767,28.249,13.879,36.542,25.937,35.408,21.354,30.948,109.714,73.119,27.394,48.003,27.749,41.481,2.747,13.261,56.636,92.69,38.589,25.798,10.848,22.667,18.961,0.674,21.891,200.49,15.752,33.316,0.593,62.923,1.024,28.783
1983-01-01,27.507,23.24,47.445,32.88,25.778,30.114,37.236,15.778,68.244,14.489,79.368,194.255,58.629,67.359,8.323,12.253,20.386,33.538,30.228,57.077,58.584,71.039,360.691,49.396,45.765,24.11,143.403,19.589,18.836,17.369,30.371,71.305,27.436,30.321,33.649,47.57,63.44,39.905,85.943,52.127,54.116,19.652,41.336,51.966,33.515,67.217,47.19,49.989,44.013,64.083,,34.881,20.178,51.613,100.645,17.078,82.844,36.019,33.382,66.859,59.645,34.374,37.146,29.931,24.919,95.023,42.628,66.798,81.561,15.943,36.937,44.586,116.807,41.542,29.46,20.968,9.045,34.765,20.616,41.331,28.754,14.466,38.903,26.06,35.758,21.925,31.407,110.733,72.273,28.358,48.656,28.469,42.193,2.879,13.463,56.734,90.975,39.103,26.179,11.059,22.527,18.952,0.634,22.193,195.478,15.801,34.181,0.646,63.667,1.308,29.2
1983-04-01,28.475,22.846,47.766,34.055,26.383,31.113,37.771,16.026,68.662,15.546,79.838,195.449,59.237,70.691,8.439,13.271,22.058,34.25,32.698,57.439,58.952,69.891,363.069,49.36,45.874,26.745,163.583,19.939,19.245,18.115,31.395,71.007,27.073,31.215,33.873,47.596,60.365,40.346,86.056,52.403,54.157,20.302,41.898,52.029,34.185,70.152,47.287,50.541,44.099,60.231,,36.15,20.19,51.844,98.751,17.835,83.801,36.981,34.364,65.291,60.902,35.883,37.908,34.134,26.2,106.276,42.086,66.567,62.301,16.395,44.186,45.111,118.139,42.874,30.366,21.424,9.189,35.293,21.0,42.297,29.316,15.387,40.716,26.652,36.486,22.178,31.698,111.955,71.886,28.088,48.658,29.368,42.456,3.018,13.837,56.845,92.2,39.635,26.635,11.217,22.218,19.261,0.609,21.876,194.799,16.113,34.523,0.707,64.234,1.721,30.288
1983-07-01,29.224,23.302,48.233,35.401,26.511,31.494,38.362,15.893,68.989,16.143,80.171,209.397,66.693,73.229,8.831,12.264,22.23,35.106,34.188,58.17,59.723,69.109,377.968,49.944,46.475,28.408,162.639,20.704,20.287,18.642,31.755,72.498,27.195,31.908,33.986,47.925,58.831,40.441,85.937,51.924,53.278,20.89,42.475,53.151,34.999,72.404,47.851,51.371,44.627,63.239,,36.169,21.895,51.38,98.265,18.166,85.175,37.355,34.969,66.921,62.884,36.996,39.261,35.358,27.192,95.1,41.9,66.647,83.268,17.708,45.432,45.797,119.332,44.243,30.849,22.035,9.749,35.921,21.705,42.555,29.879,16.168,41.954,27.313,37.141,22.756,32.105,113.865,71.922,28.53,49.288,30.06,45.266,3.168,14.022,57.55,92.817,40.22,27.181,11.737,21.815,19.039,0.617,23.967,192.853,16.59,35.514,0.757,64.797,2.154,30.539
1983-10-01,29.962,24.183,48.531,36.643,27.159,32.677,39.947,16.103,69.202,16.939,80.523,208.355,63.262,73.623,9.326,12.41,22.524,34.927,34.653,58.352,59.889,68.11,367.537,49.792,46.455,28.198,162.201,21.3,21.015,18.9,33.007,73.214,28.123,32.659,34.377,46.414,58.86,40.587,85.873,51.831,52.901,21.146,42.852,55.235,35.484,72.892,48.428,51.929,45.153,61.367,,37.597,19.931,51.312,98.395,18.937,86.954,37.593,35.843,67.703,64.96,38.19,40.784,37.688,27.716,106.508,42.051,67.057,71.972,18.386,49.113,46.355,118.549,45.488,31.744,22.641,10.563,36.266,21.99,43.452,30.219,16.443,42.531,27.726,37.732,22.82,32.487,117.623,72.593,28.903,49.165,30.55,44.219,3.34,14.284,58.336,92.688,40.635,27.578,12.166,25.453,19.243,0.621,24.049,191.718,16.804,36.572,0.788,65.797,2.555,32.057
1984-01-01,30.667,24.841,47.411,37.117,27.701,33.189,40.046,16.275,69.094,17.578,80.239,212.38,60.736,70.656,9.54,12.993,21.795,34.211,32.446,57.961,59.652,67.654,347.222,50.553,47.201,35.513,160.623,21.779,21.724,19.525,33.564,72.69,27.706,33.101,34.643,47.717,61.443,40.838,85.383,51.959,52.988,21.571,43.017,57.467,36.157,70.588,48.804,51.871,45.54,61.198,,38.957,25.908,51.479,100.385,19.155,88.139,37.63,36.242,67.246,66.855,39.507,42.206,39.355,28.286,102.14,42.347,68.236,65.678,19.697,51.119,46.473,118.307,45.817,32.07,23.184,11.371,36.76,22.731,43.743,30.566,16.972,41.667,28.273,38.046,23.213,32.752,119.969,72.885,29.705,49.967,30.944,46.007,3.511,14.541,58.695,92.136,40.816,27.855,12.773,28.003,19.426,0.593,24.468,191.722,17.266,37.758,0.817,67.26,3.02,32.7
1984-04-01,30.256,26.114,47.627,37.728,28.877,34.323,40.605,16.27,69.283,17.986,80.389,220.582,63.471,73.339,9.938,12.778,21.51,34.355,32.068,59.026,60.876,66.793,344.904,50.35,46.969,37.963,156.609,22.416,22.261,19.509,34.963,73.838,28.877,33.839,34.973,48.136,61.879,40.841,85.315,51.75,52.705,22.163,43.308,59.014,36.898,73.044,49.17,52.569,45.893,62.899,,40.289,28.947,51.484,99.612,19.816,89.982,38.02,37.527,68.722,67.981,39.112,43.237,39.981,28.182,104.733,42.804,68.761,75.921,21.055,51.635,47.489,118.37,45.976,32.081,24.084,12.247,37.566,23.15,43.853,30.746,17.085,41.193,28.977,38.579,23.504,32.967,121.321,73.92,30.795,49.786,31.272,47.617,3.59,14.958,59.127,91.977,41.137,28.468,13.173,28.355,19.392,0.601,25.868,194.322,17.94,38.84,0.835,68.383,3.468,34.185
1984-07-01,31.196,26.308,48.051,38.45,28.19,33.815,40.392,16.035,69.527,17.992,80.242,216.527,61.644,71.216,10.33,13.356,21.832,34.985,32.13,59.246,61.059,65.939,342.738,51.122,47.761,41.814,155.775,22.572,22.29,20.055,34.347,74.334,29.196,33.86,35.267,47.628,61.414,41.016,84.965,51.558,52.477,22.648,43.814,60.287,36.879,71.425,49.803,52.836,46.404,64.319,,41.596,27.841,51.444,98.839,20.025,90.552,38.343,36.817,69.304,70.001,38.423,44.732,39.369,28.548,101.659,43.542,69.054,82.251,23.139,49.422,47.525,119.048,45.96,32.025,24.418,13.057,37.729,23.755,44.837,31.223,17.725,41.374,28.977,38.865,23.552,33.339,124.569,74.754,30.847,50.613,31.791,46.19,3.655,15.239,60.23,91.684,41.653,29.195,13.25,28.418,19.01,0.571,25.715,193.688,17.933,39.745,0.868,69.607,3.998,33.629
1984-10-01,32.734,27.272,48.103,39.158,28.347,34.451,41.264,16.244,69.913,18.576,80.836,217.945,64.003,71.405,10.843,13.617,22.203,35.077,32.641,59.454,61.302,65.106,333.484,50.833,47.747,43.207,156.94,22.94,22.627,20.66,34.998,74.946,29.845,34.389,35.734,47.556,60.531,41.196,84.863,51.423,52.22,23.149,44.242,60.765,37.15,71.765,50.407,53.392,46.821,63.366,,42.526,28.398,51.569,98.024,20.751,90.747,38.686,37.721,69.882,72.2,38.856,46.242,40.886,29.68,95.207,44.391,69.102,75.278,21.552,53.129,47.891,121.275,46.419,32.611,25.281,13.688,37.949,24.147,45.718,31.662,18.151,42.222,29.429,39.368,23.896,33.771,125.029,76.547,31.579,50.343,32.309,45.695,3.798,15.193,61.53,91.442,42.111,30.358,13.795,29.076,19.28,0.566,27.843,194.195,17.897,40.954,0.916,70.758,4.58,34.194
1985-01-01,32.354,26.873,48.81,40.67,28.259,34.743,42.485,16.4,70.737,19.221,80.986,221.053,65.513,75.925,10.718,14.232,23.853,37.07,35.484,59.679,61.445,64.094,320.109,51.042,47.867,43.297,162.4,23.043,22.783,21.209,35.266,75.009,29.316,34.92,35.827,48.2,57.913,41.53,84.486,51.719,52.535,23.812,45.088,60.524,37.139,75.824,50.761,54.333,46.984,65.511,,42.766,27.503,51.938,100.909,20.912,90.581,38.95,37.94,69.615,75.967,39.112,48.545,43.387,31.124,109.029,45.544,68.81,79.915,23.873,56.404,48.183,121.169,46.604,33.009,25.353,14.171,38.371,24.471,46.485,32.019,18.175,42.988,29.832,40.037,24.079,34.27,124.658,78.342,31.45,50.593,32.964,45.422,3.931,15.77,62.644,89.598,42.874,31.231,13.912,31.027,19.496,0.542,27.717,192.44,17.352,42.262,0.951,72.149,5.187,34.527
1985-04-01,33.136,27.444,49.332,41.689,28.544,35.232,44.083,17.007,71.37,19.45,81.377,216.284,63.425,70.669,10.951,15.02,24.711,37.784,36.479,60.327,62.107,63.102,333.187,51.461,48.338,46.261,159.72,23.258,22.989,21.676,35.66,75.382,29.173,35.239,36.061,48.84,56.147,41.848,84.491,51.828,52.441,24.241,45.486,60.095,37.294,71.513,51.287,54.089,47.303,65.246,,42.706,28.266,52.049,102.414,21.263,89.412,39.578,38.074,70.167,78.083,40.271,49.932,43.976,31.147,93.862,46.382,68.409,73.658,24.442,56.838,48.559,120.581,47.703,33.927,25.521,14.637,38.37,24.818,47.514,32.504,18.814,43.632,30.036,40.405,24.017,34.598,121.694,79.223,32.059,51.06,33.615,43.852,3.988,15.74,63.863,91.457,43.269,31.931,14.216,30.571,20.377,0.536,28.541,194.157,17.646,43.345,0.984,73.064,5.844,35.072
1985-07-01,32.93,27.25,50.482,42.647,29.067,35.698,46.956,17.647,71.91,20.695,82.03,222.678,63.951,72.807,11.097,15.047,25.021,38.588,37.091,60.987,62.661,61.828,352.154,51.181,48.072,44.61,161.853,23.862,23.778,21.955,36.262,75.633,29.486,36.179,36.575,47.945,54.592,42.481,84.67,52.644,53.263,24.729,46.098,60.358,37.765,73.542,51.873,54.898,47.692,67.444,,44.385,27.361,52.808,103.863,22.049,89.872,39.951,38.287,70.304,79.672,40.531,50.959,49.052,31.522,101.078,47.145,67.973,81.675,25.66,65.606,48.958,118.76,48.472,33.799,26.337,14.955,38.483,25.248,48.346,32.969,19.374,44.424,30.329,41.172,24.356,34.96,123.769,79.835,31.741,50.814,34.11,44.615,4.042,15.837,65.148,92.214,43.851,32.98,14.241,28.824,21.198,0.522,29.147,192.203,17.858,43.823,1.029,74.422,6.492,35.895
1985-10-01,32.383,28.161,50.084,43.464,28.919,36.16,45.17,17.78,72.245,19.982,81.809,228.451,65.47,74.876,11.111,15.947,25.524,38.627,37.234,61.65,63.544,60.566,324.718,51.11,47.928,40.488,156.857,24.352,24.092,22.675,36.715,75.509,29.727,35.963,37.032,47.52,53.467,43.034,84.704,53.419,54.047,25.96,46.477,60.805,38.157,75.526,52.41,55.657,48.111,65.662,,45.996,27.413,53.642,103.351,22.507,89.826,40.434,38.907,70.474,80.356,40.784,51.4,43.803,32.825,104.919,47.747,67.553,70.031,25.132,56.001,49.395,120.485,49.188,34.307,27.021,15.091,38.809,25.855,48.245,33.323,19.754,45.261,30.746,41.261,24.722,35.28,124.721,80.974,32.353,50.783,34.761,46.176,4.215,15.911,66.117,92.44,44.202,33.928,14.802,27.228,21.357,0.508,29.547,192.415,18.217,44.35,1.114,75.868,7.111,36.322
1986-01-01,34.519,30.524,50.912,44.092,28.611,37.095,46.459,17.736,72.329,20.39,82.066,221.234,64.113,71.51,11.715,17.23,25.845,38.928,36.599,62.235,64.068,59.499,345.277,51.768,48.808,41.016,158.389,24.916,24.961,22.666,37.619,77.077,29.857,36.508,37.616,46.461,51.328,43.25,85.0,53.746,54.201,26.019,46.597,61.525,38.736,72.828,52.594,55.4,48.241,65.702,,47.029,30.887,53.887,98.676,23.371,90.934,40.424,39.433,72.042,80.124,39.818,51.278,44.459,32.282,95.032,47.895,66.72,77.329,25.202,57.48,50.021,118.79,50.364,35.395,27.576,15.101,38.926,26.252,47.944,33.441,20.101,45.69,30.919,41.622,24.785,35.238,125.827,81.251,33.839,51.499,34.946,44.018,4.335,16.194,66.484,93.258,44.384,34.762,14.777,30.24,21.274,0.506,30.302,188.106,18.641,44.897,1.143,76.685,7.637,37.567
1986-04-01,32.801,31.442,50.768,44.772,28.626,38.315,47.784,17.754,72.408,21.11,82.182,223.788,65.097,72.561,12.484,17.792,26.22,39.178,36.796,61.976,63.789,58.301,341.454,52.665,49.301,36.091,169.385,25.249,25.263,23.3,38.876,78.799,30.242,37.158,38.173,45.78,49.553,43.294,84.911,53.625,54.02,26.377,46.792,62.508,39.199,73.892,52.888,55.81,48.541,65.308,,47.914,30.13,53.885,96.068,23.861,90.633,39.793,40.591,73.202,79.882,40.245,51.078,46.856,33.509,96.307,48.144,66.925,78.114,25.323,61.757,50.466,117.527,50.541,36.471,28.065,14.961,39.1,26.536,47.707,33.623,20.465,46.379,31.191,42.075,25.162,35.299,128.417,81.94,34.353,52.466,35.091,44.103,4.478,16.09,66.783,93.021,44.652,35.332,15.366,28.184,21.243,0.497,30.893,189.079,19.064,44.989,1.227,77.761,8.235,39.019
1986-07-01,32.988,33.59,50.706,45.632,29.801,38.508,47.646,18.043,72.8,22.911,82.023,237.175,64.902,72.847,12.724,17.744,26.406,39.364,37.235,61.46,63.217,57.178,295.948,52.857,49.49,39.947,180.8,25.938,26.28,23.301,39.073,79.993,30.005,38.309,38.307,45.089,47.881,43.593,84.858,53.599,53.929,26.908,47.167,63.102,39.353,74.403,53.34,56.27,49.0,65.394,,49.052,32.408,53.819,94.475,24.02,92.167,39.976,40.717,73.781,80.289,41.011,51.284,53.313,35.186,98.21,48.803,67.589,78.974,27.021,72.575,50.571,117.006,50.846,36.652,28.817,14.929,39.495,27.272,48.276,34.18,21.093,47.158,31.819,42.819,25.567,35.801,132.577,82.244,35.705,52.702,35.442,46.428,4.807,16.618,67.302,90.832,45.026,35.581,15.97,31.174,21.545,0.501,32.065,187.4,19.416,45.656,1.323,79.355,8.747,39.142
1986-10-01,33.161,33.539,50.395,46.535,29.684,38.545,47.743,18.058,73.478,22.548,82.234,243.432,66.805,74.021,12.899,18.301,26.989,40.056,37.88,61.926,63.838,55.949,285.726,53.626,50.162,41.034,175.482,26.159,26.554,24.282,39.062,81.001,30.437,38.285,38.586,44.312,47.446,44.031,84.605,53.878,54.193,27.051,47.68,63.123,39.753,75.5,53.698,56.736,49.401,66.095,,57.343,32.617,54.112,94.571,24.371,92.887,40.573,40.523,75.167,81.027,40.521,51.652,48.751,35.53,96.863,49.787,68.689,79.882,27.035,64.269,50.983,118.925,51.193,36.9,31.673,14.859,39.992,27.948,48.755,34.738,21.324,48.137,32.282,43.082,25.983,36.534,135.753,83.253,35.491,53.539,36.237,47.607,5.102,16.705,67.613,87.768,45.519,35.922,16.274,36.875,21.499,0.503,33.348,189.78,19.239,45.798,1.377,80.039,9.157,39.245
1987-01-01,35.19,33.551,49.956,47.204,30.459,39.181,48.019,18.669,74.373,21.211,82.617,254.71,66.426,73.093,13.081,20.889,28.919,41.853,39.195,61.558,63.499,54.34,263.327,54.384,51.112,47.189,167.569,26.352,27.125,24.408,39.592,79.824,29.059,37.502,38.993,44.282,46.606,44.549,85.326,53.616,54.421,26.917,48.454,62.789,39.651,74.863,53.921,56.833,49.65,66.304,0.0,50.587,31.865,54.632,92.716,24.893,94.309,40.319,41.478,74.396,82.351,39.2,52.496,42.727,35.655,94.052,50.91,70.564,80.809,24.061,55.118,51.049,118.269,48.434,38.016,30.086,15.102,40.29,29.191,50.643,35.886,22.768,48.741,32.777,43.122,26.236,37.464,137.582,82.87,35.478,54.376,36.468,50.033,5.071,17.009,67.67,90.802,46.255,37.999,17.173,32.803,22.285,0.493,34.427,190.52,19.907,46.308,1.385,80.786,8.834,39.512
1987-04-01,35.564,34.338,49.873,47.577,30.268,39.347,50.437,19.112,75.267,22.08,83.46,252.162,70.276,76.343,13.268,20.526,29.025,41.739,39.834,61.473,63.432,53.422,235.995,55.057,51.735,49.253,171.228,26.509,27.389,24.666,39.892,81.978,29.575,38.22,39.481,44.22,46.691,45.088,85.24,54.21,54.823,26.53,48.926,62.189,39.694,77.692,54.061,57.362,49.829,65.436,0.0,50.68,33.19,55.292,87.554,25.261,96.804,40.422,41.922,76.455,83.883,40.283,53.395,46.156,35.455,95.123,51.886,72.158,81.716,25.46,60.419,51.439,119.535,49.997,37.593,30.204,15.23,40.91,29.702,51.322,36.367,22.536,49.468,33.239,43.71,26.638,38.335,137.707,84.044,36.021,55.104,36.724,50.316,5.222,17.64,67.661,91.299,46.711,38.231,17.743,35.093,22.88,0.487,34.694,191.575,20.081,47.073,1.414,81.569,8.948,39.786
1987-07-01,35.55,33.829,49.765,48.495,31.521,39.95,53.141,19.651,75.743,22.993,84.379,247.189,68.456,75.946,13.602,20.377,29.008,41.627,39.967,61.492,63.48,52.947,229.622,55.316,51.949,49.251,159.12,26.835,27.745,24.477,40.525,79.981,29.6,38.795,40.029,44.747,46.946,45.708,85.34,54.726,55.114,27.113,49.337,62.231,39.783,77.549,54.661,57.853,50.497,65.039,0.0,49.686,34.593,55.88,84.355,25.443,97.673,40.882,42.595,75.061,85.633,41.613,54.333,49.898,36.845,99.706,52.676,73.759,82.519,28.508,65.244,51.481,120.176,51.667,38.074,29.84,15.2,40.986,30.409,51.86,37.057,23.034,50.687,33.406,44.209,26.759,39.148,138.514,84.903,35.813,55.387,37.134,49.971,5.354,17.827,68.029,91.65,47.128,38.666,18.533,33.191,23.592,0.481,34.472,188.426,20.136,47.562,1.489,82.6,9.229,40.328
1987-10-01,37.419,33.374,50.076,49.801,29.892,39.639,52.656,19.744,75.837,22.372,84.22,248.758,67.901,75.647,13.83,20.504,28.68,41.507,39.126,61.491,63.417,52.962,234.295,56.577,53.299,51.246,161.333,26.894,27.671,25.293,40.11,81.143,29.278,38.448,40.352,45.114,47.485,46.064,85.38,54.986,55.228,27.672,49.81,62.659,39.833,77.256,55.264,58.327,51.195,65.743,0.0,50.988,35.666,56.192,85.053,24.98,97.731,41.128,42.85,76.157,87.037,41.904,54.923,46.791,36.606,100.33,53.434,75.273,83.228,30.276,58.196,51.544,119.889,52.672,38.216,30.176,14.86,41.15,30.905,52.376,37.483,23.481,51.807,33.69,44.302,26.723,39.586,144.979,86.99,35.603,56.69,37.826,50.724,5.322,17.952,68.309,91.853,47.59,38.318,18.445,30.531,23.575,0.479,34.577,187.468,20.46,47.836,1.511,82.34,9.714,39.683
1988-01-01,36.727,33.518,49.953,51.005,31.319,40.183,56.845,20.103,75.312,23.43,85.296,257.751,70.783,78.849,14.584,19.295,28.483,42.021,40.021,62.423,64.548,53.965,233.099,56.75,53.336,51.366,170.935,27.17,27.851,26.447,40.801,81.93,30.482,39.355,41.056,46.461,50.614,46.603,85.417,55.316,55.42,27.677,50.426,63.05,40.621,79.994,55.558,58.968,51.513,68.544,0.009,51.386,36.589,56.572,93.116,24.252,101.651,42.177,43.238,76.413,88.364,43.928,56.015,50.547,36.967,104.56,54.136,76.748,83.824,29.549,65.184,52.1,119.323,53.725,38.117,30.82,15.587,41.268,31.847,53.314,38.182,24.345,54.248,33.774,45.085,27.302,40.314,143.777,89.456,36.071,56.835,38.939,52.941,5.527,17.924,68.531,91.214,48.239,38.687,18.87,31.381,24.078,0.486,37.304,178.257,20.682,48.689,1.582,82.943,10.303,40.455
1988-04-01,37.544,34.24,50.49,52.577,31.181,39.946,59.082,19.873,74.935,23.439,86.085,258.799,70.452,78.218,15.158,19.159,28.224,42.137,39.608,63.196,65.364,54.225,233.461,58.05,54.555,49.571,168.32,27.474,27.998,27.336,40.476,83.102,31.052,39.56,41.571,48.487,50.604,46.962,85.852,55.565,55.463,28.053,50.823,62.722,41.037,79.558,55.906,59.205,51.892,69.909,0.014,51.805,37.279,56.836,96.885,23.943,102.229,43.492,43.472,77.812,89.334,44.236,56.692,49.452,38.045,102.892,54.553,77.854,84.226,28.924,63.426,52.514,118.897,55.072,38.263,31.015,15.88,41.647,32.646,53.108,38.624,24.874,55.102,34.16,45.418,27.878,40.792,135.65,90.364,37.099,58.169,40.148,53.595,5.7,18.372,68.784,91.033,48.667,38.909,19.386,32.08,23.949,0.496,37.815,176.225,21.464,49.518,1.643,83.372,10.396,39.806
1988-07-01,37.672,34.592,50.236,53.936,32.02,40.855,63.076,20.523,74.69,23.133,88.055,252.193,72.618,79.808,15.795,19.233,28.643,42.786,40.429,63.314,65.548,54.509,238.741,59.643,55.909,51.422,173.228,27.588,27.96,28.248,41.436,83.064,31.77,39.552,42.267,48.767,51.496,47.417,87.17,55.86,55.714,28.138,51.542,63.831,41.45,81.056,56.392,59.834,52.461,71.03,0.018,51.418,40.486,57.366,100.187,23.219,103.345,44.476,44.24,77.486,91.179,44.166,57.827,47.5,38.336,102.373,54.86,78.626,84.444,27.21,60.819,52.876,119.606,55.595,38.967,31.044,16.137,41.878,33.438,53.834,39.203,25.897,56.116,34.483,45.822,28.092,41.17,135.078,91.877,37.429,59.806,41.188,52.568,5.776,18.633,68.994,90.88,49.397,39.05,19.56,33.227,24.852,0.503,39.467,172.596,21.773,50.342,1.666,84.434,10.544,40.882
1988-10-01,37.217,35.221,50.521,54.767,33.188,41.782,63.593,20.65,74.711,23.732,88.726,256.396,70.773,79.399,16.292,19.724,28.584,42.972,39.776,63.579,65.815,54.799,227.85,60.641,56.674,51.742,173.489,28.25,28.731,28.753,42.543,84.02,32.172,40.18,42.532,48.992,51.083,47.557,87.521,55.574,55.276,28.664,51.936,64.902,42.008,80.779,56.884,60.217,53.058,71.926,0.022,51.933,41.525,57.299,103.004,23.078,104.318,45.315,45.032,78.486,92.708,44.07,58.784,48.826,37.744,107.098,55.096,79.016,84.508,27.764,63.006,53.428,121.508,56.135,39.127,31.466,16.382,42.288,34.446,54.241,39.704,27.011,56.87,34.388,46.343,28.503,41.322,132.51,92.809,37.944,60.828,41.951,53.742,5.957,19.057,69.138,90.893,49.812,39.629,19.597,35.44,25.086,0.508,40.706,172.963,22.465,51.132,1.722,84.733,10.692,42.154
1989-01-01,37.763,34.393,51.08,55.825,31.792,41.915,63.489,21.001,74.865,23.627,89.548,253.36,71.95,80.406,16.466,20.253,29.904,44.331,42.05,63.836,66.027,55.17,211.06,60.256,56.437,51.533,159.044,28.747,29.391,28.789,42.64,84.152,32.45,40.235,42.698,48.837,52.554,47.673,88.016,55.694,55.248,28.985,52.282,66.557,41.734,81.84,57.109,60.56,53.403,72.848,0.025,51.566,43.697,57.41,107.033,23.485,105.419,46.241,45.099,79.466,92.79,43.285,59.018,48.79,37.076,107.457,54.972,78.97,84.009,28.053,62.971,53.669,124.769,57.062,39.416,30.986,16.754,42.598,34.873,54.591,39.815,27.437,57.355,34.526,46.558,29.25,41.224,135.73,93.184,37.293,60.418,42.605,53.273,5.776,18.916,68.945,90.772,50.151,41.055,19.947,30.115,25.488,0.519,38.533,172.551,22.674,51.005,1.705,86.0,10.362,42.435
1989-04-01,38.054,34.494,51.349,56.247,32.105,42.469,64.446,21.337,75.087,23.942,90.509,259.083,70.898,78.481,17.324,21.054,30.446,44.865,42.308,63.451,65.523,55.254,210.443,60.045,56.306,50.741,163.63,29.179,29.499,28.519,42.928,83.692,33.176,40.462,43.089,49.033,54.018,47.515,88.459,55.274,54.816,29.843,52.413,67.782,41.584,80.436,57.416,60.626,53.757,73.154,0.03,51.283,43.786,57.236,108.174,23.862,106.147,47.066,46.024,78.726,92.671,43.351,58.987,48.923,36.214,102.493,55.001,78.595,84.03,29.6,62.226,53.751,127.365,56.715,41.128,31.325,16.821,42.881,35.441,55.14,39.886,27.783,57.575,34.901,46.775,29.045,41.097,135.61,93.487,37.397,60.197,42.995,54.923,5.977,19.523,69.067,91.317,50.353,42.224,20.541,32.332,25.949,0.53,39.885,173.252,23.877,51.031,1.752,86.841,9.996,42.365
1989-07-01,38.335,35.357,51.29,56.447,33.507,43.415,65.801,21.646,75.478,24.484,91.397,253.077,70.569,79.247,18.23,21.154,30.515,45.023,42.338,63.898,66.068,55.41,203.163,60.595,56.811,52.468,160.985,29.054,29.288,28.65,44.034,83.533,33.432,41.044,43.55,49.374,55.611,47.526,89.046,55.078,54.411,29.517,52.68,68.726,41.83,81.175,57.731,61.001,54.078,73.53,0.036,50.651,46.106,57.169,109.102,25.217,106.358,47.639,46.576,78.686,92.119,44.847,58.683,51.15,38.248,107.143,55.241,77.947,84.212,28.551,66.711,54.29,128.464,57.693,41.402,31.48,16.815,43.334,35.865,55.613,40.078,27.97,58.171,35.475,47.228,29.76,41.256,135.011,93.906,38.082,60.76,43.339,53.923,6.089,20.138,69.362,91.41,50.683,43.194,21.185,34.316,26.385,0.537,40.46,172.039,24.161,51.129,1.765,87.431,9.492,43.746
1989-10-01,38.503,35.707,51.377,56.474,33.738,43.585,66.646,22.155,75.944,23.74,91.813,255.243,75.241,84.741,19.09,21.9,30.525,45.123,41.421,64.479,66.75,55.448,188.403,60.801,57.01,53.252,178.901,29.136,29.17,28.773,44.244,86.05,33.908,40.909,44.158,49.902,58.235,47.983,89.426,55.343,54.491,29.965,53.113,68.879,42.206,85.688,58.145,61.991,54.466,73.876,0.043,51.788,48.846,57.425,109.541,25.802,107.435,47.475,46.783,80.264,91.445,45.544,58.242,47.069,38.517,115.348,55.616,77.066,84.566,31.665,56.881,54.905,128.327,59.003,41.401,32.135,16.669,43.863,36.712,55.808,40.693,28.97,58.754,35.803,47.433,30.338,41.621,135.827,94.91,38.437,60.971,43.406,54.972,6.108,20.403,69.871,91.41,51.161,43.389,21.401,33.659,27.06,0.532,41.422,172.867,24.213,51.006,1.773,87.724,8.943,43.957
1990-01-01,39.234,35.87,52.299,57.203,32.322,43.223,67.232,22.097,75.753,24.742,92.368,253.629,69.429,75.17,19.595,21.68,30.631,45.264,41.932,64.562,66.677,55.576,196.656,62.201,58.298,56.18,142.656,29.529,29.517,30.048,43.751,83.517,35.025,41.457,44.758,50.316,60.23,48.583,89.926,55.821,54.778,29.99,53.351,69.376,42.519,77.92,58.618,61.311,54.804,74.104,0.05,50.955,50.273,57.993,108.62,23.714,109.357,48.138,47.085,79.793,91.776,46.874,58.315,51.211,39.633,92.631,56.159,75.659,85.716,31.704,64.277,54.834,128.994,60.552,41.596,32.372,16.459,44.398,37.126,56.27,41.39,30.199,59.886,36.364,47.832,30.878,42.073,136.239,95.951,38.618,62.414,44.239,54.78,6.168,20.984,70.82,91.567,51.426,43.11,21.864,31.955,26.967,0.548,45.838,169.398,24.711,51.125,1.821,87.543,8.159,43.124
1990-04-01,39.076,35.221,53.171,58.038,31.25,42.563,66.915,22.369,75.829,23.924,92.512,255.159,73.074,80.061,21.043,21.785,30.417,45.314,41.296,65.565,67.715,55.479,180.709,62.803,58.777,56.17,159.882,28.713,28.479,30.325,43.072,83.106,33.851,41.013,45.714,49.861,59.536,49.171,90.199,55.979,54.604,29.67,53.893,70.749,42.55,81.855,58.973,62.166,55.11,74.863,0.061,49.878,50.826,58.38,110.635,22.244,109.486,49.244,46.547,78.279,91.878,46.519,58.946,48.613,38.846,101.833,56.56,74.642,86.059,31.402,59.706,54.894,129.382,62.616,41.006,31.421,17.585,44.191,37.785,56.687,42.352,32.214,60.785,35.77,47.978,31.069,42.46,136.019,96.307,38.013,63.039,45.002,55.316,6.134,20.726,71.361,91.656,52.05,43.554,21.114,30.652,27.339,0.534,44.211,167.834,24.647,51.259,1.845,87.502,7.636,42.414
1990-07-01,38.683,35.133,54.214,58.272,31.106,42.468,66.075,22.844,75.633,23.682,92.779,253.997,74.56,81.384,22.625,21.595,30.455,45.61,41.633,65.607,67.578,55.55,171.735,63.368,59.188,53.772,165.416,28.31,27.894,30.297,42.905,83.853,33.701,40.917,46.635,51.727,58.824,49.623,90.807,55.954,54.358,29.303,54.207,69.878,42.851,82.87,59.319,62.604,55.43,75.773,0.074,50.758,49.907,58.652,113.545,21.809,110.751,49.478,46.495,78.729,90.508,46.335,58.355,47.829,38.778,102.482,56.915,73.706,86.115,31.832,58.044,54.983,130.089,63.897,41.221,31.524,17.889,44.299,38.05,56.732,43.228,34.115,60.418,36.195,48.168,31.611,42.81,135.923,96.284,38.379,63.621,45.165,55.248,6.121,20.726,71.812,91.671,52.467,43.693,21.022,30.336,27.985,0.534,43.976,165.081,24.904,51.051,1.846,87.272,6.967,42.182
1990-10-01,38.672,35.111,54.783,57.98,31.171,41.947,66.07,22.524,75.222,23.03,92.674,252.909,73.649,80.58,23.292,21.659,30.621,46.017,41.934,65.226,67.022,55.357,168.659,62.391,58.368,52.182,130.854,27.977,27.331,30.921,42.374,80.897,34.213,40.271,46.789,54.361,59.419,49.738,91.106,55.544,53.747,29.134,54.02,68.535,42.502,82.176,59.55,62.708,55.674,76.706,0.095,49.459,53.189,58.414,116.897,22.409,111.581,49.616,46.063,77.683,88.198,45.108,57.064,45.156,39.573,102.103,57.193,72.841,85.875,31.823,53.419,54.431,128.491,64.707,40.735,31.258,17.827,44.178,38.89,55.239,43.824,35.469,59.087,35.974,47.802,31.706,43.05,134.673,95.565,38.993,62.618,45.411,55.274,6.107,20.728,72.007,91.606,52.341,43.471,21.139,29.256,27.561,0.533,43.958,163.395,24.479,50.522,1.852,87.043,6.361,41.528
1991-01-01,37.594,34.013,51.232,56.826,31.594,42.405,65.266,22.392,74.131,22.395,92.056,251.276,72.773,79.172,23.751,22.765,31.975,47.935,43.594,65.075,67.5,55.132,172.297,62.036,57.898,45.654,142.26,27.981,27.359,29.761,42.968,80.793,34.164,39.926,46.865,52.961,61.471,49.697,91.05,55.561,53.867,29.12,53.944,64.861,42.395,80.948,59.791,62.744,56.034,79.672,0.12,48.848,47.696,58.225,129.326,22.876,109.565,49.117,46.612,76.879,83.896,44.279,55.116,41.897,39.481,98.811,57.243,72.522,84.728,33.627,46.601,54.457,126.28,64.126,40.613,30.964,18.62,44.074,38.597,54.438,43.735,35.351,56.667,35.911,47.622,31.89,43.12,127.683,93.928,37.829,62.259,44.583,54.813,6.186,21.197,71.832,91.286,52.302,43.781,20.756,30.806,27.543,0.545,42.873,154.928,24.44,48.863,1.884,86.578,5.586,42.165
1991-04-01,39.186,35.063,49.983,56.259,30.951,43.02,65.392,22.951,73.829,22.508,92.034,246.325,78.37,84.686,24.131,24.128,33.166,49.234,44.49,65.354,68.073,55.028,174.075,63.07,59.017,51.354,149.607,28.259,27.507,30.374,43.767,82.217,34.204,40.149,47.326,53.449,63.076,49.989,91.056,56.067,54.494,29.903,54.47,64.229,42.864,85.271,60.139,63.645,56.434,81.009,0.141,50.809,53.834,58.709,134.128,22.442,108.311,48.55,47.156,77.957,81.83,46.24,54.118,41.631,42.208,103.711,57.712,71.475,84.17,31.648,46.714,54.777,125.942,63.898,40.44,31.0,18.874,43.947,38.181,54.192,43.828,35.674,55.38,35.895,48.017,32.045,43.124,124.408,94.038,38.66,63.33,44.365,54.164,6.319,21.088,71.989,91.656,52.822,43.831,21.018,28.645,28.398,0.539,40.981,153.439,24.875,48.587,1.992,86.205,4.746,43.271
1991-07-01,39.553,35.008,49.482,56.174,30.944,42.892,64.279,23.548,73.897,22.854,91.653,246.18,74.519,82.813,25.032,24.075,33.8,49.751,46.078,65.493,68.33,54.96,181.524,62.877,58.915,50.919,161.844,27.875,27.185,30.836,43.674,83.206,33.413,40.391,47.875,53.527,62.669,50.34,90.659,56.353,54.757,29.332,54.647,64.183,43.004,83.714,60.644,63.862,57.029,81.148,0.163,48.242,55.37,58.974,133.81,21.817,107.536,48.645,47.439,78.31,80.626,45.498,53.64,43.645,43.5,109.363,58.314,70.176,83.874,35.091,48.657,54.869,126.643,64.32,40.161,29.884,19.221,43.943,38.187,54.102,44.239,36.58,54.69,35.697,48.256,31.973,43.262,123.029,94.192,38.613,63.133,44.512,54.342,6.469,21.404,72.189,91.929,53.051,44.213,21.412,27.179,29.257,0.531,39.834,153.457,24.987,48.277,2.091,85.886,3.988,42.957
1991-10-01,40.272,35.608,47.446,56.533,30.847,42.002,64.487,23.848,74.24,22.481,91.488,241.151,73.439,80.34,25.952,24.891,34.52,50.26,46.617,64.711,67.802,54.977,182.33,62.777,58.948,52.054,151.461,27.734,27.077,31.298,42.747,82.468,33.205,39.944,48.616,53.22,61.81,50.867,90.514,57.056,55.506,28.996,54.917,64.127,42.867,81.704,61.049,63.93,57.519,81.064,0.182,46.502,57.79,59.537,132.288,22.017,104.383,49.631,46.484,78.125,80.025,44.251,53.864,42.65,40.955,101.762,59.004,68.653,83.824,33.559,48.018,54.397,125.887,64.719,39.414,29.226,20.321,44.129,37.92,54.103,44.596,37.127,54.697,35.746,48.232,32.173,43.492,121.751,95.145,38.922,63.029,45.071,53.765,6.379,21.944,72.325,91.749,53.367,44.423,20.869,28.427,29.699,0.533,39.101,155.817,25.116,48.543,2.042,85.647,3.12,41.952
1992-01-01,41.676,34.634,46.732,57.823,32.049,43.725,65.727,24.461,75.654,23.363,92.264,239.049,72.387,78.817,27.727,27.006,36.896,52.043,49.224,64.94,68.224,54.905,180.795,64.29,60.439,52.3,149.987,28.412,27.352,32.836,44.466,83.8,34.294,40.848,49.343,53.897,57.182,51.296,91.014,56.733,54.873,30.433,55.721,65.508,44.382,80.269,61.426,64.055,57.913,81.175,0.212,49.121,58.923,59.557,130.013,23.46,104.381,51.588,47.854,79.604,82.192,45.288,55.803,45.007,41.472,98.506,60.239,66.625,84.414,35.445,51.019,55.207,126.93,66.334,41.179,30.337,21.839,44.675,38.958,55.148,45.727,38.718,58.064,35.956,49.135,32.42,44.262,122.367,95.639,38.399,64.595,46.657,54.04,6.559,22.025,72.689,91.534,54.241,45.358,21.667,28.286,30.521,0.549,39.37,161.429,26.302,49.519,2.121,84.547,2.73,43.923
1992-04-01,42.04,34.062,46.551,58.497,31.076,44.424,66.438,25.178,76.52,23.526,92.016,241.062,72.686,81.459,29.291,25.755,36.926,52.184,51.147,64.734,68.017,55.118,176.961,62.684,59.155,52.192,170.276,28.583,27.325,32.832,45.355,85.684,35.398,41.057,50.021,54.093,55.05,51.713,90.625,56.825,54.929,30.615,56.065,66.843,44.427,82.295,61.8,64.659,58.352,81.57,0.239,49.902,59.315,59.671,130.027,22.546,103.62,52.468,48.906,80.444,83.321,45.61,57.36,45.532,39.558,109.877,61.024,64.937,84.596,36.805,51.144,55.439,125.892,66.644,41.071,30.503,23.761,44.629,39.201,56.031,46.447,39.835,60.085,35.715,49.468,32.29,44.694,120.613,96.567,38.06,62.928,47.174,54.335,6.561,22.169,72.855,91.553,54.663,46.057,21.664,27.068,31.556,0.548,39.91,162.635,26.415,50.335,2.149,84.272,2.857,44.933
1992-07-01,42.103,37.585,46.642,58.929,31.469,45.326,68.003,25.926,77.109,24.028,92.261,248.548,72.786,81.232,30.588,26.446,37.68,52.737,51.941,64.748,68.02,55.327,172.327,63.136,59.543,51.358,149.073,29.138,27.849,34.434,46.465,85.915,36.533,41.506,50.664,53.903,53.162,52.0,90.167,56.996,55.099,30.785,56.594,67.25,44.991,82.106,62.209,64.984,58.827,81.588,0.263,50.773,58.55,59.914,128.907,23.033,105.36,52.418,50.398,81.874,84.433,46.387,58.836,46.159,40.924,108.422,61.648,63.4,84.705,36.617,52.189,55.77,126.843,66.81,41.106,31.195,25.529,44.857,39.571,56.96,46.843,40.723,61.365,35.891,49.999,32.307,44.753,121.464,97.264,40.432,63.388,47.75,56.36,6.802,22.543,73.059,91.537,55.242,47.05,22.488,27.831,32.562,0.56,41.108,161.549,27.192,52.177,2.232,84.217,2.9,45.91
1992-10-01,41.807,34.444,46.98,59.137,31.393,45.889,67.791,26.124,77.369,24.505,91.313,245.778,76.073,83.725,31.795,27.686,38.687,53.583,52.547,65.196,68.491,55.647,169.5,65.685,61.622,54.336,154.67,29.528,28.107,35.546,47.105,86.412,36.931,42.055,50.957,53.906,52.919,51.949,89.796,56.746,54.722,31.498,57.171,67.45,45.891,84.191,62.635,65.643,59.273,81.958,0.287,51.552,59.58,59.703,129.755,23.205,105.82,53.838,50.723,82.082,84.686,47.763,60.055,47.077,42.987,107.862,62.003,62.076,84.728,36.688,53.471,56.329,122.927,67.392,41.35,31.491,27.72,45.488,40.702,57.276,46.984,41.44,61.402,36.421,50.595,32.447,44.526,124.606,96.998,38.262,66.011,48.757,56.108,7.031,23.664,73.435,91.481,55.857,47.647,22.986,28.807,32.736,0.569,41.372,159.103,27.812,52.068,2.331,84.808,3.048,46.808
1993-01-01,42.117,35.509,47.4,60.324,32.159,45.724,67.052,25.917,76.614,24.743,90.528,251.39,76.19,84.275,31.675,29.084,40.304,55.246,54.384,65.122,68.319,55.612,165.229,64.93,61.043,53.768,157.635,29.941,28.598,36.221,46.88,86.226,37.804,42.218,51.157,54.396,55.956,52.028,88.943,57.054,55.024,31.209,57.405,68.378,46.39,85.06,62.843,65.944,59.583,83.538,0.294,51.548,60.637,60.081,136.268,23.871,106.656,54.219,50.675,81.727,84.568,47.935,59.843,46.468,45.391,109.998,62.122,60.706,84.355,37.647,51.751,56.385,122.362,67.72,41.437,31.694,27.426,45.854,41.363,56.813,46.844,42.194,61.08,37.04,50.789,32.98,43.941,125.008,96.66,39.173,65.232,49.45,57.572,7.379,23.377,73.286,91.297,56.07,48.046,23.629,30.436,32.432,0.587,41.242,158.679,28.527,52.3,2.47,86.812,3.797,46.371
1993-04-01,40.841,37.172,47.537,60.333,33.037,46.589,68.337,26.468,76.56,25.546,90.47,251.947,76.587,82.881,31.79,29.608,41.173,56.151,55.699,65.187,68.372,55.988,159.327,65.634,61.424,53.513,153.801,30.302,29.034,38.043,47.742,87.163,37.599,42.895,51.293,55.224,56.811,51.947,88.549,57.07,54.938,31.748,57.698,68.957,47.174,84.213,63.134,66.075,59.928,84.425,0.329,53.353,61.452,60.236,139.416,24.434,106.885,54.528,51.667,82.925,84.557,49.789,60.379,48.624,46.343,102.13,62.408,60.02,84.273,37.395,55.393,56.833,121.802,68.413,42.328,32.134,28.528,46.236,42.256,57.09,46.67,42.783,61.188,37.397,51.251,33.259,43.305,125.264,96.932,40.622,65.947,50.168,59.087,7.679,23.702,73.401,91.131,56.353,48.614,24.159,31.52,33.175,0.596,40.246,157.827,28.894,53.208,2.598,87.942,5.117,47.157
1993-07-01,41.231,38.532,48.015,60.497,33.329,47.061,69.185,27.125,76.614,25.831,90.95,251.379,79.877,87.083,32.653,30.903,42.498,57.042,57.006,65.549,68.71,56.198,159.553,66.221,61.978,55.71,163.184,30.663,29.172,40.221,48.152,88.688,38.354,43.337,51.72,55.772,57.382,52.002,88.871,57.188,54.976,32.56,58.338,69.645,48.273,87.758,63.582,66.959,60.471,84.24,0.388,56.549,61.652,60.436,138.646,23.989,106.908,55.527,52.463,83.992,84.893,51.696,61.186,48.456,42.028,109.435,62.409,59.733,84.339,36.547,55.123,57.396,122.374,69.048,43.065,33.054,29.799,46.804,43.3,57.902,46.665,43.684,61.345,37.766,51.821,33.513,42.757,125.254,96.752,41.79,66.548,51.293,60.306,7.886,24.366,73.528,91.176,57.006,49.037,24.495,31.935,34.062,0.609,40.682,157.401,29.263,54.167,2.705,89.111,6.564,47.363
1993-10-01,41.03,39.948,48.472,60.771,33.669,47.63,70.312,27.332,76.846,26.452,90.949,255.857,78.061,86.976,33.075,32.851,43.957,58.054,57.73,65.881,69.015,56.432,159.37,65.875,61.656,58.964,165.145,30.699,29.453,42.214,48.727,88.302,38.048,43.889,51.796,57.4,57.414,52.029,88.547,57.172,54.906,32.087,58.703,70.705,48.867,87.902,64.083,67.408,61.063,84.16,0.474,55.533,62.21,60.336,137.953,22.856,108.237,54.056,53.426,83.476,85.677,52.249,62.252,50.457,44.674,115.385,62.484,59.76,84.608,35.825,59.145,57.795,122.143,69.393,43.619,32.871,31.093,47.285,43.874,58.476,46.733,44.365,61.768,38.495,52.276,33.987,42.441,127.373,96.565,43.278,66.182,51.43,62.431,8.156,24.506,73.732,91.201,57.375,49.008,25.09,31.702,34.248,0.624,41.958,157.481,29.243,55.414,2.835,90.168,8.066,47.742
1994-01-01,42.562,41.471,49.328,60.471,34.62,48.749,71.722,27.882,77.388,27.082,90.913,255.503,78.903,87.232,33.921,33.312,45.024,58.524,59.613,66.494,69.578,56.581,159.14,65.547,61.633,58.876,179.513,30.951,29.617,43.857,49.914,89.448,38.965,44.633,52.023,56.662,56.205,52.123,88.242,57.168,54.981,31.827,59.152,72.364,49.682,88.235,64.8,68.069,61.912,83.289,0.595,56.499,61.392,60.245,132.573,22.783,109.243,54.121,55.47,83.875,87.184,54.438,63.803,51.991,45.971,113.54,63.084,60.905,85.094,40.615,58.536,58.569,121.314,68.868,44.467,33.35,32.56,47.853,44.855,59.172,46.921,44.563,62.159,38.797,52.874,34.161,42.57,130.287,96.79,44.238,65.838,51.936,63.818,8.422,24.904,74.01,91.449,57.847,49.443,25.435,31.905,34.876,0.644,42.905,158.83,30.171,56.749,2.973,90.796,9.647,48.472
1994-04-01,42.35,42.905,50.283,60.637,34.667,48.651,71.772,28.186,77.84,27.374,90.881,258.7,82.513,88.956,34.799,31.916,44.94,57.93,61.294,67.263,70.306,56.758,163.597,66.514,62.404,59.934,159.157,31.673,30.397,45.032,49.855,88.919,40.077,45.03,52.409,57.446,55.882,52.293,88.334,57.317,55.094,32.106,59.537,74.122,50.864,89.807,65.298,68.717,62.474,81.638,0.719,56.476,62.562,60.379,126.669,22.58,110.633,55.172,55.574,84.471,88.184,54.733,65.099,51.116,49.696,108.624,62.52,60.814,85.392,38.526,58.144,59.032,120.734,69.239,44.202,33.549,34.072,48.575,45.891,59.412,47.109,44.961,62.909,39.406,53.285,34.599,42.594,131.187,95.83,45.519,66.831,52.802,65.91,8.862,25.437,74.309,91.416,58.259,49.807,25.837,34.805,35.217,0.667,43.745,159.491,30.939,58.053,3.145,91.839,11.162,48.309
1994-07-01,43.055,44.661,51.075,61.071,35.04,49.384,71.466,28.724,78.369,27.662,91.214,264.689,78.213,85.676,35.711,32.626,45.315,57.518,61.242,67.374,70.281,56.844,167.135,66.946,62.88,59.169,169.531,32.297,31.218,46.339,50.454,89.227,40.814,45.448,52.833,58.133,56.06,52.47,88.934,57.484,55.172,32.109,59.894,76.022,51.644,87.53,65.971,68.979,63.163,79.568,0.886,57.236,62.088,60.556,119.108,23.431,112.854,56.222,55.809,84.221,88.998,56.008,66.338,50.77,51.208,109.029,61.934,60.34,85.665,39.068,56.876,59.541,120.862,69.991,45.504,34.011,35.673,49.305,46.982,60.2,47.295,45.286,64.028,40.297,53.691,35.118,42.646,132.485,96.317,47.002,67.274,53.778,68.617,9.131,25.817,74.943,91.697,58.647,50.63,26.378,34.466,35.855,0.691,43.563,160.164,31.448,59.397,3.278,93.007,12.797,49.139
1994-10-01,43.51,47.223,51.506,61.656,34.6,50.698,70.766,29.103,78.916,28.634,91.32,265.625,77.559,83.668,36.081,33.232,46.223,57.868,62.546,67.902,70.827,56.992,165.878,66.946,62.955,57.453,163.151,33.17,32.214,47.357,51.761,88.39,41.444,46.317,53.128,58.545,56.331,52.748,89.373,57.716,55.351,33.105,60.241,77.69,52.675,86.293,66.584,69.337,63.771,78.714,1.106,59.158,63.006,60.811,116.564,24.402,112.223,55.92,57.449,83.684,89.772,57.001,67.403,52.252,53.492,102.214,61.353,59.533,85.995,39.791,58.965,60.173,120.737,70.565,46.868,34.788,36.967,49.863,47.725,60.393,47.615,45.996,65.495,40.801,54.272,35.746,42.697,134.622,95.828,48.961,67.27,54.169,70.248,9.684,26.132,75.596,91.892,58.996,51.582,27.638,37.932,36.228,0.709,43.556,160.808,31.748,60.809,3.48,94.366,14.402,50.459
1995-01-01,43.744,47.416,51.443,63.397,34.846,50.526,72.799,29.052,80.157,28.041,91.74,266.581,76.702,82.763,36.279,33.098,47.146,58.687,64.854,67.775,70.695,57.392,155.469,66.358,62.504,59.058,163.201,32.933,31.752,49.024,51.858,90.567,41.121,46.087,52.984,59.017,57.114,53.086,89.363,57.607,55.036,33.286,60.659,79.034,52.564,85.754,67.139,69.743,64.216,79.266,1.302,58.456,63.097,60.507,119.923,23.053,111.491,56.775,57.294,85.951,90.561,56.41,68.358,49.929,53.19,101.171,60.9,57.355,86.163,40.191,54.454,60.389,120.732,71.823,45.577,34.305,38.019,50.213,48.59,60.753,48.379,47.144,66.137,41.395,54.407,36.306,43.147,130.138,94.968,49.323,66.649,55.471,72.487,9.726,26.323,76.574,91.71,59.403,51.875,26.824,36.108,36.208,0.706,43.473,161.205,32.197,61.544,3.568,95.028,16.401,50.685
1995-04-01,42.822,47.297,51.694,64.235,36.341,51.062,74.471,29.588,80.366,28.326,92.133,262.526,79.989,86.861,36.631,34.755,48.706,59.696,66.244,67.444,70.25,57.475,158.759,66.656,62.599,57.509,176.265,33.226,31.945,50.295,52.208,91.301,42.926,46.398,53.166,59.444,57.959,53.332,89.476,57.766,55.095,33.116,61.263,79.947,52.913,89.069,67.701,70.685,64.761,79.1,1.593,60.736,63.039,60.607,120.991,21.651,111.767,58.585,57.76,86.028,90.874,57.537,69.248,49.889,52.842,108.054,60.071,56.734,86.301,39.03,54.913,60.686,120.581,72.625,46.88,34.632,39.459,50.821,50.659,61.042,48.706,47.836,66.834,41.978,54.884,37.056,43.269,130.06,94.729,49.461,66.954,56.919,73.248,10.022,26.945,77.213,91.71,59.993,52.195,27.577,37.028,36.84,0.728,43.516,161.828,31.984,62.153,3.702,95.692,18.534,50.836
1995-07-01,42.935,48.015,52.206,64.731,36.181,51.978,76.981,30.371,80.165,29.125,92.402,268.461,83.938,90.395,36.8,36.477,50.044,60.25,67.007,67.452,70.166,57.65,150.505,66.724,62.675,57.297,172.258,33.713,32.38,51.778,53.315,90.28,43.352,46.96,53.347,58.929,59.037,53.653,89.186,58.043,55.274,33.874,61.717,80.827,53.122,91.924,68.147,71.462,65.211,78.057,1.882,61.457,67.741,60.794,117.797,21.114,109.584,59.121,59.386,85.17,91.469,58.606,71.003,51.122,55.928,109.747,59.477,56.527,86.414,42.598,54.606,60.901,120.19,73.518,47.025,34.762,42.326,51.029,51.913,60.768,49.067,48.686,67.595,42.438,55.381,37.571,43.417,129.931,94.971,49.925,67.019,57.784,76.102,10.626,27.09,77.663,91.695,60.432,52.196,28.428,38.722,37.823,0.747,43.3,162.471,32.415,63.422,3.99,96.276,20.538,51.788
1995-10-01,43.788,50.795,52.692,65.286,35.88,52.028,79.111,31.108,79.809,29.63,93.003,257.856,80.855,88.209,37.508,36.989,50.792,60.532,68.06,67.746,70.423,57.591,150.892,66.392,62.542,59.415,179.561,34.109,32.89,53.283,53.215,90.476,44.198,47.403,53.704,58.529,60.213,53.906,89.351,58.288,55.421,33.671,62.031,80.645,53.57,90.38,68.533,71.585,65.654,77.408,2.172,63.092,70.223,60.981,116.016,21.097,110.948,59.845,59.588,84.972,92.158,59.548,72.039,51.989,58.58,111.12,59.012,56.669,86.474,40.735,57.277,61.215,120.568,74.384,47.688,35.166,43.653,51.526,52.687,61.215,49.327,49.264,68.449,42.587,55.768,38.262,43.572,131.915,95.031,51.853,66.677,58.691,74.326,10.903,27.261,77.855,91.749,60.768,52.39,28.279,37.489,38.678,0.755,43.664,163.113,32.677,64.812,4.236,96.867,22.443,51.535
1996-01-01,44.204,54.375,53.728,65.342,34.774,52.384,80.153,31.732,80.011,29.952,93.69,254.425,83.182,92.553,38.745,39.401,52.893,61.596,69.636,68.053,70.591,57.658,150.803,66.308,62.542,60.432,180.014,33.833,32.619,53.447,53.464,91.7,43.652,47.783,53.915,57.299,61.913,53.93,90.145,57.865,54.907,33.43,62.598,80.016,53.876,93.912,68.84,72.331,66.106,76.435,2.458,64.9,68.527,60.71,112.068,21.568,107.976,59.851,60.027,86.222,92.819,60.801,73.389,52.526,57.385,122.936,58.846,58.631,86.42,42.386,56.895,61.612,120.424,74.544,48.488,35.86,45.642,51.836,53.628,62.273,49.785,49.46,69.013,43.255,56.282,38.742,44.204,134.158,96.094,54.027,66.589,58.847,75.04,11.174,27.552,77.653,91.627,61.37,52.483,28.405,37.627,39.366,0.746,44.46,163.77,32.649,66.482,4.413,97.739,24.024,51.835
1996-04-01,44.859,55.872,54.248,65.472,35.48,53.677,81.157,32.53,80.524,30.905,94.495,259.573,82.87,91.072,39.175,40.176,53.705,61.739,70.466,68.373,70.873,57.713,148.799,66.541,62.845,59.802,164.026,35.05,33.98,54.133,54.882,92.287,45.366,48.714,54.51,57.203,63.116,54.461,91.12,58.608,55.713,34.178,62.946,80.608,55.033,93.006,69.146,72.472,66.521,75.307,2.696,66.607,71.009,61.379,108.055,22.125,110.977,60.565,61.071,87.73,92.903,61.587,74.357,53.345,58.248,117.023,58.427,58.382,86.596,45.225,56.337,62.403,120.347,74.855,49.281,36.997,47.508,52.751,54.921,62.458,50.105,50.015,69.312,44.514,56.887,39.531,44.353,134.595,96.399,55.091,66.827,59.468,78.856,11.792,27.71,77.57,91.879,61.722,53.07,29.608,38.627,40.375,0.782,46.499,164.305,33.315,67.49,4.719,98.723,25.9,53.558
1996-07-01,45.603,57.542,54.348,65.254,36.885,54.579,83.435,33.021,80.873,31.126,95.563,254.743,79.279,86.588,39.413,40.01,53.952,61.615,71.282,68.245,70.706,57.694,139.07,66.48,62.921,60.256,166.726,35.068,34.225,55.864,55.898,92.315,45.234,49.062,54.828,57.614,63.52,54.663,92.043,58.755,55.789,33.486,63.287,81.036,55.93,89.767,69.465,72.305,66.94,74.492,2.9,67.357,65.295,61.732,104.692,21.516,112.321,61.658,62.16,87.601,93.001,62.009,75.315,53.228,55.726,109.419,58.327,57.504,86.791,46.634,55.07,62.847,120.495,75.44,49.726,37.245,49.343,53.509,55.672,64.133,50.361,50.476,69.453,44.85,57.232,40.277,44.468,135.075,96.704,56.415,66.765,60.383,78.827,12.134,28.264,77.525,92.28,62.058,53.504,29.916,40.361,40.963,0.79,47.574,164.724,33.467,68.591,4.902,99.573,27.723,54.482
1996-10-01,46.401,59.567,54.304,65.509,36.958,54.924,81.078,33.775,81.223,31.732,96.147,259.98,81.418,89.401,38.289,41.405,55.063,62.228,71.971,68.462,70.978,57.735,131.193,66.985,63.476,61.577,158.117,35.835,34.937,56.91,56.237,92.056,46.894,49.656,55.389,57.448,63.078,55.348,93.833,59.883,57.084,34.213,63.715,81.009,56.886,92.103,69.805,72.919,67.374,74.171,3.162,67.623,75.467,63.079,102.852,22.753,113.248,60.758,62.395,87.82,92.965,63.083,76.634,53.668,59.121,114.579,58.45,56.108,87.143,44.916,56.836,63.356,120.139,75.501,50.097,37.99,52.075,54.522,56.819,63.135,50.611,50.971,69.936,46.225,57.688,41.157,44.553,135.113,97.112,57.825,67.285,60.512,82.656,12.565,29.132,77.52,92.9,62.405,54.079,29.949,41.924,41.907,0.809,48.952,164.991,33.548,69.954,5.107,100.312,29.58,54.915
1997-01-01,47.939,62.174,55.405,65.274,37.189,54.948,82.615,34.713,81.454,32.591,96.694,260.493,80.539,87.218,36.005,42.308,56.269,63.433,73.555,68.945,71.342,57.757,130.989,67.408,64.089,64.888,148.504,35.955,35.434,57.927,56.218,92.662,46.709,50.323,54.985,58.239,61.975,55.646,94.416,60.313,57.439,33.235,64.428,82.883,57.306,90.509,70.287,73.119,67.915,75.347,3.579,67.631,72.409,63.566,107.618,22.623,113.846,61.676,63.294,89.021,92.999,63.829,78.578,56.062,58.284,107.913,58.564,52.984,87.628,50.578,57.339,63.737,119.329,76.39,50.295,38.159,56.045,54.955,57.105,64.88,50.779,50.885,70.588,46.699,58.296,41.794,44.855,135.097,96.551,59.867,67.721,61.107,84.475,12.963,28.934,77.78,93.838,62.959,54.329,29.902,42.528,43.048,0.818,49.709,164.861,33.826,71.95,5.362,100.666,30.662,54.318
1997-04-01,48.588,62.567,55.51,65.501,35.594,54.458,85.407,35.42,81.791,32.487,97.127,253.982,78.996,88.438,35.646,42.939,57.292,64.194,75.077,68.584,70.897,57.776,126.026,67.235,64.058,64.614,155.897,36.094,35.408,58.829,55.569,93.952,46.923,50.282,55.11,57.639,61.345,55.946,94.425,60.596,57.615,33.59,64.95,84.404,57.501,91.539,70.837,73.735,68.531,75.605,3.595,68.003,71.698,63.921,107.434,22.487,112.121,61.833,63.147,89.947,93.273,63.787,79.784,54.155,60.226,118.877,58.992,51.169,88.181,48.129,55.417,63.765,118.517,77.33,50.456,38.152,58.229,55.38,57.786,65.814,51.095,50.892,71.325,46.679,58.558,42.807,45.341,135.55,97.954,60.002,67.543,61.539,83.827,13.505,29.288,78.103,94.187,63.435,54.603,30.433,42.095,44.019,0.815,49.761,164.683,34.501,72.757,5.761,101.05,31.321,53.485
1997-07-01,49.217,63.1,56.306,65.534,38.12,56.268,88.097,36.675,82.298,33.935,97.885,252.608,80.357,87.858,35.548,46.761,59.865,66.015,75.832,68.991,71.232,57.727,121.505,67.921,64.734,67.232,158.032,36.898,36.377,58.648,57.61,94.365,47.841,51.593,55.58,58.599,61.457,56.527,95.014,61.284,58.277,33.859,65.755,86.233,58.326,91.193,71.407,74.181,69.159,76.005,3.466,69.751,72.611,64.661,106.761,22.872,112.827,62.404,64.919,90.259,93.812,65.31,81.138,57.694,60.053,111.39,59.772,51.328,88.79,49.373,60.906,64.785,117.622,78.156,51.333,39.081,60.428,56.565,58.425,67.135,51.569,51.303,72.243,47.78,59.556,44.279,45.834,136.719,98.517,60.654,68.252,61.774,83.918,14.064,30.144,78.45,95.151,64.193,55.07,31.053,43.72,45.801,0.826,51.542,164.819,35.207,73.85,6.095,101.475,31.715,55.629
1997-10-01,49.619,62.595,56.783,66.288,39.265,56.98,90.515,37.735,82.997,34.801,98.746,259.807,85.882,92.629,36.047,47.147,60.61,66.909,77.031,68.992,71.144,57.786,120.094,67.292,64.283,67.819,157.685,37.387,37.173,58.465,58.39,94.814,47.549,52.297,56.116,59.405,62.262,57.063,95.905,61.753,58.679,33.923,66.471,88.3,58.995,94.935,71.998,75.199,69.808,77.151,3.785,72.005,71.017,65.215,108.497,24.113,114.481,63.315,65.541,90.753,94.647,65.709,81.615,59.241,63.561,113.411,60.806,53.367,89.416,49.726,63.492,65.238,116.546,79.024,51.777,40.114,60.457,57.263,59.762,68.619,52.166,52.024,73.314,47.159,60.268,45.874,46.328,139.185,99.478,60.583,67.6,62.385,86.621,14.546,30.364,78.802,96.588,64.897,55.449,31.609,44.276,47.075,0.83,51.989,165.271,35.661,74.116,6.367,101.896,32.653,56.461
1998-01-01,49.594,64.293,57.493,66.929,40.854,58.197,92.466,38.152,83.641,35.082,99.631,260.071,84.329,89.098,37.272,48.015,62.086,68.093,79.266,68.979,70.991,57.876,124.172,68.169,65.006,70.219,148.101,38.375,37.95,58.937,59.51,95.338,49.586,52.69,57.156,62.117,63.615,57.776,96.997,62.687,59.719,34.988,67.193,91.248,58.907,92.311,72.582,75.352,70.448,77.781,4.07,73.668,70.488,66.158,105.842,25.328,113.85,64.18,66.216,91.853,95.62,65.977,81.756,57.518,65.596,103.183,62.719,56.615,89.992,48.817,60.791,65.706,115.447,79.303,53.406,40.985,59.624,57.704,60.923,70.028,52.662,52.579,74.49,47.622,60.877,47.085,46.754,138.908,100.989,62.501,68.504,63.114,86.917,15.243,30.604,79.165,97.524,65.646,55.93,31.975,45.677,47.545,0.871,52.496,163.531,36.528,74.946,6.834,102.188,32.996,57.796
1998-04-01,49.319,66.551,58.191,67.916,41.355,59.176,93.382,38.446,84.273,36.855,100.187,259.314,89.599,93.407,38.52,52.86,65.222,70.342,80.019,69.601,71.597,58.008,127.006,69.203,65.814,72.057,156.677,38.978,38.331,58.346,60.534,96.505,49.684,54.06,57.713,63.487,64.716,58.05,97.781,62.916,59.86,36.513,68.018,93.852,58.846,95.654,73.163,76.297,71.095,78.414,4.263,76.11,71.391,66.368,105.309,26.963,113.673,63.839,67.286,92.587,96.556,66.306,82.316,61.955,65.539,104.065,63.791,59.34,90.522,49.782,68.383,66.505,114.759,80.041,54.206,42.408,59.705,58.448,61.566,70.748,52.978,52.718,75.552,48.66,61.949,48.578,47.122,137.333,100.828,64.419,69.568,63.137,85.917,15.971,31.547,79.501,98.074,66.495,56.601,33.942,46.774,47.924,0.922,54.156,160.47,37.535,76.029,7.27,102.549,33.121,58.856
1998-07-01,49.025,67.528,59.178,69.108,41.19,58.745,92.837,39.456,84.827,37.902,100.57,264.143,90.735,93.992,40.014,56.646,67.754,71.924,80.859,70.123,72.028,58.215,130.802,69.568,66.064,72.646,153.177,39.877,39.151,58.883,60.02,97.137,51.152,54.871,58.489,65.707,65.406,58.316,98.523,63.183,60.221,37.411,68.768,95.374,58.846,96.226,73.763,76.895,71.77,78.312,4.711,77.212,68.318,66.773,102.184,26.622,115.24,64.418,66.208,93.464,97.491,64.945,83.016,62.798,65.635,102.693,64.702,60.927,91.032,59.158,64.031,66.987,114.895,79.754,54.112,43.229,60.078,59.361,62.498,72.364,53.241,52.821,76.518,49.838,62.757,49.914,47.429,136.058,101.289,65.709,69.938,63.894,87.113,16.972,32.479,79.849,98.198,67.288,57.492,34.646,48.079,49.182,0.979,56.036,157.398,38.268,76.957,7.978,103.088,33.372,58.641
1998-10-01,49.406,68.716,60.168,70.295,40.726,60.11,94.463,39.998,85.265,40.14,101.507,266.793,84.317,87.629,41.485,58.957,69.262,72.918,81.275,70.647,72.463,58.31,134.65,70.607,66.989,71.371,153.74,41.171,40.355,60.063,61.238,97.341,53.576,56.541,59.082,67.3,65.635,58.354,99.403,63.171,60.239,38.248,69.078,95.915,59.862,91.619,74.357,76.819,72.448,78.401,5.288,80.092,70.362,66.915,100.315,25.773,115.394,64.057,66.755,93.649,98.383,65.885,83.92,68.629,66.787,96.599,65.506,61.293,91.479,65.712,70.377,67.903,115.23,79.56,56.089,44.16,60.929,60.446,63.119,72.465,53.327,52.577,77.351,50.94,63.664,51.424,47.654,138.542,101.397,66.973,71.008,64.442,89.761,17.733,33.679,80.182,97.856,67.663,57.981,35.712,49.094,49.599,1.015,57.172,154.394,39.615,78.002,8.452,103.766,33.742,60.478
1999-01-01,50.266,69.56,60.662,71.65,42.973,62.282,94.545,40.938,85.584,40.227,102.055,274.092,86.274,90.125,41.81,61.649,72.075,74.693,84.171,71.503,73.387,58.486,130.495,70.148,66.76,68.54,162.901,42.37,41.297,61.122,63.552,97.874,55.555,57.239,59.469,67.387,65.441,58.48,100.191,63.326,60.565,39.725,69.708,94.868,61.131,93.837,74.96,77.633,73.132,78.41,6.203,83.01,69.176,67.323,99.865,30.675,117.472,63.544,68.439,93.69,99.175,67.132,85.297,65.419,71.404,100.766,65.63,60.633,91.812,56.634,70.126,69.163,115.449,78.726,57.704,46.01,62.898,61.609,64.296,73.261,53.422,52.499,78.049,51.667,64.318,53.533,47.816,135.466,103.475,67.594,70.528,64.993,93.175,18.529,34.273,80.497,98.378,68.279,58.729,37.084,49.456,50.596,1.081,56.86,151.19,41.013,79.099,8.942,105.135,34.259,63.197
1999-04-01,49.658,69.175,61.752,72.698,43.75,62.819,94.687,42.652,86.022,42.151,102.457,275.189,87.892,92.276,42.162,65.725,74.815,76.515,85.047,72.241,74.06,58.713,128.544,70.763,67.162,66.438,168.729,43.374,42.235,63.256,63.995,99.923,57.091,58.59,59.785,68.208,65.239,58.712,100.808,63.44,60.805,41.227,70.453,93.907,61.26,95.662,75.554,78.387,73.815,78.711,7.057,83.815,67.973,67.613,99.398,31.799,118.299,63.88,68.744,95.522,99.96,68.331,86.744,70.075,72.215,104.718,66.342,59.983,92.041,63.957,73.694,69.819,115.38,78.11,58.635,46.628,65.032,61.974,64.903,74.152,53.765,52.841,78.893,51.735,65.303,54.401,48.137,134.925,103.572,67.601,71.156,66.022,95.189,19.412,34.689,80.762,99.256,69.004,59.111,38.483,51.444,52.637,1.184,56.798,148.871,40.863,80.01,9.47,105.993,35.061,63.686
1999-07-01,50.485,72.127,62.389,73.898,43.135,63.237,95.992,44.184,86.668,43.161,102.897,265.723,91.679,95.289,42.497,68.821,77.291,78.311,86.672,72.893,74.716,58.851,121.492,70.914,67.432,67.439,159.675,44.806,43.724,65.759,64.352,98.553,59.613,59.281,60.232,68.5,65.139,59.188,101.287,63.885,61.297,42.498,71.231,93.982,61.59,98.065,76.12,79.188,74.485,79.398,8.115,86.343,73.282,68.109,100.263,34.018,117.747,64.816,69.157,94.577,100.785,69.412,88.192,70.285,76.335,105.214,67.201,59.606,92.202,63.089,74.435,70.14,114.678,78.278,59.31,48.028,67.133,62.249,65.8,74.289,54.268,53.209,79.971,51.961,66.037,54.206,48.686,133.398,103.443,69.749,71.307,67.445,97.859,20.36,35.725,80.955,99.885,69.758,59.622,40.093,51.867,54.361,1.286,58.075,147.13,40.905,81.733,10.096,106.614,36.221,64.129
1999-10-01,51.179,73.206,64.063,74.61,43.68,63.4,96.445,45.155,87.475,43.678,103.82,285.316,86.532,90.021,43.055,74.49,81.323,81.099,88.598,74.053,75.781,59.028,114.21,72.689,69.019,68.755,151.004,46.216,45.264,67.682,64.396,98.85,62.437,60.299,60.866,69.718,65.102,59.749,102.635,64.407,61.91,42.7,72.17,94.809,62.778,94.193,76.66,79.163,75.144,80.186,9.507,90.826,70.418,68.77,101.417,35.383,120.743,64.607,68.946,95.371,101.592,70.187,89.004,68.208,81.368,99.979,68.147,59.462,92.245,54.96,75.897,71.57,114.637,78.282,59.974,50.495,67.898,64.754,67.189,75.915,54.86,53.442,81.238,53.612,67.003,58.63,49.443,133.665,103.513,70.902,73.135,68.199,100.589,21.29,37.513,81.073,100.331,70.677,60.299,42.142,53.06,55.089,1.366,60.835,146.016,42.02,82.681,10.631,106.939,37.766,64.266
2000-01-01,51.764,75.044,64.593,75.403,43.311,64.433,98.358,46.56,88.386,46.115,104.903,269.143,86.772,88.946,44.525,83.006,86.961,85.398,90.57,73.356,74.853,59.233,111.869,73.931,70.146,71.625,137.013,47.378,46.395,67.315,65.464,95.095,63.687,61.203,61.385,70.463,65.071,60.097,103.747,64.427,61.975,43.994,73.219,97.974,62.791,93.401,77.204,79.533,75.817,82.33,10.718,90.153,71.714,68.795,106.691,37.213,121.078,64.199,69.374,92.252,102.336,70.61,89.918,74.0,86.162,95.023,69.795,59.493,92.173,63.746,80.758,70.942,114.647,78.047,60.869,50.753,68.963,64.001,67.156,77.385,55.519,53.598,82.563,53.666,68.016,55.817,50.347,135.023,103.767,72.46,74.41,68.138,101.143,22.611,37.969,81.16,100.792,71.752,60.92,44.083,58.94,56.474,1.462,61.533,145.537,43.125,83.85,11.316,107.06,39.667,65.919
2000-04-01,53.241,77.02,65.798,76.059,44.751,65.829,99.787,48.599,89.337,45.263,105.872,283.44,92.39,94.299,44.757,82.47,86.819,85.574,90.916,74.48,75.963,59.469,106.204,74.359,70.762,76.576,145.149,48.289,47.589,67.612,67.111,96.718,64.521,61.522,61.972,71.291,64.951,60.891,104.924,65.216,62.761,44.764,74.094,98.247,62.318,97.418,77.83,80.594,76.565,83.016,11.918,93.199,73.687,69.554,107.224,38.762,123.321,65.009,70.322,93.486,103.048,69.697,90.493,68.682,91.832,99.657,70.801,59.587,92.248,55.071,76.828,72.35,114.348,78.853,61.237,52.376,69.337,65.558,67.451,78.974,56.311,54.211,83.487,54.56,68.651,60.243,51.204,133.93,103.695,74.13,74.845,68.72,104.968,22.901,37.679,81.352,101.402,72.592,61.656,44.666,54.274,58.844,1.514,62.686,145.069,42.672,84.843,11.693,107.081,41.645,68.029
2000-07-01,53.916,78.3,67.025,76.427,46.11,66.548,102.201,49.772,90.334,46.032,107.01,270.946,91.143,95.345,46.493,84.111,87.306,86.005,90.093,74.619,75.895,59.67,106.05,74.512,71.008,78.888,141.884,48.93,48.096,68.253,67.718,96.928,66.221,62.165,62.66,71.909,64.735,61.305,106.153,65.401,63.068,45.367,74.684,97.893,61.818,98.264,78.525,81.315,77.374,83.369,12.605,95.97,73.041,69.687,106.148,39.366,123.317,64.587,70.667,93.912,103.76,70.103,90.763,69.912,94.239,107.398,71.839,59.75,92.544,56.62,77.991,72.828,113.691,78.347,62.429,52.675,69.052,66.255,67.451,80.334,56.943,54.483,83.913,55.149,69.309,61.655,51.98,132.186,104.531,75.254,74.995,68.822,104.995,23.463,38.613,81.654,101.901,73.25,62.166,46.073,54.116,60.249,1.599,60.912,144.551,42.872,85.431,12.095,107.256,43.62,68.702
2000-10-01,53.769,78.234,68.077,77.037,47.952,67.11,102.729,50.269,91.35,46.351,107.843,262.783,94.176,101.545,47.918,85.866,87.309,86.284,88.13,75.382,76.604,59.851,101.559,74.258,70.771,78.298,140.002,49.217,47.705,67.184,68.44,96.151,68.145,62.703,63.456,72.919,64.408,61.952,106.983,65.875,63.645,46.789,75.274,96.865,62.056,103.075,79.312,82.642,78.269,84.075,12.776,94.022,72.801,70.141,106.396,39.403,124.035,64.606,71.896,93.213,104.44,68.481,91.011,70.113,92.705,121.849,72.86,59.946,93.037,62.581,74.609,73.527,114.869,78.257,62.334,52.342,68.758,67.295,67.154,80.753,57.751,55.429,83.803,55.869,69.914,63.855,52.657,132.69,104.463,75.549,74.728,68.663,105.74,23.951,39.29,82.091,102.102,73.891,63.265,46.6,54.352,60.857,1.671,61.538,143.916,43.225,85.683,12.485,107.563,45.573,68.969
2001-01-01,52.623,77.862,68.297,77.863,47.259,66.034,102.556,50.446,92.36,47.113,108.491,263.088,93.621,98.567,48.205,83.281,84.827,84.606,85.781,75.151,76.292,60.09,95.691,75.14,71.293,79.841,144.817,49.953,48.642,68.405,67.324,96.396,68.918,62.85,64.161,74.979,63.9,62.845,107.945,66.926,64.818,46.869,75.592,95.942,62.363,100.883,80.154,83.087,79.208,83.644,12.228,91.461,74.063,71.048,104.005,39.943,120.523,64.806,71.181,93.161,104.991,66.512,90.896,72.061,91.069,112.29,72.946,60.076,93.625,60.454,80.213,73.09,115.364,78.637,61.407,51.63,67.842,66.85,66.549,81.169,58.487,56.315,83.247,55.376,70.168,63.009,53.246,128.324,105.458,75.915,75.63,69.211,104.801,24.307,39.471,82.633,102.046,74.208,64.626,47.375,53.805,61.523,1.711,60.577,143.633,43.931,85.725,12.823,107.801,47.375,67.554
2001-04-01,50.964,75.902,69.155,76.399,47.345,66.465,102.339,51.252,93.469,47.072,108.907,260.996,89.654,92.105,49.263,81.447,82.915,83.515,83.805,75.687,76.772,60.239,86.879,74.643,70.588,81.174,140.627,50.402,48.88,67.974,67.613,94.978,70.201,63.02,64.841,75.875,62.989,63.557,108.693,67.492,65.498,47.159,75.652,94.839,62.669,95.982,80.836,83.016,79.958,83.805,12.183,90.142,71.116,71.514,102.428,36.515,119.32,64.276,70.532,91.922,105.212,67.667,90.696,70.857,94.824,99.517,73.848,59.889,94.062,57.661,79.593,73.434,115.359,78.575,62.428,50.39,67.144,67.38,66.209,82.382,59.334,57.283,82.858,56.13,70.309,64.07,53.964,126.772,106.067,74.908,75.113,68.497,103.857,24.965,39.823,83.096,102.314,74.327,65.322,48.718,55.568,62.752,1.755,59.175,142.716,44.956,85.218,13.229,108.103,48.759,68.441
2001-07-01,48.406,70.734,68.734,76.868,47.899,66.386,100.045,51.494,94.722,47.612,108.377,260.73,86.74,92.276,50.149,77.838,80.681,82.242,83.099,75.465,76.588,60.477,84.009,74.713,70.195,73.365,138.813,50.887,49.427,67.866,67.708,96.538,71.097,63.469,65.726,75.113,61.65,64.495,108.9,68.411,66.648,47.76,75.712,93.24,62.557,96.211,81.187,83.362,80.344,84.022,12.108,89.319,65.61,72.375,101.237,35.418,117.045,63.136,69.96,93.684,105.077,66.721,89.793,71.702,93.371,107.679,74.701,59.367,94.307,61.587,78.679,73.772,114.331,78.25,61.643,50.048,65.361,68.134,65.917,82.534,60.283,58.191,82.802,56.187,70.554,66.933,54.868,124.259,106.921,71.31,75.178,68.115,104.063,25.491,39.85,83.316,102.998,74.436,66.194,48.821,54.882,63.229,1.88,58.667,141.675,44.328,83.35,13.784,108.396,49.579,68.886
2001-10-01,46.947,66.224,68.749,76.727,48.746,67.532,99.902,51.066,96.1,51.58,107.717,263.841,87.671,90.896,51.241,80.681,81.967,82.85,82.669,75.634,76.782,60.491,92.25,74.881,70.083,58.57,136.327,52.427,50.888,68.197,69.011,96.61,73.857,65.755,66.674,74.742,59.876,65.525,107.952,69.503,67.84,49.283,76.06,91.282,62.903,95.244,81.246,83.295,80.404,83.581,12.394,90.643,46.999,73.227,97.459,37.627,115.775,63.134,70.537,93.921,104.552,67.862,88.836,82.535,96.242,99.528,75.561,58.378,94.334,57.521,101.98,74.395,114.078,78.802,62.156,51.607,63.932,68.999,64.934,83.492,61.246,58.82,83.062,57.474,71.692,68.572,55.946,119.528,106.501,68.301,75.351,68.07,104.864,26.718,40.56,83.34,104.04,74.829,66.379,50.759,57.198,62.651,2.022,61.007,140.506,44.949,81.692,14.626,108.663,49.812,70.698
2002-01-01,49.55,72.45,69.309,75.23,50.144,68.294,98.575,51.03,97.492,51.017,106.508,265.85,86.403,88.733,52.212,81.489,82.413,82.6,82.727,75.378,76.372,60.536,93.282,75.67,71.189,72.329,138.201,54.092,52.628,69.369,69.679,96.325,77.039,65.644,67.833,74.682,57.661,66.808,106.656,70.919,69.423,50.203,76.353,91.029,63.588,93.673,81.013,82.895,80.232,82.288,12.753,94.459,59.637,74.454,91.751,39.562,116.019,64.006,71.11,93.495,103.749,66.261,87.32,76.917,97.791,94.994,76.051,56.953,93.926,57.237,91.823,74.708,113.317,79.329,63.308,52.951,61.626,69.707,66.604,82.843,62.391,59.714,83.563,58.068,71.852,69.521,57.18,118.445,106.043,72.343,76.164,68.516,105.605,27.642,41.276,82.887,104.082,75.163,66.595,51.755,58.876,62.467,2.09,60.789,139.185,45.726,82.115,15.312,108.876,49.667,71.327
2002-04-01,50.871,72.566,70.021,74.692,50.254,68.314,97.403,51.491,98.381,51.337,105.845,256.465,93.154,95.642,53.74,82.789,82.892,82.612,82.309,75.536,76.421,60.667,103.778,75.994,71.688,69.096,145.962,54.556,52.836,70.339,69.91,97.241,78.106,65.827,68.963,73.507,56.134,67.781,106.102,71.792,70.463,51.123,76.763,91.513,63.481,98.977,80.811,83.398,80.162,81.599,13.457,95.423,58.834,75.356,88.988,39.619,116.171,64.001,71.851,93.988,103.258,66.615,86.338,76.645,99.479,102.619,76.5,56.659,92.75,64.437,86.084,74.759,112.87,79.303,62.473,53.926,60.09,69.507,66.442,82.764,63.453,60.48,84.033,58.036,72.215,68.752,58.434,119.678,105.886,72.099,76.493,68.622,106.028,28.037,42.059,82.228,103.767,75.639,67.009,52.091,57.025,62.742,2.209,63.661,136.993,46.186,81.407,15.796,109.231,49.993,71.26
2002-07-01,51.262,74.988,69.855,74.402,50.202,67.911,96.773,51.251,98.717,52.877,106.109,252.453,97.167,98.239,55.98,83.811,83.247,82.981,81.944,75.849,76.822,61.022,104.46,76.043,71.797,63.974,145.825,54.48,52.47,71.533,69.475,97.265,79.806,66.64,69.882,71.847,55.644,68.334,106.614,71.967,70.616,50.748,76.953,91.687,63.864,101.005,80.824,83.67,80.333,81.982,13.884,95.433,59.751,75.59,88.987,39.769,115.969,63.99,71.617,94.02,103.277,67.121,85.617,81.595,99.323,101.033,77.511,56.642,91.969,63.992,95.882,74.884,113.282,79.595,62.197,54.384,58.479,69.729,65.794,82.064,64.375,61.218,84.506,57.825,72.72,69.436,59.551,112.765,106.327,73.171,76.533,68.797,106.036,28.395,42.739,81.679,103.768,75.947,67.349,52.424,57.317,62.461,2.277,65.265,134.161,46.206,81.306,16.112,109.499,51.019,70.652
2002-10-01,51.327,76.78,70.195,74.467,50.961,70.033,95.166,51.252,98.455,52.394,105.267,252.806,97.569,101.029,57.361,83.102,83.458,83.226,83.119,76.509,77.541,61.657,105.74,75.973,71.752,69.565,149.666,55.412,53.228,72.478,71.788,96.765,82.518,66.905,70.234,70.831,56.191,68.728,106.332,71.933,70.395,51.125,77.384,91.696,65.411,103.149,81.033,84.128,80.728,82.275,14.95,98.244,59.727,75.431,87.744,40.106,116.774,64.976,74.133,93.263,103.784,66.72,85.339,77.635,98.078,110.964,78.776,57.036,91.568,57.915,92.68,75.781,111.386,80.573,63.571,55.483,57.212,70.512,66.718,83.013,65.19,61.853,84.893,58.339,73.125,70.471,60.647,112.105,107.366,74.048,76.441,69.538,106.871,28.984,43.599,81.222,104.055,76.433,68.062,53.519,56.662,61.97,2.447,65.75,130.727,47.087,81.419,16.649,109.663,52.72,73.044
2003-01-01,52.485,78.389,69.986,74.335,52.181,69.788,94.325,51.671,97.509,52.443,105.312,246.269,96.553,99.054,57.704,82.466,82.722,82.808,82.274,77.112,78.301,62.581,95.087,76.517,72.4,67.925,136.413,55.221,53.053,71.969,71.523,95.811,81.877,67.274,70.438,70.776,57.526,69.123,106.89,72.227,70.5,50.931,77.733,92.604,66.828,101.782,81.389,84.268,81.287,82.335,15.9,99.629,55.095,75.574,84.94,40.788,115.444,65.024,73.343,93.073,104.628,66.972,85.537,77.085,96.639,106.163,80.27,57.355,91.316,59.467,90.449,76.394,110.654,81.904,63.409,55.617,56.563,71.876,66.695,84.306,65.684,62.346,85.474,59.69,73.485,72.686,61.381,113.8,109.595,75.116,76.972,69.387,107.714,29.475,43.494,80.847,104.482,76.781,68.372,52.724,58.641,62.042,2.673,63.872,134.361,47.378,81.903,17.073,110.152,54.671,72.907
2003-04-01,53.857,75.109,69.13,74.438,55.042,71.65,94.255,52.253,96.899,54.824,105.56,250.274,95.211,98.537,59.02,83.391,82.594,83.005,81.074,77.003,78.337,63.28,88.366,78.017,73.877,59.59,139.404,57.653,55.715,74.788,73.318,96.073,84.954,68.74,70.799,70.726,58.598,69.442,107.45,72.142,70.219,53.128,78.135,92.742,67.726,101.301,81.759,84.53,81.825,83.016,16.254,102.701,50.605,75.488,86.383,43.51,115.641,65.465,74.898,93.157,105.334,69.089,85.594,80.297,92.948,107.654,80.764,58.061,91.507,59.454,96.082,77.006,110.173,82.9,65.551,58.311,55.769,72.608,67.221,84.614,66.409,63.002,86.142,61.119,74.326,73.128,62.37,115.514,110.93,73.083,78.497,70.379,110.146,30.98,44.279,80.626,104.737,77.232,69.032,54.468,62.02,62.639,3.079,67.41,134.725,48.169,81.249,18.166,109.777,56.353,74.711
2003-07-01,55.976,80.459,70.105,75.273,56.992,73.221,94.009,52.691,96.93,57.25,105.239,249.76,93.135,96.184,59.463,84.256,82.61,83.107,80.238,78.179,79.551,63.634,85.02,79.138,75.168,67.162,151.748,60.018,57.914,77.396,74.795,97.446,87.77,70.673,71.01,70.895,59.258,69.927,107.301,72.239,70.309,55.957,78.65,93.179,69.184,99.28,82.263,84.703,82.448,83.248,16.729,106.429,57.357,75.596,89.396,46.342,116.884,66.248,76.086,93.836,105.937,71.467,86.12,82.788,97.163,104.542,79.392,59.394,92.417,60.429,99.58,78.428,109.168,83.036,67.509,61.068,56.166,74.143,68.322,84.849,67.287,63.765,87.076,63.429,75.377,75.03,63.453,117.902,110.684,76.565,79.644,71.688,111.378,33.052,45.387,80.72,104.889,77.743,69.714,56.428,67.612,62.936,3.494,70.876,134.05,50.324,82.78,19.653,108.817,57.977,76.302
2003-10-01,55.982,81.763,70.282,76.504,58.544,73.389,92.658,52.546,97.488,58.077,104.771,241.478,95.653,98.094,59.336,84.11,82.636,82.971,80.43,78.038,79.352,64.053,82.482,80.148,76.006,68.986,157.373,61.23,59.662,79.684,74.92,98.631,87.174,71.308,71.14,71.362,59.425,70.421,107.246,72.401,70.561,57.077,79.128,93.82,70.535,100.644,82.842,85.388,83.098,82.872,17.335,111.246,60.29,75.849,93.415,49.852,117.609,67.069,75.02,94.763,106.3,72.064,86.469,81.846,102.504,104.929,76.174,61.294,93.944,59.86,98.014,78.878,108.254,82.694,67.849,63.0,56.477,75.075,69.308,84.67,68.12,64.226,88.153,64.263,75.896,76.679,64.553,121.348,110.05,77.594,80.673,73.014,108.814,34.42,46.161,81.074,104.8,78.19,70.417,57.728,72.032,62.281,3.824,70.784,131.356,50.726,83.36,20.669,108.455,59.469,76.967
2004-01-01,57.675,83.832,70.614,77.663,60.845,75.232,91.752,53.284,98.276,59.092,104.137,242.081,97.163,98.946,60.063,85.874,84.752,84.359,82.878,78.807,80.195,64.483,95.453,80.605,76.677,70.136,145.392,62.422,60.678,83.22,76.805,98.097,89.102,72.112,71.564,73.448,59.145,70.781,106.701,72.581,70.855,58.911,79.771,94.713,71.079,101.181,83.383,85.931,83.67,83.167,18.08,112.973,60.322,76.14,97.417,51.235,120.067,67.359,76.53,94.929,106.269,72.938,86.632,82.388,102.945,104.18,74.355,62.68,95.211,60.127,98.641,79.483,107.626,82.249,69.535,64.569,56.885,75.227,69.612,85.01,68.667,64.895,89.111,65.05,76.604,75.54,64.977,121.682,108.598,79.638,81.131,74.374,111.189,35.402,46.173,81.551,104.456,78.837,70.781,58.793,71.345,62.964,4.002,73.531,134.444,51.009,84.167,21.604,108.013,60.664,79.028
2004-04-01,58.238,84.297,71.088,78.437,61.294,74.345,90.198,54.486,99.037,59.246,103.162,238.05,97.047,99.301,59.817,84.361,84.83,84.852,84.565,78.873,80.186,65.087,93.428,80.891,77.011,71.529,141.252,63.436,61.754,80.969,75.89,98.147,88.882,72.361,72.102,74.107,58.874,71.625,105.774,73.47,71.769,60.254,80.331,95.439,71.291,101.199,83.76,86.26,84.069,84.272,18.696,111.368,60.407,77.024,100.387,51.64,119.598,68.289,75.641,95.238,106.477,73.4,87.241,80.726,103.636,105.709,74.556,63.615,96.487,61.726,94.325,79.802,107.148,82.998,68.754,64.26,58.006,76.403,70.648,85.916,69.463,65.343,90.08,65.718,77.022,77.471,65.985,120.272,110.069,80.185,81.406,74.442,110.603,36.373,46.572,81.881,104.196,79.355,71.15,59.785,71.887,64.459,4.291,72.838,138.509,52.66,84.753,22.535,106.986,61.558,77.925
2004-07-01,59.651,83.764,71.319,78.083,61.641,75.106,89.613,55.406,99.53,60.775,102.413,235.743,94.572,97.595,60.151,84.723,85.978,86.044,86.496,79.494,80.876,65.845,99.497,81.486,77.75,71.153,140.971,64.866,63.724,81.571,76.738,97.367,89.471,73.375,73.143,74.555,58.708,72.717,104.961,74.737,72.962,61.135,81.192,95.831,72.213,99.886,84.826,87.01,85.182,85.52,19.025,113.63,59.044,78.368,102.159,51.503,119.311,69.119,76.259,94.431,106.873,74.516,87.849,83.094,105.872,105.824,75.45,64.486,98.145,63.89,97.102,80.374,106.455,84.676,69.173,64.888,58.876,77.196,71.355,86.733,70.371,66.077,90.872,66.819,77.927,78.459,67.064,121.896,110.732,80.026,81.996,74.905,111.462,37.505,47.724,82.838,104.094,80.19,72.359,60.228,73.046,65.562,4.488,72.67,136.619,52.91,85.098,23.597,106.878,62.016,78.977
2004-10-01,60.219,83.316,71.578,78.363,63.261,76.61,90.065,55.868,99.726,61.924,102.524,230.267,99.138,99.802,59.164,87.664,88.495,88.156,88.558,80.342,81.831,67.007,101.423,82.316,78.534,67.904,130.174,65.627,64.515,82.093,78.458,97.639,89.932,74.357,73.673,75.871,58.635,73.591,105.289,75.869,74.129,62.735,82.105,96.171,72.609,101.422,86.1,88.319,86.518,87.018,19.445,117.147,58.697,79.551,103.564,52.387,118.085,69.031,78.329,95.402,107.371,76.3,88.485,84.707,102.221,102.557,76.864,65.277,100.17,66.617,97.895,81.193,105.381,85.618,69.841,66.068,59.677,77.818,72.001,86.487,70.973,66.177,91.498,67.496,78.808,79.032,68.044,124.678,110.882,80.2,82.816,75.145,109.748,38.43,48.702,83.962,104.133,81.007,71.521,60.02,73.885,65.907,4.545,73.561,138.676,52.43,85.575,24.677,106.319,62.013,80.499
2005-01-01,61.949,80.865,71.87,77.673,65.837,77.647,90.11,56.279,99.599,62.219,102.896,229.44,98.014,99.59,57.392,86.942,88.629,88.9,89.539,81.578,83.24,68.493,103.604,82.697,79.152,75.631,132.208,66.52,65.647,83.681,79.521,98.5,91.565,74.926,73.339,75.413,58.627,73.752,105.977,75.784,74.223,62.718,82.682,95.913,73.089,100.964,87.182,89.191,87.667,88.657,19.517,119.699,63.772,79.84,104.701,55.8,118.949,70.175,78.256,96.175,107.909,77.131,89.073,81.516,103.304,104.367,78.645,65.857,102.299,65.017,92.685,81.957,104.983,84.528,70.79,68.137,60.314,77.976,73.028,87.33,71.388,66.825,91.968,69.42,79.309,78.302,68.408,123.603,112.212,78.494,83.161,75.94,111.007,40.216,50.072,84.861,104.229,81.464,72.388,62.413,75.757,66.521,4.789,76.072,133.868,52.622,85.378,26.193,105.078,61.54,82.061
2005-04-01,63.541,81.881,72.342,76.586,67.196,79.279,90.119,56.961,99.333,63.875,102.824,224.67,99.138,101.518,58.818,89.186,89.757,90.028,89.536,81.885,83.516,70.204,104.663,83.547,80.134,71.616,125.454,67.596,67.323,85.672,81.113,97.745,91.338,76.034,73.933,75.253,58.751,74.216,106.029,76.166,74.452,63.23,83.383,95.585,74.121,102.47,88.375,90.428,88.958,89.777,19.37,122.981,62.338,80.066,104.998,57.467,119.165,70.702,79.181,95.828,108.124,78.35,89.421,83.75,102.905,108.144,80.157,65.825,103.604,60.102,100.008,82.604,104.361,85.765,72.589,69.477,60.835,78.906,73.757,87.04,71.936,67.318,92.17,69.806,80.188,78.854,69.132,125.191,110.405,79.071,83.983,76.476,110.548,41.733,51.582,85.77,104.318,82.204,72.992,65.125,78.932,67.51,5.0,76.724,135.414,52.786,85.804,27.316,105.231,61.428,84.093
2005-07-01,66.38,82.257,73.009,76.439,69.304,79.064,89.513,57.441,98.978,65.125,102.99,224.316,106.592,104.188,59.501,91.852,91.154,91.313,89.671,82.595,84.228,72.174,114.445,83.684,80.744,69.911,115.789,68.846,69.302,84.373,81.017,96.675,92.626,76.758,74.829,76.127,59.029,75.094,106.666,77.306,75.638,62.83,84.006,95.279,74.809,104.77,88.807,91.122,89.496,90.89,19.213,119.868,61.144,81.049,107.497,58.604,120.027,71.634,78.901,95.334,107.997,78.134,89.637,85.986,103.437,100.33,81.037,65.093,103.889,61.115,103.662,82.912,103.707,86.649,71.923,69.839,61.513,79.533,74.295,86.83,72.536,68.022,92.239,70.125,80.853,79.233,69.839,127.934,108.158,79.614,84.061,76.513,112.0,42.446,52.01,85.85,104.396,82.83,72.971,63.657,76.179,68.151,5.375,78.951,137.628,52.712,86.132,28.564,106.287,61.681,83.83
2005-10-01,67.217,77.954,74.36,76.498,72.823,81.411,90.935,57.784,98.536,63.175,103.276,220.563,101.771,100.44,62.817,92.023,90.991,91.458,89.184,83.573,85.136,74.317,112.853,84.581,81.632,70.131,110.398,70.432,70.596,85.405,83.093,96.578,95.995,76.596,75.56,76.985,59.44,75.201,106.717,77.023,75.174,64.554,84.177,94.94,76.1,102.229,88.968,90.9,89.786,91.493,18.974,125.31,60.745,80.674,109.584,60.451,120.777,72.761,80.601,95.589,107.427,78.206,89.978,75.17,104.977,98.761,81.556,63.621,103.104,58.96,84.279,84.074,103.509,87.382,75.304,72.429,63.1,80.795,74.809,87.4,73.056,68.82,92.094,71.831,81.002,80.813,70.361,129.659,109.044,77.224,84.919,77.289,112.997,43.604,53.345,85.563,104.42,83.161,74.094,64.534,74.427,68.671,5.875,81.194,135.627,53.726,85.52,29.958,107.728,62.282,85.955
2006-01-01,68.448,76.744,75.476,76.277,73.08,81.893,91.347,59.03,98.155,65.684,103.583,218.877,94.754,94.274,65.004,95.587,92.76,92.279,89.215,83.933,85.351,76.655,124.193,85.885,82.925,73.112,104.926,72.343,72.462,88.681,83.643,96.321,98.843,78.181,76.306,78.092,59.989,75.555,107.092,77.558,75.702,65.849,84.556,94.681,76.898,97.514,89.314,90.506,90.288,90.892,18.341,130.505,61.177,80.808,110.519,63.592,122.065,73.124,80.766,95.694,105.991,80.088,90.172,77.741,115.858,94.328,80.624,61.748,101.584,58.497,89.101,84.935,103.436,87.957,75.534,75.021,65.554,82.688,74.81,88.175,73.218,68.751,92.356,73.33,81.885,82.964,70.769,135.563,108.237,76.854,86.189,78.242,114.924,46.214,54.811,85.382,104.376,83.631,74.381,68.713,78.958,70.494,6.605,82.114,140.187,55.994,85.514,31.857,108.015,62.972,86.776
2006-04-01,68.805,77.477,75.968,77.576,73.811,81.32,91.43,60.227,97.954,65.711,103.889,214.542,100.588,99.53,67.038,97.058,92.906,91.913,88.112,84.744,86.214,78.581,136.083,85.29,82.499,76.596,114.453,71.475,72.128,87.419,82.868,96.593,97.747,78.295,77.038,79.202,60.769,76.046,107.635,78.038,76.378,64.432,85.082,94.88,76.474,101.734,89.689,91.452,90.79,89.751,19.292,127.287,61.048,80.99,110.036,64.336,119.861,73.75,80.674,95.334,104.831,78.087,90.105,77.961,105.525,98.469,78.907,61.234,101.111,60.628,88.56,85.108,103.123,87.335,75.718,74.831,67.022,82.566,76.393,89.593,73.718,68.891,92.875,74.188,82.31,83.772,71.627,137.389,110.472,77.717,85.514,78.634,115.058,46.675,54.586,85.329,104.327,84.233,74.339,66.818,77.312,71.671,7.292,82.257,137.55,53.22,85.776,32.954,108.592,63.704,85.396
2006-07-01,69.262,77.226,76.398,76.945,74.112,82.167,92.303,60.937,97.989,66.652,103.864,203.752,102.239,102.498,68.061,98.208,93.103,91.805,87.423,84.931,86.356,80.144,135.63,85.751,82.961,74.598,116.71,71.816,72.963,87.92,83.37,97.675,97.881,78.984,77.565,79.718,61.824,76.438,107.433,78.373,76.843,64.358,85.484,95.863,76.444,103.918,90.057,92.086,91.242,89.178,23.514,126.863,60.041,81.309,109.936,64.937,119.418,74.66,80.738,96.341,104.432,78.875,90.344,79.321,103.751,104.68,77.481,62.487,102.107,60.357,91.172,85.595,102.689,86.938,77.867,75.318,68.157,82.953,77.804,89.999,74.172,69.147,93.346,74.608,82.838,84.89,72.281,136.977,110.922,77.764,85.939,79.11,111.496,47.733,54.672,85.416,104.32,84.666,74.828,69.806,75.892,70.658,8.042,82.986,135.305,51.693,85.948,34.176,108.104,64.68,86.186
2006-10-01,70.59,79.567,77.355,78.868,76.526,83.027,93.315,62.978,98.3,67.592,104.811,199.046,98.3,96.953,67.735,99.474,94.771,92.82,89.452,86.12,87.586,80.901,138.346,87.102,84.311,74.81,115.888,71.656,73.145,91.924,84.227,97.937,98.529,80.091,77.951,80.758,63.14,77.073,108.247,79.212,77.849,62.797,86.139,97.39,77.181,99.544,90.424,91.772,91.651,89.187,30.356,127.197,62.249,81.992,110.345,67.435,119.342,75.451,81.553,96.681,104.747,79.328,90.883,79.284,105.878,95.162,76.319,65.517,104.557,61.988,89.864,86.785,104.036,86.837,78.739,76.735,69.0,84.643,79.623,91.009,74.586,69.798,93.746,75.069,83.629,87.471,72.563,137.254,112.602,79.628,87.31,81.133,111.09,49.842,55.78,85.649,104.325,85.273,75.381,71.158,79.111,70.612,8.783,84.927,141.282,51.192,86.951,36.218,107.64,65.824,86.874
2007-01-01,71.497,80.921,77.672,80.099,78.502,83.556,94.732,64.16,98.695,68.501,105.208,192.24,100.3,101.475,68.158,99.814,95.179,93.465,89.922,86.276,87.723,81.193,117.744,86.427,83.917,74.485,119.525,72.603,74.356,90.337,84.725,97.774,99.872,80.653,78.554,81.548,64.611,77.349,108.498,79.951,78.384,63.121,86.63,100.027,77.563,102.952,90.799,92.579,92.037,90.188,32.905,125.221,63.009,82.668,110.974,69.419,117.457,76.608,82.486,96.256,105.333,80.095,91.095,80.136,106.361,105.873,76.476,69.927,108.058,59.588,92.966,87.08,103.769,88.724,79.38,77.272,68.675,85.144,81.22,91.82,74.362,70.304,93.439,76.079,84.144,88.614,71.766,136.661,114.183,80.783,86.603,81.633,110.4,50.831,56.899,85.999,104.309,85.76,76.202,69.748,78.415,71.389,9.438,86.578,137.025,51.362,87.49,37.796,107.398,66.912,86.933
2007-04-01,71.549,79.39,77.827,81.096,79.578,83.502,96.172,64.939,98.889,69.22,105.601,187.24,99.623,101.355,67.257,100.987,95.45,93.862,89.337,85.836,87.181,81.114,105.944,86.782,84.218,73.882,115.187,72.164,74.786,90.086,84.425,96.565,97.327,80.842,78.62,80.531,65.788,77.758,108.71,80.371,78.792,61.78,86.926,101.831,77.558,102.691,91.342,93.004,92.615,90.773,35.168,128.151,63.418,83.131,110.79,70.268,114.996,77.078,81.352,95.262,105.449,80.592,91.482,80.238,109.051,107.046,76.526,73.838,110.775,62.779,90.832,86.896,103.597,89.214,80.257,79.481,69.444,85.533,81.215,91.691,74.759,71.302,93.04,76.669,84.365,89.445,71.827,139.06,110.854,79.498,86.972,81.991,109.921,52.209,57.578,86.452,104.266,85.998,77.136,70.287,80.285,71.58,10.212,90.076,134.844,49.991,87.297,39.228,106.695,67.52,86.955
2007-07-01,71.232,78.914,77.484,81.394,82.313,84.16,96.615,65.54,98.966,70.067,105.66,188.348,102.452,101.759,68.269,102.031,97.286,95.23,91.893,85.908,87.33,81.008,100.687,86.94,84.29,72.996,113.06,72.435,75.232,91.008,85.223,96.878,97.816,81.351,79.073,79.548,66.604,78.499,108.529,81.181,79.536,61.797,87.495,103.159,78.342,102.962,92.127,93.713,93.468,91.4,36.849,128.685,65.738,83.35,111.563,71.012,114.708,78.669,79.995,95.736,104.882,81.02,91.526,79.844,106.32,101.537,76.633,76.877,112.375,64.54,88.738,87.169,104.106,90.394,80.39,80.79,70.37,85.808,81.61,91.396,75.424,72.196,92.6,77.998,84.928,89.037,72.46,140.59,110.463,78.887,87.139,82.967,113.445,54.186,58.309,87.034,104.249,86.589,77.6,72.15,81.199,71.757,10.947,92.17,135.261,49.516,87.11,41.214,106.535,68.089,88.802
2007-10-01,73.215,79.838,77.221,82.277,81.417,83.835,97.065,66.353,99.016,70.591,105.646,185.887,99.27,97.424,71.783,102.984,96.977,95.209,90.406,86.261,87.795,80.433,98.918,87.589,85.178,72.104,108.996,72.302,75.259,91.703,84.973,96.607,97.803,81.511,79.914,79.863,67.031,78.864,108.48,81.186,79.454,61.399,87.768,104.307,78.457,99.68,93.144,94.109,94.591,91.831,38.676,127.738,69.433,83.099,112.43,71.64,116.321,78.396,79.833,95.724,103.571,80.234,90.736,80.325,110.15,94.193,76.765,79.008,112.806,64.145,90.16,87.098,103.687,90.883,79.784,80.823,70.348,85.493,81.767,91.198,76.176,72.699,92.101,77.989,85.263,87.983,73.5,142.209,112.175,79.6,87.827,83.277,113.583,55.287,58.645,87.74,104.22,87.021,78.0,73.201,79.92,72.157,11.692,91.429,133.838,48.856,86.844,42.595,106.678,68.652,88.584
2008-01-01,72.897,80.04,76.282,83.291,82.217,83.206,96.686,67.099,98.83,68.309,105.144,182.362,100.463,100.921,74.271,104.886,98.392,95.873,91.346,85.791,87.404,79.667,106.849,86.19,83.968,72.221,102.248,70.414,72.605,89.249,84.379,94.881,92.654,80.172,81.014,78.829,67.119,79.676,107.966,82.278,80.567,62.306,88.243,104.238,77.684,102.534,94.318,95.528,95.889,91.299,40.354,122.651,69.522,83.635,112.612,70.786,112.365,78.734,79.305,94.358,101.476,77.951,89.824,76.056,107.552,103.342,75.853,80.128,112.15,62.441,83.644,86.423,103.096,91.856,79.021,78.873,71.167,85.019,82.29,90.973,76.682,73.111,91.364,78.874,85.146,88.731,74.199,147.642,110.485,79.386,86.408,83.058,109.261,54.338,58.295,88.553,104.144,87.593,78.046,71.163,77.204,72.314,12.031,89.197,127.327,49.742,86.174,42.287,107.4,68.51,87.78
2008-04-01,75.085,77.488,76.007,84.718,84.38,85.029,97.155,67.886,98.634,67.823,104.948,183.623,99.092,98.909,77.651,107.218,100.422,96.752,93.064,85.572,87.195,79.135,104.855,86.298,84.445,68.965,94.664,70.204,71.984,89.567,86.23,93.409,92.493,80.052,81.713,80.338,67.274,79.899,107.565,82.057,80.256,62.341,88.526,103.292,77.807,101.074,95.15,96.02,96.771,90.392,42.172,118.091,69.266,83.257,113.032,70.645,111.777,78.748,80.561,93.374,99.15,77.353,88.791,73.193,104.184,99.772,74.359,79.953,111.085,63.487,77.559,86.556,102.905,92.139,80.744,78.038,72.036,85.514,82.868,90.712,77.385,73.606,90.651,79.671,85.38,89.317,75.211,145.498,111.231,78.246,86.536,83.555,107.042,55.73,59.062,89.264,104.048,88.025,78.341,72.468,74.676,72.857,12.883,88.787,128.458,51.342,85.102,44.428,107.774,68.558,89.962
2008-07-01,75.253,76.391,75.929,85.364,84.901,82.991,97.533,67.949,98.564,65.535,105.155,179.772,96.161,94.364,80.151,109.295,102.216,97.027,94.564,84.162,85.554,79.167,99.66,85.513,83.826,67.651,92.736,67.349,68.348,88.18,84.065,90.775,89.4,78.374,82.472,80.326,67.612,80.168,107.851,82.068,80.47,60.237,88.317,101.521,77.229,97.341,95.586,95.816,97.162,88.36,43.331,114.459,68.144,83.322,110.707,68.815,107.55,77.861,79.771,90.703,96.817,74.739,86.937,69.387,103.86,91.681,72.192,78.438,109.795,61.595,72.207,85.294,102.616,91.019,79.169,76.947,70.917,85.379,80.977,90.193,77.933,74.019,90.003,79.522,84.722,89.901,75.967,143.32,108.751,77.535,85.725,82.794,103.848,54.698,58.89,89.877,103.979,87.947,78.507,70.135,69.799,72.631,13.494,88.566,128.505,51.661,83.66,44.346,106.881,68.347,86.614
2008-10-01,74.107,73.795,74.435,84.71,82.169,80.173,95.472,66.606,98.66,60.711,104.561,171.033,100.129,100.239,83.846,111.064,104.54,97.309,97.404,82.968,84.41,79.385,103.392,84.493,82.786,71.614,106.022,63.853,64.644,87.514,81.391,93.464,85.539,75.985,83.175,77.067,68.111,80.387,107.627,82.11,80.559,57.092,88.284,99.854,75.22,102.01,95.618,96.556,97.055,85.667,43.359,103.178,65.886,82.848,107.358,65.228,100.858,77.454,76.943,92.576,94.394,71.269,83.912,61.231,93.696,101.961,69.444,75.536,108.241,59.028,59.138,84.48,102.329,90.801,75.823,73.278,67.071,84.231,78.57,90.081,78.345,74.667,89.403,78.291,83.96,90.262,76.292,142.506,105.852,74.795,84.666,82.042,97.775,51.476,57.215,90.39,103.901,88.09,78.747,64.514,58.139,70.774,14.316,87.591,124.659,48.995,80.741,43.212,107.443,67.859,84.04
2009-01-01,72.863,76.335,73.911,85.604,81.354,79.269,93.719,65.947,98.265,60.818,104.193,168.365,98.229,100.138,82.127,112.406,106.521,97.162,100.014,83.27,84.857,79.772,105.209,83.117,81.435,71.377,115.48,62.009,62.87,88.143,80.41,94.216,81.288,76.004,83.375,75.792,68.718,80.965,107.806,83.436,82.141,56.064,88.007,96.556,74.14,101.407,95.316,96.207,96.538,82.663,44.326,101.267,61.947,83.809,103.57,65.151,99.59,76.883,75.031,92.634,91.453,69.889,80.315,62.72,90.984,106.523,66.459,71.613,106.46,63.78,59.451,84.448,101.493,90.714,75.198,73.156,62.618,83.983,76.473,89.509,78.108,75.158,87.529,77.574,83.747,90.465,75.63,138.473,102.92,75.952,83.232,81.972,96.105,51.811,57.152,90.813,103.785,87.744,78.748,64.059,55.31,69.695,15.595,87.081,124.829,47.921,78.805,44.362,105.25,66.562,83.612
2009-04-01,74.119,78.285,73.519,85.853,79.407,77.857,91.798,64.971,96.164,60.376,103.832,166.112,95.062,98.748,80.146,113.351,107.242,96.676,100.489,83.8,85.553,79.745,101.167,82.16,80.846,70.181,112.861,60.821,61.466,86.712,79.015,93.671,81.228,75.515,83.89,74.994,69.258,81.86,107.926,84.74,83.345,54.644,87.712,94.012,73.708,100.208,95.174,95.908,96.204,80.65,44.735,103.17,65.947,85.286,98.721,65.609,97.642,76.332,74.321,92.284,88.756,68.965,77.92,63.196,91.331,110.294,65.621,68.607,104.819,64.046,60.497,83.942,101.12,92.574,73.721,73.613,60.709,82.856,74.814,87.781,78.556,76.145,85.018,76.932,83.335,90.65,76.257,134.793,102.163,76.879,82.245,81.262,95.941,50.794,57.003,91.323,103.654,87.369,79.523,64.125,52.117,68.351,15.926,86.289,113.281,47.042,77.531,43.456,104.665,66.142,81.858
2009-07-01,76.482,78.949,73.628,87.71,79.725,78.584,90.943,64.912,94.921,63.309,103.948,166.954,94.701,98.228,80.953,111.041,105.331,95.321,99.007,84.306,86.13,79.267,104.465,81.632,80.789,72.483,108.794,61.347,62.049,86.398,79.735,93.35,80.704,76.832,84.54,74.465,69.717,82.363,108.702,85.582,84.28,55.713,87.824,93.291,73.713,99.883,95.434,96.083,96.321,80.051,46.141,104.379,67.04,85.885,95.606,66.708,97.715,76.661,76.087,92.249,89.11,69.192,77.862,70.363,91.224,109.28,66.425,66.962,103.43,63.232,74.612,84.209,99.84,92.906,74.473,74.638,60.074,82.893,75.071,88.052,78.689,76.976,86.163,77.227,83.895,90.983,76.233,134.578,102.041,77.119,81.717,81.785,96.14,52.366,56.853,92.089,103.543,87.512,79.758,64.671,55.501,67.759,17.066,86.256,112.66,47.426,77.576,45.011,104.915,66.622,81.99
2009-10-01,75.818,78.921,74.625,89.599,80.512,79.01,93.118,65.495,95.03,61.816,104.519,162.33,99.883,101.58,84.303,107.835,102.304,94.0,96.171,84.814,86.553,77.731,97.215,81.638,80.687,73.628,108.717,61.792,62.597,83.178,80.344,93.504,80.137,76.42,84.809,73.857,70.084,81.968,109.197,85.164,83.645,56.605,87.751,92.444,74.639,102.445,96.042,96.974,96.833,80.989,47.525,103.979,69.958,85.016,94.843,67.157,97.124,78.214,76.625,92.424,89.31,68.519,78.374,63.795,90.966,106.969,68.834,66.698,102.281,59.996,64.256,84.478,98.837,93.682,74.248,74.888,61.006,82.909,76.465,87.358,78.32,76.749,84.631,78.393,83.803,90.126,75.68,132.829,99.593,76.929,81.772,82.147,93.253,53.428,58.046,93.06,103.437,87.595,79.695,65.3,54.717,68.161,17.602,86.9,110.547,47.625,77.852,46.73,105.142,67.989,82.621
2010-01-01,76.916,76.727,76.528,91.106,81.82,80.825,96.62,66.549,95.288,62.572,105.877,163.65,102.192,102.118,84.758,106.839,102.17,94.649,96.955,85.384,86.882,75.916,99.843,82.644,81.707,73.234,101.535,63.417,64.394,84.98,82.112,92.197,81.192,76.995,84.811,73.546,70.374,81.866,110.006,84.676,83.021,58.074,88.188,92.529,75.481,102.527,96.87,97.695,97.6,82.667,48.755,105.333,74.146,84.852,96.128,68.482,97.576,77.557,78.594,91.526,91.165,69.78,79.473,63.157,90.191,102.18,71.553,67.571,101.33,58.61,63.556,84.928,99.829,93.955,76.229,76.783,60.986,83.333,78.076,87.646,78.641,76.884,85.602,79.777,84.289,89.63,76.129,129.536,99.544,75.514,82.869,82.914,94.045,54.415,59.269,94.141,103.291,88.032,81.679,65.854,51.863,69.364,19.693,88.263,110.743,49.296,78.082,48.497,103.857,70.498,84.328
2010-04-01,78.157,76.57,76.9,92.367,81.569,82.011,96.115,67.08,95.38,64.544,105.874,161.983,101.16,100.541,85.729,106.731,102.381,95.486,97.5,84.995,86.354,74.99,104.768,83.608,82.715,73.106,99.227,64.941,65.915,86.047,83.401,93.34,80.128,78.045,85.55,72.191,70.824,82.592,110.688,85.787,84.132,60.905,88.766,92.497,76.751,101.491,97.621,98.184,98.277,84.339,50.346,102.477,73.767,85.507,96.756,70.218,98.102,78.983,79.347,92.921,89.161,72.522,78.771,66.907,91.697,98.972,74.466,68.43,100.587,60.086,69.082,85.394,97.754,95.067,77.052,76.867,62.188,84.067,78.637,87.758,78.94,77.943,88.255,81.14,85.045,90.152,75.998,130.205,98.19,74.92,83.894,84.109,92.067,55.717,60.976,95.187,103.127,88.628,80.33,66.684,53.54,69.481,20.74,88.997,108.13,51.414,77.417,50.018,104.356,69.485,86.139
2010-07-01,79.095,79.263,76.675,91.977,81.054,82.455,92.813,67.71,96.265,65.558,105.58,163.877,103.788,103.483,84.515,105.853,102.01,95.704,97.663,85.113,86.534,75.168,103.564,84.123,83.301,74.376,102.871,65.184,66.728,87.653,83.784,93.892,80.42,78.632,86.475,73.577,71.503,83.789,111.01,86.941,85.509,59.731,89.467,92.585,77.192,103.433,98.077,98.859,98.632,85.361,51.467,103.044,76.204,87.2,96.526,71.334,97.85,80.4,79.288,93.244,88.312,73.31,78.451,68.435,89.837,102.909,76.516,69.047,100.082,61.974,70.579,85.713,98.548,94.976,77.712,78.088,62.652,84.434,78.213,87.962,80.184,78.815,87.572,81.748,85.651,90.842,77.54,128.69,98.359,77.201,84.421,84.934,91.245,56.663,61.652,96.019,102.977,89.244,82.49,67.343,52.97,70.032,21.448,90.982,106.643,51.177,78.006,51.451,103.458,73.567,86.908
2010-10-01,79.389,80.395,77.139,91.211,82.836,84.557,96.915,67.898,95.981,67.393,106.132,163.415,104.031,105.621,83.148,106.029,103.133,96.748,99.782,85.74,87.193,76.462,97.22,84.426,83.602,73.612,99.644,66.264,67.574,86.943,85.971,93.434,80.823,79.725,86.43,73.816,72.413,83.918,110.99,87.459,85.925,61.448,89.757,93.076,78.279,104.778,98.305,99.251,98.731,86.28,52.731,104.701,77.255,87.63,97.11,74.215,98.389,80.679,81.708,92.982,90.795,74.844,79.974,71.581,93.204,110.962,77.973,69.417,99.816,62.429,75.967,86.351,97.198,96.066,79.511,79.395,62.738,84.921,77.91,87.677,79.883,79.122,88.007,83.323,86.176,90.586,76.862,126.525,98.012,77.958,84.692,84.633,90.242,57.906,62.659,96.698,102.838,89.459,81.316,69.043,54.929,69.937,21.586,92.257,106.023,53.121,79.26,52.565,102.615,72.26,89.005
2011-01-01,80.289,81.522,77.491,90.843,84.709,85.332,95.319,69.469,95.259,67.983,105.584,161.202,101.262,100.707,84.8,107.327,104.382,97.515,101.013,85.762,87.161,78.465,86.515,85.075,84.292,72.102,91.95,66.908,68.274,85.497,86.712,92.246,80.62,80.122,86.702,74.004,73.584,84.213,110.761,87.221,85.964,62.976,89.982,93.756,79.514,101.188,98.407,98.807,98.68,86.373,54.629,104.877,73.964,87.406,97.974,76.466,99.204,79.413,82.587,92.268,90.305,74.595,79.882,71.035,94.227,99.194,77.817,69.49,99.664,58.41,77.658,86.638,96.624,94.292,80.401,79.985,63.253,85.875,76.384,88.945,80.765,79.864,89.616,84.295,86.505,91.793,78.156,117.159,100.144,78.547,85.296,83.505,88.983,59.555,63.626,97.328,102.667,89.748,81.202,70.984,54.002,71.976,22.104,92.44,104.67,52.821,79.409,54.854,102.72,65.155,89.52
2011-04-01,81.9,85.264,77.494,90.781,84.79,85.876,96.317,70.264,94.736,67.503,105.277,154.446,102.452,100.031,87.662,107.3,104.107,97.623,100.484,85.589,86.958,80.168,82.034,85.519,84.928,73.576,85.153,67.324,68.6,85.35,87.068,90.699,79.943,79.827,87.47,75.907,75.342,84.271,110.041,87.199,85.892,63.387,90.162,94.828,80.21,100.517,98.479,98.769,98.573,87.007,56.846,106.768,78.746,87.423,99.426,77.587,98.202,81.047,82.88,91.112,93.364,74.473,81.458,67.67,96.302,92.592,78.479,69.225,99.269,53.759,74.211,86.455,96.414,94.546,81.608,80.796,62.59,86.007,76.383,88.56,80.913,80.233,87.938,85.193,86.594,91.221,78.304,114.622,99.594,81.652,85.699,84.069,86.173,60.839,64.083,98.012,102.502,90.047,83.062,72.746,53.885,72.423,22.732,92.598,106.433,54.968,81.537,56.584,102.079,68.573,89.948
2011-07-01,81.539,87.784,78.372,92.045,81.132,84.662,92.326,70.997,94.272,68.102,103.752,156.034,102.44,103.39,92.137,111.146,106.157,98.971,100.568,85.259,86.421,81.051,80.144,86.146,85.392,73.898,87.762,67.541,69.151,85.022,85.39,90.884,78.373,79.856,87.673,75.83,77.788,83.994,109.208,86.479,85.027,63.29,90.365,96.665,80.331,103.126,98.5,99.174,98.386,87.365,59.404,106.786,80.694,86.105,101.678,79.101,96.883,81.002,81.315,91.12,94.51,75.368,82.398,67.815,94.143,106.727,78.43,68.634,98.582,51.904,75.462,86.16,95.079,94.625,82.048,81.819,63.206,85.877,77.366,87.782,81.127,80.636,88.809,86.215,86.858,91.367,78.541,112.167,97.532,83.275,86.318,84.381,86.797,62.001,64.323,98.73,102.387,90.439,81.565,74.111,54.193,72.648,23.878,93.739,102.281,56.012,82.724,57.955,102.624,70.582,88.448
2011-10-01,82.429,86.368,78.771,90.394,79.404,85.015,94.469,69.834,94.751,69.734,103.608,145.507,97.275,99.972,89.61,111.501,105.739,98.433,99.3,85.145,86.219,81.091,80.085,86.281,85.652,75.62,83.245,68.555,70.131,85.631,85.419,90.438,79.958,80.433,88.071,76.646,80.915,84.777,108.286,87.509,86.282,64.092,90.39,96.633,80.378,100.427,98.487,98.766,98.139,86.67,59.536,103.379,79.101,87.537,101.969,79.421,96.823,78.675,81.238,90.967,94.864,76.162,82.73,71.164,95.592,109.067,77.445,67.696,97.575,51.04,82.365,86.14,95.303,94.407,83.576,81.001,63.494,85.995,77.714,87.935,81.634,81.702,87.817,85.779,87.008,92.053,78.708,108.632,96.777,82.554,86.456,83.307,79.759,63.314,64.948,99.498,102.301,90.352,82.871,74.98,55.474,71.138,26.076,92.375,100.355,56.969,82.676,59.978,101.811,66.449,88.76
2012-01-01,83.477,85.229,79.895,92.634,77.026,86.067,94.195,69.961,95.688,71.439,102.757,145.658,94.011,91.652,92.061,117.584,107.796,98.841,97.073,85.702,86.68,80.479,80.446,86.922,86.359,77.805,67.366,69.666,71.896,86.654,86.218,89.845,79.722,81.452,89.921,75.744,84.437,85.949,107.13,88.767,87.664,63.777,90.706,97.607,81.667,94.446,98.477,97.886,97.882,84.799,62.147,104.908,80.994,89.174,101.266,80.817,95.119,79.174,82.202,91.486,92.188,76.381,81.747,73.506,102.264,83.505,74.869,66.507,96.311,52.153,86.127,86.769,94.982,94.968,85.556,82.694,65.099,87.098,79.073,88.578,82.708,83.015,87.104,87.064,87.635,92.974,79.66,105.775,100.329,81.557,87.137,84.468,78.736,64.777,66.505,100.31,102.203,90.762,84.428,76.837,58.988,70.489,27.758,93.959,101.948,58.797,81.691,60.983,101.913,67.578,89.857
2012-04-01,85.36,84.968,80.792,93.918,74.801,84.516,88.79,70.196,94.974,71.574,101.061,146.843,101.484,99.962,96.486,113.288,105.962,97.003,97.847,86.195,87.103,79.789,82.632,87.126,86.84,77.983,78.05,68.98,71.236,85.923,84.877,90.513,78.681,81.438,89.801,77.339,87.092,85.675,106.163,87.925,86.684,62.867,90.762,97.517,82.281,100.283,98.527,98.776,97.739,82.977,64.174,105.618,82.223,87.461,99.252,80.319,92.767,81.954,81.809,91.421,95.808,76.222,84.48,73.395,101.092,94.871,72.822,65.68,95.296,52.359,85.808,86.67,94.791,94.902,83.232,83.267,66.436,86.652,80.198,87.574,83.069,83.296,91.304,86.782,87.789,92.229,80.29,101.728,96.36,82.056,87.371,85.759,78.369,65.626,67.01,101.006,102.096,91.009,82.05,76.908,57.631,70.296,30.21,92.338,100.155,58.781,83.604,62.639,101.375,73.219,88.046
2012-07-01,86.231,84.458,79.89,94.663,74.93,85.795,89.704,70.659,93.004,72.502,100.601,141.385,100.73,102.659,97.203,112.331,105.563,96.264,98.038,86.299,87.378,79.064,82.708,87.421,87.228,77.682,84.424,69.224,71.474,87.477,86.215,89.951,78.389,81.796,90.984,77.826,88.634,85.685,105.395,88.695,87.508,63.594,90.813,98.419,83.233,102.006,98.662,99.142,97.749,81.763,65.549,108.279,81.495,88.806,97.024,80.88,92.392,81.165,82.08,90.363,94.688,76.3,84.405,74.041,94.694,110.094,71.789,65.373,94.677,54.523,85.618,86.713,93.934,95.368,84.301,84.963,67.969,86.42,80.922,87.379,82.228,83.005,89.504,86.776,87.967,91.35,79.348,99.834,94.23,81.928,87.7,86.139,76.576,67.053,68.455,101.564,102.018,91.088,83.303,78.001,58.097,70.554,32.782,92.879,96.688,58.711,83.511,64.755,100.639,74.462,90.197
2012-10-01,87.404,85.266,80.462,96.504,76.437,85.109,88.741,71.026,91.572,74.146,100.014,137.195,99.017,98.112,100.725,111.306,104.831,95.575,97.626,86.496,87.511,78.602,84.294,88.042,87.939,75.288,76.789,70.164,72.575,86.561,85.6,88.995,78.629,82.378,91.165,77.032,89.033,86.094,104.755,88.245,87.039,64.052,90.889,101.481,83.89,98.73,98.876,98.852,97.908,81.13,67.625,109.481,83.996,87.831,95.006,81.643,93.918,83.913,82.097,89.884,93.245,76.507,84.439,76.598,97.102,95.389,71.553,65.581,94.444,56.117,89.498,86.715,93.999,95.031,83.367,85.827,70.297,86.956,79.707,87.114,83.602,84.225,90.475,87.182,88.318,92.075,81.403,98.41,95.798,82.277,88.357,87.243,76.48,68.546,68.829,101.977,101.95,91.313,83.306,79.145,58.852,70.381,34.483,92.839,97.257,60.469,83.661,66.627,100.529,78.526,88.917
2013-01-01,88.004,87.833,80.679,95.523,78.914,86.323,89.2,70.976,90.437,76.008,99.67,135.386,101.618,104.727,97.187,112.323,105.789,96.649,98.531,87.043,88.112,78.918,90.163,89.045,88.876,73.73,78.838,71.734,73.958,88.176,86.832,91.013,78.99,83.883,90.677,79.334,90.467,85.708,104.278,88.5,87.136,66.468,91.121,100.538,85.364,103.364,99.249,99.842,98.418,82.337,67.961,109.856,90.054,88.402,94.903,82.845,92.918,83.782,83.642,91.906,93.475,78.41,85.058,78.329,96.256,115.976,73.639,67.329,94.536,59.23,90.265,88.027,93.241,96.176,84.522,86.716,71.52,88.731,80.932,85.455,82.495,83.825,89.592,88.858,88.892,93.572,79.872,98.739,92.986,84.739,89.383,87.521,78.32,71.226,71.09,101.923,101.425,91.382,85.599,84.279,62.927,70.154,35.766,93.786,101.452,62.694,84.957,68.471,100.283,80.279,89.799
2013-04-01,87.489,91.864,80.473,95.495,80.715,86.808,91.324,73.159,92.705,76.379,100.014,128.894,99.125,101.099,97.358,110.605,105.049,96.695,98.897,87.132,88.246,79.707,97.841,87.92,87.85,73.427,82.17,72.683,74.356,88.119,87.217,92.111,79.382,84.065,91.417,80.136,92.996,86.472,103.962,89.124,88.054,68.556,91.42,101.62,84.455,100.76,99.525,99.699,98.831,83.518,69.452,106.099,89.037,89.34,95.641,82.391,91.742,83.224,82.562,92.848,94.103,79.886,86.452,78.7,96.283,108.358,75.215,69.928,94.823,58.671,90.909,88.106,94.135,95.136,85.368,85.723,74.111,88.173,80.521,86.579,83.415,84.438,88.925,88.575,89.146,93.721,80.695,97.66,96.101,87.382,88.194,87.244,78.297,71.772,71.463,101.769,100.859,91.675,84.503,81.31,65.844,72.797,36.904,94.057,96.22,64.912,86.809,69.397,100.242,72.54,90.925
2013-07-01,87.962,92.725,81.872,95.62,82.756,86.735,89.921,74.759,92.806,77.076,99.947,125.645,96.735,96.034,97.518,108.44,103.497,96.196,98.04,88.065,89.097,80.546,104.066,88.258,88.211,73.858,79.009,74.423,75.65,88.95,86.86,92.381,82.48,84.75,91.479,80.645,95.854,86.749,103.612,89.521,88.423,70.616,91.611,102.162,85.623,97.09,99.678,99.294,99.018,84.57,70.924,103.695,89.88,89.37,94.808,83.936,92.63,85.284,83.158,93.369,95.007,81.678,87.649,78.304,97.04,94.057,77.158,72.819,95.287,57.69,90.24,88.783,96.769,95.693,86.301,85.978,75.768,89.082,81.194,87.452,83.557,85.18,90.583,88.984,89.509,94.959,80.477,97.246,96.051,88.128,88.515,88.344,79.281,73.159,72.283,101.814,100.536,91.865,86.193,81.598,69.154,74.565,39.53,94.421,96.591,66.897,87.841,70.626,100.033,73.534,89.674
2013-10-01,90.351,92.83,83.047,95.277,83.24,87.235,89.522,75.864,92.184,77.866,99.206,124.48,103.549,102.647,97.505,108.427,103.502,97.027,98.066,88.904,89.877,81.308,107.898,89.535,89.67,75.724,93.633,75.111,76.544,90.525,86.926,93.392,83.147,85.588,92.251,83.389,99.013,87.683,103.073,90.39,89.261,70.552,92.406,103.753,86.395,101.829,99.671,99.982,98.942,86.635,71.989,107.508,91.682,90.411,95.504,84.346,91.712,85.342,84.13,93.364,93.021,83.935,87.157,78.399,94.878,99.982,80.221,75.983,95.895,57.22,90.056,89.643,94.807,96.737,88.357,88.606,77.641,90.037,81.886,88.066,84.564,86.119,92.216,89.557,90.297,95.946,81.876,96.553,97.612,89.265,89.81,88.776,81.396,74.01,74.43,102.025,100.419,92.625,85.88,82.498,68.448,75.795,43.779,95.414,96.816,67.954,87.95,71.808,100.11,79.316,89.125
2014-01-01,91.229,95.15,83.894,96.491,82.778,87.508,90.496,78.317,91.838,79.17,98.865,123.071,107.016,108.488,96.481,105.514,101.131,96.473,96.304,89.543,90.481,82.065,105.664,89.499,89.784,78.458,97.58,75.808,77.257,88.793,87.094,92.709,82.107,86.231,90.935,84.384,102.194,87.034,102.393,89.443,88.168,71.981,92.616,105.61,86.542,106.003,99.5,100.454,98.621,88.86,74.143,109.702,90.714,88.994,96.402,83.827,91.358,88.442,85.156,92.323,95.987,83.565,89.589,80.108,96.7,114.047,83.464,79.273,96.574,58.555,92.615,89.93,94.287,96.621,89.002,89.794,79.221,90.414,83.084,88.975,84.255,85.63,92.654,89.172,90.622,97.019,81.684,98.018,94.231,91.14,89.747,89.917,81.063,75.367,75.157,102.333,100.44,92.782,86.477,82.618,71.855,78.42,48.218,93.633,95.633,69.029,90.178,73.08,100.063,81.885,88.842
2014-04-01,90.829,94.235,85.465,96.313,84.199,89.731,94.296,80.089,92.204,82.126,99.159,122.279,98.501,100.871,97.757,105.122,100.714,97.028,95.855,89.716,90.419,83.232,105.792,90.99,90.966,76.939,86.652,79.397,80.114,90.097,89.464,92.33,86.375,87.851,92.525,85.877,104.249,88.633,101.774,90.997,89.87,76.536,93.058,107.62,88.281,100.651,99.358,99.542,98.353,90.921,75.586,111.048,92.789,90.69,97.454,85.278,91.283,85.926,87.595,92.742,95.498,84.818,90.464,83.753,102.728,109.348,86.395,82.15,97.175,63.289,96.238,90.847,94.179,97.325,90.691,92.079,82.266,92.116,84.935,89.487,85.905,87.932,92.517,91.045,91.492,98.589,83.206,99.651,95.189,91.025,91.249,89.484,82.518,77.263,78.243,102.593,100.464,93.26,88.251,84.953,73.62,80.332,53.188,95.206,95.811,73.814,90.689,74.838,100.407,79.972,91.288
2014-07-01,91.78,93.388,86.515,97.523,86.56,90.478,94.3,81.517,93.391,83.55,98.989,121.05,95.228,96.607,97.912,106.23,101.877,98.274,97.076,90.252,90.867,84.475,110.546,92.102,92.052,76.639,84.652,80.863,81.943,91.194,90.697,92.857,86.305,88.844,93.636,88.646,104.944,90.238,101.467,92.582,91.504,77.794,93.945,108.011,89.478,97.485,99.232,98.966,98.149,92.296,77.81,110.729,93.718,92.13,97.823,85.157,92.249,88.153,88.503,93.464,96.377,84.875,92.087,84.799,97.997,101.831,88.434,84.511,97.684,66.793,95.978,91.615,94.36,98.633,89.705,93.401,85.087,93.221,86.2,90.909,87.531,89.186,93.846,91.164,92.397,99.547,85.158,99.367,99.345,91.551,92.357,91.052,85.339,79.178,80.151,102.719,100.485,94.116,90.682,87.264,75.819,81.559,58.506,96.085,97.301,75.404,91.904,76.617,99.999,85.9,92.581
2014-10-01,92.259,92.936,87.581,98.3,87.946,92.224,95.352,84.957,94.266,85.164,98.745,117.776,102.505,103.104,96.642,104.617,102.118,98.786,99.387,90.837,91.369,85.86,115.547,93.724,93.484,79.766,89.501,82.404,83.599,92.588,92.745,94.917,88.635,90.116,94.676,89.799,104.218,91.848,100.751,94.529,93.647,79.189,95.002,108.65,90.808,101.965,99.16,99.561,98.046,93.236,80.104,111.597,94.816,93.973,99.122,87.189,92.182,89.676,90.842,95.325,95.987,86.571,91.986,86.48,94.519,105.728,89.35,86.321,98.069,71.751,95.548,92.707,94.52,99.462,90.395,95.399,85.458,94.155,88.096,92.233,88.754,90.371,96.315,92.389,93.461,100.083,86.479,100.223,97.407,91.702,93.986,92.398,85.408,80.573,81.993,102.747,100.47,95.074,91.514,88.875,74.988,85.668,64.977,96.477,97.84,75.856,91.896,78.79,99.525,87.725,94.533
2015-01-01,94.034,92.946,89.492,99.871,89.228,92.871,95.146,84.113,93.288,86.792,98.741,112.876,106.039,108.823,94.691,104.102,103.258,99.778,102.361,91.547,91.871,87.527,130.321,94.456,94.388,81.038,108.244,83.82,84.943,93.452,93.292,97.806,89.461,91.282,95.057,91.609,102.284,92.933,100.624,95.839,95.253,81.404,95.604,106.949,91.5,105.349,99.149,100.041,98.049,93.991,83.049,113.971,98.009,95.177,100.752,87.253,92.669,90.833,90.838,96.985,95.347,87.576,92.333,89.061,96.669,119.431,89.875,87.627,98.269,75.167,98.059,93.63,95.252,99.1,91.405,96.689,87.396,94.708,87.196,91.41,89.579,90.716,94.748,92.806,94.178,100.095,88.005,99.382,96.894,92.453,94.687,93.345,84.964,81.285,83.325,102.706,100.38,95.565,92.554,89.909,79.289,83.236,65.994,98.266,98.961,76.858,92.391,78.503,97.286,92.693,95.327
2015-04-01,95.951,92.459,90.569,101.865,89.362,93.846,97.482,86.279,93.974,88.542,99.168,110.169,100.441,100.958,95.094,103.722,104.299,100.496,104.972,91.962,92.176,89.049,131.28,95.574,95.638,84.981,93.071,85.622,86.483,94.213,94.23,97.865,90.811,92.258,95.15,91.91,100.497,93.64,100.616,96.051,95.455,83.936,96.093,106.112,91.763,99.721,99.198,99.266,98.12,94.194,87.332,116.287,100.627,95.164,100.074,89.746,92.321,91.318,91.749,98.235,96.465,90.687,93.957,91.695,98.95,103.108,90.47,88.902,98.255,78.346,100.198,94.195,95.256,99.369,92.517,98.309,89.839,95.417,88.017,92.754,90.852,92.01,96.12,93.842,94.827,100.707,89.396,99.674,99.709,92.45,95.792,94.312,84.54,81.885,85.099,102.697,100.295,96.05,92.415,94.231,79.966,84.636,70.466,97.274,99.315,79.155,93.422,78.111,97.022,101.03,96.382
2015-07-01,96.413,93.377,92.116,101.293,87.979,94.626,96.572,86.124,95.963,89.7,99.0,110.904,100.522,100.902,97.479,101.061,102.993,99.898,105.138,92.457,92.497,90.502,131.171,95.722,95.838,87.266,94.833,87.91,89.255,93.79,94.958,99.059,91.164,93.304,95.498,90.598,99.167,95.01,100.262,96.165,95.582,85.229,96.487,105.553,92.992,99.569,99.32,99.349,98.266,94.732,88.006,114.074,100.958,94.794,99.678,90.72,92.874,91.811,93.21,99.392,95.476,92.003,94.283,91.906,101.276,102.54,91.625,90.263,98.032,78.227,100.292,95.182,96.68,99.408,93.479,99.003,92.318,96.9,89.059,93.108,93.667,94.13,95.964,95.663,95.494,102.205,92.836,100.846,100.296,92.426,95.898,94.368,87.064,83.584,87.144,102.753,100.248,96.53,93.126,95.437,83.375,84.033,74.579,98.528,99.645,82.685,93.621,79.348,96.64,94.436,96.924
2015-10-01,95.008,95.051,92.514,104.375,88.534,94.978,97.65,87.811,96.216,90.279,99.2,110.124,97.142,96.321,99.927,102.814,103.407,99.978,104.1,92.735,92.754,91.809,131.322,96.773,96.482,91.488,87.014,89.54,90.763,96.019,94.993,98.88,93.028,93.741,96.473,90.35,98.267,95.052,100.243,96.377,95.865,86.359,96.757,104.388,93.606,96.336,99.503,99.051,98.475,94.275,92.608,112.976,101.239,95.247,94.247,92.488,94.121,94.074,92.646,99.739,96.418,92.75,95.402,90.968,106.235,93.2,93.238,91.682,97.565,80.79,96.653,95.543,96.77,99.223,94.93,99.685,93.73,97.51,91.189,93.51,93.513,94.83,95.399,95.879,95.883,102.882,92.051,102.55,97.23,93.371,96.94,96.81,88.071,85.272,87.866,102.864,100.206,96.895,93.389,95.911,87.374,84.46,77.543,99.225,100.346,85.488,94.677,80.678,96.472,93.848,97.267
2016-01-01,94.483,94.186,93.337,105.419,92.088,96.775,97.685,90.54,97.442,91.481,99.369,109.93,98.208,97.704,99.54,102.017,101.342,98.054,100.7,93.82,93.886,92.915,126.148,97.361,96.886,91.292,96.57,91.19,91.521,97.206,96.884,100.26,93.743,94.742,97.487,93.332,97.751,96.737,100.087,97.859,97.48,90.205,97.391,103.248,94.158,97.331,99.718,99.382,98.729,92.582,95.267,107.725,99.811,96.756,85.319,93.613,95.466,93.81,95.328,100.527,98.502,93.523,96.944,91.603,104.282,95.801,94.155,93.131,96.947,86.06,94.366,96.436,98.394,99.957,96.4,98.95,94.384,97.736,91.018,95.011,95.432,95.982,96.944,96.488,96.607,101.863,94.613,106.037,98.943,94.112,97.511,97.256,90.7,87.807,89.575,102.967,100.137,97.485,94.201,99.41,88.872,87.143,81.137,99.634,101.323,88.728,95.931,83.289,96.532,103.499,98.446
2016-04-01,95.637,95.157,95.214,104.038,95.596,96.725,101.923,90.905,97.676,92.257,100.339,108.733,102.128,101.933,98.188,100.392,99.75,96.828,99.121,95.572,95.62,93.985,120.419,97.274,97.005,93.404,100.994,92.282,92.984,96.52,96.627,100.03,94.564,95.566,98.64,93.655,97.547,98.1,100.162,99.526,99.162,90.862,97.781,103.423,95.979,100.331,99.844,99.912,98.952,91.949,94.934,104.927,99.942,98.801,79.517,94.786,96.526,93.625,95.245,99.964,98.143,93.853,96.935,91.809,101.707,101.249,95.48,94.641,96.83,83.838,96.039,97.285,99.286,101.538,97.062,97.939,94.943,98.34,91.03,95.447,96.446,96.539,95.529,97.124,97.086,101.179,96.098,104.173,98.151,94.505,97.385,96.668,95.899,89.983,92.842,102.781,100.081,97.799,95.074,99.904,88.713,87.966,81.607,98.628,100.871,88.998,96.065,86.456,96.754,90.398,97.608
2016-07-01,96.793,95.177,96.816,103.569,95.75,97.902,97.937,93.375,96.757,94.621,99.708,105.109,105.795,104.448,101.796,102.385,100.575,97.448,98.761,96.368,96.282,95.336,116.663,97.586,97.457,94.37,97.484,94.189,94.75,97.051,97.71,100.268,95.87,96.587,99.342,93.054,97.661,97.635,100.113,98.864,98.544,93.709,98.151,101.693,95.725,102.258,99.938,100.263,99.213,92.224,96.949,102.61,100.526,98.463,77.941,98.896,97.386,96.654,95.723,100.458,99.949,95.633,98.924,95.29,96.507,99.292,96.393,96.239,97.381,87.894,99.656,97.595,100.072,100.63,98.565,98.57,97.229,97.871,93.488,96.382,96.209,97.094,97.775,97.12,97.761,99.19,95.513,105.006,96.99,94.247,97.662,98.121,95.516,92.062,94.178,102.328,100.066,98.31,97.749,99.523,90.392,90.744,86.95,98.746,101.19,90.657,97.25,89.813,97.339,88.287,99.186
2016-10-01,95.301,96.439,97.203,103.085,96.696,97.328,97.991,95.094,97.271,96.106,99.895,100.927,101.114,100.038,101.98,101.173,99.854,97.714,98.532,97.57,97.624,96.864,114.625,98.449,97.93,90.911,96.7,95.059,94.868,97.345,97.384,99.211,97.193,97.202,100.242,94.77,98.066,98.806,100.155,99.81,99.66,95.248,98.614,100.344,96.725,99.507,99.962,99.901,99.476,94.128,98.858,103.062,98.985,99.619,83.141,97.035,96.707,99.104,96.546,99.384,100.332,98.507,99.73,97.643,95.616,95.958,97.104,97.893,98.578,94.225,99.431,97.756,100.988,100.636,97.136,98.474,98.729,97.661,95.836,96.749,97.643,98.086,96.595,97.033,98.265,98.385,97.444,104.91,99.576,95.739,98.502,99.274,95.001,93.649,95.09,101.565,100.058,98.761,97.301,99.69,90.605,92.499,87.927,98.948,101.573,93.604,98.301,92.57,98.303,92.334,97.986
2017-01-01,97.738,96.336,97.726,101.94,98.461,98.847,97.873,96.406,99.437,96.878,99.786,101.063,94.216,93.288,101.411,102.172,101.199,99.248,100.231,98.599,98.746,98.453,103.023,100.118,99.728,95.971,93.249,96.485,96.159,99.487,98.841,99.079,96.353,98.077,100.303,96.025,98.704,99.597,100.156,99.76,99.74,97.386,99.37,100.11,97.704,95.077,99.906,99.235,99.706,95.967,99.595,100.3,96.152,99.906,92.689,99.034,97.207,101.032,98.28,99.491,98.35,98.184,98.776,97.03,97.258,89.841,95.686,99.445,100.138,95.249,97.747,98.683,100.453,99.868,98.864,98.421,99.481,98.582,98.717,99.003,99.408,99.264,98.841,98.13,99.021,99.084,99.494,101.814,100.079,96.119,100.174,100.599,97.674,96.219,96.615,100.564,100.021,99.459,99.468,99.846,95.4,94.411,92.801,98.352,102.405,96.759,97.824,95.173,99.059,92.141,99.236
2017-04-01,98.829,97.989,99.542,101.175,100.516,99.579,99.143,100.784,99.626,98.112,100.045,102.492,101.743,101.226,100.804,100.175,100.245,99.724,100.317,99.385,99.357,99.807,100.382,99.545,99.43,96.449,100.98,97.951,97.6,99.671,99.865,100.623,98.249,99.118,99.378,98.286,99.483,99.19,100.274,98.95,98.991,98.973,99.642,99.607,99.058,100.869,99.933,100.064,99.939,98.827,100.837,97.923,100.711,98.864,100.358,99.465,98.373,100.79,100.0,100.598,98.693,98.786,98.94,97.12,98.645,99.339,97.348,100.335,100.825,97.478,96.417,99.625,100.143,98.722,98.595,98.671,99.346,99.571,100.224,99.7,99.469,99.503,100.366,99.307,99.512,100.474,99.41,99.694,100.428,98.128,99.536,100.534,102.589,99.358,98.537,99.91,99.992,99.693,100.176,98.271,100.634,100.838,99.173,98.321,99.149,97.734,98.65,98.941,100.06,99.471,99.704
2017-07-01,102.252,104.552,100.564,98.364,100.241,100.082,101.519,101.007,99.54,100.638,100.12,98.926,98.321,99.539,98.455,99.222,99.649,100.311,100.072,100.343,100.306,100.741,98.651,99.566,100.005,104.482,102.634,100.723,100.831,101.182,99.937,100.324,100.299,100.347,99.965,102.536,100.398,100.361,99.942,100.445,100.481,100.504,100.186,99.542,100.742,99.824,100.003,99.978,100.107,101.413,100.085,100.775,101.724,100.508,103.63,100.675,100.443,99.325,100.322,100.162,99.346,99.98,99.51,100.748,101.038,104.033,100.88,100.456,100.36,102.375,100.01,100.197,99.263,100.249,100.58,101.143,99.782,100.055,100.149,100.229,100.263,100.124,99.975,100.894,100.186,99.323,100.523,99.764,98.479,103.87,99.527,99.652,100.616,100.15,101.071,99.662,99.995,100.11,99.69,98.429,101.004,101.552,102.362,101.479,99.308,100.955,101.065,100.331,100.471,106.296,99.662
2017-10-01,101.181,101.123,102.168,98.521,100.781,101.492,101.465,101.803,101.398,104.372,100.05,97.518,105.72,105.948,99.33,98.431,98.907,100.718,99.379,101.673,101.59,101.0,97.944,100.771,100.837,103.097,103.136,104.841,105.411,99.66,101.356,99.974,105.1,102.458,100.355,103.153,101.415,100.852,99.627,100.845,100.788,103.136,100.801,100.741,102.496,104.23,100.158,100.722,100.248,103.793,99.482,101.001,101.413,100.722,103.323,100.826,103.977,98.853,101.398,99.749,103.612,103.05,102.775,105.102,103.058,106.787,106.085,99.764,98.677,104.897,105.825,101.496,100.141,101.161,101.96,101.766,101.391,101.792,100.91,101.068,100.861,101.109,100.818,101.669,101.281,101.119,100.573,98.729,101.014,101.882,100.763,99.215,99.121,104.274,103.777,99.865,99.992,100.737,100.666,103.455,102.962,103.199,105.663,101.848,99.138,104.552,102.461,105.556,100.41,102.092,101.398
2018-01-01,104.047,105.784,103.937,98.068,99.101,102.258,101.812,101.684,102.092,105.722,100.557,101.337,104.008,105.92,101.243,97.786,97.985,100.469,98.186,102.72,102.513,100.987,97.157,101.136,101.607,106.032,99.811,106.574,107.557,100.189,102.019,99.688,108.142,103.398,100.824,107.871,102.45,101.705,99.977,100.721,100.857,104.395,101.382,102.512,102.981,104.368,100.418,100.965,100.402,104.711,99.007,105.103,103.212,100.677,101.983,102.685,107.408,104.143,102.432,99.681,106.525,102.156,104.166,102.89,106.304,112.938,109.391,98.441,96.054,107.563,100.315,102.237,101.444,99.97,103.086,103.311,100.271,102.569,101.381,100.981,102.863,102.815,103.347,102.219,102.015,100.795,103.077,99.477,97.412,106.421,101.141,101.294,103.025,110.289,107.309,100.483,99.947,101.376,100.088,109.689,100.729,103.184,104.982,101.126,97.96,103.853,104.976,114.652,100.928,100.848,102.118
2018-04-01,102.785,108.815,103.857,98.998,94.469,101.314,103.646,103.682,100.191,106.332,100.938,95.112,107.709,108.017,103.726,96.329,96.913,100.36,97.487,102.578,102.36,100.946,99.633,102.169,102.267,105.936,98.405,106.047,107.709,101.246,100.894,100.031,106.424,103.644,102.8,112.312,103.331,102.187,99.937,101.811,102.297,101.256,101.986,104.152,102.773,105.745,100.68,101.38,100.556,106.281,100.676,105.731,100.08,102.47,101.42,103.419,105.19,102.828,101.13,100.15,101.881,101.843,101.35,103.441,109.534,109.132,113.085,97.608,94.644,107.085,101.739,102.306,101.864,99.138,102.772,105.229,100.47,103.131,103.231,103.515,102.626,103.67,107.691,103.664,102.561,101.832,102.532,98.948,98.941,110.037,102.21,101.514,100.157,111.286,107.527,101.108,99.911,102.062,102.662,108.631,101.899,105.578,109.125,105.15,97.805,105.33,104.444,116.614,100.728,107.169,101.548
2018-07-01,102.603,108.459,103.901,99.256,91.707,102.069,104.624,105.13,103.534,107.1,100.633,91.19,106.761,106.942,104.485,95.385,96.332,99.87,97.256,102.639,102.421,101.183,105.449,104.168,103.916,105.971,96.466,106.588,108.494,101.052,101.936,99.676,111.854,104.117,104.032,112.658,104.022,103.418,99.203,103.207,103.871,98.485,102.446,105.676,102.77,105.213,100.911,101.506,100.697,105.954,100.541,104.818,98.978,103.866,100.938,104.287,104.559,103.549,100.78,99.91,99.747,101.289,100.011,104.58,108.029,107.567,112.595,97.507,94.884,108.573,103.186,102.634,101.819,99.563,102.532,105.22,100.445,103.809,104.312,103.633,103.662,105.398,102.644,104.257,103.033,103.549,102.569,98.701,98.961,110.019,104.268,101.921,99.233,112.104,107.439,101.64,99.899,102.535,103.986,107.56,103.053,107.967,110.64,105.585,97.135,105.652,103.576,118.163,101.38,111.172,103.948
2018-10-01,105.57,109.202,104.497,99.637,90.806,102.086,104.367,106.521,102.812,107.277,100.068,91.264,107.857,111.239,109.679,95.436,96.079,99.355,96.699,103.37,103.177,101.374,105.03,103.07,103.48,109.191,95.793,105.938,107.914,101.824,101.424,99.448,113.428,104.652,103.629,109.753,104.485,102.755,98.46,101.66,102.396,96.365,102.448,106.757,102.409,108.227,101.105,102.084,100.821,104.986,100.509,105.059,96.706,101.471,100.752,110.001,105.019,101.594,98.457,99.713,99.655,100.992,100.256,104.575,104.929,123.852,110.168,98.115,96.762,105.995,104.817,103.341,101.598,97.627,104.359,106.831,101.249,105.107,104.316,104.873,104.046,106.016,104.905,105.457,103.355,105.93,103.065,100.78,96.926,109.354,103.127,101.463,98.903,112.517,109.537,102.074,99.875,102.761,105.013,107.987,102.44,110.012,117.706,104.77,95.679,105.159,103.498,119.106,101.64,107.943,104.642
2019-01-01,103.304,112.965,104.837,100.314,91.583,103.027,105.209,108.268,102.235,106.321,99.929,89.659,105.17,108.362,99.2,96.172,96.215,98.777,96.265,103.702,103.506,101.873,108.115,102.844,102.935,111.016,101.531,105.255,106.577,100.093,102.512,100.803,115.356,104.944,103.538,113.855,104.723,104.783,98.214,104.7,105.644,95.992,103.034,106.417,103.032,106.406,101.436,102.121,100.969,103.165,101.264,106.078,96.547,105.075,99.917,110.006,106.662,103.298,99.675,100.743,99.858,100.883,100.857,99.701,106.461,120.241,106.259,100.615,98.848,104.226,96.655,104.242,100.803,99.548,104.78,108.481,102.531,106.422,105.261,105.431,104.867,106.471,103.253,106.588,103.519,107.95,104.458,96.292,98.424,113.113,102.876,101.928,97.122,115.801,111.354,103.026,99.59,102.869,104.483,110.705,100.003,112.878,123.097,106.814,94.245,104.717,105.228,125.298,102.079,107.908,105.699
2019-04-01,101.05,115.518,106.813,100.066,93.237,104.62,106.002,108.064,104.74,109.417,100.087,94.141,101.306,103.595,101.154,95.845,95.687,97.573,95.543,105.309,105.048,102.038,114.401,104.471,103.93,114.078,94.284,107.949,110.278,99.713,104.33,99.833,115.788,106.756,104.034,117.217,104.321,105.704,98.232,105.168,106.32,98.216,103.433,106.144,104.382,103.168,101.903,102.089,101.331,100.775,101.397,104.884,97.691,105.051,97.674,111.382,108.929,106.228,102.18,100.245,102.893,102.03,103.299,101.901,109.686,112.115,102.256,103.27,99.886,103.712,100.811,105.423,100.819,98.892,105.604,109.096,103.984,107.738,106.171,105.645,106.329,108.45,101.101,108.559,104.402,109.072,105.334,96.576,99.377,115.967,104.552,102.989,102.086,121.88,114.21,103.878,99.301,103.335,105.352,114.435,101.498,112.45,127.08,107.218,92.897,105.554,107.816,134.079,102.087,110.803,107.1
2019-07-01,101.473,119.033,108.476,100.684,95.471,104.67,107.185,108.33,105.19,111.992,100.527,92.173,106.611,107.307,102.499,97.427,96.294,97.371,95.205,106.857,106.572,102.45,120.954,106.059,105.32,113.093,96.145,110.315,112.735,99.384,104.68,98.835,117.023,108.281,104.708,125.477,103.145,106.552,98.546,105.653,106.913,101.223,104.448,106.053,106.221,105.654,102.431,102.879,101.93,99.15,100.607,109.922,94.2,105.491,94.817,110.412,109.199,107.826,101.583,99.034,104.47,103.347,104.614,103.095,112.565,109.78,100.292,105.152,100.049,100.117,104.802,106.441,100.95,98.797,104.639,112.104,104.865,109.227,107.143,107.861,107.61,109.637,107.934,109.834,105.587,110.851,106.877,96.325,101.597,121.262,106.18,103.796,102.215,126.521,116.445,104.21,99.169,104.364,106.6,119.651,102.879,113.331,130.058,110.594,92.628,107.404,110.544,140.356,101.995,116.282,107.809
2019-10-01,110.225,119.803,109.956,101.31,96.094,105.63,111.984,109.373,106.412,112.902,101.795,94.514,104.889,106.541,102.26,100.598,97.738,98.052,94.975,106.494,105.889,103.126,120.674,106.304,106.912,116.661,97.269,112.045,114.1,99.336,106.27,97.804,121.336,108.637,104.975,131.213,101.149,107.75,99.053,106.272,107.629,102.727,105.33,106.56,107.176,104.8,103.036,103.29,102.789,98.495,100.45,109.24,97.728,105.949,92.852,108.53,107.222,107.651,102.042,97.841,104.159,102.375,104.334,103.598,110.107,112.696,100.133,106.219,99.285,101.172,105.388,106.536,101.386,98.895,103.501,111.854,104.658,109.707,109.44,109.039,109.505,111.85,112.507,109.35,106.28,111.459,108.731,96.005,102.607,124.124,106.411,104.178,100.895,127.927,119.213,104.028,99.161,105.197,106.505,122.214,99.019,115.164,132.493,110.325,91.319,108.76,111.373,143.965,100.955,127.131,110.258
2020-01-01,96.985,99.31,115.937,99.214,90.474,96.222,106.618,109.96,98.422,107.702,101.894,89.299,100.729,100.149,117.884,100.55,97.643,97.982,94.839,112.976,112.454,102.988,126.259,97.977,97.779,85.236,93.228,110.839,111.578,93.298,96.834,92.22,121.87,108.002,105.107,112.797,98.838,103.636,100.793,100.645,101.336,101.8,102.199,106.51,110.292,100.19,103.709,103.263,103.852,98.472,102.441,103.501,71.676,100.602,91.132,99.746,110.246,93.187,93.313,92.142,100.123,95.305,100.464,92.243,104.429,97.839,101.522,106.511,97.338,90.202,92.436,108.105,101.018,96.833,94.2,107.007,101.095,112.746,103.894,108.093,107.215,110.283,103.354,110.723,104.479,115.425,107.361,96.206,102.096,104.473,97.812,96.025,97.952,128.559,124.333,103.474,99.213,102.875,106.333,125.876,94.347,115.04,130.385,107.494,90.167,111.419,101.923,146.445,100.036,106.227,99.855
2020-04-01,29.066,18.812,122.873,97.389,77.09,80.453,92.34,110.442,63.009,107.265,95.137,63.17,108.491,109.458,127.674,98.831,96.875,96.88,94.999,112.558,110.774,78.304,148.633,72.128,65.608,8.331,107.763,108.57,103.932,59.798,80.494,75.364,125.055,105.469,99.649,42.912,86.227,86.417,96.48,87.14,86.819,102.648,89.23,101.238,110.147,106.148,104.386,104.638,104.832,96.799,105.164,83.495,27.689,89.817,92.076,80.364,122.44,41.011,76.982,73.049,89.419,97.724,89.28,91.443,97.759,112.996,102.788,106.481,84.366,90.064,90.247,104.563,92.927,88.725,80.319,86.756,89.055,114.052,83.388,93.42,85.511,91.401,46.62,110.535,95.344,112.959,87.19,100.862,98.412,28.844,71.924,64.761,96.147,141.048,133.125,103.262,99.234,90.88,97.84,152.04,113.845,113.877,115.586,85.877,93.055,123.737,68.717,153.34,99.079,68.509,83.133
2020-07-01,57.233,42.581,126.497,97.144,93.264,105.932,95.328,111.276,87.467,127.692,97.623,80.261,107.711,108.274,110.368,98.021,96.711,98.134,95.469,113.613,111.396,87.661,144.376,92.651,87.107,10.682,107.381,126.421,130.053,90.451,106.289,88.781,137.798,117.066,102.601,59.049,91.06,100.349,98.38,98.941,101.182,108.479,97.604,103.906,113.721,105.125,105.148,105.165,105.726,100.508,106.998,124.904,20.797,99.853,93.146,114.748,129.894,53.898,99.713,87.452,95.443,108.914,94.794,110.21,113.884,110.265,103.974,106.269,98.643,105.222,113.567,111.872,97.14,86.871,104.769,121.393,93.626,119.811,91.168,100.423,102.034,107.851,66.144,118.974,103.93,117.974,101.797,100.77,101.274,49.073,92.816,78.304,106.331,158.617,145.613,103.602,99.246,98.154,104.247,164.883,124.017,114.272,139.378,118.852,92.544,128.254,79.119,176.516,98.37,70.025,112.222
2020-10-01,60.097,56.955,124.773,97.584,96.738,108.595,97.02,114.9,91.239,129.12,96.042,83.627,108.049,107.015,107.784,102.315,99.007,100.23,95.757,113.312,111.341,89.275,134.667,90.851,86.012,23.252,100.931,126.216,131.105,89.491,109.047,86.641,141.253,117.965,104.706,65.095,92.75,104.087,95.139,102.379,104.821,103.879,99.505,103.613,114.338,104.095,105.953,105.729,106.517,102.266,110.542,127.252,23.887,103.626,95.516,119.284,131.717,55.73,102.795,85.608,95.144,107.613,93.703,109.13,122.849,102.926,104.593,105.877,103.14,94.663,118.722,112.504,98.39,89.227,107.12,127.025,91.098,121.418,94.19,103.889,106.134,113.135,71.037,120.417,105.398,120.656,105.209,103.904,104.556,60.057,90.904,79.267,107.507,163.356,147.257,104.487,99.252,99.86,108.242,163.932,127.964,117.972,153.021,126.174,91.047,126.886,82.052,183.933,97.784,74.322,114.657
2021-01-01,66.258,64.07,129.321,97.409,107.79,116.3,102.411,117.559,94.519,138.148,98.099,87.09,109.66,110.338,101.805,102.42,99.23,101.309,96.079,117.009,114.896,89.681,135.359,94.962,90.446,27.135,104.99,135.098,140.826,97.788,116.492,89.463,145.11,122.916,102.897,64.379,91.752,103.761,96.083,102.283,104.927,113.611,101.147,104.142,118.713,106.105,106.778,106.714,107.204,104.911,112.082,133.403,26.913,103.319,98.328,126.295,133.23,62.685,109.643,88.339,96.85,115.303,95.148,120.718,130.004,112.499,105.748,105.333,110.259,113.752,126.798,115.464,101.107,88.034,115.645,133.374,92.045,122.1,99.206,106.958,105.522,111.69,77.453,125.207,107.81,117.017,104.187,105.68,109.922,64.774,95.136,84.585,111.416,169.207,154.333,105.806,99.182,101.17,108.733,167.42,130.723,121.309,175.969,127.865,90.863,134.43,84.756,192.116,97.065,96.17,122.007
2021-04-01,76.2,107.77,130.108,101.438,113.984,126.122,109.027,119.749,103.631,142.976,101.322,93.886,106.517,106.876,95.182,101.568,98.664,101.309,95.81,118.736,116.786,91.495,129.314,107.101,102.268,38.353,97.157,136.041,140.544,103.671,126.77,96.277,147.547,127.128,104.293,72.576,94.994,106.978,98.278,105.36,108.092,116.173,104.955,102.066,120.224,103.742,107.621,107.126,107.916,105.991,114.067,138.826,31.346,107.602,98.783,135.045,137.136,75.212,120.157,96.154,104.605,120.82,100.192,125.394,134.104,107.887,105.774,105.265,115.294,115.421,133.41,119.364,104.617,90.62,123.987,141.098,92.418,125.09,104.699,111.056,108.906,113.974,90.481,129.492,111.425,120.59,106.888,107.174,107.282,93.852,107.615,92.437,116.149,176.293,158.717,107.1,99.169,104.52,113.382,173.522,134.056,123.67,194.179,134.67,89.987,136.847,97.615,201.493,96.974,103.771,132.649
2021-07-01,86.555,137.363,128.238,105.044,110.174,123.939,114.549,120.088,103.384,133.127,103.542,99.711,106.024,106.989,96.375,102.677,98.806,101.714,95.016,118.472,116.789,93.247,133.449,110.31,106.583,60.068,94.886,131.163,135.74,103.805,125.74,98.903,149.488,123.958,105.171,93.874,93.968,108.835,99.029,106.726,109.715,109.233,107.653,101.896,119.076,104.022,108.456,107.886,108.666,106.908,114.068,141.498,34.312,108.392,99.877,132.46,135.379,88.188,117.832,99.117,112.099,115.516,105.541,106.866,131.881,110.041,105.931,105.761,118.215,105.004,104.932,119.472,108.87,90.587,118.122,141.561,94.195,125.441,110.351,115.134,111.359,117.901,96.023,130.641,112.292,122.47,109.053,104.038,110.316,120.09,110.871,98.87,117.52,171.977,159.501,108.255,99.199,107.148,112.384,165.147,126.386,124.589,193.358,133.624,87.029,129.836,109.818,199.588,97.6,116.612,132.854
2021-10-01,91.367,144.84,131.395,106.209,108.622,123.613,117.865,121.566,106.038,135.898,103.636,101.361,104.674,103.244,99.995,105.549,99.517,102.405,93.677,118.612,116.426,94.789,139.652,109.342,106.515,72.481,90.565,131.265,134.42,104.838,125.042,99.647,153.549,125.367,107.05,100.294,97.61,110.235,98.814,107.836,110.862,109.816,108.68,103.285,120.62,101.79,109.297,108.304,109.461,107.559,114.932,150.33,46.725,109.636,101.395,134.018,139.664,97.797,116.4,100.212,113.838,114.554,105.61,108.389,134.292,98.502,106.207,106.764,118.798,107.293,106.469,120.204,106.708,91.489,118.979,146.481,91.485,127.08,111.319,115.798,113.114,119.608,98.388,134.643,113.516,123.663,110.616,104.009,108.988,127.559,109.821,103.094,120.66,178.585,162.505,109.272,99.212,108.289,116.188,167.92,139.796,126.582,200.614,135.433,84.851,132.443,112.329,204.847,98.633,133.919,132.774
2022-01-01,93.621,136.333,132.575,106.717,104.852,120.934,120.171,123.686,109.307,135.928,104.375,93.636,111.32,111.845,104.854,104.235,97.732,101.269,91.53,117.706,115.179,96.336,141.797,108.528,106.146,81.062,92.589,129.323,130.983,102.953,122.3,98.281,150.295,124.838,107.008,108.893,97.944,110.365,99.207,107.051,109.749,110.782,109.112,103.639,120.798,107.851,110.118,109.853,110.278,107.71,116.003,148.085,51.721,107.727,102.791,133.243,139.193,100.639,113.949,98.623,115.56,114.808,105.353,109.281,130.491,113.391,106.502,108.156,116.776,93.919,118.565,119.397,107.097,92.478,116.498,145.372,87.945,127.212,108.723,117.173,114.364,119.727,100.186,135.785,113.79,124.153,112.098,103.424,110.771,125.928,108.93,103.428,117.64,179.822,162.787,110.145,99.179,108.924,115.9,162.775,142.304,129.617,211.388,133.391,83.296,133.406,111.602,208.756,99.128,151.918,129.988
2022-04-01,101.579,141.069,132.055,105.876,105.862,122.775,122.078,125.05,109.147,135.19,104.969,94.109,112.711,113.248,108.759,103.941,96.712,100.694,89.929,116.18,113.494,97.257,141.596,113.842,111.842,107.636,79.996,129.181,131.004,103.584,124.132,96.852,148.933,124.36,107.318,109.017,97.589,110.73,99.431,106.382,108.904,111.975,110.257,105.261,121.02,109.198,110.796,110.626,110.973,108.024,116.889,146.034,63.448,106.647,104.455,132.789,136.048,105.608,116.701,98.061,114.647,113.656,103.68,108.162,132.203,114.87,106.972,109.597,114.771,97.499,113.64,119.042,107.7,92.768,118.367,147.671,85.052,127.761,112.795,118.428,115.995,121.962,100.482,136.523,114.516,126.27,113.77,98.227,108.297,128.734,114.389,105.654,116.874,177.775,162.731,110.805,99.158,110.195,115.228,158.994,128.516,132.075,236.83,136.653,81.703,131.161,111.427,212.968,100.355,143.788,131.303
2022-07-01,106.255,141.363,132.425,105.446,104.544,122.052,127.667,127.013,108.761,134.549,106.713,97.938,107.805,107.745,109.771,105.109,97.908,101.564,91.182,114.764,111.8,98.387,146.531,114.376,112.994,120.531,80.895,128.414,128.899,103.59,123.32,96.125,149.505,123.653,109.355,121.183,99.502,112.305,99.95,108.504,111.296,114.623,111.204,105.134,120.064,105.479,111.304,110.523,111.509,108.237,120.373,142.215,65.669,109.085,105.99,130.902,135.415,105.545,117.294,97.205,111.948,112.608,101.165,106.617,132.686,107.655,107.268,110.988,112.917,96.265,111.661,118.303,110.014,93.433,117.93,147.49,82.847,127.713,117.697,121.089,116.898,122.528,101.786,135.973,114.95,127.982,115.215,96.683,107.396,133.049,114.903,106.103,120.264,178.929,160.404,111.235,99.137,111.145,118.202,160.218,128.762,133.584,245.337,138.955,80.331,129.759,111.239,214.214,100.829,151.371,129.618
2022-10-01,106.157,143.345,132.048,102.072,105.285,122.043,128.218,126.955,108.432,133.865,106.049,96.891,109.994,111.763,107.076,104.668,98.866,102.077,93.24,114.414,111.461,99.517,136.061,114.145,112.779,128.786,77.714,128.567,130.074,107.129,122.653,96.265,154.354,123.451,110.393,129.584,98.399,114.373,99.461,110.971,114.073,113.007,111.959,105.872,117.934,108.301,111.625,111.21,111.879,107.859,120.886,135.353,73.902,111.612,105.482,127.916,136.833,109.163,117.368,97.63,109.104,111.771,98.741,106.152,134.14,117.209,107.338,112.291,111.21,95.843,111.307,118.327,107.437,94.253,120.063,144.372,81.115,128.083,117.557,120.557,118.473,125.417,102.345,134.744,115.299,130.38,116.411,94.259,106.872,137.028,114.626,107.502,121.524,178.254,160.693,111.423,99.079,111.738,118.501,160.863,121.833,133.502,256.488,136.925,78.096,124.574,110.958,215.754,100.752,149.206,128.267
2023-01-01,105.791,138.609,132.188,100.637,102.271,123.461,131.804,126.519,110.354,139.261,106.966,99.568,105.208,104.933,102.864,106.054,101.276,103.54,96.443,113.851,110.786,100.572,148.026,116.384,114.627,138.944,80.169,130.417,132.396,107.177,124.101,97.982,154.765,125.669,110.103,134.733,99.193,117.116,99.802,111.959,114.683,116.98,113.257,106.759,118.939,103.764,111.792,110.709,112.105,107.438,121.542,134.599,75.06,112.913,105.375,129.603,140.49,113.843,117.708,99.275,110.754,113.516,99.762,113.589,136.732,104.105,106.94,113.45,110.106,104.365,119.843,119.058,107.733,97.237,121.385,146.301,81.043,129.543,119.488,122.712,123.382,131.805,103.649,136.904,116.7,131.414,121.118,89.495,107.083,135.815,116.905,109.105,125.746,184.832,164.953,111.409,98.971,112.774,121.572,164.972,118.945,133.001,274.494,138.653,76.869,122.137,111.228,228.382,101.591,155.336,131.066
2023-04-01,106.6,147.103,132.271,100.492,101.231,121.574,136.111,126.986,109.842,139.149,107.789,99.647,103.619,104.882,101.876,108.605,104.742,105.884,100.61,113.619,110.508,101.139,148.188,115.5,114.006,143.277,85.831,129.938,130.153,105.679,121.93,98.334,159.897,125.561,110.269,136.335,99.94,117.947,99.809,112.917,115.519,119.168,113.788,103.871,118.289,103.674,111.967,110.851,112.328,107.561,122.713,133.722,80.033,113.546,105.88,131.251,141.39,114.708,115.27,99.218,106.641,115.805,97.717,111.602,132.199,109.235,107.246,114.393,109.171,98.101,119.527,118.951,107.99,98.839,120.451,145.899,82.529,130.019,120.034,122.939,124.053,130.53,105.006,135.204,116.989,134.26,123.386,88.61,106.364,141.92,115.973,109.061,126.544,189.013,163.896,111.433,98.917,113.232,123.922,169.777,117.796,133.211,277.113,137.149,74.99,121.191,111.862,235.653,101.361,160.096,128.924
2023-07-01,109.554,149.839,132.54,100.871,102.687,123.128,137.85,129.054,109.81,140.579,108.165,98.127,109.917,109.135,101.918,107.074,105.129,106.203,102.535,114.1,111.021,101.974,145.412,116.884,115.628,146.002,81.406,131.688,132.163,108.979,123.601,97.367,160.384,126.635,110.441,138.852,98.912,118.879,99.961,113.34,116.194,121.658,114.406,102.996,119.964,106.486,112.17,111.415,112.567,107.747,124.243,134.609,83.563,113.765,106.609,134.767,146.82,113.344,116.162,98.51,104.594,119.207,96.472,109.945,132.819,106.228,107.518,115.111,108.413,96.267,116.506,119.858,107.798,97.948,121.615,147.59,82.678,131.9,122.778,122.604,125.618,134.726,105.692,135.184,117.727,136.365,123.62,90.36,103.785,144.496,117.375,109.87,127.608,196.105,168.304,111.537,98.95,113.823,123.707,173.3,119.728,135.626,285.712,137.828,73.622,121.637,111.852,247.751,100.912,159.645,131.147
2023-10-01,113.023,151.457,133.803,101.573,104.644,124.296,136.682,130.349,109.585,141.573,107.878,101.907,106.835,105.905,101.5,106.417,104.862,106.168,102.594,114.52,111.314,102.873,145.004,118.145,117.214,158.272,79.359,133.002,132.478,109.202,125.183,98.047,166.051,127.688,111.854,145.669,100.394,121.184,100.015,115.212,117.92,125.022,115.472,104.403,123.157,104.432,112.427,111.357,112.84,108.163,125.089,138.251,87.652,115.94,108.328,135.577,147.055,112.996,116.98,99.399,105.521,120.56,96.799,108.37,133.601,102.486,107.708,115.559,107.851,94.476,114.217,120.934,107.171,100.571,121.411,150.906,81.921,133.787,123.523,124.86,128.458,139.747,107.329,136.379,118.741,139.769,125.824,88.826,106.023,148.022,118.648,110.068,130.767,200.617,170.666,111.741,99.039,114.817,126.348,174.809,120.209,137.591,299.434,139.903,71.026,121.153,113.21,255.829,101.47,171.483,133.192
2024-01-01,113.722,154.828,132.804,100.871,104.611,125.204,142.19,129.5,111.355,140.946,109.28,102.402,106.61,105.202,105.045,109.276,107.303,107.728,104.673,114.488,111.432,103.634,139.08,117.181,116.495,162.039,81.016,133.04,132.258,109.954,126.502,95.876,168.036,127.315,114.263,159.465,100.45,123.25,100.672,116.959,119.602,123.695,116.306,104.869,124.212,103.972,112.736,111.561,113.155,108.004,125.322,142.994,89.123,117.867,107.951,137.463,148.385,114.978,117.435,96.935,101.603,119.991,93.868,106.248,135.706,100.044,107.755,115.733,107.38,93.064,111.154,120.678,107.121,102.645,120.967,154.84,80.765,133.642,122.915,125.742,130.923,143.984,108.705,136.448,119.309,138.271,127.295,86.534,107.412,154.619,117.627,110.744,133.046,199.81,173.812,112.043,99.144,115.784,126.205,175.402,115.741,136.267,310.084,142.926,69.118,122.841,113.376,255.807,101.559,172.787,135.285
2024-04-01,113.628,159.583,133.575,100.207,107.475,124.204,146.313,129.63,112.458,142.83,109.675,103.113,109.973,107.284,109.181,107.61,106.787,107.52,105.118,115.102,112.02,104.432,139.402,117.116,116.426,162.027,79.317,135.635,133.635,113.152,125.37,97.636,177.827,128.248,114.9,171.593,100.48,124.215,99.857,116.65,119.191,127.65,116.92,104.598,124.86,105.565,113.09,112.085,113.541,108.401,124.659,139.159,90.53,117.026,108.234,140.767,149.147,114.643,116.584,98.954,105.827,120.487,96.273,107.944,134.83,97.433,108.219,115.981,107.771,94.118,113.639,121.18,108.112,102.875,120.403,154.652,79.817,134.052,122.904,126.0,133.495,146.928,106.772,137.545,120.139,139.437,130.013,85.434,111.228,161.725,117.534,111.291,134.33,202.299,173.045,112.312,99.091,116.57,126.209,175.011,118.037,137.105,323.051,142.699,67.288,123.673,117.291,259.849,102.054,181.092,133.411
2024-07-01,112.902,161.167,133.958,98.206,109.148,124.807,146.822,130.863,113.431,145.473,109.804,102.232,106.461,105.608,111.315,107.477,108.236,108.588,107.896,115.896,112.878,105.364,136.718,117.735,116.85,164.602,80.72,138.748,137.495,113.313,125.704,98.482,179.763,130.019,117.198,169.896,100.752,126.374,100.129,118.569,120.923,128.062,117.666,104.167,127.567,104.672,113.481,112.302,113.978,108.71,127.886,141.17,91.755,119.387,108.456,140.831,149.949,115.544,118.022,99.757,102.624,120.575,94.071,110.31,136.308,102.547,108.519,116.324,108.197,100.198,114.391,122.553,107.368,105.76,121.91,155.54,79.462,136.489,124.331,126.36,135.953,149.057,107.478,139.609,121.236,144.21,133.084,86.58,109.742,162.383,118.143,111.352,133.485,205.771,174.403,112.576,98.987,117.385,127.33,180.003,120.832,136.999,323.627,142.941,65.481,128.166,115.998,263.531,102.905,189.809,132.818
2024-10-01,113.78,161.786,135.257,98.129,110.799,126.331,147.138,134.815,113.15,149.779,109.727,97.734,107.586,104.889,110.961,108.168,109.402,109.415,109.46,116.404,113.265,106.396,135.309,118.553,117.675,175.944,86.484,140.599,140.135,117.771,127.745,98.008,181.558,131.999,117.352,172.822,101.032,127.835,99.666,119.782,122.095,129.249,118.614,104.032,128.307,104.44,113.868,112.605,114.412,108.857,132.722,138.842,94.282,119.76,108.069,144.763,151.104,116.04,118.182,98.816,103.602,122.327,95.013,115.393,134.913,95.04,108.787,116.674,108.632,104.743,120.883,123.487,108.254,107.177,121.705,156.774,80.351,138.175,123.408,127.89,137.726,152.94,107.337,141.31,122.441,145.78,134.015,84.089,109.9,163.658,118.954,112.56,140.354,212.584,179.69,112.833,98.889,118.269,127.183,183.834,125.054,141.291,334.46,145.891,64.392,127.608,117.047,272.963,103.746,187.273,136.181
