Date,Accommodations,Air transportation,Alcoholic beverages purchased for off-premises consumption,"Audio-video, photographic, and information processing equipment services",Children's and infants' clothing,Clothing and footwear,Commercial and vocational schools,Communication,Dental services,Durable goods,Education services,Educational books,Electricity,Electricity and gas,Final consumption expenditures of nonprofit institutions serving households (NPISHs),"Financial service charges, fees, and commissions",Financial services,Financial services and insurance,Financial services furnished without payment,Food and beverages purchased for off-premises consumption,Food and nonalcoholic beverages purchased for off-premises consumption,Food furnished to employees (including military),Food produced and consumed on farms,Food services,Food services and accommodations,Foreign travel by U.S. residents,Fuel oil and other fuels,Furnishings and durable household equipment,Furniture and furnishings,Gambling,Garments,Gasoline and other energy goods,"Glassware, tableware, and household utensils",Goods,Gross output of nonprofit institutions,Ground transportation,Group housing,Health care,Higher education,Hospital and nursing home services,Hospitals,Household appliances,Household consumption expenditures (for services),Household maintenance,Household supplies,Household utilities,Housing,Housing and utilities,Imputed rental of owner-occupied nonfarm housing,Insurance,Internet access,Jewelry and watches,Less: Expenditures in the United States by nonresidents,Less: Receipts from sales of goods and services by nonprofit institutions,Life insurance,Luggage and similar personal items,"Magazines, newspapers, and stationery","Membership clubs, sports centers, parks, theaters, and museums",Men's and boys' clothing,"Motor vehicle fuels, lubricants, and fluids",Motor vehicle maintenance and repair,Motor vehicle parts and accessories,Motor vehicle services,Motor vehicles and parts,Musical instruments,Natural gas,Net expenditures abroad by U.S. residents,Net foreign travel,Net health insurance,Net household insurance,Net motor vehicle and other transportation insurance,Net purchases of used motor vehicles,New motor vehicles,Nondurable goods,"Nursery, elementary, and secondary schools",Nursing homes,Other clothing materials and footwear,Other durable goods,Other motor vehicle services,Other nondurable goods,Other recreational services,Other services,Outpatient services,Paramedical services,Personal care and clothing services,Personal care products,Pharmaceutical and other medical products,Physician services,Postal and delivery services,Professional and other services,Public transportation,Purchased meals and beverages,Recreation services,Recreational books,Recreational goods and vehicles,Recreational items,Rental of tenant-occupied nonfarm housing,Rental value of farm dwellings,Services,Social services and religious activities,"Sporting equipment, supplies, guns, and ammunition",Sports and recreational vehicles,Telecommunication services,Telephone and related communication equipment,Therapeutic appliances and equipment,Tobacco,Tools and equipment for house and garden,Transportation services,"Video, audio, photographic, and information processing equipment and media",Water supply and sanitation,Water transportation,Women's and girls' clothing
1947-04-01,,,,,,0.91,,,,0.49,,,,,,,,,,0.2,,,,,,,,0.31,,,,0.48,,2.33,,,,,,,,,,,,,,,,,,,,,,,,,,,,,,0.02,,,,,,,,,,1.84,,,,0.08,,0.26,,,,,,,,,,,,,,,0.08,,,,0.91,,,,,,,,,,,,,
1947-07-01,,,,,,0.49,,,,0.31,,,,,,,,,,2.03,,,,,,,,0.23,,,,0.54,,3.78,,,,,,,,,,,,,,,,,,,,,,,,,,,,,,0.26,,,,,,,,,,3.47,,,,-0.13,,0.41,,,,,,,,,,,,,,,-0.04,,,,3.88,,,,,,,,,,,,,
1947-10-01,,,,,,0.99,,,,0.73,,,,,,,,,,3.46,,,,,,,,0.32,,,,0.82,,6.57,,,,,,,,,,,,,,,,,,,,,,,,,,,,,,0.26,,,,,,,,,,5.84,,,,0.05,,0.57,,,,,,,,,,,,,,,0.09,,,,3.78,,,,,,,,,,,,,
1948-01-01,,,,,,1.01,,,,0.41,,,,,,,,,,0.7,,,,,,,,0.14,,,,0.83,,3.39,,,,,,,,,,,,,,,,,,,,,,,,,,,,,,0.21,,,,,,,,,,2.98,,,,0.01,,0.44,,,,,,,,,,,,,,,0.05,,,,1.11,,,,,,,,,,,,,
1948-04-01,,,,,,0.78,,,,0.67,,,,,,,,,,0.23,,,,,,,,0.28,,,,0.56,,2.53,,,,,,,,,,,,,,,,,,,,,,,,,,,,,,0.21,,,,,,,,,,1.87,,,,0.07,,0.3,,,,,,,,,,,,,,,0.1,,,,1.67,,,,,,,,,,,,,
1948-07-01,,,,,,0.29,,,,1.85,,,,,,,,,,0.46,,,,,,,,0.3,,,,0.47,,3.79,,,,,,,,,,,,,,,,,,,,,,,,,,,,,,1.33,,,,,,,,,,1.93,,,,0.04,,0.71,,,,,,,,,,,,,,,0.19,,,,2.47,,,,,,,,,,,,,
1948-10-01,,,,,,-0.01,,,,-0.06,,,,,,,,,,-2.28,,,,,,,,0.01,,,,0.32,,-1.87,,,,,,,,,,,,,,,,,,,,,,,,,,,,,,-0.21,,,,,,,,,,-1.82,,,,0.01,,0.15,,,,,,,,,,,,,,,0.13,,,,0.61,,,,,,,,,,,,,
1949-01-01,,,,,,-1.11,,,,-0.38,,,,,,,,,,-1.39,,,,,,,,-0.45,,,,0.19,,-3.01,,,,,,,,,,,,,,,,,,,,,,,,,,,,,,0.02,,,,,,,,,,-2.62,,,,-0.02,,-0.32,,,,,,,,,,,,,,,0.07,,,,-0.1,,,,,,,,,,,,,
1949-04-01,,,,,,-1.03,,,,-0.44,,,,,,,,,,-1.04,,,,,,,,-0.46,,,,0.13,,-2.77,,,,,,,,,,,,,,,,,,,,,,,,,,,,,,-0.02,,,,,,,,,,-2.33,,,,-0.05,,-0.38,,,,,,,,,,,,,,,0.1,,,,0.34,,,,,,,,,,,,,
1949-07-01,,,,,,-0.93,,,,-0.65,,,,,,,,,,-1.19,,,,,,,,-0.13,,,,0.03,,-2.76,,,,,,,,,,,,,,,,,,,,,,,,,,,,,,-0.4,,,,,,,,,,-2.12,,,,-0.23,,-0.03,,,,,,,,,,,,,,,0.12,,,,0.47,,,,,,,,,,,,,
1949-10-01,,,,,,-0.79,,,,0.23,,,,,,,,,,-0.62,,,,,,,,0.09,,,,-0.1,,-1.25,,,,,,,,,,,,,,,,,,,,,,,,,,,,,,-0.07,,,,,,,,,,-1.49,,,,-0.03,,0.03,,,,,,,,,,,,,,,0.25,,,,0.94,,,,,,,,,,,,,
1950-01-01,,,,,,-0.38,,,,0.32,,,,,,,,,,-1.11,,,,,,,,0.11,,,,-0.14,,-1.09,,,,,,,,,,,,,,,,,,,,,,,,,,,,,,-0.04,,,,,,,,,,-1.41,,,,-0.02,,0.22,,,,,,,,,,,,,,,0.28,,,,0.44,,,,,,,,,,,,,
1950-04-01,,,,,,0.03,,,,0.65,,,,,,,,,,0.51,,,,,,,,0.34,,,,-0.04,,1.38,,,,,,,,,,,,,,,,,,,,,,,,,,,,,,0.12,,,,,,,,,,0.73,,,,0.01,,0.23,,,,,,,,,,,,,,,0.18,,,,0.55,,,,,,,,,,,,,
1950-07-01,,,,,,0.92,,,,1.06,,,,,,,,,,2.78,,,,,,,,0.88,,,,0.32,,6.12,,,,,,,,,,,,,,,,,,,,,,,,,,,,,,-0.03,,,,,,,,,,5.05,,,,0.02,,1.03,,,,,,,,,,,,,,,0.19,,,,2.52,,,,,,,,,,,,,
1950-10-01,,,,,,1.44,,,,0.96,,,,,,,,,,1.76,,,,,,,,0.94,,,,0.28,,5.1,,,,,,,,,,,,,,,,,,,,,,,,,,,,,,0.11,,,,,,,,,,4.14,,,,0.02,,0.66,,,,,,,,,,,,,,,-0.11,,,,2.22,,,,,,,,,,,,,
1951-01-01,,,,,,1.66,,,,2.11,,,,,,,,,,5.17,,,,,,,,1.1,,,,0.34,,10.04,,,,,,,,,,,,,,,,,,,,,,,,,,,,,,1.03,,,,,,,,,,7.93,,,,0.17,,0.76,,,,,,,,,,,,,,,-0.19,,,,3.29,,,,,,,,,,,,,
1951-04-01,,,,,,0.75,,,,0.17,,,,,,,,,,0.81,,,,,,,,0.26,,,,0.05,,1.86,,,,,,,,,,,,,,,,,,,,,,,,,,,,,,0.22,,,,,,,,,,1.69,,,,-0.03,,0.08,,,,,,,,,,,,,,,-0.28,,,,1.38,,,,,,,,,,,,,
1951-07-01,,,,,,0.11,,,,-0.07,,,,,,,,,,-0.32,,,,,,,,-0.1,,,,-0.04,,-0.46,,,,,,,,,,,,,,,,,,,,,,,,,,,,,,0.05,,,,,,,,,,-0.39,,,,0.09,,-0.14,,,,,,,,,,,,,,,-0.11,,,,0.99,,,,,,,,,,,,,
1951-10-01,,,,,,-0.05,,,,0.64,,,,,,,,,,1.91,,,,,,,,-0.08,,,,0.26,,2.88,,,,,,,,,,,,,,,,,,,,,,,,,,,,,,0.73,,,,,,,,,,2.23,,,,-0.01,,0.1,,,,,,,,,,,,,,,0.0,,,,2.53,,,,,,,,,,,,,
1952-01-01,,,,,,-0.22,,,,0.56,,,,,,,,,,0.34,,,,,,,,0.0,,,,0.17,,0.65,,,,,,,,,,,,,,,,,,,,,,,,,,,,,,0.31,,,,,,,,,,0.08,,,,0.06,,-0.21,,,,,,,,,,,,,,,0.2,,,,1.07,,,,,,,,,,,,,
1952-04-01,,,,,,-0.73,,,,-0.57,,,,,,,,,,-0.07,,,,,,,,-0.24,,,,0.15,,-1.32,,,,,,,,,,,,,,,,,,,,,,,,,,,,,,-0.51,,,,,,,,,,-0.75,,,,0.04,,-0.1,,,,,,,,,,,,,,,0.14,,,,1.24,,,,,,,,,,,,,
1952-07-01,,,,,,-0.38,,,,0.69,,,,,,,,,,0.42,,,,,,,,0.07,,,,0.2,,0.95,,,,,,,,,,,,,,,,,,,,,,,,,,,,,,0.44,,,,,,,,,,0.26,,,,0.03,,0.02,,,,,,,,,,,,,,,0.15,,,,1.69,,,,,,,,,,,,,
1952-10-01,,,,,,1.16,,,,-1.29,,,,,,,,,,-0.53,,,,,,,,-0.09,,,,0.09,,-0.61,,,,,,,,,,,,,,,,,,,,,,,,,,,,,,-1.32,,,,,,,,,,0.68,,,,0.07,,-0.03,,,,,,,,,,,,,,,0.05,,,,1.26,,,,,,,,,,,,,
1953-01-01,,,,,,0.04,,,,0.63,,,,,,,,,,-1.33,,,,,,,,0.04,,,,0.25,,-0.15,,,,,,,,,,,,,,,,,,,,,,,,,,,,,,0.68,,,,,,,,,,-0.78,,,,-0.06,,0.26,,,,,,,,,,,,,,,-0.03,,,,1.66,,,,,,,,,,,,,
1953-04-01,,,,,,-0.73,,,,0.16,,,,,,,,,,-0.68,,,,,,,,0.11,,,,0.27,,-0.63,,,,,,,,,,,,,,,,,,,,,,,,,,,,,,0.04,,,,,,,,,,-0.79,,,,-0.04,,0.35,,,,,,,,,,,,,,,0.05,,,,1.22,,,,,,,,,,,,,
1953-07-01,,,,,,-0.15,,,,-0.29,,,,,,,,,,0.11,,,,,,,,0.13,,,,0.39,,0.1,,,,,,,,,,,,,,,,,,,,,,,,,,,,,,-0.57,,,,,,,,,,0.38,,,,0.04,,0.04,,,,,,,,,,,,,,,0.12,,,,2.08,,,,,,,,,,,,,
1953-10-01,,,,,,-0.14,,,,0.22,,,,,,,,,,-0.04,,,,,,,,0.02,,,,0.16,,0.22,,,,,,,,,,,,,,,,,,,,,,,,,,,,,,0.11,,,,,,,,,,0.0,,,,0.03,,0.01,,,,,,,,,,,,,,,0.06,,,,1.53,,,,,,,,,,,,,
1954-01-01,,,,,,0.41,,,,0.57,,,,,,,,,,0.08,,,,,,,,-0.06,,,,-0.02,,1.16,,,,,,,,,,,,,,,,,,,,,,,,,,,,,,0.48,,,,,,,,,,0.59,,,,0.06,,0.12,,,,,,,,,,,,,,,0.09,,,,0.87,,,,,,,,,,,,,
1954-04-01,,,,,,-0.02,,,,-1.5,,,,,,,,,,0.43,,,,,,,,0.0,,,,0.0,,-0.89,,,,,,,,,,,,,,,,,,,,,,,,,,,,,,-1.43,,,,,,,,,,0.6,,,,-0.05,,0.19,,,,,,,,,,,,,,,-0.01,,,,0.35,,,,,,,,,,,,,
1954-07-01,,,,,,0.25,,,,-0.94,,,,,,,,,,-1.02,,,,,,,,-0.07,,,,-0.11,,-1.65,,,,,,,,,,,,,,,,,,,,,,,,,,,,,,-0.71,,,,,,,,,,-0.71,,,,-0.09,,0.16,,,,,,,,,,,,,,,-0.07,,,,0.33,,,,,,,,,,,,,
1954-10-01,,,,,,-0.22,,,,-0.31,,,,,,,,,,-0.74,,,,,,,,-0.16,,,,-0.04,,-1.14,,,,,,,,,,,,,,,,,,,,,,,,,,,,,,-0.03,,,,,,,,,,-0.84,,,,-0.03,,0.17,,,,,,,,,,,,,,,-0.09,,,,0.74,,,,,,,,,,,,,
1955-01-01,,,,,,-0.18,,,,0.22,,,,,,,,,,-0.14,,,,,,,,0.02,,,,0.11,,0.26,,,,,,,,,,,,,,,,,,,,,,,,,,,,,,0.14,,,,,,,,,,0.04,,,,0.08,,0.25,,,,,,,,,,,,,,,-0.01,,,,1.04,,,,,,,,,,,,,
1955-04-01,,,,,,-0.06,,,,0.27,,,,,,,,,,-0.65,,,,,,,,0.03,,,,0.11,,-0.21,,,,,,,,,,,,,,,,,,,,,,,,,,,,,,0.32,,,,,,,,,,-0.47,,,,-0.01,,0.13,,,,,,,,,,,,,,,-0.08,,,,0.61,,,,,,,,,,,,,
1955-07-01,,,,,,0.14,,,,0.58,,,,,,,,,,-0.32,,,,,,,,0.12,,,,0.19,,0.79,,,,,,,,,,,,,,,,,,,,,,,,,,,,,,0.47,,,,,,,,,,0.21,,,,0.0,,0.2,,,,,,,,,,,,,,,-0.02,,,,0.8,,,,,,,,,,,,,
1955-10-01,,,,,,0.01,,,,0.13,,,,,,,,,,-0.42,,,,,,,,0.08,,,,0.13,,0.12,,,,,,,,,,,,,,,,,,,,,,,,,,,,,,0.13,,,,,,,,,,-0.01,,,,-0.02,,0.26,,,,,,,,,,,,,,,-0.07,,,,0.97,,,,,,,,,,,,,
1956-01-01,,,,,,0.25,,,,0.22,,,,,,,,,,-0.1,,,,,,,,0.05,,,,0.14,,0.73,,,,,,,,,,,,,,,,,,,,,,,,,,,,,,0.23,,,,,,,,,,0.51,,,,-0.02,,0.22,,,,,,,,,,,,,,,-0.04,,,,0.92,,,,,,,,,,,,,
1956-04-01,,,,,,0.25,,,,0.14,,,,,,,,,,0.95,,,,,,,,0.16,,,,0.17,,1.74,,,,,,,,,,,,,,,,,,,,,,,,,,,,,,-0.03,,,,,,,,,,1.6,,,,0.0,,0.22,,,,,,,,,,,,,,,0.0,,,,0.97,,,,,,,,,,,,,
1956-07-01,,,,,,0.31,,,,0.88,,,,,,,,,,0.78,,,,,,,,0.22,,,,0.42,,2.52,,,,,,,,,,,,,,,,,,,,,,,,,,,,,,0.62,,,,,,,,,,1.64,,,,0.02,,0.13,,,,,,,,,,,,,,,0.02,,,,1.45,,,,,,,,,,,,,
1956-10-01,,,,,,0.16,,,,0.79,,,,,,,,,,0.1,,,,,,,,0.28,,,,0.17,,1.32,,,,,,,,,,,,,,,,,,,,,,,,,,,,,,0.45,,,,,,,,,,0.52,,,,0.02,,0.09,,,,,,,,,,,,,,,0.05,,,,1.05,,,,,,,,,,,,,
1957-01-01,,,,,,0.11,,,,0.53,,,,,,,,,,0.64,,,,,,,,0.01,,,,0.45,,2.04,,,,,,,,,,,,,,,,,,,,,,,,,,,,,,0.54,,,,,,,,,,1.51,,,,0.0,,0.3,,,,,,,,,,,,,,,-0.01,,,,1.6,,,,,,,,,,,,,
1957-04-01,,,,,,0.05,,,,0.84,,,,,,,,,,0.24,,,,,,,,0.14,,,,0.26,,1.7,,,,,,,,,,,,,,,,,,,,,,,,,,,,,,0.55,,,,,,,,,,0.86,,,,0.07,,0.31,,,,,,,,,,,,,,,0.09,,,,0.86,,,,,,,,,,,,,
1957-07-01,,,,,,0.04,,,,-0.01,,,,,,,,,,1.09,,,,,,,,0.06,,,,-0.02,,1.71,,,,,,,,,,,,,,,,,,,,,,,,,,,,,,-0.15,,,,,,,,,,1.71,,,,0.02,,0.61,,,,,,,,,,,,,,,0.06,,,,1.58,,,,,,,,,,,,,
1957-10-01,,,,,,0.08,,,,0.08,,,,,,,,,,0.25,,,,,,,,0.06,,,,-0.01,,0.68,,,,,,,,,,,,,,,,,,,,,,,,,,,,,,-0.08,,,,,,,,,,0.6,,,,0.02,,0.29,,,,,,,,,,,,,,,0.08,,,,1.4,,,,,,,,,,,,,
1958-01-01,,,,,,-0.03,,,,0.95,,,,,,,,,,2.42,,,,,,,,0.12,,,,0.07,,3.52,,,,,,,,,,,,,,,,,,,,,,,,,,,,,,0.74,,,,,,,,,,2.57,,,,-0.01,,0.12,,,,,,,,,,,,,,,0.1,,,,1.5,,,,,,,,,,,,,
1958-04-01,,,,,,-0.02,,,,-0.21,,,,,,,,,,0.73,,,,,,,,-0.24,,,,-0.4,,0.11,,,,,,,,,,,,,,,,,,,,,,,,,,,,,,-0.05,,,,,,,,,,0.32,,,,0.04,,0.01,,,,,,,,,,,,,,,0.03,,,,0.63,,,,,,,,,,,,,
1958-07-01,,,,,,-0.01,,,,0.0,,,,,,,,,,-0.59,,,,,,,,-0.11,,,,0.15,,-0.46,,,,,,,,,,,,,,,,,,,,,,,,,,,,,,0.15,,,,,,,,,,-0.46,,,,0.0,,-0.02,,,,,,,,,,,,,,,-0.03,,,,0.75,,,,,,,,,,,,,
1958-10-01,,,,,,0.0,,,,-0.09,,,,,,,,,,-0.41,,,,,,,,0.01,,,,-0.26,,-0.85,,,,,,,,,,,,,,,,,,,,,,,,,,,,,,-0.06,,,,,,,,,,-0.76,,,,0.0,,-0.09,,,,,,,,,,,,,,,-0.04,,,,0.7,,,,,,,,,,,,,
1959-01-01,,,,,,0.17,,,,1.11,,,,,,,,,,-0.19,,,,,,,,0.02,,,,0.45,,1.74,,,,,,,,,,,,,,,,,,,,,,,,,,,,,,1.08,,,,,,,,,,0.63,,,,0.04,,0.19,,,,,,,,,,,,,,,-0.04,,,,1.03,,,,,,,,,,,,,
1959-04-01,0.02,0.0,0.05,0.02,0.0,0.14,-0.04,0.05,0.01,0.3,-0.12,0.0,0.03,0.04,-0.26,0.02,-0.04,0.13,-0.05,-0.42,-0.52,0.02,0.04,0.35,0.36,0.02,-0.02,0.09,0.07,0.0,0.02,0.22,0.0,0.5,-0.34,0.04,0.0,0.19,-0.02,0.05,0.05,0.02,1.4,0.03,0.02,0.06,0.4,0.45,0.22,0.17,,0.0,0.0,-0.08,0.06,0.0,-0.01,0.09,-0.01,0.23,0.06,0.0,0.06,0.18,0.0,0.01,0.0,0.02,0.03,0.0,0.07,0.11,0.07,0.21,-0.06,0.0,0.11,0.01,0.0,0.27,0.0,0.03,0.14,0.02,0.09,0.01,0.02,0.1,0.0,0.07,0.05,0.33,0.12,0.0,0.01,0.02,0.09,0.08,1.14,-0.1,0.0,0.0,0.04,0.0,0.01,0.2,0.01,0.11,0.01,0.02,0.0,0.03
1959-07-01,0.0,0.01,0.08,0.02,0.0,0.17,-0.01,0.02,0.02,0.04,-0.02,0.0,0.04,0.12,-0.09,0.05,0.04,0.17,-0.01,0.19,0.18,0.01,-0.07,0.27,0.27,0.02,-0.1,0.03,0.03,0.0,0.04,0.02,0.01,0.84,0.0,0.02,0.0,0.2,0.0,0.13,0.13,-0.01,1.69,0.24,0.09,0.13,0.23,0.36,0.11,0.13,,0.0,-0.01,0.1,0.06,0.0,0.0,0.09,0.06,0.12,0.05,-0.15,0.06,-0.02,0.0,0.08,0.01,0.02,0.03,0.0,0.04,0.08,0.05,0.79,-0.01,0.01,0.13,0.0,0.0,0.41,0.0,0.48,0.07,0.01,0.2,0.02,0.02,0.04,-0.01,0.05,0.04,0.25,0.12,0.0,0.03,0.03,0.05,0.07,1.6,-0.02,0.01,0.0,0.02,0.0,0.01,0.24,0.0,0.09,0.01,0.02,0.0,-0.02
1959-10-01,0.02,0.01,0.04,-0.01,0.0,0.07,0.0,0.01,0.02,-0.01,0.04,0.0,0.03,0.1,-0.07,0.05,0.1,0.2,0.05,-0.07,-0.01,0.01,-0.1,0.14,0.16,0.01,-0.02,0.0,0.0,0.01,-0.01,0.43,0.01,0.61,0.21,0.02,0.0,0.37,0.02,0.3,0.29,-0.01,1.66,0.11,0.01,0.11,0.33,0.45,0.21,0.1,,0.0,-0.01,0.28,0.05,0.0,0.03,0.09,-0.01,0.46,0.02,-0.02,0.02,-0.02,0.0,0.07,0.01,0.0,0.03,0.0,0.02,0.01,-0.01,0.62,0.02,0.01,0.09,0.0,0.0,0.17,0.0,0.34,0.07,0.01,0.11,0.01,0.01,0.04,0.0,0.05,0.04,0.13,0.09,0.0,0.01,0.03,0.09,0.03,1.59,0.02,0.01,0.0,0.01,0.0,0.0,0.08,-0.01,0.06,0.0,0.01,0.0,0.0
1960-01-01,0.0,0.01,0.01,0.01,0.0,0.06,0.01,0.05,0.02,-0.1,0.04,0.0,0.02,0.1,-0.13,0.05,0.14,0.17,0.09,-0.19,-0.21,0.01,0.01,0.23,0.23,-0.1,-0.01,0.06,0.05,0.0,0.05,-0.25,0.03,-0.4,0.02,0.03,0.0,0.18,0.02,0.13,0.14,-0.02,1.05,0.04,0.01,0.11,0.14,0.25,0.1,0.03,,0.0,0.0,0.15,0.03,0.0,0.02,0.04,0.04,-0.24,0.03,0.01,0.03,-0.19,0.0,0.08,0.01,-0.1,-0.01,0.0,0.01,-0.05,-0.15,-0.29,0.01,-0.01,0.01,0.01,0.0,0.09,0.0,0.1,0.05,0.0,0.05,-0.02,-0.01,0.03,0.02,0.0,0.04,0.22,0.05,0.0,0.02,0.01,0.05,-0.01,0.92,0.03,0.0,0.01,0.02,0.0,0.0,0.07,0.0,0.07,0.0,0.01,0.0,0.01
1960-04-01,0.02,0.02,0.02,0.01,0.0,0.16,0.01,0.02,0.0,-0.08,0.04,0.0,0.02,0.08,-0.12,0.04,0.09,0.14,0.05,0.95,0.86,0.01,0.07,0.05,0.07,-0.03,-0.01,0.06,0.06,0.0,0.13,-0.01,0.03,1.02,0.29,-0.01,0.0,0.52,0.01,0.49,0.47,-0.03,1.21,0.06,0.0,0.09,0.13,0.22,0.1,0.05,,0.0,0.0,0.41,0.04,0.0,0.01,0.02,0.06,0.0,0.0,0.0,0.0,-0.16,0.0,0.06,0.0,-0.04,0.0,0.0,0.0,-0.13,-0.02,1.1,0.02,0.02,0.03,0.0,0.0,0.0,0.0,0.2,0.04,0.01,0.04,-0.01,0.0,0.03,0.01,0.06,0.01,0.04,0.04,0.0,0.02,0.02,0.04,-0.01,1.08,0.02,0.0,0.01,0.01,0.0,0.0,-0.02,0.0,0.02,0.0,0.01,0.0,0.07
1960-07-01,-0.01,0.01,0.04,0.01,0.0,0.11,0.0,0.04,0.02,-0.18,0.04,0.0,0.0,0.04,-0.06,0.05,0.14,0.17,0.09,-0.06,-0.05,0.01,-0.05,0.1,0.09,0.08,0.02,0.03,0.06,0.0,0.11,0.39,0.01,0.27,0.2,0.03,0.0,0.39,0.01,0.28,0.27,-0.04,1.3,0.01,0.01,0.05,0.27,0.32,0.21,0.03,,0.0,0.0,0.26,0.02,-0.01,0.02,0.06,0.11,0.37,0.02,-0.03,0.02,-0.21,0.0,0.04,0.01,0.07,0.01,0.0,0.0,-0.1,-0.08,0.45,0.02,0.01,0.0,0.0,0.0,0.01,0.0,0.21,0.1,0.02,0.03,0.0,-0.02,0.07,0.0,0.0,0.04,0.09,0.06,0.0,0.0,0.01,0.05,0.02,1.24,0.02,0.0,0.0,0.04,0.0,0.0,-0.02,0.0,0.06,0.0,0.01,0.0,0.01
1960-10-01,0.01,0.01,0.01,-0.01,0.0,0.06,0.0,0.01,0.0,-0.1,0.04,0.0,0.0,0.01,0.0,0.03,0.07,0.18,0.04,0.75,0.71,0.01,0.04,0.05,0.05,0.03,0.03,0.03,0.05,0.01,0.05,0.05,0.01,0.8,0.16,0.02,0.0,0.21,0.03,0.16,0.15,-0.04,0.97,0.02,0.02,0.03,0.23,0.26,0.11,0.11,,-0.01,-0.01,0.16,0.05,0.0,0.03,0.04,0.04,0.02,0.06,-0.01,0.06,-0.11,0.0,0.01,0.01,0.02,0.04,0.0,0.01,0.1,-0.2,0.9,0.01,0.01,0.01,0.0,0.0,0.04,0.0,0.14,0.06,0.01,0.01,-0.01,-0.03,0.05,0.01,0.03,0.03,0.04,0.04,0.0,-0.01,0.01,0.09,0.03,0.98,0.01,0.0,0.0,0.01,0.0,0.01,0.02,0.01,0.09,-0.02,0.01,0.0,0.01
1961-01-01,0.01,0.01,-0.02,0.01,-0.01,0.02,0.0,-0.01,0.0,0.02,0.0,0.0,0.01,0.03,0.05,-0.01,-0.07,0.02,-0.06,0.21,0.21,0.01,0.02,0.13,0.15,-0.06,0.13,0.0,0.0,0.0,0.0,0.0,0.01,0.28,0.01,0.03,0.0,-0.04,0.0,-0.06,-0.06,-0.02,0.41,0.02,-0.01,0.04,0.12,0.16,0.05,0.09,,0.0,0.0,-0.04,0.03,0.0,0.01,0.06,0.01,-0.13,0.05,-0.06,0.05,0.02,0.0,0.02,0.01,-0.06,0.05,0.0,0.01,-0.04,0.13,0.27,0.01,0.0,0.02,0.0,0.0,0.05,0.0,-0.03,0.02,0.0,0.01,-0.01,-0.03,0.02,0.0,0.02,0.04,0.13,0.08,0.0,-0.01,0.03,0.03,0.04,0.46,0.0,0.0,0.0,-0.01,0.0,0.0,0.05,0.01,0.09,-0.02,0.01,0.0,-0.01
1961-04-01,0.0,0.02,0.01,0.01,-0.01,-0.06,0.0,0.0,0.0,0.24,0.0,0.0,0.01,0.03,0.06,-0.03,-0.02,0.06,0.01,-0.55,-0.51,0.01,-0.05,0.16,0.16,0.05,0.02,0.03,0.03,0.0,-0.07,-0.5,0.01,-0.85,-0.02,0.02,0.0,-0.07,0.0,-0.11,-0.11,-0.01,0.74,0.02,0.0,0.04,0.31,0.35,0.21,0.07,,0.0,0.0,-0.07,0.02,-0.02,0.01,0.03,0.01,-0.51,0.06,-0.04,0.06,0.24,0.0,0.02,0.0,0.05,0.04,0.0,0.01,0.22,0.05,-1.09,0.0,0.0,0.01,-0.01,0.0,0.02,0.0,0.1,0.04,0.01,0.02,0.0,-0.02,0.03,0.0,0.02,0.04,0.15,0.04,0.0,-0.01,0.02,0.07,0.03,0.8,0.0,0.01,0.0,0.0,0.0,0.0,0.02,0.0,0.11,-0.02,0.01,0.0,-0.07
1961-07-01,0.0,0.01,0.01,0.0,0.0,0.15,0.0,0.01,0.0,0.24,0.04,0.0,-0.01,-0.03,0.07,0.1,0.13,0.25,0.03,-0.24,-0.24,0.01,-0.01,0.16,0.16,-0.01,0.01,0.0,0.02,0.0,0.12,0.42,-0.01,0.55,0.08,0.03,0.0,0.04,0.03,-0.05,-0.05,-0.02,0.83,0.0,-0.03,-0.02,0.2,0.18,0.11,0.12,,0.0,0.0,0.0,0.04,-0.01,0.01,0.06,-0.03,0.41,0.03,0.03,0.03,0.27,0.0,-0.02,0.01,-0.01,0.07,0.0,0.01,0.15,0.09,0.31,0.01,0.0,0.03,0.0,0.0,-0.02,0.0,0.07,0.09,0.02,0.0,0.02,-0.04,0.07,0.01,0.04,0.04,0.15,0.06,0.0,-0.02,0.01,0.07,0.02,0.9,0.0,0.0,0.0,0.0,0.0,0.0,0.0,0.01,0.07,-0.02,0.01,0.0,0.15
1961-10-01,-0.01,0.01,0.01,0.01,0.0,-0.01,0.0,0.01,0.02,-0.06,0.02,0.0,0.01,0.01,0.01,0.09,0.15,0.23,0.06,-0.18,-0.2,0.01,0.01,0.19,0.18,0.0,-0.02,-0.01,0.02,0.0,-0.03,-0.11,0.0,-0.36,0.05,0.03,0.0,0.09,0.01,0.0,0.0,-0.03,0.77,0.04,-0.04,0.02,0.02,0.04,0.0,0.09,,0.0,0.0,0.03,0.03,0.0,0.02,0.04,0.02,-0.09,0.0,0.04,0.01,-0.02,0.0,-0.01,0.01,0.0,0.05,0.0,0.01,0.1,-0.16,-0.29,0.0,0.0,0.02,0.0,0.0,0.01,0.0,0.13,0.09,0.01,0.03,0.0,-0.02,0.05,0.01,0.04,0.04,0.18,0.06,0.0,-0.03,0.02,0.0,0.02,0.79,0.0,0.0,0.0,0.0,0.0,0.0,0.02,0.01,0.05,-0.04,0.01,0.0,-0.05
1962-01-01,0.01,0.03,0.0,0.0,0.0,-0.12,0.0,0.0,0.02,0.01,0.02,-0.01,-0.01,0.01,0.01,0.08,0.19,0.27,0.11,0.69,0.67,0.01,0.02,0.09,0.11,0.03,-0.01,0.01,0.0,0.0,-0.14,-0.07,0.03,0.62,0.1,0.03,0.0,0.16,0.01,0.08,0.07,-0.02,1.11,0.04,0.01,0.01,0.3,0.31,0.22,0.08,,0.0,0.0,0.09,0.05,0.01,0.02,0.04,0.02,-0.06,0.01,0.02,0.01,0.01,0.0,0.02,0.0,0.03,0.01,0.0,0.03,0.01,-0.02,0.61,0.0,0.0,0.02,0.01,0.0,0.1,0.0,0.15,0.09,0.02,0.04,0.03,-0.04,0.05,0.0,0.01,0.06,0.08,0.05,0.0,-0.02,0.03,0.09,-0.01,1.12,0.01,0.01,0.0,0.0,0.0,0.0,0.05,0.0,0.06,-0.03,0.0,0.0,-0.16
1962-04-01,-0.01,0.02,0.02,0.0,0.0,0.12,0.01,-0.01,0.02,0.07,0.05,0.0,-0.01,-0.01,0.02,0.08,0.06,0.12,-0.02,0.17,0.16,0.01,-0.01,0.17,0.16,0.06,-0.02,-0.02,0.01,0.0,0.11,0.11,0.0,0.48,0.16,0.03,0.0,0.21,0.04,0.12,0.11,-0.04,0.93,0.04,0.01,0.01,0.1,0.11,0.05,0.06,,0.0,0.0,0.13,0.04,-0.07,0.03,0.04,0.01,0.13,0.04,-0.06,0.04,0.18,0.0,0.0,0.01,0.05,0.02,0.0,0.0,0.21,0.03,0.41,0.01,0.01,0.01,-0.07,0.0,0.01,0.0,0.2,0.08,0.01,0.02,0.0,-0.04,0.05,0.0,0.03,0.05,0.16,0.04,0.0,-0.02,0.01,0.02,0.03,0.95,0.01,0.0,0.0,0.0,0.0,0.0,-0.01,0.0,0.09,-0.03,0.02,0.0,0.1
1962-07-01,0.01,-0.01,0.01,0.0,0.0,0.12,0.0,0.0,0.02,0.18,0.01,0.0,0.03,0.03,0.0,0.12,0.04,-0.02,-0.08,0.11,0.07,0.01,0.03,0.17,0.18,-0.02,0.04,-0.02,-0.02,0.0,0.1,-0.06,0.04,0.33,0.08,0.03,0.0,0.16,0.0,0.08,0.08,-0.04,0.74,0.04,0.01,0.05,0.25,0.29,0.16,-0.07,,0.0,0.0,0.08,0.03,0.07,0.0,0.03,0.02,-0.1,0.02,0.01,0.02,0.16,0.0,0.0,0.0,-0.02,-0.04,0.0,-0.06,0.06,0.09,0.15,0.0,0.0,0.03,0.06,0.0,-0.02,0.0,0.06,0.08,0.02,0.01,0.0,-0.06,0.04,0.0,0.01,0.02,0.15,0.04,0.0,-0.02,0.02,0.09,0.0,0.74,0.01,0.01,0.01,0.0,0.0,0.0,0.0,0.0,0.03,-0.03,0.02,0.0,0.08
1962-10-01,0.0,-0.02,0.01,0.02,0.0,0.04,0.0,0.01,0.02,-0.22,0.03,0.0,-0.02,-0.04,0.01,0.09,0.02,0.0,-0.08,0.3,0.28,0.01,0.01,0.13,0.13,0.03,0.06,0.0,0.01,0.0,0.04,0.4,0.03,0.58,0.11,0.0,0.0,0.18,0.02,0.09,0.08,-0.03,0.64,0.04,0.01,-0.02,0.09,0.07,0.05,-0.02,,0.0,0.0,0.1,0.02,-0.01,0.02,0.03,0.03,0.34,0.02,0.0,0.02,-0.19,0.0,-0.02,0.0,0.02,-0.03,0.01,-0.01,0.03,-0.22,0.8,0.0,0.01,0.0,-0.01,0.0,0.06,0.0,0.2,0.09,0.01,0.09,0.02,-0.02,0.06,0.01,0.02,-0.03,0.12,0.05,0.0,-0.02,0.0,0.0,0.04,0.65,0.01,0.0,0.0,0.0,0.0,0.0,0.03,0.0,0.0,-0.02,0.02,0.0,0.0
1963-01-01,0.0,-0.02,0.01,-0.01,0.0,0.03,0.0,0.09,0.02,0.02,0.02,0.0,-0.01,0.01,0.05,0.07,0.02,0.04,-0.05,0.3,0.34,0.01,-0.04,0.15,0.15,0.05,-0.02,-0.01,0.01,0.0,0.01,-0.17,0.01,0.25,0.11,0.0,0.0,0.11,0.02,0.04,0.03,-0.03,0.85,0.02,0.01,0.03,0.26,0.29,0.16,0.02,,0.0,0.0,0.06,0.01,0.02,0.02,0.02,0.02,-0.15,0.02,0.04,0.02,0.01,0.0,0.02,0.01,0.05,-0.03,0.0,0.04,0.01,-0.05,0.23,0.0,0.01,0.02,0.02,0.0,0.06,0.0,0.25,0.07,0.01,0.05,-0.01,-0.01,0.04,0.09,0.03,-0.02,0.14,0.02,0.0,0.0,0.01,0.07,0.03,0.9,0.0,0.0,0.0,0.0,0.0,0.0,0.03,0.0,-0.01,-0.01,0.02,0.0,-0.01
1963-04-01,0.0,-0.02,0.04,0.0,0.0,0.06,0.0,0.04,0.01,0.17,0.02,0.0,-0.01,-0.01,0.02,0.07,-0.06,-0.04,-0.13,-0.28,-0.32,0.01,0.0,0.13,0.12,-0.02,0.06,0.0,0.01,0.0,0.04,-0.21,0.0,0.03,0.1,0.02,0.0,0.12,0.02,0.06,0.05,-0.01,0.58,0.02,0.03,0.0,0.18,0.19,0.11,0.02,,0.0,0.0,0.07,0.02,-0.01,0.1,0.04,0.02,-0.28,0.01,0.01,0.01,0.16,0.0,0.0,0.01,-0.02,-0.03,0.0,0.03,0.1,0.05,-0.15,0.0,0.01,0.02,-0.01,0.0,0.29,0.0,0.14,0.06,0.01,0.03,-0.01,-0.01,0.04,0.04,0.04,0.0,0.12,0.05,0.01,0.02,0.02,0.07,0.01,0.61,0.01,0.01,0.0,0.0,0.0,0.0,0.17,0.01,0.01,-0.01,0.01,0.0,0.02
1963-07-01,0.0,-0.03,0.03,0.0,0.0,0.08,0.0,0.01,0.02,0.16,0.04,0.0,-0.02,-0.04,0.02,0.05,0.01,0.1,-0.04,0.62,0.6,0.0,-0.01,0.04,0.03,0.02,0.0,0.02,0.01,0.01,0.07,0.18,0.01,1.27,0.17,0.01,0.0,0.2,0.02,0.15,0.13,0.0,0.65,0.0,-0.01,-0.04,0.11,0.07,0.05,0.08,,0.0,-0.01,0.15,0.04,0.0,0.07,0.07,0.05,0.19,0.03,0.03,0.03,0.13,0.0,-0.02,0.0,0.01,0.02,0.0,0.01,0.06,0.05,1.11,0.01,0.02,0.01,-0.01,0.0,0.22,0.0,0.15,0.06,0.0,0.04,0.03,-0.01,0.03,0.01,0.04,-0.02,0.03,0.08,0.01,0.02,0.04,0.0,0.05,0.67,0.01,0.01,0.0,0.01,0.0,0.0,0.11,0.0,0.01,-0.01,0.01,0.0,0.02
1963-10-01,0.01,-0.01,0.02,0.0,0.0,0.13,0.01,0.01,0.0,0.18,0.04,0.0,0.0,0.03,0.01,0.02,0.08,0.13,0.06,0.04,0.04,0.01,-0.03,0.15,0.16,0.01,-0.02,0.06,0.04,0.0,0.11,-0.05,0.03,0.49,0.12,0.01,0.0,0.14,0.03,0.08,0.07,-0.01,0.99,0.02,-0.01,0.04,0.25,0.29,0.16,0.05,,0.05,0.0,0.11,0.04,0.0,0.1,0.08,0.04,-0.03,0.03,0.0,0.03,0.09,0.0,0.04,0.01,0.01,0.01,0.0,0.0,0.14,-0.05,0.31,0.0,0.01,0.02,0.05,0.0,0.2,0.0,0.17,0.05,0.01,0.05,0.01,0.0,0.03,0.0,0.04,0.0,0.14,0.08,-0.02,-0.01,0.05,0.07,0.02,1.0,0.01,-0.02,0.0,0.0,0.0,0.0,0.04,0.0,0.03,0.02,0.0,0.0,0.07
1964-01-01,-0.01,0.02,0.01,0.0,0.0,0.1,0.0,0.01,0.02,0.09,0.01,0.0,0.01,-0.06,-0.01,-0.02,0.14,0.22,0.16,0.71,0.71,0.01,0.0,0.09,0.08,0.04,-0.02,0.01,0.02,0.0,0.09,-0.06,0.01,0.98,0.12,0.04,0.0,0.24,0.01,0.16,0.14,-0.02,0.93,0.04,0.0,-0.05,0.11,0.06,0.11,0.09,,0.1,-0.01,0.13,0.06,-0.04,0.05,0.04,0.02,-0.03,0.02,-0.01,0.02,0.08,0.0,-0.07,0.0,0.03,0.01,0.01,0.01,0.06,0.03,0.89,0.0,0.02,0.01,0.06,0.0,0.14,0.0,0.21,0.08,0.01,0.05,-0.01,0.0,0.05,0.0,0.07,0.06,0.09,0.05,-0.03,-0.07,0.04,0.0,0.01,0.92,0.01,-0.05,0.0,0.0,0.0,0.0,0.06,0.0,0.08,0.02,0.0,0.0,0.07
1964-04-01,0.02,0.0,-0.01,0.01,0.0,0.07,0.0,0.01,0.01,-0.03,0.02,0.0,-0.01,0.08,-0.01,-0.01,0.13,0.19,0.14,0.06,0.08,0.01,-0.01,0.12,0.14,-0.01,-0.07,-0.01,0.01,0.0,0.07,-0.18,0.0,-0.06,0.08,0.01,0.0,0.18,0.02,0.08,0.07,-0.02,0.94,0.07,-0.01,0.09,0.12,0.21,0.05,0.06,,-0.01,0.0,0.09,0.03,0.04,0.03,0.03,0.05,-0.11,0.01,-0.02,0.01,-0.04,0.0,0.08,0.01,-0.01,0.01,0.0,0.01,0.01,-0.02,-0.03,0.0,0.01,0.0,0.04,0.0,0.02,0.0,0.18,0.1,0.03,0.03,-0.01,0.0,0.07,0.0,0.06,0.01,0.11,0.04,0.01,-0.02,0.0,0.04,0.02,0.94,0.0,0.0,0.0,0.0,0.0,0.0,0.0,0.0,0.01,-0.03,0.01,0.0,0.02
1964-07-01,0.01,0.0,0.0,0.01,0.0,-0.02,0.01,0.01,0.02,-0.06,0.03,0.0,-0.01,0.01,0.03,-0.05,0.09,0.17,0.14,0.48,0.48,0.0,0.0,0.01,0.02,0.02,-0.01,-0.05,-0.03,0.0,-0.03,-0.03,-0.01,0.39,0.12,0.01,0.0,0.18,0.03,0.08,0.06,-0.01,0.9,0.04,0.01,0.02,0.18,0.2,0.1,0.08,,0.0,0.0,0.09,0.03,0.0,0.03,0.05,0.02,-0.02,0.02,0.01,0.02,0.01,0.0,0.03,0.01,0.01,0.01,0.01,0.03,0.05,-0.05,0.45,0.0,0.01,0.01,0.01,0.0,0.02,0.01,0.22,0.1,0.01,0.06,0.0,-0.01,0.08,0.01,0.06,0.01,0.01,0.07,0.01,-0.02,0.0,0.07,0.01,0.93,0.01,-0.01,0.0,0.0,0.0,0.01,-0.02,-0.01,0.03,-0.02,0.01,0.0,-0.05
1964-10-01,0.01,0.0,0.01,-0.01,0.0,-0.02,0.0,0.0,0.03,-0.11,0.03,0.0,0.0,-0.01,0.01,-0.05,0.05,0.16,0.1,0.36,0.35,0.0,0.0,0.05,0.05,0.02,0.06,-0.04,-0.03,0.0,-0.02,0.2,0.0,0.49,0.14,0.02,0.0,0.25,0.02,0.12,0.11,-0.01,0.83,0.04,0.02,0.0,0.1,0.09,0.05,0.11,,0.01,-0.01,0.13,0.04,0.0,0.02,0.03,0.0,0.14,0.01,0.03,0.01,-0.06,0.0,0.0,0.01,0.01,0.03,0.01,0.04,0.04,-0.13,0.61,0.01,0.01,0.01,0.01,0.0,0.07,0.0,0.2,0.13,0.03,0.05,0.0,-0.01,0.06,0.01,0.06,0.03,0.04,0.03,0.0,-0.02,0.0,0.04,0.0,0.84,0.01,0.0,0.0,-0.01,0.0,0.0,0.02,0.0,0.04,-0.01,0.0,0.0,-0.02
1965-01-01,0.0,0.0,0.01,0.0,0.0,0.11,0.01,-0.04,0.03,0.01,0.04,0.0,0.0,-0.02,0.08,-0.05,-0.09,0.0,-0.04,-0.13,-0.16,0.01,0.02,0.16,0.16,0.07,0.04,-0.03,0.0,0.0,0.08,0.29,0.0,0.46,0.17,0.01,0.0,0.16,0.02,0.06,0.05,-0.02,0.76,0.04,0.01,-0.02,0.14,0.12,0.1,0.09,,-0.01,0.0,0.09,0.02,-0.04,0.02,0.03,0.03,0.25,0.04,0.05,0.04,0.09,0.0,-0.02,0.01,0.07,0.04,0.01,0.02,0.03,0.01,0.45,0.01,0.01,0.03,-0.04,0.0,0.18,0.0,0.24,0.11,0.02,0.05,0.01,0.0,0.06,-0.01,0.06,0.01,0.15,0.03,0.01,-0.02,0.01,0.04,-0.01,0.84,0.02,0.0,0.0,-0.03,0.0,0.0,0.12,0.0,0.05,-0.02,0.0,0.0,0.05
1965-04-01,0.01,0.0,0.01,0.0,0.0,0.06,0.0,-0.05,0.02,-0.19,0.06,0.0,-0.02,-0.04,0.05,-0.03,-0.03,0.06,0.01,0.95,0.89,0.01,0.05,0.07,0.08,0.01,0.0,-0.01,0.02,0.01,0.05,0.16,0.0,1.21,0.17,0.01,0.0,0.2,0.04,0.08,0.07,-0.03,0.78,0.06,-0.01,-0.03,0.18,0.15,0.15,0.09,,-0.02,-0.01,0.12,0.04,0.04,0.04,0.04,0.01,0.16,0.06,0.04,0.06,-0.17,0.0,-0.02,0.01,0.0,0.01,0.01,0.02,-0.04,-0.17,1.39,0.01,0.01,0.01,0.03,0.0,0.22,0.0,0.17,0.12,0.03,0.05,0.01,0.0,0.06,0.0,0.04,0.01,0.06,0.05,0.0,-0.04,0.01,0.0,0.02,0.83,0.01,0.0,0.0,-0.05,0.0,0.01,0.16,0.0,0.07,-0.04,0.01,0.0,0.05
1965-07-01,0.02,0.0,0.02,-0.01,0.0,0.16,0.0,-0.01,0.02,-0.3,0.03,0.03,0.01,-0.01,0.03,-0.01,0.02,0.15,0.03,0.51,0.47,0.01,0.02,0.2,0.22,0.02,0.0,-0.04,0.03,0.0,0.12,0.05,0.0,0.51,0.09,0.01,0.0,0.14,0.01,0.04,0.04,-0.06,0.97,0.07,0.01,0.03,0.12,0.15,0.05,0.13,,-0.06,-0.01,0.07,0.02,0.01,0.05,0.05,0.06,0.05,0.04,0.01,0.04,-0.19,0.0,-0.02,0.01,0.02,0.06,0.01,0.04,0.02,-0.23,0.81,0.01,0.0,0.04,-0.02,0.0,0.09,0.0,0.21,0.1,0.02,0.07,-0.04,-0.01,0.06,0.01,0.03,0.01,0.19,0.05,0.02,-0.05,-0.02,0.06,0.0,0.99,0.0,0.01,0.0,-0.02,0.0,0.0,0.08,0.0,0.05,-0.07,0.04,0.0,0.06
1965-10-01,0.0,0.0,0.03,-0.01,0.0,0.09,0.01,0.0,0.01,-0.33,0.05,0.0,0.01,0.04,0.06,0.03,0.09,0.21,0.05,-0.02,-0.08,0.01,0.03,0.25,0.24,0.04,0.1,-0.01,0.03,0.01,0.01,0.19,0.0,0.0,0.14,0.01,0.0,0.16,0.03,0.03,0.03,-0.04,1.16,0.05,0.01,0.07,0.18,0.25,0.1,0.12,,-0.09,-0.01,0.08,0.03,0.01,0.02,0.03,0.06,0.09,0.05,0.01,0.05,-0.16,0.0,0.02,0.01,0.04,0.03,0.01,0.05,0.16,-0.33,0.34,0.01,0.0,0.08,-0.07,0.0,0.08,0.0,0.22,0.12,0.03,0.05,-0.07,0.0,0.08,0.01,0.02,0.01,0.23,0.03,0.02,-0.09,0.0,0.06,0.02,1.22,0.02,0.01,0.0,-0.01,0.0,0.0,0.11,-0.01,0.06,-0.12,0.03,0.0,-0.06
1966-01-01,-0.01,0.0,0.03,0.0,0.0,0.24,0.01,-0.26,0.01,-0.08,0.04,0.01,-0.01,0.0,0.06,0.14,0.26,0.38,0.12,1.56,1.49,0.02,0.04,0.17,0.16,0.07,0.01,0.02,0.03,0.01,0.17,0.01,0.01,1.92,0.15,0.01,0.0,0.22,0.02,0.06,0.05,-0.01,1.15,0.06,0.03,0.01,0.28,0.3,0.2,0.13,,-0.03,-0.01,0.09,0.05,0.01,0.03,0.05,0.06,0.0,-0.02,0.0,-0.02,-0.08,0.0,0.01,0.01,0.06,0.04,0.0,0.03,-0.02,-0.06,2.0,0.01,0.01,0.08,-0.01,0.0,0.18,0.01,0.04,0.16,0.04,0.1,-0.01,0.01,0.11,-0.01,0.03,0.01,0.15,0.07,0.02,-0.02,0.02,0.04,0.04,1.21,0.01,0.01,0.01,-0.25,0.0,0.0,0.1,-0.01,-0.01,-0.05,0.01,0.0,0.11
1966-04-01,0.02,0.0,0.02,0.01,0.0,0.25,0.01,0.12,0.02,0.26,0.08,0.0,0.01,0.01,0.07,0.11,0.22,0.31,0.11,0.74,0.75,0.02,-0.02,0.28,0.29,-0.01,0.02,0.08,0.06,0.01,0.15,0.04,0.02,1.53,0.23,0.02,0.0,0.32,0.05,0.1,0.08,-0.01,1.7,0.05,0.04,0.03,0.22,0.26,0.15,0.08,,0.0,-0.01,0.16,0.05,0.05,0.05,0.05,0.05,0.02,0.02,0.03,0.02,0.14,0.0,0.0,0.01,-0.02,0.02,0.01,0.01,-0.01,0.12,1.27,0.02,0.01,0.1,0.05,0.0,0.24,0.01,0.42,0.23,0.06,0.13,0.02,0.0,0.15,0.0,0.04,0.02,0.26,0.07,-0.01,0.0,0.02,0.08,-0.01,1.77,0.02,0.0,0.01,0.12,0.0,0.01,0.1,-0.01,0.04,-0.02,0.02,0.0,0.1
1966-07-01,0.03,0.0,0.01,-0.01,0.0,0.3,0.01,0.14,0.03,0.26,0.07,-0.01,-0.01,-0.01,0.06,0.06,0.15,0.25,0.09,0.33,0.32,0.02,0.0,0.33,0.35,-0.01,0.01,0.15,0.12,0.01,0.22,0.22,0.03,1.32,0.23,0.07,0.0,0.39,0.04,0.14,0.11,0.01,1.71,0.07,0.07,-0.01,0.13,0.12,0.05,0.1,,0.01,-0.01,0.17,0.04,0.01,0.04,0.03,0.07,0.21,0.05,0.02,0.05,0.07,0.0,0.0,0.01,-0.03,0.02,0.01,0.03,0.03,0.02,1.05,0.01,0.02,0.09,0.02,0.0,0.2,0.0,0.44,0.26,0.06,0.12,0.02,0.0,0.16,0.01,0.06,0.07,0.31,0.02,0.0,0.02,0.01,0.02,0.06,1.77,0.02,0.03,0.0,0.13,0.0,0.01,0.06,0.0,0.13,-0.02,0.0,0.0,0.14
1966-10-01,0.02,0.01,-0.01,0.02,0.0,0.3,0.01,0.0,0.03,0.27,0.05,0.0,0.0,0.0,0.07,-0.01,0.07,0.16,0.09,0.22,0.23,0.02,-0.01,0.29,0.31,0.01,0.01,0.15,0.12,0.01,0.22,0.22,0.03,1.2,0.27,0.04,0.0,0.44,0.03,0.2,0.17,-0.01,1.85,0.09,0.08,0.0,0.4,0.4,0.24,0.08,,0.02,-0.02,0.2,0.04,0.03,0.05,0.05,0.08,0.21,0.07,0.02,0.07,0.05,0.0,0.0,0.01,-0.01,0.02,0.0,0.02,0.04,-0.01,0.93,0.01,0.03,0.08,0.06,0.0,0.19,0.01,0.33,0.24,0.05,0.13,0.01,0.0,0.15,0.01,0.04,0.05,0.27,0.08,0.0,0.02,0.03,0.12,0.03,1.91,0.02,0.01,0.01,0.0,0.0,0.01,0.02,0.0,0.12,-0.01,0.0,0.0,0.13
1967-01-01,0.02,-0.01,0.03,0.01,0.0,0.33,0.01,0.0,0.03,-0.12,0.04,0.01,0.02,0.02,0.01,-0.11,-0.06,-0.07,0.05,-0.68,-0.68,0.02,-0.03,0.37,0.39,-0.05,0.07,0.07,0.07,0.0,0.27,0.12,0.01,-0.17,0.19,0.01,0.0,0.39,0.02,0.18,0.15,-0.01,1.33,0.01,0.06,0.03,0.3,0.33,0.24,-0.01,,0.0,0.0,0.18,0.01,0.03,0.04,0.05,0.07,0.05,0.08,0.0,0.08,-0.27,0.0,0.0,0.01,-0.05,-0.04,0.0,0.02,-0.14,-0.13,-0.05,0.01,0.03,0.06,0.05,0.0,0.18,0.0,0.14,0.21,0.05,0.07,0.01,-0.02,0.12,0.01,0.06,0.01,0.35,0.06,0.01,0.03,0.03,0.04,0.02,1.34,0.01,0.02,0.01,0.0,0.0,0.01,0.05,0.0,0.09,0.0,0.01,0.0,0.2
1967-04-01,0.01,0.0,0.02,0.01,0.0,0.27,0.01,0.0,0.02,0.26,0.06,0.0,0.01,0.0,0.07,-0.06,-0.05,-0.01,0.01,-0.28,-0.31,0.02,0.0,0.34,0.35,0.02,0.0,0.07,0.05,0.01,0.21,0.12,0.02,0.49,0.25,0.04,0.0,0.34,0.05,0.17,0.14,0.01,1.36,0.03,0.03,0.02,0.2,0.22,0.1,0.04,,0.01,-0.01,0.18,0.04,-0.02,0.01,0.06,0.09,0.12,0.07,0.01,0.07,0.19,0.0,-0.01,0.01,0.0,-0.02,0.01,0.02,0.09,0.09,0.23,0.01,0.02,0.06,0.0,0.0,0.12,0.0,0.27,0.17,0.03,0.1,0.04,-0.02,0.12,0.0,0.06,0.04,0.32,0.08,0.02,-0.01,0.02,0.08,0.02,1.43,0.01,0.03,0.01,0.0,0.0,0.01,0.04,-0.01,0.11,-0.06,0.01,0.0,0.13
1967-07-01,0.02,0.01,0.07,0.02,0.01,0.33,0.01,0.01,0.03,0.66,0.03,0.01,0.03,0.04,0.04,0.0,0.0,0.15,0.01,0.78,0.7,0.01,0.02,0.23,0.25,0.02,0.05,0.14,0.11,0.01,0.28,0.1,0.01,2.21,0.25,0.03,0.0,0.41,0.02,0.23,0.19,0.02,1.51,0.03,0.03,0.06,0.24,0.3,0.15,0.15,,0.02,-0.01,0.2,0.06,0.0,0.08,0.06,0.11,0.05,0.07,0.04,0.08,0.5,0.0,0.01,0.01,0.01,0.07,0.01,0.02,0.2,0.26,1.55,0.0,0.04,0.06,0.03,0.0,0.34,0.01,0.2,0.18,0.04,0.05,0.03,0.0,0.11,0.01,0.05,0.03,0.21,0.1,0.02,-0.01,0.05,0.06,0.03,1.55,0.02,-0.02,0.01,0.01,0.0,0.01,0.14,0.0,0.11,-0.03,0.02,0.0,0.16
1967-10-01,0.01,0.01,0.06,0.03,0.0,0.29,0.01,-0.03,0.05,0.6,0.05,0.0,0.03,0.03,0.06,0.14,0.13,0.31,-0.01,0.26,0.19,0.02,0.0,0.29,0.3,0.02,0.03,0.12,0.08,0.01,0.24,0.05,0.02,1.59,0.26,0.02,0.0,0.4,0.04,0.2,0.17,0.02,1.84,0.1,0.05,0.05,0.33,0.38,0.25,0.18,,0.02,-0.01,0.2,0.06,0.0,0.08,0.07,0.07,0.02,0.07,0.05,0.07,0.38,0.0,0.0,0.01,0.01,0.1,0.0,0.02,0.09,0.24,1.0,0.0,0.04,0.05,0.03,0.0,0.39,0.01,0.23,0.2,0.03,0.01,0.03,0.01,0.12,0.0,0.07,0.02,0.27,0.13,0.02,0.06,0.05,0.06,0.02,1.9,0.02,0.03,0.02,-0.04,0.0,0.0,0.17,0.0,0.09,0.0,0.02,0.0,0.17
1968-01-01,0.03,0.01,0.04,0.03,0.0,0.45,0.01,0.07,0.04,0.39,0.06,0.0,0.01,0.01,0.07,0.17,0.1,0.37,-0.07,0.63,0.58,0.02,0.01,0.29,0.32,0.06,0.02,0.29,0.15,0.01,0.35,0.12,0.08,1.92,0.31,0.04,0.0,0.41,0.04,0.24,0.2,0.03,2.33,0.16,0.07,0.03,0.37,0.4,0.25,0.26,,0.01,-0.02,0.24,0.07,0.0,0.05,0.08,0.14,0.11,0.1,0.04,0.1,0.0,0.0,0.01,0.01,0.05,0.16,0.0,0.03,-0.03,-0.01,1.53,0.01,0.04,0.1,0.03,0.0,0.33,0.01,0.55,0.17,0.03,0.13,0.02,0.0,0.1,0.08,0.05,0.05,0.27,0.13,0.02,0.08,0.05,0.13,0.0,2.4,0.03,0.04,0.01,-0.01,0.0,0.01,0.13,0.02,0.15,0.01,0.02,0.0,0.21
1968-04-01,0.03,0.01,0.02,0.02,0.01,0.55,0.01,0.07,0.02,0.37,0.05,0.0,0.0,0.02,0.06,0.2,0.24,0.48,0.04,0.5,0.47,0.02,0.01,0.3,0.33,0.03,0.04,0.21,0.1,0.01,0.47,-0.02,0.07,1.77,0.28,0.04,0.0,0.38,0.03,0.23,0.2,0.02,2.32,0.11,0.08,0.04,0.42,0.46,0.29,0.23,,0.0,-0.02,0.22,0.06,-0.01,0.07,0.06,0.14,-0.06,0.09,0.0,0.09,0.13,0.01,0.02,0.01,0.01,0.17,0.0,0.0,0.05,0.09,1.4,0.01,0.03,0.08,0.0,0.0,0.36,0.01,0.44,0.14,0.03,0.13,0.05,-0.01,0.1,0.03,0.04,0.05,0.28,0.1,0.0,0.04,0.06,0.12,0.01,2.38,0.02,0.02,0.01,0.03,0.0,0.0,0.11,0.02,0.14,0.0,0.02,0.0,0.32
1968-07-01,0.02,0.02,0.02,0.01,0.0,0.49,0.01,0.03,0.04,0.52,0.08,0.0,0.0,0.02,0.07,0.16,0.28,0.47,0.12,0.5,0.47,0.02,0.01,0.36,0.38,0.06,0.04,0.15,0.09,0.01,0.39,0.16,0.03,1.92,0.3,0.01,0.0,0.38,0.06,0.22,0.17,0.02,2.22,0.05,0.06,0.04,0.35,0.39,0.24,0.19,,0.06,-0.02,0.23,0.07,0.01,0.03,0.06,0.18,0.12,0.09,0.02,0.09,0.2,0.01,0.02,0.01,0.04,0.12,0.0,0.0,0.06,0.12,1.4,0.01,0.04,0.1,0.08,0.0,0.25,0.01,0.37,0.16,0.03,0.09,0.04,0.0,0.1,0.01,0.05,0.03,0.34,0.1,0.01,0.08,0.09,0.1,0.01,2.29,0.02,0.04,0.02,0.02,0.0,0.01,0.02,0.01,0.12,0.01,0.02,0.0,0.21
1968-10-01,0.02,0.0,0.02,0.01,0.0,0.39,0.01,0.04,0.03,0.57,0.07,0.01,0.0,0.01,0.09,0.07,0.26,0.39,0.18,0.77,0.74,0.02,0.01,0.31,0.33,0.0,0.0,0.17,0.07,0.01,0.3,0.05,0.04,2.09,0.33,0.06,0.0,0.44,0.04,0.23,0.19,0.04,2.32,0.1,0.06,0.06,0.43,0.49,0.28,0.13,,0.07,-0.01,0.25,0.05,0.01,0.03,0.05,0.16,0.05,0.1,0.04,0.11,0.23,0.01,0.0,0.01,-0.01,0.06,0.0,0.02,0.02,0.16,1.52,0.02,0.04,0.09,0.1,0.0,0.31,0.01,0.42,0.21,0.04,0.11,0.07,0.02,0.14,0.02,0.07,0.06,0.29,0.08,0.02,0.08,0.08,0.12,0.03,2.41,0.04,0.03,0.02,0.02,0.0,0.01,0.04,0.01,0.17,0.0,0.05,0.0,0.13
1969-01-01,0.03,0.03,0.03,0.0,0.0,0.39,0.01,0.02,0.06,0.36,0.07,0.0,0.03,0.03,0.12,0.03,0.39,0.45,0.35,0.27,0.24,0.02,0.0,0.29,0.32,0.02,0.01,0.17,0.13,0.01,0.31,0.19,0.01,1.44,0.35,0.03,0.0,0.48,0.04,0.21,0.18,0.02,2.37,0.09,0.0,0.07,0.41,0.47,0.27,0.06,,0.04,-0.02,0.23,0.03,0.05,0.05,0.07,0.16,0.18,0.12,0.03,0.12,0.02,0.0,0.0,0.01,0.0,-0.05,0.0,0.08,0.07,-0.08,1.08,0.02,0.03,0.08,0.1,0.0,0.23,0.01,0.39,0.27,0.04,0.09,0.05,0.02,0.18,0.0,0.08,0.07,0.27,0.08,0.02,0.07,0.04,0.1,0.03,2.49,0.04,0.03,0.03,0.02,0.0,0.01,0.07,0.01,0.19,-0.01,0.04,0.0,0.15
1969-04-01,0.03,0.09,0.04,0.01,0.01,0.35,0.01,0.02,0.08,0.47,0.09,0.01,0.07,0.08,0.12,0.02,0.25,0.34,0.23,1.0,0.92,0.02,0.04,0.33,0.36,0.0,0.02,0.19,0.15,0.02,0.27,0.31,0.01,2.48,0.42,0.04,0.0,0.57,0.05,0.27,0.23,0.02,2.59,0.06,0.05,0.1,0.48,0.58,0.28,0.09,,0.04,-0.03,0.3,0.06,0.01,0.05,0.07,0.1,0.3,0.1,0.03,0.1,0.14,0.01,0.01,0.02,-0.03,0.0,0.0,0.02,0.01,0.11,2.01,0.02,0.04,0.08,0.06,0.0,0.35,0.01,0.41,0.3,0.05,0.09,0.06,0.02,0.17,-0.01,0.14,0.13,0.31,0.11,0.02,0.08,0.07,0.14,0.06,2.71,0.04,0.01,0.03,0.03,0.0,0.01,0.08,0.01,0.23,0.01,0.02,0.0,0.16
1969-07-01,0.04,0.03,0.08,-0.02,0.01,0.37,0.01,0.01,0.03,0.3,0.1,0.0,0.06,0.08,0.1,-0.01,0.18,0.27,0.19,1.28,1.2,0.03,0.0,0.4,0.44,0.02,0.02,0.15,0.09,0.01,0.28,-0.04,0.02,2.31,0.38,0.04,0.0,0.46,0.05,0.26,0.21,0.02,2.57,0.06,0.06,0.11,0.63,0.73,0.41,0.09,,0.01,-0.02,0.28,0.05,0.01,0.02,0.09,0.13,-0.06,0.1,0.02,0.1,0.08,0.01,0.02,0.01,0.0,-0.02,0.01,0.05,-0.06,0.12,2.01,0.03,0.05,0.09,0.04,0.0,0.39,0.01,0.41,0.2,0.04,0.07,0.04,0.0,0.13,0.01,0.14,0.06,0.38,0.1,0.03,0.04,0.05,0.18,0.04,2.67,0.03,0.0,0.0,0.01,0.0,0.01,0.21,0.02,0.16,-0.01,0.03,0.0,0.15
1969-10-01,0.04,0.02,0.09,0.0,0.0,0.31,0.01,0.01,0.05,0.38,0.09,0.0,0.05,0.11,0.08,0.0,0.14,0.3,0.15,0.91,0.81,0.03,0.01,0.49,0.53,-0.01,0.02,0.12,0.08,0.02,0.21,-0.04,0.02,1.91,0.4,0.03,0.0,0.54,0.04,0.32,0.27,0.02,2.71,0.1,0.04,0.12,0.58,0.7,0.37,0.16,,0.01,-0.02,0.31,0.06,0.02,0.05,0.07,0.09,-0.06,0.12,0.04,0.12,0.22,0.0,0.06,0.01,-0.02,0.01,0.01,0.08,0.04,0.14,1.53,0.04,0.05,0.09,0.05,0.0,0.35,0.01,0.36,0.23,0.04,0.08,0.0,0.02,0.14,0.01,0.08,0.05,0.46,0.09,0.01,0.0,0.04,0.18,0.03,2.79,0.03,0.0,-0.02,0.0,0.0,0.01,0.19,0.0,0.18,0.0,0.01,0.0,0.12
1970-01-01,0.03,0.07,0.03,-0.01,0.0,0.22,0.01,-0.04,0.02,0.12,0.1,0.0,0.0,0.06,0.06,-0.04,0.04,0.19,0.08,1.25,1.21,0.02,0.01,0.41,0.44,-0.03,0.01,0.08,0.04,0.02,0.15,-0.05,0.02,1.96,0.4,0.15,0.0,0.55,0.06,0.36,0.3,0.04,2.7,0.09,0.12,0.09,0.62,0.71,0.41,0.15,,0.01,-0.03,0.34,0.08,0.0,0.09,0.08,0.08,-0.06,0.16,0.04,0.16,0.05,0.0,0.06,0.02,-0.06,-0.01,0.0,0.08,-0.02,0.02,1.84,0.03,0.06,0.07,0.03,0.0,0.42,0.0,0.33,0.19,0.03,0.1,0.03,0.02,0.14,0.0,0.11,0.22,0.39,0.09,0.03,-0.04,0.04,0.15,0.06,2.75,0.02,-0.01,-0.06,-0.03,0.0,0.01,0.11,-0.01,0.38,-0.01,0.03,0.0,0.07
1970-04-01,0.04,-0.01,0.07,0.0,0.0,0.18,0.01,0.08,0.05,0.23,0.08,0.01,0.03,0.08,0.05,-0.02,0.02,0.17,0.03,0.54,0.49,0.03,-0.02,0.56,0.6,0.07,0.03,0.08,0.02,0.01,0.11,0.31,0.02,1.64,0.35,0.03,0.0,0.59,0.05,0.32,0.26,0.04,2.81,0.08,0.06,0.12,0.58,0.7,0.4,0.15,,0.01,-0.03,0.3,0.06,0.01,0.04,0.09,0.09,0.28,0.12,0.02,0.12,0.15,0.0,0.05,0.02,0.05,0.05,0.0,0.04,0.05,0.07,1.41,0.03,0.06,0.06,0.04,0.0,0.38,0.0,0.5,0.28,0.05,0.09,0.03,0.05,0.18,-0.01,0.11,0.03,0.53,0.1,-0.01,-0.03,0.05,0.17,0.0,2.86,0.01,0.02,-0.06,0.09,0.0,0.01,0.13,0.0,0.15,0.01,0.04,0.0,0.02
1970-07-01,0.03,0.03,0.07,0.01,0.0,0.25,0.01,0.02,0.05,0.41,0.1,0.01,0.07,0.12,0.05,0.03,0.04,0.19,0.0,0.41,0.36,0.01,-0.01,0.31,0.34,0.03,0.05,0.03,0.02,0.01,0.21,-0.1,0.01,1.38,0.3,0.05,0.0,0.45,0.07,0.21,0.18,0.01,2.51,0.07,0.05,0.22,0.58,0.8,0.4,0.15,,0.0,-0.01,0.25,0.05,0.01,0.11,0.08,0.05,-0.15,0.13,0.1,0.14,0.33,0.0,0.05,0.01,0.02,0.05,0.0,0.05,0.04,0.19,0.97,0.03,0.04,0.04,0.03,0.0,0.4,0.01,0.4,0.24,0.04,0.07,0.04,0.03,0.15,0.0,0.1,0.08,0.29,0.1,0.01,0.01,0.06,0.15,0.03,2.56,0.01,-0.01,0.0,0.02,0.0,0.02,0.1,-0.01,0.22,0.0,0.1,0.0,0.16
1970-10-01,0.02,0.05,0.04,0.02,0.0,0.36,0.01,0.08,0.05,0.9,0.1,0.01,0.18,0.23,0.12,0.14,0.1,0.31,-0.03,0.3,0.28,0.01,-0.02,0.29,0.32,0.03,0.07,0.11,0.06,0.02,0.31,0.32,0.02,2.2,0.35,0.07,0.0,0.42,0.07,0.17,0.13,0.03,2.97,0.09,0.05,0.29,0.72,1.01,0.45,0.21,,0.01,-0.02,0.22,0.06,0.0,0.11,0.07,0.09,0.25,0.11,0.05,0.12,0.63,0.0,0.05,0.02,0.01,0.09,0.0,0.05,0.07,0.51,1.3,0.02,0.04,0.05,0.03,0.0,0.31,0.01,0.55,0.25,0.04,0.06,0.03,-0.01,0.16,0.03,0.16,0.12,0.28,0.12,0.05,0.13,0.05,0.23,0.04,3.1,0.04,-0.01,0.08,0.05,0.0,0.01,0.06,0.0,0.24,0.01,0.06,0.0,0.22
1971-01-01,0.02,0.01,0.06,0.02,0.0,0.26,0.0,0.12,0.05,0.76,0.05,0.01,0.1,0.18,0.12,0.11,0.0,0.27,-0.11,-0.33,-0.4,0.02,0.01,0.4,0.42,0.11,0.04,0.09,0.06,0.01,0.21,0.01,0.01,1.01,0.24,0.04,0.0,0.3,0.04,0.06,0.05,0.03,2.71,0.05,0.09,0.23,0.7,0.94,0.49,0.26,,0.02,-0.01,0.12,0.03,0.0,0.06,0.06,0.05,-0.03,0.12,0.01,0.12,0.48,0.0,0.08,0.01,0.1,0.09,0.0,0.14,0.15,0.32,0.25,0.01,0.02,0.05,0.04,0.0,0.31,0.01,0.5,0.24,0.03,0.05,0.04,0.01,0.15,0.01,0.09,0.05,0.38,0.11,0.03,0.14,0.05,0.19,0.02,2.83,0.03,-0.01,0.12,0.11,0.0,0.01,0.04,0.0,0.18,0.0,0.06,0.0,0.15
1971-04-01,0.01,0.05,0.06,0.02,0.0,0.27,0.01,0.15,0.05,0.39,0.06,0.01,0.06,0.14,0.08,0.11,0.08,0.36,-0.04,1.13,1.06,0.01,0.01,0.23,0.24,0.1,0.03,0.09,0.03,0.01,0.23,-0.26,0.02,1.87,0.26,0.05,0.0,0.39,0.04,0.16,0.13,0.03,2.69,0.04,0.1,0.18,0.71,0.89,0.48,0.29,,0.02,-0.02,0.19,0.04,0.0,0.04,0.04,0.08,-0.29,0.17,-0.01,0.18,0.11,0.01,0.08,0.02,0.09,0.16,0.01,0.07,0.12,0.0,1.48,0.02,0.03,0.04,0.04,0.01,0.33,0.01,0.45,0.23,0.03,0.04,0.05,0.02,0.15,0.11,0.03,0.1,0.22,0.08,0.01,0.16,0.06,0.2,0.02,2.77,0.04,0.02,0.11,0.04,0.0,0.01,0.05,-0.01,0.28,0.01,0.04,0.0,0.15
1971-07-01,0.01,0.06,0.06,0.01,0.0,0.14,0.0,0.24,0.04,-0.14,0.08,0.01,0.12,0.18,0.1,0.12,0.12,0.39,0.0,0.5,0.44,0.01,0.0,0.29,0.3,0.05,0.04,0.08,0.04,0.01,0.12,0.3,0.02,1.07,0.31,0.07,0.0,0.36,0.06,0.18,0.15,0.02,2.81,0.06,0.03,0.22,0.63,0.85,0.43,0.27,,0.01,-0.01,0.21,0.05,0.03,0.03,0.05,0.01,0.26,0.15,0.06,0.15,-0.36,0.0,0.05,0.01,0.03,0.17,0.01,0.04,-0.03,-0.39,1.21,0.02,0.03,0.02,0.06,0.0,0.26,0.01,0.55,0.18,0.03,0.02,0.03,0.01,0.11,0.06,0.09,0.13,0.28,0.08,0.01,0.08,0.03,0.15,0.05,2.92,0.03,0.0,0.05,0.17,0.0,0.01,0.12,0.0,0.28,0.02,0.04,0.0,0.11
1971-10-01,0.01,0.0,0.02,0.0,0.0,0.09,0.0,0.02,0.04,-0.31,0.06,0.0,0.06,0.09,0.05,0.05,0.08,0.27,0.03,0.4,0.35,0.01,0.03,0.18,0.2,0.15,-0.01,0.02,0.01,0.01,0.05,0.19,0.02,0.56,0.25,0.01,0.0,0.33,0.04,0.19,0.16,-0.01,1.89,0.04,0.02,0.1,0.43,0.53,0.26,0.19,,0.0,-0.01,0.19,0.05,0.03,0.02,0.02,0.02,0.2,0.06,0.04,0.06,-0.37,0.0,0.03,0.01,0.14,0.13,0.0,0.01,-0.03,-0.37,0.87,0.01,0.03,0.04,0.04,0.0,0.18,0.0,0.45,0.15,0.02,0.03,0.02,0.01,0.08,0.01,0.14,0.01,0.18,0.04,0.0,0.0,0.03,0.13,0.04,1.95,0.03,0.01,-0.01,0.01,0.0,0.01,0.07,0.0,0.07,0.0,0.01,0.0,0.03
1972-01-01,0.01,0.0,0.04,0.01,0.0,0.16,0.01,0.16,0.03,0.53,0.08,0.02,0.06,0.12,0.07,0.05,0.19,0.39,0.14,1.28,1.21,0.01,0.02,0.16,0.18,0.03,-0.04,0.05,0.04,0.01,0.13,-0.2,0.01,2.01,0.31,0.04,0.0,0.34,0.05,0.25,0.21,0.01,2.2,0.06,0.02,0.14,0.54,0.67,0.38,0.2,,0.02,-0.01,0.24,0.07,0.02,0.01,0.05,0.0,-0.16,0.08,-0.01,0.08,0.39,0.0,0.06,-0.01,0.02,0.15,0.0,-0.01,0.06,0.34,1.48,0.01,0.05,0.03,0.06,0.0,0.24,0.01,0.43,0.09,0.01,0.02,0.02,-0.01,0.05,0.0,0.07,0.04,0.15,0.07,0.01,0.03,0.06,0.14,0.01,2.27,0.03,-0.02,0.02,0.16,0.0,0.01,0.15,-0.01,0.12,0.02,0.01,0.0,0.13
1972-04-01,0.01,-0.01,0.02,0.0,0.0,0.07,0.01,0.05,0.02,0.31,0.04,0.01,0.08,0.09,0.04,0.03,0.07,0.18,0.04,0.2,0.17,0.01,0.01,0.27,0.28,0.0,0.02,0.06,0.03,0.01,0.04,-0.11,0.02,0.63,0.2,0.0,0.0,0.23,0.02,0.16,0.13,0.01,1.67,0.05,0.03,0.1,0.41,0.51,0.25,0.11,,0.02,-0.01,0.16,0.04,0.0,0.0,0.03,0.03,-0.13,0.05,-0.01,0.05,0.2,0.0,0.01,-0.01,-0.02,0.05,0.0,0.02,0.14,0.08,0.32,0.01,0.02,0.03,0.03,0.0,0.16,0.0,0.38,0.08,0.01,0.03,0.06,0.0,0.05,-0.02,0.2,0.0,0.26,0.04,0.05,0.02,0.0,0.14,0.01,1.7,0.02,-0.03,0.0,0.07,0.0,0.0,0.08,0.0,0.05,0.0,0.01,0.0,0.01
1972-07-01,0.0,0.01,0.03,-0.01,0.01,0.02,0.01,0.07,0.02,0.31,0.12,0.0,0.08,0.1,0.1,0.01,0.05,0.19,0.04,0.74,0.69,0.01,0.02,0.24,0.24,-0.01,0.04,0.09,0.04,0.01,-0.03,0.32,0.05,1.52,0.44,0.01,0.0,0.41,0.07,0.34,0.29,0.0,1.94,0.03,0.03,0.13,0.55,0.67,0.37,0.14,,0.02,-0.02,0.34,0.04,0.02,0.01,0.04,0.03,0.28,0.07,0.0,0.07,0.14,0.0,0.03,0.04,-0.02,0.05,0.0,0.04,0.03,0.11,1.21,0.05,0.05,0.05,0.05,0.0,0.13,0.0,0.3,0.06,0.01,0.02,0.02,0.0,0.04,0.0,0.04,0.02,0.23,0.05,0.01,0.04,0.01,0.12,0.05,2.04,0.04,0.0,0.03,0.07,0.0,0.0,0.02,0.01,0.09,0.0,0.02,0.0,-0.06
1972-10-01,0.02,0.03,0.01,0.01,0.0,0.3,0.01,0.06,0.02,-0.19,0.08,0.0,0.06,0.12,0.1,-0.01,0.03,0.08,0.04,0.86,0.82,0.01,0.03,0.24,0.26,0.09,-0.01,0.11,0.06,0.01,0.25,0.33,0.05,1.37,0.3,0.02,0.0,0.26,0.03,0.16,0.13,0.0,1.82,0.04,0.01,0.15,0.5,0.64,0.29,0.06,,0.02,-0.02,0.2,0.04,0.02,0.04,0.03,0.13,0.34,0.08,-0.02,0.08,-0.39,0.0,0.06,-0.03,0.07,0.01,0.0,0.0,0.02,-0.39,1.57,0.04,0.02,0.06,0.04,0.0,0.08,0.01,0.39,0.1,0.02,0.05,0.01,0.0,0.07,0.02,0.06,0.05,0.23,0.05,0.02,0.04,0.02,0.14,0.07,1.93,0.04,0.01,0.02,0.04,0.0,0.01,0.03,0.0,0.12,-0.01,0.03,0.0,0.11
1973-01-01,0.02,0.01,0.04,0.01,0.0,0.23,-0.03,0.0,0.02,0.26,-0.07,0.0,0.15,0.19,-0.02,-0.09,-0.13,-0.19,-0.05,2.26,2.17,0.01,0.06,0.25,0.27,0.0,0.08,0.09,0.08,0.02,0.18,0.23,0.02,3.17,0.12,0.0,0.0,0.32,-0.05,0.2,0.17,0.0,1.77,0.08,0.03,0.2,0.76,0.96,0.56,-0.06,,0.02,-0.03,0.14,0.05,-0.02,0.03,0.03,0.09,0.15,0.12,-0.05,0.13,0.11,0.0,0.03,0.07,-0.03,-0.1,0.0,-0.01,0.09,0.06,2.9,0.01,0.03,0.05,0.01,0.01,0.18,0.0,0.2,0.12,0.03,0.06,0.02,0.0,0.07,0.0,0.12,0.01,0.24,0.06,0.01,0.05,0.02,0.22,-0.03,1.75,0.03,0.01,0.04,0.0,0.0,0.01,0.02,0.0,0.15,-0.01,0.02,0.0,0.09
1973-04-01,0.03,0.03,0.03,0.02,0.01,0.42,0.07,0.05,0.03,0.52,0.19,0.0,0.08,0.11,0.19,-0.02,0.12,0.28,0.14,2.78,2.72,0.03,0.03,0.6,0.63,0.16,0.15,0.11,0.08,0.03,0.34,0.58,0.02,4.66,0.54,0.01,0.0,0.43,0.08,0.31,0.28,0.01,3.06,0.07,0.04,0.18,0.57,0.75,0.4,0.16,,0.03,-0.03,0.34,0.07,0.05,0.06,0.07,0.08,0.43,0.12,-0.04,0.14,0.25,0.0,0.03,0.09,0.14,0.09,0.0,0.0,0.11,0.19,4.14,0.05,0.04,0.08,0.1,0.02,0.36,0.01,0.68,0.11,0.02,0.1,0.04,0.0,0.06,0.0,0.09,0.03,0.57,0.13,-0.01,0.07,0.03,0.19,-0.02,3.25,0.04,0.01,0.06,0.05,0.0,0.01,0.1,0.0,0.17,0.0,0.06,0.0,0.26
1973-07-01,0.03,0.04,0.06,0.02,0.0,0.16,0.0,0.06,0.03,0.33,0.49,0.0,0.05,0.1,0.29,-0.02,0.19,0.28,0.2,2.75,2.63,0.03,0.06,0.64,0.67,0.17,0.13,0.14,0.11,0.03,0.11,0.31,0.02,3.84,0.86,0.01,0.0,0.45,0.34,0.31,0.23,0.0,3.34,0.04,0.08,0.11,0.58,0.69,0.4,0.09,,0.03,-0.03,0.56,0.06,0.03,0.02,0.04,0.07,0.18,0.09,-0.03,0.1,0.07,0.0,0.05,0.11,0.14,0.02,0.0,0.01,-0.01,0.11,3.51,0.14,0.09,0.05,0.07,0.01,0.29,0.01,1.0,0.14,0.02,0.09,0.03,0.0,0.09,0.0,0.17,0.05,0.61,0.09,0.01,0.05,0.02,0.18,-0.01,3.64,0.02,0.01,0.03,0.06,0.0,0.01,0.03,0.0,0.16,0.0,0.02,0.0,0.04
1973-10-01,0.02,0.06,0.07,0.01,0.01,0.24,0.03,0.11,0.03,0.22,-0.08,0.0,0.13,0.22,0.13,-0.02,0.27,0.31,0.29,2.07,2.04,0.05,-0.04,1.0,1.02,0.26,0.46,0.14,0.09,0.03,0.19,1.63,0.03,4.51,0.44,0.01,0.0,0.57,-0.21,0.38,0.29,0.01,3.8,0.07,0.14,0.24,0.64,0.88,0.44,0.04,,0.02,-0.04,0.31,0.07,0.01,0.1,0.08,0.06,1.16,0.12,0.0,0.12,-0.02,0.0,0.09,-0.06,0.22,-0.02,-0.01,-0.01,0.02,-0.05,4.29,0.11,0.09,0.05,0.04,0.01,0.35,0.01,0.68,0.2,0.03,0.12,0.07,0.01,0.13,0.0,0.16,0.08,0.95,0.13,0.01,0.07,0.04,0.18,0.01,3.93,0.08,0.0,0.05,0.11,0.0,0.01,0.04,0.0,0.2,0.01,0.02,0.0,0.12
1974-01-01,0.03,0.03,0.11,0.02,0.03,0.53,0.06,0.2,0.05,0.71,0.21,0.0,0.5,0.58,0.31,0.0,0.44,0.48,0.44,3.02,2.91,0.02,0.0,0.54,0.57,0.22,0.78,0.36,0.23,0.04,0.45,3.15,0.07,8.03,0.82,0.04,0.0,0.71,0.09,0.43,0.39,0.04,4.1,0.05,0.25,0.6,0.41,1.01,0.29,0.04,,0.05,-0.03,0.51,0.07,0.09,0.15,0.06,0.2,2.37,0.14,0.06,0.15,0.06,0.0,0.08,-0.01,0.19,0.0,-0.01,-0.02,-0.07,0.08,7.32,0.06,0.05,0.09,0.16,0.01,0.62,0.01,0.98,0.27,0.05,0.13,0.12,0.03,0.18,0.06,0.11,0.07,0.51,0.13,0.0,0.13,0.05,0.09,0.04,4.41,0.1,0.01,0.09,0.15,0.0,0.01,0.02,0.02,0.22,0.02,0.02,0.0,0.22
1974-04-01,0.04,0.07,0.14,0.03,0.09,0.85,0.03,0.13,0.08,1.5,0.32,0.01,0.41,0.52,0.39,0.0,0.33,0.38,0.33,1.6,1.55,0.03,-0.09,0.68,0.72,0.11,0.24,0.55,0.32,0.04,0.75,1.67,0.11,6.81,1.0,0.04,0.0,0.94,0.2,0.49,0.35,0.09,4.62,0.16,0.36,0.58,0.36,0.94,0.24,0.05,,0.05,-0.05,0.61,0.07,0.07,0.28,0.12,0.29,1.43,0.21,0.18,0.22,0.65,0.01,0.11,0.14,0.06,-0.03,0.0,0.02,0.1,0.36,5.3,0.09,0.14,0.1,0.15,0.01,1.18,0.02,1.09,0.45,0.08,0.14,0.17,0.04,0.29,0.11,0.16,0.12,0.65,0.2,-0.02,0.16,0.1,0.1,0.03,5.01,0.13,0.05,0.08,0.02,0.0,0.02,0.1,0.03,0.34,0.04,0.06,0.0,0.37
1974-07-01,0.06,0.04,0.25,0.04,0.1,0.87,0.02,0.02,0.11,2.24,0.14,0.0,0.24,0.39,0.13,0.05,0.35,0.41,0.3,1.41,1.17,0.04,0.0,0.78,0.84,0.05,0.21,0.7,0.36,0.04,0.76,0.27,0.15,6.32,0.66,0.05,0.0,1.13,0.1,0.55,0.44,0.17,4.79,0.19,0.56,0.43,0.63,1.06,0.44,0.06,,0.05,-0.05,0.53,0.08,0.07,0.29,0.11,0.24,0.06,0.29,0.18,0.3,1.15,0.01,0.16,0.04,0.0,-0.02,-0.01,0.02,0.33,0.64,4.08,0.02,0.11,0.11,0.15,0.01,1.53,0.02,0.76,0.58,0.1,0.16,0.2,0.09,0.38,0.0,0.14,0.09,0.74,0.2,0.04,0.24,0.14,0.18,0.01,4.92,0.1,0.0,0.12,0.02,0.0,0.03,0.21,0.03,0.39,0.06,0.04,0.0,0.42
1974-10-01,0.04,0.06,0.22,0.04,0.04,0.39,0.03,0.03,0.08,1.76,-0.04,0.01,0.22,0.36,0.15,0.08,0.32,0.4,0.24,2.7,2.49,0.03,-0.02,0.66,0.7,0.12,0.05,0.62,0.3,0.04,0.32,-0.28,0.09,5.84,0.63,0.04,0.01,1.05,-0.14,0.62,0.53,0.19,4.57,0.06,0.6,0.39,0.96,1.35,0.67,0.08,,0.08,-0.04,0.47,0.09,0.08,0.13,0.13,0.14,-0.33,0.29,0.08,0.31,0.74,0.01,0.14,0.01,0.08,0.0,-0.01,-0.01,0.21,0.44,4.08,0.07,0.09,0.07,0.2,0.02,1.27,0.01,0.42,0.43,0.07,0.14,0.18,0.09,0.27,0.0,0.09,0.1,0.63,0.22,0.03,0.21,0.12,0.28,0.01,4.72,0.05,0.03,0.08,0.03,0.0,0.03,0.15,0.04,0.42,0.06,0.04,0.0,0.14
1975-01-01,0.03,0.03,0.15,0.05,0.02,0.09,0.01,0.03,0.09,0.82,0.07,0.0,0.41,0.58,0.2,0.12,0.3,0.34,0.18,0.95,0.82,0.03,-0.02,0.59,0.62,0.08,-0.07,0.38,0.12,0.03,0.05,0.07,0.12,2.86,0.62,0.07,0.01,0.85,0.02,0.43,0.34,0.12,4.68,0.04,0.28,0.66,1.22,1.88,0.88,0.03,,0.05,-0.04,0.41,0.07,0.01,0.11,0.12,0.05,0.14,0.24,0.08,0.25,0.17,0.01,0.17,0.07,0.04,-0.03,0.01,-0.01,0.03,0.06,2.04,0.04,0.09,0.04,0.1,0.02,0.92,0.02,0.43,0.41,0.07,0.09,0.14,0.1,0.25,0.0,0.12,0.1,0.56,0.21,0.02,0.18,0.09,0.34,0.0,4.89,0.05,0.04,0.08,0.03,0.0,0.03,0.12,0.02,0.35,0.04,0.07,0.0,-0.01
1975-04-01,0.03,0.08,0.04,0.02,0.02,0.07,0.01,0.11,0.08,0.96,0.15,0.01,0.03,0.23,0.07,0.1,0.18,0.36,0.08,-0.33,-0.43,0.02,0.06,0.35,0.38,0.08,0.07,0.27,0.13,0.02,0.06,0.36,0.06,1.48,0.47,0.02,0.0,0.76,0.11,0.39,0.34,0.06,3.44,0.01,0.13,0.29,0.81,1.1,0.59,0.19,,0.04,-0.02,0.39,0.04,0.01,0.02,0.05,0.0,0.29,0.15,0.05,0.16,0.34,0.01,0.21,0.02,0.05,0.09,0.0,0.06,-0.02,0.31,0.53,0.03,0.05,0.01,0.08,0.01,0.43,0.01,0.48,0.37,0.07,0.05,0.09,0.07,0.22,0.0,0.1,0.1,0.34,0.09,0.15,0.26,0.05,0.23,-0.01,3.51,0.01,0.04,0.04,0.11,0.0,0.02,0.05,0.02,0.27,0.03,0.05,0.0,0.03
1975-07-01,0.03,0.04,0.03,0.01,0.0,0.19,0.02,0.09,0.06,0.61,0.42,0.0,0.11,0.25,0.23,0.07,0.08,0.18,0.01,1.56,1.5,0.02,0.03,0.37,0.4,0.08,0.15,0.16,0.06,0.03,0.17,1.14,0.03,3.74,0.88,0.08,0.0,0.88,0.35,0.54,0.49,0.05,3.73,0.05,0.08,0.29,0.82,1.11,0.58,0.09,,0.05,-0.03,0.64,0.08,0.01,0.03,0.06,0.02,0.99,0.12,0.05,0.13,0.29,0.0,0.15,-0.03,0.05,-0.06,0.01,0.06,0.14,0.1,3.12,0.05,0.05,0.02,0.09,0.01,0.24,0.0,0.82,0.34,0.06,0.06,0.05,0.07,0.21,0.0,0.07,0.11,0.35,0.11,0.01,0.07,0.03,0.23,0.0,3.96,0.07,0.03,0.01,0.09,0.0,0.02,0.03,0.01,0.25,0.02,0.04,0.0,0.15
1975-10-01,0.05,0.04,0.03,0.03,0.0,0.11,0.02,0.12,0.04,0.9,-0.11,0.01,0.25,0.39,0.04,0.05,0.01,0.4,-0.04,0.95,0.91,0.03,0.01,0.5,0.54,0.08,0.1,0.24,0.1,0.03,0.07,0.36,0.05,2.67,0.42,0.07,0.0,0.99,-0.17,0.56,0.5,0.07,4.16,0.09,0.08,0.46,1.01,1.46,0.71,0.4,,0.03,-0.04,0.38,0.08,0.01,0.05,0.07,0.05,0.26,0.14,0.08,0.15,0.44,0.0,0.14,0.01,0.05,0.11,0.0,0.2,0.07,0.29,1.78,0.04,0.06,0.04,0.07,0.01,0.36,0.01,0.37,0.43,0.08,0.07,0.05,0.06,0.31,0.0,0.12,0.11,0.47,0.13,0.04,0.14,0.06,0.28,0.01,4.21,0.03,0.02,0.05,0.12,0.0,0.02,0.04,0.02,0.26,0.03,0.06,0.0,0.02
1976-01-01,0.04,0.04,0.05,0.02,0.01,0.22,0.0,0.2,0.04,0.81,0.04,0.0,0.08,0.22,0.18,0.03,-0.1,0.14,-0.14,-0.36,-0.39,0.02,-0.01,0.38,0.42,-0.08,0.01,0.2,0.09,0.02,0.19,-0.17,0.04,1.0,0.54,0.04,0.0,0.81,0.01,0.4,0.33,0.05,3.3,0.12,0.14,0.28,0.88,1.16,0.61,0.25,,0.01,-0.05,0.36,0.08,0.04,0.06,0.08,0.12,-0.18,0.15,0.08,0.15,0.44,0.0,0.13,0.0,-0.14,-0.06,0.01,0.22,0.05,0.31,0.18,0.03,0.07,0.04,0.08,0.01,0.49,0.01,0.42,0.41,0.09,0.08,0.08,0.05,0.28,0.19,0.06,0.08,0.36,0.12,0.01,0.08,0.04,0.24,0.01,3.48,0.05,0.01,0.04,0.01,0.0,0.02,0.11,0.02,0.23,0.02,0.07,0.0,0.06
1976-04-01,0.04,0.06,0.03,0.01,0.02,0.22,0.0,0.05,0.05,0.68,0.13,0.0,0.1,0.21,-0.02,0.03,-0.04,-0.14,-0.07,-0.42,-0.45,0.02,0.0,0.39,0.43,0.02,-0.01,0.13,0.04,0.01,0.15,-0.18,0.03,0.67,0.35,0.02,0.0,0.73,0.1,0.37,0.33,0.06,2.74,0.09,0.15,0.27,0.72,0.98,0.5,-0.1,,0.01,-0.03,0.37,0.06,0.02,0.03,0.06,0.06,-0.17,0.11,0.04,0.11,0.39,0.0,0.11,0.0,-0.01,-0.2,0.01,0.02,0.22,0.14,0.0,0.03,0.04,0.07,0.06,0.01,0.38,0.01,0.45,0.36,0.07,0.08,0.04,0.07,0.23,0.01,0.1,0.09,0.37,0.09,0.04,0.1,0.03,0.2,0.01,2.71,0.01,0.02,0.04,0.04,0.0,0.02,0.07,0.0,0.2,0.01,0.05,0.0,0.07
1976-07-01,0.05,0.06,0.05,0.01,0.01,0.36,0.03,0.1,0.05,0.74,0.25,0.0,0.04,0.2,0.02,0.03,-0.01,0.47,-0.03,0.68,0.64,0.02,-0.01,0.42,0.47,0.02,0.07,0.11,0.06,0.02,0.29,0.33,0.02,2.41,0.49,0.02,0.0,0.74,0.18,0.42,0.36,0.04,3.79,0.05,0.06,0.25,0.95,1.21,0.67,0.47,,0.04,-0.04,0.47,0.1,0.05,0.03,0.07,0.12,0.26,0.12,0.08,0.13,0.47,0.0,0.15,0.03,-0.02,0.38,0.02,-0.02,0.21,0.18,1.67,0.04,0.06,0.07,0.11,0.01,0.3,0.01,0.57,0.32,0.06,0.08,0.06,0.06,0.21,0.02,0.07,0.09,0.4,0.12,0.02,0.05,0.05,0.27,0.01,3.81,0.03,0.0,0.03,0.07,0.0,0.01,0.01,0.0,0.21,0.0,0.05,0.0,0.16
1976-10-01,0.06,0.03,0.03,0.03,0.03,0.23,0.02,0.05,0.06,1.02,-0.05,0.01,0.22,0.43,0.15,0.01,0.03,0.29,0.02,0.55,0.53,0.02,0.0,0.32,0.38,0.02,0.14,0.12,0.07,0.02,0.2,0.51,0.01,2.76,0.44,0.04,0.0,0.7,-0.13,0.37,0.29,0.03,3.56,0.09,0.13,0.48,1.11,1.59,0.79,0.26,,0.02,-0.04,0.28,0.09,0.06,0.05,0.07,0.04,0.36,0.11,0.12,0.12,0.69,0.0,0.21,0.05,-0.02,0.25,0.0,-0.08,0.19,0.37,1.74,0.05,0.08,0.04,0.1,0.01,0.45,0.01,0.28,0.33,0.07,0.08,0.07,0.05,0.2,0.0,0.05,0.06,0.31,0.12,0.01,0.11,0.03,0.3,0.02,3.71,0.07,0.02,0.07,0.05,0.0,0.02,0.08,0.01,0.19,0.0,0.05,0.0,0.12
1977-01-01,0.02,0.03,0.0,0.01,0.02,0.37,0.01,-0.04,0.06,0.63,0.1,0.0,0.16,0.44,0.23,0.02,0.04,0.18,0.02,1.06,1.07,0.02,-0.01,0.45,0.46,0.13,0.2,0.21,0.13,0.03,0.29,0.52,0.03,3.07,0.67,0.03,0.01,0.74,0.05,0.44,0.41,0.03,4.12,0.08,0.18,0.49,1.37,1.86,0.97,0.14,,-0.02,-0.03,0.44,0.1,0.07,0.06,0.07,0.15,0.32,0.16,0.09,0.17,0.24,0.0,0.28,0.02,0.1,-0.01,0.0,0.05,0.04,0.12,2.43,0.04,0.04,0.07,0.07,0.01,0.49,0.01,0.52,0.3,0.06,0.06,0.05,0.06,0.17,0.0,0.15,0.06,0.42,0.11,0.01,0.11,0.02,0.37,0.02,4.35,0.07,0.02,0.05,-0.04,0.0,0.02,0.1,0.02,0.24,0.03,0.05,0.0,0.13
1977-04-01,0.06,0.05,0.01,0.01,0.01,0.08,0.01,0.03,0.05,0.32,0.11,0.0,0.03,0.18,0.0,-0.01,0.14,0.65,0.15,1.65,1.63,0.04,0.01,0.64,0.7,0.04,0.07,0.12,0.07,0.02,0.05,0.28,0.04,2.73,0.41,0.05,0.0,0.85,0.11,0.47,0.41,0.02,4.29,0.04,0.13,0.22,1.17,1.4,0.83,0.51,,0.0,-0.04,0.41,0.1,0.0,0.05,0.06,0.07,0.21,0.14,-0.04,0.16,0.11,0.0,0.14,0.02,0.0,0.32,0.01,0.08,0.0,0.14,2.41,-0.01,0.06,0.03,0.03,0.01,0.41,0.01,0.34,0.38,0.08,0.07,0.07,0.07,0.25,0.0,0.1,0.09,0.61,0.11,0.03,0.06,0.03,0.32,0.02,4.29,0.0,0.0,0.04,0.03,0.0,0.02,0.03,0.0,0.25,-0.02,0.04,0.0,-0.04
1977-07-01,0.04,0.02,0.08,0.01,0.02,0.39,0.02,0.02,0.08,0.64,0.14,0.0,0.17,0.27,0.21,0.03,0.25,0.78,0.22,0.58,0.49,0.02,0.01,0.44,0.49,-0.01,0.07,0.2,0.11,0.02,0.35,-0.02,0.03,2.0,0.52,0.05,0.0,0.63,0.13,0.3,0.25,0.05,3.94,0.04,0.07,0.34,1.08,1.41,0.75,0.53,,0.04,-0.03,0.3,0.08,0.02,0.07,0.06,0.07,-0.09,0.14,0.14,0.14,0.26,0.0,0.1,0.04,-0.05,0.29,0.01,0.15,-0.11,0.22,1.36,-0.02,0.04,0.05,0.08,0.01,0.41,0.01,0.31,0.33,0.06,0.07,0.07,0.07,0.2,0.0,0.07,0.07,0.42,0.1,0.02,0.11,0.05,0.3,0.02,4.15,0.02,0.02,0.07,0.02,0.0,0.02,0.05,0.01,0.21,0.0,0.06,0.0,0.26
1977-10-01,0.07,0.04,0.07,0.02,0.02,0.14,0.02,0.03,0.05,0.82,-0.05,0.01,0.13,0.2,0.09,0.0,0.28,0.54,0.28,0.53,0.45,0.02,0.01,0.34,0.41,0.06,0.1,0.16,0.09,0.02,0.12,0.41,0.02,2.34,0.32,0.01,0.0,0.6,-0.08,0.3,0.24,0.05,3.38,0.02,0.06,0.29,0.97,1.26,0.68,0.26,,0.01,-0.04,0.23,0.09,0.01,0.03,0.08,0.03,0.31,0.14,0.01,0.14,0.56,0.0,0.08,0.0,0.03,-0.02,0.0,0.19,-0.03,0.58,1.52,0.01,0.06,0.02,0.05,0.0,0.43,0.01,0.25,0.3,0.05,0.1,0.07,0.07,0.2,0.0,0.07,0.06,0.32,0.12,0.01,0.05,0.05,0.26,0.02,3.47,0.06,0.0,0.05,0.03,0.0,0.02,0.14,0.0,0.2,-0.01,0.09,0.0,0.07
1978-01-01,0.07,0.06,0.11,0.03,-0.02,-0.13,0.02,0.01,0.05,0.87,0.06,0.01,0.1,0.14,0.11,0.12,0.58,0.85,0.46,1.46,1.32,0.02,0.03,0.42,0.48,0.0,0.0,0.15,0.08,0.02,-0.15,0.07,0.03,2.6,0.58,0.03,0.0,0.86,0.04,0.58,0.47,0.03,4.02,0.07,0.07,0.22,0.83,1.05,0.58,0.27,,0.06,-0.05,0.47,0.09,0.03,0.03,0.09,0.0,0.07,0.16,0.02,0.17,0.48,0.0,0.04,0.03,-0.05,0.17,0.0,0.01,0.07,0.39,1.73,0.01,0.11,0.02,0.11,0.01,0.33,0.01,0.37,0.28,0.06,0.12,0.04,0.08,0.18,0.0,0.1,0.09,0.4,0.15,0.04,0.14,0.06,0.22,0.02,4.12,0.05,0.01,0.04,0.01,0.0,0.01,0.04,0.0,0.26,0.04,0.07,0.0,-0.13
1978-04-01,0.06,-0.01,0.11,0.03,0.02,0.36,0.02,0.06,0.05,0.94,0.14,0.01,0.24,0.37,0.11,0.19,0.49,0.75,0.3,2.5,2.36,0.03,0.03,0.66,0.72,0.06,0.03,0.33,0.14,0.03,0.31,-0.02,0.1,4.06,0.51,0.01,0.0,0.68,0.07,0.42,0.34,0.07,4.3,0.09,0.11,0.41,0.85,1.25,0.61,0.26,,0.05,-0.05,0.4,0.11,0.02,0.03,0.09,0.04,-0.05,0.14,0.05,0.15,0.34,0.0,0.13,0.0,0.01,0.22,-0.01,-0.06,0.16,0.13,3.12,0.05,0.08,0.05,0.1,0.01,0.29,0.01,0.57,0.27,0.05,0.1,0.02,0.07,0.17,0.04,0.12,0.01,0.63,0.16,0.02,0.17,0.04,0.21,0.02,4.41,0.05,0.03,0.09,0.02,0.0,0.02,0.02,0.02,0.16,0.03,0.03,0.0,0.24
1978-07-01,0.08,0.01,0.1,0.04,0.01,0.03,0.02,0.1,0.06,1.01,0.09,0.01,0.02,0.09,0.21,0.15,0.41,0.22,0.26,1.18,1.06,0.03,0.02,0.7,0.78,0.06,0.02,0.25,0.14,0.03,-0.02,0.37,0.04,3.14,0.69,0.03,0.0,0.86,0.06,0.56,0.48,0.07,3.87,0.1,0.11,0.14,0.88,1.01,0.62,-0.18,,0.09,-0.05,0.49,0.08,0.04,0.04,0.07,0.04,0.35,0.17,0.08,0.19,0.56,0.0,0.07,0.03,0.01,0.07,0.0,-0.33,0.19,0.29,2.13,0.02,0.08,0.04,0.15,0.01,0.55,0.01,0.61,0.3,0.04,0.11,0.09,0.06,0.2,0.07,0.14,0.04,0.67,0.15,0.02,0.05,0.04,0.23,0.02,4.08,0.07,0.0,-0.01,0.02,0.0,0.01,0.18,0.0,0.23,0.04,0.04,0.0,-0.07
1978-10-01,0.08,-0.02,0.12,0.05,0.01,0.1,0.02,0.0,0.07,1.08,0.07,0.0,0.08,0.23,0.06,-0.06,0.17,0.52,0.22,0.86,0.71,0.03,0.02,0.59,0.67,0.04,0.14,0.33,0.19,0.03,0.02,0.85,0.04,3.32,0.58,0.02,0.0,1.01,0.04,0.62,0.53,0.07,4.4,0.08,0.13,0.27,1.13,1.4,0.8,0.35,,0.08,-0.05,0.52,0.07,0.04,0.04,0.08,0.0,0.71,0.18,0.06,0.21,0.5,0.01,0.15,0.01,0.0,-0.05,0.0,0.33,0.03,0.4,2.23,0.01,0.09,0.09,0.14,0.03,0.42,0.01,0.42,0.39,0.09,0.1,0.06,0.07,0.24,0.0,0.12,0.0,0.56,0.17,0.02,0.12,0.09,0.3,0.02,4.46,0.05,0.03,0.02,0.0,0.0,0.01,0.01,0.03,0.22,0.05,0.04,0.0,0.02
1979-01-01,0.07,-0.02,0.15,0.02,-0.02,0.05,0.03,-0.04,0.08,1.0,0.12,0.01,0.12,0.31,0.17,0.03,0.15,-0.81,0.13,2.11,1.92,0.03,0.04,0.69,0.76,0.07,0.17,0.26,0.12,0.03,-0.02,0.88,0.07,4.62,0.75,0.02,0.0,0.98,0.06,0.66,0.55,0.06,2.96,0.08,0.13,0.32,0.88,1.19,0.64,-0.96,,0.04,-0.04,0.58,0.06,0.02,0.09,0.07,0.03,0.71,0.17,0.12,0.19,0.51,0.0,0.19,0.01,0.03,0.01,0.0,-1.04,0.0,0.39,3.62,0.04,0.11,0.07,0.08,0.02,0.58,0.01,0.51,0.33,0.04,0.13,0.08,0.07,0.21,0.0,0.12,-0.01,0.66,0.14,0.02,0.15,0.09,0.22,0.01,3.13,0.08,0.02,0.07,-0.04,0.0,0.02,0.1,0.01,0.19,0.03,0.01,0.0,-0.03
1979-04-01,0.07,0.08,0.13,0.04,0.02,0.25,0.03,0.0,0.05,1.07,0.15,0.01,0.22,0.31,0.2,0.03,0.21,1.63,0.18,1.22,1.09,0.04,0.0,0.77,0.84,0.16,0.52,0.22,0.12,0.04,0.15,2.66,0.04,5.59,0.59,0.04,0.0,0.65,0.08,0.37,0.32,0.03,5.6,0.07,0.09,0.33,1.01,1.33,0.73,1.42,,0.06,-0.06,0.4,0.09,0.03,0.06,0.1,0.04,2.14,0.2,0.09,0.22,0.55,0.0,0.09,-0.01,0.09,-0.11,0.0,1.44,0.08,0.38,4.52,0.04,0.05,0.1,0.12,0.02,0.39,0.02,0.61,0.28,0.04,0.11,0.07,0.07,0.18,0.0,0.11,0.12,0.73,0.19,0.02,0.19,0.07,0.26,0.01,5.79,0.07,0.04,0.11,-0.01,0.0,0.02,0.04,0.02,0.34,0.02,0.01,0.0,0.09
1979-07-01,0.07,0.14,0.11,0.03,0.0,0.06,0.03,0.01,0.05,0.69,0.13,0.01,0.25,0.5,0.31,0.11,0.29,0.35,0.18,0.57,0.47,0.03,-0.02,0.58,0.65,0.1,0.71,0.17,0.11,0.04,-0.03,3.22,0.04,5.03,0.82,0.06,0.0,0.89,0.06,0.53,0.43,0.02,4.97,0.07,0.08,0.53,1.37,1.9,1.0,0.06,,0.1,-0.06,0.52,0.09,0.04,0.05,0.05,0.05,2.51,0.18,0.12,0.2,0.23,0.0,0.26,0.05,0.04,-0.4,0.02,0.35,-0.1,0.21,4.34,0.04,0.1,0.09,0.18,0.02,0.49,0.01,0.63,0.36,0.05,0.14,0.06,0.07,0.25,0.0,0.13,0.21,0.55,0.14,0.02,0.11,0.11,0.36,0.02,5.27,0.1,0.02,0.04,0.01,0.0,0.02,0.08,0.0,0.41,0.02,0.03,0.0,-0.08
1979-10-01,0.1,0.36,0.19,0.01,0.02,0.22,0.03,0.03,0.07,1.06,0.11,0.01,0.21,0.45,0.18,-0.01,0.17,0.06,0.18,1.04,0.84,0.03,0.01,0.6,0.7,0.1,0.35,0.3,0.18,0.04,0.14,1.79,0.04,4.71,0.82,0.08,0.0,1.06,0.03,0.73,0.64,0.07,5.16,0.07,0.14,0.47,1.6,2.07,1.17,-0.11,,0.19,-0.08,0.65,0.08,0.08,0.12,0.04,0.07,1.44,0.16,0.2,0.17,0.33,0.0,0.24,0.03,0.02,0.12,0.01,-0.31,-0.07,0.2,3.65,0.05,0.09,0.08,0.3,0.01,0.6,0.01,0.54,0.33,0.04,0.1,0.08,0.08,0.22,0.0,0.12,0.44,0.57,0.1,0.03,0.13,0.08,0.41,0.02,5.33,0.09,0.03,0.03,0.03,0.0,0.02,0.06,0.02,0.61,0.04,0.02,0.0,0.05
1980-01-01,0.09,0.27,0.11,0.04,0.01,0.33,0.04,0.01,0.14,1.68,0.16,0.01,0.33,0.5,0.17,0.24,0.46,0.29,0.22,0.92,0.82,0.03,-0.01,0.64,0.72,0.13,0.32,0.45,0.28,0.05,0.23,3.17,0.1,6.92,0.95,0.06,0.0,1.38,0.07,0.84,0.74,0.04,5.47,0.07,0.18,0.55,0.95,1.5,0.69,-0.17,,0.32,-0.09,0.79,0.12,0.12,0.12,0.08,0.09,2.85,0.2,0.15,0.23,0.57,0.01,0.18,0.02,0.04,0.04,0.01,-0.33,0.03,0.39,5.25,0.04,0.1,0.1,0.47,0.02,0.83,0.01,0.85,0.54,0.12,0.12,0.1,0.1,0.28,0.0,0.31,0.33,0.6,0.18,0.02,0.19,0.16,0.25,0.01,5.64,0.12,0.03,0.09,0.01,0.0,0.02,0.16,0.03,0.55,0.03,0.05,0.0,0.13
1980-04-01,0.07,0.14,0.18,0.09,0.04,0.21,0.03,-0.14,0.11,1.27,0.14,0.01,0.44,0.64,0.26,0.14,0.32,0.48,0.18,1.21,1.06,0.03,-0.02,0.56,0.63,0.05,0.25,0.38,0.24,0.04,0.15,1.15,0.06,4.64,0.82,0.06,0.0,1.08,0.07,0.57,0.47,0.05,5.26,0.08,0.2,0.68,1.14,1.83,0.85,0.16,,0.28,-0.07,0.56,0.08,0.1,0.13,0.13,0.08,0.89,0.21,0.05,0.25,0.32,0.01,0.2,0.01,-0.01,0.06,0.01,0.01,0.0,0.27,3.36,0.04,0.09,0.06,0.43,0.03,0.79,0.02,0.51,0.52,0.11,0.15,0.1,0.11,0.29,0.0,0.2,0.21,0.53,0.28,0.02,0.16,0.17,0.28,0.01,5.52,0.09,0.04,0.06,-0.14,0.0,0.03,0.08,0.02,0.45,0.03,0.04,0.0,0.03
1980-07-01,0.04,0.2,0.15,0.04,0.02,0.18,0.03,0.33,0.06,0.96,0.17,0.01,0.35,0.54,-0.07,0.21,0.33,0.61,0.13,2.1,1.92,0.03,0.03,0.52,0.56,0.06,0.06,0.31,0.17,0.04,0.1,-0.07,0.05,3.85,0.65,0.1,0.0,1.17,0.1,0.8,0.71,0.05,5.91,0.06,0.16,0.59,1.46,2.06,1.06,0.27,,0.09,-0.06,0.72,0.07,0.03,0.06,0.1,0.07,-0.12,0.16,0.05,0.19,0.33,0.01,0.19,0.04,0.0,0.07,0.0,0.13,0.03,0.24,2.9,0.04,0.09,0.08,0.17,0.03,0.69,0.02,0.83,0.37,0.09,0.08,0.12,0.1,0.22,0.0,0.13,0.3,0.49,0.19,0.03,0.15,0.12,0.38,0.02,5.84,0.07,0.04,0.03,0.33,0.0,0.03,0.08,0.03,0.49,0.04,0.05,0.0,0.01
1980-10-01,0.05,0.2,0.1,0.03,0.02,0.29,0.03,0.1,0.07,0.92,0.17,0.01,0.22,0.32,0.14,0.01,0.11,1.11,0.09,1.83,1.73,0.03,0.01,0.6,0.65,0.06,0.05,0.25,0.11,0.04,0.22,0.26,0.07,3.83,0.92,0.04,0.0,1.26,0.1,0.87,0.79,0.04,6.3,0.05,0.16,0.36,1.7,2.06,1.24,1.01,,0.06,-0.06,0.78,0.07,0.02,0.07,0.05,0.12,0.22,0.18,0.06,0.2,0.42,0.0,0.1,-0.05,0.0,0.12,0.01,0.81,0.23,0.13,2.91,0.04,0.08,0.07,0.11,0.02,0.53,0.01,0.63,0.39,0.06,0.08,0.07,0.1,0.26,0.0,0.13,0.24,0.57,0.13,0.04,0.15,0.1,0.44,0.02,6.44,0.1,0.05,0.03,0.1,0.0,0.02,0.08,0.02,0.44,0.03,0.03,0.0,0.08
1981-01-01,0.07,0.21,0.14,0.05,0.02,0.18,0.03,0.16,0.07,0.69,0.15,0.01,0.32,0.47,0.14,0.2,0.29,0.62,0.09,0.74,0.61,0.03,-0.01,0.72,0.79,0.06,0.45,0.31,0.19,0.05,0.14,2.4,0.07,4.67,0.89,0.06,0.0,1.27,0.08,0.87,0.74,0.04,5.97,0.07,0.11,0.53,1.34,1.87,0.98,0.33,,-0.01,-0.08,0.74,0.08,0.0,0.12,0.09,0.08,1.95,0.17,0.05,0.2,0.23,0.0,0.15,-0.03,-0.02,0.14,0.01,0.11,0.15,0.03,3.98,0.04,0.12,0.04,0.03,0.03,0.66,0.01,0.74,0.41,0.05,0.11,0.1,0.13,0.29,0.02,0.18,0.27,0.68,0.2,0.03,0.12,0.13,0.34,0.02,6.11,0.09,0.02,0.04,0.14,0.01,0.02,0.11,0.02,0.47,0.03,0.06,0.0,0.04
1981-04-01,0.07,0.01,0.08,0.02,0.02,0.21,0.02,0.2,0.07,0.99,0.13,0.01,0.29,0.46,0.26,0.03,0.07,-0.05,0.04,0.14,0.06,0.02,0.0,0.49,0.57,0.03,0.19,0.28,0.12,0.03,0.15,0.27,0.08,2.31,0.71,0.06,0.0,0.9,0.08,0.46,0.38,0.06,4.3,0.09,0.12,0.54,1.32,1.86,0.97,-0.11,,-0.02,-0.09,0.44,0.05,0.0,0.14,0.02,0.08,0.08,0.13,0.05,0.14,0.57,0.0,0.17,-0.01,-0.07,0.12,0.01,-0.29,0.13,0.39,1.33,0.03,0.08,0.06,0.02,0.01,0.7,0.01,0.75,0.43,0.08,0.1,0.13,0.13,0.28,0.13,0.26,0.07,0.47,0.08,0.02,0.12,0.09,0.34,0.0,4.57,0.05,0.02,0.05,0.07,0.0,0.03,0.1,0.02,0.21,0.03,0.07,0.0,0.05
1981-07-01,0.08,0.02,0.1,0.02,0.02,0.19,0.02,0.27,0.14,0.77,0.17,0.01,0.43,0.53,-0.07,0.21,0.26,-0.19,0.05,0.71,0.6,0.02,0.01,0.41,0.49,0.03,-0.02,0.26,0.15,0.04,0.15,-0.33,0.02,1.82,0.7,0.13,0.0,1.4,0.1,0.85,0.78,0.07,5.0,0.06,0.12,0.65,1.49,2.14,1.09,-0.45,,0.0,-0.11,0.76,0.07,0.0,0.04,0.04,0.09,-0.31,0.14,0.05,0.15,0.43,0.0,0.1,-0.02,-0.08,0.19,0.0,-0.7,0.17,0.2,1.05,0.06,0.07,0.04,0.03,0.01,0.49,0.01,0.75,0.54,0.1,0.09,0.06,0.13,0.3,0.0,0.18,0.15,0.39,0.1,0.01,0.05,0.07,0.39,0.0,4.94,0.06,0.02,0.0,0.27,0.01,0.02,0.08,0.02,0.31,0.0,0.12,0.0,0.04
1981-10-01,0.06,-0.05,0.04,0.04,0.0,0.04,0.01,0.31,0.04,0.66,0.17,0.02,0.2,0.38,-0.06,-0.12,-0.14,-0.05,-0.02,0.09,0.06,0.02,-0.01,0.32,0.38,0.03,-0.06,0.19,0.11,0.03,-0.01,0.17,0.03,1.53,0.8,0.05,0.0,1.42,0.12,0.99,0.94,0.03,4.8,0.07,0.12,0.43,1.48,1.91,1.09,0.09,,0.0,-0.04,0.85,0.06,0.0,0.04,0.08,0.06,0.23,0.15,0.04,0.17,0.29,0.0,0.18,0.05,-0.01,0.18,0.02,-0.18,0.11,0.14,0.88,0.04,0.06,0.05,0.06,0.01,0.58,0.02,0.81,0.43,0.06,0.07,0.07,0.1,0.32,0.05,0.14,0.0,0.3,0.17,0.04,0.12,0.07,0.39,0.0,4.74,0.05,0.03,0.04,0.26,0.01,0.02,0.12,0.03,0.17,0.01,0.05,0.0,-0.08
1982-01-01,0.07,-0.06,0.1,0.03,-0.01,0.05,0.01,0.13,0.06,0.41,0.15,0.01,0.31,0.55,-0.16,0.08,-0.17,0.48,-0.25,0.55,0.45,0.01,0.0,0.27,0.34,0.0,-0.04,0.21,0.08,0.02,0.05,-0.52,0.03,1.03,0.55,0.02,0.0,1.15,0.11,0.85,0.78,0.06,4.31,0.04,0.13,0.6,1.06,1.66,0.82,0.65,,-0.02,-0.07,0.71,0.06,-0.01,0.08,0.08,0.03,-0.48,0.11,0.03,0.13,0.11,0.0,0.24,0.0,-0.08,0.25,0.01,0.34,0.06,0.03,0.62,0.03,0.08,0.0,0.01,0.02,0.55,0.01,0.44,0.29,0.04,0.06,0.09,0.1,0.19,0.03,0.11,-0.04,0.26,0.14,0.06,0.08,0.06,0.26,-0.02,4.15,0.02,0.0,0.03,0.1,0.01,0.02,0.09,0.03,0.09,-0.01,0.05,0.0,0.03
1982-04-01,0.06,0.03,0.06,0.03,0.02,0.16,0.0,0.17,0.06,0.38,0.13,0.01,0.1,0.38,-0.14,0.17,0.15,0.43,-0.02,0.49,0.41,0.01,0.01,0.28,0.35,-0.12,-0.03,0.19,0.09,0.02,0.14,-1.2,0.04,0.4,0.33,0.01,0.0,0.85,0.1,0.53,0.47,0.05,3.64,0.04,0.08,0.45,0.82,1.27,0.58,0.28,,-0.07,-0.07,0.47,0.06,-0.02,0.1,0.05,0.07,-1.17,0.13,0.03,0.16,0.19,0.0,0.28,-0.01,-0.19,0.16,0.0,0.06,0.05,0.11,0.02,0.03,0.06,0.02,-0.05,0.03,0.57,0.01,0.43,0.32,0.04,0.04,0.1,0.14,0.21,0.0,0.23,0.04,0.27,0.11,0.02,0.05,0.05,0.25,-0.01,3.5,0.02,0.01,0.03,0.16,0.01,0.02,0.12,0.01,0.21,-0.02,0.07,0.0,0.05
1982-07-01,0.05,0.05,0.07,0.04,0.02,0.05,0.01,0.11,0.05,0.18,0.14,0.01,0.04,0.23,-0.04,0.17,0.26,0.87,0.1,0.23,0.15,0.02,0.01,0.37,0.42,-0.14,0.05,0.03,0.01,0.03,0.03,0.88,-0.02,1.85,0.69,0.02,0.0,1.21,0.09,0.87,0.79,0.03,4.66,0.02,0.09,0.29,1.19,1.48,0.9,0.6,,0.0,-0.06,0.73,0.1,0.0,0.09,0.09,0.04,0.83,0.11,-0.04,0.13,0.12,0.0,0.19,-0.01,-0.2,0.15,0.0,0.35,0.05,0.12,1.67,0.04,0.08,0.02,0.04,0.02,0.51,0.01,0.32,0.34,0.05,0.05,0.07,0.11,0.24,0.0,0.16,0.07,0.35,0.17,0.01,0.0,0.07,0.29,0.0,4.62,0.05,0.01,0.0,0.11,0.01,0.02,0.11,0.01,0.2,-0.03,0.06,0.0,-0.03
1982-10-01,0.02,-0.1,0.03,0.03,0.01,-0.08,0.01,0.1,0.03,0.14,0.13,0.01,0.18,0.6,-0.16,0.13,0.26,0.75,0.13,-0.23,-0.25,0.01,-0.01,0.28,0.3,-0.01,-0.02,0.1,0.04,0.02,-0.05,-0.31,0.02,0.25,0.46,0.02,0.0,1.01,0.1,0.73,0.66,0.03,4.4,0.02,0.07,0.64,1.09,1.73,0.82,0.49,,0.01,-0.02,0.62,0.08,0.0,0.07,0.06,0.02,-0.29,0.06,-0.02,0.08,0.01,0.0,0.42,-0.02,-0.02,0.05,0.01,0.35,0.05,-0.01,0.11,0.03,0.07,-0.03,0.04,0.01,0.73,0.01,0.48,0.28,0.04,0.04,0.05,0.11,0.21,0.0,0.19,-0.08,0.26,0.12,0.03,-0.01,0.03,0.27,0.0,4.24,0.02,0.01,-0.01,0.1,0.01,0.01,0.43,0.01,0.0,-0.04,0.04,0.0,-0.08
1983-01-01,0.01,-0.13,0.07,0.02,0.02,0.13,0.0,0.2,0.05,0.36,0.1,0.01,0.02,0.25,-0.25,-0.17,0.09,0.49,0.26,0.02,-0.05,0.01,0.0,0.27,0.27,-0.01,-0.14,0.08,0.04,0.01,0.11,-1.1,0.02,0.06,0.37,0.02,0.0,1.11,0.08,0.75,0.71,0.02,3.54,0.02,0.09,0.3,0.8,1.1,0.54,0.4,,0.02,-0.02,0.62,0.08,0.01,0.06,0.06,0.05,-0.95,0.06,-0.02,0.07,0.25,0.0,0.23,0.02,-0.03,0.19,0.01,0.12,0.15,0.11,-0.3,0.03,0.04,0.02,0.06,0.01,0.65,0.01,0.51,0.36,0.08,0.04,0.07,0.09,0.22,0.0,0.18,-0.11,0.25,0.1,0.03,-0.04,0.0,0.25,0.01,3.29,0.01,0.0,0.01,0.2,0.01,0.01,0.32,0.01,-0.04,-0.08,0.06,0.0,0.05
1983-04-01,0.02,0.18,0.09,0.03,0.01,0.15,0.01,0.05,0.06,0.19,0.12,0.01,0.02,0.15,0.0,0.04,0.18,-0.74,0.14,0.57,0.48,0.01,0.0,0.25,0.28,0.0,-0.07,0.08,0.06,0.02,0.15,0.52,0.01,1.72,0.39,0.02,0.0,0.71,0.08,0.43,0.38,0.0,1.98,0.02,0.04,0.18,0.8,0.99,0.6,-0.92,,0.02,-0.03,0.39,0.09,0.01,0.04,0.06,0.04,0.59,0.06,-0.07,0.07,0.11,0.0,0.13,-0.01,-0.03,0.17,0.0,-1.18,0.1,0.08,1.53,0.03,0.04,0.0,0.06,0.01,0.3,0.01,0.36,0.29,0.04,0.04,0.05,0.11,0.19,0.0,0.15,0.2,0.24,0.12,0.01,-0.06,0.01,0.19,0.0,1.99,0.02,0.0,0.01,0.04,0.01,0.02,0.06,0.0,0.27,-0.08,0.03,0.0,0.09
1983-07-01,0.05,0.16,0.05,-0.01,0.01,0.19,0.01,0.05,0.09,0.3,0.08,0.01,0.01,0.02,-0.15,0.07,0.18,1.82,0.11,0.11,0.07,0.01,-0.01,0.15,0.2,-0.01,0.04,0.07,0.02,0.02,0.2,0.31,0.03,1.23,0.38,0.02,0.0,0.98,0.08,0.66,0.6,0.02,4.28,0.02,0.0,0.07,0.61,0.68,0.43,1.64,,0.04,-0.04,0.53,0.07,0.01,0.02,0.02,0.03,0.27,0.05,-0.04,0.05,0.21,0.0,0.01,-0.02,-0.04,0.21,0.0,1.35,0.14,0.11,0.93,0.0,0.06,0.0,0.08,0.0,0.32,0.0,0.34,0.32,0.04,0.05,0.05,0.07,0.19,0.0,0.15,0.18,0.15,0.03,0.01,-0.06,0.01,0.18,0.0,4.13,0.03,0.0,0.01,0.05,0.0,0.01,0.19,0.0,0.23,-0.08,0.05,0.0,0.16
1983-10-01,0.07,0.04,0.03,0.05,0.01,-0.1,0.01,0.02,0.07,0.34,0.13,0.01,0.3,0.27,-0.16,-0.04,0.02,-0.26,0.06,0.18,0.15,0.01,0.0,0.29,0.35,-0.01,-0.04,0.06,0.05,0.02,-0.1,-0.35,-0.03,0.29,0.37,0.01,0.0,0.91,0.07,0.58,0.53,0.02,2.53,0.03,0.03,0.32,0.59,0.91,0.42,-0.28,,0.0,-0.04,0.52,0.06,0.0,0.04,0.07,-0.02,-0.31,0.07,0.0,0.08,0.27,0.0,-0.04,-0.01,-0.05,0.21,0.01,-0.57,0.12,0.15,-0.04,0.05,0.05,-0.01,0.02,0.01,0.23,0.01,0.34,0.33,0.05,0.05,0.03,0.08,0.21,0.0,0.13,0.05,0.27,0.15,0.02,-0.01,0.03,0.18,0.0,2.38,0.03,0.0,0.01,0.02,0.0,0.01,0.04,0.02,0.13,-0.04,0.05,0.0,-0.09
1984-01-01,0.04,0.08,0.01,0.04,0.0,0.04,0.01,0.35,0.07,0.02,0.13,0.01,0.07,0.06,-0.03,0.02,0.0,0.01,-0.02,0.95,0.93,0.01,0.01,0.3,0.34,0.02,0.11,0.0,-0.04,0.03,0.02,0.09,0.04,1.41,0.42,0.05,0.0,0.85,0.09,0.5,0.44,0.01,3.02,0.03,0.03,0.09,0.7,0.79,0.5,0.01,,0.0,-0.04,0.45,0.05,0.0,0.03,0.04,0.04,-0.02,0.05,-0.11,0.07,0.04,0.0,-0.01,0.01,-0.02,0.23,0.0,-0.28,0.03,0.11,1.38,0.03,0.06,0.02,0.03,0.02,0.3,0.01,0.71,0.35,0.06,0.05,0.03,0.09,0.22,0.0,0.14,0.13,0.29,0.11,-0.02,-0.05,0.01,0.2,0.0,2.99,0.04,0.0,0.02,0.35,0.0,0.01,0.09,0.0,0.2,-0.05,0.03,0.0,-0.02
1984-04-01,0.05,-0.04,0.03,0.04,-0.01,-0.12,0.01,0.05,0.05,0.35,0.12,0.01,0.16,0.16,0.0,0.0,0.07,0.93,0.07,-0.01,-0.03,0.01,0.0,0.26,0.31,-0.05,0.01,0.08,0.11,0.02,-0.14,-0.03,-0.01,0.43,0.41,0.01,0.0,0.73,0.09,0.47,0.41,-0.02,3.5,0.02,0.05,0.2,0.92,1.11,0.65,0.86,,0.02,-0.05,0.41,0.06,0.0,0.03,0.07,-0.03,-0.04,0.05,0.0,0.06,0.25,0.0,0.0,0.01,-0.1,0.18,-0.01,0.62,0.14,0.11,0.08,0.03,0.06,0.01,0.05,0.01,0.24,0.01,0.25,0.26,0.04,0.05,0.02,0.1,0.17,0.0,0.09,-0.03,0.25,0.13,0.01,-0.03,0.01,0.26,0.0,3.5,0.02,0.0,0.04,0.05,0.0,0.02,0.02,-0.01,0.04,-0.08,0.03,0.0,-0.1
1984-07-01,0.03,-0.2,0.03,0.03,0.01,0.19,0.0,0.06,0.06,0.12,0.11,0.01,0.25,0.31,-0.1,-0.03,0.11,0.65,0.14,0.29,0.26,0.01,0.0,0.23,0.25,-0.22,-0.04,0.0,0.05,0.02,0.17,-0.53,-0.02,0.39,0.28,0.02,0.0,0.63,0.08,0.42,0.39,-0.02,2.84,0.02,0.05,0.35,0.85,1.19,0.63,0.54,,-0.02,-0.04,0.38,0.07,-0.01,0.03,0.07,0.09,-0.49,0.06,-0.02,0.08,0.18,0.0,0.06,-0.01,-0.26,0.11,0.01,0.36,0.09,0.12,0.27,0.03,0.03,0.02,-0.01,0.02,0.32,0.01,0.08,0.21,0.01,0.05,0.04,0.08,0.14,0.0,0.08,-0.18,0.22,0.12,0.02,-0.06,0.03,0.22,0.0,2.74,0.02,0.0,0.0,0.06,0.0,0.01,0.11,0.0,-0.1,-0.08,0.04,0.0,0.07
1984-10-01,0.04,0.07,0.03,0.03,0.01,0.12,0.0,0.06,0.07,0.11,0.11,0.01,0.04,0.07,-0.11,0.0,0.22,-0.02,0.22,0.05,0.01,0.01,0.0,0.19,0.22,-0.16,-0.08,0.08,0.1,0.02,0.12,0.05,-0.02,0.52,0.28,0.01,0.0,0.7,0.08,0.45,0.41,-0.01,2.08,0.02,0.04,0.1,0.69,0.79,0.47,-0.24,,-0.02,-0.03,0.39,0.08,-0.01,0.04,0.05,0.02,0.13,0.06,-0.01,0.07,0.05,0.0,0.03,-0.02,-0.19,0.03,0.0,-0.35,-0.03,0.09,0.42,0.03,0.04,0.0,0.0,0.01,0.2,0.01,0.13,0.25,0.03,0.04,0.03,0.09,0.15,0.0,0.07,0.08,0.18,0.11,0.02,-0.02,0.01,0.23,0.0,1.97,0.02,0.01,0.02,0.06,0.0,0.01,0.01,0.01,0.15,-0.06,0.03,0.0,0.08
1985-01-01,0.04,0.06,0.03,0.05,0.02,0.2,0.0,0.02,0.05,0.3,0.1,0.01,0.06,0.03,-0.01,0.22,0.95,1.35,0.74,0.29,0.26,0.01,0.0,0.24,0.28,-0.04,-0.05,0.03,-0.01,0.02,0.18,-0.02,0.02,1.1,0.31,0.02,0.0,0.68,0.07,0.34,0.31,-0.02,3.72,0.03,0.08,0.08,0.82,0.9,0.57,0.4,,-0.01,-0.04,0.33,0.1,0.0,0.03,0.05,0.03,0.03,0.04,0.02,0.06,0.23,0.0,-0.03,-0.02,-0.08,0.0,0.0,0.3,0.0,0.21,0.8,0.03,0.03,0.02,0.02,0.02,0.34,0.01,0.23,0.34,0.15,0.04,0.02,0.09,0.14,0.04,0.11,0.08,0.23,0.13,0.03,0.01,0.02,0.26,0.0,3.7,0.0,-0.02,0.02,-0.01,0.0,0.02,0.12,0.03,0.14,-0.02,0.05,0.0,0.13
1985-04-01,0.07,-0.03,0.01,0.03,0.0,0.09,0.01,0.11,0.04,0.14,0.1,0.01,0.08,0.07,-0.06,-0.02,0.09,-0.15,0.11,-0.08,-0.08,0.01,-0.01,0.28,0.36,0.08,0.04,0.09,0.09,0.02,0.08,0.43,0.02,0.83,0.32,0.0,0.0,0.68,0.06,0.41,0.37,-0.02,2.5,0.03,0.03,0.1,0.94,1.05,0.67,-0.23,,0.02,-0.05,0.37,0.1,0.01,0.04,0.05,0.04,0.39,0.03,-0.01,0.03,0.09,0.0,-0.01,0.03,0.03,-0.03,0.01,-0.32,-0.03,0.13,0.7,0.03,0.04,0.01,0.05,0.0,0.26,0.01,0.45,0.27,0.05,0.04,0.03,0.09,0.18,0.04,0.11,-0.03,0.27,0.11,0.02,-0.1,0.02,0.28,0.0,2.45,0.04,-0.02,0.01,0.06,0.0,0.02,0.02,0.0,0.01,-0.11,0.03,0.0,0.04
1985-07-01,0.05,-0.03,0.04,0.03,0.0,0.06,0.0,0.13,0.04,-0.09,0.09,0.01,-0.04,-0.08,0.03,-0.02,0.21,0.64,0.24,-0.01,-0.04,0.01,-0.01,0.21,0.26,0.12,-0.02,-0.11,-0.08,0.01,0.07,-0.12,-0.01,0.14,0.29,0.03,0.0,0.57,0.07,0.26,0.22,-0.02,3.0,0.03,0.01,-0.03,0.95,0.92,0.7,0.43,,-0.01,-0.05,0.26,0.1,0.0,0.01,0.04,0.04,-0.1,0.06,0.01,0.07,0.09,0.0,-0.03,0.04,0.07,-0.14,0.01,0.47,-0.04,0.12,0.24,0.02,0.04,-0.01,0.01,0.01,0.3,0.01,0.46,0.31,0.06,0.04,0.04,0.08,0.21,0.0,0.07,0.0,0.21,0.08,0.02,-0.09,0.01,0.25,0.0,3.03,0.02,-0.01,0.02,0.13,0.0,0.01,0.1,0.0,0.06,-0.12,0.04,0.0,0.03
1985-10-01,0.04,-0.06,0.13,0.03,0.02,0.1,0.01,0.04,0.04,0.15,0.1,0.01,0.1,0.0,0.11,0.08,0.19,-0.58,0.11,0.38,0.24,0.01,0.01,0.24,0.27,0.12,0.08,0.12,0.14,0.02,0.11,0.08,-0.01,1.03,0.36,0.02,0.0,0.57,0.08,0.24,0.2,-0.01,1.68,0.02,0.06,0.02,0.87,0.88,0.58,-0.77,,-0.03,-0.04,0.26,0.11,-0.01,0.04,0.04,0.03,0.0,0.09,-0.02,0.11,0.11,0.0,-0.1,0.04,0.08,-0.18,0.0,-0.71,0.0,0.13,0.89,0.02,0.04,0.0,-0.01,0.02,0.33,0.01,0.37,0.33,0.1,0.04,0.03,0.06,0.19,0.0,0.06,-0.05,0.23,0.1,0.0,-0.08,0.04,0.29,-0.01,1.78,0.03,0.0,0.03,0.04,0.0,0.01,0.05,0.0,0.06,-0.12,0.02,0.0,0.06
1986-01-01,-0.01,-0.17,0.03,0.05,0.03,-0.16,0.01,0.05,0.05,0.01,0.1,0.01,0.1,0.06,-0.14,0.22,0.55,1.09,0.33,0.27,0.25,0.01,-0.01,0.21,0.2,0.12,-0.18,-0.01,-0.04,0.01,-0.14,-1.02,0.05,-0.54,0.26,0.05,0.0,0.71,0.06,0.42,0.39,-0.01,3.54,0.02,0.04,0.11,0.88,0.99,0.68,0.53,,-0.01,0.0,0.39,0.1,0.0,0.02,0.09,-0.02,-0.84,0.05,0.02,0.08,0.1,0.0,-0.04,0.05,0.12,-0.1,0.01,0.52,-0.06,0.14,-0.54,0.03,0.03,-0.02,0.01,0.03,0.36,0.01,0.43,0.3,0.07,0.05,0.05,0.09,0.19,0.0,0.07,-0.12,0.2,0.16,0.02,-0.09,-0.01,0.21,-0.01,3.4,0.03,-0.01,-0.01,0.05,0.0,0.01,0.11,-0.01,-0.04,-0.1,0.05,0.0,-0.15
1986-04-01,0.02,-0.04,0.02,0.03,0.02,-0.21,0.0,0.1,0.05,0.25,0.08,0.01,-0.06,-0.08,-0.19,0.05,-0.2,-0.29,-0.26,0.13,0.11,0.01,0.0,0.27,0.29,0.08,-0.3,0.07,0.07,-0.01,-0.19,-2.72,0.0,-2.38,0.13,0.02,0.0,0.69,0.06,0.35,0.33,0.01,2.15,0.01,-0.03,-0.04,0.93,0.89,0.62,-0.08,,0.02,-0.02,0.32,0.04,0.01,0.03,0.05,-0.03,-2.42,0.05,-0.02,0.09,0.22,0.0,-0.02,0.02,0.06,-0.14,0.0,0.01,-0.05,0.28,-2.63,0.03,0.02,-0.02,0.06,0.04,0.17,0.01,0.42,0.34,0.06,0.02,0.02,0.08,0.23,0.0,0.12,-0.02,0.26,0.07,0.01,-0.09,0.02,0.31,0.0,1.96,0.02,-0.02,-0.03,0.1,0.0,0.02,0.03,-0.02,0.07,-0.06,0.04,0.0,-0.17
1986-07-01,0.04,-0.1,0.01,0.01,-0.03,0.15,0.01,-0.01,0.04,0.49,0.09,0.01,0.07,0.01,-0.07,-0.03,-0.43,-0.46,-0.41,0.67,0.64,0.01,0.01,0.21,0.26,0.05,-0.13,0.07,0.03,0.01,0.13,-0.84,0.03,0.77,0.27,0.01,0.0,0.63,0.06,0.36,0.35,0.02,1.42,0.02,0.06,0.03,0.59,0.62,0.4,-0.03,,0.07,-0.05,0.34,0.08,0.02,0.01,0.05,0.02,-0.71,0.06,-0.01,0.08,0.38,0.0,-0.07,0.03,0.0,-0.19,0.0,0.08,0.08,0.31,0.28,0.03,0.01,0.02,0.11,0.03,0.3,0.01,0.3,0.26,0.01,0.03,0.0,0.08,0.21,0.0,0.14,-0.08,0.21,0.08,0.01,-0.07,0.01,0.19,-0.01,1.35,0.02,0.02,-0.01,-0.01,0.0,0.01,0.11,0.0,0.0,-0.09,0.03,0.0,0.14
1986-10-01,0.06,0.09,0.01,0.03,0.0,0.07,0.01,-0.03,0.04,0.35,0.1,0.01,-0.21,-0.29,-0.04,0.0,-0.06,-0.11,-0.06,0.28,0.27,0.01,0.0,0.21,0.27,0.01,-0.01,0.05,0.08,0.01,0.05,-0.28,-0.03,0.58,0.36,0.0,0.0,0.76,0.07,0.45,0.41,-0.01,1.91,0.01,0.02,-0.25,0.7,0.45,0.5,-0.04,,0.03,-0.05,0.4,0.07,0.01,0.03,0.05,0.02,-0.27,0.08,-0.02,0.11,0.28,0.0,-0.08,0.01,-0.04,-0.17,0.0,0.05,0.11,0.19,0.23,0.03,0.04,0.01,0.07,0.03,0.16,0.01,0.24,0.31,0.01,0.03,0.01,0.05,0.26,0.0,0.13,0.09,0.2,0.09,0.0,-0.05,0.03,0.19,0.0,1.87,0.04,0.0,-0.01,-0.03,0.0,0.01,0.02,0.01,0.2,-0.05,0.05,0.0,0.03
1987-01-01,0.04,0.04,0.05,0.06,-0.01,0.28,0.01,-0.13,0.06,0.5,0.1,0.01,0.05,0.01,-0.01,-0.18,-0.68,-0.91,-0.5,0.42,0.37,0.01,0.0,0.25,0.29,-0.15,0.11,0.08,-0.03,0.03,0.25,1.24,0.08,2.86,0.33,0.02,0.0,0.68,0.07,0.37,0.31,0.03,0.99,0.02,0.08,0.05,0.62,0.67,0.44,-0.23,,0.12,-0.06,0.33,0.08,0.02,0.03,0.04,0.06,1.13,0.08,0.04,0.11,0.17,0.0,-0.04,0.02,-0.21,-0.33,0.0,0.03,0.11,0.01,2.36,0.03,0.06,0.02,0.18,0.03,0.42,0.01,-0.02,0.31,0.05,0.04,0.03,0.08,0.2,0.0,0.14,0.06,0.24,0.12,0.01,0.07,0.05,0.18,0.0,0.98,0.03,0.0,0.02,-0.13,0.0,0.03,0.13,-0.01,0.17,0.05,0.04,0.0,0.2
1987-04-01,0.04,0.0,0.01,0.04,0.02,0.24,0.01,-0.02,0.08,0.46,0.11,0.01,0.0,0.0,-0.04,0.02,-0.07,0.06,-0.09,0.35,0.33,0.01,0.01,0.18,0.23,-0.01,0.04,0.05,0.08,0.02,0.19,0.28,-0.03,1.64,0.37,0.01,0.0,0.82,0.07,0.47,0.42,0.0,2.32,0.02,0.05,0.05,0.75,0.8,0.61,0.13,0.0,0.03,-0.04,0.42,0.07,0.02,0.04,0.05,0.06,0.24,0.07,-0.01,0.08,0.42,0.0,0.0,0.01,-0.05,0.03,0.0,0.02,0.33,0.1,1.18,0.03,0.05,0.06,0.09,0.01,0.31,0.01,0.21,0.35,0.05,0.05,0.02,0.08,0.22,0.0,0.08,0.0,0.18,0.13,0.0,-0.1,0.07,0.13,0.01,2.28,0.02,0.01,0.01,-0.02,0.0,0.03,0.04,0.0,0.09,-0.13,0.05,0.0,0.1
1987-07-01,0.04,0.15,0.03,0.02,-0.02,0.03,0.01,-0.02,0.06,0.43,0.09,0.01,0.14,0.12,0.04,-0.06,-0.1,0.12,-0.04,0.15,0.13,0.01,0.0,0.23,0.28,0.0,0.06,0.06,0.06,0.02,0.04,0.54,0.0,1.45,0.44,0.0,0.0,0.78,0.05,0.45,0.4,-0.01,2.35,0.01,0.02,0.15,0.49,0.64,0.3,0.22,0.0,0.09,-0.04,0.4,0.06,0.02,0.01,0.06,0.02,0.48,0.05,0.02,0.06,0.36,0.0,-0.02,0.03,-0.04,0.08,0.01,0.07,0.18,0.16,1.02,0.03,0.05,-0.01,0.14,0.01,0.3,0.01,0.22,0.33,0.04,0.03,0.03,0.09,0.24,0.0,0.08,0.15,0.23,0.11,0.0,-0.13,-0.01,0.19,0.01,2.4,0.06,0.01,0.0,-0.02,0.0,0.02,0.12,0.01,0.21,-0.13,0.03,0.0,0.04
1987-10-01,0.01,0.09,0.03,0.03,0.05,0.32,0.01,-0.01,0.04,0.25,0.1,0.01,-0.05,-0.09,0.0,-0.06,0.18,0.25,0.24,0.12,0.09,0.01,0.0,0.2,0.21,0.03,0.03,-0.02,0.03,0.02,0.27,0.04,0.0,0.91,0.41,0.01,0.0,0.73,0.04,0.44,0.39,-0.05,2.59,0.01,0.01,-0.06,0.83,0.78,0.64,0.08,0.0,0.03,-0.01,0.41,0.05,0.03,0.03,0.05,0.02,0.02,0.09,0.02,0.11,0.15,0.0,-0.04,-0.01,0.02,0.11,0.01,-0.09,0.04,0.09,0.67,0.04,0.05,0.05,0.09,0.02,0.19,0.01,0.3,0.3,0.06,0.05,0.01,0.08,0.19,0.0,0.05,0.09,0.2,0.11,0.01,0.04,0.03,0.18,0.01,2.59,0.09,0.05,0.02,-0.02,0.0,0.01,0.04,0.0,0.2,-0.05,0.04,0.0,0.2
1988-01-01,0.09,0.01,0.03,0.03,-0.02,-0.02,0.02,-0.04,0.07,-0.09,0.12,0.01,0.01,-0.03,-0.01,0.21,0.06,0.35,-0.15,0.25,0.22,0.01,0.0,0.24,0.33,0.17,-0.04,0.06,0.02,0.02,-0.05,-0.28,0.02,0.26,0.5,0.02,0.0,0.96,0.07,0.56,0.52,0.02,2.95,0.01,0.03,0.01,0.76,0.76,0.55,0.29,0.0,0.05,-0.08,0.5,0.05,0.04,0.02,0.03,0.05,-0.24,0.08,0.02,0.07,-0.26,0.0,-0.03,0.01,0.1,0.14,0.0,0.09,-0.2,-0.08,0.35,0.03,0.04,0.03,0.12,-0.01,0.4,0.01,0.35,0.4,0.09,0.04,0.05,0.06,0.25,0.0,0.08,0.03,0.24,0.09,0.01,-0.01,0.05,0.19,0.02,2.94,0.04,0.0,0.01,-0.04,0.0,0.02,0.17,0.0,0.11,-0.04,0.04,0.0,-0.08
1988-04-01,0.05,0.04,0.05,0.04,0.03,0.41,0.02,0.11,0.05,0.33,0.12,0.01,0.01,0.04,-0.04,0.0,0.08,0.38,0.08,0.35,0.3,0.01,0.0,0.28,0.32,0.07,0.01,0.12,0.09,0.02,0.37,-0.03,0.01,1.39,0.53,0.02,0.0,1.08,0.07,0.66,0.61,0.03,3.14,0.06,0.06,0.09,0.51,0.6,0.36,0.3,0.0,0.03,-0.04,0.57,0.06,0.03,0.05,0.03,0.07,-0.04,0.1,0.01,0.11,0.11,0.0,0.03,0.01,0.03,0.19,0.0,0.05,0.0,0.1,1.06,0.03,0.05,0.04,0.09,0.01,0.33,0.01,0.47,0.42,0.12,0.05,0.02,0.08,0.25,0.11,0.06,0.06,0.27,0.11,0.01,0.0,0.06,0.13,0.01,3.1,0.05,0.03,0.02,0.0,0.0,0.03,0.04,-0.01,0.17,-0.06,0.04,0.0,0.27
1988-07-01,-0.01,0.04,0.03,0.03,0.0,0.04,0.02,-0.05,0.05,0.41,0.11,0.01,0.08,0.12,-0.05,-0.05,0.18,0.62,0.23,0.81,0.78,0.01,0.0,0.29,0.29,0.02,-0.03,0.03,0.03,0.03,-0.01,0.16,-0.01,1.8,0.5,0.02,0.0,1.02,0.07,0.67,0.59,0.01,3.27,0.01,0.04,0.16,0.65,0.81,0.48,0.44,0.0,0.04,-0.01,0.55,0.06,0.06,0.03,0.03,0.06,0.19,0.07,0.0,0.1,0.31,0.0,0.04,0.0,0.01,0.21,0.01,0.16,0.13,0.18,1.39,0.03,0.09,0.04,0.12,0.03,0.39,0.0,0.27,0.35,0.04,0.05,0.01,0.09,0.26,0.0,0.08,0.07,0.29,0.1,0.01,-0.05,0.08,0.15,0.02,3.21,0.06,-0.01,0.02,-0.05,0.0,0.02,0.15,0.0,0.17,-0.06,0.05,0.0,-0.07
1988-10-01,0.04,0.03,0.02,0.13,0.0,0.29,0.01,0.03,0.05,0.42,0.1,0.01,0.11,0.15,-0.06,-0.02,-0.12,0.22,-0.1,0.33,0.31,0.01,0.0,0.23,0.27,0.06,-0.05,0.06,0.04,0.02,0.18,-0.18,0.0,1.19,0.49,0.01,0.0,1.0,0.06,0.68,0.59,0.02,2.98,0.01,0.06,0.2,0.59,0.78,0.43,0.34,0.0,0.07,-0.02,0.56,0.05,0.04,0.04,0.04,0.11,-0.13,0.06,0.01,0.08,0.17,0.0,0.04,-0.01,0.04,0.22,0.0,0.08,0.06,0.1,0.77,0.03,0.1,0.11,0.13,0.02,0.34,0.01,0.39,0.32,0.06,0.07,0.09,0.09,0.22,0.0,0.07,0.03,0.22,0.21,0.01,0.05,0.03,0.14,0.01,2.91,0.07,0.06,0.02,0.03,0.0,0.01,0.03,0.0,0.12,-0.04,0.04,0.0,0.07
1989-01-01,0.03,0.19,0.03,0.05,0.01,-0.02,0.01,-0.02,0.06,0.29,0.11,0.01,-0.01,0.01,-0.11,0.18,-0.05,0.22,-0.24,0.59,0.56,0.01,0.0,0.3,0.32,-0.04,0.07,-0.06,-0.05,0.02,-0.02,0.33,0.01,1.71,0.49,0.01,0.0,1.13,0.07,0.68,0.68,-0.01,3.07,0.03,0.06,0.05,0.58,0.64,0.4,0.27,0.0,0.01,-0.05,0.6,0.03,0.0,0.04,0.09,0.01,0.26,0.11,0.03,0.12,0.29,0.0,0.02,-0.02,-0.09,0.24,0.0,-0.01,0.17,0.08,1.43,0.03,0.0,0.0,0.04,0.01,0.52,0.01,0.26,0.45,0.08,0.07,0.04,0.07,0.31,0.0,0.11,0.2,0.29,0.18,0.01,0.02,0.09,0.17,0.01,2.96,0.04,0.0,0.02,-0.02,0.0,0.02,0.24,-0.02,0.32,-0.01,0.05,0.0,-0.04
1989-04-01,0.05,-0.02,0.06,-0.01,0.02,0.11,0.02,0.03,0.05,0.05,0.11,0.01,0.08,0.08,-0.18,0.03,-0.1,0.27,-0.13,0.74,0.68,0.01,0.0,0.28,0.33,0.0,0.04,-0.07,-0.01,0.04,0.11,1.54,0.01,2.81,0.41,0.01,0.0,1.06,0.07,0.73,0.62,-0.03,2.86,0.01,0.08,0.12,0.61,0.73,0.45,0.37,0.0,0.03,-0.06,0.59,0.07,0.01,0.04,0.07,-0.01,1.51,0.08,0.02,0.08,0.12,0.0,0.0,0.0,-0.05,0.24,0.01,0.06,0.04,0.06,2.76,0.03,0.11,0.0,0.07,0.0,0.37,0.01,0.3,0.33,0.08,0.07,0.01,0.13,0.2,0.0,0.1,-0.01,0.28,0.11,0.01,-0.07,0.02,0.15,0.01,2.69,0.03,-0.02,0.01,0.03,0.0,0.02,0.09,-0.03,0.08,-0.07,0.04,0.0,0.1
1989-07-01,0.05,-0.1,0.06,0.04,-0.03,-0.26,0.0,0.0,0.04,0.13,0.09,0.01,0.07,0.09,-0.21,0.08,-0.29,-0.02,-0.37,0.37,0.3,0.01,0.0,0.27,0.32,0.0,0.0,0.12,0.07,0.02,-0.26,-0.59,0.03,0.04,0.37,0.02,0.0,1.07,0.06,0.7,0.66,0.01,2.55,0.01,0.04,0.13,0.66,0.8,0.49,0.27,0.0,0.06,-0.04,0.59,0.03,-0.02,0.02,0.09,0.01,-0.59,0.08,0.01,0.08,-0.03,0.0,0.02,0.04,-0.04,0.21,0.0,0.02,-0.06,0.02,-0.08,0.03,0.05,0.0,0.08,0.01,0.4,0.01,0.22,0.37,0.1,0.0,0.03,0.09,0.23,0.0,0.11,-0.09,0.26,0.16,0.02,-0.04,0.01,0.16,0.01,2.34,0.05,0.0,0.0,0.0,0.0,0.02,0.17,0.0,-0.01,-0.05,0.04,0.0,-0.23
1989-10-01,0.04,-0.01,0.04,0.02,-0.01,0.23,0.0,-0.03,0.05,0.19,0.1,0.01,0.05,0.06,-0.24,-0.04,-0.11,0.12,-0.07,0.31,0.26,0.01,0.0,0.26,0.29,0.03,0.08,0.03,0.04,0.02,0.2,-0.28,-0.02,0.68,0.33,-0.01,0.0,1.06,0.07,0.73,0.63,0.0,2.75,0.01,0.01,0.11,0.75,0.87,0.56,0.23,0.0,-0.04,-0.04,0.58,0.04,0.0,0.02,0.05,0.09,-0.37,0.08,0.01,0.1,0.11,0.0,0.01,0.0,-0.01,0.19,0.0,0.0,-0.06,0.16,0.5,0.03,0.11,0.03,0.0,0.02,0.24,0.01,0.22,0.33,0.06,0.04,0.03,0.11,0.22,0.0,0.05,-0.01,0.25,0.1,0.01,0.05,0.02,0.18,0.01,2.5,0.06,0.06,0.02,-0.03,0.0,0.02,0.04,0.01,0.09,-0.04,0.05,0.0,0.12
1990-01-01,0.04,0.09,0.05,0.1,0.04,0.33,0.01,0.02,0.07,0.31,0.1,0.02,0.05,0.07,-0.04,0.06,-0.16,0.2,-0.22,0.95,0.9,0.01,0.0,0.29,0.34,0.07,0.16,0.06,0.03,0.04,0.31,0.94,0.03,2.97,0.45,0.03,0.0,0.97,0.06,0.58,0.52,-0.01,2.99,0.02,0.05,0.13,0.57,0.7,0.4,0.36,0.0,0.15,-0.08,0.49,0.09,0.05,0.05,0.06,0.01,0.78,0.07,-0.01,0.09,0.03,0.0,0.02,0.0,0.0,0.18,0.0,0.09,-0.1,0.14,2.67,0.03,0.06,0.02,0.24,0.02,0.45,0.01,0.36,0.39,0.07,0.06,0.04,0.11,0.24,0.0,0.13,0.12,0.29,0.21,0.03,-0.03,0.08,0.16,0.01,2.95,0.03,0.01,0.01,0.02,0.01,0.02,0.13,0.01,0.21,-0.09,0.06,0.0,0.26
1990-04-01,-0.01,0.07,0.06,0.08,0.02,0.32,0.0,0.01,0.05,0.01,0.1,0.01,0.05,-0.01,-0.2,0.02,-0.01,0.18,-0.03,0.12,0.06,0.01,0.0,0.33,0.32,0.09,-0.14,0.01,-0.01,0.02,0.28,-0.21,0.02,0.62,0.37,0.01,0.0,1.11,0.07,0.69,0.62,0.0,3.26,0.02,0.04,0.03,0.8,0.83,0.61,0.19,0.0,0.06,-0.06,0.58,0.05,0.05,0.03,0.06,0.06,-0.08,0.1,-0.01,0.1,-0.12,0.0,-0.06,0.01,0.03,0.14,0.0,0.0,-0.08,-0.03,0.61,0.03,0.07,0.04,0.15,0.01,0.38,0.01,0.45,0.42,0.08,0.05,0.09,0.13,0.3,0.0,0.19,0.08,0.32,0.18,0.01,-0.04,0.01,0.18,0.01,3.06,0.05,0.03,0.01,0.01,0.0,0.03,0.07,0.0,0.19,-0.08,0.05,0.0,0.19
1990-07-01,0.05,-0.02,0.06,0.09,0.01,0.07,0.01,-0.07,0.06,0.03,0.14,0.01,-0.02,-0.01,-0.21,0.04,-0.04,0.15,-0.08,0.59,0.53,0.01,0.0,0.24,0.3,0.12,0.13,0.03,0.03,0.04,0.06,1.13,0.0,2.24,0.44,0.03,0.0,1.19,0.09,0.77,0.71,-0.01,3.15,0.02,0.03,0.03,0.93,0.96,0.73,0.19,0.0,-0.03,-0.14,0.65,0.08,0.02,0.03,0.08,0.02,1.0,0.07,0.0,0.06,0.0,0.0,0.02,0.05,-0.02,0.12,0.0,-0.02,-0.03,0.03,2.21,0.03,0.06,0.01,0.02,0.0,0.42,0.01,0.26,0.42,0.12,0.04,-0.01,0.1,0.24,0.0,0.09,0.01,0.24,0.23,0.01,-0.03,0.03,0.19,0.02,2.94,0.05,0.01,0.02,-0.07,0.0,0.03,0.19,0.0,0.07,-0.07,0.04,0.0,0.03
1990-10-01,0.02,0.05,0.03,0.03,-0.01,0.02,0.02,0.03,0.05,0.11,0.1,0.01,0.05,0.08,-0.11,-0.05,-0.07,0.12,-0.02,0.27,0.24,0.01,0.0,0.21,0.24,0.12,0.31,-0.03,0.01,0.04,-0.01,2.16,-0.03,2.85,0.51,0.02,0.0,1.12,0.06,0.77,0.69,-0.01,2.66,0.03,0.03,0.13,0.36,0.49,0.19,0.19,0.0,0.03,-0.09,0.63,0.07,-0.02,0.04,0.06,0.02,1.85,0.09,0.02,0.11,0.15,0.0,0.04,0.0,0.03,0.08,0.0,0.03,-0.06,0.18,2.75,0.03,0.09,0.03,0.03,0.01,0.3,0.01,0.37,0.34,0.06,0.05,0.03,0.13,0.24,0.0,0.06,0.07,0.21,0.14,0.0,-0.04,0.01,0.16,0.01,2.54,0.07,0.0,0.01,0.03,0.0,0.01,0.05,0.01,0.18,-0.05,0.05,0.0,-0.02
1991-01-01,0.07,-0.11,0.44,0.08,0.0,0.04,0.01,0.12,0.07,0.42,0.14,0.01,0.22,0.26,-0.21,0.04,-0.29,-0.27,-0.34,0.58,0.14,0.0,0.0,0.28,0.35,0.13,-0.18,0.03,-0.01,0.01,0.05,-1.68,0.05,-0.09,0.35,0.02,0.0,1.0,0.1,0.65,0.59,-0.01,2.43,0.06,0.05,0.31,0.42,0.73,0.26,0.02,0.0,0.05,-0.16,0.56,0.01,0.0,0.1,0.06,0.04,-1.5,0.06,0.0,0.07,0.29,0.0,0.04,-0.01,-0.03,-0.05,0.0,0.06,0.07,0.22,-0.51,0.03,0.06,0.0,0.08,0.01,0.55,0.01,0.46,0.34,0.09,0.04,0.05,0.12,0.18,0.07,0.11,-0.09,0.28,0.17,0.01,0.02,0.05,0.15,0.01,2.21,0.03,0.03,0.0,0.04,0.0,0.02,0.19,0.0,-0.02,-0.02,0.06,0.0,0.02
1991-04-01,0.03,-0.03,0.08,0.07,0.02,0.13,0.01,0.04,0.06,0.12,0.12,0.01,-0.01,-0.06,-0.03,-0.02,-0.14,-0.12,-0.12,0.41,0.33,0.01,0.0,0.22,0.26,-0.09,-0.17,0.03,0.05,0.01,0.09,-0.75,-0.01,0.3,0.46,0.0,0.0,0.88,0.09,0.55,0.49,-0.01,1.93,0.04,0.03,0.01,0.36,0.37,0.21,0.02,0.0,-0.03,0.0,0.49,0.04,0.03,0.05,0.08,0.09,-0.58,0.07,-0.02,0.08,0.09,0.0,-0.04,-0.01,-0.09,-0.02,0.0,0.0,0.04,0.07,0.18,0.03,0.06,0.03,0.04,0.01,0.39,0.01,0.31,0.33,0.11,0.04,0.05,0.13,0.16,0.04,0.11,-0.02,0.22,0.18,0.01,-0.04,0.07,0.13,0.01,1.9,0.05,0.02,0.01,0.01,0.0,0.02,0.08,0.0,0.06,-0.09,0.07,0.0,-0.02
1991-07-01,0.01,0.06,0.03,0.04,0.0,0.17,0.01,0.02,0.08,0.18,0.16,0.01,0.03,0.04,-0.18,0.12,0.23,0.41,0.1,-0.21,-0.24,0.01,0.0,0.21,0.22,0.04,-0.01,0.07,0.03,0.02,0.14,-0.13,0.03,0.28,0.34,0.01,0.0,0.95,0.12,0.59,0.54,0.01,2.64,0.02,-0.01,0.1,0.29,0.39,0.17,0.19,0.0,0.06,-0.05,0.52,0.06,0.02,0.05,0.06,-0.02,-0.11,0.1,0.03,0.13,0.15,0.0,0.01,0.0,-0.01,0.0,0.0,0.13,0.06,0.06,0.1,0.02,0.04,0.02,0.11,0.02,0.27,0.01,0.33,0.36,0.07,0.04,0.02,0.13,0.21,0.0,0.08,0.07,0.2,0.13,0.01,-0.15,0.0,0.1,0.01,2.46,0.04,0.03,0.0,0.01,0.0,0.01,0.08,0.0,0.2,-0.19,0.07,0.0,0.16
1991-10-01,0.01,0.01,0.03,0.04,0.0,0.14,0.01,0.03,0.06,0.11,0.17,0.01,0.07,0.11,-0.17,0.04,-0.02,0.11,-0.06,-0.03,-0.06,0.0,0.0,0.12,0.13,0.07,0.05,-0.04,-0.04,0.02,0.12,0.17,0.02,0.63,0.36,0.01,0.0,1.01,0.13,0.62,0.56,-0.02,2.48,0.02,0.01,0.15,0.55,0.7,0.42,0.13,0.0,0.06,-0.04,0.54,0.07,0.0,0.07,0.02,0.06,0.12,0.07,0.02,0.04,0.09,0.0,0.04,0.0,0.03,0.03,0.0,0.03,0.01,0.06,0.52,0.03,0.05,0.02,0.08,-0.03,0.24,0.01,0.37,0.4,0.11,0.02,0.0,0.08,0.23,0.0,0.06,0.02,0.11,0.09,0.0,-0.02,-0.02,0.12,0.01,2.3,0.04,0.03,0.01,0.03,0.0,0.01,0.09,0.0,0.06,-0.06,0.04,0.0,0.06
1992-01-01,-0.02,0.1,0.05,0.03,-0.02,-0.09,0.01,0.01,0.05,0.0,0.11,0.01,0.03,0.0,-0.28,0.1,0.05,0.33,-0.05,0.14,0.09,0.0,0.0,0.1,0.08,0.09,-0.06,0.12,0.09,0.02,-0.1,-0.22,0.02,0.18,0.3,0.04,0.0,1.08,0.08,0.69,0.65,0.0,2.63,0.01,0.01,0.04,0.51,0.55,0.38,0.28,0.0,-0.02,-0.07,0.58,0.1,-0.02,0.05,-0.01,0.02,-0.16,0.06,0.0,0.05,-0.01,0.0,-0.03,0.01,0.02,0.09,0.0,0.09,-0.1,0.08,0.18,0.03,0.04,0.01,0.0,-0.01,0.35,0.0,0.38,0.39,0.09,0.02,0.04,0.1,0.25,0.0,0.16,0.13,0.1,0.03,0.0,-0.1,0.03,0.13,0.01,2.35,0.04,-0.01,0.0,0.01,0.0,0.03,0.09,0.01,0.18,-0.09,0.04,0.0,-0.1
1992-04-01,0.05,-0.12,0.03,0.07,0.02,-0.02,0.01,-0.02,0.04,0.14,0.14,0.01,0.04,0.06,-0.21,-0.03,0.01,0.28,0.04,0.08,0.05,0.0,0.0,0.11,0.16,0.05,0.01,0.02,0.07,0.02,-0.03,0.13,-0.03,0.64,0.32,0.01,0.0,0.96,0.11,0.63,0.58,-0.01,2.26,0.02,0.0,0.11,0.36,0.47,0.26,0.27,0.0,-0.03,-0.01,0.53,0.07,0.03,0.04,0.07,-0.04,0.12,0.05,-0.01,0.05,0.16,0.0,0.02,0.0,0.03,0.08,0.0,0.11,0.06,0.1,0.5,0.03,0.05,0.02,0.01,0.0,0.32,0.01,0.27,0.33,0.04,0.03,0.03,0.11,0.25,0.0,0.03,-0.11,0.11,0.17,0.02,-0.06,0.05,0.09,0.01,2.05,0.03,0.0,0.03,-0.02,0.0,0.01,0.09,0.0,-0.06,-0.11,0.05,0.0,-0.01
1992-07-01,0.08,-0.13,0.01,0.03,-0.01,0.03,0.01,-0.04,0.07,0.05,0.12,0.0,0.01,0.07,-0.13,-0.07,-0.02,0.12,0.04,0.24,0.23,0.0,0.0,0.09,0.17,0.12,0.04,-0.02,-0.03,0.02,0.0,0.23,0.0,0.77,0.36,0.0,0.0,0.89,0.09,0.57,0.52,0.02,1.93,0.04,0.02,0.12,0.26,0.38,0.18,0.15,0.0,0.03,-0.04,0.49,0.06,0.03,0.03,0.05,-0.04,0.2,0.04,0.0,0.09,0.15,0.0,0.06,0.02,0.08,0.1,0.01,-0.02,0.08,0.07,0.73,0.03,0.04,0.03,0.07,0.05,0.22,0.0,0.31,0.32,0.05,0.03,0.02,0.04,0.21,0.0,0.04,-0.13,0.09,0.1,0.0,-0.15,0.0,0.07,0.01,1.8,0.03,-0.04,-0.01,-0.04,0.0,0.01,0.09,-0.01,-0.04,-0.1,0.06,0.0,0.04
1992-10-01,0.01,0.26,0.01,0.01,0.01,0.07,0.01,-0.01,0.04,0.08,0.14,0.01,0.05,0.14,-0.22,0.05,0.22,0.48,0.16,0.03,0.03,0.0,0.0,0.1,0.1,-0.12,-0.01,0.03,0.02,0.02,0.06,0.13,0.03,0.38,0.29,0.0,0.0,0.94,0.11,0.58,0.54,-0.02,2.67,0.02,-0.05,0.18,0.41,0.6,0.29,0.26,0.0,-0.01,-0.02,0.51,0.06,0.0,0.03,0.03,0.02,0.14,0.05,-0.01,0.08,0.12,0.0,0.08,-0.02,-0.14,0.13,0.0,0.07,0.08,0.05,0.29,0.03,0.03,0.01,0.0,0.03,0.06,0.01,0.15,0.36,0.09,0.04,0.0,0.05,0.22,0.0,0.06,0.26,0.09,0.07,0.01,-0.07,-0.04,0.1,0.02,2.44,0.04,0.01,0.0,-0.01,0.0,0.01,0.09,-0.01,0.33,-0.09,0.05,0.0,0.03
1993-01-01,-0.04,0.09,0.0,0.09,-0.02,-0.06,0.01,0.04,0.04,-0.02,0.14,0.0,-0.01,-0.02,-0.13,0.0,0.05,0.34,0.05,0.07,0.06,0.0,0.0,0.13,0.08,0.02,-0.02,-0.05,0.0,0.01,-0.04,-0.01,-0.05,0.28,0.26,0.01,0.0,0.74,0.11,0.47,0.42,0.0,2.25,0.01,0.01,0.01,0.51,0.53,0.37,0.29,0.0,-0.03,-0.02,0.39,0.03,-0.01,0.01,0.0,0.0,0.01,0.06,0.0,0.08,0.16,0.0,-0.01,-0.01,0.0,0.15,0.0,0.11,0.08,0.08,0.3,0.02,0.05,-0.02,-0.01,0.02,0.3,0.0,0.28,0.27,0.04,0.02,0.01,0.05,0.19,0.0,0.05,0.11,0.12,0.1,0.01,-0.12,0.06,0.12,0.02,2.12,0.03,-0.02,0.0,0.04,0.0,0.02,0.18,0.0,0.19,-0.11,0.03,0.0,-0.02
1993-04-01,0.09,-0.06,-0.02,0.05,0.0,-0.14,-0.01,0.0,0.05,0.26,0.09,0.01,0.12,0.18,0.01,0.18,0.31,0.56,0.13,0.25,0.27,0.0,0.0,0.13,0.22,0.05,0.01,0.09,0.04,0.02,-0.14,-0.33,0.02,0.14,0.32,0.0,0.0,0.66,0.07,0.32,0.27,0.02,2.56,0.02,0.03,0.21,0.45,0.67,0.34,0.25,0.0,0.02,-0.02,0.31,0.05,-0.03,0.05,0.05,0.0,-0.34,0.06,-0.02,0.06,0.27,0.0,0.06,0.01,0.02,0.12,0.0,0.07,0.18,0.11,-0.12,0.02,0.05,0.0,0.01,0.0,0.1,0.01,0.32,0.34,0.08,0.03,0.02,0.02,0.21,0.0,0.13,-0.06,0.13,0.13,0.0,-0.1,-0.06,0.09,0.02,2.57,0.03,0.01,0.01,0.0,0.0,0.01,0.02,0.01,0.0,-0.12,0.03,0.0,-0.13
1993-07-01,0.01,0.02,-0.01,0.03,-0.01,0.01,0.01,0.03,0.03,0.24,0.1,0.01,0.02,0.09,-0.1,0.02,0.15,0.4,0.14,0.07,0.08,0.0,0.0,0.1,0.11,-0.04,-0.02,0.02,0.03,0.01,0.02,-0.32,-0.01,-0.16,0.22,0.0,0.0,0.64,0.07,0.34,0.31,-0.01,2.01,0.02,-0.02,0.13,0.3,0.42,0.2,0.25,0.0,0.0,0.0,0.32,0.03,0.0,0.03,0.06,-0.02,-0.3,0.04,-0.02,0.04,0.28,0.0,0.07,0.0,-0.04,0.1,0.01,0.1,0.17,0.13,-0.4,0.02,0.03,-0.01,0.01,0.0,-0.16,0.01,0.27,0.31,0.09,0.04,0.04,0.07,0.19,0.0,0.09,0.02,0.1,0.11,0.0,-0.07,-0.05,0.07,0.02,1.91,0.03,0.01,0.0,0.04,0.0,0.01,-0.22,0.01,0.06,-0.08,0.04,0.0,0.04
1993-10-01,0.03,-0.01,0.02,0.02,0.0,-0.01,0.01,0.04,0.03,0.33,0.1,0.0,-0.01,0.0,0.01,-0.16,-0.11,0.05,0.05,0.29,0.28,0.0,0.0,0.08,0.11,0.04,-0.02,0.09,0.03,0.02,-0.04,0.26,0.04,0.8,0.26,-0.02,0.0,0.49,0.08,0.25,0.21,0.0,1.51,0.01,0.04,0.05,0.37,0.42,0.26,0.16,0.0,-0.02,-0.04,0.25,0.04,0.05,0.03,0.07,0.01,0.28,0.04,-0.01,0.06,0.27,0.0,0.01,-0.01,0.0,0.07,0.0,0.04,0.17,0.11,0.47,0.02,0.05,0.02,0.03,0.03,-0.07,0.01,0.28,0.24,0.05,0.03,0.0,0.02,0.16,0.0,0.06,-0.02,0.07,0.13,0.01,-0.06,0.07,0.09,0.02,1.52,0.04,0.01,0.0,0.04,0.0,0.0,-0.22,0.02,0.04,-0.09,0.04,0.0,-0.04
1994-01-01,-0.02,-0.07,-0.01,-0.01,-0.02,-0.26,0.0,0.07,0.04,0.12,0.1,0.01,-0.05,0.0,-0.03,-0.28,-0.23,-0.1,0.05,0.03,0.04,0.0,0.0,0.09,0.07,0.06,0.01,0.03,0.03,0.01,-0.24,-0.14,0.0,-0.15,0.23,0.02,0.0,0.63,0.07,0.25,0.2,0.01,1.62,0.01,-0.01,0.04,0.52,0.56,0.38,0.14,0.0,0.03,-0.01,0.26,0.03,-0.01,0.03,0.08,-0.13,-0.15,0.05,0.01,0.08,0.13,0.0,0.05,0.0,0.06,0.05,0.0,0.05,0.0,0.11,-0.27,0.02,0.05,-0.02,0.03,0.02,0.1,0.01,0.32,0.39,0.09,0.01,0.0,0.04,0.26,0.0,0.05,-0.04,0.09,0.09,0.0,-0.07,0.0,0.11,0.03,1.59,0.02,0.0,0.01,0.08,0.0,0.0,0.06,-0.01,0.04,-0.07,0.04,0.0,-0.09
1994-04-01,0.07,-0.02,0.0,-0.01,0.01,0.09,0.01,0.02,0.06,0.31,0.1,0.01,-0.01,-0.03,0.01,0.06,0.16,0.27,0.1,0.12,0.12,0.0,0.0,0.1,0.17,-0.04,-0.01,0.08,0.06,0.02,0.08,-0.15,-0.01,0.52,0.25,0.0,0.0,0.53,0.07,0.25,0.22,0.01,1.72,0.01,-0.01,0.01,0.45,0.46,0.35,0.11,0.0,-0.01,-0.02,0.24,0.04,0.02,0.02,-0.02,0.05,-0.14,0.04,0.0,0.09,0.24,0.0,-0.02,0.01,-0.06,0.06,0.0,0.0,0.11,0.12,0.21,0.02,0.03,0.01,0.01,0.04,0.16,0.0,0.23,0.28,0.11,0.05,0.04,0.05,0.12,0.0,0.07,-0.02,0.1,-0.01,0.01,-0.02,0.01,0.08,0.02,1.73,0.03,0.04,0.02,0.02,0.0,0.0,0.04,0.01,0.07,-0.08,0.04,0.0,0.01
1994-07-01,0.0,-0.03,0.0,-0.02,0.0,-0.1,0.01,0.0,0.04,0.37,0.1,0.01,0.04,-0.01,0.05,-0.09,-0.11,0.05,-0.01,0.38,0.37,0.0,0.0,0.08,0.08,0.12,0.01,0.04,0.02,0.03,-0.06,0.6,0.02,1.37,0.37,-0.01,0.0,0.59,0.06,0.36,0.31,0.0,1.48,0.01,0.01,0.02,0.35,0.37,0.26,0.15,0.0,0.04,0.01,0.32,0.05,-0.02,0.01,0.01,0.04,0.59,0.05,-0.01,0.06,0.32,0.0,-0.05,0.01,0.13,0.09,0.01,0.01,0.19,0.14,1.01,0.02,0.05,-0.03,0.06,0.02,0.13,0.01,0.35,0.23,0.09,0.02,0.0,0.03,0.1,0.0,0.03,-0.04,0.08,0.03,0.01,-0.05,0.04,0.08,0.01,1.53,0.04,-0.01,0.0,0.01,0.0,0.03,0.03,0.0,0.02,-0.06,0.03,0.0,-0.11
1994-10-01,0.01,-0.11,-0.01,0.01,0.02,-0.17,0.03,-0.01,0.05,0.09,0.11,0.0,0.02,-0.03,0.08,-0.03,0.02,0.21,0.05,0.04,0.05,0.0,0.0,0.13,0.15,0.07,-0.02,-0.1,-0.09,0.02,-0.12,0.13,-0.02,0.19,0.32,0.0,0.0,0.52,0.06,0.23,0.18,0.0,1.62,0.01,-0.01,0.0,0.42,0.42,0.31,0.19,0.0,-0.02,-0.01,0.24,0.03,0.0,0.06,0.05,-0.06,0.15,0.04,0.0,0.07,0.32,0.0,-0.05,0.0,0.06,0.09,0.01,0.06,0.26,0.07,0.1,0.02,0.05,-0.04,-0.01,0.03,0.1,0.01,0.27,0.3,0.07,0.01,0.01,0.03,0.18,0.0,0.06,-0.11,0.13,0.08,0.0,-0.12,0.0,0.09,0.01,1.7,0.04,0.0,0.03,-0.01,0.0,0.02,0.0,0.01,-0.04,-0.14,0.03,0.0,-0.09
1995-01-01,-0.01,-0.03,0.0,0.03,-0.01,-0.2,0.0,0.05,0.05,0.21,0.09,0.01,0.07,0.05,-0.13,0.1,-0.05,0.12,-0.15,0.2,0.2,0.0,0.0,0.13,0.12,-0.11,0.0,0.01,0.03,0.02,-0.22,-0.1,0.0,0.18,0.2,0.0,0.0,0.72,0.06,0.41,0.31,-0.01,1.92,0.05,0.05,0.08,0.5,0.58,0.41,0.17,0.0,-0.02,-0.01,0.33,0.03,0.03,0.04,0.03,-0.03,-0.1,0.02,0.01,0.07,0.23,0.0,-0.01,0.0,-0.13,0.13,0.01,0.01,0.17,0.05,-0.03,0.03,0.1,0.02,0.04,0.05,0.07,0.01,0.24,0.31,0.04,0.05,0.0,-0.01,0.23,0.06,0.07,-0.03,0.13,0.09,0.0,-0.07,-0.02,0.09,0.0,1.79,0.05,0.01,0.02,-0.01,0.0,0.01,0.01,-0.01,0.04,-0.1,0.02,0.0,-0.18
1995-04-01,0.1,0.2,0.02,0.03,-0.02,-0.1,0.01,-0.02,0.03,-0.05,0.09,0.01,0.01,-0.03,0.03,0.13,0.01,0.21,-0.12,0.31,0.29,0.0,0.0,0.15,0.24,0.2,0.01,-0.04,0.01,0.03,-0.09,0.01,-0.04,0.31,0.23,0.01,0.0,0.37,0.06,0.21,0.14,-0.01,2.01,0.01,0.02,-0.01,0.51,0.5,0.41,0.2,0.0,-0.02,-0.07,0.21,0.05,0.03,0.07,0.05,-0.03,0.0,0.05,0.01,0.05,0.14,0.0,-0.04,0.02,0.13,0.11,0.01,0.03,0.05,0.09,0.36,0.02,0.07,-0.01,0.01,0.0,0.14,0.01,0.32,0.16,0.03,0.01,0.0,-0.03,0.1,0.0,0.07,0.21,0.14,0.11,0.0,-0.17,0.01,0.09,0.01,2.04,0.04,-0.03,0.0,-0.02,0.0,0.0,0.04,0.0,0.26,-0.14,0.02,0.0,-0.04
1995-07-01,0.03,0.08,0.0,0.03,0.02,-0.03,0.0,-0.01,0.04,-0.16,0.08,0.0,0.06,0.02,0.04,0.07,0.02,0.23,-0.05,0.1,0.1,0.0,0.0,0.12,0.15,-0.01,0.01,0.08,0.08,0.02,-0.04,-0.13,0.01,0.04,0.22,0.01,0.0,0.3,0.06,0.2,0.14,-0.01,1.56,0.02,0.07,0.04,0.48,0.51,0.39,0.21,0.0,0.01,-0.02,0.18,0.05,0.03,0.06,0.03,-0.03,-0.14,0.04,0.0,0.04,-0.02,0.0,-0.04,0.0,-0.03,0.12,0.0,0.05,-0.06,0.04,0.2,0.02,0.06,0.01,0.06,0.0,0.26,0.01,0.16,0.1,-0.01,0.0,0.01,0.05,0.07,0.0,0.06,0.09,0.12,0.08,0.01,-0.27,0.03,0.08,0.01,1.6,0.03,-0.01,0.0,-0.01,0.0,0.01,0.04,0.0,0.13,-0.28,0.02,0.0,-0.02
1995-10-01,0.01,-0.05,0.01,0.04,0.0,-0.02,0.0,-0.02,0.04,-0.11,0.07,0.01,0.08,0.04,-0.02,0.06,0.09,0.32,0.03,0.17,0.16,0.0,0.0,0.12,0.13,-0.03,-0.02,-0.01,0.0,0.02,0.0,-0.17,-0.02,0.04,0.26,0.01,0.0,0.45,0.06,0.35,0.26,0.0,1.76,0.02,0.01,0.06,0.54,0.6,0.44,0.23,0.0,-0.01,-0.02,0.29,0.06,0.0,0.06,0.06,0.01,-0.16,0.04,0.0,0.04,0.12,0.0,-0.04,0.0,-0.05,0.13,0.0,0.04,0.06,0.07,0.15,0.02,0.09,-0.02,0.01,0.01,0.17,0.01,0.13,0.1,0.03,0.01,0.04,0.04,0.03,0.0,0.06,-0.04,0.11,0.13,0.02,-0.23,0.0,0.09,0.01,1.73,0.03,-0.01,0.0,-0.02,0.0,0.01,0.02,0.01,0.01,-0.25,0.02,0.0,-0.02
1996-01-01,0.01,-0.3,0.04,0.04,0.02,0.0,0.02,0.0,0.04,0.04,0.1,0.01,0.01,0.08,0.02,-0.11,-0.13,0.13,-0.03,0.27,0.23,0.0,0.0,0.11,0.12,0.03,0.1,0.02,0.02,0.03,0.0,0.52,0.0,0.98,0.24,0.05,0.0,0.27,0.06,0.25,0.14,0.0,1.25,0.02,0.02,0.13,0.45,0.58,0.33,0.27,0.0,-0.04,-0.06,0.22,0.08,-0.02,0.05,0.05,0.02,0.42,0.04,0.0,0.05,0.22,0.0,0.07,0.0,-0.03,0.12,0.0,0.06,0.17,0.06,0.94,0.02,0.1,0.0,-0.03,0.0,0.14,0.01,0.23,0.03,0.04,0.03,-0.02,0.06,-0.05,0.0,0.06,-0.25,0.11,0.12,0.02,-0.17,0.01,0.1,0.01,1.26,0.04,0.01,0.03,0.0,0.0,0.01,0.03,0.0,-0.2,-0.23,0.05,0.0,-0.04
1996-04-01,0.07,0.07,0.04,0.04,0.0,-0.08,0.01,0.0,0.04,-0.34,0.09,0.01,0.0,0.08,0.1,0.11,0.09,0.3,-0.02,0.36,0.32,0.0,0.0,0.16,0.23,0.02,0.05,-0.02,-0.02,0.03,-0.09,0.61,0.0,0.66,0.31,0.05,0.0,0.34,0.06,0.21,0.12,-0.01,1.94,0.02,0.0,0.14,0.41,0.55,0.31,0.21,0.0,-0.05,-0.04,0.2,0.08,0.0,0.0,0.06,0.0,0.57,0.04,0.0,0.03,0.01,0.0,0.08,-0.01,-0.02,0.13,0.01,0.0,-0.04,0.05,1.0,0.02,0.09,0.01,-0.04,-0.01,0.1,0.01,0.23,0.14,0.04,0.02,0.0,0.03,0.05,0.0,0.09,0.11,0.15,0.14,0.0,-0.29,0.05,0.1,0.0,2.04,0.03,-0.01,0.0,0.0,0.0,0.0,0.04,0.01,0.14,-0.28,0.06,0.0,-0.08
1996-07-01,0.04,0.02,0.04,0.07,-0.02,-0.26,0.01,0.06,0.05,-0.13,0.08,0.01,0.04,0.09,0.04,-0.04,0.14,0.39,0.18,0.39,0.35,0.0,0.0,0.15,0.19,0.06,-0.03,0.03,0.0,0.02,-0.22,-0.34,0.01,-0.27,0.21,0.0,0.0,0.31,0.06,0.14,0.09,0.01,1.94,0.03,-0.01,0.05,0.43,0.48,0.32,0.24,0.0,-0.04,-0.04,0.16,0.06,0.02,0.02,0.04,-0.04,-0.31,0.06,-0.01,0.1,0.07,0.0,0.05,0.0,0.02,0.12,0.01,0.05,0.02,0.07,-0.14,0.01,0.05,-0.03,0.0,0.04,0.07,0.01,0.33,0.17,0.08,0.05,0.0,0.04,0.04,0.0,0.06,0.02,0.14,0.13,0.01,-0.23,-0.02,0.11,0.0,1.98,0.03,-0.03,-0.01,0.05,0.0,0.0,0.02,0.01,0.12,-0.2,-0.04,0.0,-0.16
1996-10-01,0.02,0.17,0.02,0.05,0.0,0.08,0.06,0.03,0.05,-0.22,0.13,0.01,0.0,0.05,0.08,-0.07,0.07,0.31,0.14,0.3,0.28,0.01,0.0,0.21,0.22,0.05,0.11,-0.05,-0.02,0.03,0.09,0.42,-0.04,0.67,0.27,0.0,0.0,0.37,0.06,0.16,0.1,0.0,2.01,0.02,0.0,0.07,0.38,0.45,0.3,0.23,0.0,-0.02,-0.02,0.19,0.06,-0.05,0.03,0.04,0.05,0.31,0.06,0.0,0.02,0.12,0.0,0.05,-0.01,0.03,0.13,0.0,0.04,0.06,0.06,0.89,0.02,0.06,-0.01,-0.06,-0.03,0.08,0.01,0.33,0.21,0.08,0.05,-0.02,0.03,0.08,0.0,0.04,0.16,0.2,0.14,0.0,-0.23,0.03,0.09,-0.01,2.08,0.04,0.0,-0.02,0.02,0.0,0.0,0.03,0.01,0.19,-0.22,0.02,0.0,0.04
1997-01-01,0.02,-0.05,0.02,0.04,0.0,0.04,-0.01,0.03,0.04,-0.19,0.07,0.01,0.03,0.19,0.11,0.12,0.15,0.27,0.03,0.03,0.02,0.0,0.0,0.15,0.17,-0.05,-0.02,0.02,-0.01,0.02,0.05,0.19,0.01,0.19,0.22,0.0,0.0,0.23,0.06,0.06,0.0,0.01,1.48,0.0,0.01,0.21,0.4,0.61,0.32,0.12,-0.01,-0.03,-0.04,0.12,0.04,0.0,0.03,0.05,-0.01,0.21,0.03,0.0,0.0,0.07,0.0,0.16,-0.02,-0.09,0.11,0.0,-0.03,0.05,0.02,0.38,0.02,0.06,0.0,0.0,-0.03,0.11,0.01,0.14,0.17,0.12,0.04,0.01,0.04,0.01,0.0,0.06,-0.05,0.14,0.12,0.0,-0.27,-0.01,0.1,-0.02,1.59,0.03,0.01,0.01,0.04,0.0,0.01,0.04,0.01,-0.05,-0.3,0.02,0.0,0.07
1997-04-01,0.06,0.05,0.01,0.04,0.03,0.21,-0.01,0.01,0.04,-0.49,0.07,0.01,0.02,-0.12,0.01,0.11,0.26,0.39,0.15,0.06,0.05,0.0,0.0,0.1,0.16,0.1,-0.05,0.03,0.07,0.01,0.21,-0.73,-0.01,-0.78,0.19,0.01,0.0,0.35,0.05,0.16,0.11,-0.03,1.78,0.02,0.01,-0.1,0.45,0.34,0.34,0.13,0.01,-0.04,-0.05,0.18,0.04,0.0,0.02,0.07,0.06,-0.67,0.05,-0.01,0.07,-0.12,0.0,-0.14,0.0,0.05,0.09,0.01,-0.02,-0.09,-0.02,-0.29,0.02,0.05,0.0,-0.02,0.02,0.17,0.01,0.28,0.19,0.11,0.02,0.02,0.04,0.04,0.0,0.08,0.06,0.09,0.13,0.0,-0.38,-0.01,0.11,-0.01,1.78,0.03,-0.02,-0.01,0.01,0.0,0.01,0.09,-0.01,0.13,-0.35,0.02,0.0,0.12
1997-07-01,0.01,0.06,0.01,0.06,-0.03,-0.19,0.01,-0.06,0.03,-0.34,0.08,0.01,-0.04,0.01,0.14,0.1,0.06,0.19,-0.04,0.13,0.12,0.0,0.0,0.14,0.15,-0.07,-0.03,-0.05,-0.05,0.02,-0.19,0.11,0.01,-0.4,0.24,0.01,0.0,0.21,0.05,0.04,-0.02,0.0,1.32,0.02,0.0,0.05,0.47,0.52,0.36,0.13,0.02,-0.01,-0.03,0.09,0.05,-0.01,0.0,0.02,-0.01,0.14,0.03,0.01,-0.01,-0.06,0.0,0.05,-0.01,-0.1,0.06,0.01,0.01,-0.05,-0.02,-0.06,0.02,0.06,0.0,0.0,-0.05,-0.11,0.01,0.1,0.17,0.05,0.02,-0.03,-0.01,0.09,0.0,0.1,0.06,0.14,0.1,0.01,-0.23,-0.07,0.11,-0.01,1.46,0.03,0.0,0.0,-0.08,0.0,0.01,0.0,0.0,0.05,-0.24,0.05,0.0,-0.15
1997-10-01,0.06,0.11,0.0,0.03,-0.01,-0.07,0.01,-0.04,0.04,-0.29,0.08,0.0,-0.02,0.05,0.18,-0.07,0.08,0.19,0.15,0.07,0.08,0.0,0.0,0.16,0.22,-0.07,-0.01,-0.03,-0.03,0.02,-0.08,0.04,0.02,-0.19,0.26,0.01,0.0,0.11,0.04,0.0,-0.05,-0.01,1.27,0.02,-0.06,0.08,0.43,0.51,0.33,0.1,0.0,-0.04,-0.06,0.08,0.06,-0.03,0.0,0.0,0.0,0.05,0.02,-0.02,0.04,0.01,0.0,0.07,0.0,-0.13,0.02,0.0,0.02,0.05,-0.03,0.1,0.03,0.05,0.01,-0.05,0.02,0.06,0.0,0.04,0.11,0.05,0.0,0.04,0.01,0.02,0.0,0.06,0.12,0.15,0.05,0.0,-0.22,-0.02,0.1,0.0,1.45,0.04,0.0,-0.01,-0.04,0.0,0.0,0.07,-0.01,0.16,-0.21,0.03,0.0,-0.06
1998-01-01,0.0,-0.03,0.0,0.04,-0.01,-0.19,0.0,-0.02,0.04,-0.38,0.08,0.01,-0.17,-0.24,0.15,0.0,-0.09,0.02,-0.09,0.11,0.11,0.0,0.0,0.13,0.13,-0.08,-0.04,0.02,0.01,0.01,-0.15,-0.87,0.01,-1.13,0.3,0.0,0.0,0.32,0.05,0.12,0.07,0.01,1.01,0.01,0.03,-0.22,0.47,0.25,0.37,0.11,0.0,-0.01,0.03,0.15,0.06,0.0,0.04,0.05,-0.04,-0.82,0.05,-0.01,0.07,-0.13,0.0,-0.07,-0.01,-0.05,0.01,0.0,0.04,-0.11,-0.02,-0.75,0.02,0.05,-0.04,0.0,0.03,0.21,0.01,0.14,0.2,0.06,0.02,0.04,0.05,0.1,0.0,0.07,-0.03,0.13,0.11,0.01,-0.27,0.02,0.1,0.0,1.16,0.04,0.01,0.0,-0.02,0.0,0.01,0.04,0.0,0.05,-0.3,0.02,0.01,-0.1
1998-04-01,0.05,-0.06,0.01,0.02,0.01,-0.08,0.01,0.03,0.04,-0.39,0.08,0.01,-0.03,-0.01,0.16,-0.36,-0.36,-0.27,0.0,0.08,0.07,0.01,0.0,0.1,0.16,0.05,-0.01,0.06,0.05,0.01,-0.08,-0.42,0.04,-0.58,0.36,0.01,0.0,0.36,0.05,0.18,0.11,-0.02,1.14,0.02,0.03,0.01,0.49,0.5,0.38,0.09,0.01,-0.05,-0.02,0.19,0.05,-0.01,0.02,0.05,-0.06,-0.41,0.04,-0.02,0.03,-0.12,0.0,0.01,0.01,0.03,0.02,-0.01,0.03,-0.07,-0.03,-0.19,0.02,0.07,-0.01,-0.05,-0.01,0.24,0.01,0.32,0.18,0.06,0.03,0.01,0.1,0.08,0.0,0.09,-0.05,0.1,0.09,0.03,-0.27,-0.05,0.11,0.01,1.3,0.04,-0.04,-0.01,0.02,-0.01,0.01,0.11,-0.01,-0.03,-0.25,0.02,0.0,-0.03
1998-07-01,0.01,0.04,0.01,0.02,0.0,0.11,0.03,-0.02,0.04,-0.4,0.08,0.0,-0.06,-0.09,0.08,-0.04,-0.06,0.01,-0.02,0.13,0.12,0.0,0.0,0.13,0.14,-0.03,-0.01,-0.04,-0.02,0.02,0.1,-0.04,-0.01,-0.05,0.22,0.0,0.0,0.25,0.04,0.14,0.06,0.0,1.21,0.03,0.01,-0.07,0.51,0.44,0.38,0.07,0.0,-0.04,-0.03,0.14,0.05,-0.02,0.02,0.03,0.04,-0.03,0.05,0.01,0.07,0.09,0.0,-0.03,0.01,-0.06,0.01,0.0,0.02,0.04,0.04,0.36,0.02,0.07,0.02,-0.06,0.01,0.16,0.01,0.17,0.11,0.0,0.02,-0.01,0.08,0.07,0.0,0.08,0.04,0.13,0.09,0.01,-0.39,-0.05,0.13,0.01,1.29,0.04,-0.02,0.01,-0.03,-0.01,0.0,0.1,-0.01,0.11,-0.39,0.02,0.0,0.06
1998-10-01,0.08,-0.06,0.03,0.03,0.02,-0.13,0.04,-0.03,0.04,-0.4,0.09,0.01,-0.03,-0.06,0.01,-0.01,-0.2,-0.06,-0.18,0.19,0.16,0.0,0.0,0.14,0.22,0.11,-0.04,-0.06,-0.02,0.02,-0.09,-0.19,-0.02,-0.26,0.16,-0.02,0.0,0.31,0.03,0.12,0.07,-0.01,1.32,0.03,-0.01,-0.04,0.48,0.44,0.36,0.14,0.0,0.0,-0.04,0.15,0.04,-0.03,0.02,0.05,0.0,-0.16,0.06,0.01,0.08,0.03,0.0,-0.02,0.02,0.07,0.02,0.01,0.07,0.05,-0.03,0.14,0.02,0.06,-0.04,-0.03,0.02,0.27,0.01,0.28,0.19,0.05,0.02,-0.01,0.07,0.09,0.0,0.07,-0.08,0.14,0.11,-0.01,-0.34,-0.08,0.11,0.01,1.32,0.03,-0.03,0.02,-0.03,-0.01,0.01,0.26,-0.01,0.0,-0.31,0.02,0.0,-0.11
1999-01-01,-0.03,0.0,0.02,0.02,-0.01,-0.22,0.02,-0.05,0.05,-0.46,0.1,0.0,0.01,0.02,0.02,-0.07,-0.36,-0.26,-0.3,0.14,0.11,0.0,0.0,0.14,0.11,0.0,-0.03,-0.02,0.0,0.01,-0.19,-0.25,0.0,-0.16,0.22,0.0,0.0,0.34,0.05,0.19,0.16,-0.02,0.93,0.02,0.01,0.04,0.36,0.39,0.27,0.1,0.0,-0.05,0.0,0.2,0.03,-0.03,0.0,0.08,-0.05,-0.22,0.03,-0.01,0.03,-0.06,0.0,0.01,-0.01,-0.01,0.02,0.0,0.05,-0.04,0.0,0.3,0.02,0.03,-0.03,-0.09,0.0,0.64,0.01,0.21,0.15,0.03,0.04,0.03,0.07,0.07,0.02,0.08,-0.01,0.14,0.12,-0.01,-0.29,-0.01,0.09,0.0,0.95,0.02,-0.03,0.02,-0.07,-0.01,0.0,0.55,-0.01,0.03,-0.26,0.02,0.0,-0.13
1999-04-01,0.05,0.06,0.03,0.01,0.0,0.11,0.02,-0.07,0.04,-0.27,0.09,0.01,-0.01,-0.02,0.12,-0.16,-0.16,-0.04,0.01,0.09,0.07,0.0,0.0,0.11,0.16,0.01,0.04,-0.05,-0.01,0.03,0.12,0.98,-0.01,1.05,0.29,0.01,0.0,0.25,0.05,0.14,0.09,-0.02,1.13,0.03,0.03,0.0,0.37,0.37,0.27,0.12,0.0,0.04,-0.08,0.17,0.05,-0.01,0.0,0.09,0.05,0.94,0.05,-0.01,0.06,0.0,0.0,-0.01,-0.01,-0.07,0.03,0.01,0.03,0.02,0.0,1.32,0.02,0.05,-0.02,0.03,0.0,0.14,0.02,0.12,0.11,0.02,0.03,0.04,0.12,0.05,0.0,0.07,0.06,0.11,0.14,0.0,-0.24,-0.01,0.1,0.0,1.25,0.04,-0.02,0.01,-0.07,-0.01,0.01,-0.04,0.0,0.12,-0.22,0.02,0.0,0.08
1999-07-01,0.04,0.0,0.03,0.03,0.02,-0.07,0.01,-0.07,0.04,-0.25,0.07,0.01,-0.02,0.06,0.15,-0.24,-0.06,0.08,0.19,0.12,0.09,0.0,0.0,0.13,0.17,0.03,0.07,-0.05,-0.02,0.03,-0.05,0.73,-0.03,0.74,0.32,0.01,0.0,0.3,0.04,0.14,0.1,0.0,1.33,0.02,0.03,0.07,0.39,0.46,0.27,0.14,-0.02,-0.02,-0.05,0.17,0.05,-0.04,0.02,0.05,-0.04,0.66,0.04,0.0,0.03,0.17,0.0,0.08,0.0,-0.02,0.05,0.01,0.02,0.16,0.01,0.98,0.02,0.04,-0.02,-0.05,-0.01,0.2,0.01,0.16,0.16,0.03,0.02,0.02,0.12,0.09,0.0,0.09,0.01,0.13,0.12,-0.04,-0.32,-0.12,0.1,0.02,1.48,0.05,-0.03,0.02,-0.05,-0.01,0.01,0.13,0.01,0.04,-0.27,0.02,0.0,-0.03
1999-10-01,0.02,0.02,0.03,0.04,0.0,0.03,0.04,-0.01,0.04,-0.32,0.09,-0.01,0.05,0.06,0.16,-0.02,0.18,0.28,0.2,0.19,0.15,0.01,0.0,0.13,0.15,0.03,0.07,-0.07,-0.07,0.03,0.05,0.53,-0.02,0.52,0.36,0.0,0.0,0.35,0.04,0.17,0.11,0.01,1.77,0.02,-0.01,0.08,0.42,0.5,0.27,0.1,-0.01,-0.04,-0.06,0.2,0.06,0.03,-0.01,0.07,0.02,0.46,0.04,0.01,0.08,0.04,0.0,0.01,0.0,-0.03,0.04,0.0,-0.01,0.02,0.0,0.84,0.02,0.06,-0.03,-0.02,0.04,0.09,0.01,0.25,0.17,0.07,0.04,0.01,0.1,0.06,0.0,0.08,0.02,0.12,0.15,0.02,-0.26,-0.08,0.12,0.03,1.93,0.05,-0.03,0.0,0.0,-0.01,0.01,0.09,0.0,0.1,-0.25,0.02,0.0,0.02
2000-01-01,0.05,0.06,0.04,0.03,0.01,-0.11,0.01,-0.05,0.05,-0.25,0.08,0.03,0.01,0.04,0.04,0.14,0.17,0.31,0.03,0.19,0.14,0.0,0.0,0.14,0.2,-0.01,0.2,0.05,0.05,0.04,-0.1,1.19,0.01,1.17,0.3,0.0,0.0,0.44,0.05,0.27,0.16,-0.01,2.08,0.04,-0.01,0.06,0.62,0.67,0.43,0.14,0.01,-0.02,-0.09,0.26,0.11,-0.02,0.0,0.06,-0.01,0.99,0.06,0.01,0.06,-0.09,0.0,0.03,-0.01,-0.1,0.05,0.0,-0.02,-0.05,-0.05,1.42,0.02,0.11,0.0,0.01,0.0,0.15,0.03,0.17,0.17,0.07,0.04,0.01,0.06,0.06,0.0,0.09,0.06,0.14,0.17,0.01,-0.22,0.01,0.14,0.05,2.12,0.07,-0.03,0.02,-0.06,0.0,0.02,0.08,0.0,0.12,-0.21,0.02,0.0,-0.11
2000-04-01,0.04,0.07,0.03,0.0,-0.01,-0.11,0.02,-0.13,0.04,-0.11,0.11,0.0,0.01,0.12,0.25,-0.69,-0.45,-0.36,0.24,0.22,0.19,0.0,0.0,0.11,0.15,-0.06,-0.04,-0.02,-0.03,0.03,-0.12,0.34,0.01,0.69,0.45,0.01,0.0,0.26,0.06,0.15,0.13,0.0,0.98,0.04,0.1,0.14,0.46,0.6,0.32,0.09,0.0,-0.03,-0.08,0.2,0.05,-0.03,0.01,0.05,-0.05,0.38,0.06,-0.02,0.08,0.1,0.0,0.11,-0.01,-0.14,0.04,0.01,-0.01,0.04,0.08,0.8,0.03,0.02,0.01,-0.07,0.02,0.35,0.02,0.06,0.11,0.02,0.04,0.01,0.08,0.05,0.0,0.07,0.08,0.11,0.11,0.0,-0.11,0.06,0.11,0.03,1.23,0.05,0.0,0.02,-0.13,-0.01,0.0,0.11,0.0,0.16,-0.13,0.02,-0.01,-0.06
2000-07-01,0.03,0.01,0.03,0.05,-0.01,-0.04,0.02,-0.1,0.04,-0.32,0.08,0.01,0.06,0.29,0.02,-0.1,0.0,0.11,0.1,0.3,0.28,0.0,0.0,0.16,0.2,-0.01,0.07,-0.02,0.0,0.04,0.0,0.32,-0.01,0.4,0.39,0.02,0.0,0.62,0.04,0.44,0.33,-0.02,2.18,0.03,0.07,0.31,0.5,0.81,0.35,0.11,-0.01,-0.04,-0.04,0.37,0.05,-0.01,-0.01,0.1,-0.01,0.25,0.06,0.0,0.11,-0.06,0.0,0.22,0.0,-0.06,0.06,0.0,-0.01,-0.04,-0.03,0.73,0.02,0.11,-0.03,-0.04,0.04,0.14,0.02,0.11,0.18,0.11,0.04,0.02,0.08,0.04,0.0,0.06,0.03,0.16,0.21,0.0,-0.2,-0.04,0.14,0.02,2.2,0.04,-0.02,-0.01,-0.09,-0.01,0.01,0.02,0.0,0.13,-0.18,0.02,-0.01,0.02
2000-10-01,0.01,0.06,0.02,0.02,-0.01,-0.01,0.01,-0.03,0.04,-0.13,0.07,0.01,0.05,0.3,0.15,-0.03,0.02,0.1,0.05,0.13,0.1,0.0,0.0,0.13,0.14,0.01,0.09,-0.05,0.0,0.03,-0.02,0.14,-0.03,0.17,0.37,0.01,0.0,0.39,0.04,0.24,0.14,-0.02,1.96,0.02,0.02,0.32,0.53,0.85,0.39,0.08,0.0,0.04,-0.04,0.21,0.03,0.01,0.01,0.04,-0.06,0.04,0.05,0.03,0.09,0.09,0.0,0.25,-0.01,-0.03,0.04,0.0,0.0,0.12,-0.06,0.3,0.01,0.1,0.01,0.05,0.04,0.04,0.02,0.22,0.15,0.04,0.05,0.01,0.08,0.07,0.0,0.09,0.06,0.14,0.1,0.0,-0.21,-0.04,0.14,0.01,2.11,0.05,0.0,0.01,-0.03,-0.01,0.01,-0.03,0.0,0.15,-0.23,0.02,0.0,0.04
2001-01-01,0.02,-0.16,0.02,0.02,0.01,0.02,0.03,-0.04,0.04,-0.24,0.1,0.01,0.17,0.73,0.2,-0.03,0.15,0.32,0.19,0.3,0.28,0.0,0.0,0.16,0.18,0.11,-0.05,-0.05,-0.07,0.04,0.02,-0.28,0.01,0.01,0.39,0.01,0.0,0.54,0.05,0.18,0.12,0.01,2.79,0.04,0.0,0.75,0.56,1.3,0.42,0.17,0.0,0.05,0.0,0.2,0.09,-0.01,0.02,0.05,-0.03,-0.23,0.06,0.04,0.11,0.07,0.0,0.56,0.01,0.12,0.06,0.01,0.02,0.03,0.0,0.24,0.02,0.06,0.01,0.04,0.05,0.2,0.01,0.37,0.36,0.07,0.06,0.03,0.14,0.25,0.01,0.08,-0.15,0.16,0.11,0.0,-0.29,-0.02,0.14,-0.01,2.99,0.01,-0.02,0.01,-0.05,-0.01,0.01,0.02,0.0,-0.04,-0.28,0.02,0.0,0.04
2001-04-01,0.0,-0.1,0.02,0.04,0.0,-0.23,0.02,0.0,0.03,-0.37,0.11,0.01,0.14,-0.04,0.08,-0.13,-0.14,-0.04,-0.01,0.21,0.19,0.0,0.0,0.18,0.18,-0.03,-0.05,-0.08,-0.03,0.03,-0.2,0.41,-0.03,0.24,0.35,0.01,0.0,0.45,0.07,0.29,0.2,-0.01,1.57,0.02,0.01,-0.02,0.66,0.65,0.51,0.1,0.0,-0.05,-0.01,0.28,0.04,0.02,0.01,0.06,-0.04,0.46,0.05,0.0,0.04,-0.03,0.0,-0.18,-0.01,-0.05,0.03,0.01,0.01,-0.01,-0.01,0.61,0.02,0.09,-0.03,-0.01,-0.01,0.23,0.01,0.25,0.15,0.08,0.04,-0.02,0.13,0.04,0.0,0.09,-0.1,0.17,0.14,0.02,-0.25,0.01,0.16,0.0,1.65,0.04,-0.01,0.0,-0.01,-0.01,0.01,0.1,-0.01,-0.06,-0.26,0.02,0.0,-0.17
2001-07-01,0.0,-0.17,0.03,0.03,0.0,-0.16,0.02,0.06,0.04,-0.35,0.13,0.01,0.15,-0.18,0.05,0.08,0.03,-0.62,-0.06,0.26,0.23,0.0,0.0,0.18,0.17,0.06,-0.01,-0.05,-0.04,0.01,-0.18,-0.77,-0.02,-0.72,0.29,0.01,0.0,0.37,0.08,0.25,0.16,0.01,0.88,0.03,0.03,-0.16,0.66,0.51,0.51,-0.64,0.03,-0.01,0.04,0.24,-0.67,0.01,0.03,0.01,-0.05,-0.76,0.07,0.01,0.08,-0.06,0.0,-0.34,0.01,0.1,0.01,0.0,0.01,-0.01,-0.06,-0.38,0.03,0.09,0.02,-0.01,0.01,0.29,0.02,0.47,0.12,0.07,0.05,0.01,0.13,0.01,0.01,0.07,-0.17,0.17,0.07,0.0,-0.23,-0.01,0.15,0.0,0.92,0.03,-0.01,0.0,0.02,-0.01,0.0,0.1,0.0,-0.09,-0.23,0.03,0.0,-0.12
2001-10-01,-0.05,-0.09,0.02,0.03,0.0,-0.16,0.02,0.0,0.04,-0.27,0.11,0.0,-0.06,-0.32,-0.09,-0.09,-0.21,0.48,-0.12,0.14,0.12,0.0,0.0,0.15,0.11,0.01,-0.07,-0.08,-0.05,0.0,-0.13,-1.35,-0.02,-1.55,0.12,0.0,0.0,0.38,0.07,0.19,0.15,0.0,1.8,0.02,0.03,-0.29,0.73,0.44,0.57,0.68,0.0,0.01,0.05,0.2,0.66,-0.05,0.0,0.06,-0.03,-1.27,0.06,0.01,0.06,0.07,0.0,-0.26,0.0,0.06,0.0,0.0,0.02,0.01,0.05,-1.28,0.02,0.04,-0.03,-0.03,-0.01,0.09,0.01,0.34,0.19,0.06,0.03,0.0,0.11,0.09,0.0,0.09,-0.09,0.15,0.1,0.01,-0.23,0.0,0.15,0.0,1.71,0.03,-0.02,0.0,-0.01,-0.01,0.01,-0.05,-0.01,-0.03,-0.21,0.02,0.0,-0.1
2002-01-01,0.04,-0.11,0.02,0.08,-0.01,-0.06,0.02,0.0,0.05,-0.48,0.11,0.01,-0.08,-0.1,0.09,0.06,0.09,0.09,0.03,0.17,0.15,0.0,0.0,0.14,0.17,0.0,-0.07,-0.09,-0.06,0.01,-0.03,-0.36,-0.02,-0.64,0.32,0.01,0.0,0.17,0.08,0.21,0.16,-0.01,1.35,0.03,-0.03,-0.07,0.63,0.56,0.49,0.0,-0.02,-0.03,-0.01,0.22,-0.01,0.0,0.01,-0.01,-0.03,-0.29,0.06,0.01,0.08,-0.11,0.0,-0.02,0.0,-0.02,-0.01,0.0,0.02,0.06,-0.18,-0.16,0.02,0.05,-0.03,-0.02,0.02,0.09,0.01,0.29,-0.04,0.04,0.02,0.0,0.12,-0.13,0.0,0.1,-0.1,0.13,0.09,0.02,-0.26,0.0,0.14,0.0,1.45,0.05,-0.02,-0.01,0.01,-0.01,0.0,-0.01,0.0,-0.02,-0.25,0.03,0.0,0.0
2002-04-01,0.0,0.05,0.02,0.04,0.0,-0.03,0.02,-0.06,0.05,-0.27,0.13,0.01,-0.06,-0.01,0.06,0.02,0.18,0.34,0.16,0.02,0.0,0.0,0.0,0.11,0.11,0.1,0.04,-0.01,0.01,0.03,-0.07,1.02,0.0,1.01,0.34,0.02,0.0,0.4,0.08,0.28,0.24,-0.02,1.93,0.01,0.02,0.01,0.53,0.53,0.43,0.15,0.0,-0.02,-0.04,0.28,0.07,0.0,0.01,0.06,-0.04,0.98,0.07,0.01,0.07,-0.04,0.0,0.05,0.01,0.05,0.04,0.0,0.04,0.03,-0.08,1.27,0.02,0.04,0.03,-0.03,0.0,0.27,0.02,0.26,0.11,0.06,0.03,0.0,0.12,0.0,0.0,0.06,0.07,0.1,0.15,0.01,-0.19,-0.07,0.1,0.0,1.99,0.04,-0.03,0.0,-0.05,-0.02,0.0,0.18,0.0,0.14,-0.18,0.02,0.0,-0.02
2002-07-01,0.0,-0.09,0.02,0.01,0.0,-0.08,0.02,0.16,0.04,-0.26,0.13,0.01,-0.01,-0.03,-0.1,0.02,0.27,0.42,0.25,-0.03,-0.04,0.01,0.0,0.14,0.14,0.14,0.02,-0.07,-0.02,0.02,-0.06,0.25,-0.04,-0.01,0.3,0.02,0.0,0.59,0.08,0.47,0.42,-0.01,2.2,0.02,-0.04,-0.01,0.46,0.45,0.37,0.14,0.02,-0.04,-0.01,0.4,0.03,0.0,0.01,0.05,-0.03,0.23,0.04,0.03,0.04,0.07,0.0,-0.01,0.02,0.13,0.06,0.01,0.05,0.05,0.0,0.25,0.03,0.04,-0.02,-0.05,0.0,0.11,0.02,0.54,0.12,0.03,0.02,-0.02,0.1,0.05,0.04,0.05,-0.07,0.13,0.1,0.0,-0.2,-0.11,0.09,0.0,2.1,0.04,0.0,-0.01,0.09,-0.01,-0.01,0.15,0.0,-0.04,-0.2,0.02,0.0,-0.03
2002-10-01,0.01,0.02,0.02,0.04,-0.01,-0.11,0.02,0.0,0.04,-0.35,0.12,0.0,0.03,0.12,-0.09,0.08,0.24,0.39,0.16,0.07,0.06,0.01,0.0,0.12,0.14,-0.01,0.05,-0.07,-0.03,0.02,-0.11,0.43,-0.04,-0.04,0.27,0.0,0.0,0.53,0.08,0.39,0.39,0.0,2.01,0.01,-0.06,0.14,0.44,0.58,0.35,0.15,0.0,0.0,-0.04,0.35,0.02,0.0,0.01,0.05,-0.05,0.39,0.05,-0.01,0.04,-0.08,0.0,0.09,0.0,-0.05,0.07,0.01,0.05,-0.11,0.04,0.31,0.02,0.01,-0.01,-0.02,-0.02,-0.08,0.01,0.2,0.14,0.06,0.02,-0.01,0.1,0.03,0.0,0.06,0.02,0.12,0.12,0.0,-0.17,-0.07,0.1,-0.01,1.92,0.03,-0.01,0.01,0.0,-0.02,0.0,-0.05,-0.01,0.06,-0.18,0.02,0.0,-0.05
2003-01-01,-0.01,0.03,0.01,0.03,-0.02,-0.16,0.03,0.02,0.02,-0.66,0.14,0.01,0.04,0.32,-0.1,-0.06,0.2,0.39,0.26,0.17,0.15,0.01,0.0,0.09,0.08,0.11,0.19,-0.08,-0.04,0.04,-0.15,1.5,-0.01,0.81,0.29,0.01,0.0,0.51,0.09,0.46,0.4,-0.02,2.38,0.03,-0.08,0.35,0.41,0.75,0.3,0.2,0.0,-0.05,-0.04,0.39,0.0,0.0,0.01,0.06,-0.05,1.31,0.05,0.02,0.04,-0.32,0.0,0.28,0.03,0.07,0.13,0.01,0.05,-0.2,-0.14,1.48,0.02,0.06,-0.01,-0.05,-0.01,-0.03,0.02,0.42,0.05,0.06,0.03,-0.03,0.07,-0.03,0.0,0.11,0.03,0.09,0.14,-0.01,-0.21,-0.02,0.11,-0.01,2.28,0.03,-0.01,-0.01,0.02,-0.02,0.01,0.0,0.0,0.07,-0.19,0.02,0.0,-0.08
2003-04-01,0.01,0.02,0.01,0.02,0.0,-0.15,0.02,-0.09,0.05,-0.56,0.14,0.0,0.12,0.32,-0.24,0.2,0.47,0.7,0.27,0.2,0.19,0.0,0.0,0.1,0.11,0.14,-0.08,-0.13,-0.07,-0.01,-0.11,-1.44,-0.03,-1.94,0.12,0.04,0.0,0.69,0.09,0.44,0.38,-0.03,2.58,0.01,0.01,0.35,0.22,0.56,0.13,0.23,0.01,-0.01,0.01,0.36,0.06,-0.01,0.0,0.05,-0.04,-1.36,0.03,-0.01,0.04,-0.13,0.0,0.2,0.03,0.15,0.12,0.01,0.04,-0.08,-0.04,-1.37,0.02,0.05,-0.04,-0.03,0.01,0.02,0.01,0.34,0.25,0.02,0.04,0.01,0.04,0.17,0.0,0.08,0.06,0.1,0.08,-0.01,-0.27,-0.02,0.09,0.0,2.34,0.02,-0.02,-0.01,-0.1,-0.01,0.0,-0.04,0.0,0.1,-0.24,0.03,0.0,-0.07
2003-07-01,0.05,0.07,0.02,0.03,0.0,0.08,0.04,-0.05,0.05,-0.54,0.21,0.01,0.01,0.02,-0.03,0.04,0.27,0.44,0.22,0.25,0.23,0.0,0.0,0.12,0.17,0.02,-0.04,-0.13,-0.08,0.03,0.05,0.76,-0.03,0.68,0.32,0.03,0.0,0.54,0.15,0.37,0.32,-0.01,2.02,0.01,0.0,0.06,0.32,0.38,0.22,0.17,0.0,0.01,-0.06,0.35,0.01,-0.01,0.0,0.04,0.0,0.8,0.04,0.0,0.03,-0.15,0.0,0.01,0.0,-0.05,0.12,0.0,0.03,-0.13,-0.02,1.22,0.02,0.05,0.03,0.0,-0.01,0.12,0.01,0.26,0.17,0.04,0.04,0.0,0.11,0.08,0.0,0.06,0.1,0.12,0.11,0.0,-0.25,-0.01,0.08,0.01,1.98,0.03,0.03,-0.01,-0.04,-0.02,0.0,0.03,-0.01,0.12,-0.26,0.03,0.0,0.05
2003-10-01,0.05,0.02,0.03,0.03,-0.01,-0.01,0.03,-0.02,0.04,-0.49,0.17,0.0,0.01,-0.05,0.05,0.1,0.28,0.42,0.18,0.36,0.33,0.0,0.0,0.15,0.19,0.09,0.0,-0.05,-0.05,0.02,0.0,0.09,0.02,-0.11,0.4,0.01,0.0,0.54,0.12,0.36,0.29,-0.02,2.04,0.02,-0.08,-0.01,0.41,0.4,0.31,0.14,-0.01,-0.04,-0.04,0.35,0.03,-0.02,-0.01,0.02,0.04,0.09,0.04,0.0,0.04,-0.24,0.0,-0.06,0.02,0.04,0.08,0.01,0.02,-0.21,-0.03,0.38,0.02,0.06,-0.01,-0.07,0.01,-0.06,0.01,0.35,0.18,0.11,0.03,-0.01,0.05,0.03,0.0,0.07,0.02,0.14,0.08,0.0,-0.14,-0.03,0.07,0.03,2.09,0.04,0.01,-0.02,-0.01,-0.02,0.01,0.0,0.0,0.07,-0.13,0.04,0.0,-0.03
2004-01-01,0.01,-0.03,0.02,0.01,-0.01,-0.07,0.02,0.0,0.05,-0.06,0.15,0.01,0.01,0.09,-0.08,0.15,0.03,0.17,-0.12,0.14,0.12,0.0,0.0,0.18,0.19,0.1,0.1,0.02,0.04,0.04,-0.05,0.94,-0.01,1.15,0.29,0.01,0.0,0.71,0.12,0.43,0.37,-0.02,2.05,0.02,0.02,0.13,0.36,0.49,0.24,0.14,0.0,0.03,-0.04,0.38,0.05,-0.01,0.0,0.06,-0.02,0.84,0.04,0.0,0.02,0.03,0.0,0.08,0.02,0.05,0.08,0.01,0.01,0.05,-0.02,1.21,0.02,0.06,-0.02,0.03,-0.02,0.2,0.02,0.37,0.27,0.04,0.03,0.02,0.08,0.18,0.01,0.1,-0.01,0.18,0.12,0.0,-0.13,0.03,0.08,0.04,1.97,0.02,-0.01,0.03,-0.01,-0.02,0.02,0.03,0.02,0.01,-0.16,0.05,0.0,-0.02
2004-04-01,0.1,-0.08,0.04,0.04,-0.01,0.07,0.02,-0.06,0.04,-0.05,0.13,0.01,0.03,0.07,0.08,0.12,0.17,0.3,0.05,0.34,0.3,0.0,0.0,0.16,0.26,-0.04,0.02,-0.03,-0.03,0.03,0.06,0.28,0.01,0.79,0.41,0.02,0.0,0.48,0.09,0.34,0.29,-0.01,1.84,0.02,-0.01,0.12,0.48,0.6,0.34,0.13,-0.02,0.05,-0.05,0.32,0.05,-0.01,0.01,0.01,0.0,0.26,0.03,0.0,0.01,0.08,0.0,0.04,-0.01,-0.1,0.06,0.01,0.02,0.06,0.02,0.84,0.02,0.05,0.02,0.03,-0.02,0.15,0.02,0.17,0.14,0.07,0.03,0.0,0.12,0.02,0.0,0.08,-0.07,0.16,0.1,0.01,-0.13,0.02,0.11,0.04,1.93,0.05,-0.03,0.02,-0.04,-0.02,0.0,0.01,0.0,-0.06,-0.13,0.05,0.0,0.07
2004-07-01,0.03,0.03,0.01,0.03,0.0,-0.05,0.04,-0.02,0.06,-0.4,0.16,0.0,0.07,0.18,-0.12,0.04,0.15,0.25,0.12,0.14,0.13,0.0,0.0,0.2,0.23,0.06,0.06,-0.07,-0.06,0.03,-0.05,0.39,0.02,0.11,0.14,0.02,0.0,0.38,0.1,0.29,0.24,-0.03,1.99,0.02,-0.02,0.23,0.4,0.63,0.27,0.1,0.01,-0.04,-0.04,0.26,0.03,0.0,0.01,0.03,-0.01,0.33,0.05,0.01,0.05,-0.06,0.0,0.11,0.01,0.02,0.04,0.01,0.02,0.04,-0.11,0.51,0.02,0.05,0.0,-0.04,0.0,0.03,0.01,0.3,0.09,0.03,0.04,-0.03,0.06,0.0,0.0,0.08,0.05,0.2,0.09,-0.01,-0.23,-0.06,0.1,0.03,1.88,0.0,-0.02,-0.03,-0.03,-0.01,0.01,0.06,0.0,0.1,-0.17,0.05,0.0,-0.04
2004-10-01,0.05,0.04,0.03,0.02,0.0,-0.02,0.03,-0.04,0.05,0.08,0.16,0.0,0.0,0.11,0.06,0.0,0.07,0.19,0.07,0.21,0.18,0.01,0.0,0.13,0.18,0.15,0.13,0.06,0.05,0.05,-0.04,1.21,0.0,1.65,0.34,-0.01,0.0,0.36,0.1,0.26,0.2,-0.01,1.75,0.02,0.04,0.14,0.31,0.44,0.21,0.13,0.0,-0.01,-0.06,0.27,0.05,0.0,0.03,0.02,-0.05,1.08,0.06,0.01,0.06,0.25,0.0,0.11,0.02,0.08,0.06,0.0,0.01,0.14,0.1,1.57,0.02,0.05,0.02,-0.01,0.0,0.17,0.01,0.38,0.1,0.03,0.03,0.01,0.07,0.03,0.0,0.07,0.03,0.13,0.1,0.01,-0.22,-0.02,0.08,0.02,1.81,0.06,-0.01,-0.01,-0.04,-0.01,0.0,0.01,0.01,0.09,-0.2,0.03,0.0,0.0
2005-01-01,0.04,0.06,0.0,0.02,0.0,0.0,0.03,0.0,0.07,-0.1,0.14,0.0,0.09,0.08,0.18,0.19,0.29,0.37,0.1,-0.07,-0.07,0.0,0.0,0.19,0.23,0.06,0.03,0.03,-0.04,0.02,-0.03,-0.18,-0.01,-0.25,0.49,0.01,0.0,0.67,0.09,0.3,0.25,0.06,2.42,0.03,0.02,0.12,0.43,0.55,0.31,0.08,-0.01,-0.02,-0.04,0.31,0.0,-0.01,0.0,0.04,0.04,-0.21,0.05,0.02,0.06,0.11,0.0,-0.01,0.02,0.03,0.06,0.0,0.01,-0.02,0.11,-0.15,0.02,0.05,0.03,-0.03,0.01,0.1,0.02,0.37,0.36,0.11,0.06,-0.01,0.05,0.18,0.0,0.05,0.08,0.18,0.09,-0.01,-0.21,-0.08,0.1,0.02,2.59,0.06,0.0,0.02,0.01,-0.01,0.01,0.09,0.02,0.14,-0.23,0.04,0.0,-0.06
2005-04-01,0.02,0.04,0.01,-0.01,0.0,-0.06,0.02,-0.01,0.06,-0.07,0.13,0.01,0.12,0.24,0.01,-0.03,0.15,0.27,0.18,0.31,0.3,0.0,0.0,0.14,0.16,0.02,0.05,0.05,-0.01,0.03,-0.07,0.25,0.02,0.52,0.27,0.02,0.0,0.44,0.1,0.28,0.23,0.03,2.03,0.04,-0.01,0.27,0.36,0.63,0.25,0.12,-0.01,-0.03,-0.03,0.27,0.04,0.0,0.02,0.05,-0.02,0.2,0.04,0.0,0.07,0.08,0.0,0.12,-0.02,-0.02,0.07,0.0,0.01,0.08,-0.01,0.59,0.02,0.05,0.01,-0.04,0.03,0.09,0.02,0.31,0.16,0.04,0.05,0.02,0.09,0.06,0.0,0.07,0.06,0.14,0.08,0.0,-0.15,-0.03,0.1,0.01,2.03,0.03,0.0,0.02,0.0,-0.02,0.01,0.01,0.01,0.13,-0.17,0.03,0.0,-0.06
2005-07-01,-0.04,0.03,0.01,0.03,-0.02,-0.09,0.02,-0.03,0.04,-0.37,0.11,0.01,0.13,0.33,0.01,0.03,0.18,0.32,0.15,0.04,0.03,0.0,0.0,0.15,0.1,0.02,0.12,-0.1,-0.06,0.07,-0.12,2.61,-0.04,2.37,0.28,0.03,0.0,0.38,0.07,0.29,0.26,0.0,2.01,0.02,-0.02,0.36,0.38,0.74,0.27,0.14,0.0,0.04,-0.09,0.27,0.05,-0.01,-0.01,0.04,-0.06,2.5,0.06,0.02,0.09,-0.14,0.0,0.2,0.0,-0.07,0.07,0.0,0.01,0.0,-0.16,2.74,0.02,0.04,0.03,0.03,0.03,0.18,0.01,0.18,0.08,0.02,0.02,0.03,0.12,0.03,0.0,0.07,0.05,0.15,0.15,0.0,-0.16,0.0,0.1,0.01,2.02,0.05,0.01,0.03,-0.03,-0.01,0.0,0.06,0.0,0.14,-0.2,0.03,0.0,-0.05
2005-10-01,0.08,0.13,0.01,0.05,-0.01,-0.03,0.02,0.02,0.06,-0.11,0.11,0.01,0.22,0.8,0.04,0.1,0.26,0.35,0.16,0.17,0.16,0.01,0.0,0.16,0.24,-0.01,0.07,-0.02,0.01,0.04,-0.01,-0.09,-0.03,0.15,0.43,0.02,0.0,0.57,0.07,0.44,0.39,0.0,3.03,0.03,0.01,0.83,0.4,1.23,0.29,0.09,0.0,-0.01,-0.05,0.38,0.03,0.0,0.0,0.05,-0.01,-0.15,0.08,0.02,0.1,0.12,0.0,0.58,-0.01,-0.06,0.05,0.0,0.0,0.05,0.05,0.27,0.02,0.05,-0.02,0.02,0.01,0.21,0.02,0.23,0.13,0.04,0.02,0.0,0.15,0.03,0.01,0.05,0.16,0.15,0.17,0.0,-0.23,0.02,0.1,0.01,3.07,0.05,-0.02,0.0,0.01,-0.01,0.04,0.03,0.0,0.25,-0.21,0.03,0.0,0.01
2006-01-01,0.07,0.05,0.03,0.02,0.01,-0.05,0.03,0.04,0.05,-0.21,0.14,0.01,0.36,0.14,0.08,0.02,0.2,0.24,0.18,0.15,0.12,0.0,0.0,0.18,0.24,0.07,-0.02,0.0,-0.02,0.02,-0.07,-0.2,-0.01,-0.11,0.35,0.02,0.0,0.37,0.09,0.26,0.24,0.02,2.13,0.02,0.03,0.18,0.49,0.67,0.4,0.04,0.01,-0.01,-0.04,0.27,0.0,0.0,0.02,0.05,-0.02,-0.18,0.06,0.02,0.06,0.04,0.0,-0.22,0.01,0.03,0.04,0.0,-0.01,0.0,0.01,0.1,0.02,0.02,0.02,-0.02,0.0,0.2,0.01,0.38,0.1,0.04,0.05,0.01,0.12,0.01,0.02,0.07,0.07,0.17,0.1,-0.01,-0.23,-0.03,0.1,0.0,2.21,0.04,-0.01,0.0,0.0,-0.02,0.0,0.04,0.0,0.13,-0.22,0.04,0.0,-0.06
2006-04-01,0.05,0.03,0.02,0.04,0.01,0.14,0.02,0.02,0.07,-0.23,0.12,0.01,0.05,-0.23,0.02,0.16,0.54,0.64,0.38,0.01,-0.01,0.01,0.0,0.19,0.23,0.09,0.05,-0.01,0.0,0.04,0.13,0.98,-0.02,1.09,0.34,0.01,0.0,0.5,0.09,0.32,0.28,0.01,2.44,0.02,0.02,-0.2,0.69,0.49,0.56,0.1,0.02,0.06,-0.06,0.32,0.02,0.0,0.01,0.04,0.0,0.94,0.07,0.04,0.08,-0.04,0.0,-0.28,0.02,0.03,0.07,0.0,0.01,-0.05,-0.03,1.32,0.02,0.04,0.01,0.05,0.02,0.19,0.02,0.34,0.17,0.05,0.05,-0.01,0.12,0.05,0.0,0.05,0.04,0.18,0.13,0.0,-0.23,0.0,0.13,0.01,2.47,0.05,0.02,0.02,0.0,-0.03,0.01,0.02,0.0,0.12,-0.27,0.03,0.0,0.13
2006-07-01,0.01,0.0,0.0,0.02,0.0,-0.04,0.01,0.01,0.04,-0.22,0.12,0.01,0.08,0.04,0.02,-0.04,-0.02,0.07,0.02,0.2,0.2,0.01,0.0,0.17,0.18,0.05,0.01,0.0,-0.01,0.04,-0.02,0.78,-0.01,0.83,0.34,0.02,0.0,0.52,0.09,0.35,0.29,0.02,2.07,0.02,0.01,0.07,0.7,0.78,0.55,0.09,-0.04,0.04,-0.04,0.33,0.03,0.0,0.0,0.06,0.0,0.76,0.05,0.03,0.05,-0.03,0.0,-0.04,0.01,0.01,0.05,0.0,0.0,-0.05,0.0,1.05,0.02,0.06,-0.03,0.03,0.0,0.11,0.01,0.34,0.16,0.06,0.04,0.01,0.1,0.06,0.0,0.09,0.01,0.17,0.13,0.0,-0.23,-0.02,0.14,0.01,2.08,0.05,-0.04,0.04,0.05,-0.03,0.01,0.01,0.0,0.06,-0.22,0.03,0.0,-0.02
2006-10-01,0.05,-0.09,0.0,0.01,-0.01,-0.01,0.01,-0.15,0.05,-0.32,0.11,0.01,-0.01,-0.06,-0.03,0.2,0.25,0.35,0.05,0.14,0.14,0.0,0.0,0.14,0.18,0.05,-0.07,0.0,-0.01,-0.02,-0.02,-2.23,-0.02,-2.41,0.23,0.0,0.0,0.35,0.09,0.27,0.24,0.03,1.78,0.03,-0.02,-0.03,0.61,0.58,0.46,0.1,-0.19,0.02,0.05,0.26,0.06,0.0,0.01,0.05,-0.01,-2.17,0.05,0.02,0.08,-0.08,0.0,-0.05,0.0,0.1,0.03,0.0,0.0,-0.02,-0.07,-2.09,0.02,0.04,0.01,0.03,0.02,0.02,0.02,0.27,0.08,0.03,0.04,0.04,-0.02,0.0,0.0,0.09,-0.09,0.14,0.06,0.01,-0.28,-0.01,0.14,0.01,1.75,0.03,-0.02,-0.01,0.05,-0.01,0.01,0.01,0.0,-0.01,-0.26,0.03,0.0,0.0
2007-01-01,0.05,0.01,0.04,-0.01,-0.01,0.01,0.01,-0.07,0.05,-0.25,0.11,0.01,0.11,0.21,0.11,0.16,0.13,0.18,-0.03,0.4,0.36,0.0,0.0,0.22,0.27,0.06,0.01,-0.03,-0.03,0.04,0.02,0.64,-0.02,0.99,0.39,0.0,0.0,0.97,0.08,0.29,0.2,0.01,2.6,0.01,0.0,0.24,0.55,0.79,0.39,0.05,-0.09,0.07,-0.06,0.28,0.03,0.0,0.01,0.06,-0.05,0.63,0.05,0.01,0.06,-0.03,-0.01,0.1,0.01,0.0,0.01,0.0,0.0,-0.01,-0.04,1.25,0.02,0.08,-0.01,0.07,0.01,0.19,0.02,0.21,0.68,0.09,0.04,0.02,-0.01,0.54,0.01,0.06,0.01,0.21,0.12,0.0,-0.26,0.01,0.15,0.01,2.72,0.05,0.01,-0.03,0.02,-0.02,0.01,0.17,0.0,0.07,-0.23,0.04,0.0,0.08
2007-04-01,0.07,0.04,0.05,0.02,-0.01,-0.12,0.02,0.05,0.04,-0.23,0.11,0.01,0.05,0.12,0.0,0.04,0.23,0.27,0.19,0.42,0.37,0.01,0.0,0.19,0.26,0.1,0.05,-0.01,-0.05,0.05,-0.09,1.42,0.02,1.52,0.22,0.0,0.0,0.32,0.07,0.23,0.16,0.03,1.92,0.01,-0.03,0.16,0.38,0.54,0.26,0.04,0.02,-0.01,-0.08,0.22,0.0,0.0,0.01,0.05,-0.01,1.37,0.05,0.01,0.02,0.01,0.0,0.07,0.01,0.02,0.06,0.0,-0.02,0.0,0.0,1.75,0.02,0.06,-0.02,-0.02,-0.02,0.03,0.02,0.34,0.09,0.05,0.04,0.01,0.03,0.01,0.01,0.08,0.03,0.18,0.14,0.0,-0.22,-0.02,0.12,0.0,1.92,0.03,0.02,-0.01,0.03,-0.02,0.0,0.02,0.0,0.05,-0.22,0.04,0.0,-0.07
2007-07-01,0.06,0.06,0.02,0.01,0.0,-0.13,0.01,0.02,0.07,-0.34,0.09,0.01,0.05,-0.04,0.1,0.08,0.25,0.33,0.17,0.34,0.31,0.0,0.0,0.25,0.3,0.09,0.04,-0.08,-0.07,0.03,-0.14,0.27,-0.01,0.3,0.32,0.01,0.0,0.39,0.06,0.25,0.17,0.0,1.88,0.01,-0.03,0.0,0.4,0.4,0.29,0.08,0.0,0.02,-0.05,0.22,0.02,0.0,0.02,-0.02,0.02,0.23,0.05,0.02,0.08,0.02,0.0,-0.09,0.01,0.04,0.05,0.0,0.01,0.0,0.0,0.63,0.02,0.07,0.01,0.02,0.03,0.16,0.01,0.28,0.14,0.03,0.03,-0.02,0.14,0.04,0.01,0.04,0.07,0.24,0.03,0.0,-0.3,-0.01,0.11,0.0,1.98,0.05,-0.04,0.0,0.02,-0.02,0.01,0.04,0.0,0.15,-0.26,0.04,0.0,-0.15
2007-10-01,0.0,0.09,0.02,0.04,0.01,0.07,0.03,0.0,0.06,-0.2,0.15,0.01,0.09,0.09,-0.14,0.2,0.37,0.4,0.17,0.32,0.31,0.0,0.0,0.19,0.19,0.12,0.15,-0.07,-0.08,0.06,0.06,1.29,0.01,1.71,0.29,0.01,0.0,0.66,0.1,0.53,0.47,0.01,2.56,0.01,0.02,0.12,0.53,0.65,0.39,0.02,0.0,0.05,-0.07,0.44,-0.03,0.0,0.0,0.05,0.02,1.13,0.04,0.03,0.07,0.02,0.0,0.0,0.02,0.05,0.04,0.0,0.02,0.0,-0.01,1.91,0.02,0.06,0.01,0.03,0.03,0.23,0.02,0.33,0.13,0.06,0.03,0.01,0.12,0.0,0.01,0.04,0.1,0.19,0.17,0.01,-0.18,0.01,0.13,0.0,2.42,0.03,-0.02,0.01,0.0,-0.02,0.0,0.04,0.0,0.17,-0.17,0.03,0.0,0.03
2008-01-01,0.05,0.03,0.04,0.03,0.0,-0.03,0.01,0.01,0.06,-0.13,0.11,0.01,0.02,0.11,0.08,-0.04,-0.12,-0.06,-0.08,0.4,0.36,0.0,0.0,0.2,0.26,0.11,0.13,0.04,0.02,0.05,-0.04,0.93,0.03,1.41,0.25,0.02,0.0,0.35,0.08,0.13,0.09,-0.02,1.81,0.03,0.03,0.15,0.43,0.58,0.31,0.06,0.0,0.07,-0.08,0.17,0.0,0.0,0.01,0.04,0.02,0.8,0.08,0.03,0.1,-0.11,0.0,0.09,0.01,0.03,0.05,0.0,0.01,-0.1,-0.04,1.54,0.02,0.04,0.01,0.07,0.02,0.23,0.02,0.39,0.22,0.07,0.07,-0.01,0.09,0.09,0.01,0.1,0.05,0.2,0.14,0.0,-0.13,0.03,0.11,0.0,1.89,0.03,0.03,0.01,0.0,-0.02,0.01,0.07,0.0,0.16,-0.17,0.04,0.0,-0.06
2008-04-01,-0.05,0.14,0.03,0.0,-0.01,-0.07,0.01,0.07,0.04,-0.29,0.11,0.01,0.17,0.58,0.07,-0.08,-0.32,-0.26,-0.24,0.62,0.58,0.01,0.0,0.23,0.18,0.2,0.22,-0.06,-0.06,0.06,-0.09,1.28,-0.01,1.7,0.29,0.02,0.0,0.34,0.08,0.21,0.16,0.01,2.18,0.04,0.06,0.61,0.37,0.98,0.26,0.06,0.0,0.07,-0.07,0.22,0.01,0.01,0.01,0.05,0.0,1.06,0.08,0.02,0.11,-0.13,0.0,0.41,0.01,0.14,0.04,0.0,0.01,-0.11,-0.05,2.0,0.02,0.05,0.02,0.08,0.03,0.17,0.02,0.55,0.13,0.08,0.07,0.02,-0.02,0.01,0.01,0.09,0.16,0.23,0.13,0.01,-0.18,0.04,0.11,0.0,2.25,0.04,0.03,0.01,0.06,-0.01,0.01,0.05,0.0,0.27,-0.22,0.03,0.0,-0.09
2008-07-01,0.0,0.05,0.03,0.02,-0.01,0.08,0.02,0.09,0.04,-0.13,0.11,0.01,0.22,0.37,0.08,-0.08,-0.2,-0.15,-0.12,0.7,0.66,0.01,0.0,0.3,0.3,0.05,0.01,0.06,0.04,0.07,0.08,1.47,0.0,2.29,0.26,0.03,0.0,0.35,0.07,0.17,0.12,0.03,1.97,0.03,0.01,0.43,0.38,0.81,0.25,0.05,0.02,0.04,-0.08,0.19,-0.01,0.0,0.03,0.05,-0.03,1.46,0.1,0.04,0.12,-0.11,0.0,0.15,-0.01,-0.04,0.05,0.0,0.01,-0.11,-0.03,2.42,0.02,0.05,0.0,0.02,0.02,0.18,0.03,0.31,0.19,0.1,0.05,0.01,0.01,0.05,0.02,0.03,0.07,0.29,0.16,0.0,-0.11,0.05,0.13,0.0,2.05,0.03,0.05,0.01,0.06,-0.01,-0.02,0.09,0.0,0.19,-0.17,0.05,0.0,0.11
2008-10-01,-0.04,-0.03,0.06,0.02,0.01,-0.1,0.01,0.02,0.01,-0.29,0.12,0.01,0.07,-0.35,-0.15,-0.53,-1.24,-1.17,-0.71,0.36,0.3,0.01,0.0,0.25,0.22,-0.2,-0.36,0.0,-0.02,-0.1,-0.1,-6.04,0.0,-5.87,0.05,0.02,0.0,0.37,0.08,0.24,0.19,0.01,-0.21,0.0,0.04,-0.29,0.38,0.09,0.27,0.07,0.01,0.0,0.19,0.21,0.0,0.01,0.02,0.02,-0.01,-5.68,0.07,0.04,0.14,-0.15,0.0,-0.41,-0.05,-0.01,0.05,0.0,0.01,-0.1,-0.09,-5.59,0.02,0.05,0.0,-0.01,0.07,0.19,0.02,0.22,0.13,0.04,0.04,0.03,0.11,0.07,0.0,0.05,-0.02,0.24,-0.05,0.01,-0.12,0.02,0.11,0.0,-0.36,0.01,0.04,0.02,0.01,-0.03,0.0,0.02,0.0,0.12,-0.19,0.05,0.0,-0.1
2009-01-01,-0.05,-0.18,0.03,0.02,0.0,0.09,0.02,0.03,0.04,-0.21,0.11,0.01,0.05,-0.19,-0.19,-0.45,-1.35,-1.22,-0.9,-0.1,-0.13,0.01,0.0,0.18,0.13,-0.19,-0.22,0.04,0.0,-0.03,0.08,-2.4,0.03,-2.25,0.06,0.01,0.0,0.52,0.08,0.29,0.25,0.01,-0.23,-0.01,0.03,-0.16,0.34,0.18,0.26,0.12,0.03,0.0,0.09,0.25,0.02,-0.01,0.02,0.03,0.08,-2.18,0.06,0.02,0.18,-0.03,0.0,-0.24,0.0,-0.1,0.07,0.0,0.03,-0.1,0.05,-2.04,0.01,0.05,0.01,-0.01,0.12,0.38,0.02,0.12,0.23,0.03,0.02,0.04,0.11,0.17,-0.01,0.05,-0.17,0.18,0.03,0.0,-0.21,0.0,0.08,0.0,-0.42,0.01,0.02,-0.02,0.01,-0.02,0.02,0.18,0.0,0.01,-0.22,0.03,-0.01,-0.01
2009-04-01,-0.09,-0.13,0.01,0.02,0.01,0.09,0.02,0.02,0.03,-0.1,0.11,0.01,-0.06,-0.39,-0.07,-0.03,-0.22,-0.16,-0.19,-0.29,-0.3,0.0,0.0,0.12,0.04,-0.1,-0.02,0.02,0.02,0.02,0.06,0.9,-0.02,1.42,0.13,0.0,0.0,0.4,0.08,0.25,0.2,0.0,0.25,0.0,0.02,-0.34,0.29,-0.05,0.23,0.06,0.01,0.01,0.01,0.2,0.02,0.0,0.03,-0.06,-0.03,0.92,0.02,0.01,0.06,0.07,0.0,-0.33,0.02,-0.09,0.02,0.0,0.02,-0.04,0.09,1.52,0.01,0.05,0.03,0.01,0.04,0.82,0.01,0.11,0.15,0.03,0.03,0.02,0.14,0.09,0.0,0.02,-0.14,0.12,-0.01,-0.01,-0.2,-0.01,0.07,0.0,0.18,0.01,-0.03,0.02,0.01,-0.02,0.01,0.6,0.01,-0.08,-0.17,0.04,0.0,0.08
2009-07-01,-0.05,0.08,0.03,0.02,0.0,0.03,0.02,0.03,0.03,-0.31,0.13,0.01,-0.08,-0.12,-0.02,0.29,0.25,0.34,-0.04,-0.18,-0.21,0.0,0.0,0.05,0.0,0.03,0.05,-0.14,-0.09,0.04,0.0,1.83,-0.01,1.6,0.24,0.03,0.0,0.42,0.1,0.28,0.22,-0.03,1.2,0.0,0.0,-0.07,0.04,-0.02,0.04,0.09,0.0,0.0,-0.08,0.26,0.03,0.0,0.01,0.09,-0.04,1.78,0.02,-0.01,0.02,0.14,0.0,-0.04,0.02,-0.04,0.04,0.0,0.02,0.12,0.03,1.92,0.01,0.06,0.02,-0.03,-0.01,0.24,0.01,0.19,0.13,0.03,0.02,-0.02,0.12,0.07,0.01,0.02,0.11,0.05,0.15,0.01,-0.28,-0.02,0.01,0.0,1.18,0.03,0.0,0.0,0.03,-0.03,0.0,0.12,-0.02,0.13,-0.29,0.05,0.0,0.05
2009-10-01,0.06,0.12,0.02,0.01,-0.01,-0.02,0.0,-0.02,0.03,0.15,0.1,0.01,0.06,0.11,-0.12,0.36,0.73,0.86,0.38,0.0,-0.02,0.01,0.0,0.1,0.16,0.15,0.08,-0.11,-0.07,0.03,-0.04,0.81,0.0,1.06,0.26,0.02,0.0,0.63,0.09,0.46,0.46,-0.03,2.18,0.0,-0.02,0.16,-0.11,0.05,-0.07,0.12,-0.01,0.03,-0.08,0.39,0.03,0.0,0.01,-0.04,-0.01,0.74,0.04,0.01,0.01,0.4,0.0,0.05,0.02,0.08,0.05,0.0,0.03,0.24,0.16,0.92,0.01,0.01,0.02,0.05,-0.03,0.12,0.0,0.32,0.17,0.05,0.04,-0.02,0.13,0.09,0.01,0.1,0.14,0.09,0.01,0.0,-0.2,-0.07,-0.03,0.0,2.06,0.02,-0.01,0.01,-0.01,0.01,0.01,0.07,-0.01,0.15,-0.19,0.05,0.0,-0.02
2010-01-01,0.01,0.06,-0.03,0.0,0.01,0.0,0.01,-0.02,0.02,-0.22,0.09,0.0,-0.03,0.04,-0.01,0.07,0.55,0.68,0.48,0.13,0.16,0.0,0.0,0.04,0.05,0.06,0.07,-0.09,-0.06,0.01,-0.01,0.2,-0.01,0.2,0.19,0.01,0.0,0.39,0.06,0.21,0.17,-0.01,1.37,0.0,0.01,0.09,-0.08,0.01,-0.08,0.13,0.02,-0.02,-0.02,0.19,0.01,0.0,0.01,-0.04,-0.01,0.13,0.01,0.02,-0.01,0.13,0.0,0.07,-0.02,0.04,0.1,0.0,0.01,0.13,-0.01,0.41,0.02,0.03,0.0,-0.07,-0.02,0.09,0.0,0.21,0.19,0.05,0.02,0.01,0.1,0.12,0.02,0.05,0.07,0.04,-0.03,-0.01,-0.19,-0.04,0.0,0.0,1.36,0.03,-0.03,0.0,-0.06,-0.04,-0.01,0.03,0.0,0.06,-0.15,0.05,0.0,-0.01
2010-04-01,0.05,0.05,0.0,0.0,0.0,-0.08,0.01,0.0,0.04,-0.36,0.11,0.0,0.08,0.02,-0.08,0.16,0.45,0.5,0.29,0.1,0.09,0.0,0.0,0.06,0.11,0.06,0.0,-0.12,-0.1,0.0,-0.06,-0.43,0.0,-0.75,0.11,0.01,0.0,0.35,0.08,0.19,0.17,-0.02,1.45,0.01,-0.05,0.06,0.02,0.08,-0.01,0.05,0.0,0.05,-0.02,0.19,0.0,-0.02,-0.01,0.08,0.0,-0.43,0.03,0.01,0.0,-0.03,0.0,-0.05,-0.03,0.04,0.03,0.0,0.01,-0.01,-0.03,-0.39,0.02,0.02,-0.01,0.01,-0.03,0.02,0.02,0.24,0.17,0.03,0.02,-0.04,0.13,0.1,0.0,0.04,0.07,0.06,0.1,0.0,-0.22,-0.05,0.02,0.0,1.37,0.01,0.0,-0.01,0.0,-0.02,-0.01,0.07,0.0,0.07,-0.21,0.04,0.0,-0.06
2010-07-01,0.02,-0.04,0.02,0.01,0.0,-0.05,0.02,0.01,0.03,-0.3,0.09,0.0,0.0,0.0,0.03,-0.06,-0.02,0.04,0.03,0.03,0.01,0.0,0.0,0.08,0.1,0.01,-0.03,-0.12,-0.09,0.01,-0.05,0.2,-0.02,-0.03,0.16,0.02,0.0,0.29,0.06,0.11,0.11,0.0,0.77,0.01,-0.01,0.03,0.09,0.12,0.06,0.06,-0.01,0.0,-0.03,0.13,0.01,0.0,0.0,0.02,0.0,0.23,0.02,0.02,0.02,0.04,0.0,0.0,0.0,-0.02,0.03,0.0,0.01,0.0,0.02,0.27,0.01,0.0,-0.01,-0.01,0.0,0.09,0.02,0.18,0.18,0.04,0.02,0.01,0.06,0.11,0.0,0.04,-0.02,0.08,0.06,0.0,-0.21,-0.04,0.02,0.01,0.8,0.03,-0.01,0.01,0.01,-0.01,0.0,0.08,-0.01,0.0,-0.2,0.03,0.0,-0.04
2010-10-01,0.01,0.01,0.0,0.01,-0.01,-0.04,0.02,-0.02,0.03,-0.12,0.07,0.0,-0.01,-0.06,0.06,0.3,0.3,0.35,0.0,0.12,0.12,0.01,0.0,0.11,0.12,0.08,0.09,-0.09,-0.04,0.03,-0.04,1.41,-0.02,1.46,0.2,0.02,0.0,0.28,0.04,0.17,0.09,-0.03,1.07,0.0,-0.02,-0.02,0.15,0.12,0.09,0.05,-0.01,0.05,-0.06,0.14,0.01,-0.01,-0.01,-0.05,-0.01,1.32,0.03,0.01,0.03,0.09,0.0,-0.05,0.02,0.02,0.01,0.0,0.03,0.04,0.04,1.58,0.01,0.08,0.0,0.06,0.0,0.09,0.01,0.13,0.11,0.02,0.0,-0.02,0.1,0.06,0.01,0.03,0.03,0.1,0.01,0.0,-0.17,-0.01,0.04,0.01,1.13,0.03,-0.02,0.0,-0.02,0.0,0.01,0.02,0.0,0.06,-0.15,0.04,0.0,-0.02
2011-01-01,0.03,0.15,0.0,0.01,-0.01,0.05,0.01,-0.07,0.01,0.01,0.12,0.01,0.02,0.01,0.09,0.17,0.02,0.18,-0.15,0.47,0.47,0.0,0.0,0.11,0.13,0.03,0.15,-0.01,0.0,0.05,0.04,1.36,0.01,2.05,0.29,0.04,0.0,0.25,0.09,0.2,0.16,-0.03,1.26,0.02,0.0,0.06,0.25,0.31,0.16,0.16,-0.02,0.08,-0.1,0.21,0.01,-0.01,0.01,0.01,0.01,1.21,0.02,0.03,0.0,0.14,0.0,-0.01,0.01,-0.07,0.13,0.0,0.02,0.04,0.07,2.04,0.01,0.05,0.01,0.08,-0.01,0.15,0.02,0.11,0.05,0.02,0.03,0.02,0.1,0.02,0.02,0.05,0.19,0.1,0.08,0.0,-0.2,-0.02,0.08,0.02,1.35,0.04,-0.04,0.01,-0.07,0.0,0.01,0.03,0.01,0.2,-0.17,0.04,0.0,0.04
2011-04-01,0.01,0.05,0.01,0.04,0.0,0.1,0.02,-0.01,0.03,0.11,0.1,0.0,0.06,0.1,0.01,0.22,0.27,0.35,0.05,0.47,0.46,0.0,0.0,0.2,0.21,0.07,0.08,0.04,0.02,0.05,0.09,1.35,0.0,2.24,0.25,0.0,0.0,0.41,0.07,0.28,0.24,0.02,1.74,0.0,0.02,0.14,0.23,0.37,0.16,0.08,-0.01,0.07,-0.08,0.25,0.01,0.0,0.01,0.01,0.03,1.27,0.03,0.03,0.04,0.19,0.0,0.04,0.02,-0.01,0.02,0.0,0.04,0.05,0.11,2.13,0.01,0.04,0.0,0.07,0.01,0.21,0.01,0.21,0.13,0.03,0.03,-0.03,0.16,0.07,0.01,0.05,0.05,0.2,0.11,-0.02,-0.19,0.01,0.06,0.01,1.75,0.03,-0.02,0.01,-0.01,-0.01,0.0,0.01,0.01,0.09,-0.16,0.03,0.0,0.06
2011-07-01,0.1,0.01,-0.01,0.03,0.02,0.24,0.03,-0.01,0.02,-0.06,0.15,0.0,0.07,0.05,0.0,-0.07,0.05,0.1,0.12,0.38,0.39,0.02,0.0,0.18,0.28,0.04,-0.03,0.01,-0.03,0.03,0.22,-0.15,0.0,0.46,0.19,0.0,0.0,0.29,0.1,0.2,0.18,0.04,1.41,0.0,0.01,0.08,0.36,0.43,0.26,0.05,0.02,0.01,-0.06,0.2,0.01,0.0,0.0,-0.02,0.09,-0.12,0.04,0.02,0.03,0.12,0.0,-0.02,-0.01,-0.02,0.02,0.0,0.02,0.05,0.05,0.52,0.01,0.03,0.01,-0.01,0.0,0.05,0.01,0.21,0.09,0.01,0.03,-0.02,0.06,0.06,0.0,0.05,0.01,0.16,0.05,-0.01,-0.19,0.0,0.09,0.01,1.41,0.02,-0.02,0.01,-0.04,-0.02,0.0,0.01,0.01,0.04,-0.16,0.03,0.0,0.12
2011-10-01,0.01,0.08,0.01,0.06,0.01,0.13,0.01,0.01,0.03,-0.16,0.12,0.0,0.01,-0.05,-0.02,-0.21,-0.1,-0.03,0.11,0.21,0.2,0.0,0.0,0.12,0.13,-0.02,0.0,-0.05,-0.02,0.02,0.13,-0.06,-0.04,0.29,0.15,0.0,0.0,0.24,0.09,0.14,0.19,0.01,1.05,0.02,0.04,-0.02,0.35,0.33,0.23,0.07,0.02,0.03,-0.04,0.18,0.01,0.0,0.02,0.0,0.05,-0.07,0.04,0.01,0.03,0.03,0.0,-0.07,-0.02,-0.06,0.03,0.0,0.03,0.01,0.01,0.46,0.01,-0.05,0.0,0.02,-0.01,0.18,0.01,0.18,0.1,0.0,0.04,0.03,0.11,0.07,0.0,0.04,0.08,0.12,0.09,0.0,-0.17,-0.04,0.11,0.0,1.03,0.02,-0.03,0.0,-0.02,-0.03,0.01,0.04,0.0,0.11,-0.15,0.03,0.0,0.07
2012-01-01,0.0,0.06,0.03,0.05,0.01,0.1,0.02,0.02,0.02,-0.06,0.08,0.0,-0.04,-0.14,0.05,0.35,0.53,0.61,0.18,0.17,0.14,0.01,0.0,0.17,0.17,0.06,0.03,0.04,0.0,0.02,0.08,0.45,0.0,0.83,0.22,0.0,0.0,0.31,0.06,0.18,0.11,0.04,1.8,0.03,0.0,-0.1,0.34,0.24,0.25,0.08,0.0,0.02,-0.04,0.17,0.01,0.0,0.02,0.09,0.02,0.42,0.02,0.02,0.02,0.02,0.0,-0.1,-0.01,0.02,0.05,0.0,0.02,-0.05,0.05,0.88,0.01,0.07,0.01,0.01,0.0,0.17,0.01,0.21,0.13,0.05,0.02,0.01,0.12,0.06,0.01,0.03,0.06,0.16,0.17,0.0,-0.13,0.0,0.09,0.0,1.85,0.02,0.01,0.01,0.01,-0.02,0.0,0.02,0.01,0.09,-0.14,0.04,0.0,0.05
2012-04-01,0.05,0.03,0.0,0.03,0.0,0.13,0.01,0.04,0.01,-0.24,0.07,0.01,-0.01,-0.08,-0.01,0.26,0.2,0.25,-0.06,0.05,0.05,0.0,0.0,0.17,0.21,0.02,-0.03,-0.02,-0.01,0.01,0.09,-0.44,-0.01,-0.43,0.22,0.01,0.0,0.32,0.05,0.27,0.24,0.01,1.41,0.01,-0.03,-0.03,0.34,0.31,0.25,0.04,0.0,-0.05,-0.03,0.23,0.0,-0.01,0.01,0.02,0.02,-0.41,0.01,0.01,0.01,0.03,0.0,-0.07,-0.01,-0.01,0.02,0.0,0.01,0.01,0.01,-0.18,0.01,0.02,0.05,-0.07,0.0,0.07,0.01,0.21,0.05,0.01,0.01,0.02,0.09,0.02,0.01,0.04,0.05,0.16,0.06,0.0,-0.19,-0.03,0.09,0.0,1.4,0.03,0.01,0.0,0.04,-0.04,0.02,0.02,0.0,0.05,-0.2,0.05,0.0,0.07
2012-07-01,-0.01,-0.07,0.0,0.04,0.0,-0.05,0.01,-0.05,0.03,-0.24,0.08,0.01,-0.03,-0.01,-0.03,0.15,0.2,0.25,0.05,0.03,0.03,0.01,0.0,0.15,0.14,-0.02,-0.02,0.0,0.01,0.02,-0.06,0.13,-0.01,-0.02,0.19,0.01,0.0,0.33,0.07,0.26,0.24,-0.01,1.22,0.0,-0.02,0.04,0.32,0.36,0.23,0.05,-0.02,-0.02,-0.01,0.23,0.02,0.0,0.01,0.04,0.03,0.16,0.01,0.01,0.01,0.01,0.0,0.02,-0.01,-0.02,0.01,0.0,0.02,-0.03,0.02,0.22,0.01,0.02,0.01,-0.06,0.0,0.11,0.01,0.08,0.07,0.02,0.02,0.02,0.12,0.02,0.0,0.03,-0.05,0.14,0.11,0.0,-0.18,-0.03,0.09,0.0,1.18,0.02,-0.01,0.01,-0.03,-0.04,-0.01,0.02,0.0,-0.04,-0.17,0.05,0.0,-0.1
2012-10-01,0.02,0.03,0.0,0.01,0.0,0.14,0.01,0.02,0.04,-0.14,0.09,0.0,0.04,0.1,0.12,0.23,0.39,0.44,0.17,0.13,0.13,0.01,0.0,0.09,0.11,0.03,0.04,-0.04,-0.05,0.03,0.1,0.49,-0.01,0.6,0.26,0.01,0.0,0.16,0.07,0.12,0.11,0.01,1.55,0.01,0.0,0.13,0.38,0.51,0.26,0.05,-0.01,0.02,-0.04,0.14,0.02,0.0,0.01,0.02,0.0,0.44,0.02,0.0,0.01,0.05,0.0,0.06,0.02,-0.01,0.01,0.0,0.01,0.01,0.04,0.74,0.01,0.01,0.04,-0.01,-0.01,-0.01,0.01,0.2,0.04,0.01,0.02,-0.02,-0.03,-0.01,0.01,0.04,0.04,0.08,0.08,-0.01,-0.15,-0.01,0.12,0.0,1.66,0.04,0.0,0.01,0.02,-0.04,0.0,0.02,0.0,0.05,-0.14,0.03,0.0,0.1
2013-01-01,0.02,-0.01,0.03,0.02,-0.01,0.05,0.02,0.02,0.04,-0.11,0.1,0.01,0.04,0.05,-0.07,0.21,0.28,0.29,0.07,0.13,0.1,0.01,0.0,0.1,0.12,0.03,-0.01,-0.02,-0.03,0.02,0.03,-0.13,0.02,-0.16,0.2,0.02,0.0,0.4,0.07,0.3,0.3,-0.02,1.64,0.02,-0.03,0.09,0.34,0.42,0.24,0.01,0.03,0.0,-0.01,0.27,0.05,0.0,0.04,0.02,0.02,-0.12,0.03,0.0,0.04,0.05,0.0,0.01,-0.01,0.02,-0.05,0.0,0.01,0.03,0.03,-0.05,0.01,0.0,0.02,0.0,0.02,-0.1,0.0,0.29,0.1,0.04,0.06,-0.02,-0.06,0.02,0.01,0.05,0.01,0.09,0.06,0.01,-0.12,-0.03,0.1,0.0,1.57,0.03,-0.03,0.0,-0.02,-0.01,0.01,0.02,0.0,0.05,-0.1,0.03,0.0,0.01
2013-04-01,0.04,-0.05,0.02,0.01,-0.01,-0.09,0.01,-0.03,0.03,-0.28,0.06,0.0,0.04,0.14,0.15,0.33,0.44,0.51,0.11,0.03,0.01,0.0,0.0,0.15,0.19,0.0,-0.04,-0.07,-0.05,0.0,-0.1,-0.94,-0.01,-1.21,0.15,0.02,0.0,-0.07,0.05,-0.06,-0.09,-0.02,1.26,0.01,0.01,0.16,0.37,0.53,0.27,0.07,0.0,0.02,0.02,-0.01,0.02,0.0,0.01,-0.01,0.02,-0.89,0.02,-0.01,-0.01,-0.01,0.0,0.1,0.0,0.02,0.04,0.0,0.0,-0.02,0.02,-0.93,0.01,0.03,0.01,-0.01,-0.03,0.06,0.01,0.14,0.0,-0.01,0.02,0.01,0.01,-0.02,0.01,0.04,-0.04,0.15,0.01,0.0,-0.2,0.0,0.1,0.0,1.42,0.02,-0.02,0.0,-0.04,-0.03,0.0,0.03,0.01,-0.05,-0.19,0.03,0.0,-0.11
2013-07-01,0.02,0.09,0.01,0.03,-0.01,0.06,0.01,0.0,0.03,-0.23,0.07,0.0,0.06,0.0,0.02,0.12,0.29,0.38,0.17,0.05,0.04,0.01,0.0,0.11,0.13,0.0,0.04,-0.1,-0.04,0.02,0.07,0.23,-0.04,0.16,0.19,0.0,0.0,0.23,0.05,0.17,0.16,-0.03,1.47,0.02,-0.04,0.03,0.37,0.4,0.27,0.09,0.0,0.01,-0.06,0.17,0.02,-0.02,0.0,0.04,-0.01,0.19,0.03,0.0,0.04,0.07,0.0,-0.06,0.01,-0.06,0.05,0.0,0.01,0.03,0.04,0.39,0.01,0.01,-0.02,-0.06,0.0,0.05,0.01,0.11,0.06,0.03,0.02,0.01,0.08,0.0,0.0,0.04,0.09,0.11,0.1,0.0,-0.14,-0.04,0.1,0.0,1.49,0.02,-0.01,-0.01,0.0,-0.05,0.0,0.03,0.0,0.13,-0.12,0.02,0.0,0.09
2013-10-01,-0.05,0.04,0.0,0.03,0.0,0.02,0.01,0.02,0.02,-0.22,0.07,0.0,0.04,0.02,-0.05,0.29,0.52,0.55,0.24,0.0,0.0,0.0,0.0,0.09,0.04,0.05,0.01,-0.08,-0.06,0.02,0.04,-0.03,0.0,-0.2,0.16,0.0,0.0,0.3,0.05,0.23,0.22,-0.01,1.74,0.02,-0.02,0.05,0.42,0.47,0.32,0.02,0.01,-0.02,-0.01,0.21,0.01,0.0,0.02,0.04,0.01,-0.04,0.01,0.0,0.03,0.06,0.0,-0.02,0.01,0.04,0.0,0.0,0.01,0.05,0.0,0.01,0.01,0.01,-0.02,-0.08,0.02,0.03,0.01,0.21,0.07,0.02,0.01,0.01,0.05,0.03,0.01,0.03,0.04,0.09,0.09,0.0,-0.12,-0.05,0.1,0.0,1.69,0.03,0.0,-0.01,0.01,-0.06,0.0,0.02,0.0,0.07,-0.1,0.03,0.0,0.03
2014-01-01,0.08,-0.06,0.01,0.01,0.01,0.01,0.0,-0.08,0.02,-0.35,0.07,0.0,0.11,0.27,0.09,0.25,0.29,0.34,0.04,0.16,0.16,0.0,0.0,0.1,0.18,0.0,0.06,-0.08,-0.06,0.03,0.02,0.32,0.0,0.21,0.22,0.0,0.0,0.16,0.06,0.1,0.11,-0.02,1.55,0.0,0.0,0.29,0.45,0.74,0.33,0.04,-0.01,-0.05,-0.03,0.13,0.01,0.0,0.01,0.04,-0.03,0.26,0.02,0.0,0.02,-0.06,0.0,0.15,0.0,-0.03,0.02,0.0,0.01,-0.03,-0.02,0.56,0.01,0.0,-0.01,-0.1,0.0,0.07,0.01,0.08,0.06,0.02,0.03,0.02,0.06,0.02,0.0,0.05,-0.06,0.1,0.1,0.0,-0.13,-0.05,0.11,0.0,1.64,0.03,-0.02,0.01,-0.07,-0.05,0.01,0.03,0.0,-0.04,-0.12,0.02,0.0,0.04
2014-04-01,0.1,0.09,0.0,0.03,0.01,0.03,0.01,-0.09,0.02,-0.28,0.08,0.0,-0.01,0.06,0.05,0.13,0.35,0.4,0.21,0.33,0.33,0.01,0.0,0.16,0.26,0.05,-0.05,-0.11,-0.01,0.02,0.02,-0.11,-0.04,0.14,0.17,0.0,0.0,0.2,0.06,0.11,0.08,-0.06,1.61,0.02,-0.01,0.09,0.44,0.53,0.3,0.05,0.01,-0.02,-0.09,0.13,0.01,0.0,0.03,0.01,0.01,-0.06,0.02,0.0,0.0,-0.02,0.0,0.08,0.0,-0.03,0.01,0.0,0.03,-0.04,0.02,0.42,0.01,0.03,0.02,-0.06,-0.02,0.17,0.01,0.06,0.09,0.03,0.02,-0.01,0.15,0.04,0.0,0.03,0.09,0.16,0.07,0.0,-0.09,-0.03,0.13,0.01,1.66,0.04,-0.01,0.0,-0.11,-0.06,0.01,0.03,-0.01,0.1,-0.08,0.02,0.0,0.0
2014-07-01,0.05,0.04,0.02,0.0,-0.01,-0.01,0.01,-0.05,0.02,-0.15,0.06,0.0,0.08,-0.01,0.04,0.17,0.3,0.32,0.13,0.21,0.19,0.0,0.0,0.16,0.21,0.0,-0.02,-0.04,-0.04,0.01,-0.06,-0.4,0.01,-0.26,0.17,0.0,0.0,0.21,0.04,0.13,0.1,-0.01,1.32,0.03,-0.02,0.03,0.42,0.45,0.29,0.02,0.02,0.01,-0.03,0.13,0.01,0.0,0.0,0.02,-0.01,-0.39,0.03,0.0,0.0,0.05,0.0,-0.09,-0.01,-0.03,0.01,0.0,0.0,0.01,0.04,-0.11,0.01,0.04,0.05,-0.03,-0.03,0.11,0.0,0.07,0.08,0.04,0.01,0.03,0.13,0.02,0.0,0.02,0.03,0.16,0.03,-0.01,-0.14,-0.02,0.12,0.01,1.36,0.03,-0.02,-0.01,-0.08,-0.05,0.0,-0.01,0.0,0.03,-0.1,0.04,0.0,-0.04
2014-10-01,0.04,-0.03,0.01,0.02,0.0,-0.05,0.01,-0.14,0.02,-0.32,0.06,0.0,0.0,-0.06,0.26,-0.02,0.12,0.17,0.13,0.14,0.14,0.0,0.0,0.18,0.23,-0.04,-0.09,-0.06,-0.02,-0.01,-0.06,-1.55,-0.02,-1.64,0.23,0.01,0.0,-0.02,0.04,-0.12,-0.14,-0.02,0.85,0.02,-0.04,-0.02,0.42,0.4,0.3,0.05,0.0,-0.03,0.04,-0.04,0.01,-0.01,0.01,-0.02,-0.03,-1.47,0.04,0.0,0.08,-0.03,0.0,-0.06,-0.02,-0.01,0.02,0.0,0.02,-0.06,0.03,-1.32,0.01,0.02,0.01,-0.08,0.05,0.13,0.01,0.01,0.11,0.07,0.02,-0.02,0.17,0.02,0.0,0.03,-0.02,0.18,0.0,0.0,-0.15,-0.02,0.12,0.01,1.11,0.03,-0.01,-0.01,-0.15,-0.05,0.01,0.03,0.01,0.06,-0.13,0.04,0.0,-0.03
2015-01-01,0.04,-0.07,-0.01,0.01,0.0,-0.09,0.0,-0.08,0.03,-0.31,0.07,0.01,0.05,-0.01,0.05,0.09,0.14,0.15,0.05,0.05,0.07,0.0,0.0,0.14,0.18,-0.1,-0.13,-0.08,-0.05,-0.03,-0.08,-2.41,-0.01,-2.69,0.21,-0.01,0.0,-0.05,0.06,0.19,0.15,-0.03,0.85,0.01,-0.02,0.02,0.47,0.49,0.33,0.01,-0.01,-0.02,0.08,0.16,0.01,-0.01,-0.01,0.07,0.0,-2.28,0.01,0.01,0.03,-0.04,0.0,-0.06,-0.02,-0.02,-0.01,0.0,0.01,-0.02,-0.02,-2.38,0.01,0.04,-0.01,-0.06,0.01,0.07,0.01,0.07,-0.24,-0.01,0.02,0.03,0.13,-0.26,0.0,0.04,-0.07,0.13,0.07,0.0,-0.13,-0.06,0.13,0.01,0.9,0.03,-0.02,0.01,-0.06,-0.02,-0.02,0.03,0.0,-0.05,-0.11,0.03,0.0,-0.08
2015-04-01,-0.04,-0.02,0.0,0.01,0.01,-0.02,0.0,-0.09,0.02,0.02,0.07,0.0,-0.04,-0.13,0.09,0.16,0.31,0.36,0.14,-0.09,-0.09,0.0,0.0,0.14,0.1,-0.07,-0.02,0.01,0.02,0.03,-0.02,0.66,0.0,0.68,0.26,0.01,0.0,0.21,0.05,0.17,0.15,-0.01,1.25,0.03,0.01,-0.1,0.5,0.4,0.37,0.05,-0.01,-0.02,-0.02,0.17,0.02,-0.01,0.0,0.08,0.0,0.68,0.03,0.0,0.01,0.13,0.0,-0.08,0.0,-0.08,0.02,0.0,0.02,0.08,0.06,0.65,0.02,0.02,0.0,-0.07,-0.02,0.11,0.02,0.03,0.05,0.01,0.03,-0.03,0.12,0.01,0.0,0.03,-0.01,0.14,0.14,0.0,-0.05,-0.02,0.13,0.01,1.34,0.04,-0.04,0.03,-0.08,-0.05,0.01,0.03,0.0,0.0,-0.05,0.03,0.0,-0.03
2015-07-01,0.06,-0.01,0.0,0.01,0.02,0.0,0.01,-0.05,0.03,-0.26,0.07,0.0,-0.02,-0.05,0.06,-0.02,0.19,0.25,0.21,0.15,0.14,-0.01,0.0,0.1,0.16,-0.04,-0.06,-0.11,-0.08,0.02,-0.01,-0.19,0.0,-0.33,0.2,0.02,0.0,0.22,0.05,0.12,0.09,-0.02,1.31,0.03,-0.02,-0.01,0.51,0.5,0.37,0.05,-0.04,0.02,-0.03,0.14,0.02,-0.01,0.01,0.04,-0.03,-0.13,0.01,0.0,-0.01,-0.01,0.0,-0.03,0.0,-0.07,0.01,0.0,0.02,-0.02,0.01,-0.07,0.01,0.03,0.01,-0.04,-0.02,-0.02,0.02,0.1,0.1,0.03,0.03,-0.02,0.02,0.04,0.0,0.05,0.01,0.11,0.08,0.0,-0.1,-0.05,0.14,0.0,1.37,0.04,0.01,-0.03,-0.02,-0.04,-0.01,0.04,-0.01,0.0,-0.08,0.03,0.0,0.0
2015-10-01,0.04,-0.06,0.01,0.04,-0.01,-0.02,0.01,-0.01,0.02,-0.26,0.06,0.0,-0.02,-0.07,0.08,-0.23,-0.01,0.07,0.22,-0.02,-0.03,0.04,0.0,0.2,0.24,-0.07,-0.05,-0.06,-0.02,0.0,-0.01,-1.09,-0.02,-1.32,0.12,0.01,0.0,0.09,0.04,0.03,0.0,-0.02,0.94,0.02,-0.01,-0.05,0.45,0.4,0.33,0.08,0.01,-0.01,0.04,0.05,0.01,-0.01,0.0,-0.02,0.03,-1.04,0.02,0.0,0.03,-0.1,0.0,-0.05,0.0,-0.03,0.03,0.0,0.03,-0.1,0.0,-1.06,0.01,0.03,-0.01,-0.06,0.0,0.07,0.01,0.12,0.06,0.0,0.03,0.02,0.06,0.04,0.0,0.05,-0.05,0.17,0.03,0.01,-0.03,-0.03,0.13,-0.01,1.02,0.01,0.01,0.01,-0.02,-0.05,0.0,0.03,-0.01,-0.02,-0.06,0.03,0.0,-0.03
2016-01-01,0.04,0.02,0.03,0.03,-0.01,-0.05,0.01,-0.07,0.03,-0.21,0.06,0.0,-0.05,-0.08,0.09,0.02,0.36,0.47,0.34,-0.1,-0.13,0.0,0.0,0.15,0.19,-0.03,-0.07,-0.03,0.01,0.0,-0.07,-1.1,-0.01,-1.34,0.21,0.0,0.0,0.14,0.04,0.11,0.07,-0.03,1.44,0.03,0.0,-0.06,0.47,0.42,0.35,0.12,0.02,0.09,0.0,0.12,0.02,0.0,0.0,0.06,-0.05,-1.03,0.02,0.01,0.06,-0.03,0.0,-0.02,0.0,-0.03,0.07,0.0,0.02,-0.03,-0.01,-1.14,0.01,0.04,0.02,0.03,0.04,0.12,0.01,0.04,0.02,0.04,0.02,0.01,0.14,-0.05,0.0,0.0,0.03,0.14,0.1,-0.01,-0.18,-0.07,0.13,-0.01,1.54,0.04,-0.01,0.01,-0.09,-0.07,0.01,0.03,0.0,0.09,-0.17,0.02,0.0,-0.01
2016-04-01,-0.01,-0.05,0.0,0.06,-0.02,0.06,0.01,-0.06,0.03,-0.13,0.06,0.0,0.01,0.03,0.1,0.22,0.49,0.55,0.27,-0.18,-0.18,0.0,0.0,0.15,0.13,0.0,0.03,-0.06,-0.04,0.03,0.07,0.76,-0.01,0.57,0.27,0.01,0.0,0.24,0.04,0.15,0.12,-0.02,1.89,0.02,-0.05,0.06,0.54,0.6,0.41,0.06,-0.02,0.05,-0.02,0.17,0.01,0.0,0.0,0.08,0.03,0.73,0.04,0.0,0.08,0.05,0.0,0.02,0.01,-0.02,0.01,0.0,0.03,0.05,0.0,0.7,0.01,0.03,-0.01,0.04,0.04,0.06,0.02,0.13,0.09,0.04,0.02,-0.01,0.15,0.02,0.0,0.07,-0.03,0.14,0.19,-0.02,-0.15,-0.05,0.14,-0.01,1.99,0.04,0.0,0.01,-0.04,-0.02,0.01,0.01,0.0,0.05,-0.15,0.03,0.0,0.06
2016-07-01,0.03,0.02,-0.01,0.02,0.01,-0.04,0.01,-0.08,0.02,-0.44,0.03,0.01,0.05,0.13,0.06,0.19,0.38,0.42,0.18,-0.16,-0.15,0.01,0.0,0.14,0.17,-0.02,0.01,-0.14,-0.08,0.02,-0.02,-0.12,-0.01,-0.5,0.27,0.01,0.0,0.33,0.02,0.25,0.18,-0.04,1.83,0.03,0.01,0.15,0.55,0.7,0.42,0.05,0.0,0.01,-0.03,0.21,0.01,-0.03,-0.01,0.03,0.02,-0.14,0.01,-0.01,-0.02,-0.06,0.0,0.08,0.0,-0.06,0.02,0.0,0.02,-0.06,0.01,-0.06,0.01,0.07,-0.02,-0.07,-0.03,0.26,0.01,0.11,0.08,0.05,0.02,0.0,0.28,0.01,0.0,0.11,0.03,0.13,0.08,0.01,-0.16,-0.07,0.13,0.0,1.89,0.06,-0.03,0.02,-0.08,-0.05,0.0,0.04,0.0,0.01,-0.16,0.02,0.0,-0.04
2016-10-01,0.07,-0.02,0.01,0.02,0.0,0.05,0.01,-0.09,0.03,-0.39,0.05,0.0,0.01,0.03,0.13,0.08,0.21,0.29,0.14,-0.08,-0.09,0.01,0.0,0.11,0.18,0.02,0.04,-0.06,-0.01,0.03,0.01,0.67,-0.02,0.3,0.29,0.0,0.0,0.26,0.03,0.15,0.13,-0.03,1.42,0.0,-0.04,0.06,0.59,0.65,0.43,0.07,-0.01,0.0,-0.05,0.16,0.01,0.02,0.02,-0.02,-0.03,0.63,0.02,-0.01,0.0,-0.09,0.0,0.02,-0.01,-0.03,0.01,0.0,0.05,-0.11,0.02,0.69,0.02,0.03,0.04,-0.01,-0.03,0.05,0.0,0.03,0.1,0.03,0.03,-0.02,0.11,0.05,0.0,0.02,-0.02,0.11,0.04,0.0,-0.23,-0.05,0.15,0.01,1.55,0.04,-0.04,0.01,-0.09,-0.03,0.0,0.03,0.0,-0.02,-0.2,0.03,0.0,0.05
2017-01-01,-0.02,0.04,0.02,0.07,0.0,-0.04,0.03,-0.13,0.0,-0.03,0.06,0.0,0.01,0.03,0.12,0.04,0.15,0.32,0.11,0.07,0.05,0.0,0.0,0.15,0.14,0.01,0.04,0.03,0.01,0.03,-0.02,0.58,0.02,0.68,0.25,0.0,0.0,0.18,0.02,0.1,0.07,0.0,1.55,0.0,0.01,0.07,0.5,0.57,0.36,0.16,0.0,0.02,-0.04,0.13,0.0,-0.02,0.01,0.1,-0.01,0.55,0.05,0.01,0.05,-0.02,0.0,0.02,0.0,-0.03,0.15,0.0,0.01,-0.06,0.02,0.71,0.01,0.03,-0.02,-0.01,0.0,0.1,0.01,0.05,0.08,0.09,0.03,0.0,0.08,0.0,0.01,0.07,0.05,0.15,0.2,-0.01,-0.03,-0.04,0.13,0.01,1.67,0.04,-0.01,-0.01,-0.14,-0.02,0.01,0.03,0.0,0.1,0.0,0.03,0.0,-0.01
2017-04-01,0.0,0.0,-0.01,0.06,-0.01,-0.06,0.0,-0.24,0.01,-0.25,0.04,0.0,0.07,0.11,0.04,0.2,0.44,0.55,0.24,0.07,0.07,-0.01,0.0,0.11,0.12,0.06,-0.02,-0.11,-0.07,0.0,-0.07,-0.56,-0.01,-0.78,0.19,0.01,0.0,0.25,0.03,0.17,0.13,-0.04,1.55,0.02,-0.03,0.13,0.44,0.57,0.3,0.11,0.01,0.03,0.0,0.15,0.01,0.0,0.02,0.0,-0.04,-0.54,0.01,0.01,0.04,-0.04,0.0,0.05,0.01,0.06,0.02,0.0,0.08,-0.02,-0.03,-0.53,0.01,0.05,0.02,-0.02,0.03,0.02,0.0,-0.06,0.07,0.03,0.01,-0.02,-0.05,0.03,0.0,0.03,0.01,0.12,0.08,-0.02,-0.08,-0.05,0.12,0.01,1.59,0.04,0.0,-0.01,-0.26,-0.03,0.0,0.14,0.01,0.05,-0.05,0.02,0.0,-0.03
2017-07-01,-0.06,-0.05,0.01,0.04,0.01,-0.02,0.02,-0.1,0.03,-0.37,0.05,0.0,0.04,0.03,0.04,0.03,0.3,0.35,0.27,0.03,0.02,0.0,0.0,0.12,0.06,0.0,0.0,-0.14,-0.11,0.02,0.01,0.29,-0.01,0.04,0.18,0.0,0.0,0.19,0.03,0.13,0.12,-0.02,1.34,0.03,-0.03,0.05,0.52,0.57,0.38,0.05,-0.05,-0.02,0.01,0.14,0.01,0.0,-0.01,0.06,0.0,0.29,0.02,0.0,0.04,-0.15,0.0,-0.01,0.02,0.01,0.0,0.0,0.03,-0.08,-0.07,0.41,0.01,0.01,-0.04,-0.06,0.02,0.12,0.01,0.05,0.06,0.02,0.02,-0.01,0.21,0.02,0.0,0.02,-0.05,0.12,0.14,0.0,-0.02,-0.07,0.13,0.01,1.38,0.03,0.0,-0.01,-0.05,-0.03,-0.01,0.01,-0.01,-0.01,-0.01,0.02,0.0,0.01
2017-10-01,0.12,0.05,0.02,0.01,0.0,-0.05,0.01,0.02,0.02,-0.12,0.06,0.0,-0.01,-0.01,-0.09,0.23,0.41,0.46,0.19,0.04,0.02,0.01,0.0,0.14,0.26,-0.04,0.07,-0.07,-0.02,0.03,-0.04,0.81,-0.04,0.61,0.21,0.02,0.0,0.44,0.04,0.38,0.35,0.0,1.91,0.04,-0.02,0.01,0.55,0.56,0.41,0.05,0.0,0.02,-0.09,0.31,0.0,0.01,-0.01,0.01,0.0,0.73,0.04,-0.02,0.02,0.05,0.0,-0.01,0.0,-0.13,0.01,0.0,0.03,0.07,0.0,0.72,0.01,0.03,-0.01,0.02,-0.02,-0.07,0.01,0.03,0.06,0.05,0.0,0.01,-0.04,-0.01,0.01,0.0,0.07,0.13,0.06,0.01,-0.13,-0.06,0.13,0.01,1.81,0.04,-0.01,0.01,0.01,-0.02,0.01,0.06,0.0,0.09,-0.13,0.02,0.0,-0.05
2018-01-01,-0.05,-0.05,0.01,0.0,0.01,0.08,0.0,0.01,0.05,-0.06,0.03,0.0,0.01,0.03,0.1,0.23,0.33,0.58,0.09,0.06,0.05,0.01,0.0,0.19,0.14,0.08,0.07,0.03,0.03,0.04,0.07,0.47,-0.01,0.69,0.3,0.01,0.0,0.28,0.01,0.21,0.19,0.0,2.04,0.04,0.04,0.06,0.5,0.56,0.37,0.25,-0.01,-0.03,0.01,0.2,0.02,-0.01,0.01,0.06,0.01,0.4,0.01,0.02,0.08,0.05,0.0,0.02,0.0,0.09,0.19,0.0,0.03,0.01,0.01,0.74,0.01,0.02,0.01,-0.01,0.07,0.14,0.01,0.32,0.07,-0.01,0.02,0.01,0.11,0.03,0.01,0.09,-0.03,0.18,0.11,0.0,-0.12,-0.05,0.13,0.01,2.14,0.05,-0.02,0.03,0.02,0.02,0.01,0.0,0.01,0.05,-0.13,0.03,0.0,0.05
2018-04-01,0.09,0.06,0.01,0.0,0.02,0.14,0.01,-0.04,0.04,-0.11,0.03,0.0,-0.01,-0.02,0.04,0.13,0.31,0.36,0.18,-0.02,-0.03,0.0,0.0,0.14,0.22,-0.01,0.0,0.07,-0.02,0.02,0.11,0.25,0.01,0.34,0.22,0.0,0.0,0.39,0.01,0.25,0.13,0.07,1.74,0.02,-0.01,0.01,0.5,0.52,0.38,0.05,0.0,0.01,-0.08,0.18,0.01,-0.01,0.03,0.02,0.02,0.25,0.02,0.01,0.03,-0.02,0.0,-0.01,0.01,-0.09,0.03,0.0,0.01,-0.01,-0.02,0.44,0.01,0.12,0.03,-0.03,0.0,0.07,0.01,0.11,0.14,0.04,0.03,-0.01,0.05,0.05,0.0,0.12,0.05,0.13,0.06,0.01,-0.12,-0.03,0.12,0.01,1.78,0.03,-0.02,0.01,-0.04,-0.03,0.0,0.03,0.0,0.08,-0.11,0.03,0.0,0.07
2018-07-01,-0.05,0.04,0.01,0.02,-0.01,-0.22,0.02,0.02,-0.03,-0.21,0.1,0.0,-0.02,-0.05,0.07,0.1,0.2,0.33,0.09,0.07,0.06,0.01,0.0,0.13,0.08,-0.02,0.01,-0.08,-0.08,0.02,-0.21,0.2,-0.05,-0.22,0.23,-0.01,0.0,0.2,0.06,0.14,0.12,0.05,1.5,0.01,0.0,-0.02,0.49,0.47,0.36,0.13,0.03,-0.04,-0.01,0.17,0.01,-0.02,0.03,0.06,-0.04,0.19,0.04,0.02,0.08,0.01,0.0,-0.03,0.0,-0.03,0.1,0.0,0.01,-0.02,0.02,-0.01,0.02,0.02,-0.01,-0.07,0.04,-0.06,0.01,0.22,0.06,0.0,0.05,0.0,-0.05,0.08,0.0,0.02,0.03,0.12,0.11,0.0,-0.07,-0.05,0.13,0.0,1.57,0.04,-0.02,0.01,-0.01,-0.02,0.01,0.02,0.0,0.11,-0.05,0.03,0.0,-0.16
2018-10-01,-0.01,0.11,0.03,0.01,0.01,0.04,0.01,-0.13,0.02,-0.05,0.08,0.0,0.06,0.05,0.12,-0.01,0.19,0.27,0.21,0.09,0.06,0.01,0.0,0.14,0.13,0.01,0.0,0.07,0.04,0.02,0.06,-0.27,0.0,-0.25,0.33,-0.01,0.0,0.36,0.06,0.26,0.16,0.03,1.66,0.02,0.05,0.09,0.5,0.59,0.37,0.08,0.0,-0.01,-0.04,0.21,0.02,-0.04,0.0,0.02,0.07,-0.27,0.04,0.01,0.05,0.06,0.0,-0.01,0.0,-0.03,0.04,0.0,0.01,0.07,-0.02,-0.2,0.01,0.1,-0.02,-0.1,0.01,-0.05,0.02,0.09,0.1,0.03,0.06,-0.01,-0.09,0.05,0.0,0.06,0.1,0.14,0.06,-0.01,-0.08,-0.05,0.12,0.0,1.77,0.04,-0.01,-0.01,-0.14,-0.05,0.01,0.06,0.0,0.15,-0.05,0.04,0.0,-0.02
2019-01-01,0.12,-0.03,0.03,0.01,0.0,-0.07,-0.01,-0.08,0.03,0.1,0.04,0.0,-0.02,0.02,0.1,-0.18,-0.01,-0.03,0.16,0.22,0.19,0.0,0.0,0.21,0.33,0.05,-0.06,0.08,0.07,0.01,-0.1,-0.84,-0.01,-0.54,0.29,0.01,0.0,0.23,0.04,0.2,0.16,0.01,1.26,0.04,0.0,0.02,0.51,0.53,0.38,-0.02,0.01,-0.03,-0.03,0.19,0.01,0.02,0.02,0.05,-0.02,-0.79,0.05,0.01,0.02,0.15,0.0,0.04,0.0,0.02,-0.04,0.0,0.01,0.09,0.04,-0.65,0.01,0.04,0.03,-0.05,-0.02,0.05,0.02,0.11,0.03,0.04,0.04,0.0,0.01,-0.04,0.0,-0.01,-0.02,0.2,0.09,0.01,-0.08,-0.01,0.13,0.0,1.36,0.06,-0.01,0.06,-0.09,-0.03,0.0,0.03,0.02,0.0,-0.13,0.01,0.0,-0.08
2019-04-01,0.07,0.01,-0.01,0.01,0.0,-0.04,0.01,-0.01,0.02,-0.22,0.05,0.0,0.0,-0.03,0.03,0.33,0.34,0.41,0.0,-0.06,-0.06,0.0,0.0,0.16,0.23,-0.04,0.04,-0.02,-0.01,0.03,-0.02,0.85,0.01,0.61,0.18,0.02,0.0,0.33,0.03,0.18,0.17,-0.02,1.62,0.03,0.0,-0.01,0.58,0.57,0.42,0.07,0.0,0.06,-0.07,0.16,0.02,0.01,0.03,0.03,-0.03,0.81,0.05,0.02,0.01,-0.06,0.0,-0.03,0.0,-0.1,0.04,0.0,0.01,-0.11,0.02,0.83,0.01,0.01,-0.01,0.07,-0.04,0.08,0.01,-0.04,0.16,0.03,0.01,0.0,0.03,0.1,0.01,-0.04,0.03,0.16,0.08,-0.01,-0.21,-0.02,0.15,0.0,1.65,0.03,0.02,-0.02,-0.02,-0.02,0.02,0.05,-0.01,0.04,-0.19,0.03,0.0,0.02
2019-07-01,-0.02,-0.01,0.03,0.02,-0.01,0.06,0.01,-0.01,0.04,-0.26,0.02,0.0,0.01,-0.02,0.13,0.1,0.07,0.16,-0.02,0.02,-0.01,0.01,0.0,0.15,0.13,-0.06,-0.01,-0.01,0.0,0.01,0.03,-0.34,0.01,-0.44,0.26,0.0,0.0,0.29,0.01,0.16,0.11,-0.03,1.28,0.04,-0.01,0.0,0.5,0.5,0.36,0.09,0.0,-0.02,0.0,0.13,0.01,0.02,0.04,-0.01,0.04,-0.32,0.04,-0.01,0.04,-0.06,0.0,-0.03,0.0,-0.06,0.03,0.0,0.04,-0.02,-0.04,-0.18,0.01,0.05,0.03,-0.03,0.0,0.08,0.01,0.13,0.13,0.04,0.06,0.01,-0.01,0.05,0.0,0.05,-0.02,0.15,0.04,0.0,-0.16,0.0,0.13,0.0,1.41,0.04,-0.03,0.01,-0.02,-0.02,-0.01,0.05,0.01,0.02,-0.13,0.02,0.0,0.0
2019-10-01,-0.08,0.07,-0.03,0.04,-0.01,-0.15,0.0,-0.04,0.02,-0.19,0.04,0.0,0.0,0.01,0.02,-0.07,-0.12,-0.05,-0.04,0.1,0.13,0.01,0.0,0.13,0.05,0.05,-0.01,-0.09,-0.02,0.03,-0.15,0.24,-0.03,0.18,0.3,-0.01,0.0,0.45,0.02,0.35,0.31,-0.03,1.38,-0.01,0.0,0.04,0.44,0.48,0.33,0.07,0.02,0.0,0.0,0.28,0.01,0.02,0.05,0.09,-0.02,0.24,0.04,0.02,0.07,0.04,0.0,0.01,0.0,0.05,0.05,0.0,0.01,0.04,-0.02,0.37,0.01,0.04,0.0,-0.02,0.03,0.19,0.02,0.14,0.11,0.05,0.06,0.0,0.15,0.03,0.0,0.01,0.06,0.13,0.18,0.01,-0.13,-0.05,0.11,0.0,1.4,0.05,0.0,0.05,-0.07,-0.04,0.01,0.04,-0.01,0.13,-0.19,0.03,0.0,-0.12
2020-01-01,0.01,-0.1,0.05,0.02,-0.01,-0.06,0.01,-0.02,0.01,-0.1,0.05,0.0,0.0,0.01,0.03,0.3,0.19,0.23,-0.1,0.25,0.21,0.0,0.0,0.19,0.19,-0.01,-0.06,0.04,0.03,0.01,-0.06,-0.51,0.01,-0.35,0.23,-0.01,0.0,0.3,0.03,0.23,0.16,0.01,1.56,0.02,0.04,0.04,0.51,0.54,0.38,0.04,0.01,-0.04,0.03,0.2,0.02,0.0,0.01,0.05,-0.02,-0.45,0.05,0.03,0.05,0.09,0.0,0.01,0.0,0.02,0.02,0.0,0.0,0.02,0.04,-0.25,0.01,0.08,-0.01,-0.08,0.0,0.07,0.01,0.25,0.07,0.03,0.06,0.0,0.06,0.03,0.0,0.06,-0.11,0.18,0.1,0.01,-0.15,-0.07,0.13,0.0,1.59,0.06,0.0,-0.01,-0.03,-0.03,-0.01,0.03,0.0,-0.06,-0.15,0.02,0.0,-0.03
2020-04-01,-0.29,-0.16,0.07,0.02,-0.03,-0.59,0.01,-0.07,0.05,-0.39,0.05,0.0,-0.01,-0.01,-0.05,-0.55,-0.54,-0.5,0.01,1.09,1.03,0.0,0.0,0.2,-0.1,-0.2,-0.13,0.02,-0.02,-0.03,-0.48,-1.99,-0.03,-1.85,0.33,-0.03,0.0,0.64,0.02,0.45,0.37,0.06,0.32,0.0,0.11,0.01,0.43,0.44,0.32,0.04,-0.05,-0.04,0.1,0.38,0.0,0.0,0.02,0.07,-0.14,-1.86,0.05,0.01,-0.08,-0.11,0.0,0.0,0.0,-0.1,0.03,0.0,0.0,-0.11,0.0,-1.46,0.01,0.08,-0.11,-0.05,-0.13,0.02,0.01,0.04,0.19,0.07,0.04,-0.01,-0.07,0.07,0.0,0.0,-0.2,0.2,0.07,0.0,-0.25,-0.06,0.11,0.0,0.27,0.12,-0.04,-0.03,-0.01,-0.02,0.01,0.03,0.01,-0.28,-0.19,0.02,0.0,-0.3
2020-07-01,0.03,-0.07,0.0,0.06,0.02,0.13,0.01,0.03,0.02,0.5,0.01,0.0,0.02,0.01,0.04,0.59,0.58,0.6,-0.01,-0.14,-0.15,0.01,0.0,0.24,0.27,0.03,0.04,0.19,0.05,0.03,0.09,0.71,0.01,1.33,0.28,-0.01,0.0,0.5,-0.01,0.37,0.33,0.11,1.91,0.04,0.07,0.04,0.32,0.37,0.24,0.02,0.0,0.04,0.0,0.24,0.01,-0.03,0.0,-0.11,0.03,0.67,0.03,0.0,0.08,0.29,0.0,-0.01,0.02,0.03,0.0,0.0,0.0,0.25,0.04,0.83,0.0,0.04,0.04,-0.02,0.05,0.13,0.01,0.18,0.13,0.05,0.03,0.01,-0.02,0.06,0.01,0.02,-0.08,0.24,-0.01,0.01,0.03,0.0,0.08,0.0,1.95,0.03,0.04,0.07,0.02,-0.02,0.0,0.06,0.02,0.0,-0.08,0.03,0.0,0.04
2020-10-01,-0.02,0.01,0.02,0.04,-0.02,0.03,0.01,-0.03,0.01,0.37,0.0,0.0,0.07,0.11,0.08,0.01,0.22,0.23,0.21,0.02,0.0,0.01,0.0,0.23,0.21,0.0,0.0,0.09,0.02,0.03,0.0,0.2,-0.03,0.45,0.26,0.01,0.0,0.25,-0.01,0.21,0.19,0.09,1.42,0.03,-0.06,0.14,0.23,0.37,0.18,0.01,0.01,0.02,0.0,0.18,0.01,0.01,0.02,0.06,-0.02,0.2,0.04,-0.02,0.13,0.4,0.0,0.04,0.01,0.0,0.01,0.0,-0.01,0.35,0.07,0.08,0.01,0.02,0.03,-0.08,0.09,-0.18,0.01,0.07,0.04,0.03,0.02,-0.02,-0.17,0.01,0.0,0.01,0.03,0.22,0.13,0.01,-0.04,0.02,0.05,0.0,1.5,0.03,0.04,0.02,-0.04,-0.05,-0.07,0.03,0.01,0.16,-0.1,0.03,0.0,0.03
2021-01-01,0.0,-0.01,0.01,0.01,-0.01,0.1,0.0,-0.04,0.02,0.2,0.02,0.0,0.02,0.08,0.27,0.52,0.81,0.68,0.3,0.12,0.1,0.01,0.0,0.22,0.22,-0.01,0.1,0.03,0.02,0.04,0.09,1.32,0.02,1.86,0.62,0.03,0.0,0.93,0.02,0.38,0.37,-0.01,2.45,0.05,0.01,0.11,0.31,0.41,0.25,-0.13,0.01,0.06,-0.01,0.35,0.01,-0.01,0.05,-0.06,0.05,1.22,0.05,0.02,0.03,0.0,0.0,0.06,0.01,-0.02,-0.04,0.0,-0.1,-0.03,0.02,1.66,0.01,0.01,0.01,0.01,-0.01,0.12,0.03,0.13,0.55,0.11,0.03,0.01,-0.09,0.43,0.01,0.01,0.02,0.22,0.02,-0.01,0.16,0.04,0.05,0.0,2.73,0.08,0.11,0.02,-0.05,-0.05,0.01,0.1,0.0,0.06,0.05,0.03,0.0,0.05
2021-04-01,0.23,0.14,0.03,0.03,0.01,0.16,0.0,-0.01,0.01,1.7,0.03,0.0,0.09,0.19,0.36,0.39,0.69,0.74,0.3,0.28,0.25,0.01,0.0,0.27,0.5,0.01,0.05,0.28,0.21,0.07,0.08,0.66,0.01,2.96,0.53,0.03,0.0,0.27,0.02,0.13,0.14,0.04,3.06,0.09,0.04,0.21,0.48,0.68,0.38,0.05,0.02,0.11,-0.04,0.17,0.01,0.02,0.01,0.09,0.02,0.61,0.04,0.04,0.28,1.17,0.01,0.1,0.01,-0.03,0.04,0.0,0.0,0.92,0.21,1.26,0.01,0.0,0.07,0.11,0.24,0.16,0.02,0.2,0.13,0.03,0.02,0.0,0.0,0.09,0.01,0.03,0.17,0.26,0.22,0.0,0.14,0.06,0.09,0.01,3.42,0.09,0.0,0.07,-0.03,-0.02,0.0,0.04,0.02,0.45,0.06,0.02,0.0,0.05
2021-07-01,0.26,0.15,0.05,0.04,0.01,0.09,0.02,0.03,0.03,1.16,0.05,0.0,0.07,0.14,0.35,0.06,0.41,0.49,0.34,0.55,0.5,0.01,0.0,0.46,0.72,0.02,0.03,0.21,0.13,0.06,0.08,0.6,-0.02,2.47,0.5,-0.01,0.0,0.23,0.02,0.13,0.1,0.07,2.82,0.03,0.02,0.17,0.56,0.73,0.44,0.09,0.02,0.01,-0.04,0.15,0.01,0.03,0.03,0.05,0.07,0.57,0.08,0.06,0.07,0.83,0.0,0.07,0.0,-0.02,0.03,0.0,0.04,0.39,0.39,1.31,0.01,0.03,0.01,0.05,-0.01,0.07,0.01,0.27,0.1,0.03,0.05,0.0,-0.04,0.04,0.01,0.05,0.14,0.45,0.17,0.0,0.06,0.02,0.12,0.01,3.16,0.09,0.03,0.05,0.0,0.0,0.01,0.04,0.03,0.2,-0.02,0.03,0.0,0.0
2021-10-01,0.08,0.01,-0.01,0.02,0.02,0.23,0.0,-0.01,0.02,1.13,0.04,0.0,0.14,0.25,0.46,0.07,0.35,0.39,0.27,0.71,0.72,0.01,0.0,0.49,0.57,-0.04,0.06,0.29,0.21,0.09,0.19,1.1,0.0,3.52,0.62,-0.02,0.0,0.26,0.03,0.11,0.09,0.04,2.79,0.02,0.06,0.27,0.74,1.01,0.56,0.04,0.02,-0.03,-0.03,0.16,0.03,0.02,0.02,0.07,0.1,1.04,0.09,0.1,0.12,0.8,0.0,0.11,0.0,-0.07,0.03,0.0,-0.01,0.4,0.3,2.39,0.01,0.02,0.04,-0.01,0.03,0.35,0.03,0.25,0.15,0.05,0.06,0.0,0.12,0.08,0.01,0.11,-0.02,0.47,0.2,0.0,0.05,0.05,0.16,0.02,3.24,0.09,0.03,0.05,-0.04,-0.02,0.02,0.1,0.03,0.1,-0.03,0.03,0.0,0.07
2022-01-01,0.01,0.16,0.05,0.04,0.02,0.23,-0.01,-0.01,0.03,1.07,0.02,0.0,0.19,0.23,0.2,-0.02,0.41,0.48,0.42,0.87,0.83,0.01,0.0,0.42,0.43,0.01,0.1,0.42,0.27,0.09,0.19,1.24,0.05,3.99,0.61,0.02,0.0,0.67,0.02,0.44,0.43,0.06,3.54,0.05,0.08,0.27,0.83,1.09,0.6,0.07,0.01,0.0,-0.04,0.41,0.03,0.03,0.06,0.02,0.05,1.14,0.07,0.09,0.13,0.56,0.01,0.04,0.01,-0.03,0.03,0.0,0.01,0.3,0.18,2.92,0.01,0.01,0.05,0.03,0.07,0.57,0.06,0.33,0.23,0.25,0.14,0.06,0.21,-0.05,0.01,0.1,0.18,0.41,0.21,0.0,0.06,0.12,0.2,0.02,3.74,0.07,0.09,0.02,-0.02,-0.02,0.02,0.04,0.04,0.32,-0.06,0.04,0.0,0.12
2022-04-01,0.1,0.54,0.06,0.08,0.0,0.07,0.0,-0.06,0.05,0.15,0.04,0.0,0.21,0.42,0.34,-0.27,0.16,0.25,0.43,1.1,1.03,0.02,0.0,0.4,0.51,0.13,0.23,0.2,0.11,0.1,0.04,1.77,0.03,3.52,0.52,0.02,0.0,0.23,0.02,0.16,0.12,0.02,3.7,0.04,0.09,0.45,1.0,1.45,0.74,0.09,0.01,0.02,-0.12,0.18,0.04,0.02,0.08,-0.04,0.01,1.55,0.1,0.07,0.23,0.01,0.0,0.21,-0.01,0.01,0.03,0.0,0.02,-0.17,0.11,3.37,0.02,0.04,0.03,0.0,0.13,0.43,0.04,0.29,0.07,0.03,0.07,0.08,0.03,0.0,0.02,0.12,0.55,0.39,0.18,0.0,-0.06,0.1,0.25,0.02,4.04,0.08,0.04,-0.02,-0.09,-0.06,0.02,0.05,0.04,0.79,-0.09,0.03,0.0,0.03
2022-07-01,-0.09,-0.04,0.06,0.0,0.0,0.08,0.02,-0.04,0.08,0.33,0.06,0.0,0.22,0.34,0.26,-0.4,0.12,0.25,0.52,0.97,0.91,0.01,0.0,0.52,0.42,0.01,-0.07,0.09,0.1,0.05,0.07,-1.09,0.02,0.85,0.6,0.01,0.0,0.53,0.03,0.42,0.32,-0.06,3.61,0.05,0.09,0.38,1.27,1.65,0.94,0.12,-0.02,0.04,0.01,0.34,0.03,0.02,0.07,0.08,-0.01,-1.03,0.23,0.05,0.28,0.15,0.0,0.12,0.0,0.02,0.03,0.0,0.06,-0.06,0.16,0.51,0.01,0.1,0.01,0.08,0.04,0.56,0.03,0.36,0.1,0.0,0.08,0.11,0.09,0.02,0.01,0.08,-0.03,0.5,0.16,0.0,0.02,0.14,0.32,0.01,3.87,0.11,-0.01,-0.01,-0.02,-0.02,0.03,0.05,0.03,0.25,0.03,0.04,0.0,0.07
2022-10-01,0.13,0.04,0.06,0.06,0.0,0.04,0.01,0.01,0.06,-0.16,0.04,0.0,0.08,0.01,0.35,-0.01,0.29,0.4,0.29,0.5,0.44,0.01,0.0,0.52,0.64,0.13,0.02,-0.06,-0.07,0.04,0.08,-0.57,-0.03,0.08,0.49,0.01,0.0,0.3,0.02,0.13,0.06,-0.01,3.58,-0.01,0.1,0.04,1.28,1.32,0.96,0.11,0.02,0.04,-0.03,0.14,0.03,0.03,0.0,0.1,0.01,-0.59,0.2,0.05,0.23,-0.01,0.0,-0.07,0.01,0.09,0.04,0.0,0.03,-0.21,0.15,0.25,0.01,0.07,-0.03,0.05,0.03,0.27,0.03,0.4,0.17,0.02,0.15,0.06,0.01,0.09,0.01,0.03,0.05,0.5,0.24,-0.01,-0.13,0.07,0.32,0.01,3.93,0.09,0.01,0.01,-0.02,-0.05,0.03,0.03,0.05,0.28,-0.16,0.03,0.0,0.07
2023-01-01,0.12,0.11,0.05,0.07,0.02,0.12,0.01,0.06,0.05,-0.05,0.05,0.0,0.07,0.06,0.3,0.12,0.05,0.24,-0.07,0.31,0.27,0.01,0.0,0.4,0.52,0.08,-0.12,0.05,0.04,0.04,0.11,-0.56,0.03,0.26,0.53,0.0,0.0,0.28,0.03,0.27,0.19,-0.04,3.38,0.0,0.02,0.11,1.25,1.36,0.94,0.19,0.05,0.05,-0.05,0.23,0.05,0.02,0.01,0.14,0.06,-0.44,0.15,0.01,0.2,-0.13,0.0,-0.01,0.01,0.03,0.06,0.0,0.08,-0.23,0.09,0.31,0.01,0.08,0.01,0.06,0.05,0.44,0.05,0.37,0.01,0.02,0.09,0.04,0.26,-0.06,0.01,0.07,0.11,0.39,0.31,0.0,-0.02,0.04,0.31,0.01,3.68,0.08,-0.03,0.05,0.0,-0.02,0.01,0.05,0.03,0.31,-0.05,0.05,0.0,0.03
2023-04-01,-0.01,-0.09,0.01,0.05,0.0,0.1,0.0,-0.03,0.03,-0.03,0.04,0.0,-0.03,-0.23,0.15,0.11,0.21,0.35,0.11,0.04,0.02,0.01,0.0,0.36,0.36,-0.05,-0.05,-0.14,-0.04,0.03,0.09,-0.26,-0.04,0.19,0.48,0.0,0.0,0.55,0.02,0.34,0.3,-0.06,2.58,0.09,0.02,-0.19,1.02,0.82,0.77,0.14,0.01,0.02,0.0,0.32,0.04,-0.01,0.03,-0.04,0.04,-0.21,0.09,0.01,0.06,0.24,0.01,-0.2,0.01,-0.05,0.03,0.01,0.06,0.22,0.01,0.22,0.02,0.04,0.01,0.03,-0.03,0.34,0.05,0.45,0.21,0.13,0.08,0.09,0.11,0.05,0.0,0.24,-0.1,0.35,0.09,0.0,-0.16,0.06,0.24,0.0,2.73,0.07,-0.01,-0.03,-0.05,-0.01,0.04,0.04,0.0,-0.03,-0.12,0.04,0.0,0.05
2023-07-01,-0.02,-0.05,0.02,0.02,0.0,0.04,0.01,-0.03,0.04,-0.49,0.04,0.0,0.02,0.0,0.23,0.34,0.24,0.38,-0.11,0.14,0.12,0.01,0.0,0.23,0.2,-0.14,0.05,-0.07,-0.05,0.03,0.03,0.46,0.0,0.17,0.41,0.03,0.0,0.31,0.01,0.18,0.12,-0.03,2.3,0.04,-0.02,0.04,0.89,0.93,0.68,0.15,0.02,-0.02,-0.01,0.19,0.04,0.0,-0.04,0.13,0.02,0.42,0.16,-0.04,0.17,-0.15,0.0,-0.01,0.0,-0.15,0.02,0.01,0.08,-0.13,0.01,0.66,0.02,0.07,0.01,-0.01,0.01,0.02,0.01,0.12,0.13,0.05,0.06,0.05,0.08,0.04,0.0,0.09,-0.01,0.22,0.19,0.0,-0.26,-0.09,0.21,0.0,2.53,0.07,-0.02,-0.01,-0.05,-0.01,0.02,0.03,0.0,0.15,-0.23,0.04,0.0,0.01
2023-10-01,-0.05,0.14,0.01,0.02,-0.01,-0.07,0.01,-0.03,0.05,-0.37,0.03,0.0,0.1,0.1,0.1,-0.17,-0.09,0.01,0.07,0.1,0.09,0.01,0.0,0.28,0.24,-0.1,0.0,-0.12,-0.05,0.03,-0.08,-0.32,-0.03,-0.51,0.38,-0.01,0.0,0.43,0.0,0.34,0.28,-0.04,2.06,0.0,-0.07,0.12,0.84,0.96,0.64,0.1,0.0,0.0,-0.01,0.28,0.06,0.0,0.04,0.12,-0.02,-0.32,0.04,-0.01,0.03,-0.04,0.0,0.0,0.0,-0.1,0.02,0.01,0.02,-0.05,0.02,-0.14,0.01,0.06,0.0,-0.04,-0.01,0.16,0.01,0.09,0.09,0.01,-0.01,0.0,0.11,0.03,0.01,0.13,0.13,0.28,0.17,0.0,-0.17,0.01,0.2,0.01,2.16,0.08,0.0,-0.01,-0.03,-0.04,0.0,0.07,0.0,0.15,-0.15,0.02,0.0,-0.05
2024-01-01,0.09,0.08,0.03,0.03,0.01,-0.02,0.0,0.05,0.04,-0.05,0.04,0.0,0.13,0.17,0.11,0.46,0.56,0.76,0.1,0.16,0.13,0.01,0.0,0.22,0.31,0.13,-0.03,-0.02,0.0,0.04,-0.02,-0.22,0.0,-0.16,0.46,-0.04,0.0,0.64,0.02,0.43,0.37,0.01,3.47,0.03,0.01,0.22,0.87,1.09,0.69,0.19,0.05,-0.04,-0.05,0.35,0.03,-0.01,0.0,0.09,0.02,-0.19,0.08,0.03,0.07,-0.09,0.0,0.05,0.0,0.08,0.11,0.01,0.05,-0.11,-0.01,-0.11,0.01,0.06,0.0,-0.06,-0.01,-0.03,0.05,0.37,0.21,0.06,0.09,0.02,-0.05,0.12,0.01,-0.02,0.03,0.22,0.21,-0.01,0.13,-0.04,0.18,0.01,3.58,0.1,0.0,0.0,-0.01,-0.01,0.0,0.03,-0.02,0.1,0.13,0.05,0.0,-0.05
2024-04-01,-0.03,-0.11,0.02,-0.02,-0.01,0.17,0.0,0.02,0.04,-0.28,0.04,0.0,0.02,-0.01,0.23,0.27,0.35,0.46,0.08,-0.03,-0.04,0.01,0.0,0.21,0.18,0.0,0.0,-0.14,-0.04,0.03,0.15,0.1,-0.07,0.23,0.42,0.02,0.0,0.32,0.02,0.21,0.19,-0.03,2.08,0.01,-0.02,0.02,0.76,0.78,0.59,0.12,0.03,0.06,0.01,0.19,0.03,-0.01,0.01,-0.03,0.04,0.1,0.08,0.0,0.09,-0.15,0.0,-0.02,0.0,0.01,0.04,0.01,0.04,-0.09,-0.07,0.51,0.02,0.02,0.01,0.05,0.01,0.27,0.03,0.32,0.1,-0.01,0.17,0.0,0.2,0.07,0.01,0.01,-0.09,0.21,0.01,0.0,-0.03,0.03,0.16,0.01,2.31,0.06,-0.01,-0.01,-0.01,-0.03,0.02,0.04,0.0,0.0,-0.02,0.02,0.0,0.12
2024-07-01,-0.02,0.03,0.03,0.05,0.0,-0.01,0.01,-0.02,0.02,-0.26,0.06,0.0,-0.03,-0.04,0.2,0.26,0.34,0.42,0.08,0.12,0.09,0.01,0.0,0.2,0.18,-0.15,-0.02,-0.04,-0.06,0.01,0.01,-0.47,0.01,-0.5,0.39,-0.01,0.0,0.26,0.03,0.13,0.14,0.02,1.84,0.05,-0.02,-0.01,0.71,0.7,0.54,0.08,-0.02,0.02,0.0,0.19,0.0,0.0,0.03,0.03,-0.02,-0.46,0.03,0.02,0.03,-0.16,0.0,-0.01,0.01,-0.14,0.04,0.01,0.04,-0.16,-0.03,-0.24,0.02,-0.01,-0.02,0.03,0.0,0.12,0.0,0.13,0.13,0.08,-0.01,0.0,0.04,0.03,0.0,0.12,0.02,0.2,0.1,0.01,-0.09,0.03,0.16,0.01,2.04,0.08,-0.03,-0.03,0.0,0.0,0.01,0.04,-0.01,0.04,-0.04,0.03,0.0,0.04
2024-10-01,0.05,0.17,0.0,-0.02,0.0,-0.02,0.0,-0.11,0.03,-0.01,0.05,0.01,0.05,0.07,0.12,0.22,0.37,0.45,0.15,0.2,0.2,0.01,0.0,0.22,0.27,-0.01,-0.03,0.0,0.01,0.03,-0.04,-0.22,0.01,-0.11,0.36,0.01,0.0,0.44,0.04,0.26,0.21,-0.02,2.37,0.02,0.02,0.1,0.64,0.75,0.51,0.08,-0.06,0.05,-0.06,0.24,0.02,0.0,0.02,0.11,0.02,-0.19,0.11,0.0,0.1,0.14,0.0,0.02,-0.01,-0.07,0.04,0.01,0.01,0.1,0.04,-0.1,0.01,0.06,0.02,0.05,-0.01,-0.06,0.03,0.02,0.18,0.06,0.05,0.0,-0.07,0.1,0.01,0.01,0.19,0.22,0.15,-0.02,-0.21,-0.07,0.13,0.01,2.49,0.07,-0.02,-0.01,-0.06,-0.02,0.01,0.04,0.0,0.29,-0.15,0.04,0.0,-0.06
