Date,Accommodations,Air transportation,Alcoholic beverages purchased for off-premises consumption,"Audio-video, photographic, and information processing equipment services",Children's and infants' clothing,Clothing and footwear,Commercial and vocational schools,Communication,Dental services,Durable goods,Education services,Educational books,Electricity,Electricity and gas,Final consumption expenditures of nonprofit institutions serving households (NPISHs),"Financial service charges, fees, and commissions",Financial services,Financial services and insurance,Financial services furnished without payment,Food and beverages purchased for off-premises consumption,Food and nonalcoholic beverages purchased for off-premises consumption,Food furnished to employees (including military),Food produced and consumed on farms,Food services,Food services and accommodations,Foreign travel by U.S. residents,Fuel oil and other fuels,Furnishings and durable household equipment,Furniture and furnishings,Gambling,Garments,Gasoline and other energy goods,"Glassware, tableware, and household utensils",Goods,Gross output of nonprofit institutions,Ground transportation,Group housing,Health care,Higher education,Hospital and nursing home services,Hospitals,Household appliances,Household consumption expenditures (for services),Household maintenance,Household supplies,Household utilities,Housing,Housing and utilities,Imputed rental of owner-occupied nonfarm housing,Insurance,Internet access,Jewelry and watches,Less: Expenditures in the United States by nonresidents,Less: Receipts from sales of goods and services by nonprofit institutions,Life insurance,Luggage and similar personal items,"Magazines, newspapers, and stationery","Membership clubs, sports centers, parks, theaters, and museums",Men's and boys' clothing,"Motor vehicle fuels, lubricants, and fluids",Motor vehicle maintenance and repair,Motor vehicle parts and accessories,Motor vehicle services,Motor vehicles and parts,Musical instruments,Natural gas,Net health insurance,Net household insurance,Net motor vehicle and other transportation insurance,Net purchases of used motor vehicles,New motor vehicles,Nondurable goods,"Nursery, elementary, and secondary schools",Nursing homes,Other clothing materials and footwear,Other durable goods,Other motor vehicle services,Other nondurable goods,Other recreational services,Other services,Outpatient services,Paramedical services,Personal care and clothing services,Personal care products,Personal consumption expenditures,Pharmaceutical and other medical products,Physician services,Postal and delivery services,Professional and other services,Public transportation,Purchased meals and beverages,Recreation services,Recreational books,Recreational goods and vehicles,Recreational items,Rental of tenant-occupied nonfarm housing,Rental value of farm dwellings,Services,Social services and religious activities,"Sporting equipment, supplies, guns, and ammunition",Sports and recreational vehicles,Telecommunication services,Telephone and related communication equipment,Therapeutic appliances and equipment,Tobacco,Tools and equipment for house and garden,Transportation services,"Video, audio, photographic, and information processing equipment and media",Water supply and sanitation,Water transportation,Women's and girls' clothing
1947-04-01,,,,,,-4.7,,,,8.6,,,,,,,,,,8.2,,,,,,,,12.6,,,,14.3,,7.4,,,,,,,,,,,,,,,,,,,,,,,,,,,,,,7.3,,,,,,,,7.0,,,,-1.9,,18.0,,,,,,,6.8,,,,,,,,,8.7,,,,5.9,,,,,,,,,,,,,
1947-07-01,,,,,,6.7,,,,5.8,,,,,,,,,,-1.6,,,,,,,,20.4,,,,4.2,,2.7,,,,,,,,,,,,,,,,,,,,,,,,,,,,,,-20.0,,,,,,,,1.9,,,,13.8,,5.1,,,,,,,1.3,,,,,,,,,17.5,,,,-0.8,,,,,,,,,,,,,
1947-10-01,,,,,,-0.4,,,,28.5,,,,,,,,,,-9.6,,,,,,,,21.1,,,,-1.0,,1.5,,,,,,,,,,,,,,,,,,,,,,,,,,,,,,68.1,,,,,,,,-5.1,,,,1.5,,0.5,,,,,,,0.1,,,,,,,,,9.8,,,,-2.1,,,,,,,,,,,,,
1948-01-01,,,,,,-3.7,,,,-1.9,,,,,,,,,,0.8,,,,,,,,-15.6,,,,9.5,,0.6,,,,,,,,,,,,,,,,,,,,,,,,,,,,,,29.2,,,,,,,,1.3,,,,-1.0,,5.8,,,,,,,2.0,,,,,,,,,-18.6,,,,4.3,,,,,,,,,,,,,
1948-04-01,,,,,,2.5,,,,2.7,,,,,,,,,,7.0,,,,,,,,23.3,,,,0.9,,3.7,,,,,,,,,,,,,,,,,,,,,,,,,,,,,,-20.8,,,,,,,,4.0,,,,1.0,,-1.5,,,,,,,4.7,,,,,,,,,8.4,,,,6.4,,,,,,,,,,,,,
1948-07-01,,,,,,3.8,,,,6.8,,,,,,,,,,-8.7,,,,,,,,7.8,,,,4.1,,-0.4,,,,,,,,,,,,,,,,,,,,,,,,,,,,,,11.9,,,,,,,,-2.4,,,,1.7,,5.7,,,,,,,0.6,,,,,,,,,-3.1,,,,2.1,,,,,,,,,,,,,
1948-10-01,,,,,,9.3,,,,-5.6,,,,,,,,,,7.6,,,,,,,,-22.3,,,,-4.5,,2.7,,,,,,,,,,,,,,,,,,,,,,,,,,,,,,25.6,,,,,,,,5.3,,,,1.2,,-0.5,,,,,,,3.2,,,,,,,,,-19.3,,,,4.1,,,,,,,,,,,,,
1949-01-01,,,,,,0.6,,,,-7.1,,,,,,,,,,0.4,,,,,,,,-27.3,,,,-3.5,,-0.6,,,,,,,,,,,,,,,,,,,,,,,,,,,,,,16.9,,,,,,,,1.6,,,,-9.7,,9.7,,,,,,,0.6,,,,,,,,,8.7,,,,2.6,,,,,,,,,,,,,
1949-04-01,,,,,,-4.9,,,,39.5,,,,,,,,,,0.0,,,,,,,,10.6,,,,6.1,,9.1,,,,,,,,,,,,,,,,,,,,,,,,,,,,,,117.7,,,,,,,,1.1,,,,-1.9,,10.6,,,,,,,6.3,,,,,,,,,-3.3,,,,2.1,,,,,,,,,,,,,
1949-07-01,,,,,,-13.8,,,,20.5,,,,,,,,,,-1.8,,,,,,,,39.1,,,,0.2,,2.0,,,,,,,,,,,,,,,,,,,,,,,,,,,,,,13.9,,,,,,,,-3.4,,,,-3.9,,4.3,,,,,,,0.9,,,,,,,,,15.9,,,,-0.8,,,,,,,,,,,,,
1949-10-01,,,,,,16.6,,,,16.9,,,,,,,,,,-0.2,,,,,,,,37.0,,,,4.8,,9.3,,,,,,,,,,,,,,,,,,,,,,,,,,,,,,1.5,,,,,,,,6.7,,,,8.2,,16.3,,,,,,,6.0,,,,,,,,,20.8,,,,1.2,,,,,,,,,,,,,
1950-01-01,,,,,,-0.7,,,,16.2,,,,,,,,,,9.3,,,,,,,,-7.0,,,,2.1,,8.0,,,,,,,,,,,,,,,,,,,,,,,,,,,,,,32.5,,,,,,,,5.2,,,,1.6,,3.8,,,,,,,6.9,,,,,,,,,65.7,,,,5.1,,,,,,,,,,,,,
1950-04-01,,,,,,7.1,,,,3.4,,,,,,,,,,1.7,,,,,,,,-12.8,,,,16.0,,4.4,,,,,,,,,,,,,,,,,,,,,,,,,,,,,,20.2,,,,,,,,4.7,,,,6.9,,3.9,,,,,,,6.7,,,,,,,,,-1.3,,,,10.5,,,,,,,,,,,,,
1950-07-01,,,,,,15.5,,,,134.2,,,,,,,,,,0.8,,,,,,,,184.4,,,,8.0,,33.5,,,,,,,,,,,,,,,,,,,,,,,,,,,,,,127.3,,,,,,,,7.1,,,,26.9,,14.2,,,,,,,22.2,,,,,,,,,127.3,,,,6.3,,,,,,,,,,,,,
1950-10-01,,,,,,-16.6,,,,-41.1,,,,,,,,,,-4.0,,,,,,,,-57.9,,,,-9.3,,-19.5,,,,,,,,,,,,,,,,,,,,,,,,,,,,,,-26.1,,,,,,,,-8.6,,,,-13.8,,-9.9,,,,,,,-11.5,,,,,,,,,-42.0,,,,2.6,,,,,,,,,,,,,
1951-01-01,,,,,,8.7,,,,13.2,,,,,,,,,,2.2,,,,,,,,57.9,,,,16.8,,9.1,,,,,,,,,,,,,,,,,,,,,,,,,,,,,,-14.5,,,,,,,,7.5,,,,9.4,,16.3,,,,,,,10.0,,,,,,,,,13.3,,,,11.4,,,,,,,,,,,,,
1951-04-01,,,,,,-13.9,,,,-46.2,,,,,,,,,,-1.0,,,,,,,,-52.5,,,,-2.9,,-18.8,,,,,,,,,,,,,,,,,,,,,,,,,,,,,,-50.3,,,,,,,,-5.7,,,,-6.2,,-9.6,,,,,,,-10.8,,,,,,,,,-33.9,,,,2.8,,,,,,,,,,,,,
1951-07-01,,,,,,8.7,,,,-7.1,,,,,,,,,,7.3,,,,,,,,8.2,,,,10.7,,4.5,,,,,,,,,,,,,,,,,,,,,,,,,,,,,,-28.7,,,,,,,,8.7,,,,6.7,,11.3,,,,,,,4.7,,,,,,,,,14.4,,,,5.1,,,,,,,,,,,,,
1951-10-01,,,,,,5.7,,,,-1.2,,,,,,,,,,-2.6,,,,,,,,13.8,,,,8.8,,3.3,,,,,,,,,,,,,,,,,,,,,,,,,,,,,,-24.1,,,,,,,,4.8,,,,13.1,,23.6,,,,,,,2.3,,,,,,,,,18.3,,,,1.0,,,,,,,,,,,,,
1952-01-01,,,,,,-3.0,,,,2.3,,,,,,,,,,-2.1,,,,,,,,-3.0,,,,-1.6,,-1.9,,,,,,,,,,,,,,,,,,,,,,,,,,,,,,5.0,,,,,,,,-3.3,,,,2.8,,-7.5,,,,,,,0.9,,,,,,,,,13.3,,,,5.2,,,,,,,,,,,,,
1952-04-01,,,,,,15.0,,,,8.0,,,,,,,,,,11.4,,,,,,,,-0.2,,,,4.6,,9.2,,,,,,,,,,,,,,,,,,,,,,,,,,,,,,18.0,,,,,,,,9.6,,,,9.9,,1.8,,,,,,,8.1,,,,,,,,,6.3,,,,6.3,,,,,,,,,,,,,
1952-07-01,,,,,,12.7,,,,-21.7,,,,,,,,,,5.6,,,,,,,,4.6,,,,6.2,,-0.4,,,,,,,,,,,,,,,,,,,,,,,,,,,,,,-55.2,,,,,,,,7.2,,,,8.7,,6.1,,,,,,,1.9,,,,,,,,,6.2,,,,5.4,,,,,,,,,,,,,
1952-10-01,,,,,,9.0,,,,89.0,,,,,,,,,,3.1,,,,,,,,23.2,,,,4.9,,21.8,,,,,,,,,,,,,,,,,,,,,,,,,,,,,,319.9,,,,,,,,6.0,,,,14.7,,11.0,,,,,,,14.9,,,,,,,,,23.2,,,,5.8,,,,,,,,,,,,,
1953-01-01,,,,,,-13.2,,,,14.1,,,,,,,,,,8.7,,,,,,,,-8.8,,,,1.4,,5.4,,,,,,,,,,,,,,,,,,,,,,,,,,,,,,41.7,,,,,,,,2.5,,,,0.5,,7.2,,,,,,,4.8,,,,,,,,,20.6,,,,4.0,,,,,,,,,,,,,
1953-04-01,,,,,,10.1,,,,-2.3,,,,,,,,,,0.5,,,,,,,,4.8,,,,-1.3,,0.7,,,,,,,,,,,,,,,,,,,,,,,,,,,,,,-8.6,,,,,,,,1.8,,,,-4.0,,-1.8,,,,,,,2.4,,,,,,,,,0.0,,,,4.8,,,,,,,,,,,,,
1953-07-01,,,,,,-7.4,,,,-2.5,,,,,,,,,,-2.8,,,,,,,,-0.7,,,,4.5,,-3.3,,,,,,,,,,,,,,,,,,,,,,,,,,,,,,-4.0,,,,,,,,-3.6,,,,-4.7,,-5.9,,,,,,,-0.9,,,,,,,,,-1.1,,,,2.4,,,,,,,,,,,,,
1953-10-01,,,,,,-5.5,,,,-10.7,,,,,,,,,,0.1,,,,,,,,1.0,,,,-0.9,,-2.4,,,,,,,,,,,,,,,,,,,,,,,,,,,,,,-26.0,,,,,,,,0.6,,,,-2.8,,10.4,,,,,,,-2.7,,,,,,,,,1.1,,,,-3.0,,,,,,,,,,,,,
1954-01-01,,,,,,4.8,,,,-11.8,,,,,,,,,,7.1,,,,,,,,-7.9,,,,2.2,,-0.3,,,,,,,,,,,,,,,,,,,,,,,,,,,,,,-23.1,,,,,,,,3.9,,,,-5.6,,-4.0,,,,,,,1.5,,,,,,,,,7.8,,,,3.8,,,,,,,,,,,,,
1954-04-01,,,,,,0.0,,,,20.7,,,,,,,,,,-1.3,,,,,,,,-0.8,,,,1.2,,4.0,,,,,,,,,,,,,,,,,,,,,,,,,,,,,,51.6,,,,,,,,-1.1,,,,19.5,,-3.0,,,,,,,5.3,,,,,,,,,12.2,,,,7.1,,,,,,,,,,,,,
1954-07-01,,,,,,-1.5,,,,1.8,,,,,,,,,,9.0,,,,,,,,6.0,,,,8.5,,4.3,,,,,,,,,,,,,,,,,,,,,,,,,,,,,,-12.9,,,,,,,,5.1,,,,23.8,,0.9,,,,,,,5.5,,,,,,,,,18.7,,,,7.1,,,,,,,,,,,,,
1954-10-01,,,,,,9.2,,,,27.0,,,,,,,,,,6.7,,,,,,,,18.5,,,,11.0,,11.6,,,,,,,,,,,,,,,,,,,,,,,,,,,,,,46.7,,,,,,,,6.9,,,,8.4,,2.7,,,,,,,8.6,,,,,,,,,16.7,,,,4.9,,,,,,,,,,,,,
1955-01-01,,,,,,4.7,,,,41.1,,,,,,,,,,2.4,,,,,,,,23.9,,,,6.6,,12.9,,,,,,,,,,,,,,,,,,,,,,,,,,,,,,92.9,,,,,,,,4.2,,,,-10.4,,7.1,,,,,,,9.3,,,,,,,,,9.8,,,,4.7,,,,,,,,,,,,,
1955-04-01,,,,,,11.4,,,,23.5,,,,,,,,,,6.3,,,,,,,,5.2,,,,10.1,,11.7,,,,,,,,,,,,,,,,,,,,,,,,,,,,,,45.9,,,,,,,,7.6,,,,16.2,,5.2,,,,,,,7.9,,,,,,,,,12.6,,,,3.0,,,,,,,,,,,,,
1955-07-01,,,,,,-3.3,,,,13.6,,,,,,,,,,3.2,,,,,,,,15.7,,,,4.2,,5.7,,,,,,,,,,,,,,,,,,,,,,,,,,,,,,15.0,,,,,,,,2.7,,,,1.8,,7.5,,,,,,,5.0,,,,,,,,,11.2,,,,4.1,,,,,,,,,,,,,
1955-10-01,,,,,,8.8,,,,-10.2,,,,,,,,,,6.1,,,,,,,,-0.4,,,,11.4,,2.9,,,,,,,,,,,,,,,,,,,,,,,,,,,,,,-25.3,,,,,,,,8.4,,,,15.3,,11.9,,,,,,,5.1,,,,,,,,,7.2,,,,8.2,,,,,,,,,,,,,
1956-01-01,,,,,,0.2,,,,-17.0,,,,,,,,,,6.2,,,,,,,,5.2,,,,4.0,,-1.8,,,,,,,,,,,,,,,,,,,,,,,,,,,,,,-38.0,,,,,,,,4.6,,,,-7.0,,5.8,,,,,,,0.7,,,,,,,,,0.0,,,,3.9,,,,,,,,,,,,,
1956-04-01,,,,,,1.5,,,,0.5,,,,,,,,,,-1.8,,,,,,,,13.1,,,,0.8,,-0.6,,,,,,,,,,,,,,,,,,,,,,,,,,,,,,-13.9,,,,,,,,-1.0,,,,5.7,,-2.7,,,,,,,1.4,,,,,,,,,9.8,,,,3.9,,,,,,,,,,,,,
1956-07-01,,,,,,3.8,,,,-6.8,,,,,,,,,,0.1,,,,,,,,-7.2,,,,-4.8,,-1.7,,,,,,,,,,,,,,,,,,,,,,,,,,,,,,-12.6,,,,,,,,0.3,,,,8.7,,0.1,,,,,,,0.9,,,,,,,,,0.0,,,,4.3,,,,,,,,,,,,,
1956-10-01,,,,,,-0.5,,,,13.5,,,,,,,,,,3.3,,,,,,,,1.1,,,,9.1,,5.9,,,,,,,,,,,,,,,,,,,,,,,,,,,,,,32.3,,,,,,,,3.2,,,,8.1,,3.9,,,,,,,5.6,,,,,,,,,3.4,,,,5.3,,,,,,,,,,,,,
1957-01-01,,,,,,-4.9,,,,7.6,,,,,,,,,,3.0,,,,,,,,-3.8,,,,5.6,,3.8,,,,,,,,,,,,,,,,,,,,,,,,,,,,,,30.0,,,,,,,,2.4,,,,-10.2,,7.5,,,,,,,2.8,,,,,,,,,-8.1,,,,1.6,,,,,,,,,,,,,
1957-04-01,,,,,,-1.7,,,,-9.2,,,,,,,,,,3.9,,,,,,,,-0.7,,,,-4.7,,-1.5,,,,,,,,,,,,,,,,,,,,,,,,,,,,,,-15.5,,,,,,,,1.5,,,,-9.8,,3.1,,,,,,,0.7,,,,,,,,,-8.2,,,,3.5,,,,,,,,,,,,,
1957-07-01,,,,,,8.8,,,,-2.7,,,,,,,,,,3.8,,,,,,,,-2.2,,,,8.0,,3.4,,,,,,,,,,,,,,,,,,,,,,,,,,,,,,-11.5,,,,,,,,5.7,,,,25.2,,5.6,,,,,,,3.2,,,,,,,,,6.2,,,,2.9,,,,,,,,,,,,,
1957-10-01,,,,,,-9.8,,,,-4.6,,,,,,,,,,-1.0,,,,,,,,-9.0,,,,-1.0,,-3.1,,,,,,,,,,,,,,,,,,,,,,,,,,,,,,1.0,,,,,,,,-2.6,,,,-3.1,,0.1,,,,,,,0.2,,,,,,,,,-9.9,,,,4.4,,,,,,,,,,,,,
1958-01-01,,,,,,-3.9,,,,-24.0,,,,,,,,,,-3.0,,,,,,,,0.1,,,,2.3,,-9.2,,,,,,,,,,,,,,,,,,,,,,,,,,,,,,-49.4,,,,,,,,-3.5,,,,-7.1,,-8.1,,,,,,,-5.4,,,,,,,,,1.8,,,,-0.6,,,,,,,,,,,,,
1958-04-01,,,,,,7.9,,,,-6.0,,,,,,,,,,-0.5,,,,,,,,-6.5,,,,12.5,,1.2,,,,,,,,,,,,,,,,,,,,,,,,,,,,,,-5.6,,,,,,,,3.7,,,,-2.4,,5.2,,,,,,,3.4,,,,,,,,,-8.5,,,,6.0,,,,,,,,,,,,,
1958-07-01,,,,,,9.3,,,,8.5,,,,,,,,,,3.7,,,,,,,,14.5,,,,7.3,,7.8,,,,,,,,,,,,,,,,,,,,,,,,,,,,,,0.3,,,,,,,,7.5,,,,11.1,,15.8,,,,,,,6.8,,,,,,,,,15.1,,,,5.7,,,,,,,,,,,,,
1958-10-01,,,,,,7.1,,,,15.5,,,,,,,,,,4.9,,,,,,,,6.2,,,,3.6,,7.9,,,,,,,,,,,,,,,,,,,,,,,,,,,,,,28.9,,,,,,,,5.6,,,,8.1,,7.1,,,,,,,5.5,,,,,,,,,12.7,,,,2.7,,,,,,,,,,,,,
1959-01-01,,,,,,1.5,,,,23.6,,,,,,,,,,7.5,,,,,,,,7.9,,,,0.7,,9.6,,,,,,,,,,,,,,,,,,,,,,,,,,,,,,47.7,,,,,,,,5.3,,,,-5.8,,6.7,,,,,,,7.5,,,,,,,,,26.6,,,,5.1,,,,,,,,,,,,,
1959-04-01,14.9,19.7,-3.2,22.0,6.5,10.7,28.3,1.6,-1.0,15.9,21.2,8.0,4.1,-2.8,-1.9,2.5,19.1,14.3,32.7,2.4,3.6,-6.3,-6.6,4.9,5.4,-5.1,-9.5,9.0,9.9,13.7,12.2,0.8,2.4,6.5,-9.4,-1.7,-9.7,3.1,10.6,5.5,5.8,11.0,6.3,15.5,15.3,-0.7,5.2,4.0,6.3,5.2,,0.0,-32.4,-13.2,-9.3,5.2,-2.2,4.9,22.2,3.4,7.9,8.2,8.4,27.1,8.7,-12.9,10.4,34.7,28.4,87.8,21.8,3.4,34.5,-1.4,3.2,7.8,12.2,0.1,19.4,9.2,1.9,13.4,3.1,0.0,6.3,10.3,0.8,-6.7,3.4,1.8,5.8,10.0,9.1,7.3,-9.1,3.9,-0.5,6.1,27.6,-2.8,-3.9,2.8,0.0,29.1,-5.3,6.7,6.1,11.4,14.0,14.9,6.8
1959-07-01,18.9,17.8,4.4,-6.3,-0.1,-2.7,8.2,5.1,-1.9,8.0,9.0,-1.1,5.3,10.9,-1.9,-14.0,5.0,8.2,20.4,2.4,2.1,1.6,12.0,8.4,8.9,10.7,-2.3,2.0,-2.8,13.7,-1.8,-1.4,-2.9,3.2,-8.1,6.1,-32.6,1.5,7.7,-1.4,-2.6,13.6,5.7,-8.6,3.2,11.8,6.6,7.4,8.3,7.8,,4.7,52.1,-11.3,-1.4,-0.5,17.2,4.4,-1.8,-1.9,8.1,39.4,8.6,16.8,1.0,20.6,11.6,26.6,19.7,-32.1,26.3,1.5,11.6,23.1,-6.9,1.7,12.0,5.7,23.6,0.7,3.9,20.0,0.4,4.5,4.2,10.5,2.8,5.9,3.6,8.2,8.9,2.7,-1.6,0.8,9.6,5.1,0.4,5.5,12.9,0.7,-1.8,5.1,0.0,-2.7,-2.4,10.1,8.6,0.0,17.6,41.6,-1.9
1959-10-01,10.4,14.1,-1.7,-0.8,7.4,3.9,-0.1,7.1,-1.0,-17.8,2.3,21.1,6.6,3.5,11.5,6.8,8.4,7.9,9.4,2.7,3.0,-2.1,13.2,4.3,4.6,11.4,-11.1,2.1,1.1,10.8,4.4,0.0,0.7,-3.2,0.1,-1.6,-14.6,-1.1,4.4,-6.7,-8.7,4.0,4.7,-1.9,5.6,5.1,5.9,5.8,7.0,7.1,,7.2,-3.5,-5.5,4.1,4.3,-9.7,5.8,4.2,3.9,6.9,-1.2,7.3,-39.9,-4.3,-1.2,8.3,20.8,9.9,89.2,-57.1,2.5,0.5,35.4,1.6,7.0,11.0,2.3,15.6,4.2,3.2,16.7,4.4,4.9,0.5,4.4,2.0,13.1,2.9,1.2,4.7,4.9,18.9,1.6,3.7,4.4,4.1,4.9,5.9,3.2,-2.3,6.1,29.5,5.1,9.6,8.3,5.0,-5.2,15.4,4.2,4.5
1960-01-01,8.8,-6.1,-2.4,25.1,6.7,1.2,-1.6,4.7,1.8,13.5,5.9,-4.7,12.2,10.2,28.3,-26.6,-9.8,-0.4,2.7,-1.4,-0.9,-10.6,-19.0,-7.3,-6.4,33.3,10.1,-6.5,-1.0,8.1,1.2,3.4,-13.0,4.1,19.4,3.4,-1.8,5.6,-4.6,7.5,0.1,-14.8,3.0,0.1,0.9,10.2,4.6,5.6,5.2,9.3,,-9.5,1.5,15.1,17.3,-0.3,-1.3,3.5,1.1,1.8,2.6,4.7,2.8,48.7,1.3,7.2,6.1,16.7,-0.4,-72.2,121.7,1.0,29.5,214.2,1.6,-6.4,4.4,5.2,5.4,4.1,4.0,14.5,-1.3,16.3,3.9,14.8,2.5,-7.9,3.9,1.5,-7.1,9.6,-2.7,-5.3,6.5,3.6,3.2,3.7,-4.1,1.0,-20.2,6.8,0.0,-6.6,0.6,-1.7,2.3,0.0,9.8,-15.5,1.2
1960-04-01,-1.3,-0.9,6.0,6.1,12.6,2.8,0.8,6.3,6.2,9.4,4.5,13.8,2.7,3.6,14.2,13.6,7.0,5.0,3.1,2.5,3.0,3.3,-32.1,6.6,6.2,19.6,-13.7,3.6,0.4,1.6,2.6,9.7,2.1,5.7,9.6,-3.2,3.9,2.9,14.5,-5.3,-10.2,9.3,4.2,7.8,9.2,3.8,4.0,4.0,4.6,4.8,,3.6,-2.8,7.4,14.2,12.5,17.3,4.7,-1.7,19.0,3.5,10.9,3.1,16.1,7.7,5.2,-1.1,14.0,-5.4,195.4,-0.8,4.4,-6.7,83.4,4.1,7.1,0.1,7.7,-2.4,4.7,9.3,10.0,-5.2,17.0,5.1,6.4,10.2,-0.2,7.8,-2.8,6.9,4.6,13.8,5.6,17.0,3.4,-0.4,4.5,-3.2,17.4,-17.0,7.3,0.0,6.5,-3.1,12.6,0.8,5.5,5.1,-19.8,5.0
1960-07-01,2.5,26.8,-0.2,5.5,1.0,-6.3,-1.6,7.5,3.9,-3.1,5.2,-10.1,-1.8,-1.2,5.4,-2.7,-2.7,0.8,-2.7,-2.4,-2.7,2.4,1.4,-5.6,-5.2,-14.5,-4.8,-11.5,-13.4,3.2,-7.2,-6.7,0.6,-2.6,-6.8,-10.4,16.0,-10.0,13.8,-12.9,-16.3,-14.0,-0.7,1.0,2.7,-0.5,5.1,4.1,5.4,4.3,,-3.5,26.8,-12.4,11.4,-8.6,-8.4,-0.5,-12.7,-7.2,4.5,-2.0,4.0,7.6,-12.6,-0.2,-2.9,12.1,-1.8,-17.7,14.6,-2.3,-2.6,34.6,-2.5,-6.2,0.3,4.6,-1.0,-2.8,-7.8,6.7,0.7,7.5,-1.6,9.9,-14.6,17.6,-14.3,-3.8,-6.1,1.5,-11.0,-11.1,4.1,6.2,-6.3,-0.5,-5.1,-1.6,-15.7,6.0,0.0,-7.2,8.9,-1.3,1.0,-15.1,3.6,-13.0,-4.1
1960-10-01,-1.6,3.5,1.4,7.7,1.7,-1.5,-1.7,7.0,6.4,-9.6,5.1,3.5,6.4,9.7,-2.9,-11.2,-4.0,-2.5,0.8,-0.8,-0.7,1.9,-16.8,0.6,0.5,-6.1,6.0,-1.9,-1.0,0.9,1.2,0.1,-0.3,-2.4,5.7,-5.7,-3.3,8.6,7.7,9.1,5.9,-5.0,4.2,-0.8,9.2,8.7,6.4,6.8,7.4,-1.3,,-7.3,-9.3,10.5,0.0,3.3,1.3,2.9,2.6,-1.7,3.7,3.3,3.6,-20.5,1.1,14.7,-6.1,10.9,-0.1,16.6,-29.5,0.3,5.4,46.9,-11.5,-0.5,2.7,4.7,2.9,3.5,8.2,9.5,1.2,14.0,0.5,16.1,8.6,4.8,11.0,-3.9,0.6,3.9,1.7,3.2,10.9,6.5,-6.5,3.9,-3.7,11.4,6.5,7.3,0.0,9.0,-4.0,2.1,0.8,0.0,2.7,-9.1,0.4
1961-01-01,0.2,-16.2,1.7,4.5,15.0,3.7,-8.4,6.1,3.7,-20.2,-1.7,11.8,2.0,-2.9,-8.0,160.8,53.8,19.5,7.5,3.4,3.6,8.5,1.0,3.4,3.2,8.5,-18.3,-0.5,-6.0,6.2,3.6,-4.8,-0.7,-3.7,-2.0,-2.1,3.8,4.3,-13.0,12.3,11.5,11.3,4.4,3.3,12.5,-1.9,4.4,3.3,4.3,-2.4,,-4.7,-8.1,1.1,-9.2,9.6,-9.7,3.4,2.1,-0.3,1.7,3.5,2.0,-42.5,4.5,-9.9,2.9,9.9,5.2,9.8,-56.0,2.4,22.7,20.2,3.8,-1.0,4.3,3.2,4.6,2.7,-1.4,11.5,8.4,4.7,-0.1,7.1,-6.0,0.6,-11.1,-5.3,3.0,4.0,11.9,2.4,-13.7,5.1,0.4,4.0,2.8,7.1,-28.8,6.8,0.0,-10.6,7.9,0.5,-0.7,5.7,4.4,10.0,4.3
1961-04-01,7.6,27.5,-0.6,3.3,9.9,4.2,-13.8,5.3,1.5,8.5,24.9,12.8,13.8,22.4,14.1,5.9,3.8,10.0,2.2,4.5,4.7,-0.7,23.5,-3.7,-3.1,-8.4,14.4,5.5,10.0,9.3,4.0,10.7,-4.2,6.2,20.1,-5.6,-4.1,11.7,50.8,10.5,10.6,2.1,5.7,-20.9,7.7,19.9,3.5,6.2,3.2,14.9,,2.2,4.4,23.2,20.2,8.1,-15.5,3.5,4.6,9.4,2.4,12.2,3.3,11.5,20.7,36.3,13.8,9.2,7.6,-47.3,32.5,5.5,14.6,9.2,5.0,4.8,10.0,6.1,22.5,7.4,12.8,13.9,2.8,10.3,6.1,17.0,16.9,3.3,53.6,0.8,-3.9,4.7,11.3,11.4,13.9,3.9,6.8,6.0,11.0,2.5,-7.7,5.6,27.4,2.9,9.4,-1.8,2.4,17.5,5.7,49.6,3.5
1961-07-01,6.2,4.3,-5.0,8.0,6.6,3.3,-13.8,5.5,3.5,10.2,-6.0,10.4,0.3,-3.8,4.6,-37.9,-18.1,-10.4,0.0,-0.8,-0.3,5.1,0.4,-1.2,-0.8,8.8,-21.4,7.4,9.1,10.1,3.2,-8.6,2.9,2.6,1.4,-4.6,-27.6,3.3,-13.5,10.5,10.5,6.1,1.1,-3.9,10.0,-2.4,4.7,3.5,5.0,-4.0,,-1.3,16.6,-0.1,-13.4,17.6,2.8,0.9,4.9,-4.3,3.5,16.9,4.6,12.6,12.7,-9.6,8.7,8.5,1.5,-0.1,14.6,0.3,10.9,10.3,3.5,8.3,12.9,5.3,18.6,1.4,-1.9,15.4,11.7,9.7,2.0,15.1,-7.7,-0.2,-9.3,-2.7,-1.7,4.4,9.4,12.0,13.0,4.4,8.5,1.2,12.6,7.9,13.5,6.5,0.0,16.8,-7.6,6.7,2.0,16.7,6.8,13.4,2.2
1961-10-01,12.3,20.0,9.0,6.1,14.3,11.3,-7.2,8.0,0.2,20.9,6.2,-3.6,11.3,9.2,12.1,18.7,6.4,5.1,-1.6,2.0,1.5,4.4,-12.3,6.7,7.0,16.8,-1.9,8.6,10.6,13.3,11.8,1.1,5.4,9.2,7.9,2.9,-11.6,6.4,7.7,8.6,8.1,6.3,7.2,17.2,16.6,8.9,7.3,7.6,7.7,4.0,,18.7,10.7,5.8,0.9,8.7,-3.6,10.8,8.8,2.0,4.9,3.5,5.5,40.0,7.2,6.1,10.8,7.7,2.9,-15.6,64.9,5.6,10.6,13.0,9.3,14.4,10.3,10.9,20.3,7.5,4.6,19.9,-0.9,19.8,8.3,20.5,2.4,14.7,6.6,6.7,6.9,10.2,-4.2,6.8,13.9,7.0,6.2,7.3,9.0,2.4,26.9,7.0,25.7,20.4,6.0,6.6,5.9,5.2,6.8,53.7,13.5
1962-01-01,-12.4,16.6,17.2,-2.0,-1.0,2.1,3.8,6.1,5.3,9.0,6.6,9.8,6.7,11.7,5.5,-33.7,-17.9,-6.3,-4.7,-0.3,-1.9,4.1,-17.8,5.1,4.0,6.3,13.2,1.3,0.3,13.3,1.9,11.8,7.7,4.8,6.6,-4.5,6.1,10.1,7.1,10.8,10.0,-1.2,3.8,2.5,12.1,11.1,4.0,5.2,4.0,3.8,,6.9,-3.9,7.0,2.7,-5.2,38.6,-1.7,-2.2,11.4,5.2,9.4,5.2,20.1,-1.4,19.8,7.9,8.5,1.5,28.2,21.0,3.4,7.1,18.1,3.0,6.9,4.7,8.5,9.7,3.1,9.5,18.6,-3.9,1.4,4.3,5.4,8.5,13.8,7.0,0.2,5.2,0.3,0.3,-2.2,0.8,4.2,2.1,3.8,-4.2,-6.3,-9.0,5.1,0.0,23.8,-0.8,13.6,3.4,5.1,7.3,-3.7,4.4
1962-04-01,15.2,5.9,-0.7,23.0,6.5,4.6,18.0,5.2,7.6,11.1,8.4,10.7,9.6,0.9,-4.7,39.9,18.1,8.6,4.9,-0.5,-0.2,-3.3,-12.8,3.4,4.0,2.7,-2.3,5.0,6.3,20.6,5.9,0.9,4.6,4.0,1.9,5.0,-17.0,11.3,4.4,9.7,8.6,1.3,6.5,-15.2,4.4,1.4,7.0,6.0,8.4,1.9,,6.7,-6.6,5.4,3.4,25.6,0.0,12.4,6.0,1.9,5.4,13.4,5.2,16.5,5.3,-11.1,-2.7,4.8,3.5,-9.6,23.2,1.6,10.3,19.5,-0.5,14.4,3.6,3.9,5.4,3.9,12.6,21.9,27.0,11.3,5.0,10.9,11.8,9.8,-4.5,5.3,3.8,15.7,11.7,8.3,4.9,6.4,-7.8,6.1,-12.5,7.2,17.1,4.5,0.0,17.9,0.2,10.8,5.2,5.0,4.5,-7.3,5.8
1962-07-01,47.3,-11.5,8.2,-9.2,12.4,1.8,23.7,5.2,6.6,3.0,12.1,15.3,-2.2,5.3,-5.3,-37.6,-14.1,-3.9,8.2,3.4,3.3,0.9,-23.6,2.2,4.5,11.3,-11.1,10.5,16.3,9.0,1.9,-0.5,-4.5,3.1,2.8,-6.2,-0.5,11.5,10.0,10.5,8.9,5.8,3.7,7.8,6.0,5.5,5.1,5.2,5.7,4.8,,4.4,-20.5,6.9,2.5,-14.8,17.7,-11.9,-0.1,2.8,6.6,3.9,6.2,-5.5,14.8,17.8,3.3,2.9,10.7,48.0,-15.3,3.1,10.0,25.9,1.3,2.2,3.6,5.9,6.8,3.4,12.2,20.2,-6.2,4.8,3.3,5.7,11.9,0.9,0.1,-7.5,2.3,-8.2,13.2,13.6,11.9,5.4,-4.2,3.5,-9.7,-2.8,25.4,5.9,24.1,17.9,-3.9,8.7,1.1,15.5,6.9,11.9,2.9
1962-10-01,22.0,18.5,2.2,1.7,10.2,3.3,20.5,7.7,4.3,18.8,9.9,11.9,7.9,11.4,-5.0,-10.7,-1.6,1.2,5.8,-1.9,-2.2,-1.0,-14.8,3.7,4.7,6.2,24.8,3.0,0.3,8.4,3.5,9.8,0.2,6.4,2.6,-1.9,-3.4,9.6,7.7,9.8,7.5,9.4,5.4,0.4,4.4,10.9,7.2,7.8,8.0,3.3,,8.0,-4.2,6.3,2.4,4.6,9.6,7.6,2.9,5.7,5.6,15.6,5.4,38.3,12.1,16.7,1.6,1.0,6.9,-48.6,73.0,2.3,8.5,30.4,2.6,10.0,4.1,6.5,5.8,0.6,9.5,19.2,-14.1,7.6,5.8,10.2,8.6,0.9,6.6,2.8,4.0,6.1,10.4,9.4,7.1,8.0,-8.7,5.1,-5.7,-8.2,28.3,8.8,0.0,19.9,5.5,9.6,4.5,14.9,8.1,0.0,3.6
1963-01-01,18.5,18.6,1.0,9.3,13.7,-1.6,9.2,9.2,-3.8,8.2,6.6,3.7,11.5,13.2,1.3,-22.3,-10.0,-3.5,0.1,0.0,-0.4,-4.3,16.6,-0.5,0.6,-14.4,35.0,7.4,7.5,4.6,-1.3,10.1,-2.4,3.8,5.7,-2.1,-13.7,5.3,4.9,8.5,8.2,12.3,1.8,1.2,3.6,12.8,1.9,3.7,1.5,1.5,,6.3,22.8,7.7,1.4,-4.1,4.1,4.0,-1.4,3.3,5.2,-2.0,5.3,12.5,3.8,15.7,5.2,-2.4,-1.3,53.8,9.1,2.2,7.9,10.8,-2.6,-4.2,6.7,6.2,11.9,-2.7,2.8,12.0,-7.0,9.2,2.8,14.5,2.4,14.5,-11.2,2.7,-0.3,5.7,4.4,5.6,12.4,3.1,1.4,1.8,5.9,6.4,10.9,8.2,22.8,-23.6,3.2,4.9,4.4,4.6,10.5,-10.7,-1.6
1963-04-01,-28.8,17.3,2.9,8.0,23.6,2.5,1.3,4.6,-7.1,8.9,5.2,9.2,-2.5,-14.2,13.4,22.8,18.6,9.1,16.1,2.3,2.3,0.9,-2.6,3.8,1.3,51.4,-28.9,4.1,11.7,2.3,3.9,-4.1,-4.2,3.4,9.7,-2.6,-28.7,3.5,5.8,9.0,7.5,-7.0,4.1,-6.0,5.3,-10.9,3.5,0.9,3.4,2.5,,4.3,6.7,8.1,-3.2,12.8,-8.9,-2.0,0.6,5.2,5.5,2.4,5.9,11.2,23.9,-29.3,10.1,-2.1,6.4,-8.8,16.8,1.4,6.2,21.9,-2.9,6.0,9.1,1.6,14.6,12.0,-0.7,10.3,17.8,6.4,3.8,1.8,-1.7,-22.5,16.7,2.2,4.0,1.7,4.0,14.9,11.6,3.3,10.7,4.3,18.8,3.2,4.4,9.9,0.0,0.3,-0.6,0.0,4.6,24.4,10.7,-7.4,5.4
1963-07-01,18.8,15.0,5.5,28.1,15.0,7.3,-4.6,6.9,-7.1,5.0,4.7,9.0,8.4,18.3,16.4,33.0,20.7,14.2,12.5,2.5,2.3,-3.3,-5.1,-0.4,0.7,5.4,8.1,10.9,10.9,3.3,7.9,-1.3,8.9,4.1,8.1,-0.7,41.2,2.8,7.5,5.3,2.0,11.9,6.9,4.0,12.3,17.4,5.2,7.2,4.8,9.5,,3.3,6.2,4.6,14.2,19.9,4.3,19.9,5.6,-4.0,6.4,1.8,6.8,0.6,6.2,35.1,3.6,-3.1,8.3,74.6,-9.8,3.7,5.3,33.7,4.9,6.7,10.1,5.6,16.0,7.5,0.7,13.4,-1.7,2.9,5.5,6.1,-0.5,2.0,23.6,3.1,-0.2,19.8,2.1,5.3,2.1,5.7,4.3,7.2,22.2,-6.0,0.7,7.6,21.6,-2.3,0.9,9.5,5.6,13.4,12.3,0.0,9.0
1963-10-01,4.7,18.6,3.2,-20.4,-7.3,-3.6,-4.2,5.9,1.4,6.5,5.9,21.8,1.1,-4.8,14.9,29.6,17.3,15.7,8.4,0.9,0.7,2.3,1.7,5.5,5.4,-3.5,0.0,6.5,6.9,19.5,-4.0,3.4,-5.4,1.4,8.9,1.2,0.0,6.9,9.1,8.9,4.9,12.5,5.3,-11.0,0.6,-2.7,5.1,3.8,5.0,14.4,,-3.1,15.0,6.2,23.3,-5.7,-9.3,-19.2,-4.9,4.4,5.8,11.6,6.3,8.2,-0.8,-13.0,8.3,-3.9,7.0,-49.1,24.6,-0.5,6.0,41.2,-2.2,-3.0,10.4,-2.6,21.4,7.6,5.2,12.7,20.2,0.6,3.4,2.2,4.0,-10.4,16.7,5.5,5.7,-14.0,31.3,7.2,0.5,5.3,7.5,5.6,21.5,-5.4,27.5,8.7,0.0,-6.8,-7.9,-0.1,6.1,0.0,9.3,8.0,-3.3
1964-01-01,7.7,14.3,1.1,2.7,-3.6,17.6,2.7,1.4,16.7,16.5,8.1,14.1,10.9,16.4,21.1,-6.8,1.0,-3.4,7.6,2.4,2.8,0.4,-11.6,9.6,9.5,-8.7,-4.5,20.2,27.3,5.0,18.3,7.2,9.4,9.6,14.3,1.4,3.3,16.7,10.5,14.1,9.3,11.2,6.0,1.1,9.1,14.1,4.0,5.7,3.7,-6.7,,-4.6,32.3,11.2,-20.9,36.6,-1.3,26.0,19.1,10.9,5.0,11.4,5.4,10.1,18.3,25.1,8.5,-2.5,8.2,43.1,4.7,7.0,6.9,50.3,14.6,16.1,8.4,7.5,17.0,0.4,19.0,18.7,1.4,12.5,8.1,0.2,19.8,14.8,-3.9,4.7,10.2,16.7,30.6,30.0,15.3,5.1,1.7,6.5,23.6,46.4,57.3,-0.6,20.5,42.5,5.5,10.9,5.1,17.5,3.0,11.9,18.5
1964-04-01,14.9,17.5,8.2,8.3,-8.2,11.0,12.2,17.4,32.2,10.8,10.0,24.3,6.3,0.3,3.3,-4.6,-0.8,7.3,2.0,7.1,7.3,-0.8,-8.4,4.6,5.2,10.8,18.7,14.1,10.3,18.3,11.0,10.2,31.0,8.7,4.3,-0.1,4.9,16.5,11.3,5.7,1.9,13.6,5.8,26.7,21.0,0.1,4.7,3.9,5.3,14.0,,16.1,9.1,4.8,31.8,-2.8,30.8,-13.5,13.0,7.9,5.9,12.2,5.9,4.4,30.1,-8.0,6.3,-6.4,-4.3,-19.2,8.2,7.8,7.0,32.0,10.7,9.6,5.9,5.4,16.1,5.4,26.0,14.9,-7.5,13.3,7.3,9.5,28.0,37.7,-11.0,4.5,5.0,-3.6,21.8,25.1,12.5,4.9,-6.3,5.8,6.9,12.8,22.6,14.4,0.0,8.8,-26.8,28.4,5.4,35.7,-0.9,11.6,10.4
1964-07-01,11.7,24.0,4.3,19.1,1.7,6.0,12.5,5.3,29.3,13.9,11.6,24.4,8.7,7.1,-0.7,35.6,13.0,11.7,-1.3,6.0,6.4,-0.5,-7.8,2.7,3.3,-2.9,36.1,4.6,4.7,6.6,7.6,12.8,9.9,9.7,2.2,1.5,15.2,14.3,13.8,2.6,1.4,1.0,5.6,-8.1,7.0,5.8,5.0,5.2,5.5,10.8,,30.8,4.5,3.5,19.7,5.4,-14.5,-4.4,9.2,6.6,5.1,0.7,5.5,20.3,3.2,4.8,6.6,-8.4,1.1,-7.3,29.7,8.1,7.8,9.6,-0.4,18.7,8.4,11.8,13.5,-0.2,24.4,19.4,1.0,9.3,7.6,3.2,24.5,-1.6,-7.8,7.4,2.9,3.5,18.6,14.1,15.4,5.5,-6.1,5.4,4.4,20.6,21.4,6.5,19.5,10.7,39.2,11.0,6.1,7.5,-1.0,15.2,6.9
1964-10-01,-10.8,18.9,3.4,29.8,15.0,4.1,16.0,14.4,19.0,-11.7,12.2,-29.5,1.8,5.4,0.4,-15.0,-7.2,0.8,-1.4,1.5,1.3,2.1,-3.8,4.3,3.3,23.5,-1.3,6.2,3.0,21.7,4.6,-1.6,17.0,-2.9,0.2,-2.1,6.2,7.9,15.2,-3.7,-2.7,8.5,5.8,-8.4,4.9,4.9,6.9,6.6,7.5,7.3,,7.2,13.3,0.1,13.3,9.0,-26.4,7.0,5.8,-1.7,4.7,-3.8,5.0,-31.7,26.0,11.0,4.0,-10.3,1.2,28.5,-42.8,0.8,5.8,-9.0,1.7,0.6,7.4,-2.3,12.1,5.7,17.4,14.6,9.7,-0.4,1.2,-5.4,17.9,-7.2,-6.4,3.6,4.5,14.7,-29.0,12.4,5.3,7.1,-4.6,5.6,3.1,10.4,8.5,18.4,0.0,-10.4,5.3,9.7,4.6,27.7,2.0,0.0,3.7
1965-01-01,-1.2,6.9,-1.5,-11.0,29.3,0.4,8.7,4.3,-0.9,42.7,10.2,2.5,4.1,0.1,-1.3,21.7,11.0,6.5,3.8,4.5,5.5,5.1,-11.8,10.2,9.5,20.3,-17.0,0.2,7.0,2.8,0.7,-1.8,-0.6,13.7,7.4,-1.7,4.6,6.8,13.8,14.9,16.7,-16.5,4.9,-6.4,0.7,1.2,4.7,4.1,4.8,3.1,,10.9,0.5,11.6,5.9,26.3,38.6,7.8,0.1,3.2,3.4,6.3,3.8,112.8,5.6,-5.8,4.6,-13.9,-1.9,-20.7,185.3,3.9,5.1,4.8,-0.7,15.4,6.5,9.0,11.0,2.3,1.2,13.2,-11.2,11.0,9.2,10.2,-1.7,3.1,13.1,0.8,10.6,2.1,2.6,8.7,5.8,4.8,2.8,4.7,1.0,1.0,23.5,4.4,18.6,16.6,3.1,14.0,2.8,10.6,7.7,7.1,0.4
1965-04-01,46.5,26.2,6.9,2.5,25.5,-0.7,5.1,11.3,-12.4,0.7,8.6,7.2,11.3,14.0,13.4,11.6,8.1,6.4,5.5,3.0,3.0,12.4,-25.1,9.7,11.8,-8.9,11.0,5.5,1.5,-8.6,-1.1,10.6,10.0,2.9,9.5,4.4,7.7,-1.2,11.7,6.2,10.0,11.3,5.9,8.6,8.8,13.0,4.9,6.3,4.7,5.1,,-6.1,15.2,7.7,4.4,-7.3,4.8,-1.2,0.4,10.4,3.9,1.6,4.4,-7.7,20.5,18.2,8.9,-12.9,4.4,56.1,-16.7,3.9,5.4,-14.5,1.1,-3.6,8.1,6.4,9.4,7.8,-6.6,6.1,14.6,3.8,4.5,0.4,-8.5,19.7,2.3,10.6,9.6,-0.7,10.2,22.2,12.1,5.8,2.8,6.2,17.5,18.8,21.8,10.1,0.0,3.5,10.9,15.3,6.4,25.2,8.3,18.2,-2.6
1965-07-01,16.1,19.4,3.5,-2.4,28.4,8.6,5.7,12.1,-14.2,14.4,10.8,-25.7,-2.1,1.4,18.3,42.1,18.9,7.3,4.4,5.6,6.0,8.4,-6.7,5.2,5.9,-2.3,31.6,12.5,9.8,-4.4,8.9,9.7,21.4,8.4,10.0,3.3,6.6,-7.1,16.4,5.9,6.8,14.3,5.2,9.0,13.4,1.8,6.1,5.3,6.5,-0.8,,44.9,6.6,6.3,-3.3,7.0,-4.7,2.0,10.0,3.8,5.8,0.4,6.3,14.1,15.5,6.7,-0.2,-12.9,4.8,47.3,11.0,6.1,4.0,0.6,7.6,18.0,9.6,3.2,11.6,13.5,-16.4,5.1,12.1,17.4,7.1,10.6,-23.6,-0.4,27.1,8.1,5.0,0.6,-3.7,17.1,7.6,4.8,7.9,5.6,25.6,14.0,13.9,14.1,-15.7,0.4,-20.9,16.4,6.9,27.4,4.0,0.0,7.7
1965-10-01,14.4,16.0,10.8,29.9,26.1,16.1,6.4,12.5,-11.0,17.9,9.5,33.9,12.0,2.7,12.8,97.7,38.5,15.9,3.8,19.0,20.6,13.3,-15.9,7.6,8.1,9.9,-9.0,22.4,23.2,-2.8,17.1,4.4,18.7,16.3,8.7,3.9,3.6,-0.3,13.1,9.0,7.5,21.5,6.8,6.1,17.7,2.7,5.5,5.0,5.9,0.4,,34.4,38.5,6.8,0.5,19.2,24.4,0.3,10.5,8.8,4.9,11.7,5.2,4.6,35.0,-10.2,4.0,-12.5,-2.0,-28.6,11.3,15.7,4.9,19.2,12.1,36.4,7.9,14.7,13.9,10.1,-7.5,0.8,17.4,22.8,11.7,10.9,-9.3,6.0,4.1,7.6,7.3,7.6,24.7,41.4,29.3,4.7,4.8,7.0,22.1,39.5,25.4,13.6,18.6,68.0,-4.6,27.3,6.0,48.0,3.2,17.4,20.9
1966-01-01,2.4,16.7,6.5,3.3,-0.9,8.8,20.6,1.5,4.0,20.4,8.7,19.7,4.3,4.1,3.2,0.4,1.0,3.2,1.8,-1.8,-2.6,15.4,-16.9,7.8,7.5,7.7,-16.2,6.7,0.3,11.2,7.4,0.3,21.4,7.7,7.6,-9.6,0.1,7.1,8.4,13.1,11.4,12.5,4.2,-9.9,5.7,3.6,3.4,3.5,3.4,5.0,,69.2,-12.8,9.7,4.5,17.2,36.2,-1.8,6.2,5.7,7.4,15.9,7.2,27.2,13.0,3.8,6.3,-13.5,6.5,16.6,31.1,2.9,3.6,24.4,14.5,36.3,5.6,9.3,15.7,2.7,2.3,0.3,-5.1,9.1,6.0,-3.1,2.4,9.7,10.8,-1.8,7.4,2.0,19.1,21.8,8.0,4.4,-2.3,4.2,12.8,25.6,35.7,0.3,0.0,7.9,8.1,24.8,4.1,20.0,1.3,35.4,8.4
1966-04-01,-11.6,38.9,3.8,7.2,-3.9,1.5,30.1,26.3,16.2,-15.1,7.4,-6.8,8.1,11.9,-6.6,-15.7,-7.7,-2.1,-0.1,0.9,0.3,14.0,19.7,1.7,0.7,5.1,15.6,-0.9,-1.4,0.3,2.3,10.5,-0.9,-2.0,5.3,4.5,6.6,14.9,4.3,18.7,17.0,-1.8,4.8,-15.2,8.0,9.4,3.5,4.4,3.6,2.7,,-7.9,22.9,11.3,-4.0,-7.1,7.3,15.6,4.1,9.0,6.0,-4.7,6.0,-34.0,14.9,18.0,8.3,-9.6,11.5,-8.8,-41.6,3.8,2.5,29.3,-1.8,-7.0,6.0,8.8,18.3,2.8,11.7,2.3,-5.6,8.9,1.0,5.4,14.0,1.1,6.4,15.1,0.9,11.6,-3.8,15.1,9.5,3.1,3.1,4.4,1.1,18.1,19.4,30.8,17.7,-4.9,16.2,9.3,9.0,16.2,-3.0,51.5,1.5
1966-07-01,12.6,-50.1,0.8,12.1,-1.4,4.6,29.7,-2.5,19.0,13.8,9.2,13.0,9.7,3.8,-7.1,-23.9,-10.9,-4.1,1.3,1.1,1.2,17.8,-4.0,1.7,2.4,-10.5,15.7,13.1,12.7,17.7,6.5,5.5,7.8,5.9,0.9,19.1,-6.0,11.4,5.5,8.9,5.1,16.9,3.7,20.8,2.4,2.9,5.2,4.8,6.0,1.8,,5.3,12.9,4.7,-0.7,4.2,16.4,5.8,19.1,2.7,4.8,14.3,5.0,12.5,29.0,-4.8,3.6,-6.5,5.6,-26.6,21.6,2.9,5.7,33.7,-2.4,3.4,6.4,3.6,18.8,1.0,13.7,3.0,2.9,7.1,4.7,1.3,16.0,1.4,-8.7,-9.9,0.7,9.6,4.5,25.0,10.1,5.6,-8.6,3.3,0.9,14.5,22.6,-3.0,17.0,-4.6,-15.1,12.9,-0.3,32.9,-1.6,35.5,-0.3
1966-10-01,-1.1,161.3,4.9,24.9,2.0,-3.5,27.3,9.2,17.0,-0.2,9.0,-9.0,2.7,5.0,-6.7,-29.2,-12.5,-6.3,1.9,-1.9,-2.6,12.7,-6.0,-3.7,-3.6,28.1,6.0,-3.2,-6.2,7.6,-3.7,2.0,7.5,-0.8,2.2,-9.2,7.8,11.0,6.1,9.8,9.2,-2.0,4.8,5.9,2.9,4.1,4.4,4.3,5.0,-1.1,,0.3,-3.4,6.2,-6.4,-6.2,-19.6,7.6,-4.7,0.9,4.9,-0.3,5.0,-2.1,13.7,8.7,0.7,-3.1,7.2,11.6,-4.7,-1.1,4.7,13.3,-2.7,-5.5,5.1,1.1,13.1,9.8,12.0,1.0,6.2,8.9,1.7,7.7,14.4,6.0,10.8,27.8,-4.8,12.2,-9.0,13.8,-2.1,4.0,-3.7,4.4,1.0,16.0,9.6,9.6,0.0,-15.8,8.2,1.4,12.2,19.6,-0.8,61.9,-3.3
1967-01-01,13.3,15.9,8.3,12.4,13.6,0.2,18.3,7.7,6.2,-7.4,7.7,-2.5,4.7,-0.7,7.9,103.5,39.8,16.8,5.0,8.2,8.2,5.8,0.6,-4.4,-3.3,40.8,-10.5,1.4,-1.2,6.3,-0.5,-0.7,-1.2,1.0,5.4,2.3,18.3,1.3,5.4,5.8,4.9,6.0,3.6,0.4,-1.6,-0.4,3.4,2.8,3.1,0.9,,7.2,-0.6,4.3,-3.4,-5.6,27.4,-2.3,2.7,2.3,3.5,1.0,3.7,-18.5,-2.1,-8.6,-1.0,4.7,10.5,25.2,-28.1,4.6,6.1,11.0,3.2,-0.6,5.7,4.3,3.2,5.4,-2.4,-22.5,-2.4,5.1,2.3,10.1,2.5,10.4,-4.7,7.0,-5.1,2.8,3.9,0.7,4.0,4.0,3.3,3.7,12.1,-2.4,-10.1,7.3,0.0,-10.5,-4.0,17.8,4.9,4.4,0.9,36.6,-2.7
1967-04-01,8.8,11.3,-2.2,1.7,20.4,3.1,8.0,7.2,0.6,18.3,4.2,-3.7,17.2,18.8,12.6,25.5,16.3,7.5,8.9,2.2,3.0,-3.5,-18.1,-4.3,-3.4,48.5,5.0,4.1,3.5,-9.3,3.7,3.9,8.2,7.2,10.3,-9.4,36.5,0.6,3.7,15.4,15.9,3.9,3.7,0.4,4.9,16.0,4.2,6.1,4.7,0.5,,25.4,-17.9,9.3,-0.8,14.3,-9.6,-14.9,5.1,3.6,3.3,8.6,3.5,40.7,-3.5,21.4,-1.1,1.7,4.5,10.2,55.2,3.0,2.8,12.7,0.8,11.8,4.9,4.0,-2.5,8.6,-11.1,-36.7,-2.0,6.3,5.6,12.3,-5.3,2.3,3.9,-2.3,-4.4,-9.2,-4.7,4.0,0.3,2.7,4.6,4.0,20.4,-3.1,15.8,8.0,0.0,-15.1,10.9,3.0,1.5,6.6,2.2,41.2,2.4
1967-07-01,18.5,24.1,-3.0,-1.9,9.4,1.8,3.9,5.4,-1.9,-3.1,6.1,-8.3,-9.1,-4.2,18.5,72.5,34.9,14.7,9.5,-2.2,-1.9,-7.6,-20.3,3.4,4.4,-14.5,-17.1,0.4,1.5,22.1,2.5,-0.9,5.0,-1.2,10.6,2.7,33.7,-0.5,7.7,13.0,12.9,-5.1,5.2,-5.1,2.3,-3.2,5.9,4.3,6.1,-0.7,,-2.7,18.9,7.5,-2.7,8.8,-4.3,30.4,4.3,4.1,3.8,3.9,4.3,-11.1,-3.4,4.2,-3.1,2.4,5.0,12.2,-17.7,-0.4,4.5,13.8,-0.9,-3.6,7.8,1.5,-3.4,3.8,-12.0,-38.7,11.7,5.3,2.1,3.3,-6.2,1.4,6.2,10.2,4.3,17.6,-8.8,10.8,5.9,5.3,3.8,5.6,21.6,23.3,28.8,6.1,0.0,-20.6,-1.0,2.4,6.3,8.8,2.4,44.5,1.2
1967-10-01,-1.7,16.4,6.5,-11.9,6.3,-2.3,3.6,13.1,-2.7,1.0,6.0,6.0,14.8,13.8,14.3,-22.8,-6.4,-1.5,10.8,5.4,5.4,-4.6,-7.3,4.5,4.1,-7.4,10.3,3.9,2.2,-12.0,-3.1,7.5,7.1,1.6,8.6,-1.0,17.0,1.0,7.2,12.7,11.3,8.5,3.0,-1.7,6.3,12.3,5.7,6.8,5.5,3.3,,14.1,14.3,6.2,5.7,5.5,-41.8,-30.6,-4.4,6.8,4.5,1.3,4.9,-10.8,30.7,12.3,3.5,2.2,-0.3,5.2,-16.2,1.8,5.1,21.3,0.6,8.1,7.6,-3.8,0.1,5.1,-9.8,-31.9,3.8,4.2,2.5,6.5,-5.5,13.6,8.3,5.2,5.2,-22.1,4.6,21.4,3.2,6.1,4.1,3.4,15.5,1.7,19.8,13.0,0.0,-3.4,-4.1,-4.3,5.0,32.5,4.2,19.7,-2.5
1968-01-01,17.4,25.5,15.5,25.1,3.9,11.7,30.0,8.8,7.5,27.3,12.5,15.6,9.7,6.4,2.1,-49.2,-20.0,-4.4,15.3,4.9,3.7,-0.7,-3.1,16.0,16.1,-4.1,2.0,6.9,5.8,3.3,10.4,8.6,-4.7,13.3,4.9,3.1,-11.7,11.1,8.5,6.5,7.3,15.7,6.6,-7.6,4.0,6.0,5.1,5.2,4.4,11.2,,0.2,1.8,6.2,4.1,9.1,73.4,29.7,9.8,10.5,5.1,12.4,5.9,62.6,2.1,1.3,16.2,0.4,20.2,-29.7,106.6,8.1,10.0,2.6,17.3,10.1,11.9,11.1,35.5,1.5,16.1,56.7,-3.1,9.2,9.9,14.4,10.4,-9.0,3.6,11.1,17.2,25.4,12.4,7.9,11.3,8.1,-2.5,6.5,-4.9,-4.0,29.9,11.9,16.3,43.6,-6.8,11.1,7.7,6.0,3.6,-1.6,10.9
1968-04-01,-0.2,23.3,11.3,13.7,-2.8,2.8,5.1,0.4,6.4,8.8,6.0,5.6,5.5,-5.7,-3.1,113.7,50.2,25.2,12.9,7.4,7.0,-5.6,-3.9,3.8,3.5,-17.4,-18.9,9.6,10.3,17.5,2.7,0.6,6.4,6.1,7.9,3.3,-5.2,16.2,5.9,19.9,19.6,9.4,6.7,13.0,3.4,-4.6,3.2,1.8,2.8,7.3,,16.6,-5.9,12.9,9.4,39.6,-6.8,12.7,5.9,6.4,4.0,21.2,4.6,6.8,-18.6,-21.7,12.1,2.1,0.1,12.9,3.4,5.0,6.7,21.4,3.2,25.3,9.0,4.8,19.6,1.4,12.5,46.1,6.0,5.5,6.2,15.3,6.7,-6.9,-3.5,10.8,4.5,14.0,9.1,4.3,10.3,4.9,-2.1,6.4,-5.8,11.2,64.8,1.6,15.7,37.9,2.7,10.9,6.7,-11.0,1.9,8.3,1.0
1968-07-01,-1.3,18.6,13.8,15.2,24.8,7.1,8.2,6.4,9.6,19.2,6.2,-13.4,3.5,12.0,-1.0,-8.3,1.1,2.7,10.2,7.3,6.6,-0.2,-2.5,4.9,4.4,12.2,-12.1,13.8,9.4,6.3,7.1,4.3,3.4,10.2,1.9,7.5,2.1,9.8,5.1,7.3,3.5,32.5,5.4,-3.4,5.5,10.9,5.5,6.3,5.3,4.1,,6.1,16.5,3.1,2.9,11.9,5.2,-0.5,1.7,8.8,5.3,18.3,5.9,26.6,19.1,27.9,12.0,2.5,-1.9,52.5,23.6,6.5,7.3,29.9,6.9,6.1,10.9,5.7,14.5,1.6,12.6,31.8,-4.3,5.9,7.7,11.8,8.4,-6.4,4.0,11.8,5.2,5.3,-12.6,19.7,1.7,6.3,1.1,5.2,-2.0,11.5,22.5,8.5,0.0,4.9,4.0,10.0,8.0,28.2,5.1,13.2,10.0
1968-10-01,12.4,16.5,11.1,14.6,22.9,-2.8,7.3,10.7,10.7,-2.3,7.7,11.2,6.2,5.9,0.1,-10.3,0.4,2.0,10.1,1.4,0.3,-3.2,-5.9,-0.4,0.4,-19.1,-7.3,-3.0,-1.8,1.6,-1.5,-0.8,-4.8,-0.6,6.2,-1.1,8.0,10.6,9.0,13.8,10.5,-6.0,4.6,-10.4,-2.0,6.3,6.2,6.2,6.5,3.4,,-3.8,4.0,8.7,0.2,5.2,0.1,8.8,-0.8,0.9,6.0,11.4,6.6,-4.9,-21.7,5.6,10.2,3.0,1.4,-24.6,-3.4,0.1,5.2,31.9,-8.1,3.4,10.9,0.7,14.9,-0.4,7.3,0.8,-6.4,-3.2,1.8,1.8,8.2,0.7,7.6,5.8,-0.2,9.9,17.6,2.2,3.3,6.3,0.2,4.5,1.7,25.0,12.3,12.4,-13.5,18.8,5.1,1.3,6.3,-8.9,8.3,17.9,-2.6
1969-01-01,2.7,19.3,14.7,10.1,32.1,4.1,4.6,14.4,7.4,7.8,3.1,19.9,13.5,11.6,-1.4,-42.3,-20.0,-10.3,1.2,5.1,4.0,-2.5,-1.9,-0.6,-0.4,45.9,10.3,3.0,1.0,2.3,5.5,9.1,9.1,5.5,5.2,6.0,19.9,7.0,3.3,11.5,9.4,4.6,3.7,0.2,3.3,10.8,5.4,6.2,5.6,-0.7,,3.5,35.7,7.9,1.9,9.3,6.8,4.9,6.0,8.8,4.0,21.3,4.4,10.7,1.8,8.6,-2.4,2.1,-3.4,25.4,6.3,4.5,1.7,21.8,-1.7,7.2,7.7,1.6,11.0,5.5,2.4,-4.9,-1.6,3.2,4.5,5.9,3.0,11.4,0.2,11.4,-0.5,6.4,14.9,9.9,7.7,4.5,5.1,3.5,5.1,-2.0,22.2,14.8,15.7,9.4,-10.4,3.4,6.8,9.8,6.6,13.9,4.4
1969-04-01,0.9,17.0,3.4,8.3,24.7,1.5,4.5,7.0,7.6,-1.1,4.0,12.5,-3.1,-7.8,2.2,8.1,10.2,5.6,11.2,-1.7,-2.1,6.2,-26.2,9.6,9.0,12.1,-13.9,4.1,0.7,13.7,-1.0,5.2,0.0,0.3,5.7,4.0,12.8,5.1,4.5,10.6,9.6,15.8,5.1,0.4,-1.0,-5.4,6.0,4.0,6.9,1.7,,-4.9,2.3,7.1,-2.1,3.4,16.1,5.0,-3.3,10.1,4.0,11.4,4.5,-7.5,-2.0,-15.1,5.0,4.5,4.7,-14.6,-9.4,0.9,2.6,15.6,12.5,-0.6,8.1,3.2,9.0,3.4,-0.5,-25.2,-2.4,2.5,2.6,9.8,4.7,14.3,2.5,9.4,9.8,7.2,11.6,5.2,5.9,4.7,-0.8,5.1,5.4,-9.1,17.6,6.0,0.0,0.6,-3.0,2.2,6.3,5.7,7.4,23.0,-0.3
1969-07-01,-3.0,18.6,4.3,8.9,27.4,2.2,6.4,8.1,10.4,-1.1,6.5,6.9,11.6,14.6,6.0,-9.1,3.7,2.6,12.4,-0.3,-1.0,-9.2,4.1,-2.8,-2.8,8.4,-7.9,-7.3,-9.2,-7.3,-0.3,1.3,-8.0,0.7,3.9,-2.0,15.5,2.5,8.9,2.8,4.4,-2.0,3.2,-3.0,0.8,13.6,5.1,6.5,5.7,1.6,,-11.2,-5.4,3.1,-2.0,-6.4,7.6,-10.5,-1.3,3.5,5.5,1.5,6.0,4.7,-2.2,19.9,3.6,5.8,5.0,12.5,4.0,1.5,1.8,-4.3,12.8,-5.0,9.1,4.6,1.6,3.0,2.1,-22.7,-7.2,3.9,2.0,14.4,6.6,5.8,4.8,6.6,-2.4,-4.3,0.6,-1.5,-10.7,4.5,-1.9,3.3,6.2,-15.2,-3.2,8.4,-13.5,9.7,5.9,-9.5,6.2,3.7,8.6,8.3,-0.5
1969-10-01,20.4,17.8,0.9,9.9,22.3,-2.0,6.5,8.1,7.1,-1.5,8.7,0.5,1.1,6.4,8.2,9.6,11.0,7.7,12.1,4.5,5.1,-4.8,-4.1,1.0,2.3,8.8,7.6,-0.8,-2.7,4.1,-1.6,8.8,-2.8,1.5,6.5,-0.7,3.1,4.4,12.4,6.6,7.3,4.7,5.0,-0.9,1.6,6.7,4.6,4.9,5.3,4.6,,-1.2,-4.0,5.8,9.1,2.2,-1.5,2.3,1.0,9.0,6.8,5.7,7.2,-6.8,2.9,15.7,-2.6,7.2,5.2,-1.1,-10.2,2.7,2.8,3.3,-3.8,1.8,10.8,0.7,0.0,5.4,2.0,-17.3,0.1,3.1,3.2,8.7,5.4,2.6,6.1,7.2,1.4,4.4,-1.2,7.6,3.3,4.2,-6.3,5.1,5.5,-8.6,39.2,9.0,0.0,9.3,-5.1,-0.5,7.2,5.5,8.1,9.6,-4.1
1970-01-01,10.9,-14.9,18.2,7.1,26.3,-4.6,6.8,10.6,8.4,-6.0,5.8,81.0,8.7,4.0,6.8,-33.6,-3.6,-1.1,17.4,5.5,3.9,-8.6,1.9,9.0,9.1,35.2,-4.3,-0.3,-2.2,12.4,0.0,6.7,2.0,0.6,6.0,-3.6,-3.0,7.3,7.7,7.7,5.6,2.1,4.3,-5.9,-0.8,4.3,2.0,2.4,1.8,1.3,,7.1,44.6,5.7,3.0,9.1,2.1,12.3,-2.0,9.2,4.8,9.3,5.3,-24.0,15.2,-3.5,7.3,12.1,-8.3,-25.4,-29.8,3.5,1.4,18.5,-21.0,11.6,9.3,5.5,-4.6,5.5,6.9,12.6,6.8,7.3,2.5,24.1,5.1,5.9,3.5,-8.9,10.1,9.5,68.7,21.4,13.0,2.5,3.3,4.4,0.0,10.6,10.3,11.4,0.0,6.2,-0.5,3.4,0.0,21.1,6.0,6.6,0.2
1970-04-01,-13.2,-11.0,10.8,5.1,19.9,-1.2,4.6,4.9,6.4,4.7,6.1,-14.3,7.3,0.7,5.8,-12.3,3.6,4.0,12.1,0.4,-1.1,-6.4,23.5,6.0,4.5,8.1,-20.6,1.6,0.4,-0.2,0.1,-3.7,-2.4,1.1,1.4,-2.3,-5.4,2.2,8.1,-1.6,-0.8,4.4,2.4,-10.3,0.3,1.4,2.6,2.4,2.5,4.5,,-4.4,-2.4,-0.1,4.7,9.8,-1.7,-0.2,-5.7,0.2,5.9,17.8,6.2,13.0,-9.8,-9.5,8.0,6.7,0.2,30.1,8.7,-0.3,2.8,-5.1,-6.5,-0.2,8.6,1.0,-6.9,0.8,6.6,14.3,-6.5,0.0,1.8,6.5,4.9,4.9,3.0,-6.3,6.8,0.7,-7.0,-3.3,-2.7,2.8,5.1,2.5,1.6,3.4,-2.8,4.9,0.0,2.1,-0.4,10.0,1.6,-5.0,5.0,1.3,3.1
1970-07-01,-4.8,13.8,7.5,7.3,0.2,-1.1,1.8,2.0,2.7,1.4,8.9,32.9,13.0,8.3,11.3,-10.2,4.6,6.1,11.9,3.1,2.5,-8.4,13.0,1.0,0.6,3.2,-0.4,0.8,-1.4,3.8,-2.0,6.3,-0.6,2.5,8.0,1.4,-8.9,7.9,14.4,9.6,7.8,4.4,4.4,-4.3,-1.0,7.7,4.1,4.7,4.2,7.5,,12.6,-6.2,6.8,7.8,5.4,-6.0,1.0,-1.2,7.7,4.9,-3.5,5.6,-3.9,-8.1,0.7,11.3,5.0,3.2,-14.5,-1.5,2.9,2.3,18.3,2.6,17.0,10.9,4.3,-2.5,2.7,6.0,18.5,-6.4,1.8,3.6,12.4,4.3,0.3,8.0,6.6,1.6,2.7,33.5,6.6,13.0,4.6,0.5,4.6,9.5,6.2,17.6,2.3,0.0,39.5,14.9,10.7,6.0,0.0,4.7,5.2,-2.5
1970-10-01,17.7,-16.8,0.0,8.1,-0.6,6.7,-0.9,4.0,-0.4,-24.0,0.0,49.3,-7.0,-4.0,-4.6,4.5,9.9,6.1,12.3,4.7,5.3,-4.3,14.3,-6.0,-4.5,-5.4,-14.6,6.4,6.3,-4.7,7.5,0.1,1.8,-4.3,4.5,-4.2,-5.0,11.2,-1.9,18.0,16.7,9.4,2.3,2.6,5.1,-2.8,4.9,3.6,5.6,2.8,,-1.0,16.5,8.2,-1.2,8.5,0.3,-1.0,6.4,3.3,4.9,8.2,5.5,-56.0,-4.6,1.5,5.2,3.5,7.3,-22.4,-70.0,4.8,4.7,24.5,3.9,6.1,10.5,5.6,-0.8,-3.3,4.0,13.0,-9.4,7.1,-1.1,11.6,3.3,-7.7,-7.3,-9.8,-6.1,0.9,39.2,3.4,0.7,4.2,-1.1,2.1,-0.2,7.1,-11.0,5.9,0.0,3.8,9.7,5.5,-0.1,0.0,3.2,9.0,8.5
1971-01-01,-24.3,6.2,18.1,5.0,-26.6,2.7,-5.2,1.7,-4.0,50.4,6.2,-47.9,4.1,7.4,5.1,66.5,26.6,7.2,10.9,2.0,0.1,-13.5,-21.8,-2.3,-4.1,-4.1,18.2,2.1,0.6,21.7,2.1,7.9,1.8,13.5,7.3,-2.2,-2.7,4.1,11.0,10.5,12.9,5.5,2.7,-0.6,-9.8,5.5,4.2,4.5,4.3,-8.2,,6.9,13.9,8.1,-7.0,15.4,-18.1,-2.5,2.9,6.0,4.2,25.9,4.6,195.3,-1.0,13.2,-10.7,-2.1,-7.7,-9.1,379.5,1.6,3.3,-0.1,5.4,-4.3,7.9,-2.7,-2.8,0.8,-3.0,-13.8,-3.9,-0.7,7.9,4.4,0.2,-6.1,2.7,1.4,-1.6,2.2,-46.5,-3.5,-2.5,4.6,1.2,2.8,11.4,-6.6,22.5,3.0,0.0,-26.2,7.8,0.8,3.5,1.7,-2.8,-1.2,3.0
1971-04-01,0.8,21.5,8.3,5.5,-19.8,10.2,-5.6,4.0,-5.4,9.4,3.8,25.2,7.3,4.4,8.1,-11.0,2.8,-0.5,10.4,-1.3,-2.4,-8.9,-22.0,3.1,2.9,3.4,2.4,4.7,1.6,5.1,11.5,6.5,1.4,3.3,10.1,4.6,-2.1,7.8,6.6,16.8,17.0,11.0,4.0,-13.8,-3.1,3.5,4.8,4.6,5.1,-3.5,,7.9,-10.6,10.8,-10.4,13.7,8.3,6.1,12.2,7.3,4.9,17.5,5.4,13.6,1.3,-0.2,2.9,3.5,0.7,42.3,8.5,0.9,3.7,16.0,5.0,7.8,9.2,-5.0,2.2,1.0,-2.2,-11.1,-4.8,-1.2,3.7,-5.7,1.2,1.6,4.3,11.7,3.7,5.5,28.2,9.4,4.9,4.6,2.4,4.1,9.1,0.5,0.1,4.3,0.0,-6.8,-21.4,16.1,7.5,14.5,-0.7,0.0,12.4
1971-07-01,12.6,11.7,3.5,4.9,-10.3,2.2,-1.8,2.5,1.3,11.1,4.0,8.5,-0.3,-4.5,10.3,-21.8,-2.6,-0.7,8.6,-3.6,-4.7,-5.3,4.9,3.3,4.0,-15.0,-18.9,7.3,10.5,3.5,2.7,-1.7,8.4,2.6,8.4,2.0,-2.3,8.8,5.4,14.3,11.2,0.1,3.6,4.7,1.1,-3.0,5.7,4.2,6.2,1.0,,6.2,9.1,7.7,-3.9,7.5,7.0,1.8,4.3,2.1,4.9,7.2,5.6,18.4,-1.8,-11.4,1.9,5.8,7.3,13.0,22.4,-0.8,4.5,29.6,0.0,7.9,10.4,2.6,12.2,-0.6,2.3,-3.7,-4.7,0.8,3.2,3.0,4.2,-3.0,-1.5,6.2,3.8,3.5,12.0,3.8,3.9,5.8,-4.3,3.8,10.4,13.6,-5.0,3.4,0.0,12.3,-0.5,9.3,5.8,1.7,4.4,21.1,2.2
1971-10-01,10.7,19.7,12.5,3.2,15.4,5.6,1.2,8.9,5.5,18.2,5.0,-44.1,13.3,5.7,15.6,-19.1,-2.3,-0.2,6.8,2.2,0.9,-6.4,-11.7,6.4,6.7,25.4,-10.8,12.4,11.8,25.4,6.1,0.3,0.6,7.2,7.0,1.2,-5.7,6.9,5.5,7.9,4.5,21.0,6.1,4.9,-1.5,6.3,6.5,6.4,7.5,1.9,,11.3,36.9,3.9,-4.2,6.2,-5.9,16.4,5.4,2.5,5.0,9.0,5.5,27.8,13.7,-6.7,3.9,8.1,8.3,4.7,37.6,2.7,6.2,24.6,3.5,3.0,9.3,2.5,16.2,5.8,5.5,4.2,1.0,2.8,6.8,5.8,5.8,-0.7,3.6,9.2,7.1,13.7,-45.4,15.2,7.9,5.3,-2.1,6.4,10.9,15.9,52.5,10.5,0.0,3.8,0.8,6.5,6.8,21.4,9.2,12.2,6.2
1972-01-01,47.4,21.3,6.4,-1.0,31.5,3.3,-27.6,3.6,12.1,9.5,-1.6,11.3,-1.7,1.4,-4.1,73.2,22.7,15.1,4.1,-3.6,-5.1,3.7,1.0,11.2,13.6,21.3,24.5,14.7,15.1,7.4,3.5,8.9,4.1,3.8,5.3,2.7,-2.8,6.3,2.8,4.6,16.5,20.0,7.3,1.2,3.2,3.0,5.1,4.7,5.8,8.5,,-11.1,-5.3,9.1,6.0,-2.4,5.9,-4.0,9.9,6.2,5.0,13.6,5.5,2.6,14.2,7.3,4.9,14.0,16.4,0.0,0.7,1.3,5.5,-37.3,2.8,-0.3,8.6,5.8,15.0,6.8,8.6,12.5,6.9,4.4,5.4,12.9,6.6,6.8,9.5,10.9,11.6,-0.5,28.7,23.2,1.6,3.8,3.8,6.9,11.3,39.1,24.3,3.1,0.0,28.0,11.2,10.4,7.3,18.5,10.5,14.3,-1.2
1972-04-01,19.5,3.3,4.7,2.1,36.4,10.5,22.5,4.7,-1.8,10.4,4.8,5.4,17.1,13.2,4.1,-9.6,1.1,2.9,7.0,14.4,16.0,-4.2,15.5,5.0,6.0,4.6,16.8,5.5,7.6,15.4,9.5,3.4,5.2,11.0,4.3,-1.0,-2.5,7.0,0.2,9.0,3.3,0.9,4.9,2.8,14.3,13.0,4.5,5.9,4.8,4.7,,8.2,10.9,4.4,8.7,12.9,23.9,2.2,13.3,1.0,4.8,9.8,5.0,11.7,4.0,6.5,-6.1,10.4,12.2,-9.7,16.3,11.3,6.6,41.4,14.8,9.7,6.3,10.0,15.0,2.2,4.5,11.3,4.6,7.5,7.8,15.0,5.2,14.0,-5.9,1.0,5.4,4.7,-5.4,15.5,9.4,4.0,3.8,4.9,5.4,50.9,24.7,3.3,0.0,9.8,5.5,8.1,3.6,6.2,12.2,17.5,6.3
1972-07-01,26.4,16.6,1.3,10.9,34.9,13.1,35.7,16.3,5.3,10.7,12.3,-24.4,-4.8,2.5,-3.9,-15.1,-0.2,10.5,7.9,2.0,2.0,-2.6,12.0,6.1,7.6,5.4,22.5,12.7,8.2,12.7,14.2,7.6,8.8,7.1,1.6,3.1,-3.6,5.7,14.3,5.9,2.8,23.9,5.9,2.1,7.6,3.6,4.5,4.3,4.3,21.1,,21.0,6.1,3.7,8.5,5.0,5.1,1.0,11.9,4.8,1.3,12.6,1.8,7.5,19.6,17.2,60.8,10.6,0.8,19.4,4.4,5.6,-2.8,21.7,8.3,6.7,5.8,5.4,16.2,5.6,5.4,16.0,-1.5,9.3,6.3,10.7,3.0,8.1,0.7,9.3,6.5,6.2,-23.1,16.8,16.0,5.9,-1.5,5.5,-4.0,9.5,35.8,17.6,15.7,-6.4,-4.9,15.0,4.4,20.8,8.6,19.2,15.0
1972-10-01,23.7,24.9,7.0,11.3,30.6,11.9,-14.4,6.2,25.0,22.9,-0.9,16.7,19.3,24.8,25.0,9.6,9.6,5.2,9.3,4.0,3.5,-1.6,7.5,3.0,4.6,11.8,64.7,10.0,13.0,18.5,9.5,17.4,5.7,12.3,6.6,2.7,-3.9,6.2,-2.6,1.2,-2.8,4.7,6.8,-3.0,9.1,21.6,5.5,8.1,6.0,1.5,,25.2,7.8,0.5,12.1,8.5,2.4,4.7,9.0,9.2,-1.4,15.2,-0.7,35.6,14.7,34.9,-13.7,11.1,7.1,11.6,45.6,7.8,11.9,21.1,22.4,14.2,4.1,6.9,10.3,7.9,13.0,15.7,9.8,9.6,9.7,8.0,8.6,0.3,5.3,12.9,3.3,8.7,10.9,21.3,14.0,5.5,-3.5,7.3,53.2,-0.6,51.4,7.1,15.1,-1.0,6.1,16.4,3.9,16.5,7.7,18.3,9.0
1973-01-01,-12.2,3.9,7.2,19.6,16.7,11.5,22.3,10.6,15.8,28.0,8.2,-12.3,-1.2,-16.1,-8.9,-20.2,3.6,8.1,15.7,-6.2,-7.9,4.0,-20.9,14.8,12.4,8.1,-12.7,23.5,25.5,15.6,12.8,9.1,20.2,9.9,3.4,2.4,0.8,11.5,10.5,10.0,13.4,20.2,5.7,-0.1,14.3,-13.1,4.8,1.5,4.5,12.2,,27.5,55.6,8.4,2.9,27.7,8.5,12.8,11.4,14.5,0.0,20.0,0.3,35.4,16.2,-37.7,14.3,5.4,25.2,9.6,44.0,2.4,-3.1,-3.6,6.2,23.2,2.7,8.5,5.3,2.5,13.4,18.5,5.4,11.5,7.5,6.9,11.4,1.9,6.7,3.2,15.4,14.3,-15.1,21.5,13.2,6.5,-2.5,5.2,-19.0,13.1,36.3,11.9,30.6,20.0,1.6,26.5,1.3,25.3,2.4,18.6,13.5
1973-04-01,8.6,7.0,6.1,14.6,3.3,-1.3,12.9,12.4,14.5,-4.6,0.8,0.9,1.6,5.7,5.0,-15.8,0.3,3.2,7.2,-8.3,-10.3,-8.1,-5.1,-4.6,-3.6,-12.2,8.3,4.1,3.5,14.4,-0.6,-2.8,6.2,-3.8,4.7,-4.7,-2.0,7.4,1.5,4.8,6.6,1.8,3.4,-0.8,4.5,5.1,5.1,5.1,5.5,5.8,,24.0,-15.6,4.7,6.2,-4.2,2.8,4.8,0.5,-5.1,-0.4,11.4,-0.5,-11.5,-0.4,14.2,3.7,17.3,7.0,-12.5,-15.7,-3.3,-6.8,-3.2,-4.0,10.6,-0.8,4.7,1.4,2.0,10.7,17.2,-12.1,6.2,-0.2,8.9,7.8,2.5,7.7,0.9,-4.5,8.4,10.0,-7.8,4.8,4.2,4.8,3.4,6.4,-2.9,-32.1,13.9,0.0,7.1,13.1,16.2,0.0,3.9,2.0,14.7,-1.5
1973-07-01,2.1,4.7,5.8,16.8,13.8,0.7,-16.0,7.3,15.7,-3.5,-5.9,24.7,18.8,12.6,-13.5,10.2,6.2,2.0,4.8,0.1,-0.4,9.2,-25.7,5.1,4.9,-23.9,-6.8,1.8,-0.7,14.3,0.8,1.8,3.7,0.1,-6.5,4.0,9.1,3.9,-6.6,-1.3,-1.2,4.6,3.2,5.9,10.1,11.0,5.0,6.0,6.2,-1.6,,11.3,13.1,-3.9,4.3,-2.7,6.2,-7.6,2.2,3.7,-2.8,11.2,-2.7,-13.1,9.9,1.5,-6.2,22.3,-6.3,2.1,-20.1,1.9,2.0,-1.4,0.3,8.3,-2.3,6.8,2.1,-1.9,10.6,15.3,0.3,7.6,1.4,4.2,7.7,-2.7,7.1,4.4,4.9,2.3,25.2,5.6,12.7,2.5,3.2,2.7,-10.2,-4.3,-1.5,8.8,0.0,13.6,12.5,9.9,-0.2,9.3,4.0,18.2,-0.7
1973-10-01,8.4,3.0,4.1,13.5,22.1,2.8,-3.6,6.5,-6.6,-9.0,3.8,35.0,2.0,-7.4,2.4,54.0,13.6,3.9,1.6,-5.5,-7.2,9.5,48.2,-1.5,-0.8,-18.7,-24.9,4.5,2.8,5.5,3.8,-6.0,4.1,-3.9,4.8,5.8,3.9,2.7,11.2,6.3,7.5,5.9,1.4,4.6,1.1,-5.3,4.9,3.0,6.4,-4.3,,14.9,8.9,5.7,-0.8,1.0,6.9,5.6,5.2,-1.3,-3.8,10.2,-3.5,-23.5,-2.4,-24.0,-8.6,26.3,-7.0,-27.1,-29.5,-1.6,-6.8,0.6,-1.7,13.1,-1.2,5.5,-2.2,-3.1,-1.6,8.4,-11.6,4.2,-1.2,5.6,-2.3,-6.1,-6.2,4.4,-2.0,7.1,27.1,-6.1,6.9,1.6,1.0,1.5,0.2,-9.5,-25.2,8.4,13.5,21.4,7.8,16.2,-0.7,0.0,5.0,13.5,2.1
1974-01-01,-2.3,20.4,6.6,5.9,12.7,1.4,-27.7,-1.4,9.1,-9.0,-5.2,-6.9,-20.7,-17.1,0.2,-31.5,-17.9,-10.7,-12.0,-1.8,-3.0,21.5,2.7,-6.4,-6.1,-7.3,-51.0,5.3,4.2,-5.9,2.3,-37.1,2.2,-6.4,-0.1,19.5,5.1,3.6,-0.7,0.5,0.0,8.6,-0.8,-3.3,0.3,-13.4,6.7,2.9,8.2,-3.5,,7.8,26.8,-0.3,-3.0,-4.3,-6.5,8.9,0.4,-33.6,-3.2,-7.1,-3.4,-25.4,6.4,-8.9,7.8,39.8,-20.1,8.5,-34.7,-5.3,-1.3,2.8,-2.2,2.2,-4.4,5.0,-3.3,-5.6,7.7,20.1,-9.0,3.6,-3.5,9.8,4.1,-8.3,0.9,19.9,-7.6,4.8,-7.8,-0.6,15.4,3.7,0.9,-0.7,-5.8,25.5,-29.2,-0.4,13.1,1.8,7.9,8.0,4.7,10.4,5.7,11.3,2.9
1974-04-01,-1.9,20.5,0.5,7.3,-19.9,-4.7,-13.8,0.3,-4.6,2.2,-7.0,-2.9,23.5,24.2,-0.8,-14.3,3.4,7.1,10.2,-3.3,-4.6,11.6,102.2,2.5,2.2,5.6,2.6,-0.8,2.3,0.8,-5.2,14.0,-6.0,-1.3,5.3,-6.2,10.1,3.9,-7.7,13.2,14.2,-5.5,4.2,-21.4,-12.3,20.5,5.4,7.8,7.0,10.7,,15.9,-11.3,7.7,-1.6,1.4,-18.0,12.0,-7.3,16.5,-4.4,0.2,-4.4,-2.3,2.7,25.6,10.8,24.3,32.6,8.9,-5.2,-2.6,-2.1,8.7,-2.8,9.0,-4.9,-7.8,-1.1,-1.8,-6.8,-19.2,3.2,-3.2,1.4,6.4,-3.9,-10.4,6.1,6.7,2.1,8.0,6.9,11.9,5.8,1.9,0.3,4.1,-8.5,19.8,22.1,1.8,0.0,7.5,-13.5,2.1,-0.3,6.2,5.2,8.4,-2.9
1974-07-01,1.3,-5.9,4.3,11.0,-26.7,-6.6,-4.2,5.9,-6.1,2.4,-7.2,-8.9,7.3,8.5,-4.6,17.4,17.7,15.5,17.9,9.2,10.0,8.5,-0.2,-1.4,-1.2,-4.5,-6.9,-9.0,-7.6,9.5,-5.5,8.2,-15.1,1.3,-1.2,-1.5,6.8,1.4,-9.4,4.6,3.8,-10.8,2.4,-22.0,-18.3,7.6,4.6,5.2,6.0,13.5,,2.8,9.9,0.1,5.4,-7.5,-19.7,11.2,-2.3,11.6,-1.1,-6.2,-0.4,12.2,1.2,11.0,13.8,19.0,26.6,-8.9,23.3,0.9,-3.9,8.3,-11.1,-3.2,5.0,-11.5,1.5,-6.9,-2.6,5.1,-8.4,-6.4,1.7,-1.0,-3.4,-6.9,-3.1,-3.8,-1.9,10.2,-20.0,6.5,-5.3,1.8,0.6,2.1,-15.9,11.6,10.8,7.8,12.7,-9.7,-11.7,0.8,-1.8,8.7,3.5,2.4,-6.3
1974-10-01,6.4,-9.5,-3.0,9.1,-20.9,-15.8,27.6,10.3,9.0,-33.0,5.0,-30.0,12.5,7.7,2.7,-16.1,11.9,12.9,21.5,-7.1,-7.8,5.2,8.7,2.8,3.1,17.8,-3.7,-23.9,-24.9,-2.4,-14.7,13.1,-16.8,-15.3,2.8,-5.7,6.3,3.0,9.9,2.7,2.8,-28.3,4.2,-12.7,-24.3,6.7,3.8,4.3,4.6,14.2,,-9.6,7.7,2.8,2.1,-20.4,-8.0,15.3,-17.1,17.0,0.8,-16.3,1.3,-50.0,-21.1,-2.1,26.6,12.8,20.5,-11.3,-62.8,-6.9,-12.7,1.8,-20.6,-12.7,5.0,-10.0,5.2,1.9,3.6,-10.1,-6.8,-12.1,-5.7,-5.2,5.6,-1.3,-0.8,-7.7,2.7,10.2,-31.4,-18.9,-7.2,2.0,0.1,4.2,1.0,-4.5,-30.1,11.9,-11.3,-2.4,4.4,-10.3,-2.2,-14.4,2.2,2.4,-12.6
1975-01-01,-5.9,-2.6,-2.2,4.4,3.0,14.4,13.9,8.6,8.9,8.8,3.0,71.3,-4.3,-6.4,-5.2,34.8,37.5,17.3,38.1,0.5,0.8,5.6,9.2,4.7,3.9,-13.1,-9.1,-4.3,-2.9,8.2,15.7,-7.4,-9.2,2.9,5.2,1.7,3.0,10.7,-0.2,10.5,10.9,-6.6,4.1,-1.1,-7.8,-5.2,1.2,0.0,1.1,-0.7,,6.5,24.8,9.0,-0.7,15.8,2.6,0.2,18.0,-7.0,-0.2,2.1,0.6,17.7,4.1,-10.9,-4.6,3.1,4.2,-32.4,41.1,0.8,4.0,8.5,8.6,14.7,7.0,-4.3,3.1,0.8,11.0,29.8,-4.3,-2.8,3.4,-2.1,7.1,8.4,10.5,-0.5,4.7,2.6,61.3,11.6,8.3,1.5,0.5,3.8,2.1,17.5,-0.8,8.6,0.0,21.4,-12.1,4.4,0.2,8.8,0.7,-10.6,15.1
1975-04-01,14.8,-11.6,8.1,4.7,0.2,14.3,41.4,14.4,-4.2,8.0,7.3,13.3,18.0,24.4,3.6,25.5,15.0,1.8,12.1,11.7,13.0,7.1,-46.3,9.4,9.8,-18.9,21.9,4.2,3.0,-3.0,14.8,3.7,3.1,8.8,6.4,-8.3,7.7,6.4,-1.6,7.4,8.6,5.7,4.9,10.5,-1.0,20.1,2.1,5.4,2.0,-11.5,,10.2,-14.2,7.4,4.6,13.8,1.7,-6.2,14.6,0.3,13.5,12.5,12.9,0.6,29.9,39.0,-4.3,1.7,-39.3,49.4,-11.6,9.2,9.0,2.0,12.4,8.7,8.1,3.1,6.1,3.0,5.0,9.8,1.5,6.8,6.7,8.2,7.1,3.2,-12.6,-10.0,9.5,-2.1,-33.0,27.6,-5.8,2.2,1.9,4.9,10.7,17.8,53.7,16.0,12.7,-3.2,12.9,10.3,4.0,35.0,0.3,-0.8,15.9
1975-07-01,7.8,12.1,7.5,11.4,15.9,6.9,20.5,10.5,2.0,27.4,2.5,-3.3,6.2,0.4,6.1,-30.2,0.6,0.8,11.7,3.0,2.7,0.9,-26.5,-1.0,-0.4,18.2,11.0,7.9,7.3,11.0,7.3,-3.2,12.0,10.2,-1.2,-2.1,2.2,-1.8,-5.4,-3.4,-4.3,6.2,1.8,-2.1,7.0,0.2,3.0,2.5,3.2,1.1,,35.2,31.7,-3.6,6.0,14.2,4.7,2.7,8.5,-6.0,9.1,7.1,8.6,61.4,0.0,-10.4,1.1,-1.8,-6.3,12.0,99.4,4.0,9.3,0.9,5.4,21.1,5.3,8.1,9.3,3.3,0.3,13.0,2.6,7.1,5.8,1.7,-3.6,-0.1,-4.2,5.1,-1.1,6.7,-3.9,10.3,13.8,2.8,0.1,1.9,12.2,13.4,31.4,11.8,12.3,5.7,11.9,11.0,7.3,2.2,-1.0,4.9,6.0
1975-10-01,22.3,9.2,1.3,15.5,12.9,2.7,34.1,8.0,7.7,12.1,13.8,-10.8,-9.8,-13.4,9.9,-11.8,6.8,8.1,12.4,-4.8,-5.6,14.8,-4.3,13.9,14.6,8.2,-26.9,7.0,11.9,7.5,2.9,-2.0,2.4,2.8,13.4,7.1,-2.7,9.7,10.4,13.5,15.2,-1.6,5.8,-3.5,2.1,-11.6,3.1,0.0,3.4,9.8,,17.5,-6.8,14.6,16.3,7.2,3.0,3.5,2.6,4.2,3.4,-3.5,3.6,16.9,9.8,-20.3,8.3,-4.5,2.4,10.4,24.8,-1.0,9.4,6.0,1.5,10.2,5.4,4.6,11.7,5.2,4.8,13.6,1.4,3.1,4.4,0.6,1.4,-6.9,-6.3,8.2,13.9,7.8,-14.5,12.1,4.2,2.6,-1.1,5.9,8.9,8.7,21.8,9.9,0.0,2.6,15.7,9.9,5.2,13.9,-1.6,8.2,2.6
1976-01-01,1.8,19.4,0.3,13.7,12.6,5.1,14.9,0.1,-3.8,21.6,2.5,-11.7,7.5,5.1,11.6,134.1,17.1,6.5,-4.7,10.7,12.1,6.2,27.9,7.2,6.8,9.6,35.6,7.2,5.5,-3.8,4.4,12.8,9.9,12.2,7.4,2.6,-2.1,3.9,2.5,7.5,7.8,7.7,4.5,2.5,0.9,4.1,2.6,2.8,2.8,-4.6,,26.7,19.9,6.0,5.2,6.3,9.7,0.8,0.2,8.6,4.6,7.9,4.5,44.4,8.2,0.8,4.5,-10.8,-27.5,35.2,57.9,8.3,-4.4,6.2,8.2,12.0,3.8,4.1,11.9,4.9,-0.7,8.2,0.5,1.0,8.2,3.4,-2.3,-11.8,21.1,11.1,7.3,4.3,-13.9,8.6,14.0,2.1,1.2,4.7,9.4,34.8,-3.2,1.7,11.9,-8.8,0.1,14.2,6.8,11.1,-1.1,17.5,6.6
1976-04-01,4.1,16.3,8.4,13.6,3.8,0.9,6.9,7.5,17.2,1.8,-3.2,14.5,5.4,-0.3,1.2,-28.9,-3.1,4.6,7.1,9.3,9.4,4.7,15.0,2.4,2.5,-11.8,15.0,1.8,1.9,0.5,1.4,7.8,4.0,4.9,0.7,-4.6,-3.4,4.1,-1.2,2.6,2.6,-0.8,2.7,14.9,-5.8,-0.5,3.3,2.6,3.6,14.2,,6.3,36.7,0.6,16.8,4.6,-1.4,6.1,2.1,6.3,1.4,-0.3,1.7,0.5,2.1,-11.2,11.4,-4.6,14.8,10.6,-1.4,6.3,-12.6,2.8,-1.5,7.7,3.8,4.2,11.3,-1.0,6.1,8.6,-5.9,3.6,3.7,4.8,1.7,-11.9,1.1,6.1,2.2,7.7,2.0,1.1,9.9,2.8,2.2,2.7,7.7,11.9,-8.4,10.3,0.0,14.9,16.8,6.3,3.3,3.2,-1.2,12.6,0.8
1976-07-01,17.1,5.7,4.7,14.3,12.8,5.6,-1.4,6.7,16.1,4.6,-5.9,-7.6,5.8,16.1,0.7,-6.0,3.3,5.7,6.4,2.0,1.4,6.5,20.6,5.7,6.5,12.9,19.7,6.2,8.7,36.7,5.1,5.6,6.0,3.6,4.3,4.2,-9.7,3.8,-5.5,8.5,9.0,-0.4,5.1,13.0,3.2,13.2,2.8,4.7,3.3,8.3,,12.6,15.6,5.6,7.9,-1.2,7.0,8.6,7.0,2.6,-1.9,2.6,-0.8,2.6,2.1,39.9,8.3,-0.8,9.8,-6.4,4.7,3.1,-9.6,6.0,7.6,5.8,7.8,1.8,9.1,4.7,-2.3,9.5,2.9,6.1,4.3,1.0,-11.5,-6.1,7.7,5.0,5.6,14.0,-13.6,5.9,3.8,1.9,-0.4,4.9,9.3,21.8,-1.4,8.5,0.0,1.5,-5.0,11.2,1.3,7.4,-1.0,19.6,3.5
1976-10-01,-6.5,11.5,4.8,10.2,-3.4,4.5,7.8,4.4,3.3,6.5,5.2,-20.4,21.8,31.3,1.9,20.3,10.3,7.5,7.4,3.3,3.1,3.6,0.3,-1.2,-1.6,20.3,34.1,11.0,11.1,32.6,4.7,11.0,11.7,5.0,3.3,-0.5,-14.7,3.8,12.1,3.8,3.6,8.7,5.7,3.9,2.7,25.8,2.2,6.6,2.8,4.6,,8.0,-19.9,3.7,5.7,-5.1,2.6,0.3,10.3,6.0,6.7,1.0,6.7,3.2,0.9,50.6,6.1,3.7,0.8,-22.6,10.4,4.3,-8.6,4.9,3.6,0.7,6.9,2.0,6.5,10.5,3.9,7.9,0.3,9.7,5.3,5.7,2.8,1.7,21.3,5.9,-1.5,8.0,-21.2,10.5,6.8,1.5,-1.6,5.6,3.2,6.2,46.0,4.8,11.6,-5.7,-7.9,17.1,6.4,3.1,-1.2,16.3,1.7
1977-01-01,13.5,9.5,11.6,-4.1,10.5,0.7,-13.1,7.8,-3.5,16.0,2.4,-21.5,13.2,-4.4,-1.2,19.0,18.4,7.1,18.2,1.1,-0.3,11.2,-2.4,18.2,17.8,-5.6,-30.6,12.8,21.9,-36.0,-2.6,-7.3,-15.2,4.5,4.3,2.5,-19.3,4.3,0.4,5.0,5.0,7.4,5.2,-2.5,15.1,-3.6,2.0,0.8,2.2,-3.9,,-44.5,-11.1,6.1,-10.0,-5.3,-8.7,11.7,-21.4,-0.6,17.9,21.8,17.1,40.7,-11.5,-30.6,-8.8,9.8,15.7,30.9,47.6,-0.3,18.3,4.9,17.1,-23.8,10.8,0.9,8.4,3.5,3.4,-2.3,14.9,7.4,4.8,-7.6,8.0,15.2,-8.2,6.3,18.5,-1.8,-23.2,1.0,-5.3,1.3,10.4,5.0,8.9,-21.2,41.3,6.9,-10.4,29.2,-1.2,23.2,13.1,-4.9,1.1,11.9,10.8
1977-04-01,-7.5,6.7,6.9,3.0,-3.5,8.0,5.4,8.0,-1.4,9.8,-2.8,30.9,-3.4,-19.6,0.1,-4.9,2.5,3.4,4.9,-2.5,-3.7,-24.9,-13.6,-5.8,-5.9,7.2,-21.9,8.5,3.0,22.0,12.7,-0.5,30.9,3.0,6.2,-0.9,-14.9,9.3,-2.1,9.0,10.0,10.5,1.5,3.3,-13.9,-16.8,2.2,-2.0,2.7,4.4,,120.3,15.6,8.2,-1.7,2.7,7.8,7.2,35.4,5.1,8.9,7.1,8.6,0.8,10.5,-44.9,13.7,12.6,2.8,-28.1,6.1,0.0,-8.8,4.0,-10.7,47.0,5.5,-1.4,2.4,2.4,9.6,8.9,2.3,4.5,2.2,-1.4,14.1,3.5,0.8,3.2,-4.7,7.7,19.8,15.0,15.7,1.6,-3.3,1.5,5.1,30.2,-2.3,8.5,24.1,-14.8,-10.1,8.3,6.6,20.8,0.5,4.7,1.2
1977-07-01,6.1,11.9,-3.5,7.1,3.3,6.5,15.0,5.0,1.2,6.0,-0.6,113.3,19.2,28.7,3.7,-5.2,3.1,6.9,5.8,-0.9,-0.4,-16.4,-13.0,-7.5,-6.5,-8.9,9.5,5.7,1.4,23.7,7.2,4.7,22.5,3.3,-0.5,-2.4,-9.5,4.2,1.5,-1.0,-2.6,7.1,4.4,13.6,-4.6,24.2,2.6,6.7,3.2,10.9,,35.3,1.7,-1.8,11.9,1.3,22.0,7.5,17.5,3.6,10.2,-11.4,9.8,1.9,10.5,50.6,17.0,16.2,-0.3,52.0,-2.6,2.0,-13.7,7.7,3.8,19.5,6.0,2.3,7.8,4.7,11.6,9.7,5.4,8.6,3.8,2.1,16.0,3.7,7.6,5.3,-7.0,9.7,104.0,8.1,0.6,1.9,-3.2,4.3,11.6,24.6,-27.2,5.2,22.8,-14.0,-0.3,5.0,8.2,15.4,1.5,13.6,0.9
1977-10-01,-8.1,12.7,7.6,8.0,11.5,21.4,23.3,14.4,16.6,8.7,16.3,53.9,-9.4,-2.6,17.5,4.6,5.3,8.7,5.5,6.6,6.5,-4.6,-9.2,-1.1,-1.7,7.5,9.4,10.9,10.7,15.5,22.1,1.9,16.5,8.8,7.9,0.4,-15.5,1.2,13.5,1.9,0.8,8.1,3.4,2.3,4.3,-2.1,4.0,2.7,4.4,12.2,,29.9,14.7,5.0,18.5,19.2,23.2,6.8,24.9,0.3,-4.1,13.2,-3.0,3.2,13.2,12.2,3.0,18.8,14.4,4.6,0.9,8.9,16.9,7.6,18.4,23.9,6.8,7.6,7.1,8.7,0.3,6.4,-0.6,11.1,6.2,6.6,-6.4,5.3,6.0,7.2,-1.0,8.4,70.0,9.2,7.8,3.8,-2.3,3.8,14.8,17.2,-23.1,15.7,0.0,3.5,-0.2,10.4,0.5,18.0,1.2,6.4,20.9
1978-01-01,7.6,-7.2,-3.7,-3.6,32.1,4.3,-4.7,8.1,4.4,-10.2,5.4,-25.0,17.6,14.7,0.1,-21.3,-5.4,1.4,-0.5,-2.2,-1.8,38.8,-26.6,10.1,9.9,8.9,26.9,-6.8,-8.0,5.3,3.4,3.4,1.2,-2.2,6.5,-2.7,-23.1,7.3,-1.2,10.3,10.4,-11.9,6.6,5.6,13.3,12.0,7.0,8.0,9.9,8.7,,-23.9,-3.9,8.6,7.5,-13.7,1.7,3.2,-7.4,-1.6,1.9,1.8,1.6,-15.3,-5.1,9.4,0.9,24.9,20.3,-17.7,-18.3,1.7,28.3,9.7,8.5,-19.3,-1.1,6.3,7.5,8.3,3.6,5.1,-0.4,0.1,2.3,8.5,2.8,0.3,15.9,-5.3,8.8,2.0,-30.1,2.1,3.5,0.5,4.0,6.4,6.4,-22.3,56.1,9.1,440.9,-11.3,6.8,5.9,-0.9,-2.7,-1.8,3.8,9.6
1978-04-01,8.2,12.7,4.6,1.5,24.3,15.7,-7.0,8.6,1.6,33.3,1.1,3.4,-0.3,-1.7,3.8,92.7,18.6,10.2,2.8,-6.4,-7.6,5.8,-27.9,12.0,11.7,-5.4,-14.7,20.2,28.5,7.7,13.9,3.2,2.2,12.0,9.4,-8.3,-13.3,6.4,-7.3,12.3,13.8,12.0,6.2,-5.4,21.5,-1.2,6.1,4.5,7.6,2.4,,3.2,18.3,11.2,-2.2,3.6,19.0,-1.8,8.5,8.1,10.4,23.0,9.1,65.1,-0.6,-4.2,2.7,17.8,9.5,9.4,90.7,3.1,25.6,5.0,24.5,9.4,-1.1,12.2,4.2,3.7,-1.1,-2.0,5.9,13.0,8.8,7.2,-1.8,-0.8,10.0,3.3,12.3,0.9,4.4,9.6,8.1,2.7,3.2,6.1,12.8,15.0,11.1,9.8,681.8,40.0,4.6,26.0,7.1,8.4,1.7,-4.8,16.9
1978-07-01,-3.6,9.7,7.6,3.3,15.6,6.2,2.0,6.8,-9.6,-5.3,3.3,-0.2,0.5,-3.2,-1.4,-9.8,-0.6,-1.3,2.5,1.3,0.5,3.6,-7.2,10.3,9.1,20.3,-34.4,-0.3,-1.5,2.3,7.5,-4.5,2.2,0.3,1.1,-2.0,-11.9,0.7,-0.3,3.3,3.1,-3.4,3.0,2.6,8.6,-2.2,4.7,3.3,6.6,-2.0,,2.6,3.9,1.9,0.8,-5.4,10.3,10.7,-0.9,3.9,-2.1,3.8,-1.9,-13.0,-2.1,-9.9,6.4,14.7,-19.1,9.3,-19.8,3.1,10.7,4.2,0.3,6.0,0.6,8.9,11.0,3.0,-2.7,2.5,-3.6,0.3,1.7,13.1,-1.9,4.6,-4.6,4.7,10.6,7.4,-0.9,-0.5,21.0,0.4,1.7,2.9,3.7,23.9,-13.0,7.1,254.9,35.2,2.0,14.7,0.4,-0.9,3.1,4.4,12.8
1978-10-01,2.8,-2.9,1.1,8.2,13.9,9.7,7.4,6.4,1.1,3.2,2.9,16.7,9.4,4.5,8.9,-30.0,-6.9,0.1,1.2,4.2,4.8,1.7,-14.4,2.6,2.6,-7.6,-8.7,5.4,3.8,0.9,8.6,-2.2,12.6,4.6,3.2,-1.6,-13.6,2.6,2.9,2.2,2.1,4.0,1.9,1.7,7.3,5.0,4.8,4.9,6.7,8.3,,-10.2,2.2,1.5,0.6,-3.9,19.0,-4.1,12.1,-0.8,-3.8,11.3,-3.2,-1.5,6.0,-4.4,8.7,11.3,28.1,2.6,-5.0,5.3,0.0,2.6,14.6,-2.1,2.9,7.9,14.9,-2.5,3.1,5.8,-5.8,4.4,3.3,11.9,2.9,4.8,-16.2,-2.3,2.6,1.1,9.4,14.1,8.8,0.4,1.4,2.1,5.2,38.9,2.8,6.7,225.2,16.1,0.4,7.7,-2.9,12.1,7.7,12.8,6.1
1979-01-01,14.8,23.7,3.3,8.2,13.5,0.0,-0.7,10.0,6.7,-4.7,1.2,3.3,16.0,15.2,13.9,5.2,4.0,-0.4,3.5,-0.5,-0.9,8.6,-22.1,4.2,5.0,-8.1,37.1,-1.5,-0.2,7.7,0.8,11.1,-7.4,-0.3,3.3,2.1,-4.0,2.3,7.3,-0.2,0.3,-1.8,3.9,-3.3,5.2,14.0,3.3,5.4,4.2,-5.1,,-22.7,19.1,0.1,16.8,-14.3,6.3,6.8,-0.4,6.2,9.9,-2.8,8.9,-7.4,-13.6,13.7,10.7,6.5,-61.9,-6.2,-8.6,1.8,-7.9,-2.8,-3.8,-16.4,0.9,2.2,20.3,0.8,5.9,7.1,0.0,4.1,2.1,6.5,5.3,5.6,-4.6,14.2,4.0,8.3,0.9,3.8,-2.9,1.3,-2.0,4.2,18.6,-21.1,42.9,10.6,105.2,-10.6,-4.8,1.5,10.7,-1.7,7.5,26.0,0.8
1979-04-01,3.5,-0.9,3.0,7.7,1.6,2.5,-9.3,9.5,-3.8,-8.7,-5.3,20.6,-14.8,-9.6,-0.9,54.5,8.3,16.6,-2.5,0.8,0.4,2.2,12.7,-6.6,-5.8,0.2,-20.2,6.5,5.8,-0.5,3.1,-17.5,3.4,-3.3,3.8,15.2,-7.0,5.8,2.1,7.3,7.8,9.1,2.6,-8.1,6.9,-7.0,3.6,1.3,4.7,26.2,,18.0,-3.7,5.3,0.2,-9.3,7.3,3.0,0.8,-16.9,4.4,2.3,3.7,-29.7,18.9,1.3,10.3,4.8,226.7,-17.7,-38.3,-0.8,-15.5,4.9,0.2,11.2,-2.7,5.4,12.7,-0.6,3.6,7.8,-11.8,5.6,-0.3,8.6,4.9,5.9,-0.6,5.6,-7.1,4.4,22.6,10.9,3.4,1.0,-1.1,2.5,7.6,-1.4,-0.7,10.0,89.5,14.7,-1.0,10.1,4.3,20.5,8.5,16.7,4.7
1979-07-01,-9.5,4.8,14.0,4.7,20.9,14.4,-25.3,6.3,3.0,11.6,-1.2,-3.0,-12.3,-13.4,-16.1,11.1,-2.7,1.4,-6.8,4.4,3.0,1.2,25.4,2.6,1.5,-5.1,-26.3,12.1,12.0,8.1,15.2,-5.9,10.3,6.8,-3.0,-7.1,-13.1,4.2,1.1,1.5,1.3,11.7,2.1,13.5,8.6,-10.6,4.0,0.9,5.3,5.6,,25.1,-9.6,1.5,-9.4,-15.5,4.7,2.6,13.9,-0.8,-2.2,2.1,-2.0,20.4,24.9,-15.3,10.2,2.1,26.8,36.5,22.7,4.8,13.2,2.4,10.8,8.2,0.1,5.6,11.0,4.4,8.1,8.0,-5.8,6.0,4.0,9.7,9.9,9.3,14.9,-0.2,2.6,4.7,-1.8,-2.5,9.1,1.2,-0.7,1.5,-4.3,-7.2,-38.9,5.9,82.9,-4.6,-0.1,17.6,-1.4,28.3,6.0,20.9,15.6
1979-10-01,3.4,-13.2,-1.5,1.2,4.8,2.3,13.6,2.7,-5.1,-9.9,4.3,10.8,17.9,8.1,12.6,3.0,-5.4,-4.9,-8.0,4.9,6.0,2.3,-14.0,9.6,9.0,-3.5,-28.0,-4.5,-7.3,-3.6,1.8,-6.8,6.0,-1.7,6.2,-15.8,-14.4,3.6,10.3,3.8,4.1,-6.6,3.1,-5.5,6.6,7.9,3.4,4.3,4.2,-4.5,,-16.3,25.5,4.2,1.4,-23.1,9.8,6.5,-1.1,-1.7,5.0,-7.6,5.3,-14.9,-12.9,-8.3,8.5,-0.3,-25.1,-18.6,-16.0,2.1,-11.2,2.4,4.6,-11.0,8.2,3.7,10.1,2.3,3.4,6.3,0.5,1.1,1.0,0.3,5.4,8.6,15.8,-14.2,9.9,3.7,5.8,-7.0,7.0,1.5,0.4,3.4,7.8,4.9,-18.7,2.0,82.9,9.6,0.6,3.8,-2.0,-6.8,7.5,29.6,3.5
1980-01-01,-7.0,-10.1,13.1,6.0,6.0,-2.4,-13.6,12.6,-3.9,-6.1,-4.6,1.0,9.7,7.7,6.8,57.7,11.4,4.8,-1.7,4.3,3.1,3.5,-5.5,-3.3,-3.6,-0.2,-17.5,-9.1,-11.3,1.5,-1.4,-10.0,-8.5,-2.0,2.0,-8.9,-12.3,0.6,-2.5,1.7,1.2,-5.0,0.5,-8.6,-0.9,7.2,4.1,4.7,4.5,-2.0,,0.5,26.0,0.6,9.3,-42.5,1.0,3.7,-3.8,-8.5,-12.3,-0.9,-10.8,0.3,-13.9,4.0,3.3,-4.4,-28.2,29.2,-4.3,-0.2,-2.4,4.3,-6.5,-11.5,3.3,1.5,-0.4,-4.3,-0.9,-7.0,-2.9,0.0,-0.6,4.5,2.2,9.0,-15.5,-9.6,-3.6,3.5,-0.4,-10.9,-1.1,3.2,2.6,0.7,2.8,5.3,-38.4,13.1,49.9,-12.6,-0.8,-5.4,-10.3,-2.4,4.4,7.9,-0.5
1980-04-01,-9.1,-12.2,-6.5,-0.2,-10.6,-1.9,4.4,3.8,-5.7,-36.7,1.3,-2.7,-0.3,1.7,2.1,-56.0,-22.1,-9.3,-4.4,-2.9,-2.5,2.8,18.4,-4.7,-5.1,-15.3,-40.0,-16.5,-21.2,-0.4,-2.0,-12.6,-7.2,-15.5,-1.4,-15.4,-13.1,-3.0,1.9,-2.4,-4.2,-12.9,-2.6,-3.3,-3.1,2.0,3.6,3.3,3.6,7.4,,-44.2,-10.1,-2.5,17.3,-30.2,-17.9,-4.7,-3.5,-6.6,-18.3,-5.4,-16.0,-58.7,-20.5,5.7,2.2,-4.0,-4.8,-44.9,-70.6,-5.3,-1.9,7.5,-1.4,-30.1,5.5,-6.3,-6.6,-3.0,-3.8,-3.4,-11.2,-3.8,-8.7,0.3,-3.3,6.3,-10.6,-13.4,-5.1,-3.0,-3.2,-12.9,-14.1,4.0,1.6,-2.5,7.7,4.1,-41.1,3.4,47.1,12.7,3.6,-9.3,-15.0,-5.5,4.1,-11.8,-0.3
1980-07-01,6.1,-11.9,-4.0,4.4,11.5,10.7,-14.8,-2.1,13.3,19.0,5.4,3.1,18.3,8.9,20.6,96.6,18.5,9.8,-1.9,-5.5,-5.5,1.2,-41.5,0.5,0.9,17.5,-4.4,0.6,-0.3,7.9,12.0,-6.1,3.3,4.2,12.0,-2.9,-16.8,10.0,6.9,8.0,9.9,-0.1,4.2,-5.5,5.7,7.5,2.8,3.7,2.8,1.1,,-0.1,24.6,9.5,0.9,-14.5,5.8,5.9,11.7,-6.4,7.4,5.1,7.5,50.5,2.0,-7.6,-1.8,-4.8,7.7,25.5,78.3,-1.0,17.3,-1.5,5.3,0.0,8.1,3.1,5.4,-2.0,13.0,5.5,-2.4,-1.0,4.5,4.6,15.4,2.7,-5.8,-8.6,0.5,5.8,1.9,11.8,1.5,3.4,-2.4,4.7,-0.7,5.8,29.5,-2.7,44.6,10.6,4.0,3.6,1.3,10.1,-0.4,13.9,12.3
1980-10-01,20.0,-12.0,5.9,8.4,14.0,8.2,3.9,4.0,22.3,12.8,-0.2,22.1,-7.1,7.1,11.5,30.2,7.9,12.0,-0.5,-4.0,-5.3,1.8,-13.1,5.3,6.5,6.9,-3.3,13.6,16.4,26.4,7.8,-0.1,15.7,4.6,5.3,-11.9,-13.7,8.5,3.6,3.2,3.1,6.1,6.1,1.3,3.2,6.3,2.6,3.3,2.5,16.6,,33.9,-3.2,3.4,-6.1,-0.7,14.0,12.8,3.8,0.5,0.0,7.6,1.5,5.6,12.5,41.0,-0.3,-5.3,112.8,5.4,5.0,1.6,-9.6,3.8,10.4,23.2,13.1,8.5,9.3,7.2,16.6,10.8,-9.1,6.1,5.5,12.7,16.7,-0.3,26.9,-11.9,5.5,13.5,16.8,19.0,11.9,3.3,-3.2,6.2,14.4,3.0,48.1,4.6,55.9,15.9,0.8,12.7,-3.6,15.0,1.5,2.9,9.9
1981-01-01,0.7,-16.3,0.9,11.5,9.9,11.1,-7.1,1.2,3.0,11.9,-3.8,-16.9,-22.4,-27.5,2.0,-28.1,-21.6,-11.9,-18.7,1.3,1.2,4.2,31.1,4.4,4.0,16.5,-38.0,-3.0,-3.4,7.5,10.9,2.7,-8.3,5.9,1.5,-5.4,-9.3,4.0,-1.6,3.4,3.0,-1.2,-2.4,1.7,3.6,-24.2,2.2,-4.0,2.2,-1.1,,-2.8,170.2,1.4,-3.4,-6.5,1.9,2.4,7.4,11.7,7.2,15.2,5.8,45.3,1.5,-36.1,-4.6,-5.3,9.2,-1.9,71.0,3.6,-6.1,5.7,12.0,-1.1,-4.4,2.6,9.5,-8.9,4.8,16.9,-2.9,0.4,1.3,-2.1,1.8,-5.9,1.1,-12.5,4.4,6.2,-15.2,-9.6,3.4,2.3,2.2,-2.3,-1.4,-9.2,-41.1,2.2,34.5,10.9,0.2,5.6,-1.2,10.3,-1.4,1.9,13.2
1981-04-01,11.4,-0.9,1.6,11.6,2.0,2.0,2.2,5.8,12.4,-14.7,-1.5,7.1,53.0,26.6,-2.3,16.5,7.9,-1.9,4.2,4.5,4.9,2.3,5.2,-2.3,-1.2,-11.6,-6.2,-5.1,-5.9,27.5,2.0,-1.1,2.4,-3.2,4.5,-12.3,-8.2,7.3,0.2,7.1,8.8,-7.9,2.9,-6.7,0.4,22.2,2.4,6.3,2.1,-10.5,,14.9,-7.9,6.7,-2.1,-10.1,-11.8,12.1,-1.3,-0.2,-14.1,-12.1,-11.4,-33.6,-16.4,-14.5,-2.1,-5.5,-27.6,8.9,-46.0,1.8,-7.3,-1.3,2.1,3.4,12.2,-0.8,8.8,-1.9,7.6,15.1,-5.7,-3.4,0.0,-0.2,3.8,-5.9,-10.7,-5.2,-2.6,14.2,10.0,4.6,6.9,3.4,2.5,2.8,10.6,12.8,22.1,7.4,25.1,-16.7,5.2,-6.5,-9.1,-5.1,-1.5,2.8,4.2
1981-07-01,-7.9,-20.8,3.1,9.4,10.7,4.9,-5.5,-4.2,-3.5,12.7,-3.2,6.7,-22.2,-7.1,17.9,-19.8,3.6,-1.7,16.4,-0.9,-1.5,1.5,-8.1,-4.3,-4.6,17.9,-3.9,-5.5,-9.7,14.9,6.6,-0.7,8.5,4.1,2.5,-6.9,-7.3,1.0,3.8,-1.2,-1.3,-6.8,-0.5,-4.1,1.9,-6.6,1.3,-0.4,0.7,-6.9,,2.9,0.5,-1.8,18.8,2.3,0.8,8.3,4.3,-0.1,13.4,18.1,12.7,34.2,-11.3,34.4,0.4,-5.4,-49.7,-10.5,54.4,0.9,-15.3,-1.0,-1.9,2.3,7.4,2.3,14.5,-2.2,4.2,7.4,-4.9,1.1,1.9,0.5,5.7,-2.2,-5.7,-15.8,-4.6,10.2,15.5,11.0,2.3,3.3,-2.2,0.1,0.5,1.3,40.1,-4.4,25.1,-4.2,-0.1,-0.4,1.5,3.8,-3.4,33.2,7.8
1981-10-01,-5.3,7.6,8.2,6.5,5.6,-1.0,6.8,3.5,-7.1,-25.8,3.5,-0.2,1.2,5.0,24.1,16.8,20.3,9.8,22.1,4.7,4.2,1.8,14.0,-2.1,-2.4,6.3,1.5,-12.3,-17.5,9.4,-0.5,-0.3,-3.1,-7.0,3.9,-7.2,-6.9,-3.7,6.7,-4.0,-4.0,-6.9,0.2,-7.4,-0.2,4.4,1.3,2.0,0.8,-0.8,,-15.2,34.1,-1.5,1.5,-20.0,2.2,-6.4,-4.1,-0.6,-9.1,-15.2,-8.4,-44.0,-17.2,12.6,0.6,-5.0,-12.2,-26.1,-54.7,1.5,-5.2,-4.3,-3.2,-11.6,-2.9,-0.5,5.4,-0.6,-3.3,1.8,-2.3,-1.6,-2.7,0.4,-3.7,1.8,2.5,1.7,-2.3,0.6,6.3,-11.5,6.0,3.1,-2.6,0.9,12.4,-12.9,-28.7,3.8,-1.2,1.3,-5.7,-9.9,-5.0,-5.1,0.7,2.2,1.4
1982-01-01,-9.7,10.2,0.7,8.3,21.2,4.3,-5.0,0.9,1.2,13.4,-5.0,-16.4,10.2,11.8,19.8,-1.8,12.9,12.6,20.2,-0.7,-0.8,-1.6,-10.6,0.6,-0.4,24.0,-2.2,-8.2,-8.3,5.1,4.8,4.6,3.4,4.1,3.5,-2.9,7.4,-2.5,-0.9,-0.7,0.6,-17.9,1.6,-7.2,-3.1,9.8,-0.1,2.0,-0.9,12.5,,-4.8,-23.4,-1.0,12.7,-1.7,-4.4,10.2,-1.9,5.7,-11.9,-0.6,-11.5,53.9,-16.2,14.4,-2.3,-3.5,49.8,12.0,93.4,0.7,-13.5,-7.6,2.2,-1.9,-8.8,-2.2,-4.1,2.1,-5.0,-16.8,-14.8,-5.2,3.0,-1.3,-2.9,6.5,-2.1,5.0,0.7,7.5,-23.6,-4.7,2.5,2.3,-0.3,2.1,3.8,4.6,-8.7,0.2,19.4,8.2,-8.0,-3.0,-5.9,-1.5,-2.1,10.7,7.7
1982-04-01,-0.1,8.3,3.4,4.3,-6.1,-6.7,-3.9,7.2,2.2,1.5,-0.9,6.7,-7.3,-11.5,15.4,3.9,7.0,6.0,8.8,1.8,1.8,3.1,-30.7,7.0,6.4,22.8,-20.7,1.3,2.4,7.1,-4.8,0.8,2.9,-0.1,7.0,-7.2,-7.1,2.8,0.6,4.5,5.0,-3.1,1.9,0.4,1.5,-10.0,-0.5,-2.6,-0.8,4.9,,23.3,-14.5,4.6,5.6,6.0,3.1,-0.2,-2.3,4.6,-1.3,10.7,-2.6,-4.9,2.1,-18.8,2.0,-4.5,7.6,-17.7,-6.3,-0.7,-2.5,1.1,-14.5,13.3,-11.8,-1.4,12.8,5.8,0.3,0.9,-7.0,-4.2,1.2,0.6,-0.4,4.1,-0.7,2.2,7.2,3.3,9.2,8.0,-6.4,0.4,0.6,2.3,7.8,-1.8,-3.6,7.7,-5.8,0.9,-2.0,2.6,-0.9,17.8,-0.5,8.2,-6.1
1982-07-01,1.2,0.3,-2.8,11.0,5.5,7.4,-13.2,6.0,2.5,3.3,-3.7,-1.4,-5.8,-6.1,15.4,43.6,17.0,10.0,6.9,2.5,3.5,0.6,-23.1,4.5,4.2,1.1,-7.0,2.9,2.3,3.5,7.7,-6.5,10.7,2.2,3.5,8.1,-10.3,2.0,-0.6,0.4,-0.1,-0.8,2.7,-0.6,1.0,-5.3,1.4,-0.1,0.8,2.9,,-10.8,-17.7,0.2,-6.3,7.7,1.0,1.8,7.4,-6.4,4.9,7.7,3.1,4.8,-0.1,-6.9,-1.3,-4.5,35.9,35.9,-2.5,1.7,-4.6,3.3,6.0,-1.1,-9.3,2.2,7.0,3.7,4.4,11.3,4.2,-0.6,2.7,-0.7,2.9,4.7,-3.0,3.3,4.7,4.9,6.2,3.6,7.9,3.5,0.1,3.1,5.8,-6.6,-12.7,6.2,8.1,18.1,-3.8,0.4,3.2,15.4,0.1,10.2,8.1
1982-10-01,1.5,12.3,3.3,14.5,6.4,7.5,28.8,7.0,1.7,19.5,4.0,-12.9,13.4,-0.1,17.3,142.1,53.2,25.3,20.6,6.9,7.4,-0.6,14.7,3.6,3.4,35.4,-6.5,8.6,9.6,5.8,8.0,-1.2,12.5,8.3,5.8,1.2,-11.5,4.3,-0.3,3.6,2.9,3.3,6.0,0.8,4.4,0.6,1.6,1.4,1.3,-0.1,,6.6,-8.7,2.6,-8.5,3.0,-6.5,1.0,4.0,-0.4,8.9,16.9,8.0,39.7,3.0,-20.5,-4.0,-4.0,25.1,-9.4,64.0,4.2,0.3,7.7,5.5,4.6,1.2,0.9,-4.4,8.8,5.4,10.5,15.0,4.2,7.2,0.9,4.9,4.5,-3.8,8.0,3.8,4.9,-13.5,8.7,5.8,2.7,0.2,6.3,5.7,-8.6,17.5,7.4,1.2,8.1,-6.2,7.6,8.0,18.8,5.3,10.8,10.7
1983-01-01,-4.3,28.4,2.8,17.4,-5.0,3.2,8.6,0.3,1.0,4.1,3.6,13.2,-2.4,-4.8,19.9,-11.0,42.9,20.2,82.5,-1.5,-2.1,-14.7,-2.3,4.5,3.7,-13.4,-14.9,9.5,15.6,9.9,3.1,9.3,-5.5,2.1,3.5,-4.5,-35.5,2.9,1.0,-0.1,-1.9,11.5,5.0,2.6,-3.5,-3.5,1.4,0.3,2.0,-2.7,,18.7,-26.8,-0.8,-2.1,25.9,-1.8,8.2,-0.2,13.1,10.2,3.0,8.7,-9.3,16.7,-8.8,-6.3,-5.0,3.9,-17.5,-10.8,1.3,6.8,11.7,4.0,14.6,-2.4,-0.4,6.0,5.6,7.3,18.0,28.5,1.9,4.0,11.1,6.1,3.8,-4.5,14.8,5.6,10.8,7.0,20.7,6.2,0.7,-7.2,5.4,6.0,8.0,-2.4,-0.2,-21.7,5.6,-9.6,1.3,10.8,40.8,4.8,166.2,5.9
1983-04-01,14.8,-6.6,2.7,15.1,9.7,13.9,5.9,6.4,2.5,32.5,2.4,2.5,4.2,21.3,5.7,37.6,37.1,8.8,36.9,2.6,2.5,-6.3,2.7,-0.3,1.0,51.4,69.3,7.3,9.0,18.3,14.2,-1.7,-5.2,12.3,2.7,0.2,-18.0,4.5,0.5,2.1,0.3,13.9,5.6,0.5,8.2,18.6,0.8,4.5,0.8,-22.0,,15.4,0.2,1.8,-7.3,18.9,4.7,11.1,12.3,-9.1,8.7,18.8,8.5,69.1,22.2,56.5,-5.0,-1.4,-66.0,11.8,104.8,4.8,4.6,13.5,12.9,9.0,6.5,6.2,7.7,9.7,8.1,28.0,20.0,9.4,8.4,4.7,3.8,4.5,-2.1,-3.8,0.0,13.2,2.5,20.8,11.6,0.8,5.5,5.6,7.2,5.8,-5.4,6.7,-14.9,-5.6,-1.4,8.1,4.1,43.5,3.6,199.7,15.8
1983-07-01,10.9,8.2,4.0,16.8,2.0,5.0,6.4,-3.3,1.9,16.3,1.7,31.7,60.7,15.2,19.9,-27.1,3.2,10.4,19.5,5.2,5.3,-4.4,17.5,4.8,5.3,27.3,-2.3,16.3,23.5,12.2,4.7,8.7,1.8,9.2,1.3,2.8,-9.8,0.9,-0.6,-3.6,-6.3,12.1,5.6,8.9,9.9,13.5,4.9,6.7,4.9,21.5,,0.2,38.3,-3.5,-2.0,7.6,6.7,4.1,7.2,10.4,13.7,13.0,15.1,15.1,16.0,-35.9,-1.8,0.5,219.1,36.1,11.8,6.2,4.1,13.4,6.5,11.9,26.7,7.3,14.1,2.5,7.9,21.9,12.7,10.3,7.4,10.8,5.2,7.0,0.2,6.4,5.3,9.8,29.2,21.4,5.5,5.1,2.7,6.0,8.5,19.9,-7.1,-4.5,5.4,44.1,-3.9,12.4,12.0,31.4,3.6,145.4,3.4
1983-10-01,10.5,16.0,2.5,14.8,10.1,15.9,17.6,5.4,1.2,21.2,1.8,-2.0,-19.0,2.2,24.4,4.8,5.4,-2.0,5.6,1.3,1.1,-5.7,-10.6,-1.2,-0.2,-2.9,-1.1,12.0,15.1,5.7,16.7,4.0,14.4,9.8,4.7,-12.0,0.2,1.5,-0.3,-0.7,-2.8,5.0,3.6,16.6,5.7,2.7,4.9,4.4,4.8,-11.3,,16.8,-31.3,-0.5,0.5,18.1,8.6,2.6,10.4,4.8,13.9,13.5,16.4,29.1,7.9,57.3,1.4,2.5,-44.2,16.2,36.6,5.0,-2.6,11.7,12.1,11.5,37.8,3.9,5.4,8.7,4.6,7.0,5.6,6.2,6.5,1.1,4.8,13.9,3.8,5.3,-1.0,6.7,-8.9,23.6,7.7,5.6,-0.6,4.2,6.0,15.4,85.3,4.4,2.6,1.4,-2.3,5.3,12.5,17.4,6.3,98.0,21.4
1984-01-01,9.7,11.3,-8.9,5.3,8.2,6.4,1.0,4.3,-0.6,16.0,-1.4,8.0,-15.0,-15.2,9.5,20.2,-12.3,-8.0,-23.1,-2.7,-1.6,-2.7,-20.3,6.3,6.6,151.6,-3.8,9.3,14.2,13.9,6.9,-2.8,-5.8,5.5,3.1,11.7,18.7,2.5,-2.3,1.0,0.7,8.3,1.5,17.2,7.8,-12.1,3.1,-0.4,3.5,-1.1,,15.3,185.5,1.3,8.3,4.7,5.6,0.4,4.5,-2.7,12.2,14.5,14.7,18.9,8.5,-15.4,2.8,7.2,-30.7,31.7,17.4,1.0,-0.8,2.9,4.2,9.9,34.3,5.6,14.2,2.7,4.7,13.5,-7.9,8.1,3.4,7.1,3.3,8.2,1.6,11.6,6.7,5.3,17.2,22.1,7.4,2.5,-2.4,1.8,4.1,21.5,46.5,3.9,-16.9,7.2,0.0,11.5,13.6,15.6,9.2,95.2,8.3
1984-04-01,-5.3,22.1,1.8,6.7,18.1,14.4,5.7,-0.1,1.1,9.6,0.7,16.4,19.3,16.1,17.8,-6.5,-5.1,1.7,-4.6,7.6,8.5,-5.0,-2.6,-1.6,-2.0,30.6,-9.6,12.2,10.3,-0.3,17.7,6.5,18.0,9.2,3.9,3.6,2.9,0.0,-0.3,-1.6,-2.1,11.4,2.7,11.2,8.5,14.7,3.0,5.5,3.1,11.6,,14.4,55.8,0.0,-3.0,14.5,8.6,4.2,15.0,9.1,6.9,-3.9,10.1,6.5,-1.5,10.5,4.4,3.1,78.6,30.6,4.1,9.0,0.2,1.4,0.1,16.5,34.6,9.1,7.6,1.0,2.4,2.7,-4.5,10.3,5.7,5.1,2.7,4.6,5.8,15.5,-1.4,4.3,14.7,9.3,12.0,3.0,-0.7,3.2,9.1,13.1,5.1,-0.7,5.5,24.9,5.5,16.6,12.0,9.1,6.8,73.9,19.4
1984-07-01,13.0,3.0,3.6,7.9,-9.2,-5.8,-2.1,-5.7,1.4,0.1,-0.7,-7.2,-11.0,-11.1,16.7,19.4,6.1,7.5,0.8,1.5,1.2,-5.0,-2.5,6.3,6.9,47.2,-2.1,2.8,0.5,11.7,-6.9,2.7,4.5,0.2,3.4,-4.2,-3.0,1.7,-1.6,-1.5,-1.7,9.0,4.8,8.9,-0.2,-8.6,5.2,2.0,4.5,9.3,,13.6,-14.4,-0.3,-3.1,4.3,2.6,3.4,-7.4,3.4,12.4,-6.9,14.6,-6.0,5.3,-11.2,7.1,1.7,37.8,45.9,-16.1,0.3,2.3,-0.1,-0.7,5.7,29.2,1.7,10.9,9.3,6.4,15.8,1.8,0.0,3.0,0.8,4.6,11.1,4.6,0.7,6.8,6.8,-11.5,7.4,7.7,7.7,-1.3,5.1,10.6,2.4,0.9,-7.6,-18.5,-2.3,-1.3,-0.2,9.7,16.8,7.4,76.6,-6.3
1984-10-01,21.2,15.5,0.4,7.6,2.2,7.7,8.9,5.3,2.2,13.6,3.0,2.6,16.2,1.1,21.4,8.0,7.0,1.1,6.5,1.4,1.6,-5.0,-10.4,-2.2,-0.1,14.0,3.0,6.7,6.2,12.6,7.8,3.3,9.2,6.4,5.4,-0.6,-5.6,1.8,-0.5,-1.0,-1.9,9.1,4.0,3.2,3.0,1.9,4.9,4.3,3.6,-5.8,,9.2,8.2,1.0,-3.3,15.3,0.9,3.6,10.2,3.4,13.2,4.6,14.2,16.3,16.8,-23.1,8.0,0.3,-29.8,-24.7,33.6,3.1,7.7,4.1,7.5,14.9,20.8,2.4,6.8,8.1,5.7,10.0,8.5,6.4,5.3,6.0,5.3,1.5,9.9,9.8,-2.1,6.7,-4.2,16.6,-1.2,8.9,-1.1,4.5,16.9,17.5,9.6,5.8,-3.5,37.4,1.1,-0.8,12.7,24.0,6.8,72.2,6.9
1985-01-01,-4.6,-5.7,6.0,16.4,-1.2,3.4,12.4,3.9,4.8,14.6,0.7,5.8,9.8,27.8,-4.5,19.3,33.2,24.7,39.7,1.5,0.9,-6.1,-15.1,1.7,1.0,0.8,14.7,1.8,2.8,11.1,3.1,0.3,-6.9,6.3,1.0,5.5,-16.2,3.3,-1.8,2.3,2.4,12.0,7.9,-1.6,-0.1,24.6,2.8,7.2,1.4,14.2,,2.3,-12.0,2.9,12.3,3.1,-0.7,2.8,2.3,-1.5,22.6,2.7,21.5,26.8,20.9,72.0,10.8,-1.7,27.0,50.5,27.0,2.5,-0.3,1.6,5.0,1.1,14.9,4.5,5.5,6.9,4.6,0.5,7.5,5.6,7.0,3.1,6.0,-1.2,9.7,-1.6,2.0,8.4,-2.4,14.8,16.1,7.4,-7.8,7.4,12.0,3.4,29.7,4.6,-15.9,-1.8,-3.6,-11.6,13.4,16.2,8.1,64.5,4.0
1985-04-01,10.0,8.8,4.3,10.4,4.1,5.7,15.9,15.6,3.6,4.9,1.9,-8.4,-12.2,-24.9,9.0,24.1,15.2,7.9,11.7,4.4,4.4,-6.0,17.4,3.3,4.0,30.3,-6.4,3.8,3.7,9.1,4.5,2.0,-1.9,3.7,2.6,5.4,-11.7,3.1,0.0,0.8,-0.7,7.4,3.6,-2.8,1.7,-20.9,4.2,-1.8,2.7,-1.6,,-0.6,11.6,0.9,6.1,6.9,-5.1,6.6,1.4,3.2,11.6,12.4,11.9,5.5,0.3,-45.1,7.6,-2.3,-27.8,9.9,3.1,3.2,-1.9,9.8,11.6,2.7,13.8,0.0,5.8,9.2,6.2,14.8,6.1,2.8,3.7,-1.0,3.9,-9.2,4.6,8.0,3.7,8.1,-13.1,5.9,-0.8,8.0,8.6,3.7,9.3,9.0,-5.8,19.3,-4.4,12.4,3.6,7.0,10.7,14.6,5.2,61.1,6.5
1985-07-01,-2.5,-2.8,9.7,9.5,7.5,5.4,28.7,15.9,3.1,28.2,3.2,12.4,3.4,12.7,5.4,0.7,5.1,8.8,6.9,4.4,3.6,-7.8,24.8,-2.2,-2.2,-13.5,5.4,10.8,14.5,5.2,6.9,1.3,4.4,11.1,5.8,-7.1,-10.6,6.2,0.9,6.4,6.4,8.3,5.5,1.8,5.1,11.8,4.6,6.1,3.3,14.2,,16.7,-12.2,6.0,5.8,15.6,2.1,3.8,2.3,0.8,8.4,2.6,8.5,54.8,4.9,34.5,6.7,-2.5,51.2,21.5,77.5,3.3,-5.9,6.6,-1.5,13.4,9.0,1.2,7.1,7.2,5.8,12.4,7.5,4.0,7.8,5.8,4.3,7.0,3.1,-3.9,-1.9,6.0,7.1,5.5,2.5,8.3,3.4,5.5,13.8,0.7,-21.0,17.1,-10.0,8.8,-4.0,4.9,4.5,19.6,7.6,52.3,9.7
1985-10-01,-6.5,14.1,-3.1,7.9,-2.0,5.3,-14.4,3.0,1.9,-13.1,-1.1,10.8,9.8,11.9,0.5,26.2,8.3,0.4,1.6,4.4,5.8,-7.9,-27.7,-0.6,-1.2,-32.1,-11.8,8.5,5.4,13.8,5.1,-0.7,3.3,-2.4,5.1,-3.5,-8.0,5.3,0.2,6.0,6.0,21.4,3.3,3.0,4.2,11.2,4.2,5.6,3.6,-10.2,,15.3,0.8,6.5,-2.0,8.6,-0.2,4.9,6.6,1.0,3.5,2.5,3.5,-36.4,17.6,16.1,5.2,-2.4,-45.9,-8.0,-46.9,3.6,5.9,6.0,6.1,10.8,3.7,3.4,10.0,-0.8,4.4,8.1,7.8,5.6,0.9,6.1,3.7,3.1,5.8,7.9,-0.2,7.9,14.7,18.3,1.9,6.1,1.0,3.2,12.0,16.7,-20.4,3.0,-10.3,5.6,0.4,8.3,4.9,37.4,8.0,43.9,4.8
1986-01-01,29.1,38.0,6.8,5.9,-4.2,10.8,11.9,-1.0,0.5,8.4,1.3,-12.1,-8.0,-16.8,23.6,36.3,5.1,3.2,-6.6,3.8,3.3,-6.9,27.8,5.2,7.5,5.3,4.0,9.6,15.2,-0.2,10.2,8.6,1.8,6.2,6.5,-8.6,-15.1,2.0,1.4,2.5,1.1,0.9,1.0,4.8,6.2,-13.5,1.4,-1.8,1.1,0.2,,9.3,61.2,1.8,-16.9,16.3,5.0,-0.1,5.5,9.2,-1.1,-9.1,-0.9,6.1,-6.5,-32.7,1.2,-4.8,48.7,1.1,11.0,5.2,-5.5,9.9,13.3,8.5,0.3,1.2,6.3,-2.5,1.4,7.2,3.8,2.3,3.5,1.0,-0.5,3.6,1.4,19.7,5.8,2.1,-17.4,11.9,7.3,2.2,3.6,1.7,10.2,-0.7,52.1,-1.5,-1.6,10.6,-8.7,9.6,5.0,10.8,4.4,33.0,14.4
1986-04-01,-18.5,12.6,-1.1,6.3,0.2,13.8,11.9,0.4,0.4,14.9,0.6,4.7,6.3,6.0,29.0,13.7,5.9,2.6,2.2,-1.7,-1.7,-7.8,-4.4,7.1,4.1,-40.1,30.8,5.5,4.9,11.7,14.1,9.2,5.3,7.3,6.1,-5.7,-13.1,0.4,-0.4,-0.9,-1.3,5.6,1.7,6.5,4.9,6.0,2.3,3.0,2.5,-2.4,,7.7,-9.4,0.0,-10.2,8.7,-1.3,-6.1,12.3,6.6,-1.2,4.4,-1.6,23.4,16.1,5.5,2.1,1.2,4.1,1.9,33.3,3.6,-4.2,1.4,12.7,7.3,-3.7,1.8,4.4,-2.0,2.2,7.4,6.2,3.6,4.4,6.2,0.7,8.5,3.4,6.2,7.7,1.7,0.8,13.9,-2.5,1.8,-1.0,2.4,6.7,16.9,-24.5,-0.6,-6.9,8.0,2.1,9.4,0.8,32.8,5.7,35.2,16.4
1986-07-01,2.3,30.3,-0.5,7.9,17.5,2.0,-1.2,6.7,2.2,38.7,-0.8,26.2,-1.2,1.6,7.9,-1.1,2.9,1.9,4.9,-3.3,-3.5,-7.5,-43.6,1.5,1.5,50.1,29.8,11.4,17.1,0.0,2.0,6.2,-3.1,13.0,1.4,-5.9,-12.8,2.8,-0.2,-0.2,-0.7,8.3,3.2,3.9,1.6,2.8,3.5,3.3,3.8,0.5,,9.8,33.8,-0.5,-6.5,2.7,6.9,1.9,1.2,3.2,2.1,7.8,1.6,67.6,21.6,8.1,5.6,4.0,4.5,29.6,90.7,0.8,-1.8,2.4,2.0,11.2,-0.9,4.1,11.6,4.9,6.8,12.9,6.9,8.3,7.3,6.6,5.8,13.6,1.5,16.7,1.8,4.1,22.8,32.8,13.8,3.1,-9.1,3.4,2.8,16.7,49.7,5.8,3.3,16.1,-3.5,7.6,6.1,35.2,8.5,27.3,1.3
1986-10-01,2.1,-0.6,-2.4,8.2,-1.6,0.4,0.8,0.3,3.8,-6.2,1.0,11.0,12.3,6.6,5.6,13.2,9.1,7.2,7.1,3.1,4.0,-8.3,-13.1,5.9,5.5,11.3,-11.3,3.5,4.2,17.9,-0.1,5.1,5.9,-0.3,2.9,-6.7,-3.6,4.1,-1.2,2.1,2.0,2.1,4.4,0.1,4.1,6.0,2.7,3.4,3.3,4.4,,86.8,2.6,2.2,0.4,6.0,3.2,6.1,-1.9,7.7,3.7,-4.7,2.9,-30.1,4.0,-5.4,8.3,6.7,4.7,0.2,-38.5,3.3,6.7,2.8,2.7,45.9,-1.9,5.1,10.3,4.0,6.7,4.5,8.6,5.9,2.5,6.7,8.4,9.9,5.0,-2.4,6.5,9.3,10.6,26.9,2.1,1.9,-12.8,4.5,3.9,7.8,95.8,-0.9,1.6,17.0,5.2,-3.6,1.2,17.4,3.5,20.1,1.1
1987-01-01,26.8,0.1,-3.4,5.9,10.9,6.8,2.3,14.2,5.0,-21.7,1.9,19.9,-2.3,-4.9,5.8,69.7,31.8,19.2,14.6,-2.4,-2.1,-11.0,-27.9,5.8,7.8,74.9,-16.9,3.0,8.9,2.1,5.5,-5.7,-16.9,-7.9,4.3,-0.3,-6.9,4.8,3.5,-1.9,1.7,-2.0,6.7,-2.1,-1.0,-3.3,1.7,0.7,2.0,1.3,,-39.4,-8.9,3.9,-7.6,8.8,6.3,-2.5,9.8,-4.0,6.7,-12.4,6.7,-41.0,1.4,-11.1,9.3,11.4,4.7,-37.3,-45.9,0.5,-2.2,-19.9,12.7,-18.6,6.7,3.0,19.0,16.4,13.9,30.0,5.1,6.3,0.4,4.0,10.6,5.5,-1.8,-0.1,6.4,2.6,22.0,-2.4,7.5,0.3,14.6,6.6,25.2,24.0,-37.4,15.4,-7.7,13.6,1.6,14.6,4.5,2.3,3.8,-13.4,2.7
1987-04-01,4.3,9.7,-0.7,3.2,-2.5,1.7,21.7,9.8,4.9,17.4,4.1,-3.9,25.3,19.0,5.8,-6.8,1.5,-1.1,6.7,-0.6,-0.4,-6.6,-35.5,5.0,5.0,18.7,9.0,2.4,4.0,4.3,3.1,11.2,7.3,7.9,5.1,-0.6,0.7,4.9,-0.4,4.5,3.0,-5.6,4.0,-3.8,0.4,16.0,1.0,3.8,1.4,-5.1,,0.7,17.7,4.9,-20.5,6.0,11.0,1.0,4.4,11.5,7.7,11.5,7.0,36.2,-2.2,4.6,7.9,9.3,4.6,25.4,44.4,3.1,4.4,13.5,-4.4,1.6,3.4,6.3,7.2,5.5,5.5,-4.0,6.1,5.8,5.6,6.3,9.6,0.4,5.8,6.3,5.5,2.8,2.3,12.5,15.7,-0.1,2.2,4.0,2.5,14.0,31.0,11.1,-4.8,3.1,2.2,3.5,6.8,8.6,3.9,5.3,2.8
1987-07-01,-0.2,-5.8,-0.9,7.9,17.6,6.3,23.2,11.8,2.6,17.6,4.5,-7.7,-10.0,-2.1,10.5,-2.9,-0.2,-1.1,1.3,0.1,0.3,-3.5,-10.4,1.9,1.7,0.0,-25.4,5.0,5.3,-3.0,6.5,-9.4,0.3,6.2,5.7,4.9,2.2,5.6,0.5,3.9,2.1,9.1,3.4,0.3,0.9,-0.7,4.5,3.5,5.5,-2.4,,-7.6,18.0,4.3,-13.8,2.9,3.6,4.6,6.6,-7.1,8.6,13.9,7.2,36.6,16.6,20.7,6.2,9.2,4.0,57.2,36.0,0.3,2.2,14.0,5.2,-4.7,-0.8,0.7,9.9,4.3,7.8,9.1,10.2,2.0,4.6,1.8,8.8,2.4,4.2,-2.3,2.1,4.5,-2.7,10.5,4.3,2.2,1.5,3.6,4.6,19.0,-20.0,13.0,-4.8,-2.5,-6.4,1.1,4.2,23.0,5.2,13.2,5.6
1987-10-01,22.7,-5.3,2.5,11.2,-19.1,-3.1,-3.6,1.9,0.5,-10.4,-0.8,2.6,-3.2,-1.6,6.9,2.5,-4.4,-1.1,-8.2,0.0,-0.4,0.1,8.4,9.4,10.8,17.2,5.7,0.9,-1.1,14.0,-4.0,5.9,-4.3,-3.5,3.3,3.3,4.7,3.2,0.2,1.9,0.8,8.5,3.9,2.8,0.5,-1.5,4.5,3.3,5.6,4.4,,10.9,13.0,2.3,3.4,-7.1,0.2,2.4,2.4,6.0,6.7,2.8,4.4,-22.7,-2.6,2.5,5.9,8.5,3.5,27.2,-36.7,0.5,-1.0,8.0,1.5,4.6,-8.7,1.6,6.7,4.0,4.7,8.0,9.1,3.4,0.8,-0.5,4.6,20.0,10.2,-2.3,9.7,7.7,6.2,-2.4,2.8,1.7,0.9,4.0,-3.6,-1.9,-28.4,-0.3,-1.7,1.2,-2.0,6.6,2.3,6.0,-1.3,22.7,-6.2
1988-01-01,-7.2,1.7,-1.0,10.0,20.5,5.6,35.8,7.5,-2.7,20.3,5.2,15.3,18.1,18.0,23.7,-21.6,-2.7,5.0,9.5,6.2,7.3,7.8,-2.0,1.2,0.3,0.9,26.0,4.2,2.6,19.5,7.1,3.9,17.5,9.8,7.2,12.5,29.1,4.8,0.2,2.4,1.4,0.1,5.0,2.5,8.2,14.9,2.1,4.5,2.5,18.2,,3.2,10.8,2.7,43.7,-11.2,17.0,10.6,3.7,1.4,6.2,20.8,8.2,36.2,4.0,18.0,5.4,8.1,2.9,-9.3,57.4,4.4,-1.9,8.2,-1.0,8.8,21.1,1.2,12.8,7.4,7.7,15.6,20.2,1.0,7.3,9.0,7.6,-3.3,11.8,5.4,1.0,12.3,18.7,16.3,-0.6,1.3,-2.8,5.6,3.9,9.5,11.6,8.8,6.0,35.5,-18.3,4.4,7.3,20.2,3.0,26.6,8.0
1988-04-01,9.2,8.9,4.4,12.9,-1.8,-2.3,16.7,-4.5,-2.0,0.2,3.8,1.6,-1.9,-3.2,16.7,-2.8,-3.6,1.1,-4.1,5.0,5.2,1.9,0.6,9.5,9.5,-13.3,-6.0,4.6,2.1,14.1,-3.1,5.8,7.7,2.1,5.1,18.6,-0.1,3.1,2.1,1.8,0.3,5.5,3.2,-2.1,4.2,-2.2,2.5,1.6,3.0,8.2,485.5,3.3,7.8,1.9,17.2,-5.0,2.3,13.1,2.2,7.5,4.5,2.8,4.9,-8.4,12.2,-6.2,3.1,5.9,1.9,-8.2,-10.4,3.2,-1.4,10.4,1.5,2.6,7.7,3.7,10.4,-1.5,4.7,9.0,6.4,4.7,3.0,8.7,4.8,-20.8,4.1,11.9,9.7,13.0,5.0,13.1,10.4,1.5,-0.8,3.6,2.3,11.4,9.2,-2.1,8.5,5.6,-4.5,16.0,7.0,16.3,2.1,3.7,-6.3
1988-07-01,1.4,4.2,-2.0,10.7,11.2,9.4,29.9,13.7,-1.3,-5.1,9.5,-9.8,12.9,8.4,17.9,1.6,6.1,6.3,8.6,0.7,1.1,2.1,9.4,11.4,10.3,15.8,12.2,1.7,-0.5,14.0,9.8,-0.2,9.6,-0.1,6.9,2.3,7.2,3.9,6.3,2.1,1.8,1.2,5.8,7.3,4.1,7.7,3.5,4.3,4.5,6.6,173.3,-3.0,39.1,3.8,14.3,-11.6,4.4,9.4,7.3,-1.7,8.5,-0.6,8.3,-14.9,3.1,-2.0,2.3,4.0,1.0,-21.7,-15.5,2.8,2.4,3.9,7.6,0.4,6.6,2.2,10.1,5.6,6.1,17.5,7.6,3.8,3.6,3.1,3.8,-1.7,6.9,3.6,11.7,10.8,-7.4,5.4,5.8,1.2,-0.7,6.1,1.5,3.6,15.1,16.0,5.8,18.7,-8.0,5.9,6.8,5.7,5.2,5.8,11.3
1988-10-01,-4.7,7.5,2.3,6.3,15.4,9.4,3.3,2.5,0.1,10.8,3.1,6.8,-9.8,-2.0,13.2,10.6,-0.8,1.8,-6.3,1.7,1.6,2.1,-17.0,6.9,5.6,2.5,0.6,9.9,11.5,7.3,11.1,4.7,5.2,6.5,2.5,1.9,-3.2,1.2,1.6,-2.0,-3.1,7.7,3.1,6.9,5.5,-1.4,3.5,2.6,4.6,5.1,123.2,4.1,10.7,-0.5,11.7,-2.4,3.8,7.8,7.4,5.3,6.9,-0.9,6.8,11.6,-6.0,19.8,1.7,2.0,0.3,8.4,15.2,4.2,6.5,3.9,1.7,5.5,6.2,4.0,12.6,3.1,5.2,18.3,5.5,-1.1,4.6,6.0,1.5,-7.4,4.1,5.6,7.0,7.6,9.2,13.1,9.4,0.8,0.1,3.4,6.1,0.8,29.4,3.8,4.0,13.2,0.9,13.3,6.4,14.1,1.4,5.7,13.0
1989-01-01,6.0,-9.1,4.5,8.0,-15.8,1.3,-0.7,7.0,0.8,-1.8,3.8,-4.7,6.8,5.2,4.3,11.2,19.8,13.3,24.9,1.6,1.3,2.7,-26.4,-2.5,-1.7,-1.6,-29.4,7.2,9.5,0.5,0.9,0.6,3.5,0.5,1.6,-1.3,12.0,1.0,2.3,0.9,-0.2,4.6,2.7,10.6,-2.6,5.4,1.6,2.3,2.6,5.2,66.8,-2.8,22.6,0.8,16.6,7.2,4.3,8.4,0.6,5.1,0.4,-6.9,1.6,-0.3,-6.9,1.3,-0.9,-0.2,-2.3,4.2,-0.2,1.8,11.2,6.8,3.0,-6.0,9.4,3.0,5.1,2.6,1.1,6.5,3.5,1.6,1.9,10.9,-0.9,10.1,1.6,-6.7,-2.7,6.4,-3.4,-11.6,-2.9,-1.1,-0.5,2.8,15.2,7.3,-47.9,6.6,8.9,-19.7,-0.9,3.8,-1.0,-3.9,6.1,-11.8,2.7
1989-04-01,3.1,1.2,2.1,3.1,4.0,5.4,6.2,6.6,1.2,5.4,4.4,9.3,-5.7,-9.2,22.5,16.8,7.4,4.9,2.5,-2.4,-3.0,0.6,-1.2,-1.4,-0.9,-6.0,12.0,6.1,1.5,-3.7,2.7,-2.2,9.3,2.3,3.7,1.6,11.6,-1.3,2.0,-3.0,-3.1,12.4,1.0,7.6,-1.4,-6.7,2.2,0.4,2.7,1.7,107.4,-2.2,0.8,-1.2,4.3,6.6,2.8,7.3,8.5,-3.7,-0.5,0.6,-0.2,1.1,-9.0,-17.2,0.2,-1.9,0.1,24.0,-4.6,0.6,8.6,-2.4,18.5,4.4,1.6,2.7,6.7,4.1,0.7,5.1,1.5,4.4,1.9,-2.8,-1.2,-0.4,1.3,1.1,-1.5,3.7,13.0,14.7,13.5,0.7,2.4,1.6,11.9,12.5,32.9,7.4,8.8,14.8,1.6,23.0,0.2,11.5,4.0,-13.4,-0.7
1989-07-01,3.0,10.4,-0.5,1.4,18.6,9.2,8.7,5.9,2.1,9.4,4.0,-9.0,-1.8,4.0,22.6,1.9,0.9,1.4,0.3,2.8,3.4,1.1,-13.1,3.7,3.6,14.3,-6.3,-1.7,-2.8,1.9,10.7,-0.8,3.1,5.9,4.3,2.8,12.3,0.1,2.7,-1.4,-2.9,-4.3,2.1,5.7,2.4,3.7,2.2,2.5,2.4,2.1,107.4,-4.8,22.9,-0.5,3.5,24.7,0.8,5.0,4.9,-0.2,-2.4,14.5,-2.0,19.5,24.4,19.4,1.8,-3.3,0.9,-13.4,32.1,4.1,3.5,7.1,2.7,2.0,-0.1,4.3,4.9,3.5,1.9,2.7,4.2,6.7,3.9,10.2,1.6,-1.8,1.8,7.5,3.8,3.2,-7.1,7.7,13.2,1.7,0.4,2.6,9.5,13.1,26.9,6.9,5.4,5.9,-2.8,4.8,0.8,3.0,2.7,-18.7,13.7
1989-10-01,1.8,4.0,0.7,0.2,2.8,1.6,5.2,9.7,2.5,-11.6,1.8,3.5,29.2,30.8,20.2,14.9,0.1,0.9,-8.4,3.7,4.2,0.3,-26.0,1.4,1.4,6.1,52.5,1.1,-1.6,1.7,1.9,12.6,5.8,-1.3,5.7,4.3,20.3,3.9,1.7,1.9,0.6,6.2,3.3,0.9,3.6,24.2,2.9,6.7,2.9,1.9,103.5,9.3,26.0,1.8,1.6,9.6,4.1,-1.4,1.8,8.3,-2.9,6.4,-3.0,-28.3,2.8,34.3,2.7,-4.4,1.7,51.3,-47.1,4.6,-0.4,9.4,0.0,8.6,-3.4,5.0,9.8,1.4,6.3,15.1,4.1,3.7,1.7,8.0,3.6,2.4,4.3,3.8,1.4,0.6,8.0,1.3,5.4,3.0,0.0,3.8,1.8,4.1,-7.4,10.6,-3.7,9.9,1.9,0.9,-1.0,1.8,1.3,-21.2,1.9
1990-01-01,7.8,1.8,7.4,5.3,-15.8,-3.3,3.6,-1.0,-1.0,18.0,2.4,-2.5,-27.5,-38.1,11.0,-4.0,1.4,1.3,5.0,0.5,-0.4,0.9,18.7,9.5,9.3,23.9,-59.6,5.5,4.8,18.9,-4.4,-11.3,13.8,5.5,5.5,3.4,14.4,5.1,2.3,3.5,2.1,0.3,1.8,2.9,3.0,-31.6,3.3,-4.3,2.5,1.2,82.8,-6.3,12.2,4.0,-3.3,-28.6,7.4,5.7,2.6,-2.3,1.5,12.2,0.5,40.1,12.1,-58.4,4.0,-7.1,5.6,0.5,63.1,-0.5,2.1,10.9,1.9,3.0,-4.9,5.0,4.6,3.4,7.0,18.1,7.9,6.4,3.4,7.3,4.4,1.2,4.5,1.9,9.8,7.9,-1.4,4.0,11.9,5.5,0.7,2.1,-2.5,8.9,-18.8,-1.4,12.6,50.0,-7.8,8.5,0.9,11.3,-0.8,-30.7,-7.4
1990-04-01,-1.6,-7.0,6.8,6.0,-12.6,-6.0,-1.9,5.0,0.4,-12.6,0.6,2.4,22.7,28.7,33.0,2.0,-2.8,0.4,-5.9,6.4,6.4,-0.7,-28.7,3.9,3.3,-0.1,57.8,-10.6,-13.3,3.7,-6.1,-2.0,-12.7,-4.2,8.8,-3.6,-4.5,4.9,1.2,1.1,-1.3,-4.2,4.1,8.2,0.3,21.8,2.4,5.7,2.3,4.2,121.5,-8.2,4.5,2.7,7.6,-22.6,0.5,9.5,-4.5,-7.4,0.4,-3.0,4.4,-18.8,-7.7,46.1,2.9,-5.3,1.6,-3.8,-25.6,0.4,1.2,14.3,-5.6,-11.2,30.3,-1.9,7.3,3.0,9.6,29.5,6.1,-6.4,1.2,2.5,3.7,-0.6,1.5,-6.1,4.1,7.1,4.0,-2.2,-4.8,3.1,0.4,4.9,4.2,-13.0,-15.3,5.6,-9.8,-13.5,-3.6,-1.0,1.1,5.4,-0.2,-23.3,-6.4
1990-07-01,-4.0,-1.0,8.1,1.6,-1.8,-0.9,-4.9,8.8,-1.0,-4.0,1.2,-1.8,8.4,6.8,33.6,-3.4,0.5,2.6,3.3,0.3,-0.8,0.5,-18.4,3.6,2.8,-16.0,14.6,-5.5,-8.0,-0.4,-1.5,3.6,-1.8,-0.9,8.3,15.8,-4.7,3.7,2.7,-0.2,-1.8,-4.9,2.4,-4.8,2.9,5.1,2.4,2.8,2.3,5.0,116.6,7.2,-7.0,1.9,10.9,-7.6,4.7,1.9,-0.4,2.3,-5.8,-1.6,-4.0,-6.3,-0.7,2.6,2.5,-4.9,0.3,5.6,-10.7,0.7,2.2,8.4,2.1,1.3,7.1,1.0,2.8,0.3,8.5,25.8,-2.4,4.8,1.6,7.2,3.3,-0.3,-0.1,3.9,3.7,1.5,-0.5,-0.8,0.0,2.6,0.1,3.2,1.3,-1.7,-4.1,9.8,0.0,-2.1,-6.4,4.2,-1.6,0.2,-1.0,-30.7,-2.2
1990-10-01,-0.1,-0.3,4.3,-2.0,0.8,-4.8,0.0,-5.5,-2.2,-10.6,-0.5,-1.7,-4.8,-3.9,12.3,1.2,2.2,3.6,2.9,-2.3,-3.3,-1.4,-7.0,-6.0,-5.4,-11.3,-60.8,-4.6,-7.8,8.5,-4.9,-13.4,6.2,-6.2,1.3,22.0,4.1,0.9,1.3,-2.9,-4.4,-2.3,-1.4,-7.5,-3.2,-3.3,1.6,0.7,1.8,5.0,171.6,-9.9,29.0,-1.6,12.3,11.5,3.0,1.1,-3.7,-5.2,-9.8,-10.2,-8.6,-20.5,8.5,-1.5,2.0,-4.6,-1.1,-0.1,-28.3,-4.0,-4.8,5.2,-4.6,-3.3,-1.4,-1.1,9.1,-10.1,5.6,16.8,-8.5,-2.4,-3.0,1.2,2.3,-3.6,-3.0,6.6,-6.2,2.2,0.2,-0.9,0.0,1.1,-0.3,-1.0,-2.0,2.2,-13.5,-5.9,-0.7,-0.2,-4.0,-6.7,-4.1,1.3,-1.0,-30.5,-6.1
1991-01-01,-10.7,-11.9,-23.5,-7.7,5.5,4.4,-4.8,-2.3,-5.7,-10.6,-2.6,-2.6,-4.7,-6.8,8.1,22.0,18.9,17.7,16.8,-0.9,2.9,-1.6,8.9,-2.3,-3.2,-41.4,39.7,0.1,0.4,-14.2,5.7,-0.5,-0.6,-3.4,0.7,-9.9,14.5,-0.3,-0.2,0.1,0.9,-0.2,-0.6,-19.8,-1.0,-5.8,1.6,0.2,2.6,16.4,154.6,-4.9,-35.3,-1.3,49.8,8.6,-7.0,-4.0,4.9,-4.1,-18.1,-7.2,-13.0,-25.9,-0.9,-12.3,0.4,-1.7,-5.2,24.7,-42.1,0.2,-6.7,-3.5,-1.2,-3.7,19.0,-0.9,-3.0,-5.7,-0.8,-1.3,-15.4,-0.7,-1.5,2.3,0.7,-19.2,-6.7,-11.4,-2.3,-7.1,-3.3,5.3,9.4,-1.0,-1.4,-0.3,2.9,-7.1,22.9,-0.3,9.3,-9.5,-19.2,-0.6,-12.5,7.1,-2.1,-40.5,6.3
1991-04-01,18.0,12.9,-9.4,-3.9,-7.9,5.9,0.8,10.4,-1.6,2.0,-0.1,-7.7,34.5,30.9,6.6,26.2,15.8,11.3,8.5,1.7,3.4,-0.8,4.2,6.8,8.0,60.1,22.3,4.0,2.2,8.5,7.6,7.2,0.5,2.3,4.0,3.7,10.9,2.4,0.0,3.7,4.7,11.2,4.0,-3.8,4.5,23.1,2.3,5.9,2.9,6.9,90.6,17.1,62.3,3.4,15.7,-7.4,-4.5,-4.5,4.8,5.7,-9.5,18.9,-7.0,-2.5,30.6,21.4,3.3,-5.7,-2.6,-21.5,1.0,2.4,-1.1,-1.4,-1.7,0.5,5.6,-1.1,-4.2,-1.8,0.9,3.7,-8.8,-0.2,3.4,2.0,0.0,-9.9,0.5,9.1,7.1,-1.9,-4.7,8.9,-2.0,0.9,1.6,4.0,0.5,5.1,-25.2,13.0,-4.3,-16.5,-3.8,7.3,-2.2,25.0,-1.7,-47.9,10.9
1991-07-01,3.8,-0.6,-3.9,-0.6,-0.1,-1.2,-6.6,10.8,0.4,6.3,-1.6,-0.2,-18.3,-8.6,15.8,-0.9,7.9,4.3,15.1,0.9,1.5,-0.5,18.2,-1.2,-0.7,-3.3,37.0,-5.3,-4.6,6.2,-0.8,4.9,-8.9,2.4,4.7,0.6,-2.6,2.8,-1.7,2.1,1.9,-7.4,1.3,-0.3,1.3,-7.1,3.4,1.4,4.3,0.7,78.6,-18.7,11.9,1.8,-0.9,-10.7,-2.8,0.8,2.4,1.8,-5.8,-6.3,-3.5,20.8,12.8,23.6,4.2,-7.1,-1.4,51.1,17.7,0.7,2.2,2.7,-2.7,-13.6,7.6,0.0,0.1,-0.7,3.8,10.6,-4.9,-2.2,2.0,-0.9,1.3,-4.4,0.7,-0.5,-1.2,1.3,1.3,9.8,6.1,1.1,1.2,1.7,3.5,7.7,-19.0,12.7,-5.8,-10.7,0.0,1.8,-2.5,21.4,-1.5,-50.1,-2.9
1991-10-01,7.5,7.0,-15.5,2.6,-1.2,-8.0,1.3,5.2,1.9,-6.4,-0.7,-7.9,-5.7,-11.4,15.5,14.3,8.8,4.2,4.8,-4.7,-3.1,0.1,1.8,-0.6,0.2,9.2,-23.3,-2.0,-1.6,6.1,-8.2,-3.5,-2.5,-4.4,6.3,-2.3,-5.4,4.3,-0.6,5.1,5.6,-4.5,2.0,-0.3,-1.3,-9.3,2.7,0.4,3.5,-0.4,55.4,-13.7,18.7,3.9,-4.5,3.7,-11.2,8.4,-7.8,-0.9,-2.9,-10.5,1.7,-8.8,-21.4,-25.0,4.8,-8.4,-0.2,-16.4,-5.2,-3.4,-2.4,2.5,-7.2,-8.5,24.9,1.7,-2.8,0.0,3.3,6.1,0.1,0.6,-0.2,2.5,2.1,-4.1,4.1,3.2,-0.7,5.1,-4.2,-5.4,10.5,0.8,-0.8,2.4,1.9,-9.8,19.7,6.2,1.5,-7.2,6.3,2.1,2.2,-9.0,-1.1,-62.5,-9.0
1992-01-01,14.7,-10.5,-5.9,9.4,16.5,17.4,7.9,10.7,7.8,16.6,3.4,-3.4,-5.6,-7.4,30.3,38.6,30.5,15.0,24.3,1.4,2.5,-0.5,-3.3,10.0,10.5,1.9,-3.8,10.1,4.1,21.2,17.1,6.6,13.8,9.4,6.1,5.2,-26.8,3.4,2.2,-2.2,-4.5,21.3,6.0,8.9,14.9,-6.8,2.5,0.8,2.8,0.5,84.1,24.5,8.1,0.1,-6.7,28.9,0.0,16.7,12.3,7.8,11.3,9.7,15.2,24.0,5.1,-12.2,8.6,-11.3,2.8,24.4,27.4,6.1,3.4,10.4,19.2,16.1,33.4,5.0,11.4,8.0,10.5,18.3,27.0,2.4,7.7,3.1,7.3,2.0,2.1,-5.3,10.3,14.8,2.1,11.8,1.5,2.0,-0.9,6.7,8.7,16.2,-2.0,11.5,12.6,2.8,15.2,20.3,8.3,16.4,-5.0,-41.4,20.2
1992-04-01,3.5,-6.4,-1.5,4.7,-11.6,6.5,4.4,12.3,4.7,2.8,-1.1,3.4,1.7,14.1,24.5,-17.3,0.3,1.1,16.6,-1.3,-1.2,1.6,-8.2,-9.6,-8.2,-0.8,66.1,2.4,-0.4,0.0,8.2,9.3,13.5,2.1,5.6,1.5,-14.1,3.3,-1.7,0.7,0.4,2.4,2.5,8.4,0.4,10.5,2.5,3.8,3.1,2.0,61.5,6.5,2.7,0.8,0.0,-14.7,-2.9,7.0,9.1,4.3,5.6,2.9,11.6,4.7,-17.2,54.8,5.3,-9.8,0.9,16.3,1.0,1.7,-3.2,1.9,-1.0,2.2,40.1,-0.4,2.5,6.6,6.4,12.0,14.7,-2.7,2.7,-1.6,4.0,-5.6,3.9,-3.5,-9.9,4.5,2.2,0.1,2.6,0.9,0.1,3.1,6.3,-0.1,-16.1,14.3,-0.7,5.6,3.0,1.7,6.8,5.4,-1.3,19.9,9.5
1992-07-01,0.6,48.2,0.8,3.0,5.2,8.4,9.8,12.4,3.1,8.8,1.1,13.0,0.6,-1.1,18.9,11.2,8.4,4.3,6.4,0.1,0.0,1.5,-10.1,2.9,2.6,-6.2,-41.3,8.0,7.9,21.0,10.2,1.1,13.5,4.4,5.2,-1.4,-13.0,2.2,-2.0,1.2,1.2,2.2,3.8,2.5,5.2,-0.9,2.7,2.0,3.3,0.1,46.6,7.2,-5.1,1.6,-3.4,8.9,6.9,-0.4,12.8,7.3,5.4,7.0,10.7,5.6,14.5,-5.2,4.2,-9.1,0.5,-2.0,8.4,2.4,3.1,1.0,0.3,9.4,33.3,2.1,3.8,6.8,3.5,9.2,8.8,2.0,4.4,0.2,0.5,2.9,2.9,27.4,3.0,5.0,15.8,15.5,6.9,1.1,-0.1,4.3,8.9,16.1,11.8,13.4,9.1,12.6,-2.6,12.3,15.5,16.4,-0.3,6.2,9.0
1992-10-01,-2.8,-29.5,2.9,1.4,-1.0,5.1,-1.2,3.1,1.4,8.2,-4.0,-4.4,19.3,12.9,16.7,20.1,11.1,6.6,4.7,2.8,2.8,2.3,-6.4,17.2,14.7,25.3,15.9,5.5,3.8,13.6,5.6,2.3,4.4,5.4,2.3,0.0,-1.8,-0.4,-1.6,-1.7,-2.7,9.6,4.1,1.2,8.2,10.6,2.8,4.1,3.1,1.8,41.8,6.3,7.2,-1.4,2.7,3.0,1.8,11.3,2.6,1.0,1.2,12.4,8.5,8.2,21.7,-2.1,2.3,-8.1,0.1,0.8,10.2,4.1,-11.8,3.5,2.4,3.8,39.0,5.7,11.9,2.2,1.2,7.2,0.2,6.0,4.9,1.7,-2.0,10.8,-1.1,-19.8,17.6,8.7,-1.8,14.2,21.4,2.1,-0.2,4.5,5.2,9.2,14.8,2.2,6.6,2.6,-5.9,9.4,-0.8,19.0,2.8,22.0,8.1
1993-01-01,3.0,13.0,3.6,8.3,10.1,-1.4,-4.3,-3.1,-3.8,3.9,-3.4,9.5,0.6,2.7,-1.5,21.8,17.8,13.0,14.7,-0.5,-1.0,-0.3,-9.7,-4.5,-3.7,-4.1,7.9,5.7,7.2,7.8,-1.9,-0.9,9.8,1.6,1.6,3.7,25.0,0.6,-3.7,2.2,2.2,-3.6,1.6,5.6,4.4,4.2,1.3,1.8,2.1,7.9,10.1,0.0,7.3,2.6,21.6,12.0,3.2,2.9,-0.4,-1.7,-0.6,1.4,-1.4,-5.1,24.3,8.2,0.8,-8.5,-1.7,10.9,-12.3,0.4,-1.8,2.0,0.8,2.6,-4.2,3.3,6.7,-3.2,-1.2,7.5,-2.1,7.0,1.5,6.7,-5.2,1.3,-1.4,9.9,-4.6,5.8,10.9,21.3,-4.8,-0.8,-0.8,1.5,3.4,11.7,24.6,-3.7,13.3,-1.3,-1.1,10.7,1.8,26.1,9.8,140.8,-3.7
1993-04-01,-11.6,20.1,1.2,0.1,11.4,7.8,7.9,8.8,-0.3,13.6,-0.3,0.9,2.1,-6.5,1.5,7.4,8.9,6.7,10.0,0.4,0.3,2.7,-13.5,4.4,2.5,-1.9,-9.4,4.9,6.2,21.7,7.6,4.4,-2.2,6.6,1.1,6.2,6.3,-0.6,-1.8,0.1,-0.6,7.1,2.1,3.4,6.9,-3.9,1.9,0.8,2.3,4.3,56.8,14.8,5.5,1.0,9.6,9.8,0.9,2.3,8.1,6.0,-0.1,16.4,3.6,19.9,8.7,-25.7,1.9,-4.4,-0.4,-2.7,31.3,3.2,-1.8,4.2,8.9,5.7,17.1,3.4,8.9,2.0,-1.5,5.7,0.7,3.9,3.7,3.4,-5.7,0.8,1.1,15.6,4.5,5.9,10.9,17.3,5.7,0.6,-0.7,2.0,4.8,9.3,15.0,9.5,6.3,-9.3,-2.1,5.2,7.1,22.4,5.3,229.8,7.0
1993-07-01,3.9,15.5,4.1,1.1,3.6,4.1,5.1,10.3,0.3,4.5,2.1,-0.9,18.3,21.9,11.3,18.7,13.5,6.5,9.7,2.2,2.0,1.5,0.6,3.6,3.7,17.5,26.7,4.9,1.9,24.9,3.5,7.2,8.3,4.2,3.4,4.0,4.1,0.4,1.5,0.8,0.3,10.6,4.5,4.1,9.6,17.9,2.9,5.5,3.7,-0.9,93.4,26.2,1.3,1.3,-2.2,-7.1,0.1,7.5,6.3,5.2,1.6,16.2,5.5,-1.4,-32.4,31.8,0.0,-1.9,0.3,-8.8,-1.9,4.0,1.9,3.8,7.1,12.0,19.0,5.0,10.3,5.8,0.0,8.7,1.0,4.0,4.5,3.1,-5.0,0.0,-0.7,12.0,3.7,9.3,8.5,11.2,11.7,0.7,0.2,4.7,3.5,5.7,5.4,11.1,9.0,4.4,-1.1,5.2,7.4,17.5,5.4,170.8,1.8
1993-10-01,-1.9,15.5,3.9,1.8,4.1,4.9,6.7,3.1,1.2,10.0,0.0,7.3,-8.8,-0.5,5.3,27.7,14.5,7.3,5.2,2.0,1.8,1.7,-0.5,-2.1,-2.1,25.5,4.9,0.5,3.9,21.3,4.9,-1.7,-3.2,5.2,0.6,12.2,0.2,0.2,-1.5,-0.1,-0.5,-5.7,2.5,6.2,5.0,0.7,3.2,2.7,4.0,-0.4,122.7,-7.0,3.7,-0.7,-2.0,-17.6,5.1,-10.2,7.5,-2.4,3.7,4.3,7.2,17.6,27.7,23.6,0.5,0.2,1.3,-7.7,32.5,2.8,-0.8,2.0,5.2,-2.2,18.5,4.2,5.4,4.0,0.6,6.4,2.8,7.9,3.6,5.8,-2.9,6.9,-0.8,15.0,-2.2,1.1,14.9,14.4,2.3,1.1,0.1,2.6,-0.2,10.1,-2.9,2.2,10.2,13.1,0.2,-0.3,9.5,20.7,4.8,128.0,3.2
1994-01-01,15.8,16.1,7.3,-2.0,11.8,9.7,8.3,8.3,2.9,9.9,-0.2,-0.6,4.4,1.2,10.6,5.7,10.1,3.3,13.7,3.8,3.3,1.1,-0.6,-2.0,-0.1,-0.6,39.6,3.3,2.2,16.5,10.1,5.3,10.0,7.0,1.8,-5.0,-8.2,0.7,-1.4,0.0,0.5,-3.2,3.1,9.7,6.8,1.5,4.6,4.0,5.7,-4.1,148.3,7.1,-5.2,-0.6,-14.7,-1.3,3.8,0.5,16.2,1.9,7.2,17.8,10.3,12.7,12.1,-6.2,3.9,7.9,2.3,65.2,-4.1,5.5,-2.7,-3.0,8.0,6.0,20.3,4.9,9.2,4.8,1.6,1.8,2.6,3.2,4.7,2.1,1.2,9.5,0.9,9.2,-2.1,4.0,9.2,13.7,6.7,1.5,1.1,3.3,3.6,5.6,2.6,7.5,13.5,9.3,3.5,13.3,10.0,20.9,2.8,104.6,6.3
1994-04-01,-2.0,14.6,8.0,1.1,0.5,-0.8,0.3,4.4,2.4,4.4,-0.1,5.1,19.6,8.1,10.8,-15.7,-0.7,-4.0,11.8,4.7,4.3,1.3,11.7,6.0,5.1,7.4,-38.2,9.7,11.0,11.2,-0.5,-2.3,11.9,3.6,3.0,5.7,-2.3,1.3,0.4,1.0,0.8,3.6,2.6,10.1,9.9,7.3,3.1,3.9,3.7,-7.7,113.2,-0.2,7.8,0.9,-16.7,-3.5,5.2,8.0,0.8,2.9,4.7,2.2,8.4,-6.6,36.6,-16.2,-3.5,-0.6,1.4,-19.0,-2.7,3.2,-1.9,2.2,-2.4,2.4,19.9,6.2,9.6,1.6,1.6,3.6,4.9,6.4,3.1,5.2,0.2,2.8,-3.9,12.1,6.2,6.8,13.8,22.6,8.8,1.6,-0.1,2.9,3.0,6.5,41.6,4.0,15.1,8.1,1.7,10.6,9.5,25.2,4.7,79.2,-1.3
1994-07-01,6.8,17.4,6.5,2.9,4.4,6.2,-1.7,7.9,2.7,4.3,1.5,9.6,-19.3,-14.0,10.9,9.2,3.4,-2.8,-0.3,0.7,-0.1,0.6,8.9,2.6,3.1,-5.0,28.7,8.1,11.2,12.1,4.9,1.4,7.6,3.8,3.3,4.9,1.3,1.4,2.7,1.2,0.6,0.0,2.4,10.7,6.3,-9.8,4.2,1.5,4.5,-9.8,130.6,5.5,-3.0,1.2,-21.8,15.9,8.3,7.8,1.7,-1.2,3.7,9.6,7.8,-2.7,12.7,1.5,-3.7,-3.1,1.3,5.7,-8.4,3.5,0.4,4.4,12.3,5.6,20.2,6.1,9.9,5.4,1.6,2.9,7.3,9.4,3.1,6.1,0.5,4.0,2.0,13.7,2.7,7.6,17.5,12.7,6.1,3.5,1.2,2.7,6.8,8.6,-3.8,7.4,15.2,-1.7,1.7,6.7,9.6,18.0,5.2,72.8,7.1
1994-10-01,4.3,25.0,3.4,3.9,-4.9,11.1,-3.9,5.4,2.8,14.8,0.5,1.4,-3.3,-9.1,4.2,7.6,8.3,2.5,8.8,3.2,3.1,1.0,-3.0,0.0,0.5,-11.1,-14.2,11.3,13.4,9.1,10.8,-3.7,6.3,7.9,2.3,2.9,1.9,2.1,2.0,1.6,1.3,13.0,2.3,9.1,8.2,-5.5,3.8,2.1,3.9,-4.2,142.8,14.1,6.0,1.7,-8.3,17.6,-2.2,-2.1,12.3,-2.5,3.5,7.3,6.6,12.2,19.1,-22.8,-3.7,-5.2,1.5,7.6,15.5,4.3,-0.4,3.3,12.5,9.5,15.3,4.6,6.5,1.3,2.7,6.4,9.5,5.1,4.4,7.3,0.5,6.6,-2.0,17.7,0.0,2.9,9.9,26.5,5.0,3.5,0.9,2.4,7.7,20.5,46.7,4.2,10.8,-0.1,1.6,3.9,9.9,27.0,6.0,60.4,11.2
1995-01-01,2.2,1.6,-0.5,11.8,2.9,-1.4,12.0,-0.7,6.4,-8.0,1.9,1.4,-4.3,-4.3,2.2,-1.6,8.2,5.8,15.6,-0.7,-0.7,2.8,-22.8,-3.5,-2.8,11.7,0.1,-2.8,-5.6,14.8,0.8,10.2,-3.1,-2.0,-1.1,3.3,5.7,2.6,0.0,-0.8,-2.3,2.2,2.8,7.1,-0.8,-2.5,3.4,2.4,2.8,2.8,92.1,-4.7,0.6,-2.0,12.0,-20.3,-2.6,6.3,-1.1,11.3,3.6,-4.1,5.8,-16.6,-2.2,-4.0,-2.9,-13.9,0.8,4.1,-27.3,1.4,0.0,7.3,-10.6,-5.4,11.9,2.8,7.4,2.4,6.6,10.4,4.0,6.0,1.0,6.4,4.3,-12.7,-3.5,3.0,-3.6,10.0,13.4,1.7,3.0,5.3,-0.8,2.8,2.3,-11.3,-17.9,-0.2,-1.7,-0.8,1.0,5.8,4.9,10.5,2.8,68.2,1.8
1995-04-01,-8.2,-1.0,2.0,5.4,18.3,4.3,9.5,7.6,1.0,4.1,1.7,-5.9,18.3,21.3,3.9,21.6,13.9,7.1,8.9,-1.9,-2.5,0.6,8.7,1.8,0.6,-10.1,36.1,3.6,2.5,10.8,2.7,3.3,18.7,2.7,1.4,2.9,6.1,1.9,0.5,1.1,0.4,-2.0,4.0,4.7,2.7,16.4,3.4,5.5,3.4,-0.8,124.1,16.5,-0.4,0.7,3.6,-22.2,1.0,13.4,3.3,0.4,1.4,8.2,5.3,-0.3,-2.6,30.1,-5.3,-4.3,0.6,-11.1,3.4,2.0,-0.5,4.5,11.9,3.9,16.0,4.9,18.2,1.9,2.7,6.0,4.3,5.8,3.6,8.5,1.1,-0.2,-1.0,1.1,1.8,10.9,4.3,12.7,9.8,3.4,0.0,4.0,2.5,11.7,10.6,7.2,13.1,0.4,1.6,-2.6,4.0,15.9,2.8,63.1,1.2
1995-07-01,1.1,6.2,4.0,3.1,-1.7,7.4,14.2,11.0,-1.0,11.8,1.2,9.4,21.3,17.3,1.9,21.3,11.4,3.8,4.7,0.0,-0.5,1.2,-19.2,0.4,0.5,-1.5,-8.8,6.0,5.6,12.3,8.8,-4.4,4.0,4.9,1.4,-3.4,7.6,2.4,-1.3,1.9,1.3,9.5,3.0,4.5,1.6,13.5,2.7,4.5,2.8,-5.2,94.8,4.8,33.3,1.2,-10.1,-9.6,-7.6,3.7,11.7,-3.9,2.6,7.6,10.5,10.3,25.5,6.4,-3.9,-1.5,0.5,41.9,-2.2,1.4,-1.3,5.0,1.2,1.5,32.4,1.6,10.3,-1.8,3.0,7.3,4.6,4.5,3.7,5.7,1.4,-0.4,1.0,3.8,0.4,6.2,16.5,26.4,2.2,2.4,-0.1,3.0,0.0,12.9,19.6,11.1,10.9,-2.0,1.6,5.5,8.4,34.9,2.5,50.8,7.7
1995-10-01,8.2,25.2,3.8,3.5,-3.3,0.4,11.5,10.1,-1.8,7.1,2.6,-14.9,-13.9,-9.3,7.9,5.7,6.1,1.9,6.4,1.8,1.5,-0.4,1.0,-2.0,-0.8,15.6,18.1,4.8,6.5,12.1,-0.7,0.9,8.0,3.8,2.7,-2.7,8.2,1.9,0.7,1.7,1.1,-2.4,2.1,-0.9,3.4,-6.6,2.3,0.7,2.7,-3.3,77.4,11.1,15.5,1.2,-5.9,-0.3,5.1,5.0,1.4,-0.9,3.0,6.6,6.0,7.0,20.4,5.1,-3.1,1.0,0.3,-16.4,21.0,2.1,1.3,4.8,5.8,4.7,13.1,4.0,6.1,3.0,2.1,4.8,5.2,1.4,2.8,7.6,1.4,6.2,0.3,16.4,-2.0,6.4,-9.0,10.8,2.5,1.0,0.2,2.2,1.5,-2.1,-12.1,9.4,4.4,3.4,1.6,3.3,9.1,27.0,2.5,42.6,-1.9
1996-01-01,3.9,31.3,8.1,0.3,-11.8,2.8,5.4,8.3,1.0,4.4,3.0,-5.2,12.0,21.2,13.9,28.7,17.6,7.2,9.6,1.8,1.0,0.5,-0.2,-0.5,0.0,7.0,1.0,-3.2,-3.3,1.2,1.9,5.5,-4.9,3.2,1.6,-8.1,11.8,0.2,3.6,-2.9,-3.7,-2.8,3.7,-3.1,2.3,16.6,1.8,4.2,2.8,-4.9,64.0,12.0,-9.3,-1.8,-12.9,9.2,-10.3,0.0,3.0,6.0,2.9,8.7,7.7,4.2,-7.9,49.8,-1.1,14.6,-0.2,17.2,-2.6,2.6,-0.5,0.9,6.9,8.1,19.5,2.4,7.3,7.1,3.8,1.6,3.3,6.4,3.7,5.1,5.9,7.0,4.5,17.9,-0.5,1.1,3.9,10.3,4.3,-1.0,-0.5,4.0,0.7,1.8,1.5,7.3,-4.7,7.5,1.6,-0.3,10.7,17.8,3.6,31.3,2.3
1996-04-01,6.1,11.5,3.9,0.8,8.4,10.2,5.1,10.4,2.6,13.3,3.5,8.3,-1.5,-6.2,4.5,8.1,6.3,0.9,4.9,1.9,1.6,0.4,-5.2,1.4,2.0,-4.1,-31.1,15.2,17.8,5.2,11.0,2.6,16.7,8.0,4.5,-0.7,8.0,4.0,4.4,5.2,6.0,9.3,2.2,3.0,8.9,-3.8,1.8,0.8,2.5,-5.8,44.7,10.9,15.3,4.5,-13.6,10.7,11.6,4.9,7.1,7.2,0.4,5.3,5.4,6.4,6.2,-17.9,-2.8,-1.7,0.8,29.6,-3.9,5.2,-0.3,1.7,6.7,13.3,17.4,7.2,10.0,1.2,2.6,4.6,1.7,12.2,4.4,8.4,1.4,1.3,1.3,8.1,1.4,4.3,21.9,24.0,2.3,-0.4,1.1,2.3,4.5,18.0,11.1,10.7,20.7,19.6,1.3,8.4,6.2,30.8,4.1,35.1,14.0
1996-07-01,6.8,12.5,0.7,-1.3,16.8,6.9,11.7,6.2,1.7,2.9,4.6,-7.2,-16.2,-18.3,2.5,-1.6,1.9,-0.8,4.7,-0.7,-0.9,-0.1,-23.7,-0.4,0.5,3.1,6.7,0.2,2.9,13.4,7.6,0.1,-1.2,2.9,2.4,2.9,2.6,1.5,4.1,1.0,0.5,-7.9,2.2,2.1,6.7,-13.2,1.9,-0.9,2.5,-4.3,33.9,4.6,-28.5,2.3,-11.9,-10.6,4.9,7.4,7.3,-0.6,0.4,2.8,5.3,-0.9,-16.2,-23.6,-0.7,-5.9,0.9,13.1,-8.7,2.9,0.5,3.2,3.7,2.7,16.4,5.9,5.6,11.2,2.1,3.7,0.8,3.1,2.4,7.8,1.0,1.4,1.3,10.0,-0.4,6.3,-0.1,12.1,8.2,-0.2,1.8,2.2,3.3,4.2,19.2,6.0,4.2,9.6,1.0,1.8,6.7,16.4,3.5,31.3,7.1
1996-10-01,7.2,14.8,-0.3,1.6,0.8,2.6,-10.8,9.5,1.7,8.0,2.5,8.5,11.2,13.6,-10.9,14.7,8.5,4.0,3.9,1.3,1.5,0.3,-20.8,3.1,3.6,9.1,-19.1,9.0,8.6,7.7,2.4,-1.1,15.5,4.9,4.2,-1.1,-2.8,5.1,8.0,7.9,9.6,9.0,2.7,-0.1,7.0,10.8,2.0,3.4,2.6,-1.7,41.3,1.6,78.4,9.0,-6.8,25.1,3.3,-5.7,1.5,1.0,-0.2,7.1,7.2,3.3,26.7,20.2,0.8,-9.4,1.6,-13.9,13.5,3.3,-1.2,0.3,3.0,8.2,24.1,7.8,8.5,-6.1,2.0,4.0,2.8,12.8,3.2,9.0,0.8,0.1,1.7,10.4,3.2,0.9,20.9,15.0,12.9,0.0,2.7,2.3,4.4,0.4,16.4,9.5,10.0,12.1,0.6,1.0,8.2,17.8,3.0,29.6,3.2
1997-01-01,13.9,18.7,8.4,-1.4,2.5,0.2,7.8,11.6,1.1,11.3,2.3,0.8,-4.2,-9.4,-21.8,9.0,9.1,8.0,9.1,2.9,2.1,0.2,-0.6,2.5,3.9,23.3,-22.2,1.3,5.8,7.3,-0.1,2.7,-1.6,5.5,-2.9,5.6,-6.8,2.2,2.5,2.9,2.5,-11.0,4.6,9.6,3.0,-6.7,2.8,1.1,3.3,6.5,64.1,0.0,-15.2,3.1,19.9,-2.3,2.1,6.2,5.9,5.6,0.1,4.8,10.5,19.1,-5.5,-21.3,0.8,-20.5,2.2,60.8,3.6,2.4,-2.7,4.8,1.6,1.8,34.2,3.2,2.0,11.5,1.3,-0.7,3.8,4.2,4.3,6.3,2.7,0.0,-2.3,14.9,2.6,4.0,9.1,13.3,-2.7,1.3,4.1,3.6,1.9,-0.6,5.9,11.3,4.5,6.3,-0.3,3.4,11.9,21.5,1.4,15.5,-4.3
1997-04-01,5.5,2.6,0.8,1.4,-16.1,-3.5,14.2,8.4,1.7,-1.3,1.8,-9.6,-7.4,5.7,-3.9,6.1,7.5,4.9,8.5,-2.1,-2.5,0.1,-14.3,-1.0,-0.2,-1.7,21.5,1.6,-0.3,6.4,-4.5,5.7,1.8,-0.3,0.9,-4.1,-4.0,2.2,0.0,1.9,1.2,4.3,3.3,7.5,1.4,4.6,3.2,3.4,3.7,1.4,1.8,2.2,-3.9,2.3,-0.7,-2.4,-5.9,1.0,-0.9,4.2,1.2,-0.3,6.3,-12.9,14.0,47.3,3.0,-13.0,2.5,-18.0,-12.7,0.2,-2.7,5.0,1.3,-0.1,16.5,3.1,4.9,5.9,2.5,0.1,4.2,-0.2,1.8,10.1,4.4,1.3,5.9,0.9,-1.0,2.9,-3.0,17.8,5.0,1.7,1.5,3.1,2.0,7.3,-4.0,9.3,-1.5,0.4,-0.4,8.2,4.6,33.3,1.5,8.9,-6.0
1997-07-01,5.3,3.5,5.9,0.2,31.6,14.0,13.2,14.9,2.5,19.1,3.2,-2.1,7.1,-2.6,-1.1,40.6,19.2,11.8,4.1,2.4,1.9,-0.3,-13.6,4.1,4.3,17.2,5.6,9.2,11.4,-1.2,15.5,1.8,8.1,10.8,3.5,6.8,0.7,4.2,2.5,4.6,4.7,3.2,5.1,9.0,5.9,-1.5,3.3,2.4,3.7,2.1,-13.6,10.7,5.2,4.7,-2.5,7.0,2.5,3.7,11.7,1.4,2.3,9.9,7.0,28.8,-1.1,-22.9,5.4,1.2,2.8,10.7,45.9,6.6,-3.0,4.3,7.1,10.1,16.0,8.8,4.5,8.3,3.8,3.3,5.2,9.8,7.0,14.5,4.4,3.5,2.3,4.4,4.3,1.5,0.4,17.6,12.2,1.8,4.2,4.9,3.5,8.4,16.4,17.2,5.5,15.1,0.3,8.4,6.1,25.3,1.7,5.1,17.0
1997-10-01,3.3,-3.2,3.4,4.7,12.6,5.2,11.4,12.1,3.4,10.6,3.6,11.9,30.5,23.6,5.7,3.3,5.1,5.5,6.5,0.0,-0.5,0.4,-4.6,-3.7,-2.8,3.5,-0.9,5.4,9.0,-1.2,5.5,1.9,-2.4,5.6,3.9,5.6,5.3,3.8,3.8,3.1,2.8,0.8,4.4,9.9,4.7,17.5,3.4,5.6,3.8,6.2,42.2,13.6,-8.5,3.5,6.7,23.5,6.0,6.0,3.9,2.2,3.6,2.5,2.4,11.2,25.5,7.5,7.1,16.9,2.9,2.9,18.1,2.8,-3.6,4.5,3.5,11.0,0.2,5.0,9.5,9.1,4.7,5.7,6.1,-5.1,4.9,15.2,4.4,7.4,4.0,-0.5,-3.8,4.0,13.5,14.4,3.0,1.8,6.2,4.5,2.8,7.4,5.2,11.6,2.0,3.5,1.1,5.3,1.4,19.1,1.7,12.4,6.1
1998-01-01,-0.2,11.3,5.1,3.9,17.2,8.8,8.9,4.5,3.1,3.3,3.6,0.4,-7.0,-14.4,14.3,7.6,10.1,7.3,12.1,-0.1,-0.9,0.6,14.3,5.3,4.6,14.9,-22.2,11.0,8.6,3.3,7.9,2.2,18.3,3.0,7.6,19.6,9.0,5.1,4.6,6.2,7.3,13.2,4.4,14.0,-0.6,-10.6,3.3,0.8,3.7,3.3,33.7,9.6,-2.9,5.9,-9.4,21.7,-2.2,5.6,4.2,4.9,4.2,1.6,0.7,-11.1,13.4,-31.5,13.2,26.7,2.6,-7.1,-16.0,2.9,-3.7,1.4,13.2,9.0,-5.4,3.1,8.0,8.5,3.9,4.3,6.6,4.0,4.1,11.0,3.7,-0.8,6.2,13.3,5.5,4.8,1.4,20.6,3.2,1.9,3.9,4.7,3.5,4.7,13.3,4.1,21.3,4.0,-4.1,10.1,4.6,32.7,1.2,4.3,9.8
1998-04-01,-2.2,14.8,4.9,6.0,5.0,6.9,4.0,3.1,3.1,21.8,2.3,-1.2,27.4,20.8,14.1,46.9,21.8,13.9,3.9,3.7,3.5,0.9,9.4,6.2,5.1,10.9,25.3,6.4,4.1,-4.0,7.1,5.0,0.8,10.8,4.0,9.1,7.1,1.9,3.3,1.5,0.9,18.6,5.0,11.9,-0.4,15.3,3.2,5.1,3.7,3.3,20.4,13.9,5.2,1.3,-2.0,28.4,-0.6,-2.1,6.6,3.2,4.0,2.0,2.8,34.6,-0.3,3.5,7.0,20.7,2.4,8.1,60.1,5.0,-2.4,3.8,6.1,14.6,0.5,5.3,4.3,4.2,2.4,1.1,5.8,9.0,7.2,13.3,3.2,-4.5,-0.6,12.9,6.4,0.1,-4.5,20.5,12.9,1.7,2.3,5.3,4.9,27.0,10.0,3.2,25.6,13.3,-7.3,11.5,5.9,28.1,1.4,1.5,7.5
1998-07-01,-2.4,6.0,7.0,7.2,-1.6,-2.9,-2.3,10.9,2.7,11.9,1.5,7.7,5.2,2.5,16.4,31.9,16.5,9.3,4.3,3.0,2.4,1.4,12.5,2.1,1.5,3.3,-8.6,9.5,8.8,3.7,-3.4,2.6,12.4,6.1,5.5,14.7,4.3,1.8,3.1,1.7,2.4,10.2,4.5,6.6,0.0,2.4,3.3,3.2,3.9,-0.5,49.1,5.9,-16.1,2.5,-11.4,-5.0,5.6,3.7,-6.3,3.8,3.9,-8.0,3.4,5.6,0.6,-5.2,5.8,11.1,2.3,99.4,-23.1,2.9,0.5,-1.4,-0.7,8.0,2.5,6.4,6.2,9.5,2.0,0.8,5.2,10.0,5.3,11.5,2.6,-3.7,1.8,8.3,2.1,4.9,5.7,27.5,12.4,1.8,0.5,4.9,6.4,8.6,11.6,10.9,27.1,14.6,-7.4,8.0,5.0,45.0,2.1,3.1,-1.5
1998-10-01,3.1,7.2,6.9,7.0,-4.4,9.6,7.2,5.6,2.1,25.8,3.8,4.1,-25.4,-24.5,15.5,17.3,9.2,5.6,2.1,3.0,2.4,0.7,12.3,6.1,5.7,-6.8,1.5,13.6,12.9,8.3,8.4,0.8,20.3,12.7,4.1,10.1,1.4,0.3,3.6,-0.1,0.1,9.3,1.8,2.3,7.1,-17.8,3.3,-0.4,3.8,0.5,58.7,15.8,12.5,0.9,-7.1,-12.2,0.5,-2.2,3.3,0.8,3.7,5.9,4.4,42.6,7.2,-21.7,5.1,2.4,2.0,52.2,45.9,5.6,1.2,-1.0,15.4,8.9,5.8,7.5,4.0,0.6,0.6,-1.8,4.4,9.1,5.9,12.7,1.9,7.5,0.4,7.9,6.3,3.5,12.7,19.2,15.6,1.7,-1.4,2.2,3.4,12.9,8.7,3.4,15.5,8.4,-7.4,14.8,5.5,26.0,2.7,4.5,13.1
1999-01-01,7.1,5.0,3.3,7.9,24.0,15.3,0.3,9.7,1.5,0.9,2.2,11.4,9.6,11.9,3.2,19.6,17.3,10.1,15.0,4.9,5.2,1.2,-11.8,-2.6,-1.4,-14.9,26.1,12.2,9.7,7.2,16.0,2.2,15.6,5.0,2.6,0.5,-1.2,0.9,3.2,1.0,2.2,16.4,3.7,-4.3,8.8,10.0,3.3,4.3,3.8,0.0,89.3,15.4,-6.6,2.5,-1.8,100.7,7.4,-3.2,10.5,0.2,3.3,7.8,6.7,-17.4,30.7,18.4,0.8,-4.2,1.5,-44.8,-1.4,7.6,0.8,-4.1,12.0,17.8,13.6,7.9,7.7,4.5,0.7,-0.6,3.7,5.8,4.2,17.4,1.4,-8.6,8.5,3.8,-2.7,3.5,16.1,19.2,7.2,1.6,2.2,3.7,5.3,16.3,3.0,8.3,28.7,-2.2,-8.0,14.9,5.7,25.3,5.4,6.3,19.2
1999-04-01,-4.8,-2.2,7.4,6.0,7.4,3.5,0.6,17.8,2.1,20.5,1.6,1.6,7.7,9.9,3.4,29.2,16.1,10.1,4.2,4.2,3.7,1.6,-5.8,3.6,2.4,-11.7,15.1,9.8,9.4,14.7,2.8,8.6,11.5,9.8,2.1,5.0,-1.2,1.6,2.5,0.7,1.6,16.0,4.3,-4.0,0.8,8.0,3.2,3.9,3.8,1.5,67.5,3.9,-6.8,1.7,-1.9,15.5,2.8,2.1,1.8,8.1,3.2,7.3,7.0,31.7,4.6,16.6,4.4,-4.2,1.0,62.6,22.0,3.8,-0.2,-3.1,6.6,5.5,14.3,2.4,3.8,5.0,2.6,2.6,4.4,0.5,6.3,6.6,2.7,-1.6,0.4,0.0,3.6,6.5,8.9,20.5,4.9,1.3,3.6,4.3,2.6,16.0,17.1,17.1,43.9,-0.4,-6.0,-1.5,4.7,25.8,3.3,9.7,3.1
1999-07-01,6.8,18.2,4.2,6.8,-5.5,2.7,5.6,15.2,3.0,9.9,1.7,-13.1,18.4,13.7,3.2,20.2,13.9,9.7,7.9,3.7,3.6,0.9,-20.2,0.9,1.6,6.2,-19.8,13.9,14.9,16.8,2.3,-5.4,18.9,4.8,3.0,1.7,-0.6,3.3,1.9,2.8,3.3,12.9,4.5,0.3,2.2,10.4,3.0,4.2,3.7,3.5,74.9,12.6,35.1,3.0,3.5,31.0,-1.9,6.0,2.4,-3.9,3.3,6.5,6.8,1.2,24.8,1.9,5.3,-2.5,0.7,-5.3,4.1,1.9,-2.4,0.9,4.7,12.6,13.6,1.8,5.6,0.7,3.8,2.8,5.6,1.8,4.6,-1.4,4.6,-4.5,-0.5,13.3,0.9,8.9,11.7,21.0,12.5,1.0,2.6,4.4,3.5,17.8,3.3,13.8,39.2,9.3,-4.6,0.4,8.9,29.2,2.4,13.9,2.8
1999-10-01,5.6,6.1,11.2,3.9,5.2,1.0,1.9,9.1,3.8,4.9,3.6,32.9,-20.6,-20.3,5.4,37.2,22.6,15.0,9.2,6.5,5.8,1.2,-21.9,10.4,9.8,8.0,-20.0,13.2,14.9,12.2,0.3,1.2,20.3,7.0,4.3,7.3,-0.2,3.8,5.4,3.3,4.1,1.9,5.4,3.6,7.9,-14.9,2.9,-0.1,3.6,4.0,88.4,22.4,-14.7,3.9,4.7,17.0,10.6,-1.3,-1.2,3.4,3.2,4.5,3.7,-11.3,29.1,-18.5,5.8,-1.0,0.2,-42.4,8.1,8.4,-0.1,0.0,4.6,22.2,4.6,17.1,8.7,9.0,4.4,1.8,6.5,13.3,6.0,36.9,6.4,0.8,0.3,6.8,10.7,4.5,11.6,19.6,21.6,0.6,1.8,5.4,4.6,22.1,9.5,5.5,27.3,20.4,-3.0,11.4,4.7,22.9,1.2,18.2,0.9
2000-01-01,4.7,10.4,3.4,4.3,-3.3,6.7,8.2,13.0,4.2,24.3,4.2,-20.8,1.1,-4.7,14.4,54.2,30.8,23.0,9.2,-3.7,-4.8,1.4,-8.0,7.0,6.7,17.8,-32.2,10.4,10.4,-2.2,6.8,-14.4,8.3,6.1,3.5,4.3,-0.2,2.4,4.4,0.1,0.4,12.7,5.9,14.0,0.1,-3.3,2.9,1.9,3.6,11.1,61.5,-2.9,7.6,0.1,22.5,22.3,1.1,-2.5,2.5,-12.5,3.0,2.4,4.2,38.5,25.7,-18.4,10.0,0.2,-0.3,81.0,28.2,-3.5,0.0,-1.2,6.1,2.1,6.4,-4.6,-0.2,8.0,4.9,1.2,6.7,0.4,6.2,-17.9,7.5,4.1,1.0,9.1,7.2,-0.4,2.2,27.2,5.0,0.4,1.9,6.2,4.2,19.7,52.3,10.4,31.2,4.7,-1.3,10.9,5.8,28.4,0.5,21.7,10.7
2000-04-01,11.9,11.0,7.7,3.5,14.0,9.0,5.9,18.7,4.4,-7.2,3.7,23.0,28.5,26.3,2.1,-2.6,-0.7,0.8,1.5,6.3,6.1,1.6,-18.8,2.3,3.6,30.7,26.0,7.9,10.7,1.8,10.4,7.0,5.3,2.1,3.9,4.8,-0.7,5.4,4.6,5.0,5.2,7.2,4.9,1.1,-3.0,18.3,3.3,5.4,4.0,3.4,52.9,14.2,11.5,4.5,2.0,17.7,7.6,5.1,5.6,5.5,2.8,-5.1,2.6,-25.8,29.0,21.0,5.9,0.6,0.3,-44.3,-18.1,8.2,-1.0,4.2,2.4,13.4,2.2,10.1,1.8,8.5,5.8,4.7,4.6,6.8,3.8,35.7,7.0,-3.2,-0.3,9.5,2.4,3.5,16.0,5.2,-3.0,0.9,2.4,4.8,4.9,5.4,-28.1,17.9,15.0,7.7,-1.3,-4.1,4.8,14.0,0.1,21.5,13.4
2000-07-01,5.2,6.8,7.7,1.9,12.7,4.4,10.0,10.0,4.5,7.0,4.4,-16.5,-5.3,4.5,16.4,8.2,2.3,2.0,-3.6,0.7,-0.4,1.4,-0.6,0.8,1.4,12.6,-8.7,5.4,4.3,3.8,3.7,0.9,11.0,4.2,4.5,3.5,-1.3,2.7,4.8,1.1,2.0,5.5,3.2,-1.4,-3.2,3.5,3.6,3.6,4.3,1.7,25.1,12.4,-3.5,0.8,-4.0,6.4,0.0,-2.6,2.0,1.8,2.8,2.4,1.2,7.4,10.9,34.9,6.0,1.1,1.3,11.7,6.2,2.7,-2.3,-2.5,8.0,2.3,-1.6,4.3,0.0,7.1,4.6,2.0,2.1,4.4,3.9,9.7,6.2,-5.1,3.3,6.2,0.8,0.6,0.1,10.2,10.3,1.5,2.0,3.7,3.3,13.2,-1.2,9.9,24.4,-10.8,-1.4,1.9,2.8,14.5,0.7,20.4,4.0
2000-10-01,-1.1,-0.3,6.4,3.2,17.0,3.4,2.1,4.1,4.6,2.8,3.2,-11.5,14.0,28.7,12.8,8.6,0.0,1.3,-8.4,4.2,3.8,1.2,-15.9,-1.4,-1.3,-3.0,-5.2,2.4,-3.2,-6.1,4.3,-3.2,12.1,3.5,5.2,5.7,-2.0,4.3,3.2,2.9,3.7,13.1,3.2,-4.1,1.5,21.1,4.1,6.7,4.7,3.4,5.5,-7.9,-1.3,2.6,0.9,0.4,2.3,0.1,7.1,-2.9,2.6,-8.9,1.1,1.2,-6.4,65.7,5.8,1.3,2.1,49.2,-16.2,3.9,4.2,-0.5,-0.6,-2.5,-1.7,6.4,-1.7,2.1,5.8,7.1,-0.5,5.3,3.5,15.1,5.3,1.5,-0.3,1.6,-1.4,-0.9,2.9,8.6,7.2,2.2,0.8,3.5,7.3,4.7,1.8,4.1,19.3,4.2,-1.7,3.3,1.2,13.5,1.1,19.1,1.6
2001-01-01,-8.3,-1.9,1.3,4.4,-5.7,-6.3,-0.7,1.4,4.5,6.7,2.4,0.5,-2.3,-11.2,2.4,-11.5,-10.9,-7.6,-10.2,-1.2,-1.6,1.6,-21.2,4.8,3.0,8.1,14.5,6.1,8.1,7.5,-6.4,1.0,4.6,0.9,4.5,11.8,-3.1,5.9,3.6,6.5,7.6,0.7,1.7,-3.8,2.0,-8.2,4.3,2.2,4.9,-2.0,-16.1,-10.5,7.1,5.3,-8.7,5.6,-10.9,1.2,-3.9,-0.2,2.1,-11.0,-0.5,11.6,-6.9,-27.9,0.5,0.9,2.6,-12.9,33.6,-2.4,1.7,2.0,-5.8,-5.3,-5.2,-2.6,-3.6,2.1,5.2,6.5,-2.6,-3.5,1.5,-5.2,4.5,-12.5,3.9,2.0,4.9,3.2,-3.5,6.1,1.9,2.7,-0.2,1.7,8.9,6.8,-4.0,4.4,9.9,-6.1,-0.8,6.7,0.2,11.3,0.9,16.8,-8.0
2001-04-01,-12.0,-9.7,5.1,-7.3,0.7,2.6,-0.8,6.5,4.9,-0.3,1.5,-3.1,-15.9,-23.8,9.1,-8.5,-8.7,-5.1,-8.9,2.9,2.5,1.0,-32.1,-2.6,-3.9,6.8,-11.1,3.6,2.0,-2.5,1.7,-5.8,7.7,1.1,4.3,4.9,-5.6,4.6,2.8,3.4,4.3,2.5,0.3,-4.5,2.0,-18.1,3.4,-0.3,3.8,0.8,-1.5,-5.6,-15.0,2.6,-5.9,-30.2,-3.9,-3.2,-3.6,-5.2,0.8,7.1,-0.9,-6.5,17.5,-38.3,5.0,-1.2,1.9,-17.2,-3.1,1.9,0.0,-0.3,6.8,-9.3,-4.1,3.2,-2.0,6.1,5.9,7.1,-1.9,5.6,0.8,6.9,5.5,-4.8,2.3,-5.2,-2.7,-4.1,-3.6,11.3,3.6,2.3,1.1,0.6,4.4,11.8,13.8,8.2,10.7,-8.9,-2.5,9.7,-2.3,13.3,1.1,12.2,5.4
2001-07-01,-18.6,-24.6,-2.4,2.5,4.8,-0.5,-8.7,1.9,5.5,4.7,-1.9,-0.4,-12.4,0.7,7.4,-16.6,-10.3,-6.0,-3.3,-1.2,-1.0,1.6,-12.6,0.4,-2.2,-33.3,-5.1,3.9,4.6,-0.6,0.6,6.7,5.2,2.9,5.6,-4.0,-8.2,6.0,0.8,5.6,7.2,5.2,0.3,-6.6,-0.7,1.0,1.7,1.7,1.9,1.0,-2.4,-3.6,-27.6,4.9,-4.6,-11.5,-7.4,-6.9,-3.2,7.9,-0.5,-5.5,-3.9,4.9,-6.0,37.1,4.7,-3.4,1.0,30.1,-4.5,1.9,-3.5,-1.6,-4.9,-2.7,-10.2,4.6,-1.8,0.7,6.6,6.5,-0.3,0.4,1.4,19.1,6.9,-7.7,3.3,-17.9,0.3,-2.2,0.8,8.7,0.3,1.1,2.7,0.6,5.4,0.8,-4.8,3.1,31.7,-3.4,-2.9,-5.5,-8.5,17.9,1.1,6.9,2.6
2001-10-01,-11.5,-23.2,0.1,-0.7,7.3,7.1,-0.6,-3.3,5.9,37.7,-2.4,4.9,4.4,-5.8,9.0,15.4,6.5,3.0,-2.1,0.9,1.0,0.1,45.4,0.9,-0.6,-59.4,-7.0,12.7,12.4,2.0,7.9,0.3,16.5,15.2,5.9,-2.0,-11.0,6.5,-3.4,6.5,7.3,13.4,1.9,-8.1,2.2,-4.0,0.3,-0.3,0.3,-2.1,9.8,6.1,-73.7,4.8,-14.1,27.4,-4.3,0.0,3.3,1.0,-2.0,7.0,-4.2,75.6,12.9,-27.0,4.7,-6.5,0.1,-23.9,182.2,3.4,-0.9,2.9,3.4,13.1,-8.5,5.2,-5.8,4.7,6.5,4.4,1.3,9.5,6.6,10.2,8.1,-14.4,-1.6,-15.8,0.9,-0.3,3.1,20.7,7.3,0.1,4.1,2.1,1.1,16.8,18.0,-3.6,33.8,16.9,-3.3,5.7,-7.7,26.8,1.0,1.9,10.9
2002-01-01,24.1,43.2,3.3,-7.6,12.0,4.6,-5.2,-0.3,5.9,-4.3,-4.4,3.1,-5.7,-9.2,7.8,4.1,2.2,-1.2,0.3,-1.3,-2.1,0.3,4.6,4.3,6.5,132.6,5.6,13.3,14.4,7.1,3.9,-1.2,18.4,-0.7,7.1,-0.3,-14.0,8.1,-4.7,8.4,9.7,7.7,1.5,-1.1,4.4,-6.4,-1.1,-1.9,-0.9,-6.0,12.1,17.9,159.2,6.9,-21.4,22.2,0.8,5.6,3.3,-1.8,-3.0,-9.1,-6.7,-24.6,6.6,-17.0,2.6,-9.4,-1.7,-2.0,-34.3,1.7,-2.6,2.7,7.6,10.8,-13.7,4.2,10.7,-3.1,7.7,6.2,2.4,4.2,0.9,5.7,9.1,-3.6,-1.7,25.9,4.4,2.6,2.9,14.6,7.3,-2.2,0.2,1.8,1.3,8.1,12.3,-1.2,14.1,-1.4,-3.7,7.1,2.1,20.1,0.8,-1.2,3.6
2002-04-01,11.1,0.6,4.2,-2.8,0.9,0.1,-4.7,3.7,3.7,2.5,-2.5,-13.4,35.1,35.0,12.2,6.5,2.3,0.1,-2.0,0.8,0.3,0.9,53.2,1.7,2.8,-16.7,24.4,3.5,1.6,5.7,1.3,3.9,5.7,1.1,6.8,-6.1,-10.2,6.0,-2.1,5.0,6.1,7.5,2.2,2.1,-0.7,24.6,-1.0,2.4,-0.3,-3.3,24.0,4.1,-5.3,4.9,-11.5,0.6,0.5,0.0,4.2,2.1,-1.9,2.2,-4.4,-1.4,7.1,36.2,2.4,-2.0,-4.9,60.6,-22.8,0.3,-1.6,-0.1,-5.2,7.6,-9.6,-1.1,-1.0,-0.4,7.0,5.2,2.3,-0.2,2.0,-4.4,9.1,4.2,-0.6,-1.3,1.7,0.6,1.6,5.8,7.8,-3.1,-1.2,2.6,2.5,2.6,-12.0,1.8,24.8,20.3,-6.2,4.1,-3.4,13.3,1.3,2.7,-0.4
2002-07-01,3.1,14.0,-0.9,-1.5,-0.4,-2.3,-2.6,-1.9,1.4,12.5,1.0,-6.1,18.4,11.3,17.7,5.0,1.7,1.8,-1.8,1.7,2.1,2.4,2.7,0.3,0.6,-26.5,-0.4,-0.6,-2.7,7.0,-2.5,0.1,9.0,5.0,5.4,-8.7,-3.4,3.3,1.9,1.0,0.9,-2.9,1.0,0.8,2.4,8.5,0.1,1.3,0.9,1.9,13.3,0.0,6.4,1.2,0.0,1.5,-0.7,-0.1,-1.3,0.1,0.1,3.1,-3.3,28.4,-0.6,-6.0,5.4,-0.1,-3.3,-2.7,53.9,0.7,1.5,1.5,-1.8,3.4,-10.3,1.3,-3.8,-3.3,5.9,5.0,2.3,-1.4,2.8,4.0,7.9,-21.2,1.7,6.1,0.2,1.0,0.0,5.2,6.6,-2.6,0.0,1.6,2.0,2.6,2.1,-1.8,12.9,10.5,-8.0,0.2,-0.5,8.2,1.0,8.5,-3.4
2002-10-01,0.5,9.9,2.0,0.3,6.2,13.1,-6.5,0.0,-1.1,-3.6,-3.1,0.6,1.7,11.9,10.2,-3.3,1.0,1.2,5.9,3.5,3.8,4.2,5.0,-0.4,-0.3,39.8,11.0,7.0,5.9,5.4,14.0,-2.0,14.3,1.6,2.0,-5.5,4.0,2.3,-1.1,-0.2,-1.2,3.0,2.3,0.0,10.0,8.8,1.0,2.2,2.0,1.4,34.4,12.3,-0.2,-0.8,-5.5,3.4,2.8,6.3,14.8,-3.2,2.0,-2.4,-1.3,-18.0,-4.9,45.5,6.7,2.8,-1.7,-32.9,-12.7,4.9,-6.5,5.0,9.1,8.3,-8.4,4.6,5.7,4.7,5.2,4.2,1.8,3.6,2.2,6.1,7.6,-2.3,4.0,4.9,-0.5,4.4,3.2,8.6,8.3,-2.2,1.1,2.6,4.3,8.6,-4.5,-3.1,33.4,3.0,-9.9,7.8,0.6,14.0,0.6,14.0,14.2
2003-01-01,9.3,8.6,-1.2,-0.7,9.9,-1.4,-3.5,3.3,-3.8,0.4,0.2,-9.9,-4.1,-7.6,2.4,-3.0,-3.5,-2.0,-4.0,3.2,4.0,6.1,-34.6,2.9,3.7,-9.1,-31.0,-1.4,-1.3,-2.8,-1.5,-3.9,-3.1,2.2,1.2,-0.3,9.8,2.3,2.1,1.6,0.6,-1.5,1.8,4.0,9.0,-5.2,1.8,0.7,2.8,0.3,27.9,5.8,-27.6,0.8,-12.2,7.0,-4.5,0.3,-4.2,-0.8,3.3,1.5,0.9,-2.8,-5.7,-16.2,7.8,2.3,-1.1,11.2,-9.3,3.3,-2.6,6.8,-1.0,1.0,-4.5,8.0,-0.1,6.4,3.1,3.2,2.8,9.6,2.0,13.2,4.9,6.2,8.6,5.9,2.8,-0.9,3.2,7.0,-1.0,-1.8,1.7,1.8,1.8,-5.8,14.7,0.5,42.4,-10.9,11.6,2.5,2.4,10.6,1.8,15.6,-0.7
2003-04-01,10.9,-15.7,-4.8,0.6,23.8,11.1,-0.3,4.6,-2.5,19.4,0.9,6.7,-5.4,-2.1,9.4,4.6,-0.6,1.0,-5.7,-0.6,0.2,4.5,-25.4,8.1,8.4,-40.8,9.1,18.8,21.6,16.6,10.4,1.1,15.9,9.0,2.1,-0.3,7.7,1.9,2.1,-0.5,-1.6,18.4,2.1,0.6,5.5,-1.9,1.8,1.2,2.7,3.3,9.2,12.9,-28.8,-0.5,7.0,29.5,0.7,2.7,8.8,0.4,2.7,13.3,0.3,17.7,-14.4,5.7,2.5,5.0,0.8,-0.1,27.3,3.2,-1.7,5.0,14.2,20.8,-5.5,4.1,3.2,1.5,4.5,4.3,3.2,9.9,4.7,2.5,6.6,6.2,5.0,-10.4,8.2,5.8,9.3,22.0,7.4,-1.1,1.0,2.4,3.9,13.9,25.1,3.9,76.1,24.1,1.1,6.8,-3.2,28.2,-1.4,12.9,10.3
2003-07-01,16.7,31.7,5.8,4.6,14.9,9.1,-1.0,3.4,0.1,18.9,-1.2,-0.8,-8.4,-9.2,3.0,4.2,0.1,0.5,-4.1,6.3,6.3,2.3,-14.3,5.9,7.2,61.4,40.4,17.4,16.7,14.7,8.3,5.8,13.9,11.7,1.2,1.0,4.6,2.8,-0.6,0.5,0.5,23.1,2.7,1.9,8.9,-7.7,2.5,0.8,3.1,1.1,12.2,15.3,65.0,0.6,14.7,28.7,4.4,4.9,6.5,2.9,2.3,14.5,2.5,13.0,19.4,-11.1,-6.6,9.5,4.0,6.7,15.4,7.6,-3.6,0.7,12.5,20.3,2.9,8.7,6.7,1.1,5.4,4.9,4.4,16.0,5.8,10.8,7.1,8.5,-0.9,20.5,6.0,7.6,4.5,29.6,10.4,0.5,0.6,2.7,4.0,15.2,41.2,1.9,65.8,22.2,-2.0,19.1,7.8,37.0,-3.5,12.0,8.8
2003-10-01,0.0,6.6,1.0,6.7,11.3,0.9,-5.6,-1.1,2.3,5.9,-1.8,-12.6,11.3,8.2,-0.9,-0.7,0.1,-0.7,1.0,-0.7,-1.0,2.7,-11.4,5.2,4.5,11.3,15.7,8.3,12.6,12.4,0.7,5.0,-2.7,3.6,0.7,2.7,1.1,2.9,-0.2,0.9,1.4,8.2,2.5,2.8,8.0,5.6,2.8,3.3,3.2,-1.8,15.3,19.4,22.1,1.3,19.2,33.9,2.5,5.1,-5.5,4.0,1.4,3.4,1.6,-4.5,23.9,1.5,-15.3,13.4,6.8,-3.7,-6.1,2.3,-3.3,-1.6,2.0,13.3,2.2,5.1,5.9,-0.8,5.0,2.9,5.0,5.4,2.8,9.1,7.1,12.2,-2.3,5.5,5.3,7.6,-8.9,17.6,7.0,1.8,-0.3,2.3,4.1,9.5,28.8,-4.1,43.5,-0.5,-7.8,3.2,2.8,22.3,-1.3,10.7,3.5
2004-01-01,12.7,10.5,1.9,6.2,16.7,10.4,-3.9,5.7,3.3,7.2,-2.4,1.0,6.5,3.5,5.0,8.7,10.6,6.9,12.7,4.0,4.3,2.7,79.4,2.3,3.6,6.8,-27.1,8.0,7.0,19.0,10.5,-2.1,9.1,4.6,2.4,12.2,-1.9,2.1,-2.0,1.0,1.7,13.5,3.3,3.9,3.1,2.2,2.6,2.6,2.8,1.4,18.3,6.4,0.2,1.5,18.3,11.6,8.6,1.7,8.3,0.7,-0.1,4.9,0.8,2.7,1.7,-2.8,-9.2,9.4,5.5,1.8,2.6,3.1,-2.3,-2.1,10.3,10.3,2.9,0.8,1.8,1.6,3.3,4.2,4.4,5.0,3.8,-5.8,2.7,1.1,-5.2,11.0,2.3,7.7,9.0,11.9,0.1,2.4,-1.3,3.4,2.1,7.6,-3.8,4.5,20.0,16.5,9.7,2.3,3.9,19.4,-1.6,8.3,11.1
2004-04-01,4.0,2.2,2.7,4.0,3.0,-4.6,-6.6,9.3,3.1,1.0,-3.7,-6.5,-0.5,1.4,-1.6,-6.9,0.4,2.4,8.4,0.3,0.0,3.8,-8.2,1.4,1.8,8.2,-10.9,6.7,7.3,-10.4,-4.7,0.2,-1.0,1.4,3.0,3.6,-1.8,4.9,-3.4,5.0,5.3,9.4,2.8,3.1,1.2,0.1,1.8,1.5,1.9,5.4,14.3,-5.6,0.6,4.7,12.8,3.2,-1.6,5.6,-4.6,1.3,0.8,2.6,2.8,-7.8,2.7,6.0,1.1,6.1,5.5,11.1,-16.4,1.6,-1.8,3.7,-4.4,-1.9,8.1,6.4,6.1,4.3,4.7,2.8,4.4,4.2,2.2,10.6,6.4,-4.6,5.5,2.8,1.4,0.4,-2.1,11.4,3.5,1.6,-1.0,2.7,2.1,6.9,3.1,9.8,32.2,-3.7,12.7,13.6,2.8,18.4,-3.7,6.0,-5.5
2004-07-01,10.1,-2.5,1.3,-1.8,2.3,4.2,-2.6,6.9,2.0,10.7,-2.9,-3.8,-9.8,-6.7,2.3,1.7,5.5,5.7,9.5,3.2,3.5,4.7,28.6,3.0,3.9,-2.1,-0.8,9.3,13.4,3.0,4.5,-3.1,2.7,5.7,5.9,2.4,-1.1,6.2,-3.0,7.1,6.8,6.0,4.4,1.7,5.3,-5.1,5.2,3.5,5.4,6.1,7.2,8.4,-8.7,7.2,7.2,-1.1,-1.0,5.0,3.3,-3.3,1.5,6.2,2.8,12.3,8.9,0.4,4.9,5.6,7.1,14.8,12.3,2.9,-2.6,8.3,2.5,4.0,6.1,4.2,4.1,3.9,5.3,4.6,3.6,6.9,4.8,5.2,6.7,5.5,2.4,-0.8,2.9,2.5,3.1,13.0,10.3,4.8,-0.4,4.3,7.0,3.0,6.6,7.0,19.7,-0.9,-5.3,1.9,1.6,20.2,-0.4,3.0,5.5
2004-10-01,3.9,-2.1,1.5,1.4,10.9,8.3,2.0,3.4,0.8,7.8,0.4,-9.0,20.8,9.4,-6.4,14.6,12.2,10.2,9.9,4.3,4.8,7.2,8.0,4.1,4.1,-17.1,-27.3,4.8,5.1,2.6,9.3,1.1,2.1,5.5,2.9,7.2,-0.5,4.9,1.3,6.2,6.6,10.9,4.6,1.4,2.2,6.3,6.1,6.2,6.4,7.2,9.1,13.0,-2.3,6.2,5.6,7.0,-4.0,-0.5,11.3,4.2,1.9,9.9,2.9,8.0,-13.1,-11.8,7.7,5.0,8.5,18.2,3.3,4.1,-4.0,4.5,3.9,7.5,5.6,3.3,3.7,-1.1,3.5,0.6,2.8,4.1,4.6,3.0,6.0,9.4,0.5,0.9,4.1,1.3,-6.0,10.2,8.5,5.5,0.1,4.1,-4.6,-1.4,4.7,2.1,5.2,5.0,6.2,-3.6,2.3,19.6,-2.1,0.0,7.9
2005-01-01,12.0,-11.3,1.6,-3.5,17.3,5.5,0.2,3.0,-0.5,1.9,1.5,-1.4,-4.5,-0.8,-11.5,-3.3,0.6,3.4,4.5,6.3,7.1,9.2,8.9,1.9,3.2,53.9,6.4,5.6,7.2,8.0,5.5,3.6,7.5,3.1,-1.8,-2.4,-0.1,0.9,2.6,-0.4,0.5,-0.1,2.8,-1.1,2.7,-1.8,5.1,4.0,5.4,7.7,1.5,9.0,39.3,1.5,4.5,28.7,3.0,6.8,-0.4,3.3,2.0,4.4,2.7,-14.2,4.3,7.2,9.6,3.6,8.8,-9.3,-19.6,3.8,-1.5,-5.0,5.5,13.1,4.3,0.8,5.8,4.0,2.4,4.0,2.1,11.9,2.6,-3.6,2.2,-3.4,4.9,-8.2,1.7,4.3,4.7,19.9,11.7,4.4,0.4,2.3,4.9,16.9,10.5,3.8,23.3,14.4,-13.2,1.5,-0.9,26.9,-4.6,-3.0,8.0
2005-04-01,10.7,5.1,2.7,-5.5,8.5,8.7,0.0,4.9,-1.1,11.1,-0.3,-8.1,4.7,8.0,10.3,10.7,5.2,5.2,0.0,1.5,1.3,10.4,4.2,4.2,5.1,-19.6,-18.9,6.6,10.6,9.9,8.3,-3.0,-1.0,6.0,3.3,-0.8,0.8,2.5,0.2,2.0,1.2,3.3,3.4,-1.4,5.8,6.1,5.6,5.7,6.0,5.1,-3.0,11.4,-8.7,1.1,1.1,12.5,0.7,3.0,4.8,-1.4,0.8,6.5,1.6,11.4,-1.5,15.3,7.9,-0.2,5.2,-27.0,35.6,3.2,-2.3,6.0,10.6,8.1,3.5,4.9,4.1,-1.3,3.1,3.0,0.9,2.2,4.5,2.8,4.3,5.2,-6.3,3.0,4.0,2.9,-1.6,16.0,12.6,4.4,0.3,3.7,3.4,18.5,17.8,6.1,18.8,3.5,4.7,1.3,2.0,18.3,0.6,-0.7,10.3
2005-07-01,19.1,1.8,3.7,-0.8,13.2,-1.1,-2.7,3.4,-1.4,8.1,0.6,-0.6,33.6,10.9,4.7,12.5,6.4,5.8,0.6,3.5,3.5,11.7,43.0,0.7,3.1,-9.2,-27.4,7.6,12.3,-5.9,-0.5,-4.3,5.8,3.9,4.9,4.7,1.9,4.8,2.4,6.1,6.5,-2.5,3.0,-1.3,3.8,9.3,2.0,3.1,2.4,5.1,-3.2,-9.7,-7.4,5.0,9.9,8.2,2.9,5.4,-1.4,-2.0,-0.5,-1.1,1.0,11.1,2.1,-25.9,4.5,-4.4,1.1,6.9,15.4,1.5,-2.5,4.2,-3.6,2.1,4.5,3.2,2.9,-1.0,3.4,4.2,0.3,1.8,3.4,1.9,4.2,9.1,-7.9,2.8,0.4,0.2,5.4,7.0,3.4,0.4,0.3,3.1,-0.1,-8.7,-13.2,3.9,33.5,12.1,6.7,-0.6,1.5,19.6,4.1,1.7,-1.2
2005-10-01,5.1,-19.3,7.6,0.3,21.9,12.4,6.5,2.4,-1.8,-11.4,1.1,-6.5,-16.9,-13.6,24.2,0.7,-0.7,0.6,-2.2,4.8,4.4,12.4,-5.4,4.4,4.5,1.3,-17.4,9.5,7.7,5.0,10.7,-0.4,15.4,-0.8,4.0,4.6,2.8,0.6,0.2,-1.5,-2.4,11.4,0.8,-1.4,7.1,-9.4,0.7,-1.0,1.3,2.7,-4.9,19.4,-2.6,-1.8,8.0,13.2,2.5,6.4,8.9,1.1,-2.1,0.4,1.5,-41.6,6.1,-6.1,2.6,-8.7,-3.0,-13.4,-56.3,5.7,-0.8,3.4,20.2,15.7,10.7,6.5,2.8,2.7,2.9,4.8,-0.6,10.1,0.7,8.2,3.0,5.5,3.3,-11.5,4.1,4.1,3.6,11.4,10.7,-1.3,0.1,1.6,6.3,5.6,-8.9,3.1,42.7,11.9,-5.7,7.9,-2.8,21.0,5.5,4.0,10.5
2006-01-01,7.5,-6.1,6.1,-1.2,1.4,2.4,1.8,8.9,-1.5,16.9,1.2,-3.0,-24.9,-22.4,14.7,16.4,8.0,3.6,0.1,1.7,1.0,13.2,46.7,6.3,6.5,18.1,-18.4,11.3,11.0,16.2,2.7,-1.1,12.4,8.5,4.0,5.9,3.7,1.9,1.4,2.8,2.8,8.3,1.8,-1.1,4.3,-17.2,1.6,-1.7,2.3,-2.6,-12.7,17.6,2.9,0.7,3.5,22.5,4.3,2.0,0.8,0.4,-5.2,10.0,0.9,14.4,48.4,-16.8,-4.5,-11.3,-5.8,-3.1,24.9,4.2,-0.3,2.7,1.2,15.1,16.5,9.7,0.0,3.6,0.9,-0.4,1.1,8.6,4.4,11.1,2.3,19.5,-2.9,-1.9,6.1,5.0,7.0,26.2,11.5,-0.8,-0.2,2.3,1.6,28.5,26.7,11.0,59.8,4.6,14.1,18.0,0.0,27.9,1.1,4.5,3.9
2006-04-01,2.1,3.9,2.6,7.0,4.1,-2.8,0.4,8.4,-0.8,0.2,1.2,-7.7,27.0,24.2,13.1,6.3,0.6,-1.6,-4.9,3.9,4.1,10.4,44.2,-2.7,-2.0,20.5,41.6,-4.7,-1.8,-5.6,-3.7,1.1,-4.4,0.6,3.9,5.8,5.3,2.6,2.0,2.5,3.6,-8.3,2.5,0.8,-2.2,18.5,1.7,4.2,2.2,-4.9,22.4,-9.5,-0.8,0.9,-1.7,4.8,-7.0,3.5,-0.5,-1.5,-4.3,-9.6,-0.3,1.1,-31.2,18.8,-8.3,-3.3,-1.8,15.4,-2.4,0.8,-1.2,-2.8,1.0,-1.0,9.3,-0.6,8.7,6.6,2.8,0.8,2.3,4.8,2.1,4.0,4.9,5.5,8.5,4.6,-3.1,2.0,0.5,4.1,-1.6,-0.2,-0.2,2.9,-0.2,-10.6,-8.1,6.8,48.6,0.7,-7.3,-18.4,1.2,14.5,2.2,4.7,-6.2
2006-07-01,2.7,-1.3,2.3,-3.2,1.6,4.2,3.9,4.8,0.1,5.9,-0.1,-18.6,6.7,12.5,6.2,4.8,0.9,-0.5,-3.1,0.9,0.7,8.2,-1.3,2.2,2.3,-10.0,8.1,1.9,4.7,2.3,2.4,4.6,0.5,3.6,2.8,2.6,7.1,2.1,-0.7,1.7,2.5,-0.5,1.9,4.2,-0.2,8.9,1.7,2.8,2.0,-2.5,120.7,-1.3,-6.4,1.6,-0.4,3.8,-1.5,5.0,0.3,4.3,-1.5,4.1,1.1,7.2,-6.6,27.7,-7.0,8.4,4.0,-1.8,12.3,2.3,-1.7,-1.8,11.8,2.6,6.9,1.9,7.6,1.8,2.5,1.5,2.0,2.3,2.6,5.4,3.7,-1.2,1.6,0.2,2.0,2.4,-11.8,9.4,0.6,0.4,0.0,2.1,2.7,19.1,-7.1,-5.5,47.9,3.6,-6.4,-11.0,0.8,15.7,-1.8,6.3,3.8
2006-10-01,7.9,12.7,5.1,10.4,13.7,4.3,4.5,14.1,1.3,5.8,3.7,-8.9,-14.5,-19.9,-1.9,5.3,7.4,4.5,9.6,5.7,5.8,3.8,8.3,6.5,6.7,1.1,-2.8,-0.9,1.0,19.5,4.2,1.1,2.7,5.7,2.0,5.3,8.8,3.4,3.1,4.4,5.3,-9.4,3.1,6.5,3.9,-15.8,1.6,-1.4,1.8,0.0,177.8,1.1,15.5,3.4,1.5,16.3,-0.3,4.3,4.1,1.4,1.2,2.3,2.4,-0.2,8.5,-31.7,-5.9,20.9,9.9,11.3,-5.6,5.7,5.4,-0.5,4.6,7.7,5.0,8.4,9.7,4.6,2.3,3.8,1.7,2.5,3.9,12.7,1.6,0.8,6.2,9.9,6.5,10.6,-1.4,18.9,8.4,1.1,0.0,2.9,3.0,8.0,18.1,-0.3,42.3,9.7,18.9,-3.8,4.8,26.1,-1.7,7.3,3.2
2007-01-01,5.2,7.0,1.6,6.4,10.7,2.6,6.2,7.7,1.6,5.5,1.5,-13.0,8.4,20.0,2.5,1.4,1.7,2.8,2.1,0.7,0.6,1.5,-47.5,-3.1,-1.9,-1.7,13.2,5.4,6.8,-6.7,2.4,-0.7,5.6,2.8,3.1,4.0,9.6,1.4,0.9,3.8,2.8,2.1,2.3,11.3,2.0,14.4,1.7,3.6,1.7,4.6,38.1,-6.1,5.0,3.3,2.3,12.3,-6.2,6.3,4.7,-1.7,2.3,3.9,0.9,4.4,1.8,53.2,0.8,29.8,14.1,-14.6,14.5,1.4,-1.0,9.0,3.3,2.8,-1.9,2.4,8.3,3.6,-1.2,2.9,-1.3,5.5,2.5,5.3,-4.3,-1.7,5.7,5.9,-3.2,2.5,-2.5,8.2,8.3,1.6,-0.1,2.3,4.4,-7.7,-3.5,4.5,33.3,8.0,-11.5,1.3,2.5,18.6,-0.9,6.8,0.3
2007-04-01,0.3,-7.4,0.8,5.1,5.6,-0.3,6.2,4.9,0.8,4.3,1.5,-10.0,-2.7,-0.5,-5.2,4.8,1.1,1.7,-2.6,-2.0,-2.4,-0.4,-34.5,1.7,1.4,-3.2,-13.7,-2.4,2.3,-1.1,-1.4,-4.9,-9.8,0.9,0.3,-4.9,7.5,2.1,0.8,2.1,2.1,-8.2,1.4,7.4,0.0,-1.0,2.4,1.8,2.5,2.6,30.5,9.7,2.6,2.3,-0.7,5.0,-8.1,2.5,-5.4,-4.1,0.4,2.5,1.7,0.5,10.5,4.5,0.3,24.3,10.4,23.2,-8.9,-0.8,-0.7,2.2,4.5,11.9,4.6,1.8,0.0,-0.6,2.2,5.8,-1.7,3.1,1.1,3.8,0.3,7.2,-11.2,-6.2,1.7,1.8,-1.7,11.3,4.9,2.1,-0.2,1.1,5.0,3.1,9.9,1.1,37.1,17.2,-6.2,-10.3,-0.9,16.0,-2.6,3.7,0.1
2007-07-01,-1.8,-2.4,-1.8,1.5,14.5,3.2,1.9,3.8,0.3,5.0,0.2,2.4,11.9,1.6,6.2,4.2,7.9,6.0,11.9,0.3,0.7,-0.5,-18.4,0.7,0.3,-4.7,-7.2,1.5,2.4,4.2,3.8,1.3,2.0,2.5,2.3,-4.8,5.1,3.9,-0.7,4.1,3.8,0.1,2.6,5.3,4.1,1.1,3.5,3.1,3.7,2.8,20.5,1.7,15.5,1.1,2.8,4.3,-1.0,8.5,-6.5,2.0,-2.1,2.1,0.2,-1.9,-9.6,-19.1,0.6,17.5,5.9,11.7,-8.9,1.3,2.0,5.4,0.7,6.8,5.4,1.3,2.0,-1.3,3.6,5.1,-1.9,7.1,2.7,-1.8,3.6,4.5,-1.4,-3.0,0.8,4.8,13.5,16.0,5.2,2.7,-0.1,2.8,2.4,11.0,4.6,1.0,32.0,9.6,1.2,-3.7,-0.9,21.8,-0.6,3.4,8.8
2007-10-01,11.6,4.8,-1.4,4.4,-4.3,-1.5,1.9,5.1,0.2,3.0,-0.1,-5.1,-11.9,-16.0,22.2,3.8,-1.3,-0.1,-6.3,1.7,2.1,-2.8,-6.8,3.0,4.3,-4.8,-13.6,-0.7,0.1,3.1,-1.2,-1.1,-0.1,0.8,4.3,1.6,2.6,1.9,-0.2,0.0,-0.4,-2.6,1.3,4.5,0.6,-12.2,4.5,1.7,4.9,1.9,21.4,-2.9,24.5,-1.2,3.1,3.6,5.7,-1.4,-0.8,-0.1,-4.9,-3.8,-3.4,2.4,15.2,-25.9,0.7,11.6,1.5,-2.4,6.6,-0.3,-1.6,2.2,-3.0,0.2,-0.1,-1.5,0.8,-0.9,4.0,2.8,-2.1,0.0,1.6,-4.7,5.9,4.7,6.3,3.7,3.2,1.5,0.5,8.4,2.3,3.3,-0.1,2.0,2.1,6.0,-6.2,2.2,30.1,-3.2,-4.1,-5.2,-1.2,14.1,0.5,3.3,-1.0
2008-01-01,-1.7,1.0,-4.8,5.0,4.0,-3.0,-1.6,4.6,-0.7,-12.3,-1.9,-7.4,4.9,15.1,14.6,7.6,6.0,2.8,4.2,-2.2,-1.8,-3.8,36.1,-6.2,-5.6,0.7,-22.6,-10.0,-13.4,-10.3,-2.8,-7.0,-19.5,-6.4,5.6,-5.1,0.5,4.2,-1.9,5.5,5.7,6.0,2.2,-0.3,-3.9,12.0,5.1,6.2,5.6,-2.3,18.5,-15.0,0.5,2.6,0.6,-4.7,-12.9,1.7,-2.6,-5.6,-7.8,-10.9,-4.0,-19.6,-9.1,44.9,-4.7,5.8,-2.3,-10.2,-25.9,-3.1,-2.3,4.4,-3.8,-9.3,4.7,-2.2,2.6,-1.0,2.7,2.3,-3.2,4.6,-0.5,3.4,3.9,16.2,-5.9,-1.1,-6.3,-1.0,-14.4,-6.7,-2.4,3.8,-0.3,2.7,0.2,-10.7,-12.9,0.9,12.1,-9.4,-18.1,7.5,-3.1,-2.9,2.7,-0.8,-3.6
2008-04-01,12.6,-12.2,-1.4,7.0,10.9,9.1,2.0,4.8,-0.8,-2.8,-0.7,2.8,-5.3,-7.7,19.5,9.2,8.5,3.7,7.7,-1.0,-1.0,-2.6,-7.3,0.5,2.3,-16.9,-26.5,-1.2,-3.4,1.4,9.1,-6.1,-0.7,-0.6,3.5,7.9,0.9,1.1,-1.5,-1.1,-1.5,0.2,1.3,-3.6,0.6,-5.6,3.6,2.1,3.7,-3.9,19.3,-14.1,-1.5,-1.8,1.5,-0.8,-2.1,0.1,6.5,-4.1,-8.9,-3.0,-4.5,-14.2,-11.9,-13.1,-7.6,-0.9,-3.7,6.9,-26.1,0.6,-0.7,1.2,9.0,-4.2,5.0,2.3,2.8,-1.1,3.7,2.7,-3.1,4.1,1.1,2.7,5.6,-5.7,2.7,-5.6,0.6,2.4,-7.9,10.6,5.4,3.3,-0.4,2.0,1.5,7.5,-12.5,3.0,31.5,-1.8,3.6,13.5,-4.9,21.8,1.4,0.3,10.3
2008-07-01,0.9,-5.5,-0.4,3.1,2.5,-9.2,1.6,0.4,-0.3,-12.8,0.8,-8.1,-11.3,-17.2,13.5,8.0,7.3,1.1,6.6,-6.4,-7.3,0.2,-18.4,-3.6,-2.9,-7.4,-7.9,-15.3,-18.7,-6.1,-9.7,-10.8,-12.7,-8.1,3.8,-0.1,2.0,1.4,1.1,0.1,1.1,-12.8,-0.9,-6.7,-2.9,-14.0,1.8,-0.8,1.6,-8.7,11.5,-11.7,-6.3,0.3,-8.0,-10.0,-14.3,-4.4,-3.9,-11.0,-9.1,-12.8,-8.1,-19.2,-1.2,-28.7,-11.2,-7.4,-4.6,-11.4,-24.9,-5.7,-1.1,-4.8,-7.6,-5.5,-6.1,-0.6,-8.8,-2.3,2.9,2.3,-2.8,-0.7,-3.0,2.6,4.1,-5.9,-8.6,-3.6,-3.7,-3.6,-11.4,-7.2,-1.2,2.8,-0.3,-0.4,0.9,-12.3,-23.7,-1.2,20.4,-1.0,0.1,2.5,-6.6,-0.7,-3.3,-1.2,-14.1
2008-10-01,-6.0,-12.9,-7.6,-3.0,-12.3,-12.9,-8.2,-7.7,0.4,-26.3,-2.2,-18.1,17.6,27.3,19.8,6.6,9.4,1.2,12.6,-5.6,-5.2,1.1,15.8,-4.7,-4.9,25.6,70.8,-19.2,-20.0,-3.0,-12.1,12.4,-16.2,-11.6,3.5,-15.3,3.0,1.1,-0.8,0.2,0.4,-19.3,-0.1,-6.4,-10.0,20.6,0.1,3.1,-0.4,-11.6,0.3,-34.0,-12.6,-2.3,-11.6,-19.3,-22.7,-2.1,-13.4,8.5,-9.6,-17.3,-13.2,-39.4,-33.8,53.0,-14.4,-14.0,-5.5,-15.7,-55.0,-3.8,-1.1,-1.0,-15.9,-17.8,-20.0,-5.3,-11.4,-0.5,2.1,3.5,-2.6,-6.0,-3.5,1.6,1.7,-2.3,-10.2,-13.4,-4.9,-3.6,-21.4,-21.6,-10.9,2.3,-0.3,0.7,1.2,-28.4,-51.9,-9.8,26.7,-4.3,-11.4,-19.1,-13.2,-9.8,2.1,-2.8,-11.4
2009-01-01,-6.5,14.5,-2.8,4.3,-3.9,-4.4,-7.1,-3.9,-1.6,0.7,-1.4,-6.1,-7.4,-0.4,-8.0,4.9,7.8,-0.6,11.2,1.5,2.1,2.0,7.2,-6.4,-6.4,-1.3,40.7,-11.1,-10.5,2.9,-4.7,3.3,-18.4,0.1,1.0,-6.5,3.6,2.9,0.7,6.6,8.1,-7.0,-1.2,-12.6,-5.6,-2.3,-1.3,-1.4,-2.1,-13.3,9.2,-7.2,-21.9,4.7,-13.4,-0.5,-4.9,-2.9,-9.6,0.3,-11.9,-7.5,-16.1,10.1,-11.1,19.1,-16.1,-19.2,-6.4,36.3,2.1,-0.2,-3.2,-0.4,-3.3,-0.7,-24.0,-1.2,-10.3,-2.5,-1.2,2.7,-8.1,-3.6,-1.0,0.9,-3.4,-10.8,-10.6,6.3,-6.6,-0.3,-6.7,2.6,-0.4,1.9,-0.4,-1.6,0.0,-2.8,-18.1,-6.0,40.8,-2.3,0.5,-8.5,-9.3,11.1,-7.9,-7.4,-2.0
2009-04-01,7.1,10.6,-2.1,1.2,-9.2,-6.9,-8.0,-5.8,-8.3,-2.9,-1.4,-5.2,-12.3,-5.4,-9.3,3.4,2.7,-2.0,1.9,2.6,3.3,-0.1,-14.5,-4.5,-2.9,-6.5,-8.8,-7.4,-8.6,-6.3,-6.8,-2.3,-0.3,-2.5,2.5,-4.1,3.2,4.5,0.4,6.4,6.0,-9.8,-1.3,-10.1,-2.3,-4.6,-0.6,-1.2,-1.4,-9.4,3.7,7.7,28.4,7.2,-17.5,2.8,-7.6,-2.8,-3.7,-1.5,-11.3,-5.2,-11.4,3.1,1.5,14.9,-4.9,-15.8,-6.0,1.7,7.2,-2.4,-1.5,8.5,-7.6,2.5,-11.6,-5.3,-8.4,-7.5,2.3,5.4,-11.0,-3.3,-2.0,0.8,3.4,-10.2,-2.9,5.0,-4.7,-3.4,-0.7,-7.6,-1.0,2.3,-0.5,-1.7,4.0,0.4,-21.2,-7.5,8.8,-3.6,-32.2,-7.1,-6.3,-7.9,-2.2,-2.5,-8.1
2009-07-01,13.4,3.4,0.6,8.9,1.6,3.8,-3.7,-0.4,-5.1,20.9,0.4,2.0,-1.5,-2.1,4.1,-7.9,-6.9,-5.5,-5.8,2.4,2.7,-2.4,13.7,-2.5,-0.3,13.8,-13.7,3.5,3.8,-1.4,3.7,-1.4,-2.6,7.2,3.1,-2.8,2.7,2.5,2.9,4.0,4.6,8.1,0.5,-3.0,0.0,-1.3,1.1,0.7,0.5,-2.9,13.2,4.8,6.8,2.8,-12.0,6.9,0.3,1.7,9.8,-0.2,1.6,1.3,-0.3,53.7,-0.5,-3.6,5.0,-9.3,-5.2,-5.0,131.4,1.3,-5.0,1.4,4.1,5.7,-4.1,0.2,1.4,1.2,0.7,4.4,5.5,1.5,2.7,1.5,-0.1,-0.6,-0.5,1.3,-2.5,2.6,0.8,13.0,-1.0,3.4,-0.4,0.7,1.2,3.4,28.6,-3.4,31.9,-0.2,-2.2,3.3,0.2,15.1,1.0,2.9,0.6
2009-10-01,-3.4,-0.1,5.5,8.9,4.0,2.2,9.9,3.6,0.5,-9.1,2.2,-10.6,23.8,14.4,17.6,-11.1,-11.0,-5.4,-11.0,2.4,2.0,-7.5,-25.0,0.0,-0.5,6.5,-0.3,2.9,3.6,-14.1,3.1,0.7,-2.8,-2.1,1.3,-3.2,2.1,-1.9,1.8,-1.9,-3.0,6.6,-0.3,-3.6,5.1,10.7,2.6,3.8,2.1,4.8,12.5,-1.5,18.6,-4.0,-3.2,2.7,-2.4,8.4,2.9,0.8,0.9,-3.8,2.7,-32.4,-1.1,-8.2,15.3,-1.6,-4.4,-19.0,-45.0,1.3,-4.0,3.4,-1.2,1.3,6.4,0.1,7.6,-3.1,-1.9,-1.2,-6.9,6.2,-0.4,-3.7,-2.9,-5.1,-9.3,-1.0,0.3,1.8,-11.5,8.4,8.7,4.3,-0.4,0.4,-0.3,3.9,-5.5,2.4,13.2,3.0,-7.3,1.7,1.4,16.2,0.9,8.5,3.1
2010-01-01,5.9,-10.7,10.6,6.9,6.7,9.5,15.9,6.6,1.1,5.0,5.3,3.3,9.6,2.1,2.2,-3.6,-0.5,2.8,3.3,2.7,1.5,-9.0,11.3,5.0,5.2,-2.1,-23.9,10.9,12.0,9.0,9.1,-5.5,5.4,3.0,0.0,-1.7,1.7,-0.5,3.0,-2.3,-3.0,10.8,2.0,0.4,4.6,0.3,3.5,3.0,3.2,8.5,10.8,5.3,26.2,-0.8,5.5,8.1,1.9,-3.3,10.7,-3.8,8.6,7.6,5.7,-3.9,-3.4,-16.7,16.8,5.3,-3.7,-8.9,-4.3,2.1,4.1,1.2,11.1,10.5,-0.1,2.1,8.7,1.3,1.6,0.7,4.7,7.3,2.3,-2.2,2.4,-9.6,-0.2,-7.2,5.5,3.8,3.4,7.6,8.7,4.7,-0.6,2.0,10.3,3.4,-19.3,7.2,56.7,6.4,0.7,14.8,1.2,16.0,-4.8,15.6,8.5
2010-04-01,6.6,-0.8,2.0,5.7,-1.2,6.0,-2.1,3.2,0.4,13.2,0.0,-4.0,-4.0,-6.0,4.7,-0.4,0.8,3.6,2.3,-1.8,-2.4,-4.8,21.2,4.7,5.0,-0.7,-8.8,10.0,9.8,5.1,6.4,5.1,-5.1,5.6,3.5,-7.2,2.6,3.6,2.5,5.4,5.5,21.0,2.6,-0.1,6.9,-4.0,3.1,2.0,2.8,8.3,13.7,-10.4,-2.0,3.1,2.6,10.5,2.2,7.6,3.9,6.2,-8.5,16.7,-3.5,26.0,6.8,-12.0,17.3,5.2,-2.9,10.5,39.6,2.2,-8.1,4.8,4.4,0.4,8.1,3.6,2.9,0.5,1.5,5.6,13.0,7.0,3.6,2.4,-0.7,2.1,-5.3,-3.1,5.0,5.9,-8.2,9.9,12.0,4.5,-0.6,2.7,-6.4,5.1,13.6,0.7,23.0,3.4,-9.1,18.3,-3.4,13.1,1.9,-5.6,8.9
2010-07-01,4.9,14.8,-1.2,-1.7,-2.5,2.2,-13.0,3.8,3.8,6.4,-1.1,4.8,10.8,12.2,-5.5,-3.3,-1.4,0.9,0.7,0.6,0.8,1.0,-4.5,2.5,2.9,7.1,15.5,1.5,5.0,7.7,1.8,2.4,1.5,3.0,4.4,7.9,3.9,5.9,1.2,5.5,6.7,-7.5,3.2,0.4,2.3,7.9,1.9,2.8,1.5,4.9,9.2,2.2,13.9,8.2,-0.9,6.5,-1.0,7.4,-0.3,1.4,-3.8,4.4,-1.6,9.5,-7.9,16.9,11.5,3.7,-2.0,13.2,9.0,1.5,3.3,-0.4,3.5,6.5,3.0,1.8,-2.1,0.9,6.5,4.6,-3.1,3.0,2.9,3.1,8.4,-4.6,0.7,12.7,2.5,4.0,-3.5,7.0,4.5,3.5,-0.6,2.8,11.2,4.0,-4.2,3.2,14.4,9.2,-5.4,-1.8,3.1,12.0,-3.4,25.7,3.6
2010-10-01,1.5,5.8,2.4,-3.3,9.1,10.6,18.9,1.1,-1.2,11.7,2.1,-1.1,0.9,8.5,-6.3,0.7,4.5,4.4,9.0,3.0,3.1,7.1,-22.3,1.4,1.5,-4.0,-12.0,6.8,5.2,-3.2,10.9,-1.9,2.0,5.7,-0.2,1.3,5.2,0.6,-0.1,2.4,2.0,12.0,1.3,2.1,5.8,5.3,0.9,1.6,0.4,4.4,10.2,6.6,5.6,2.0,2.4,17.2,2.2,1.4,12.8,-1.1,11.7,8.6,8.0,19.7,15.9,35.2,7.8,2.2,-1.1,3.0,34.2,3.0,-5.4,4.7,9.6,6.9,0.6,2.3,-1.5,-1.3,-1.5,1.6,2.0,7.9,2.5,-1.1,-3.5,-6.6,-1.4,4.0,1.3,-1.4,-4.3,9.1,6.7,2.9,-0.5,1.0,-5.6,10.5,15.6,-0.5,2.6,5.7,-2.3,16.1,6.6,8.9,-3.2,-6.9,10.0
2011-01-01,4.6,5.7,1.8,-1.6,9.4,3.7,-6.4,9.6,-3.0,3.5,-2.0,-5.3,-10.2,-17.4,8.2,5.0,4.9,3.2,5.0,0.1,-0.1,10.9,-37.3,3.1,3.3,-8.0,-27.5,3.9,4.2,-6.5,3.5,-5.0,-1.0,2.0,1.3,1.0,6.6,1.4,-0.8,-1.1,0.2,10.3,1.0,3.0,6.5,-13.0,0.4,-1.8,-0.2,0.4,15.2,0.7,-16.0,-1.0,3.6,12.7,3.4,-6.1,4.4,-3.0,-2.1,-1.3,-0.5,-3.0,4.5,-36.1,-0.8,0.4,-0.6,-23.4,9.2,1.3,-2.3,-7.2,4.6,3.0,3.3,4.6,-7.6,5.9,4.5,3.8,7.5,4.7,1.5,5.4,6.9,-26.5,9.0,3.1,2.9,-5.2,-5.5,11.9,6.3,2.6,-0.7,1.3,-0.6,11.7,-6.6,12.2,9.9,0.8,-5.0,-2.2,0.8,18.6,0.4,-33.9,2.3
2011-04-01,8.3,19.7,0.0,-0.3,0.4,2.6,4.3,4.7,-2.2,-2.8,-1.2,-15.7,4.8,-2.7,14.2,-0.1,-1.0,0.4,-2.1,-0.8,-0.9,9.0,-19.2,2.1,3.1,8.4,-26.4,2.5,1.9,-0.7,1.7,-6.5,-3.3,-1.5,3.6,10.7,9.9,0.3,-2.6,-0.1,-0.3,2.6,0.8,4.7,3.5,-2.6,0.3,-0.2,-0.4,3.0,17.2,7.4,28.5,0.1,6.1,6.0,-4.0,8.5,1.4,-4.9,14.3,-0.7,8.1,-17.6,9.1,-24.1,3.4,-1.5,-1.6,-28.2,-16.6,-0.8,-0.9,1.1,6.1,4.1,-4.1,0.6,0.0,-1.7,0.7,1.9,-7.3,4.3,0.4,-2.5,0.8,-8.4,-2.2,16.8,1.9,2.7,-12.0,8.9,2.9,2.8,-0.6,1.3,9.5,10.3,-0.9,2.5,11.9,0.7,6.9,17.3,11.2,13.2,-2.5,22.7,1.9
2011-07-01,-1.8,12.4,4.6,5.7,-16.2,-5.5,-15.6,4.2,-1.9,3.6,-5.7,4.2,0.0,14.1,22.0,15.1,8.1,5.6,0.3,-1.5,-2.4,4.5,-8.9,3.0,2.2,1.8,12.8,1.3,3.3,-1.5,-7.5,0.8,-7.6,0.1,0.9,-0.4,13.6,-1.3,-3.0,-3.3,-4.0,-0.6,0.9,8.0,0.6,10.8,0.1,1.7,-0.8,1.7,19.3,0.1,10.3,-5.9,9.4,8.0,-5.3,-0.2,-7.3,0.0,5.0,4.9,4.7,0.9,-8.7,76.5,-0.2,-3.4,-2.7,-13.1,6.9,-1.4,-5.4,0.3,2.2,5.2,4.0,-0.6,5.2,-3.5,1.1,2.0,4.0,4.9,1.2,0.6,1.2,-8.3,-8.0,8.2,2.9,1.5,2.9,7.9,1.5,3.0,-0.4,1.8,-7.0,7.7,2.3,1.2,21.7,5.0,-14.7,7.8,6.0,10.0,2.2,12.2,-6.5
2011-10-01,4.4,-6.3,2.1,-7.0,-8.3,1.7,9.6,-6.4,2.0,9.9,-0.6,-24.4,-18.7,-12.6,-10.5,1.3,-1.6,-2.2,-4.9,-0.5,-0.9,0.2,-0.3,0.6,1.2,9.7,-19.1,6.1,5.8,2.9,0.1,-1.9,8.3,2.9,1.8,4.4,17.1,3.8,-3.3,4.8,6.0,5.2,0.1,-0.1,0.2,-10.1,-0.1,-1.6,-1.0,-3.1,0.9,-12.2,-7.7,6.8,1.1,1.6,-0.2,-11.0,-0.4,-0.7,1.5,4.3,1.6,21.3,6.3,9.1,-4.9,-5.4,-4.0,-6.5,41.9,-0.1,0.9,-0.9,7.7,-3.9,1.8,0.6,1.8,0.7,2.5,5.4,-4.4,-2.0,0.7,3.0,0.9,-12.0,-3.1,-3.4,0.6,-5.0,-28.7,8.7,3.9,3.1,-0.3,-0.4,6.6,4.8,9.8,-8.1,42.2,-5.7,-7.3,7.0,-0.2,14.7,-3.1,-21.4,1.4
2012-01-01,5.2,-5.2,5.8,10.3,-11.5,5.0,-1.2,0.7,4.0,10.1,-3.2,0.4,-12.8,-29.4,11.4,23.7,8.0,1.7,-8.7,2.6,2.2,-3.0,1.8,3.0,3.3,12.1,-57.1,6.6,10.5,4.9,3.8,-2.6,-1.2,5.2,8.7,-4.6,18.6,5.6,-4.2,5.9,6.6,-2.0,1.4,4.1,6.6,-21.8,0.0,-3.5,-1.0,-8.4,18.7,6.0,9.9,7.7,-2.7,7.2,-6.9,2.6,4.8,2.3,-10.8,1.2,-4.7,13.8,31.0,-65.6,-12.7,-6.8,-5.1,9.0,19.6,3.0,-1.3,2.4,9.8,8.6,10.5,5.2,7.2,3.0,5.4,6.6,-3.2,6.1,2.9,4.1,4.9,-10.1,15.5,-4.7,3.2,5.7,-5.0,9.6,9.9,3.3,-0.4,1.8,7.7,10.3,27.8,-3.6,28.4,7.0,6.5,13.5,-4.7,6.9,0.4,7.0,5.0
2012-04-01,9.3,-1.2,4.6,5.7,-11.1,-7.0,-21.1,1.4,-3.0,0.8,-6.4,3.3,35.8,41.5,20.7,-13.8,-6.6,-7.2,3.2,2.3,2.0,-3.4,11.3,0.9,2.2,0.9,80.2,-3.9,-3.6,-3.3,-6.1,3.0,-5.1,-0.1,-0.5,8.7,13.2,-1.3,-3.6,-3.7,-4.4,-5.6,0.2,-0.4,3.0,27.1,0.2,3.7,-0.6,-8.3,13.7,2.7,6.2,-7.5,-7.7,-2.4,-9.5,14.8,-1.9,-0.3,16.7,-0.8,14.1,-0.6,-4.5,66.6,-10.5,-4.9,-4.1,1.6,-1.5,-0.5,-0.8,-0.3,-10.4,2.8,8.5,-2.0,5.8,-4.5,1.8,1.4,20.7,-1.3,0.7,-3.2,3.2,-14.4,-14.9,2.5,1.1,6.3,-1.9,5.3,3.1,2.8,-0.4,1.1,-10.8,0.4,-8.9,-1.1,40.3,-6.7,-6.9,-0.1,9.7,11.3,-2.1,37.8,-7.8
2012-07-01,4.1,-2.4,-4.4,3.2,0.7,6.2,4.2,2.7,-8.0,5.3,-1.8,-14.1,-2.9,11.2,3.0,-3.3,-1.5,-3.0,0.8,0.5,1.3,-3.6,0.4,1.4,1.8,-1.5,36.9,1.4,1.3,7.4,6.5,-2.5,-1.5,1.8,5.4,2.5,7.3,0.0,-2.9,3.5,3.9,4.7,0.2,3.8,4.7,7.1,0.5,1.5,0.0,-5.7,8.8,10.5,-3.5,6.3,-8.7,2.8,-1.6,-3.8,1.3,-4.5,-4.6,0.4,-0.4,3.6,-23.0,81.4,-5.6,-1.9,-2.6,17.6,-0.9,0.2,-3.6,2.0,5.2,8.4,9.6,-1.1,3.7,-0.9,-4.0,-1.4,-7.7,0.0,0.8,-3.8,-4.6,-7.2,-8.6,-0.6,1.5,1.8,-8.8,9.0,8.9,2.2,-0.3,0.3,6.2,5.8,3.3,1.5,38.7,2.4,-13.1,-0.5,-0.4,14.2,-2.9,7.0,10.1
2012-10-01,5.6,3.9,2.9,8.0,8.3,-3.2,-4.2,2.1,-6.0,9.4,-2.3,-11.3,-6.6,-16.6,15.3,-3.6,-2.7,-2.8,-1.7,0.9,0.6,-2.3,7.9,2.9,3.3,-11.8,-31.6,5.5,6.3,-4.1,-2.8,-4.2,1.2,2.9,0.8,-4.0,1.8,1.9,-2.4,-2.0,-2.1,2.9,0.3,13.0,3.2,-12.2,0.9,-1.2,0.7,-3.1,13.3,4.5,12.9,-4.3,-8.1,3.8,6.8,14.2,0.1,-2.1,-6.0,1.1,0.2,14.5,10.6,-43.6,-1.3,1.3,-1.0,12.2,19.4,0.0,0.3,-1.4,-4.4,4.1,14.4,2.5,-5.9,-1.2,6.9,6.0,4.4,1.9,1.6,3.2,10.8,-5.6,6.8,1.7,3.0,5.2,-0.5,9.2,2.2,1.6,-0.3,1.0,0.0,6.0,5.3,-1.0,22.4,-0.2,2.4,12.5,0.7,12.1,-0.4,23.7,-5.6
2013-01-01,2.8,12.6,1.1,-4.0,13.6,5.8,2.1,-0.3,-4.9,10.4,-1.4,-5.2,10.9,29.8,-13.3,3.7,3.7,4.6,3.8,2.6,2.8,1.6,30.9,4.6,4.3,-8.0,11.1,9.3,7.8,7.7,5.9,9.4,1.8,7.5,-2.1,12.5,6.6,-1.8,-1.8,1.2,0.4,16.0,1.0,-3.7,7.2,20.1,1.5,4.1,2.1,6.1,2.0,1.4,32.1,2.6,-0.4,6.0,-4.2,-0.6,7.7,9.3,1.0,10.3,3.0,9.4,-3.4,118.5,12.2,11.1,0.4,24.1,3.5,6.2,-3.2,4.9,5.7,4.2,7.1,8.4,6.3,-7.4,-5.2,-1.9,-3.8,7.9,2.6,6.7,-7.3,1.3,-11.2,12.5,4.7,1.3,10.0,16.6,13.8,-0.2,-2.0,0.3,11.5,28.6,30.7,-1.3,15.7,4.1,18.4,15.6,6.3,11.5,-1.0,9.2,4.0
2013-04-01,-2.3,19.7,-1.0,-0.1,9.4,2.3,9.9,12.9,10.4,2.0,1.4,-17.8,-9.5,-13.2,0.7,-6.0,-2.8,0.2,1.5,0.4,0.6,4.1,38.7,-5.0,-4.5,-1.6,18.0,5.4,2.2,-0.3,1.8,4.9,2.0,0.9,3.3,4.1,11.7,3.6,-1.2,2.9,4.3,13.2,1.3,4.4,-4.2,-9.7,1.1,-0.6,1.7,5.9,9.1,-13.0,-4.4,4.3,3.1,-2.2,-5.0,-2.6,-5.1,4.2,2.7,7.7,6.7,1.9,0.1,-23.8,8.8,16.4,1.2,-3.7,2.9,0.4,3.9,-4.3,4.1,-4.5,15.3,-2.5,-2.0,5.4,4.5,3.0,-2.9,-1.3,1.1,0.6,4.2,-4.3,14.1,13.1,-5.2,-1.3,-0.1,3.1,2.1,-0.6,-2.2,1.3,-5.0,-13.4,19.9,15.9,13.3,1.2,-19.1,14.9,9.0,5.5,-0.2,-33.3,5.1
2013-07-01,2.2,3.8,7.1,0.5,10.5,-0.3,-6.0,9.0,0.4,3.7,-0.3,-9.7,-9.3,-18.6,0.7,-7.6,-5.8,-2.0,-3.4,4.4,3.9,4.3,28.0,1.5,1.7,2.4,-14.5,9.9,7.1,3.8,-1.6,1.2,16.5,3.3,0.3,2.6,12.9,1.3,-1.3,1.8,1.7,12.6,0.8,2.2,5.6,-13.8,0.6,-1.6,0.8,5.1,8.8,-8.8,3.8,0.1,-3.4,7.7,3.9,10.3,2.9,2.3,3.9,9.3,5.7,-2.0,3.2,-43.2,10.7,17.6,2.0,-6.5,-2.9,3.1,11.7,2.4,4.4,1.2,9.2,4.2,3.4,4.1,0.7,3.6,7.7,1.9,1.6,5.4,-1.1,-1.7,-0.2,3.5,1.5,5.1,5.1,8.0,4.7,0.2,-1.3,0.8,8.2,1.4,21.7,10.1,31.6,1.6,1.6,12.8,4.8,7.3,-0.8,5.6,-5.4
2013-10-01,11.3,0.5,5.9,-1.4,2.4,2.3,-1.8,6.0,-2.7,4.2,-2.9,-3.7,31.3,30.5,-0.1,0.0,0.0,3.5,0.1,3.9,3.5,3.8,15.6,5.9,6.8,10.5,97.2,3.7,4.8,7.3,0.3,4.4,3.3,4.0,3.4,14.3,13.8,4.4,-2.1,3.9,3.8,-0.4,3.5,6.4,3.7,21.0,0.0,2.8,-0.3,10.1,6.1,15.5,8.3,4.7,3.0,2.0,-3.9,0.3,4.8,0.0,-8.1,11.5,-2.2,0.5,-8.6,27.7,16.8,18.5,2.6,-3.2,-0.8,3.9,-7.9,4.4,9.9,12.8,10.3,4.4,3.5,2.8,4.9,4.5,7.4,2.6,3.6,4.2,7.1,-2.8,6.7,5.3,6.0,2.0,11.1,4.7,12.4,0.8,-0.5,3.4,-1.4,4.5,-4.0,6.8,50.4,4.3,0.9,6.5,0.5,6.9,0.3,35.4,-2.4
2014-01-01,3.9,10.4,4.1,5.2,-2.2,1.3,4.4,13.6,-1.5,6.9,-1.4,-4.5,14.1,24.8,-4.1,-10.3,-8.9,-2.3,-7.0,2.9,2.7,3.8,-8.0,-0.2,0.5,15.2,18.0,3.8,3.8,-7.4,0.8,-2.9,-4.9,3.0,-5.6,4.9,13.5,-2.9,-2.6,-4.1,-4.8,8.4,0.9,7.4,0.7,17.4,-0.7,1.9,-1.3,10.7,12.5,8.4,-4.2,-6.1,3.8,-2.4,-1.5,15.3,5.0,-4.4,13.4,-1.8,11.6,9.0,7.9,69.3,17.2,18.5,2.9,9.7,11.9,1.3,-2.2,-0.5,3.0,5.5,8.4,1.7,6.0,4.2,-1.5,-2.3,1.9,-1.7,1.4,4.5,-0.9,6.2,-13.2,8.7,-0.3,5.2,-1.6,7.5,4.0,1.2,0.1,0.7,2.8,0.6,21.4,14.6,47.2,-7.3,-4.8,6.5,10.5,7.3,-0.2,13.6,-1.3
2014-04-01,-1.7,-3.8,7.7,-0.7,7.0,10.6,17.9,9.4,1.6,15.8,1.2,-2.5,-28.2,-25.3,5.4,-1.5,-1.6,2.3,-1.9,0.8,-0.3,5.8,0.5,6.8,5.4,-7.5,-37.8,20.3,15.6,6.0,11.3,-1.6,22.5,7.7,7.2,7.3,8.3,7.6,-2.4,7.1,7.9,27.8,1.9,7.8,8.3,-18.7,-0.6,-3.6,-1.1,9.6,8.0,5.0,9.5,7.8,4.4,7.1,-0.3,-10.9,12.0,1.8,-2.0,6.1,4.0,19.5,27.4,-15.5,14.8,15.3,2.5,36.5,16.6,4.1,-0.5,2.9,7.8,10.6,16.3,7.7,9.2,2.3,8.1,11.2,-0.6,8.7,3.9,6.6,7.7,6.8,4.1,-0.5,6.9,-1.9,7.4,10.4,17.5,1.0,0.1,2.1,8.5,11.8,10.2,10.1,48.1,6.9,0.7,30.7,2.3,10.0,1.4,-9.0,11.5
2014-07-01,4.3,-3.5,5.0,5.1,11.7,3.4,0.0,7.3,5.2,7.1,-0.7,-4.0,-12.6,-15.9,0.6,4.3,4.7,5.2,5.2,2.4,2.0,6.1,19.2,5.0,4.9,-1.6,-8.9,7.6,9.4,5.0,5.6,2.3,-0.3,4.6,4.9,13.5,2.7,7.4,-1.2,7.2,7.5,6.7,3.9,1.5,5.5,-12.0,-0.5,-2.3,-0.8,6.2,12.3,-1.1,4.1,6.5,1.5,-0.6,4.3,10.8,4.2,3.2,3.7,0.3,7.4,5.1,-17.2,-24.8,9.8,12.0,2.1,24.1,-1.1,3.4,0.8,5.5,-4.3,5.9,14.4,4.9,6.1,6.5,7.8,5.8,5.9,0.5,4.0,3.9,9.7,-1.1,18.6,2.3,4.9,7.2,14.4,10.3,10.1,0.5,0.1,3.7,11.5,11.3,12.5,6.3,46.4,3.7,6.4,8.9,5.5,9.9,-1.6,33.1,5.8
2014-10-01,2.1,-1.9,5.0,3.2,6.6,7.9,4.5,18.0,3.8,8.0,-1.0,-10.4,34.3,29.7,-5.1,-5.9,0.9,2.1,9.9,2.6,2.2,6.7,19.4,7.2,6.4,17.3,25.0,7.8,8.3,6.3,9.3,9.2,11.2,5.9,4.5,5.3,-2.7,7.3,-2.8,8.7,9.7,7.4,4.6,2.4,6.1,19.7,-0.3,2.4,-0.4,4.1,12.3,3.2,4.8,8.2,5.4,9.9,-0.3,7.1,11.0,8.2,-1.6,8.2,-0.4,8.2,-13.5,16.2,4.2,8.8,1.6,33.2,-1.8,4.9,0.7,3.4,3.1,8.8,1.8,4.1,9.1,6.0,5.7,5.4,10.9,5.5,4.7,2.2,6.4,3.5,-7.6,0.7,7.2,6.0,0.3,7.2,9.5,0.1,-0.1,4.1,3.7,7.6,-4.3,21.7,52.1,1.6,2.2,2.4,0.0,11.8,-1.9,8.8,8.7
2015-01-01,7.9,0.0,9.0,6.5,6.0,2.8,-0.9,-3.9,-4.1,7.9,0.0,-15.6,14.5,24.1,-7.8,-2.0,4.5,4.1,12.5,3.2,2.2,8.0,61.8,3.2,3.9,6.5,113.9,7.1,6.6,3.8,2.4,12.7,3.8,5.3,1.6,8.3,-7.2,4.8,-0.5,5.7,7.0,11.7,2.6,-6.1,3.1,14.0,0.0,1.9,0.0,3.3,15.5,8.8,14.2,5.2,6.7,0.3,2.1,5.3,0.0,7.1,-2.6,4.7,1.5,12.5,9.4,62.8,2.4,6.2,0.8,20.4,10.9,4.0,3.1,-1.4,4.5,5.5,9.4,2.4,-4.0,-3.5,3.8,1.5,-6.4,1.8,3.1,0.0,7.2,-3.3,-2.1,3.3,3.0,4.2,-2.1,3.6,6.7,-0.2,-0.4,2.1,4.6,4.7,25.0,-10.9,6.4,7.6,4.7,5.4,2.2,-1.4,-8.7,24.7,3.4
2015-04-01,8.4,-2.1,4.9,8.2,0.6,4.3,10.2,10.7,3.0,8.3,1.7,-9.3,-19.5,-25.9,1.7,-1.5,4.1,2.9,10.6,1.8,1.3,7.1,3.0,4.8,5.4,20.9,-45.3,8.9,7.5,3.3,4.1,0.2,6.2,4.3,0.4,1.3,-6.8,3.1,0.0,0.9,0.9,13.0,2.1,-3.1,1.2,-19.7,0.2,-3.1,0.3,0.9,22.3,8.4,11.1,-0.1,-2.7,11.9,-1.5,2.2,4.1,5.3,4.8,15.0,7.2,12.4,9.8,-44.4,2.7,5.9,-0.1,18.0,9.0,2.4,0.0,1.1,5.0,6.9,11.7,3.0,3.8,6.0,5.8,5.8,5.9,4.5,2.8,2.5,6.5,1.2,12.1,0.0,4.8,4.2,-2.0,3.0,8.8,0.0,-0.3,2.0,-0.6,20.7,3.5,6.9,30.0,-4.0,1.4,12.5,4.5,-2.0,-1.1,41.1,4.5
2015-07-01,1.9,4.0,7.0,-2.2,-6.0,3.4,-3.7,-0.7,8.7,5.3,-0.7,2.7,0.3,-0.2,10.4,-9.9,-4.9,-2.4,0.6,2.2,1.4,6.7,-0.3,0.6,0.8,11.2,7.8,11.1,13.5,-1.8,3.1,5.0,1.6,4.6,1.5,-5.6,-5.2,6.0,-1.4,0.5,0.5,6.3,1.7,-2.1,5.5,-0.6,0.5,0.3,0.6,2.3,3.1,-7.4,1.3,-1.5,-1.6,4.4,2.4,2.2,6.5,4.8,-4.0,5.9,1.4,0.9,9.7,-2.2,5.2,6.3,-0.9,-0.6,0.4,4.3,6.1,0.2,4.2,2.9,11.5,6.4,4.8,1.5,13.0,9.5,-0.6,8.0,2.8,6.1,16.3,4.8,2.4,-0.1,0.4,0.2,12.5,8.6,10.0,0.2,-0.2,2.0,3.1,5.2,18.2,-2.8,25.5,5.3,1.3,19.1,0.9,6.5,-1.6,-23.7,2.3
2015-10-01,-5.7,7.4,1.7,12.7,2.5,1.5,4.5,8.1,1.1,2.6,0.8,-2.8,-12.8,-17.0,10.4,7.1,1.6,0.3,-3.9,1.2,1.1,5.9,0.5,4.5,2.7,20.8,-29.1,7.6,6.9,9.9,0.1,-0.7,8.4,1.9,4.1,-1.1,-3.6,0.2,-0.1,0.9,1.2,5.4,1.1,-4.3,2.7,-12.4,0.7,-1.2,0.9,-1.9,22.6,-3.8,1.1,1.9,-20.1,8.0,5.5,10.2,-2.4,1.4,4.0,3.3,4.8,-4.0,21.1,-31.8,7.2,6.4,-1.9,13.8,-13.7,1.5,0.4,-0.7,6.4,2.8,6.3,2.5,9.9,1.7,-0.7,3.0,-2.3,0.9,1.6,2.7,-3.3,6.9,-11.7,4.2,4.4,10.8,4.7,8.3,3.4,0.4,-0.2,1.5,1.1,2.0,20.6,2.0,16.9,2.9,2.8,14.3,4.6,6.9,-0.7,-2.5,1.4
2016-01-01,-2.2,-3.6,3.6,4.1,17.1,7.8,0.1,13.0,5.2,5.4,0.7,-0.7,4.5,5.9,-1.5,-3.1,-7.8,-7.5,-12.4,4.8,5.0,4.9,-14.9,2.5,1.7,-0.9,51.7,7.6,3.4,5.0,8.2,5.7,3.1,4.3,4.3,13.9,-2.1,7.3,-0.6,6.3,6.9,19.0,2.6,-4.3,2.4,4.2,0.9,1.3,1.0,-7.0,12.0,-17.3,-5.5,6.5,-32.8,5.0,5.8,-1.1,12.1,3.2,8.9,3.4,6.6,2.8,-7.2,11.6,4.0,6.5,-2.5,28.8,-9.1,3.8,6.9,3.0,6.3,-2.9,2.8,0.9,-0.7,6.6,8.5,4.9,6.6,2.6,3.1,-3.9,11.6,14.3,7.2,3.2,2.4,1.9,12.5,12.4,8.0,0.4,-0.3,2.5,3.5,15.4,7.0,13.3,19.9,1.7,4.0,16.0,5.4,13.6,0.2,47.9,4.9
2016-04-01,5.0,4.2,8.3,-5.1,16.1,-0.2,18.5,1.6,1.0,3.4,4.0,-4.3,16.9,18.5,-5.3,-6.2,-6.1,-4.9,-6.1,7.7,7.6,4.7,-17.0,-0.4,0.5,9.6,19.6,4.9,6.5,-2.8,-1.1,-0.9,3.5,3.5,4.8,1.4,-0.8,5.8,0.3,7.0,7.1,2.9,1.6,0.7,8.0,12.9,0.5,2.2,0.9,-2.7,-1.4,-10.0,0.5,8.7,-24.6,5.1,4.5,-0.8,-0.3,-2.2,-1.4,1.4,0.0,0.9,-9.5,24.8,5.7,6.6,-0.5,-9.9,7.3,3.6,3.7,6.5,2.8,-4.0,2.4,2.5,0.1,1.8,4.3,2.3,-5.7,2.7,2.0,-2.7,6.4,-6.8,-3.2,1.7,-0.5,-2.4,25.0,10.3,15.4,-0.7,-0.2,1.3,3.8,2.0,-0.7,3.8,2.3,-4.0,-1.8,1.2,0.6,16.1,0.9,-41.8,-3.4
2016-07-01,4.9,0.1,6.9,-1.8,0.6,5.0,-14.7,11.3,-3.7,10.7,-2.5,-12.7,15.2,10.2,15.5,8.2,3.3,2.6,-1.4,3.4,2.8,5.9,-11.9,1.3,1.9,4.2,-13.2,8.5,7.8,2.2,4.6,1.0,5.6,4.3,2.9,-2.5,0.5,-1.9,-0.2,-2.6,-2.5,13.1,1.5,-6.5,-1.1,7.9,0.4,1.4,1.1,1.2,8.8,-8.5,2.4,-1.4,-7.7,18.5,3.6,13.6,2.0,2.0,7.6,7.8,8.5,16.1,-18.9,-7.5,3.9,6.9,2.3,20.8,15.9,1.3,3.2,-3.5,6.3,2.6,10.0,-1.9,11.2,4.0,-1.0,2.3,9.7,0.0,2.8,-7.6,-2.4,3.2,-4.6,-1.1,1.1,6.1,-1.6,9.6,5.9,-1.8,-0.1,2.1,11.7,-1.5,7.8,13.2,28.9,0.5,1.3,7.7,5.0,16.5,2.4,-9.0,6.6
2016-10-01,-6.0,5.4,1.6,-1.9,4.0,-2.3,0.2,7.6,2.1,6.4,0.8,-15.0,-16.6,-15.8,0.7,-4.7,-2.8,1.1,-0.9,5.1,5.7,6.6,-6.8,3.6,2.0,-13.9,-3.2,3.7,0.5,1.2,-1.3,-4.2,5.6,2.6,3.7,7.6,1.7,4.9,0.2,3.9,4.6,6.7,1.9,-5.2,4.2,-10.3,0.1,-1.4,1.1,8.5,8.1,1.8,-6.0,4.8,29.5,-7.3,-2.8,10.5,3.5,-4.2,1.5,12.6,3.3,10.2,-3.6,-12.8,3.0,7.1,5.0,32.1,-0.9,0.7,3.7,0.0,-5.7,-0.4,6.3,-0.9,10.4,1.5,6.1,4.1,-4.7,-0.4,2.1,-3.2,8.3,-0.4,11.1,6.5,3.5,4.8,-2.1,7.1,3.9,-2.9,0.0,1.8,-1.8,0.7,0.9,8.0,4.6,0.8,1.5,13.7,4.4,12.9,4.0,19.6,-4.8
2017-01-01,10.6,-0.4,2.2,-4.4,7.5,6.4,-0.5,5.6,9.2,3.3,-0.4,0.5,-24.6,-24.4,-2.2,4.0,5.5,6.4,7.1,4.3,4.7,6.7,-34.7,7.0,7.5,24.2,-13.5,6.1,5.6,9.1,6.1,-0.5,-3.4,3.6,0.2,5.4,2.6,3.2,0.0,-0.2,0.3,9.3,3.1,-0.9,4.1,-16.7,-0.2,-2.6,0.9,8.0,3.0,-10.3,-11.0,1.2,54.5,8.5,2.1,8.0,7.4,0.4,-7.7,-1.3,-3.8,-2.5,7.0,-23.2,-5.7,6.5,6.5,4.4,-6.6,3.8,-2.1,-3.0,7.3,-0.2,3.1,3.8,12.6,9.6,7.4,4.9,9.6,4.6,3.1,2.9,8.7,-11.3,2.0,1.6,7.0,5.4,11.7,11.4,6.6,-3.9,-0.1,2.9,9.2,0.6,22.9,8.5,24.1,-2.4,3.3,14.2,-1.9,11.7,3.1,-0.8,5.2
2017-04-01,4.5,7.0,7.6,-3.0,8.6,3.0,5.3,19.4,0.8,5.2,1.0,5.8,36.0,38.6,-2.4,-7.6,-3.7,1.9,0.3,3.2,2.5,5.6,-9.9,-2.3,-1.2,2.0,37.5,6.2,6.1,0.7,4.2,6.4,8.1,4.3,-3.6,9.8,3.2,-1.6,0.5,-3.2,-3.0,6.7,1.1,-2.0,5.7,26.7,0.1,3.4,0.9,12.5,5.1,-9.1,20.4,-4.1,37.4,1.8,4.9,-1.0,7.2,4.5,1.4,2.5,0.7,0.4,5.8,49.5,7.1,3.6,2.8,9.7,-5.3,3.9,-1.2,-4.5,-1.1,1.0,-0.5,4.1,6.2,2.8,0.2,1.0,6.3,4.9,2.0,5.7,-0.3,-8.1,1.4,8.6,-2.5,-0.3,21.7,13.7,8.2,-2.6,-0.1,0.9,2.9,-6.2,23.8,30.1,30.4,-0.1,-12.1,4.1,3.4,16.8,4.1,35.8,1.9
2017-07-01,14.6,29.6,4.2,-10.7,-1.1,2.0,9.9,0.9,-0.3,10.7,0.3,-13.2,-12.8,-6.5,-9.0,-3.8,-2.4,2.4,-1.0,3.9,3.9,3.8,-6.7,0.1,2.3,37.7,6.7,11.8,13.9,6.2,0.3,-1.2,8.6,5.1,2.4,18.5,3.7,4.8,-1.3,6.2,6.2,6.3,2.2,-0.3,7.0,-4.1,0.3,-0.3,0.7,10.9,-2.9,12.2,4.1,6.8,13.7,5.0,8.7,-5.7,1.3,-1.7,2.7,4.9,2.3,15.8,10.1,20.3,15.3,0.5,-1.8,21.7,15.8,2.3,-3.5,6.3,8.3,10.4,1.8,2.0,-0.3,2.1,3.2,2.5,-1.5,6.5,2.7,-4.5,4.6,0.3,-7.5,25.5,0.0,-3.5,-7.5,3.2,10.7,-1.0,0.0,1.7,-1.9,0.6,1.5,2.9,13.5,13.5,0.6,13.8,10.2,5.7,1.7,30.4,-0.2
2017-10-01,-4.1,-12.5,6.5,0.6,2.2,5.8,-0.2,3.2,7.7,15.7,-0.3,-5.6,33.7,28.4,3.6,-3.2,-2.9,1.6,-2.7,5.4,5.2,1.0,-2.8,4.9,3.4,-5.2,2.0,17.4,19.4,-5.9,5.8,-1.4,20.6,8.7,1.6,2.4,4.1,2.0,-1.3,1.6,1.2,10.9,2.5,4.9,7.1,18.9,0.6,3.0,0.6,9.7,-2.4,0.9,-1.2,0.9,-1.2,0.6,14.8,-1.9,4.4,-1.6,18.3,12.9,13.8,18.4,8.2,11.0,22.3,-2.7,-6.5,10.2,25.4,5.3,3.6,3.7,5.6,2.5,6.6,7.1,3.1,3.4,2.4,4.0,3.4,3.1,4.4,7.4,0.2,-4.1,10.7,-7.4,5.1,-1.7,-5.8,17.5,11.1,0.8,0.0,2.5,4.0,22.0,8.0,6.6,13.5,1.5,-0.7,15.0,5.6,22.5,-0.2,-14.9,7.2
2018-01-01,11.8,19.8,7.1,-1.8,-6.5,3.1,1.4,-0.5,2.8,5.3,2.0,16.6,-6.3,-0.1,7.9,-2.6,-3.7,-1.0,-4.7,4.2,3.7,-0.1,-3.2,1.5,3.1,11.9,-12.3,6.8,8.4,2.1,2.6,-1.1,12.1,3.7,1.9,19.6,4.1,3.4,1.4,-0.5,0.3,5.0,2.3,7.2,1.9,0.5,1.0,1.0,0.6,3.6,-1.9,17.3,7.3,-0.2,-5.1,7.6,13.9,23.2,4.1,-0.3,11.7,-3.4,5.5,-8.2,13.2,25.1,13.1,-5.2,-10.2,10.6,-19.3,3.0,5.3,-4.6,4.5,6.2,-4.3,3.1,1.9,-0.3,8.2,6.9,10.4,2.2,2.9,-1.3,10.3,3.1,-13.5,19.0,1.5,8.6,16.7,25.1,14.3,2.5,-0.2,2.6,-2.3,26.4,-8.4,-0.1,-2.6,-2.8,-4.7,-2.6,10.2,39.2,2.1,-4.8,2.9
2018-04-01,-4.8,12.0,-0.3,3.8,-17.4,-3.6,7.4,8.1,-7.2,2.3,1.5,-22.4,15.0,8.2,10.2,-5.8,-4.3,-0.4,-2.8,-0.6,-0.6,-0.2,10.6,4.1,2.6,-0.4,-5.5,-2.0,0.6,4.3,-4.3,1.4,-6.2,1.0,8.1,17.5,3.5,1.9,-0.2,4.4,5.8,-11.5,2.4,6.6,-0.8,5.4,1.0,1.7,0.6,6.1,6.9,2.4,-11.6,7.3,-2.2,2.9,-8.0,-5.0,-5.0,1.9,-16.3,-1.2,-10.4,2.2,12.7,-12.8,14.2,-3.3,-5.7,-1.8,5.8,0.3,1.7,-3.3,-1.2,7.6,0.8,2.2,7.5,10.4,-0.9,3.4,17.9,5.8,2.2,4.2,-2.1,-2.1,6.4,14.3,4.3,0.9,-10.7,3.7,0.8,2.5,-0.1,2.7,10.7,-3.8,4.7,9.6,16.7,16.9,-0.6,5.8,-2.0,7.0,-0.8,27.5,-2.2
2018-07-01,-0.7,-1.3,0.2,1.0,-11.2,3.0,3.8,5.7,14.0,2.9,-1.2,-15.5,-3.5,-3.9,3.0,-3.9,-2.4,-1.9,-0.9,0.2,0.2,0.9,25.5,8.1,6.6,0.1,-7.7,2.1,2.9,-0.8,4.2,-1.4,22.0,1.8,4.9,1.2,2.7,4.9,-2.9,5.6,6.3,-10.5,1.8,6.0,0.0,-2.0,0.9,0.5,0.6,-1.2,-0.5,-3.4,-4.3,5.6,-1.9,3.4,-2.4,2.8,-1.4,-1.0,-8.1,-2.2,-5.2,4.5,-5.4,-5.6,-1.7,-0.4,1.0,5.7,5.8,1.3,-0.2,1.7,-0.9,0.0,-0.1,2.7,4.3,0.5,4.1,6.8,-17.5,2.3,1.9,6.9,0.1,-1.0,0.1,-0.1,8.3,1.6,-3.6,3.0,-0.3,2.1,0.0,1.9,5.3,-3.9,4.6,9.4,5.7,1.7,-2.7,1.2,-3.3,5.4,2.6,15.8,9.8
2018-10-01,12.1,2.8,2.3,1.5,-3.9,0.1,-1.0,5.4,-2.8,0.7,-2.2,0.3,4.2,17.1,21.4,0.2,-1.0,-2.0,-2.3,2.9,3.0,0.8,-1.6,-4.2,-1.7,12.7,-2.8,-2.4,-2.1,3.1,-2.0,-0.9,5.7,2.1,-1.5,-9.9,1.8,-2.5,-3.0,-5.9,-5.6,-8.3,0.0,4.2,-1.4,12.0,0.8,2.3,0.5,-3.6,-0.1,0.9,-8.9,-8.9,-0.7,23.8,1.8,-7.3,-8.9,-0.8,-0.4,-1.2,1.0,0.0,-11.0,75.8,-8.3,2.5,8.2,-9.2,6.5,2.8,-0.9,-7.6,7.3,6.3,3.2,5.1,0.0,4.9,1.5,2.4,9.1,4.7,1.3,9.5,1.9,8.7,-8.0,-2.4,-4.3,-1.8,-1.3,1.5,8.0,1.7,-0.1,0.9,4.0,1.6,-2.4,7.8,28.1,-3.1,-5.9,-1.9,-0.3,3.2,1.0,-11.1,2.7
2019-01-01,-8.3,14.5,1.3,2.7,3.5,3.7,3.3,6.7,-2.2,-3.5,-0.6,-6.9,-9.6,-10.0,-33.1,3.1,0.6,-2.3,-1.8,1.3,1.3,2.0,12.3,-0.9,-2.1,6.9,26.2,-2.6,-4.9,-6.6,4.4,5.6,7.0,1.1,-0.4,15.8,0.9,8.1,-1.0,12.5,13.3,-1.5,2.3,-1.3,2.5,-6.6,1.3,0.1,0.6,-6.8,3.0,3.9,-0.7,15.0,-3.3,0.0,6.4,6.9,5.0,4.2,0.8,-0.4,2.4,-17.4,6.0,-11.2,-13.5,10.6,8.9,-6.5,-27.7,3.5,-3.1,8.1,1.6,6.3,5.2,5.1,3.7,2.1,3.2,1.7,-6.2,4.4,0.6,7.8,5.5,-16.7,6.3,14.5,-1.0,1.8,-7.0,12.2,6.8,3.8,-1.1,0.4,-2.0,10.5,-9.2,10.8,19.6,8.0,-5.9,-1.7,6.9,22.5,1.7,-0.1,4.1
2019-04-01,-8.4,9.4,7.8,-1.0,7.4,6.3,3.0,-0.8,10.2,12.2,0.6,21.5,-13.9,-16.5,8.1,-1.4,-2.2,-4.8,-3.0,6.3,6.1,0.6,25.4,6.5,3.9,11.5,-25.6,10.6,14.6,-1.5,7.3,-3.8,1.5,7.1,1.9,12.3,-1.5,3.6,0.1,1.8,2.6,9.6,1.6,-1.0,5.3,-11.6,1.9,-0.1,1.4,-8.9,0.5,-4.4,4.8,-0.1,-8.7,5.1,8.8,11.8,10.4,-2.0,12.7,4.6,10.0,9.1,12.7,-24.4,-14.2,11.0,4.3,-2.0,18.3,4.6,0.1,-2.6,3.2,2.3,5.8,5.0,3.5,0.8,5.7,7.6,-8.1,7.6,3.5,4.2,3.4,1.2,3.9,10.5,6.7,4.2,22.1,22.7,10.7,3.3,-1.2,1.8,3.4,14.2,6.1,-1.5,13.6,1.5,-5.6,3.2,10.2,31.1,0.0,11.2,5.4
2019-07-01,1.7,12.7,6.4,2.5,9.9,0.2,4.5,1.0,1.7,9.8,1.8,-8.1,22.6,15.1,5.4,6.8,2.6,-0.8,-1.4,6.0,5.9,1.6,25.0,6.2,5.5,-3.4,8.1,9.1,9.2,-1.3,1.3,-3.9,4.3,5.8,2.6,31.3,-4.4,3.2,1.3,1.9,2.2,12.8,4.0,-0.3,7.2,10.0,2.1,3.1,2.4,-6.3,-3.1,20.6,-13.5,1.7,-11.2,-3.4,1.0,6.2,-2.3,-4.7,6.3,5.3,5.2,4.8,10.9,-8.1,-7.5,7.5,0.7,-13.2,16.8,3.9,0.5,-0.4,-3.6,11.5,3.4,5.6,3.7,8.7,4.9,4.5,29.9,4.8,4.6,6.7,6.0,-1.0,9.2,19.6,6.4,3.2,0.5,16.1,8.1,1.3,-0.5,4.0,4.8,19.5,5.6,3.2,9.7,13.2,-1.2,7.2,10.5,20.1,-0.4,21.3,2.7
2019-10-01,39.2,2.6,5.6,2.5,2.6,3.7,19.1,3.9,4.7,3.3,5.1,10.6,-6.3,-2.8,-0.9,13.7,6.1,2.8,-1.0,-1.4,-2.5,2.7,-0.9,0.9,6.2,13.2,4.8,6.4,4.9,-0.2,6.2,-4.1,15.6,1.3,1.0,19.6,-7.5,4.6,2.1,2.4,2.7,6.1,3.4,1.9,3.6,-3.2,2.4,1.6,3.4,-2.6,-0.6,-2.5,15.8,1.7,-8.0,-6.6,-7.0,-0.6,1.8,-4.7,-1.2,-3.7,-1.1,2.0,-8.5,11.1,-0.6,4.1,-3.0,4.3,2.3,0.4,1.7,0.4,-4.3,-0.9,-0.8,1.8,8.9,4.4,7.2,8.3,18.1,-1.8,2.7,2.2,7.1,-1.3,4.0,9.8,0.9,1.5,-5.1,4.5,9.9,-0.7,0.0,3.2,-0.4,8.8,-14.2,6.6,7.7,-1.0,-5.5,5.1,3.0,10.7,-4.0,42.9,9.4
2020-01-01,-40.1,-52.8,23.6,-8.0,-21.4,-31.1,-17.8,2.2,-26.8,-17.2,0.4,-20.3,-14.9,-21.9,76.6,-0.2,-0.4,-0.3,-0.6,26.7,27.2,-0.5,19.8,-27.8,-30.0,-71.5,-15.6,-4.2,-8.6,-22.2,-31.1,-21.0,1.8,-2.3,0.5,-45.4,-8.8,-14.4,7.2,-19.6,-21.4,-3.6,-11.4,-0.2,12.1,-16.5,2.6,-0.1,4.2,-0.1,8.2,-19.4,-71.1,-18.7,-7.2,-28.7,11.8,-43.9,-30.1,-21.3,-14.6,-24.9,-14.0,-37.1,-19.1,-43.2,5.7,1.1,-7.6,-36.8,-40.8,6.0,-1.4,-8.1,-31.4,-16.2,-12.9,11.5,-18.8,-3.4,-8.1,-5.5,-28.8,5.1,-6.6,15.0,-4.9,0.8,-2.0,-49.8,-28.6,-27.8,-11.2,2.0,18.3,-2.1,0.2,-8.5,-0.6,12.5,-17.6,-0.4,-6.2,-9.9,-5.0,10.1,-29.9,7.1,-3.6,-51.3,-32.7
2020-04-01,-99.2,-99.9,26.2,-7.2,-47.3,-51.1,-43.7,1.8,-83.2,-1.6,-24.0,-75.0,34.6,42.7,37.6,-6.7,-3.1,-4.4,0.7,-1.5,-5.8,-66.6,92.0,-70.6,-79.7,-100.0,78.5,-7.9,-24.7,-83.1,-52.3,-55.4,10.9,-9.1,-19.2,-97.9,-42.1,-51.7,-16.0,-43.8,-46.1,3.4,-41.9,-18.4,-0.5,26.0,2.6,5.4,3.8,-6.6,11.1,-57.6,-97.8,-36.5,4.2,-57.9,52.1,-96.2,-53.7,-60.5,-36.4,10.5,-37.6,-3.4,-23.2,77.9,5.1,-0.1,-43.6,-0.6,-9.1,-12.5,-28.4,-29.5,-47.1,-56.8,-39.8,4.7,-58.5,-44.2,-59.5,-52.8,-95.9,-0.7,-30.6,-8.3,-56.5,20.8,-13.7,-99.4,-70.8,-79.3,-7.2,44.9,31.4,-0.8,0.1,-39.1,-28.3,112.8,112.0,-4.0,-38.2,-59.3,13.4,52.1,-79.3,20.2,-3.8,-82.7,-52.0
2020-07-01,1403.3,2525.0,12.3,-1.0,114.2,200.6,13.6,3.1,271.3,100.8,10.9,160.6,-2.8,-4.3,-44.2,-3.2,-0.7,5.3,2.0,3.8,2.3,57.1,-11.0,172.3,210.7,170.3,-1.4,83.8,145.2,423.5,204.0,92.6,47.4,51.8,12.4,258.5,24.4,81.8,8.1,66.2,84.5,24.7,43.2,11.0,13.6,-3.8,3.0,2.0,3.5,16.2,7.2,400.8,-68.2,52.8,4.7,315.7,26.7,198.3,181.5,105.4,29.8,54.3,27.1,111.0,84.2,-9.3,4.7,-0.8,86.9,86.3,150.8,31.0,19.4,-8.1,189.5,283.3,22.2,21.8,42.9,33.5,102.7,93.9,305.2,34.2,41.2,19.0,85.8,-0.4,12.2,737.8,177.3,113.7,49.6,59.9,43.1,1.3,0.0,36.1,28.9,38.3,40.8,1.4,111.4,266.9,-2.2,15.4,75.7,75.6,-2.8,9.1,232.1
2020-10-01,21.6,220.1,-5.3,1.8,15.8,10.4,7.3,13.7,18.4,4.5,-6.3,17.9,1.3,-4.6,-9.0,18.7,9.8,8.8,1.2,-1.1,-0.2,7.6,-24.3,-7.5,-4.9,2145.1,-21.9,-0.6,3.3,-4.2,10.8,-9.3,10.4,3.1,8.5,47.7,7.6,15.8,-12.5,14.6,15.2,-15.9,8.0,-1.1,2.2,-3.9,3.1,2.2,3.0,7.2,13.9,7.7,74.0,16.0,10.6,16.8,5.7,14.3,12.9,-8.2,-1.2,-4.7,-4.5,-3.9,35.4,-24.1,2.4,-1.5,19.5,-34.5,19.4,2.3,5.2,11.3,9.3,19.9,-10.4,5.5,13.9,14.5,17.1,21.1,33.0,4.9,5.8,9.4,14.1,13.0,13.6,124.3,-8.0,5.0,4.5,12.5,4.6,3.5,0.0,7.1,16.2,-2.3,13.4,13.6,45.3,27.0,-6.3,-4.2,15.7,17.9,-2.4,26.9,9.0
2021-01-01,47.8,60.1,15.4,-0.7,54.1,31.5,24.1,9.6,15.2,31.0,8.8,17.6,6.1,13.0,-20.4,0.4,0.9,4.4,1.4,13.7,13.4,1.8,2.1,19.4,22.3,85.5,17.1,31.3,33.1,42.6,30.2,13.7,11.4,17.9,-6.7,-4.3,-4.2,-1.2,4.0,-0.4,0.4,43.1,6.8,2.1,16.2,8.0,3.2,3.8,2.6,10.8,5.7,20.8,61.1,-1.2,12.3,25.7,4.7,60.1,29.4,13.4,7.4,31.8,6.3,49.7,25.4,42.7,4.5,-2.0,30.6,108.5,30.1,10.9,11.5,-5.2,35.8,21.5,4.2,2.3,23.1,12.4,-2.3,-5.0,41.3,16.9,9.5,-11.5,-3.8,7.0,22.2,35.3,20.0,29.7,15.4,15.1,20.7,5.1,-0.3,5.4,1.8,8.8,8.9,11.8,74.9,5.5,-0.8,26.0,13.8,19.0,-2.9,180.3,28.2
2021-04-01,74.9,700.5,2.5,17.6,25.0,38.3,28.5,7.7,44.5,14.7,13.8,35.1,-11.0,-12.0,-23.6,-3.3,-2.3,0.0,-1.1,6.0,6.7,8.3,-16.7,61.8,63.5,299.1,-26.7,2.8,-0.8,26.3,40.2,34.1,6.9,14.4,5.5,61.5,14.9,13.0,9.5,12.6,12.6,9.3,15.9,-7.7,5.2,-8.6,3.2,1.6,2.7,4.2,7.3,17.3,84.0,17.6,1.9,30.7,12.3,107.2,44.2,40.4,36.1,20.6,23.0,16.4,13.2,-15.4,0.1,-0.3,19.6,6.0,22.5,14.2,14.6,12.3,32.1,25.3,1.6,10.2,24.1,16.2,13.5,8.4,86.2,14.4,14.1,12.8,10.8,5.8,-9.3,340.7,63.7,42.6,18.1,17.8,11.9,5.0,-0.1,13.9,18.2,15.4,10.6,8.0,48.3,23.0,-3.8,7.4,75.9,21.0,-0.4,35.6,39.7
2021-07-01,66.5,163.9,-5.6,15.0,-12.7,-6.7,21.9,1.1,-0.9,-24.8,9.1,27.2,-1.8,0.4,5.1,4.4,0.6,1.6,-3.3,-0.9,0.0,7.9,13.4,12.5,18.0,501.7,-9.0,-13.6,-13.0,0.5,-3.2,11.4,5.4,-9.6,3.4,179.9,-4.3,7.1,3.1,5.3,6.1,-21.8,10.7,-0.7,-3.8,1.1,3.1,2.9,2.8,3.5,0.0,7.9,43.6,3.0,4.5,-7.4,-5.0,89.0,-7.5,12.9,31.9,-16.4,23.1,-47.2,-6.5,8.2,0.6,1.9,10.5,-31.5,-61.7,0.4,17.3,-0.1,-17.6,1.3,7.9,1.1,23.4,15.5,9.3,14.5,26.8,3.6,3.1,6.4,8.4,-11.2,11.8,168.1,12.7,30.9,4.8,-9.4,2.0,4.4,0.1,10.4,-3.5,-18.0,-21.0,3.0,-1.7,-3.1,-12.5,-19.0,60.2,-3.7,2.6,59.5,0.6
2021-10-01,24.2,23.6,10.2,4.5,-5.5,-1.0,12.1,5.0,10.7,8.6,0.4,6.8,-5.0,-13.3,15.9,11.7,2.9,2.7,-5.5,0.5,-1.2,6.8,19.9,-3.5,-0.3,112.0,-17.0,0.3,-3.8,4.0,-2.2,3.0,11.3,4.6,7.3,30.3,16.4,5.2,-0.9,4.2,4.2,2.2,3.9,5.6,5.3,-8.3,3.1,1.6,3.0,2.5,3.1,27.4,243.9,4.7,6.2,4.8,13.3,51.2,-4.8,4.5,6.4,-3.3,0.3,5.8,7.5,-35.8,1.0,3.8,2.0,9.0,6.0,2.5,-7.7,4.0,2.9,14.6,-11.0,5.3,3.6,2.3,6.5,5.9,10.2,12.8,4.4,4.0,5.9,-0.1,-4.7,27.3,-3.7,18.2,11.1,16.3,7.7,3.8,0.1,4.3,14.2,6.9,49.7,6.6,15.9,5.5,-9.6,8.3,9.5,11.0,4.3,73.9,-0.2
2022-01-01,10.2,-21.5,3.6,1.9,-13.2,-8.4,8.1,7.2,12.9,0.1,2.9,-27.2,27.9,37.7,20.9,-4.9,-7.0,-4.4,-8.9,-3.0,-4.2,6.7,6.3,-2.9,-1.4,56.4,9.2,-5.8,-9.8,-7.0,-8.5,-5.4,-8.2,-1.7,-0.2,39.0,1.4,0.5,1.6,-2.9,-4.0,3.6,1.6,1.4,0.6,26.0,3.0,5.8,3.0,0.6,3.8,-5.8,50.1,-6.8,5.6,-2.3,-1.3,12.1,-8.2,-6.2,6.2,0.9,-1.0,3.3,-10.8,75.6,1.1,5.3,-6.6,-41.3,53.8,-2.7,1.5,4.4,-8.1,-3.0,-14.6,0.4,-9.0,4.8,4.5,0.4,7.5,3.4,1.0,1.6,5.5,-2.2,6.7,-5.0,-3.2,1.3,-9.6,2.8,0.7,3.2,-0.1,2.4,-1.0,-11.7,7.4,9.9,23.3,-5.9,-7.1,2.9,-2.6,7.9,2.0,65.6,-8.1
2022-04-01,38.6,14.6,-1.6,-3.1,3.9,6.2,6.5,4.5,-0.6,-2.2,2.3,2.0,5.1,5.1,15.7,-1.1,-4.1,-2.3,-6.8,-5.1,-5.7,3.9,-0.6,21.1,23.3,210.9,-44.3,-0.4,0.1,2.5,6.1,-5.7,-3.6,-1.5,1.2,0.5,-1.4,1.3,0.9,-2.5,-3.0,4.4,4.3,6.4,0.7,5.1,2.5,2.8,2.5,1.2,3.1,-5.4,126.5,-4.0,6.6,-1.4,-8.7,21.3,10.0,-2.3,-3.1,-4.0,-6.2,-4.0,5.4,5.3,1.8,5.4,-6.7,16.1,-15.6,-1.2,2.3,1.3,6.6,6.5,-12.5,1.7,15.8,4.4,5.8,7.7,1.2,2.2,2.6,7.0,6.1,-18.6,-8.6,9.2,21.6,8.9,-2.6,-4.5,-0.1,2.4,-0.1,4.7,-2.3,-9.0,-33.5,7.8,57.6,10.1,-7.4,-6.6,-0.6,8.3,5.0,-19.7,4.1
2022-07-01,19.7,0.8,1.1,-1.6,-4.9,-2.3,19.6,6.4,-1.4,-1.9,6.8,17.3,-16.3,-18.1,3.8,4.6,5.0,3.5,5.7,-4.8,-5.8,4.7,14.7,1.9,4.2,57.2,4.6,-2.4,-6.3,0.0,-2.6,-3.0,1.5,-2.3,7.8,52.7,8.1,5.8,2.1,8.2,9.1,9.8,3.5,-0.5,-3.1,-12.9,1.8,-0.4,1.9,0.8,12.5,-10.1,14.8,9.5,6.0,-5.6,-1.8,-0.2,2.0,-3.4,-9.1,-3.6,-9.4,-5.6,1.5,-22.9,1.1,5.2,-6.3,-5.0,-6.8,-2.5,8.9,2.9,-1.5,-0.5,-10.0,-0.2,18.6,9.3,3.2,1.9,5.3,-1.6,1.5,5.5,5.2,-6.1,-3.3,14.1,1.8,1.7,12.1,2.6,-5.6,1.6,-0.1,3.5,10.7,3.1,0.8,4.6,15.2,6.9,-6.5,-4.2,-0.7,2.4,1.9,22.8,-5.0
2022-10-01,-0.4,5.7,-1.1,-12.2,2.9,0.0,1.7,-0.2,-1.2,-2.0,-2.5,-4.2,8.4,15.8,-9.5,-1.7,4.0,2.0,9.3,-1.2,-1.2,4.7,-25.7,-0.8,-0.8,30.3,-14.8,0.5,3.7,14.4,-2.1,0.6,13.6,-0.7,3.9,30.7,-4.4,7.6,-1.9,9.4,10.4,-5.5,2.7,2.8,-6.9,11.1,1.2,2.5,1.3,-1.4,1.7,-17.9,60.4,9.6,-1.9,-8.8,4.3,14.4,0.3,1.8,-9.8,-2.9,-9.2,-1.7,4.5,40.5,0.3,4.8,-5.9,-1.7,-1.3,0.1,-9.0,3.6,7.4,-8.2,-8.1,1.2,-0.5,-1.7,5.5,9.8,2.2,-3.6,1.2,7.7,4.2,-9.7,-1.9,12.5,-1.0,5.4,4.3,-1.5,0.7,0.7,-0.2,2.2,1.0,1.6,-19.8,-0.2,19.5,-5.7,-10.7,-15.1,-1.0,2.9,-0.3,-5.6,-4.1
2023-01-01,-1.4,-12.6,0.4,-5.5,-11.0,4.7,11.7,-1.4,7.3,17.1,3.5,11.5,-16.3,-22.3,-14.8,5.4,10.1,5.9,14.5,-2.0,-2.4,4.3,40.1,8.1,6.7,35.5,13.2,5.9,7.3,0.2,4.8,7.3,1.1,7.4,-1.0,16.9,3.3,9.9,1.4,3.6,2.2,14.8,4.7,3.4,3.5,-15.7,0.6,-1.8,0.8,-1.6,2.2,-2.2,6.4,4.7,-0.4,5.4,11.1,18.3,1.2,6.9,6.2,6.4,4.2,31.1,8.0,-37.8,-1.5,4.2,-3.9,40.6,34.4,2.5,1.1,13.3,4.5,5.5,-0.4,4.6,6.7,7.3,17.6,22.0,5.2,6.6,4.9,3.2,17.2,-18.7,0.8,-3.5,8.2,6.1,14.6,15.6,11.0,-0.1,-0.4,3.8,10.8,10.6,-9.1,-1.5,31.2,5.1,-6.1,-7.6,1.0,25.5,3.4,17.5,9.0
2023-04-01,3.1,26.9,0.3,-0.6,-4.0,-6.0,13.7,1.5,-1.8,-0.3,3.1,0.3,-5.9,-0.2,-3.8,10.0,14.4,9.4,18.4,-0.8,-1.0,2.3,0.4,-3.0,-2.1,13.1,31.4,-1.5,-6.6,-5.5,-6.8,1.4,13.9,-0.3,0.6,4.8,3.0,2.9,0.0,3.5,2.9,7.7,1.9,-10.4,-2.2,-0.3,0.6,0.5,0.8,0.5,3.9,-2.6,29.3,2.3,1.9,5.2,2.6,3.1,-8.0,-0.2,-14.0,8.3,-8.0,-6.8,-12.6,21.2,1.1,3.4,-3.4,-21.9,-1.1,-0.4,1.0,6.8,-3.0,-1.1,7.5,1.5,1.8,0.7,2.2,-3.8,5.3,-4.9,1.0,8.9,7.7,-3.9,-2.7,19.2,-3.2,-0.2,2.6,9.4,-2.5,0.1,-0.2,1.6,8.0,12.2,-3.8,0.6,3.9,-4.3,-9.4,-3.1,2.3,13.4,-0.9,12.8,-6.4
2023-07-01,11.6,7.6,0.8,1.5,5.9,5.2,5.2,6.7,-0.1,4.2,1.4,-6.0,26.6,17.2,0.2,-5.5,1.5,1.2,7.9,1.7,1.9,3.3,-7.3,4.9,5.8,7.8,-19.1,5.5,6.3,13.1,5.6,-3.9,1.2,3.5,0.6,7.6,-4.1,3.2,0.6,1.5,2.4,8.6,2.2,-3.3,5.8,11.3,0.7,2.1,0.9,0.7,5.1,2.7,18.8,0.8,2.8,11.2,16.3,-4.7,3.1,-2.8,-7.5,12.3,-5.0,-5.8,1.9,-10.6,1.0,2.5,-2.7,-7.3,-9.7,3.1,-0.7,-3.6,3.9,4.7,0.7,5.9,9.5,-1.1,5.1,13.5,2.6,-0.1,2.5,6.4,0.8,8.1,-9.4,7.5,4.9,3.0,3.4,15.9,11.2,0.4,0.1,2.1,-0.7,8.6,6.7,7.5,13.0,2.0,-7.1,1.5,0.0,22.2,-1.8,-1.1,7.1
2023-10-01,13.3,4.4,3.9,2.8,7.8,3.8,-3.3,4.1,-0.8,2.9,-1.1,16.3,-10.8,-11.3,-1.6,-2.4,-1.0,-0.1,0.2,1.5,1.1,3.6,-1.1,4.4,5.6,38.1,-9.7,4.1,1.0,0.8,5.2,2.8,14.9,3.4,5.2,21.1,6.1,8.0,0.2,6.8,6.1,11.5,3.8,5.6,11.1,-7.5,0.9,-0.2,1.0,1.6,2.8,11.3,21.1,7.9,6.6,2.4,0.6,-1.2,2.8,3.7,3.6,4.6,1.4,-5.6,2.4,-13.4,0.7,1.6,-2.1,-7.2,-7.6,3.6,-2.3,11.1,-0.7,9.3,-3.6,5.8,2.4,7.6,9.4,15.8,6.3,3.6,3.5,10.4,7.3,-6.6,8.9,10.1,4.4,0.7,10.3,9.5,5.7,0.7,0.4,3.5,8.8,3.5,1.6,5.9,20.6,6.2,-13.4,-1.6,4.9,13.7,2.2,33.1,6.4
2024-01-01,2.5,9.2,-3.0,-2.7,-0.1,3.0,17.1,-2.6,6.6,-1.8,5.3,2.0,-0.8,-2.6,14.7,11.2,9.6,6.0,8.4,-0.1,0.4,3.0,-15.4,-3.2,-2.4,9.9,8.6,0.1,-0.7,2.8,4.3,-8.6,4.9,-1.2,8.9,43.6,0.2,7.0,2.7,6.2,5.8,-4.2,2.9,1.8,3.5,-1.8,1.1,0.7,1.1,-0.6,0.7,14.4,6.9,6.8,-1.4,5.7,3.7,7.2,1.6,-9.6,-14.0,-1.9,-11.6,-7.6,6.5,-9.2,0.2,0.6,-1.7,-5.8,-10.3,-0.8,-0.2,8.5,-1.5,10.8,-5.5,-0.4,-2.0,2.9,7.9,12.7,5.2,0.2,1.9,-4.2,4.8,-9.9,5.3,19.1,-3.4,2.5,7.2,-1.6,7.6,1.1,0.4,3.4,-0.5,1.4,-14.1,-3.8,15.0,8.9,-10.3,5.7,0.6,0.0,0.4,3.1,6.4
2024-04-01,-0.3,12.9,2.3,-2.6,11.4,-3.2,12.1,0.4,4.0,5.5,1.5,2.8,13.2,8.2,16.7,-6.0,-1.9,-0.8,1.7,2.2,2.1,3.1,0.9,-0.2,-0.2,0.0,-8.1,8.0,4.2,12.2,-3.5,7.5,25.4,3.0,2.2,34.1,0.1,3.2,-3.2,-1.1,-1.4,13.4,2.1,-1.0,2.1,6.3,1.3,1.9,1.4,1.5,-2.1,-10.3,6.5,-2.8,1.1,10.0,2.1,-1.2,-2.9,8.6,17.7,1.7,10.6,6.5,-2.6,-10.0,1.7,0.9,1.5,4.6,9.2,1.7,3.8,0.9,-1.9,-0.5,-4.6,1.2,0.0,0.8,8.1,8.4,-6.9,3.3,2.8,3.4,8.8,-5.0,15.0,19.7,-0.3,2.0,3.9,5.1,-1.8,1.0,-0.2,2.7,0.0,-0.9,8.2,2.5,17.8,-0.6,-10.2,2.7,14.5,6.5,2.0,20.7,-5.4
2024-07-01,-2.5,4.0,1.2,-7.8,6.4,2.0,1.4,3.9,3.5,7.6,0.5,-3.4,-12.2,-6.1,8.1,-0.5,5.5,4.0,11.0,2.8,3.1,3.6,-7.5,2.1,1.5,6.5,7.3,9.5,12.1,0.6,1.1,3.5,4.4,5.6,8.2,-3.9,1.1,7.1,1.1,6.7,5.9,1.3,2.6,-1.6,9.0,-3.3,1.4,0.8,1.5,1.1,10.8,5.9,5.5,8.3,0.8,0.2,2.2,3.2,5.0,3.3,-11.6,0.3,-8.8,9.1,4.5,22.7,1.1,1.2,1.6,28.5,2.7,4.6,-2.7,11.7,5.1,2.3,-1.8,7.5,4.7,1.1,7.6,5.9,2.7,6.1,3.7,14.4,9.8,5.5,-5.2,1.6,2.1,0.2,-2.5,7.0,3.2,0.9,-0.4,2.8,3.6,11.9,9.8,-0.3,0.7,0.7,-10.3,15.3,-4.3,5.8,3.4,20.7,-1.8
2024-10-01,3.1,1.5,3.9,-0.3,6.2,5.0,0.9,12.6,-1.0,12.4,-0.3,-16.5,4.3,-2.7,-1.3,2.6,4.4,3.1,5.9,1.8,1.4,4.0,-4.1,2.8,2.9,30.5,31.8,5.4,7.9,16.7,6.7,-1.9,4.1,6.2,0.5,7.1,1.1,4.7,-1.8,4.2,3.9,3.8,3.3,-0.5,2.3,-0.9,1.4,1.1,1.5,0.5,16.0,-6.4,11.5,1.3,-1.4,11.6,3.1,1.7,0.5,-3.7,3.9,5.9,4.1,19.7,-4.0,-26.2,1.0,1.2,1.6,19.4,24.7,3.1,3.3,5.5,-0.7,3.2,4.6,5.0,-2.9,4.9,5.3,10.8,-0.5,5.0,4.0,4.4,2.8,-11.0,0.6,3.2,2.8,4.4,22.2,13.9,12.7,0.9,-0.4,3.0,-0.5,8.8,14.7,13.1,14.1,8.5,-6.5,-1.7,3.7,15.1,3.3,-5.2,10.5
