Date,Accommodations (104),Air transportation (64),Alcoholic beverages purchased for off-premises consumption (5),"Audio-video, photographic, and information processing equipment services (parts of 77 and 93)",Children's and infants' clothing (12),Clothing and footwear,Commercial and vocational schools (99),Communication,Dental services (45),Durable goods,Education services,Educational books (96),Electricity (27),Electricity and gas,Final consumption expenditures of nonprofit institutions serving households (NPISHs),"Financial service charges, fees, and commissions (108)",Financial services,Financial services and insurance,Financial services furnished without payment (107),Food and beverages purchased for off-premises consumption,Food and nonalcoholic beverages purchased for off-premises consumption (4),Food furnished to employees (including military) (103),Food produced and consumed on farms (6),Food services,Food services and accommodations,Foreign travel by U.S. residents (129),Fuel oil and other fuels (29),Furnishings and durable household equipment,Furniture and furnishings (parts of 31 and 32),Gambling (91),Garments,Gasoline and other energy goods,"Glassware, tableware, and household utensils (34)",Goods,Gross output of nonprofit institutions (133),Ground transportation (63),Group housing (23),Health care,Higher education (97),Hospital and nursing home services,Hospitals (51),Household appliances (part of 33),Household consumption expenditures (for services),"Household maintenance (parts of 31, 33, and 36)",Household supplies (parts of 32 and 36),Household utilities,Housing,Housing and utilities,Imputed rental of owner-occupied nonfarm housing (21),Insurance,Internet access (72),Jewelry and watches (part of 119),Less: Expenditures in the United States by nonresidents (130),Less: Receipts from sales of goods and services by nonprofit institutions (134),Life insurance (110),Luggage and similar personal items (part of 119),"Magazines, newspapers, and stationery (part of 90)","Membership clubs, sports centers, parks, theaters, and museums (82)",Men's and boys' clothing (11),"Motor vehicle fuels, lubricants, and fluids (59)",Motor vehicle maintenance and repair (60),Motor vehicle parts and accessories (58),Motor vehicle services,Motor vehicles and parts,Musical instruments (part of 80),Natural gas (28),Net health insurance (112),Net household insurance (111),Net motor vehicle and other transportation insurance (116),Net purchases of used motor vehicles (56),New motor vehicles (55),Nondurable goods,"Nursery, elementary, and secondary schools (98)",Nursing homes (52),Other clothing materials and footwear (13 and 17),Other durable goods,Other motor vehicle services (61),Other nondurable goods,"Other recreational services (81, 94, and part of 92)",Other services,Outpatient services,Paramedical services (46),Personal care and clothing services (14 and parts of 17 and 118),Personal care products (part of 118),Personal consumption expenditures,Pharmaceutical and other medical products (40 and 41),Physician services (44),Postal and delivery services (68),Professional and other services (121),Public transportation,Purchased meals and beverages (102),Recreation services,Recreational books (part of 90),Recreational goods and vehicles,"Recreational items (parts of 80, 92, and 93)",Rental of tenant-occupied nonfarm housing (20),Rental value of farm dwellings (22),Services,Social services and religious activities (120),"Sporting equipment, supplies, guns, and ammunition (part of 80)",Sports and recreational vehicles (79),Telecommunication services (71),Telephone and related communication equipment,Therapeutic appliances and equipment (42),Tobacco (127),Tools and equipment for house and garden (35),Transportation services,"Video, audio, photographic, and information processing equipment and media (75, 76, and part of 93)",Water supply and sanitation (25),Water transportation (65),Women's and girls' clothing (10)
1947-01-01,,,,,,44.63,,,,51.892,,,,,31.784,,,6.156,,13.226,,,,,7.359,,,48.665,,,,6.783,,22.699,,,,3.407,,,,,6.67,,,,,8.041,,,,,,,,,,,,,,,,21.145,,,,,,,,14.928,,,,31.938,,12.334,,7.274,,,,,11.557,,,,,,,8.593,,314.697,,,,7.029,,,,,,,,,7.292,,,,
1947-04-01,,,,,,45.512,,,,52.369,,,,,32.047,,,6.202,,13.261,,,,,7.375,,,49.32,,,,6.975,,22.917,,,,3.48,,,,,6.706,,,,,8.083,,,,,,,,,,,,,,,,21.162,,,,,,,,15.074,,,,32.307,,12.44,,7.319,,,,,11.649,,,,,,,8.612,,318.534,,,,7.068,,,,,,,,,7.271,,,,
1947-07-01,,,,,,45.948,,,,52.662,,,,,33.329,,,6.404,,13.544,,,,,7.524,,,49.807,,,,7.188,,23.267,,,,3.669,,,,,6.863,,,,,8.243,,,,,,,,,,,,,,,,21.482,,,,,,,,15.346,,,,31.649,,12.604,,7.517,,,,,11.866,,,,,,,8.775,,317.415,,,,7.237,,,,,,,,,7.274,,,,
1947-10-01,,,,,,46.862,,,,53.348,,,,,34.164,,,6.507,,14.033,,,,,7.782,,,50.461,,,,7.513,,23.88,,,,3.749,,,,,7.018,,,,,8.475,,,,,,,,,,,,,,,,21.792,,,,,,,,15.81,,,,31.852,,12.834,,7.62,,,,,12.162,,,,,,,8.941,,322.419,,,,7.401,,,,,,,,,7.293,,,,
1948-01-01,,,,,,47.826,,,,53.756,,,,,34.577,,,6.526,,14.17,,,,,7.841,,,50.767,,,,7.857,,24.223,,,,3.725,,,,,7.058,,,,,8.551,,,,,,,,,,,,,,,,22.03,,,,,,,,16.07,,,,31.86,,13.024,,7.678,,,,,12.297,,,,,,,8.844,,326.079,,,,7.444,,,,,,,,,7.359,,,,
1948-04-01,,,,,,48.6,,,,54.461,,,,,35.215,,,6.608,,14.234,,,,,7.87,,,51.422,,,,8.066,,24.482,,,,3.764,,,,,7.125,,,,,8.606,,,,,,,,,,,,,,,,22.297,,,,,,,,16.23,,,,32.194,,13.14,,7.767,,,,,12.424,,,,,,,8.944,,331.949,,,,7.518,,,,,,,,,7.555,,,,
1948-07-01,,,,,,48.881,,,,56.356,,,,,35.833,,,6.72,,14.325,,,,,7.925,,,52.131,,,,8.209,,24.859,,,,3.818,,,,,7.232,,,,,8.68,,,,,,,,,,,,,,,,24.034,,,,,,,,16.388,,,,32.457,,13.412,,7.871,,,,,12.614,,,,,,,9.139,,341.127,,,,7.631,,,,,,,,,8.005,,,,
1948-10-01,,,,,,48.886,,,,56.459,,,,,35.842,,,6.742,,14.003,,,,,7.773,,,52.28,,,,8.268,,24.673,,,,3.804,,,,,7.259,,,,,8.756,,,,,,,,,,,,,,,,23.839,,,,,,,,16.218,,,,32.659,,13.428,,7.902,,,,,12.574,,,,,,,9.268,,347.675,,,,7.659,,,,,,,,,8.328,,,,
1949-01-01,,,,,,47.758,,,,56.269,,,,,35.528,,,6.725,,13.808,,,,,7.697,,,51.441,,,,8.242,,24.368,,,,3.807,,,,,7.256,,,,,8.836,,,,,,,,,,,,,,,,23.938,,,,,,,,15.971,,,,32.744,,13.222,,7.917,,,,,12.475,,,,,,,9.05,,350.593,,,,7.654,,,,,,,,,8.287,,,,
1949-04-01,,,,,,46.78,,,,55.9,,,,,35.53,,,6.739,,13.669,,,,,7.654,,,50.43,,,,8.23,,24.091,,,,3.826,,,,,7.272,,,,,8.867,,,,,,,,,,,,,,,,24.004,,,,,,,,15.766,,,,32.625,,12.989,,7.945,,,,,12.399,,,,,,,9.178,,350.742,,,,7.669,,,,,,,,,8.288,,,,
1949-07-01,,,,,,45.948,,,,55.22,,,,,35.679,,,6.769,,13.516,,,,,7.607,,,49.979,,,,8.214,,23.812,,,,3.838,,,,,7.294,,,,,8.907,,,,,,,,,,,,,,,,23.738,,,,,,,,15.587,,,,31.659,,12.872,,7.997,,,,,12.327,,,,,,,9.278,,347.74,,,,7.694,,,,,,,,,8.323,,,,
1949-10-01,,,,,,45.343,,,,55.154,,,,,35.943,,,6.82,,13.439,,,,,7.608,,,49.854,,,,8.191,,23.671,,,,3.851,,,,,7.347,,,,,8.986,,,,,,,,,,,,,,,,23.749,,,,,,,,15.469,,,,31.51,,12.763,,8.054,,,,,12.317,,,,,,,9.332,,348.534,,,,7.749,,,,,,,,,8.497,,,,
1950-01-01,,,,,,45.104,,,,54.986,,,,,36.199,,,6.86,,13.305,,,,,7.584,,,49.595,,,,8.199,,23.544,,,,3.862,,,,,7.377,,,,,9.089,,,,,,,,,,,,,,,,23.786,,,,,,,,15.371,,,,31.357,,12.742,,8.08,,,,,12.297,,,,,,,9.115,,344.525,,,,7.781,,,,,,,,,8.565,,,,
1950-04-01,,,,,,45.182,,,,55.408,,,,,36.404,,,6.839,,13.403,,,,,7.653,,,50.191,,,,8.216,,23.674,,,,3.867,,,,,7.403,,,,,9.127,,,,,,,,,,,,,,,,23.978,,,,,,,,15.442,,,,31.454,,12.769,,8.076,,,,,12.356,,,,,,,9.226,,342.508,,,,7.81,,,,,,,,,8.584,,,,
1950-07-01,,,,,,46.235,,,,56.176,,,,,37.281,,,6.889,,13.848,,,,,7.88,,,51.794,,,,8.363,,24.257,,,,3.922,,,,,7.514,,,,,9.203,,,,,,,,,,,,,,,,23.938,,,,,,,,15.885,,,,31.739,,13.146,,8.193,,,,,12.614,,,,,,,9.374,,347.445,,,,7.93,,,,,,,,,8.761,,,,
1950-10-01,,,,,,47.825,,,,57.103,,,,,38.48,,,6.946,,14.135,,,,,7.986,,,53.654,,,,8.466,,24.768,,,,3.995,,,,,7.606,,,,,9.257,,,,,,,,,,,,,,,,23.99,,,,,,,,16.249,,,,32.141,,13.42,,8.336,,,,,12.839,,,,,,,9.423,,350.824,,,,8.031,,,,,,,,,8.987,,,,
1951-01-01,,,,,,49.573,,,,59.215,,,,,39.624,,,6.948,,14.942,,,,,8.337,,,56.111,,,,8.564,,25.777,,,,4.06,,,,,7.742,,,,,9.378,,,,,,,,,,,,,,,,24.736,,,,,,,,16.935,,,,33.435,,13.781,,8.474,,,,,13.247,,,,,,,9.346,,359.624,,,,8.178,,,,,,,,,9.155,,,,
1951-04-01,,,,,,50.339,,,,59.609,,,,,40.166,,,6.929,,15.085,,,,,8.351,,,56.855,,,,8.544,,25.998,,,,4.085,,,,,7.797,,,,,9.458,,,,,,,,,,,,,,,,24.908,,,,,,,,17.088,,,,33.469,,13.871,,8.541,,,,,13.353,,,,,,,9.542,,355.37,,,,8.238,,,,,,,,,9.286,,,,
1951-07-01,,,,,,50.357,,,,59.632,,,,,40.429,,,6.941,,15.043,,,,,8.292,,,56.697,,,,8.486,,25.962,,,,4.08,,,,,7.839,,,,,9.552,,,,,,,,,,,,,,,,24.988,,,,,,,,17.052,,,,33.94,,13.863,,8.604,,,,,13.371,,,,,,,9.702,,352.147,,,,8.282,,,,,,,,,9.414,,,,
1951-10-01,,,,,,50.183,,,,60.207,,,,,40.573,,,7.026,,15.384,,,,,8.461,,,56.517,,,,8.573,,26.273,,,,4.138,,,,,7.961,,,,,9.699,,,,,,,,,,,,,,,,25.958,,,,,,,,17.268,,,,33.623,,13.953,,8.742,,,,,13.548,,,,,,,9.78,,346.851,,,,8.408,,,,,,,,,9.534,,,,
1952-01-01,,,,,,49.821,,,,60.618,,,,,40.453,,,7.14,,15.458,,,,,8.512,,,56.432,,,,8.631,,26.336,,,,4.21,,,,,8.02,,,,,9.781,,,,,,,,,,,,,,,,26.583,,,,,,,,17.285,,,,33.48,,13.917,,8.817,,,,,13.606,,,,,,,9.663,,344.273,,,,8.467,,,,,,,,,9.477,,,,
1952-04-01,,,,,,48.895,,,,59.904,,,,,40.279,,,7.279,,15.455,,,,,8.525,,,55.824,,,,8.673,,26.184,,,,4.265,,,,,8.086,,,,,9.849,,,,,,,,,,,,,,,,26.13,,,,,,,,17.22,,,,33.424,,13.906,,8.87,,,,,13.603,,,,,,,9.881,,341.056,,,,8.534,,,,,,,,,9.585,,,,
1952-07-01,,,,,,48.412,,,,60.524,,,,,40.314,,,7.478,,15.543,,,,,8.587,,,55.964,,,,8.738,,26.281,,,,4.333,,,,,8.174,,,,,9.905,,,,,,,,,,,,,,,,26.846,,,,,,,,17.25,,,,33.426,,13.932,,8.943,,,,,13.692,,,,,,,10.113,,340.683,,,,8.624,,,,,,,,,9.796,,,,
1952-10-01,,,,,,49.932,,,,59.103,,,,,40.091,,,7.657,,15.461,,,,,8.565,,,55.69,,,,8.746,,26.212,,,,4.36,,,,,8.24,,,,,10.024,,,,,,,,,,,,,,,,25.17,,,,,,,,17.322,,,,33.826,,13.925,,8.991,,,,,13.715,,,,,,,10.111,,338.835,,,,8.69,,,,,,,,,9.925,,,,
1953-01-01,,,,,,50.004,,,,59.678,,,,,40.645,,,7.957,,15.24,,,,,8.471,,,55.738,,,,8.834,,26.19,,,,4.452,,,,,8.324,,,,,10.156,,,,,,,,,,,,,,,,25.905,,,,,,,,17.247,,,,33.719,,14.036,,9.142,,,,,13.766,,,,,,,9.992,,336.527,,,,8.78,,,,,,,,,9.949,,,,
1953-04-01,,,,,,49.082,,,,59.746,,,,,40.74,,,8.135,,15.135,,,,,8.438,,,55.992,,,,8.944,,26.114,,,,4.462,,,,,8.388,,,,,10.252,,,,,,,,,,,,,,,,25.945,,,,,,,,17.174,,,,33.548,,14.181,,9.183,,,,,13.786,,,,,,,10.286,,336.548,,,,8.846,,,,,,,,,10.079,,,,
1953-07-01,,,,,,48.865,,,,59.363,,,,,41.163,,,8.312,,15.166,,,,,8.479,,,56.291,,,,9.129,,26.11,,,,4.516,,,,,8.498,,,,,10.405,,,,,,,,,,,,,,,,25.355,,,,,,,,17.21,,,,33.749,,14.167,,9.276,,,,,13.861,,,,,,,10.563,,338.182,,,,8.961,,,,,,,,,10.224,,,,
1953-10-01,,,,,,48.644,,,,59.479,,,,,41.49,,,8.414,,15.172,,,,,8.506,,,56.278,,,,9.209,,26.117,,,,4.554,,,,,8.583,,,,,10.544,,,,,,,,,,,,,,,,25.545,,,,,,,,17.205,,,,33.753,,14.126,,9.337,,,,,13.921,,,,,,,10.747,,336.254,,,,9.05,,,,,,,,,10.344,,,,
1954-01-01,,,,,,49.206,,,,59.953,,,,,41.915,,,8.47,,15.201,,,,,8.544,,,56.081,,,,9.204,,26.235,,,,4.621,,,,,8.631,,,,,10.605,,,,,,,,,,,,,,,,26.201,,,,,,,,17.262,,,,33.825,,14.125,,9.414,,,,,13.991,,,,,,,10.57,,334.112,,,,9.102,,,,,,,,,10.368,,,,
1954-04-01,,,,,,49.132,,,,58.447,,,,,41.92,,,8.472,,15.297,,,,,8.62,,,56.029,,,,9.207,,26.134,,,,4.639,,,,,8.648,,,,,10.599,,,,,,,,,,,,,,,,24.761,,,,,,,,17.319,,,,33.277,,14.158,,9.359,,,,,13.972,,,,,,,10.741,,328.847,,,,9.119,,,,,,,,,10.467,,,,
1954-07-01,,,,,,49.502,,,,57.489,,,,,42.054,,,8.496,,15.138,,,,,8.566,,,55.79,,,,9.157,,25.948,,,,4.66,,,,,8.663,,,,,10.618,,,,,,,,,,,,,,,,24.1,,,,,,,,17.25,,,,32.604,,14.176,,9.37,,,,,13.926,,,,,,,10.949,,322.979,,,,9.135,,,,,,,,,10.52,,,,
1954-10-01,,,,,,49.244,,,,57.154,,,,,42.292,,,8.551,,15.027,,,,,8.544,,,55.341,,,,9.135,,25.816,,,,4.687,,,,,8.7,,,,,10.661,,,,,,,,,,,,,,,,24.132,,,,,,,,17.169,,,,32.289,,14.201,,9.414,,,,,13.912,,,,,,,11.136,,318.288,,,,9.175,,,,,,,,,10.607,,,,
1955-01-01,,,,,,49.065,,,,57.51,,,,,42.653,,,8.65,,15.01,,,,,8.579,,,55.324,,,,9.184,,25.853,,,,4.77,,,,,8.749,,,,,10.728,,,,,,,,,,,,,,,,24.519,,,,,,,,17.169,,,,32.6,,14.257,,9.466,,,,,13.957,,,,,,,10.845,,317.558,,,,9.227,,,,,,,,,10.649,,,,
1955-04-01,,,,,,49.016,,,,57.792,,,,,42.787,,,8.685,,14.906,,,,,8.555,,,55.298,,,,9.233,,25.83,,,,4.793,,,,,8.78,,,,,10.775,,,,,,,,,,,,,,,,24.904,,,,,,,,17.12,,,,32.532,,14.266,,9.479,,,,,13.971,,,,,,,11.068,,315.195,,,,9.26,,,,,,,,,10.712,,,,
1955-07-01,,,,,,49.238,,,,58.342,,,,,43.202,,,8.736,,14.855,,,,,8.546,,,55.477,,,,9.315,,25.916,,,,4.817,,,,,8.821,,,,,10.799,,,,,,,,,,,,,,,,25.377,,,,,,,,17.137,,,,32.58,,14.319,,9.551,,,,,14.026,,,,,,,11.392,,315.715,,,,9.304,,,,,,,,,10.765,,,,
1955-10-01,,,,,,49.231,,,,58.497,,,,,43.872,,,8.82,,14.785,,,,,8.516,,,55.486,,,,9.362,,25.922,,,,4.882,,,,,8.87,,,,,10.835,,,,,,,,,,,,,,,,25.544,,,,,,,,17.126,,,,32.622,,14.404,,9.649,,,,,14.064,,,,,,,11.539,,315.057,,,,9.359,,,,,,,,,10.838,,,,
1956-01-01,,,,,,49.561,,,,58.72,,,,,44.439,,,8.895,,14.769,,,,,8.504,,,55.359,,,,9.407,,25.995,,,,4.949,,,,,8.919,,,,,10.877,,,,,,,,,,,,,,,,25.784,,,,,,,,17.167,,,,32.72,,14.476,,9.762,,,,,14.122,,,,,,,11.338,,315.862,,,,9.413,,,,,,,,,10.99,,,,
1956-04-01,,,,,,49.895,,,,58.846,,,,,44.79,,,8.928,,14.957,,,,,8.612,,,55.561,,,,9.469,,26.188,,,,4.959,,,,,8.97,,,,,10.907,,,,,,,,,,,,,,,,25.742,,,,,,,,17.327,,,,32.866,,14.552,,9.805,,,,,14.217,,,,,,,11.518,,317.942,,,,9.467,,,,,,,,,11.105,,,,
1956-07-01,,,,,,50.31,,,,59.697,,,,,45.33,,,8.992,,15.114,,,,,8.714,,,55.95,,,,9.655,,26.473,,,,4.991,,,,,9.044,,,,,10.989,,,,,,,,,,,,,,,,26.435,,,,,,,,17.493,,,,33.028,,14.587,,9.9,,,,,14.356,,,,,,,11.606,,320.302,,,,9.546,,,,,,,,,11.15,,,,
1956-10-01,,,,,,50.519,,,,60.476,,,,,45.951,,,9.077,,15.147,,,,,8.755,,,56.543,,,,9.721,,26.623,,,,5.048,,,,,9.097,,,,,11.017,,,,,,,,,,,,,,,,26.943,,,,,,,,17.546,,,,33.086,,14.61,,9.995,,,,,14.44,,,,,,,11.719,,323.685,,,,9.605,,,,,,,,,11.179,,,,
1957-01-01,,,,,,50.666,,,,60.962,,,,,46.645,,,9.2,,15.287,,,,,8.865,,,56.476,,,,9.924,,26.86,,,,5.118,,,,,9.179,,,,,11.067,,,,,,,,,,,,,,,,27.516,,,,,,,,17.708,,,,32.926,,14.737,,10.089,,,,,14.57,,,,,,,11.786,,324.351,,,,9.693,,,,,,,,,11.328,,,,
1957-04-01,,,,,,50.748,,,,61.805,,,,,46.947,,,9.251,,15.345,,,,,8.9,,,56.768,,,,10.041,,27.065,,,,5.15,,,,,9.221,,,,,11.092,,,,,,,,,,,,,,,,28.123,,,,,,,,17.804,,,,33.198,,14.878,,10.137,,,,,14.662,,,,,,,11.917,,329.149,,,,9.738,,,,,,,,,11.461,,,,
1957-07-01,,,,,,50.84,,,,61.799,,,,,47.395,,,9.317,,15.561,,,,,8.993,,,56.888,,,,10.025,,27.276,,,,5.222,,,,,9.299,,,,,11.163,,,,,,,,,,,,,,,,27.966,,,,,,,,17.994,,,,33.216,,15.165,,10.229,,,,,14.781,,,,,,,11.991,,332.539,,,,9.821,,,,,,,,,11.568,,,,
1957-10-01,,,,,,51.012,,,,61.919,,,,,47.675,,,9.354,,15.61,,,,,8.966,,,57.036,,,,10.02,,27.371,,,,5.286,,,,,9.367,,,,,11.246,,,,,,,,,,,,,,,,27.909,,,,,,,,18.066,,,,33.224,,15.312,,10.336,,,,,14.858,,,,,,,12.195,,336.815,,,,9.894,,,,,,,,,11.715,,,,
1958-01-01,,,,,,51.034,,,,63.02,,,,,47.899,,,9.367,,16.071,,,,,9.127,,,57.354,,,,10.063,,27.819,,,,5.342,,,,,9.436,,,,,11.267,,,,,,,,,,,,,,,,28.907,,,,,,,,18.353,,,,33.105,,15.386,,10.434,,,,,15.041,,,,,,,12.461,,341.445,,,,9.967,,,,,,,,,11.739,,,,
1958-04-01,,,,,,51.045,,,,62.766,,,,,48.004,,,9.363,,16.21,,,,,9.174,,,56.646,,,,9.851,,27.833,,,,5.35,,,,,9.47,,,,,11.332,,,,,,,,,,,,,,,,28.869,,,,,,,,18.388,,,,33.29,,15.403,,10.441,,,,,15.069,,,,,,,12.51,,342.283,,,,10.001,,,,,,,,,11.794,,,,
1958-07-01,,,,,,51.04,,,,62.701,,,,,48.71,,,9.465,,16.09,,,,,9.141,,,56.326,,,,9.909,,27.762,,,,5.418,,,,,9.514,,,,,11.385,,,,,,,,,,,,,,,,29.057,,,,,,,,18.333,,,,33.19,,15.399,,10.498,,,,,15.08,,,,,,,12.411,,339.616,,,,10.048,,,,,,,,,11.879,,,,
1958-10-01,,,,,,51.013,,,,62.478,,,,,48.959,,,9.596,,16.011,,,,,9.19,,,56.371,,,,9.744,,27.631,,,,5.472,,,,,9.562,,,,,11.44,,,,,,,,,,,,,,,,28.901,,,,,,,,18.239,,,,33.144,,15.355,,10.504,,,,,15.074,,,,,,,12.316,,335.729,,,,10.097,,,,,,,,,11.976,,,,
1959-01-01,8.327,18.465,25.002,19.093,34.345,51.208,7.944,54.801,5.58,63.568,3.417,4.609,13.837,11.889,48.366,12.598,14.536,9.926,14.639,15.983,14.966,9.28,24.907,9.455,9.324,15.041,5.678,56.461,53.038,13.041,56.185,9.92,37.911,27.815,8.105,7.7,11.344,5.45,2.699,4.087,3.826,81.815,9.636,9.026,27.215,9.551,11.935,11.43,12.191,5.984,,34.489,11.216,4.532,6.813,37.499,12.253,9.971,46.52,10.846,9.667,35.853,11.629,30.247,40.817,9.424,4.754,3.732,6.633,11.513,35.169,18.295,3.343,6.251,34.618,33.322,22.909,15.434,11.515,10.655,7.546,8.778,9.906,26.468,15.177,13.592,7.516,7.032,5.247,13.342,9.466,12.424,17.744,331.198,49.882,11.274,11.319,10.168,11.478,77.629,25.046,71.666,217.876,20.651,3.277,56.243,12.057,2079.706,4.501,30.895,65.846
1959-04-01,8.418,18.568,25.156,19.285,34.324,51.365,7.548,55.204,5.606,63.811,3.299,4.614,13.913,11.939,49.136,12.665,14.421,9.917,14.386,15.892,14.84,9.369,25.523,9.586,9.453,15.152,5.66,56.735,53.363,13.063,56.229,9.999,37.825,27.849,8.393,7.793,11.355,5.507,2.664,4.114,3.85,82.082,9.703,9.067,27.277,9.598,12.016,11.508,12.26,6.088,,34.536,11.236,4.739,6.911,37.568,12.234,10.174,46.488,11.015,9.752,35.818,11.721,30.449,41.024,9.443,4.818,3.801,6.808,11.754,35.301,18.3,3.154,6.316,35.176,33.353,22.933,15.551,11.565,10.666,7.636,8.919,10.013,26.56,15.239,13.67,7.62,7.058,5.312,13.488,9.601,12.631,17.722,329.558,50.136,11.336,11.67,10.245,10.907,77.843,25.048,72.235,218.133,20.776,3.351,56.643,12.159,2082.38,4.545,30.726,65.96
1959-07-01,8.443,18.825,25.407,19.499,34.337,51.595,7.449,55.365,5.644,63.8,3.279,4.614,14.006,12.079,49.971,12.877,14.49,9.976,14.34,15.928,14.872,9.457,24.415,9.69,9.552,15.286,5.544,56.816,53.48,13.13,56.309,9.991,37.995,27.936,8.646,7.849,11.418,5.566,2.661,4.182,3.915,81.952,9.791,9.421,27.627,9.709,12.063,11.571,12.295,6.173,,34.512,11.294,4.914,7.013,37.499,12.244,10.378,46.756,11.106,9.834,34.064,11.811,30.405,41.411,9.632,4.878,3.806,6.906,11.94,35.392,18.379,3.125,6.4,35.841,33.346,22.997,15.738,11.583,10.822,7.68,8.959,10.256,26.674,15.331,13.722,7.663,7.007,5.362,13.601,9.705,12.836,17.744,329.615,50.539,11.368,11.985,10.342,10.799,78.333,25.102,72.556,218.119,20.921,3.447,56.467,12.251,2088.939,4.592,29.975,65.884
1959-10-01,8.558,19.182,25.541,19.431,34.397,51.709,7.487,55.437,5.682,63.772,3.313,4.594,14.086,12.203,49.628,13.116,14.697,10.094,14.505,15.914,14.867,9.508,22.955,9.745,9.611,15.325,5.519,56.827,53.498,13.209,56.282,10.214,38.209,28.01,8.797,7.902,11.514,5.676,2.685,4.344,4.072,81.828,9.881,9.601,27.673,9.807,12.134,11.648,12.364,6.243,,34.514,11.352,5.064,7.108,37.396,12.319,10.594,46.689,11.461,9.866,33.878,11.842,30.373,41.683,9.798,4.952,3.76,6.95,11.948,35.371,18.448,3.175,6.496,36.312,33.321,22.953,15.822,11.656,10.936,7.728,9.039,10.404,26.764,15.415,13.741,7.706,7.008,5.411,13.724,9.761,12.995,17.745,329.725,50.872,11.43,12.131,10.433,10.889,78.614,25.19,72.663,217.156,20.965,3.482,56.117,12.312,2087.206,4.633,30.57,65.889
1960-01-01,8.531,19.488,25.559,19.528,34.3,51.83,7.603,55.87,5.72,63.679,3.351,4.635,14.125,12.326,47.623,13.394,15.028,10.24,14.847,15.878,14.828,9.584,23.16,9.843,9.7,14.774,5.508,57.015,53.753,13.22,56.396,10.095,38.718,27.97,8.647,7.964,11.603,5.729,2.716,4.417,4.147,81.565,9.942,9.667,27.699,9.9,12.166,11.69,12.399,6.268,,34.513,11.352,5.042,7.157,37.497,12.396,10.692,46.891,11.276,9.908,34.067,11.891,30.123,41.734,10.012,4.936,3.738,6.989,11.777,35.062,18.422,3.205,6.433,36.389,33.397,23.036,15.869,11.729,10.972,7.762,9.057,10.475,26.648,15.435,13.716,7.738,7.201,5.415,13.853,9.86,13.079,17.811,331.199,50.988,11.464,12.094,10.48,11.034,78.642,25.388,73.016,219.086,21.011,3.51,56.395,12.389,2089.945,4.662,30.985,65.942
1960-04-01,8.624,20.026,25.621,19.617,34.238,52.106,7.677,56.07,5.72,63.603,3.386,4.635,14.178,12.423,46.011,13.614,15.245,10.355,15.046,16.079,15.024,9.635,24.369,9.864,9.725,14.619,5.493,57.189,54.041,13.299,56.685,10.095,39.188,28.11,8.674,7.949,11.564,5.887,2.731,4.688,4.412,81.135,10.011,9.763,27.711,9.978,12.194,11.727,12.432,6.303,,34.489,11.391,5.157,7.236,37.568,12.427,10.746,47.189,11.278,9.913,34.047,11.897,29.921,41.999,10.156,4.935,3.727,7.003,11.31,35.019,18.554,3.261,6.639,36.575,33.435,23.051,15.873,11.824,11.04,7.788,9.097,10.535,26.6,15.515,13.701,7.77,7.297,5.475,13.905,9.88,13.14,17.811,332.428,51.264,11.497,12.032,10.537,11.135,78.831,25.717,73.171,219.07,21.075,3.502,56.735,12.412,2089.659,4.697,31.766,66.244
1960-07-01,8.563,20.256,25.751,19.667,34.115,52.301,7.721,56.398,5.758,63.408,3.419,4.629,14.185,12.477,45.148,13.877,15.57,10.48,15.387,16.067,15.014,9.673,23.465,9.906,9.76,15.027,5.519,57.276,54.353,13.306,56.944,10.31,39.318,28.15,8.705,8.027,11.525,6.005,2.75,4.852,4.573,80.564,10.085,9.782,27.751,10.024,12.253,11.783,12.501,6.324,,34.539,11.411,5.236,7.273,37.431,12.489,10.883,47.76,11.57,9.945,33.676,11.934,29.654,42.114,10.26,4.951,3.752,7.001,10.974,34.869,18.609,3.316,6.767,36.576,33.451,23.097,15.878,11.814,11.111,7.86,9.199,10.58,26.602,15.574,13.646,7.845,7.263,5.475,14.046,9.922,13.245,17.834,332.874,51.371,11.529,12.136,10.605,11.25,78.912,25.773,73.716,218.828,21.148,3.494,56.673,12.483,2088.851,4.726,31.777,66.266
1960-10-01,8.614,20.536,25.769,19.58,34.229,52.401,7.736,56.486,5.758,63.297,3.455,4.621,14.187,12.491,45.076,14.036,15.732,10.599,15.536,16.227,15.174,9.723,24.179,9.925,9.781,15.168,5.553,57.359,54.611,13.392,57.055,10.336,39.485,28.256,8.772,8.082,11.622,6.071,2.791,4.942,4.661,79.946,10.139,9.814,27.816,10.045,12.302,11.826,12.536,6.398,,34.463,11.489,5.3,7.352,37.362,12.57,10.984,47.964,11.586,10.039,33.568,12.032,29.506,42.192,10.286,5.054,3.761,7.043,11.318,34.457,18.714,3.344,6.848,36.635,33.437,23.077,15.896,11.82,11.158,7.9,9.26,10.599,26.535,15.642,13.544,7.897,7.307,5.507,14.163,9.939,13.31,17.88,332.439,51.469,11.592,12.293,10.66,11.309,79.018,25.808,73.781,218.428,21.271,3.502,57.21,12.587,2079.448,4.766,32.53,66.301
1961-01-01,8.69,20.87,25.718,19.699,33.519,52.427,7.707,56.379,5.758,63.308,3.453,4.64,14.218,12.528,45.659,13.977,15.571,10.604,15.315,16.27,15.218,9.775,24.526,9.982,9.839,14.839,5.707,57.358,54.617,13.419,57.055,10.329,39.612,28.291,8.817,8.157,11.619,6.059,2.784,4.907,4.627,79.632,10.162,9.845,27.777,10.079,12.327,11.853,12.553,6.462,,34.489,11.528,5.307,7.4,37.322,12.609,11.118,48.032,11.48,10.111,32.906,12.112,29.522,42.348,10.331,5.176,3.781,7.074,11.148,34.741,18.742,3.359,6.835,36.736,33.455,23.148,15.915,11.924,11.148,7.913,9.279,10.607,26.489,15.671,13.437,7.914,7.276,5.531,14.317,9.996,13.436,17.947,331.724,51.787,11.609,12.468,10.688,11.294,79.197,25.686,73.668,219.336,21.306,3.522,57.951,12.689,2070.534,4.792,32.928,66.275
1961-04-01,8.697,21.331,25.741,19.793,32.942,52.317,7.657,56.376,5.759,63.607,3.449,4.624,14.234,12.561,46.247,13.835,15.532,10.635,15.365,16.151,15.1,9.825,23.637,10.05,9.902,15.103,5.727,57.439,54.773,13.415,56.889,10.053,39.781,28.174,8.836,8.218,11.602,6.039,2.789,4.848,4.566,79.407,10.203,9.88,27.774,10.112,12.392,11.912,12.621,6.513,,34.488,11.528,5.291,7.433,36.915,12.639,11.189,48.063,11.069,10.208,32.505,12.219,29.874,42.658,10.381,5.27,3.797,7.113,11.935,34.873,18.611,3.35,6.825,36.786,33.355,23.222,15.923,11.852,11.182,7.942,9.32,10.628,26.467,15.67,13.363,7.951,7.269,5.555,14.47,10.065,13.501,17.947,331.103,51.982,11.657,12.606,10.734,11.275,79.548,25.604,73.673,218.615,21.351,3.53,58.07,12.809,2061.038,4.825,32.23,65.963
1961-07-01,8.717,21.56,25.783,19.799,32.902,52.56,7.685,56.466,5.758,63.897,3.484,4.619,14.203,12.523,46.871,14.273,15.806,10.79,15.48,16.097,15.043,9.888,23.45,10.118,9.967,15.054,5.74,57.424,54.868,13.468,57.164,10.282,39.653,28.246,8.888,8.297,11.742,6.05,2.835,4.821,4.537,79.05,10.248,9.878,27.641,10.092,12.434,11.942,12.655,6.595,,34.488,11.567,5.301,7.5,36.744,12.659,11.319,47.929,11.394,10.262,32.783,12.271,30.259,42.782,10.335,5.437,3.801,7.129,12.507,35.097,18.646,3.364,6.832,36.935,33.328,23.141,15.913,11.889,11.207,8.002,9.421,10.624,26.606,15.726,13.256,8.026,7.36,5.592,14.613,10.134,13.602,17.97,330.071,52.165,11.705,12.709,10.785,11.276,79.545,25.516,73.671,218.372,21.419,3.53,58.505,12.888,2049.703,4.85,32.926,66.59
1961-10-01,8.668,21.766,25.808,19.886,32.685,52.538,7.682,56.547,5.809,63.818,3.499,4.624,14.232,12.531,46.988,14.677,16.124,10.943,15.697,16.057,14.995,9.964,23.644,10.201,10.041,15.053,5.717,57.39,54.963,13.488,57.095,10.221,39.609,28.198,8.913,8.381,11.678,6.078,2.853,4.822,4.538,78.521,10.291,9.939,27.507,10.107,12.439,11.949,12.656,6.658,,34.462,11.586,5.318,7.552,36.641,12.719,11.424,48.031,11.32,10.269,33.206,12.28,30.223,43.066,10.321,5.543,3.796,7.165,12.912,34.725,18.611,3.376,6.834,37.036,33.305,23.171,15.919,11.944,11.25,8.065,9.481,10.668,26.581,15.743,13.206,8.09,7.437,5.627,14.759,10.217,13.697,18.015,328.924,52.448,11.706,12.815,10.83,11.274,79.783,25.507,73.675,218.584,21.454,3.539,59.002,12.94,2031.327,4.879,31.793,66.387
1962-01-01,8.756,22.38,25.822,19.914,32.435,52.342,7.73,56.518,5.86,63.826,3.52,4.532,14.208,12.538,46.995,15.072,16.545,11.123,16.092,16.209,15.153,10.013,23.96,10.241,10.084,15.222,5.705,57.413,54.934,13.54,56.771,10.185,40.121,28.282,8.949,8.462,11.737,6.127,2.874,4.865,4.58,78.217,10.353,10.016,27.53,10.115,12.502,12.001,12.726,6.716,,34.491,11.624,5.35,7.639,36.985,12.782,11.516,48.131,11.275,10.28,33.359,12.294,30.241,43.276,10.363,5.556,3.801,7.241,12.988,34.686,18.684,3.387,6.874,37.178,33.363,23.206,15.965,12.025,11.301,8.127,9.563,10.725,26.767,15.811,13.105,8.146,7.395,5.638,14.967,10.257,13.775,18.061,328.031,52.78,11.769,12.787,10.892,11.316,80.085,25.597,73.691,214.257,21.468,3.559,59.317,13.014,2013.409,4.892,32.733,65.711
1962-04-01,8.72,22.89,25.873,19.946,32.384,52.548,7.794,56.465,5.911,63.909,3.561,4.548,14.194,12.527,47.123,15.499,16.693,11.207,16.012,16.246,15.19,10.089,23.794,10.315,10.15,15.526,5.672,57.347,54.985,13.591,57.018,10.248,40.206,28.347,9.018,8.542,11.732,6.188,2.927,4.932,4.644,77.646,10.405,10.086,27.581,10.122,12.524,12.019,12.742,6.759,,34.489,11.662,5.404,7.705,35.286,12.863,11.599,48.197,11.383,10.338,32.703,12.358,30.473,43.335,10.354,5.598,3.807,7.252,13.841,34.752,18.733,3.4,6.945,37.261,32.941,23.252,15.969,12.078,11.368,8.185,9.623,10.758,26.765,15.867,12.994,8.201,7.37,5.669,15.157,10.331,13.847,18.083,327.177,52.852,11.786,12.912,10.946,11.371,80.09,25.751,73.651,214.978,21.458,3.555,59.34,13.116,1999.288,4.94,33.588,66.121
1962-07-01,8.792,22.634,25.896,19.939,32.186,52.76,7.797,56.497,5.962,64.119,3.566,4.527,14.265,12.562,47.102,16.157,16.803,11.194,15.708,16.27,15.207,10.165,24.466,10.389,10.224,15.413,5.73,57.282,54.891,13.63,57.248,10.216,40.931,28.392,9.053,8.62,11.869,6.236,2.93,4.976,4.689,76.936,10.446,10.162,27.603,10.16,12.576,12.068,12.794,6.709,,34.514,11.681,5.436,7.756,36.946,12.875,11.681,48.301,11.304,10.365,32.825,12.386,30.677,43.596,10.351,5.514,3.882,7.059,14.072,34.932,18.751,3.408,6.973,37.411,33.333,23.251,15.958,12.1,11.389,8.24,9.703,10.773,26.742,15.91,12.838,8.248,7.394,5.685,15.217,10.405,13.908,18.084,326.418,53.097,11.849,12.886,10.988,11.416,80.405,25.954,73.666,214.025,21.395,3.555,59.567,13.154,1982.559,4.983,32.643,66.477
1962-10-01,8.797,22.096,25.943,20.08,32.413,52.821,7.83,56.541,6.013,63.867,3.589,4.523,14.223,12.517,47.177,16.73,16.855,11.196,15.406,16.339,15.274,10.229,24.753,10.449,10.279,15.548,5.81,57.292,54.927,13.663,57.331,10.444,41.482,28.47,9.103,8.614,11.808,6.289,2.957,5.023,4.733,76.503,10.482,10.228,27.642,10.142,12.595,12.079,12.811,6.696,,34.514,11.722,5.477,7.796,36.641,12.944,11.762,48.467,11.585,10.398,32.799,12.422,30.436,43.583,10.303,5.44,3.974,7.016,14.197,34.502,18.849,3.419,7.042,37.412,33.242,23.274,15.987,12.163,11.46,8.304,9.763,10.894,26.857,15.958,12.776,8.313,7.452,5.705,15.117,10.464,13.997,18.129,325.707,53.105,11.85,13.075,11.025,11.474,80.211,26.035,73.652,213.832,21.351,3.567,59.238,13.148,1973.189,5.028,32.627,66.487
1963-01-01,8.805,21.559,25.974,20.019,32.507,52.879,7.83,57.264,6.051,63.888,3.607,4.542,14.204,12.534,47.597,17.216,16.932,11.231,15.213,16.41,15.358,10.305,23.729,10.516,10.342,15.819,5.784,57.273,54.98,13.706,57.363,10.347,41.695,28.503,9.158,8.618,11.93,6.32,2.983,5.046,4.749,76.071,10.53,10.258,27.66,10.167,12.65,12.128,12.862,6.71,,34.511,11.742,5.502,7.815,37.053,13.011,11.81,48.601,11.461,10.425,33.242,12.45,30.448,43.648,10.359,5.363,4.034,7.131,14.246,34.418,18.876,3.426,7.14,37.534,33.358,23.258,16.013,12.156,11.549,8.348,9.822,10.967,26.811,16.004,12.747,8.353,8.185,5.736,15.029,10.531,14.024,18.175,325.555,53.201,11.897,13.216,11.078,11.509,80.161,26.023,73.642,214.721,21.373,3.579,59.261,13.14,1970.63,5.073,32.643,66.436
1963-04-01,8.788,21.099,26.108,20.066,32.346,52.977,7.86,57.601,6.076,64.083,3.626,4.548,14.187,12.52,47.805,17.68,16.79,11.206,14.708,16.344,15.278,10.343,23.779,10.575,10.394,15.721,5.869,57.285,55.022,13.732,57.457,10.223,41.737,28.506,9.206,8.685,11.972,6.354,3.006,5.075,4.776,75.89,10.563,10.3,27.756,10.169,12.689,12.16,12.897,6.727,,34.488,11.762,5.533,7.855,36.847,13.309,11.903,48.735,11.231,10.439,33.334,12.461,30.641,43.792,10.348,5.302,4.051,7.209,14.667,34.514,18.857,3.432,7.19,37.635,33.321,23.199,16.15,12.22,11.598,8.39,9.881,11.008,26.742,16.029,12.713,8.395,8.535,5.779,15.032,10.591,14.103,18.422,326.171,53.425,11.945,13.268,11.113,11.553,80.516,26.107,73.643,215.006,21.425,3.655,59.603,13.149,1965.666,5.112,33.942,66.515
1963-07-01,8.761,20.537,26.195,20.087,32.254,53.119,7.898,57.718,6.127,64.264,3.657,4.502,14.149,12.469,47.965,18.008,16.831,11.275,14.56,16.492,15.431,10.368,23.639,10.591,10.407,15.806,5.865,57.356,55.054,13.816,57.621,10.328,42.038,28.679,9.288,8.7,11.915,6.414,3.042,5.15,4.846,75.848,10.6,10.305,27.704,10.139,12.712,12.172,12.914,6.787,,34.515,11.841,5.596,7.936,36.744,13.513,12.07,49.004,11.385,10.492,33.614,12.519,30.798,44.168,10.285,5.356,4.134,7.24,14.895,34.602,18.996,3.453,7.306,37.711,33.279,23.241,16.255,12.283,11.649,8.43,9.902,11.069,26.928,16.107,12.683,8.433,8.608,5.814,14.947,10.606,14.234,18.538,326.767,53.855,11.946,13.552,11.151,11.619,81.097,26.232,73.721,212.833,21.416,3.707,59.892,13.164,1961.082,5.126,34.243,66.613
1963-10-01,8.813,20.384,26.264,20.09,32.281,53.342,7.971,57.774,6.14,64.466,3.692,4.517,14.138,12.508,48.047,18.145,17.025,11.363,14.764,16.501,15.443,10.431,22.932,10.659,10.474,15.885,5.835,57.534,55.251,13.854,57.881,10.297,42.717,28.747,9.345,8.736,12.003,6.454,3.085,5.193,4.886,75.636,10.656,10.346,27.679,10.169,12.765,12.22,12.966,6.822,,35.289,11.861,5.642,8.001,36.71,13.831,12.263,49.206,11.358,10.537,33.635,12.568,30.901,44.404,10.378,5.373,4.228,7.238,15.462,34.506,19.034,3.46,7.373,37.82,33.619,23.269,16.348,12.303,11.708,8.469,9.962,11.138,26.997,16.166,12.673,8.474,8.655,5.848,14.963,10.675,14.37,18.252,326.232,54.413,11.994,13.669,11.209,11.658,80.219,26.325,73.741,213.537,21.452,3.727,59.834,13.203,1968.252,5.138,34.089,66.934
1964-01-01,8.766,20.793,26.283,20.102,32.381,53.516,8.007,57.827,6.203,64.559,3.701,4.537,14.152,12.436,47.946,18.019,17.34,11.515,15.331,16.675,15.627,10.482,22.951,10.702,10.51,16.091,5.799,57.56,55.347,13.911,58.102,10.262,42.887,28.883,9.4,8.849,11.991,6.523,3.097,5.273,4.963,75.37,10.708,10.428,27.675,10.123,12.789,12.23,13.0,6.886,,36.902,11.938,5.697,8.108,35.648,14.002,12.368,49.305,11.329,10.572,33.498,12.606,30.999,44.17,10.211,5.403,4.342,7.264,15.751,34.562,19.148,3.458,7.469,37.858,34.031,23.292,16.414,12.386,11.779,8.527,9.985,11.203,26.951,16.243,12.661,8.533,8.67,5.912,15.185,10.717,14.455,17.724,323.487,54.874,11.994,13.7,11.262,11.69,77.582,26.302,73.798,214.492,21.47,3.755,59.683,13.295,1975.689,5.15,34.013,67.261
1964-04-01,8.878,20.741,26.262,20.155,32.379,53.637,8.022,57.89,6.229,64.522,3.719,4.548,14.138,12.529,47.899,17.922,17.642,11.648,15.857,16.691,15.648,10.533,22.773,10.758,10.569,16.039,5.693,57.529,55.413,13.934,58.274,10.155,42.885,28.874,9.438,8.874,12.097,6.574,3.126,5.313,5.002,75.062,10.762,10.572,27.641,10.196,12.815,12.265,13.017,6.935,,36.801,11.957,5.733,8.168,36.745,14.109,12.435,49.608,11.238,10.585,33.281,12.621,30.951,43.899,10.42,5.438,4.437,7.304,15.777,34.517,19.144,3.458,7.511,37.837,34.287,23.309,16.421,12.493,11.842,8.597,10.086,11.254,26.881,16.278,12.656,8.61,8.712,5.967,15.205,10.773,14.518,17.856,322.623,54.839,12.026,13.811,11.316,11.69,77.55,26.308,73.833,214.986,21.491,3.755,59.417,13.311,1962.611,5.18,33.78,67.342
1964-07-01,8.943,20.768,26.278,20.231,32.476,53.595,8.098,57.984,6.267,64.452,3.747,4.518,14.104,12.543,48.12,17.629,17.847,11.765,16.374,16.81,15.774,10.545,22.672,10.764,10.58,16.13,5.677,57.374,55.266,13.965,58.203,10.138,42.757,28.928,9.493,8.915,12.116,6.624,3.162,5.353,5.038,74.927,10.814,10.663,27.68,10.214,12.854,12.3,13.052,6.997,,36.767,11.996,5.77,8.225,36.847,14.203,12.585,49.708,11.224,10.614,33.396,12.651,30.958,43.603,10.488,5.47,4.589,7.402,15.994,34.426,19.202,3.459,7.574,37.873,34.318,23.299,16.43,12.64,11.923,8.663,10.126,11.339,26.88,16.331,12.635,8.691,8.823,6.034,15.261,10.779,14.644,17.947,321.741,54.815,12.075,13.865,11.37,11.735,77.175,26.354,73.817,213.535,21.593,3.747,58.992,13.349,1952.574,5.206,33.952,67.128
1964-10-01,8.98,20.818,26.326,20.175,32.591,53.569,8.132,57.958,6.343,64.324,3.771,4.513,14.094,12.535,48.194,17.339,17.965,11.876,16.765,16.898,15.865,10.584,22.594,10.787,10.604,16.248,5.755,57.238,55.131,14.028,58.149,10.257,42.758,28.997,9.561,8.993,12.053,6.692,3.186,5.418,5.103,74.694,10.862,10.747,27.768,10.211,12.876,12.317,13.07,7.079,,36.869,12.055,5.826,8.292,36.847,14.272,12.664,49.708,11.348,10.634,33.737,12.673,30.882,43.45,10.482,5.537,4.741,7.522,16.178,34.177,19.28,3.476,7.639,37.925,34.366,23.309,16.462,12.738,11.996,8.741,10.246,11.418,26.9,16.385,12.611,8.752,8.879,6.096,15.366,10.801,14.699,17.901,321.064,54.857,12.107,13.88,11.419,11.797,77.0,26.44,73.702,213.32,21.602,3.755,58.823,13.396,1945.938,5.215,34.659,67.019
1965-01-01,8.985,20.793,26.35,20.128,32.655,53.771,8.207,57.648,6.407,64.335,3.806,4.543,14.091,12.512,48.842,17.028,17.737,11.872,16.626,16.865,15.822,10.635,23.25,10.862,10.673,16.623,5.819,57.16,55.128,14.07,58.341,10.434,42.76,29.061,9.647,9.023,12.152,6.735,3.217,5.447,5.129,74.369,10.905,10.829,27.812,10.196,12.907,12.339,13.104,7.143,,36.74,12.076,5.866,8.325,35.886,14.358,12.748,49.876,11.565,10.695,34.28,12.741,30.992,43.509,10.437,5.631,4.923,7.592,16.326,34.192,19.339,3.505,7.686,38.142,34.101,23.37,16.548,12.813,12.085,8.804,10.303,11.499,26.964,16.438,12.597,8.813,8.819,6.164,15.395,10.877,14.756,18.015,320.474,54.954,12.138,13.846,11.469,11.903,76.898,26.503,73.324,214.746,21.632,3.816,58.515,13.452,1935.059,5.218,34.667,67.237
1965-04-01,9.027,20.844,26.378,20.131,32.656,53.885,8.236,57.208,6.457,64.134,3.854,4.568,14.043,12.465,49.275,16.83,17.659,11.909,16.648,17.103,16.059,10.712,25.015,10.897,10.708,16.652,5.823,57.126,55.243,14.159,58.465,10.532,42.848,29.23,9.731,9.061,12.198,6.79,3.277,5.491,5.169,73.789,10.95,10.97,27.768,10.175,12.947,12.365,13.155,7.207,,36.473,12.135,5.917,8.395,36.847,14.503,12.85,49.908,11.704,10.791,34.756,12.842,30.802,43.494,10.393,5.666,5.118,7.669,16.128,33.914,19.521,3.529,7.757,38.218,34.289,23.382,16.656,12.905,12.148,8.876,10.423,11.574,27.041,16.522,12.6,8.877,8.778,6.214,15.452,10.909,14.841,17.993,318.994,55.051,12.139,13.971,11.518,11.976,77.008,26.401,72.732,215.918,21.753,3.896,58.305,13.539,1919.46,5.253,34.758,67.442
1965-07-01,9.11,20.895,26.467,20.053,32.628,54.185,8.28,57.126,6.495,63.814,3.876,4.953,14.056,12.452,49.469,16.783,17.705,12.013,16.763,17.233,16.186,10.815,25.558,10.993,10.804,16.79,5.82,56.988,55.374,14.201,58.764,10.563,42.762,29.302,9.775,9.098,12.269,6.831,3.292,5.514,5.192,72.726,11.006,11.127,27.802,10.197,12.974,12.391,13.173,7.304,,35.606,12.194,5.945,8.434,37.019,14.689,12.994,50.278,11.751,10.854,34.916,12.909,30.584,43.405,10.353,5.805,5.352,7.804,16.237,33.527,19.628,3.557,7.782,38.506,34.183,23.397,16.699,12.978,12.224,8.941,10.485,11.687,26.798,16.583,12.584,8.95,8.857,6.244,15.508,11.006,14.93,18.287,317.289,54.832,12.187,13.982,11.576,11.999,77.314,26.423,72.509,234.19,21.821,3.94,58.166,13.603,1890.632,5.355,35.289,67.705
1965-10-01,9.086,20.946,26.577,19.938,32.564,54.344,8.357,57.095,6.521,63.462,3.915,4.95,14.086,12.501,49.948,16.919,17.898,12.155,16.985,17.229,16.165,10.93,26.797,11.111,10.91,17.033,5.964,56.949,55.51,14.278,58.778,10.677,42.849,29.303,9.843,9.122,12.349,6.88,3.332,5.532,5.209,72.129,11.075,11.244,27.821,10.255,13.015,12.436,13.207,7.398,,34.404,12.253,5.979,8.489,37.226,14.756,13.081,50.647,11.828,10.934,35.044,13.0,30.399,43.344,10.42,5.889,5.513,7.975,16.938,32.97,19.673,3.582,7.811,39.055,33.726,23.515,16.739,13.067,12.303,9.033,10.608,11.761,26.388,16.634,12.599,9.055,8.907,6.266,15.55,11.123,14.979,18.607,314.393,54.794,12.235,14.09,11.65,12.09,77.984,26.443,72.403,234.034,21.896,4.004,57.696,13.678,1846.142,5.437,35.901,67.443
1966-01-01,9.041,20.92,26.674,19.931,32.75,54.783,8.427,54.891,6.559,63.378,3.948,5.022,14.062,12.503,50.401,17.515,18.47,12.416,17.473,17.626,16.568,11.058,28.51,11.191,10.979,17.447,5.979,57.014,55.641,14.414,59.183,10.683,43.021,29.57,9.915,9.175,12.349,6.948,3.36,5.563,5.236,72.058,11.143,11.375,27.932,10.268,13.079,12.489,13.276,7.497,,34.048,12.35,6.018,8.583,37.568,14.859,13.24,50.983,11.829,10.895,35.074,12.956,30.307,43.277,10.452,5.99,5.645,8.077,16.861,32.863,19.937,3.614,7.874,39.562,33.694,23.467,16.831,13.263,12.314,9.157,10.772,11.909,26.325,16.763,12.616,9.196,8.835,6.302,15.606,11.2,15.11,18.899,313.862,55.006,12.268,14.322,11.722,12.148,78.391,26.578,69.261,237.373,21.956,4.061,57.165,13.664,1828.887,5.475,36.019,67.921
1966-04-01,9.124,20.87,26.742,19.992,32.722,55.236,8.539,55.919,6.623,63.65,4.013,5.036,14.096,12.521,50.942,18.022,18.977,12.627,17.933,17.818,16.774,11.198,27.521,11.323,11.108,17.414,6.009,57.241,55.956,14.546,59.541,10.707,43.449,29.784,10.026,9.246,12.336,7.047,3.419,5.613,5.284,71.983,11.244,11.483,28.062,10.295,13.13,12.536,13.327,7.561,,34.018,12.468,6.087,8.672,38.769,15.028,13.38,51.252,11.846,10.929,35.37,12.992,30.465,43.319,10.452,6.038,5.797,8.113,16.827,33.065,20.105,3.671,7.935,40.251,34.002,23.474,16.948,13.438,12.468,9.326,10.993,12.109,26.421,16.899,12.622,9.386,8.849,6.349,15.673,11.332,15.24,18.808,313.79,55.255,12.331,14.285,11.829,12.261,78.567,26.83,70.751,238.07,22.093,4.117,56.827,13.71,1824.274,5.524,36.304,68.375
1966-07-01,9.281,20.896,26.791,19.851,32.908,55.792,8.647,57.056,6.712,63.932,4.069,4.939,14.064,12.504,51.441,18.292,19.33,12.806,18.33,17.906,16.864,11.348,27.49,11.482,11.266,17.333,6.018,57.707,56.543,14.672,60.074,10.84,43.96,29.972,10.137,9.513,12.49,7.163,3.478,5.683,5.349,72.076,11.346,11.649,28.308,10.283,13.162,12.558,13.345,7.641,,34.128,12.565,6.159,8.758,39.043,15.149,13.464,51.653,12.032,11.02,35.624,13.088,30.554,43.263,10.452,6.082,5.986,8.221,16.974,33.103,20.246,3.701,8.044,40.841,34.112,23.493,17.048,13.49,12.631,9.513,11.23,12.299,26.515,17.028,12.625,9.589,8.95,6.413,15.984,11.492,15.285,18.809,314.392,55.33,12.347,14.678,11.937,12.345,80.081,26.903,72.288,233.49,22.239,4.153,57.079,13.869,1818.304,5.526,36.948,69.041
1966-10-01,9.395,20.996,26.766,20.013,33.146,56.349,8.739,57.089,6.801,64.224,4.114,4.945,14.055,12.5,52.01,18.196,19.498,12.918,18.701,17.965,16.931,11.498,27.152,11.627,11.408,17.373,6.037,58.149,57.164,14.79,60.611,10.978,44.426,30.145,10.272,9.673,12.513,7.29,3.521,5.785,5.445,71.989,11.457,11.861,28.581,10.28,13.256,12.632,13.431,7.709,,34.33,12.7,6.246,8.841,39.9,15.296,13.614,52.121,12.218,11.133,35.817,13.213,30.619,43.51,10.454,6.126,6.029,8.297,17.194,33.089,20.373,3.735,8.186,41.426,34.452,23.587,17.143,13.627,12.756,9.68,11.422,12.52,26.585,17.16,12.626,9.773,9.009,6.462,16.188,11.636,15.437,18.831,315.004,55.666,12.443,14.912,12.054,12.439,80.56,27.1,72.263,233.74,22.393,4.165,57.277,14.016,1816.704,5.525,36.762,69.659
1967-01-01,9.503,20.895,26.871,20.081,33.153,56.984,8.806,57.117,6.89,64.091,4.144,5.049,14.105,12.527,52.112,17.584,19.327,12.859,18.917,17.784,16.738,11.645,26.074,11.817,11.59,17.129,6.145,58.351,57.541,14.825,61.305,11.055,44.555,30.121,10.365,9.723,12.525,7.401,3.549,5.876,5.531,71.762,11.537,11.88,28.794,10.307,13.327,12.694,13.517,7.699,,34.276,12.719,6.322,8.868,40.792,15.436,13.745,52.56,12.266,11.28,35.839,13.366,30.273,43.798,10.454,6.015,6.115,8.35,16.491,32.837,20.368,3.756,8.312,41.863,34.73,23.584,17.231,13.717,12.81,9.823,11.607,12.64,26.653,17.209,12.571,9.919,9.079,6.537,16.212,11.829,15.543,18.927,316.019,55.981,12.476,15.025,12.136,12.479,81.443,27.236,72.215,238.624,22.559,4.193,57.279,14.13,1815.974,5.551,37.432,70.61
1967-04-01,9.565,20.87,26.954,20.153,32.96,57.499,8.863,57.108,6.953,64.372,4.192,5.114,14.122,12.529,52.738,17.276,19.2,12.852,18.975,17.71,16.651,11.794,26.283,11.994,11.757,17.205,6.147,58.566,57.817,14.914,61.849,11.134,44.851,30.192,10.491,9.873,12.63,7.499,3.609,5.96,5.611,71.894,11.619,11.949,28.886,10.322,13.375,12.735,13.551,7.733,,34.418,12.836,6.4,8.942,40.273,15.478,13.92,53.063,12.376,11.404,35.992,13.5,30.522,43.926,10.437,5.958,6.519,8.399,16.928,33.013,20.4,3.776,8.422,42.27,34.752,23.665,17.289,13.823,12.911,9.947,11.741,12.813,26.86,17.291,12.504,10.061,9.122,6.612,16.362,12.008,15.685,19.22,315.802,56.18,12.54,15.178,12.225,12.559,82.734,27.366,72.149,241.74,22.695,4.217,56.894,14.268,1796.218,5.598,37.714,71.237
1967-07-01,9.682,20.972,27.223,20.347,33.373,58.134,8.917,57.202,7.042,65.082,4.217,5.184,14.188,12.575,53.057,17.27,19.206,12.96,18.997,17.922,16.852,11.906,26.979,12.113,11.876,17.313,6.221,58.993,58.381,15.064,62.553,11.197,45.107,30.514,10.611,9.98,12.596,7.62,3.634,6.071,5.714,72.163,11.711,12.016,29.003,10.376,13.43,12.79,13.603,7.855,,34.617,12.934,6.487,9.059,40.281,15.74,14.096,53.701,12.425,11.534,36.464,13.637,31.156,44.463,10.458,6.13,6.735,8.455,17.892,33.504,20.614,3.789,8.585,42.678,34.926,23.692,17.457,14.046,12.984,10.084,11.943,12.896,27.009,17.452,12.508,10.193,9.184,6.669,16.502,12.128,15.869,19.511,315.473,56.735,12.588,15.358,12.32,12.649,82.007,27.614,72.211,245.116,22.848,4.301,56.882,14.405,1786.73,5.677,37.472,72.014
1967-10-01,9.754,21.049,27.473,20.646,33.46,58.699,8.977,56.914,7.17,65.739,4.26,5.245,14.259,12.615,53.495,17.908,19.517,13.191,18.959,17.991,16.906,12.046,27.076,12.265,12.02,17.419,6.277,59.378,58.829,15.229,63.172,11.231,45.448,30.749,10.736,10.051,12.694,7.74,3.689,6.167,5.802,72.517,11.823,12.256,29.172,10.42,13.506,12.86,13.689,8.007,,34.867,13.051,6.573,9.192,40.209,16.04,14.328,54.102,12.443,11.653,37.064,13.765,31.659,44.878,10.461,6.389,6.769,8.514,18.328,33.982,20.752,3.8,8.746,43.06,35.094,23.738,17.657,14.276,13.067,10.243,12.115,12.917,27.169,17.602,12.542,10.349,9.221,6.752,16.598,12.281,16.112,19.807,317.362,57.288,12.638,15.477,12.438,12.753,83.314,27.886,71.75,247.954,22.968,4.402,56.843,14.523,1785.877,5.734,38.009,72.846
1968-01-01,9.909,21.177,27.63,20.903,33.83,59.579,9.06,57.447,7.271,66.166,4.313,5.293,14.272,12.631,54.035,18.819,19.79,13.47,18.671,18.163,17.076,12.199,27.391,12.417,12.172,17.736,6.303,60.274,59.646,15.381,64.101,11.308,46.983,31.033,10.886,10.21,12.703,7.866,3.748,6.282,5.909,72.965,11.968,12.675,29.413,10.449,13.593,12.934,13.775,8.226,,35.042,13.188,6.676,9.345,40.244,16.226,14.599,54.942,12.537,11.825,37.491,13.946,31.655,45.369,10.482,6.813,6.823,8.597,18.155,33.974,20.967,3.828,8.919,43.757,35.251,23.771,17.825,14.546,13.273,10.383,12.299,13.133,27.286,17.789,12.534,10.485,10.027,6.813,16.8,12.432,16.371,20.127,319.7,57.894,12.734,15.486,12.589,12.921,84.925,28.131,71.583,250.173,23.115,4.482,58.155,14.708,1787.697,5.798,38.781,73.879
1968-04-01,10.07,21.305,27.698,21.084,34.617,60.677,9.136,58.001,7.335,66.569,4.357,5.354,14.271,12.657,54.483,19.882,20.39,13.832,18.836,18.303,17.216,12.363,27.885,12.576,12.331,17.88,6.373,60.925,60.161,15.534,65.363,11.292,48.258,31.296,11.024,10.391,12.78,7.981,3.793,6.391,6.014,73.362,12.113,12.981,29.701,10.483,13.694,13.022,13.879,8.423,,35.018,13.344,6.773,9.465,40.107,16.484,14.782,55.813,12.478,11.984,37.463,14.114,31.812,46.08,10.54,7.259,6.906,8.609,18.392,34.129,21.166,3.859,9.06,44.341,35.247,23.807,18.014,14.77,13.442,10.504,12.452,13.353,27.587,17.971,12.5,10.614,10.377,6.865,17.021,12.591,16.558,20.193,320.923,58.599,12.829,15.585,12.741,13.045,85.894,28.347,71.989,253.059,23.158,4.551,59.264,14.891,1786.427,5.853,39.006,75.498
1968-07-01,10.187,21.535,27.778,21.215,34.991,61.667,9.186,58.23,7.437,67.123,4.424,5.419,14.275,12.691,55.074,20.66,21.055,14.186,19.343,18.442,17.356,12.553,28.247,12.771,12.519,18.234,6.452,61.397,60.627,15.744,66.417,11.399,48.933,31.585,11.175,10.429,12.833,8.095,3.88,6.493,6.106,73.719,12.253,13.119,29.928,10.522,13.78,13.098,13.966,8.587,,35.761,13.5,6.873,9.608,40.381,16.615,14.984,56.914,12.587,12.147,37.637,14.287,32.061,47.185,10.607,7.57,7.067,8.614,18.713,34.354,21.369,3.888,9.233,45.098,35.737,23.875,18.147,15.059,13.587,10.638,12.614,13.512,27.839,18.157,12.485,10.743,10.448,6.928,17.133,12.787,16.757,20.393,323.326,59.606,12.91,15.674,12.888,13.174,87.632,28.609,72.242,256.164,23.302,4.567,59.618,15.044,1788.325,5.909,39.646,76.562
1968-10-01,10.326,21.535,27.865,21.278,35.138,62.464,9.283,58.588,7.525,67.736,4.487,5.587,14.283,12.701,55.834,20.991,21.649,14.474,20.101,18.661,17.58,12.73,28.853,12.942,12.686,18.255,6.452,61.932,61.03,15.937,67.236,11.434,49.784,31.902,11.345,10.701,12.975,8.227,3.937,6.602,6.209,74.373,12.401,13.39,30.156,10.576,13.887,13.193,14.069,8.701,,36.645,13.636,6.981,9.726,40.657,16.746,15.149,57.957,12.636,12.339,38.104,14.491,32.341,48.39,10.619,7.711,7.164,8.685,18.822,34.65,21.592,3.946,9.376,45.79,36.335,23.947,18.314,15.195,13.759,10.806,12.807,13.721,28.255,18.358,12.546,10.929,10.664,7.017,17.396,12.956,16.906,20.734,325.518,60.507,13.007,15.926,13.044,13.402,88.831,28.883,72.526,264.108,23.448,4.591,60.189,15.264,1789.205,6.077,40.088,77.249
1969-01-01,10.497,21.972,27.986,21.242,35.265,63.277,9.375,58.742,7.678,68.131,4.548,5.618,14.353,12.744,56.907,21.103,22.585,14.812,21.573,18.737,17.651,12.894,28.925,13.103,12.848,18.403,6.468,62.498,61.768,16.132,68.102,11.565,49.989,32.124,11.525,10.843,13.165,8.37,3.993,6.697,6.303,74.677,12.554,13.651,30.139,10.639,13.989,13.287,14.173,8.752,,37.135,13.81,7.083,9.805,41.891,16.945,15.362,58.965,12.808,12.562,38.456,14.727,32.369,48.985,10.627,7.562,7.195,8.962,19.2,34.5,21.753,4.004,9.483,46.409,36.925,24.034,18.441,15.341,13.92,11.028,13.005,13.894,28.578,18.536,12.597,11.169,10.692,7.114,17.678,13.118,17.062,21.075,327.569,60.936,13.088,16.158,13.207,13.622,90.076,29.35,72.718,265.572,23.616,4.639,60.913,15.512,1785.432,6.197,41.058,78.062
1969-04-01,10.66,23.046,28.149,21.339,35.664,64.022,9.501,58.931,7.894,68.642,4.622,5.694,14.529,12.854,57.962,21.206,23.217,15.073,22.521,19.029,17.939,13.084,31.211,13.292,13.034,18.376,6.5,63.118,62.604,16.384,68.858,11.781,50.285,32.51,11.739,11.015,13.271,8.54,4.065,6.822,6.424,75.026,12.721,13.823,30.348,10.737,14.107,13.402,14.277,8.825,,37.626,14.041,7.214,9.945,42.062,17.139,15.585,59.634,13.087,12.748,38.744,14.924,32.546,49.921,10.655,7.554,7.193,9.043,19.239,34.697,22.056,4.063,9.636,47.082,37.297,24.095,18.632,15.575,14.089,11.273,13.276,14.077,28.97,18.772,12.646,11.398,10.618,7.288,18.204,13.306,17.267,21.404,329.754,61.751,13.2,16.632,13.385,13.871,90.657,29.784,73.066,269.167,23.856,4.695,61.232,15.811,1787.518,6.271,41.414,78.925
1969-07-01,10.875,23.351,28.46,21.197,36.007,64.819,9.603,59.05,7.983,68.97,4.706,5.766,14.671,12.962,58.875,21.152,23.675,15.289,23.276,19.412,18.325,13.322,31.226,13.52,13.261,18.487,6.554,63.61,63.106,16.608,69.665,11.755,50.709,32.875,11.937,11.174,13.412,8.68,4.139,6.942,6.535,75.417,12.888,14.015,30.601,10.84,14.264,13.547,14.431,8.906,,37.8,14.255,7.34,10.071,42.402,17.223,15.882,60.475,13.028,12.932,38.948,15.118,32.631,50.688,10.719,7.505,7.465,9.215,18.905,34.904,22.364,4.155,9.812,47.808,37.555,24.157,18.853,15.771,14.26,11.441,13.497,14.212,29.2,19.002,12.659,11.579,10.686,7.466,18.456,13.534,17.454,22.004,330.929,62.344,13.344,16.933,13.563,14.062,90.883,29.847,73.165,272.537,24.069,4.844,62.198,16.02,1785.053,6.368,42.363,79.742
1969-10-01,11.122,23.632,28.802,21.157,36.071,65.489,9.707,59.123,8.11,69.395,4.781,5.776,14.793,13.117,59.599,21.14,24.06,15.535,23.864,19.689,18.591,13.612,32.042,13.802,13.54,18.452,6.597,64.034,63.611,16.862,70.297,11.725,51.051,33.181,12.143,11.306,13.52,8.847,4.193,7.091,6.677,75.77,13.067,14.323,30.747,10.957,14.409,13.686,14.569,9.049,,37.975,14.413,7.48,10.22,43.023,17.407,16.139,61.109,12.969,13.16,39.423,15.36,32.899,51.012,10.912,7.525,7.694,9.504,19.1,35.15,22.602,4.26,10.014,48.544,37.853,24.254,19.05,15.927,14.411,11.635,13.747,14.376,29.224,19.221,12.725,11.774,10.76,7.572,18.675,13.816,17.64,22.139,330.916,62.792,13.488,17.217,13.75,14.221,90.91,29.635,73.193,273.045,24.268,4.984,62.321,16.252,1786.32,6.399,43.251,80.417
1970-01-01,11.295,24.474,28.93,21.109,36.224,65.987,9.81,58.829,8.161,69.514,4.868,5.81,14.805,13.205,60.068,20.879,24.192,15.693,24.182,20.074,18.992,13.863,32.709,14.043,13.774,18.273,6.618,64.318,63.842,17.13,70.756,11.687,51.434,33.501,12.351,11.994,13.596,9.019,4.271,7.26,6.836,76.383,13.247,14.618,31.272,11.046,14.566,13.829,14.724,9.181,,38.175,14.687,7.635,10.404,42.988,17.78,16.411,61.681,12.909,13.456,39.898,15.672,32.942,51.581,11.095,7.495,7.698,9.791,19.005,35.157,22.893,4.358,10.256,49.125,38.038,24.366,19.293,16.024,14.549,11.801,13.968,14.587,29.408,19.444,12.772,11.97,10.742,7.718,19.595,14.056,17.829,22.665,329.87,63.263,13.616,17.692,13.937,14.319,90.617,28.92,72.795,274.678,24.547,5.065,61.66,16.751,1782.93,6.498,44.318,80.801
1970-04-01,11.521,24.399,29.21,21.119,36.411,66.395,9.9,59.51,8.301,69.787,4.939,5.877,14.878,13.312,60.483,20.766,24.251,15.831,24.305,20.243,19.155,14.168,31.691,14.367,14.089,18.667,6.687,64.605,63.941,17.37,71.109,11.906,51.95,33.775,12.535,12.146,13.761,9.203,4.332,7.41,6.975,77.045,13.434,14.891,31.546,11.156,14.714,13.969,14.878,9.315,,38.278,14.921,7.772,10.553,43.367,17.945,16.709,62.318,13.172,13.679,40.129,15.907,33.141,52.183,11.248,7.626,7.719,9.924,19.319,35.294,23.118,4.437,10.489,49.679,38.29,24.449,19.511,16.102,14.761,12.04,14.3,14.777,29.592,19.659,12.917,12.216,10.647,7.854,19.707,14.382,18.041,22.457,328.898,63.902,13.761,17.717,14.131,14.394,91.536,28.158,73.862,277.812,24.805,5.161,61.788,16.946,1787.074,6.624,44.909,80.927
1970-07-01,11.724,24.809,29.461,21.191,36.565,66.98,9.953,59.715,8.428,70.301,5.025,5.949,15.056,13.482,60.941,21.012,24.346,15.984,24.306,20.373,19.278,14.331,30.963,14.548,14.271,18.846,6.821,64.73,64.096,17.551,71.766,11.831,52.29,34.01,12.693,12.401,13.947,9.344,4.421,7.512,7.07,77.225,13.603,15.126,31.764,11.37,14.865,14.133,15.034,9.454,,38.279,15.059,7.885,10.664,43.674,18.403,16.98,62.653,13.021,13.93,41.205,16.172,33.628,52.837,11.411,7.766,7.869,10.104,19.569,35.713,23.274,4.521,10.634,50.031,38.504,24.534,19.746,16.318,14.933,12.245,14.548,14.939,29.834,19.851,13.001,12.431,10.659,7.986,20.085,14.564,18.255,22.709,329.172,64.669,13.89,17.934,14.306,14.473,91.057,28.189,74.138,281.205,25.131,5.242,60.865,17.243,1786.213,6.956,45.905,81.884
1970-10-01,11.869,25.501,29.623,21.341,36.598,67.827,10.029,60.408,8.555,71.47,5.114,6.066,15.491,13.805,62.028,22.033,24.601,16.229,24.173,20.465,19.369,14.482,29.731,14.723,14.443,19.023,7.002,65.119,64.49,17.809,72.73,12.06,52.718,34.389,12.875,12.75,14.157,9.472,4.517,7.59,7.138,77.664,13.803,15.447,31.986,11.651,15.051,14.339,15.207,9.64,,38.404,15.275,7.987,10.821,43.64,18.886,17.244,63.328,13.255,14.148,41.771,16.401,34.671,53.249,11.589,8.019,7.927,10.258,20.001,37.054,23.481,4.592,10.779,50.499,38.684,24.615,19.926,16.644,15.171,12.461,14.825,15.084,30.04,20.108,12.972,12.656,11.019,8.197,20.652,14.74,18.5,23.561,333.008,65.229,14.083,18.296,14.517,14.684,90.477,29.198,74.756,286.7,25.365,5.29,60.945,17.572,1789.707,7.157,46.637,83.161
1971-01-01,11.989,25.701,29.842,21.513,36.809,68.451,10.08,61.431,8.707,72.482,5.16,6.238,15.747,14.057,63.171,22.789,24.562,16.43,23.747,20.355,19.225,14.697,30.366,14.97,14.679,19.637,7.109,65.456,64.88,17.959,73.387,12.067,52.843,34.571,13.003,12.951,14.255,9.565,4.566,7.619,7.163,78.106,13.987,15.633,32.376,11.882,15.234,14.531,15.396,9.886,,38.676,15.353,8.041,10.891,43.64,19.164,17.479,63.726,13.226,14.374,41.901,16.64,35.473,53.601,11.836,8.267,8.102,10.791,20.989,37.89,23.52,4.626,10.844,50.997,38.969,24.706,20.108,17.057,15.395,12.669,15.033,15.196,30.317,20.299,13.01,12.871,11.136,8.325,20.91,14.989,18.727,24.065,337.115,65.84,14.244,18.514,14.713,14.887,89.881,30.719,76.081,294.896,25.633,5.322,60.978,17.815,1791.177,7.351,46.939,84.059
1971-04-01,12.074,26.368,30.065,21.661,37.123,69.105,10.182,62.683,8.847,72.998,5.216,6.316,15.894,14.26,63.861,23.572,24.744,16.728,23.61,20.723,19.601,14.863,31.302,15.114,14.817,20.23,7.178,65.773,65.111,18.125,74.127,11.865,53.443,34.9,13.142,13.216,14.416,9.685,4.616,7.691,7.231,78.633,14.173,15.789,32.835,12.062,15.42,14.716,15.586,10.167,,38.95,15.51,8.126,11.007,43.712,19.355,17.626,64.334,12.936,14.709,41.843,16.992,35.65,54.901,12.111,8.72,8.562,11.066,21.75,37.911,23.765,4.674,10.944,51.371,39.218,24.842,20.31,17.406,15.599,12.877,15.269,15.303,30.64,20.53,13.071,13.086,12.464,8.36,21.391,15.131,18.893,24.222,341.895,66.653,14.42,18.691,14.908,15.132,90.836,32.204,76.568,298.554,25.884,5.358,60.597,18.204,1794.748,7.484,47.425,84.937
1971-07-01,12.142,27.187,30.297,21.772,37.434,69.453,10.237,64.712,8.962,72.835,5.289,6.401,16.21,14.521,64.813,24.517,25.06,17.068,23.602,20.893,19.763,15.039,31.368,15.3,14.992,20.515,7.292,66.067,65.359,18.305,74.516,12.088,53.874,35.091,13.305,13.58,14.529,9.797,4.698,7.772,7.306,79.026,14.371,16.002,33.001,12.284,15.588,14.895,15.757,10.446,,39.174,15.628,8.22,11.15,44.466,19.496,17.797,64.43,13.187,14.998,42.451,17.295,35.136,55.364,12.298,9.213,8.903,11.241,21.513,37.076,23.973,4.725,11.062,51.584,39.644,24.949,20.475,17.646,15.854,13.043,15.468,15.355,30.824,20.732,13.103,13.254,13.286,8.479,22.014,15.318,19.059,24.358,344.382,67.074,14.548,19.2,15.117,15.333,90.867,32.88,78.646,302.641,26.193,5.454,60.626,18.6,1801.553,7.627,48.074,85.57
1971-10-01,12.214,27.186,30.376,21.808,37.621,69.68,10.292,64.908,9.089,72.461,5.344,6.352,16.361,14.655,65.287,24.978,25.292,17.316,23.716,21.034,19.897,15.165,33.825,15.42,15.108,21.461,7.271,66.155,65.407,18.44,74.677,12.238,54.385,35.191,13.436,13.659,14.659,9.9,4.757,7.855,7.387,78.889,14.507,16.148,33.075,12.389,15.704,15.009,15.86,10.649,,39.252,15.745,8.308,11.28,45.151,19.6,17.886,64.566,13.389,15.114,42.806,17.415,34.62,55.708,12.405,9.607,8.983,11.295,21.283,36.306,24.126,4.765,11.163,51.996,39.899,24.98,20.587,17.709,16.07,13.179,15.63,15.434,30.963,20.86,13.137,13.376,13.456,8.674,22.083,15.438,19.141,24.314,344.539,67.417,14.661,19.605,15.259,15.486,91.14,32.825,78.765,300.517,26.412,5.515,60.83,18.704,1802.527,7.669,48.955,85.754
1972-01-01,12.294,27.212,30.543,21.86,37.622,70.08,10.414,66.268,9.165,73.086,5.417,6.637,16.524,14.846,65.957,25.409,25.819,17.672,24.248,21.483,20.367,15.28,35.351,15.526,15.211,21.655,7.16,66.351,65.664,18.589,75.108,12.081,54.686,35.548,13.603,13.867,14.794,10.008,4.832,7.968,7.493,79.013,14.666,16.385,33.162,12.537,15.848,15.154,16.014,10.865,,39.502,15.881,8.419,11.468,45.626,19.666,18.074,64.598,13.223,15.268,42.68,17.576,35.138,55.826,12.63,10.065,8.929,11.239,21.671,36.987,24.389,4.813,11.33,52.283,40.298,25.055,20.741,17.86,16.276,13.265,15.715,15.476,31.103,21.08,13.101,13.458,13.451,8.774,22.27,15.543,19.292,24.499,345.589,68.222,14.789,19.668,15.425,15.664,90.025,33.075,80.687,313.707,26.534,5.639,60.481,18.872,1810.596,7.718,49.616,86.557
1972-04-01,12.379,27.11,30.603,21.862,37.929,70.261,10.537,66.731,9.241,73.461,5.458,6.722,16.75,14.991,66.32,25.71,26.034,17.844,24.41,21.553,20.433,15.457,36.051,15.703,15.38,21.631,7.226,66.576,65.898,18.709,75.235,11.994,55.199,35.661,13.712,13.894,14.834,10.082,4.866,8.039,7.561,79.1,14.788,16.577,33.312,12.645,15.961,15.266,16.118,10.985,,39.78,15.998,8.494,11.592,45.733,19.676,18.182,64.8,13.086,15.364,42.538,17.677,35.414,55.704,12.661,10.212,8.914,11.329,22.636,37.144,24.446,4.843,11.412,52.616,40.509,25.109,20.845,17.923,16.459,13.34,15.779,15.556,31.519,21.202,13.093,13.526,13.229,9.072,22.251,15.72,19.374,25.496,346.328,68.283,14.919,19.783,15.553,15.767,88.523,33.132,81.552,317.79,26.607,5.707,60.449,18.937,1811.716,7.748,49.539,86.605
1972-07-01,12.382,27.213,30.704,21.798,38.615,70.307,10.64,67.346,9.292,73.836,5.572,6.799,16.953,15.149,67.237,25.784,26.166,18.015,24.568,21.81,20.698,15.623,37.703,15.864,15.525,21.566,7.34,66.915,66.151,18.86,75.141,12.25,56.398,35.936,13.954,13.935,15.035,10.213,4.962,8.196,7.712,79.062,14.931,16.69,33.477,12.78,16.114,15.414,16.272,11.135,,40.155,16.154,8.655,11.715,46.214,19.751,18.358,65.003,13.38,15.505,42.546,17.824,35.603,55.701,12.758,10.368,9.005,11.512,22.819,37.371,24.662,4.99,11.611,53.073,40.858,25.161,20.933,18.037,16.604,13.4,15.842,15.617,31.637,21.388,13.082,13.585,13.262,9.133,22.324,15.881,19.488,25.676,347.432,68.443,15.03,20.332,15.705,16.012,88.559,33.435,82.391,321.414,26.684,5.727,60.967,19.06,1812.818,7.836,50.214,86.184
1972-10-01,12.523,27.546,30.748,21.864,38.893,71.063,10.741,67.852,9.343,73.599,5.647,6.825,17.117,15.332,68.243,25.66,26.225,18.09,24.718,22.116,21.018,15.802,39.808,16.025,15.684,22.064,7.306,67.353,66.572,19.057,75.961,12.505,57.768,36.186,14.122,14.055,15.129,10.299,5.009,8.27,7.785,79.118,15.067,16.88,33.543,12.939,16.255,15.559,16.393,11.2,,40.452,16.329,8.751,11.843,46.692,19.933,18.471,65.97,13.733,15.668,42.362,17.991,35.077,55.858,12.972,10.399,9.085,11.528,22.976,36.591,24.946,5.107,11.697,53.608,41.169,25.193,20.991,18.228,16.8,13.503,15.965,15.759,31.732,21.562,13.085,13.697,13.503,9.224,22.554,16.041,19.61,26.104,348.411,68.782,15.159,21.089,15.852,16.257,88.978,33.609,82.884,322.647,26.822,5.752,60.842,19.246,1810.091,7.945,50.588,86.913
1973-01-01,12.643,27.698,30.892,21.932,38.983,71.649,10.4,67.876,9.42,73.904,5.578,6.855,17.544,15.627,67.997,24.825,25.805,17.896,24.521,22.952,21.902,15.98,44.733,16.196,15.851,22.001,7.513,67.711,67.099,19.361,76.56,12.681,58.332,36.764,14.189,14.064,15.313,10.404,4.926,8.364,7.878,79.093,15.199,17.249,33.697,13.159,16.474,15.778,16.635,11.131,,40.728,16.563,8.818,11.999,46.243,20.068,18.594,66.646,13.885,15.939,41.9,18.291,35.221,56.133,13.096,10.087,9.118,11.46,23.598,36.718,25.479,5.147,11.794,54.127,41.235,25.495,21.115,18.277,16.897,13.622,16.188,15.927,31.898,21.823,13.08,13.803,13.54,9.422,22.621,16.212,19.74,26.332,349.717,69.047,15.368,20.808,15.984,16.409,89.277,34.018,82.886,324.071,26.975,5.768,60.635,19.471,1807.647,8.004,50.91,87.474
1973-04-01,12.84,28.031,30.997,22.112,39.479,72.68,11.217,68.287,9.508,74.486,5.764,6.947,17.774,15.81,69.901,24.548,26.123,18.145,25.063,24.011,23.05,16.426,47.664,16.598,16.232,22.995,7.907,68.112,67.631,19.768,77.675,13.132,58.835,37.611,14.496,14.107,15.485,10.543,5.038,8.513,8.03,79.177,15.429,17.58,33.874,13.357,16.638,15.948,16.808,11.302,,41.22,16.834,8.989,12.205,47.483,20.346,18.875,67.218,14.33,16.21,41.469,18.601,35.527,56.091,13.218,10.354,9.103,11.475,24.336,37.051,26.247,5.31,11.926,54.866,41.882,25.927,21.354,18.59,17.241,13.728,16.329,16.221,32.164,22.242,13.093,13.9,13.542,9.559,22.79,16.612,20.022,25.967,351.452,69.456,15.544,20.544,16.233,16.667,89.948,34.666,83.457,328.418,27.197,5.864,60.799,19.734,1808.401,8.242,51.917,89.099
1973-07-01,13.02,28.543,31.232,22.281,39.635,73.065,11.258,68.783,9.61,74.853,6.259,7.039,17.92,15.973,72.891,24.369,26.672,18.4,25.858,25.093,24.199,16.937,53.558,17.04,16.648,24.107,8.262,68.602,68.358,20.158,78.029,13.381,59.445,38.326,14.998,14.177,15.596,10.691,5.561,8.664,8.156,79.106,15.685,17.742,34.234,13.487,16.805,16.108,16.981,11.394,,41.665,17.129,9.274,12.376,48.238,20.429,19.064,67.753,14.521,16.422,41.155,18.839,35.597,55.873,13.4,10.417,8.925,11.526,24.22,37.254,26.914,5.811,12.257,55.327,42.375,26.213,21.546,18.741,17.763,13.857,16.446,16.491,32.355,22.647,13.105,14.033,13.559,9.822,23.054,17.051,20.234,26.132,352.916,69.761,15.719,20.441,16.515,16.822,90.602,34.991,84.128,332.741,27.404,5.892,60.955,19.978,1809.286,8.302,52.3,89.345
1973-10-01,13.164,29.307,31.505,22.335,40.168,73.669,11.625,69.72,9.712,75.092,6.173,7.008,18.28,16.348,74.227,24.153,27.467,18.689,27.002,25.913,25.102,17.72,49.873,17.742,17.294,25.988,9.592,69.071,68.957,20.664,78.658,14.73,60.201,39.179,15.259,14.265,15.829,10.881,5.223,8.848,8.318,79.235,15.98,18.042,34.875,13.771,16.991,16.315,17.17,11.431,,41.928,17.479,9.432,12.595,48.648,20.918,19.408,68.256,15.797,16.696,41.193,19.133,35.532,56.409,13.791,10.337,8.716,11.496,24.374,37.115,27.741,6.201,12.591,55.837,42.656,26.425,21.77,19.025,18.125,14.042,16.661,16.873,32.893,23.11,13.14,14.236,13.554,10.07,23.434,17.749,20.529,26.264,354.928,70.341,15.895,20.57,16.825,17.37,90.706,35.563,85.422,331.277,27.638,5.928,60.884,20.297,1811.552,8.379,53.543,90.13
1974-01-01,13.35,29.642,31.927,22.475,42.071,74.994,12.505,71.462,9.864,75.924,6.392,7.043,19.69,17.346,77.371,24.159,28.786,19.144,28.757,27.144,26.431,18.103,50.235,18.122,17.654,27.674,12.112,70.355,70.457,21.273,80.116,17.502,61.956,40.723,15.742,14.517,16.037,11.115,5.363,9.061,8.535,79.776,16.297,18.225,36.054,14.48,17.108,16.551,17.291,11.464,,42.611,17.792,9.696,12.823,51.076,21.649,19.668,69.763,18.52,17.018,41.736,19.486,35.57,56.793,14.149,10.285,8.501,11.398,23.722,37.248,29.172,6.41,12.774,56.716,43.666,26.766,22.159,19.364,18.653,14.298,16.971,17.272,33.75,23.798,13.222,14.508,14.374,10.245,23.773,18.129,20.818,26.309,358.953,70.918,15.976,20.982,17.171,18.003,91.337,36.811,87.154,332.954,27.954,5.948,61.954,20.643,1817.058,8.458,54.363,91.542
1974-04-01,13.613,30.538,32.478,22.767,47.68,77.229,12.892,72.602,10.093,77.846,6.739,7.146,20.899,18.258,81.546,24.139,29.834,19.522,30.137,27.782,27.129,18.634,42.374,18.62,18.129,28.556,12.989,72.414,72.635,21.84,82.708,19.092,64.843,42.077,16.35,14.774,16.166,11.431,5.69,9.302,8.733,81.171,16.666,18.969,37.917,15.174,17.215,16.773,17.393,11.513,,43.327,18.258,10.016,13.045,52.966,23.102,20.178,72.075,20.28,17.533,43.537,20.044,36.607,57.614,14.618,10.16,8.323,11.473,24.518,38.161,30.238,6.746,13.324,57.79,44.654,27.201,22.959,19.853,19.27,14.737,17.546,17.743,35.048,24.472,13.336,14.979,16.095,10.503,24.347,18.626,21.285,25.913,363.778,72.154,16.072,21.276,17.577,18.927,93.548,37.927,87.365,337.761,28.493,6.036,63.679,21.2,1829.947,8.681,55.714,94.027
1974-07-01,13.998,30.997,33.499,23.134,54.375,79.632,13.24,72.747,10.448,80.812,6.906,7.236,21.584,18.937,82.893,24.637,30.93,19.926,31.378,28.373,27.673,19.189,42.166,19.207,18.696,28.937,13.797,75.182,75.172,22.45,85.465,19.346,68.955,43.384,16.761,15.098,16.402,11.821,5.865,9.576,8.986,84.141,17.055,19.967,41.104,15.685,17.402,17.025,17.583,11.571,,43.995,18.71,10.3,13.298,55.001,24.792,20.621,74.091,20.349,18.271,45.359,20.829,38.528,59.412,15.307,10.058,7.902,11.546,27.252,39.835,31.089,6.822,13.741,59.03,45.67,27.636,24.066,20.424,19.713,15.331,18.254,18.308,36.626,25.132,13.605,15.611,16.092,10.74,24.794,19.215,21.748,26.961,371.085,73.959,16.25,21.43,17.984,19.684,93.578,39.565,87.568,342.113,29.119,6.241,65.164,21.863,1849.944,8.823,57.235,96.954
1974-10-01,14.272,31.814,34.426,23.495,57.519,80.8,13.74,73.049,10.704,83.339,6.856,7.431,22.212,19.548,84.46,25.515,31.906,20.32,32.322,29.567,28.915,19.706,40.734,19.717,19.182,29.934,13.979,77.833,77.46,23.14,86.715,19.052,71.762,44.652,17.156,15.362,16.758,12.189,5.619,9.89,9.293,87.725,17.432,20.334,44.835,16.149,17.69,17.348,17.877,11.659,,45.144,19.139,10.559,13.607,57.59,25.581,21.151,75.294,19.92,19.03,46.281,21.655,39.908,60.949,15.931,10.053,7.632,11.505,29.116,41.157,31.971,7.1,14.105,59.904,47.093,28.277,25.042,20.877,19.963,15.776,18.805,18.823,38.148,25.771,13.884,16.083,16.085,10.894,25.342,19.725,22.257,27.672,377.628,75.555,16.539,21.495,18.379,20.113,95.145,40.677,87.994,351.267,29.76,6.39,67.653,22.588,1869.883,8.966,58.691,98.001
1975-01-01,14.494,32.225,35.114,23.938,58.697,81.119,13.874,73.327,11.008,84.645,6.945,7.492,23.426,20.575,86.878,26.903,32.8,20.654,32.992,29.99,29.32,20.181,38.876,20.18,19.621,30.567,13.688,79.604,78.457,23.633,86.947,19.109,75.606,45.308,17.559,15.834,17.151,12.489,5.651,10.108,9.493,90.339,17.824,20.575,46.847,16.947,18.066,17.807,18.272,11.695,,45.913,19.489,10.789,13.829,58.084,26.31,21.631,75.703,20.08,19.668,47.218,22.348,40.31,61.856,16.742,9.941,7.917,11.452,29.418,41.43,32.426,7.298,14.452,60.48,47.809,28.787,25.798,21.444,20.231,16.216,19.348,19.165,39.429,26.256,14.211,16.525,16.1,11.096,25.889,20.187,22.741,28.167,383.512,76.882,16.893,21.474,18.796,20.513,96.918,41.98,88.378,354.146,30.412,6.519,68.951,23.227,1881.995,9.268,60.438,97.909
1975-04-01,14.685,33.36,35.291,24.137,60.63,81.352,14.069,74.343,11.275,86.167,7.136,7.603,23.509,20.995,87.746,27.992,33.308,21.021,33.265,29.813,29.066,20.472,44.458,20.466,19.898,31.249,13.981,80.946,79.567,23.921,87.211,19.465,77.801,45.655,17.87,15.998,17.266,12.762,5.859,10.309,9.692,91.77,18.123,20.645,47.821,17.301,18.325,18.085,18.547,11.926,,46.595,19.723,11.009,13.958,58.294,26.462,21.84,75.736,20.444,20.09,47.834,22.808,41.051,62.912,17.72,10.267,7.993,11.692,29.217,42.512,32.543,7.421,14.67,60.606,48.413,29.13,26.174,21.614,20.541,16.612,19.86,19.373,40.292,26.578,14.454,16.92,16.119,11.282,26.487,20.473,22.958,32.419,392.096,77.681,17.149,21.307,19.107,20.571,98.664,42.64,89.757,359.451,30.986,6.575,70.266,23.728,1891.304,9.487,61.168,98.153
1975-07-01,14.898,33.888,35.415,24.237,60.507,81.939,14.365,75.169,11.479,87.112,7.655,7.696,23.827,21.45,90.618,28.818,33.546,21.192,33.29,30.541,29.851,20.786,47.723,20.765,20.188,32.007,14.623,81.733,80.107,24.403,87.903,20.645,78.909,46.522,18.463,16.578,17.516,13.085,6.522,10.596,9.986,92.989,18.45,20.98,48.405,17.661,18.59,18.369,18.823,12.031,,47.338,20.018,11.376,14.238,58.702,26.665,22.126,75.903,21.748,20.42,48.465,23.182,41.652,63.32,18.4,10.051,8.405,11.965,30.571,42.842,33.268,7.623,14.9,60.839,49.048,29.599,26.382,21.751,21.073,16.979,20.35,19.619,40.715,27.076,14.679,17.305,16.173,11.424,27.166,20.772,23.215,32.68,394.361,78.143,17.406,21.28,19.46,21.137,100.037,42.783,90.844,363.823,31.432,6.603,71.084,24.195,1898.668,9.641,62.074,99.327
1975-10-01,15.216,34.451,35.578,24.48,60.293,82.267,14.713,76.315,11.631,88.451,7.515,7.931,24.626,22.214,90.997,29.437,33.567,21.604,33.127,31.008,30.351,21.231,48.713,21.176,20.59,32.762,15.084,82.907,80.992,24.857,88.176,21.039,80.783,47.153,18.752,17.094,17.8,13.457,6.177,10.897,10.291,94.53,18.823,21.563,49.01,18.272,18.926,18.759,19.168,12.533,,47.799,20.368,11.599,14.54,58.979,27.032,22.466,76.34,22.106,20.804,49.425,23.608,42.484,64.229,19.104,10.452,8.568,12.966,31.208,43.685,33.696,7.813,15.18,61.332,49.58,30.064,26.694,22.017,21.317,17.461,20.974,19.911,41.223,27.53,14.882,17.876,16.143,11.667,27.807,21.181,23.543,33.852,398.863,79.051,17.728,21.447,19.844,21.384,101.013,43.518,92.412,374.898,31.944,6.652,72.128,24.684,1907.327,9.924,63.417,99.503
1976-01-01,15.49,35.065,35.823,24.632,61.09,82.971,14.771,78.241,11.796,89.646,7.566,8.032,24.9,22.672,93.375,29.86,33.258,21.748,32.591,30.819,30.119,21.563,46.997,21.495,20.904,31.963,15.124,83.9,81.794,25.146,88.948,20.851,82.185,47.384,19.131,17.392,18.104,13.768,6.198,11.113,10.494,95.772,19.129,22.391,50.07,18.686,19.229,19.084,19.477,12.852,,47.973,20.898,11.809,14.821,60.449,27.417,22.843,77.478,21.853,21.225,50.438,24.054,43.282,64.587,19.821,10.229,8.992,14.198,31.689,44.509,33.739,7.931,15.479,61.804,50.171,30.374,27.127,22.346,21.605,17.94,21.631,20.251,41.997,27.833,15.071,18.429,19.96,11.805,28.296,21.499,23.849,34.307,401.576,79.721,18.016,21.638,20.173,21.797,101.627,44.005,92.544,379.71,32.444,6.78,73.128,25.139,1914.509,10.254,64.8,99.978
1976-04-01,15.745,35.986,35.991,24.723,62.496,83.676,14.827,78.701,11.987,90.641,7.737,8.148,25.237,23.128,93.026,30.24,33.148,21.591,32.316,30.601,29.856,21.903,46.481,21.831,21.233,32.173,15.066,84.533,82.14,25.376,89.574,20.65,83.101,47.541,19.383,17.594,18.395,14.053,6.401,11.319,10.701,97.234,19.388,22.981,51.226,19.076,19.481,19.363,19.736,12.702,,48.137,21.172,12.033,15.051,61.24,27.646,23.14,78.049,21.614,21.537,50.882,24.384,43.97,64.499,20.466,9.48,9.473,14.31,33.658,44.861,33.737,8.062,15.675,62.745,50.589,30.584,27.47,22.639,21.92,18.363,22.169,20.622,42.399,28.066,15.313,18.902,20.128,12.013,28.846,21.835,24.083,35.625,404.898,80.147,18.256,21.764,20.435,21.848,102.435,44.535,93.05,385.186,32.893,6.86,73.054,25.536,1918.361,10.51,66.057,100.573
1976-07-01,16.089,36.881,36.239,24.862,63.424,84.864,15.283,79.649,12.165,91.738,8.075,8.23,25.384,23.536,93.109,30.547,33.129,22.083,32.192,30.951,30.228,22.266,44.903,22.188,21.589,32.402,15.375,85.072,82.629,25.787,90.815,21.018,83.691,48.127,19.729,17.774,18.65,14.342,6.773,11.552,10.929,98.148,19.743,23.343,51.684,19.437,19.817,19.703,20.08,13.325,,48.706,21.542,12.316,15.397,63.044,27.855,23.508,79.222,21.986,21.895,51.858,24.772,44.813,64.821,21.324,10.875,10.117,14.116,35.618,45.342,34.156,8.26,15.946,63.735,51.414,30.906,27.735,22.964,22.321,18.741,22.629,20.979,42.953,28.492,15.533,19.33,20.662,12.17,29.37,22.192,24.394,36.393,406.375,80.855,18.577,21.965,20.798,22.102,102.215,44.944,93.998,389.019,33.294,6.872,72.871,25.963,1918.122,10.782,67.069,101.881
1976-10-01,16.51,37.238,36.372,25.109,66.03,85.644,15.64,80.15,12.394,93.29,8.008,8.39,26.102,24.38,95.206,30.638,33.213,22.392,32.271,31.237,30.534,22.532,44.825,22.466,21.883,32.55,15.977,85.676,83.227,26.162,91.672,21.58,84.003,48.811,20.049,18.099,19.045,14.623,6.505,11.759,11.114,98.992,20.081,23.912,52.689,20.104,20.216,20.156,20.493,13.674,,48.987,21.892,12.49,15.73,65.115,28.259,23.835,79.661,22.51,22.236,53.45,25.153,46.084,64.615,22.422,11.803,10.276,13.557,37.532,46.367,34.599,8.543,16.311,64.252,52.169,31.322,28.15,23.278,22.514,19.15,23.152,21.357,43.599,28.942,15.728,19.765,20.684,12.276,29.768,22.471,24.708,36.988,410.0,81.324,18.948,22.226,21.157,22.711,103.281,45.942,94.653,396.554,33.755,6.96,73.409,26.345,1918.869,11.062,68.083,102.883
1977-01-01,16.63,37.671,36.351,25.171,67.365,86.891,15.851,79.745,12.623,94.247,8.154,8.47,26.627,25.235,98.397,30.879,33.311,22.579,32.317,31.802,31.174,22.929,44.237,22.854,22.244,33.823,16.839,86.735,84.401,26.641,92.988,22.169,85.025,49.583,20.547,18.388,19.526,14.924,6.605,12.011,11.377,99.8,20.475,24.44,54.141,20.777,20.717,20.691,21.009,13.869,,48.768,22.226,12.766,16.112,67.578,28.731,24.18,81.207,22.982,22.72,54.565,25.683,46.513,64.47,23.909,11.742,10.376,13.873,37.914,46.688,35.232,8.77,16.482,65.251,52.746,31.752,28.608,23.572,22.883,19.525,23.658,21.655,44.081,29.465,15.95,20.145,20.671,12.575,30.173,22.859,24.994,37.41,413.569,81.615,19.414,22.528,21.582,23.319,104.265,46.57,94.127,400.444,34.294,7.085,74.37,26.828,1928.777,11.329,69.587,103.957
1977-04-01,17.045,38.338,36.393,25.274,68.382,87.151,15.981,80.01,12.827,94.727,8.314,8.603,26.742,25.595,98.18,30.777,33.751,23.293,32.914,32.708,32.186,23.564,45.086,23.424,22.798,34.231,17.185,87.371,84.994,27.103,93.197,22.495,86.403,50.284,20.854,18.787,19.902,15.274,6.852,12.282,11.646,100.244,20.894,24.736,55.226,21.092,21.155,21.103,21.458,14.586,,48.849,22.676,13.026,16.501,67.62,29.131,24.494,81.973,23.292,23.151,53.999,26.162,46.693,65.327,24.792,12.96,10.784,14.346,37.948,47.065,35.878,8.715,16.761,65.661,52.962,32.241,29.007,23.858,23.128,20.006,24.302,21.958,44.794,29.969,16.243,20.686,20.681,12.779,30.76,23.425,25.271,38.85,415.599,82.131,19.832,22.814,22.009,23.335,104.481,47.103,94.476,406.671,34.773,7.129,74.589,27.337,1921.282,11.564,70.714,103.606
1977-07-01,17.364,38.62,36.791,25.38,69.836,88.504,16.368,80.203,13.132,95.711,8.521,8.678,27.305,26.171,101.293,31.235,34.567,24.171,33.805,33.036,32.499,24.01,46.522,23.839,23.204,34.078,17.546,88.376,86.012,27.474,94.755,22.465,87.427,50.807,21.249,19.251,20.199,15.534,7.155,12.455,11.814,101.48,21.287,24.982,55.821,21.592,21.566,21.531,21.872,15.339,,49.412,23.028,13.221,16.83,68.412,29.673,24.81,82.71,23.147,23.558,55.903,26.599,47.153,65.741,25.455,14.045,11.106,15.282,36.743,47.654,36.251,8.599,16.971,66.326,53.61,32.543,29.416,24.208,23.355,20.425,24.765,22.301,45.478,30.42,16.526,21.113,20.68,12.929,31.22,23.839,25.543,39.628,419.202,82.922,20.233,23.148,22.431,23.524,105.24,48.097,94.73,410.241,35.372,7.194,74.926,27.776,1921.37,11.913,71.968,105.845
1977-10-01,17.956,39.254,37.14,25.536,71.922,88.999,16.629,80.544,13.348,96.992,8.441,9.009,27.729,26.602,102.506,31.284,35.508,24.781,34.981,33.342,32.793,24.333,48.146,24.169,23.563,34.759,18.067,89.207,86.858,27.873,95.304,22.975,88.099,51.429,21.493,19.371,20.568,15.786,6.971,12.634,11.979,102.802,21.63,25.127,56.414,22.03,21.941,21.918,22.252,15.691,,49.541,23.439,13.371,17.166,68.653,29.927,25.202,82.983,23.635,23.982,56.093,27.033,48.2,66.004,25.926,13.931,11.266,16.449,36.408,49.218,36.675,8.668,17.252,66.631,53.987,32.635,29.854,24.481,23.535,20.807,25.184,22.758,46.191,30.852,16.814,21.536,20.696,13.076,31.595,24.17,25.867,40.128,420.989,83.807,20.587,23.534,22.79,23.996,105.328,48.901,95.165,425.907,35.962,7.39,74.719,28.186,1916.464,12.418,73.372,106.48
1978-01-01,18.491,40.068,37.745,25.815,70.247,88.509,16.926,80.676,13.539,98.382,8.536,9.201,28.078,26.918,103.859,33.015,37.457,25.748,36.897,34.204,33.67,24.771,52.548,24.583,23.99,34.707,18.063,89.96,87.646,28.285,94.597,23.068,89.106,52.13,21.939,19.649,20.908,16.152,7.054,12.983,12.301,103.589,22.041,25.649,57.048,22.361,22.265,22.243,22.58,16.055,,50.332,24.005,13.681,17.52,69.682,30.12,25.67,82.993,23.757,24.479,56.405,27.565,49.138,67.032,26.182,14.55,11.326,16.442,37.158,50.312,37.164,8.714,17.792,66.853,54.82,33.026,30.197,24.804,23.804,21.165,25.661,23.34,46.573,31.358,17.132,21.918,20.709,13.302,32.162,24.582,26.269,41.7,425.761,84.771,20.889,23.929,23.219,24.414,105.888,49.544,95.321,435.228,36.378,7.441,74.741,28.723,1930.304,12.825,74.726,105.278
1978-04-01,19.02,39.974,38.331,26.156,71.858,89.726,17.272,81.296,13.741,99.882,8.75,9.368,28.895,27.727,105.287,35.514,39.12,26.614,38.205,35.72,35.286,25.403,57.923,25.228,24.624,35.359,18.201,91.677,88.91,28.888,95.948,23.035,92.872,53.234,22.338,19.791,21.302,16.445,7.228,13.234,12.534,105.342,22.486,26.309,58.016,22.985,22.599,22.635,22.926,16.418,,50.981,24.533,13.948,17.935,70.639,30.372,26.13,83.438,23.67,24.924,57.15,28.035,49.801,68.071,27.008,15.382,11.071,16.085,38.961,50.663,38.056,8.969,18.168,67.609,55.59,33.305,30.491,25.181,24.23,21.517,26.102,23.814,46.782,32.002,17.421,22.292,21.674,13.559,32.216,25.228,26.717,42.336,431.82,85.379,21.18,24.302,23.682,24.83,107.53,50.915,95.61,443.036,36.983,7.466,75.948,29.058,1941.591,13.028,75.961,107.356
1978-07-01,19.67,40.128,38.888,26.579,72.762,89.799,17.591,82.305,13.995,101.5,8.898,9.524,28.959,27.937,108.389,37.461,40.522,26.867,39.348,36.469,36.051,26.116,60.672,25.921,25.314,36.067,18.283,93.024,90.251,29.405,95.848,23.507,94.325,54.105,22.898,20.11,21.677,16.828,7.365,13.58,12.872,107.099,22.897,27.061,59.026,23.204,22.955,22.963,23.288,16.123,,52.212,25.134,14.279,18.256,72.423,30.659,26.535,83.835,24.24,25.497,58.204,28.662,50.857,68.266,27.504,15.619,10.974,13.914,41.122,51.443,38.681,9.079,18.571,68.235,56.795,33.871,31.063,25.511,24.704,21.931,26.463,24.363,47.758,32.564,17.68,22.767,23.568,13.875,32.503,25.921,27.141,43.112,433.704,86.09,21.515,24.63,24.123,25.4,107.747,50.804,95.928,450.334,37.38,7.728,76.223,29.571,1954.902,13.297,77.658,106.752
1978-10-01,20.355,39.854,39.596,27.065,73.215,90.156,17.953,82.289,14.288,103.276,9.006,9.537,29.262,28.466,109.114,36.542,41.088,27.502,40.364,37.019,36.565,26.723,65.022,26.504,25.908,36.56,19.084,94.823,92.117,29.969,95.922,24.641,95.703,55.035,23.369,20.308,22.123,17.285,7.455,13.968,13.252,108.946,23.373,27.674,60.192,23.646,23.416,23.42,23.754,16.676,,53.487,25.639,14.635,18.562,74.042,30.951,27.006,83.788,25.432,26.118,59.065,29.395,51.833,69.609,28.511,15.343,11.122,16.275,41.465,52.592,39.343,9.138,19.009,69.492,57.942,35.079,31.491,25.919,25.036,22.483,27.229,24.918,48.411,33.179,17.995,23.345,23.586,14.159,32.503,26.502,27.629,43.852,437.969,87.639,21.964,25.007,24.615,25.831,108.951,51.126,95.898,450.922,37.831,7.748,78.162,30.064,1973.7,13.558,78.979,106.889
1979-01-01,20.964,39.494,40.482,27.319,71.608,90.343,18.406,81.801,14.668,104.953,9.21,9.708,29.701,29.178,111.72,36.851,41.62,26.445,40.942,38.416,38.007,27.436,71.96,27.198,26.595,37.371,20.012,96.305,93.317,30.641,95.833,25.816,98.316,56.365,23.997,20.492,22.459,17.74,7.606,14.386,13.651,110.689,23.698,28.32,61.37,24.164,23.783,23.816,24.133,15.128,,54.094,26.102,15.042,18.831,74.894,31.655,27.407,84.099,26.638,26.717,60.709,30.075,52.856,70.64,29.826,15.326,11.276,8.227,41.389,53.756,40.441,9.369,19.56,70.559,58.639,35.916,32.094,26.252,25.455,22.961,27.555,25.617,49.322,33.804,18.294,23.87,23.597,14.461,32.447,27.196,28.028,44.887,443.33,89.123,22.302,25.255,24.964,26.497,109.875,52.207,95.255,458.983,38.306,7.901,79.015,30.502,1986.617,13.619,79.18,106.64
1979-04-01,21.582,40.664,41.245,27.71,73.504,91.219,18.978,81.745,14.898,106.8,9.465,9.915,30.519,29.905,114.564,37.273,42.37,28.478,41.762,39.214,38.812,28.286,72.049,27.98,27.361,39.256,23.083,97.514,94.525,31.457,96.519,29.525,99.926,57.988,24.486,20.963,22.834,18.039,7.809,14.622,13.883,111.474,24.315,28.899,62.185,24.697,24.204,24.259,24.563,17.345,,55.104,26.818,15.324,19.216,76.265,32.087,27.958,84.483,30.406,27.397,62.033,30.845,54.049,71.048,30.432,14.799,11.418,19.271,42.339,54.975,41.813,9.62,19.827,72.032,59.686,36.883,32.503,26.788,25.958,23.361,27.919,26.261,50.083,34.728,18.578,24.333,23.614,14.757,33.311,27.974,28.578,45.641,449.974,90.335,22.705,25.508,25.614,27.084,111.728,53.971,95.175,468.82,38.849,7.966,80.516,31.294,1992.6,13.704,80.529,107.427
1979-07-01,22.233,42.925,41.908,28.085,73.597,91.417,19.603,81.833,15.152,108.026,9.701,10.122,31.48,31.166,119.631,38.714,43.427,28.882,42.628,39.577,39.151,28.963,68.572,28.6,27.986,40.502,27.857,98.492,95.659,32.285,96.35,34.378,101.43,59.493,25.202,21.692,23.377,18.459,7.972,14.97,14.204,111.998,24.88,29.512,62.926,25.626,24.794,24.915,25.166,17.404,,56.774,27.526,15.702,19.596,78.585,32.454,28.254,85.028,35.129,28.042,63.764,31.572,54.574,71.982,32.324,13.049,12.295,21.665,41.057,55.704,43.168,9.885,20.369,73.423,61.311,37.767,33.025,27.149,26.493,23.889,28.383,27.118,50.701,35.59,18.886,24.974,23.633,15.104,34.861,28.592,28.981,46.441,453.906,92.211,23.267,25.891,26.225,27.946,112.958,54.69,95.283,478.606,39.558,8.091,80.673,32.276,1999.335,13.872,81.48,106.653
1979-10-01,23.21,48.777,43.029,28.251,75.211,92.218,20.243,82.183,15.505,109.973,9.896,10.274,32.342,32.357,122.475,38.522,44.073,28.906,43.55,40.289,39.805,29.667,70.078,29.25,28.671,41.755,30.56,100.22,97.465,33.082,97.015,37.237,102.976,60.944,25.94,22.662,24.016,18.976,8.041,15.464,14.699,113.964,25.479,30.086,64.258,26.489,25.497,25.648,25.887,17.168,,59.9,28.438,16.188,19.953,83.093,33.371,28.504,85.832,37.953,28.621,66.826,32.204,55.353,73.121,34.197,13.518,12.521,19.221,40.116,56.413,44.337,10.225,20.85,74.655,64.082,38.358,33.678,27.35,26.965,24.388,28.786,27.754,51.641,36.451,19.253,25.528,23.652,15.422,38.292,29.24,29.285,47.661,459.018,93.69,23.925,26.362,26.857,28.787,114.551,55.251,95.734,485.736,40.234,8.188,81.666,33.785,2014.17,13.993,81.594,107.086
1980-01-01,24.054,53.372,43.704,28.724,75.682,93.427,21.118,82.283,16.178,113.197,10.189,10.465,33.628,33.68,124.965,41.749,45.866,29.205,44.678,40.914,40.431,30.384,68.446,29.948,29.385,43.506,33.336,102.892,100.419,34.113,98.114,42.517,107.226,63.127,26.799,23.37,24.479,19.652,8.244,16.041,15.279,115.147,26.121,30.724,65.906,27.501,25.916,26.183,26.317,16.789,,65.348,29.462,16.789,20.486,90.697,34.301,28.959,86.907,43.722,29.382,69.134,33.052,56.763,74.614,35.615,13.669,12.815,16.197,40.449,57.895,46.043,10.528,21.401,76.2,68.708,39.355,34.593,27.861,27.711,25.2,29.91,28.523,52.764,37.545,19.709,26.245,23.675,16.247,40.942,29.937,29.837,48.706,466.658,96.546,24.33,26.505,27.529,29.933,116.13,57.343,95.854,494.783,41.097,8.449,83.341,35.186,2026.533,14.31,82.829,108.254
1980-04-01,24.716,55.932,44.786,29.761,79.022,94.224,21.801,80.639,16.742,115.869,10.458,10.688,35.41,35.382,129.422,43.772,47.183,29.831,45.66,41.766,41.277,31.038,62.964,30.585,30.026,44.216,35.784,105.273,103.102,34.92,98.853,44.568,109.9,64.658,27.557,24.212,24.973,20.197,8.447,16.438,15.657,116.812,26.757,31.462,67.807,28.765,26.427,26.842,26.85,17.012,,70.657,30.22,17.225,20.832,98.079,35.353,29.752,87.856,45.637,30.239,69.888,34.031,57.647,76.8,37.204,13.915,13.299,16.066,40.425,59.089,47.168,10.803,21.923,77.171,73.232,40.71,35.496,28.643,28.169,26.007,30.997,29.514,53.949,38.464,20.194,27.024,23.69,16.814,42.712,30.573,30.706,49.791,473.473,99.7,24.797,26.73,28.209,30.78,118.366,58.838,93.68,505.276,42.167,8.578,84.98,36.4,2036.98,14.588,86.306,108.527
1980-07-01,25.168,59.771,45.712,30.242,80.882,94.909,22.455,84.259,17.036,117.981,10.777,10.964,36.797,36.82,127.78,46.807,48.558,30.663,46.339,43.319,42.892,31.666,69.8,31.187,30.613,45.087,36.448,107.308,105.162,35.737,99.349,44.469,112.086,65.977,28.154,25.582,25.583,20.79,8.719,17.004,16.229,118.558,27.485,31.996,69.423,29.864,27.087,27.588,27.521,17.462,,72.515,30.909,17.788,21.169,100.715,35.887,30.347,88.649,45.373,30.882,70.758,34.795,58.634,78.269,38.794,14.198,13.372,17.056,40.826,60.286,48.167,11.101,22.452,78.473,75.175,42.033,36.292,29.221,28.953,26.583,31.905,30.083,55.435,39.364,20.637,27.599,23.706,17.184,45.452,31.174,31.306,51.21,480.027,102.025,25.441,27.074,28.941,31.452,120.507,59.769,98.438,518.351,43.353,8.714,87.214,37.765,2052.691,14.93,87.444,108.634
1980-10-01,25.681,63.79,46.364,30.585,82.403,96.032,23.073,85.39,17.39,120.003,11.107,11.251,37.705,37.693,129.783,46.907,48.958,32.226,46.855,44.74,44.417,32.43,71.308,31.898,31.304,46.013,36.975,108.949,106.53,36.55,100.461,44.981,115.314,67.321,29.009,26.165,26.269,21.437,9.011,17.633,16.878,119.962,28.277,32.498,71.066,30.537,27.876,28.353,28.329,19.186,,73.768,31.609,18.411,21.494,102.402,36.492,30.662,90.126,45.869,31.659,71.79,35.655,59.858,79.34,39.62,14.702,13.75,23.227,44.153,60.865,49.209,11.401,22.931,79.612,76.452,42.921,36.911,29.607,29.564,27.189,32.532,30.663,56.321,40.338,21.099,28.276,23.721,17.552,47.773,31.882,31.71,53.122,486.442,103.909,26.196,27.466,29.762,32.432,123.109,60.558,99.915,531.949,43.893,8.851,88.407,39.056,2062.637,15.159,88.998,109.409
1981-01-01,26.445,68.389,47.329,31.165,84.197,96.723,23.721,87.285,17.734,121.527,11.402,11.609,39.099,39.03,131.894,49.627,50.216,33.139,47.416,45.325,44.967,33.294,67.596,32.765,32.162,46.823,42.152,111.087,108.816,37.555,101.159,49.638,118.541,68.985,29.853,27.018,26.757,22.099,9.25,18.27,17.501,121.349,29.049,33.226,72.201,31.589,28.51,29.068,28.982,19.784,,73.674,32.393,19.02,21.891,102.127,37.478,31.256,91.072,50.342,32.381,72.632,36.515,60.519,80.815,40.914,15.294,14.011,24.281,46.42,60.981,50.663,11.694,23.665,80.267,76.858,44.358,37.703,30.18,30.307,27.826,33.041,31.472,57.616,41.384,21.698,29.044,24.247,18.09,50.561,32.75,32.364,54.523,491.486,106.429,26.791,27.824,30.564,33.317,124.239,61.473,102.123,548.904,44.712,9.051,89.49,40.474,2072.635,15.589,90.396,109.794
1981-04-01,27.233,68.671,47.862,31.4,86.099,97.561,24.162,89.715,18.115,123.818,11.67,11.885,40.413,40.418,136.679,50.022,50.534,33.057,47.68,45.437,45.022,33.906,67.753,33.385,32.8,47.199,44.591,113.103,110.368,38.247,101.935,50.187,122.398,69.843,30.549,27.976,27.35,22.573,9.485,18.616,17.824,123.367,29.626,34.173,73.451,32.709,29.16,29.807,29.653,19.561,,73.356,33.282,19.388,22.161,101.657,38.765,31.376,92.046,50.533,32.957,73.522,37.133,62.241,82.05,42.562,15.845,14.39,22.051,48.415,62.828,51.165,11.96,24.173,81.298,77.1,44.794,38.581,30.413,31.099,28.525,33.847,32.241,59.388,42.078,22.352,29.816,28.351,18.879,51.355,33.37,32.611,55.426,497.039,108.214,27.416,27.918,31.187,33.801,125.583,62.906,103.209,561.91,45.666,9.243,91.247,41.136,2083.318,16.131,90.824,110.297
1981-07-01,28.117,69.189,48.559,31.614,87.582,98.335,24.611,93.112,18.864,125.649,12.033,12.283,42.317,42.0,135.104,53.27,51.84,32.738,48.083,46.036,45.605,34.444,69.089,33.921,33.375,47.595,44.241,115.037,112.448,39.003,102.707,49.469,123.378,70.53,31.246,30.218,27.903,23.324,9.783,19.268,18.5,125.989,30.309,34.806,74.763,34.053,29.907,30.667,30.425,18.646,,73.335,34.328,20.035,22.505,101.516,39.144,31.67,93.17,49.755,33.607,74.46,37.848,63.592,83.407,43.582,16.782,14.449,15.538,51.172,63.846,51.568,12.419,24.64,82.065,77.533,45.468,39.201,30.676,31.919,29.403,34.833,33.003,60.213,42.772,23.019,30.652,28.367,19.476,53.107,33.907,32.954,56.144,499.081,109.764,28.136,27.983,31.872,34.368,126.827,62.996,107.646,580.896,46.338,9.387,92.417,42.142,2084.44,16.99,90.756,110.728
1981-10-01,28.792,67.865,48.811,32.104,87.859,98.473,24.948,97.037,19.105,127.285,12.412,12.887,43.248,43.134,133.667,51.239,51.24,32.653,48.063,46.105,45.66,34.905,65.891,34.347,33.828,47.948,43.41,116.562,114.053,39.652,102.619,49.824,124.708,71.122,32.05,31.177,28.53,24.105,10.168,20.045,19.332,127.05,30.976,35.632,76.109,34.96,30.656,31.445,31.2,18.778,,73.386,34.679,20.777,22.835,101.621,39.501,32.202,93.961,50.32,34.328,75.23,38.632,64.566,84.513,45.276,17.704,15.638,13.554,53.011,64.615,51.908,12.745,25.0,82.973,78.228,46.139,39.954,31.278,32.815,30.103,35.393,33.605,61.151,43.427,23.529,31.567,30.165,19.942,53.113,34.331,33.503,57.964,504.488,111.307,28.859,27.972,32.539,34.862,128.755,64.01,111.879,609.19,47.17,9.63,94.701,42.705,2088.032,17.405,91.867,109.952
1982-01-01,29.619,66.416,49.52,32.466,87.182,98.68,25.111,98.709,19.423,128.355,12.752,13.232,44.686,44.782,130.542,52.611,50.565,33.439,46.612,46.572,46.093,35.268,66.374,34.726,34.254,47.802,42.788,118.258,115.359,40.121,102.862,48.676,126.302,71.526,32.615,31.534,29.106,24.755,10.518,20.73,20.039,129.494,31.586,36.141,77.526,36.221,31.205,32.13,31.8,20.018,,72.857,35.391,21.407,23.12,101.007,40.234,32.724,94.314,49.093,34.876,75.817,39.268,64.982,85.487,47.557,18.988,15.945,16.725,54.084,64.794,52.15,13.064,25.512,83.057,78.325,47.036,40.684,31.746,33.308,30.605,35.846,34.131,62.454,43.979,24.051,32.131,31.076,20.3,52.627,34.711,33.973,60.86,508.264,112.563,29.351,27.381,33.134,35.105,128.692,64.772,113.613,625.471,47.945,9.822,97.156,43.015,2085.689,17.802,92.736,110.221
1982-04-01,30.404,67.188,49.934,32.87,89.26,99.368,25.241,100.846,19.792,129.354,13.057,13.578,45.162,45.945,127.897,55.432,51.461,34.176,46.708,46.996,46.505,35.665,70.772,35.121,34.69,46.026,42.401,119.901,116.822,40.528,103.643,46.029,128.145,71.678,32.956,31.821,29.578,25.243,10.825,21.162,20.473,131.706,32.114,36.576,78.408,37.188,31.637,32.664,32.236,20.54,,71.265,36.162,21.832,23.422,98.774,41.183,33.08,95.239,46.09,35.534,76.421,40.089,65.647,86.59,50.244,19.833,16.022,17.177,55.12,65.375,52.146,13.379,25.919,83.421,77.643,48.699,41.46,32.061,33.797,31.157,36.29,34.517,63.944,44.402,24.774,32.757,31.097,21.079,53.172,35.106,34.35,62.095,510.43,113.573,29.822,26.992,33.648,35.347,129.551,65.595,116.407,641.813,48.812,10.073,98.318,43.752,2076.669,18.358,94.078,110.746
1982-07-01,31.036,68.44,50.418,33.33,90.696,99.574,25.536,102.206,20.059,129.816,13.374,13.901,45.368,46.683,126.85,58.085,52.878,35.594,47.529,47.184,46.645,36.163,73.14,35.621,35.203,44.055,43.123,120.13,116.997,41.203,103.791,47.953,126.998,72.415,33.656,32.148,30.124,25.937,11.112,21.869,21.196,132.857,32.788,36.862,79.438,37.827,32.265,33.293,32.908,21.7,,71.309,36.886,22.491,23.937,98.801,42.024,33.683,95.78,48.194,36.117,75.611,40.768,66.064,87.839,52.139,20.603,16.273,20.231,55.975,66.011,52.819,13.743,26.497,83.832,78.099,49.699,42.154,32.513,34.151,31.74,36.835,34.947,65.013,45.103,25.347,33.462,31.118,21.623,53.981,35.607,34.916,62.397,510.036,115.003,30.375,26.906,34.323,35.862,130.486,65.663,118.18,657.165,49.488,10.296,99.36,44.468,2063.262,18.803,95.396,110.459
1982-10-01,31.306,65.79,50.639,33.692,91.24,99.198,25.684,103.506,20.25,130.192,13.694,14.295,46.269,48.706,124.04,59.919,54.267,36.842,48.596,46.963,46.377,36.533,68.595,36.005,35.575,43.989,42.709,120.991,117.58,41.645,103.487,47.212,128.052,72.504,34.134,32.525,30.649,26.532,11.44,22.474,21.817,134.236,33.442,37.083,80.299,39.319,32.859,34.057,33.538,22.69,,71.437,37.101,23.059,24.372,99.006,42.746,34.118,96.068,47.41,36.452,75.221,41.173,66.121,87.855,56.644,20.855,16.802,23.342,56.853,65.951,52.849,14.049,26.979,83.204,78.639,50.433,43.172,32.927,34.701,32.247,37.283,35.292,65.735,45.601,25.958,34.103,31.138,22.324,52.918,35.991,35.333,64.272,509.357,115.563,30.906,26.925,34.96,36.088,131.208,65.341,119.875,675.887,50.048,11.245,100.397,44.443,2043.393,19.101,96.679,109.63
1983-01-01,31.384,62.338,51.209,33.906,92.695,99.775,25.72,106.144,20.568,131.121,13.947,14.644,46.354,49.589,119.756,57.675,54.857,37.672,50.334,46.976,46.314,36.902,68.149,36.376,35.918,43.899,40.174,121.709,118.217,41.888,104.095,44.576,128.997,72.51,34.519,32.966,31.144,27.191,11.7,23.108,22.499,135.119,33.979,37.331,81.373,40.065,33.305,34.561,33.967,23.555,,72.026,37.434,23.641,24.83,99.801,43.344,34.569,96.724,44.789,36.785,74.92,41.551,66.962,87.806,59.269,21.958,17.347,24.636,59.864,66.521,52.702,14.325,27.253,83.665,79.486,50.897,44.104,33.221,35.287,32.89,38.155,35.658,66.782,45.978,26.463,34.788,31.155,22.98,51.468,36.363,35.673,66.008,507.216,115.627,31.405,27.174,35.465,36.146,131.493,65.635,123.325,692.256,50.626,11.99,100.861,44.285,2008.826,19.562,97.237,110.099
1983-04-01,31.705,66.818,51.934,34.272,93.631,100.423,25.918,106.743,20.924,131.608,14.236,15.006,46.46,50.141,119.71,58.169,55.736,36.569,51.29,47.509,46.826,37.274,66.94,36.741,36.278,43.956,38.95,122.369,119.155,42.383,104.919,45.783,129.492,73.228,34.94,33.403,31.536,27.62,11.979,23.474,22.878,135.343,34.281,37.61,81.903,40.525,33.762,35.019,34.454,21.458,,72.554,37.926,24.017,25.329,100.592,43.766,34.99,97.364,46.386,37.094,73.635,41.926,67.32,88.084,60.752,22.978,17.525,12.539,61.811,66.908,53.362,14.633,27.543,83.684,80.329,51.611,44.54,33.481,35.706,33.407,38.54,36.02,67.538,46.398,27.071,35.383,31.174,23.576,53.992,36.727,36.079,66.481,504.299,115.912,31.798,27.302,35.77,36.316,131.645,65.909,124.101,709.312,51.303,12.125,101.084,45.292,1979.2,19.825,98.05,111.033
1983-07-01,32.305,70.82,52.34,34.089,94.466,101.269,26.071,107.391,21.458,132.328,14.441,15.318,46.521,50.215,117.105,59.046,56.513,39.333,51.972,47.603,46.887,37.52,63.731,36.964,36.54,43.91,39.641,122.947,119.517,42.785,106.026,46.53,131.21,73.734,35.349,33.846,31.909,28.223,12.255,24.062,23.493,136.127,34.936,37.899,81.932,40.69,34.117,35.337,34.806,25.187,,73.504,38.476,24.539,25.745,101.791,43.946,35.119,97.733,47.136,37.352,72.918,42.208,67.949,87.978,60.829,24.281,17.702,26.325,64.477,67.388,53.764,14.627,27.939,83.594,81.363,51.851,45.006,33.584,36.111,33.986,38.962,36.479,68.287,47.008,27.49,35.986,31.196,24.179,56.272,36.949,36.159,67.05,501.369,116.147,32.176,27.344,36.407,36.657,131.371,66.393,124.94,724.08,51.76,12.605,100.679,46.15,1950.368,20.232,97.182,112.685
1983-10-01,33.166,71.739,52.548,34.656,95.382,100.786,26.229,107.615,21.902,133.151,14.777,15.574,48.049,51.151,114.513,58.527,56.622,38.923,52.294,47.783,47.059,37.943,65.037,37.399,37.02,43.853,38.907,123.423,120.325,43.164,105.443,45.644,129.358,73.852,35.762,34.061,32.281,28.807,12.53,24.603,24.067,137.087,35.334,38.296,82.296,41.474,34.472,35.775,35.158,24.492,,73.423,39.055,25.077,26.119,101.757,44.411,35.648,97.491,46.238,37.733,73.005,42.628,68.765,87.519,60.402,25.653,18.544,20.511,66.734,68.039,53.74,15.162,28.265,83.47,81.614,52.279,45.355,34.069,36.528,34.602,39.502,36.918,68.714,47.318,27.935,36.666,31.217,24.717,56.873,37.384,36.676,68.288,500.814,116.734,32.554,27.385,36.783,36.984,131.387,66.743,125.221,736.168,52.215,12.712,102.018,46.618,1935.64,20.696,99.211,111.714
1984-01-01,33.743,73.66,52.617,35.065,95.109,100.955,26.556,112.633,22.347,133.19,15.116,15.897,48.427,51.344,113.966,58.772,56.549,38.892,52.113,48.739,48.127,38.391,69.086,37.861,37.496,44.091,40.848,123.442,119.77,43.741,105.566,45.867,131.365,74.445,36.242,35.209,32.716,29.358,12.865,25.074,24.552,137.414,35.809,38.732,82.736,41.696,34.894,36.157,35.578,24.465,,73.51,39.633,25.551,26.447,101.892,44.75,35.943,98.155,46.169,37.989,71.001,43.005,68.847,87.856,60.241,27.16,18.815,17.097,67.28,68.486,54.365,15.475,28.654,83.803,82.002,53.527,45.806,34.336,37.405,35.259,40.114,37.375,69.195,47.83,28.47,37.391,31.239,25.283,58.525,37.848,37.05,67.158,498.881,116.952,32.993,27.463,37.256,37.393,131.278,67.416,131.816,751.409,52.639,12.945,101.705,47.347,1920.657,20.995,99.456,111.517
1984-04-01,34.432,72.764,52.84,35.487,94.352,100.386,26.727,113.393,22.716,134.017,15.443,16.232,49.299,51.938,113.875,58.809,56.783,40.39,52.413,48.727,48.084,38.788,68.769,38.265,37.931,43.613,41.05,124.079,121.49,44.133,104.778,45.797,130.79,74.625,36.717,35.37,33.292,29.841,13.209,25.529,25.017,136.698,36.37,38.934,83.358,42.191,35.452,36.702,36.135,26.544,,73.85,40.225,25.994,26.853,102.31,45.078,36.451,97.683,46.057,38.272,71.055,43.329,69.567,88.682,60.282,28.341,18.224,23.949,69.722,68.944,54.399,15.772,29.045,84.037,82.638,53.983,46.175,34.753,37.718,35.757,40.472,37.817,69.564,48.293,29.055,37.963,31.263,25.663,58.157,38.252,37.51,67.677,497.686,117.201,33.573,27.596,37.821,37.609,131.378,68.56,132.806,767.219,53.24,13.007,100.498,47.472,1894.363,21.279,100.61,110.519
1984-07-01,34.773,67.765,53.127,35.841,95.477,101.224,26.845,114.292,23.11,134.283,15.745,16.542,50.696,53.105,112.255,58.377,57.221,41.455,53.17,49.031,48.392,39.134,68.104,38.629,38.293,41.429,40.35,124.083,122.177,44.472,105.747,44.419,129.446,74.787,37.041,35.818,33.771,30.269,13.513,25.947,25.468,135.558,36.833,39.243,83.974,43.094,35.975,37.297,36.681,27.849,,73.294,40.668,26.408,27.298,101.713,45.4,36.998,98.98,44.587,38.567,70.598,43.714,70.095,88.282,61.013,29.057,18.627,27.513,71.23,69.437,54.522,16.11,29.265,84.388,82.553,54.88,46.671,35.053,37.824,36.167,40.591,38.287,70.272,48.666,29.509,38.449,31.284,25.99,55.79,38.617,37.947,68.657,494.79,117.978,34.06,27.658,38.269,37.863,131.405,68.652,133.989,781.942,53.672,13.299,100.865,47.084,1866.061,21.606,101.335,111.249
1984-10-01,35.242,69.562,53.4,36.162,96.912,101.772,26.968,115.222,23.568,134.53,16.054,16.818,50.933,53.386,110.517,58.315,58.139,41.391,54.426,49.08,48.41,39.418,68.586,38.927,38.61,39.875,38.934,124.787,123.663,44.831,106.43,44.558,128.519,75.016,37.374,36.04,34.262,30.745,13.837,26.405,25.949,135.06,37.173,39.532,84.49,43.361,36.404,37.695,37.092,27.223,,72.834,40.989,26.847,27.839,100.76,45.841,37.42,99.305,44.973,38.871,70.478,44.068,70.232,88.011,61.419,29.221,18.612,23.79,70.659,69.811,54.72,16.415,29.582,84.439,82.491,55.402,46.985,35.476,37.992,36.642,40.939,38.711,70.767,48.966,30.04,38.945,31.306,26.287,56.872,38.916,38.331,69.871,493.836,118.304,34.559,27.55,38.593,38.089,131.895,69.204,135.218,794.93,54.206,13.334,101.918,47.641,1844.362,21.848,102.229,112.09
1985-01-01,35.796,71.049,53.66,36.768,98.8,102.677,27.052,115.588,23.911,135.215,16.334,17.198,51.258,53.492,110.218,61.291,62.054,43.603,58.464,49.39,48.729,39.812,68.422,39.312,39.015,39.499,37.98,125.055,123.517,45.232,107.468,44.518,129.908,75.494,37.744,36.408,34.817,31.211,14.13,26.754,26.321,134.272,37.782,39.974,85.514,43.569,36.914,38.147,37.596,28.207,,72.537,41.416,27.216,28.545,100.631,46.206,37.833,99.823,45.082,39.078,70.885,44.367,70.891,87.325,61.018,29.158,18.785,27.0,70.603,70.696,55.102,16.713,29.795,84.849,82.706,56.291,47.505,35.785,38.277,37.298,42.459,39.138,71.127,49.544,30.566,39.41,32.689,26.734,57.875,39.301,38.794,71.738,494.238,118.744,35.12,27.388,39.202,38.124,130.745,69.769,134.943,813.026,54.794,13.662,105.012,48.137,1837.435,22.303,103.613,113.382
1985-04-01,36.758,70.241,53.734,37.16,99.176,103.085,27.209,117.198,24.229,135.529,16.621,17.544,51.742,53.789,109.314,60.97,62.412,43.344,59.071,49.306,48.633,40.268,64.466,39.787,39.545,40.287,38.759,125.864,124.961,45.632,107.952,45.677,131.288,75.864,38.134,36.514,35.428,31.691,14.409,27.189,26.777,133.399,38.2,40.402,85.908,43.854,37.514,38.687,38.202,27.593,,72.987,42.059,27.648,29.257,101.245,46.711,38.265,100.478,46.29,39.221,70.738,44.526,71.157,87.916,60.884,28.966,19.536,23.351,70.083,71.244,55.441,17.049,30.112,84.981,83.43,56.476,47.922,36.082,38.839,37.828,42.928,39.545,71.611,49.945,31.134,40.027,34.388,27.2,57.51,39.777,39.2,72.977,489.482,119.141,35.736,27.298,39.612,38.496,129.379,69.917,136.167,829.248,55.385,13.727,104.578,48.16,1801.08,22.571,104.141,113.754
1985-07-01,37.404,69.424,54.096,37.455,99.486,103.379,27.333,119.218,24.547,135.299,16.903,17.909,51.478,53.473,109.739,60.671,63.257,44.387,60.331,49.296,48.586,40.624,60.098,40.156,39.946,41.447,38.276,124.909,123.705,45.927,108.387,45.32,130.784,75.922,38.489,37.24,35.978,32.097,14.701,27.467,27.046,132.702,38.707,40.799,86.036,43.764,38.127,39.169,38.853,28.675,,72.849,42.646,27.949,29.943,100.717,46.888,38.571,101.085,45.958,39.501,70.838,44.845,71.407,87.904,60.426,27.99,20.063,28.585,69.396,71.744,55.553,17.351,30.449,84.757,83.613,56.909,48.421,36.343,39.424,38.444,43.511,39.95,72.361,50.337,31.649,40.757,34.417,27.517,57.467,40.146,39.498,74.185,485.251,119.437,36.289,27.198,40.127,38.719,128.968,70.443,138.809,846.517,55.806,14.023,104.202,48.385,1762.391,22.977,104.912,114.089
1985-10-01,37.907,67.725,55.275,37.758,101.261,103.877,27.58,119.802,24.851,135.649,17.21,18.348,52.071,53.471,111.416,61.837,64.014,43.413,60.896,49.713,48.887,40.92,64.583,40.575,40.375,42.682,39.881,126.007,125.872,46.371,109.035,45.514,130.298,76.386,38.942,37.655,36.634,32.504,15.049,27.719,27.291,132.365,38.993,41.104,86.858,43.817,38.692,39.637,39.393,26.658,,72.168,43.144,28.247,30.759,100.077,47.44,38.919,101.648,45.924,39.941,70.525,45.383,71.742,88.252,59.042,26.776,20.379,20.151,69.442,72.27,55.991,17.542,30.749,84.704,83.53,57.905,48.971,36.752,39.898,39.109,44.513,40.316,72.8,50.688,32.042,41.429,34.442,27.802,56.771,40.57,39.856,74.153,481.331,120.381,36.95,26.994,40.433,39.019,129.036,71.491,139.564,867.352,56.321,14.192,104.262,48.601,1726.371,23.155,105.923,114.685
1986-01-01,37.756,63.4,55.544,38.336,104.053,103.127,27.785,120.526,25.194,135.68,17.505,18.672,52.684,53.748,109.306,64.683,66.208,45.232,62.7,50.014,49.2,41.263,62.098,40.949,40.691,44.0,36.119,125.907,125.167,46.603,108.193,42.61,133.402,76.136,39.258,39.01,37.099,33.018,15.324,28.166,27.775,131.887,39.602,41.356,87.386,44.136,39.271,40.167,40.036,28.082,,72.029,43.095,28.705,31.514,99.792,47.691,39.631,101.382,43.186,40.194,71.014,45.775,72.063,88.348,58.518,26.12,21.172,26.483,68.357,72.914,55.71,17.909,30.97,84.295,83.723,59.234,49.576,37.216,40.454,39.712,45.151,40.796,73.748,51.047,32.614,42.103,34.479,28.105,55.083,40.945,40.429,75.46,477.105,120.22,37.412,26.805,41.022,39.282,128.651,71.299,140.497,882.736,56.773,14.559,103.751,48.435,1696.038,23.571,108.013,113.128
1986-04-01,38.083,62.53,55.697,38.682,105.881,102.149,27.664,122.124,25.589,136.305,17.766,19.015,52.326,53.406,106.51,65.326,65.355,44.738,61.229,50.159,49.345,41.757,61.778,41.425,41.152,45.001,30.117,126.502,126.25,46.354,107.063,34.986,133.562,75.051,39.424,39.45,37.802,33.523,15.607,28.55,28.199,132.427,39.978,41.534,86.982,44.021,39.891,40.652,40.635,27.851,,72.453,43.385,29.088,31.832,100.492,48.042,40.028,100.834,35.386,40.448,70.642,46.226,72.723,88.334,58.195,25.172,21.544,26.569,67.593,74.126,54.38,18.256,31.125,83.876,84.538,61.098,49.869,37.428,41.018,40.407,45.747,41.025,74.127,50.993,33.124,42.932,34.514,28.65,54.801,41.421,40.688,76.361,473.115,120.728,38.116,26.667,41.365,39.485,127.309,70.442,142.58,898.739,57.686,14.651,102.088,48.684,1678.831,23.933,109.84,111.355
1986-07-01,38.691,60.303,55.805,38.826,102.874,102.863,27.85,121.99,25.92,137.443,18.05,19.378,52.785,53.43,105.5,64.926,63.548,43.93,58.887,50.927,50.185,42.126,69.301,41.807,41.56,45.62,27.572,127.14,126.647,46.629,107.836,32.646,135.649,75.4,39.764,39.85,38.236,33.987,15.874,28.955,28.657,133.171,40.227,41.781,87.78,44.116,40.283,40.989,41.02,27.765,,74.047,43.913,29.5,32.453,102.339,48.141,40.453,101.126,33.109,40.739,70.467,46.643,73.767,87.62,57.146,23.887,21.944,27.469,69.015,75.293,54.521,18.614,31.223,84.372,86.004,62.307,50.388,37.691,41.423,40.949,45.883,41.37,74.195,51.263,33.61,43.692,34.556,29.284,53.703,41.804,40.986,77.125,470.078,120.983,38.554,26.454,41.603,39.705,128.718,70.068,142.384,915.898,58.045,15.03,101.813,48.681,1654.513,24.177,110.681,112.791
1986-10-01,39.538,62.275,55.927,39.113,103.34,103.175,28.061,121.485,26.25,138.221,18.373,19.715,51.474,52.131,104.891,64.795,63.234,43.718,58.505,51.258,50.546,42.533,68.953,42.182,41.988,45.766,27.475,127.572,127.791,46.941,108.164,31.884,133.765,75.66,40.225,39.898,38.683,34.555,16.19,29.46,29.203,132.641,40.563,41.988,87.997,43.377,40.754,41.236,41.508,27.629,,74.731,44.499,29.997,33.038,103.54,48.53,40.854,101.46,32.243,41.152,70.017,47.213,74.51,88.464,55.826,22.727,22.14,28.079,70.766,76.006,54.64,18.99,31.5,84.621,86.889,63.816,50.666,37.947,41.749,41.592,46.001,41.645,74.442,51.573,33.947,44.641,34.592,29.859,54.87,42.177,41.325,77.337,468.114,121.607,39.004,26.399,41.931,40.145,128.776,69.719,141.702,931.905,58.558,15.087,103.255,49.418,1643.133,24.607,111.482,113.103
1987-01-01,40.188,63.236,56.405,39.732,102.577,104.474,28.375,119.429,26.721,139.386,18.697,20.119,51.793,52.187,104.736,62.638,60.507,42.142,55.657,51.749,51.04,42.985,68.622,42.612,42.444,44.143,29.725,128.251,127.384,47.471,109.683,35.413,139.007,76.976,40.637,40.436,39.104,35.057,16.502,29.882,29.611,134.155,40.731,42.211,89.16,43.522,41.17,41.603,41.929,26.954,197.69,77.133,45.214,30.41,33.671,105.433,48.911,41.185,102.415,35.941,41.585,70.887,47.766,75.004,88.263,55.211,20.445,22.153,28.387,72.77,76.043,55.859,19.335,32.014,85.119,89.052,64.998,51.398,38.164,41.714,42.207,46.443,42.05,74.934,52.061,34.484,45.353,34.618,30.483,55.673,42.607,41.775,77.773,471.108,122.946,39.426,26.37,42.098,40.396,128.992,70.252,138.979,950.999,59.454,15.51,102.468,50.044,1655.786,24.929,112.161,115.197
1987-04-01,40.76,63.172,56.53,40.205,104.462,105.623,28.734,119.104,27.318,140.478,19.049,20.488,51.809,52.196,104.087,62.742,60.178,42.191,55.112,52.16,51.48,43.302,73.211,42.938,42.799,44.077,30.522,128.697,128.525,47.972,110.804,36.231,137.025,77.738,41.112,40.619,39.409,35.665,16.842,30.423,30.181,134.346,41.137,42.519,89.85,43.668,41.682,42.046,42.528,27.281,197.69,77.747,45.727,30.926,34.291,107.494,49.38,41.669,103.461,36.752,41.972,70.755,48.196,76.306,89.833,55.202,20.598,22.482,28.659,78.701,76.457,56.473,19.698,32.389,86.365,90.195,65.445,51.935,38.463,41.988,42.9,46.902,42.563,75.323,52.564,34.966,46.14,34.639,30.834,55.72,42.933,42.244,77.966,467.235,124.666,39.732,26.637,42.497,40.634,129.337,70.641,138.543,968.561,60.442,15.661,102.45,50.372,1624.242,25.353,113.028,116.29
1987-07-01,41.395,66.624,56.827,40.476,101.754,105.763,29.104,118.803,27.775,141.483,19.344,20.816,52.675,52.707,104.642,61.966,59.75,42.359,54.879,52.345,51.651,43.7,73.03,43.357,43.243,44.115,31.808,129.206,129.368,48.435,111.044,37.805,136.833,78.413,41.681,40.695,39.858,36.249,17.09,30.941,30.724,133.967,41.555,42.7,90.123,44.117,42.024,42.408,42.824,27.893,197.69,79.8,46.179,31.431,34.868,109.375,49.564,42.236,103.821,38.354,42.228,71.138,48.496,77.369,89.467,54.799,21.071,23.251,29.505,81.737,77.137,57.01,20.076,32.765,86.134,91.994,65.898,52.453,38.701,42.273,43.566,47.261,42.896,75.892,53.062,35.553,46.983,34.66,31.184,57.777,43.352,42.67,78.188,462.365,124.527,40.187,26.87,42.922,41.236,129.766,70.605,138.138,984.05,61.061,16.063,103.638,51.151,1590.809,25.67,113.13,116.728
1987-10-01,41.513,68.717,57.188,40.775,107.421,107.305,29.482,118.573,28.118,142.059,19.665,21.181,52.342,52.272,104.539,61.242,60.44,42.783,56.242,52.489,51.771,44.082,70.49,43.731,43.588,44.44,32.378,128.98,129.819,48.839,112.725,37.928,136.647,78.843,42.203,40.919,40.291,36.803,17.314,31.454,31.262,131.658,42.02,42.847,90.249,43.943,42.606,42.849,43.459,28.105,197.69,80.58,46.343,31.948,35.376,112.632,49.951,42.715,104.157,38.409,42.72,71.638,49.071,77.791,90.742,54.09,21.779,23.783,28.39,82.175,77.517,57.367,20.629,33.142,87.168,93.139,66.756,52.788,39.127,42.669,44.162,47.869,43.372,76.107,53.52,36.077,47.659,34.666,31.436,59.096,43.726,43.074,78.873,463.838,125.236,40.625,27.47,43.386,42.109,133.079,71.423,137.832,1001.238,61.355,16.205,103.395,51.926,1578.478,26.036,113.171,118.91
1988-01-01,42.772,69.084,57.487,41.144,104.781,107.202,29.912,118.012,28.693,141.812,20.057,21.586,52.386,52.155,104.376,63.753,60.669,43.389,55.341,52.796,52.076,44.488,72.172,44.181,44.131,46.147,31.534,129.488,130.107,49.178,112.395,37.084,138.014,78.959,42.844,41.43,40.756,37.536,17.7,32.12,31.99,132.421,42.555,43.012,90.776,43.973,43.138,43.288,44.007,28.959,199.76,81.773,47.199,32.591,35.846,116.917,50.268,43.024,105.026,37.572,43.155,71.991,49.457,76.946,91.804,53.563,22.729,24.105,29.514,78.737,77.141,57.553,21.006,33.461,87.894,94.794,66.353,53.512,39.388,43.132,44.975,48.669,43.779,77.095,53.943,36.484,48.545,34.672,31.785,59.545,44.177,43.405,79.763,463.597,126.542,41.09,28.332,43.92,42.551,133.143,71.876,137.088,1020.324,62.02,16.827,103.536,52.329,1570.014,26.373,113.295,117.997
1988-04-01,43.461,70.049,57.991,41.607,108.504,109.263,30.363,119.704,29.134,142.597,20.449,21.941,52.444,52.354,103.797,63.73,61.009,44.044,55.837,53.231,52.502,44.966,72.785,44.69,44.661,46.866,31.769,130.625,131.521,49.698,114.739,36.999,138.881,79.626,43.537,41.973,41.082,38.361,18.066,32.909,32.856,133.697,43.126,44.051,91.736,44.241,43.501,43.632,44.375,29.801,200.268,82.414,47.692,33.329,36.365,120.003,50.926,43.333,106.161,37.438,43.681,72.242,50.042,77.265,93.686,54.118,23.968,24.112,30.107,78.588,77.577,58.132,21.432,33.834,88.912,96.075,67.002,54.107,39.762,43.773,45.823,49.782,44.253,77.504,54.539,37.033,49.428,38.976,32.081,60.359,44.688,43.809,80.359,463.587,127.991,41.421,28.935,44.483,43.042,134.789,72.632,137.137,1037.161,63.001,16.978,103.016,52.977,1555.766,26.783,114.635,121.011
1988-07-01,43.34,71.152,58.333,41.961,109.082,109.435,30.792,118.896,29.555,143.612,20.819,22.259,52.943,52.888,102.97,63.09,61.763,45.124,57.2,54.258,53.623,45.496,71.143,45.225,45.124,47.038,31.103,130.883,132.026,50.249,114.67,37.48,138.314,80.506,44.184,42.706,41.462,39.149,18.419,33.728,33.702,134.038,43.724,44.289,92.33,44.751,43.964,44.104,44.863,31.043,201.224,83.27,47.817,34.053,36.86,126.563,51.274,43.628,107.135,38.092,44.05,72.163,50.577,78.251,94.765,54.758,25.364,24.631,32.133,80.816,78.432,58.899,21.814,34.516,89.964,97.715,68.649,54.825,39.901,44.137,46.524,50.165,44.71,77.714,55.211,37.607,50.348,39.012,32.464,61.326,45.223,44.156,80.939,461.759,130.034,41.804,29.607,45.069,43.656,133.886,73.33,136.074,1052.282,63.581,17.573,102.749,53.629,1540.587,27.24,114.448,120.184
1988-10-01,43.896,71.799,58.502,43.386,108.712,110.878,31.13,119.323,29.948,144.68,21.15,22.595,53.694,53.611,102.03,62.846,61.22,45.495,56.55,54.683,54.077,45.927,73.733,45.641,45.556,47.631,29.972,131.482,132.615,50.717,115.788,36.913,138.466,81.1,44.831,42.907,41.831,39.935,18.714,34.579,34.571,135.153,44.276,44.479,93.249,45.371,44.395,44.57,45.31,32.014,199.858,84.884,47.998,34.792,37.26,131.847,51.79,44.004,109.043,37.621,44.372,72.447,51.007,78.823,94.873,55.432,26.836,24.766,33.099,81.894,78.919,59.332,22.241,35.287,92.604,99.59,69.757,55.465,40.392,44.673,47.169,50.653,45.387,79.423,55.769,38.206,51.14,39.065,32.793,61.79,45.639,44.905,81.653,463.652,130.871,42.176,30.216,45.606,44.403,137.879,74.109,136.615,1068.051,64.052,17.718,102.975,54.07,1530.094,27.638,115.691,120.932
1989-01-01,44.305,76.704,58.844,43.962,110.099,110.764,31.405,119.045,30.48,145.413,21.54,22.835,53.604,53.652,100.48,65.175,60.969,45.846,55.08,55.47,54.919,46.485,75.843,46.184,46.086,47.263,31.752,130.901,131.783,51.2,115.638,37.964,139.431,81.963,45.485,43.119,42.279,40.838,19.114,35.441,35.601,134.736,44.849,44.902,94.137,45.547,44.826,44.954,45.729,32.76,198.315,85.118,48.517,35.607,37.545,132.436,52.387,44.833,109.233,38.552,44.95,73.208,51.634,79.779,96.094,55.784,28.447,25.164,33.007,85.124,79.309,60.145,22.669,35.264,92.622,100.189,70.339,56.452,40.931,45.031,48.106,51.373,46.062,80.22,56.41,38.705,52.302,39.133,33.312,64.688,46.181,45.568,82.208,464.341,133.044,42.627,30.69,46.156,44.835,137.873,74.699,136.239,1079.451,64.744,18.728,101.465,55.3,1527.856,28.095,116.88,120.428
1989-04-01,45.029,76.279,59.533,43.836,112.908,111.298,31.8,119.499,30.956,145.53,21.922,23.224,54.145,54.014,98.068,65.479,60.506,46.282,54.279,56.464,55.957,46.988,74.384,46.712,46.637,47.304,32.692,130.211,131.559,51.981,116.35,42.862,139.949,83.388,46.033,43.415,42.685,41.695,19.486,36.389,36.565,133.133,45.388,45.024,95.462,45.923,45.282,45.395,46.198,33.803,191.821,85.895,49.1,36.414,38.114,133.923,52.95,45.482,109.026,43.984,45.364,73.677,52.061,80.178,96.95,55.713,30.064,25.667,33.793,85.813,79.608,61.731,23.071,36.142,92.506,101.223,70.564,57.158,41.383,45.445,48.785,52.045,46.761,80.507,57.17,39.576,53.044,39.189,33.782,64.59,46.71,45.971,82.874,461.545,133.458,43.038,31.226,46.658,45.16,136.548,75.135,136.815,1097.957,65.318,19.117,98.209,55.592,1510.47,28.494,118.699,121.563
1989-07-01,45.831,73.504,60.272,44.235,108.876,109.958,31.899,119.495,31.309,145.858,22.254,23.729,54.633,54.466,95.322,66.479,59.239,46.236,51.988,56.972,56.432,47.498,75.458,47.227,47.186,47.351,32.68,131.331,132.732,52.354,114.654,40.887,142.211,83.406,46.544,43.912,43.126,42.593,19.842,37.328,37.611,133.644,45.884,45.123,96.182,46.372,45.79,45.891,46.726,34.614,188.418,87.47,49.549,37.243,38.418,131.968,53.28,46.331,109.177,41.745,45.784,73.921,52.504,80.072,97.535,56.099,31.61,25.976,34.108,84.73,79.685,61.679,23.465,36.535,92.463,102.429,70.866,57.94,41.821,45.768,49.584,52.979,46.781,81.027,57.507,40.191,53.943,39.234,34.337,63.241,47.226,46.558,84.189,459.946,133.755,43.483,31.773,47.11,45.668,136.299,74.998,136.797,1121.654,66.116,19.886,98.624,55.563,1497.989,28.93,119.901,118.869
1989-10-01,46.385,73.335,60.782,44.46,108.063,111.151,31.986,119.023,31.756,146.336,22.627,24.289,54.991,54.753,92.302,65.958,58.739,46.448,51.531,57.399,56.842,48.002,79.899,47.725,47.69,47.666,34.658,131.593,133.479,52.812,115.957,39.925,140.442,83.753,46.999,43.694,43.619,43.482,20.227,38.316,38.623,133.592,46.421,45.295,96.285,46.737,46.369,46.43,47.334,35.309,183.641,86.367,49.974,38.068,38.788,132.026,53.577,46.786,110.747,40.355,46.213,74.173,53.055,80.453,97.305,56.235,33.026,26.015,34.064,83.581,80.524,61.965,23.97,37.415,93.248,102.38,72.089,58.399,42.275,46.086,50.288,53.52,47.176,81.693,57.959,40.947,54.802,39.273,34.575,63.048,47.723,46.942,85.197,461.834,134.375,43.981,32.349,47.595,46.302,140.005,75.91,136.174,1148.15,66.836,20.069,99.449,55.914,1486.914,29.457,120.527,120.202
1990-01-01,47.073,75.76,61.402,45.547,113.165,112.859,32.174,119.326,32.433,147.115,22.981,24.981,55.344,55.1,91.763,66.718,58.005,46.788,50.084,58.711,58.244,48.572,79.677,48.293,48.273,48.404,38.742,132.157,134.054,53.663,117.998,42.983,142.409,85.291,47.605,44.761,44.055,44.293,20.592,39.102,39.469,133.154,47.002,45.657,97.101,47.173,46.807,46.866,47.769,36.371,182.597,90.413,50.688,38.766,39.58,138.636,54.207,47.355,110.864,43.252,46.59,73.993,53.542,80.554,97.506,56.6,34.281,26.09,35.283,81.808,81.256,63.532,24.392,37.912,93.743,105.945,73.185,59.262,42.785,46.599,51.116,54.148,47.791,82.443,58.799,41.656,55.754,39.319,35.202,64.948,48.291,47.727,87.317,460.456,136.329,44.423,32.703,48.163,46.627,140.936,76.391,136.539,1180.919,67.409,20.648,99.949,56.779,1465.578,30.071,122.095,123.23
1990-04-01,46.849,77.827,62.102,46.464,116.271,114.617,32.284,119.473,32.88,147.129,23.36,25.339,55.7,55.027,89.354,67.002,57.947,47.117,49.856,58.87,58.327,49.222,82.79,48.937,48.823,49.38,34.657,132.293,133.834,54.164,119.934,42.213,144.166,85.615,48.116,45.061,44.549,45.241,21.005,40.057,40.501,133.229,47.652,46.02,97.754,47.289,47.43,47.398,48.439,36.947,182.034,92.08,51.255,39.606,40.016,146.027,54.68,47.927,112.02,42.952,47.155,73.772,54.143,80.123,98.1,55.38,35.311,26.21,35.277,80.321,81.095,63.895,24.835,38.505,94.85,108.271,73.63,60.022,43.214,47.263,52.028,54.828,48.334,84.178,59.333,42.552,56.943,39.366,36.122,66.282,48.935,48.389,88.183,458.884,136.703,44.919,33.336,48.766,47.119,142.722,76.623,136.706,1197.824,68.369,20.989,99.987,57.577,1445.557,30.559,123.436,125.582
1990-07-01,47.676,77.237,62.788,47.531,117.44,115.018,32.673,118.369,33.44,147.194,23.868,25.587,55.531,54.99,86.957,67.541,57.759,47.361,49.307,59.7,59.178,49.669,83.934,49.412,49.337,50.729,37.993,132.591,134.33,55.067,120.346,46.118,144.527,86.824,48.71,45.97,45.062,46.254,21.543,41.132,41.706,132.944,48.278,46.417,98.186,47.404,48.159,48.014,49.245,37.474,183.759,91.084,52.634,40.56,40.718,149.198,55.069,48.644,112.467,46.914,47.546,73.826,54.499,80.14,98.475,55.706,36.144,26.33,35.008,79.857,81.26,65.238,25.331,38.974,95.214,108.58,73.424,60.852,43.78,47.637,52.921,55.778,48.773,83.953,60.087,43.264,57.917,39.405,36.572,66.388,49.41,49.242,88.691,457.59,137.446,45.439,34.116,49.342,47.658,143.5,77.43,135.27,1209.557,69.268,21.93,100.224,57.867,1429.019,30.985,125.257,125.9
1990-10-01,48.063,78.557,63.124,47.928,116.289,115.123,33.103,118.798,33.889,147.491,24.252,25.833,55.868,55.425,85.668,66.899,57.421,47.546,49.139,60.078,59.567,50.104,83.138,49.831,49.755,52.178,47.311,132.299,134.484,55.941,120.287,53.784,141.999,88.398,49.404,46.765,45.501,47.21,21.882,42.233,42.9,132.409,48.809,46.995,98.716,47.861,48.44,48.327,49.458,38.009,176.003,91.869,53.528,41.491,41.379,146.567,55.648,49.179,112.893,54.31,48.121,74.419,55.138,80.698,97.936,56.433,36.646,26.486,35.435,78.782,82.37,66.928,25.816,39.654,95.904,109.03,74.129,61.448,44.209,48.197,53.637,56.198,49.3,84.659,60.882,44.14,58.877,39.433,36.889,67.525,49.829,49.784,89.057,455.745,137.65,45.879,34.544,49.843,48.377,143.671,77.677,135.826,1221.241,69.701,22.165,101.028,58.645,1415.374,31.476,126.961,125.609
1991-01-01,49.234,75.409,68.543,48.915,115.677,115.367,33.343,120.732,34.611,148.753,24.766,26.129,57.503,56.796,83.405,67.5,56.091,47.022,46.904,60.919,59.799,50.413,81.472,50.403,50.394,53.84,41.485,132.563,134.237,56.238,120.63,47.617,145.639,88.344,49.883,47.438,45.926,48.074,22.456,43.182,43.944,131.809,49.308,48.018,99.612,48.994,48.776,48.808,49.748,38.073,172.939,93.44,55.024,42.336,41.455,146.205,57.107,49.773,113.564,48.132,48.518,74.481,55.559,81.92,97.926,57.162,36.241,26.857,36.308,80.015,83.905,66.596,26.322,40.17,95.788,110.246,74.449,62.588,44.663,48.918,54.356,56.898,49.724,85.682,61.202,44.96,59.586,43.174,37.443,66.114,50.41,50.443,90.189,456.807,138.859,46.306,35.215,50.29,48.756,145.64,77.876,136.782,1235.157,70.31,23.193,101.03,58.564,1410.012,32.091,127.972,125.815
1991-04-01,49.805,74.645,69.586,49.83,118.573,116.077,33.499,121.422,35.2,149.127,25.231,26.553,57.428,56.504,83.045,67.229,55.457,46.786,46.116,61.526,60.355,50.823,81.082,50.853,50.858,52.723,36.221,132.902,135.15,56.504,121.304,44.877,144.641,88.518,50.513,47.536,46.311,48.841,22.968,43.974,44.804,131.43,49.705,48.689,100.171,49.031,49.063,49.05,49.99,38.132,169.537,92.619,55.051,43.074,41.736,150.29,57.881,50.548,115.35,45.749,48.983,74.075,56.092,82.331,98.669,56.269,36.083,27.122,36.336,80.653,84.467,66.706,26.829,40.648,96.633,110.848,75.173,63.405,45.155,49.405,55.068,57.76,50.153,86.639,61.536,45.839,60.246,45.096,38.027,65.729,50.86,51.151,90.863,455.087,140.553,46.694,35.707,50.675,49.317,147.069,78.511,136.928,1255.188,71.242,23.639,101.479,58.84,1389.664,32.817,128.786,125.533
1991-07-01,50.046,76.281,70.015,50.325,118.499,117.029,33.714,121.665,36.012,149.68,25.83,27.028,57.653,56.691,81.195,68.759,56.444,47.543,46.764,61.21,59.954,51.221,77.415,51.279,51.264,53.21,35.879,133.688,135.687,56.856,122.334,44.427,147.104,88.68,50.975,48.016,46.61,49.67,23.711,44.824,45.762,132.105,50.25,48.996,99.963,49.401,49.292,49.305,50.184,38.688,164.787,94.435,55.488,43.857,42.172,153.065,58.665,51.174,115.049,45.288,49.686,74.844,56.917,82.967,97.91,56.366,36.076,27.184,38.271,81.629,84.928,66.767,27.24,41.005,97.294,112.647,76.42,63.976,45.626,49.946,55.847,58.312,50.603,86.981,61.954,46.741,61.115,45.15,38.471,66.869,51.287,51.675,92.07,449.159,140.552,46.997,36.147,51.175,49.729,148.845,78.761,137.235,1277.672,71.829,24.104,101.513,59.753,1346.887,33.585,130.114,127.558
1991-10-01,50.284,76.69,70.365,50.81,118.664,117.852,33.954,122.116,36.591,150.001,26.496,27.332,58.184,57.28,79.47,69.26,56.344,47.733,46.365,61.157,59.854,51.48,76.187,51.52,51.504,54.051,37.512,133.203,134.806,57.26,123.233,45.077,148.956,89.046,51.47,48.368,46.946,50.552,24.518,45.714,46.749,130.77,50.762,49.414,100.183,49.962,49.733,49.767,50.657,39.071,162.84,96.358,55.832,44.668,42.744,152.626,59.787,51.373,116.256,45.797,50.209,75.271,57.183,83.342,97.941,57.125,36.244,27.53,38.726,81.754,85.394,67.104,27.75,41.453,97.836,114.069,74.847,64.484,46.003,50.547,56.7,59.147,50.885,86.962,62.404,47.282,62.065,45.203,38.781,67.249,51.528,52.019,92.12,448.36,140.128,47.337,36.781,51.644,50.143,151.293,79.218,137.794,1292.059,72.452,24.62,101.571,60.048,1332.48,34.086,131.588,128.311
1992-01-01,49.973,79.591,71.133,51.165,116.161,117.326,34.177,122.342,37.141,149.995,26.93,27.765,58.405,57.263,76.807,70.404,56.543,48.327,46.06,61.374,60.005,51.677,75.386,51.726,51.651,55.155,35.541,134.508,136.628,57.605,122.49,44.247,150.651,89.15,51.876,49.602,47.324,51.502,24.979,46.726,47.908,130.637,51.311,49.692,100.372,50.108,50.147,50.134,51.082,39.925,158.061,95.71,56.428,45.551,43.551,149.207,60.578,51.277,116.643,45.131,50.639,75.384,57.515,83.275,98.101,56.468,36.913,27.602,40.136,79.931,86.003,67.22,28.23,41.795,98.117,114.1,74.448,65.222,45.957,51.166,57.541,59.795,51.111,87.902,62.795,48.016,63.108,45.277,39.648,69.453,51.734,52.147,92.252,444.094,140.957,47.718,37.174,52.126,50.565,150.305,79.217,138.071,1312.455,73.853,25.143,102.277,60.9,1311.632,34.577,131.846,126.96
1992-04-01,50.768,75.927,71.556,52.106,118.969,117.233,34.382,121.984,37.598,150.404,27.486,28.09,58.733,57.607,74.893,70.054,56.594,48.833,46.323,61.497,60.092,51.832,75.628,51.959,51.948,55.775,35.811,134.784,138.009,58.002,122.249,44.714,148.196,89.528,52.316,49.865,47.589,52.35,25.639,47.663,48.963,130.225,51.784,50.185,100.365,50.531,50.445,50.453,51.383,40.752,155.627,94.806,56.557,46.377,44.173,153.604,61.205,51.92,115.858,45.625,51.012,75.219,57.852,83.924,98.904,56.864,37.515,27.685,41.881,80.955,86.701,67.555,28.7,42.207,98.582,114.361,74.447,65.905,46.44,51.61,58.248,60.057,51.441,88.46,63.212,48.797,64.151,45.323,39.819,67.538,51.97,52.827,93.608,441.703,142.26,47.984,37.839,52.548,50.931,150.537,80.917,137.614,1327.87,74.092,25.659,101.856,60.617,1286.561,35.166,133.303,126.816
1992-07-01,52.135,71.958,71.692,52.435,118.117,117.417,34.54,121.355,38.309,150.528,27.994,28.345,58.828,57.988,73.744,69.225,56.485,49.05,46.584,61.881,60.503,52.002,76.367,52.151,52.276,57.376,36.915,134.54,137.302,58.361,122.232,45.58,148.379,89.985,52.806,49.785,47.796,53.146,26.206,48.522,49.933,131.35,52.194,50.88,100.642,51.006,50.659,50.713,51.588,41.212,153.224,95.654,56.954,47.143,44.712,157.73,61.673,52.415,115.102,46.452,51.267,75.161,58.437,84.535,99.826,57.955,38.255,28.455,41.588,82.286,87.18,68.041,29.25,42.575,99.539,115.563,76.686,66.391,46.552,52.123,58.945,60.389,51.829,88.903,63.615,49.1,65.039,45.378,40.068,65.262,52.162,53.212,93.89,435.551,142.383,48.191,38.604,52.922,51.279,147.575,80.385,136.816,1339.905,74.416,26.155,100.879,60.42,1263.649,35.843,133.772,127.368
1992-10-01,52.287,79.902,71.792,52.533,120.016,117.821,34.737,121.171,38.787,150.763,28.587,28.689,59.245,58.766,71.808,69.782,57.344,49.925,47.551,61.939,60.556,52.181,76.414,52.356,52.476,55.781,36.68,134.833,137.687,58.836,122.687,46.073,150.788,90.205,53.209,49.876,48.103,53.997,26.903,49.416,50.961,130.461,52.765,51.32,99.663,51.729,51.004,51.126,51.928,42.066,150.2,95.197,57.13,47.968,45.265,157.374,62.117,52.692,115.545,47.038,51.629,74.861,58.921,85.064,100.432,59.675,39.264,28.754,42.731,83.713,87.557,68.239,29.789,42.869,99.752,115.611,77.649,66.514,46.851,52.375,59.723,61.066,52.299,88.862,64.059,49.461,65.982,45.434,40.403,69.801,52.368,53.474,94.392,432.478,141.462,48.504,39.649,53.434,51.741,148.261,80.461,136.581,1356.209,74.873,26.691,100.071,62.005,1243.221,36.447,134.615,127.711
1993-01-01,51.515,82.929,71.798,53.674,116.278,117.471,35.034,121.808,39.24,150.687,29.185,28.8,59.177,58.664,70.705,69.735,57.513,50.531,47.829,62.049,60.676,52.446,77.458,52.627,52.63,56.001,36.082,134.291,137.73,59.15,122.368,46.045,147.132,90.367,53.581,50.359,48.472,54.682,27.612,50.156,51.768,130.413,53.251,51.456,99.834,51.776,51.441,51.493,52.369,43.009,147.386,94.334,57.303,48.606,45.511,155.472,62.238,52.641,115.538,47.087,52.085,74.73,59.437,85.756,100.876,59.477,40.461,29.305,44.499,85.172,88.147,68.442,30.257,43.32,99.278,115.366,78.27,67.175,47.009,52.846,60.32,61.329,52.576,89.024,64.441,49.848,66.831,45.478,40.663,71.761,52.64,53.877,95.472,427.601,142.942,48.873,41.08,53.883,52.021,146.824,80.524,137.379,1361.414,75.875,27.754,99.947,62.915,1218.589,36.818,135.821,127.476
1993-04-01,53.037,80.953,71.539,54.375,115.655,116.617,34.814,121.8,39.822,151.481,29.575,29.089,60.13,59.71,70.776,71.756,58.736,51.536,48.566,62.463,61.167,52.703,79.216,52.911,53.052,56.604,36.522,135.266,138.537,59.581,121.327,44.765,148.892,90.446,54.031,50.491,48.758,55.298,28.108,50.656,52.293,131.406,53.808,51.816,100.336,52.612,51.83,51.962,52.772,43.804,144.951,94.972,57.513,49.112,45.931,151.127,63.109,53.132,115.497,45.583,52.524,74.135,59.828,86.92,99.676,60.812,41.445,29.866,45.655,88.378,88.928,68.354,30.724,43.713,99.144,115.559,78.284,67.392,47.319,53.404,61.09,61.936,52.906,89.568,64.874,50.031,67.765,45.534,41.431,70.733,52.924,54.406,95.684,423.527,141.424,49.164,42.441,54.431,52.408,147.247,81.035,137.362,1375.128,76.397,27.896,100.633,62.93,1193.937,37.199,136.868,125.728
1993-07-01,53.219,81.44,71.434,54.707,114.803,116.646,34.993,122.356,40.149,152.219,30.01,29.375,60.291,60.215,69.909,71.952,59.345,52.265,49.352,62.573,61.305,52.914,78.043,53.135,53.272,56.091,35.995,135.459,139.15,59.848,121.441,43.511,147.921,90.344,54.353,50.668,48.983,55.91,28.603,51.199,52.897,131.117,54.251,52.222,99.942,53.11,52.086,52.262,53.018,44.612,139.25,94.965,57.545,49.652,46.219,151.275,63.589,53.741,115.155,44.239,52.809,73.573,60.066,88.121,99.278,62.286,42.288,31.018,47.364,91.468,89.847,68.071,31.152,43.993,98.845,115.812,78.218,67.038,47.554,53.865,61.79,62.558,53.404,90.37,65.155,50.57,68.654,45.573,41.933,71.097,53.148,54.829,96.007,421.0,140.068,49.391,43.678,54.843,52.749,147.833,81.277,138.078,1388.615,76.674,26.547,101.126,63.207,1177.591,37.675,137.156,126.242
1993-10-01,53.78,81.246,71.69,55.012,114.64,116.554,35.206,123.018,40.467,153.224,30.467,29.58,60.221,60.233,69.986,70.341,58.941,52.352,49.616,63.057,61.816,53.093,77.07,53.305,53.485,56.61,35.348,136.505,139.792,60.25,121.17,44.517,150.81,90.827,54.728,50.115,49.271,56.383,29.134,51.612,53.312,131.121,54.586,52.52,100.645,53.284,52.408,52.558,53.331,45.123,133.482,94.32,57.916,50.076,46.602,159.341,64.131,54.441,115.251,45.468,53.102,73.285,60.491,89.266,100.861,62.551,42.885,30.873,48.02,94.612,90.614,68.391,31.553,44.399,99.442,116.434,79.158,66.88,47.997,54.352,62.343,62.938,53.74,90.451,65.531,50.725,69.406,45.616,42.273,70.716,53.318,55.326,96.602,418.775,141.914,49.683,44.964,55.172,53.183,148.678,81.533,138.933,1398.313,76.705,25.144,103.432,63.41,1160.809,38.181,137.933,125.714
1994-01-01,53.432,79.297,71.576,54.887,112.292,115.005,35.305,124.215,40.925,153.578,30.899,29.882,59.849,60.227,69.759,67.519,58.096,52.194,49.887,63.101,61.88,53.25,75.924,53.506,53.625,57.398,35.691,136.854,140.436,60.43,119.391,43.946,150.649,90.731,55.064,50.973,49.621,57.004,29.63,52.021,53.722,131.802,54.948,52.655,100.432,53.449,52.86,52.958,53.794,45.586,130.044,95.216,57.987,50.518,46.862,157.145,64.66,55.247,112.721,44.77,53.516,73.63,61.005,89.789,100.91,63.496,43.316,31.153,48.951,94.636,91.371,68.197,32.025,44.806,98.771,116.951,80.024,67.11,48.414,54.91,63.257,63.597,53.868,90.355,65.766,51.008,70.657,45.658,42.601,69.978,53.52,55.684,96.912,416.462,141.838,50.039,46.495,55.521,53.468,148.347,81.954,140.452,1412.653,76.907,25.501,102.438,63.575,1147.632,38.711,138.677,124.517
1994-04-01,54.62,78.594,71.509,54.7,113.227,115.529,35.626,124.566,41.581,154.494,31.37,30.179,59.753,60.056,69.851,68.262,58.742,52.701,50.429,63.292,62.106,53.481,72.727,53.743,53.969,56.9,35.298,137.757,141.764,60.759,119.948,43.326,150.235,91.048,55.437,51.13,49.902,57.532,30.133,52.44,54.171,132.687,55.333,52.867,100.197,53.473,53.255,53.286,54.214,45.953,127.345,94.756,58.183,50.94,47.218,160.432,65.06,55.074,113.749,44.124,53.847,73.708,61.569,90.785,100.844,63.142,43.826,31.697,49.019,96.586,92.223,68.344,32.509,45.091,99.171,117.212,81.494,67.477,48.492,55.299,63.932,64.389,54.428,91.257,66.133,51.418,71.24,45.706,43.043,69.634,53.757,55.639,97.548,415.728,142.194,50.321,47.639,55.899,53.828,150.863,82.751,140.908,1426.629,77.01,25.728,102.975,63.886,1133.11,39.15,139.341,124.71
1994-07-01,54.632,77.683,71.583,54.41,113.634,114.94,36.098,124.635,42.038,155.583,31.829,30.469,60.07,60.007,70.267,67.282,58.345,52.783,50.343,63.936,62.822,53.68,70.036,53.925,54.133,58.446,35.542,138.217,142.11,61.245,119.462,45.742,151.48,91.886,55.981,50.723,50.158,58.12,30.607,53.046,54.816,132.982,55.665,53.132,100.379,53.558,53.56,53.551,54.525,46.486,122.799,95.884,58.103,51.496,47.688,157.62,65.263,55.206,114.571,46.824,54.193,73.406,61.962,92.165,101.522,62.112,44.556,33.281,49.134,99.958,93.259,69.051,32.923,45.532,98.179,118.292,82.002,67.772,48.725,55.903,64.486,65.026,54.712,91.334,66.607,51.614,71.763,45.765,43.255,68.932,53.939,55.736,98.401,413.823,143.247,50.582,48.446,56.234,54.279,150.337,82.917,141.032,1440.338,78.463,25.887,103.197,63.971,1122.281,39.519,140.638,123.225
1994-10-01,54.887,74.679,71.44,54.51,116.988,113.951,37.064,124.429,42.609,155.849,32.345,30.525,60.281,59.841,70.943,66.963,58.415,53.186,50.602,64.001,62.914,53.985,69.314,54.239,54.441,59.335,34.799,137.056,140.159,61.529,118.539,46.267,150.291,92.002,56.457,50.657,50.47,58.649,31.035,53.434,55.192,133.153,56.033,53.272,100.274,53.561,53.932,53.858,54.91,47.208,116.754,95.135,58.214,51.917,48.04,157.312,66.267,55.669,113.455,47.525,54.529,73.306,62.417,93.575,100.813,60.919,45.366,34.248,50.251,104.627,93.761,69.123,33.403,45.977,96.935,118.113,82.844,68.007,49.054,56.388,65.206,65.548,54.883,91.556,66.92,51.855,72.66,45.809,43.664,67.15,54.253,56.044,98.254,409.664,143.345,50.897,49.072,56.611,54.687,150.329,84.325,140.848,1443.0,79.146,25.915,103.713,63.788,1097.483,39.869,141.418,122.063
1995-01-01,54.649,73.776,71.418,54.985,114.778,112.749,37.101,125.271,43.213,156.472,32.781,30.94,60.869,60.185,69.853,67.97,58.208,53.407,49.784,64.369,63.326,54.302,72.767,54.553,54.693,57.842,34.686,137.165,140.855,61.889,116.878,45.848,150.08,92.111,56.766,50.797,50.804,59.385,31.506,54.147,55.864,132.493,56.472,54.345,101.136,53.896,54.378,54.285,55.409,47.854,117.027,94.663,58.346,52.516,48.348,162.708,67.017,55.934,112.828,47.067,54.723,73.63,62.882,94.623,99.86,60.596,46.502,35.519,50.413,107.709,94.141,69.101,33.999,46.865,97.492,118.836,84.284,68.157,49.406,56.82,65.963,65.806,55.507,91.451,67.247,51.742,73.81,49.847,44.132,66.71,54.567,56.4,98.484,407.058,142.752,51.213,49.179,57.011,55.213,150.78,85.383,140.642,1462.688,79.765,26.012,102.712,63.993,1080.064,40.181,142.591,119.72
1995-04-01,56.467,79.2,71.712,55.369,111.0,112.146,37.37,125.017,43.538,156.301,33.194,31.238,60.933,59.963,70.064,69.332,58.219,53.797,49.106,64.926,63.919,54.613,70.047,54.904,55.211,60.462,35.021,136.731,141.104,62.37,116.161,45.895,146.941,92.3,57.124,51.261,51.131,59.76,31.922,54.52,56.178,131.85,56.933,54.509,101.518,53.847,54.83,54.649,55.91,48.626,118.258,93.938,59.033,52.895,48.909,167.745,68.299,56.423,112.3,47.075,55.142,73.813,63.199,95.28,99.714,59.596,47.529,36.66,50.996,108.56,94.836,69.359,34.504,47.487,97.324,119.068,84.138,68.467,49.687,57.395,66.338,66.028,55.675,91.513,67.639,51.538,74.301,49.897,44.564,70.155,54.92,56.839,98.569,401.346,142.914,51.524,49.643,57.467,55.646,148.736,85.388,140.289,1476.719,79.827,26.304,102.873,65.204,1057.322,40.482,143.809,119.135
1995-07-01,57.061,81.429,71.763,55.732,113.417,111.967,37.3,124.919,44.007,155.798,33.602,31.495,61.429,60.093,70.42,70.028,58.283,54.242,48.83,65.117,64.124,54.886,72.764,55.2,55.541,60.365,35.422,137.64,142.761,62.685,115.852,45.341,147.656,92.325,57.467,51.601,51.417,60.066,32.405,54.876,56.494,131.116,57.293,54.828,102.807,54.004,55.257,55.028,56.391,49.47,116.694,94.207,59.262,53.226,49.466,173.525,69.494,56.695,111.687,46.389,55.438,73.793,63.445,95.179,99.432,58.755,48.638,36.887,51.869,107.389,95.17,69.507,35.038,48.015,97.649,120.127,84.155,69.064,49.911,57.68,66.57,65.92,55.716,91.727,67.915,51.912,74.667,49.947,44.985,71.651,55.216,57.142,99.486,392.485,143.684,51.797,50.106,57.829,55.966,148.389,85.269,140.192,1488.904,80.392,26.569,103.121,65.803,1014.719,40.69,144.81,118.805
1995-10-01,57.284,80.054,71.978,56.249,113.751,111.83,37.165,124.686,44.471,155.452,33.95,32.056,62.084,60.31,70.208,70.624,58.611,54.858,48.99,65.431,64.451,55.172,71.71,55.487,55.822,59.97,34.881,137.487,142.796,62.974,115.83,44.597,146.121,92.347,57.878,52.104,51.737,60.53,32.865,55.498,57.076,131.047,57.702,55.247,103.044,54.244,55.742,55.469,56.934,50.397,116.748,93.925,59.471,53.764,50.115,172.692,70.723,57.325,111.96,45.623,55.736,73.832,63.728,95.746,98.994,57.835,49.926,36.801,52.665,108.396,95.689,69.617,35.418,48.8,97.067,120.368,84.349,69.465,50.316,57.922,66.81,66.163,55.847,92.528,68.214,52.238,74.802,49.992,45.403,71.066,55.503,57.639,101.316,385.2,143.664,52.113,50.649,58.222,56.361,147.97,85.196,139.883,1515.339,80.957,26.692,103.721,65.838,978.806,40.968,146.059,118.552
1996-01-01,57.409,72.464,72.677,56.729,116.86,111.834,37.917,124.736,44.942,155.569,34.459,32.677,62.193,60.802,70.359,69.591,58.137,55.125,48.839,65.933,64.929,55.429,70.017,55.764,56.082,60.386,38.008,137.771,143.158,63.478,115.832,46.822,146.426,92.962,58.248,53.901,52.088,60.813,33.335,55.94,57.397,131.243,57.992,55.621,103.388,54.782,56.149,55.9,57.352,51.504,117.516,92.673,60.013,54.177,51.018,169.504,71.656,57.781,112.407,47.695,56.077,73.878,64.027,96.774,99.806,59.405,51.164,37.599,53.88,111.451,96.128,70.305,35.878,49.742,97.078,119.735,84.479,69.787,50.649,58.339,66.874,66.459,56.254,92.125,68.593,52.681,74.52,50.035,45.815,67.142,55.781,58.101,102.679,379.968,143.815,52.46,51.546,58.509,56.798,148.927,86.428,139.912,1544.815,81.323,26.891,103.708,64.917,946.953,41.587,147.092,117.991
1996-04-01,58.764,74.144,73.248,57.262,116.116,111.358,38.343,124.756,45.479,154.543,34.907,33.009,62.188,61.273,71.222,70.649,58.472,55.715,48.75,66.599,65.608,55.797,69.977,56.166,56.596,60.707,39.565,137.528,142.752,64.011,115.161,49.447,146.373,93.372,58.73,55.74,52.436,61.175,33.782,56.319,57.67,130.826,58.449,56.048,103.312,55.363,56.522,56.31,57.739,52.398,119.552,91.114,60.42,54.562,51.957,169.64,71.645,58.438,112.408,50.453,56.393,73.784,64.21,96.819,100.546,61.151,52.515,38.786,53.801,110.81,96.523,71.04,36.354,50.55,97.349,118.977,84.208,70.025,50.842,58.773,67.211,66.763,56.474,92.163,69.052,52.913,74.785,50.079,46.433,68.892,56.184,58.646,102.469,371.403,145.028,52.801,51.717,58.978,57.214,148.17,86.622,139.86,1560.42,81.43,27.13,104.251,65.555,910.021,42.384,147.527,116.86
1996-07-01,59.529,74.542,73.826,58.222,112.831,109.813,38.714,125.631,46.144,154.14,35.295,33.363,62.519,61.845,71.594,70.302,59.002,56.486,49.738,67.331,66.355,56.192,73.711,56.547,57.023,61.564,38.443,137.923,142.817,64.337,113.452,47.968,146.936,93.196,59.058,55.775,52.839,61.501,34.229,56.574,57.882,131.655,58.912,56.634,103.15,55.592,56.924,56.68,58.147,53.464,122.256,89.952,60.834,54.873,52.747,174.623,72.018,58.853,111.602,48.939,56.885,73.421,64.836,97.153,100.434,62.4,53.783,40.406,54.817,111.162,97.064,70.934,36.592,50.98,96.43,118.94,85.217,70.18,51.056,59.377,67.63,67.336,57.1,92.251,69.346,53.239,74.975,50.113,46.851,69.163,56.564,59.169,103.469,364.539,144.527,53.203,51.619,59.44,57.632,146.236,85.942,140.87,1577.232,81.618,27.296,105.304,66.076,883.857,41.922,148.382,114.655
1996-10-01,59.833,78.48,74.151,58.95,113.082,110.285,40.547,126.017,46.732,153.473,35.94,33.796,62.526,62.157,72.233,69.621,59.269,57.095,50.518,67.907,66.961,56.715,76.318,57.08,57.53,62.252,42.671,137.359,142.324,64.847,114.117,49.82,144.163,93.61,59.482,55.647,53.158,61.894,34.665,56.871,58.109,131.932,59.392,57.106,103.09,55.905,57.282,57.03,58.532,54.503,122.15,89.496,61.048,55.239,53.571,164.202,72.509,59.308,112.588,50.471,57.362,73.496,64.994,97.72,101.231,63.516,55.117,41.284,55.606,112.234,97.535,71.592,36.979,51.561,96.155,117.896,84.389,70.368,51.396,59.997,68.15,67.947,57.754,91.803,69.819,53.459,75.386,50.163,47.133,71.615,57.098,59.7,103.832,357.757,145.297,53.521,51.21,59.926,58.07,146.463,85.115,141.352,1597.609,81.629,27.474,106.035,66.909,855.509,42.232,149.572,115.128
1997-01-01,60.219,77.349,74.444,59.586,112.44,110.561,40.173,126.457,47.241,152.882,36.275,34.151,62.821,63.447,73.201,70.796,59.823,57.648,50.699,67.97,66.994,57.087,76.137,57.464,57.916,61.553,42.04,137.543,142.171,65.2,114.502,50.68,144.762,93.719,59.845,55.536,53.517,62.14,35.127,56.974,58.105,132.447,59.751,57.11,103.342,56.841,57.661,57.505,58.947,55.06,119.071,88.699,61.437,55.463,54.114,165.04,73.101,59.805,112.348,51.517,57.641,73.537,65.0,98.047,100.182,67.481,56.273,41.593,55.065,113.014,97.72,71.877,37.46,52.106,96.015,117.806,83.612,70.615,51.677,60.256,68.589,68.813,58.295,91.986,70.127,53.718,75.469,50.199,47.589,70.853,57.483,60.177,104.089,349.921,145.153,53.876,50.08,60.303,58.413,147.125,85.633,142.022,1614.515,82.07,27.774,106.815,66.688,819.355,42.455,150.965,116.035
1997-04-01,61.368,78.494,74.601,60.199,116.892,111.886,39.983,126.626,47.722,151.408,36.607,34.638,62.985,62.602,73.255,71.872,60.739,58.412,51.484,68.079,67.096,57.327,76.504,57.722,58.284,62.894,39.851,137.914,143.668,65.342,116.14,47.407,144.217,93.213,60.159,56.058,53.961,62.525,35.543,57.277,58.356,130.656,60.184,57.617,103.583,56.372,58.087,57.777,59.395,55.638,121.575,87.381,61.908,55.818,54.695,164.651,73.559,60.52,113.591,48.128,58.041,73.201,65.448,97.475,99.267,63.957,57.285,42.785,54.751,111.518,97.549,71.658,37.948,52.624,96.149,117.347,84.176,71.016,51.989,60.779,69.083,69.635,58.577,92.443,70.303,54.013,75.715,50.237,48.158,71.766,57.741,60.683,103.731,339.501,144.834,54.29,49.519,60.728,58.741,145.898,85.391,142.126,1637.385,82.504,28.416,106.206,67.273,779.213,42.734,151.912,117.716
1997-07-01,61.472,79.778,74.697,61.049,112.065,110.716,40.282,125.689,48.172,150.393,37.039,35.173,62.586,62.655,74.633,72.74,60.928,58.777,51.275,68.337,67.376,57.676,77.322,58.098,58.627,61.977,38.749,137.305,142.522,65.631,114.671,47.901,144.623,92.95,60.55,56.357,54.385,62.758,35.963,57.351,58.315,130.332,60.505,58.05,103.542,56.62,58.536,58.191,59.871,56.234,129.061,87.05,62.189,55.998,55.407,162.455,73.659,60.734,113.4,48.819,58.331,73.333,65.369,97.192,99.443,65.131,57.925,44.927,54.938,110.737,97.385,71.613,38.533,53.168,96.117,117.344,83.126,70.761,52.213,60.971,69.532,70.027,58.856,91.872,70.488,53.941,76.193,50.268,48.911,72.695,58.118,61.086,104.649,333.318,143.005,54.703,49.113,61.077,59.122,145.944,85.495,140.644,1662.732,82.919,28.44,106.461,67.493,752.258,43.354,152.904,115.604
1997-10-01,62.589,82.352,74.639,61.508,110.153,110.263,40.619,125.16,48.656,149.555,37.463,35.365,62.381,63.003,76.42,72.002,61.169,59.123,52.099,68.485,67.551,58.103,77.079,58.53,59.145,61.003,38.307,137.005,141.801,65.968,114.043,48.063,146.529,92.826,60.985,56.664,54.797,62.876,36.291,57.35,58.198,129.719,60.816,58.404,102.495,56.983,58.957,58.602,60.311,56.715,131.065,85.974,62.731,56.149,56.213,157.225,73.742,60.737,113.307,49.053,58.544,72.932,65.641,97.227,98.881,66.973,58.13,45.712,55.435,111.599,97.174,71.689,39.352,53.643,96.342,116.376,83.545,70.909,52.181,61.052,69.814,70.4,58.88,92.867,70.71,54.042,76.317,50.296,49.372,74.439,58.55,61.288,104.844,327.585,142.566,55.1,48.861,61.425,59.661,145.911,85.215,139.887,1671.788,83.126,28.982,105.83,68.198,729.699,43.733,152.858,114.702
1998-01-01,62.674,81.666,74.638,62.151,108.121,109.077,40.729,124.858,49.185,148.455,37.861,35.714,60.797,61.334,77.858,71.853,60.791,59.122,51.605,68.715,67.817,58.107,72.445,58.885,59.467,59.977,36.39,137.265,142.036,66.086,112.853,44.07,146.995,92.105,61.493,56.501,55.179,63.225,36.721,57.57,58.352,130.271,61.063,58.689,103.15,55.958,59.418,58.807,60.801,57.21,130.993,85.667,62.446,56.45,57.09,156.725,74.531,61.246,112.587,44.825,58.955,72.796,66.11,96.62,98.602,64.983,58.198,45.49,56.276,109.698,97.05,71.116,39.913,54.135,95.162,116.426,84.155,71.395,52.657,61.317,70.338,70.853,59.122,93.709,70.715,54.37,76.875,50.461,49.855,74.015,58.915,61.735,105.488,320.615,143.167,55.481,49.197,61.702,60.122,146.823,85.33,139.456,1654.937,83.684,29.297,105.484,68.406,699.541,44.005,158.773,113.255
1998-04-01,63.715,80.253,74.839,62.462,109.05,108.559,41.136,125.356,49.671,147.348,38.296,36.289,60.544,61.237,79.419,68.676,59.53,58.577,51.589,68.886,67.987,58.635,70.228,59.169,59.846,60.667,35.785,137.931,143.13,66.322,112.268,42.132,149.748,91.739,62.09,56.758,55.619,63.628,37.119,57.916,58.622,129.012,61.341,59.118,103.808,56.003,59.904,59.218,61.312,57.651,134.217,84.286,62.671,56.828,57.854,154.046,74.95,61.738,111.479,42.734,59.266,72.33,66.29,96.049,99.821,65.377,58.386,43.955,56.966,108.423,96.785,70.976,40.507,54.798,94.893,115.557,83.978,71.952,53.025,61.909,70.814,71.319,59.467,93.854,70.843,55.072,77.34,50.523,50.488,73.231,59.192,62.105,107.519,313.906,141.951,55.891,49.611,62.014,60.614,144.05,85.072,139.924,1620.122,84.169,30.169,104.242,68.299,675.065,44.328,160.811,112.908
1998-07-01,63.878,81.101,75.009,62.83,109.563,109.263,41.95,125.04,50.243,146.222,38.726,36.554,60.02,60.586,80.184,68.253,59.3,58.583,51.496,69.149,68.265,58.756,67.196,59.54,60.192,60.337,35.218,137.425,142.666,66.655,113.029,41.954,148.956,91.713,62.462,56.941,56.124,63.905,37.419,58.179,58.773,129.04,61.638,59.655,104.044,55.668,60.411,59.578,61.823,58.002,135.121,83.125,62.984,57.106,58.559,150.507,75.357,62.108,112.242,42.601,59.738,72.599,66.716,96.457,99.294,64.353,58.539,43.516,57.305,109.092,97.117,71.262,41.042,55.518,95.381,114.393,84.274,72.329,53.385,62.23,71.11,71.318,59.766,93.654,71.062,55.597,77.726,50.643,51.088,73.829,59.571,62.465,108.442,304.759,140.562,56.389,50.024,62.324,61.113,142.487,85.665,139.447,1591.679,83.987,31.01,103.11,68.779,640.211,44.639,160.116,113.684
1998-10-01,65.491,79.627,75.455,63.287,112.885,108.458,43.079,124.626,50.849,145.134,39.216,37.287,59.691,60.157,80.234,68.127,58.665,58.474,50.521,69.548,68.661,59.269,63.796,59.942,60.741,61.762,33.461,136.687,142.334,66.971,112.312,41.04,147.18,91.549,62.725,56.308,56.591,64.262,37.706,58.423,58.941,128.191,61.965,60.148,103.862,55.464,60.892,59.943,62.315,58.682,134.941,83.197,63.404,57.409,59.249,143.808,75.842,62.718,112.32,41.787,60.266,72.818,67.217,96.577,98.302,63.683,58.77,44.592,58.8,109.787,96.906,71.375,41.646,56.081,94.236,113.925,84.7,72.965,53.864,62.75,71.617,71.713,60.055,93.504,71.249,56.071,78.259,50.712,51.633,72.666,59.969,62.949,107.39,297.065,138.62,56.837,50.423,62.645,61.52,140.616,86.35,138.909,1538.257,84.279,33.137,101.955,68.771,614.111,44.88,159.498,112.074
1999-01-01,64.801,79.599,75.826,63.558,110.744,107.087,43.728,123.861,51.512,143.914,39.735,37.59,59.816,60.293,80.403,67.663,57.546,57.987,48.958,69.835,68.936,59.614,64.417,60.34,61.008,61.724,32.169,136.466,142.297,67.23,110.821,39.839,147.388,91.457,63.091,56.278,56.958,64.651,38.167,58.796,59.328,127.225,62.197,60.533,103.999,55.631,61.248,60.267,62.683,59.177,134.928,81.845,63.434,57.813,59.717,137.508,75.786,63.606,111.391,40.601,60.577,72.46,67.414,96.337,97.789,63.989,58.997,44.808,59.875,109.162,96.906,71.618,42.257,56.397,93.316,112.313,84.597,74.461,54.322,63.128,72.026,71.948,60.625,94.112,71.39,56.508,78.673,52.067,52.232,72.603,60.369,63.469,106.628,290.722,138.477,57.186,50.191,62.876,61.816,138.715,87.019,137.612,1503.048,84.068,37.91,101.411,68.888,592.991,45.104,155.731,110.254
1999-04-01,65.755,80.945,76.259,63.698,110.389,107.739,44.449,122.779,52.027,143.198,40.247,38.046,59.734,60.184,81.494,66.537,57.087,57.919,48.999,70.024,69.09,59.787,63.6,60.665,61.41,61.879,33.861,135.864,142.043,67.732,111.77,44.537,146.433,92.114,63.584,56.502,57.369,64.947,38.588,59.08,59.551,125.695,62.479,61.069,104.538,55.638,61.623,60.58,63.055,59.743,133.584,82.843,64.338,58.161,60.553,135.379,75.848,64.583,112.33,45.649,61.052,72.108,67.771,96.327,97.201,63.77,59.324,46.422,60.438,109.409,96.871,72.655,42.898,56.941,92.845,112.778,84.653,74.775,54.923,63.34,72.334,72.119,60.992,94.927,71.796,57.311,78.983,52.207,52.76,73.53,60.698,64.057,106.418,285.589,138.319,57.572,50.533,63.181,62.361,137.521,87.273,136.283,1440.778,84.574,37.59,101.054,69.418,575.755,45.333,154.92,111.318
1999-07-01,66.568,80.97,76.799,64.193,113.639,107.308,44.925,121.767,52.571,142.538,40.642,38.462,59.547,60.657,82.858,64.887,56.94,58.077,50.006,70.286,69.311,59.943,65.642,61.032,61.833,62.35,36.942,135.33,141.614,68.237,111.379,48.056,143.92,92.571,64.132,56.812,57.77,65.303,38.896,59.369,59.798,125.676,62.818,61.416,105.18,56.032,62.015,60.973,63.426,60.408,128.49,82.344,64.903,58.514,61.427,129.522,76.292,65.151,111.416,49.202,61.408,72.107,67.991,97.029,98.183,66.161,59.858,48.405,60.95,111.812,96.915,73.435,43.527,57.41,92.263,111.951,84.528,75.248,55.179,63.635,72.779,72.337,61.299,95.43,72.191,58.102,79.535,52.32,53.453,73.659,61.071,64.555,103.44,278.869,135.26,57.964,51.971,63.548,62.976,135.407,88.123,135.319,1392.757,85.097,38.744,101.923,69.609,555.66,45.557,155.388,110.969
1999-10-01,66.97,81.426,77.343,64.855,114.305,107.46,46.054,121.62,53.184,141.691,41.165,37.729,60.083,61.201,84.352,64.816,57.51,58.602,51.081,70.678,69.679,60.524,68.0,61.398,62.204,62.764,40.294,134.505,140.242,68.735,111.794,50.693,142.782,92.889,64.761,56.955,58.256,65.716,39.205,59.724,60.073,126.457,63.271,61.858,104.894,56.481,62.444,61.407,63.798,60.862,125.393,81.249,65.533,58.935,62.426,134.488,76.111,65.913,111.931,51.741,61.74,72.461,68.489,97.18,97.484,66.417,60.276,48.862,60.766,112.138,96.936,74.098,44.238,58.111,91.444,111.67,85.437,75.461,55.568,64.097,73.265,72.905,61.796,95.639,72.629,58.734,79.895,52.452,54.105,73.961,61.431,65.181,104.869,273.46,133.385,58.45,54.531,64.03,63.602,133.433,87.925,135.348,1350.812,85.596,39.547,101.765,70.045,537.896,45.796,153.135,111.302
2000-01-01,68.056,82.798,78.063,65.373,116.04,106.771,46.438,120.924,53.862,141.032,41.62,39.895,60.193,61.631,84.662,65.777,58.023,59.166,51.209,71.075,70.029,60.775,68.106,61.807,62.697,62.547,50.729,135.003,141.152,69.415,110.957,56.782,143.744,93.612,65.284,57.11,58.851,66.247,39.604,60.282,60.483,125.753,63.807,62.757,104.769,56.874,63.08,62.005,64.4,61.515,126.987,80.766,66.562,59.493,64.261,131.57,76.214,66.658,111.815,57.336,62.31,72.679,68.898,96.803,97.475,67.405,60.72,48.923,60.323,111.374,96.581,75.232,44.973,59.311,91.305,111.768,85.443,75.805,56.673,64.408,73.753,73.475,62.344,95.837,73.219,59.094,80.235,52.531,54.79,74.803,61.844,65.888,105.249,269.158,133.557,59.023,58.113,64.562,64.495,131.754,88.533,134.297,1336.683,86.255,40.34,101.421,70.585,523.303,46.091,147.85,109.79
2000-04-01,68.871,84.498,78.616,65.425,114.303,106.075,47.159,119.173,54.447,140.734,42.261,40.246,60.32,62.681,86.976,61.676,56.765,58.519,52.485,71.563,70.506,60.581,69.776,62.135,63.086,61.647,48.744,134.757,140.554,69.946,109.991,58.602,144.446,94.047,66.082,57.712,59.327,66.568,40.172,60.609,60.828,125.834,64.062,63.596,106.847,57.671,63.564,62.539,64.849,61.947,126.67,79.825,67.474,59.924,65.141,126.406,76.432,67.284,110.795,59.556,62.844,72.206,69.409,97.229,97.511,71.358,61.167,50.32,60.012,112.017,97.158,75.888,45.811,59.562,91.616,110.521,85.895,76.64,57.487,64.508,74.063,73.665,62.906,95.986,73.568,59.585,80.505,52.657,55.392,76.011,62.187,66.351,105.048,266.944,134.983,59.492,60.806,64.874,65.231,131.883,89.42,132.033,1311.421,86.074,41.405,101.117,71.311,514.126,46.388,140.9,108.931
2000-07-01,69.542,84.781,79.089,66.236,112.563,105.841,47.672,117.83,54.99,139.872,42.712,40.846,60.983,64.94,87.114,61.168,56.803,58.735,53.015,72.239,71.213,60.794,68.209,62.621,63.595,61.435,52.583,134.54,140.572,70.579,109.949,60.304,143.894,94.297,66.779,58.516,59.954,67.33,40.547,61.551,61.695,124.747,64.63,64.325,108.364,59.281,64.097,63.249,65.341,62.471,124.874,78.71,67.986,60.737,65.988,124.409,76.309,68.492,110.567,61.017,63.449,72.247,70.124,96.938,97.221,78.921,61.82,51.065,59.803,111.376,96.947,76.486,46.484,60.83,90.661,109.781,86.891,76.982,58.327,64.703,74.577,74.589,63.435,96.547,74.042,60.075,80.714,52.808,55.93,76.415,62.679,67.262,105.225,263.032,133.913,60.094,62.418,65.432,65.834,130.764,89.172,130.441,1263.916,86.733,41.593,101.594,71.931,502.197,46.712,135.166,109.153
2000-10-01,69.75,86.117,79.487,66.521,111.545,105.791,47.992,117.488,55.526,139.535,43.109,41.422,61.493,67.175,88.501,61.064,56.906,58.949,53.317,72.524,71.48,60.6,69.791,63.024,63.974,61.523,57.994,133.941,140.487,71.069,109.781,61.063,141.524,94.4,67.441,58.963,60.593,67.811,40.943,62.067,62.071,123.614,65.144,64.837,108.719,60.888,64.668,63.987,65.898,62.874,125.041,79.743,68.503,61.212,66.57,125.421,76.441,68.965,109.345,61.271,63.948,73.026,70.743,97.332,97.92,86.72,62.253,51.932,59.86,113.479,96.474,76.732,46.971,61.971,91.057,110.707,87.822,77.082,59.041,65.12,75.009,74.956,64.057,96.753,74.46,60.58,81.137,52.986,56.67,77.416,63.099,67.714,105.226,258.909,133.06,60.706,62.94,65.972,66.568,130.683,89.771,129.948,1216.761,87.428,41.283,101.886,72.674,487.167,47.061,131.005,109.734
2001-01-01,70.245,82.323,79.817,66.766,112.436,105.952,48.867,117.028,56.168,138.909,43.683,41.876,63.222,72.609,90.302,60.922,57.407,59.602,54.438,73.204,72.211,60.716,73.197,63.512,64.462,63.141,55.045,133.362,139.187,71.756,109.919,59.492,141.928,94.394,68.157,59.416,61.241,68.481,41.406,62.455,62.382,124.268,65.88,65.833,108.69,64.647,65.266,65.116,66.498,63.783,125.104,81.115,68.563,61.651,68.177,123.568,76.884,69.592,108.615,59.85,64.482,74.177,71.488,97.632,98.204,104.033,62.918,53.288,60.318,114.012,96.481,76.935,47.663,62.704,91.303,111.427,89.118,77.579,59.529,65.829,76.051,75.586,64.828,97.415,75.012,61.485,82.597,54.409,57.363,75.234,63.596,68.233,105.283,253.269,132.681,61.355,62.515,66.74,66.715,129.36,90.357,129.083,1194.412,87.732,41.477,101.525,72.502,468.682,47.372,131.102,110.37
2001-04-01,70.346,79.819,80.109,67.388,112.882,104.423,49.567,117.044,56.605,137.923,44.32,42.389,64.784,72.225,91.017,60.15,57.019,59.555,54.415,73.677,72.711,61.259,76.109,64.061,64.957,62.691,52.211,132.511,138.585,72.277,108.244,61.826,139.828,94.547,68.801,59.793,61.987,69.034,42.004,63.087,62.912,123.644,66.297,66.254,108.888,64.47,65.981,65.674,67.23,64.307,125.52,79.598,68.743,62.268,68.973,127.428,77.023,70.347,107.751,62.742,64.98,74.081,71.779,97.485,98.426,97.899,63.281,55.672,60.637,113.788,96.366,77.458,48.398,63.802,90.318,111.183,88.881,78.138,60.144,66.316,76.495,76.282,65.431,96.906,75.363,62.319,82.861,54.857,58.097,73.751,64.146,68.876,106.419,248.475,132.959,62.075,62.168,67.167,67.26,128.998,90.4,128.983,1172.594,88.378,42.54,100.934,72.236,451.99,47.671,126.943,107.997
2001-07-01,70.252,75.483,80.687,67.916,112.154,103.379,50.27,117.792,57.163,137.012,45.054,43.513,66.533,70.649,91.464,60.743,57.127,58.351,54.064,74.29,73.33,61.628,76.237,64.613,65.435,63.557,51.552,132.007,137.793,72.475,106.779,57.468,138.716,94.07,69.321,60.073,62.701,69.487,42.691,63.633,63.33,124.226,66.531,67.064,109.44,63.558,66.693,66.116,67.96,60.928,130.708,79.206,68.18,62.798,56.549,128.597,77.684,70.483,106.534,57.998,65.645,74.369,72.33,97.202,98.707,86.03,63.398,56.184,60.972,113.517,95.925,77.138,49.345,64.945,90.852,111.054,89.133,78.839,60.796,67.215,76.823,76.888,66.131,97.22,75.401,63.107,82.898,55.567,58.695,71.093,64.703,69.195,106.741,244.148,132.587,62.774,61.983,67.408,67.663,128.391,90.578,129.327,1130.327,88.253,43.608,101.065,71.79,437.829,48.101,123.778,106.315
2001-10-01,69.071,73.051,80.997,68.332,112.121,102.312,50.825,117.741,57.755,136.336,45.723,43.899,65.871,67.948,90.696,60.16,56.456,59.311,53.3,74.612,73.659,61.63,68.923,65.092,65.729,63.817,47.138,131.139,136.742,72.406,105.675,49.808,137.396,93.061,69.532,60.226,63.414,69.943,43.37,64.035,63.718,124.314,67.015,67.566,110.17,61.896,67.48,66.506,68.789,64.584,131.092,79.377,67.408,63.25,69.226,121.193,77.577,71.348,105.871,50.012,66.25,74.661,72.733,97.505,98.476,76.835,63.43,56.688,61.51,113.633,96.281,76.038,50.099,65.417,89.924,110.521,88.985,79.054,61.379,67.873,77.349,77.378,66.589,97.321,75.432,63.744,83.411,55.636,59.439,69.539,65.195,69.661,107.159,240.054,132.597,63.464,62.056,67.856,68.035,127.192,90.641,129.208,1106.333,88.88,43.033,100.277,71.591,425.478,48.483,119.476,104.847
2002-01-01,69.96,70.126,81.376,69.619,110.851,101.916,51.452,117.703,58.496,135.141,46.416,44.848,64.952,67.124,91.504,60.572,56.744,59.491,53.458,75.014,74.065,61.845,69.061,65.513,66.203,63.757,42.883,130.192,135.54,72.65,105.391,47.723,136.119,92.65,70.093,60.476,64.074,70.148,44.067,64.478,64.133,123.971,67.379,68.336,109.499,61.519,68.161,67.017,69.498,64.597,128.183,78.63,67.556,63.741,69.119,121.704,77.867,71.247,105.165,48.157,66.831,74.99,73.3,97.021,98.174,75.975,63.287,57.272,61.928,114.582,95.092,75.902,50.849,66.004,89.107,110.13,89.498,79.273,61.62,68.449,77.236,77.732,66.85,97.374,75.584,64.464,82.646,55.585,60.267,67.803,65.622,70.073,108.804,235.548,132.646,64.091,62.141,68.234,68.723,126.288,90.113,129.443,1077.633,88.762,42.886,100.201,71.433,411.513,48.958,122.419,104.904
2002-04-01,69.976,71.446,81.769,70.381,110.359,101.7,52.2,116.868,59.215,134.462,47.187,45.927,64.274,67.054,92.008,60.722,57.323,60.157,54.452,75.062,74.063,62.447,62.59,65.85,66.503,65.326,45.102,130.078,135.736,73.223,104.84,53.574,136.058,93.301,70.69,61.205,64.562,70.62,44.861,65.069,64.749,122.744,67.899,68.67,109.903,61.576,68.74,67.509,70.12,65.428,127.391,78.068,68.126,64.351,70.575,121.278,78.167,72.037,104.198,54.389,67.567,75.39,73.861,96.851,99.033,77.727,63.703,58.05,62.941,115.088,94.5,76.996,51.566,66.475,90.169,109.663,89.543,79.911,62.263,68.969,77.549,78.27,67.212,97.34,76.145,65.135,82.641,55.64,60.83,68.808,65.952,70.782,109.577,232.187,130.958,64.567,62.009,68.755,69.234,124.694,90.08,128.433,1026.264,88.76,44.915,100.237,72.12,401.88,49.265,121.651,104.604
2002-07-01,70.061,69.141,82.115,70.48,109.897,101.142,52.798,119.062,59.779,133.791,47.972,46.525,64.118,66.863,91.138,60.844,58.208,61.012,56.099,74.999,73.937,63.222,62.399,66.281,66.894,67.825,46.462,129.296,135.266,73.621,104.318,55.034,133.857,93.285,71.221,61.962,65.017,71.328,45.668,66.052,65.822,122.137,68.502,69.146,108.969,61.556,69.251,67.929,70.666,66.241,130.919,77.026,68.284,65.238,71.328,120.972,78.309,72.774,103.603,55.856,67.983,76.23,74.145,97.132,98.641,77.318,64.357,59.523,64.103,115.81,94.467,77.211,52.46,67.024,89.472,108.692,89.434,80.174,62.928,70.059,77.893,78.545,67.462,96.893,76.539,65.732,82.939,60.586,61.278,67.552,66.373,71.246,109.862,228.69,128.399,65.016,61.609,69.313,69.835,124.816,89.755,130.092,983.031,88.347,46.653,99.829,71.905,391.045,49.597,118.845,104.121
2002-10-01,70.397,69.578,82.439,71.152,109.053,100.383,53.423,119.081,60.385,132.901,48.728,46.918,64.416,67.829,90.405,61.392,58.99,61.824,57.121,75.176,74.093,63.997,61.568,66.676,67.283,67.681,49.157,128.523,134.736,74.058,103.42,57.597,131.586,93.25,71.691,62.134,65.504,71.963,46.442,66.886,66.812,122.347,69.058,69.517,107.542,62.336,69.752,68.474,71.191,67.112,130.377,76.968,68.922,66.024,71.83,120.248,78.591,73.423,102.407,58.395,68.541,75.962,74.443,96.779,97.689,80.592,65.115,61.53,65.53,113.852,94.717,77.483,53.28,67.103,89.244,108.283,88.941,79.973,63.307,70.46,78.27,79.064,67.71,96.602,76.896,66.313,83.129,60.775,61.855,67.88,66.758,71.814,109.895,225.639,126.856,65.502,60.987,69.828,70.237,124.531,90.297,130.15,936.49,88.182,46.08,98.631,72.208,381.338,49.996,118.337,103.403
2003-01-01,70.109,70.257,82.703,71.678,106.579,99.313,54.468,119.316,60.738,131.193,49.612,47.936,64.835,70.475,89.581,61.017,59.641,62.652,58.79,75.584,74.521,64.692,65.807,66.982,67.519,69.65,60.572,127.701,133.934,74.82,102.19,66.597,130.915,93.771,72.204,62.489,66.056,72.581,47.31,67.867,67.837,121.001,69.718,70.262,105.762,64.24,70.219,69.181,71.65,68.244,130.4,75.408,69.625,66.893,71.86,120.5,78.773,74.184,101.214,67.107,69.087,76.547,74.77,95.29,97.751,90.782,66.573,63.604,67.006,110.003,93.703,78.778,54.074,67.872,88.783,107.384,88.586,79.9,64.139,71.309,78.422,79.55,68.109,95.989,77.484,66.709,82.984,60.975,62.867,68.418,67.054,72.52,109.167,221.909,126.444,66.059,60.296,70.442,70.608,123.982,89.985,130.429,895.33,88.546,46.038,98.335,72.605,371.209,50.37,115.434,102.257
2003-04-01,70.386,70.777,82.923,72.046,106.27,98.281,55.405,117.996,61.556,129.766,50.502,48.337,66.202,73.165,87.612,62.445,61.249,64.167,60.595,76.074,75.051,65.021,69.68,67.31,67.842,72.36,55.376,126.324,132.618,74.698,101.243,57.832,129.316,92.478,72.421,64.653,66.499,73.421,48.218,68.821,68.853,119.118,70.447,70.549,105.924,66.224,70.472,69.721,71.848,69.612,131.278,74.985,69.465,67.71,73.316,119.428,78.659,74.922,100.184,57.978,69.431,76.324,75.085,94.672,98.538,98.006,67.948,65.242,68.21,108.426,93.383,77.561,54.864,68.532,87.415,106.887,88.796,79.945,64.638,71.999,79.114,79.727,68.651,96.255,77.562,66.941,83.957,61.175,63.539,69.439,67.382,72.901,108.702,217.33,125.974,66.507,60.306,71.082,70.909,122.814,89.697,128.559,859.934,88.768,45.543,97.869,73.151,358.917,50.906,111.4,101.304
2003-07-01,71.528,72.666,83.312,72.56,106.846,98.787,57.099,117.332,62.325,128.454,51.897,48.939,66.346,73.345,87.311,62.754,62.165,65.101,62.143,76.692,75.701,65.583,73.891,67.698,68.321,72.695,52.948,124.983,131.125,75.255,101.656,62.51,127.326,92.917,72.996,66.005,66.921,74.089,49.734,69.644,69.723,118.635,71.015,70.922,105.97,66.546,70.843,70.082,72.188,70.581,130.882,75.293,70.597,68.524,73.582,118.699,78.61,75.423,100.074,63.428,69.834,76.325,75.287,93.982,97.538,98.363,69.272,66.347,69.111,105.878,93.238,78.635,55.51,69.136,88.28,106.805,88.355,80.255,65.166,72.532,79.587,80.088,69.262,96.168,78.073,67.565,84.387,61.282,64.057,71.075,67.765,73.423,108.367,213.326,125.729,66.932,61.571,71.622,71.291,124.285,89.231,127.723,822.877,88.776,45.953,96.973,73.822,346.476,51.507,108.898,102.022
2003-10-01,72.607,73.075,83.869,73.094,105.405,98.725,58.35,116.991,63.003,127.28,53.059,49.385,66.45,72.863,87.682,63.44,63.138,66.008,63.423,77.585,76.641,65.952,80.681,68.166,68.864,74.305,53.11,124.495,130.279,75.536,101.665,63.083,128.677,92.847,73.727,66.505,67.277,74.759,50.947,70.445,70.518,117.316,71.597,71.327,104.27,66.489,71.324,70.474,72.669,71.384,129.056,74.326,71.295,69.35,74.347,115.311,78.304,75.656,101.015,64.042,70.214,76.393,75.65,92.894,96.303,95.927,70.16,67.64,69.72,101.804,92.996,78.975,56.392,69.964,87.949,105.722,88.647,80.102,65.745,73.257,80.092,80.99,69.731,96.001,78.457,67.872,84.567,61.365,64.67,71.454,68.236,73.785,108.433,211.236,124.963,67.291,64.116,72.198,71.865,124.979,88.392,127.502,788.341,89.084,45.934,96.8,74.193,340.825,52.306,105.996,101.598
2004-01-01,72.753,72.404,84.251,73.327,104.267,98.284,59.04,116.994,63.751,127.17,54.099,50.22,66.517,73.665,86.928,64.503,63.224,66.348,62.519,77.924,76.977,66.456,75.236,68.746,69.391,76.08,59.032,124.749,131.002,76.168,101.276,68.88,127.814,93.606,74.269,67.07,67.688,75.64,52.133,71.432,71.547,116.406,72.18,71.796,104.663,67.299,71.744,70.957,73.042,72.158,128.784,75.111,71.995,70.251,75.386,113.768,78.344,76.433,100.586,69.802,70.606,76.484,75.811,93.033,96.309,99.179,70.988,68.879,70.027,102.83,92.834,80.048,57.197,70.753,87.308,106.165,88.082,80.587,66.447,74.027,80.841,81.336,70.118,96.561,79.062,68.338,85.563,62.236,65.554,71.193,68.818,74.369,108.745,209.226,125.606,67.704,67.514,72.737,72.174,124.325,89.689,127.398,760.076,89.772,46.267,98.332,74.216,333.963,53.119,105.953,101.304
2004-04-01,74.968,70.23,85.0,73.982,102.604,98.768,59.843,116.18,64.449,127.063,55.03,50.795,66.888,74.317,87.595,65.365,63.819,67.001,62.859,78.773,77.838,66.999,82.326,69.264,70.12,75.254,60.493,124.468,130.547,76.76,101.74,70.645,128.491,94.133,75.026,67.821,68.24,76.242,53.119,72.21,72.342,115.584,72.708,72.367,104.523,68.014,72.311,71.549,73.567,72.912,125.969,76.327,72.846,71.028,76.537,112.524,78.749,76.598,100.613,71.594,70.891,76.494,75.886,93.392,95.913,100.768,71.629,70.323,70.472,103.973,92.984,80.804,58.039,71.445,87.869,106.668,87.509,80.955,67.179,74.372,81.225,81.973,70.593,96.493,79.594,69.078,85.667,62.473,66.299,70.069,69.336,74.844,109.304,207.347,126.04,68.256,70.891,73.271,72.882,122.85,90.681,126.668,731.929,89.99,46.383,98.391,73.888,328.519,53.954,108.502,102.234
2004-07-01,75.608,71.057,85.241,74.507,102.697,98.425,61.446,115.929,65.422,126.092,56.161,51.091,67.696,75.985,86.576,65.622,64.352,67.553,63.666,79.126,78.208,67.156,81.681,69.936,70.79,76.329,64.749,123.756,129.499,77.252,101.284,73.163,129.554,94.205,75.289,68.786,68.781,76.72,54.204,72.864,73.001,113.945,73.287,72.926,104.119,69.424,72.794,72.182,73.993,73.502,127.297,75.199,73.564,71.643,77.164,112.227,79.016,76.982,100.327,73.924,71.425,76.872,76.277,93.116,96.046,105.337,72.157,71.543,71.08,104.82,92.126,81.267,58.906,72.077,87.957,105.979,87.455,81.02,67.683,75.01,81.485,82.276,71.236,95.773,79.985,69.449,85.646,62.741,67.038,70.936,70.021,75.307,108.502,203.943,124.524,68.797,73.765,73.797,72.906,121.875,89.399,126.097,706.769,90.591,47.107,98.322,74.442,321.401,54.813,109.316,101.626
2004-10-01,76.661,72.083,85.858,74.866,103.135,98.26,62.917,115.289,66.184,126.265,57.311,51.544,67.635,76.958,87.131,65.598,64.583,67.962,64.147,79.659,78.728,67.855,83.166,70.374,71.307,79.052,74.198,124.315,130.442,78.082,100.894,81.077,129.625,95.3,75.92,68.317,69.181,77.173,55.334,73.454,73.564,113.617,73.793,73.454,105.063,70.27,73.162,72.629,74.32,74.219,126.798,74.986,74.683,72.29,78.199,112.137,79.934,77.319,99.166,81.678,72.149,77.244,76.801,94.279,96.868,109.885,72.898,72.391,71.328,107.43,92.892,82.705,59.831,72.788,88.653,105.794,87.359,81.452,68.289,75.806,81.768,82.504,71.711,96.09,80.669,69.891,85.797,63.076,67.7,71.455,70.452,75.816,108.991,200.761,124.09,69.196,76.116,74.305,73.734,121.131,88.985,125.25,697.388,90.524,47.232,99.126,74.965,313.191,55.383,110.386,101.62
2005-01-01,77.664,73.823,85.838,75.219,102.828,98.266,64.496,115.347,67.312,125.992,58.362,51.898,68.774,77.711,88.782,66.942,65.597,68.767,64.854,79.487,78.534,68.282,82.493,70.999,71.984,80.168,76.418,124.559,129.754,78.485,100.667,79.866,128.91,95.127,76.859,69.075,69.722,78.022,56.293,74.145,74.252,116.945,74.504,74.256,105.614,71.038,73.683,73.192,74.811,74.673,125.957,74.486,75.349,73.033,78.134,111.201,79.993,77.846,100.133,80.143,72.707,77.948,77.299,94.816,96.838,109.337,73.649,73.415,71.715,107.044,93.754,82.569,60.743,73.498,89.553,105.327,87.671,81.695,69.083,76.604,82.811,83.494,72.644,95.797,81.138,70.221,86.837,63.122,68.212,72.814,71.083,76.291,108.433,197.675,122.136,69.735,78.195,75.047,74.552,121.306,89.769,125.426,674.881,90.899,48.461,100.706,75.75,304.055,56.177,109.876,100.698
2005-04-01,78.059,74.976,85.954,75.001,103.361,97.825,65.368,115.252,68.25,125.814,59.375,52.656,70.241,79.943,88.842,66.742,66.131,69.36,66.099,80.288,79.436,68.845,83.062,71.48,72.456,80.426,80.505,125.002,129.534,79.013,100.041,81.536,130.358,95.473,77.391,70.091,70.252,78.586,57.374,74.8,74.893,118.391,75.103,75.31,105.488,72.779,74.119,73.834,75.204,75.372,125.09,73.573,75.943,73.682,79.038,111.239,80.667,78.531,99.676,81.588,73.193,78.079,77.933,95.187,96.375,114.235,74.45,74.402,71.898,108.696,93.679,83.113,61.614,74.216,89.819,104.693,88.719,81.928,69.794,77.277,83.266,83.872,73.483,96.23,81.65,70.754,87.173,63.371,68.929,73.886,71.561,76.703,108.531,195.559,121.473,70.264,79.686,75.631,75.032,121.161,90.724,125.384,642.92,91.31,48.666,101.56,76.528,297.474,56.868,109.366,99.861
2005-07-01,77.069,75.727,86.205,75.591,100.724,97.192,66.403,114.789,68.85,124.905,60.214,53.304,71.815,83.062,88.896,66.963,66.769,70.044,67.156,80.386,79.515,68.884,78.148,71.975,72.756,80.735,90.358,124.02,128.498,80.2,98.957,99.499,127.656,97.058,77.94,71.405,70.793,79.073,58.186,75.485,75.619,118.666,75.698,75.979,104.917,75.104,74.577,74.585,75.629,76.139,124.427,74.687,77.54,74.356,80.196,110.03,80.382,79.105,98.232,100.279,73.905,78.842,78.727,94.477,95.913,122.904,75.277,74.983,72.068,108.574,92.426,85.673,62.375,74.703,90.913,105.101,89.728,82.387,70.457,77.669,83.507,84.055,73.869,96.869,82.532,71.492,87.33,63.618,69.657,74.833,72.07,77.465,108.643,193.367,121.479,70.803,80.706,76.209,75.789,121.667,92.085,124.843,622.287,91.413,49.551,101.485,77.373,289.981,57.482,110.386,99.143
2005-10-01,78.811,79.573,86.415,76.714,99.501,96.974,67.138,115.095,69.851,124.615,61.042,54.257,74.457,90.722,89.274,67.674,67.691,70.811,68.301,80.834,79.996,69.603,81.901,72.519,73.462,80.596,96.615,123.807,128.707,80.958,98.874,98.896,125.617,97.156,78.777,72.673,71.334,79.815,59.029,76.524,76.734,118.483,76.61,76.897,105.206,80.543,75.063,75.85,76.099,76.646,124.724,74.446,78.48,75.31,80.952,110.387,80.515,79.907,98.001,99.096,74.89,79.425,79.595,95.08,95.451,149.503,75.892,75.594,72.02,109.711,92.823,85.92,63.23,75.373,90.174,105.459,90.224,82.943,71.225,78.189,83.883,84.412,74.219,96.847,83.189,72.448,87.506,64.36,70.201,77.689,72.609,78.33,108.203,190.142,121.979,71.343,81.256,77.106,76.607,120.557,92.059,125.123,601.036,93.047,50.0,101.761,78.889,282.563,58.172,109.826,99.259
2006-01-01,80.258,81.235,86.966,77.101,100.864,96.632,68.603,115.598,70.648,124.091,62.116,55.136,79.046,92.149,89.993,67.855,68.427,71.353,69.616,81.225,80.364,70.146,81.504,73.132,74.186,82.054,95.19,123.801,128.405,81.377,98.24,97.501,125.077,97.075,79.471,73.519,71.875,80.303,60.054,77.157,77.44,119.794,77.26,77.551,105.802,81.743,75.681,76.548,76.745,76.854,126.987,74.059,79.274,75.991,80.936,110.855,81.235,80.641,97.374,97.697,75.664,80.18,80.121,95.304,95.744,138.924,76.415,76.122,71.812,109.845,92.936,86.01,64.119,75.664,90.93,105.152,90.046,83.468,71.701,79.065,84.191,84.817,75.024,97.05,83.621,73.211,87.589,67.2,70.963,79.031,73.224,78.858,107.753,187.015,121.387,71.884,81.564,77.759,77.178,120.147,92.086,125.079,577.997,93.172,50.528,102.061,79.678,274.911,58.944,110.097,98.407
2006-04-01,81.292,82.177,87.392,77.888,101.594,97.607,69.419,115.886,71.812,123.514,63.072,55.978,79.656,89.71,90.159,68.996,70.372,72.794,72.432,81.237,80.316,70.883,78.741,73.776,74.884,83.936,99.837,123.68,128.317,82.124,99.416,104.669,124.091,97.818,80.137,73.876,72.6,80.966,61.057,77.943,78.271,120.094,78.008,78.107,106.355,80.325,76.544,77.058,77.652,77.43,129.384,75.76,80.5,76.799,81.363,110.64,81.631,81.239,97.405,105.067,76.475,81.447,80.857,95.062,95.973,125.064,77.253,76.413,72.043,108.619,92.688,87.266,65.021,76.228,91.147,105.895,90.559,83.956,72.419,79.842,84.701,85.325,75.809,96.791,84.355,73.972,87.885,67.325,71.499,79.749,73.866,79.559,107.685,184.045,121.477,72.609,82.192,78.488,77.956,121.064,93.009,125.145,541.771,93.609,50.759,102.464,80.407,266.043,59.64,110.446,100.287
2006-07-01,81.403,82.033,87.399,78.308,102.163,97.289,69.894,116.106,72.588,122.964,64.036,56.678,80.676,90.132,90.273,68.709,70.292,72.944,72.578,81.774,80.932,71.79,81.491,74.385,75.424,84.979,101.065,123.657,128.136,82.89,99.279,110.365,123.293,98.387,80.818,74.779,73.433,81.664,62.105,78.808,79.132,121.217,78.649,78.669,106.484,80.832,77.433,77.883,78.559,77.985,124.263,76.994,81.36,77.644,82.128,111.206,81.505,82.064,97.435,111.138,77.131,82.463,81.315,94.915,96.471,123.192,77.932,76.815,72.08,107.393,92.67,88.273,66.126,77.103,90.151,106.428,90.494,84.248,72.925,80.623,85.194,85.882,76.502,97.113,84.962,74.575,88.244,67.65,72.453,79.967,74.466,80.23,107.475,181.075,120.909,73.443,82.968,79.11,78.666,119.112,94.529,126.112,512.535,93.864,50.969,102.665,80.787,258.752,60.34,109.191,99.978
2006-10-01,82.411,79.187,87.486,78.618,100.835,97.204,70.44,113.969,73.477,122.179,64.941,57.805,80.543,89.493,90.012,70.111,71.212,73.762,72.98,82.152,81.355,72.306,80.015,74.883,75.992,86.09,94.862,123.695,127.943,82.553,99.098,93.77,122.136,96.696,81.272,75.0,74.266,82.147,63.137,79.486,79.842,123.186,79.21,79.686,105.935,80.619,78.213,78.508,79.324,78.632,102.985,77.677,80.44,78.308,83.54,111.669,81.9,82.845,97.15,93.654,77.839,83.019,82.021,94.481,95.948,120.627,78.416,77.048,72.124,106.921,91.999,86.235,66.871,77.625,90.423,106.954,91.178,84.287,73.649,81.243,85.437,86.139,77.226,98.186,84.822,74.436,88.272,67.551,73.402,78.28,74.963,80.567,108.118,177.537,120.684,74.277,83.747,79.643,79.167,118.23,94.266,127.054,498.641,94.328,51.113,102.711,80.713,250.631,61.012,108.298,99.981
2007-01-01,83.576,79.468,88.34,78.5,100.042,97.241,71.171,113.084,74.351,121.543,65.822,59.164,81.947,91.652,90.957,71.199,71.676,74.17,72.767,83.234,82.467,72.819,86.453,75.648,76.812,87.186,95.663,123.372,127.473,83.358,99.259,98.48,121.113,97.374,82.048,75.095,75.114,83.457,64.067,80.184,80.439,123.65,80.022,80.058,105.879,82.347,78.91,79.364,79.977,78.955,94.646,79.576,81.568,79.028,84.28,111.565,82.086,83.678,95.726,98.697,78.445,83.549,82.559,94.294,93.642,125.444,78.613,77.42,72.165,106.714,91.638,87.435,67.708,78.814,90.015,108.023,91.528,84.778,74.647,81.722,87.506,87.021,77.934,98.651,85.597,74.371,91.457,68.229,74.051,78.502,75.735,81.177,108.269,174.279,120.784,75.128,84.527,80.461,79.943,118.519,93.159,127.397,481.656,94.748,53.541,103.129,81.146,243.514,61.812,108.909,101.171
2007-04-01,85.187,80.622,89.294,78.922,98.553,96.409,72.01,113.86,75.061,120.962,66.682,60.416,82.659,92.886,90.974,71.468,72.524,74.784,74.258,84.376,83.637,73.555,88.114,76.321,77.616,89.251,100.058,123.281,126.577,84.305,98.417,109.176,122.17,98.432,82.49,74.894,75.812,83.889,64.95,80.739,80.922,125.372,80.624,80.425,105.162,83.455,79.401,79.951,80.408,79.152,96.1,79.307,83.061,79.592,84.257,111.936,82.424,84.428,95.442,109.935,79.051,84.041,82.755,94.344,93.716,128.516,79.34,78.025,71.554,106.663,91.614,89.145,68.492,79.719,89.222,107.728,90.686,84.846,75.542,82.508,87.783,87.455,78.595,98.983,86.324,74.526,91.495,69.278,74.9,79.133,76.406,81.918,108.537,171.604,120.244,75.827,85.001,81.043,80.373,119.36,92.714,127.913,460.029,94.923,53.781,102.949,81.484,236.936,62.633,108.582,100.077
2007-07-01,86.435,82.557,89.791,79.088,98.111,95.502,72.317,114.252,76.367,120.129,67.397,61.655,83.353,92.431,91.921,72.019,73.429,75.565,75.56,85.31,84.638,74.026,88.267,77.216,78.562,91.119,103.45,122.475,125.404,84.837,97.143,111.207,121.656,98.643,83.146,75.423,76.445,84.426,65.751,81.349,81.433,125.436,81.222,80.857,104.408,83.409,79.925,80.39,80.903,79.7,96.048,79.815,84.084,80.162,84.824,112.233,83.016,84.091,95.888,111.848,79.733,84.727,83.497,94.453,93.841,124.076,80.022,78.413,71.834,106.655,91.618,89.771,69.282,80.804,89.648,108.003,91.581,85.259,76.229,83.167,88.23,87.764,79.124,98.544,86.812,75.393,91.752,70.575,75.323,80.51,77.314,82.066,108.477,168.016,120.078,76.462,85.424,81.653,81.129,117.456,92.68,128.227,440.245,95.51,54.405,102.453,82.433,229.631,63.45,108.43,97.733
2007-10-01,86.509,85.406,90.116,80.036,99.836,95.98,73.998,114.3,77.595,119.625,68.663,62.656,84.564,93.322,90.663,73.432,74.773,76.477,76.841,86.205,85.621,74.263,89.322,77.899,79.163,93.639,118.72,121.679,123.873,85.875,97.699,121.154,122.092,99.857,83.749,76.11,77.241,85.338,66.988,82.68,82.85,125.806,82.036,81.195,104.926,84.253,80.611,81.102,81.562,79.815,95.846,81.088,85.349,81.328,84.035,112.327,83.125,84.856,96.317,121.355,80.317,85.979,84.158,94.585,93.061,123.927,80.546,78.588,72.246,106.665,91.503,91.671,70.242,81.719,89.843,108.513,92.449,85.889,77.056,83.939,88.618,88.368,79.688,98.853,87.694,76.169,91.733,71.193,75.794,82.536,78.011,82.959,109.374,165.857,120.375,77.259,85.899,82.394,81.675,116.35,92.932,128.237,423.075,95.675,55.068,102.266,83.54,224.902,64.183,109.686,98.218
2008-01-01,87.686,86.435,91.001,80.647,100.193,95.778,74.49,114.469,78.687,119.289,69.606,63.492,84.825,94.486,91.343,73.11,74.268,76.301,76.131,87.344,86.801,74.852,85.035,78.655,79.983,95.941,132.758,122.054,124.293,86.806,97.326,128.561,124.273,100.885,84.253,77.415,77.907,85.825,68.043,83.013,83.13,124.763,82.614,81.978,105.659,85.371,81.165,81.742,82.09,80.193,95.724,83.235,86.776,81.784,84.009,112.582,83.436,85.52,96.769,128.239,81.443,87.173,85.161,93.957,94.017,128.719,81.296,78.809,72.426,104.278,91.147,93.228,71.186,82.307,90.265,109.682,93.183,86.516,77.831,84.873,89.298,89.067,80.982,98.672,88.408,76.716,92.271,72.518,76.986,83.6,78.773,83.695,109.697,164.28,121.132,77.925,86.115,82.975,82.192,117.762,93.162,128.312,409.508,96.233,56.163,101.764,84.566,220.311,65.189,108.324,97.292
2008-04-01,86.44,91.151,91.736,80.651,99.216,95.271,75.242,115.434,79.494,118.511,70.549,64.543,87.213,100.833,91.919,72.526,73.026,75.639,74.145,89.108,88.719,75.778,87.65,79.533,80.557,100.49,158.035,121.338,123.188,87.932,96.462,138.979,123.206,102.142,84.84,78.31,78.553,86.295,69.061,83.54,83.614,125.452,83.315,83.264,107.086,89.934,81.64,82.823,82.523,80.579,95.72,85.281,87.962,82.375,84.189,113.907,83.67,86.216,96.846,137.529,82.534,87.949,86.261,93.125,94.86,149.536,81.822,79.214,72.799,101.767,90.622,95.272,72.029,83.04,91.067,111.026,94.316,86.982,78.937,86.219,89.697,89.793,82.209,99.253,89.269,76.581,92.334,73.79,78.002,86.815,79.649,84.38,110.296,162.081,122.086,78.571,86.106,83.671,82.78,119.338,93.42,129.521,404.348,96.523,56.966,101.561,86.362,214.21,65.977,108.112,95.914
2008-07-01,86.402,92.718,92.422,81.016,97.791,95.876,76.178,116.705,80.262,118.13,71.485,65.977,90.415,105.106,92.507,71.977,72.274,75.244,73.165,91.137,90.949,77.374,90.864,80.683,81.533,101.559,159.66,122.054,123.945,89.284,97.2,151.285,123.044,103.855,85.375,79.809,79.319,86.788,69.967,83.968,83.99,127.212,83.952,84.298,107.385,93.232,82.13,83.718,82.945,80.856,96.949,86.62,89.496,82.888,83.936,113.948,84.668,86.918,96.122,150.58,84.031,89.686,87.481,92.41,94.836,157.809,82.484,79.622,72.991,98.966,90.18,97.784,73.092,83.722,91.184,111.34,94.896,87.463,80.176,86.992,90.271,90.703,83.178,99.408,90.221,76.643,92.637,75.774,78.372,88.304,80.785,85.233,110.531,160.689,123.297,79.335,85.958,84.307,83.316,121.745,93.883,130.705,395.653,95.679,58.41,101.6,87.667,209.62,67.233,107.639,97.724
2008-10-01,85.545,91.467,93.676,81.471,98.717,95.111,76.83,116.98,80.541,117.287,72.495,67.148,91.381,101.083,91.276,68.334,67.747,72.348,67.617,92.188,91.974,78.451,83.96,81.656,82.236,96.892,116.799,122.053,123.583,87.228,96.229,99.634,122.99,99.216,85.48,80.822,79.983,87.306,71.01,84.584,84.574,128.156,83.869,84.162,108.433,90.937,82.618,83.804,83.395,81.265,97.916,86.488,85.949,83.457,83.931,114.738,85.651,87.148,95.908,98.24,85.052,91.347,88.965,91.271,95.19,135.177,83.173,79.914,73.4,96.348,88.891,91.74,74.343,84.495,91.176,111.107,97.415,87.983,80.999,87.535,90.669,91.092,83.929,100.185,88.781,77.356,93.074,75.301,78.92,87.838,81.755,84.962,111.48,159.065,123.682,79.998,85.709,84.178,83.495,123.887,94.778,130.907,378.779,95.85,58.752,102.212,88.497,204.379,68.493,104.363,96.098
2009-01-01,84.384,85.22,94.314,81.814,99.043,95.777,77.821,117.47,81.263,116.657,73.465,68.036,92.143,99.072,89.818,65.369,63.091,69.448,61.06,91.892,91.541,79.282,77.425,82.365,82.668,92.703,93.918,122.5,123.49,86.627,96.96,80.077,125.145,97.466,85.593,81.572,80.468,88.02,72.02,85.311,85.305,129.165,83.793,83.947,109.224,89.764,83.048,83.997,83.821,82.143,100.057,86.473,84.3,84.116,84.466,113.815,86.321,87.557,98.2,78.927,86.031,92.184,90.957,91.006,95.165,123.289,84.349,80.217,74.203,93.938,89.514,89.589,75.131,85.199,91.606,111.007,101.758,89.022,81.854,87.832,91.367,91.326,84.288,101.188,88.181,78.054,94.058,74.081,79.523,84.133,82.46,85.124,111.796,156.335,123.729,80.481,85.349,84.047,83.677,124.938,93.841,131.184,365.145,96.784,61.874,102.146,88.552,198.451,69.091,98.291,96.014
2009-04-01,82.479,80.768,94.542,82.269,100.261,96.466,78.768,117.765,81.855,116.352,74.436,69.138,91.273,94.875,89.29,65.198,62.357,69.075,59.706,91.06,90.552,79.7,77.384,82.841,82.787,90.593,92.019,122.698,123.972,87.084,97.58,87.32,123.536,98.547,85.856,81.336,80.843,88.551,73.056,85.903,85.873,129.12,83.875,84.031,109.646,87.233,83.42,83.944,84.202,82.586,100.477,86.847,84.135,84.641,84.885,114.432,87.587,86.645,97.408,86.956,86.381,92.694,91.65,91.495,95.654,108.006,84.745,80.586,74.753,93.082,90.821,91.16,75.854,85.912,92.549,111.189,103.248,91.276,82.148,88.119,91.821,91.561,84.901,101.618,88.532,78.932,94.61,74.465,79.797,81.226,82.938,85.078,110.818,153.802,123.377,80.855,85.067,84.105,83.813,122.979,94.945,131.42,354.428,97.169,72.666,104.012,87.98,193.794,70.117,96.479,97.353
2009-07-01,81.38,83.416,95.168,82.717,100.105,96.66,79.632,118.278,82.407,115.46,75.515,70.762,90.158,93.572,89.109,67.123,63.221,69.878,59.41,90.544,89.869,79.538,74.753,83.041,82.786,91.274,97.006,120.892,122.07,87.835,97.608,102.106,122.989,99.76,86.317,82.918,80.902,89.107,74.297,86.584,86.506,126.623,84.263,84.178,109.719,86.732,83.474,83.917,84.262,83.244,100.138,86.8,85.528,85.312,85.589,113.969,88.164,87.961,96.175,102.562,86.761,92.402,91.85,92.458,95.683,106.024,85.306,81.644,75.474,95.733,91.207,93.147,76.47,86.826,93.356,110.729,102.995,91.94,82.628,88.594,92.22,91.85,85.216,101.188,89.142,79.643,95.034,76.315,80.106,83.444,83.149,85.92,111.907,150.18,122.952,80.913,84.636,84.47,84.218,122.929,94.724,131.98,339.58,97.021,74.903,101.945,88.891,186.155,71.313,96.608,98.122
2009-10-01,82.741,87.348,95.547,82.918,99.068,96.482,79.767,117.975,82.987,115.854,76.413,71.762,91.0,94.786,88.143,69.571,65.82,71.947,62.199,90.554,89.819,80.68,83.185,83.421,83.317,94.633,105.257,119.51,120.594,88.529,97.167,108.756,122.604,100.565,86.824,83.882,80.733,89.958,75.453,87.696,87.826,124.655,84.969,84.135,109.159,87.92,83.339,83.974,84.14,84.124,99.302,87.885,86.925,86.328,86.466,114.022,88.708,87.429,95.788,109.065,87.39,92.834,91.976,95.253,96.351,108.47,86.116,82.985,76.418,101.421,93.179,94.102,77.04,86.906,94.153,111.604,101.893,92.279,82.783,89.403,92.741,92.317,85.972,100.784,89.83,80.46,95.568,77.232,81.359,86.278,83.505,85.985,111.677,147.693,121.23,80.744,84.201,85.108,84.54,122.191,95.24,131.647,343.7,97.338,76.254,100.564,89.974,181.218,72.444,97.407,97.724
2010-01-01,82.944,89.35,94.921,82.973,99.851,96.45,80.502,117.727,83.35,115.227,77.222,72.618,90.558,95.188,88.08,70.091,67.83,73.621,65.848,90.929,90.34,81.307,85.992,83.583,83.484,95.914,112.833,118.345,119.256,88.677,97.096,110.402,121.433,100.71,87.186,84.458,80.721,90.494,76.266,88.199,88.339,123.753,85.416,83.973,109.428,88.557,83.237,83.981,84.013,85.068,100.699,87.043,87.316,86.845,86.852,114.122,88.919,86.854,95.577,110.225,87.609,93.615,91.845,96.244,96.712,111.899,87.772,83.144,76.695,104.66,93.014,94.539,77.908,87.362,94.269,110.397,100.927,92.548,82.888,89.924,93.317,92.776,86.39,100.96,90.177,81.113,96.281,79.585,81.947,87.78,83.653,85.846,110.573,145.352,120.191,80.733,83.989,85.534,84.998,120.466,95.325,130.41,322.774,96.89,76.91,99.974,90.413,177.472,73.607,99.328,97.632
2010-04-01,84.064,91.238,95.027,83.053,99.915,95.85,81.265,117.774,84.162,114.202,78.191,73.384,91.615,95.434,87.506,71.233,69.496,74.86,68.084,91.214,90.652,81.926,85.357,83.83,83.865,97.29,112.467,116.875,117.166,88.652,96.454,106.735,121.755,100.118,87.407,85.369,80.836,90.982,77.313,88.666,88.834,122.086,85.896,84.333,108.183,89.039,83.26,84.07,84.004,85.411,100.985,88.908,87.671,87.352,86.991,112.248,88.413,88.027,95.506,106.301,88.1,93.981,91.795,96.024,96.204,109.142,88.277,83.262,76.967,104.332,92.668,94.119,78.76,87.692,93.822,110.561,99.569,92.616,83.864,90.549,93.831,93.053,86.832,99.99,90.317,81.938,96.859,79.745,82.472,89.304,83.889,86.383,110.581,142.613,118.99,80.848,84.363,85.969,85.197,120.262,94.656,130.361,315.799,96.205,78.412,99.849,90.907,172.417,74.609,100.231,96.583
2010-07-01,84.45,89.904,95.576,83.154,99.641,95.446,82.316,117.926,84.705,113.355,78.941,73.303,91.579,95.439,87.702,70.842,69.421,74.954,68.332,91.317,90.686,81.699,87.691,84.147,84.192,97.499,109.143,115.389,115.303,88.914,96.0,108.449,119.863,100.092,87.722,86.572,80.956,91.376,78.025,88.937,89.146,121.954,86.154,84.517,107.815,89.306,83.374,84.207,84.103,85.848,100.634,88.794,88.122,87.709,87.193,112.845,88.323,88.343,95.484,108.403,88.44,94.677,92.021,96.299,95.71,109.312,88.821,84.012,77.413,104.283,92.98,94.41,79.35,87.759,93.603,110.393,99.522,92.87,84.916,91.007,94.382,93.407,87.218,100.247,90.49,82.3,97.54,80.089,83.073,88.809,84.222,86.704,110.369,140.05,118.152,80.969,85.365,86.225,85.615,119.562,95.032,130.668,310.756,96.218,80.028,98.792,90.882,167.623,75.446,97.392,95.866
2010-10-01,84.63,90.364,95.523,83.355,98.006,95.162,83.151,117.632,85.3,113.0,79.549,74.031,91.492,94.769,88.155,73.061,70.551,75.831,68.303,91.68,91.11,82.752,92.599,84.592,84.596,99.333,119.521,114.239,114.432,89.631,95.621,120.393,118.333,101.211,88.112,87.572,81.175,91.757,78.565,89.355,89.417,119.494,86.506,84.411,107.413,89.133,83.562,84.343,84.262,86.208,100.274,90.576,89.154,88.075,87.463,112.055,88.048,87.649,95.163,120.47,88.994,95.01,92.392,96.893,94.887,106.549,88.989,84.884,78.229,105.219,93.473,96.098,80.018,88.903,93.664,111.335,99.439,93.121,85.227,91.338,94.716,93.59,87.201,99.647,91.07,82.958,97.897,81.421,83.542,89.422,84.649,86.733,110.063,137.96,117.919,81.188,86.952,86.581,86.009,118.125,95.206,130.148,309.248,96.88,80.47,98.89,91.339,164.171,76.387,96.333,95.602
2011-01-01,85.185,95.396,95.585,83.568,96.66,95.58,83.782,116.5,85.554,113.014,80.567,75.458,91.797,94.895,88.845,74.299,70.633,76.264,67.156,93.099,92.731,83.218,101.131,85.022,85.045,100.095,138.765,114.117,114.456,90.589,96.035,132.158,119.074,102.789,88.702,90.258,81.616,92.103,79.738,89.856,89.878,117.728,86.923,84.946,107.484,89.573,83.894,84.691,84.537,87.35,99.068,93.522,90.892,88.628,87.76,111.305,88.27,87.737,95.426,131.69,89.298,96.237,92.456,97.864,94.552,106.017,90.813,85.389,78.952,106.338,94.289,98.284,80.76,89.603,94.087,112.732,98.901,93.543,86.068,91.62,94.865,93.758,87.692,100.041,91.835,83.634,98.003,84.113,84.247,93.566,85.077,87.163,109.981,135.54,117.509,81.631,89.022,87.01,86.686,115.821,96.124,128.477,307.714,97.183,81.132,99.649,92.843,160.132,77.51,97.093,96.311
2011-04-01,85.428,96.915,95.843,84.311,97.019,96.305,85.028,116.416,86.154,113.299,81.499,76.333,92.721,96.09,88.889,75.921,71.645,77.121,67.522,94.527,94.338,83.855,104.005,85.839,85.773,101.764,149.608,114.615,114.786,91.616,96.928,144.077,119.109,104.52,89.212,90.48,81.964,92.67,80.65,90.554,90.596,119.018,87.505,85.025,107.922,90.674,84.196,85.107,84.807,87.89,98.707,96.324,92.304,89.301,88.054,111.379,88.716,87.867,96.392,143.683,89.77,97.567,92.955,99.214,93.883,108.244,91.13,85.851,80.277,107.681,95.643,100.577,81.437,90.206,94.189,113.845,99.446,94.132,86.826,92.158,95.267,94.008,88.254,99.434,92.738,84.695,98.449,85.196,84.899,94.603,85.9,87.762,107.838,133.341,117.756,81.979,90.67,87.57,87.244,114.642,96.978,128.337,303.643,96.984,81.349,100.395,93.533,156.5,78.391,96.331,97.226
2011-07-01,87.543,97.142,95.619,85.037,99.988,98.144,86.955,116.217,86.552,113.118,82.847,77.17,93.718,96.632,88.885,75.408,71.834,77.37,68.463,95.717,95.746,86.127,104.744,86.575,86.726,102.678,144.727,114.8,114.201,92.211,99.164,142.679,118.802,104.878,89.609,90.555,82.488,93.081,82.018,91.071,91.139,121.673,87.983,85.011,108.3,91.281,84.673,85.602,85.258,88.261,99.913,96.712,93.323,89.846,88.337,111.212,88.9,87.56,98.933,142.52,90.362,98.463,93.339,100.067,93.211,107.051,91.381,86.272,81.013,109.134,96.234,101.147,82.067,90.59,94.591,113.707,99.31,94.28,87.293,92.74,95.544,94.11,88.892,98.875,93.167,85.062,98.808,85.877,85.552,94.765,86.589,88.053,106.605,131.191,117.685,82.503,91.922,88.027,87.629,113.38,97.711,127.464,295.853,96.901,81.577,101.384,93.837,152.909,79.152,96.148,99.203
2011-10-01,87.795,99.919,95.78,86.321,101.612,99.177,87.795,116.316,87.122,112.662,83.95,78.253,93.893,95.992,88.738,73.878,71.43,77.283,69.302,96.378,96.486,85.621,104.106,87.047,87.163,102.123,144.902,114.23,113.87,92.626,100.519,142.096,115.182,105.112,89.928,90.462,83.142,93.418,83.271,91.427,91.729,122.433,88.342,85.852,109.322,91.092,85.147,85.98,85.675,88.835,101.016,98.049,93.925,90.341,88.758,110.967,89.688,87.617,100.502,141.884,91.041,98.982,93.71,100.302,93.695,103.618,91.801,87.277,82.061,109.482,96.356,101.661,82.778,89.776,94.488,114.104,98.927,94.819,87.808,93.248,95.859,94.132,89.623,99.669,93.475,85.769,99.248,86.152,86.052,96.502,87.091,88.589,106.755,129.196,116.811,83.157,92.539,88.364,88.033,111.952,97.893,127.125,284.993,97.576,82.525,101.236,94.696,149.611,79.994,95.083,100.403
2012-01-01,87.83,101.987,96.424,87.306,103.934,99.958,88.727,116.614,87.531,112.507,84.747,79.354,93.247,94.217,89.141,76.329,73.372,78.802,70.72,96.9,96.99,86.357,104.115,87.736,87.749,103.527,150.236,114.754,113.921,93.145,101.382,146.249,114.773,105.765,90.377,90.616,83.659,93.852,84.067,91.884,92.064,125.212,88.955,86.83,109.344,90.225,85.609,86.256,86.125,89.458,100.814,98.926,94.666,90.808,88.941,111.221,90.641,89.107,101.01,145.962,91.386,99.825,93.947,100.435,93.496,97.69,92.672,88.073,82.674,107.924,96.934,102.648,83.441,90.85,94.997,114.24,98.928,95.315,88.507,93.841,96.263,94.574,90.079,100.017,94.094,86.594,99.625,87.399,86.435,97.858,87.778,89.603,106.444,127.76,116.793,83.674,92.668,88.967,88.297,112.517,98.368,127.491,276.642,97.674,82.899,101.868,95.329,146.593,81.084,94.425,101.299
2012-04-01,88.819,103.103,96.49,87.849,103.941,101.032,89.36,117.2,87.862,111.846,85.465,80.684,93.012,93.175,89.063,78.146,74.115,79.427,70.252,97.067,97.174,86.698,103.882,88.427,88.488,103.92,145.627,114.557,113.669,93.344,102.272,142.176,113.443,105.424,90.83,91.443,84.189,94.307,84.829,92.571,92.815,125.838,89.443,87.362,108.545,89.935,86.078,86.619,86.58,89.827,100.585,96.758,95.103,91.465,89.036,110.461,91.367,89.498,101.595,141.918,91.572,100.059,94.026,100.639,93.664,93.405,93.111,88.503,83.231,108.291,97.085,102.445,84.06,91.202,96.725,113.027,98.773,95.514,88.828,94.417,96.43,94.71,90.369,100.457,94.321,87.196,99.767,88.58,87.003,98.86,88.48,89.98,106.183,125.66,116.03,84.205,92.697,89.429,88.857,113.203,98.13,128.348,264.271,98.736,83.274,102.086,95.733,142.498,82.41,95.466,102.451
2012-07-01,88.546,100.826,96.51,88.648,104.41,100.6,89.724,116.5,88.555,111.203,86.288,82.625,92.551,93.088,88.832,79.233,74.858,80.069,70.631,97.176,97.296,87.564,108.551,89.047,88.964,103.543,141.79,114.493,113.961,93.764,101.622,143.45,112.64,105.41,91.228,92.292,84.702,94.776,85.801,93.24,93.556,125.191,89.866,87.493,107.971,90.255,86.513,87.037,86.997,90.249,99.338,96.034,95.217,92.109,89.561,110.741,92.029,90.195,102.581,143.516,91.754,100.674,94.121,100.701,94.284,94.714,93.314,89.07,83.971,107.484,97.331,102.697,84.706,91.506,97.061,111.913,98.676,95.829,89.433,94.654,96.649,94.857,90.691,100.874,94.595,88.006,99.903,89.091,87.399,97.689,89.093,90.625,105.669,123.71,115.319,84.717,92.664,89.822,89.248,112.513,98.914,127.739,250.197,98.097,83.654,101.918,95.382,138.953,83.658,95.513,100.754
2012-10-01,88.892,101.946,96.465,88.92,104.252,101.688,90.448,116.748,89.429,110.823,87.21,83.651,93.179,94.275,89.66,80.886,76.379,81.236,72.025,97.587,97.776,88.466,113.385,89.411,89.325,104.274,148.385,114.029,112.997,94.392,102.632,148.063,112.13,105.883,91.761,92.777,85.388,95.003,86.811,93.545,93.893,126.138,90.404,87.751,107.94,91.352,87.037,87.641,87.477,90.629,99.058,96.859,95.918,92.521,90.283,110.429,92.713,90.568,102.619,148.001,92.143,100.839,94.265,101.071,94.792,97.956,93.467,89.77,84.382,107.753,97.794,103.534,85.447,91.649,98.421,111.715,98.266,95.785,90.067,95.225,96.778,94.955,91.1,100.367,95.126,87.832,99.848,90.416,87.987,98.568,89.44,91.064,104.539,122.119,115.018,85.402,92.677,90.374,89.846,112.266,99.416,128.104,239.239,98.192,84.047,101.991,95.783,136.09,84.554,95.646,102.433
2013-01-01,89.39,101.653,97.104,89.341,103.276,102.082,91.527,117.032,90.41,110.545,88.195,84.917,93.825,94.923,89.151,82.469,77.484,82.019,72.601,97.985,98.135,89.423,114.066,89.805,89.736,104.976,146.977,113.72,112.323,94.775,102.892,146.808,114.21,105.756,92.18,93.765,85.964,95.588,87.831,94.336,94.843,124.838,90.981,88.307,107.165,92.073,87.507,88.147,87.928,90.704,100.595,96.807,96.029,93.313,91.712,110.149,94.461,90.821,103.225,146.756,92.591,100.628,94.803,101.388,95.135,98.692,92.533,90.383,84.922,108.522,98.067,103.473,86.182,91.638,99.273,111.641,98.99,95.495,90.27,96.057,97.109,95.325,92.323,99.87,95.459,87.386,99.976,91.747,88.701,98.737,89.817,91.391,105.535,120.821,114.372,85.975,92.153,90.9,90.284,110.916,99.178,127.683,235.025,98.614,84.618,102.378,96.19,134.136,85.428,96.619,102.631
2013-04-01,90.195,99.927,97.631,89.606,101.613,101.351,91.927,116.605,91.109,109.812,88.857,86.113,94.479,96.564,90.284,85.009,79.245,83.413,73.512,98.083,98.167,90.088,112.366,90.433,90.394,104.939,139.844,112.903,111.344,94.668,101.856,137.886,113.326,104.787,92.484,94.791,86.573,95.493,88.57,94.173,94.569,123.625,91.431,88.577,107.393,93.446,88.027,88.788,88.434,91.297,100.796,97.618,95.719,93.289,92.323,109.903,94.815,90.704,103.971,137.726,92.903,100.404,94.643,101.328,96.493,103.648,93.307,91.339,85.057,107.937,98.25,102.402,86.79,92.039,99.606,111.501,97.82,95.684,90.628,96.462,97.096,95.194,92.691,100.043,95.508,87.474,99.85,93.364,89.267,97.96,90.445,91.431,105.984,118.762,114.314,86.584,91.691,91.382,90.627,109.864,99.451,126.727,225.245,98.805,85.395,103.16,95.809,130.545,86.19,96.389,100.657
2013-07-01,90.633,102.728,97.957,90.243,100.099,101.828,92.306,116.617,91.73,109.213,89.586,86.424,95.386,96.56,90.42,85.939,80.415,84.442,74.951,98.252,98.311,90.947,111.975,90.907,90.861,105.045,145.767,111.67,110.583,95.182,102.627,140.053,109.714,104.911,92.876,94.875,87.183,95.825,89.362,94.62,95.075,121.789,91.955,89.219,106.294,93.653,88.548,89.264,88.937,92.023,100.865,97.919,96.7,93.779,93.026,108.153,94.722,91.399,103.673,139.662,93.486,100.227,95.085,101.772,97.132,100.44,94.137,92.066,85.574,108.731,98.717,102.847,87.617,92.181,99.054,110.526,97.96,95.83,91.008,96.784,97.286,95.487,93.082,100.34,95.901,88.041,99.851,93.673,89.882,99.802,90.907,92.03,105.364,117.347,113.426,87.193,91.556,91.888,90.926,109.388,99.103,126.681,212.695,98.687,86.237,103.195,96.753,128.28,86.875,96.262,102.29
2013-10-01,89.496,104.068,97.882,90.834,100.711,101.991,92.985,116.861,92.217,108.637,90.357,87.532,96.056,96.857,90.057,88.231,82.576,85.966,76.986,98.242,98.311,90.651,113.635,91.286,90.99,106.269,146.812,110.722,109.259,95.534,103.072,139.691,109.839,104.741,93.218,95.086,87.768,96.266,90.173,95.234,95.775,121.021,92.578,89.787,105.703,94.095,89.149,89.84,89.546,92.23,101.177,96.933,96.9,94.393,93.482,108.218,95.515,91.965,104.038,139.21,93.655,100.09,95.398,102.153,96.317,99.353,94.139,92.611,85.9,110.329,98.774,102.858,88.323,92.358,98.248,109.146,98.566,95.927,91.797,97.409,97.51,95.692,93.334,100.497,96.254,88.394,100.018,94.804,90.283,100.742,91.306,92.571,104.771,116.139,112.39,87.778,91.868,92.465,91.429,109.16,98.806,126.794,198.851,98.477,86.764,102.661,97.293,126.348,87.663,96.69,102.765
2014-01-01,91.26,102.084,98.01,91.136,101.844,102.068,93.021,115.731,92.623,107.705,91.098,87.362,97.83,100.118,90.747,90.267,83.822,86.911,77.39,98.765,98.891,90.843,121.34,91.7,91.626,106.213,154.645,109.789,108.105,96.13,103.271,142.721,109.831,104.896,93.69,95.089,88.448,96.509,91.126,95.511,96.11,119.537,93.136,89.905,105.809,96.564,89.791,90.742,90.175,92.577,100.896,95.038,97.302,94.779,93.788,108.289,95.871,92.648,103.122,141.89,94.045,100.036,95.685,101.772,96.16,108.014,94.438,93.304,86.339,109.254,98.566,103.498,88.915,92.34,97.914,107.493,98.645,96.14,92.503,97.629,97.71,95.872,93.882,100.965,96.696,88.777,100.179,95.787,91.085,99.454,91.726,93.132,104.975,114.816,111.333,88.46,92.53,93.03,91.877,108.124,99.335,125.033,186.383,98.778,87.586,102.687,97.011,124.118,88.309,96.46,103.514
2014-04-01,93.366,105.147,98.065,91.719,103.349,102.349,93.668,114.462,93.051,106.981,91.93,88.548,97.594,100.92,91.124,91.387,85.323,88.035,79.313,99.83,100.115,91.941,126.165,92.398,92.556,107.502,147.516,108.436,107.924,96.639,103.444,141.639,106.277,105.002,94.062,95.057,89.244,96.802,92.014,95.807,96.373,115.725,93.72,90.609,105.457,97.323,90.43,91.397,90.762,92.981,101.547,94.129,98.663,95.149,94.182,108.583,97.727,92.82,103.292,141.235,94.376,99.939,95.711,101.657,96.782,112.288,94.569,94.144,87.35,108.15,98.824,103.981,89.717,92.802,98.56,106.425,98.072,96.648,92.924,97.811,98.0,96.15,94.302,100.765,97.129,89.823,100.442,96.645,91.515,101.396,92.413,93.528,105.094,113.918,110.637,89.257,93.4,93.604,92.467,107.77,99.156,122.642,173.702,99.511,88.402,101.744,97.727,122.63,88.995,96.289,103.539
2014-07-01,94.417,106.416,98.525,91.79,101.877,102.236,94.144,113.792,93.542,106.597,92.563,89.859,99.028,100.842,91.408,92.792,86.609,88.941,80.482,100.498,100.818,92.346,125.214,93.073,93.291,107.552,144.941,108.015,107.199,96.885,102.807,137.649,107.334,104.791,94.418,94.776,90.006,97.114,92.613,96.16,96.68,114.807,94.203,91.591,104.888,97.587,91.056,91.972,91.338,93.177,102.751,94.537,99.161,95.531,94.598,108.939,97.67,93.087,103.098,137.151,94.909,99.994,95.675,102.0,96.783,106.997,94.697,94.755,87.387,108.564,99.211,103.852,90.67,93.389,100.248,105.901,96.949,96.966,93.163,98.013,98.263,96.482,94.588,101.528,97.394,90.7,100.6,97.457,91.782,102.058,93.095,93.734,103.573,112.552,110.256,90.019,94.5,94.078,92.912,106.84,98.814,120.935,164.611,99.443,88.247,102.004,97.941,120.74,90.021,94.756,102.736
2014-10-01,95.324,105.263,98.724,92.299,102.114,101.866,94.741,111.797,94.079,105.803,93.25,91.276,98.972,100.032,93.447,92.666,87.124,89.422,81.679,100.971,101.338,92.598,123.803,93.852,94.091,106.427,130.834,107.339,106.732,96.642,102.191,122.307,105.663,103.479,94.898,95.329,90.741,97.086,93.311,95.832,96.22,113.298,94.515,92.131,103.954,97.415,91.692,92.495,91.931,93.593,102.782,93.203,98.593,95.427,95.076,107.859,98.265,92.757,102.038,121.728,95.55,99.936,96.672,101.805,98.185,103.375,94.937,95.267,88.167,106.969,99.583,102.303,91.408,93.741,100.737,104.573,98.607,97.361,93.551,98.047,98.61,97.096,95.091,101.112,97.265,91.887,100.717,97.652,92.212,101.532,93.891,93.73,104.07,111.079,109.929,90.756,95.865,94.468,93.468,106.209,98.309,117.761,155.594,99.843,89.138,102.69,98.394,118.328,91.272,95.64,102.282
2015-01-01,96.248,102.974,98.386,92.605,101.982,101.1,94.901,110.787,94.72,105.048,94.053,93.017,99.764,99.93,93.866,93.439,87.714,89.838,82.089,101.143,101.602,92.994,112.678,94.426,94.722,103.987,112.709,106.401,105.758,96.016,101.36,98.85,105.13,101.343,95.35,95.013,91.553,97.002,94.269,96.325,96.695,111.546,94.826,92.496,103.475,97.606,92.398,93.129,92.592,93.685,102.335,92.315,97.31,95.891,95.31,107.066,97.516,93.871,102.183,97.874,95.768,100.25,96.978,101.549,96.433,99.997,94.851,96.07,88.448,106.403,99.321,99.522,92.277,94.337,100.201,103.638,99.072,97.576,94.317,98.256,97.811,96.975,95.414,101.873,96.829,92.801,99.1,96.657,92.816,99.939,94.47,94.144,104.159,109.846,108.633,91.569,97.378,94.784,93.915,105.1,98.68,116.461,152.447,99.007,89.813,102.797,98.022,116.368,92.146,94.102,100.79
2015-04-01,95.365,102.283,98.422,92.841,103.419,100.921,95.118,109.534,95.334,105.107,94.809,93.532,99.015,98.314,94.575,94.87,89.028,90.841,83.298,100.842,101.246,93.57,112.216,95.007,95.064,102.378,109.689,106.543,106.225,96.671,101.144,105.126,105.436,101.871,95.896,95.653,92.351,97.312,95.086,96.768,97.146,110.732,95.279,93.643,103.632,96.696,93.16,93.652,93.341,94.107,101.807,91.585,97.555,96.378,95.842,105.738,97.663,95.182,102.266,104.826,96.336,100.163,97.086,102.378,96.886,95.302,95.089,96.768,89.172,108.218,99.942,100.271,93.376,94.731,100.15,102.568,98.348,97.902,95.202,98.355,97.959,97.077,96.09,101.06,97.312,93.629,99.161,96.677,93.336,99.723,95.052,94.951,104.697,109.319,108.247,92.366,98.218,95.248,94.621,103.267,100.051,114.706,144.989,99.392,90.484,102.644,98.014,115.514,92.927,93.949,100.204
2015-07-01,96.667,101.761,98.467,93.054,106.211,100.924,95.467,108.878,96.041,104.47,95.538,94.147,98.64,97.681,95.083,94.738,89.854,91.531,85.05,101.321,101.8,92.189,109.741,95.406,95.612,101.494,100.659,105.351,104.62,97.038,101.053,103.271,105.823,101.612,96.326,96.878,93.251,97.631,95.904,97.08,97.422,109.6,95.759,94.719,103.096,96.578,93.947,94.313,94.105,94.545,100.242,92.281,97.971,96.78,96.447,104.599,98.064,95.774,101.478,103.45,96.507,100.182,97.006,102.294,98.379,93.718,95.276,97.89,89.956,107.664,100.05,100.192,94.165,95.238,100.48,101.911,97.83,97.836,96.097,98.661,98.287,97.363,96.817,100.464,97.565,93.758,99.425,97.434,94.091,99.906,95.507,95.416,104.868,108.322,107.293,93.265,98.101,95.729,95.274,103.755,98.346,114.362,138.474,98.974,91.55,101.752,98.026,113.998,94.013,96.932,100.195
2015-10-01,97.503,99.526,98.793,93.834,105.124,100.724,95.783,108.79,96.662,103.841,96.179,95.373,98.227,96.653,95.698,92.67,89.812,91.733,86.958,101.258,101.676,97.308,104.122,96.268,96.469,100.067,92.777,104.658,104.219,97.031,100.907,92.74,104.269,100.573,96.594,97.679,94.092,97.764,96.601,97.161,97.435,108.466,96.106,95.304,102.921,96.111,94.639,94.844,94.776,95.199,100.714,91.942,97.417,96.92,96.949,103.715,97.907,95.539,102.297,92.745,96.95,99.993,97.325,101.638,98.058,90.474,95.738,98.731,91.257,105.323,100.073,98.955,94.945,95.681,100.093,100.919,97.937,98.038,96.609,99.035,98.483,97.367,97.437,100.927,97.49,94.162,99.646,97.436,94.817,98.817,96.234,95.594,106.067,107.998,106.779,94.104,96.885,96.088,95.495,104.197,99.034,113.976,131.255,98.952,92.307,101.201,97.848,112.872,94.844,98.028,99.585
2016-01-01,98.41,100.338,99.384,94.538,103.056,100.295,96.364,107.845,97.499,103.336,96.81,95.842,97.263,95.499,96.457,92.835,91.398,93.108,89.957,100.913,101.174,97.944,100.319,96.882,97.13,99.493,81.412,104.327,104.338,96.967,100.172,82.107,103.755,99.518,97.059,97.82,94.944,97.964,97.21,97.467,97.663,106.8,96.639,96.355,102.993,95.52,95.373,95.395,95.508,96.185,101.685,95.789,97.431,97.276,97.872,103.295,97.972,96.488,100.731,82.159,97.34,100.441,98.07,101.441,98.782,88.771,96.83,99.325,92.086,104.54,99.994,97.636,95.722,96.403,100.718,101.47,99.297,98.394,97.229,99.155,98.555,97.748,97.814,101.154,97.538,95.134,99.33,96.653,94.804,99.378,96.848,96.184,105.047,106.24,105.401,94.953,95.012,96.631,96.099,103.855,99.448,112.008,121.851,99.564,93.149,100.96,98.528,109.682,95.552,97.863,99.493
2016-04-01,98.162,98.643,99.418,95.814,99.768,100.766,96.725,107.053,98.186,103.017,97.46,97.077,97.404,95.845,97.292,94.895,93.645,94.733,92.405,100.307,100.46,98.157,97.594,97.495,97.604,99.441,86.448,103.637,103.658,97.743,100.897,89.432,103.161,99.96,97.636,98.588,95.84,98.312,97.927,97.86,98.03,105.797,97.332,97.085,101.589,96.065,96.203,96.184,96.344,96.66,101.041,97.914,97.688,97.761,98.448,103.152,98.213,97.731,101.658,89.643,98.005,100.334,99.004,101.731,99.28,89.978,96.965,99.902,93.35,105.54,100.025,98.442,96.433,96.936,100.315,102.187,100.694,98.58,98.214,99.539,98.846,98.115,98.235,100.847,98.157,96.179,99.478,96.078,95.985,98.635,97.473,97.289,101.335,104.765,104.487,95.848,93.984,97.331,96.737,103.979,100.164,111.129,119.665,100.023,93.523,100.62,98.873,107.085,96.578,99.06,100.571
2016-07-01,98.9,99.515,99.306,96.311,100.666,100.477,97.076,105.929,98.624,101.963,97.83,99.541,98.281,97.615,97.775,96.697,95.404,96.016,94.132,99.786,99.871,99.108,94.735,98.074,98.209,98.906,87.959,102.144,102.076,98.158,100.706,88.205,102.2,99.566,98.213,98.924,96.725,98.788,98.25,98.53,98.601,103.444,98.013,98.27,101.862,97.456,97.074,97.127,97.221,97.065,101.067,98.25,98.236,98.373,98.904,99.785,97.841,98.253,102.124,88.221,98.189,99.924,98.793,101.328,100.312,95.167,97.226,99.695,94.188,104.139,100.151,98.368,97.007,98.143,99.692,100.971,99.807,99.359,98.617,99.858,99.09,98.567,98.586,100.865,98.496,98.164,99.54,96.534,97.836,99.306,98.04,97.766,102.831,103.236,103.21,96.732,94.078,98.002,97.732,102.414,100.961,109.257,112.526,99.837,94.624,100.394,98.973,104.377,97.084,99.603,99.858
2016-10-01,100.357,98.811,99.429,96.821,100.033,100.89,97.495,104.679,99.316,101.031,98.422,101.345,98.496,98.034,98.803,97.4,96.413,96.894,95.453,99.516,99.535,100.066,92.078,98.561,98.853,99.199,93.727,101.5,101.907,98.781,100.808,94.82,100.367,99.797,98.825,99.085,97.748,99.161,98.773,98.944,99.012,101.957,98.542,98.457,100.768,98.012,98.012,98.011,98.128,97.699,100.758,98.299,98.994,98.832,99.375,102.005,99.124,97.978,101.064,94.893,98.626,99.454,98.77,100.734,99.836,96.306,97.395,99.132,96.435,101.886,100.429,99.175,98.058,98.574,101.173,100.843,98.998,99.523,98.801,99.924,99.413,98.81,99.21,100.467,98.947,98.964,99.827,96.79,98.216,98.927,98.512,97.977,103.236,101.129,102.328,97.754,95.322,98.554,98.437,100.584,101.314,107.379,108.657,99.614,95.58,100.012,98.831,101.051,97.972,100.071,100.747
2017-01-01,99.898,100.401,99.923,98.334,100.029,100.549,99.31,102.928,99.314,100.952,99.146,100.804,98.685,98.563,99.763,97.781,97.149,97.849,96.537,99.751,99.722,100.476,99.41,99.222,99.335,99.319,99.689,101.795,102.063,99.475,100.617,100.707,101.968,100.331,99.365,99.368,98.656,99.425,99.165,99.208,99.223,102.099,99.124,98.504,101.0,98.714,98.816,98.802,98.882,99.043,100.667,99.343,99.65,99.22,99.568,100.275,99.83,99.467,100.841,100.773,99.565,99.948,99.359,100.598,99.416,97.994,99.66,99.648,96.634,100.741,100.698,100.015,98.898,99.126,100.315,100.649,99.0,99.831,99.324,100.044,99.678,99.607,99.77,100.392,99.524,99.593,99.809,98.541,99.437,100.004,99.18,99.167,102.208,100.882,101.656,98.663,97.362,99.152,99.171,100.161,100.61,104.445,105.423,100.12,96.412,99.932,99.597,101.098,99.049,100.348,100.555
2017-04-01,99.988,100.56,99.796,99.773,99.091,100.082,99.381,99.766,99.576,100.353,99.635,99.273,99.912,100.248,100.111,99.758,99.277,99.538,98.811,99.982,100.014,99.393,99.888,99.711,99.759,100.526,96.641,100.625,100.81,99.591,99.844,95.035,101.086,99.712,99.79,99.742,99.52,99.791,99.706,99.683,99.627,99.919,99.711,99.143,100.3,100.07,99.525,99.6,99.527,99.962,101.097,100.66,99.689,99.676,99.827,99.734,100.731,99.528,99.643,94.921,99.678,100.26,99.823,100.329,99.294,101.325,100.044,99.875,99.852,100.295,100.37,99.387,99.637,99.991,100.904,100.358,100.045,99.882,99.572,99.862,99.916,99.885,99.879,99.925,99.724,99.214,100.015,99.67,99.967,100.207,99.722,99.614,98.877,100.155,100.672,99.529,99.22,99.729,99.758,100.018,100.168,99.11,101.403,100.044,100.437,100.431,99.969,100.353,99.681,99.191,100.067
2017-07-01,98.744,98.705,99.921,100.801,100.066,99.909,100.352,98.519,100.241,99.481,100.251,99.812,100.713,100.694,100.463,100.075,100.756,100.601,101.416,100.073,100.099,99.51,100.28,100.23,99.984,100.472,96.306,99.124,98.766,100.067,99.995,97.978,100.074,99.744,100.185,99.833,100.424,100.064,100.211,100.034,100.002,99.041,100.219,100.335,99.616,100.552,100.377,100.402,100.351,100.325,99.101,99.484,99.563,100.088,100.195,99.535,100.067,100.441,99.692,98.101,99.971,100.293,100.278,99.376,100.443,100.455,100.074,100.071,101.166,98.771,99.471,99.875,100.29,100.209,99.615,99.292,100.774,100.252,100.339,100.008,100.1,100.038,100.208,99.728,100.076,100.763,100.105,100.12,100.314,99.119,100.254,100.424,99.008,100.033,99.361,100.435,100.96,100.23,100.183,100.154,99.487,98.084,97.829,99.635,100.808,100.006,99.86,100.275,100.232,99.68,100.18
2017-10-01,101.37,100.415,100.36,101.092,100.812,99.459,100.957,98.786,100.853,99.213,100.968,100.122,100.593,100.496,99.663,102.387,102.819,102.011,103.236,100.193,100.165,100.621,100.454,100.837,100.922,99.684,107.364,98.457,98.36,100.867,99.544,106.28,96.872,100.213,100.661,101.058,101.359,100.72,100.917,101.076,101.147,98.942,100.946,102.017,99.084,100.664,101.283,101.196,101.239,100.67,99.124,100.513,101.099,101.016,100.36,100.456,99.372,100.564,99.841,106.205,100.747,99.499,100.539,99.697,100.793,100.012,100.222,100.406,102.348,100.193,99.461,100.723,101.175,100.674,99.166,99.702,100.181,100.035,100.765,100.087,100.306,100.469,100.143,99.955,100.676,100.43,100.071,101.669,100.282,100.671,100.844,100.795,99.994,98.929,98.311,101.373,102.459,100.89,100.888,99.682,99.736,98.361,96.023,100.201,102.46,99.631,100.574,98.274,101.038,100.807,99.215
2018-01-01,100.247,98.806,100.478,101.122,102.334,100.104,101.138,98.894,102.106,99.091,101.273,100.334,100.788,100.934,100.559,104.834,104.495,103.767,104.16,100.385,100.369,102.548,101.523,101.689,101.44,101.48,118.043,98.763,98.91,101.721,100.321,111.215,95.989,100.748,101.336,101.843,102.277,101.136,101.135,101.659,101.781,98.864,101.725,103.53,100.19,101.228,102.124,101.998,102.051,102.558,98.479,99.065,100.965,101.614,101.111,99.812,99.803,101.481,100.211,110.73,101.0,100.245,101.48,99.989,99.276,101.399,102.803,100.929,103.848,100.471,99.623,101.6,101.96,100.972,99.359,99.512,102.329,100.457,101.441,101.066,100.528,100.387,100.534,100.18,101.38,101.298,100.25,102.986,101.925,100.042,101.66,101.442,100.157,97.913,97.453,102.295,103.594,101.674,101.737,98.771,101.264,98.72,97.856,100.649,102.555,100.473,100.932,96.331,101.878,101.974,100.156
2018-04-01,102.181,100.666,100.661,101.191,105.834,101.306,101.526,98.439,103.252,98.844,101.646,101.722,100.628,100.671,100.901,106.224,106.096,104.9,105.967,100.311,100.251,102.914,99.962,102.288,102.262,101.27,118.175,99.434,98.615,102.274,101.546,113.867,97.022,101.012,101.831,101.563,103.116,101.728,101.409,102.37,102.214,102.719,102.399,104.493,99.947,101.357,102.972,102.743,102.9,102.965,98.456,99.43,102.265,102.167,101.628,98.85,101.254,101.865,100.962,113.563,101.47,100.582,101.812,99.858,97.54,100.84,103.145,101.739,104.311,100.228,99.419,102.132,102.699,103.234,100.484,98.993,102.425,100.68,101.881,101.396,100.984,100.789,101.177,99.873,101.912,101.715,100.582,103.92,104.051,101.06,102.267,101.798,101.123,96.897,96.96,103.136,104.594,102.333,102.223,97.737,101.731,97.95,94.331,100.545,103.558,100.569,101.516,94.717,102.926,100.989,101.407
2018-07-01,100.944,102.054,100.942,101.697,104.463,99.415,102.735,98.77,102.575,98.363,102.858,101.397,100.188,99.939,101.46,107.363,107.152,105.947,106.951,100.536,100.469,103.955,96.015,102.854,102.542,100.693,120.149,98.591,97.242,102.682,99.264,115.979,92.494,100.84,102.35,100.896,104.06,102.026,102.575,102.769,102.603,105.698,102.985,105.083,100.074,101.141,103.807,103.426,103.702,103.998,99.914,97.603,102.422,102.676,102.027,96.158,102.641,102.789,99.778,115.687,102.241,101.307,102.802,99.935,99.323,99.088,104.593,102.014,104.961,99.789,99.626,102.121,104.095,103.69,99.923,97.793,103.769,100.492,102.524,102.049,101.167,100.831,102.374,99.851,102.254,101.312,101.058,105.14,104.333,101.585,102.817,102.46,100.424,96.326,96.061,104.081,105.395,102.917,102.969,96.737,102.052,97.694,92.512,100.921,104.06,100.337,102.35,93.963,103.931,99.429,98.36
2018-10-01,100.528,105.666,101.604,101.878,106.212,99.712,103.146,97.051,103.004,98.235,103.811,100.384,101.198,100.622,102.427,107.202,108.194,106.819,109.164,100.838,100.706,104.662,98.633,103.487,103.016,100.732,120.104,99.323,97.931,103.092,99.927,112.962,92.576,100.644,103.084,100.451,104.971,102.57,103.716,103.493,103.118,107.38,103.633,105.725,101.353,102.042,104.662,104.288,104.542,104.605,100.113,96.948,103.038,103.326,102.901,91.276,102.465,103.2,102.043,112.466,103.123,101.65,103.479,100.283,99.418,98.675,105.148,102.644,105.437,101.11,99.379,101.889,104.953,105.615,98.986,96.13,104.084,100.33,103.362,102.309,101.506,101.14,103.713,99.624,102.642,100.666,101.395,105.701,105.395,103.539,103.448,102.876,99.434,95.624,95.071,104.99,106.081,103.58,103.646,96.239,101.457,94.936,86.902,101.611,105.851,100.623,103.551,93.18,105.355,98.944,97.964
2019-01-01,103.05,104.64,102.401,102.034,105.587,99.115,102.581,96.045,103.823,98.462,104.332,99.999,100.791,100.857,103.26,105.251,108.114,106.711,110.914,101.582,101.441,104.818,98.278,104.412,104.229,101.494,110.636,100.193,99.176,103.358,98.839,103.689,91.79,100.215,103.741,101.063,105.899,102.918,104.469,104.06,103.657,107.847,104.128,107.208,101.228,102.261,105.535,105.065,105.405,104.442,100.533,95.241,103.516,103.923,103.259,93.323,103.509,104.016,101.468,103.194,104.086,102.251,103.788,101.25,97.851,100.984,104.533,103.241,105.898,102.956,99.911,101.118,105.847,106.364,100.049,95.326,103.27,100.482,104.469,102.631,101.6,101.504,104.737,99.63,102.851,100.721,101.14,106.791,105.242,103.033,104.398,103.439,100.664,94.923,94.926,105.921,106.326,104.089,104.608,95.563,104.424,93.145,83.327,101.672,106.835,102.07,103.6,91.317,105.544,99.556,96.529
2019-04-01,104.649,105.008,102.277,102.376,104.802,98.801,103.188,95.917,104.415,97.95,104.984,99.505,100.73,100.358,103.496,108.887,109.936,108.07,110.968,101.365,101.21,104.702,95.891,105.13,105.082,100.874,116.786,99.962,98.943,104.116,98.583,112.935,92.959,100.694,104.157,101.929,107.011,103.418,105.116,104.555,104.204,106.79,104.768,108.351,101.176,102.193,106.53,105.909,106.374,105.057,100.471,98.434,104.769,104.4,103.927,94.582,105.174,104.416,100.352,112.652,105.099,103.042,103.926,100.84,99.417,99.047,105.094,104.164,106.565,100.797,100.224,102.114,106.571,106.554,99.541,96.559,101.952,100.73,105.152,102.518,102.106,101.796,104.901,99.545,103.426,100.943,101.766,108.558,104.503,103.631,105.144,103.946,98.951,93.269,94.597,107.031,106.556,104.712,105.081,96.357,103.193,92.849,81.054,102.827,108.318,101.607,103.904,88.836,106.483,100.813,96.826
2019-07-01,104.542,104.593,102.927,102.928,103.26,99.34,103.579,95.73,105.55,97.37,105.254,99.576,100.982,100.07,104.625,109.934,110.333,108.637,110.726,101.415,101.156,105.429,94.423,105.812,105.6,100.253,114.551,99.861,98.951,104.473,98.921,109.302,93.81,100.334,104.756,101.855,108.014,103.864,105.261,105.01,104.574,105.204,105.286,109.937,100.824,102.191,107.407,106.661,107.221,105.894,100.519,97.605,104.966,104.812,104.441,96.368,107.616,104.312,101.69,108.933,105.832,102.797,104.396,100.477,100.08,96.873,105.659,104.967,108.545,100.505,99.776,101.87,107.172,107.523,100.765,96.009,101.979,100.969,105.701,102.938,102.542,102.192,106.144,99.738,103.675,100.897,102.066,109.238,105.379,103.501,105.824,104.171,98.62,92.07,94.554,108.034,106.751,105.256,105.74,94.761,103.812,92.493,78.807,102.286,109.936,102.156,104.059,87.185,107.147,99.609,96.774
2019-10-01,103.188,106.826,102.155,104.065,101.863,98.033,103.742,95.171,106.109,96.961,105.719,98.551,101.076,100.238,104.768,109.066,109.663,108.48,110.257,101.751,101.685,106.324,99.255,106.408,105.809,102.22,113.387,99.007,98.696,105.234,97.232,112.283,91.312,100.463,105.462,101.637,108.86,104.551,105.72,106.0,105.607,103.517,105.85,109.446,100.728,102.577,108.191,107.389,107.994,106.584,101.375,97.465,105.362,105.706,104.918,98.284,110.175,105.738,100.88,112.22,106.555,103.771,105.205,100.81,102.014,97.261,106.514,105.085,109.112,101.444,99.571,102.288,108.004,108.261,100.784,95.637,102.948,101.553,106.62,103.42,102.881,102.69,107.333,99.628,104.083,102.027,102.253,110.391,105.562,105.065,106.41,105.262,100.291,91.132,93.765,108.878,106.964,105.802,106.53,94.802,106.592,91.199,74.557,102.809,111.46,101.333,105.013,84.851,108.051,98.572,94.534
2020-01-01,104.259,103.293,103.164,104.59,100.788,97.484,104.247,94.879,106.44,96.766,106.403,96.986,101.092,100.473,104.954,112.242,110.731,109.313,109.13,102.585,102.488,106.58,99.791,107.271,106.606,103.497,103.135,99.47,99.207,105.66,96.612,106.625,92.095,100.166,105.998,101.467,109.836,105.013,106.384,106.683,106.151,103.92,106.499,110.293,101.64,102.974,109.083,108.213,108.867,107.018,101.641,95.582,105.356,106.364,105.625,98.707,110.787,106.594,100.075,106.917,107.565,104.93,105.831,101.483,102.304,98.225,106.932,105.824,109.219,102.006,100.15,101.935,108.953,109.766,100.474,94.276,102.977,101.769,107.319,104.239,103.095,102.932,108.592,99.662,104.404,102.48,102.426,110.312,106.674,103.33,107.293,105.846,101.233,90.027,92.564,109.855,107.381,106.429,107.484,94.975,106.146,90.644,71.848,102.067,112.663,101.299,104.526,83.084,108.823,97.225,94.052
2020-04-01,93.146,92.972,104.467,105.02,95.364,91.727,105.211,94.019,108.191,95.906,106.992,98.083,100.881,100.338,104.526,106.569,107.89,107.672,109.196,105.912,106.197,106.881,88.099,108.339,106.256,94.744,82.436,99.694,98.8,104.737,90.637,81.344,90.155,98.728,106.749,99.1,110.647,106.063,106.808,108.059,107.48,107.143,106.641,110.321,104.22,103.109,109.791,108.842,109.551,107.394,99.352,93.445,102.886,107.626,105.715,99.222,111.81,108.288,94.732,81.245,108.685,105.167,104.786,100.738,103.354,98.373,107.52,106.222,109.268,99.4,100.151,100.203,109.756,111.405,95.481,93.394,98.342,101.826,108.039,104.417,103.773,103.593,109.812,99.458,103.988,102.019,102.907,110.018,106.614,96.954,108.388,106.308,101.81,88.337,91.681,110.655,107.757,106.542,109.501,93.469,104.771,90.371,69.895,102.37,113.51,102.394,101.927,81.075,109.599,93.126,87.647
2020-07-01,94.841,84.608,104.524,106.461,98.857,92.903,106.218,94.356,108.777,96.94,107.105,98.932,101.294,100.518,104.727,112.697,110.928,109.64,109.104,105.491,105.681,108.139,92.962,109.684,107.598,101.531,88.927,101.419,99.569,105.865,91.723,90.758,91.033,99.696,107.39,97.463,111.19,106.886,106.691,109.206,108.679,113.217,107.449,111.892,105.782,103.541,110.316,109.354,110.07,107.567,99.218,95.73,102.872,108.414,106.287,95.095,111.717,104.489,95.845,90.947,109.351,105.165,105.984,102.63,104.052,97.794,107.593,106.364,109.28,104.723,100.609,101.136,109.793,112.258,96.97,93.101,100.403,102.195,108.917,105.031,104.221,104.105,111.024,99.604,104.832,101.908,103.282,111.585,106.983,91.969,109.735,106.209,102.638,88.573,91.679,111.207,108.129,107.322,109.949,94.78,107.585,90.826,67.612,102.095,115.486,103.492,101.794,80.325,110.661,93.05,88.45
2020-10-01,93.936,85.675,104.991,107.467,96.246,93.185,106.663,93.999,109.153,97.678,107.165,99.16,102.704,102.175,105.287,112.843,112.172,110.468,111.475,105.579,105.691,109.033,100.846,110.879,108.536,100.868,89.403,102.222,99.905,106.582,91.726,93.322,89.107,100.033,107.998,98.663,111.547,107.29,106.458,109.834,109.328,118.194,108.051,113.239,104.344,105.025,110.721,109.907,110.487,107.699,99.627,96.662,102.659,108.985,106.694,96.408,112.765,106.341,95.298,93.693,110.188,104.473,107.926,105.115,102.831,100.514,107.828,106.2,108.871,112.422,101.234,101.242,110.55,112.76,98.231,91.907,104.165,101.705,109.783,105.279,104.375,104.346,111.703,99.096,105.34,100.726,103.325,112.65,107.247,92.76,110.939,107.263,103.985,88.369,91.92,111.567,108.564,107.928,110.499,96.145,108.267,90.012,63.408,98.834,116.648,104.097,103.265,79.406,111.737,97.869,89.029
2021-01-01,93.39,85.017,105.226,107.759,94.796,94.021,106.578,93.48,109.749,98.012,107.506,99.314,103.075,103.386,107.592,118.509,116.691,112.811,114.805,105.965,106.107,109.946,101.039,112.044,109.482,98.507,105.68,102.405,100.197,107.655,92.672,110.528,90.558,101.395,109.49,101.443,111.961,108.775,106.799,110.969,110.59,117.28,109.079,115.703,104.595,106.172,111.251,110.522,111.048,106.495,99.896,99.183,102.743,110.115,106.924,95.515,114.948,104.691,96.842,110.977,111.223,105.213,108.59,105.01,101.809,105.067,107.085,106.771,104.572,111.462,101.237,103.212,111.343,113.066,98.692,92.068,104.056,102.061,111.576,105.725,106.257,105.33,112.814,99.345,106.529,100.085,106.085,114.072,107.481,92.774,112.113,107.383,102.644,89.334,92.478,111.987,109.352,109.022,111.8,99.834,108.891,88.995,58.947,99.519,120.167,103.944,103.57,79.89,112.74,101.847,89.909
2021-04-01,101.349,91.743,105.88,108.658,96.453,95.249,106.632,93.324,110.059,101.241,107.891,100.075,104.884,106.284,110.986,122.917,120.666,115.409,118.316,106.881,107.07,111.2,109.848,113.374,111.599,98.569,114.627,104.83,103.228,109.64,93.508,118.847,91.546,103.536,110.792,104.193,112.684,109.211,107.159,111.376,111.065,119.344,110.373,119.799,105.628,108.461,112.098,111.565,111.923,106.887,100.604,103.909,105.157,110.669,107.408,97.48,115.462,107.253,97.398,119.237,112.106,106.957,112.626,111.791,104.577,112.052,107.623,107.307,104.471,129.773,103.288,104.692,112.189,113.038,101.301,93.719,113.791,102.518,112.895,106.369,106.728,105.641,113.39,99.311,108.188,100.087,106.694,115.86,108.02,97.542,113.445,109.098,102.704,90.15,93.382,112.711,110.888,110.409,113.291,99.899,111.545,88.306,57.288,99.638,121.464,105.431,107.725,80.511,113.506,103.424,90.82
2021-07-01,109.627,96.727,106.932,109.887,98.853,95.992,107.765,93.693,110.95,103.574,108.53,99.993,106.312,108.588,114.536,123.641,123.148,117.213,122.599,108.702,109.035,113.42,114.425,115.582,114.584,99.19,120.434,106.752,105.245,111.369,94.355,126.289,90.366,105.38,112.06,103.445,113.603,109.584,107.657,111.769,111.415,123.263,111.574,121.533,106.204,110.454,113.128,112.725,112.971,107.618,101.3,104.379,107.621,111.177,108.048,100.368,116.924,108.44,99.407,126.777,113.823,109.342,113.613,117.149,106.031,117.569,108.001,107.649,106.243,138.154,107.872,106.249,112.754,113.725,101.675,94.501,113.398,102.72,113.414,107.218,107.078,105.928,114.909,99.299,109.681,99.785,106.964,118.034,108.881,100.333,115.652,110.346,102.81,90.518,93.615,113.635,113.098,111.708,114.863,101.009,113.696,88.394,57.226,100.33,122.944,107.602,109.348,80.301,114.729,101.904,90.872
2021-10-01,111.765,96.907,106.72,110.502,102.073,97.866,108.003,93.578,111.448,105.978,109.16,99.232,109.292,112.782,119.202,124.449,125.345,118.666,126.23,111.089,111.916,115.831,120.813,117.918,116.918,97.729,133.161,109.546,108.732,113.724,96.322,140.091,90.632,108.077,113.625,101.952,114.922,110.013,108.43,112.108,111.742,125.893,112.766,122.763,107.791,113.727,114.498,114.347,114.337,107.903,102.122,103.103,109.164,111.721,109.247,102.538,118.063,109.894,102.447,140.633,115.701,113.606,115.211,122.842,106.747,126.268,108.264,107.713,105.68,147.452,112.014,109.116,113.339,114.141,103.211,94.362,114.551,103.768,114.905,107.984,107.604,106.412,116.501,99.265,111.491,100.654,107.528,120.685,111.006,99.65,117.986,111.84,102.45,90.819,94.347,114.949,116.154,113.04,116.455,102.16,115.787,87.663,55.973,101.24,126.934,109.99,110.059,80.023,115.776,99.954,92.134
2022-01-01,111.837,102.023,107.698,111.603,105.426,99.826,107.349,93.431,112.221,108.287,109.455,101.742,113.425,116.698,121.122,124.16,127.972,120.495,131.995,114.085,115.3,118.205,132.801,119.999,118.753,98.313,153.864,113.745,113.347,116.248,98.323,156.036,94.504,111.173,115.195,103.255,116.563,111.138,108.898,113.537,113.347,129.412,114.305,125.164,109.789,116.965,116.039,116.117,115.823,108.502,102.465,102.99,110.901,113.17,110.518,105.623,120.941,110.262,104.119,156.235,117.091,117.593,116.996,126.945,110.336,129.246,108.628,108.123,106.187,154.98,114.498,112.671,114.178,114.408,105.019,94.726,117.414,105.503,118.473,108.996,108.389,108.857,120.188,100.68,113.585,102.249,107.169,122.519,112.943,103.397,120.059,113.396,103.034,91.152,95.999,116.595,119.681,114.595,117.701,105.489,116.679,87.156,54.265,102.116,128.563,113.322,112.675,79.409,117.342,100.178,94.183
2022-04-01,114.707,119.411,109.031,113.745,105.779,100.448,107.668,92.538,113.621,108.6,110.087,103.261,117.836,123.755,124.453,120.684,129.035,121.462,138.083,117.997,119.718,121.063,143.323,121.986,120.899,102.244,204.924,115.826,115.388,119.022,98.787,179.72,96.974,113.982,116.555,104.391,118.624,111.531,109.449,114.069,113.803,130.388,115.937,127.042,112.299,122.339,117.945,118.496,117.665,109.325,102.89,103.684,115.55,113.829,112.174,107.857,124.979,109.464,104.62,178.172,119.289,120.736,120.363,127.018,110.463,145.777,109.017,108.956,107.213,150.407,116.055,116.92,115.497,115.435,106.208,94.697,123.552,106.84,120.957,109.897,108.629,109.112,121.993,102.667,115.672,102.473,107.143,127.742,115.37,115.321,122.021,114.686,103.689,90.717,97.46,118.655,122.954,116.3,119.217,107.207,115.639,85.286,50.121,103.13,130.783,116.523,119.584,78.526,118.455,99.956,94.646
2022-07-01,111.991,118.236,110.337,113.646,106.453,101.157,108.882,92.039,116.197,109.367,111.006,104.076,122.819,129.764,127.077,115.579,129.896,122.461,145.618,121.642,123.833,123.5,143.87,124.554,122.683,102.557,187.601,116.759,117.318,120.58,99.527,164.16,98.174,114.669,118.164,104.81,121.302,112.453,110.214,115.501,115.045,126.412,117.577,129.511,114.923,127.068,120.425,121.276,120.08,110.532,102.061,105.638,115.161,115.076,113.61,109.863,128.588,111.107,104.367,162.716,124.535,123.124,124.602,128.2,110.77,155.406,109.534,109.519,110.059,148.816,118.326,117.563,116.594,118.098,106.803,95.859,125.656,108.636,122.78,111.059,108.999,109.158,124.111,105.512,117.014,103.214,107.248,129.544,116.988,114.574,124.592,115.92,103.807,90.843,99.567,121.327,125.955,117.982,121.309,106.923,115.321,84.788,48.981,104.751,133.068,119.075,121.797,78.826,120.058,100.311,95.943
2022-10-01,115.548,119.538,111.702,115.495,106.197,101.555,109.3,92.208,118.161,108.977,111.649,104.303,124.695,129.915,130.732,115.503,131.863,124.089,149.782,123.574,125.873,125.895,155.763,127.152,125.435,105.35,193.987,116.066,115.906,121.773,100.428,155.907,95.586,114.727,119.49,105.292,124.016,112.974,110.745,115.931,115.287,125.83,119.217,129.054,117.729,127.579,122.957,123.533,122.561,111.63,103.132,107.466,116.201,115.591,115.085,113.207,128.403,113.152,104.717,153.628,129.211,125.454,128.301,128.108,112.905,149.268,110.32,109.075,111.801,142.861,120.486,117.878,117.937,119.769,105.409,96.599,127.201,109.525,124.757,112.39,109.618,109.381,128.298,106.973,118.172,103.317,107.847,132.432,117.62,115.575,127.197,117.706,102.952,89.938,100.614,124.044,128.087,119.707,122.939,107.388,115.987,84.395,46.007,106.127,134.713,123.842,124.388,77.269,121.503,102.437,97.268
2023-01-01,119.002,123.324,112.8,117.883,109.742,102.615,109.764,92.982,119.651,108.853,112.376,103.613,126.44,131.141,134.026,117.14,132.201,125.048,148.615,124.816,127.156,127.66,140.086,129.151,127.647,106.851,162.401,116.632,116.655,122.891,101.714,147.815,97.624,114.946,120.941,105.158,126.704,113.46,111.397,116.847,116.018,123.238,120.775,129.112,118.403,129.01,125.459,125.885,125.022,113.559,105.488,109.942,117.624,116.434,117.324,115.148,128.973,115.845,106.884,146.913,132.717,126.015,131.62,127.085,115.349,148.505,111.406,110.268,115.759,136.456,121.689,118.296,119.289,121.882,105.672,97.509,130.031,110.971,128.031,113.657,109.641,109.544,130.901,107.971,119.32,105.366,107.457,135.466,119.108,117.928,129.202,120.001,102.753,89.752,101.31,126.726,129.387,121.335,124.426,106.232,118.669,84.337,44.738,106.788,137.077,126.303,127.34,76.746,123.503,102.775,97.833
2023-04-01,118.861,120.062,113.107,119.481,110.183,103.52,110.064,92.478,120.613,108.768,112.997,102.008,125.652,126.636,135.785,118.551,133.618,126.482,149.971,124.978,127.292,129.148,136.432,131.003,129.188,105.621,149.827,114.999,115.898,123.814,102.744,144.1,94.478,115.111,122.267,104.938,128.832,114.422,111.869,117.991,117.196,119.054,121.975,134.217,118.861,126.35,127.524,127.33,127.082,115.019,106.164,110.897,117.561,117.627,119.204,113.364,130.382,115.031,108.191,143.746,134.949,126.658,132.748,128.932,119.068,130.488,111.937,113.252,118.984,142.377,121.762,118.606,120.899,122.8,106.135,98.072,128.663,112.12,131.127,115.176,110.409,110.85,133.215,110.37,120.182,106.208,107.81,134.859,124.532,115.75,131.065,120.663,103.248,88.697,102.208,128.849,130.388,122.556,125.832,105.614,116.767,83.318,44.341,108.998,138.949,126.055,127.023,75.613,125.18,102.327,98.761
2023-07-01,118.199,118.49,113.616,120.323,110.21,103.886,110.662,92.086,122.063,107.589,113.614,100.974,126.044,126.722,138.441,123.048,135.188,128.048,148.462,125.566,127.897,130.089,135.78,132.174,130.072,102.574,161.945,114.178,114.894,124.858,103.133,150.949,94.837,115.257,123.434,106.813,130.694,114.972,112.217,118.617,117.658,117.341,123.053,136.627,118.323,126.913,129.354,128.989,128.91,116.58,107.145,110.072,117.915,118.318,121.185,113.482,127.974,117.513,108.81,150.29,138.956,124.903,135.669,127.705,120.4,129.389,112.316,115.767,123.115,138.583,121.912,119.537,122.522,124.486,106.419,97.872,129.239,112.177,131.564,115.589,110.879,111.31,135.011,111.822,120.983,106.859,108.082,135.436,126.524,115.429,132.242,122.149,103.065,87.023,100.751,130.717,131.493,123.696,127.146,104.987,116.34,82.264,43.45,110.064,140.687,126.085,128.513,73.446,126.911,104.23,99.058
2023-10-01,116.823,123.095,113.897,120.948,109.027,103.205,111.45,91.679,123.77,106.713,114.025,100.251,128.455,128.597,139.65,120.834,134.563,128.078,149.427,125.975,128.335,131.403,133.208,133.664,131.111,100.598,160.799,112.842,113.934,125.703,102.203,146.077,92.28,114.807,124.514,106.277,132.492,115.736,112.281,119.804,118.769,114.667,124.029,136.602,116.202,128.548,131.112,130.728,130.661,117.686,107.174,110.147,118.135,119.358,123.813,113.538,129.926,119.843,108.121,145.211,140.01,124.432,136.185,127.34,118.555,129.178,112.605,119.197,124.255,137.017,122.151,119.339,123.667,126.154,106.615,97.257,128.593,112.703,132.158,115.907,111.198,111.374,134.856,111.906,121.48,107.735,108.296,137.343,129.437,118.084,133.738,123.488,103.279,85.952,100.845,132.507,132.887,124.68,128.635,105.034,115.652,81.536,41.283,110.009,144.926,126.573,130.035,72.061,127.991,101.366,98.023
2024-01-01,119.241,125.629,114.714,121.898,110.919,103.007,111.721,92.374,125.168,106.585,114.633,100.003,131.639,132.075,140.949,126.936,138.32,131.176,150.823,126.64,128.966,132.468,136.439,134.839,132.485,103.122,151.879,112.611,113.939,126.886,101.926,142.712,92.209,114.659,125.815,103.867,134.107,116.858,112.806,121.273,120.237,114.997,125.67,138.398,116.452,131.646,132.941,132.722,132.554,119.698,109.823,108.125,119.505,120.655,125.394,111.819,130.058,121.64,108.813,142.168,142.182,125.665,137.403,126.53,117.945,133.802,114.59,121.553,126.804,133.484,122.049,119.181,125.069,127.629,106.699,96.206,127.798,112.598,135.184,117.15,111.956,111.904,137.359,112.432,122.507,107.318,109.087,140.186,128.99,118.708,134.916,125.096,102.456,86.764,100.168,134.126,134.752,126.309,130.483,105.194,115.908,81.235,40.598,110.116,146.814,124.075,130.992,73.167,130.192,98.188,97.017
2024-04-01,118.408,121.916,115.124,121.141,109.072,104.619,112.026,92.731,126.457,105.898,115.311,101.398,132.089,131.959,143.532,130.509,140.639,133.111,151.891,126.528,128.748,133.78,135.81,135.995,133.325,103.05,151.272,110.973,113.089,127.765,103.82,144.229,87.029,114.857,126.996,104.874,135.622,117.412,113.371,122.011,121.011,112.847,126.664,139.195,115.969,131.894,134.558,134.16,134.201,120.997,111.22,111.16,119.254,121.375,126.691,110.548,130.583,121.111,110.218,143.809,144.348,125.895,139.076,125.193,118.246,131.4,115.316,125.5,129.235,130.76,120.915,119.905,126.717,128.139,107.298,96.963,128.417,113.51,137.239,118.266,112.317,111.817,142.243,112.483,123.275,108.92,109.586,142.232,129.242,116.84,136.068,125.204,103.093,86.572,100.573,135.641,136.426,127.367,131.65,104.665,115.595,81.035,39.174,111.362,149.474,124.116,130.962,73.022,131.29,99.352,99.532
2024-07-01,117.77,122.747,115.87,122.992,108.188,104.563,112.544,92.434,127.106,105.266,116.241,100.715,131.295,131.202,145.816,134.058,142.952,134.914,153.003,127.021,129.187,135.078,140.64,137.108,134.159,100.212,146.3,110.474,111.951,128.156,103.983,136.844,87.629,114.398,128.099,104.538,137.161,117.863,114.143,122.468,121.589,114.041,127.555,142.22,115.235,131.759,136.083,135.467,135.721,121.951,110.301,112.296,119.161,122.082,126.809,110.989,132.144,121.784,109.274,136.287,145.226,127.067,139.585,123.816,119.2,130.793,116.045,128.219,131.515,125.972,120.477,119.55,128.849,127.827,106.459,97.511,128.124,113.922,137.348,118.736,112.761,112.54,142.046,112.406,123.747,109.237,109.785,142.956,131.913,117.194,137.175,125.997,104.4,86.0,101.058,137.179,137.971,128.315,133.204,103.438,113.988,80.964,38.977,112.093,152.176,122.703,131.405,72.65,132.598,98.411,100.401
2024-10-01,119.155,128.421,115.794,122.414,108.147,104.365,112.749,90.8,128.01,105.243,117.073,107.215,132.493,132.603,147.186,137.079,145.436,136.814,154.991,127.878,130.23,136.183,146.8,138.333,135.411,100.015,137.783,110.512,112.18,129.082,103.48,133.289,88.115,114.295,129.115,105.106,138.366,118.641,115.135,123.385,122.42,112.918,128.704,143.687,115.959,133.281,137.48,136.88,137.175,122.873,107.168,114.87,120.715,122.979,127.982,111.294,133.302,123.951,110.187,133.028,148.281,127.03,141.489,124.999,120.526,132.998,116.792,132.594,132.012,128.861,121.14,119.398,130.044,129.281,107.354,98.394,127.568,113.718,139.118,118.816,113.397,113.081,143.47,112.483,124.478,108.691,110.434,146.829,132.227,120.892,138.404,127.185,101.124,84.684,99.991,138.384,139.45,129.474,134.525,102.484,113.13,79.733,38.135,112.514,154.628,122.967,134.248,71.321,134.393,98.939,99.086
