Date,Accommodations,Air transportation,Alcoholic beverages purchased for off-premises consumption,"Audio-video, photographic, and information processing equipment services",Children's and infants' clothing,Clothing and footwear,Commercial and vocational schools,Communication,Dental services,Durable goods,Education services,Educational books,Electricity,Electricity and gas,Final consumption expenditures of nonprofit institutions serving households (NPISHs),"Financial service charges, fees, and commissions",Financial services,Financial services and insurance,Financial services furnished without payment,Food and beverages purchased for off-premises consumption,Food and nonalcoholic beverages purchased for off-premises consumption,Food furnished to employees (including military),Food produced and consumed on farms,Food services,Food services and accommodations,Foreign travel by U.S. residents,Fuel oil and other fuels,Furnishings and durable household equipment,Furniture and furnishings,Gambling,Garments,Gasoline and other energy goods,"Glassware, tableware, and household utensils",Goods,Gross output of nonprofit institutions,Ground transportation,Group housing,Health care,Higher education,Hospital and nursing home services,Hospitals,Household appliances,Household consumption expenditures (for services),Household maintenance,Household supplies,Household utilities,Housing,Housing and utilities,Imputed rental of owner-occupied nonfarm housing,Insurance,Internet access,Jewelry and watches,Less: Expenditures in the United States by nonresidents,Less: Receipts from sales of goods and services by nonprofit institutions,Life insurance,Luggage and similar personal items,"Magazines, newspapers, and stationery","Membership clubs, sports centers, parks, theaters, and museums",Men's and boys' clothing,"Motor vehicle fuels, lubricants, and fluids",Motor vehicle maintenance and repair,Motor vehicle parts and accessories,Motor vehicle services,Motor vehicles and parts,Musical instruments,Natural gas,Net expenditures abroad by U.S. residents,Net foreign travel,Net health insurance,Net household insurance,Net motor vehicle and other transportation insurance,Net purchases of used motor vehicles,New motor vehicles,Nondurable goods,"Nursery, elementary, and secondary schools",Nursing homes,Other clothing materials and footwear,Other durable goods,Other motor vehicle services,Other nondurable goods,Other recreational services,Other services,Outpatient services,Paramedical services,Personal care and clothing services,Personal care products,Pharmaceutical and other medical products,Physician services,Postal and delivery services,Professional and other services,Public transportation,Purchased meals and beverages,Recreation services,Recreational books,Recreational goods and vehicles,Recreational items,Rental of tenant-occupied nonfarm housing,Rental value of farm dwellings,Services,Social services and religious activities,"Sporting equipment, supplies, guns, and ammunition",Sports and recreational vehicles,Telecommunication services,Telephone and related communication equipment,Therapeutic appliances and equipment,Tobacco,Tools and equipment for house and garden,Transportation services,"Video, audio, photographic, and information processing equipment and media",Water supply and sanitation,Water transportation,Women's and girls' clothing
1947-04-01,,,,,,-0.56,,,,1.17,,,,,,,,,,2.1,,,,,,,,0.7,,,,0.57,,4.58,,,,,,,,,,,,,,,,,,,,,,,,,,,,,,0.31,,,,,,,,,,3.41,,,,-0.04,,1.3,,,,,,,,,,,,,,,0.19,,,,2.25,,,,,,,,,,,,,
1947-07-01,,,,,,0.67,,,,0.76,,,,,,,,,,-0.27,,,,,,,,1.1,,,,0.18,,1.73,,,,,,,,,,,,,,,,,,,,,,,,,,,,,,-0.87,,,,,,,,,,0.98,,,,0.22,,0.4,,,,,,,,,,,,,,,0.31,,,,-0.42,,,,,,,,,,,,,
1947-10-01,,,,,,-0.12,,,,3.47,,,,,,,,,,-2.28,,,,,,,,1.18,,,,-0.05,,1.07,,,,,,,,,,,,,,,,,,,,,,,,,,,,,,2.08,,,,,,,,,,-2.39,,,,0.02,,0.06,,,,,,,,,,,,,,,0.19,,,,-0.95,,,,,,,,,,,,,
1948-01-01,,,,,,-0.52,,,,-0.24,,,,,,,,,,0.45,,,,,,,,-1.0,,,,0.41,,0.56,,,,,,,,,,,,,,,,,,,,,,,,,,,,,,1.12,,,,,,,,,,0.81,,,,-0.03,,0.46,,,,,,,,,,,,,,,-0.33,,,,1.44,,,,,,,,,,,,,
1948-04-01,,,,,,0.22,,,,0.49,,,,,,,,,,1.91,,,,,,,,1.32,,,,-0.03,,2.45,,,,,,,,,,,,,,,,,,,,,,,,,,,,,,-1.0,,,,,,,,,,1.96,,,,0.02,,-0.14,,,,,,,,,,,,,,,0.15,,,,2.28,,,,,,,,,,,,,
1948-07-01,,,,,,0.39,,,,1.06,,,,,,,,,,-2.02,,,,,,,,0.53,,,,0.06,,-0.14,,,,,,,,,,,,,,,,,,,,,,,,,,,,,,0.52,,,,,,,,,,-1.2,,,,0.04,,0.37,,,,,,,,,,,,,,,-0.03,,,,0.74,,,,,,,,,,,,,
1948-10-01,,,,,,1.01,,,,-0.61,,,,,,,,,,1.86,,,,,,,,-1.44,,,,-0.41,,1.71,,,,,,,,,,,,,,,,,,,,,,,,,,,,,,1.13,,,,,,,,,,2.32,,,,0.05,,-0.15,,,,,,,,,,,,,,,-0.35,,,,1.52,,,,,,,,,,,,,
1949-01-01,,,,,,0.11,,,,-0.8,,,,,,,,,,0.16,,,,,,,,-1.67,,,,-0.42,,-0.36,,,,,,,,,,,,,,,,,,,,,,,,,,,,,,0.84,,,,,,,,,,0.44,,,,-0.12,,0.58,,,,,,,,,,,,,,,0.15,,,,1.01,,,,,,,,,,,,,
1949-04-01,,,,,,-0.47,,,,5.13,,,,,,,,,,0.02,,,,,,,,0.58,,,,0.13,,5.43,,,,,,,,,,,,,,,,,,,,,,,,,,,,,,4.71,,,,,,,,,,0.31,,,,0.0,,0.63,,,,,,,,,,,,,,,-0.16,,,,0.84,,,,,,,,,,,,,
1949-07-01,,,,,,-1.35,,,,2.84,,,,,,,,,,-0.38,,,,,,,,1.9,,,,-0.05,,1.13,,,,,,,,,,,,,,,,,,,,,,,,,,,,,,0.96,,,,,,,,,,-1.71,,,,-0.05,,0.07,,,,,,,,,,,,,,,0.03,,,,-0.22,,,,,,,,,,,,,
1949-10-01,,,,,,1.85,,,,2.27,,,,,,,,,,-0.07,,,,,,,,1.93,,,,0.28,,5.35,,,,,,,,,,,,,,,,,,,,,,,,,,,,,,0.19,,,,,,,,,,3.08,,,,0.14,,1.02,,,,,,,,,,,,,,,0.01,,,,0.64,,,,,,,,,,,,,
1950-01-01,,,,,,0.01,,,,2.07,,,,,,,,,,2.17,,,,,,,,-0.64,,,,0.25,,4.44,,,,,,,,,,,,,,,,,,,,,,,,,,,,,,2.08,,,,,,,,,,2.36,,,,0.01,,-0.07,,,,,,,,,,,,,,,0.63,,,,2.39,,,,,,,,,,,,,
1950-04-01,,,,,,0.79,,,,0.36,,,,,,,,,,0.39,,,,,,,,-0.89,,,,0.85,,2.46,,,,,,,,,,,,,,,,,,,,,,,,,,,,,,1.36,,,,,,,,,,2.1,,,,0.12,,0.07,,,,,,,,,,,,,,,-0.24,,,,4.29,,,,,,,,,,,,,
1950-07-01,,,,,,1.57,,,,16.27,,,,,,,,,,0.21,,,,,,,,7.28,,,,0.41,,19.52,,,,,,,,,,,,,,,,,,,,,,,,,,,,,,6.64,,,,,,,,,,3.25,,,,0.43,,1.05,,,,,,,,,,,,,,,1.92,,,,2.66,,,,,,,,,,,,,
1950-10-01,,,,,,-1.77,,,,-8.7,,,,,,,,,,-0.78,,,,,,,,-5.35,,,,-0.47,,-12.48,,,,,,,,,,,,,,,,,,,,,,,,,,,,,,-2.2,,,,,,,,,,-3.78,,,,-0.16,,-0.77,,,,,,,,,,,,,,,-0.99,,,,0.95,,,,,,,,,,,,,
1951-01-01,,,,,,0.72,,,,2.69,,,,,,,,,,0.56,,,,,,,,3.0,,,,0.61,,5.91,,,,,,,,,,,,,,,,,,,,,,,,,,,,,,-1.17,,,,,,,,,,3.22,,,,0.21,,1.34,,,,,,,,,,,,,,,0.66,,,,4.11,,,,,,,,,,,,,
1951-04-01,,,,,,-1.52,,,,-9.31,,,,,,,,,,-0.13,,,,,,,,-4.36,,,,-0.22,,-11.82,,,,,,,,,,,,,,,,,,,,,,,,,,,,,,-4.31,,,,,,,,,,-2.51,,,,-0.06,,-0.65,,,,,,,,,,,,,,,-0.58,,,,0.99,,,,,,,,,,,,,
1951-07-01,,,,,,0.74,,,,-0.96,,,,,,,,,,1.66,,,,,,,,0.5,,,,0.39,,2.81,,,,,,,,,,,,,,,,,,,,,,,,,,,,,,-1.86,,,,,,,,,,3.78,,,,0.1,,1.0,,,,,,,,,,,,,,,0.3,,,,1.93,,,,,,,,,,,,,
1951-10-01,,,,,,0.47,,,,-0.18,,,,,,,,,,-0.52,,,,,,,,0.77,,,,0.33,,2.02,,,,,,,,,,,,,,,,,,,,,,,,,,,,,,-1.31,,,,,,,,,,2.2,,,,0.15,,1.92,,,,,,,,,,,,,,,0.22,,,,0.33,,,,,,,,,,,,,
1952-01-01,,,,,,-0.35,,,,0.1,,,,,,,,,,-0.39,,,,,,,,-0.2,,,,-0.13,,-1.28,,,,,,,,,,,,,,,,,,,,,,,,,,,,,,0.39,,,,,,,,,,-1.38,,,,-0.04,,-0.51,,,,,,,,,,,,,,,-0.05,,,,2.21,,,,,,,,,,,,,
1952-04-01,,,,,,1.38,,,,0.98,,,,,,,,,,2.65,,,,,,,,-0.04,,,,0.15,,5.4,,,,,,,,,,,,,,,,,,,,,,,,,,,,,,1.04,,,,,,,,,,4.42,,,,0.09,,0.23,,,,,,,,,,,,,,,-0.11,,,,2.67,,,,,,,,,,,,,
1952-07-01,,,,,,1.15,,,,-3.42,,,,,,,,,,1.3,,,,,,,,0.23,,,,0.21,,-0.23,,,,,,,,,,,,,,,,,,,,,,,,,,,,,,-3.73,,,,,,,,,,3.2,,,,0.1,,0.54,,,,,,,,,,,,,,,-0.03,,,,2.16,,,,,,,,,,,,,
1952-10-01,,,,,,0.9,,,,9.62,,,,,,,,,,0.77,,,,,,,,1.23,,,,0.16,,12.39,,,,,,,,,,,,,,,,,,,,,,,,,,,,,,7.81,,,,,,,,,,2.77,,,,0.23,,0.94,,,,,,,,,,,,,,,0.35,,,,2.49,,,,,,,,,,,,,
1953-01-01,,,,,,-1.32,,,,1.97,,,,,,,,,,1.9,,,,,,,,-0.52,,,,-0.01,,3.1,,,,,,,,,,,,,,,,,,,,,,,,,,,,,,2.09,,,,,,,,,,1.13,,,,0.04,,0.57,,,,,,,,,,,,,,,0.35,,,,1.68,,,,,,,,,,,,,
1953-04-01,,,,,,0.94,,,,-0.43,,,,,,,,,,0.16,,,,,,,,0.25,,,,-0.11,,0.37,,,,,,,,,,,,,,,,,,,,,,,,,,,,,,-0.57,,,,,,,,,,0.8,,,,-0.05,,-0.18,,,,,,,,,,,,,,,-0.06,,,,2.06,,,,,,,,,,,,,
1953-07-01,,,,,,-0.7,,,,-0.49,,,,,,,,,,-0.52,,,,,,,,-0.05,,,,0.18,,-2.05,,,,,,,,,,,,,,,,,,,,,,,,,,,,,,-0.24,,,,,,,,,,-1.57,,,,-0.08,,-0.53,,,,,,,,,,,,,,,-0.12,,,,1.1,,,,,,,,,,,,,
1953-10-01,,,,,,-0.52,,,,-1.73,,,,,,,,,,0.09,,,,,,,,0.04,,,,-0.05,,-1.49,,,,,,,,,,,,,,,,,,,,,,,,,,,,,,-1.63,,,,,,,,,,0.25,,,,-0.07,,0.73,,,,,,,,,,,,,,,-0.08,,,,-1.17,,,,,,,,,,,,,
1954-01-01,,,,,,0.38,,,,-1.91,,,,,,,,,,1.63,,,,,,,,-0.44,,,,0.12,,-0.22,,,,,,,,,,,,,,,,,,,,,,,,,,,,,,-1.36,,,,,,,,,,1.69,,,,-0.13,,-0.44,,,,,,,,,,,,,,,0.01,,,,1.71,,,,,,,,,,,,,
1954-04-01,,,,,,-0.03,,,,2.67,,,,,,,,,,-0.19,,,,,,,,-0.06,,,,0.06,,2.15,,,,,,,,,,,,,,,,,,,,,,,,,,,,,,2.37,,,,,,,,,,-0.52,,,,0.23,,-0.36,,,,,,,,,,,,,,,0.13,,,,3.15,,,,,,,,,,,,,
1954-07-01,,,,,,-0.14,,,,0.21,,,,,,,,,,2.0,,,,,,,,0.3,,,,0.41,,2.42,,,,,,,,,,,,,,,,,,,,,,,,,,,,,,-0.66,,,,,,,,,,2.21,,,,0.3,,-0.06,,,,,,,,,,,,,,,0.28,,,,3.1,,,,,,,,,,,,,
1954-10-01,,,,,,0.85,,,,3.54,,,,,,,,,,1.51,,,,,,,,0.92,,,,0.52,,6.49,,,,,,,,,,,,,,,,,,,,,,,,,,,,,,2.21,,,,,,,,,,2.95,,,,0.1,,0.07,,,,,,,,,,,,,,,0.3,,,,2.17,,,,,,,,,,,,,
1955-01-01,,,,,,0.47,,,,5.41,,,,,,,,,,0.57,,,,,,,,1.19,,,,0.31,,7.17,,,,,,,,,,,,,,,,,,,,,,,,,,,,,,4.22,,,,,,,,,,1.76,,,,-0.18,,0.42,,,,,,,,,,,,,,,0.18,,,,2.11,,,,,,,,,,,,,
1955-04-01,,,,,,1.03,,,,3.49,,,,,,,,,,1.35,,,,,,,,0.24,,,,0.46,,6.61,,,,,,,,,,,,,,,,,,,,,,,,,,,,,,2.75,,,,,,,,,,3.12,,,,0.22,,0.28,,,,,,,,,,,,,,,0.28,,,,1.28,,,,,,,,,,,,,
1955-07-01,,,,,,-0.27,,,,2.14,,,,,,,,,,0.7,,,,,,,,0.77,,,,0.18,,3.21,,,,,,,,,,,,,,,,,,,,,,,,,,,,,,1.08,,,,,,,,,,1.07,,,,0.03,,0.47,,,,,,,,,,,,,,,0.26,,,,1.83,,,,,,,,,,,,,
1955-10-01,,,,,,0.73,,,,-1.65,,,,,,,,,,1.24,,,,,,,,-0.1,,,,0.5,,1.63,,,,,,,,,,,,,,,,,,,,,,,,,,,,,,-1.97,,,,,,,,,,3.28,,,,0.23,,0.81,,,,,,,,,,,,,,,0.19,,,,3.49,,,,,,,,,,,,,
1956-01-01,,,,,,-0.02,,,,-2.81,,,,,,,,,,1.25,,,,,,,,0.18,,,,0.15,,-1.06,,,,,,,,,,,,,,,,,,,,,,,,,,,,,,-2.98,,,,,,,,,,1.75,,,,-0.07,,0.37,,,,,,,,,,,,,,,0.05,,,,1.71,,,,,,,,,,,,,
1956-04-01,,,,,,0.1,,,,0.13,,,,,,,,,,-0.33,,,,,,,,0.61,,,,-0.01,,-0.38,,,,,,,,,,,,,,,,,,,,,,,,,,,,,,-0.84,,,,,,,,,,-0.51,,,,0.11,,-0.27,,,,,,,,,,,,,,,0.26,,,,1.72,,,,,,,,,,,,,
1956-07-01,,,,,,0.31,,,,-1.03,,,,,,,,,,0.07,,,,,,,,-0.47,,,,-0.28,,-0.98,,,,,,,,,,,,,,,,,,,,,,,,,,,,,,-0.74,,,,,,,,,,0.05,,,,0.13,,-0.05,,,,,,,,,,,,,,,0.05,,,,1.89,,,,,,,,,,,,,
1956-10-01,,,,,,-0.06,,,,1.92,,,,,,,,,,0.73,,,,,,,,0.0,,,,0.4,,3.25,,,,,,,,,,,,,,,,,,,,,,,,,,,,,,1.68,,,,,,,,,,1.32,,,,0.11,,0.26,,,,,,,,,,,,,,,0.13,,,,2.38,,,,,,,,,,,,,
1957-01-01,,,,,,-0.43,,,,1.08,,,,,,,,,,0.68,,,,,,,,-0.24,,,,0.23,,2.09,,,,,,,,,,,,,,,,,,,,,,,,,,,,,,1.64,,,,,,,,,,1.01,,,,-0.18,,0.53,,,,,,,,,,,,,,,-0.14,,,,0.72,,,,,,,,,,,,,
1957-04-01,,,,,,-0.14,,,,-1.44,,,,,,,,,,0.82,,,,,,,,-0.06,,,,-0.26,,-0.79,,,,,,,,,,,,,,,,,,,,,,,,,,,,,,-1.05,,,,,,,,,,0.65,,,,-0.16,,0.22,,,,,,,,,,,,,,,-0.16,,,,1.49,,,,,,,,,,,,,
1957-07-01,,,,,,0.73,,,,-0.38,,,,,,,,,,0.8,,,,,,,,-0.13,,,,0.38,,1.96,,,,,,,,,,,,,,,,,,,,,,,,,,,,,,-0.71,,,,,,,,,,2.34,,,,0.3,,0.44,,,,,,,,,,,,,,,0.16,,,,1.24,,,,,,,,,,,,,
1957-10-01,,,,,,-0.81,,,,-0.64,,,,,,,,,,-0.18,,,,,,,,-0.49,,,,-0.05,,-1.65,,,,,,,,,,,,,,,,,,,,,,,,,,,,,,0.1,,,,,,,,,,-1.01,,,,-0.06,,0.03,,,,,,,,,,,,,,,-0.19,,,,1.82,,,,,,,,,,,,,
1958-01-01,,,,,,-0.26,,,,-3.7,,,,,,,,,,-0.62,,,,,,,,0.0,,,,0.13,,-5.07,,,,,,,,,,,,,,,,,,,,,,,,,,,,,,-3.62,,,,,,,,,,-1.37,,,,-0.11,,-0.62,,,,,,,,,,,,,,,0.04,,,,-0.35,,,,,,,,,,,,,
1958-04-01,,,,,,0.64,,,,-0.83,,,,,,,,,,-0.11,,,,,,,,-0.33,,,,0.58,,0.7,,,,,,,,,,,,,,,,,,,,,,,,,,,,,,-0.28,,,,,,,,,,1.53,,,,-0.05,,0.42,,,,,,,,,,,,,,,-0.17,,,,2.65,,,,,,,,,,,,,
1958-07-01,,,,,,0.73,,,,1.07,,,,,,,,,,0.77,,,,,,,,0.67,,,,0.33,,4.09,,,,,,,,,,,,,,,,,,,,,,,,,,,,,,0.03,,,,,,,,,,3.01,,,,0.13,,1.19,,,,,,,,,,,,,,,0.24,,,,2.72,,,,,,,,,,,,,
1958-10-01,,,,,,0.53,,,,1.84,,,,,,,,,,0.98,,,,,,,,0.3,,,,0.12,,4.01,,,,,,,,,,,,,,,,,,,,,,,,,,,,,,1.27,,,,,,,,,,2.17,,,,0.09,,0.54,,,,,,,,,,,,,,,0.18,,,,1.53,,,,,,,,,,,,,
1959-01-01,,,,,,0.08,,,,2.78,,,,,,,,,,1.49,,,,,,,,0.38,,,,-0.04,,4.82,,,,,,,,,,,,,,,,,,,,,,,,,,,,,,2.1,,,,,,,,,,2.04,,,,-0.09,,0.5,,,,,,,,,,,,,,,0.4,,,,2.71,,,,,,,,,,,,,
1959-04-01,0.05,0.03,-0.07,0.1,0.01,0.78,0.05,0.02,-0.01,2.03,0.17,0.01,0.06,-0.07,0.46,0.02,0.29,0.38,0.27,0.5,0.6,-0.03,-0.03,0.28,0.32,-0.04,-0.13,0.43,0.26,0.03,0.73,-0.02,0.01,3.28,0.77,-0.02,-0.01,0.16,0.04,0.1,0.11,0.14,2.58,0.21,0.24,-0.02,0.69,0.66,0.55,0.1,,0.0,0.13,0.31,-0.1,0.02,-0.03,0.05,0.47,0.12,0.11,0.06,0.14,1.41,0.01,-0.13,-0.11,0.09,0.05,0.01,0.13,0.5,0.86,1.25,0.08,0.0,0.05,0.09,0.02,-0.02,0.01,0.72,0.05,0.04,0.06,0.0,0.1,0.01,-0.01,0.04,0.02,0.3,0.19,0.02,0.1,-0.1,0.15,0.0,3.04,0.12,-0.01,-0.01,0.04,0.0,0.07,-0.11,0.01,0.15,0.09,0.05,0.0,0.26
1959-07-01,0.06,0.03,0.09,-0.03,0.0,-0.24,0.01,0.08,-0.01,1.05,0.08,0.0,0.08,0.25,0.27,-0.1,0.08,0.23,0.18,0.47,0.34,0.01,0.05,0.47,0.53,0.07,-0.03,0.1,-0.08,0.03,-0.12,-0.1,-0.02,1.62,0.34,0.05,-0.04,0.07,0.03,-0.03,-0.05,0.18,2.35,-0.14,0.05,0.31,0.88,1.19,0.72,0.16,,0.03,-0.14,0.07,-0.01,0.0,0.17,0.05,-0.04,-0.07,0.12,0.25,0.14,0.94,0.0,0.17,0.04,-0.07,0.06,0.01,0.1,-0.37,1.06,0.57,0.03,0.02,-0.12,0.02,0.02,0.43,0.02,0.06,0.1,0.07,0.01,0.04,0.1,0.05,0.01,0.05,0.08,0.46,0.05,0.0,-0.01,0.09,0.19,0.0,2.63,0.06,0.0,-0.01,0.06,0.0,-0.01,-0.05,0.02,0.22,0.0,0.06,0.0,-0.08
1959-10-01,0.03,0.03,-0.03,0.0,0.01,0.3,0.0,0.1,-0.01,-2.78,0.02,0.02,0.1,0.08,0.23,0.04,0.14,0.28,0.09,0.51,0.49,-0.01,0.05,0.25,0.28,0.07,-0.14,0.1,0.03,0.02,0.27,-0.01,0.0,-1.8,0.15,-0.01,-0.02,-0.05,0.02,-0.14,-0.17,0.05,2.02,-0.03,0.09,0.14,0.8,0.94,0.62,0.15,,0.04,0.01,-0.09,0.04,0.02,-0.11,0.06,0.1,0.14,0.1,-0.01,0.12,-3.0,0.0,-0.01,-0.12,0.08,0.04,0.01,0.06,0.57,-3.55,0.98,0.0,0.03,0.03,0.09,0.02,0.18,0.01,0.33,0.09,0.06,0.08,0.04,0.04,0.03,0.02,0.04,0.01,0.26,0.09,0.04,0.03,0.03,0.17,0.03,2.25,0.03,0.01,-0.01,0.08,0.0,0.01,0.19,0.02,0.13,-0.02,0.06,0.0,0.17
1960-01-01,0.03,-0.01,-0.05,0.11,0.01,0.11,0.0,0.07,0.01,1.84,0.05,0.0,0.18,0.25,0.2,-0.2,-0.17,0.04,0.03,-0.26,-0.13,-0.04,-0.08,-0.45,-0.41,0.2,0.12,-0.32,-0.03,0.02,0.08,0.18,-0.08,2.29,0.35,0.03,0.0,0.25,-0.02,0.15,0.0,-0.22,1.38,0.0,0.02,0.29,0.65,0.93,0.49,0.2,,-0.06,0.0,0.14,0.16,0.0,-0.01,0.04,0.03,0.07,0.04,0.04,0.05,2.34,0.0,0.07,0.05,0.2,0.03,0.01,0.0,-1.03,3.34,0.45,0.08,0.14,0.03,-0.08,0.01,0.42,0.0,0.33,0.11,0.05,-0.03,0.14,0.14,0.04,-0.02,0.05,0.02,-0.4,0.18,-0.01,-0.09,0.06,0.14,0.02,1.59,-0.02,0.0,-0.06,0.09,0.0,-0.02,0.01,0.0,0.07,-0.03,0.04,0.0,0.05
1960-04-01,0.0,0.0,0.12,0.03,0.01,0.23,0.0,0.1,0.04,1.31,0.04,0.01,0.04,0.09,0.08,0.08,0.12,0.23,0.04,0.5,0.52,0.01,-0.14,0.39,0.38,0.13,-0.17,0.17,0.01,0.0,0.16,0.47,0.01,3.13,0.11,-0.03,0.0,0.14,0.06,-0.11,-0.2,0.12,1.93,0.12,0.16,0.11,0.57,0.68,0.43,0.11,,0.02,0.01,0.03,0.14,0.04,0.17,0.05,-0.04,0.64,0.05,0.08,0.05,0.91,0.01,0.05,-0.02,0.14,0.0,0.01,-0.03,0.86,-0.03,1.82,-0.02,0.09,0.07,0.09,0.0,0.62,0.0,0.38,0.25,0.04,-0.1,0.15,0.07,0.17,0.0,0.11,-0.03,0.37,0.09,0.03,0.13,0.16,0.14,0.0,2.01,-0.02,0.06,-0.04,0.1,0.0,0.02,-0.06,0.03,0.03,0.07,0.02,0.0,0.19
1960-07-01,0.01,0.05,0.0,0.03,0.0,-0.51,0.0,0.11,0.02,-0.43,0.05,-0.01,-0.03,-0.03,0.01,-0.02,-0.04,0.05,-0.03,-0.45,-0.45,0.01,0.0,-0.34,-0.33,-0.11,-0.05,-0.57,-0.37,0.01,-0.46,-0.32,0.0,-1.34,-0.47,-0.09,0.01,-0.51,0.06,-0.28,-0.34,-0.19,-0.27,0.02,0.05,-0.01,0.71,0.69,0.49,0.1,,-0.02,-0.08,-0.49,0.12,-0.03,-0.09,-0.01,-0.31,-0.27,0.07,-0.02,0.07,0.44,-0.01,0.0,0.03,-0.19,-0.02,0.01,-0.01,-0.15,0.61,-0.91,-0.01,0.05,-0.04,-0.08,0.0,0.37,0.0,-0.23,-0.22,0.03,0.01,0.07,0.1,-0.27,0.03,-0.21,-0.04,-0.34,0.03,-0.03,-0.22,0.04,0.24,-0.04,-0.25,-0.03,-0.01,-0.04,0.08,0.0,-0.02,0.18,0.0,0.03,-0.14,0.01,0.0,-0.16
1960-10-01,-0.01,0.01,0.03,0.04,0.0,-0.12,0.0,0.11,0.04,-1.38,0.05,0.0,0.1,0.23,-0.06,-0.08,-0.07,-0.1,0.01,-0.15,-0.12,0.01,-0.06,0.04,0.03,-0.04,0.07,-0.09,-0.03,0.0,0.08,0.0,0.0,-1.27,0.22,-0.05,0.0,0.4,0.03,0.18,0.11,-0.07,1.85,-0.01,0.16,0.25,0.89,1.14,0.68,-0.03,,-0.04,0.03,0.28,0.0,0.01,0.01,0.03,0.06,-0.06,0.06,0.02,0.06,-1.35,0.0,0.14,-0.1,-0.01,-0.03,0.01,0.0,0.13,-1.5,0.11,0.02,0.07,-0.19,-0.01,0.01,0.38,0.0,0.28,0.22,0.04,0.02,0.13,0.16,0.14,0.01,0.14,-0.04,0.03,0.08,0.0,0.06,0.11,0.26,-0.04,1.79,-0.02,0.04,0.01,0.1,0.0,0.02,-0.08,0.0,0.02,0.0,0.01,0.0,0.01
1961-01-01,0.0,-0.04,0.03,0.02,0.01,0.28,-0.02,0.09,0.02,-2.95,-0.02,0.01,0.03,-0.08,-0.09,0.7,0.78,0.72,0.08,0.63,0.59,0.03,0.0,0.19,0.19,0.06,-0.23,-0.03,-0.16,0.01,0.22,-0.24,0.0,-2.03,0.01,-0.02,0.0,0.21,-0.06,0.25,0.21,0.13,1.97,0.05,0.21,-0.06,0.62,0.56,0.41,-0.06,,-0.03,0.03,0.1,-0.11,0.03,-0.11,0.04,0.05,-0.01,0.03,0.03,0.04,-2.95,0.0,-0.11,0.03,0.08,0.02,0.0,0.03,0.08,-3.05,0.93,0.06,0.04,0.06,-0.01,0.01,0.25,0.0,0.22,-0.04,0.05,0.16,0.05,0.07,-0.11,0.0,-0.16,-0.05,0.16,0.08,0.03,0.03,-0.15,0.2,0.0,1.88,0.01,0.03,-0.07,0.09,0.0,-0.03,0.16,0.0,-0.02,0.05,0.02,0.0,0.16
1961-04-01,0.03,0.05,-0.01,0.02,0.01,0.33,-0.02,0.09,0.01,1.07,0.22,0.01,0.21,0.53,0.24,0.05,0.07,0.4,0.02,0.85,0.79,0.0,0.07,-0.22,-0.19,-0.06,0.16,0.25,0.25,0.02,0.25,0.48,-0.02,3.23,0.93,-0.04,0.0,0.56,0.2,0.22,0.2,0.03,2.62,-0.34,0.14,0.56,0.52,1.07,0.32,0.33,,0.01,-0.01,0.69,0.21,0.03,-0.17,0.04,0.1,0.32,0.04,0.09,0.06,0.55,0.01,0.33,-0.07,-0.07,0.07,0.0,0.05,-0.52,0.99,2.16,0.04,0.02,0.08,0.06,0.02,0.5,0.02,0.6,0.34,0.06,0.06,0.1,0.18,0.28,0.01,0.61,0.01,-0.22,0.1,0.03,0.21,0.14,0.16,0.04,2.86,0.05,0.01,-0.02,0.08,0.0,0.01,0.19,0.0,0.07,0.18,0.02,0.0,0.13
1961-07-01,0.02,0.01,-0.1,0.04,0.01,0.25,-0.02,0.09,0.02,1.25,-0.06,0.01,0.0,-0.1,0.08,-0.37,-0.37,-0.47,0.0,-0.14,-0.05,0.02,0.0,-0.07,-0.05,0.06,-0.27,0.33,0.22,0.02,0.2,-0.42,0.02,1.37,0.11,-0.04,-0.03,0.17,-0.07,0.22,0.2,0.07,0.51,-0.06,0.17,-0.07,0.68,0.61,0.48,-0.1,,-0.01,-0.05,0.02,-0.16,0.06,0.03,0.01,0.11,-0.15,0.05,0.12,0.08,0.61,0.01,-0.11,0.01,0.01,0.05,0.0,0.01,0.0,0.49,0.12,0.03,0.02,0.05,0.1,0.03,0.43,0.01,0.11,-0.05,0.07,0.22,0.09,0.16,-0.14,0.0,-0.14,-0.03,-0.09,0.09,0.02,0.21,0.13,0.18,0.05,0.59,0.06,0.03,0.03,0.09,0.0,0.04,-0.17,0.01,0.05,0.12,0.03,0.0,0.08
1961-10-01,0.04,0.04,0.17,0.03,0.01,0.86,-0.01,0.13,0.0,2.6,0.06,0.0,0.17,0.24,0.19,0.13,0.12,0.22,-0.02,0.39,0.26,0.02,-0.04,0.39,0.43,0.11,-0.02,0.39,0.27,0.03,0.71,0.05,0.03,4.8,0.38,0.02,-0.01,0.32,0.04,0.19,0.16,0.08,3.3,0.23,0.3,0.27,1.07,1.34,0.75,0.1,,0.1,-0.03,0.18,0.01,0.03,-0.03,0.13,0.2,0.07,0.08,0.03,0.1,1.89,0.01,0.06,-0.04,0.08,0.06,0.0,0.02,-0.13,1.99,2.21,0.03,0.03,0.15,0.18,0.02,0.9,0.02,0.62,0.13,0.09,-0.01,0.2,0.22,0.04,0.03,0.1,0.07,0.37,0.21,-0.01,0.14,0.14,0.29,0.04,3.49,0.04,0.01,0.05,0.1,0.0,0.05,0.12,0.01,0.17,0.08,0.03,0.0,0.5
1962-01-01,-0.05,0.04,0.31,-0.01,0.0,0.16,0.01,0.1,0.03,1.17,0.06,0.01,0.1,0.29,0.08,-0.3,-0.35,-0.26,-0.05,-0.05,-0.3,0.02,-0.06,0.29,0.24,0.04,0.13,0.06,0.01,0.03,0.12,0.51,0.04,2.49,0.28,-0.03,0.01,0.49,0.03,0.23,0.19,-0.01,1.73,0.04,0.22,0.33,0.58,0.9,0.39,0.09,,0.04,0.01,0.2,0.03,-0.02,0.33,-0.02,-0.05,0.38,0.08,0.07,0.09,1.06,0.0,0.19,0.08,0.06,0.05,0.0,0.01,0.2,0.79,1.32,0.02,0.04,0.05,0.09,0.01,0.7,0.01,0.26,0.26,0.08,-0.08,0.02,0.06,0.14,0.03,0.1,0.0,0.28,0.01,0.0,-0.03,0.01,0.17,0.01,1.81,-0.02,-0.03,-0.02,0.07,0.0,0.06,-0.02,0.03,0.09,0.01,0.03,0.0,0.17
1962-04-01,0.05,0.01,-0.01,0.11,0.01,0.35,0.03,0.08,0.05,1.46,0.08,0.01,0.15,0.03,-0.08,0.25,0.31,0.35,0.05,-0.08,-0.03,-0.01,-0.04,0.19,0.24,0.02,-0.02,0.22,0.16,0.04,0.36,0.04,0.02,2.11,0.08,0.04,-0.02,0.56,0.02,0.21,0.17,0.02,2.98,-0.23,0.08,0.05,1.0,1.05,0.81,0.04,,0.04,0.02,0.15,0.04,0.08,0.0,0.14,0.13,0.07,0.08,0.1,0.09,0.91,0.0,-0.12,-0.04,0.04,-0.02,0.0,0.02,-0.08,0.9,0.65,0.03,0.04,-0.01,0.18,0.01,0.34,0.0,0.33,0.35,0.1,0.48,0.12,0.12,0.2,0.02,-0.07,0.05,0.21,0.31,0.03,0.15,0.05,0.26,-0.05,2.9,-0.06,0.03,0.03,0.06,0.0,0.05,0.0,0.02,0.14,0.06,0.02,0.0,0.22
1962-07-01,0.14,-0.03,0.15,-0.05,0.01,0.14,0.03,0.08,0.04,0.41,0.11,0.01,-0.04,0.14,-0.08,-0.35,-0.27,-0.16,0.08,0.6,0.52,0.0,-0.07,0.13,0.27,0.08,-0.12,0.46,0.4,0.02,0.12,-0.02,-0.02,1.61,0.12,-0.05,0.0,0.58,0.05,0.23,0.18,0.07,1.73,0.1,0.11,0.17,0.74,0.91,0.55,0.11,,0.02,0.07,0.2,0.03,-0.06,0.17,-0.15,0.0,0.1,0.1,0.03,0.11,-0.33,0.01,0.17,0.05,0.15,0.02,0.0,0.06,0.34,-0.7,1.21,0.03,0.06,0.02,0.03,0.01,0.49,0.01,0.28,0.34,0.1,-0.13,0.05,0.06,0.2,0.0,0.0,-0.08,0.12,-0.18,0.03,0.24,0.12,0.22,-0.03,1.65,-0.05,-0.01,0.05,0.08,0.0,0.05,-0.08,0.02,0.03,0.16,0.03,0.0,0.11
1962-10-01,0.08,0.04,0.04,0.01,0.01,0.25,0.03,0.12,0.03,2.43,0.1,0.01,0.12,0.29,-0.07,-0.08,-0.02,0.06,0.06,-0.33,-0.33,0.0,-0.04,0.21,0.29,0.04,0.23,0.14,0.01,0.02,0.21,0.43,0.0,3.32,0.12,-0.01,0.0,0.5,0.04,0.22,0.15,0.11,2.53,0.01,0.08,0.32,1.05,1.37,0.78,0.08,,0.04,0.01,0.19,0.03,0.02,0.1,0.09,0.06,0.2,0.09,0.12,0.1,1.99,0.01,0.17,-0.02,0.06,0.01,0.0,0.04,-0.56,2.43,0.89,0.03,0.07,0.04,0.13,0.01,0.54,0.01,0.06,0.28,0.1,-0.29,0.08,0.11,0.15,0.0,0.09,0.03,0.21,0.12,0.03,0.18,0.08,0.33,-0.05,2.46,-0.03,-0.03,0.06,0.12,0.0,0.06,0.11,0.02,0.12,0.12,0.04,0.0,0.14
1963-01-01,0.07,0.04,0.02,0.05,0.01,-0.12,0.01,0.14,-0.02,1.11,0.07,0.0,0.17,0.33,0.02,-0.17,-0.17,-0.14,0.0,0.01,-0.05,-0.02,0.04,-0.03,0.04,-0.11,0.33,0.33,0.19,0.01,-0.08,0.44,-0.01,1.95,0.27,-0.02,-0.01,0.28,0.02,0.2,0.17,0.14,0.86,0.02,0.07,0.38,0.28,0.65,0.15,0.03,,0.03,-0.06,0.24,0.01,-0.01,0.04,0.05,-0.03,0.12,0.08,-0.02,0.1,0.74,0.0,0.16,-0.04,-0.17,0.03,0.0,-0.01,0.35,0.4,0.84,0.03,0.03,-0.04,-0.05,0.01,0.52,0.01,-0.22,0.08,0.06,-0.14,0.1,0.16,0.04,0.03,-0.16,0.03,-0.01,0.12,0.01,0.1,0.13,0.13,0.01,0.88,0.03,0.02,0.02,0.11,0.0,-0.08,0.06,0.01,0.12,0.04,0.05,0.0,-0.06
1963-04-01,-0.13,0.04,0.06,0.04,0.02,0.19,0.0,0.08,-0.05,1.21,0.05,0.01,-0.04,-0.4,0.19,0.15,0.3,0.35,0.15,0.4,0.35,0.0,-0.01,0.22,0.08,0.31,-0.36,0.19,0.3,0.01,0.23,-0.19,-0.02,1.75,0.45,-0.02,-0.02,0.19,0.03,0.21,0.16,-0.09,1.89,-0.08,0.1,-0.35,0.52,0.16,0.34,0.06,,0.02,-0.02,0.26,-0.03,0.04,-0.1,-0.02,0.01,0.17,0.09,0.02,0.11,0.68,0.02,-0.36,-0.07,0.29,0.06,0.0,0.04,-0.08,0.74,0.53,0.02,0.05,-0.04,0.08,0.02,0.14,0.01,0.93,-0.02,0.06,0.31,0.07,0.02,-0.03,-0.06,0.21,0.02,0.21,0.04,0.01,0.27,0.12,0.14,0.06,2.08,0.08,0.01,0.01,0.14,0.0,0.0,-0.01,0.0,0.13,0.22,0.05,0.0,0.2
1963-07-01,0.07,0.03,0.11,0.14,0.01,0.54,-0.01,0.11,-0.04,0.73,0.05,0.01,0.13,0.44,0.24,0.22,0.34,0.55,0.12,0.45,0.36,-0.01,-0.01,-0.02,0.04,0.04,0.08,0.48,0.28,0.01,0.47,-0.06,0.04,2.14,0.39,0.0,0.02,0.15,0.04,0.13,0.04,0.13,3.16,0.05,0.23,0.5,0.76,1.26,0.47,0.21,,0.02,-0.02,0.15,0.14,0.07,0.04,0.22,0.12,-0.14,0.1,0.01,0.12,0.05,0.0,0.31,0.07,0.02,0.02,0.0,0.05,0.51,-0.48,1.41,0.02,0.09,0.07,0.09,0.02,0.48,0.01,0.61,0.02,0.07,-0.03,0.03,0.07,-0.01,0.0,0.31,0.03,-0.01,0.39,0.01,0.11,0.02,0.24,0.03,3.4,0.1,-0.02,0.0,0.11,0.0,-0.01,0.02,0.02,0.15,0.12,0.06,0.0,0.33
1963-10-01,0.02,0.04,0.06,-0.12,-0.01,-0.28,-0.01,0.1,0.01,0.9,0.06,0.02,0.02,-0.13,0.22,0.21,0.29,0.61,0.08,0.17,0.1,0.01,0.0,0.31,0.32,-0.03,0.0,0.29,0.18,0.04,-0.24,0.15,-0.03,0.72,0.42,0.01,0.0,0.37,0.05,0.22,0.11,0.14,2.43,-0.15,0.01,-0.08,0.75,0.66,0.48,0.32,,-0.02,-0.04,0.2,0.23,-0.02,-0.1,-0.25,-0.11,0.15,0.09,0.09,0.11,0.51,0.0,-0.14,-0.01,-0.07,0.05,0.0,0.04,-0.61,1.04,-0.18,0.02,0.11,-0.03,-0.04,0.02,-0.22,0.02,0.62,0.15,0.07,0.35,0.01,0.02,0.07,-0.03,0.23,0.05,0.3,-0.31,0.08,0.14,0.01,0.22,0.05,2.65,0.1,-0.02,0.06,0.12,0.0,-0.02,-0.16,0.0,0.16,0.02,0.04,0.0,-0.13
1964-01-01,0.03,0.03,0.02,0.02,0.0,1.25,0.0,0.02,0.09,2.27,0.08,0.01,0.16,0.4,0.32,-0.06,0.02,-0.13,0.08,0.45,0.45,0.0,-0.03,0.54,0.57,-0.07,-0.05,0.89,0.69,0.01,1.04,0.31,0.05,4.91,0.68,0.01,0.0,0.89,0.06,0.34,0.2,0.13,2.86,0.02,0.17,0.41,0.59,1.01,0.37,-0.15,,-0.03,-0.09,0.36,-0.25,0.11,-0.01,0.29,0.38,0.36,0.08,0.09,0.1,0.64,0.01,0.23,0.07,-0.16,0.05,0.0,0.05,0.32,0.23,2.64,0.02,0.14,0.21,0.2,0.02,0.63,0.02,0.05,0.54,0.11,0.04,0.13,0.0,0.34,0.03,-0.06,0.05,0.54,0.33,0.08,0.54,0.17,0.21,0.01,3.18,0.11,0.14,0.12,-0.01,0.0,0.1,0.11,0.02,0.14,0.19,0.01,0.0,0.66
1964-04-01,0.06,0.04,0.15,0.04,-0.01,0.81,0.02,0.28,0.18,1.55,0.1,0.02,0.1,0.01,0.06,-0.04,-0.01,0.3,0.02,1.21,1.08,0.0,-0.02,0.26,0.32,0.08,0.17,0.64,0.28,0.04,0.65,0.43,0.14,4.46,0.22,0.0,0.0,0.9,0.06,0.15,0.04,0.16,2.75,0.31,0.38,0.01,0.68,0.69,0.52,0.32,,0.09,-0.03,0.16,0.31,-0.01,0.29,-0.17,0.27,0.26,0.09,0.09,0.11,0.29,0.02,-0.08,-0.02,0.05,0.04,0.0,-0.03,-0.19,0.38,2.92,0.02,0.1,0.16,0.12,0.01,0.47,0.02,0.46,0.75,0.09,-0.15,0.14,0.1,0.48,0.08,-0.17,0.04,0.27,-0.07,0.06,0.49,0.14,0.2,-0.04,2.8,0.03,0.05,0.06,0.2,0.0,0.02,-0.57,0.06,0.15,0.3,0.0,0.0,0.39
1964-07-01,0.05,0.06,0.08,0.09,0.0,0.46,0.02,0.09,0.17,1.97,0.12,0.02,0.13,0.18,0.0,0.24,0.23,0.48,-0.01,1.02,0.96,0.0,-0.02,0.16,0.2,-0.02,0.32,0.22,0.13,0.02,0.46,0.53,0.05,4.95,0.11,0.01,0.01,0.81,0.07,0.07,0.03,0.01,2.65,-0.11,0.14,0.18,0.73,0.91,0.53,0.25,,0.16,-0.01,0.12,0.21,0.02,-0.16,-0.05,0.2,0.22,0.08,0.01,0.1,1.23,0.0,0.05,0.08,-0.04,0.04,0.0,0.01,-0.06,1.28,2.98,0.03,0.04,-0.01,0.24,0.02,0.97,0.01,0.0,0.74,0.12,0.02,0.1,0.04,0.45,0.0,-0.11,0.07,0.16,0.08,0.05,0.28,0.17,0.23,-0.04,2.65,0.02,0.07,0.06,0.09,0.0,0.03,0.61,0.02,0.17,0.1,0.0,0.0,0.26
1964-10-01,-0.04,0.05,0.06,0.14,0.01,0.3,0.02,0.23,0.12,-1.8,0.13,-0.03,0.03,0.13,0.01,-0.13,-0.14,0.03,-0.01,0.25,0.19,0.01,-0.01,0.24,0.19,0.15,-0.01,0.29,0.08,0.05,0.28,-0.07,0.09,-1.52,0.01,-0.01,0.0,0.46,0.08,-0.1,-0.06,0.1,2.66,-0.11,0.09,0.14,0.97,1.12,0.71,0.17,,0.04,-0.04,0.0,0.15,0.03,-0.3,0.08,0.12,-0.06,0.07,-0.03,0.09,-2.35,0.02,0.11,-0.08,0.11,0.02,-0.01,0.01,0.22,-2.54,0.28,0.02,-0.04,0.02,0.01,0.02,-0.19,0.01,0.45,0.55,0.09,0.17,0.0,-0.06,0.34,-0.02,-0.09,0.03,0.23,0.29,-0.1,0.26,0.06,0.29,-0.03,2.66,0.02,0.04,0.02,0.25,0.0,-0.03,0.1,0.02,0.12,0.28,0.01,0.0,0.14
1965-01-01,0.0,0.02,-0.02,-0.06,0.03,0.03,0.01,0.07,-0.01,5.43,0.11,0.0,0.06,0.0,-0.01,0.15,0.19,0.27,0.04,0.77,0.82,0.02,-0.02,0.57,0.57,0.15,-0.18,0.02,0.19,0.01,0.04,-0.07,0.0,6.9,0.37,-0.01,0.0,0.41,0.08,0.36,0.35,-0.2,2.33,-0.08,0.01,0.04,0.7,0.74,0.48,0.08,,0.07,0.0,0.37,0.07,0.09,0.33,0.09,0.0,0.11,0.06,0.05,0.07,5.02,0.0,-0.06,0.05,0.15,0.03,-0.01,-0.01,-0.19,5.16,1.48,0.02,0.02,-0.01,0.2,0.01,0.75,0.01,0.22,0.05,0.09,-0.21,0.12,0.11,-0.04,0.01,0.18,0.01,0.56,0.05,0.01,0.19,0.07,0.2,0.02,2.32,0.0,0.0,0.07,0.07,0.0,0.04,0.06,0.03,0.08,0.11,0.04,0.0,0.01
1965-04-01,0.15,0.07,0.12,0.01,0.02,-0.05,0.01,0.18,-0.09,0.12,0.09,0.01,0.16,0.33,0.2,0.08,0.14,0.26,0.06,0.51,0.45,0.04,-0.05,0.54,0.69,-0.07,0.1,0.25,0.04,-0.02,-0.06,0.44,0.05,1.54,0.45,0.03,0.01,-0.07,0.07,0.16,0.22,0.12,2.74,0.1,0.16,0.37,0.71,1.07,0.45,0.12,,-0.04,-0.05,0.25,0.05,-0.03,0.05,-0.01,0.01,0.33,0.06,0.01,0.08,-0.54,0.02,0.17,-0.07,-0.12,0.05,-0.01,0.03,0.39,-0.94,1.43,0.02,-0.06,0.02,-0.05,0.02,0.52,0.01,0.63,-0.23,0.04,0.25,0.04,0.0,-0.18,0.04,0.03,0.09,0.5,-0.01,0.03,0.45,0.14,0.24,0.02,2.94,0.08,0.07,0.06,0.14,0.0,0.01,0.2,0.03,0.17,0.28,0.04,0.0,-0.1
1965-07-01,0.06,0.05,0.06,-0.01,0.03,0.62,0.01,0.2,-0.1,2.06,0.12,-0.03,-0.03,0.04,0.28,0.27,0.32,0.3,0.05,0.95,0.9,0.03,-0.01,0.3,0.36,-0.02,0.28,0.56,0.26,-0.01,0.51,0.41,0.11,4.33,0.49,0.02,0.0,-0.43,0.1,0.15,0.15,0.15,2.44,0.11,0.25,0.05,0.87,0.92,0.62,-0.02,,0.23,-0.02,0.21,-0.04,0.02,-0.05,0.02,0.21,0.13,0.09,0.0,0.11,0.9,0.01,0.07,0.14,-0.04,0.0,-0.01,0.03,0.37,0.53,2.27,0.01,0.0,0.11,0.23,0.02,0.29,0.01,1.07,-0.58,0.04,0.22,0.18,0.11,-0.52,0.0,0.35,0.07,0.27,0.01,-0.01,0.37,0.09,0.2,0.04,2.72,0.12,0.05,0.04,0.2,0.0,0.0,-0.43,0.04,0.19,0.27,0.02,0.0,0.28
1965-10-01,0.06,0.05,0.19,0.14,0.03,1.16,0.01,0.21,-0.07,2.62,0.11,0.03,0.18,0.07,0.21,0.61,0.65,0.66,0.04,3.1,2.94,0.04,-0.03,0.44,0.5,0.07,-0.09,1.0,0.61,-0.01,0.99,0.2,0.1,8.29,0.44,0.03,0.0,0.0,0.08,0.23,0.17,0.23,3.22,0.08,0.33,0.09,0.8,0.89,0.57,0.02,,0.19,-0.11,0.23,0.01,0.07,0.23,0.01,0.23,0.3,0.08,0.09,0.1,0.34,0.03,-0.1,0.05,-0.04,0.03,-0.01,-0.01,-0.31,0.55,5.67,0.02,0.06,0.17,0.45,0.02,1.21,0.02,0.85,-0.24,0.01,0.32,0.24,0.11,-0.17,0.01,0.07,0.07,0.4,0.16,0.06,0.84,0.33,0.2,0.03,3.44,0.11,0.14,0.08,0.2,0.0,0.16,-0.08,0.06,0.17,0.53,0.02,0.0,0.73
1966-01-01,0.01,0.05,0.11,0.02,0.0,0.64,0.03,0.03,0.02,2.88,0.1,0.02,0.06,0.1,0.06,0.0,0.02,0.14,0.02,-0.29,-0.37,0.05,-0.03,0.44,0.45,0.06,-0.17,0.32,0.01,0.03,0.44,0.02,0.11,4.02,0.38,-0.06,0.0,0.4,0.05,0.33,0.25,0.13,1.96,-0.13,0.11,0.1,0.49,0.59,0.32,0.12,,0.35,0.05,0.32,0.05,0.06,0.34,-0.02,0.13,0.19,0.11,0.12,0.13,1.63,0.01,0.04,0.02,0.11,0.04,-0.01,0.04,0.15,1.36,1.13,0.01,0.08,0.2,0.45,0.01,0.76,0.02,0.22,0.07,0.0,-0.1,0.1,-0.03,0.04,0.02,0.15,-0.01,0.39,0.04,0.05,0.49,0.1,0.18,-0.01,2.02,0.07,0.1,0.1,0.0,0.0,0.02,0.14,0.06,0.11,0.23,0.01,0.0,0.3
1966-04-01,-0.05,0.1,0.07,0.04,0.0,0.11,0.05,0.39,0.09,-2.45,0.08,-0.01,0.11,0.27,-0.11,-0.16,-0.16,-0.1,0.0,0.16,0.06,0.05,0.03,0.1,0.05,0.04,0.14,-0.04,-0.04,0.0,0.14,0.42,-0.01,-1.04,0.26,0.03,0.0,0.81,0.03,0.46,0.36,-0.02,2.17,-0.19,0.15,0.26,0.48,0.74,0.33,0.06,,-0.06,-0.07,0.37,-0.05,-0.03,0.08,0.16,0.09,0.29,0.09,-0.04,0.1,-2.66,0.01,0.16,-0.04,-0.04,0.05,0.0,0.07,-0.08,-2.54,1.41,0.01,0.1,-0.03,-0.11,0.01,0.72,0.02,0.23,0.34,0.02,-0.11,0.09,0.05,0.24,0.0,0.09,0.13,0.05,0.22,-0.01,0.35,0.11,0.12,0.02,2.07,0.01,0.07,0.06,0.39,0.0,-0.02,0.27,0.02,0.23,0.22,-0.01,0.0,0.05
1966-07-01,0.05,-0.2,0.01,0.06,0.0,0.35,0.05,-0.04,0.11,1.94,0.11,0.01,0.14,0.09,-0.11,-0.24,-0.23,-0.18,0.01,0.21,0.21,0.06,-0.01,0.1,0.15,-0.08,0.14,0.59,0.34,0.04,0.38,0.23,0.04,3.05,0.05,0.11,0.0,0.66,0.04,0.24,0.12,0.18,1.71,0.23,0.05,0.09,0.73,0.81,0.56,0.05,,0.03,-0.05,0.16,-0.01,0.02,0.17,0.07,0.39,0.09,0.07,0.11,0.09,0.73,0.02,-0.05,0.17,-0.13,0.02,0.0,0.03,-0.26,0.89,1.11,0.02,0.12,-0.04,0.05,0.01,0.31,0.02,0.09,0.42,0.02,0.05,0.08,0.01,0.29,0.0,-0.13,-0.09,0.04,0.19,0.01,0.57,0.12,0.22,-0.05,1.6,0.01,0.06,0.07,-0.05,0.0,-0.01,-0.29,0.03,-0.01,0.4,-0.01,0.0,-0.01
1966-10-01,0.0,0.29,0.08,0.12,0.0,-0.27,0.05,0.15,0.1,-0.02,0.11,-0.01,0.04,0.12,-0.11,-0.28,-0.26,-0.28,0.02,-0.31,-0.39,0.05,-0.01,-0.22,-0.22,0.18,0.06,-0.15,-0.18,0.02,-0.23,0.09,0.04,-0.42,0.11,-0.06,0.01,0.64,0.04,0.27,0.21,-0.02,2.2,0.07,0.06,0.11,0.61,0.72,0.47,-0.03,,0.0,0.01,0.22,-0.07,-0.02,-0.24,0.08,-0.11,0.03,0.08,0.0,0.09,-0.13,0.01,0.08,-0.01,0.2,0.0,0.0,0.04,0.09,-0.22,-0.4,0.02,0.05,-0.04,-0.08,0.01,0.09,0.02,0.79,0.38,0.01,0.11,0.1,0.08,0.27,0.01,0.15,0.23,-0.26,0.24,-0.03,0.34,-0.03,0.16,-0.02,2.1,0.01,0.07,0.03,0.14,0.0,-0.05,0.14,0.0,0.32,0.25,0.0,0.0,-0.12
1967-01-01,0.05,0.05,0.14,0.07,0.01,0.02,0.04,0.13,0.04,-1.11,0.09,0.0,0.07,-0.02,0.12,0.58,0.63,0.66,0.05,1.32,1.17,0.02,0.0,-0.26,-0.2,0.27,-0.11,0.07,-0.03,0.02,-0.03,-0.03,-0.01,0.56,0.27,0.01,0.01,0.08,0.04,0.16,0.12,0.07,1.65,0.01,-0.03,-0.01,0.48,0.47,0.29,0.02,,0.05,0.0,0.15,-0.04,-0.02,0.27,-0.03,0.06,0.08,0.06,0.01,0.07,-1.19,0.0,-0.08,-0.01,0.27,-0.01,0.0,0.06,0.19,-1.38,1.67,0.02,0.05,0.05,-0.01,0.01,0.36,0.0,0.45,-0.08,-0.17,-0.05,0.06,0.1,0.05,0.02,-0.07,0.07,-0.28,0.06,0.01,0.02,0.05,0.16,0.02,1.76,0.06,-0.01,-0.04,0.11,0.0,-0.03,-0.07,0.04,0.13,0.06,0.0,0.0,-0.1
1967-04-01,0.04,0.04,-0.04,0.01,0.02,0.23,0.02,0.12,0.0,2.51,0.05,0.0,0.24,0.42,0.19,0.2,0.3,0.31,0.1,0.38,0.44,-0.01,-0.03,-0.25,-0.21,0.34,0.05,0.19,0.1,-0.02,0.22,0.17,0.05,3.64,0.52,-0.06,0.02,0.04,0.02,0.43,0.38,0.04,1.75,0.01,0.1,0.43,0.6,1.03,0.44,0.02,,0.16,0.07,0.33,-0.01,0.05,-0.11,-0.18,0.11,0.12,0.05,0.07,0.07,2.04,0.0,0.18,-0.02,0.41,-0.01,0.0,0.03,0.08,1.89,1.13,0.01,0.06,0.01,0.16,0.01,0.35,0.0,0.73,-0.39,-0.28,-0.04,0.07,0.12,-0.11,0.01,0.06,-0.02,-0.23,-0.2,-0.01,0.12,0.0,0.11,0.03,1.94,0.11,-0.01,0.05,0.12,0.0,-0.04,0.18,0.01,0.04,0.09,0.01,0.0,0.09
1967-07-01,0.07,0.08,-0.05,-0.01,0.01,0.13,0.01,0.09,-0.01,-0.47,0.07,-0.01,-0.14,-0.1,0.27,0.52,0.62,0.6,0.1,-0.35,-0.26,-0.03,-0.03,0.19,0.27,-0.14,-0.18,0.02,0.04,0.05,0.15,-0.04,0.03,-0.6,0.54,0.02,0.02,-0.03,0.05,0.38,0.32,-0.06,2.4,-0.06,0.05,-0.09,0.82,0.73,0.57,-0.01,,-0.02,-0.06,0.27,-0.03,0.03,-0.05,0.3,0.09,0.14,0.06,0.03,0.08,-0.71,0.0,0.04,-0.02,-0.2,-0.02,0.0,0.03,0.1,-0.84,-0.13,0.02,0.06,-0.01,-0.05,0.02,0.12,0.0,0.32,-0.41,-0.27,0.21,0.06,0.03,-0.13,0.0,0.09,0.09,0.22,0.34,-0.03,0.27,0.07,0.21,0.02,2.67,0.12,0.1,0.1,0.09,0.0,-0.06,-0.02,0.01,0.17,0.1,0.01,0.0,0.04
1967-10-01,-0.01,0.06,0.11,-0.07,0.01,-0.18,0.01,0.22,-0.02,0.15,0.07,0.01,0.2,0.31,0.22,-0.25,-0.13,-0.06,0.12,0.85,0.75,-0.02,-0.01,0.25,0.25,-0.06,0.09,0.18,0.06,-0.03,-0.19,0.31,0.04,0.81,0.45,-0.01,0.01,0.06,0.05,0.38,0.29,0.09,1.44,-0.02,0.12,0.33,0.79,1.12,0.52,0.08,,0.09,-0.05,0.23,0.06,0.02,-0.56,-0.41,-0.1,0.22,0.07,0.01,0.09,-0.67,0.03,0.11,0.03,-0.11,0.02,0.0,0.0,0.05,-0.73,0.66,0.02,0.1,0.01,0.11,0.02,-0.33,0.0,0.43,-0.32,-0.19,0.07,0.05,0.07,-0.11,0.03,0.12,0.05,0.27,-0.51,0.01,0.53,0.04,0.24,0.02,1.66,0.09,0.01,0.07,0.19,0.0,-0.01,-0.07,-0.01,0.14,0.41,0.02,0.0,-0.09
1968-01-01,0.07,0.09,0.26,0.13,0.0,0.85,0.06,0.15,0.05,3.72,0.15,0.01,0.14,0.16,0.05,-0.59,-0.42,-0.15,0.17,0.81,0.55,0.0,0.0,0.88,0.96,-0.03,0.02,0.32,0.16,0.01,0.61,0.37,-0.03,6.66,0.28,0.02,-0.01,0.69,0.06,0.21,0.2,0.16,3.23,-0.09,0.08,0.17,0.73,0.9,0.43,0.27,,0.0,-0.01,0.23,0.04,0.03,0.58,0.3,0.22,0.35,0.08,0.1,0.11,3.04,0.0,0.01,-0.01,-0.04,0.1,0.0,0.13,-0.31,3.25,2.94,0.03,0.01,0.24,0.14,0.03,0.92,0.04,0.14,0.48,0.23,-0.06,0.1,0.14,0.2,-0.02,0.05,0.11,0.88,0.48,0.03,0.22,0.14,0.32,-0.01,3.27,-0.03,-0.02,0.11,0.18,0.0,0.09,-0.12,0.03,0.22,0.09,0.02,0.0,0.39
1968-04-01,0.0,0.08,0.19,0.07,0.0,0.21,0.01,0.01,0.04,1.31,0.08,0.01,0.08,-0.13,-0.04,0.71,0.85,1.03,0.14,1.17,0.98,-0.02,-0.01,0.22,0.22,-0.15,-0.18,0.44,0.27,0.04,0.16,0.03,0.04,3.12,0.43,0.02,0.0,0.98,0.04,0.6,0.5,0.1,3.15,0.15,0.07,-0.13,0.44,0.32,0.26,0.18,,0.11,0.02,0.47,0.1,0.13,-0.07,0.14,0.13,0.21,0.07,0.16,0.08,0.42,-0.02,-0.22,0.03,-0.12,0.08,0.0,0.0,0.11,0.16,1.81,0.02,0.1,0.05,0.33,0.02,0.41,0.03,0.13,0.38,0.21,0.11,0.06,0.15,0.13,-0.02,-0.05,0.1,0.24,0.28,0.02,0.12,0.13,0.2,-0.01,3.11,-0.04,0.05,0.23,0.02,0.0,0.08,0.05,0.03,0.19,-0.17,0.01,0.0,0.03
1968-07-01,-0.01,0.07,0.24,0.08,0.02,0.52,0.02,0.11,0.06,2.78,0.08,-0.01,0.05,0.27,-0.01,-0.09,0.03,0.13,0.12,1.16,0.93,0.0,0.0,0.28,0.28,0.09,-0.11,0.63,0.25,0.02,0.42,0.19,0.02,5.13,0.11,0.04,0.0,0.63,0.04,0.24,0.1,0.33,2.59,-0.04,0.11,0.29,0.76,1.05,0.5,0.1,,0.04,-0.05,0.12,0.03,0.05,0.06,0.0,0.04,0.29,0.09,0.14,0.11,1.55,0.02,0.22,0.05,0.04,0.08,0.0,-0.01,0.39,1.02,2.35,0.03,0.14,0.1,0.09,0.02,0.49,0.02,0.15,0.39,0.16,-0.08,0.07,0.12,0.16,-0.02,0.06,0.12,0.28,0.12,-0.04,0.51,0.02,0.25,0.01,2.58,-0.01,0.05,0.1,0.13,0.0,0.01,0.07,0.03,0.22,0.38,0.02,0.0,0.36
1968-10-01,0.05,0.06,0.19,0.08,0.02,-0.21,0.02,0.18,0.07,-0.36,0.1,0.01,0.09,0.13,0.0,-0.11,0.0,0.08,0.11,0.21,0.03,-0.01,-0.01,-0.02,0.03,-0.16,-0.06,-0.14,-0.05,0.0,-0.09,-0.03,-0.03,-0.33,0.33,-0.01,0.01,0.67,0.06,0.44,0.29,-0.07,2.14,-0.13,-0.04,0.17,0.83,1.0,0.58,0.08,,-0.03,-0.01,0.33,0.0,0.02,0.0,0.1,-0.02,0.03,0.1,0.09,0.12,-0.32,-0.02,0.05,-0.01,-0.17,0.07,0.0,0.01,-0.25,-0.16,0.03,0.02,0.16,-0.12,0.05,0.02,0.06,0.02,-0.03,0.23,0.0,-0.12,-0.04,0.02,0.16,0.0,0.1,0.06,-0.01,0.2,0.04,0.06,0.04,0.24,0.0,2.14,0.01,0.11,0.06,0.18,0.0,0.05,0.08,0.0,0.18,-0.13,0.03,0.0,-0.09
1969-01-01,0.01,0.08,0.25,0.06,0.03,0.3,0.01,0.24,0.05,1.17,0.04,0.02,0.19,0.26,-0.02,-0.51,-0.49,-0.51,0.02,0.8,0.55,-0.01,0.0,-0.03,-0.02,0.29,0.08,0.14,0.03,0.01,0.32,0.36,0.05,2.78,0.29,0.04,0.01,0.47,0.02,0.39,0.26,0.05,1.75,0.0,0.06,0.29,0.74,1.03,0.52,-0.02,,0.02,-0.11,0.3,0.02,0.04,0.07,0.06,0.13,0.29,0.06,0.17,0.08,0.66,0.0,0.07,0.0,0.17,-0.02,0.0,-0.02,0.2,0.29,1.61,0.01,0.12,-0.02,0.1,0.02,0.14,0.02,0.46,0.08,-0.03,-0.03,0.04,0.06,0.06,0.03,0.0,0.11,-0.03,0.13,0.04,0.26,0.1,0.18,0.03,1.73,0.03,-0.01,0.1,0.21,0.0,0.03,-0.18,0.01,0.19,0.13,0.03,0.0,0.16
1969-04-01,0.0,0.07,0.06,0.05,0.03,0.11,0.01,0.12,0.05,-0.16,0.05,0.01,-0.05,-0.19,0.04,0.06,0.2,0.24,0.14,-0.27,-0.29,0.02,-0.04,0.53,0.54,0.09,-0.11,0.19,0.02,0.03,-0.06,0.21,0.0,0.17,0.31,0.02,0.01,0.35,0.03,0.37,0.27,0.17,2.4,0.01,-0.02,-0.15,0.81,0.66,0.62,0.04,,-0.03,-0.01,0.28,-0.02,0.01,0.16,0.06,-0.08,0.33,0.07,0.1,0.08,-0.49,0.0,-0.14,-0.03,0.08,0.03,0.0,0.03,-0.14,-0.44,0.32,0.01,0.09,0.17,-0.01,0.02,0.26,0.01,0.28,-0.02,-0.16,-0.04,0.03,0.1,0.09,0.03,0.04,0.1,0.51,0.15,0.03,0.15,0.07,0.18,0.0,2.44,0.03,-0.05,0.09,0.09,0.0,0.0,-0.05,0.01,0.18,0.08,0.03,0.0,-0.01
1969-07-01,-0.01,0.08,0.08,0.05,0.03,0.16,0.01,0.14,0.07,-0.17,0.08,0.01,0.16,0.31,0.09,-0.08,0.08,0.12,0.16,-0.05,-0.13,-0.03,0.0,-0.16,-0.18,0.06,-0.06,-0.35,-0.25,-0.02,-0.02,0.06,-0.05,0.37,0.22,-0.01,0.01,0.17,0.06,0.1,0.13,-0.02,1.51,-0.03,0.02,0.35,0.7,1.06,0.53,0.04,,-0.08,0.02,0.13,-0.02,-0.03,0.08,-0.13,-0.03,0.12,0.09,0.01,0.11,0.29,0.0,0.15,0.14,0.09,0.02,0.0,0.03,0.1,0.17,0.54,0.01,-0.03,0.18,-0.07,0.02,0.37,0.0,0.25,0.07,-0.13,-0.13,0.04,0.14,0.13,0.01,0.07,0.07,-0.13,-0.09,0.0,-0.04,-0.14,0.18,-0.01,1.6,0.04,-0.08,-0.02,0.13,0.0,0.03,0.09,-0.03,0.18,0.06,0.04,0.0,-0.02
1969-10-01,0.09,0.08,0.02,0.06,0.03,-0.15,0.02,0.14,0.05,-0.23,0.11,0.0,0.02,0.15,0.13,0.08,0.24,0.35,0.16,0.71,0.7,-0.02,0.0,0.06,0.14,0.07,0.05,-0.04,-0.07,0.01,-0.09,0.35,-0.02,0.74,0.36,0.0,0.0,0.31,0.09,0.24,0.22,0.05,2.37,-0.01,0.03,0.18,0.63,0.81,0.49,0.11,,-0.01,0.02,0.23,0.09,0.01,-0.02,0.03,0.02,0.3,0.11,0.05,0.14,-0.43,0.0,0.13,-0.04,0.08,-0.02,0.0,0.03,-0.01,-0.47,0.97,0.01,0.02,-0.06,0.03,0.02,0.06,0.0,0.45,0.07,-0.09,0.0,0.03,0.09,0.11,0.01,0.09,0.08,0.08,0.09,0.0,0.21,0.04,0.17,-0.03,2.49,0.03,-0.04,0.18,0.13,0.0,0.03,-0.09,0.0,0.21,0.07,0.04,0.0,-0.14
1970-01-01,0.05,-0.08,0.31,0.04,0.03,-0.34,0.02,0.18,0.06,-0.9,0.08,0.06,0.12,0.09,0.11,-0.31,-0.07,-0.04,0.24,0.86,0.55,-0.03,0.0,0.5,0.55,0.24,-0.03,-0.01,-0.06,0.03,0.0,0.27,0.01,0.33,0.34,-0.02,0.0,0.51,0.06,0.28,0.17,0.02,2.07,-0.07,-0.02,0.12,0.28,0.4,0.17,0.03,,0.04,-0.15,0.23,0.03,0.03,0.02,0.13,-0.04,0.3,0.08,0.08,0.1,-1.59,0.01,-0.03,-0.02,0.1,0.05,0.01,-0.05,-0.23,-1.44,1.23,0.01,0.11,-0.34,0.16,0.02,0.44,-0.01,0.45,0.22,0.06,0.11,0.08,0.23,0.1,0.01,0.05,-0.1,0.53,0.2,0.16,0.55,0.15,0.1,0.02,2.17,0.0,0.05,0.06,0.17,0.0,0.02,-0.01,0.01,0.0,0.27,0.03,0.0,0.01
1970-04-01,-0.07,-0.06,0.19,0.03,0.03,-0.09,0.01,0.09,0.05,0.65,0.08,-0.02,0.1,0.02,0.09,-0.09,0.08,0.19,0.17,0.08,-0.14,-0.02,0.03,0.35,0.28,0.07,-0.16,0.07,0.01,0.0,0.0,-0.15,-0.01,0.57,0.08,-0.01,0.0,0.16,0.06,-0.06,-0.03,0.05,1.16,-0.12,0.01,0.04,0.36,0.4,0.23,0.1,,-0.03,0.01,-0.01,0.05,0.04,-0.02,0.0,-0.13,0.01,0.1,0.15,0.12,0.68,-0.01,-0.09,0.07,0.08,0.05,0.0,0.0,0.21,0.32,-0.08,0.01,-0.04,-0.09,0.0,0.02,0.09,-0.01,0.06,0.22,0.07,-0.11,0.0,0.07,0.1,0.01,0.04,-0.07,0.37,0.02,-0.02,-0.1,-0.04,0.11,0.03,1.25,0.01,0.01,-0.01,0.07,0.0,0.01,-0.01,0.02,0.05,-0.06,0.02,0.0,0.1
1970-07-01,-0.02,0.06,0.14,0.04,0.0,-0.08,0.0,0.04,0.02,0.22,0.12,0.03,0.18,0.19,0.18,-0.07,0.1,0.28,0.18,0.51,0.36,-0.03,0.01,0.06,0.04,0.03,0.0,0.04,-0.03,0.01,-0.11,0.25,0.0,1.26,0.46,0.01,-0.01,0.56,0.11,0.36,0.24,0.05,2.12,-0.05,-0.02,0.21,0.57,0.78,0.39,0.18,,0.08,0.03,0.28,0.08,0.02,-0.07,0.01,-0.03,0.25,0.09,-0.03,0.11,-0.22,-0.01,0.01,-0.11,0.05,0.07,0.0,0.02,-0.13,-0.06,1.03,0.01,0.11,0.04,0.23,0.02,0.35,0.0,0.23,0.2,0.09,-0.11,0.02,0.13,0.09,0.0,0.12,0.07,0.09,0.06,0.09,0.18,0.16,0.18,0.0,2.3,0.05,0.03,0.09,0.04,0.0,0.1,0.23,0.02,0.18,-0.02,0.02,0.0,-0.09
1970-10-01,0.08,-0.09,0.0,0.05,0.0,0.45,0.0,0.07,0.0,-3.75,0.0,0.05,-0.11,-0.1,-0.08,0.03,0.21,0.27,0.18,0.74,0.73,-0.01,0.02,-0.37,-0.29,-0.05,-0.1,0.27,0.15,-0.01,0.4,0.0,0.01,-2.1,0.26,-0.03,0.0,0.8,-0.02,0.66,0.51,0.1,1.09,0.03,0.09,-0.08,0.67,0.59,0.52,0.07,,-0.01,-0.06,0.34,-0.01,0.03,0.0,-0.01,0.13,0.11,0.08,0.08,0.11,-4.19,0.0,0.01,-0.01,-0.11,0.04,0.0,0.04,-0.2,-4.07,1.65,0.02,0.15,0.05,0.09,0.02,0.45,0.0,-0.29,0.13,0.07,-0.16,0.08,0.13,0.07,-0.02,-0.12,-0.11,-0.36,0.02,0.12,0.09,0.01,0.17,-0.01,1.01,0.0,0.03,-0.06,0.09,0.0,0.01,0.16,0.01,-0.01,0.01,0.02,0.0,0.27
1971-01-01,-0.13,0.03,0.33,0.03,-0.04,0.19,-0.01,0.03,-0.03,5.8,0.09,-0.08,0.06,0.17,0.09,0.38,0.54,0.33,0.16,0.35,0.05,-0.04,-0.03,-0.14,-0.26,-0.03,0.11,0.09,0.02,0.05,0.12,0.31,0.01,6.44,0.43,-0.01,0.0,0.31,0.09,0.41,0.41,0.06,1.37,-0.01,-0.18,0.16,0.6,0.76,0.41,-0.21,,0.04,-0.05,0.34,-0.08,0.06,-0.21,-0.03,0.06,0.2,0.08,0.23,0.09,5.87,0.0,0.11,0.02,-0.09,-0.08,0.0,-0.05,-0.07,5.71,0.64,0.01,0.0,0.07,-0.06,0.02,-0.22,0.0,0.07,-0.11,-0.08,-0.06,-0.01,0.05,0.0,-0.01,0.04,0.01,-0.09,0.05,-0.22,-0.1,-0.03,0.19,0.01,1.46,0.07,-0.03,0.12,0.05,0.0,-0.09,0.13,0.0,0.11,0.03,-0.01,0.0,0.1
1971-04-01,0.0,0.09,0.16,0.03,-0.03,0.69,-0.01,0.07,-0.04,1.34,0.05,0.02,0.11,0.1,0.13,-0.1,0.06,-0.03,0.15,-0.19,-0.32,-0.03,-0.03,0.18,0.18,0.03,0.02,0.2,0.04,0.01,0.62,0.25,0.01,1.67,0.58,0.03,0.0,0.57,0.05,0.65,0.54,0.12,1.92,-0.15,-0.05,0.1,0.67,0.77,0.47,-0.09,,0.05,0.05,0.45,-0.11,0.05,0.08,0.07,0.24,0.24,0.09,0.16,0.11,0.79,0.0,0.0,-0.03,0.07,0.02,0.0,0.0,0.27,0.35,0.33,0.01,0.11,0.07,0.11,0.02,-0.42,0.0,0.09,-0.08,-0.06,-0.08,-0.01,-0.07,0.03,0.0,0.06,0.12,0.2,0.12,0.08,0.25,0.06,0.18,0.01,2.05,0.05,0.0,0.0,0.07,0.0,-0.02,-0.4,0.04,0.23,0.16,0.0,0.0,0.4
1971-07-01,0.05,0.06,0.07,0.03,-0.01,0.15,0.0,0.05,0.01,1.56,0.06,0.01,0.0,-0.11,0.16,-0.19,-0.06,-0.04,0.13,-0.55,-0.63,-0.02,0.01,0.19,0.24,-0.13,-0.14,0.3,0.24,0.01,0.15,-0.07,0.04,1.3,0.49,0.01,0.0,0.65,0.04,0.57,0.37,0.0,1.77,0.05,0.02,-0.09,0.79,0.7,0.58,0.02,,0.04,-0.04,0.33,-0.04,0.03,0.07,0.02,0.09,0.07,0.09,0.07,0.11,1.05,0.0,-0.11,0.04,-0.17,0.01,0.0,0.05,0.1,0.88,-0.26,0.02,0.2,0.0,0.11,0.02,0.2,0.02,-0.05,0.08,-0.02,-0.07,0.01,0.03,0.09,-0.01,-0.02,0.07,0.21,0.08,0.04,0.1,0.05,0.23,-0.02,1.93,0.06,0.05,-0.03,0.05,0.0,0.03,-0.01,0.02,0.18,0.04,0.02,0.0,0.08
1971-10-01,0.05,0.09,0.24,0.02,0.02,0.39,0.0,0.16,0.04,2.55,0.07,-0.06,0.19,0.14,0.26,-0.15,-0.05,0.0,0.1,0.37,0.14,-0.02,-0.01,0.37,0.42,0.19,-0.07,0.51,0.27,0.06,0.34,0.01,0.0,3.52,0.43,0.01,0.0,0.52,0.05,0.34,0.16,0.22,3.03,0.05,-0.02,0.18,0.92,1.1,0.72,0.05,,0.07,-0.13,0.17,-0.04,0.03,-0.06,0.18,0.11,0.08,0.09,0.09,0.11,1.58,0.01,-0.06,0.08,0.06,0.03,0.0,0.06,0.04,1.45,0.97,0.02,0.18,0.05,0.05,0.02,0.2,0.02,0.48,0.19,0.02,0.02,0.03,0.06,0.13,0.0,0.05,0.1,0.39,0.29,-0.19,0.41,0.1,0.21,-0.01,3.28,0.07,0.06,0.26,0.16,0.0,0.01,0.01,0.02,0.22,0.26,0.05,0.0,0.21
1972-01-01,0.18,0.1,0.13,0.0,0.03,0.23,-0.07,0.07,0.09,1.38,-0.02,0.01,-0.03,0.03,-0.06,0.42,0.48,0.69,0.06,-0.54,-0.66,0.01,0.0,0.63,0.82,0.17,0.13,0.6,0.34,0.02,0.19,0.34,0.02,1.86,0.33,0.02,0.0,0.49,0.02,0.2,0.55,0.22,3.59,0.01,0.05,0.09,0.72,0.81,0.55,0.21,,-0.07,0.02,0.39,0.06,-0.01,0.06,-0.05,0.2,0.2,0.09,0.14,0.11,0.17,0.01,0.06,-0.03,0.2,0.04,0.01,0.11,0.0,0.03,0.48,0.02,-0.35,0.04,0.0,0.02,0.45,0.02,0.56,0.29,0.06,0.1,0.05,0.14,0.14,0.02,0.14,0.12,0.62,-0.01,0.07,0.6,0.02,0.15,0.02,3.53,0.07,0.15,0.14,0.05,0.0,0.07,0.17,0.02,0.23,0.22,0.05,0.0,-0.04
1972-04-01,0.09,0.02,0.1,0.01,0.04,0.71,0.04,0.09,-0.01,1.54,0.07,0.01,0.25,0.3,0.08,-0.07,0.03,0.16,0.11,2.08,1.97,-0.01,0.02,0.29,0.38,0.04,0.1,0.24,0.18,0.04,0.53,0.13,0.03,5.24,0.27,-0.01,0.0,0.54,0.0,0.38,0.12,0.01,2.52,0.03,0.22,0.37,0.64,1.01,0.46,0.13,,0.05,-0.04,0.2,0.08,0.05,0.22,0.03,0.27,0.03,0.09,0.1,0.11,0.73,0.0,0.06,-0.11,0.0,-0.05,0.01,0.09,-0.08,0.7,3.7,0.02,0.26,0.19,0.14,0.02,0.78,0.02,0.2,0.16,0.06,0.07,0.08,0.16,0.11,0.03,-0.09,0.01,0.31,0.11,-0.02,0.44,0.12,0.16,0.02,2.59,0.03,0.2,0.15,0.05,0.0,0.03,0.09,0.02,0.12,0.1,0.06,0.0,0.21
1972-07-01,0.12,0.08,0.03,0.06,0.04,0.88,0.07,0.29,0.04,1.58,0.17,-0.03,-0.08,0.06,-0.06,-0.12,0.0,0.5,0.12,0.3,0.26,-0.01,0.01,0.36,0.48,0.05,0.13,0.53,0.19,0.03,0.77,0.28,0.05,3.46,0.11,0.02,0.0,0.44,0.11,0.26,0.1,0.26,2.91,0.02,0.12,0.11,0.64,0.74,0.41,0.5,,0.12,-0.03,0.17,0.08,0.02,0.05,0.01,0.24,0.15,0.02,0.13,0.04,0.48,0.02,0.14,-0.07,0.02,0.41,0.01,0.01,0.15,0.2,1.89,-0.01,0.16,0.11,0.1,0.01,0.43,0.02,0.47,0.18,0.08,-0.02,0.1,0.12,0.07,0.02,0.01,0.1,0.36,0.13,-0.07,0.47,0.19,0.23,-0.01,2.85,-0.03,0.04,0.22,0.27,0.0,-0.02,-0.08,0.03,0.14,0.26,0.04,0.0,0.48
1972-10-01,0.12,0.13,0.14,0.06,0.04,0.82,-0.03,0.12,0.17,3.29,-0.01,0.01,0.28,0.56,0.4,0.07,0.21,0.27,0.14,0.6,0.45,0.0,0.01,0.18,0.3,0.1,0.35,0.44,0.31,0.05,0.53,0.64,0.03,5.9,0.43,0.02,0.0,0.49,-0.02,0.06,-0.1,0.06,3.42,-0.03,0.15,0.6,0.79,1.39,0.58,0.06,,0.15,-0.03,0.02,0.12,0.04,0.03,0.06,0.19,0.29,-0.02,0.15,-0.01,2.06,0.01,0.28,-0.08,0.07,-0.12,0.01,0.05,0.1,1.81,2.61,0.04,0.16,0.29,0.2,0.01,0.55,0.02,0.66,0.44,0.08,0.14,0.1,0.09,0.19,0.0,0.08,0.14,0.19,0.19,0.03,0.59,0.17,0.22,-0.02,3.83,0.29,0.0,0.32,0.12,0.0,0.0,0.1,0.04,0.13,0.23,0.04,0.0,0.3
1973-01-01,-0.07,0.02,0.14,0.1,0.02,0.79,0.04,0.19,0.11,3.97,0.11,-0.01,-0.02,-0.42,-0.14,-0.15,0.08,0.39,0.23,-0.95,-1.06,0.01,-0.03,0.83,0.76,0.07,-0.09,0.96,0.58,0.04,0.7,0.35,0.1,4.81,0.22,0.01,0.0,0.86,0.08,0.42,0.45,0.22,2.83,0.0,0.22,-0.41,0.68,0.27,0.43,0.31,,0.16,-0.2,0.36,0.03,0.11,0.08,0.14,0.24,0.45,0.0,0.2,0.01,2.1,0.01,-0.4,-0.03,-0.13,0.11,0.0,0.16,0.08,1.82,0.84,-0.01,-0.03,0.09,0.31,0.01,0.65,0.01,0.22,0.44,0.09,0.08,0.12,0.07,0.24,0.0,0.1,0.04,0.82,0.29,-0.04,0.6,0.16,0.26,-0.01,2.69,-0.14,0.06,0.25,0.19,0.0,0.05,0.02,0.06,0.04,0.32,0.01,0.0,0.44
1973-04-01,0.04,0.04,0.11,0.08,0.01,-0.09,0.03,0.22,0.1,-0.75,0.01,0.0,0.02,0.13,0.08,-0.11,0.0,0.15,0.11,-1.3,-1.41,-0.02,-0.01,-0.28,-0.24,-0.11,0.06,0.18,0.09,0.04,-0.04,-0.11,0.03,-1.9,0.28,-0.03,0.0,0.56,0.01,0.2,0.23,0.02,1.64,-0.01,0.07,0.14,0.69,0.83,0.51,0.14,,0.15,0.08,0.2,0.06,-0.02,0.03,0.05,0.01,-0.17,-0.01,0.11,-0.01,-0.83,0.0,0.11,-0.15,-0.04,0.03,0.01,0.05,-0.11,-0.83,-1.15,-0.03,-0.03,-0.06,0.15,0.0,0.35,0.0,0.17,0.35,0.09,-0.17,0.06,0.09,0.16,0.01,0.11,0.01,-0.26,0.17,0.02,-0.25,0.06,0.16,0.02,1.72,0.04,-0.01,-0.31,0.21,0.0,0.02,0.19,0.04,0.0,0.05,0.01,0.0,-0.05
1973-07-01,0.01,0.03,0.11,0.09,0.02,0.05,-0.04,0.14,0.11,-0.55,-0.09,0.02,0.27,0.28,-0.24,0.06,0.13,0.09,0.07,-0.01,-0.07,0.02,-0.04,0.29,0.31,-0.24,-0.05,0.08,-0.02,0.04,0.04,0.07,0.02,0.07,-0.41,0.02,0.01,0.3,-0.06,-0.06,-0.04,0.05,1.58,0.06,0.16,0.3,0.69,0.99,0.57,-0.04,,0.08,-0.06,-0.18,0.04,-0.01,0.06,-0.09,0.05,0.12,-0.05,0.11,-0.05,-0.91,0.01,0.01,-0.17,-0.29,-0.05,0.01,-0.04,0.02,-1.04,0.62,0.01,-0.01,0.0,0.12,-0.01,0.51,0.0,-0.15,0.36,0.08,0.01,0.08,0.04,0.16,-0.01,0.1,0.05,0.27,0.05,0.06,0.16,0.15,0.1,0.01,1.34,-0.07,-0.02,-0.01,0.14,0.0,0.04,0.18,0.02,-0.01,0.12,0.02,0.0,-0.02
1973-10-01,0.04,0.02,0.08,0.08,0.03,0.19,-0.01,0.12,-0.05,-1.41,0.05,0.03,0.03,-0.18,0.04,0.26,0.29,0.18,0.03,-0.88,-1.01,0.02,0.05,-0.09,-0.05,-0.17,-0.22,0.19,0.07,0.02,0.21,-0.26,0.02,-1.95,0.29,0.03,0.0,0.21,0.09,0.27,0.26,0.07,0.72,0.04,0.02,-0.16,0.67,0.51,0.6,-0.11,,0.1,-0.04,0.25,-0.01,0.0,0.07,0.06,0.11,-0.04,-0.07,0.1,-0.07,-1.61,0.0,-0.22,0.03,-0.21,-0.07,0.01,-0.05,-0.24,-1.47,-0.54,-0.03,0.0,-0.02,0.19,0.0,0.42,0.0,-0.25,-0.06,0.05,-0.16,0.04,0.06,-0.05,-0.01,-0.1,0.05,-0.12,0.15,0.07,-0.18,0.09,0.06,0.0,0.76,0.0,-0.04,-0.21,0.13,0.0,0.06,0.12,0.04,-0.02,0.01,0.03,0.0,0.07
1974-01-01,-0.01,0.11,0.12,0.03,0.02,0.09,-0.07,-0.03,0.07,-1.35,-0.08,-0.01,-0.37,-0.44,0.01,-0.22,-0.44,-0.52,-0.21,-0.31,-0.43,0.05,0.0,-0.39,-0.41,-0.06,-0.56,0.23,0.1,-0.02,0.12,-2.0,0.01,-3.18,-0.01,0.1,0.0,0.29,-0.01,0.02,0.0,0.1,-0.35,-0.03,0.0,-0.41,0.91,0.5,0.76,-0.09,,0.06,-0.12,-0.01,-0.03,-0.02,-0.07,0.09,0.01,-1.44,-0.06,-0.08,-0.07,-1.61,0.01,-0.07,0.0,-0.18,0.05,0.02,-0.13,0.06,-1.59,-1.83,-0.01,0.02,-0.03,0.04,-0.01,0.38,-0.01,-0.46,0.26,0.11,-0.12,0.04,0.1,0.09,-0.02,0.01,0.21,-0.45,0.1,-0.02,-0.01,0.19,0.14,0.0,-0.35,-0.04,0.1,-0.23,-0.01,0.0,0.01,0.12,0.02,0.14,0.14,0.03,0.0,0.1
1974-04-01,-0.01,0.11,0.01,0.04,-0.04,-0.33,-0.03,0.01,-0.04,0.31,-0.11,0.0,0.35,0.53,-0.01,-0.08,0.08,0.32,0.17,-0.55,-0.65,0.03,0.09,0.15,0.14,0.05,0.02,-0.04,0.06,0.0,-0.3,0.6,-0.03,-0.62,0.33,-0.04,0.01,0.31,-0.07,0.56,0.5,-0.07,2.08,-0.22,-0.22,0.55,0.73,1.29,0.65,0.24,,0.11,0.06,0.34,-0.02,0.01,-0.2,0.13,-0.16,0.58,-0.07,0.0,-0.09,-0.12,0.0,0.18,-0.1,0.11,0.07,0.01,0.17,0.06,-0.19,-0.92,-0.01,0.07,-0.04,0.14,-0.01,-0.64,0.0,-0.14,-0.25,-0.13,0.04,-0.04,0.07,-0.09,-0.03,0.09,0.08,0.12,0.17,0.02,0.33,0.07,0.07,0.0,2.07,-0.06,0.08,0.13,0.03,0.0,0.02,-0.23,0.01,-0.01,0.1,0.03,0.0,-0.1
1974-07-01,0.01,-0.04,0.08,0.06,-0.06,-0.46,-0.01,0.11,-0.05,0.33,-0.11,-0.01,0.12,0.21,-0.08,0.09,0.38,0.69,0.3,1.33,1.25,0.02,0.0,-0.08,-0.08,-0.04,-0.06,-0.42,-0.2,0.03,-0.31,0.38,-0.09,0.63,-0.07,-0.01,0.0,0.11,-0.08,0.21,0.14,-0.13,1.17,-0.22,-0.33,0.23,0.63,0.86,0.56,0.3,,0.02,-0.05,0.0,0.05,-0.03,-0.22,0.12,-0.05,0.44,-0.02,-0.07,-0.01,0.62,0.0,0.09,-0.05,-0.09,0.1,0.01,0.15,-0.07,0.75,0.3,-0.02,0.07,-0.15,-0.05,0.01,-0.94,0.0,-0.57,-0.09,0.03,-0.11,-0.07,-0.01,-0.07,-0.02,-0.05,-0.05,-0.11,0.22,-0.06,0.18,-0.07,0.07,0.0,1.1,-0.11,0.05,0.07,0.13,0.0,-0.03,-0.18,0.0,-0.05,0.12,0.02,0.0,-0.21
1974-10-01,0.03,-0.06,-0.06,0.05,-0.04,-1.11,0.05,0.18,0.07,-5.43,0.07,-0.03,0.21,0.19,0.05,-0.09,0.28,0.61,0.37,-1.12,-1.08,0.02,0.01,0.17,0.2,0.14,-0.03,-1.16,-0.68,-0.01,-0.84,0.6,-0.1,-7.86,0.17,-0.03,0.0,0.25,0.08,0.12,0.11,-0.35,2.09,-0.11,-0.45,0.21,0.52,0.72,0.44,0.33,,-0.07,-0.04,0.13,0.02,-0.1,-0.08,0.17,-0.38,0.63,0.01,-0.18,0.02,-3.48,-0.02,-0.02,-0.04,0.11,0.18,0.01,0.12,-0.09,-3.21,-2.43,-0.06,0.01,-0.27,-0.21,0.01,-0.8,0.01,0.16,0.13,-0.06,-0.09,-0.14,-0.05,0.12,0.0,-0.01,-0.09,0.15,0.22,-0.09,-0.59,-0.1,0.08,0.0,2.14,0.01,-0.02,-0.24,0.19,0.0,-0.01,0.06,-0.03,-0.06,-0.22,0.01,0.0,-0.42
1975-01-01,-0.03,-0.02,-0.04,0.03,0.01,0.88,0.03,0.16,0.07,1.14,0.04,0.05,-0.08,-0.18,-0.08,0.17,0.83,0.83,0.66,0.08,0.11,0.02,0.01,0.29,0.26,-0.13,-0.08,-0.18,-0.07,0.03,0.78,-0.36,-0.05,1.41,0.33,0.01,0.0,0.87,0.0,0.48,0.41,-0.07,2.07,-0.01,-0.13,-0.18,0.16,-0.01,0.1,-0.01,,0.05,-0.12,0.41,-0.01,0.06,0.03,0.0,0.34,-0.28,0.0,0.02,0.01,0.79,0.0,-0.1,-0.08,-0.24,-0.03,0.0,0.03,-0.29,1.06,0.27,0.02,0.07,0.1,0.22,0.02,-0.33,0.0,0.06,0.39,0.16,-0.05,-0.03,-0.02,0.16,0.02,0.15,-0.01,0.27,0.06,0.12,0.31,0.1,0.06,0.0,1.99,0.01,0.08,0.0,0.14,0.0,0.06,-0.19,0.01,0.01,0.12,0.0,0.0,0.44
1975-04-01,0.07,-0.07,0.15,0.03,0.0,0.9,0.08,0.26,-0.03,1.07,0.1,0.01,0.32,0.62,0.06,0.14,0.39,0.13,0.25,1.74,1.66,0.02,-0.07,0.57,0.64,-0.18,0.16,0.17,0.07,-0.01,0.76,0.17,0.02,4.13,0.41,-0.05,0.0,0.54,-0.01,0.35,0.33,0.06,2.55,0.09,-0.02,0.62,0.29,0.92,0.2,-0.26,,0.08,0.08,0.35,0.04,0.06,0.02,-0.08,0.28,0.01,0.23,0.12,0.25,0.04,0.02,0.3,-0.02,-0.09,-0.03,0.0,-0.28,0.3,-0.37,3.06,0.04,0.02,0.14,0.13,0.02,0.25,0.01,0.24,0.19,0.06,0.02,0.07,0.08,0.16,0.01,-0.2,-0.12,0.54,-0.05,-0.1,0.72,-0.07,0.08,0.01,2.61,0.06,0.08,0.3,0.26,0.0,-0.01,0.18,0.03,0.13,0.42,0.0,0.0,0.47
1975-07-01,0.04,0.07,0.14,0.07,0.03,0.45,0.04,0.2,0.02,3.39,0.04,0.0,0.12,0.01,0.1,-0.22,0.02,0.06,0.24,0.48,0.38,0.0,-0.03,-0.06,-0.02,0.14,0.09,0.32,0.16,0.04,0.38,-0.15,0.06,4.77,-0.08,-0.01,0.0,-0.16,-0.05,-0.17,-0.18,0.06,0.94,-0.02,0.11,0.01,0.42,0.42,0.31,0.03,,0.24,-0.14,-0.18,0.06,0.06,0.05,0.03,0.17,-0.24,0.16,0.07,0.17,2.46,0.0,-0.1,0.01,0.0,0.01,0.0,-0.03,0.09,2.3,1.38,0.04,0.01,0.06,0.31,0.01,0.6,0.01,0.26,0.01,0.08,0.03,0.08,0.02,-0.08,0.0,-0.06,0.06,-0.06,0.15,-0.01,0.3,0.17,0.11,0.0,1.04,0.07,0.06,0.2,0.2,0.0,0.02,0.17,0.03,0.22,0.04,-0.01,0.0,0.19
1975-10-01,0.11,0.05,0.02,0.09,0.02,0.17,0.07,0.15,0.06,1.64,0.19,-0.01,-0.19,-0.4,0.16,-0.07,0.18,0.4,0.25,-0.74,-0.75,0.04,0.0,0.81,0.92,0.07,-0.26,0.28,0.26,0.02,0.16,-0.09,0.01,1.33,0.83,0.04,0.0,0.81,0.08,0.63,0.58,-0.02,2.87,-0.03,0.03,-0.41,0.42,0.01,0.33,0.22,,0.13,0.04,0.67,0.15,0.03,0.03,0.04,0.05,0.16,0.06,-0.03,0.07,0.86,0.01,-0.2,-0.03,0.11,0.06,0.0,0.01,0.08,0.81,-0.31,0.04,0.05,0.02,0.16,0.01,0.35,0.02,0.4,0.18,0.09,0.02,0.03,0.01,0.03,-0.01,-0.09,0.09,0.77,0.17,-0.04,0.34,0.05,0.1,0.0,3.04,0.06,0.04,0.15,0.17,0.0,0.01,0.22,0.03,0.16,0.18,-0.01,0.0,0.08
1976-01-01,0.01,0.11,0.01,0.08,0.02,0.32,0.04,0.0,-0.03,2.92,0.04,-0.01,0.14,0.14,0.2,0.54,0.45,0.36,-0.09,1.55,1.52,0.02,0.03,0.45,0.46,0.08,0.25,0.3,0.13,-0.01,0.23,0.58,0.05,5.69,0.49,0.01,0.0,0.34,0.02,0.37,0.32,0.08,2.36,0.02,0.02,0.14,0.36,0.5,0.27,-0.09,,0.2,-0.09,0.29,0.05,0.03,0.09,0.01,0.0,0.33,0.08,0.08,0.09,2.16,0.01,0.01,-0.01,-0.01,0.03,-0.01,-0.17,0.25,1.83,2.77,-0.02,0.05,0.09,0.19,0.01,0.31,0.02,0.39,-0.03,0.06,0.01,0.01,0.04,-0.05,-0.03,0.28,0.12,0.43,0.1,-0.04,0.26,0.17,0.08,0.0,2.55,0.06,0.16,-0.02,0.03,0.0,-0.03,0.0,0.04,0.21,0.16,-0.01,0.0,0.2
1976-04-01,0.02,0.09,0.15,0.08,0.01,0.06,0.02,0.14,0.13,0.27,-0.05,0.01,0.1,-0.01,0.02,-0.22,-0.08,0.23,0.14,1.33,1.17,0.01,0.01,0.15,0.17,-0.1,0.12,0.08,0.04,0.0,0.07,0.35,0.02,2.32,0.05,-0.03,0.0,0.35,-0.01,0.13,0.11,-0.01,1.39,0.12,-0.1,-0.01,0.45,0.44,0.34,0.31,,0.05,-0.17,0.03,0.16,0.02,-0.01,0.07,0.04,0.23,0.03,0.0,0.03,0.03,0.0,-0.1,-0.02,-0.28,0.07,0.0,0.08,0.09,-0.06,2.05,-0.06,0.02,-0.02,0.12,0.01,0.31,0.02,-0.07,0.22,0.06,-0.07,0.04,0.05,0.04,-0.03,0.02,0.07,0.13,0.17,0.0,0.04,0.12,0.1,0.01,1.41,0.05,0.06,-0.07,0.17,0.0,0.04,0.23,0.02,0.1,0.04,-0.01,0.0,0.02
1976-07-01,0.09,0.04,0.08,0.09,0.02,0.35,0.0,0.13,0.12,0.68,-0.09,-0.01,0.11,0.42,0.02,-0.04,0.09,0.28,0.12,0.3,0.2,0.02,0.02,0.35,0.44,0.1,0.16,0.25,0.19,0.11,0.26,0.25,0.03,1.71,0.29,0.02,-0.01,0.33,-0.04,0.42,0.37,0.0,2.55,0.11,0.05,0.41,0.38,0.79,0.31,0.19,,0.1,-0.09,0.27,0.08,-0.01,0.06,0.1,0.13,0.1,-0.03,0.03,-0.02,0.16,0.0,0.31,-0.03,0.01,0.06,0.0,0.06,-0.06,0.19,1.04,-0.04,0.05,0.08,0.1,0.02,0.14,0.01,0.36,-0.09,0.07,0.03,0.06,0.01,-0.28,-0.01,0.11,0.06,0.33,0.31,-0.03,0.17,0.05,0.07,0.0,2.57,0.06,0.11,-0.01,0.14,0.0,0.0,-0.08,0.03,0.04,0.11,-0.01,0.0,0.11
1976-10-01,-0.04,0.07,0.08,0.07,-0.01,0.28,0.02,0.09,0.03,0.95,0.07,-0.02,0.38,0.81,0.04,0.11,0.25,0.37,0.14,0.5,0.42,0.01,0.0,-0.07,-0.11,0.15,0.27,0.44,0.24,0.1,0.24,0.49,0.06,2.37,0.22,0.0,-0.01,0.34,0.09,0.19,0.15,0.08,2.89,0.03,0.04,0.8,0.31,1.11,0.27,0.11,,0.07,0.13,0.18,0.06,-0.02,0.02,0.0,0.2,0.22,0.12,0.01,0.13,0.19,0.0,0.43,-0.04,0.28,0.05,0.0,0.0,-0.23,0.41,1.42,-0.04,0.04,0.04,0.01,0.01,0.15,0.01,0.79,0.15,0.06,0.01,0.1,0.06,0.06,0.0,0.29,0.07,-0.08,0.18,-0.05,0.3,0.09,0.06,-0.01,2.92,0.02,0.03,0.29,0.08,0.0,-0.02,-0.12,0.04,0.2,0.03,-0.01,0.0,0.05
1977-01-01,0.07,0.06,0.2,-0.03,0.02,0.05,-0.04,0.15,-0.03,2.23,0.04,-0.02,0.25,-0.14,-0.02,0.11,0.44,0.35,0.33,0.17,-0.02,0.03,0.0,1.06,1.13,-0.05,-0.33,0.51,0.47,-0.15,-0.13,-0.35,-0.09,2.18,0.28,0.01,-0.01,0.38,0.0,0.25,0.21,0.07,2.64,-0.02,0.23,-0.13,0.28,0.14,0.2,-0.09,,-0.46,0.06,0.3,-0.11,-0.02,-0.08,0.13,-0.46,-0.02,0.3,0.2,0.32,2.13,-0.01,-0.39,0.01,0.02,-0.07,0.01,0.08,0.25,1.68,-0.06,0.07,0.04,0.18,-0.43,0.02,0.07,0.01,0.27,0.13,-0.02,0.16,0.08,-0.08,0.18,0.03,-0.12,0.07,1.03,-0.04,-0.05,0.03,-0.07,0.05,0.04,2.62,0.06,-0.12,0.28,0.12,0.0,0.07,-0.02,0.06,0.4,-0.06,0.01,0.0,0.31
1977-04-01,-0.04,0.04,0.12,0.02,-0.01,0.48,0.01,0.15,-0.01,1.41,-0.04,0.02,-0.07,-0.64,0.0,-0.03,0.06,0.17,0.09,-0.35,-0.45,-0.09,-0.01,-0.38,-0.42,0.06,-0.21,0.34,0.07,0.07,0.6,-0.03,0.15,1.42,0.4,0.0,-0.01,0.8,-0.02,0.45,0.42,0.1,0.77,0.03,-0.24,-0.64,0.29,-0.35,0.25,0.1,,0.62,-0.08,0.4,-0.02,0.01,0.07,0.08,0.58,0.19,0.16,0.07,0.17,0.05,0.01,-0.58,0.0,-0.02,0.1,0.01,0.02,-0.29,0.27,0.01,-0.04,0.03,-0.13,0.61,0.01,-0.1,0.0,0.18,0.35,0.06,0.03,0.05,-0.01,0.3,0.01,0.01,0.04,-0.29,0.17,0.04,0.41,0.18,0.06,-0.01,0.77,0.03,0.14,-0.02,0.14,0.0,-0.05,-0.14,0.02,0.21,0.25,0.0,0.0,0.03
1977-07-01,0.03,0.07,-0.06,0.04,0.01,0.4,0.04,0.09,0.01,0.9,-0.01,0.06,0.35,0.74,0.06,-0.03,0.08,0.34,0.11,-0.11,-0.03,-0.05,-0.01,-0.48,-0.45,-0.07,0.08,0.24,0.03,0.07,0.36,0.21,0.12,1.56,-0.03,-0.01,0.0,0.38,0.01,-0.05,-0.12,0.07,2.22,0.11,-0.07,0.75,0.35,1.11,0.3,0.26,,0.27,-0.01,-0.09,0.12,0.01,0.19,0.09,0.32,0.13,0.19,-0.12,0.2,0.12,0.01,0.39,-0.06,-0.08,0.14,0.01,0.0,0.36,-0.12,0.66,-0.05,0.07,0.04,0.3,0.01,0.17,0.01,0.35,0.43,0.07,0.06,0.09,0.02,0.36,0.01,0.11,0.06,-0.43,0.22,0.16,0.24,0.01,0.07,-0.01,2.28,0.07,0.12,-0.25,0.09,0.0,-0.04,0.0,0.01,0.26,0.2,0.01,0.0,0.03
1977-10-01,-0.05,0.08,0.13,0.05,0.02,1.24,0.06,0.26,0.13,1.3,0.21,0.04,-0.2,-0.08,0.27,0.03,0.14,0.45,0.11,0.93,0.81,-0.01,-0.01,-0.07,-0.11,0.06,0.08,0.44,0.24,0.05,1.05,0.09,0.09,4.09,0.52,0.0,-0.01,0.12,0.1,0.1,0.03,0.08,1.79,0.02,0.06,-0.07,0.55,0.48,0.42,0.31,,0.25,-0.08,0.25,0.18,0.08,0.2,0.08,0.46,0.01,-0.08,0.13,-0.06,0.21,0.01,0.12,-0.01,-0.02,0.03,0.01,0.09,0.04,0.05,2.79,0.06,0.06,0.19,0.38,0.02,0.53,0.01,0.65,0.02,0.05,-0.01,0.12,0.06,-0.16,0.01,0.09,0.08,-0.06,0.19,0.14,0.27,0.1,0.14,-0.01,2.06,0.1,0.09,-0.19,0.25,0.0,0.01,0.0,0.03,0.02,0.22,0.01,0.0,0.57
1978-01-01,0.04,-0.05,-0.06,-0.02,0.06,0.26,-0.01,0.15,0.04,-1.6,0.07,-0.03,0.32,0.41,0.0,-0.13,-0.14,0.08,-0.01,-0.29,-0.2,0.09,-0.03,0.58,0.62,0.07,0.21,-0.29,-0.19,0.02,0.17,0.15,0.01,-1.04,0.42,-0.01,-0.01,0.65,-0.01,0.51,0.43,-0.13,3.3,0.05,0.19,0.4,0.93,1.33,0.91,0.22,,-0.25,0.02,0.42,0.08,-0.06,0.02,0.04,-0.16,-0.06,0.03,0.02,0.03,-1.01,0.0,0.09,0.03,0.09,0.01,0.02,0.12,-0.16,-0.86,0.57,0.09,0.08,0.09,-0.37,0.0,0.44,0.01,0.61,0.14,0.04,0.0,0.0,0.08,0.07,0.0,0.22,-0.06,0.49,0.04,-0.1,0.06,0.04,0.02,0.01,3.3,0.04,-0.14,0.33,0.15,0.01,-0.03,0.09,0.02,-0.03,-0.03,-0.01,0.0,0.27
1978-04-01,0.04,0.08,0.08,0.01,0.05,0.95,-0.02,0.16,0.01,4.44,0.02,0.0,-0.01,-0.05,0.08,0.42,0.48,0.56,0.06,-0.88,-0.93,0.02,-0.03,0.72,0.76,-0.04,-0.14,0.78,0.59,0.03,0.69,0.15,0.01,5.51,0.63,-0.04,-0.01,0.58,-0.06,0.63,0.58,0.11,3.24,-0.05,0.31,-0.04,0.83,0.79,0.73,0.08,,0.03,-0.09,0.55,-0.02,0.01,0.17,-0.02,0.17,0.28,0.19,0.21,0.19,3.23,0.0,-0.04,0.01,-0.14,0.02,0.01,0.06,0.08,2.94,1.07,0.09,0.05,0.26,0.15,0.0,0.86,0.01,0.29,-0.04,-0.02,0.07,0.14,0.07,-0.04,0.0,0.15,0.04,0.7,0.02,0.01,0.28,0.1,0.1,0.01,3.32,0.09,0.07,0.09,0.16,0.01,0.09,0.06,0.07,0.23,0.11,0.01,0.0,0.48
1978-07-01,-0.02,0.06,0.12,0.02,0.03,0.38,0.01,0.12,-0.08,-0.82,0.04,0.0,0.01,-0.09,-0.02,-0.07,-0.02,-0.06,0.05,0.18,0.06,0.01,-0.01,0.61,0.59,0.14,-0.33,-0.01,-0.04,0.01,0.37,-0.2,0.01,0.16,0.07,-0.01,-0.01,0.07,0.0,0.17,0.14,-0.03,1.56,0.02,0.13,-0.08,0.63,0.55,0.62,-0.04,,0.02,-0.02,0.1,0.01,-0.02,0.1,0.12,-0.02,0.13,-0.04,0.04,-0.04,-0.89,0.0,-0.1,0.01,0.12,0.05,0.01,-0.12,0.08,-1.01,0.98,0.04,0.04,0.0,0.1,0.0,0.62,0.02,0.23,-0.11,0.02,-0.04,0.0,0.12,-0.04,0.01,-0.07,0.05,0.6,0.16,0.0,-0.01,0.24,0.01,0.01,1.53,0.03,0.11,-0.11,0.12,0.01,0.08,0.03,0.04,0.01,-0.01,0.02,0.0,0.36
1978-10-01,0.02,-0.02,0.02,0.05,0.03,0.59,0.02,0.12,0.01,0.48,0.04,0.01,0.18,0.13,0.14,-0.23,-0.2,0.03,0.03,0.57,0.57,0.01,-0.01,0.16,0.18,-0.06,-0.07,0.22,0.09,0.0,0.43,-0.09,0.07,2.11,0.22,-0.01,-0.01,0.23,0.02,0.12,0.09,0.04,1.01,0.01,0.11,0.17,0.65,0.83,0.64,0.23,,-0.09,-0.01,0.08,0.01,-0.02,0.18,-0.05,0.22,-0.03,-0.07,0.11,-0.07,-0.09,0.0,-0.04,0.0,-0.07,0.07,0.01,0.14,0.02,-0.23,1.63,0.0,0.02,0.16,-0.03,0.01,0.56,0.02,-0.19,0.12,0.04,-0.07,0.05,0.12,0.07,0.01,-0.25,-0.03,0.16,0.03,0.02,0.39,0.11,0.02,0.0,1.16,0.04,0.18,0.02,0.11,0.02,0.04,0.0,0.02,-0.09,0.15,0.04,0.0,0.18
1979-01-01,0.08,0.13,0.05,0.05,0.03,0.0,0.0,0.18,0.05,-0.7,0.02,0.0,0.3,0.43,0.22,0.03,0.1,0.0,0.08,-0.08,-0.12,0.03,-0.02,0.27,0.35,-0.06,0.25,-0.06,0.0,0.03,0.04,0.47,-0.05,-0.16,0.23,0.01,0.0,0.21,0.05,-0.01,0.01,-0.02,2.03,-0.03,0.08,0.46,0.44,0.91,0.4,-0.11,,-0.21,-0.1,0.01,0.17,-0.06,0.06,0.08,-0.01,0.22,0.18,-0.03,0.18,-0.47,-0.01,0.13,0.01,-0.17,0.09,0.0,-0.37,-0.05,-0.39,0.54,-0.03,-0.03,-0.04,-0.28,0.0,0.16,0.03,0.06,0.22,0.05,0.0,0.04,0.07,0.12,0.01,-0.07,0.14,0.24,0.19,0.0,0.11,-0.04,0.05,-0.01,2.25,0.12,-0.13,0.28,0.17,0.01,-0.03,-0.06,0.0,0.32,-0.03,0.04,0.0,0.02
1979-04-01,0.02,-0.01,0.05,0.05,0.0,0.15,-0.02,0.17,-0.03,-1.32,-0.07,0.02,-0.31,-0.3,-0.01,0.27,0.22,0.82,-0.05,0.1,0.04,0.01,0.01,-0.44,-0.42,0.0,-0.19,0.26,0.13,0.0,0.15,-0.9,0.02,-1.58,0.26,0.06,0.0,0.53,0.01,0.39,0.35,0.08,1.34,-0.07,0.11,-0.26,0.48,0.22,0.45,0.6,,0.13,0.02,0.27,0.0,-0.04,0.07,0.04,0.02,-0.71,0.08,0.02,0.08,-2.05,0.01,0.01,0.03,0.02,0.08,0.0,0.51,-0.16,-1.92,-0.26,-0.06,0.04,0.0,0.17,-0.01,0.39,0.02,-0.04,0.14,0.06,-0.14,0.06,0.09,0.11,0.01,-0.01,0.06,-0.45,0.1,0.05,0.31,0.04,0.04,0.0,1.33,0.05,-0.01,0.0,0.16,0.01,0.04,-0.01,0.03,0.13,0.25,0.04,0.0,0.13
1979-07-01,-0.06,0.03,0.22,0.03,0.04,0.83,-0.07,0.11,0.02,1.6,-0.02,0.0,-0.25,-0.42,-0.28,0.07,-0.08,0.08,-0.15,0.6,0.36,0.0,0.02,0.16,0.1,-0.04,-0.28,0.48,0.26,0.03,0.71,-0.31,0.06,3.12,-0.2,-0.03,0.0,0.39,0.01,0.08,0.06,0.11,1.12,0.11,0.14,-0.39,0.55,0.16,0.51,0.16,,0.19,0.06,0.08,-0.11,-0.06,0.05,0.03,0.24,-0.03,-0.04,0.02,-0.04,1.06,0.02,-0.17,-0.05,0.02,0.08,0.0,0.18,0.25,0.79,1.52,0.05,0.02,0.12,0.13,0.0,0.4,0.02,0.32,0.31,0.06,-0.06,0.06,0.1,0.22,0.02,0.19,0.0,0.16,0.11,0.0,-0.07,0.11,0.04,0.0,0.83,-0.03,-0.04,-0.37,0.09,0.01,-0.01,0.0,0.05,-0.04,0.33,0.03,0.0,0.42
1979-10-01,0.02,-0.1,-0.03,0.01,0.01,0.14,0.03,0.05,-0.04,-1.47,0.06,0.01,0.32,0.23,0.2,0.02,-0.15,-0.28,-0.17,0.66,0.7,0.01,-0.01,0.59,0.61,-0.03,-0.31,-0.19,-0.17,-0.01,0.09,-0.38,0.04,-0.78,0.42,-0.08,-0.01,0.34,0.07,0.21,0.19,-0.06,1.59,-0.05,0.11,0.27,0.46,0.73,0.41,-0.12,,-0.15,-0.14,0.22,0.01,-0.09,0.1,0.07,-0.02,-0.08,0.09,-0.08,0.11,-0.89,-0.01,-0.09,-0.04,-0.16,0.06,0.0,-0.2,-0.16,-0.65,0.69,-0.04,0.02,0.05,-0.19,0.02,0.27,0.02,0.17,0.13,0.05,0.01,0.01,0.0,0.12,0.02,0.21,-0.17,0.58,0.08,0.02,-0.2,0.09,0.05,0.0,1.78,0.06,0.02,-0.14,0.03,0.02,0.03,0.01,0.01,-0.06,-0.09,0.04,0.0,0.1
1980-01-01,-0.04,-0.08,0.21,0.03,0.01,-0.14,-0.04,0.21,-0.03,-0.87,-0.06,0.0,0.18,0.22,0.11,0.33,0.29,0.23,-0.04,0.58,0.37,0.01,0.0,-0.21,-0.26,0.0,-0.18,-0.38,-0.26,0.01,-0.07,-0.61,-0.05,-0.93,0.14,-0.04,0.0,0.06,-0.02,0.09,0.06,-0.05,0.25,-0.07,-0.01,0.25,0.56,0.8,0.44,-0.06,,0.0,-0.15,0.03,0.09,-0.18,0.01,0.04,-0.07,-0.43,-0.24,-0.01,-0.23,0.02,-0.01,0.04,0.09,-0.15,0.03,0.0,-0.18,0.19,-0.16,-0.06,-0.01,0.04,-0.08,-0.2,0.01,0.11,0.0,-0.32,-0.03,-0.05,-0.03,0.0,0.05,0.05,0.02,-0.24,-0.12,-0.22,0.08,0.0,-0.31,-0.01,0.11,0.01,0.36,0.02,0.03,-0.3,0.2,0.01,-0.04,-0.01,-0.02,-0.35,-0.03,0.02,0.0,-0.01
1980-04-01,-0.05,-0.09,-0.11,0.0,-0.02,-0.11,0.01,0.07,-0.04,-5.74,0.02,0.0,-0.01,0.05,0.05,-0.57,-0.65,-0.48,-0.08,-0.36,-0.26,0.01,0.01,-0.29,-0.35,-0.12,-0.45,-0.68,-0.49,0.0,-0.09,-0.78,-0.04,-7.46,-0.09,-0.07,0.0,-0.28,0.01,-0.13,-0.2,-0.12,-1.3,-0.02,-0.05,0.08,0.5,0.58,0.36,0.17,,-0.49,0.07,-0.14,0.18,-0.11,-0.2,-0.05,-0.06,-0.34,-0.35,-0.06,-0.34,-4.16,-0.01,0.06,-0.03,-0.05,0.02,0.0,-0.02,-0.4,-3.7,-1.71,-0.01,0.07,-0.01,-0.55,0.01,-0.46,-0.01,-0.21,-0.15,-0.03,-0.12,-0.04,0.0,-0.08,0.01,-0.15,-0.16,-0.3,-0.06,-0.01,-0.35,-0.18,0.14,0.0,-1.25,0.06,0.02,-0.28,0.05,0.01,0.03,0.04,-0.03,-0.5,-0.06,0.02,0.0,-0.01
1980-07-01,0.03,-0.09,-0.07,0.03,0.02,0.61,-0.04,-0.04,0.1,2.22,0.07,0.0,0.37,0.28,0.33,0.5,0.46,0.5,-0.04,-0.77,-0.67,0.0,-0.04,0.03,0.07,0.12,-0.04,0.02,-0.01,0.03,0.55,-0.37,0.02,1.91,0.83,-0.01,-0.01,0.95,0.05,0.45,0.46,0.0,2.22,-0.04,0.09,0.28,0.39,0.67,0.29,0.03,,0.0,-0.14,0.5,0.01,-0.05,0.06,0.07,0.2,-0.33,0.13,0.05,0.15,1.9,0.0,-0.09,-0.03,-0.02,-0.01,0.0,0.04,0.15,1.69,-0.3,0.06,-0.01,0.06,0.0,0.02,0.23,0.01,-0.14,0.5,0.04,-0.03,-0.01,0.05,0.36,0.01,-0.08,-0.1,0.03,0.13,0.01,0.3,0.02,0.12,-0.01,2.55,-0.01,0.03,0.14,-0.04,0.01,0.03,0.05,0.01,0.04,0.12,0.0,0.0,0.33
1980-10-01,0.11,-0.09,0.1,0.05,0.03,0.47,0.01,0.07,0.16,1.57,0.0,0.02,-0.16,0.24,0.2,0.22,0.21,0.64,-0.01,-0.55,-0.64,0.01,-0.01,0.33,0.44,0.05,-0.03,0.5,0.32,0.09,0.36,0.0,0.09,2.1,0.38,-0.05,0.0,0.83,0.03,0.19,0.15,0.05,3.22,0.01,0.05,0.24,0.36,0.61,0.26,0.43,,0.25,0.03,0.19,-0.07,0.0,0.14,0.14,0.07,0.03,0.0,0.08,0.03,0.27,0.01,0.39,0.07,0.08,0.0,0.0,0.5,0.04,0.15,0.54,-0.04,0.04,0.11,0.33,0.03,0.61,0.02,0.51,0.64,0.08,-0.1,0.06,0.13,0.4,0.0,0.34,-0.15,0.33,0.3,0.04,0.47,0.14,0.12,-0.01,3.41,0.11,0.02,0.23,0.07,0.02,0.04,0.01,0.04,-0.12,0.18,0.01,0.0,0.26
1981-01-01,0.0,-0.13,0.01,0.07,0.02,0.62,-0.02,0.02,0.02,1.45,-0.05,-0.02,-0.53,-1.03,0.03,-0.27,-0.65,-0.66,-0.38,0.18,0.15,0.01,0.02,0.27,0.28,0.12,-0.39,-0.12,-0.07,0.03,0.49,0.16,-0.05,2.59,0.11,-0.02,0.0,0.39,-0.01,0.2,0.15,-0.01,-1.28,0.01,0.06,-1.04,0.31,-0.72,0.23,-0.01,,-0.02,-0.74,0.08,-0.04,-0.02,0.02,0.03,0.12,0.55,0.12,0.15,0.11,1.85,0.0,-0.5,0.09,-0.62,-0.04,0.0,0.07,-0.01,1.72,1.14,-0.02,0.05,0.13,-0.02,-0.01,0.19,0.02,-0.67,0.19,0.13,-0.03,0.0,-0.02,0.05,-0.01,0.02,-0.15,0.26,0.14,-0.04,-0.27,0.04,0.08,0.01,-1.25,-0.01,-0.05,-0.29,0.03,0.01,0.03,0.0,0.02,-0.04,0.12,-0.01,0.0,0.34
1981-04-01,0.07,-0.01,0.03,0.07,0.0,0.12,0.01,0.1,0.1,-2.04,-0.02,0.01,0.92,0.75,-0.04,0.12,0.2,-0.08,0.08,0.59,0.56,0.01,0.0,-0.15,-0.08,-0.1,-0.05,-0.2,-0.12,0.1,0.09,-0.06,0.01,-1.46,0.33,-0.05,0.0,0.72,0.0,0.41,0.43,-0.07,1.53,-0.05,0.01,0.75,0.34,1.09,0.22,-0.28,,0.12,0.07,0.37,-0.02,-0.03,-0.13,0.13,-0.02,-0.01,-0.27,-0.13,-0.24,-2.01,-0.01,-0.16,-0.05,-0.02,-0.02,0.0,-0.24,0.06,-1.94,0.58,-0.03,-0.01,0.02,0.05,0.03,-0.06,0.02,-0.13,0.31,0.12,-0.06,-0.04,0.0,0.1,-0.01,-0.16,-0.06,-0.16,0.32,0.03,0.12,0.08,0.12,0.01,1.49,0.08,0.06,0.1,0.11,0.01,-0.05,0.06,-0.02,-0.3,-0.06,-0.01,0.0,0.11
1981-07-01,-0.05,-0.16,0.05,0.06,0.02,0.28,-0.01,-0.08,-0.03,1.53,-0.04,0.01,-0.57,-0.25,0.29,-0.18,0.11,-0.07,0.29,-0.12,-0.17,0.0,-0.01,-0.28,-0.33,0.13,-0.03,-0.21,-0.2,0.06,0.31,-0.04,0.05,1.82,0.18,-0.03,0.0,0.1,0.03,-0.08,-0.07,-0.06,-0.25,-0.03,0.03,-0.27,0.19,-0.08,0.08,-0.17,,0.02,0.0,-0.1,0.18,0.01,0.01,0.09,0.07,0.0,0.22,0.17,0.24,1.43,-0.01,0.32,0.08,0.12,0.0,0.0,-0.35,-0.08,1.35,0.29,-0.06,-0.01,-0.02,0.04,0.02,0.17,0.03,-0.16,0.18,0.06,-0.05,0.01,0.01,0.15,0.0,-0.09,-0.19,-0.28,0.24,0.04,0.27,0.03,0.12,-0.01,0.04,0.0,0.01,0.19,-0.07,0.01,-0.01,0.0,0.0,0.05,0.04,-0.02,0.0,0.21
1981-10-01,-0.03,0.05,0.13,0.04,0.01,-0.06,0.02,0.06,-0.06,-3.68,0.05,0.0,0.03,0.16,0.38,0.12,0.51,0.48,0.39,0.61,0.47,0.01,0.01,-0.13,-0.17,0.05,0.01,-0.47,-0.37,0.04,-0.02,-0.02,-0.02,-3.18,0.3,-0.03,0.0,-0.4,0.05,-0.25,-0.21,-0.06,0.09,-0.06,0.0,0.17,0.19,0.35,0.08,-0.03,,-0.13,-0.26,-0.09,0.02,-0.05,0.02,-0.08,-0.07,-0.03,-0.17,-0.17,-0.17,-2.71,-0.01,0.14,-0.05,-0.21,0.01,0.0,-0.04,-0.22,-2.32,0.5,-0.02,-0.04,-0.04,-0.19,-0.01,-0.03,0.01,-0.04,-0.15,0.02,-0.02,-0.02,0.0,-0.1,0.0,0.04,0.02,-0.14,0.02,0.02,-0.31,0.07,0.12,-0.01,0.47,0.1,-0.07,-0.19,0.06,0.0,0.0,-0.07,-0.03,-0.16,-0.06,0.0,0.0,0.04
1982-01-01,-0.06,0.06,0.01,0.05,0.05,0.25,-0.01,0.02,0.01,1.55,-0.07,-0.02,0.22,0.39,0.33,-0.02,0.36,0.63,0.38,-0.09,-0.09,-0.01,-0.01,0.04,-0.02,0.17,-0.02,-0.3,-0.16,0.02,0.22,0.26,0.02,1.8,0.27,-0.01,0.0,-0.27,-0.01,-0.04,0.03,-0.15,0.86,-0.05,-0.05,0.38,-0.01,0.37,-0.1,0.27,,-0.04,0.24,-0.06,0.13,0.0,-0.05,0.12,-0.03,0.27,-0.22,-0.01,-0.24,2.0,-0.01,0.17,0.07,0.41,-0.02,0.0,0.16,0.09,1.92,0.25,-0.05,-0.07,0.02,-0.03,-0.02,-0.16,-0.01,0.15,-0.23,-0.16,-0.15,-0.06,-0.01,-0.08,0.01,-0.03,0.05,0.04,0.18,-0.08,-0.13,0.03,0.09,0.0,1.18,0.03,0.02,-0.05,0.0,0.01,0.02,-0.1,-0.01,-0.19,-0.01,-0.01,0.0,0.21
1982-04-01,0.0,0.05,0.06,0.03,-0.02,-0.39,-0.01,0.13,0.02,0.18,-0.01,0.01,-0.18,-0.44,0.26,0.03,0.22,0.33,0.19,0.24,0.2,0.01,-0.02,0.42,0.42,0.17,-0.17,0.04,0.04,0.03,-0.23,0.04,0.02,-0.04,0.53,-0.03,0.0,0.29,0.01,0.28,0.27,-0.02,1.0,0.0,0.02,-0.44,-0.07,-0.51,-0.08,0.11,,0.16,0.13,0.27,0.06,0.01,0.03,0.0,-0.04,0.21,-0.02,0.1,-0.05,-0.24,0.0,-0.26,-0.01,0.3,0.02,0.0,0.03,-0.14,-0.2,-0.22,-0.01,0.01,-0.17,0.18,-0.03,-0.1,0.02,0.41,0.01,0.01,-0.07,-0.04,0.01,-0.01,0.01,-0.01,0.02,0.41,0.08,0.02,0.19,-0.09,0.01,0.0,1.26,0.06,-0.01,-0.02,0.12,0.0,0.0,-0.02,0.01,-0.03,0.19,0.0,0.0,-0.17
1982-07-01,0.01,0.0,-0.05,0.07,0.01,0.4,-0.03,0.11,0.02,0.39,-0.05,0.0,-0.13,-0.22,0.26,0.32,0.49,0.56,0.17,0.32,0.38,0.0,-0.01,0.28,0.28,0.01,-0.05,0.1,0.04,0.02,0.34,-0.35,0.06,0.93,0.27,0.03,0.0,0.21,-0.01,0.02,-0.01,-0.01,1.52,0.0,0.02,-0.22,0.21,-0.01,0.08,0.07,,-0.09,0.16,0.01,-0.07,0.02,0.01,0.02,0.12,-0.3,0.08,0.07,0.06,0.22,0.0,-0.09,0.1,0.17,-0.01,0.0,0.16,0.23,-0.08,0.53,-0.02,0.03,0.06,-0.02,-0.02,0.16,0.01,0.26,0.19,0.09,0.04,-0.01,-0.01,0.08,0.01,-0.05,0.03,0.27,0.12,0.02,0.09,0.1,0.13,0.0,1.78,0.05,-0.03,-0.07,0.1,0.0,0.05,-0.05,0.0,0.09,0.17,0.0,0.0,0.21
1982-10-01,0.01,0.08,0.06,0.1,0.02,0.41,0.06,0.14,0.01,2.23,0.06,-0.01,0.29,0.0,0.3,0.96,1.39,1.4,0.43,0.88,0.81,0.0,0.01,0.23,0.24,0.24,-0.04,0.29,0.17,0.03,0.36,-0.06,0.07,3.53,0.46,0.0,0.0,0.47,0.0,0.23,0.16,0.02,3.36,0.01,0.07,0.03,0.24,0.27,0.13,0.01,,0.05,0.07,0.16,-0.1,0.01,-0.07,0.01,0.07,-0.02,0.15,0.16,0.15,1.66,0.0,-0.28,0.01,0.32,-0.04,0.0,0.15,-0.07,1.58,1.29,0.0,0.07,0.06,0.07,0.0,0.07,-0.01,0.63,0.23,0.09,0.13,0.04,0.01,0.13,0.01,-0.06,0.08,0.23,0.13,-0.04,0.21,0.07,0.1,0.0,3.67,0.05,-0.04,0.08,0.12,0.0,0.02,-0.08,0.02,0.23,0.21,0.03,0.0,0.27
1983-01-01,-0.03,0.16,0.05,0.11,-0.01,0.18,0.02,0.01,0.01,0.49,0.05,0.01,-0.05,-0.17,0.33,-0.11,1.26,1.2,1.38,-0.18,-0.23,-0.05,0.0,0.27,0.25,-0.11,-0.1,0.31,0.27,0.04,0.14,0.43,-0.04,0.88,0.28,-0.02,-0.01,0.31,0.01,-0.01,-0.11,0.08,2.8,0.02,-0.06,-0.14,0.21,0.06,0.21,-0.06,,0.13,0.23,-0.05,-0.02,0.05,-0.02,0.09,0.0,0.53,0.17,0.03,0.16,-0.48,0.01,-0.12,-0.05,0.12,-0.06,0.0,0.03,-0.14,-0.37,0.39,0.02,0.11,0.04,0.2,-0.01,-0.03,0.01,0.41,0.32,0.15,0.24,0.02,0.12,0.16,0.01,-0.07,0.14,0.32,0.26,0.02,0.47,0.08,0.03,-0.02,3.13,0.05,0.03,-0.01,0.0,-0.01,0.02,-0.12,0.0,0.3,0.42,0.03,0.0,0.15
1983-04-01,0.08,-0.04,0.05,0.1,0.02,0.74,0.01,0.12,0.02,3.64,0.03,0.0,0.09,0.69,0.11,0.38,1.21,0.63,0.84,0.33,0.29,-0.02,0.0,-0.02,0.07,0.34,0.32,0.25,0.16,0.08,0.61,-0.07,-0.03,5.1,0.22,0.0,0.0,0.5,0.0,0.14,0.02,0.1,3.2,0.0,0.13,0.72,0.12,0.84,0.08,-0.58,,0.11,0.0,0.11,-0.08,0.04,0.05,0.13,0.19,-0.39,0.15,0.17,0.16,2.76,0.01,0.6,0.0,0.33,-0.05,0.0,-0.46,0.09,2.51,1.46,0.02,0.12,0.13,0.13,0.01,0.46,0.02,0.71,0.36,0.23,0.18,0.1,0.06,0.1,0.01,-0.03,-0.04,0.0,0.33,0.01,0.49,0.14,0.03,0.01,3.3,0.06,0.03,-0.03,0.11,-0.01,-0.02,-0.02,0.02,0.12,0.47,0.02,0.0,0.4
1983-07-01,0.06,0.05,0.06,0.11,0.0,0.28,0.01,-0.06,0.02,2.0,0.02,0.03,1.1,0.53,0.33,-0.34,0.16,0.7,0.5,0.63,0.56,-0.01,0.01,0.29,0.36,0.21,-0.01,0.54,0.4,0.06,0.21,0.4,0.01,3.84,0.11,0.01,0.0,0.11,0.0,-0.24,-0.37,0.09,3.2,0.06,0.15,0.55,0.69,1.24,0.5,0.54,,0.0,-0.23,-0.22,-0.02,0.02,0.06,0.05,0.12,0.41,0.23,0.12,0.28,0.79,0.01,-0.57,0.07,-0.02,-0.02,0.0,0.58,0.24,0.42,1.84,0.01,0.13,0.07,0.17,0.05,0.53,0.03,0.2,0.35,0.19,0.12,0.1,0.12,0.14,0.01,0.0,0.07,0.31,0.25,0.07,0.51,0.07,0.19,0.01,3.53,0.07,0.08,-0.03,-0.08,0.0,0.12,-0.05,0.03,0.35,0.38,0.02,0.0,0.09
1983-10-01,0.06,0.1,0.04,0.1,0.02,0.83,0.04,0.1,0.01,2.6,0.03,0.0,-0.49,0.09,0.39,0.05,0.2,-0.1,0.15,0.16,0.12,-0.02,0.0,-0.07,-0.01,-0.02,-0.01,0.41,0.28,0.03,0.72,0.19,0.08,4.07,0.36,-0.05,0.0,0.17,0.0,-0.04,-0.16,0.04,2.06,0.11,0.09,0.13,0.7,0.82,0.49,-0.3,,0.12,0.26,-0.03,0.01,0.04,0.08,0.03,0.16,0.19,0.23,0.13,0.31,1.47,0.0,0.58,-0.03,0.24,0.01,0.0,-0.32,0.13,1.22,1.47,-0.01,0.11,0.12,0.16,0.08,0.29,0.01,0.64,0.21,0.07,0.06,0.06,0.01,0.13,0.03,0.06,0.06,-0.06,0.17,-0.03,0.56,0.09,0.21,0.0,2.46,0.05,0.06,0.3,0.07,0.0,0.0,-0.03,0.01,0.37,0.23,0.04,0.0,0.53
1984-01-01,0.06,0.08,-0.15,0.04,0.02,0.35,0.0,0.08,-0.01,2.03,-0.02,0.01,-0.36,-0.57,0.16,0.19,-0.48,-0.52,-0.67,-0.31,-0.16,-0.01,-0.01,0.37,0.43,0.85,-0.02,0.32,0.26,0.06,0.31,-0.13,-0.03,2.33,0.24,0.04,0.0,0.28,-0.02,0.07,0.04,0.06,0.86,0.11,0.12,-0.52,0.44,-0.08,0.35,-0.03,,0.11,-0.78,0.08,0.08,0.01,0.05,0.0,0.07,-0.11,0.21,0.13,0.28,1.02,0.0,-0.21,-0.03,0.07,0.03,0.0,-0.15,0.25,0.65,0.31,0.0,0.03,0.04,0.14,0.07,0.4,0.03,0.22,0.21,0.13,-0.08,0.08,0.08,0.09,0.02,0.02,0.12,0.37,0.14,0.05,0.54,0.09,0.09,-0.01,1.03,0.03,0.09,0.2,0.06,-0.01,0.02,0.0,0.03,0.4,0.2,0.05,0.0,0.22
1984-04-01,-0.03,0.15,0.03,0.05,0.04,0.76,0.01,0.0,0.01,1.29,0.01,0.02,0.4,0.52,0.3,-0.07,-0.19,0.11,-0.12,0.88,0.85,-0.01,0.0,-0.1,-0.13,0.28,-0.06,0.42,0.2,0.0,0.76,0.28,0.1,3.87,0.3,0.01,0.0,0.01,0.0,-0.1,-0.12,0.08,1.55,0.08,0.13,0.56,0.43,0.99,0.32,0.3,,0.11,-0.39,0.0,-0.03,0.03,0.08,0.05,0.23,0.34,0.12,-0.04,0.2,0.39,0.0,0.13,0.06,-0.11,0.04,0.0,0.28,0.26,0.17,2.58,0.0,0.01,0.0,0.24,0.08,0.65,0.02,0.09,0.11,0.03,-0.04,0.11,0.06,0.07,0.01,0.09,0.16,-0.08,0.11,0.04,0.25,0.15,0.11,0.0,1.85,0.08,0.06,0.03,-0.01,0.0,0.07,0.06,0.04,0.37,0.12,0.04,0.0,0.49
1984-07-01,0.08,0.02,0.05,0.06,-0.02,-0.33,0.0,-0.11,0.01,0.02,-0.01,-0.01,-0.26,-0.4,0.28,0.18,0.19,0.44,0.01,0.18,0.13,-0.01,0.0,0.37,0.44,0.42,-0.01,0.1,0.01,0.06,-0.32,0.12,0.03,0.12,0.26,-0.02,0.0,0.19,-0.01,-0.1,-0.09,0.06,2.6,0.06,0.0,-0.36,0.74,0.38,0.46,0.25,,0.1,0.14,-0.02,-0.03,0.01,0.03,0.04,-0.12,0.13,0.22,-0.06,0.29,-0.36,0.0,-0.14,0.02,0.56,0.07,0.0,0.2,0.39,-0.69,0.1,0.01,0.0,-0.01,0.09,0.07,0.13,0.02,0.68,0.29,0.15,0.02,0.0,0.01,0.13,0.02,0.07,0.01,0.38,0.18,-0.03,0.2,0.1,0.28,0.0,2.88,0.09,0.01,0.01,-0.13,-0.01,-0.01,-0.02,0.0,0.3,0.21,0.04,0.0,-0.18
1984-10-01,0.13,0.1,0.01,0.06,0.01,0.42,0.02,0.1,0.02,1.79,0.04,0.0,0.34,0.04,0.36,0.08,0.23,0.07,0.15,0.17,0.17,-0.01,0.0,-0.13,-0.01,0.14,0.02,0.23,0.12,0.06,0.34,0.14,0.05,2.69,0.42,0.0,0.0,0.2,0.0,-0.07,-0.11,0.07,2.23,0.02,0.05,0.08,0.71,0.79,0.38,-0.16,,0.07,-0.07,0.06,-0.03,0.03,0.01,0.04,0.16,0.13,0.24,0.04,0.29,0.91,0.01,-0.3,-0.02,0.07,0.09,0.0,-0.21,-0.29,1.16,0.91,0.03,0.04,0.07,0.22,0.06,0.18,0.01,0.6,0.27,0.1,0.08,0.07,0.07,0.15,0.0,0.15,0.1,-0.12,0.18,-0.01,0.42,-0.01,0.33,0.0,2.59,0.14,0.08,0.05,0.09,0.0,0.11,0.01,0.0,0.39,0.3,0.04,0.0,0.18
1985-01-01,-0.03,-0.04,0.09,0.12,0.0,0.19,0.03,0.07,0.04,1.95,0.01,0.01,0.22,0.86,-0.08,0.19,1.06,1.45,0.86,0.19,0.11,-0.02,-0.01,0.1,0.07,0.01,0.07,0.07,0.06,0.06,0.14,0.02,-0.04,2.68,0.09,0.02,0.0,0.36,-0.01,0.15,0.13,0.09,4.37,-0.01,0.0,0.91,0.41,1.32,0.15,0.39,,0.02,0.12,0.17,0.12,0.01,-0.01,0.03,0.04,-0.06,0.4,0.02,0.44,1.48,0.01,0.64,0.09,0.13,0.12,0.0,0.15,0.43,1.02,0.73,0.0,0.02,0.05,0.02,0.04,0.33,0.01,0.52,0.22,0.01,0.07,0.06,0.04,0.17,0.0,0.15,-0.02,0.11,0.22,-0.01,0.39,0.19,0.29,-0.02,4.29,0.1,0.02,0.15,0.07,-0.01,-0.01,-0.04,-0.03,0.43,0.22,0.05,0.0,0.11
1985-04-01,0.06,0.06,0.06,0.08,0.01,0.31,0.03,0.27,0.03,0.67,0.03,-0.01,-0.29,-0.96,0.15,0.25,0.55,0.51,0.3,0.5,0.43,-0.01,0.01,0.19,0.26,0.28,-0.03,0.13,0.07,0.05,0.2,0.08,-0.01,1.56,0.2,0.02,0.0,0.34,0.0,0.05,-0.04,0.05,2.01,-0.02,0.03,-0.93,0.6,-0.32,0.28,-0.04,,0.0,-0.1,0.05,0.06,0.02,-0.05,0.08,0.02,0.12,0.22,0.1,0.26,0.34,0.0,-0.67,-0.02,0.18,0.08,0.0,-0.18,0.1,0.13,0.89,-0.01,0.09,0.11,0.04,0.04,0.0,0.01,0.67,0.29,0.15,0.06,0.03,-0.01,0.11,-0.02,0.07,0.08,0.21,0.21,-0.04,0.16,-0.01,0.31,0.02,2.17,0.08,0.04,-0.03,0.29,0.0,0.04,0.04,0.02,0.34,0.19,0.03,0.0,0.17
1985-07-01,-0.02,-0.02,0.14,0.08,0.02,0.29,0.06,0.29,0.03,3.63,0.05,0.01,0.07,0.39,0.1,0.01,0.2,0.6,0.19,0.51,0.36,-0.02,0.01,-0.12,-0.14,-0.15,0.03,0.37,0.27,0.03,0.31,0.06,0.02,4.58,0.45,-0.03,0.0,0.68,0.01,0.4,0.34,0.06,3.14,0.01,0.08,0.44,0.68,1.12,0.35,0.4,,0.12,0.12,0.35,0.06,0.04,0.02,0.05,0.04,0.03,0.16,0.02,0.19,2.91,0.0,0.32,-0.11,-0.04,0.07,0.0,0.26,0.21,2.67,0.95,-0.02,0.07,-0.01,0.2,0.03,0.09,0.02,0.56,0.28,0.13,0.07,0.04,0.07,0.12,0.02,0.05,-0.04,-0.11,0.16,0.02,0.15,0.03,0.33,0.01,3.24,0.12,0.0,-0.13,0.28,0.0,0.03,-0.05,0.01,0.15,0.25,0.05,0.0,0.25
1985-10-01,-0.04,0.09,-0.05,0.06,0.0,0.28,-0.04,0.06,0.02,-1.97,-0.01,0.01,0.2,0.36,0.01,0.27,0.31,0.03,0.04,0.48,0.54,-0.02,-0.01,-0.03,-0.08,-0.39,-0.06,0.28,0.1,0.07,0.22,-0.03,0.02,-0.99,0.38,-0.01,0.0,0.58,0.0,0.37,0.32,0.14,1.85,0.02,0.06,0.41,0.61,1.02,0.37,-0.28,,0.11,-0.01,0.38,-0.02,0.02,0.0,0.06,0.1,0.04,0.07,0.02,0.08,-2.87,0.01,0.16,0.02,-0.4,0.05,0.0,-0.31,-0.09,-2.8,0.98,0.02,0.06,0.06,0.16,0.01,0.24,0.02,-0.06,0.21,0.09,0.07,0.06,0.07,0.11,0.01,0.09,0.08,-0.01,0.21,0.04,0.45,0.02,0.24,0.0,1.86,0.11,0.07,-0.12,0.05,0.0,0.02,0.0,0.02,0.16,0.45,0.05,0.0,0.13
1986-01-01,0.17,0.21,0.1,0.05,-0.01,0.56,0.03,-0.02,0.0,1.14,0.02,-0.02,-0.18,-0.58,0.38,0.39,0.2,0.22,-0.19,0.43,0.32,-0.02,0.01,0.3,0.47,0.05,0.02,0.33,0.29,0.0,0.44,0.32,0.01,2.55,0.49,-0.03,0.0,0.23,0.01,0.16,0.06,0.01,0.61,0.03,0.09,-0.55,0.21,-0.34,0.11,0.01,,0.07,-0.43,0.11,-0.19,0.04,0.05,0.0,0.08,0.31,-0.02,-0.08,-0.02,0.38,0.0,-0.4,-0.07,-0.37,0.01,0.0,0.2,0.01,0.45,1.4,-0.02,0.1,0.12,0.13,0.0,0.09,0.01,-0.19,0.07,0.08,0.04,0.02,0.01,-0.01,0.01,0.02,0.18,0.31,0.06,-0.05,0.31,0.09,0.09,0.01,1.0,0.09,0.0,0.22,-0.03,0.0,0.04,-0.1,0.02,0.16,0.15,0.03,0.0,0.37
1986-04-01,-0.14,0.08,-0.02,0.05,0.0,0.72,0.03,0.01,0.0,1.99,0.01,0.01,0.13,0.18,0.47,0.17,0.23,0.17,0.06,-0.18,-0.16,-0.02,0.0,0.4,0.27,-0.48,0.11,0.19,0.1,0.06,0.6,0.31,0.03,2.98,0.47,-0.02,0.0,0.05,0.0,-0.06,-0.07,0.04,0.98,0.05,0.08,0.22,0.34,0.56,0.27,-0.06,,0.06,0.09,0.0,-0.11,0.02,-0.01,-0.07,0.18,0.2,-0.02,0.04,-0.04,1.32,0.01,0.05,-0.04,-0.39,0.02,0.0,0.02,0.02,1.26,0.99,-0.01,0.01,0.12,0.11,-0.01,0.13,0.01,-0.14,0.11,0.08,0.06,0.04,0.08,0.02,0.02,0.05,0.06,0.42,0.05,0.0,0.36,-0.03,0.08,0.0,1.45,0.06,0.07,-0.14,-0.01,0.0,0.03,0.02,0.02,0.03,0.43,0.04,0.0,0.42
1986-07-01,0.02,0.18,-0.01,0.07,0.04,0.11,0.0,0.13,0.02,4.97,-0.01,0.03,-0.03,0.05,0.15,-0.02,0.11,0.13,0.13,-0.35,-0.33,-0.02,-0.02,0.09,0.1,0.39,0.1,0.4,0.33,0.0,0.09,0.19,-0.02,5.23,0.12,-0.02,0.0,0.32,0.0,-0.01,-0.04,0.06,1.89,0.03,0.03,0.11,0.52,0.63,0.41,0.02,,0.08,-0.27,-0.03,-0.07,0.01,0.06,0.02,0.02,0.09,0.04,0.06,0.04,3.57,0.01,0.08,-0.08,0.12,0.05,0.0,0.03,0.27,3.23,0.25,-0.01,0.02,0.02,0.17,0.0,0.31,0.03,0.39,0.34,0.15,0.07,0.09,0.08,0.17,0.03,0.03,0.16,0.1,0.12,0.06,0.83,0.16,0.13,-0.02,2.04,0.03,0.07,0.21,0.1,0.0,0.06,-0.04,0.02,0.2,0.48,0.06,0.0,0.03
1986-10-01,0.01,0.0,-0.03,0.07,0.0,0.02,0.0,0.01,0.03,-0.95,0.01,0.01,0.24,0.19,0.1,0.16,0.33,0.43,0.17,0.33,0.37,-0.02,0.0,0.34,0.35,0.11,-0.04,0.12,0.09,0.09,0.0,0.15,0.03,-0.09,0.23,-0.02,0.0,0.46,-0.01,0.13,0.11,0.02,2.46,0.0,0.06,0.21,0.4,0.62,0.35,0.1,,0.56,-0.02,0.13,0.0,0.01,0.03,0.07,-0.03,0.19,0.07,-0.04,0.07,-2.44,0.0,-0.05,0.05,0.08,0.07,0.0,0.03,0.0,-2.4,0.87,0.02,0.03,0.03,0.65,-0.01,0.37,0.02,0.31,0.33,0.05,0.08,0.06,0.08,0.24,0.02,0.08,-0.02,0.35,0.25,0.03,0.71,0.03,0.08,-0.02,2.56,0.04,0.04,0.39,-0.01,0.0,0.06,0.06,-0.01,0.04,0.26,0.02,0.0,0.03
1987-01-01,0.16,0.0,-0.05,0.05,0.02,0.36,0.01,0.25,0.04,-3.54,0.03,0.02,-0.05,-0.15,0.1,0.73,1.08,1.1,0.34,-0.26,-0.2,-0.02,-0.01,0.33,0.49,0.58,-0.07,0.11,0.18,0.01,0.24,-0.17,-0.09,-3.39,0.33,0.0,0.0,0.55,0.03,-0.13,0.09,-0.01,3.67,-0.01,-0.02,-0.12,0.25,0.13,0.21,0.03,,-0.46,0.09,0.23,-0.08,0.02,0.06,-0.03,0.14,-0.11,0.13,-0.1,0.15,-3.21,0.0,-0.1,-0.05,0.68,0.07,0.01,0.03,-0.48,-2.63,0.15,-0.01,-0.22,0.12,-0.36,0.02,0.22,0.04,1.19,0.67,0.32,0.05,0.06,0.05,0.31,0.01,-0.03,0.0,0.35,0.07,0.06,-0.07,0.09,0.01,0.02,3.77,0.23,0.1,-0.27,0.24,0.0,0.05,0.02,0.04,0.15,0.04,0.03,0.0,0.07
1987-04-01,0.03,0.06,-0.01,0.03,-0.01,0.1,0.05,0.18,0.04,2.33,0.06,-0.01,0.48,0.52,0.11,-0.11,0.05,-0.06,0.16,-0.05,-0.03,-0.01,-0.01,0.3,0.33,0.19,0.03,0.09,0.08,0.02,0.14,0.34,0.04,3.17,0.41,0.0,0.0,0.58,0.0,0.29,0.16,-0.04,2.29,-0.03,0.01,0.54,0.16,0.7,0.16,-0.11,0.0,0.01,-0.16,0.3,-0.22,0.02,0.1,0.01,0.07,0.31,0.15,0.09,0.16,1.85,0.0,0.04,-0.01,0.04,0.07,0.01,0.03,0.23,1.53,0.84,0.02,0.12,-0.04,0.03,0.01,0.46,0.02,0.43,0.29,-0.05,0.06,0.06,0.08,0.3,0.0,0.09,0.06,0.31,0.08,0.01,0.36,0.19,0.0,0.0,2.4,0.03,0.07,0.15,0.18,0.0,0.01,0.03,0.01,0.22,0.14,0.03,0.0,0.08
1987-07-01,0.0,-0.04,-0.01,0.07,0.04,0.34,0.05,0.22,0.02,2.4,0.06,-0.01,-0.22,-0.06,0.18,-0.04,-0.01,-0.06,0.03,0.01,0.03,-0.01,0.0,0.11,0.11,0.0,-0.1,0.18,0.11,-0.02,0.29,-0.31,0.0,2.5,0.45,0.02,0.0,0.66,0.0,0.25,0.12,0.06,1.96,0.0,0.01,-0.02,0.67,0.64,0.58,-0.05,0.0,-0.07,-0.17,0.26,-0.13,0.01,0.03,0.05,0.1,-0.2,0.17,0.1,0.16,2.0,0.01,0.16,-0.02,-0.17,0.05,0.01,0.02,0.53,1.37,0.1,0.01,0.13,0.05,-0.08,0.0,0.06,0.02,0.34,0.41,0.11,0.1,0.02,0.02,0.27,0.01,0.07,-0.02,0.12,0.13,-0.01,0.31,0.05,0.09,0.0,2.14,0.05,0.09,-0.12,0.21,0.0,-0.01,-0.07,0.0,0.14,0.34,0.03,0.0,0.15
1987-10-01,0.15,-0.04,0.03,0.09,-0.05,-0.17,-0.01,0.04,0.0,-1.59,-0.01,0.0,-0.07,-0.05,0.12,0.03,-0.17,-0.07,-0.2,0.0,-0.04,0.0,0.0,0.54,0.68,0.18,0.02,0.03,-0.02,0.07,-0.18,0.18,-0.02,-1.47,0.26,0.01,0.0,0.37,0.0,0.13,0.05,0.06,2.19,0.02,0.01,-0.05,0.66,0.61,0.59,0.1,0.0,0.09,-0.13,0.14,0.03,-0.02,0.0,0.03,0.04,0.16,0.13,0.02,0.1,-1.63,0.0,0.02,0.07,0.05,0.05,0.01,0.02,0.3,-1.95,0.12,0.0,0.08,0.01,0.08,-0.03,0.12,0.02,0.31,0.25,0.1,0.09,0.04,-0.01,0.15,0.04,0.16,-0.02,0.54,0.21,0.02,-0.07,0.04,0.07,0.0,2.31,-0.04,-0.01,-0.17,0.0,0.0,0.01,-0.02,0.02,0.08,0.09,-0.01,0.0,-0.17
1988-01-01,-0.05,0.01,-0.01,0.09,0.04,0.3,0.08,0.14,-0.02,2.75,0.08,0.02,0.34,0.49,0.41,-0.31,-0.09,0.33,0.22,0.64,0.65,0.01,0.0,0.08,0.03,0.01,0.08,0.15,0.06,0.1,0.31,0.12,0.08,3.91,0.58,0.04,0.0,0.58,0.0,0.16,0.08,0.0,2.94,0.02,0.12,0.51,0.33,0.84,0.27,0.42,0.0,0.03,-0.11,0.17,0.34,-0.03,0.15,0.12,0.06,0.04,0.13,0.15,0.19,1.99,0.0,0.14,-0.08,-0.1,0.05,0.01,0.02,-0.12,1.95,1.16,-0.01,0.08,-0.01,0.15,0.06,0.1,0.03,0.58,0.42,0.19,0.21,0.01,0.12,0.25,-0.01,0.2,0.05,0.07,0.34,0.05,0.46,-0.01,0.05,0.0,3.35,0.04,0.05,0.06,0.15,0.0,0.13,-0.22,0.01,0.25,0.31,0.02,0.0,0.21
1988-04-01,0.07,0.06,0.06,0.11,0.0,-0.13,0.04,-0.09,-0.02,0.03,0.05,0.0,-0.04,-0.09,0.29,-0.03,-0.13,0.07,-0.1,0.51,0.45,0.0,0.0,0.55,0.61,-0.16,-0.02,0.16,0.04,0.08,-0.14,0.17,0.04,0.86,0.41,0.06,0.0,0.38,0.02,0.12,0.02,0.04,1.84,-0.01,0.06,-0.08,0.38,0.3,0.32,0.2,0.0,0.03,-0.08,0.12,0.16,-0.01,0.02,0.15,0.03,0.2,0.09,0.02,0.11,-0.55,0.01,-0.05,-0.06,-0.24,0.03,0.0,0.01,-0.1,-0.47,0.83,0.0,0.1,0.01,0.04,0.03,0.27,0.02,-0.12,0.26,0.11,0.07,0.05,0.12,0.16,-0.05,0.07,0.12,0.54,0.36,0.01,0.37,0.13,0.06,0.0,2.13,0.02,0.06,0.04,-0.03,0.0,0.02,-0.05,0.04,0.23,0.25,0.01,0.0,-0.17
1988-07-01,0.01,0.03,-0.03,0.1,0.02,0.48,0.08,0.24,-0.01,-0.74,0.14,-0.01,0.25,0.23,0.32,0.02,0.21,0.38,0.19,0.08,0.1,0.0,0.0,0.66,0.67,0.16,0.04,0.06,-0.01,0.08,0.42,0.0,0.05,-0.01,0.56,0.01,0.0,0.48,0.05,0.14,0.1,0.01,3.3,0.05,0.06,0.27,0.52,0.79,0.47,0.17,0.0,-0.03,-0.37,0.24,0.14,-0.03,0.04,0.11,0.11,-0.04,0.17,0.0,0.19,-0.96,0.0,-0.02,-0.01,-0.2,0.02,0.0,0.01,-0.27,-0.69,0.72,0.01,0.04,0.07,0.01,0.02,0.16,0.02,0.44,0.34,0.22,0.08,0.04,0.04,0.13,0.0,0.12,0.04,0.66,0.31,-0.02,0.16,0.07,0.05,0.0,3.61,0.01,0.02,0.07,0.24,0.0,0.08,-0.09,0.02,0.23,0.09,0.04,0.0,0.28
1988-10-01,-0.03,0.05,0.03,0.06,0.03,0.49,0.01,0.05,0.0,1.47,0.05,0.01,-0.2,-0.05,0.24,0.12,-0.02,0.11,-0.15,0.18,0.15,0.0,0.0,0.41,0.38,0.03,0.0,0.33,0.22,0.04,0.47,0.14,0.02,2.57,0.21,0.01,0.0,0.15,0.01,-0.14,-0.18,0.05,1.82,0.04,0.08,-0.04,0.53,0.48,0.49,0.14,0.0,0.03,-0.12,-0.03,0.12,-0.01,0.04,0.09,0.11,0.14,0.14,-0.01,0.16,0.66,0.0,0.15,-0.03,-0.09,0.02,0.0,0.0,0.09,0.58,1.1,0.02,0.04,0.02,0.1,0.02,0.29,0.03,0.25,0.29,0.24,0.06,-0.01,0.08,0.05,-0.02,0.07,0.06,0.41,0.23,0.03,0.38,0.12,0.03,0.0,2.06,0.06,0.0,0.14,0.06,0.0,0.06,0.01,0.03,0.22,0.22,0.01,0.0,0.33
1989-01-01,0.04,-0.07,0.06,0.08,-0.04,0.07,0.0,0.12,0.01,-0.24,0.06,-0.01,0.13,0.14,0.08,0.13,0.63,0.77,0.5,0.17,0.12,0.0,-0.01,-0.16,-0.11,-0.02,-0.11,0.24,0.19,0.0,0.04,0.02,0.02,0.23,0.13,0.0,0.0,0.12,0.02,0.06,-0.01,0.03,1.56,0.07,-0.04,0.18,0.24,0.42,0.28,0.14,0.0,-0.02,-0.24,0.05,0.16,0.02,0.04,0.1,0.01,0.13,0.01,-0.05,0.04,-0.02,0.0,0.01,0.1,-0.26,-0.01,0.0,-0.01,0.05,-0.01,0.47,0.04,0.07,0.03,-0.11,0.03,0.21,0.01,0.2,0.06,0.09,0.04,0.02,0.15,-0.03,0.02,0.03,-0.07,-0.16,0.19,-0.01,-0.36,-0.04,-0.04,0.0,1.64,0.15,0.04,-0.32,0.1,0.0,-0.1,-0.01,0.01,-0.03,-0.06,0.04,0.0,0.07
1989-04-01,0.02,0.01,0.03,0.03,0.01,0.28,0.02,0.12,0.01,0.75,0.07,0.01,-0.11,-0.27,0.39,0.2,0.25,0.3,0.05,-0.24,-0.27,0.0,0.0,-0.09,-0.06,-0.07,0.04,0.21,0.03,-0.02,0.12,-0.07,0.04,0.91,0.31,0.01,0.0,-0.17,0.02,-0.21,-0.18,0.08,0.59,0.05,-0.02,-0.24,0.32,0.08,0.28,0.05,0.0,-0.02,-0.01,-0.08,0.05,0.02,0.03,0.09,0.13,-0.11,-0.01,0.0,0.0,0.07,-0.01,-0.15,0.0,-0.08,0.0,0.0,0.0,0.25,-0.19,0.16,0.03,-0.03,0.16,0.08,0.01,0.19,0.02,0.32,0.04,0.07,0.02,0.04,-0.04,-0.04,0.0,0.02,0.01,-0.09,0.11,0.03,0.4,0.17,0.03,0.0,0.97,0.12,0.06,0.13,0.12,0.0,0.06,0.02,0.05,0.01,0.17,0.03,0.0,-0.02
1989-07-01,0.02,0.07,-0.01,0.01,0.04,0.48,0.02,0.11,0.02,1.27,0.06,-0.01,-0.04,0.11,0.39,0.03,0.03,0.09,0.01,0.29,0.3,0.0,0.0,0.22,0.25,0.14,-0.02,-0.06,-0.06,0.01,0.45,-0.03,0.02,2.33,0.36,0.01,0.0,0.01,0.02,-0.1,-0.17,-0.03,1.21,0.04,0.03,0.13,0.33,0.45,0.26,0.06,0.0,-0.04,-0.25,-0.03,0.04,0.06,0.01,0.06,0.07,-0.01,-0.05,0.1,-0.05,1.07,0.01,0.14,-0.07,-0.11,0.02,0.0,0.01,-0.16,1.13,1.06,0.01,0.07,0.03,0.04,0.0,0.32,0.01,0.27,0.11,0.04,0.05,0.07,0.14,0.05,0.0,0.03,0.08,0.22,0.1,-0.02,0.22,0.17,0.07,0.0,1.6,0.1,0.07,0.12,0.11,0.0,0.03,-0.03,0.01,0.03,0.04,0.02,0.0,0.34
1989-10-01,0.01,0.03,0.01,0.0,0.01,0.08,0.02,0.17,0.02,-1.7,0.03,0.0,0.5,0.75,0.35,0.18,0.0,0.06,-0.18,0.37,0.37,0.0,-0.01,0.08,0.1,0.06,0.14,0.04,-0.03,0.01,0.08,0.36,0.03,-0.52,0.47,0.01,0.0,0.48,0.02,0.13,0.03,0.04,1.92,0.01,0.05,0.76,0.43,1.18,0.31,0.05,0.0,0.07,-0.3,0.12,0.02,0.03,0.04,-0.02,0.03,0.22,-0.06,0.05,-0.07,-1.91,0.0,0.25,0.03,-0.24,0.03,0.0,0.01,0.48,-2.44,1.18,0.0,0.1,0.0,0.14,-0.01,0.36,0.03,0.11,0.35,0.21,0.05,0.04,0.11,0.12,0.0,0.07,0.04,0.08,0.02,0.02,0.03,0.07,0.11,0.0,2.27,0.02,0.02,-0.04,0.17,0.0,0.04,0.02,0.0,-0.03,0.03,0.01,0.0,0.05
1990-01-01,0.06,0.01,0.09,0.05,-0.04,-0.18,0.01,-0.02,-0.01,2.27,0.04,0.0,-0.62,-1.29,0.2,-0.05,0.05,0.08,0.1,0.05,-0.04,0.0,0.0,0.56,0.62,0.24,-0.31,0.18,0.09,0.11,-0.19,-0.37,0.06,2.14,0.46,0.01,0.0,0.64,0.02,0.24,0.13,0.0,1.06,0.02,0.04,-1.29,0.49,-0.81,0.27,0.04,0.0,-0.05,-0.16,0.26,-0.04,-0.09,0.07,0.07,0.04,-0.06,0.03,0.09,0.01,1.93,0.01,-0.67,0.02,0.08,0.04,0.0,0.03,0.01,1.83,-0.13,0.01,0.12,0.02,0.05,-0.02,0.37,0.01,0.26,0.4,0.26,0.09,0.07,0.11,0.15,0.0,0.08,0.02,0.56,0.24,0.0,0.11,0.15,0.21,0.0,1.27,-0.03,0.05,-0.1,-0.02,0.01,0.19,-0.09,0.02,0.03,0.16,-0.01,0.0,-0.2
1990-04-01,-0.01,-0.05,0.08,0.06,-0.03,-0.32,-0.01,0.09,0.0,-1.81,0.01,0.0,0.38,0.65,0.55,0.03,-0.09,0.03,-0.12,0.63,0.56,0.0,-0.01,0.24,0.23,0.0,0.15,-0.37,-0.27,0.02,-0.27,-0.06,-0.07,-1.7,0.73,-0.01,0.0,0.63,0.01,0.08,-0.08,-0.03,2.37,0.05,0.0,0.65,0.36,1.01,0.24,0.12,0.0,-0.07,-0.06,0.18,0.08,-0.07,0.0,0.12,-0.07,-0.21,0.01,-0.02,0.1,-1.18,0.0,0.27,-0.01,-0.06,0.03,0.0,0.01,-0.04,-1.11,0.11,0.0,0.16,-0.05,-0.21,0.09,-0.14,0.02,0.23,0.55,0.42,0.07,-0.07,0.04,0.13,0.0,0.03,-0.06,0.24,0.22,0.01,-0.07,-0.07,0.12,0.0,2.93,0.04,-0.07,-0.07,0.09,0.0,-0.07,-0.04,0.0,0.04,0.08,0.0,0.0,-0.17
1990-07-01,-0.03,-0.01,0.1,0.02,0.0,-0.05,-0.01,0.15,-0.01,-0.53,0.02,0.0,0.15,0.17,0.58,-0.04,0.02,0.16,0.06,0.03,-0.07,0.0,0.0,0.22,0.19,-0.2,0.05,-0.18,-0.15,0.0,-0.07,0.11,-0.01,-0.36,0.71,0.05,0.0,0.49,0.02,-0.01,-0.11,-0.03,1.38,-0.03,0.04,0.17,0.35,0.52,0.25,0.14,0.0,0.06,0.1,0.13,0.12,-0.02,0.04,0.02,-0.01,0.06,-0.12,-0.01,-0.09,-0.35,0.0,0.02,-0.1,-0.1,0.03,0.0,0.0,0.06,-0.4,0.16,0.01,0.1,0.02,0.02,0.02,0.07,0.01,0.03,0.5,0.39,-0.03,0.05,0.11,0.12,0.0,0.0,0.04,0.22,0.05,0.0,-0.02,0.0,0.1,0.0,1.96,0.01,-0.01,-0.02,0.15,0.0,-0.01,-0.07,0.01,-0.05,0.0,-0.01,0.0,-0.05
1990-10-01,0.0,0.0,0.05,-0.02,0.0,-0.25,0.0,-0.1,-0.02,-1.39,-0.01,0.0,-0.09,-0.1,0.23,0.02,0.07,0.22,0.05,-0.24,-0.29,0.0,0.0,-0.38,-0.38,-0.13,-0.33,-0.14,-0.14,0.05,-0.2,-0.49,0.03,-2.45,0.12,0.07,0.0,0.13,0.01,-0.21,-0.27,-0.01,-0.79,-0.05,-0.05,-0.11,0.24,0.12,0.19,0.15,0.0,-0.08,-0.36,-0.11,0.13,0.03,0.03,0.02,-0.05,-0.16,-0.2,-0.08,-0.2,-1.17,0.0,-0.01,-0.01,-0.49,0.02,0.0,-0.01,0.0,-1.09,-1.05,-0.02,0.06,-0.04,-0.06,0.0,-0.08,0.02,-0.82,0.34,0.28,-0.1,-0.02,0.02,0.08,-0.01,-0.05,0.07,-0.38,0.07,0.0,-0.02,0.0,0.04,0.0,-0.56,-0.02,0.01,-0.06,-0.1,0.0,0.0,-0.04,-0.02,-0.13,0.02,-0.01,0.0,-0.15
1991-01-01,-0.08,-0.08,-0.35,-0.08,0.01,0.22,-0.01,-0.04,-0.05,-1.36,-0.04,0.0,-0.09,-0.18,0.15,0.26,0.54,1.0,0.28,-0.1,0.26,0.0,0.0,-0.14,-0.22,-0.55,0.11,0.0,0.01,-0.1,0.23,-0.01,0.0,-1.32,0.06,-0.04,0.0,-0.04,0.0,0.01,0.06,0.0,-0.32,-0.14,-0.01,-0.2,0.24,0.05,0.28,0.47,0.0,-0.04,0.61,-0.09,0.5,0.02,-0.07,-0.05,0.07,-0.13,-0.37,-0.05,-0.31,-1.44,0.0,-0.09,0.09,0.06,0.0,0.0,-0.03,0.25,-1.64,0.04,-0.03,-0.04,-0.01,-0.06,0.06,-0.07,-0.01,-0.45,-0.05,-0.02,-0.19,-0.01,0.04,0.02,-0.04,-0.12,-0.12,-0.14,-0.24,-0.01,0.14,0.12,-0.04,0.0,-0.17,0.03,-0.04,0.09,0.0,0.0,-0.05,-0.23,0.0,-0.43,0.1,-0.02,0.0,0.15
1991-04-01,0.12,0.08,-0.13,-0.04,-0.02,0.3,0.0,0.18,-0.01,0.26,0.0,-0.01,0.59,0.73,0.13,0.32,0.47,0.68,0.15,0.18,0.31,0.0,0.0,0.41,0.54,0.49,0.06,0.12,0.04,0.05,0.31,0.22,0.0,0.87,0.36,0.01,0.0,0.33,0.0,0.28,0.29,0.06,2.36,-0.02,0.06,0.72,0.36,1.08,0.32,0.21,0.0,0.12,-0.69,0.24,0.19,-0.02,-0.04,-0.06,0.07,0.16,-0.18,0.12,-0.16,-0.12,0.01,0.14,-0.07,-0.2,0.04,0.0,-0.02,-0.27,0.03,0.62,0.0,-0.02,-0.02,0.01,0.02,-0.09,-0.01,-0.13,0.06,0.07,-0.1,0.0,0.03,0.0,-0.02,0.01,0.09,0.41,-0.06,-0.01,0.24,-0.03,0.04,0.0,2.48,0.01,0.03,-0.12,0.2,0.0,-0.08,-0.04,0.02,-0.07,0.34,-0.01,0.0,0.26
1991-07-01,0.03,0.0,-0.05,-0.01,0.0,-0.06,-0.02,0.19,0.0,0.75,-0.03,0.0,-0.4,-0.24,0.3,-0.01,0.25,0.27,0.26,0.09,0.14,0.0,0.0,-0.08,-0.05,-0.03,0.1,-0.17,-0.08,0.04,-0.04,0.15,-0.04,0.92,0.43,0.0,0.0,0.4,-0.02,0.16,0.12,-0.05,0.79,0.0,0.02,-0.25,0.51,0.26,0.47,0.02,0.0,-0.16,-0.17,0.13,-0.01,-0.03,-0.03,0.01,0.04,0.05,-0.1,-0.05,-0.08,0.9,0.01,0.16,-0.04,-0.21,0.05,0.0,-0.01,0.47,0.47,0.17,0.01,0.03,-0.02,-0.24,0.03,0.0,0.0,-0.05,0.24,0.19,-0.05,-0.02,-0.01,0.05,-0.01,0.01,-0.01,-0.08,0.04,0.0,0.26,0.08,0.04,0.0,1.09,0.04,0.04,-0.08,0.19,0.0,-0.05,0.0,0.0,-0.08,0.29,-0.01,0.0,-0.07
1991-10-01,0.05,0.04,-0.21,0.03,0.0,-0.42,0.0,0.09,0.02,-0.79,-0.01,-0.01,-0.11,-0.32,0.3,0.19,0.28,0.26,0.09,-0.48,-0.27,0.0,0.0,-0.04,0.01,0.1,-0.08,-0.06,-0.03,0.04,-0.35,-0.11,-0.01,-1.68,0.57,-0.01,0.0,0.6,-0.01,0.39,0.36,-0.03,1.18,0.0,-0.02,-0.33,0.41,0.08,0.38,-0.01,0.0,-0.11,-0.27,0.28,-0.06,0.01,-0.11,0.11,-0.12,-0.03,-0.05,-0.08,0.03,-0.44,-0.01,-0.21,0.01,-0.17,0.05,-0.01,0.0,-0.21,-0.15,-0.88,-0.01,0.03,-0.07,-0.14,0.09,0.13,-0.01,0.0,0.21,0.11,0.0,0.01,0.04,0.08,-0.01,0.07,0.03,-0.04,0.16,-0.01,-0.15,0.14,0.03,0.0,1.48,0.02,-0.05,0.07,0.1,0.0,-0.03,0.07,0.01,0.07,-0.14,-0.01,0.0,-0.23
1992-01-01,0.11,-0.07,-0.07,0.09,0.03,0.82,0.02,0.2,0.07,1.91,0.06,0.0,-0.11,-0.19,0.57,0.5,0.92,0.97,0.42,0.16,0.23,0.0,0.0,0.61,0.71,0.02,-0.01,0.29,0.07,0.13,0.67,0.2,0.06,3.47,0.57,0.02,-0.01,0.5,0.02,-0.18,-0.3,0.11,3.67,0.05,0.2,-0.23,0.39,0.16,0.31,0.04,0.0,0.17,-0.12,0.01,-0.09,0.07,0.0,0.21,0.18,0.21,0.19,0.07,0.31,1.05,0.0,-0.09,-0.08,-0.1,0.12,-0.01,0.02,0.25,0.73,1.56,0.01,0.13,0.16,0.25,0.12,0.39,0.03,0.61,0.68,0.34,0.27,0.02,0.05,0.27,0.0,0.04,-0.05,0.61,0.47,0.01,0.31,0.02,0.08,0.0,4.23,0.09,0.08,-0.01,0.19,0.01,0.01,0.16,0.05,0.26,0.23,-0.04,0.0,0.46
1992-04-01,0.03,-0.04,-0.02,0.05,-0.02,0.32,0.01,0.22,0.04,0.34,-0.02,0.0,0.03,0.33,0.46,-0.28,0.01,0.08,0.3,-0.12,-0.1,0.0,0.0,-0.62,-0.59,-0.01,0.15,0.07,-0.01,0.0,0.33,0.26,0.06,0.77,0.52,0.01,0.0,0.47,-0.02,0.05,0.03,0.01,1.51,0.05,0.01,0.32,0.37,0.7,0.34,0.07,0.0,0.05,-0.04,0.06,0.0,-0.04,-0.03,0.09,0.13,0.11,0.1,0.02,0.24,0.23,-0.01,0.3,-0.03,-0.05,0.06,-0.01,0.01,0.17,0.03,0.43,-0.01,0.02,-0.01,0.04,0.14,-0.03,0.01,0.49,0.42,0.23,0.15,-0.03,-0.03,0.15,-0.01,0.07,-0.03,-0.62,0.15,0.01,0.0,0.04,0.04,0.0,1.97,0.07,0.0,-0.07,0.23,0.0,0.02,0.03,0.0,0.21,0.08,-0.01,0.0,0.22
1992-07-01,0.0,0.24,0.01,0.03,0.01,0.41,0.03,0.23,0.03,1.04,0.02,0.02,0.01,-0.03,0.37,0.15,0.28,0.29,0.12,0.01,0.01,0.0,0.0,0.17,0.18,-0.07,-0.16,0.23,0.13,0.13,0.41,0.04,0.06,1.66,0.49,0.0,0.0,0.33,-0.02,0.1,0.08,0.01,2.33,0.02,0.07,-0.03,0.41,0.38,0.36,0.01,0.0,0.05,0.08,0.12,-0.04,0.02,0.06,0.0,0.18,0.19,0.1,0.05,0.23,0.27,0.01,-0.04,-0.06,0.01,0.06,-0.01,0.0,-0.02,0.25,0.62,0.01,0.01,0.0,0.15,0.13,0.16,0.01,0.52,0.23,0.18,0.1,0.02,0.0,0.02,0.01,0.05,0.23,0.17,0.17,0.04,0.39,0.09,0.04,0.0,2.7,0.1,0.08,0.04,0.22,0.0,0.05,-0.03,0.03,0.46,0.22,0.0,0.0,0.22
1992-10-01,-0.02,-0.21,0.03,0.02,0.0,0.25,0.0,0.06,0.01,0.97,-0.07,-0.01,0.33,0.31,0.33,0.27,0.36,0.43,0.09,0.27,0.24,0.0,0.0,0.97,0.95,0.25,0.04,0.16,0.06,0.09,0.23,0.07,0.02,1.99,0.22,0.0,0.0,-0.05,-0.02,-0.14,-0.18,0.05,2.53,0.01,0.11,0.34,0.42,0.76,0.34,0.07,0.0,0.05,-0.11,-0.1,0.03,0.01,0.02,0.15,0.04,0.03,0.02,0.08,0.19,0.39,0.01,-0.01,0.01,0.14,0.04,0.0,0.0,0.01,0.3,1.02,-0.05,0.04,0.02,0.06,0.17,0.43,0.03,0.18,0.08,0.15,0.0,0.06,0.03,-0.08,0.02,-0.02,-0.21,0.97,0.29,0.0,0.35,0.27,0.08,0.0,2.86,0.06,0.05,0.05,0.04,0.0,0.01,-0.07,0.02,-0.02,0.25,0.02,0.0,0.2
1993-01-01,0.02,0.08,0.04,0.08,0.02,-0.07,-0.01,-0.06,-0.04,0.47,-0.06,0.01,0.01,0.07,-0.04,0.3,0.57,0.82,0.28,-0.04,-0.08,0.0,0.0,-0.28,-0.26,-0.05,0.02,0.16,0.11,0.05,-0.08,-0.03,0.05,0.57,0.15,0.01,0.0,0.09,-0.04,0.17,0.15,-0.02,1.0,0.04,0.06,0.14,0.2,0.34,0.23,0.25,0.0,0.0,-0.11,0.19,0.26,0.03,0.03,0.04,-0.01,-0.05,-0.01,0.01,-0.03,-0.26,0.01,0.06,0.06,-0.16,0.01,0.0,-0.01,0.13,-0.39,0.11,-0.01,0.02,0.01,0.04,-0.02,0.24,0.02,-0.25,-0.08,0.15,-0.02,0.07,0.11,-0.2,0.0,-0.02,0.09,-0.28,0.19,0.03,0.52,-0.07,-0.03,0.0,0.97,0.04,0.06,0.09,-0.06,0.01,-0.01,-0.01,0.03,0.06,0.33,0.07,0.0,-0.09
1993-04-01,-0.09,0.12,0.01,0.0,0.02,0.38,0.02,0.16,0.0,1.59,0.0,0.0,0.04,-0.17,0.03,0.11,0.31,0.46,0.2,0.04,0.03,0.0,0.0,0.26,0.17,-0.02,-0.03,0.14,0.1,0.14,0.3,0.13,-0.01,2.38,0.1,0.02,0.0,-0.09,-0.02,0.01,-0.04,0.04,1.28,0.02,0.09,-0.13,0.28,0.15,0.26,0.15,0.0,0.1,-0.08,0.08,0.12,0.02,0.01,0.03,0.12,0.16,0.0,0.11,0.08,0.91,0.0,-0.21,0.0,-0.1,0.03,0.0,0.0,-0.03,0.84,0.8,-0.01,0.05,0.07,0.09,0.08,0.25,0.02,0.15,-0.1,0.12,0.01,0.04,0.06,-0.21,0.0,0.02,0.15,0.26,0.2,0.03,0.44,0.08,0.02,0.0,1.31,0.05,0.05,0.06,0.15,0.0,-0.04,-0.02,0.01,0.23,0.3,0.04,0.01,0.16
1993-07-01,0.03,0.1,0.05,0.01,0.01,0.2,0.01,0.19,0.0,0.57,0.04,0.0,0.32,0.52,0.22,0.29,0.49,0.46,0.2,0.21,0.16,0.0,0.0,0.22,0.25,0.18,0.07,0.14,0.03,0.17,0.14,0.2,0.04,1.55,0.32,0.01,0.0,0.07,0.01,0.07,0.02,0.06,2.76,0.03,0.13,0.56,0.43,0.99,0.4,-0.02,0.01,0.18,-0.02,0.1,-0.03,-0.02,0.0,0.1,0.09,0.13,0.03,0.11,0.12,-0.06,-0.02,0.2,0.01,0.16,0.0,0.0,0.0,-0.11,-0.06,0.98,0.01,0.05,0.06,0.19,0.09,0.37,0.03,0.44,0.0,0.18,0.01,0.04,0.05,-0.18,0.0,-0.01,0.12,0.21,0.31,0.02,0.3,0.15,0.03,0.0,2.98,0.04,0.03,0.02,0.18,0.0,0.02,-0.01,0.01,0.24,0.25,0.04,0.01,0.04
1993-10-01,-0.01,0.1,0.04,0.02,0.01,0.24,0.02,0.06,0.01,1.21,0.0,0.01,-0.17,-0.01,0.11,0.42,0.53,0.52,0.11,0.18,0.14,0.0,0.0,-0.12,-0.14,0.26,0.01,0.02,0.06,0.15,0.19,-0.05,-0.02,1.88,0.06,0.04,0.0,0.03,-0.01,-0.01,-0.03,-0.03,1.57,0.04,0.07,0.02,0.47,0.5,0.43,-0.01,0.01,-0.06,-0.06,-0.05,-0.03,-0.05,0.05,-0.15,0.11,-0.06,0.06,0.03,0.16,0.84,0.01,0.16,-0.01,0.2,0.01,0.0,0.01,-0.1,0.91,0.68,0.0,0.03,0.04,-0.03,0.09,0.31,0.02,0.31,0.04,0.14,0.03,0.08,0.09,-0.11,0.01,-0.01,0.14,-0.13,0.04,0.04,0.38,0.03,0.04,0.0,1.67,0.0,0.05,-0.01,0.04,0.0,0.05,0.0,0.0,0.3,0.29,0.04,0.01,0.08
1994-01-01,0.11,0.1,0.08,-0.02,0.02,0.46,0.02,0.15,0.03,1.22,0.0,0.0,0.08,0.03,0.21,0.11,0.39,0.26,0.28,0.34,0.26,0.0,0.0,-0.11,-0.01,-0.01,0.1,0.1,0.04,0.12,0.39,0.15,0.05,2.52,0.17,-0.02,0.0,0.11,-0.01,0.0,0.04,-0.02,1.93,0.06,0.09,0.05,0.67,0.73,0.62,-0.13,0.01,0.05,0.08,-0.04,-0.2,0.0,0.03,0.01,0.23,0.05,0.12,0.12,0.23,0.65,0.01,-0.05,0.04,0.08,0.05,0.0,0.02,0.67,-0.13,1.3,-0.01,-0.04,0.07,0.1,0.11,0.36,0.03,0.38,0.11,0.04,0.03,0.03,0.03,0.04,0.02,0.02,0.09,-0.12,0.14,0.03,0.37,0.09,0.06,0.0,2.14,0.04,0.03,0.01,0.13,0.01,0.04,0.03,0.03,0.32,0.3,0.02,0.01,0.14
1994-04-01,-0.01,0.09,0.09,0.01,0.0,-0.04,0.0,0.08,0.02,0.55,0.0,0.01,0.33,0.2,0.21,-0.26,-0.01,-0.27,0.25,0.42,0.33,0.0,0.0,0.34,0.33,0.08,-0.13,0.27,0.17,0.09,-0.02,-0.06,0.05,1.32,0.28,0.02,0.0,0.19,0.0,0.08,0.05,0.02,1.62,0.06,0.13,0.24,0.46,0.7,0.4,-0.26,0.01,0.0,-0.12,0.06,-0.22,-0.01,0.05,0.11,0.01,0.07,0.08,0.02,0.19,-0.36,0.02,-0.13,-0.02,-0.03,-0.04,0.0,0.01,-0.29,-0.09,0.77,-0.01,0.03,-0.02,0.04,0.11,0.45,0.03,0.13,0.11,0.08,0.05,0.06,0.09,0.01,0.01,-0.07,0.12,0.34,0.23,0.04,0.6,0.12,0.06,0.0,1.83,0.03,0.03,0.15,0.07,0.01,0.03,0.02,0.03,0.31,0.36,0.04,0.01,-0.03
1994-07-01,0.05,0.11,0.07,0.03,0.01,0.29,0.0,0.15,0.02,0.55,0.02,0.01,-0.39,-0.38,0.22,0.14,0.13,-0.19,-0.01,0.06,-0.01,0.0,0.0,0.15,0.2,-0.06,0.07,0.24,0.18,0.1,0.19,0.04,0.04,1.38,0.3,0.02,0.0,0.2,0.03,0.09,0.04,0.0,1.48,0.07,0.09,-0.34,0.62,0.28,0.49,-0.32,0.01,0.04,0.05,0.09,-0.28,0.03,0.07,0.1,0.03,-0.03,0.06,0.07,0.18,-0.14,0.01,0.01,0.0,-0.01,-0.05,0.0,0.01,0.08,-0.28,0.84,0.0,0.05,0.1,0.09,0.12,0.45,0.03,0.42,0.11,0.06,0.08,0.09,0.1,0.02,0.01,0.04,0.14,0.15,0.26,0.05,0.36,0.08,0.13,0.0,1.7,0.08,0.05,-0.02,0.12,0.01,-0.01,0.02,0.02,0.32,0.27,0.04,0.01,0.16
1994-10-01,0.03,0.16,0.04,0.04,-0.01,0.51,-0.01,0.1,0.03,1.82,0.01,0.0,-0.06,-0.23,0.09,0.11,0.3,0.17,0.19,0.29,0.26,0.0,0.0,0.0,0.03,-0.13,-0.04,0.33,0.22,0.08,0.41,-0.1,0.03,2.87,0.21,0.01,0.0,0.31,0.02,0.13,0.09,0.07,1.44,0.06,0.11,-0.18,0.56,0.38,0.43,-0.13,0.02,0.1,-0.09,0.12,-0.09,0.04,-0.02,-0.03,0.17,-0.06,0.06,0.05,0.16,0.63,0.01,-0.17,-0.01,-0.22,-0.04,0.0,0.01,0.11,0.47,1.04,0.0,0.04,0.1,0.15,0.09,0.34,0.02,0.11,0.18,0.14,0.1,0.05,0.12,0.02,0.01,-0.03,0.17,0.0,0.1,0.03,0.72,0.07,0.13,0.0,1.53,0.09,0.11,0.17,0.07,0.01,0.0,0.02,0.01,0.33,0.4,0.05,0.01,0.24
1995-01-01,0.02,0.01,-0.01,0.11,0.01,-0.06,0.03,-0.01,0.06,-1.08,0.03,0.0,-0.08,-0.1,0.05,-0.03,0.29,0.38,0.33,-0.06,-0.05,0.0,0.0,-0.2,-0.19,0.12,0.0,-0.09,-0.1,0.12,0.03,0.27,-0.02,-0.73,-0.1,0.01,0.0,0.37,0.0,-0.06,-0.15,0.01,1.68,0.05,-0.01,-0.08,0.5,0.42,0.31,0.09,0.01,-0.04,-0.01,-0.14,0.12,-0.05,-0.02,0.08,-0.02,0.27,0.06,-0.03,0.14,-0.95,0.0,-0.03,0.03,0.11,-0.04,-0.01,0.01,0.06,-0.98,0.35,0.0,0.09,-0.09,-0.09,0.08,0.21,0.02,0.19,0.43,0.22,0.04,0.06,0.11,0.15,-0.02,-0.06,0.03,-0.21,0.34,0.04,0.05,0.04,0.19,0.0,1.73,0.03,-0.07,-0.09,0.0,0.0,0.0,0.01,0.02,0.17,0.16,0.02,0.01,0.04
1995-04-01,-0.06,-0.01,0.02,0.05,0.03,0.2,0.03,0.14,0.01,0.53,0.03,-0.01,0.29,0.46,0.08,0.31,0.5,0.48,0.19,-0.17,-0.19,0.0,0.0,0.1,0.04,-0.12,0.08,0.11,0.04,0.09,0.11,0.09,0.08,1.01,0.13,0.01,0.0,0.27,0.01,0.09,0.03,-0.01,2.46,0.03,0.04,0.48,0.51,0.99,0.39,-0.02,0.02,0.12,0.01,0.05,0.04,-0.06,0.01,0.18,0.05,0.01,0.02,0.06,0.13,-0.01,0.0,0.16,-0.03,-0.11,-0.06,0.0,0.0,-0.17,0.1,0.48,0.0,0.06,0.09,0.06,0.1,0.37,0.05,0.16,0.19,0.13,0.05,0.06,0.14,0.04,0.0,-0.02,0.01,0.1,0.38,0.01,0.37,0.13,0.13,0.0,2.54,0.03,0.06,0.05,0.12,0.01,0.0,0.02,-0.01,0.14,0.25,0.02,0.01,0.03
1995-07-01,0.01,0.04,0.04,0.03,0.0,0.34,0.04,0.2,-0.01,1.44,0.02,0.01,0.35,0.39,0.04,0.32,0.43,0.27,0.1,0.01,-0.03,0.0,0.0,0.02,0.03,-0.02,-0.02,0.17,0.09,0.11,0.33,-0.12,0.02,1.79,0.13,-0.01,0.0,0.35,-0.01,0.15,0.08,0.05,1.84,0.03,0.02,0.41,0.4,0.81,0.32,-0.16,0.02,0.04,-0.45,0.09,-0.12,-0.02,-0.07,0.05,0.16,-0.1,0.05,0.05,0.25,0.51,0.01,0.04,-0.01,-0.46,-0.05,0.0,0.0,0.52,-0.06,0.35,0.0,0.06,0.01,0.02,0.2,0.13,0.03,-0.14,0.2,0.16,0.05,0.04,0.1,0.05,0.0,0.02,0.04,0.02,0.22,0.05,0.73,0.03,0.09,0.0,1.88,0.0,0.07,0.08,0.18,0.01,-0.01,0.02,0.01,0.29,0.52,0.02,0.01,0.16
1995-10-01,0.06,0.17,0.04,0.03,-0.01,0.02,0.03,0.19,-0.02,0.9,0.05,-0.02,-0.27,-0.24,0.16,0.1,0.24,0.14,0.14,0.16,0.12,0.0,0.0,-0.11,-0.05,0.16,0.04,0.14,0.11,0.11,-0.03,0.02,0.04,1.39,0.25,-0.01,0.0,0.27,0.01,0.13,0.07,-0.01,1.27,-0.01,0.05,-0.22,0.35,0.13,0.31,-0.1,0.02,0.08,-0.23,0.09,-0.07,0.0,0.05,0.07,0.02,-0.02,0.05,0.05,0.15,0.36,0.01,0.03,0.01,-0.07,-0.04,0.0,0.0,-0.26,0.57,0.49,0.0,0.06,0.05,0.08,0.09,0.29,0.02,0.23,0.14,0.11,0.06,0.01,0.13,0.05,0.01,0.0,0.17,-0.11,0.23,-0.03,0.33,0.04,0.04,0.0,1.43,0.02,-0.01,-0.06,0.16,0.0,0.01,0.02,0.01,0.32,0.42,0.02,0.01,-0.04
1996-01-01,0.03,0.21,0.09,0.0,-0.02,0.13,0.02,0.16,0.01,0.57,0.05,-0.01,0.2,0.47,0.28,0.46,0.66,0.52,0.21,0.16,0.07,0.0,0.0,-0.03,0.0,0.08,0.0,-0.09,-0.06,0.01,0.07,0.14,-0.02,1.18,0.15,-0.03,0.0,0.03,0.04,-0.22,-0.24,-0.01,2.28,-0.02,0.03,0.5,0.28,0.78,0.31,-0.15,0.02,0.09,0.16,-0.13,-0.15,0.02,-0.1,0.0,0.04,0.14,0.05,0.06,0.19,0.22,0.0,0.27,0.02,0.24,-0.01,0.01,0.0,0.24,-0.08,0.62,0.0,0.01,0.06,0.13,0.14,0.18,0.02,0.55,0.25,0.04,0.04,0.06,0.09,0.21,0.01,0.08,0.18,-0.03,0.04,0.01,0.31,0.06,-0.04,0.0,2.56,0.01,0.01,0.01,0.12,0.0,0.03,0.02,0.0,0.37,0.29,0.03,0.01,0.05
1996-04-01,0.04,0.08,0.04,0.01,0.01,0.45,0.02,0.2,0.02,1.64,0.06,0.01,-0.03,-0.16,0.1,0.15,0.26,0.08,0.11,0.17,0.13,0.0,0.0,0.08,0.12,-0.05,-0.1,0.42,0.28,0.05,0.4,0.07,0.07,2.87,0.41,0.0,0.0,0.57,0.05,0.39,0.37,0.05,1.4,0.02,0.12,-0.13,0.27,0.15,0.29,-0.18,0.02,0.08,-0.23,0.31,-0.15,0.02,0.1,0.07,0.1,0.18,0.01,0.04,0.13,0.33,0.0,-0.13,0.0,-0.27,-0.03,0.0,0.01,0.41,-0.12,1.23,0.0,0.02,0.06,0.2,0.13,0.53,0.03,0.1,0.17,0.1,0.02,0.12,0.14,0.05,0.0,0.02,0.09,0.08,0.16,0.07,0.69,0.03,-0.02,0.0,1.5,0.05,0.09,0.05,0.18,0.01,0.08,0.01,0.02,0.22,0.47,0.03,0.01,0.28
1996-07-01,0.05,0.09,0.01,-0.01,0.03,0.31,0.03,0.12,0.02,0.37,0.08,-0.01,-0.3,-0.48,0.05,-0.03,0.08,-0.05,0.1,-0.07,-0.07,0.0,0.0,-0.02,0.03,0.03,0.02,0.01,0.05,0.12,0.28,0.0,-0.01,1.05,0.22,0.01,0.0,0.21,0.04,0.08,0.03,-0.04,1.35,0.01,0.09,-0.45,0.28,-0.17,0.29,-0.13,0.01,0.03,0.53,0.16,-0.12,-0.02,0.04,0.1,0.1,-0.01,0.01,0.02,0.13,-0.04,-0.01,-0.17,0.01,0.56,-0.01,0.0,0.01,0.2,-0.26,0.68,0.0,0.04,0.03,0.04,0.12,0.43,0.02,0.85,0.14,0.08,0.01,0.03,0.13,0.04,0.0,0.02,0.11,-0.02,0.23,0.0,0.36,0.11,-0.01,0.0,1.4,0.04,0.02,0.08,0.1,0.0,0.04,0.01,0.0,0.24,0.27,0.03,0.01,0.15
1996-10-01,0.05,0.11,0.0,0.02,0.0,0.12,-0.04,0.18,0.02,1.0,0.04,0.01,0.18,0.3,-0.24,0.25,0.34,0.29,0.09,0.11,0.12,0.0,0.0,0.17,0.22,0.1,-0.06,0.26,0.14,0.07,0.09,-0.03,0.07,1.77,0.38,0.0,0.0,0.72,0.08,0.59,0.58,0.04,1.69,0.0,0.1,0.32,0.3,0.62,0.29,-0.05,0.02,0.01,-0.93,0.62,-0.07,0.05,0.03,-0.08,0.02,0.03,0.0,0.05,0.18,0.18,0.01,0.12,-0.01,-0.83,0.01,-0.01,0.01,-0.24,0.37,0.77,0.0,0.0,0.02,0.13,0.18,0.57,0.03,-0.49,0.13,0.09,0.03,0.12,0.16,0.03,0.0,0.03,0.12,0.17,0.04,0.07,0.44,0.17,0.0,0.0,1.45,0.05,0.0,0.07,0.16,0.01,0.05,0.01,0.0,0.3,0.29,0.02,0.01,0.07
1997-01-01,0.1,0.14,0.09,-0.01,0.0,0.01,0.02,0.23,0.01,1.4,0.04,0.0,-0.07,-0.23,-0.49,0.16,0.37,0.56,0.21,0.25,0.16,0.0,0.0,0.14,0.24,0.24,-0.06,0.04,0.1,0.07,0.0,0.08,-0.01,1.98,-0.26,0.02,0.0,0.31,0.03,0.22,0.16,-0.06,2.79,0.06,0.04,-0.22,0.42,0.21,0.37,0.2,0.03,0.0,0.28,0.22,0.18,0.0,0.02,0.09,0.08,0.14,0.0,0.03,0.26,0.94,0.0,-0.16,0.07,0.52,0.01,-0.01,0.02,0.8,0.11,0.58,-0.01,0.06,0.01,0.03,0.26,0.25,0.01,0.88,0.09,-0.01,0.04,0.04,0.11,0.09,0.0,-0.04,0.17,0.14,0.15,0.03,0.39,-0.04,0.05,0.01,2.3,0.02,0.0,0.03,0.2,0.0,0.03,0.0,0.01,0.43,0.34,0.01,0.0,-0.09
1997-04-01,0.04,0.02,0.01,0.01,-0.03,-0.16,0.04,0.17,0.02,-0.16,0.03,-0.01,-0.13,0.13,-0.08,0.11,0.3,0.35,0.2,-0.18,-0.19,0.0,0.0,-0.06,-0.01,-0.02,0.05,0.05,0.0,0.06,-0.17,0.15,0.01,-0.12,0.08,-0.01,0.0,0.31,0.0,0.14,0.08,0.02,2.01,0.05,0.02,0.14,0.47,0.62,0.41,0.04,0.0,0.02,0.06,0.16,-0.01,0.0,-0.06,0.01,-0.01,0.1,0.02,0.0,0.16,-0.72,0.01,0.26,0.03,0.05,0.04,-0.01,0.02,-0.33,-0.39,0.05,-0.01,0.07,0.01,0.0,0.14,0.24,0.02,0.47,0.17,0.0,0.05,0.0,0.18,0.15,0.0,0.1,0.01,-0.06,0.11,-0.01,0.51,0.07,0.06,0.0,1.93,0.02,0.04,-0.02,0.17,0.0,0.0,0.0,0.02,0.17,0.5,0.01,0.0,-0.13
1997-07-01,0.04,0.03,0.07,0.0,0.05,0.6,0.04,0.3,0.02,2.3,0.06,0.0,0.11,-0.05,-0.02,0.68,0.78,0.87,0.1,0.21,0.15,0.0,0.0,0.23,0.27,0.19,0.01,0.26,0.19,-0.01,0.55,0.05,0.04,3.83,0.32,0.02,0.0,0.6,0.03,0.35,0.29,0.02,3.17,0.06,0.08,-0.04,0.5,0.46,0.43,0.09,-0.01,0.07,-0.08,0.33,-0.02,0.01,0.02,0.05,0.16,0.03,0.04,0.07,0.18,1.36,0.0,-0.17,0.03,0.11,0.09,0.0,0.02,0.17,1.12,1.53,-0.01,0.06,0.06,0.16,0.14,0.66,0.02,0.67,0.25,0.08,0.06,0.1,0.26,0.15,0.01,0.04,0.05,0.23,0.06,0.0,0.52,0.16,0.07,0.01,3.16,0.04,0.04,0.07,0.31,0.0,0.07,0.0,0.02,0.24,0.41,0.01,0.0,0.33
1997-10-01,0.03,-0.03,0.04,0.05,0.02,0.23,0.04,0.25,0.03,1.34,0.06,0.02,0.44,0.49,0.11,0.06,0.22,0.42,0.15,0.0,-0.03,0.0,0.0,-0.2,-0.17,0.04,0.0,0.16,0.15,-0.01,0.2,0.05,-0.01,2.0,0.35,0.02,0.0,0.55,0.04,0.23,0.17,0.0,2.76,0.07,0.07,0.5,0.51,1.01,0.43,0.2,0.02,0.09,0.14,0.25,0.07,0.04,0.05,0.08,0.06,0.05,0.06,0.02,0.06,0.58,0.01,0.05,-0.01,0.19,0.11,0.01,0.02,0.05,0.51,0.67,-0.01,0.06,0.03,0.17,0.0,0.38,0.03,0.74,0.31,0.13,0.07,-0.05,0.27,0.15,0.01,0.07,-0.01,-0.2,0.15,0.05,0.43,0.04,0.07,0.01,2.86,0.03,0.04,0.02,0.21,0.0,0.02,0.01,0.01,0.06,0.31,0.01,0.0,0.12
1998-01-01,0.0,0.09,0.06,0.04,0.03,0.38,0.03,0.1,0.03,0.43,0.07,0.0,-0.12,-0.35,0.27,0.14,0.42,0.54,0.28,0.0,-0.06,0.0,0.0,0.28,0.28,0.16,-0.05,0.31,0.14,0.03,0.28,0.06,0.08,1.11,0.68,0.06,0.0,0.71,0.05,0.46,0.44,0.06,2.74,0.1,-0.01,-0.34,0.5,0.16,0.42,0.12,0.02,0.07,0.05,0.41,-0.1,0.04,-0.02,0.08,0.06,0.11,0.07,0.01,0.02,-0.62,0.01,-0.23,0.02,0.21,0.19,0.01,0.02,-0.12,-0.52,0.67,-0.01,0.02,0.1,0.14,-0.05,0.24,0.03,0.69,0.26,0.1,0.08,0.04,0.21,0.13,0.0,0.1,0.16,0.28,0.18,0.0,0.61,0.05,0.07,0.01,3.0,0.04,0.03,0.06,0.08,0.01,0.02,-0.04,0.03,0.18,0.51,0.01,0.0,0.19
1998-04-01,-0.02,0.12,0.05,0.06,0.01,0.3,0.01,0.07,0.03,2.65,0.04,0.0,0.4,0.42,0.28,0.81,0.9,1.04,0.1,0.31,0.25,0.0,0.0,0.33,0.31,0.12,0.05,0.19,0.07,-0.04,0.26,0.12,0.0,3.79,0.37,0.03,0.0,0.28,0.04,0.11,0.06,0.09,3.17,0.09,0.0,0.44,0.5,0.94,0.43,0.13,0.01,0.1,-0.08,0.09,-0.02,0.05,-0.01,-0.03,0.09,0.07,0.07,0.01,0.07,1.61,0.0,0.02,-0.03,0.05,0.12,0.01,0.02,0.13,1.47,1.14,-0.01,0.05,0.05,0.23,0.01,0.41,0.02,0.36,0.17,0.03,0.07,0.09,0.26,0.11,-0.01,-0.01,0.15,0.33,0.01,-0.02,0.62,0.17,0.06,0.0,3.44,0.06,0.13,0.05,0.06,0.02,0.06,-0.07,0.03,0.23,0.46,0.01,0.0,0.15
1998-07-01,-0.02,0.05,0.08,0.07,0.0,-0.13,-0.01,0.22,0.02,1.53,0.03,0.01,0.08,0.06,0.33,0.59,0.7,0.7,0.1,0.25,0.18,0.0,0.0,0.12,0.1,0.04,-0.02,0.27,0.15,0.04,-0.12,0.06,0.06,2.2,0.5,0.05,0.0,0.26,0.03,0.13,0.15,0.05,2.79,0.05,0.0,0.07,0.51,0.58,0.44,0.0,0.03,0.04,0.27,0.17,-0.11,-0.01,0.05,0.05,-0.09,0.08,0.07,-0.06,0.09,0.32,0.0,-0.03,0.02,0.31,0.1,0.01,0.02,1.17,-0.8,0.67,0.0,-0.02,-0.01,0.13,0.02,0.49,0.02,0.78,0.13,0.02,0.06,0.1,0.23,0.09,-0.01,0.03,0.1,0.11,0.18,0.02,0.81,0.16,0.06,0.0,3.12,0.07,0.05,0.06,0.2,0.02,0.07,-0.07,0.02,0.19,0.69,0.02,0.0,-0.03
1998-10-01,0.03,0.06,0.08,0.07,-0.01,0.41,0.02,0.12,0.02,3.15,0.07,0.01,-0.45,-0.58,0.32,0.36,0.41,0.45,0.05,0.25,0.18,0.0,0.0,0.32,0.35,-0.08,0.0,0.39,0.21,0.08,0.29,0.02,0.09,4.41,0.38,0.03,0.0,0.04,0.04,-0.01,0.01,0.04,1.18,0.02,0.09,-0.56,0.5,-0.06,0.44,0.03,0.04,0.11,-0.17,0.06,-0.07,-0.02,0.01,-0.03,0.05,0.02,0.06,0.04,0.11,2.03,0.0,-0.13,0.0,-0.25,0.08,0.0,0.01,0.82,1.18,1.25,0.0,-0.01,0.12,0.14,0.05,0.58,0.01,0.06,0.05,-0.04,0.05,0.09,0.25,0.07,0.01,0.01,0.1,0.32,0.13,0.04,0.59,0.21,0.06,0.0,1.5,0.04,0.07,0.04,0.07,0.01,0.04,-0.07,0.04,0.21,0.43,0.02,0.0,0.25
1999-01-01,0.06,0.04,0.04,0.08,0.04,0.63,0.0,0.2,0.01,0.13,0.04,0.01,0.14,0.22,0.07,0.41,0.74,0.75,0.33,0.4,0.37,0.0,0.0,-0.14,-0.08,-0.18,0.04,0.35,0.16,0.07,0.54,0.05,0.07,1.82,0.25,0.0,0.0,0.12,0.04,0.07,0.13,0.08,2.28,-0.03,0.11,0.27,0.5,0.76,0.44,0.01,0.07,0.11,0.1,0.17,-0.02,0.14,0.06,-0.04,0.14,0.0,0.06,0.05,0.17,-1.08,0.02,0.09,0.01,-0.08,0.01,0.0,0.01,-1.08,-0.05,1.69,0.0,-0.06,0.09,0.27,0.12,0.61,0.03,0.38,0.05,-0.01,0.04,0.06,0.35,0.05,-0.01,0.14,0.05,-0.14,0.13,0.05,0.59,0.1,0.06,0.0,2.35,0.06,0.08,0.02,0.15,0.02,-0.01,-0.09,0.04,0.22,0.42,0.04,0.0,0.36
1999-04-01,-0.04,-0.02,0.08,0.06,0.01,0.15,0.0,0.36,0.02,2.59,0.03,0.0,0.11,0.2,0.08,0.61,0.71,0.78,0.1,0.35,0.27,0.0,0.0,0.19,0.15,-0.13,0.03,0.29,0.16,0.14,0.1,0.19,0.06,3.48,0.2,0.02,0.0,0.22,0.03,0.05,0.1,0.08,2.71,-0.03,0.01,0.22,0.49,0.71,0.44,0.06,0.06,0.03,0.1,0.12,-0.02,0.03,0.03,0.03,0.02,0.16,0.05,0.05,0.18,1.58,0.0,0.08,0.0,-0.03,0.07,0.0,0.01,0.88,0.64,0.88,0.0,-0.04,0.05,0.09,0.12,0.2,0.01,0.42,0.17,0.06,0.05,0.01,0.14,0.09,0.0,0.01,0.0,0.19,0.24,0.03,0.64,0.07,0.05,0.01,2.79,0.03,0.08,0.08,0.3,0.03,0.0,-0.06,0.0,0.18,0.44,0.03,0.0,0.06
1999-07-01,0.05,0.15,0.05,0.07,-0.01,0.12,0.02,0.31,0.03,1.31,0.03,-0.02,0.26,0.27,0.07,0.45,0.63,0.74,0.18,0.3,0.25,0.0,0.0,0.05,0.1,0.06,-0.04,0.4,0.25,0.16,0.08,-0.13,0.09,1.74,0.28,0.01,0.0,0.45,0.02,0.2,0.19,0.06,2.76,0.0,0.03,0.29,0.46,0.74,0.42,0.11,0.07,0.09,-0.43,0.2,0.03,0.06,-0.02,0.08,0.03,-0.09,0.06,0.04,0.17,0.07,0.01,0.01,0.03,-0.37,0.08,0.0,0.01,-0.1,0.13,0.43,-0.01,0.01,0.04,0.19,0.12,0.14,0.02,0.07,0.24,0.06,0.06,0.02,-0.03,0.15,-0.01,-0.01,0.16,0.04,0.33,0.04,0.65,0.16,0.03,0.0,2.83,0.04,0.09,0.02,0.24,0.03,0.04,-0.05,0.0,0.33,0.49,0.02,0.0,0.06
1999-10-01,0.04,0.05,0.12,0.04,0.01,0.04,0.01,0.19,0.04,0.67,0.07,0.04,-0.34,-0.45,0.12,0.79,1.0,1.13,0.21,0.53,0.41,0.0,0.0,0.53,0.57,0.08,-0.04,0.39,0.25,0.12,0.01,0.03,0.1,2.55,0.39,0.02,0.0,0.52,0.06,0.24,0.24,0.01,3.31,0.03,0.1,-0.44,0.43,0.0,0.41,0.13,0.09,0.15,0.24,0.27,0.04,0.03,0.09,-0.02,-0.02,0.08,0.05,0.03,0.1,-0.66,0.02,-0.1,-0.01,0.32,0.09,0.0,0.0,-0.94,0.25,1.87,0.0,0.0,0.03,0.34,0.04,1.27,0.03,0.74,0.28,0.04,0.08,0.13,0.72,0.21,0.0,0.0,0.08,0.53,0.17,0.04,0.61,0.27,0.02,0.0,3.43,0.05,0.11,0.05,0.1,0.02,0.09,-0.03,0.03,0.18,0.39,0.01,0.01,0.02
2000-01-01,0.04,0.09,0.04,0.04,-0.01,0.28,0.03,0.27,0.04,3.03,0.08,-0.03,0.02,-0.08,0.3,1.17,1.38,1.72,0.21,-0.3,-0.34,0.0,0.0,0.36,0.4,0.17,-0.08,0.31,0.18,-0.02,0.23,-0.4,0.04,2.23,0.32,0.01,0.0,0.32,0.05,0.01,0.02,0.06,3.65,0.1,0.0,-0.08,0.43,0.35,0.41,0.34,0.08,-0.02,-0.1,0.01,0.19,0.04,0.01,-0.03,0.03,-0.32,0.05,0.02,0.11,1.85,0.02,-0.1,0.01,0.07,0.14,0.0,0.0,1.01,0.82,-0.79,0.0,-0.02,0.05,0.04,0.06,-0.37,0.0,0.66,0.31,0.03,0.08,0.0,-0.45,0.25,0.01,0.02,0.11,0.36,-0.01,0.01,0.83,0.07,0.01,0.0,3.95,0.05,0.1,0.23,0.19,0.02,0.02,-0.01,0.03,0.22,0.48,0.0,0.01,0.2
2000-04-01,0.09,0.09,0.08,0.04,0.02,0.36,0.02,0.38,0.04,-1.02,0.07,0.03,0.36,0.46,0.05,-0.05,-0.01,0.09,0.04,0.49,0.41,0.0,0.0,0.12,0.21,0.29,0.05,0.24,0.19,0.02,0.34,0.18,0.03,0.78,0.35,0.02,0.0,0.71,0.05,0.35,0.29,0.04,2.96,0.01,-0.04,0.46,0.48,0.94,0.45,0.1,0.07,0.1,-0.16,0.3,0.02,0.04,0.06,0.07,0.07,0.13,0.05,-0.03,0.07,-1.64,0.02,0.09,0.03,0.13,0.08,0.0,0.0,-0.97,-0.64,1.8,0.0,0.05,0.02,0.21,0.02,0.76,0.01,0.69,0.37,0.1,0.05,0.07,0.7,0.23,0.0,0.0,0.12,0.12,0.13,0.05,0.18,-0.04,0.03,0.0,3.01,0.06,0.03,-0.18,0.31,0.01,0.04,-0.01,-0.01,0.18,0.25,0.0,0.01,0.25
2000-07-01,0.04,0.06,0.09,0.02,0.02,0.18,0.03,0.21,0.04,0.92,0.08,-0.02,-0.08,0.09,0.36,0.22,0.13,0.19,-0.08,0.06,-0.02,0.0,0.0,0.04,0.09,0.13,-0.02,0.16,0.08,0.04,0.12,0.03,0.05,1.53,0.41,0.01,0.0,0.37,0.05,0.08,0.11,0.03,2.0,-0.01,-0.04,0.09,0.54,0.63,0.48,0.06,0.04,0.09,0.05,0.05,-0.04,0.01,0.0,-0.04,0.03,0.05,0.05,0.01,0.03,0.38,0.01,0.17,0.0,0.18,0.09,0.0,0.01,0.17,0.19,0.61,-0.01,-0.03,0.06,0.04,-0.01,0.34,0.0,0.59,0.29,0.04,0.02,0.04,0.22,0.21,-0.01,0.05,0.08,0.04,0.02,0.0,0.33,0.13,0.05,0.0,2.36,0.04,0.07,-0.01,0.18,0.02,-0.05,-0.01,0.0,0.11,0.26,0.0,0.01,0.08
2000-10-01,-0.01,0.0,0.07,0.03,0.03,0.14,0.01,0.09,0.04,0.38,0.06,-0.02,0.19,0.54,0.29,0.22,0.02,0.13,-0.2,0.33,0.26,0.0,0.0,-0.07,-0.08,-0.03,-0.01,0.07,-0.06,-0.06,0.15,-0.09,0.06,1.27,0.47,0.02,0.0,0.58,0.04,0.21,0.21,0.06,1.98,-0.03,0.02,0.54,0.61,1.15,0.53,0.11,0.01,-0.06,0.02,0.18,0.01,0.0,0.02,0.0,0.09,-0.07,0.04,-0.06,0.03,0.07,0.0,0.34,-0.01,-0.01,0.09,0.0,0.01,0.66,-0.53,0.89,0.01,-0.01,0.0,-0.04,-0.02,0.5,-0.01,0.18,0.37,0.15,-0.01,0.05,0.34,0.18,0.0,0.0,0.02,-0.07,-0.03,0.01,0.28,0.1,0.07,0.0,2.27,0.09,0.03,0.01,0.08,0.01,0.02,-0.02,0.01,0.05,0.24,0.01,0.01,0.03
2001-01-01,-0.07,-0.02,0.02,0.04,-0.01,-0.26,0.0,0.03,0.04,0.88,0.05,0.0,-0.04,-0.29,0.06,-0.29,-0.53,-0.59,-0.24,-0.1,-0.11,0.0,0.0,0.25,0.18,0.09,0.03,0.18,0.14,0.07,-0.22,0.03,0.02,0.35,0.42,0.04,0.0,0.79,0.04,0.46,0.43,0.0,1.05,-0.03,0.03,-0.28,0.64,0.36,0.55,-0.06,-0.03,-0.08,-0.1,0.35,-0.09,0.01,-0.09,0.02,-0.05,-0.01,0.04,-0.07,-0.01,0.59,0.0,-0.25,0.01,-0.01,0.01,0.0,0.02,-0.23,0.88,-0.53,0.01,0.03,-0.04,-0.09,-0.05,-0.21,-0.01,0.17,0.33,0.14,-0.03,-0.04,-0.13,0.15,-0.02,0.06,0.03,0.25,0.12,-0.01,0.2,0.03,0.09,0.0,1.11,0.1,0.04,-0.02,0.08,0.01,-0.03,-0.01,0.02,0.01,0.2,0.01,0.01,-0.16
2001-04-01,-0.1,-0.09,0.06,-0.08,0.0,0.1,0.0,0.14,0.05,-0.04,0.03,0.0,-0.26,-0.61,0.22,-0.2,-0.41,-0.38,-0.21,0.23,0.17,0.0,0.0,-0.14,-0.24,0.08,-0.03,0.11,0.03,-0.03,0.06,-0.16,0.04,0.39,0.4,0.02,0.0,0.63,0.03,0.25,0.25,0.01,0.2,-0.03,0.02,-0.6,0.52,-0.08,0.44,0.03,0.0,-0.04,0.23,0.18,-0.06,-0.07,-0.03,-0.04,-0.04,-0.13,0.01,0.04,-0.02,-0.35,0.01,-0.35,0.02,0.31,0.07,0.0,0.01,-0.3,-0.09,0.43,0.0,0.0,0.05,-0.15,-0.04,0.25,-0.01,0.51,0.38,0.15,-0.02,0.05,0.17,0.19,-0.01,0.04,-0.06,-0.14,-0.15,-0.01,0.36,0.05,0.08,0.0,0.42,0.05,0.07,0.06,0.15,0.01,-0.04,-0.03,0.02,-0.09,0.23,0.01,0.0,0.1
2001-07-01,-0.15,-0.22,-0.03,0.03,0.01,-0.02,-0.03,0.04,0.05,0.6,-0.04,0.0,-0.19,0.01,0.19,-0.41,-0.48,-0.45,-0.07,-0.09,-0.06,0.0,0.0,0.02,-0.13,-0.43,-0.01,0.12,0.08,-0.01,0.02,0.17,0.03,1.02,0.52,-0.01,0.0,0.83,0.01,0.4,0.42,0.03,0.2,-0.05,-0.01,0.02,0.27,0.29,0.23,0.03,0.0,-0.02,0.43,0.34,-0.04,-0.02,-0.06,-0.1,-0.04,0.18,-0.01,-0.03,-0.1,0.25,0.0,0.21,0.0,-0.01,0.07,0.0,0.01,0.42,-0.14,0.42,-0.01,-0.02,-0.04,-0.04,-0.09,0.36,-0.01,0.07,0.43,0.14,0.0,0.0,0.45,0.24,-0.01,0.06,-0.23,0.02,-0.08,0.0,0.28,0.0,0.04,0.0,0.38,0.07,0.0,-0.02,0.06,0.02,-0.02,-0.03,-0.01,-0.33,0.3,0.01,0.0,0.05
2001-10-01,-0.09,-0.18,0.0,-0.01,0.01,0.27,0.0,-0.07,0.06,4.4,-0.05,0.01,0.06,-0.12,0.23,0.33,0.29,0.24,-0.04,0.08,0.07,0.0,0.0,0.05,-0.04,-0.82,-0.01,0.37,0.21,0.02,0.25,0.01,0.08,5.17,0.57,-0.01,0.0,0.92,-0.04,0.48,0.44,0.07,1.21,-0.06,0.03,-0.11,0.04,-0.06,0.04,-0.05,0.02,0.04,1.44,0.33,-0.12,0.05,-0.03,0.0,0.04,0.02,-0.03,0.04,-0.11,3.2,0.01,-0.18,0.0,0.62,0.08,0.0,0.0,-0.43,3.6,0.77,0.0,0.04,0.02,0.19,-0.07,0.41,-0.02,0.45,0.44,0.1,0.02,0.09,0.26,0.28,-0.02,-0.03,-0.18,0.05,-0.01,0.01,0.64,0.1,0.0,0.01,1.44,0.01,0.09,0.08,-0.06,0.03,0.07,-0.03,0.01,-0.29,0.44,0.01,0.0,0.2
2002-01-01,0.15,0.23,0.04,-0.08,0.02,0.17,-0.02,-0.01,0.06,-0.61,-0.09,0.0,-0.08,-0.17,0.2,0.09,0.09,-0.09,0.0,-0.11,-0.15,0.0,0.0,0.22,0.37,0.76,0.01,0.39,0.24,0.07,0.12,-0.02,0.09,-0.24,0.67,0.0,0.0,1.12,-0.06,0.61,0.58,0.04,0.94,-0.01,0.05,-0.17,-0.18,-0.35,-0.1,-0.18,0.02,0.11,-0.94,0.48,-0.2,0.04,0.01,0.07,0.04,-0.04,-0.05,-0.06,-0.17,-1.61,0.0,-0.09,0.02,-0.18,0.04,-0.01,-0.01,-0.04,-1.52,0.37,-0.01,0.04,0.05,0.16,-0.12,0.33,0.04,-0.27,0.51,0.14,0.03,0.04,0.15,0.31,0.0,-0.03,0.23,0.22,0.1,0.01,0.46,0.09,-0.08,0.0,1.13,0.02,0.05,0.06,-0.02,0.01,-0.01,-0.04,0.02,0.06,0.34,0.01,0.0,0.07
2002-04-01,0.08,0.0,0.05,-0.03,0.0,0.0,-0.02,0.08,0.04,0.34,-0.05,-0.02,0.43,0.59,0.31,0.15,0.1,0.01,-0.04,0.07,0.02,0.0,0.0,0.09,0.17,-0.18,0.04,0.11,0.03,0.06,0.04,0.08,0.03,0.4,0.66,-0.02,0.0,0.85,-0.02,0.38,0.38,0.04,1.33,0.01,-0.01,0.6,-0.15,0.44,-0.04,-0.1,0.04,0.03,0.06,0.35,-0.1,0.0,0.0,0.0,0.05,0.04,-0.03,0.01,-0.11,-0.07,0.0,0.16,-0.01,-0.12,0.04,0.0,-0.03,0.75,-0.84,0.06,-0.01,0.0,-0.04,0.11,-0.08,-0.09,0.0,-0.03,0.47,0.12,0.03,0.0,-0.12,0.32,0.01,-0.01,-0.02,0.09,0.02,0.01,0.19,0.1,-0.11,0.0,1.64,0.03,0.02,-0.06,0.03,0.02,0.09,-0.06,0.01,-0.13,0.23,0.01,0.0,-0.01
2002-07-01,0.02,0.09,-0.01,-0.02,0.0,-0.09,-0.01,-0.04,0.01,1.61,0.02,-0.01,0.25,0.22,0.45,0.12,0.08,0.14,-0.04,0.13,0.14,0.0,0.0,0.01,0.04,-0.29,0.0,-0.02,-0.05,0.07,-0.08,0.0,0.05,1.75,0.54,-0.03,0.0,0.48,0.02,0.08,0.06,-0.02,0.63,0.01,0.03,0.23,0.01,0.24,0.1,0.06,0.02,0.0,-0.07,0.09,0.0,0.0,-0.01,0.0,-0.01,0.0,0.0,0.02,-0.08,1.4,0.0,-0.03,-0.02,-0.35,0.08,0.0,-0.02,-0.05,1.43,0.15,0.01,0.02,-0.01,0.05,-0.08,0.1,-0.01,-0.29,0.41,0.11,0.03,-0.01,0.11,0.28,-0.03,0.03,0.06,0.01,0.04,0.0,0.17,0.09,-0.09,0.0,1.07,0.03,0.01,0.01,-0.03,0.01,0.05,-0.08,0.0,-0.02,0.15,0.01,0.0,-0.06
2002-10-01,0.0,0.06,0.02,0.0,0.01,0.47,-0.02,0.0,-0.01,-0.48,-0.06,0.0,0.02,0.23,0.27,-0.07,0.05,0.1,0.12,0.27,0.25,0.01,0.0,-0.02,-0.01,0.32,0.02,0.21,0.1,0.05,0.41,-0.05,0.07,0.57,0.21,-0.02,0.0,0.34,-0.01,-0.01,-0.08,0.02,1.41,0.0,0.12,0.23,0.16,0.4,0.23,0.05,0.06,0.08,0.0,-0.06,-0.04,0.01,0.02,0.08,0.15,-0.07,0.03,-0.01,-0.03,-1.09,0.0,0.21,0.02,0.32,0.1,0.0,-0.01,-0.62,-0.46,1.05,-0.02,0.07,0.06,0.12,-0.06,0.36,0.02,0.41,0.36,0.1,0.02,0.04,0.16,0.27,0.0,0.07,0.05,-0.02,0.16,0.01,0.27,0.11,-0.07,0.0,1.68,0.05,0.05,-0.02,-0.06,0.02,0.01,-0.1,0.02,0.02,0.24,0.0,0.0,0.24
2003-01-01,0.07,0.06,-0.01,-0.01,0.02,-0.05,-0.01,0.07,-0.04,0.06,0.0,-0.01,-0.06,-0.17,0.07,-0.06,-0.15,-0.14,-0.09,0.25,0.26,0.01,0.0,0.15,0.21,-0.09,-0.08,-0.04,-0.02,-0.03,-0.04,-0.1,-0.02,0.77,0.12,0.0,0.0,0.34,0.03,0.13,0.04,-0.01,1.14,0.03,0.11,-0.15,0.27,0.12,0.33,0.01,0.05,0.04,0.34,0.06,-0.1,0.01,-0.03,0.0,-0.05,-0.02,0.05,0.01,0.02,-0.14,0.0,-0.1,0.02,0.25,0.12,0.0,-0.01,0.16,-0.31,0.72,-0.01,0.09,-0.01,0.02,-0.03,0.62,0.0,0.55,0.22,0.07,0.03,0.09,0.35,0.18,0.01,0.15,0.06,0.14,-0.03,0.01,0.22,-0.01,-0.06,0.0,1.21,0.02,-0.03,0.07,0.01,0.03,-0.05,0.1,0.01,0.08,0.18,0.01,0.0,-0.01
2003-04-01,0.08,-0.11,-0.05,0.01,0.04,0.39,0.0,0.1,-0.03,2.36,0.02,0.01,-0.08,-0.05,0.25,0.11,-0.02,0.08,-0.13,-0.04,0.02,0.01,0.0,0.41,0.49,-0.48,0.02,0.53,0.35,0.16,0.3,0.03,0.08,3.07,0.21,0.0,0.0,0.28,0.03,-0.04,-0.1,0.09,1.34,0.0,0.07,-0.06,0.28,0.23,0.32,0.11,0.02,0.08,0.33,-0.03,0.05,0.05,0.01,0.04,0.09,0.01,0.05,0.07,0.01,0.87,-0.01,0.04,-0.01,-0.15,0.05,0.0,0.01,0.0,0.79,0.72,-0.01,0.07,0.09,0.3,-0.04,0.33,0.01,0.14,0.32,0.1,0.04,0.1,0.07,0.24,0.01,0.09,-0.11,0.41,0.21,0.03,0.67,0.1,-0.04,0.0,1.58,0.05,0.08,0.11,0.07,0.05,0.1,0.01,0.02,-0.1,0.45,-0.01,0.0,0.18
2003-07-01,0.12,0.19,0.06,0.04,0.02,0.33,0.0,0.07,0.0,2.35,-0.02,0.0,-0.13,-0.2,0.08,0.1,0.01,0.05,-0.09,0.48,0.42,0.0,0.0,0.31,0.42,0.45,0.08,0.5,0.28,0.15,0.25,0.14,0.07,3.99,0.12,0.0,0.0,0.42,-0.01,0.04,0.03,0.11,1.71,0.01,0.11,-0.23,0.38,0.15,0.36,0.04,0.03,0.1,-0.48,0.04,0.11,0.05,0.03,0.07,0.07,0.07,0.04,0.08,0.06,0.66,0.01,-0.08,-0.01,-0.03,-0.1,0.01,0.03,0.09,0.48,1.64,-0.01,0.01,0.08,0.3,0.02,0.69,0.02,0.12,0.38,0.11,0.05,0.15,0.3,0.27,0.01,-0.01,0.2,0.3,0.28,0.02,0.89,0.13,0.02,0.0,1.79,0.05,0.08,0.19,0.04,0.05,0.1,-0.02,0.04,0.26,0.59,-0.03,0.0,0.15
2003-10-01,0.0,0.05,0.01,0.06,0.02,0.03,-0.02,-0.02,0.02,0.77,-0.03,-0.02,0.15,0.16,-0.02,-0.01,0.01,-0.05,0.02,-0.05,-0.07,0.0,0.0,0.27,0.27,0.11,0.03,0.25,0.21,0.13,0.02,0.12,-0.01,1.28,0.07,0.01,0.0,0.42,0.0,0.07,0.09,0.04,1.52,0.02,0.09,0.15,0.43,0.58,0.37,-0.05,0.03,0.12,-0.21,0.1,0.14,0.06,0.02,0.07,-0.06,0.09,0.02,0.02,0.04,-0.24,0.01,0.01,-0.03,-0.1,-0.25,0.01,0.04,-0.05,-0.21,0.51,-0.01,-0.02,0.01,0.2,0.01,0.41,0.02,-0.07,0.35,0.07,0.06,0.05,0.25,0.26,0.02,-0.04,0.06,0.26,0.28,-0.03,0.56,0.09,0.06,0.0,1.5,0.05,0.05,0.14,-0.07,0.04,0.0,-0.07,0.01,0.09,0.38,-0.01,0.0,0.06
2004-01-01,0.09,0.07,0.02,0.06,0.03,0.37,-0.01,0.11,0.03,0.93,-0.05,0.0,0.09,0.07,0.13,0.19,0.46,0.5,0.26,0.31,0.28,0.0,0.0,0.12,0.21,0.07,-0.07,0.24,0.12,0.19,0.3,-0.06,0.05,1.62,0.24,0.04,0.0,0.31,-0.03,0.08,0.11,0.07,2.04,0.03,0.04,0.06,0.4,0.46,0.32,0.04,0.04,0.04,0.0,0.11,0.14,0.02,0.06,0.02,0.08,0.02,0.0,0.03,0.02,0.14,0.0,-0.02,0.01,0.07,-0.14,0.01,0.03,0.02,0.08,0.69,-0.01,-0.03,0.07,0.16,0.02,0.07,0.01,0.14,0.23,0.1,0.05,0.05,-0.17,0.1,0.0,-0.09,0.11,0.12,0.28,0.03,0.39,0.0,0.08,0.0,2.17,0.03,0.04,-0.02,0.07,0.02,0.07,0.08,0.01,0.13,0.34,-0.01,0.0,0.19
2004-04-01,0.03,0.02,0.03,0.04,0.01,-0.17,-0.02,0.18,0.03,0.14,-0.07,-0.01,-0.01,0.03,-0.04,-0.16,0.02,0.17,0.18,0.03,0.0,0.0,0.0,0.07,0.11,0.08,-0.03,0.2,0.13,-0.12,-0.14,0.01,-0.01,0.5,0.3,0.01,0.0,0.71,-0.04,0.38,0.33,0.05,1.75,0.02,0.01,0.0,0.27,0.27,0.22,0.16,0.03,-0.04,-0.01,0.34,0.1,0.01,-0.01,0.07,-0.05,0.03,0.01,0.01,0.06,-0.41,0.0,0.04,0.01,0.08,0.01,0.0,0.03,0.14,-0.56,0.36,-0.01,0.05,-0.03,-0.03,0.05,0.5,0.02,0.37,0.33,0.06,0.05,0.04,0.29,0.24,-0.01,0.09,0.03,0.07,0.01,-0.01,0.38,0.04,0.05,0.0,1.7,0.03,0.04,0.02,0.15,0.03,-0.02,0.11,0.03,0.09,0.32,-0.03,0.0,-0.1
2004-07-01,0.08,-0.02,0.01,-0.02,0.0,0.15,-0.01,0.14,0.02,1.36,-0.06,0.0,-0.14,-0.14,0.06,0.04,0.25,0.44,0.21,0.25,0.23,0.01,0.0,0.16,0.23,-0.02,0.0,0.28,0.23,0.03,0.13,-0.09,0.01,2.0,0.58,0.01,0.0,0.92,-0.04,0.54,0.43,0.03,2.71,0.01,0.06,-0.14,0.77,0.63,0.62,0.19,0.02,0.06,0.1,0.52,0.06,0.0,-0.01,0.07,0.03,-0.09,0.02,0.03,0.06,0.58,0.01,0.0,-0.01,0.08,0.08,0.0,0.05,0.19,0.36,0.65,-0.01,0.11,0.02,0.06,0.04,0.34,0.01,0.34,0.38,0.11,0.04,0.07,0.15,0.25,0.01,0.04,-0.01,0.15,0.1,0.01,0.43,0.13,0.15,0.0,2.78,0.09,0.02,0.04,0.11,0.02,0.0,-0.05,0.0,0.06,0.36,0.0,0.0,0.09
2004-10-01,0.03,-0.01,0.02,0.01,0.02,0.29,0.01,0.07,0.01,1.0,0.01,-0.01,0.27,0.19,-0.15,0.31,0.53,0.75,0.22,0.33,0.32,0.01,0.0,0.22,0.25,-0.19,-0.08,0.15,0.09,0.03,0.26,0.03,0.01,1.92,0.3,0.02,0.0,0.73,0.02,0.48,0.42,0.05,2.84,0.01,0.03,0.17,0.91,1.08,0.74,0.22,0.02,0.08,0.02,0.45,0.05,0.01,-0.03,-0.01,0.11,0.11,0.03,0.06,0.07,0.39,-0.01,-0.08,-0.02,-0.17,0.11,0.0,0.05,0.23,0.1,0.92,-0.01,0.06,0.03,0.12,0.04,0.26,0.01,-0.1,0.25,0.01,0.03,0.04,0.09,0.22,0.01,0.01,0.01,0.21,0.05,-0.02,0.34,0.11,0.18,0.0,2.68,-0.06,-0.01,0.03,0.04,0.01,0.02,0.05,-0.01,0.07,0.35,-0.01,0.0,0.13
2005-01-01,0.09,-0.08,0.02,-0.03,0.03,0.19,0.0,0.06,-0.01,0.25,0.03,0.0,-0.06,-0.02,-0.29,-0.08,0.03,0.26,0.1,0.47,0.45,0.01,0.0,0.1,0.19,0.45,0.02,0.17,0.13,0.08,0.16,0.11,0.04,1.09,-0.18,-0.01,0.0,0.13,0.03,-0.04,0.03,0.0,1.76,-0.01,0.03,-0.05,0.76,0.71,0.62,0.23,0.0,0.06,-0.36,0.11,0.04,0.05,0.02,0.09,0.0,0.09,0.03,0.03,0.06,-0.75,0.0,0.05,-0.01,0.09,0.13,0.0,0.06,-0.13,-0.64,0.84,-0.01,-0.07,0.04,0.2,0.03,0.07,0.02,0.34,0.17,0.09,0.02,0.11,-0.11,0.08,0.0,0.08,-0.09,0.09,0.16,0.01,0.63,0.14,0.14,0.0,1.48,0.06,0.09,0.06,0.06,0.02,0.07,-0.12,0.0,-0.03,0.47,-0.03,0.0,0.13
2005-04-01,0.09,0.03,0.03,-0.05,0.01,0.3,0.0,0.1,-0.01,1.4,-0.01,-0.01,0.07,0.16,0.24,0.24,0.24,0.4,0.0,0.12,0.09,0.01,0.0,0.22,0.31,-0.24,-0.05,0.2,0.19,0.11,0.23,-0.09,0.0,2.11,0.33,0.0,0.0,0.38,0.0,0.16,0.08,0.02,2.16,-0.01,0.07,0.17,0.84,1.01,0.7,0.16,-0.01,0.08,0.1,0.09,0.01,0.03,0.01,0.04,0.05,-0.04,0.01,0.04,0.04,0.54,0.0,0.1,0.01,-0.13,0.12,0.0,0.03,-0.41,0.91,0.71,-0.01,0.08,0.07,0.13,0.02,0.38,0.02,-0.11,0.22,0.07,0.01,0.02,0.08,0.16,0.01,-0.11,0.03,0.2,0.11,-0.01,0.53,0.15,0.14,0.0,2.4,0.04,0.1,0.1,0.1,0.02,0.02,0.04,0.0,0.07,0.34,0.0,0.0,0.17
2005-07-01,0.15,0.01,0.04,-0.01,0.02,-0.04,-0.01,0.06,-0.01,1.02,0.01,0.0,0.43,0.23,0.12,0.27,0.29,0.45,0.01,0.27,0.23,0.02,0.0,0.03,0.19,-0.1,-0.08,0.23,0.21,-0.07,-0.01,-0.14,0.03,1.36,0.48,0.02,0.0,0.71,0.03,0.47,0.42,-0.01,1.88,-0.01,0.04,0.26,0.3,0.56,0.29,0.16,-0.01,-0.07,0.08,0.37,0.09,0.02,0.02,0.07,-0.01,-0.06,-0.01,-0.01,0.02,0.52,0.0,-0.2,0.02,-0.01,0.07,0.0,0.01,0.08,0.44,0.34,-0.01,0.06,-0.02,0.03,0.03,0.25,0.01,-0.08,0.24,0.1,0.0,0.02,0.05,0.16,0.01,-0.14,0.03,0.02,0.01,0.02,0.24,0.04,0.01,0.0,2.0,0.0,-0.05,-0.08,0.06,0.03,0.06,0.06,0.0,0.05,0.36,0.03,0.0,-0.02
2005-10-01,0.04,-0.14,0.08,0.0,0.04,0.41,0.02,0.04,-0.02,-1.55,0.02,-0.01,-0.28,-0.33,0.53,0.02,-0.03,0.05,-0.05,0.36,0.28,0.02,0.0,0.22,0.27,0.01,-0.05,0.28,0.14,0.05,0.29,-0.01,0.07,-0.29,0.39,0.02,0.0,0.09,0.0,-0.12,-0.16,0.06,0.5,-0.01,0.08,-0.29,0.11,-0.18,0.15,0.08,-0.01,0.12,0.03,-0.14,0.07,0.03,0.02,0.08,0.08,0.03,-0.03,0.0,0.03,-2.44,0.0,-0.05,0.0,0.04,0.04,-0.01,-0.02,-0.18,-2.26,1.25,0.0,0.05,0.12,0.23,0.07,0.5,0.01,0.22,0.2,0.11,-0.01,0.1,0.23,0.11,0.01,0.05,-0.13,0.21,0.15,0.01,0.38,0.13,-0.04,0.0,1.03,0.08,0.03,-0.05,0.05,0.04,0.06,-0.05,0.02,-0.09,0.38,0.04,0.0,0.17
2006-01-01,0.07,-0.04,0.06,-0.01,0.0,0.08,0.01,0.16,-0.02,1.99,0.02,0.0,-0.42,-0.56,0.35,0.37,0.37,0.29,0.0,0.14,0.07,0.02,0.0,0.33,0.39,0.17,-0.05,0.34,0.2,0.17,0.08,-0.04,0.06,2.93,0.4,0.02,0.0,0.29,0.02,0.22,0.19,0.04,1.15,-0.01,0.05,-0.55,0.24,-0.31,0.26,-0.08,-0.03,0.11,-0.03,0.05,0.03,0.05,0.03,0.03,0.01,0.01,-0.08,0.06,0.02,0.58,0.02,-0.14,0.02,0.14,-0.07,-0.01,-0.04,-0.04,0.57,0.94,0.0,0.04,0.01,0.23,0.1,0.75,0.0,0.31,0.06,-0.01,0.01,0.08,0.31,0.09,0.02,-0.05,-0.02,0.31,0.19,0.02,0.83,0.14,-0.03,0.0,1.51,0.02,0.15,0.13,0.17,0.05,0.02,0.12,0.04,0.0,0.51,0.01,0.0,0.07
2006-04-01,0.02,0.02,0.03,0.06,0.01,-0.1,0.0,0.16,-0.01,0.03,0.02,-0.01,0.36,0.48,0.32,0.15,0.03,-0.12,-0.12,0.29,0.26,0.01,0.0,-0.15,-0.13,0.2,0.09,-0.15,-0.03,-0.06,-0.1,0.04,-0.02,0.21,0.39,0.02,0.0,0.39,0.03,0.2,0.24,-0.04,1.56,0.01,-0.03,0.49,0.25,0.75,0.26,-0.15,0.04,-0.07,0.01,0.07,-0.02,0.01,-0.05,0.05,0.0,-0.05,-0.07,-0.06,-0.01,0.05,-0.02,0.12,-0.05,0.21,-0.12,0.0,-0.01,0.17,-0.06,0.19,0.0,-0.04,0.01,-0.02,0.06,-0.05,0.03,0.55,0.19,0.02,0.03,0.05,0.11,0.18,0.01,0.14,0.05,-0.16,0.08,0.0,0.14,-0.02,-0.01,0.0,1.88,0.0,-0.07,-0.05,0.11,0.05,0.0,-0.07,-0.05,0.04,0.28,0.02,0.0,-0.11
2006-07-01,0.02,-0.01,0.02,-0.03,0.0,0.14,0.01,0.09,0.0,0.72,0.0,-0.02,0.1,0.26,0.16,0.12,0.04,-0.03,-0.07,0.07,0.04,0.01,0.0,0.11,0.14,-0.11,0.02,0.06,0.08,0.03,0.07,0.16,0.0,1.24,0.28,0.01,0.0,0.31,-0.01,0.14,0.16,0.0,1.19,0.03,0.0,0.25,0.25,0.5,0.23,-0.08,0.18,-0.01,0.07,0.12,0.0,0.01,-0.01,0.07,0.0,0.14,-0.02,0.02,0.02,0.3,0.0,0.16,0.03,-0.04,-0.1,0.01,0.02,-0.02,0.29,0.52,-0.01,-0.02,0.08,0.04,0.05,0.15,0.03,0.16,0.17,0.03,0.02,0.02,0.16,0.14,0.0,0.03,0.0,0.1,0.09,-0.04,0.32,0.01,0.01,0.0,1.35,0.03,0.1,-0.04,-0.09,0.05,0.02,-0.06,-0.03,0.03,0.3,-0.01,0.0,0.06
2006-10-01,0.07,0.08,0.05,0.09,0.02,0.14,0.02,0.26,0.01,0.71,0.07,-0.01,-0.24,-0.48,-0.05,0.13,0.34,0.35,0.22,0.42,0.37,0.01,0.0,0.33,0.4,0.01,-0.01,-0.03,0.02,0.2,0.11,0.04,0.01,1.97,0.2,0.02,0.0,0.5,0.04,0.34,0.35,-0.05,1.95,0.04,0.04,-0.49,0.25,-0.24,0.21,0.0,0.27,0.01,-0.15,0.25,0.01,0.04,0.0,0.06,0.04,0.05,0.02,0.01,0.05,0.0,0.0,-0.24,-0.04,-0.14,-0.08,0.01,0.06,0.13,-0.14,1.26,0.02,-0.01,0.03,0.13,0.03,0.65,0.04,0.4,0.16,0.09,0.02,0.03,0.36,0.06,0.0,0.1,0.1,0.33,0.39,0.0,0.61,0.1,0.03,0.0,1.9,0.04,0.05,0.09,0.0,0.04,0.05,0.15,-0.01,0.15,0.48,-0.01,0.0,0.05
2007-01-01,0.05,0.04,0.02,0.06,0.02,0.09,0.02,0.15,0.02,0.67,0.03,-0.01,0.12,0.39,0.07,0.03,0.08,0.22,0.05,0.05,0.04,0.0,0.0,-0.16,-0.12,-0.02,0.03,0.16,0.12,-0.08,0.06,-0.02,0.03,0.98,0.31,0.01,0.0,0.22,0.01,0.3,0.19,0.01,1.45,0.07,0.02,0.38,0.25,0.64,0.2,0.14,0.08,-0.04,-0.05,0.25,0.02,0.03,-0.04,0.09,0.04,-0.05,0.03,0.02,0.02,0.18,0.0,0.27,0.0,-0.07,0.01,0.02,0.08,-0.18,0.34,0.31,0.0,0.12,0.02,0.05,-0.01,0.19,0.03,0.32,-0.08,0.07,-0.02,0.05,0.16,-0.17,0.0,0.1,0.06,-0.17,0.1,-0.01,0.28,0.1,0.05,0.0,1.51,0.06,-0.05,-0.02,0.07,0.04,0.04,-0.11,0.0,0.08,0.35,-0.01,0.0,0.0
2007-04-01,0.0,-0.05,0.01,0.05,0.01,-0.01,0.02,0.1,0.01,0.51,0.03,-0.01,-0.04,-0.01,-0.13,0.11,0.05,0.13,-0.06,-0.16,-0.16,0.0,0.0,0.09,0.09,-0.03,-0.04,-0.07,0.04,-0.01,-0.04,-0.17,-0.05,0.32,0.03,-0.02,0.0,0.32,0.01,0.17,0.14,-0.04,0.86,0.05,0.0,-0.03,0.36,0.33,0.3,0.08,0.07,0.06,-0.03,0.17,-0.01,0.01,-0.05,0.03,-0.05,-0.13,0.01,0.01,0.04,0.02,0.01,0.03,0.05,-0.06,0.0,0.02,0.06,0.24,-0.23,-0.19,0.0,0.03,0.03,0.19,0.03,0.14,0.0,-0.05,0.15,0.13,-0.02,0.03,0.11,0.01,0.01,-0.2,-0.06,0.09,0.07,0.0,0.37,0.06,0.07,0.0,0.73,0.06,0.02,0.05,0.02,0.04,0.08,-0.06,-0.02,-0.03,0.3,-0.02,0.0,0.0
2007-07-01,-0.02,-0.02,-0.02,0.01,0.02,0.11,0.01,0.07,0.0,0.6,0.0,0.0,0.17,0.03,0.15,0.1,0.37,0.46,0.27,0.03,0.05,0.0,0.0,0.04,0.02,-0.05,-0.02,0.04,0.04,0.05,0.1,0.05,0.01,0.88,0.23,-0.02,0.0,0.58,-0.01,0.33,0.26,0.0,1.66,0.03,0.04,0.03,0.52,0.55,0.44,0.09,0.05,0.01,-0.16,0.08,0.03,0.01,-0.01,0.12,-0.06,0.07,-0.03,0.01,0.0,-0.08,-0.01,-0.14,-0.03,-0.21,0.01,0.01,0.04,0.13,-0.22,0.28,0.01,0.07,0.0,0.11,0.04,0.1,0.01,-0.11,0.25,0.12,-0.02,0.07,-0.06,0.13,0.01,-0.02,-0.03,0.04,0.18,0.04,0.52,0.06,0.09,0.0,1.81,0.03,0.06,0.02,0.02,0.04,0.05,0.01,-0.01,-0.03,0.41,0.0,0.0,0.14
2007-10-01,0.1,0.03,-0.01,0.04,-0.01,-0.05,0.01,0.1,0.0,0.36,0.0,-0.01,-0.19,-0.37,0.52,0.09,-0.07,-0.01,-0.16,0.12,0.14,0.0,0.0,0.16,0.26,-0.05,-0.04,-0.02,0.0,0.03,-0.03,-0.04,0.0,0.28,0.43,0.01,0.0,0.28,0.0,0.0,-0.03,-0.01,0.79,0.03,0.01,-0.37,0.67,0.31,0.57,0.06,0.06,-0.02,-0.25,-0.09,0.03,0.01,0.03,-0.02,-0.01,0.0,-0.07,-0.02,-0.07,0.1,0.01,-0.18,0.0,-0.31,0.01,0.01,0.01,-0.03,0.15,-0.08,-0.01,0.03,-0.02,0.0,0.0,-0.11,0.0,-0.08,0.28,0.06,-0.02,0.0,-0.14,0.21,0.01,0.1,0.04,0.16,0.06,0.0,0.28,0.03,0.1,0.0,1.31,0.03,0.03,-0.03,0.03,0.04,-0.02,-0.04,-0.01,-0.04,0.27,0.0,0.0,-0.02
2008-01-01,-0.02,0.01,-0.05,0.05,0.01,-0.1,-0.01,0.09,-0.01,-1.55,-0.04,-0.01,0.07,0.3,0.36,0.19,0.28,0.21,0.09,-0.16,-0.12,-0.01,0.0,-0.33,-0.35,0.01,-0.07,-0.29,-0.24,-0.12,-0.07,-0.28,-0.1,-2.26,0.56,-0.02,0.0,0.63,-0.03,0.44,0.38,0.03,1.35,0.0,-0.04,0.31,0.77,1.09,0.65,-0.07,0.05,-0.11,-0.01,0.19,0.01,-0.01,-0.08,0.02,-0.02,-0.2,-0.12,-0.07,-0.09,-0.85,-0.01,0.22,0.0,0.0,-0.06,0.0,-0.01,-0.12,-0.67,-0.71,-0.01,0.06,-0.02,-0.17,0.03,-0.17,0.01,-0.09,0.19,0.05,-0.04,0.05,0.1,0.14,0.02,-0.1,-0.01,-0.33,-0.04,-0.04,-0.24,-0.03,0.12,0.0,1.71,0.0,-0.06,-0.07,0.01,0.02,-0.05,-0.17,0.01,-0.1,-0.06,0.02,0.0,-0.06
2008-04-01,0.11,-0.09,-0.01,0.06,0.02,0.28,0.01,0.09,-0.01,-0.33,-0.02,0.0,-0.08,-0.18,0.49,0.23,0.4,0.29,0.17,-0.08,-0.06,0.0,0.0,0.03,0.14,-0.2,-0.1,-0.03,-0.06,0.02,0.22,-0.25,0.0,-0.2,0.36,0.03,0.0,0.17,-0.02,-0.09,-0.11,0.0,0.81,-0.02,0.01,-0.17,0.55,0.38,0.44,-0.11,0.05,-0.1,0.02,-0.14,0.01,0.0,-0.01,0.0,0.05,-0.16,-0.13,-0.02,-0.1,-0.56,-0.01,-0.1,-0.03,-0.18,-0.1,0.0,-0.02,0.07,-0.62,0.13,0.0,0.02,0.06,-0.07,0.03,0.18,0.01,-0.1,0.26,0.06,-0.04,0.04,0.08,0.21,-0.01,0.04,-0.06,0.03,0.09,-0.02,0.34,0.07,0.1,0.0,1.3,0.02,0.04,-0.07,0.05,0.04,-0.01,0.03,0.03,-0.16,0.39,0.01,0.0,0.15
2008-07-01,0.01,-0.04,0.0,0.03,0.0,-0.31,0.01,0.01,0.0,-1.5,0.02,-0.01,-0.18,-0.42,0.36,0.2,0.35,0.1,0.15,-0.5,-0.5,0.0,0.0,-0.19,-0.18,-0.08,-0.03,-0.43,-0.32,-0.07,-0.25,-0.48,-0.06,-2.83,0.38,0.0,0.0,0.21,0.01,0.0,0.07,-0.06,-0.57,-0.05,-0.03,-0.44,0.28,-0.15,0.2,-0.25,0.03,-0.08,0.08,0.02,-0.07,-0.02,-0.08,-0.06,-0.03,-0.46,-0.13,-0.07,-0.17,-0.73,0.0,-0.23,0.01,0.0,-0.15,-0.01,-0.03,-0.12,-0.53,-1.34,0.0,-0.07,-0.05,-0.09,-0.04,-0.05,-0.04,-0.19,0.2,0.05,-0.03,-0.01,0.08,0.15,-0.01,-0.15,-0.04,-0.19,-0.14,-0.03,-0.24,-0.01,0.09,0.0,-0.21,0.01,-0.07,-0.13,-0.02,0.03,0.0,0.0,0.01,-0.21,-0.01,-0.02,0.0,-0.23
2008-10-01,-0.06,-0.09,-0.08,-0.03,-0.02,-0.43,-0.03,-0.16,0.0,-3.17,-0.05,-0.02,0.26,0.55,0.53,0.17,0.44,0.1,0.27,-0.44,-0.36,0.0,0.0,-0.25,-0.31,0.24,0.16,-0.54,-0.33,-0.03,-0.32,0.44,-0.07,-4.02,0.36,-0.06,0.0,0.17,-0.01,0.02,0.03,-0.1,-0.07,-0.04,-0.11,0.56,0.02,0.58,-0.05,-0.34,0.0,-0.25,0.16,-0.17,-0.1,-0.05,-0.14,-0.03,-0.12,0.28,-0.14,-0.1,-0.29,-1.56,-0.02,0.29,0.08,0.4,-0.19,-0.01,-0.03,-0.16,-1.3,-0.85,0.0,-0.01,-0.11,-0.31,-0.15,-0.42,-0.05,-0.04,0.15,0.08,-0.03,-0.06,0.05,0.07,0.0,-0.18,-0.15,-0.25,-0.14,-0.06,-0.76,-0.15,0.08,0.0,0.47,0.02,-0.18,-0.31,-0.16,0.03,-0.02,-0.1,-0.04,-0.44,-0.2,0.02,0.0,-0.18
2009-01-01,-0.06,0.09,-0.03,0.04,-0.01,-0.14,-0.03,-0.08,-0.02,0.08,-0.03,-0.01,-0.13,-0.01,-0.25,0.12,0.36,-0.03,0.24,0.11,0.14,0.0,0.0,-0.35,-0.41,-0.02,0.09,-0.29,-0.16,0.03,-0.12,0.09,-0.08,0.04,0.11,-0.02,0.0,0.46,0.01,0.55,0.56,-0.03,-0.8,-0.09,-0.06,-0.07,-0.2,-0.28,-0.27,-0.39,0.03,-0.04,0.27,0.36,-0.12,0.0,-0.03,-0.04,-0.08,0.0,-0.18,-0.04,-0.36,0.29,-0.01,0.12,0.0,0.26,-0.22,-0.02,-0.04,0.31,0.03,-0.03,-0.01,-0.01,-0.02,-0.01,-0.19,-0.1,-0.04,-0.22,-0.09,0.06,-0.1,-0.04,0.03,-0.14,-0.02,-0.18,0.06,-0.35,-0.01,-0.02,0.08,-0.01,0.06,0.0,-1.05,0.0,-0.02,-0.08,-0.09,0.05,-0.01,0.0,-0.02,-0.3,0.2,-0.06,0.0,-0.03
2009-04-01,0.06,0.06,-0.02,0.01,-0.02,-0.22,-0.03,-0.12,-0.09,-0.29,-0.03,-0.01,-0.21,-0.12,-0.29,0.09,0.13,-0.14,0.04,0.2,0.22,0.0,0.0,-0.24,-0.18,-0.07,-0.02,-0.19,-0.13,-0.07,-0.17,-0.06,0.0,-0.81,0.27,-0.01,0.0,0.72,0.01,0.55,0.43,-0.04,-0.85,-0.07,-0.02,-0.14,-0.1,-0.24,-0.17,-0.27,0.01,0.04,-0.27,0.56,-0.16,0.01,-0.04,-0.04,-0.03,-0.04,-0.16,-0.03,-0.25,0.1,0.0,0.09,0.01,-0.34,-0.06,-0.01,-0.04,0.02,0.11,-0.52,-0.01,0.12,-0.05,0.04,-0.08,-0.44,-0.04,-0.69,0.17,0.13,-0.13,-0.03,0.03,0.13,-0.02,-0.05,0.05,-0.24,-0.14,0.0,-0.24,-0.01,0.08,0.0,-1.14,0.05,0.0,-0.09,-0.12,0.01,-0.02,-0.36,-0.01,-0.2,-0.15,-0.02,0.0,-0.12
2009-07-01,0.12,0.02,0.01,0.09,0.0,0.11,-0.01,-0.01,-0.05,1.97,0.01,0.0,-0.02,-0.04,0.12,-0.2,-0.32,-0.4,-0.12,0.19,0.18,0.0,0.0,-0.14,-0.02,0.13,-0.03,0.08,0.05,-0.02,0.09,-0.04,-0.01,2.25,0.35,-0.01,0.0,0.41,0.04,0.36,0.34,0.03,0.35,-0.02,0.0,-0.04,0.18,0.14,0.06,-0.08,0.05,0.03,-0.07,0.23,-0.1,0.02,0.0,0.03,0.08,-0.01,0.02,0.01,-0.01,1.43,0.0,-0.02,-0.02,0.06,0.06,-0.01,-0.03,-0.05,1.47,0.28,-0.02,0.02,0.03,0.09,-0.03,0.01,0.01,0.11,0.05,0.11,0.06,0.02,0.05,-0.01,0.0,-0.01,0.01,-0.13,0.1,0.0,0.37,-0.01,0.12,0.0,0.47,0.02,0.02,0.09,-0.05,0.04,0.0,-0.02,0.01,0.01,0.26,0.01,0.0,0.01
2009-10-01,-0.03,0.0,0.06,0.09,0.01,0.07,0.04,0.07,0.0,-0.98,0.05,-0.01,0.33,0.29,0.47,-0.29,-0.53,-0.4,-0.24,0.19,0.13,-0.01,0.0,0.0,-0.03,0.07,0.0,0.07,0.05,-0.16,0.07,0.02,-0.01,-0.7,0.14,-0.01,0.0,-0.32,0.03,-0.18,-0.23,0.03,-0.21,-0.02,0.05,0.29,0.41,0.7,0.26,0.13,0.04,-0.01,-0.2,-0.33,-0.02,0.01,-0.01,0.12,0.02,0.02,0.01,-0.02,0.05,-1.31,0.0,-0.05,0.0,-0.13,0.18,0.0,-0.03,-0.21,-1.07,0.28,-0.01,0.05,-0.01,0.02,0.04,0.01,0.03,-0.28,-0.14,-0.03,-0.08,0.06,-0.12,-0.12,-0.01,-0.15,-0.01,0.01,0.07,-0.03,0.24,0.1,0.15,0.0,0.26,0.0,0.02,-0.02,0.03,0.02,0.02,-0.07,0.0,0.04,0.27,0.01,0.0,0.04
2010-01-01,0.05,-0.07,0.11,0.07,0.01,0.28,0.06,0.13,0.01,0.5,0.12,0.0,0.15,0.05,0.06,-0.09,-0.02,0.21,0.07,0.21,0.1,-0.01,0.0,0.26,0.31,-0.02,-0.07,0.25,0.16,0.09,0.21,-0.19,0.02,0.97,0.0,-0.01,0.0,-0.08,0.04,-0.21,-0.22,0.04,1.3,0.0,0.05,0.01,0.56,0.57,0.4,0.23,0.04,0.03,-0.29,-0.06,0.04,0.02,0.01,-0.05,0.08,-0.12,0.11,0.04,0.11,-0.13,0.0,-0.1,0.0,-0.31,0.21,0.0,-0.02,-0.1,-0.07,0.47,0.01,0.02,0.07,0.16,0.0,0.17,0.03,0.12,0.12,0.02,0.05,0.07,-0.07,0.1,-0.01,0.0,-0.08,0.27,0.15,0.01,0.22,0.11,0.16,0.0,1.37,0.13,0.02,-0.08,0.1,0.08,0.03,0.01,0.03,0.04,0.27,-0.04,0.0,0.12
2010-04-01,0.06,-0.01,0.02,0.06,0.0,0.18,-0.01,0.06,0.0,1.28,0.0,0.0,-0.07,-0.13,0.14,-0.01,0.04,0.27,0.05,-0.14,-0.16,-0.01,0.0,0.25,0.31,-0.01,-0.02,0.23,0.13,0.05,0.15,0.16,-0.02,1.77,0.39,-0.02,0.0,0.59,0.04,0.47,0.4,0.08,1.73,0.0,0.07,-0.12,0.5,0.39,0.35,0.23,0.05,-0.07,0.03,0.25,0.02,0.02,0.01,0.11,0.03,0.18,-0.12,0.08,-0.07,0.76,0.0,-0.07,0.01,0.02,0.22,0.0,-0.02,0.1,0.57,0.49,-0.03,0.07,0.03,0.01,0.05,0.29,0.01,0.05,0.12,0.14,0.14,0.07,0.07,-0.03,0.0,-0.08,-0.03,0.25,0.23,-0.02,0.28,0.15,0.16,0.0,1.87,-0.09,0.03,0.04,0.01,0.04,0.02,-0.09,0.03,-0.1,0.23,0.02,0.0,0.13
2010-07-01,0.05,0.09,-0.01,-0.02,0.0,0.07,-0.05,0.08,0.04,0.64,-0.02,0.0,0.17,0.25,-0.16,-0.08,-0.06,0.08,0.01,0.04,0.06,0.0,0.0,0.13,0.18,0.08,0.03,0.04,0.07,0.08,0.05,0.08,0.01,0.97,0.48,0.03,0.0,0.96,0.02,0.49,0.49,-0.03,2.07,0.0,0.02,0.22,0.3,0.53,0.18,0.14,0.04,0.01,-0.17,0.64,-0.01,0.01,-0.01,0.1,0.0,0.04,-0.05,0.02,-0.03,0.31,0.0,0.08,-0.01,-0.09,0.16,0.0,-0.01,0.13,0.15,0.33,0.01,-0.01,0.02,0.1,0.02,0.14,-0.01,0.08,0.48,0.11,-0.04,0.03,0.1,0.33,-0.01,0.01,0.12,0.13,0.16,-0.01,0.2,0.06,0.12,0.0,1.91,0.14,0.02,-0.01,0.05,0.02,0.05,-0.05,0.0,0.09,0.2,-0.03,0.01,0.05
2010-10-01,0.01,0.04,0.03,-0.03,0.02,0.31,0.07,0.02,-0.01,1.14,0.05,0.0,0.02,0.18,-0.18,0.02,0.21,0.33,0.19,0.23,0.2,0.01,0.0,0.08,0.09,-0.05,-0.03,0.15,0.07,-0.03,0.25,-0.07,0.01,1.8,-0.02,0.0,0.0,0.1,0.0,0.22,0.15,0.05,0.86,0.01,0.06,0.15,0.15,0.3,0.05,0.12,0.04,0.04,-0.07,0.16,0.02,0.04,0.01,0.02,0.1,-0.03,0.15,0.05,0.15,0.63,0.01,0.16,0.01,-0.12,0.11,0.0,-0.01,0.03,0.55,0.66,-0.02,0.07,0.06,0.11,0.0,0.19,-0.01,-0.11,-0.11,0.04,0.02,0.08,-0.04,-0.14,-0.01,-0.02,0.04,0.07,-0.05,-0.01,0.25,0.08,0.1,0.0,0.67,-0.08,0.05,0.05,-0.01,0.0,0.03,-0.02,0.03,0.19,0.15,-0.02,0.0,0.14
2011-01-01,0.04,0.04,0.02,-0.02,0.02,0.11,-0.03,0.18,-0.03,0.36,-0.05,-0.01,-0.17,-0.4,0.22,0.12,0.23,0.24,0.11,0.01,-0.01,0.02,0.0,0.16,0.2,-0.09,-0.08,0.09,0.06,-0.07,0.08,-0.19,0.0,0.65,0.14,0.0,0.0,0.23,-0.01,-0.1,0.01,0.04,0.66,0.02,0.07,-0.4,0.07,-0.33,-0.03,0.01,0.06,0.0,0.23,-0.08,0.03,0.03,0.02,-0.09,0.04,-0.1,-0.03,-0.01,-0.01,-0.11,0.0,-0.23,0.03,0.14,-0.01,0.0,0.0,-0.27,0.17,0.3,-0.01,-0.11,0.03,0.05,0.02,0.36,-0.03,0.5,0.33,0.1,0.08,0.05,0.17,0.27,-0.04,0.13,0.03,0.14,-0.21,-0.01,0.32,0.08,0.09,0.0,0.88,-0.01,0.06,-0.02,0.16,0.02,0.0,-0.05,0.0,0.02,0.3,0.0,-0.01,0.03
2011-04-01,0.08,0.13,0.0,0.0,0.0,0.08,0.02,0.09,-0.02,-0.29,-0.03,-0.02,0.07,-0.05,0.38,0.0,-0.05,0.03,-0.05,-0.06,-0.06,0.01,0.0,0.11,0.19,0.09,-0.08,0.06,0.03,-0.01,0.04,-0.26,-0.01,-0.49,0.39,0.04,0.0,0.05,-0.04,-0.01,-0.03,0.01,0.52,0.03,0.04,-0.07,0.05,-0.03,-0.05,0.08,0.07,0.04,-0.33,0.01,0.04,0.01,-0.02,0.11,0.01,-0.18,0.18,0.0,0.15,-0.66,0.0,-0.13,-0.03,-0.24,0.05,0.0,-0.01,-0.31,-0.35,-0.19,0.0,0.02,0.04,0.07,-0.03,0.05,0.0,-0.15,0.06,0.05,-0.08,0.04,-0.08,0.03,-0.01,-0.03,0.17,0.1,0.1,-0.03,0.24,0.04,0.1,0.0,0.9,0.12,0.05,0.0,0.04,0.02,0.0,0.06,0.03,0.32,0.22,-0.02,0.0,0.03
2011-07-01,-0.02,0.09,0.05,0.06,-0.03,-0.18,-0.07,0.08,-0.02,0.36,-0.13,0.0,0.0,0.27,0.59,0.36,0.37,0.42,0.01,-0.12,-0.16,0.01,0.0,0.15,0.14,0.02,0.03,0.03,0.04,-0.02,-0.19,0.03,-0.03,0.05,0.1,0.0,0.0,-0.22,-0.05,-0.3,-0.3,0.0,0.58,0.05,0.01,0.29,0.01,0.3,-0.09,0.05,0.08,0.0,-0.13,-0.49,0.07,0.02,-0.03,0.0,-0.06,0.0,0.07,0.03,0.09,0.03,0.0,0.28,0.03,-0.12,0.0,0.0,-0.02,-0.12,0.13,-0.31,-0.02,0.0,0.01,0.08,0.02,-0.05,0.02,-0.3,0.08,0.05,0.04,0.05,0.02,0.05,-0.01,-0.13,0.09,0.15,0.06,0.01,0.22,0.02,0.1,0.0,1.17,-0.1,0.04,0.01,0.02,0.04,0.02,-0.15,0.02,0.18,0.17,0.02,0.0,-0.1
2011-10-01,0.04,-0.05,0.02,-0.07,-0.01,0.05,0.04,-0.13,0.02,0.97,-0.01,-0.02,-0.32,-0.27,-0.33,0.03,-0.08,-0.17,-0.11,-0.04,-0.06,0.0,0.0,0.03,0.08,0.1,-0.05,0.14,0.08,0.03,0.0,-0.08,0.03,0.95,0.2,0.02,0.0,0.61,-0.05,0.42,0.44,0.02,0.07,0.0,0.0,-0.3,-0.01,-0.31,-0.12,-0.09,0.0,-0.08,0.11,0.53,0.01,0.0,0.0,-0.16,0.0,-0.02,0.02,0.02,0.03,0.66,0.0,0.04,-0.01,0.21,-0.07,0.0,-0.02,-0.06,0.69,-0.02,0.0,-0.01,0.05,-0.07,0.01,0.05,0.01,0.06,0.19,0.13,-0.05,-0.02,0.1,0.03,-0.02,-0.05,-0.04,0.03,-0.19,-0.06,0.24,0.05,0.11,0.0,-0.26,0.09,0.02,0.03,-0.12,0.07,-0.03,-0.07,0.01,-0.01,0.24,-0.02,-0.01,0.02
2012-01-01,0.05,-0.04,0.06,0.1,-0.02,0.16,0.0,0.02,0.04,1.01,-0.07,0.0,-0.2,-0.65,0.33,0.56,0.37,0.12,-0.2,0.2,0.14,0.0,0.0,0.16,0.21,0.13,-0.18,0.15,0.14,0.05,0.09,-0.1,0.0,1.68,0.93,-0.02,0.0,0.91,-0.06,0.51,0.48,-0.01,0.91,0.02,0.07,-0.65,0.0,-0.66,-0.12,-0.24,0.08,0.04,-0.13,0.6,-0.02,0.02,-0.03,0.04,0.04,0.08,-0.15,0.01,-0.09,0.46,0.01,-0.46,0.01,0.0,-0.19,0.0,-0.03,0.07,0.38,0.67,0.0,0.03,0.06,0.14,0.06,0.41,0.03,0.25,0.4,0.16,-0.04,0.06,0.13,0.19,-0.01,0.22,-0.05,0.16,0.21,-0.01,0.26,0.12,0.12,0.0,1.23,0.1,0.05,0.09,-0.05,0.05,0.03,0.06,0.03,-0.15,0.12,0.0,0.0,0.07
2012-04-01,0.09,-0.01,0.05,0.06,-0.02,-0.23,-0.09,0.03,-0.03,0.08,-0.15,0.0,0.45,0.64,0.57,-0.41,-0.34,-0.58,0.07,0.18,0.13,-0.01,0.0,0.05,0.14,0.01,0.12,-0.09,-0.05,-0.04,-0.15,0.11,-0.02,-0.02,-0.06,0.03,0.0,-0.21,-0.05,-0.34,-0.34,-0.03,0.15,0.0,0.03,0.63,0.03,0.66,-0.07,-0.24,0.06,0.02,-0.08,-0.63,-0.06,-0.01,-0.05,0.19,-0.02,-0.01,0.21,0.0,0.26,-0.02,0.0,0.19,-0.01,-0.07,-0.15,0.0,-0.02,0.01,-0.03,-0.1,0.0,0.0,-0.07,0.05,0.05,-0.16,0.02,-0.38,0.13,0.03,0.21,-0.01,-0.1,0.13,-0.02,-0.24,0.03,0.06,0.24,0.0,0.15,0.04,0.1,0.0,0.73,-0.15,0.0,-0.03,-0.01,0.07,-0.03,-0.06,0.0,0.29,0.19,-0.02,0.01,-0.12
2012-07-01,0.04,-0.02,-0.05,0.03,0.0,0.19,0.02,0.05,-0.08,0.53,-0.04,-0.01,-0.05,0.21,0.09,-0.09,-0.08,-0.23,0.02,0.04,0.08,-0.01,0.0,0.07,0.11,-0.02,0.07,0.03,0.02,0.08,0.15,-0.09,0.0,0.58,0.59,0.01,0.0,0.01,-0.04,0.31,0.29,0.02,0.14,0.02,0.05,0.18,0.09,0.27,0.0,-0.16,0.04,0.06,0.05,0.5,-0.07,0.01,-0.01,-0.05,0.01,-0.17,-0.06,0.0,-0.01,0.12,-0.01,0.25,0.01,0.03,-0.08,0.0,-0.01,0.14,-0.02,0.05,-0.01,0.03,0.03,0.13,0.06,-0.08,0.01,-0.07,-0.31,-0.04,-0.09,0.0,-0.12,-0.19,-0.01,-0.13,-0.01,0.08,0.07,-0.02,0.24,0.11,0.08,0.0,0.23,0.08,0.03,0.01,0.02,0.07,0.01,-0.12,0.0,-0.01,0.23,-0.02,0.0,0.14
2012-10-01,0.06,0.03,0.03,0.08,0.01,-0.1,-0.02,0.04,-0.06,0.93,-0.05,-0.01,-0.1,-0.35,0.45,-0.1,-0.13,-0.22,-0.03,0.07,0.04,0.0,0.0,0.15,0.21,-0.14,-0.09,0.12,0.08,-0.04,-0.07,-0.16,0.0,0.94,0.09,-0.01,0.0,0.32,-0.04,-0.18,-0.16,0.01,0.21,0.08,0.03,-0.35,0.14,-0.22,0.08,-0.08,0.06,0.03,-0.17,-0.36,-0.06,0.01,0.03,0.19,0.0,-0.08,-0.08,0.01,0.0,0.49,0.0,-0.25,-0.04,-0.31,-0.02,0.0,-0.01,0.1,0.38,0.0,0.0,-0.02,-0.03,0.07,0.09,0.2,-0.02,-0.1,0.5,0.15,0.05,0.02,0.1,0.41,-0.01,0.1,0.02,0.16,0.2,0.0,0.25,0.03,0.06,0.0,0.66,0.0,0.03,0.02,-0.01,0.04,0.0,0.02,0.03,0.02,0.2,0.0,0.01,-0.08
2013-01-01,0.03,0.09,0.01,-0.04,0.02,0.18,0.01,-0.01,-0.05,1.05,-0.03,0.0,0.15,0.5,-0.45,0.1,0.18,0.34,0.08,0.19,0.18,0.0,0.0,0.25,0.27,-0.09,0.02,0.2,0.1,0.08,0.14,0.35,0.01,2.41,-0.24,0.04,0.0,-0.29,-0.03,0.1,0.03,0.07,0.66,-0.02,0.07,0.5,0.24,0.73,0.25,0.16,0.01,0.01,-0.41,0.21,0.0,0.01,-0.02,-0.01,0.06,0.32,0.01,0.06,0.06,0.33,0.0,0.35,0.0,-0.5,0.15,0.01,0.0,0.2,0.08,1.36,-0.01,0.07,0.04,0.07,0.04,0.64,0.03,-0.63,-0.4,-0.05,-0.04,0.08,0.21,-0.3,0.0,-0.17,0.13,0.24,0.05,0.02,0.44,0.17,-0.01,0.0,0.22,0.15,0.13,0.1,-0.02,0.03,0.02,0.15,0.03,0.19,0.19,-0.01,0.0,0.06
2013-04-01,-0.02,0.14,-0.01,0.0,0.01,0.07,0.04,0.23,0.09,0.21,0.03,-0.02,-0.15,-0.28,0.02,-0.17,-0.14,0.02,0.04,0.03,0.04,0.01,0.0,-0.27,-0.3,-0.02,0.04,0.12,0.03,0.0,0.04,0.18,0.01,0.29,0.36,0.01,0.0,0.58,-0.02,0.25,0.32,0.06,0.84,0.03,-0.04,-0.28,0.17,-0.11,0.2,0.15,0.04,-0.09,0.07,0.34,0.02,-0.01,-0.02,-0.04,-0.04,0.14,0.04,0.04,0.13,0.07,0.0,-0.13,0.01,0.05,0.11,0.01,0.01,-0.04,0.06,0.08,0.01,-0.06,0.03,-0.08,0.09,-0.2,-0.01,0.43,0.33,0.07,-0.03,-0.01,0.02,0.16,0.0,0.19,0.14,-0.28,-0.05,0.0,0.09,0.03,-0.02,0.0,0.86,-0.07,-0.08,0.07,0.19,0.03,0.01,-0.18,0.03,0.27,0.09,0.0,-0.01,0.07
2013-07-01,0.02,0.03,0.07,0.01,0.02,-0.01,-0.02,0.17,0.0,0.38,-0.01,-0.01,-0.14,-0.39,0.02,-0.22,-0.29,-0.15,-0.07,0.33,0.25,0.01,0.0,0.08,0.11,0.03,-0.03,0.22,0.09,0.04,-0.04,0.04,0.05,1.07,0.03,0.01,0.0,0.21,-0.02,0.16,0.13,0.05,0.54,0.01,0.06,-0.4,0.1,-0.3,0.09,0.14,0.04,-0.05,-0.06,0.01,-0.03,0.02,0.02,0.14,0.02,0.08,0.05,0.05,0.11,-0.07,0.0,-0.25,-0.01,-0.03,0.14,0.01,0.01,-0.06,-0.06,0.69,0.04,0.03,0.03,0.02,0.06,0.33,0.01,0.33,0.05,0.09,0.08,0.02,0.17,-0.04,0.0,0.0,0.04,0.08,0.2,0.01,0.22,0.06,0.01,0.0,0.57,0.11,0.01,0.08,0.13,0.06,0.01,0.01,0.03,0.15,0.12,-0.01,0.0,-0.08
2013-10-01,0.11,0.0,0.06,-0.01,0.0,0.07,-0.01,0.12,-0.03,0.43,-0.06,0.0,0.41,0.51,0.01,0.0,0.0,0.28,0.0,0.29,0.23,0.01,0.0,0.31,0.43,0.11,0.16,0.09,0.06,0.08,0.01,0.16,0.01,1.3,0.38,0.05,0.0,0.71,-0.03,0.35,0.29,0.0,2.26,0.04,0.04,0.51,0.0,0.51,-0.04,0.28,0.03,0.09,-0.12,0.38,0.02,0.0,-0.02,0.01,0.04,0.0,-0.11,0.07,-0.04,0.02,0.0,0.1,0.0,-0.01,0.23,0.01,0.01,-0.03,-0.02,0.87,-0.03,0.06,0.06,0.19,0.07,0.34,0.01,0.24,0.36,0.11,0.08,0.03,0.14,0.27,0.0,0.1,0.06,0.31,0.08,0.02,0.13,0.15,0.03,0.0,2.27,-0.02,0.02,-0.02,0.09,0.09,0.02,0.01,0.02,0.02,0.11,0.0,0.01,-0.03
2014-01-01,0.04,0.08,0.04,0.05,0.0,0.04,0.02,0.25,-0.01,0.69,-0.03,0.0,0.21,0.45,-0.12,-0.3,-0.46,-0.17,-0.16,0.22,0.18,0.01,0.0,-0.01,0.03,0.16,0.04,0.09,0.05,-0.08,0.02,-0.11,-0.01,0.97,-0.63,0.02,0.0,-0.48,-0.04,-0.38,-0.37,0.04,0.59,0.05,0.01,0.45,-0.11,0.34,-0.15,0.29,0.06,0.05,0.07,-0.51,0.03,-0.01,-0.01,0.21,0.04,-0.15,0.17,-0.01,0.22,0.32,0.0,0.24,0.0,0.22,0.23,0.01,0.02,0.08,0.25,0.28,-0.01,-0.01,0.02,0.08,0.06,0.13,0.02,0.35,-0.11,-0.06,0.02,-0.02,0.14,-0.04,0.01,-0.21,0.1,-0.01,0.2,0.0,0.2,0.05,0.04,0.0,0.47,0.04,0.0,0.08,0.19,0.08,-0.04,-0.04,0.01,0.32,0.12,0.0,0.0,-0.02
2014-04-01,-0.02,-0.03,0.08,-0.01,0.01,0.31,0.06,0.18,0.02,1.55,0.03,0.0,-0.5,-0.59,0.16,-0.04,-0.08,0.19,-0.04,0.06,-0.02,0.01,0.0,0.36,0.34,-0.08,-0.12,0.43,0.19,0.06,0.26,-0.06,0.06,2.47,0.77,0.03,0.0,1.19,-0.03,0.62,0.58,0.11,1.26,0.05,0.08,-0.58,-0.09,-0.66,-0.13,0.27,0.04,0.03,-0.14,0.61,0.03,0.02,0.0,-0.17,0.1,0.06,-0.03,0.04,0.08,0.68,0.01,-0.08,0.0,-0.22,0.21,0.01,0.01,0.3,0.35,0.92,0.0,0.04,0.05,0.16,0.11,0.6,0.04,0.2,0.58,0.27,-0.01,0.08,0.21,0.29,0.01,0.06,-0.01,0.35,-0.07,0.01,0.28,0.21,0.04,0.0,1.43,0.11,0.06,0.04,0.13,0.09,0.03,0.01,0.07,0.07,0.16,0.01,0.0,0.16
2014-07-01,0.05,-0.03,0.05,0.05,0.02,0.11,0.0,0.14,0.05,0.74,-0.01,0.0,-0.19,-0.32,0.02,0.12,0.23,0.42,0.11,0.19,0.13,0.01,0.0,0.27,0.31,-0.02,-0.02,0.17,0.12,0.05,0.13,0.08,0.0,1.5,0.54,0.05,0.0,1.19,-0.02,0.62,0.55,0.03,2.49,0.01,0.06,-0.34,-0.08,-0.41,-0.1,0.19,0.06,-0.01,-0.06,0.51,0.01,0.0,0.02,0.15,0.04,0.1,0.05,0.0,0.15,0.19,-0.01,-0.13,0.0,-0.08,0.15,0.01,0.01,0.22,-0.02,0.76,0.0,0.08,-0.03,0.09,0.1,0.39,0.03,0.53,0.56,0.15,0.07,0.01,0.13,0.37,0.0,0.25,0.03,0.26,0.28,0.02,0.28,0.13,0.02,0.0,2.52,0.15,0.06,0.05,0.08,0.08,0.02,0.05,0.02,0.17,0.16,-0.01,0.01,0.08
2014-10-01,0.02,-0.02,0.05,0.03,0.01,0.24,0.02,0.34,0.04,0.82,-0.02,-0.01,0.43,0.5,-0.15,-0.16,0.05,0.18,0.22,0.2,0.15,0.01,0.0,0.39,0.41,0.18,0.05,0.18,0.11,0.06,0.22,0.29,0.03,1.89,0.5,0.02,0.0,1.18,-0.04,0.76,0.71,0.03,2.95,0.02,0.06,0.48,-0.04,0.44,-0.05,0.13,0.06,0.02,-0.07,0.65,0.04,0.02,0.0,0.1,0.09,0.25,-0.02,0.05,-0.01,0.31,-0.01,0.07,0.0,0.1,0.08,0.01,0.01,0.3,-0.04,1.06,0.0,0.05,0.02,0.14,0.01,0.33,0.04,0.5,0.42,0.14,0.12,0.05,0.07,0.25,0.0,-0.11,0.01,0.38,0.24,0.0,0.2,0.12,0.0,0.0,2.8,0.05,0.04,-0.02,0.27,0.1,0.01,0.02,0.01,0.0,0.19,-0.01,0.0,0.12
2015-01-01,0.08,0.0,0.09,0.07,0.01,0.09,0.0,-0.08,-0.04,0.81,0.0,-0.01,0.21,0.43,-0.24,-0.05,0.23,0.32,0.28,0.24,0.15,0.01,0.0,0.18,0.26,0.07,0.16,0.16,0.09,0.04,0.06,0.35,0.01,1.68,0.18,0.03,0.0,0.79,-0.01,0.5,0.53,0.05,1.66,-0.04,0.03,0.36,-0.01,0.36,0.0,0.1,0.08,0.05,-0.21,0.42,0.05,0.0,0.01,0.08,0.0,0.18,-0.03,0.03,0.03,0.46,0.0,0.22,0.01,-0.14,0.04,0.01,0.0,0.2,0.23,0.87,0.01,-0.02,0.03,0.09,0.07,0.19,-0.02,-0.29,0.28,0.04,-0.08,0.02,0.0,0.28,0.0,-0.03,0.04,0.16,0.17,0.0,0.1,0.09,-0.01,0.0,1.43,0.06,0.02,0.1,-0.15,0.01,0.04,0.04,0.01,0.07,-0.02,-0.07,0.01,0.05
2015-04-01,0.09,-0.02,0.05,0.09,0.0,0.13,0.04,0.2,0.03,0.86,0.04,-0.01,-0.32,-0.58,0.05,-0.04,0.2,0.23,0.24,0.14,0.09,0.01,0.0,0.27,0.36,0.21,-0.12,0.2,0.1,0.03,0.1,0.01,0.02,1.38,0.05,0.01,0.0,0.51,0.0,0.08,0.07,0.06,1.35,-0.02,0.01,-0.58,0.03,-0.55,0.03,0.03,0.11,0.05,-0.17,0.0,-0.02,0.03,-0.01,0.03,0.03,0.13,0.06,0.09,0.14,0.47,0.0,-0.25,-0.02,0.04,0.04,0.01,0.0,0.19,0.2,0.52,0.0,0.02,0.03,0.11,0.08,0.24,0.02,0.49,0.43,0.15,0.07,0.05,0.08,0.25,0.0,0.17,0.0,0.26,0.17,0.0,0.08,0.11,0.0,0.0,1.4,-0.01,0.1,0.02,0.09,0.06,-0.02,0.01,0.03,0.14,-0.03,-0.01,0.01,0.06
2015-07-01,0.02,0.03,0.07,-0.02,-0.01,0.1,-0.01,-0.01,0.08,0.56,-0.01,0.0,0.0,0.0,0.3,-0.27,-0.26,-0.19,0.01,0.17,0.09,0.01,0.0,0.04,0.06,0.12,0.01,0.25,0.17,-0.02,0.07,0.13,0.0,1.47,0.17,-0.02,0.0,0.98,-0.02,0.04,0.04,0.03,1.08,-0.01,0.05,-0.02,0.08,0.06,0.07,0.07,0.02,-0.04,-0.02,-0.13,-0.01,0.01,0.01,0.03,0.05,0.12,-0.05,0.04,0.03,0.04,0.0,-0.01,0.02,0.1,0.08,0.01,0.0,-0.01,0.01,0.9,0.02,0.0,0.03,0.05,0.08,0.5,0.02,0.13,0.94,0.24,-0.01,0.08,0.2,0.62,0.01,0.04,0.0,0.02,0.01,0.02,0.23,0.13,0.01,0.0,1.38,0.04,0.03,0.08,-0.04,0.05,0.02,0.01,0.05,0.03,0.1,-0.01,-0.01,0.03
2015-10-01,-0.07,0.05,0.02,0.13,0.0,0.05,0.02,0.15,0.01,0.28,0.02,0.0,-0.19,-0.32,0.3,0.18,0.08,0.02,-0.1,0.09,0.07,0.01,0.0,0.25,0.18,0.22,-0.05,0.18,0.09,0.1,0.0,-0.02,0.02,0.6,0.46,0.0,0.0,0.03,0.0,0.08,0.09,0.02,0.73,-0.03,0.03,-0.33,0.11,-0.22,0.1,-0.05,0.12,-0.02,-0.02,0.16,-0.16,0.02,0.02,0.15,-0.02,0.03,0.05,0.02,0.1,-0.16,0.01,-0.13,-0.01,0.2,0.11,0.01,-0.01,0.15,-0.33,0.32,0.0,-0.01,0.04,0.04,0.05,0.2,0.04,0.15,-0.05,0.08,-0.03,0.01,0.09,-0.14,0.01,-0.18,0.05,0.24,0.42,0.01,0.22,0.04,0.02,0.0,1.03,0.02,0.01,0.09,0.03,0.04,0.01,0.02,0.04,0.14,0.1,-0.01,0.0,0.02
2016-01-01,-0.02,-0.03,0.04,0.04,0.03,0.23,0.0,0.24,0.05,0.57,0.01,0.0,0.06,0.1,-0.04,-0.08,-0.41,-0.61,-0.33,0.36,0.32,0.01,0.0,0.14,0.12,-0.01,0.06,0.18,0.05,0.05,0.19,0.13,0.01,1.37,0.48,0.05,0.0,1.2,-0.01,0.56,0.52,0.08,1.72,-0.03,0.02,0.1,0.13,0.23,0.12,-0.2,0.07,-0.1,0.09,0.52,-0.26,0.01,0.03,-0.02,0.1,0.07,0.11,0.02,0.13,0.11,0.0,0.04,0.0,0.08,0.07,0.01,-0.01,0.3,-0.21,0.8,0.02,0.04,0.04,-0.04,0.02,0.08,0.0,0.54,0.63,0.13,0.07,0.03,-0.14,0.45,0.02,0.1,0.04,0.13,0.08,0.02,0.33,0.1,0.01,0.0,1.68,0.05,0.08,0.03,0.16,0.04,0.01,0.03,0.04,0.17,0.2,0.0,0.01,0.07
2016-04-01,0.05,0.03,0.09,-0.06,0.03,-0.01,0.07,0.03,0.01,0.36,0.08,0.0,0.22,0.29,-0.16,-0.16,-0.32,-0.39,-0.16,0.57,0.48,0.01,0.0,-0.02,0.03,0.1,0.03,0.12,0.09,-0.03,-0.03,-0.02,0.01,1.11,0.54,0.01,0.0,0.96,0.0,0.63,0.54,0.01,1.05,0.0,0.08,0.3,0.08,0.38,0.1,-0.08,-0.01,-0.06,-0.01,0.7,-0.17,0.01,0.02,-0.01,0.0,-0.05,-0.02,0.01,0.0,0.04,0.0,0.08,-0.01,0.1,0.09,0.01,0.0,-0.12,0.15,0.74,0.01,0.09,0.02,-0.06,0.02,0.2,0.0,0.16,0.33,0.06,-0.07,0.03,-0.09,0.26,-0.01,-0.05,0.02,-0.03,-0.1,0.04,0.27,0.2,-0.03,0.0,0.89,0.05,0.01,0.0,0.05,0.01,-0.02,-0.02,0.0,0.02,0.23,0.01,-0.02,-0.05
2016-07-01,0.05,0.0,0.07,-0.02,0.0,0.15,-0.06,0.21,-0.04,1.09,-0.05,-0.01,0.2,0.17,0.44,0.2,0.17,0.2,-0.04,0.26,0.18,0.01,0.0,0.07,0.13,0.05,-0.02,0.2,0.1,0.02,0.11,0.02,0.02,1.36,0.33,-0.01,0.0,-0.32,0.0,-0.25,-0.2,0.06,1.0,-0.04,-0.01,0.19,0.06,0.25,0.12,0.04,0.05,-0.05,-0.04,-0.12,-0.05,0.04,0.02,0.2,0.02,0.04,0.1,0.05,0.17,0.59,-0.01,-0.03,0.02,0.01,0.06,0.01,0.01,0.22,0.32,0.28,0.01,-0.05,0.04,0.04,0.08,-0.15,0.05,0.33,-0.08,0.06,0.11,0.0,-0.27,-0.1,0.0,-0.07,-0.01,0.06,0.25,0.0,0.26,0.08,-0.06,0.0,1.45,0.16,-0.01,0.04,0.16,0.05,0.0,0.01,0.02,0.16,0.24,0.02,0.0,0.09
2016-10-01,-0.07,0.04,0.02,-0.02,0.01,-0.07,0.0,0.14,0.02,0.67,0.02,-0.01,-0.25,-0.3,0.03,-0.12,-0.14,0.09,-0.02,0.38,0.36,0.01,0.0,0.2,0.13,-0.17,0.0,0.09,0.01,0.01,-0.03,-0.1,0.02,0.81,0.42,0.03,0.0,0.81,0.0,0.35,0.35,0.03,1.24,-0.03,0.04,-0.27,0.02,-0.26,0.12,0.23,0.05,0.01,0.1,0.39,0.15,-0.02,-0.01,0.16,0.03,-0.09,0.02,0.07,0.07,0.39,0.0,-0.05,-0.05,-0.07,0.05,0.01,0.03,0.34,-0.02,0.14,0.01,0.0,-0.04,-0.01,0.05,-0.07,0.05,0.13,0.46,0.11,-0.06,0.0,-0.11,0.33,0.0,0.15,0.07,0.19,0.2,0.0,0.19,0.05,-0.11,0.0,1.27,-0.03,0.0,0.0,0.1,0.01,0.0,0.01,0.04,0.14,0.19,0.03,0.0,-0.07
2017-01-01,0.11,0.0,0.02,-0.05,0.01,0.19,0.0,0.11,0.09,0.35,-0.01,0.0,-0.37,-0.46,-0.06,0.1,0.27,0.5,0.17,0.32,0.3,0.01,0.0,0.39,0.5,0.24,-0.02,0.14,0.07,0.09,0.14,-0.01,-0.01,1.15,0.03,0.02,0.0,0.55,0.0,-0.02,0.03,0.04,2.03,-0.01,0.04,-0.44,-0.03,-0.47,0.11,0.23,0.02,-0.06,0.17,0.1,0.27,0.02,0.01,0.13,0.06,0.01,-0.1,-0.01,-0.08,-0.1,0.0,-0.09,0.0,0.42,-0.09,0.01,0.04,0.05,-0.15,0.8,-0.01,-0.04,0.05,0.0,0.02,0.3,0.06,0.78,0.57,0.13,0.11,0.04,0.09,0.35,-0.01,0.03,0.02,0.38,0.23,0.02,0.3,0.09,-0.14,0.0,1.96,0.13,0.0,0.11,0.1,0.04,-0.01,0.03,0.04,-0.06,0.17,0.02,0.0,0.07
2017-04-01,0.05,0.05,0.08,-0.03,0.01,0.09,0.02,0.35,0.01,0.54,0.02,0.0,0.41,0.55,-0.07,-0.2,-0.19,0.16,0.01,0.24,0.16,0.01,0.0,-0.13,-0.08,0.02,0.05,0.14,0.08,0.01,0.1,0.15,0.02,1.34,-0.42,0.04,0.0,-0.28,0.01,-0.3,-0.23,0.03,0.73,-0.01,0.05,0.58,0.02,0.59,0.11,0.35,0.03,-0.05,-0.28,-0.35,0.22,0.0,0.02,-0.01,0.06,0.1,0.02,0.02,0.01,0.01,0.0,0.14,0.02,-0.26,0.11,0.0,0.02,0.11,-0.11,0.8,0.0,-0.06,-0.01,0.01,0.0,0.32,0.03,0.24,0.02,0.03,0.07,0.05,0.19,-0.01,-0.01,0.02,0.09,-0.14,-0.01,0.03,0.36,0.11,-0.09,0.0,0.66,0.04,-0.03,0.11,0.33,0.06,0.0,-0.11,0.01,0.11,0.25,0.03,0.01,0.03
2017-07-01,0.15,0.19,0.05,-0.12,0.0,0.06,0.04,0.02,0.0,1.09,0.01,-0.01,-0.18,-0.11,-0.28,-0.1,-0.12,0.2,-0.02,0.29,0.25,0.01,0.0,0.01,0.16,0.38,0.01,0.27,0.18,0.07,0.01,-0.03,0.02,1.57,0.27,0.07,0.0,0.8,-0.02,0.55,0.46,0.03,1.45,0.0,0.07,-0.1,0.04,-0.06,0.08,0.32,-0.02,0.06,-0.06,0.55,0.09,0.01,0.04,-0.09,0.01,-0.04,0.03,0.03,0.05,0.58,0.0,0.07,0.0,0.32,0.24,0.0,-0.01,0.25,0.31,0.49,-0.01,0.09,0.05,0.14,0.01,0.16,0.0,0.18,0.25,0.07,-0.02,0.06,-0.15,0.19,0.0,-0.11,0.27,0.0,-0.15,-0.01,0.09,0.14,-0.03,0.0,1.17,-0.03,0.0,0.01,0.04,0.03,0.06,0.01,0.04,0.31,0.09,0.01,0.01,0.0
2017-10-01,-0.05,-0.1,0.07,0.01,0.0,0.17,0.0,0.06,0.07,1.59,-0.01,0.0,0.4,0.44,0.11,-0.08,-0.15,0.15,-0.07,0.41,0.34,0.0,0.0,0.28,0.23,-0.06,0.0,0.39,0.25,-0.06,0.13,-0.03,0.05,2.69,0.18,0.01,0.0,0.33,-0.02,0.15,0.09,0.05,1.65,0.03,0.07,0.44,0.1,0.53,0.07,0.3,-0.01,0.0,0.02,0.07,-0.01,0.0,0.06,-0.03,0.04,-0.04,0.22,0.08,0.27,0.69,0.0,0.04,0.02,-0.04,0.35,0.0,-0.04,0.13,0.49,1.1,0.01,0.05,0.04,0.04,0.05,0.56,0.01,0.29,0.19,0.11,0.04,0.03,0.24,0.01,0.0,0.15,-0.09,0.28,-0.07,-0.01,0.47,0.14,0.03,0.0,1.76,0.06,0.1,0.04,0.08,0.03,0.01,-0.01,0.04,0.18,0.33,0.0,0.0,0.09
2018-01-01,0.13,0.13,0.08,-0.02,-0.01,0.09,0.01,-0.01,0.03,0.56,0.04,0.01,-0.09,0.0,0.23,-0.06,-0.19,-0.07,-0.12,0.31,0.24,0.0,0.0,0.08,0.21,0.14,-0.02,0.16,0.11,0.02,0.06,-0.03,0.03,1.18,0.21,0.08,0.0,0.57,0.02,-0.04,0.02,0.02,1.52,0.04,0.02,0.01,0.16,0.17,0.07,0.11,-0.01,0.08,-0.11,-0.01,-0.04,0.02,0.06,0.33,0.03,-0.01,0.15,-0.02,0.11,-0.34,0.01,0.09,0.05,0.03,0.22,0.0,-0.06,0.13,-0.45,0.62,0.02,-0.07,0.03,0.09,-0.03,0.25,0.01,-0.02,0.62,0.18,0.11,0.02,-0.04,0.41,0.0,-0.21,0.21,0.08,0.34,0.03,0.66,0.18,0.09,0.0,1.75,-0.03,0.12,-0.05,0.0,-0.01,-0.01,-0.04,-0.01,0.32,0.55,0.02,0.0,0.04
2018-04-01,-0.06,0.08,0.0,0.04,-0.03,-0.11,0.03,0.15,-0.07,0.25,0.03,-0.01,0.19,0.14,0.29,-0.15,-0.22,-0.03,-0.07,-0.04,-0.04,0.0,0.0,0.23,0.18,0.0,-0.01,-0.05,0.01,0.04,-0.1,0.04,-0.02,0.31,0.88,0.07,0.0,0.32,0.0,0.39,0.44,-0.06,1.56,0.04,-0.01,0.13,0.16,0.29,0.07,0.19,0.04,0.01,0.18,0.59,-0.02,0.01,-0.04,-0.08,-0.04,0.05,-0.23,-0.01,-0.23,0.09,0.0,-0.05,0.03,0.18,0.24,0.0,-0.03,-0.02,0.12,0.06,0.01,-0.05,-0.01,0.11,0.01,0.18,0.03,0.83,-0.07,0.09,0.19,0.05,0.13,-0.09,0.0,0.09,0.16,0.23,0.04,-0.02,0.11,0.01,0.09,0.0,1.85,0.15,-0.02,0.02,0.11,0.03,0.07,-0.01,0.02,-0.07,0.11,-0.01,0.01,-0.03
2018-07-01,-0.01,-0.01,0.0,0.01,-0.02,0.09,0.01,0.11,0.13,0.31,-0.02,-0.01,-0.05,-0.07,0.09,-0.1,-0.12,-0.16,-0.02,0.02,0.02,0.0,0.0,0.45,0.44,0.0,-0.01,0.05,0.04,-0.01,0.09,-0.04,0.06,0.59,0.54,0.01,0.0,0.81,-0.04,0.5,0.47,-0.05,1.18,0.04,0.0,-0.05,0.14,0.09,0.06,-0.04,0.0,-0.02,0.07,0.45,-0.01,0.01,-0.01,0.04,-0.01,-0.02,-0.11,-0.01,-0.11,0.18,0.0,-0.02,0.0,0.07,-0.03,0.0,0.01,0.07,0.12,0.28,0.0,0.02,-0.01,0.0,0.0,0.21,0.02,0.04,0.31,0.18,-0.22,0.02,0.22,0.01,0.0,0.0,0.0,0.45,0.07,-0.01,0.08,0.0,0.07,0.0,1.27,0.08,-0.02,0.02,0.11,0.01,0.01,-0.02,0.0,-0.11,0.09,0.02,0.0,0.12
2018-10-01,0.13,0.02,0.03,0.02,-0.01,0.0,0.0,0.1,-0.03,0.07,-0.05,0.0,0.06,0.28,0.6,0.0,-0.05,-0.17,-0.06,0.21,0.19,0.0,0.0,-0.25,-0.12,0.14,0.0,-0.06,-0.03,0.03,-0.04,-0.02,0.02,0.65,-0.18,-0.05,0.0,-0.43,-0.04,-0.55,-0.44,-0.04,0.0,0.03,-0.01,0.29,0.12,0.4,0.06,-0.11,0.0,0.0,0.14,-0.78,-0.01,0.05,0.01,-0.12,-0.07,-0.02,0.0,-0.01,0.02,0.0,0.0,0.22,0.0,0.28,-0.16,0.0,0.04,-0.12,0.13,0.58,0.0,-0.11,0.05,0.09,0.02,0.39,0.0,0.4,0.11,0.06,0.1,0.04,0.3,0.08,0.01,-0.12,-0.03,-0.25,-0.07,0.0,0.04,0.1,0.06,0.0,0.6,0.06,0.01,-0.01,0.09,0.05,-0.01,-0.05,-0.01,-0.01,0.05,0.01,0.0,0.03
2019-01-01,-0.1,0.11,0.01,0.03,0.01,0.11,0.01,0.12,-0.02,-0.38,-0.01,0.0,-0.14,-0.19,-1.21,0.07,0.03,-0.19,-0.05,0.1,0.08,0.0,0.0,-0.05,-0.15,0.08,0.04,-0.06,-0.07,-0.07,0.1,0.13,0.02,0.36,-0.04,0.06,0.0,1.33,-0.01,1.08,0.97,-0.01,1.49,-0.01,0.02,-0.17,0.2,0.03,0.07,-0.22,0.02,0.02,0.01,1.17,-0.02,0.0,0.03,0.1,0.04,0.09,0.01,0.0,0.05,-0.73,0.0,-0.05,0.01,0.09,-0.25,0.01,0.05,-0.08,-0.65,0.74,-0.01,0.11,0.01,0.09,0.04,0.4,0.02,0.18,0.24,0.05,-0.07,0.04,0.25,0.22,-0.02,0.09,0.17,-0.05,0.08,-0.01,0.33,0.09,0.13,0.0,0.28,-0.03,0.05,-0.05,0.12,0.04,0.04,-0.05,0.0,0.22,0.34,0.01,0.0,0.05
2019-04-01,-0.1,0.07,0.08,-0.01,0.01,0.18,0.01,-0.01,0.1,1.22,0.01,0.01,-0.19,-0.3,0.23,-0.03,-0.11,-0.39,-0.08,0.47,0.38,0.0,0.0,0.37,0.27,0.14,-0.05,0.24,0.19,-0.02,0.16,-0.1,0.0,2.18,0.22,0.05,0.0,0.61,0.0,0.17,0.2,0.04,1.05,-0.01,0.05,-0.3,0.28,-0.02,0.17,-0.28,0.0,-0.02,-0.07,-0.01,-0.06,0.01,0.04,0.18,0.08,-0.05,0.16,0.03,0.2,0.34,0.0,-0.11,0.0,0.07,-0.25,0.01,0.02,-0.02,0.33,0.95,0.0,-0.04,0.02,0.03,0.04,0.4,0.02,0.08,0.44,0.2,-0.1,0.07,0.14,0.14,0.0,0.06,0.13,0.37,0.18,0.03,0.61,0.14,0.12,0.0,1.28,0.05,0.07,0.03,-0.02,0.03,0.01,-0.05,0.01,0.33,0.48,0.0,0.0,0.07
2019-07-01,0.02,0.1,0.07,0.03,0.01,0.01,0.02,0.02,0.02,1.01,0.04,0.0,0.27,0.24,0.16,0.16,0.13,-0.06,-0.03,0.45,0.38,0.0,0.0,0.36,0.38,-0.04,0.01,0.21,0.13,-0.01,0.03,-0.1,0.01,1.82,0.3,0.13,0.0,0.56,0.02,0.17,0.18,0.05,2.64,0.0,0.07,0.24,0.32,0.56,0.28,-0.18,-0.02,0.09,0.2,0.14,-0.08,-0.01,0.01,0.1,-0.02,-0.11,0.08,0.03,0.11,0.19,0.0,-0.03,0.01,0.16,-0.12,0.01,0.0,-0.16,0.32,0.8,0.0,-0.01,-0.02,0.16,0.03,0.45,0.02,0.73,0.38,0.12,0.31,0.05,0.22,0.24,0.0,0.13,0.23,0.36,0.13,0.0,0.46,0.11,0.05,0.0,2.8,0.07,0.09,0.03,0.04,0.02,0.06,-0.01,0.02,0.34,0.33,0.0,0.01,0.03
2019-10-01,0.38,0.02,0.06,0.03,0.0,0.11,0.07,0.07,0.05,0.35,0.1,0.01,-0.08,-0.05,-0.03,0.32,0.3,0.22,-0.02,-0.1,-0.16,0.0,0.0,0.06,0.43,0.16,0.01,0.15,0.07,0.0,0.13,-0.1,0.04,0.4,0.12,0.09,0.0,0.78,0.03,0.22,0.21,0.03,2.28,0.01,0.03,-0.08,0.37,0.29,0.39,-0.07,0.0,-0.01,-0.21,0.15,-0.05,-0.01,-0.04,-0.01,0.01,-0.11,-0.02,-0.02,-0.02,0.07,0.0,0.04,0.0,-0.05,-0.01,0.0,-0.02,0.05,0.05,0.05,0.01,0.01,-0.03,-0.01,-0.01,0.14,0.04,0.4,0.56,0.22,0.21,-0.02,0.07,0.29,0.0,0.06,0.12,0.05,0.06,-0.01,0.14,0.13,-0.03,0.0,2.25,-0.01,0.04,-0.08,0.08,0.01,0.0,-0.05,0.01,0.1,0.18,-0.03,0.01,0.12
2020-01-01,-0.55,-0.55,0.25,-0.08,-0.03,-0.99,-0.08,0.04,-0.3,-1.91,0.01,-0.01,-0.2,-0.39,1.77,-0.01,-0.02,-0.01,-0.01,1.84,1.59,0.0,0.0,-1.82,-2.37,-1.33,-0.03,-0.1,-0.12,-0.24,-0.76,-0.53,0.01,-0.7,0.07,-0.28,0.0,-2.62,0.09,-1.96,-1.85,-0.02,-7.68,0.0,0.11,-0.42,0.41,-0.01,0.49,0.01,0.04,-0.1,1.48,-1.7,-0.05,-0.07,0.05,-0.87,-0.26,-0.5,-0.2,-0.16,-0.3,-1.64,-0.01,-0.19,0.0,0.16,0.09,0.0,-0.04,-0.5,-0.97,1.21,0.0,-0.11,-0.23,-0.24,-0.1,0.9,-0.1,-0.23,-0.66,-0.15,-0.4,0.05,0.49,-0.21,0.0,-0.03,-0.84,-1.82,-1.29,-0.02,0.07,0.23,-0.08,0.0,-5.91,-0.01,0.06,-0.09,0.0,-0.01,-0.05,-0.04,0.03,-1.15,0.12,-0.03,-0.02,-0.47
2020-04-01,-2.52,-1.9,0.32,-0.06,-0.07,-1.52,-0.19,0.05,-1.25,0.19,-0.52,-0.05,0.42,0.64,1.35,-0.06,-0.03,-0.1,0.02,-0.02,-0.34,-0.17,0.0,-5.41,-7.93,-2.95,0.09,-0.15,-0.35,-1.27,-1.21,-1.28,0.03,-2.1,-2.17,-0.97,-0.01,-10.62,-0.22,-4.68,-4.24,0.02,-29.9,-0.12,0.0,0.61,0.46,1.07,0.5,-0.06,0.07,-0.32,2.71,-3.53,0.03,-0.14,0.25,-3.01,-0.44,-1.37,-0.51,0.06,-0.82,-0.05,-0.01,0.22,-0.02,-0.23,0.1,0.0,-0.19,0.01,-0.13,-2.29,-0.1,-0.43,-0.31,-0.93,-0.32,0.52,-0.36,-3.89,-5.94,-1.78,-2.4,0.01,-0.27,-2.91,0.02,-0.18,-2.91,-5.24,-4.7,-0.01,1.32,0.44,-0.03,0.0,-28.55,-0.48,0.49,0.44,-0.04,-0.07,-0.34,0.11,0.15,-3.74,0.41,-0.03,-0.03,-0.69
2020-07-01,1.33,0.68,0.19,0.0,0.12,3.21,0.05,0.07,1.17,9.49,0.24,0.05,-0.04,-0.07,-1.98,0.03,0.14,0.95,0.1,0.42,0.23,0.09,0.0,5.83,7.15,0.15,0.0,1.95,1.61,1.56,2.49,1.27,0.15,16.53,1.64,0.3,0.0,10.95,0.12,4.91,5.02,0.13,26.63,0.08,0.18,-0.09,0.58,0.49,0.51,0.82,0.05,0.88,0.51,3.62,0.04,0.34,0.17,0.97,0.81,1.27,0.39,0.33,0.55,3.44,0.03,-0.03,-0.02,0.66,0.21,0.0,0.57,0.87,2.24,7.04,0.07,-0.11,0.72,2.11,0.16,2.14,0.18,2.84,6.04,2.04,1.12,0.37,0.77,2.82,0.0,0.2,0.98,5.74,2.72,0.08,1.99,0.7,0.06,0.0,24.65,0.46,0.27,0.26,0.03,0.15,0.69,-0.02,0.06,1.53,1.35,-0.02,0.0,1.56
2020-10-01,0.11,0.33,-0.07,0.02,0.02,0.28,0.03,0.24,0.15,0.57,-0.13,0.01,0.02,-0.08,-0.29,0.45,0.49,0.72,0.03,-0.08,-0.01,0.01,0.0,-0.42,-0.3,0.54,-0.03,-0.02,0.05,-0.04,0.22,-0.17,0.03,1.08,0.96,0.09,0.0,2.5,-0.17,1.26,1.12,-0.09,4.97,-0.01,0.03,-0.1,0.5,0.41,0.37,0.23,0.08,0.04,-0.17,1.25,0.07,0.04,0.03,0.11,0.09,-0.14,-0.02,-0.03,-0.08,-0.14,0.01,-0.1,0.02,0.38,0.06,0.0,0.11,-0.52,0.41,0.51,0.02,0.14,0.06,0.28,-0.07,0.49,0.06,1.16,1.24,0.55,0.23,0.05,0.34,0.54,0.01,0.19,0.42,-0.43,0.15,0.01,0.44,0.08,0.13,0.0,4.68,0.24,-0.02,0.08,0.15,0.07,0.12,-0.05,-0.02,0.34,0.35,-0.02,0.0,0.11
2021-01-01,0.24,0.16,0.19,-0.01,0.06,0.8,0.08,0.18,0.13,3.45,0.17,0.01,0.08,0.21,-0.66,0.02,0.06,0.44,0.04,1.09,0.9,0.0,0.0,0.96,1.19,0.16,0.02,0.8,0.49,0.35,0.59,0.26,0.04,5.83,-0.77,-0.01,0.0,-0.2,0.05,-0.03,0.03,0.19,4.31,0.01,0.16,0.19,0.51,0.7,0.32,0.37,0.03,0.11,-0.16,-0.1,0.08,0.06,0.03,0.42,0.2,0.23,0.09,0.18,0.13,1.8,0.01,0.13,-0.03,0.01,0.13,0.0,0.16,0.98,0.64,2.38,0.04,-0.07,0.21,0.31,0.04,0.23,0.1,1.01,-0.17,-0.14,0.3,0.17,-0.42,-0.16,0.01,0.31,0.17,0.95,0.86,0.02,0.54,0.32,0.19,0.0,3.64,0.03,0.06,0.06,0.13,0.11,0.03,-0.01,0.08,0.3,0.38,-0.02,0.02,0.32
2021-04-01,0.39,0.99,0.03,0.16,0.04,1.01,0.1,0.14,0.35,1.85,0.26,0.02,-0.14,-0.21,-0.7,-0.08,-0.09,0.08,-0.01,0.51,0.48,0.01,0.0,2.82,3.21,0.47,-0.05,0.09,0.0,0.25,0.81,0.69,0.02,4.94,0.65,0.13,0.0,2.1,0.11,1.09,0.94,0.05,9.86,-0.05,0.06,-0.21,0.52,0.31,0.33,0.17,0.04,0.1,-0.22,1.36,0.01,0.07,0.07,0.75,0.3,0.73,0.4,0.13,0.43,0.74,0.01,-0.06,0.01,0.24,0.05,0.0,0.11,0.09,0.52,3.09,0.05,0.14,0.2,0.37,0.03,0.88,0.11,1.35,1.01,0.24,0.61,0.15,0.43,0.43,0.01,-0.13,1.13,2.81,1.27,0.03,0.65,0.2,0.18,0.0,9.16,0.27,0.11,0.07,0.09,0.08,0.11,-0.03,0.03,1.56,0.43,0.0,0.01,0.47
2021-07-01,0.41,0.66,-0.07,0.14,-0.02,-0.21,0.08,0.02,-0.01,-3.52,0.17,0.01,-0.02,0.01,0.13,0.11,0.04,0.14,-0.07,-0.07,0.0,0.01,0.0,0.7,1.1,0.84,-0.01,-0.41,-0.23,0.01,-0.07,0.26,0.02,-3.44,0.37,0.3,0.0,1.14,0.04,0.46,0.46,-0.13,6.46,0.0,-0.04,0.03,0.48,0.5,0.32,0.1,0.0,0.05,-0.15,0.24,0.03,-0.02,-0.03,0.73,-0.06,0.27,0.36,-0.12,0.42,-2.78,0.0,0.03,-0.01,0.68,0.01,0.0,0.06,-0.57,-2.09,0.08,0.05,0.0,-0.13,0.02,0.06,0.1,0.1,1.21,0.68,0.37,0.24,0.04,0.21,0.32,-0.01,0.16,0.98,0.68,0.97,0.01,-0.36,0.03,0.15,0.0,6.59,-0.06,-0.14,-0.15,0.03,0.0,-0.02,-0.1,-0.07,1.4,-0.08,0.02,0.01,0.01
2021-10-01,0.19,0.17,0.12,0.04,-0.01,-0.03,0.04,0.09,0.09,1.01,0.01,0.0,-0.06,-0.22,0.41,0.29,0.16,0.24,-0.12,0.04,-0.08,0.01,0.0,-0.21,-0.01,0.47,-0.03,0.01,-0.06,0.04,-0.05,0.08,0.03,1.54,0.78,0.09,0.0,0.84,-0.01,0.37,0.32,0.01,2.48,0.03,0.05,-0.2,0.47,0.28,0.34,0.07,0.02,0.15,-0.64,0.37,0.04,0.01,0.07,0.54,-0.04,0.11,0.08,-0.02,0.01,0.24,0.0,-0.16,0.01,-0.17,0.02,0.0,0.01,0.13,0.12,0.53,-0.03,0.05,0.02,0.22,-0.08,0.44,0.02,0.2,0.48,0.16,0.1,0.13,0.13,0.23,0.0,-0.07,0.27,-0.22,0.64,0.02,0.55,0.12,0.13,0.0,2.89,0.21,0.05,0.27,0.07,0.03,0.03,-0.08,0.03,0.28,0.22,0.03,0.02,0.0
2022-01-01,0.09,-0.19,0.04,0.02,-0.02,-0.25,0.03,0.12,0.11,0.01,0.05,-0.01,0.31,0.53,0.54,-0.13,-0.34,-0.33,-0.21,-0.24,-0.29,0.01,0.0,-0.17,-0.08,0.31,0.01,-0.16,-0.16,-0.07,-0.19,-0.15,-0.03,-0.6,-0.02,0.11,0.0,0.08,0.02,-0.25,-0.3,0.02,1.03,0.01,0.01,0.54,0.45,0.99,0.34,0.01,0.02,-0.04,-0.26,-0.56,0.03,-0.01,-0.01,0.16,-0.07,-0.17,0.08,0.01,-0.02,0.12,-0.01,0.22,-0.01,0.05,0.01,0.0,-0.04,-0.79,0.91,-0.61,0.0,0.05,-0.05,-0.05,-0.1,0.03,-0.05,0.38,0.33,0.01,0.08,0.04,0.05,0.21,0.0,0.09,-0.06,-0.18,0.06,-0.02,0.1,0.01,0.11,0.0,1.57,-0.02,-0.08,0.05,0.1,0.04,-0.03,-0.05,0.01,-0.08,0.16,0.01,0.02,-0.11
2022-04-01,0.31,0.11,-0.02,-0.03,0.01,0.17,0.02,0.08,-0.01,-0.26,0.04,0.0,0.07,0.09,0.44,-0.03,-0.19,-0.16,-0.16,-0.41,-0.39,0.01,0.0,1.14,1.45,0.96,-0.11,-0.01,0.0,0.02,0.13,-0.18,-0.01,-0.53,0.13,0.0,0.0,0.21,0.01,-0.21,-0.23,0.02,2.67,0.04,0.01,0.12,0.37,0.49,0.29,0.03,0.02,-0.03,-0.61,-0.31,0.04,0.0,-0.05,0.27,0.07,-0.07,-0.04,-0.03,-0.13,-0.18,0.0,0.02,0.0,0.35,0.03,0.0,-0.04,0.21,-0.37,-0.28,0.01,0.01,0.04,0.1,-0.08,0.14,0.07,0.35,0.42,0.2,0.01,0.02,0.22,0.23,-0.02,-0.13,0.11,1.13,0.34,0.0,-0.16,0.0,0.08,0.0,3.11,-0.04,-0.06,-0.26,0.08,0.08,0.05,-0.05,-0.02,-0.02,0.16,0.03,-0.01,0.05
2022-07-01,0.18,0.01,0.01,-0.02,-0.01,-0.07,0.07,0.1,-0.01,-0.22,0.12,0.01,-0.24,-0.35,0.12,0.11,0.25,0.27,0.14,-0.39,-0.4,0.01,0.0,0.11,0.29,0.46,0.01,-0.06,-0.1,0.0,-0.06,-0.09,0.0,-0.78,0.81,0.16,0.0,0.9,0.02,0.67,0.63,0.05,2.19,0.0,-0.03,-0.34,0.28,-0.06,0.22,0.02,0.06,-0.06,-0.12,0.7,0.04,-0.01,-0.01,0.0,0.02,-0.1,-0.13,-0.02,-0.19,-0.24,0.0,-0.12,0.01,0.35,0.02,0.0,-0.04,-0.07,-0.15,-0.56,0.03,0.03,-0.01,-0.01,-0.06,-0.01,0.09,0.74,0.23,0.05,0.06,-0.02,0.18,0.19,-0.01,-0.05,0.17,0.1,0.07,0.02,0.09,-0.09,0.05,0.0,2.3,0.16,0.02,0.0,0.05,0.03,0.03,-0.05,-0.01,-0.02,0.05,0.01,0.01,-0.06
2022-10-01,0.0,0.05,-0.01,-0.12,0.0,0.0,0.01,0.0,-0.01,-0.23,-0.05,0.0,0.11,0.26,-0.3,-0.04,0.2,0.16,0.23,-0.1,-0.08,0.01,0.0,-0.05,-0.06,0.3,-0.03,0.01,0.06,0.14,-0.05,0.02,0.04,-0.22,0.41,0.11,0.0,1.17,-0.02,0.77,0.73,-0.03,1.74,0.02,-0.07,0.26,0.18,0.44,0.15,-0.04,0.01,-0.11,-0.42,0.72,-0.01,-0.02,0.02,0.19,0.0,0.05,-0.14,-0.02,-0.19,-0.07,0.0,0.16,0.0,-0.12,0.0,0.0,-0.03,-0.02,-0.03,0.02,-0.03,0.04,0.05,-0.13,-0.05,0.1,0.0,-0.14,0.4,0.25,0.02,-0.04,0.24,0.16,-0.01,-0.03,0.16,-0.06,0.2,0.01,-0.05,0.01,0.02,0.0,1.44,0.02,0.01,-0.13,0.0,0.03,-0.03,-0.08,-0.05,-0.03,0.06,0.0,0.0,-0.05
2023-01-01,-0.01,-0.12,0.01,-0.05,-0.02,0.13,0.04,-0.02,0.07,1.85,0.06,0.01,-0.23,-0.44,-0.47,0.12,0.48,0.44,0.36,-0.15,-0.16,0.01,0.0,0.48,0.47,0.37,0.02,0.15,0.11,0.0,0.1,0.19,0.0,2.4,-0.1,0.07,0.0,1.55,0.02,0.31,0.16,0.07,3.02,0.02,0.03,-0.41,0.09,-0.32,0.1,-0.04,0.01,-0.01,-0.06,0.37,0.0,0.01,0.06,0.25,0.01,0.17,0.08,0.04,0.08,1.12,0.0,-0.2,-0.02,0.32,-0.02,0.0,-0.02,0.44,0.64,0.55,0.0,0.15,0.03,0.08,0.0,0.38,0.03,0.61,1.24,0.55,0.06,0.07,0.11,0.62,-0.02,0.01,-0.05,0.47,0.24,0.02,0.5,0.17,0.0,0.0,2.55,0.17,0.06,-0.05,-0.01,0.05,0.02,-0.04,-0.03,0.03,0.46,0.02,0.01,0.11
2023-04-01,0.03,0.21,0.0,0.0,-0.01,-0.17,0.05,0.02,-0.02,-0.03,0.06,0.0,-0.08,0.0,-0.11,0.22,0.67,0.69,0.45,-0.06,-0.06,0.0,0.0,-0.19,-0.16,0.16,0.04,-0.04,-0.1,-0.06,-0.15,0.04,0.04,-0.11,0.07,0.02,0.0,0.46,0.0,0.29,0.21,0.03,1.21,-0.06,-0.02,-0.01,0.1,0.09,0.09,0.01,0.02,-0.01,-0.25,0.18,0.01,0.01,0.02,0.04,-0.06,-0.01,-0.2,0.05,-0.16,-0.28,-0.01,0.07,0.0,-0.09,0.02,0.0,-0.02,-0.31,-0.02,-0.07,0.0,0.08,-0.02,-0.02,0.04,0.12,0.01,0.07,0.17,-0.11,0.06,-0.05,0.29,0.29,0.0,-0.04,0.24,-0.2,-0.01,0.0,0.3,-0.04,0.0,0.0,1.1,0.13,0.07,-0.02,0.01,0.01,-0.02,-0.06,-0.01,0.07,0.25,-0.01,0.0,-0.08
2023-07-01,0.11,0.07,0.01,0.01,0.01,0.14,0.02,0.1,0.0,0.47,0.03,0.0,0.3,0.26,0.01,-0.13,0.08,0.1,0.21,0.13,0.12,0.01,0.0,0.3,0.41,0.1,-0.03,0.14,0.09,0.13,0.11,-0.1,0.0,1.12,0.07,0.03,0.0,0.51,0.01,0.13,0.17,0.04,1.42,-0.02,0.06,0.25,0.11,0.36,0.1,0.02,0.03,0.01,-0.18,0.06,0.02,0.03,0.09,-0.07,0.02,-0.07,-0.1,0.08,-0.1,-0.23,0.0,-0.04,0.0,-0.08,0.02,0.0,-0.01,-0.09,-0.22,0.65,0.0,-0.04,0.02,0.07,0.0,0.48,0.05,-0.09,0.38,0.36,0.03,0.0,0.21,0.03,0.01,-0.13,0.1,0.29,0.12,0.01,0.5,0.17,0.01,0.0,1.42,-0.01,0.05,0.03,0.07,0.02,0.01,-0.05,0.0,0.0,0.41,-0.01,0.0,0.08
2023-10-01,0.13,0.04,0.04,0.03,0.01,0.1,-0.01,0.06,-0.01,0.33,-0.02,0.01,-0.15,-0.19,-0.04,-0.05,-0.05,-0.01,0.01,0.12,0.07,0.01,0.0,0.27,0.4,0.41,-0.01,0.1,0.01,0.01,0.11,0.07,0.04,1.09,0.56,0.08,0.0,1.26,0.0,0.57,0.44,0.05,2.44,0.03,0.1,-0.18,0.14,-0.04,0.12,0.04,0.02,0.06,-0.2,0.6,0.04,0.01,0.0,-0.02,0.02,0.08,0.05,0.03,0.03,-0.22,0.0,-0.05,-0.01,0.21,0.01,0.0,-0.01,-0.09,-0.16,0.77,-0.01,0.13,0.0,0.13,-0.02,0.48,0.01,0.62,0.69,0.42,0.07,0.04,0.34,0.28,-0.01,0.12,0.13,0.26,0.03,0.02,0.31,0.09,0.03,0.0,2.4,0.14,0.02,0.01,0.06,0.03,0.03,-0.09,0.0,0.16,0.26,0.02,0.01,0.08
2024-01-01,0.03,0.08,-0.03,-0.02,0.0,0.08,0.07,-0.04,0.06,-0.19,0.09,0.0,-0.01,-0.04,0.41,0.25,0.47,0.45,0.22,-0.01,0.03,0.01,0.0,-0.2,-0.18,0.12,0.01,0.0,-0.01,0.03,0.09,-0.21,0.01,-0.37,0.94,0.17,0.0,1.12,0.03,0.53,0.43,-0.02,1.89,0.01,0.03,-0.04,0.17,0.13,0.13,-0.02,0.0,0.07,-0.07,0.53,-0.01,0.01,0.02,0.1,0.01,-0.22,-0.2,-0.01,-0.23,-0.3,0.0,-0.03,0.0,0.05,0.0,0.0,-0.01,-0.07,-0.22,-0.18,0.0,0.1,-0.01,0.15,-0.03,-0.04,-0.01,0.24,0.59,0.35,0.06,0.0,-0.15,0.18,-0.01,0.07,0.25,-0.21,0.1,0.01,-0.05,0.12,0.04,0.0,2.3,-0.01,0.01,-0.08,-0.04,0.03,0.04,-0.07,0.02,0.02,0.0,0.0,0.0,0.08
2024-04-01,0.0,0.11,0.03,-0.02,0.01,-0.08,0.05,0.01,0.04,0.59,0.03,0.0,0.16,0.13,0.48,-0.15,-0.1,-0.06,0.05,0.16,0.13,0.01,0.0,-0.01,-0.02,0.0,-0.01,0.19,0.06,0.12,-0.07,0.17,0.07,0.93,0.25,0.14,0.0,0.52,-0.03,-0.09,-0.1,0.06,1.4,-0.01,0.02,0.14,0.2,0.34,0.16,0.04,-0.01,-0.06,-0.07,-0.23,0.01,0.02,0.01,-0.02,-0.02,0.18,0.21,0.01,0.19,0.23,0.0,-0.03,0.01,-0.07,0.03,0.0,0.01,0.05,0.18,0.35,0.01,0.01,-0.01,-0.01,-0.03,0.1,0.0,0.07,0.62,0.24,-0.08,0.03,0.11,0.34,0.0,0.2,0.26,-0.02,0.08,0.01,0.17,-0.03,0.03,0.0,1.88,0.0,-0.01,0.04,0.02,0.03,0.0,-0.06,0.01,0.45,0.13,0.01,0.01,-0.07
2024-07-01,-0.03,0.04,0.01,-0.07,0.01,0.05,0.01,0.06,0.03,0.81,0.01,0.0,-0.17,-0.1,0.26,-0.01,0.28,0.32,0.3,0.21,0.2,0.01,0.0,0.13,0.11,0.08,0.01,0.22,0.16,0.01,0.02,0.08,0.01,1.75,0.9,-0.02,0.0,1.16,0.01,0.58,0.44,0.01,1.69,-0.01,0.08,-0.08,0.22,0.14,0.19,0.03,0.06,0.03,-0.06,0.64,0.01,0.0,0.01,0.05,0.04,0.07,-0.16,0.0,-0.17,0.32,0.0,0.07,-0.01,0.03,0.02,0.0,0.01,0.26,0.05,0.94,-0.01,0.14,0.03,0.03,-0.01,0.6,0.03,0.1,0.59,0.17,0.03,0.06,0.47,0.38,0.0,-0.08,0.02,0.13,0.01,0.0,0.23,0.05,0.03,0.0,1.95,0.06,0.07,0.05,0.0,0.0,0.0,-0.06,0.04,-0.15,0.12,0.02,0.01,-0.02
2024-10-01,0.03,0.01,0.04,0.0,0.01,0.13,0.0,0.19,-0.01,1.3,0.0,-0.01,0.05,-0.04,-0.04,0.06,0.23,0.25,0.17,0.13,0.09,0.01,0.0,0.17,0.21,0.36,0.04,0.13,0.11,0.16,0.13,-0.04,0.01,1.93,0.07,0.03,0.0,0.78,-0.02,0.36,0.29,0.02,2.14,0.0,0.02,-0.02,0.22,0.2,0.18,0.02,0.08,-0.03,-0.12,0.1,-0.01,0.03,0.02,0.03,0.0,-0.08,0.05,0.04,0.07,0.68,0.0,-0.09,0.01,0.24,0.02,0.0,0.01,0.19,0.44,0.63,0.01,0.07,0.0,0.05,0.02,0.41,-0.02,0.41,0.42,0.31,-0.01,0.05,0.15,0.11,-0.01,0.01,0.05,0.17,0.17,0.03,0.44,0.19,0.03,0.0,2.1,-0.01,0.05,0.07,0.11,0.02,0.04,-0.04,-0.01,0.12,0.29,0.02,0.0,0.12
