Date,Compensation of employees,"Disposable personal income, current dollars",Employer contributions for employee pension and insurance funds,Employer contributions for government social insurance,Equals: Disposable personal income,Equals: Personal saving,Farm,Government,Government social benefits to persons,"Less: Contributions for government social insurance, domestic",Less: Personal current taxes,Less: Personal outlays,Medicaid,Medicare,Nonfarm,Other,"Other current transfer receipts, from business (net)",Personal consumption expenditures,Personal current transfer payments,Personal current transfer receipts,Personal dividend income,Personal income,Personal income receipts on assets,Personal interest income,Personal interest payments,"Personal outlays, current dollars",Private industries,Proprietors' income with inventory valuation and capital consumption adjustments,Rental income of persons with capital consumption adjustment,Social security,Supplements to wages and salaries,To government,To the rest of the world (net),Unemployment insurance,Veterans' benefits,Wages and salaries
1959-01-01,277993.0,,17979.0,7716.0,351542.0,39604.0,11146.0,45463.0,22656.0,13596.0,40229.0,311938.0,,,38905.0,5218.0,1248.0,306091.0,792.0,23904.0,11844.0,391771.0,38449.0,26605.0,5054.0,,206835.0,50052.0,14969.0,9456.0,25695.0,336.0,456.0,3443.0,4539.0,252298.0
1959-02-01,279327.0,0.4,17966.0,7740.0,352932.0,37477.0,10872.0,45437.0,22860.0,13632.0,40750.0,315456.0,,,39130.0,5326.0,1284.0,309554.0,792.0,24144.0,12156.0,393682.0,38871.0,26715.0,5109.0,1.1,208185.0,50002.0,14970.0,9792.0,25706.0,336.0,456.0,3141.0,4601.0,253622.0
1959-03-01,281917.0,0.6,18004.0,7800.0,355198.0,36538.0,10589.0,45468.0,22692.0,13740.0,41295.0,318660.0,,,39604.0,5356.0,1284.0,312702.0,789.0,23976.0,12252.0,396493.0,39175.0,26923.0,5169.0,1.0,210645.0,50193.0,14971.0,9864.0,25804.0,333.0,456.0,2932.0,4540.0,256113.0
1959-04-01,284413.0,0.8,17989.0,7836.0,358207.0,39987.0,10057.0,45738.0,22668.0,13800.0,41664.0,318220.0,,,40116.0,5436.0,1308.0,312193.0,796.0,23976.0,12348.0,399871.0,39679.0,27331.0,5231.0,-0.1,212850.0,50173.0,15430.0,9888.0,25825.0,324.0,472.0,2808.0,4536.0,258588.0
1959-05-01,286642.0,0.6,17978.0,7872.0,360347.0,38125.0,9864.0,45840.0,22500.0,13884.0,42060.0,322222.0,,,40448.0,5332.0,1320.0,316130.0,792.0,23820.0,12444.0,402407.0,40084.0,27640.0,5300.0,1.3,214953.0,50313.0,15432.0,10068.0,25850.0,320.0,472.0,2600.0,4500.0,260792.0
1959-06-01,288320.0,0.6,18076.0,7956.0,362576.0,38219.0,9661.0,45954.0,22668.0,14028.0,42234.0,324357.0,,,40872.0,5312.0,1332.0,318193.0,788.0,24000.0,12600.0,404810.0,40553.0,27953.0,5376.0,0.7,216334.0,50533.0,15433.0,10128.0,26032.0,316.0,472.0,2704.0,4524.0,262288.0
1959-07-01,288168.0,0.1,18095.0,7980.0,362767.0,38718.0,9427.0,46071.0,22776.0,14016.0,42656.0,324049.0,,,41059.0,5441.0,1332.0,317787.0,794.0,24108.0,12636.0,405423.0,40893.0,28257.0,5468.0,-0.1,216023.0,50486.0,15784.0,10248.0,26075.0,314.0,480.0,2582.0,4505.0,262094.0
1959-08-01,286166.0,-0.4,18128.0,7836.0,361158.0,34656.0,9282.0,46227.0,22692.0,13800.0,42559.0,326503.0,,,40850.0,5383.0,1344.0,320161.0,793.0,24036.0,12816.0,403717.0,41400.0,28584.0,5548.0,0.8,213976.0,50132.0,15784.0,10356.0,25964.0,313.0,480.0,2582.0,4371.0,260202.0
1959-09-01,286443.0,0.3,18231.0,7812.0,362258.0,31611.0,9371.0,46411.0,23064.0,13764.0,42822.0,330647.0,,,41076.0,5508.0,1344.0,324228.0,792.0,24408.0,12840.0,405080.0,41762.0,28922.0,5627.0,1.3,213990.0,50447.0,15783.0,10428.0,26043.0,312.0,480.0,2684.0,4444.0,260401.0
1959-10-01,287161.0,0.3,18279.0,7824.0,363400.0,34105.0,9918.0,46344.0,23172.0,13788.0,43172.0,329295.0,,,40504.0,5548.0,1356.0,322794.0,792.0,24528.0,12900.0,406572.0,42204.0,29304.0,5709.0,-0.4,214714.0,50422.0,16045.0,10572.0,26103.0,312.0,480.0,2680.0,4372.0,261058.0
1959-11-01,289477.0,0.8,18361.0,7872.0,366258.0,36824.0,10126.0,46649.0,23712.0,13872.0,43665.0,329434.0,,,40545.0,5537.0,1356.0,322860.0,792.0,25068.0,12888.0,409923.0,42536.0,29648.0,5782.0,0.0,216595.0,50670.0,16043.0,10620.0,26233.0,312.0,480.0,3195.0,4360.0,263244.0
1959-12-01,293922.0,1.1,18501.0,8016.0,370244.0,40730.0,10208.0,47047.0,23544.0,14088.0,44362.0,329513.0,,,40518.0,5523.0,1356.0,322871.0,792.0,24900.0,13116.0,414606.0,43105.0,29989.0,5850.0,0.0,220357.0,50726.0,16040.0,10680.0,26517.0,312.0,480.0,2885.0,4456.0,267404.0
1960-01-01,297924.0,0.2,18602.0,9240.0,370842.0,40577.0,9631.0,47303.0,23052.0,16404.0,44861.0,330265.0,,,40377.0,5550.0,1344.0,323603.0,757.0,24396.0,13176.0,415703.0,43550.0,30374.0,5905.0,0.2,222779.0,50007.0,16230.0,10680.0,27842.0,309.0,448.0,2499.0,4323.0,270082.0
1960-02-01,298830.0,0.1,18738.0,9252.0,371290.0,39224.0,9590.0,47732.0,23208.0,16428.0,45322.0,332065.0,,,40116.0,5561.0,1332.0,325338.0,759.0,24540.0,13176.0,416612.0,43737.0,30561.0,5969.0,0.5,223107.0,49707.0,16226.0,10728.0,27990.0,311.0,448.0,2499.0,4420.0,270839.0
1960-03-01,299450.0,0.2,18860.0,9264.0,371945.0,34996.0,9708.0,48101.0,23652.0,16440.0,45693.0,336949.0,,,39821.0,5641.0,1320.0,330150.0,764.0,24972.0,13164.0,417638.0,43904.0,30740.0,6034.0,1.5,223225.0,49528.0,16224.0,10872.0,28124.0,316.0,448.0,2706.0,4433.0,271326.0
1960-04-01,301193.0,0.8,18952.0,9252.0,374737.0,31356.0,10365.0,48427.0,23760.0,16452.0,45870.0,343381.0,,,40143.0,5664.0,1320.0,336482.0,788.0,25080.0,13188.0,420607.0,43896.0,30708.0,6111.0,1.9,224561.0,50509.0,16381.0,10908.0,28204.0,320.0,468.0,2756.0,4432.0,272989.0
1960-05-01,301993.0,0.3,19039.0,9252.0,375953.0,38945.0,10653.0,48661.0,23856.0,16428.0,46102.0,337007.0,,,40176.0,5676.0,1296.0,330042.0,795.0,25152.0,13260.0,422055.0,44129.0,30869.0,6171.0,-1.9,225042.0,50829.0,16379.0,10968.0,28291.0,327.0,468.0,2756.0,4456.0,273702.0
1960-06-01,301963.0,0.1,19172.0,9288.0,376456.0,39327.0,10836.0,48820.0,24288.0,16488.0,46112.0,337129.0,,,39971.0,5724.0,1308.0,330102.0,802.0,25596.0,13296.0,422568.0,44314.0,31018.0,6225.0,0.0,224683.0,50806.0,16377.0,11124.0,28460.0,334.0,468.0,2960.0,4480.0,273503.0
1960-07-01,302892.0,0.3,19235.0,9300.0,377745.0,39278.0,10918.0,49716.0,24348.0,16524.0,46344.0,338467.0,,,40001.0,5794.0,1296.0,331366.0,832.0,25644.0,13440.0,424089.0,44614.0,31174.0,6269.0,0.4,224640.0,50919.0,16544.0,11196.0,28535.0,344.0,488.0,2997.0,4361.0,274356.0
1960-08-01,302354.0,-0.1,19324.0,9264.0,377520.0,38754.0,11008.0,49855.0,24720.0,16500.0,46600.0,338766.0,,,39846.0,5830.0,1296.0,331613.0,840.0,26016.0,13536.0,424120.0,44854.0,31318.0,6313.0,0.1,223912.0,50854.0,16542.0,11244.0,28588.0,352.0,488.0,3101.0,4545.0,273766.0
1960-09-01,302474.0,0.2,19428.0,9276.0,378278.0,37679.0,11101.0,50045.0,25152.0,16500.0,46640.0,340599.0,,,39739.0,5764.0,1308.0,333397.0,848.0,26460.0,13632.0,424918.0,45104.0,31472.0,6353.0,0.5,223724.0,50840.0,16541.0,11316.0,28704.0,360.0,488.0,3514.0,4558.0,273770.0
1960-10-01,303625.0,0.5,19490.0,9276.0,380101.0,37428.0,11232.0,50228.0,25200.0,16524.0,46564.0,342673.0,,,39842.0,5797.0,1308.0,335398.0,877.0,26508.0,13596.0,426665.0,45279.0,31683.0,6398.0,0.6,224631.0,51074.0,16704.0,11352.0,28766.0,365.0,512.0,3513.0,4538.0,274858.0
1960-11-01,302486.0,-0.1,19579.0,9204.0,379811.0,37132.0,11318.0,50499.0,25752.0,16392.0,46464.0,342679.0,,,39683.0,5887.0,1308.0,335366.0,888.0,27060.0,13584.0,426275.0,45416.0,31832.0,6425.0,0.0,223205.0,51001.0,16703.0,11496.0,28783.0,376.0,512.0,3720.0,4649.0,273703.0
1960-12-01,300202.0,-0.4,19708.0,9132.0,378164.0,39511.0,11428.0,50798.0,26148.0,16248.0,46244.0,338653.0,,,39557.0,5908.0,1308.0,331307.0,902.0,27456.0,13344.0,424408.0,45311.0,31967.0,6444.0,-1.2,220565.0,50985.0,16702.0,11676.0,28840.0,390.0,512.0,3927.0,4637.0,271362.0
1961-01-01,302668.0,1.0,19764.0,9456.0,381880.0,42334.0,11583.0,50837.0,26496.0,16752.0,46409.0,339546.0,,,40554.0,6024.0,1320.0,332178.0,924.0,27816.0,13524.0,428289.0,45502.0,31978.0,6445.0,0.3,222610.0,52137.0,16919.0,11820.0,29220.0,416.0,508.0,3997.0,4655.0,273448.0
1961-02-01,302762.0,0.5,19872.0,9468.0,383847.0,42741.0,11553.0,51119.0,28128.0,16752.0,46495.0,341105.0,,,40714.0,6004.0,1320.0,333717.0,938.0,29448.0,13560.0,430342.0,45698.0,32138.0,6450.0,0.5,222303.0,52268.0,16918.0,11976.0,29340.0,430.0,508.0,4202.0,5946.0,273422.0
1961-03-01,303906.0,0.4,19977.0,9432.0,385231.0,40162.0,11508.0,51356.0,27912.0,16716.0,46629.0,345069.0,,,41068.0,6104.0,1320.0,337664.0,952.0,29232.0,13608.0,431860.0,45945.0,32337.0,6453.0,1.2,223141.0,52576.0,16917.0,12060.0,29409.0,444.0,508.0,4305.0,5443.0,274497.0
1961-04-01,305100.0,0.1,20019.0,9540.0,385800.0,40792.0,10900.0,51546.0,27432.0,16848.0,46737.0,345008.0,,,41366.0,6127.0,1320.0,337639.0,926.0,28752.0,13536.0,432537.0,46182.0,32646.0,6443.0,0.0,223995.0,52266.0,17085.0,12264.0,29559.0,454.0,472.0,4730.0,4311.0,275541.0
1961-05-01,307072.0,0.9,20121.0,9540.0,389154.0,41902.0,10860.0,51784.0,28380.0,16884.0,46984.0,347252.0,,,41747.0,6143.0,1344.0,339870.0,936.0,29724.0,13632.0,436138.0,46535.0,32903.0,6446.0,0.7,225627.0,52608.0,17084.0,12288.0,29661.0,464.0,472.0,5552.0,4397.0,277411.0
1961-06-01,309767.0,1.1,20233.0,9588.0,393346.0,45090.0,10850.0,52070.0,29232.0,16980.0,47111.0,348255.0,,,42215.0,6138.0,1356.0,340857.0,946.0,30588.0,13752.0,440457.0,46933.0,33181.0,6452.0,0.3,227877.0,53065.0,17083.0,12456.0,29821.0,474.0,472.0,5450.0,5188.0,279947.0
1961-07-01,311101.0,0.6,20305.0,9636.0,395531.0,47524.0,10998.0,52339.0,29592.0,17040.0,47140.0,348007.0,,,42132.0,6186.0,1344.0,340560.0,992.0,30936.0,13800.0,442671.0,47257.0,33457.0,6455.0,-0.1,228821.0,53131.0,17286.0,12492.0,29941.0,484.0,508.0,4717.0,6197.0,281160.0
1961-08-01,312679.0,0.1,20416.0,9660.0,395876.0,46335.0,11029.0,52762.0,28092.0,17100.0,47412.0,349541.0,,,42303.0,6362.0,1368.0,342068.0,1000.0,29460.0,13872.0,443288.0,47632.0,33760.0,6473.0,0.4,229841.0,53331.0,17286.0,12804.0,30076.0,492.0,508.0,4512.0,4414.0,282602.0
1961-09-01,313181.0,0.2,20551.0,9636.0,396684.0,44808.0,11105.0,53276.0,27828.0,17052.0,47654.0,351876.0,,,42408.0,6316.0,1392.0,344368.0,1008.0,29220.0,14124.0,444338.0,48190.0,34066.0,6500.0,0.7,229718.0,53513.0,17285.0,13092.0,30187.0,500.0,508.0,4103.0,4317.0,282994.0
1961-10-01,316190.0,1.0,20622.0,9720.0,400837.0,46752.0,11406.0,53702.0,27768.0,17196.0,47851.0,354085.0,,,42718.0,6392.0,1404.0,346499.0,1028.0,29172.0,14316.0,448688.0,48887.0,34571.0,6559.0,0.6,232146.0,54123.0,17511.0,13176.0,30342.0,512.0,516.0,3920.0,4280.0,285848.0
1961-11-01,319426.0,0.9,20727.0,9816.0,404570.0,47071.0,11529.0,54218.0,27924.0,17352.0,48160.0,357499.0,,,43029.0,6441.0,1404.0,349881.0,1034.0,29328.0,14424.0,452730.0,49258.0,34834.0,6584.0,1.0,234665.0,54558.0,17511.0,13452.0,30543.0,518.0,516.0,3714.0,4317.0,288883.0
1961-12-01,321199.0,0.6,20894.0,9828.0,407147.0,47110.0,11661.0,54644.0,28284.0,17388.0,48418.0,360037.0,,,43139.0,6427.0,1440.0,352398.0,1040.0,29724.0,14664.0,455565.0,49717.0,35053.0,6599.0,0.7,235833.0,54801.0,17512.0,13488.0,30722.0,524.0,516.0,3610.0,4759.0,290478.0
1962-01-01,322786.0,-0.1,21033.0,10980.0,406891.0,46092.0,11871.0,55020.0,28464.0,18792.0,49086.0,360799.0,,,43242.0,6624.0,1464.0,353161.0,1073.0,29928.0,14376.0,455977.0,49203.0,34827.0,6565.0,0.2,235753.0,55113.0,17739.0,13668.0,32013.0,533.0,540.0,3576.0,4596.0,290772.0
1962-02-01,325315.0,0.7,21175.0,11004.0,409829.0,48210.0,11919.0,55314.0,28380.0,18828.0,49300.0,361619.0,,,43424.0,6534.0,1476.0,353951.0,1077.0,29856.0,14616.0,459129.0,49703.0,35087.0,6591.0,0.2,237822.0,55344.0,17739.0,13776.0,32179.0,537.0,540.0,3474.0,4596.0,293136.0
1962-03-01,328346.0,0.8,21278.0,11148.0,413081.0,48009.0,11793.0,55566.0,28716.0,19044.0,49820.0,365072.0,,,43724.0,6834.0,1500.0,357353.0,1081.0,30216.0,14700.0,462901.0,50127.0,35427.0,6638.0,1.0,240354.0,55517.0,17739.0,13860.0,32426.0,541.0,540.0,3474.0,4548.0,295920.0
1962-04-01,330778.0,0.6,21395.0,11160.0,415390.0,48556.0,11338.0,55792.0,28380.0,19104.0,50410.0,366834.0,,,43900.0,6576.0,1524.0,359006.0,1100.0,29904.0,14928.0,465800.0,51033.0,36105.0,6728.0,0.5,242431.0,55238.0,17951.0,14052.0,32555.0,544.0,556.0,3260.0,4492.0,298223.0
1962-05-01,331356.0,0.1,21493.0,11172.0,415881.0,45999.0,11050.0,55982.0,28440.0,19080.0,50875.0,369881.0,,,44012.0,6708.0,1536.0,361978.0,1102.0,29976.0,14964.0,466756.0,51492.0,36528.0,6802.0,0.8,242708.0,55061.0,17950.0,14172.0,32665.0,546.0,556.0,3056.0,4504.0,298690.0
1962-06-01,332149.0,0.1,21625.0,11196.0,416208.0,47836.0,10849.0,56154.0,28560.0,19140.0,51487.0,368372.0,,,43749.0,6780.0,1536.0,360389.0,1104.0,30096.0,15084.0,467695.0,52043.0,36959.0,6879.0,-0.4,243174.0,54598.0,17949.0,14184.0,32821.0,548.0,556.0,3056.0,4540.0,299328.0
1962-07-01,333236.0,0.4,21715.0,11208.0,417780.0,48339.0,10633.0,56312.0,28716.0,19164.0,51914.0,369440.0,,,44100.0,6803.0,1560.0,361358.0,1108.0,30276.0,15024.0,469694.0,52461.0,37437.0,6974.0,0.3,244001.0,54733.0,18151.0,14376.0,32923.0,548.0,560.0,3005.0,4532.0,300313.0
1962-08-01,333699.0,0.2,21855.0,11196.0,418787.0,47746.0,10628.0,56482.0,29004.0,19152.0,52345.0,371041.0,,,44202.0,6887.0,1572.0,362882.0,1107.0,30576.0,15204.0,471132.0,53029.0,37825.0,7051.0,0.4,244166.0,54831.0,18150.0,14568.0,33051.0,547.0,560.0,3005.0,4544.0,300648.0
1962-09-01,335788.0,0.5,21944.0,11280.0,420969.0,43982.0,10743.0,56670.0,28836.0,19260.0,52698.0,376987.0,,,44356.0,6830.0,1584.0,368757.0,1106.0,30420.0,15312.0,473667.0,53472.0,38160.0,7124.0,1.6,245894.0,55099.0,18148.0,14472.0,33224.0,546.0,560.0,3110.0,4424.0,302564.0
1962-10-01,336047.0,0.4,22039.0,11244.0,422612.0,47772.0,11108.0,57331.0,29832.0,19212.0,53081.0,374840.0,,,44224.0,6953.0,1596.0,366548.0,1106.0,31428.0,15204.0,475693.0,53752.0,38548.0,7187.0,-0.6,245433.0,55333.0,18345.0,14880.0,33283.0,546.0,560.0,3090.0,4909.0,302764.0
1962-11-01,337872.0,0.3,22122.0,11280.0,424079.0,44038.0,11303.0,57602.0,29448.0,19284.0,53696.0,380041.0,,,44562.0,6930.0,1620.0,371684.0,1103.0,31068.0,15132.0,477775.0,53911.0,38779.0,7254.0,1.4,246868.0,55865.0,18343.0,14808.0,33402.0,543.0,560.0,3090.0,4620.0,304470.0
1962-12-01,339055.0,0.4,22271.0,11316.0,425888.0,43849.0,11380.0,57940.0,29340.0,19344.0,53948.0,382039.0,,,44703.0,7033.0,1620.0,373621.0,1097.0,30960.0,15780.0,479836.0,54742.0,38962.0,7321.0,0.5,247528.0,56084.0,18340.0,14760.0,33587.0,537.0,560.0,2988.0,4559.0,305468.0
1963-01-01,340950.0,1.0,22360.0,12180.0,430009.0,47015.0,11523.0,58247.0,33276.0,21288.0,53963.0,382995.0,,,44636.0,7025.0,1788.0,374423.0,1199.0,35064.0,15756.0,483972.0,54542.0,38786.0,7373.0,0.3,248163.0,56160.0,18545.0,14880.0,34540.0,523.0,676.0,3211.0,8160.0,306410.0
1963-02-01,342589.0,-0.5,22491.0,12180.0,427919.0,45863.0,11412.0,58628.0,29592.0,21288.0,54013.0,382056.0,,,44516.0,7103.0,1788.0,373411.0,1195.0,31380.0,15828.0,481932.0,54782.0,38954.0,7450.0,-0.2,249290.0,55928.0,18542.0,14892.0,34671.0,519.0,676.0,3211.0,4386.0,307917.0
1963-03-01,344422.0,0.3,22611.0,12252.0,429391.0,45648.0,11274.0,58986.0,29688.0,21432.0,54327.0,383743.0,,,44560.0,7232.0,1812.0,375016.0,1191.0,31500.0,15696.0,483718.0,54855.0,39159.0,7536.0,0.4,250573.0,55834.0,18539.0,14964.0,34863.0,515.0,676.0,3106.0,4386.0,309559.0
1963-04-01,345146.0,0.4,22732.0,12276.0,431119.0,45989.0,10919.0,59031.0,29724.0,21456.0,53896.0,385131.0,,,44900.0,7196.0,1824.0,376350.0,1141.0,31548.0,15804.0,485015.0,55270.0,39466.0,7640.0,0.4,251107.0,55819.0,18689.0,15036.0,35008.0,521.0,620.0,3088.0,4404.0,310138.0
1963-05-01,347328.0,0.5,22867.0,12300.0,433476.0,47387.0,10816.0,59376.0,29916.0,21492.0,54406.0,386089.0,,,44933.0,7232.0,1836.0,377205.0,1142.0,31752.0,16104.0,487882.0,55858.0,39754.0,7742.0,0.2,252784.0,55749.0,18687.0,15204.0,35167.0,522.0,620.0,3088.0,4392.0,312161.0
1963-06-01,350206.0,0.7,23016.0,12420.0,436621.0,45947.0,10752.0,59733.0,29916.0,21696.0,54631.0,390674.0,,,45080.0,7184.0,1848.0,381683.0,1143.0,31764.0,16368.0,491252.0,56461.0,40093.0,7848.0,1.2,255037.0,55832.0,18685.0,15264.0,35436.0,523.0,620.0,3088.0,4380.0,314770.0
1963-07-01,350661.0,0.3,23169.0,12420.0,437964.0,44387.0,10633.0,59789.0,29976.0,21684.0,54544.0,393577.0,,,45293.0,7232.0,1860.0,384407.0,1192.0,31836.0,16380.0,492508.0,56925.0,40545.0,7978.0,0.7,255284.0,55926.0,18843.0,15360.0,35589.0,528.0,664.0,2980.0,4404.0,315073.0
1963-08-01,352447.0,0.5,23340.0,12432.0,440316.0,44752.0,10649.0,60174.0,30072.0,21720.0,54591.0,395564.0,,,45521.0,7256.0,1884.0,386287.0,1196.0,31956.0,16272.0,494907.0,57212.0,40940.0,8081.0,0.5,256502.0,56169.0,18842.0,15396.0,35772.0,532.0,664.0,2980.0,4440.0,316676.0
1963-09-01,354824.0,0.7,23521.0,12516.0,443522.0,48658.0,10756.0,60577.0,30180.0,21864.0,54644.0,394864.0,,,45835.0,7388.0,1908.0,385488.0,1200.0,32088.0,16344.0,498166.0,57686.0,41342.0,8176.0,-0.2,258210.0,56591.0,18841.0,15420.0,36037.0,536.0,664.0,2980.0,4392.0,318787.0
1963-10-01,357041.0,0.8,23684.0,12588.0,446957.0,51463.0,11208.0,61489.0,30420.0,21972.0,54937.0,395494.0,,,46195.0,7464.0,1920.0,386023.0,1201.0,32340.0,16452.0,501894.0,58245.0,41793.0,8269.0,0.2,259280.0,57403.0,18837.0,15504.0,36272.0,537.0,664.0,3000.0,4452.0,320770.0
1963-11-01,358136.0,0.4,23908.0,12588.0,448527.0,49535.0,11176.0,61921.0,30360.0,21972.0,55121.0,398992.0,,,46328.0,7548.0,1956.0,389440.0,1210.0,32316.0,16644.0,503648.0,58827.0,42183.0,8342.0,0.9,259720.0,57504.0,18836.0,15432.0,36496.0,546.0,664.0,3000.0,4380.0,321640.0
1963-12-01,361146.0,1.0,24128.0,12708.0,452828.0,48523.0,10997.0,62362.0,30972.0,22164.0,55551.0,404306.0,,,46863.0,7572.0,1992.0,394684.0,1222.0,32964.0,17184.0,508379.0,59737.0,42553.0,8399.0,1.3,261948.0,57860.0,18836.0,15588.0,36836.0,558.0,664.0,3000.0,4812.0,324310.0
1964-01-01,361556.0,0.5,24281.0,12336.0,455283.0,48849.0,10141.0,62680.0,32904.0,21888.0,55997.0,406434.0,,,47581.0,7641.0,2028.0,396783.0,1248.0,34932.0,17256.0,511280.0,60119.0,42863.0,8403.0,0.5,262258.0,57722.0,18839.0,15648.0,36617.0,588.0,660.0,2923.0,6692.0,324938.0
1964-02-01,365998.0,0.5,24547.0,12468.0,457384.0,47500.0,9846.0,63126.0,30720.0,22104.0,56740.0,409885.0,,,48038.0,7665.0,2076.0,400161.0,1261.0,32796.0,17484.0,514124.0,60711.0,43227.0,8463.0,0.8,265857.0,57883.0,18840.0,15696.0,37015.0,601.0,660.0,2923.0,4436.0,328983.0
1964-03-01,367970.0,2.4,24746.0,12480.0,468514.0,56906.0,9633.0,63566.0,30864.0,22116.0,48528.0,411607.0,,,48507.0,7734.0,2112.0,401801.0,1268.0,32976.0,17628.0,517042.0,61232.0,43604.0,8539.0,0.4,267178.0,58140.0,18840.0,15840.0,37226.0,608.0,660.0,2818.0,4472.0,330744.0
1964-04-01,370421.0,0.6,24970.0,12552.0,471411.0,58643.0,9608.0,63767.0,31032.0,22224.0,49161.0,412768.0,,,49107.0,7804.0,2136.0,402823.0,1304.0,33168.0,17724.0,520572.0,61715.0,43991.0,8642.0,0.3,269131.0,58715.0,18778.0,15888.0,37522.0,604.0,700.0,2888.0,4452.0,332898.0
1964-05-01,372767.0,0.5,25241.0,12588.0,473938.0,55460.0,9527.0,64170.0,31044.0,22296.0,49824.0,418478.0,,,49315.0,7737.0,2184.0,408431.0,1306.0,33228.0,18060.0,523762.0,62443.0,44383.0,8741.0,1.4,270768.0,58842.0,18779.0,15900.0,37829.0,606.0,700.0,2991.0,4416.0,334938.0
1964-06-01,374679.0,0.5,25440.0,12576.0,476165.0,54655.0,9408.0,64542.0,31032.0,22296.0,50184.0,421510.0,,,49500.0,7871.0,2196.0,411355.0,1308.0,33228.0,18276.0,526349.0,63051.0,44775.0,8847.0,0.7,272120.0,58908.0,18779.0,15948.0,38016.0,608.0,700.0,2785.0,4428.0,336662.0
1964-07-01,377377.0,0.6,25648.0,12636.0,479036.0,53800.0,9175.0,65275.0,31248.0,22404.0,50857.0,425237.0,,,49771.0,7923.0,2220.0,414912.0,1337.0,33468.0,18408.0,529893.0,63644.0,45236.0,8988.0,0.9,273818.0,58946.0,18863.0,16080.0,38284.0,605.0,732.0,2781.0,4464.0,339093.0
1964-08-01,380358.0,0.5,25897.0,12732.0,481543.0,53381.0,9252.0,65649.0,31200.0,22548.0,51741.0,428161.0,,,49982.0,7930.0,2244.0,417737.0,1337.0,33444.0,18324.0,533284.0,63931.0,45607.0,9087.0,0.7,276080.0,59235.0,18863.0,16152.0,38629.0,605.0,732.0,2678.0,4440.0,341729.0
1964-09-01,382299.0,0.5,26138.0,12756.0,484180.0,57054.0,9458.0,66056.0,31344.0,22596.0,52127.0,427127.0,,,50219.0,7979.0,2256.0,416618.0,1337.0,33600.0,18504.0,536307.0,64464.0,45960.0,9172.0,-0.2,277348.0,59677.0,18863.0,16248.0,38894.0,605.0,732.0,2677.0,4440.0,343405.0
1964-10-01,382317.0,0.0,26340.0,12696.0,484339.0,54151.0,10104.0,66387.0,31332.0,22512.0,52594.0,430188.0,,,49760.0,8031.0,2256.0,419602.0,1357.0,33588.0,18624.0,536933.0,64836.0,46212.0,9229.0,0.7,276893.0,59864.0,18840.0,16176.0,39036.0,605.0,752.0,2685.0,4440.0,343280.0
1964-11-01,385874.0,0.8,26565.0,12840.0,488146.0,61141.0,10441.0,66774.0,31272.0,22764.0,53158.0,427006.0,,,50012.0,8086.0,2268.0,416359.0,1351.0,33540.0,18804.0,541304.0,65361.0,46557.0,9296.0,-0.7,279695.0,60453.0,18840.0,16224.0,39405.0,599.0,752.0,2582.0,4380.0,346469.0
1964-12-01,390089.0,1.1,26853.0,12924.0,493540.0,61838.0,10772.0,67107.0,31812.0,22896.0,53917.0,431702.0,,,50422.0,8303.0,2268.0,421001.0,1342.0,34080.0,19236.0,547457.0,66150.0,46914.0,9358.0,1.1,283205.0,61193.0,18841.0,16416.0,39777.0,590.0,752.0,2581.0,4512.0,350312.0
1965-01-01,390688.0,0.3,27034.0,12756.0,495030.0,59911.0,11211.0,67118.0,34308.0,22788.0,56461.0,435120.0,,,50243.0,8232.0,2340.0,424440.0,1299.0,36648.0,19116.0,551491.0,66407.0,47291.0,9381.0,0.8,283780.0,61453.0,19083.0,16452.0,39790.0,563.0,736.0,2488.0,7136.0,350898.0
1965-02-01,392955.0,0.1,27318.0,12804.0,495356.0,53207.0,11470.0,67438.0,31824.0,22884.0,56681.0,442149.0,,,50382.0,8292.0,2328.0,431397.0,1289.0,34152.0,19212.0,552037.0,66879.0,47667.0,9462.0,1.6,285395.0,61851.0,19083.0,16488.0,40122.0,553.0,736.0,2488.0,4556.0,352833.0
1965-03-01,395148.0,0.5,27585.0,12852.0,497668.0,53519.0,11613.0,67800.0,31968.0,22992.0,57750.0,444149.0,,,50923.0,8412.0,2328.0,433297.0,1285.0,34296.0,19296.0,555418.0,67347.0,48051.0,9568.0,0.5,286911.0,62536.0,19083.0,16536.0,40437.0,549.0,736.0,2488.0,4532.0,354711.0
1965-04-01,396852.0,0.3,27784.0,12912.0,498974.0,50789.0,11742.0,68070.0,32412.0,23052.0,59609.0,448185.0,,,51043.0,8566.0,2316.0,437059.0,1374.0,34728.0,19512.0,558583.0,67999.0,48487.0,9751.0,0.9,288086.0,62785.0,19272.0,16596.0,40696.0,554.0,820.0,2497.0,4753.0,356156.0
1965-05-01,400548.0,1.3,28069.0,13008.0,505632.0,56769.0,11959.0,68529.0,32220.0,23256.0,57284.0,448863.0,,,51242.0,8599.0,2292.0,437625.0,1377.0,34512.0,19776.0,562916.0,68639.0,48863.0,9861.0,0.2,290941.0,63201.0,19272.0,16644.0,41077.0,557.0,820.0,2393.0,4584.0,359470.0
1965-06-01,402376.0,0.4,28363.0,13008.0,507841.0,61263.0,12185.0,69045.0,32388.0,23280.0,58352.0,446578.0,,,51360.0,8719.0,2292.0,435243.0,1383.0,34680.0,20376.0,566193.0,69600.0,49224.0,9952.0,-0.5,291960.0,63545.0,19272.0,16800.0,41371.0,563.0,820.0,2394.0,4475.0,361005.0
1965-07-01,405470.0,1.1,28660.0,13068.0,513513.0,61079.0,12146.0,69890.0,32652.0,23376.0,56908.0,452434.0,,,51778.0,8663.0,2268.0,441033.0,1386.0,34920.0,20364.0,570421.0,69979.0,49615.0,10015.0,1.3,293852.0,63923.0,19504.0,16824.0,41728.0,570.0,816.0,2340.0,4825.0,363742.0
1965-08-01,408269.0,0.5,28957.0,13164.0,516175.0,60329.0,12186.0,70482.0,32232.0,23556.0,56765.0,455846.0,,,51640.0,8653.0,2244.0,444375.0,1396.0,34476.0,20484.0,572940.0,70421.0,49937.0,10076.0,0.8,295666.0,63826.0,19504.0,16716.0,42121.0,580.0,816.0,2340.0,4523.0,366148.0
1965-09-01,411280.0,2.7,29277.0,13248.0,529899.0,66363.0,12290.0,71092.0,42804.0,23724.0,57342.0,463536.0,,,51860.0,8880.0,2220.0,452006.0,1406.0,45024.0,20772.0,587241.0,71007.0,50235.0,10124.0,1.7,297663.0,64149.0,19504.0,26904.0,42525.0,590.0,816.0,2340.0,4680.0,368755.0
1965-10-01,416847.0,-0.5,29579.0,13356.0,527494.0,57455.0,12131.0,72429.0,34224.0,23868.0,57407.0,470039.0,,,52567.0,8635.0,2208.0,458479.0,1420.0,36432.0,20988.0,584901.0,71299.0,50311.0,10139.0,1.4,301483.0,64697.0,19493.0,18696.0,42935.0,600.0,820.0,2273.0,4620.0,373912.0
1965-11-01,420418.0,0.9,29893.0,13416.0,532120.0,61447.0,12460.0,73128.0,34788.0,24024.0,58125.0,470673.0,,,53120.0,8954.0,2196.0,459054.0,1438.0,36984.0,21156.0,590245.0,71795.0,50639.0,10181.0,0.1,303981.0,65579.0,19492.0,19044.0,43309.0,618.0,820.0,2170.0,4620.0,377109.0
1965-12-01,424125.0,0.8,30259.0,13524.0,536252.0,62892.0,12964.0,73898.0,35136.0,24192.0,59284.0,473360.0,,,53437.0,8979.0,2148.0,461673.0,1459.0,37284.0,21408.0,595536.0,72427.0,51019.0,10227.0,0.6,306444.0,66400.0,19492.0,19104.0,43783.0,639.0,820.0,2169.0,4884.0,380342.0
1966-01-01,428998.0,0.2,30549.0,16368.0,537246.0,60396.0,14761.0,74128.0,35424.0,30192.0,60451.0,476850.0,1500.0,,53792.0,7626.0,2172.0,465158.0,1420.0,37596.0,21372.0,597697.0,72908.0,51536.0,10272.0,0.7,307953.0,68553.0,19834.0,19164.0,46917.0,668.0,752.0,2022.0,5112.0,382081.0
1966-02-01,433325.0,0.8,30876.0,16476.0,541720.0,59724.0,14998.0,74938.0,35712.0,30396.0,61429.0,481997.0,1536.0,,54227.0,7693.0,2148.0,470220.0,1444.0,37860.0,21312.0,603149.0,73301.0,51989.0,10333.0,1.1,311035.0,69225.0,19834.0,19380.0,47352.0,692.0,752.0,2123.0,4980.0,385973.0
1966-03-01,437003.0,0.6,31197.0,16572.0,545160.0,58261.0,14812.0,75718.0,35940.0,30540.0,62698.0,486900.0,1620.0,,55087.0,7853.0,2136.0,475031.0,1465.0,38076.0,21120.0,607858.0,73585.0,52465.0,10403.0,1.0,313517.0,69900.0,19835.0,19344.0,47769.0,713.0,752.0,2023.0,5100.0,389234.0
1966-04-01,440860.0,0.0,31477.0,16668.0,544994.0,56010.0,13032.0,76118.0,35772.0,30708.0,64467.0,488984.0,1536.0,,54616.0,7815.0,2124.0,476948.0,1521.0,37896.0,20988.0,609461.0,74011.0,53023.0,10515.0,0.4,316596.0,67648.0,19755.0,19452.0,48145.0,729.0,792.0,1853.0,5116.0,392715.0
1966-05-01,443961.0,0.3,31768.0,16704.0,546546.0,61330.0,12633.0,76874.0,35892.0,30804.0,65672.0,485216.0,2040.0,,54314.0,7983.0,2100.0,473094.0,1541.0,37992.0,20844.0,612218.0,74365.0,53521.0,10580.0,-0.8,318615.0,66947.0,19757.0,19932.0,48472.0,749.0,792.0,1750.0,4187.0,395489.0
1966-06-01,448414.0,0.7,32061.0,16848.0,550186.0,62470.0,12360.0,77636.0,35652.0,31008.0,66562.0,487716.0,2028.0,,54656.0,8058.0,2100.0,475524.0,1561.0,37752.0,20796.0,616748.0,74814.0,54018.0,10631.0,0.5,321870.0,67017.0,19759.0,19824.0,48909.0,769.0,792.0,1749.0,3993.0,399505.0
1966-07-01,452642.0,0.5,32301.0,16956.0,553148.0,60345.0,12436.0,79003.0,35640.0,31824.0,67284.0,492803.0,1776.0,60.0,54489.0,8054.0,2088.0,480562.0,1606.0,37728.0,20508.0,620432.0,74943.0,54435.0,10635.0,1.0,324382.0,66925.0,20018.0,19800.0,49257.0,790.0,816.0,1848.0,4102.0,403385.0
1966-08-01,455897.0,0.9,32533.0,17004.0,558126.0,62668.0,12256.0,79793.0,37296.0,31944.0,67807.0,495458.0,1968.0,1260.0,54894.0,8198.0,2088.0,483152.0,1625.0,39384.0,20472.0,625933.0,75425.0,54953.0,10681.0,0.5,326567.0,67150.0,20021.0,19884.0,49537.0,809.0,816.0,2053.0,3933.0,406360.0
1966-09-01,458468.0,0.9,32776.0,17040.0,563222.0,61682.0,12220.0,80605.0,39600.0,32004.0,68471.0,501539.0,1908.0,2196.0,55190.0,8372.0,2088.0,489159.0,1644.0,41688.0,20616.0,631693.0,76106.0,55490.0,10736.0,1.2,328047.0,67410.0,20024.0,20052.0,49816.0,828.0,816.0,1847.0,5225.0,408652.0
1966-10-01,461727.0,0.6,32940.0,17124.0,566531.0,65798.0,12183.0,81188.0,39756.0,32112.0,69461.0,500733.0,1920.0,2568.0,55502.0,8426.0,2100.0,488285.0,1621.0,41856.0,20580.0,635992.0,76812.0,56232.0,10827.0,-0.2,330474.0,67685.0,20025.0,19896.0,50064.0,845.0,776.0,1727.0,5219.0,411663.0
1966-11-01,464016.0,0.6,33184.0,17172.0,569988.0,67416.0,12282.0,81970.0,41352.0,32220.0,70889.0,502572.0,2412.0,2844.0,55964.0,8462.0,2100.0,490050.0,1639.0,43452.0,20628.0,640877.0,77353.0,56725.0,10883.0,0.4,331691.0,68246.0,20029.0,20244.0,50356.0,863.0,776.0,1930.0,5460.0,413661.0
1966-12-01,465668.0,0.1,33316.0,17220.0,570668.0,66238.0,12249.0,82698.0,42012.0,32280.0,71345.0,504430.0,2328.0,3168.0,56253.0,8588.0,2112.0,491843.0,1657.0,44124.0,18804.0,642013.0,75965.0,57161.0,10929.0,0.4,332434.0,68502.0,20033.0,20460.0,50536.0,881.0,776.0,2031.0,5437.0,415132.0
1967-01-01,469175.0,1.0,33423.0,17544.0,576569.0,69635.0,12211.0,82968.0,42768.0,33600.0,71469.0,506934.0,2088.0,3480.0,56900.0,8856.0,2136.0,494203.0,1765.0,44904.0,20736.0,648038.0,78198.0,57462.0,10966.0,0.5,335240.0,69111.0,20250.0,20628.0,50967.0,905.0,860.0,2023.0,5693.0,418208.0
1967-02-01,469392.0,0.3,33611.0,17520.0,578367.0,72641.0,11905.0,83500.0,43692.0,33564.0,71209.0,505727.0,2076.0,3804.0,56863.0,8908.0,2160.0,492952.0,1781.0,45852.0,21048.0,649576.0,78872.0,57824.0,10993.0,-0.2,334762.0,68769.0,20255.0,20580.0,51131.0,921.0,860.0,2124.0,6200.0,418262.0
1967-03-01,471453.0,0.8,33795.0,17604.0,583031.0,74426.0,11665.0,83888.0,45324.0,33732.0,70847.0,508605.0,2496.0,4092.0,57158.0,9032.0,2172.0,495797.0,1797.0,47496.0,21408.0,653878.0,79579.0,58171.0,11010.0,0.6,336165.0,68823.0,20260.0,20796.0,51399.0,937.0,860.0,2225.0,6683.0,420053.0
1967-04-01,473522.0,0.1,33981.0,17712.0,583812.0,69194.0,11096.0,84473.0,44664.0,34440.0,70620.0,514618.0,2520.0,4308.0,56962.0,9135.0,2196.0,501315.0,2306.0,46860.0,21612.0,654432.0,80064.0,58452.0,10996.0,1.2,337356.0,68058.0,20368.0,21000.0,51693.0,954.0,1352.0,2348.0,5353.0,421829.0
1967-05-01,474747.0,0.4,34269.0,17760.0,586116.0,70544.0,11099.0,84926.0,45012.0,34500.0,70776.0,515573.0,2520.0,4536.0,57381.0,9280.0,2220.0,502243.0,2320.0,47232.0,21768.0,656892.0,80561.0,58793.0,11010.0,0.2,337792.0,68480.0,20373.0,21096.0,52029.0,968.0,1352.0,2348.0,5232.0,422718.0
1967-06-01,478677.0,0.7,34508.0,17904.0,590161.0,69986.0,11237.0,85588.0,45348.0,34800.0,71430.0,520175.0,2604.0,4740.0,57716.0,9353.0,2232.0,506814.0,2331.0,47580.0,21660.0,661591.0,80803.0,59143.0,11029.0,0.9,340677.0,68953.0,20377.0,21072.0,52412.0,979.0,1352.0,2348.0,5231.0,426265.0
1967-07-01,481917.0,0.7,34810.0,18012.0,594504.0,74766.0,11876.0,86258.0,46092.0,34980.0,72735.0,519737.0,2640.0,4920.0,58269.0,9367.0,2268.0,506708.0,1974.0,48360.0,21972.0,667239.0,81371.0,59399.0,11056.0,-0.1,342837.0,70145.0,20425.0,21420.0,52822.0,994.0,980.0,2356.0,5389.0,429095.0
1967-08-01,485803.0,0.7,35083.0,18192.0,598510.0,75618.0,12001.0,87083.0,46680.0,35304.0,73963.0,522893.0,3120.0,5076.0,58588.0,9632.0,2292.0,509821.0,1984.0,48972.0,22176.0,672473.0,81983.0,59807.0,11087.0,0.6,345445.0,70589.0,20429.0,21228.0,53275.0,1004.0,980.0,2356.0,5268.0,432528.0
1967-09-01,488094.0,0.3,35426.0,18264.0,600242.0,71500.0,12000.0,87863.0,46452.0,35436.0,74801.0,528741.0,2988.0,5208.0,58842.0,9717.0,2328.0,515622.0,1994.0,48780.0,22068.0,675043.0,82329.0,60261.0,11125.0,1.1,346541.0,70842.0,20434.0,21168.0,53690.0,1014.0,980.0,2152.0,5219.0,434404.0
1967-10-01,490649.0,0.4,35694.0,18348.0,602828.0,77540.0,11632.0,89503.0,47244.0,35592.0,74980.0,525288.0,3156.0,5316.0,58253.0,9885.0,2364.0,512203.0,1930.0,49608.0,21996.0,677808.0,82933.0,60937.0,11155.0,-0.7,347104.0,69886.0,20323.0,21456.0,54042.0,1030.0,900.0,2188.0,5243.0,436607.0
1967-11-01,496695.0,0.9,36103.0,18564.0,608473.0,77922.0,11486.0,90371.0,47748.0,35988.0,75886.0,530551.0,3228.0,5412.0,58379.0,9968.0,2376.0,517400.0,1937.0,50124.0,21936.0,684359.0,83335.0,61399.0,11215.0,1.0,351657.0,69865.0,20327.0,21516.0,54667.0,1037.0,900.0,2188.0,5436.0,442028.0
1967-12-01,501362.0,0.3,36444.0,18804.0,610541.0,72164.0,11486.0,91374.0,48000.0,36468.0,76816.0,538376.0,3204.0,5496.0,58681.0,9991.0,2400.0,525145.0,1941.0,50400.0,19740.0,687357.0,81565.0,61825.0,11290.0,1.5,354740.0,70167.0,20331.0,21504.0,55248.0,1041.0,900.0,2188.0,5617.0,446114.0
1968-01-01,504941.0,1.0,36790.0,19260.0,616652.0,72371.0,11603.0,91693.0,48828.0,37284.0,77674.0,544281.0,3624.0,5544.0,59359.0,10120.0,2436.0,530934.0,1964.0,51264.0,22356.0,694326.0,84367.0,62011.0,11383.0,1.1,357197.0,70962.0,20076.0,21504.0,56050.0,1028.0,936.0,2276.0,5760.0,448891.0
1968-02-01,511901.0,1.1,37254.0,19464.0,623645.0,76564.0,11628.0,92778.0,48996.0,37620.0,78816.0,547081.0,3384.0,5604.0,59974.0,10204.0,2508.0,533622.0,1968.0,51504.0,22560.0,702461.0,84997.0,62437.0,11491.0,0.5,362406.0,71602.0,20076.0,21672.0,56718.0,1032.0,936.0,2276.0,5856.0,455183.0
1968-03-01,515775.0,1.3,37622.0,19596.0,631566.0,73647.0,11584.0,93809.0,51936.0,37860.0,79202.0,557919.0,3684.0,5676.0,60894.0,10144.0,2568.0,544333.0,1972.0,54504.0,22896.0,710768.0,85795.0,62899.0,11614.0,2.0,364747.0,72478.0,20076.0,24408.0,57218.0,1036.0,936.0,2276.0,5748.0,458556.0
1968-04-01,518971.0,0.7,37910.0,19620.0,635730.0,77969.0,11244.0,94293.0,53244.0,38160.0,80457.0,557762.0,4296.0,5712.0,61329.0,10636.0,2640.0,544007.0,1977.0,55884.0,23172.0,716187.0,86847.0,63675.0,11778.0,0.0,367148.0,72573.0,20072.0,24720.0,57530.0,1033.0,944.0,2144.0,5736.0,461441.0
1968-05-01,524323.0,0.8,38295.0,19812.0,640696.0,77018.0,11210.0,95221.0,53064.0,38472.0,81904.0,563678.0,3852.0,5784.0,62039.0,10539.0,2712.0,549783.0,1982.0,55776.0,23424.0,722600.0,87652.0,64228.0,11913.0,1.1,370996.0,73249.0,20072.0,24912.0,58107.0,1038.0,944.0,2144.0,5833.0,466216.0
1968-06-01,528681.0,0.8,38698.0,19872.0,645640.0,75355.0,11257.0,96098.0,53280.0,38640.0,82634.0,570284.0,4044.0,5844.0,62451.0,10685.0,2808.0,556253.0,1987.0,56088.0,23520.0,728274.0,88364.0,64844.0,12044.0,1.2,374013.0,73709.0,20072.0,24876.0,58570.0,1043.0,944.0,2144.0,5687.0,470111.0
1968-07-01,533469.0,0.1,38958.0,20040.0,646288.0,68837.0,11622.0,98088.0,53760.0,38916.0,88669.0,577450.0,3936.0,5904.0,62868.0,10839.0,2832.0,563156.0,2139.0,56592.0,23844.0,734957.0,89110.0,65266.0,12155.0,1.3,376383.0,74490.0,20212.0,25176.0,58998.0,1035.0,1104.0,2158.0,5747.0,474472.0
1968-08-01,537572.0,0.5,39375.0,20112.0,649762.0,68321.0,11798.0,98784.0,54768.0,39060.0,91598.0,581441.0,4104.0,5976.0,63179.0,11221.0,2892.0,567007.0,2144.0,57660.0,23988.0,741360.0,89999.0,66011.0,12290.0,0.7,379301.0,74977.0,20212.0,25368.0,59487.0,1040.0,1104.0,2158.0,5941.0,478085.0
1968-09-01,542421.0,0.4,39768.0,20220.0,652118.0,69335.0,11938.0,99348.0,54828.0,39240.0,95316.0,582783.0,4128.0,6048.0,63447.0,10916.0,2940.0,568203.0,2149.0,57768.0,24072.0,747434.0,90889.0,66817.0,12432.0,0.2,383085.0,75385.0,20212.0,25584.0,59988.0,1045.0,1104.0,2260.0,5892.0,482433.0
1968-10-01,545901.0,0.8,40036.0,20292.0,657306.0,71024.0,12029.0,99547.0,55308.0,39384.0,94688.0,586282.0,4284.0,6120.0,63448.0,11140.0,2988.0,571644.0,2053.0,58296.0,24228.0,751994.0,91679.0,67451.0,12585.0,0.6,386026.0,75478.0,20025.0,25524.0,60328.0,1041.0,1012.0,2216.0,6024.0,485574.0
1968-11-01,550772.0,0.7,40427.0,20496.0,662007.0,70461.0,12017.0,100034.0,55680.0,39756.0,95952.0,591546.0,4344.0,6192.0,63410.0,11200.0,3036.0,576748.0,2058.0,58716.0,24336.0,757959.0,92776.0,68440.0,12740.0,0.9,389815.0,75427.0,20025.0,25740.0,60923.0,1046.0,1012.0,2216.0,5988.0,489850.0
1968-12-01,554278.0,0.6,40817.0,20616.0,665681.0,74179.0,11954.0,100575.0,55980.0,39948.0,96934.0,591502.0,4284.0,6276.0,63660.0,11500.0,3096.0,576540.0,2063.0,59076.0,24024.0,762615.0,93570.0,69546.0,12900.0,0.0,392271.0,75614.0,20025.0,25692.0,61433.0,1051.0,1012.0,2216.0,6012.0,492846.0
1969-01-01,558506.0,0.2,41209.0,21960.0,667082.0,68469.0,11452.0,100598.0,56604.0,42672.0,99213.0,598613.0,4428.0,6348.0,63771.0,11582.0,3216.0,583479.0,2061.0,59820.0,23940.0,766295.0,95200.0,71260.0,13073.0,1.2,394739.0,75223.0,20219.0,25848.0,63169.0,1069.0,992.0,2284.0,6114.0,495337.0
1969-02-01,561866.0,0.3,41621.0,22056.0,668910.0,64932.0,11512.0,101261.0,57372.0,42852.0,102920.0,603978.0,4476.0,6432.0,64233.0,11783.0,3264.0,588675.0,2067.0,60636.0,23916.0,771830.0,96216.0,72300.0,13237.0,0.9,396928.0,75746.0,20219.0,25992.0,63677.0,1075.0,992.0,2284.0,6405.0,498189.0
1969-03-01,567928.0,0.7,42001.0,22248.0,673277.0,68943.0,11731.0,101993.0,57576.0,43200.0,105673.0,604334.0,4416.0,6504.0,64191.0,11987.0,3300.0,588862.0,2073.0,60876.0,24036.0,778950.0,97206.0,73170.0,13399.0,0.1,401685.0,75922.0,20219.0,26028.0,64249.0,1081.0,992.0,2284.0,6357.0,503678.0
1969-04-01,571793.0,0.3,42420.0,22368.0,675257.0,65538.0,12300.0,102188.0,57888.0,43404.0,109009.0,609719.0,4320.0,6564.0,64366.0,12012.0,3324.0,593870.0,2279.0,61212.0,23964.0,784266.0,97713.0,73749.0,13569.0,0.9,404816.0,76666.0,20286.0,26136.0,64788.0,1099.0,1180.0,2292.0,6564.0,507005.0
1969-05-01,576627.0,1.5,42840.0,22500.0,685706.0,69428.0,12576.0,103081.0,58248.0,43692.0,104801.0,616278.0,4440.0,6636.0,64634.0,12090.0,3360.0,600271.0,2286.0,61608.0,23964.0,790507.0,98468.0,74504.0,13721.0,1.1,408206.0,77210.0,20286.0,26172.0,65340.0,1106.0,1180.0,2188.0,6722.0,511287.0
1969-06-01,581736.0,1.2,43214.0,22668.0,693887.0,76862.0,12771.0,104066.0,58404.0,43980.0,103170.0,617025.0,4416.0,6696.0,64687.0,12222.0,3384.0,600869.0,2293.0,61788.0,24444.0,797057.0,99769.0,75325.0,13864.0,0.1,411788.0,77458.0,20286.0,26532.0,65882.0,1113.0,1180.0,2084.0,6454.0,515854.0
1969-07-01,588494.0,1.1,43604.0,22884.0,701796.0,82851.0,12882.0,107187.0,59064.0,44376.0,103159.0,618945.0,4536.0,6744.0,64713.0,12448.0,3360.0,602700.0,2256.0,62424.0,24168.0,804955.0,100373.0,76205.0,13989.0,0.3,414819.0,77594.0,20446.0,26460.0,66488.0,1136.0,1120.0,2297.0,6579.0,522006.0
1969-08-01,593783.0,0.9,43986.0,23016.0,708058.0,81735.0,13151.0,108189.0,59568.0,44628.0,104149.0,626322.0,4560.0,6804.0,65055.0,12534.0,3384.0,609939.0,2264.0,62952.0,24252.0,812207.0,101448.0,77196.0,14120.0,1.2,418592.0,78206.0,20446.0,26556.0,67002.0,1144.0,1120.0,2402.0,6712.0,526781.0
1969-09-01,598030.0,0.6,44375.0,23148.0,712586.0,82827.0,13393.0,109116.0,59952.0,44868.0,105109.0,629759.0,4656.0,6852.0,64708.0,12794.0,3360.0,613239.0,2272.0,63312.0,24384.0,817695.0,102674.0,78290.0,14247.0,0.5,421390.0,78102.0,20446.0,26628.0,67523.0,1152.0,1120.0,2297.0,6725.0,530507.0
1969-10-01,601361.0,0.6,44674.0,23316.0,716712.0,81465.0,13971.0,108845.0,60564.0,45120.0,105299.0,635246.0,4644.0,6876.0,63521.0,13044.0,3360.0,618515.0,2345.0,63924.0,24456.0,822011.0,103917.0,79461.0,14386.0,0.9,424526.0,77492.0,20437.0,26700.0,67990.0,1177.0,1168.0,2400.0,6900.0,533371.0
1969-11-01,604918.0,0.6,45082.0,23412.0,721045.0,83717.0,14152.0,109804.0,60876.0,45324.0,105327.0,637329.0,4764.0,6924.0,62963.0,13157.0,3336.0,620476.0,2355.0,64212.0,24516.0,826372.0,105014.0,80498.0,14498.0,0.3,426620.0,77116.0,20437.0,26688.0,68494.0,1187.0,1168.0,2504.0,6839.0,536424.0
1969-12-01,608471.0,0.6,45441.0,23472.0,725656.0,85927.0,14111.0,110870.0,61560.0,45408.0,106243.0,639728.0,4956.0,6960.0,63219.0,13219.0,3324.0,622768.0,2365.0,64884.0,24828.0,831899.0,106185.0,81357.0,14595.0,0.4,428688.0,77330.0,20437.0,26844.0,68913.0,1197.0,1168.0,2608.0,6973.0,539558.0
1970-01-01,611368.0,0.9,45757.0,23628.0,732122.0,86254.0,13792.0,113115.0,62124.0,45864.0,104248.0,645868.0,4908.0,6984.0,63169.0,13576.0,3192.0,628728.0,2471.0,65316.0,24684.0,836370.0,108162.0,83478.0,14669.0,1.0,428869.0,76960.0,20428.0,26976.0,69385.0,1211.0,1260.0,2707.0,6973.0,541983.0
1970-02-01,614642.0,0.7,46170.0,23664.0,737361.0,86140.0,13523.0,114342.0,63132.0,45924.0,104390.0,651221.0,5004.0,7020.0,63765.0,14190.0,3120.0,633992.0,2482.0,66252.0,24468.0,841751.0,109065.0,84597.0,14747.0,0.8,430466.0,77288.0,20428.0,27072.0,69834.0,1222.0,1260.0,3019.0,6827.0,544808.0
1970-03-01,618848.0,0.6,46550.0,23796.0,742022.0,92376.0,13257.0,115624.0,63684.0,46164.0,105081.0,649646.0,5028.0,7056.0,63707.0,14498.0,3060.0,632334.0,2493.0,66744.0,24372.0,847103.0,110283.0,85911.0,14819.0,-0.2,432879.0,76964.0,20428.0,27216.0,70346.0,1233.0,1260.0,2914.0,6972.0,548502.0
1970-04-01,617387.0,1.6,46887.0,23832.0,753803.0,100334.0,12471.0,115603.0,77184.0,46212.0,106071.0,653469.0,5160.0,7116.0,64169.0,14933.0,3024.0,636017.0,2586.0,80208.0,24300.0,859874.0,111637.0,87337.0,14866.0,0.6,431066.0,76640.0,20214.0,39456.0,70719.0,1246.0,1340.0,3478.0,7041.0,546668.0
1970-05-01,619906.0,-0.1,47314.0,23856.0,753130.0,93164.0,12309.0,116622.0,70872.0,46272.0,104526.0,659966.0,5352.0,7164.0,64551.0,15303.0,2976.0,642427.0,2599.0,73848.0,24288.0,857656.0,113100.0,88812.0,14941.0,1.0,432114.0,76860.0,20214.0,31464.0,71170.0,1259.0,1340.0,4111.0,7478.0,548736.0
1970-06-01,623407.0,0.5,47722.0,23892.0,756629.0,92726.0,12361.0,117324.0,71280.0,46296.0,105939.0,663904.0,5448.0,7212.0,64273.0,15688.0,2904.0,646268.0,2612.0,74184.0,24192.0,862568.0,114425.0,90233.0,15024.0,0.6,434470.0,76634.0,20214.0,31524.0,71614.0,1272.0,1340.0,4111.0,7297.0,551793.0
1970-07-01,626953.0,1.8,48099.0,23964.0,770150.0,103980.0,13129.0,117833.0,72240.0,46752.0,100421.0,666170.0,5556.0,7272.0,64910.0,15973.0,2892.0,648472.0,2569.0,75132.0,24228.0,870571.0,116345.0,92117.0,15129.0,0.3,437057.0,78040.0,20854.0,31728.0,72063.0,1285.0,1284.0,4322.0,7389.0,554890.0
1970-08-01,629041.0,0.6,48535.0,23940.0,774645.0,103937.0,13173.0,118303.0,73140.0,46740.0,100435.0,670709.0,5556.0,7320.0,65256.0,16338.0,2844.0,652907.0,2583.0,75984.0,24192.0,875080.0,117512.0,93320.0,15219.0,0.7,438262.0,78429.0,20854.0,31980.0,72475.0,1299.0,1284.0,4533.0,7413.0,556565.0
1970-09-01,628588.0,0.3,48949.0,23928.0,777272.0,100301.0,13211.0,118860.0,75120.0,46644.0,101115.0,676971.0,5676.0,7380.0,65769.0,16937.0,2808.0,659068.0,2597.0,77928.0,24300.0,878387.0,118680.0,94380.0,15306.0,0.9,436851.0,78980.0,20854.0,32148.0,72877.0,1313.0,1284.0,4849.0,8130.0,555711.0
1970-10-01,627058.0,0.2,49290.0,23784.0,778584.0,102305.0,12558.0,118926.0,77064.0,46380.0,101111.0,676279.0,5760.0,7440.0,66066.0,18582.0,2784.0,658315.0,2589.0,79848.0,24408.0,879695.0,119386.0,94978.0,15375.0,-0.1,435058.0,78623.0,21160.0,32316.0,73074.0,1329.0,1260.0,5079.0,7887.0,553984.0
1970-11-01,628712.0,0.2,49778.0,23808.0,780473.0,105840.0,12499.0,119682.0,76836.0,46392.0,101796.0,674633.0,5904.0,7500.0,66435.0,17696.0,2760.0,656559.0,2604.0,79596.0,24468.0,882269.0,120259.0,95791.0,15469.0,-0.2,435443.0,78934.0,21160.0,32148.0,73586.0,1344.0,1260.0,5713.0,7875.0,555125.0
1970-12-01,634250.0,0.9,50322.0,23976.0,787503.0,103703.0,12443.0,120552.0,78168.0,46668.0,101707.0,683800.0,6108.0,7584.0,66832.0,18346.0,2748.0,665608.0,2619.0,80916.0,23784.0,889210.0,120277.0,96493.0,15574.0,1.4,439400.0,79275.0,21160.0,32532.0,74298.0,1359.0,1260.0,5396.0,8202.0,559953.0
1971-01-01,644474.0,1.7,50782.0,25980.0,801268.0,106804.0,12978.0,123037.0,78276.0,50340.0,97506.0,694465.0,6120.0,7680.0,67182.0,18407.0,2688.0,676149.0,2623.0,80964.0,25248.0,898774.0,122427.0,97179.0,15693.0,1.6,444675.0,80160.0,21089.0,32640.0,76762.0,1355.0,1268.0,5354.0,8075.0,567712.0
1971-02-01,647799.0,0.4,51333.0,26052.0,804695.0,106835.0,13100.0,123912.0,79452.0,50436.0,98494.0,697860.0,6276.0,7764.0,66665.0,18574.0,2688.0,679409.0,2639.0,82140.0,25080.0,903189.0,122833.0,97753.0,15812.0,0.5,446501.0,79764.0,21089.0,32808.0,77385.0,1371.0,1268.0,5774.0,8256.0,570414.0
1971-03-01,651429.0,0.7,51855.0,26160.0,810021.0,109429.0,13192.0,124679.0,80316.0,50628.0,98993.0,700592.0,6228.0,7836.0,67832.0,18903.0,2652.0,682000.0,2655.0,82968.0,24816.0,909014.0,123132.0,98316.0,15937.0,0.4,448735.0,81024.0,21089.0,33012.0,78015.0,1387.0,1268.0,5984.0,8353.0,573413.0
1971-04-01,654988.0,0.6,52341.0,26268.0,814861.0,107329.0,13223.0,124761.0,80808.0,50808.0,100151.0,707532.0,6420.0,7896.0,68875.0,18918.0,2664.0,688759.0,2698.0,83472.0,24876.0,915012.0,123588.0,98712.0,16075.0,1.0,451617.0,82098.0,21674.0,33120.0,78609.0,1402.0,1296.0,6162.0,8292.0,576378.0
1971-05-01,660792.0,0.8,52913.0,26424.0,821552.0,111496.0,13298.0,125561.0,81276.0,51120.0,100814.0,710055.0,6600.0,7956.0,69576.0,18957.0,2676.0,691134.0,2718.0,83952.0,24936.0,922366.0,124193.0,99257.0,16204.0,0.4,455895.0,82874.0,21674.0,33276.0,79337.0,1422.0,1296.0,6268.0,8219.0,581455.0
1971-06-01,663601.0,2.6,53567.0,26520.0,842642.0,123792.0,13283.0,126502.0,98700.0,51204.0,101177.0,718850.0,6756.0,8028.0,70289.0,19485.0,2628.0,699781.0,2738.0,101328.0,25056.0,943819.0,124848.0,99792.0,16331.0,1.2,457011.0,83572.0,21674.0,49704.0,80087.0,1442.0,1296.0,6374.0,8353.0,583513.0
1971-07-01,665675.0,-1.1,54159.0,26412.0,833166.0,114979.0,12865.0,127170.0,86064.0,51144.0,101682.0,718187.0,6876.0,8088.0,71132.0,19398.0,2676.0,698881.0,2865.0,88740.0,25128.0,934848.0,125531.0,100403.0,16441.0,-0.1,457935.0,83997.0,22049.0,37044.0,80571.0,1457.0,1408.0,6182.0,8476.0,585105.0
1971-08-01,670342.0,0.6,54803.0,26472.0,838514.0,114134.0,12923.0,128081.0,86292.0,51300.0,102254.0,724380.0,6864.0,8148.0,71617.0,19352.0,2712.0,704916.0,2887.0,89004.0,25200.0,940768.0,126133.0,100933.0,16577.0,0.9,460986.0,84540.0,22049.0,37176.0,81275.0,1479.0,1408.0,6288.0,8464.0,589067.0
1971-09-01,674308.0,0.7,55494.0,26616.0,844744.0,112112.0,13104.0,128821.0,88260.0,51480.0,102985.0,732632.0,6996.0,8208.0,72143.0,20638.0,2700.0,712999.0,2909.0,90960.0,25176.0,947729.0,126645.0,101469.0,16723.0,1.1,463377.0,85247.0,22049.0,37428.0,82110.0,1501.0,1408.0,6502.0,8488.0,592198.0
1971-10-01,676551.0,0.5,56158.0,26616.0,848767.0,113069.0,14167.0,128786.0,87504.0,51504.0,103051.0,735698.0,7080.0,8268.0,72797.0,19842.0,2724.0,715838.0,2953.0,90228.0,25272.0,951818.0,127081.0,101809.0,16907.0,0.4,464991.0,86964.0,22498.0,37392.0,82774.0,1521.0,1432.0,6379.0,8543.0,593776.0
1971-11-01,680122.0,0.4,56873.0,26748.0,852513.0,111541.0,14247.0,129548.0,88956.0,51732.0,106122.0,740971.0,7296.0,8328.0,73912.0,20368.0,2760.0,720940.0,2979.0,91716.0,25440.0,958635.0,127872.0,102432.0,17052.0,0.7,466953.0,88159.0,22498.0,37836.0,83621.0,1547.0,1432.0,6379.0,8749.0,596501.0
1971-12-01,689853.0,0.9,57721.0,27084.0,860212.0,111578.0,14249.0,130503.0,89040.0,52416.0,107231.0,748635.0,7416.0,8388.0,74202.0,20414.0,2784.0,728438.0,3008.0,91824.0,24096.0,967443.0,127233.0,103137.0,17188.0,1.0,474546.0,88451.0,22498.0,37968.0,84805.0,1576.0,1432.0,6274.0,8580.0,605049.0
1972-01-01,700770.0,-0.1,58479.0,30252.0,859354.0,107569.0,12864.0,133195.0,89052.0,57540.0,116746.0,751786.0,7560.0,8424.0,74934.0,20508.0,2868.0,731497.0,2999.0,91920.0,26052.0,976100.0,130051.0,103999.0,17290.0,0.4,478844.0,87798.0,23101.0,38244.0,88731.0,1647.0,1352.0,5658.0,8658.0,612040.0
1972-02-01,709517.0,1.0,59296.0,30816.0,868023.0,111414.0,13043.0,134200.0,92364.0,58416.0,119896.0,756609.0,7788.0,8472.0,74376.0,20472.0,2916.0,736160.0,3027.0,95280.0,26172.0,987919.0,131019.0,104847.0,17423.0,0.6,485205.0,87419.0,23101.0,38256.0,90112.0,1675.0,1352.0,6726.0,10650.0,619405.0
1972-03-01,714773.0,0.6,59976.0,30828.0,872881.0,103083.0,13483.0,135061.0,92880.0,58464.0,122713.0,769798.0,8088.0,8544.0,75014.0,20904.0,2964.0,749188.0,3049.0,95844.0,26088.0,995594.0,131844.0,105756.0,17562.0,1.7,488908.0,88497.0,23101.0,38352.0,90804.0,1697.0,1352.0,7260.0,9732.0,623969.0
1972-04-01,718390.0,0.1,60493.0,30924.0,873865.0,100451.0,14910.0,134701.0,91392.0,58644.0,124593.0,773414.0,7944.0,8616.0,76423.0,20622.0,3000.0,752541.0,3137.0,94392.0,26184.0,998458.0,132834.0,106650.0,17737.0,0.5,492272.0,91333.0,20152.0,38520.0,91417.0,1749.0,1388.0,7182.0,8508.0,626973.0
1972-05-01,722139.0,1.0,61103.0,31032.0,882212.0,103228.0,15428.0,135605.0,92040.0,58800.0,122666.0,778984.0,7956.0,8688.0,76744.0,21172.0,3012.0,757962.0,3154.0,95052.0,26472.0,1004878.0,134163.0,107691.0,17868.0,0.7,494399.0,92172.0,20152.0,38748.0,92135.0,1766.0,1388.0,6860.0,8616.0,630004.0
1972-06-01,726888.0,0.5,61583.0,31164.0,886371.0,103630.0,15931.0,136698.0,92148.0,58968.0,122851.0,782741.0,7992.0,8772.0,74546.0,21278.0,3096.0,761589.0,3168.0,95244.0,26628.0,1009222.0,135427.0,108799.0,17984.0,0.5,497444.0,90478.0,20152.0,38976.0,92747.0,1780.0,1388.0,6538.0,8592.0,634142.0
1972-07-01,728877.0,1.1,61891.0,30960.0,895998.0,104826.0,16013.0,137255.0,92616.0,59628.0,122969.0,791172.0,8292.0,8856.0,77005.0,21324.0,3144.0,769918.0,3181.0,95760.0,26952.0,1018967.0,137064.0,110112.0,18072.0,1.1,498772.0,93018.0,23875.0,39168.0,92851.0,1821.0,1360.0,6289.0,8687.0,636026.0
1972-08-01,736013.0,1.2,62284.0,31200.0,906969.0,109273.0,17055.0,138455.0,93048.0,59304.0,124449.0,797696.0,9024.0,8940.0,79087.0,21389.0,3192.0,776335.0,3192.0,96240.0,27144.0,1031418.0,138452.0,111308.0,18169.0,0.8,504074.0,96143.0,23875.0,39228.0,93484.0,1832.0,1360.0,5756.0,8711.0,642529.0
1972-09-01,742339.0,0.8,62599.0,31320.0,914562.0,111959.0,18477.0,139575.0,92892.0,59544.0,125413.0,802603.0,8532.0,9024.0,78966.0,21619.0,3228.0,781143.0,3200.0,96120.0,27216.0,1039975.0,139742.0,112526.0,18260.0,0.6,508845.0,97443.0,23875.0,39456.0,93919.0,1840.0,1360.0,5223.0,9038.0,648420.0
1972-10-01,752572.0,2.6,62845.0,31584.0,938584.0,122045.0,21540.0,142332.0,100932.0,60024.0,126563.0,816539.0,8580.0,9132.0,81666.0,21777.0,3264.0,794943.0,3295.0,104196.0,27480.0,1065147.0,141447.0,113967.0,18301.0,1.7,515811.0,103206.0,23750.0,47232.0,94429.0,1875.0,1420.0,5074.0,9137.0,658143.0
1972-11-01,758389.0,1.4,63031.0,31836.0,951847.0,129683.0,22570.0,143318.0,104904.0,60420.0,127341.0,822164.0,8544.0,9228.0,83882.0,22808.0,3312.0,800451.0,3296.0,108216.0,27648.0,1079188.0,142801.0,115153.0,18417.0,0.7,520203.0,106452.0,23750.0,47460.0,94867.0,1876.0,1420.0,4968.0,11896.0,663521.0
1972-12-01,765335.0,0.8,63122.0,31968.0,959153.0,131186.0,22982.0,144250.0,103428.0,60696.0,127480.0,827967.0,8232.0,9336.0,84203.0,22999.0,3348.0,806112.0,3294.0,106776.0,27996.0,1086633.0,144283.0,116287.0,18561.0,0.7,525996.0,107185.0,23750.0,47736.0,95090.0,1874.0,1420.0,4862.0,10263.0,670246.0
1973-01-01,777848.0,-0.2,63218.0,38496.0,957068.0,118796.0,21069.0,144199.0,104448.0,73152.0,128509.0,838272.0,8676.0,9420.0,83342.0,22926.0,3528.0,816471.0,3018.0,107976.0,28020.0,1085577.0,145003.0,116983.0,18783.0,1.2,531935.0,104411.0,23491.0,48444.0,101714.0,1834.0,1184.0,4732.0,10250.0,676134.0
1973-02-01,786386.0,1.3,63315.0,38760.0,969259.0,121495.0,21479.0,145052.0,105132.0,73704.0,126022.0,847764.0,8700.0,9540.0,82303.0,23162.0,3636.0,825800.0,3013.0,108768.0,28368.0,1095281.0,146559.0,118191.0,18952.0,1.1,539259.0,103781.0,23491.0,49140.0,102075.0,1829.0,1184.0,4522.0,10068.0,684311.0
1973-03-01,791997.0,1.1,63401.0,38988.0,979710.0,124831.0,22739.0,145881.0,106704.0,74028.0,124666.0,854879.0,9720.0,9672.0,81503.0,23164.0,3720.0,832750.0,3014.0,110424.0,28728.0,1104376.0,148251.0,119523.0,19116.0,0.8,543727.0,104241.0,23491.0,49704.0,102389.0,1830.0,1184.0,4522.0,9922.0,689608.0
1973-04-01,797813.0,0.9,63503.0,39168.0,988315.0,130270.0,26230.0,146441.0,106524.0,74376.0,126421.0,858045.0,9084.0,9804.0,81587.0,23143.0,3804.0,835703.0,3062.0,110328.0,29100.0,1114736.0,149811.0,120711.0,19280.0,0.4,548701.0,107817.0,23343.0,50028.0,102671.0,1814.0,1248.0,4421.0,10044.0,695141.0
1973-05-01,802865.0,0.7,63678.0,39348.0,995028.0,130949.0,27728.0,147199.0,108192.0,74724.0,130090.0,864080.0,10152.0,9960.0,82358.0,23158.0,3876.0,841581.0,3068.0,112068.0,29172.0,1125118.0,151481.0,122309.0,19430.0,0.7,552640.0,110085.0,23343.0,50376.0,103026.0,1820.0,1248.0,4526.0,10020.0,699839.0
1973-06-01,808964.0,0.9,63853.0,39528.0,1003694.0,136750.0,28803.0,147912.0,108048.0,75072.0,131032.0,866944.0,9540.0,10116.0,83122.0,23347.0,3912.0,844298.0,3074.0,111960.0,29568.0,1134726.0,153606.0,124038.0,19572.0,0.3,557671.0,111925.0,23343.0,50592.0,103381.0,1826.0,1248.0,4421.0,10032.0,705583.0
1973-07-01,815479.0,0.6,64040.0,39780.0,1009789.0,132866.0,27739.0,148841.0,107676.0,75744.0,132416.0,876923.0,9168.0,10272.0,84187.0,22910.0,3996.0,854131.0,3089.0,111672.0,29892.0,1142205.0,156531.0,126639.0,19702.0,1.2,562818.0,111927.0,22340.0,50844.0,103820.0,1817.0,1272.0,4380.0,10102.0,711659.0
1973-08-01,819266.0,0.8,64294.0,39900.0,1018107.0,141925.0,29467.0,149559.0,109668.0,75996.0,133848.0,876182.0,10068.0,10452.0,84260.0,23296.0,4056.0,853252.0,3100.0,113724.0,30492.0,1151955.0,158894.0,128402.0,19830.0,-0.1,565513.0,113727.0,22340.0,51132.0,104194.0,1828.0,1272.0,4484.0,10236.0,715072.0
1973-09-01,826476.0,0.9,64563.0,40152.0,1027397.0,135087.0,31207.0,150328.0,110352.0,76464.0,136003.0,892310.0,9804.0,10632.0,84507.0,23238.0,4140.0,869246.0,3111.0,114492.0,30744.0,1163400.0,160843.0,130099.0,19952.0,1.8,571433.0,115714.0,22340.0,51672.0,104715.0,1839.0,1272.0,4588.0,10418.0,721761.0
1973-10-01,834162.0,1.5,64885.0,40788.0,1042296.0,149662.0,37377.0,152440.0,111408.0,77040.0,137889.0,892635.0,9972.0,10812.0,84427.0,23705.0,4188.0,868163.0,4354.0,115596.0,30948.0,1180185.0,162373.0,131425.0,20117.0,0.0,576049.0,121804.0,23291.0,51528.0,105673.0,1842.0,2512.0,4783.0,10608.0,728489.0
1973-11-01,843006.0,1.0,65246.0,41160.0,1052525.0,151080.0,38126.0,153359.0,112548.0,77748.0,140062.0,901445.0,10140.0,11016.0,84860.0,23789.0,4212.0,876880.0,4371.0,116760.0,31224.0,1192587.0,164292.0,133068.0,20193.0,1.0,583242.0,122986.0,23291.0,52200.0,106406.0,1859.0,2512.0,4783.0,10620.0,736601.0
1973-12-01,847924.0,0.5,65656.0,41328.0,1057280.0,156038.0,36937.0,154377.0,112836.0,77904.0,141926.0,901241.0,10308.0,11232.0,84893.0,23714.0,4212.0,876619.0,4394.0,117048.0,32304.0,1199206.0,167018.0,134714.0,20229.0,0.0,586563.0,121829.0,23291.0,52320.0,106984.0,1882.0,2512.0,4678.0,10584.0,740940.0
1974-01-01,853277.0,0.2,65985.0,43452.0,1059640.0,151726.0,31591.0,154549.0,116424.0,82776.0,140723.0,907914.0,10116.0,11472.0,85660.0,25892.0,4344.0,884533.0,3287.0,120768.0,32220.0,1200363.0,168326.0,136106.0,20094.0,0.7,589291.0,117251.0,23517.0,52416.0,109437.0,1915.0,1372.0,5458.0,11070.0,743840.0
1974-02-01,858581.0,0.4,66527.0,43596.0,1063895.0,150778.0,28611.0,155646.0,117612.0,83124.0,143158.0,913116.0,10272.0,11700.0,87198.0,26664.0,4320.0,889670.0,3312.0,121932.0,32436.0,1207053.0,170337.0,137901.0,20135.0,0.6,592812.0,115810.0,23517.0,52404.0,110123.0,1940.0,1372.0,5870.0,10702.0,748458.0
1974-03-01,863144.0,0.4,67158.0,43740.0,1068567.0,143607.0,25645.0,156725.0,118596.0,83400.0,144495.0,924960.0,10320.0,11928.0,88495.0,26944.0,4332.0,901400.0,3337.0,122928.0,32892.0,1213062.0,172733.0,139841.0,20222.0,1.3,595520.0,114141.0,23517.0,52572.0,110898.0,1965.0,1372.0,6180.0,10652.0,752245.0
1974-04-01,868554.0,0.6,67828.0,44040.0,1075331.0,140789.0,21428.0,157107.0,124092.0,83892.0,145578.0,934542.0,11088.0,12144.0,88071.0,26946.0,4428.0,910797.0,3357.0,128520.0,33000.0,1220909.0,175308.0,142308.0,20388.0,1.0,599578.0,109498.0,22920.0,56580.0,111868.0,1989.0,1368.0,6624.0,10710.0,756686.0
1974-05-01,879324.0,0.9,68674.0,44556.0,1084828.0,138460.0,19727.0,158174.0,125700.0,84816.0,149237.0,946368.0,11328.0,12360.0,89071.0,27466.0,4488.0,922436.0,3383.0,130188.0,33276.0,1234065.0,177651.0,144375.0,20548.0,1.3,607919.0,108798.0,22920.0,56868.0,113230.0,2015.0,1368.0,6832.0,10846.0,766093.0
1974-06-01,887589.0,0.6,69633.0,44844.0,1091797.0,139619.0,19136.0,159247.0,126336.0,85380.0,151891.0,952177.0,11016.0,12600.0,88479.0,27896.0,4620.0,928033.0,3409.0,130956.0,33552.0,1243688.0,179988.0,146436.0,20735.0,0.6,613865.0,107614.0,22920.0,57300.0,114477.0,2041.0,1368.0,6728.0,10796.0,773112.0
1974-07-01,892659.0,1.1,70569.0,45156.0,1104060.0,141661.0,20861.0,160170.0,131280.0,86100.0,153752.0,962399.0,11088.0,12828.0,89340.0,28898.0,4728.0,937949.0,3441.0,136008.0,33528.0,1257812.0,181771.0,148243.0,21009.0,1.1,616764.0,110201.0,23273.0,59580.0,115725.0,2077.0,1364.0,6750.0,12136.0,776935.0
1974-08-01,900017.0,0.9,71764.0,45240.0,1114057.0,134565.0,21454.0,161288.0,132060.0,86256.0,154771.0,979492.0,11220.0,13056.0,89647.0,29389.0,4872.0,954819.0,3471.0,136932.0,33432.0,1268828.0,183761.0,150329.0,21202.0,1.8,621725.0,111101.0,23273.0,59868.0,117004.0,2107.0,1364.0,6957.0,11570.0,783013.0
1974-09-01,907913.0,0.9,72999.0,45468.0,1124452.0,144515.0,22122.0,162442.0,133380.0,86724.0,156210.0,979938.0,11784.0,13296.0,89574.0,29625.0,5040.0,955059.0,3504.0,138420.0,33648.0,1280662.0,186085.0,152437.0,21375.0,0.0,627003.0,111696.0,23273.0,59964.0,118467.0,2140.0,1364.0,6957.0,11754.0,789446.0
1974-10-01,915574.0,1.0,74351.0,45720.0,1136224.0,152052.0,23848.0,165607.0,135912.0,87156.0,157779.0,984173.0,11976.0,13536.0,89201.0,30188.0,5184.0,959232.0,3524.0,141096.0,33576.0,1294003.0,188430.0,154854.0,21417.0,0.4,629896.0,113049.0,23011.0,60732.0,120071.0,2176.0,1348.0,7769.0,11711.0,795502.0
1974-11-01,911810.0,0.2,75861.0,45276.0,1138624.0,157220.0,23893.0,166899.0,138156.0,86304.0,157330.0,981405.0,12336.0,13776.0,89506.0,30492.0,5388.0,956186.0,3557.0,143544.0,33516.0,1295954.0,190494.0,156978.0,21662.0,-0.3,623774.0,113399.0,23011.0,61236.0,121137.0,2209.0,1348.0,8494.0,11822.0,790673.0
1974-12-01,914130.0,0.8,77508.0,45240.0,1147757.0,160349.0,23301.0,168291.0,143124.0,86244.0,157652.0,987408.0,11568.0,14016.0,90695.0,30940.0,5112.0,961818.0,3590.0,148236.0,33168.0,1305409.0,192280.0,159112.0,22000.0,0.6,623091.0,113996.0,23011.0,61764.0,122748.0,2242.0,1348.0,9633.0,15203.0,791382.0
1975-01-01,917491.0,0.6,79138.0,45852.0,1154179.0,152291.0,20408.0,168974.0,145860.0,87936.0,158102.0,1001888.0,13116.0,14244.0,93166.0,31699.0,5772.0,975602.0,3617.0,151632.0,33012.0,1312281.0,194858.0,161846.0,22669.0,1.5,623527.0,113574.0,22662.0,61620.0,124990.0,2269.0,1348.0,12005.0,13176.0,792500.0
1975-02-01,916726.0,0.6,80801.0,45612.0,1161094.0,145060.0,19585.0,170497.0,151056.0,87444.0,157677.0,1016033.0,13656.0,14496.0,93520.0,31831.0,6180.0,989395.0,3651.0,157236.0,32880.0,1318771.0,196486.0,163606.0,22988.0,1.4,619816.0,113104.0,22662.0,62100.0,126413.0,2303.0,1348.0,13955.0,15018.0,790314.0
1975-03-01,920923.0,0.4,82305.0,45672.0,1166028.0,148575.0,19230.0,172053.0,152352.0,87516.0,158185.0,1017453.0,13008.0,14736.0,92296.0,32326.0,6492.0,990575.0,3688.0,158844.0,32796.0,1324213.0,197774.0,164978.0,23190.0,0.1,620893.0,111526.0,22662.0,62280.0,127977.0,2340.0,1348.0,16520.0,13482.0,792946.0
1975-04-01,922638.0,2.2,83611.0,45696.0,1191350.0,169622.0,19550.0,172984.0,155532.0,87468.0,138954.0,1021728.0,13296.0,15000.0,93228.0,32806.0,6852.0,995033.0,3579.0,162384.0,32736.0,1330304.0,197567.0,164831.0,23116.0,0.4,620347.0,112778.0,22405.0,62376.0,129307.0,2383.0,1196.0,18761.0,13293.0,793332.0
1975-05-01,931675.0,6.2,84829.0,46020.0,1265114.0,219344.0,20014.0,174488.0,158112.0,88092.0,78676.0,1045770.0,13248.0,15240.0,94264.0,33291.0,6912.0,1018937.0,3620.0,165024.0,32628.0,1343790.0,198500.0,165872.0,23213.0,2.4,626338.0,114278.0,22405.0,63204.0,130849.0,2424.0,1196.0,19581.0,13548.0,800826.0
1975-06-01,939211.0,-2.8,85983.0,46284.0,1230201.0,176443.0,20845.0,175908.0,180288.0,88500.0,145574.0,1053757.0,14820.0,15492.0,95052.0,53351.0,6936.0,1026777.0,3661.0,187224.0,32568.0,1375775.0,199538.0,166970.0,23320.0,0.8,631036.0,115897.0,22405.0,63084.0,132267.0,2465.0,1196.0,19786.0,13755.0,806944.0
1975-07-01,944623.0,-0.7,86900.0,46560.0,1221636.0,154403.0,23007.0,176668.0,166968.0,88920.0,150629.0,1067233.0,13680.0,15744.0,96233.0,34157.0,7032.0,1039789.0,3974.0,174000.0,32544.0,1372265.0,201075.0,168531.0,23470.0,1.3,634495.0,119240.0,22247.0,68532.0,133460.0,2514.0,1460.0,21222.0,13633.0,811163.0
1975-08-01,958369.0,1.1,87736.0,47064.0,1235078.0,160531.0,23885.0,177854.0,167784.0,89916.0,153425.0,1074547.0,13584.0,16008.0,96640.0,35000.0,7116.0,1046958.0,4016.0,174900.0,32712.0,1388503.0,202377.0,169665.0,23572.0,0.7,645715.0,120526.0,22247.0,69324.0,134800.0,2556.0,1460.0,20089.0,13779.0,823569.0
1975-09-01,964980.0,0.7,88433.0,47400.0,1244226.0,161680.0,24426.0,178890.0,168432.0,90456.0,154439.0,1082546.0,14016.0,16272.0,97931.0,35435.0,7140.0,1054829.0,4058.0,175572.0,33180.0,1398665.0,203965.0,170785.0,23659.0,0.7,650256.0,122357.0,22247.0,69180.0,135833.0,2598.0,1460.0,19265.0,14264.0,829146.0
1975-10-01,974802.0,1.0,89038.0,47832.0,1256668.0,167991.0,24977.0,181209.0,170676.0,91176.0,156720.0,1088677.0,15000.0,16524.0,99334.0,35830.0,7224.0,1060854.0,3992.0,177900.0,33432.0,1413388.0,205696.0,172264.0,23832.0,0.6,656724.0,124310.0,21856.0,69672.0,136870.0,2644.0,1348.0,19178.0,14472.0,837933.0
1975-11-01,983815.0,0.6,89475.0,48156.0,1263801.0,160205.0,24549.0,182165.0,169008.0,91836.0,158590.0,1103596.0,14100.0,16788.0,100726.0,35714.0,7248.0,1075758.0,4036.0,176256.0,33840.0,1422391.0,207025.0,173185.0,23802.0,1.4,664019.0,125275.0,21856.0,69420.0,137631.0,2688.0,1348.0,18659.0,14327.0,846184.0
1975-12-01,991520.0,0.7,89780.0,48540.0,1272028.0,152218.0,23521.0,183190.0,171540.0,92460.0,160313.0,1119809.0,14832.0,17052.0,102479.0,36396.0,7224.0,1092058.0,4080.0,178764.0,32736.0,1432341.0,206661.0,173925.0,23671.0,1.5,670009.0,126000.0,21856.0,69948.0,138320.0,2732.0,1348.0,18659.0,14653.0,853200.0
1976-01-01,1007991.0,1.0,90057.0,52824.0,1285223.0,150627.0,20701.0,183758.0,174819.0,98460.0,162009.0,1134596.0,15432.0,17316.0,104554.0,37913.0,7080.0,1107148.0,4229.0,181899.0,35172.0,1447232.0,208692.0,173520.0,23218.0,1.3,681351.0,125255.0,21855.0,71064.0,142881.0,2785.0,1444.0,18252.0,14842.0,865110.0
1976-02-01,1015436.0,0.8,90327.0,53136.0,1294887.0,159832.0,19329.0,184798.0,175143.0,99000.0,162651.0,1135055.0,14628.0,17580.0,107047.0,37970.0,7068.0,1107695.0,4272.0,182211.0,36468.0,1457538.0,210810.0,174342.0,23088.0,0.0,687175.0,126377.0,21705.0,70848.0,143463.0,2828.0,1444.0,17215.0,16902.0,871974.0
1976-03-01,1020719.0,0.5,90772.0,53376.0,1300718.0,158465.0,18245.0,185783.0,174195.0,99384.0,162849.0,1142253.0,15432.0,17856.0,109306.0,38282.0,6996.0,1114879.0,4315.0,181191.0,36720.0,1463567.0,212142.0,175422.0,23059.0,0.6,690787.0,127551.0,21349.0,70968.0,144148.0,2871.0,1444.0,17525.0,14132.0,876571.0
1976-04-01,1028573.0,0.4,91434.0,53676.0,1305394.0,152534.0,17586.0,186367.0,173283.0,99948.0,167140.0,1152860.0,15120.0,18120.0,110303.0,38377.0,7032.0,1125424.0,4223.0,180315.0,37344.0,1472534.0,214919.0,177575.0,23213.0,0.9,697097.0,127889.0,20785.0,71184.0,145110.0,2919.0,1304.0,16718.0,13764.0,883464.0
1976-05-01,1037042.0,0.5,92128.0,54024.0,1311650.0,161391.0,16955.0,187281.0,171855.0,100584.0,169594.0,1150260.0,14472.0,18384.0,111390.0,38192.0,6996.0,1122700.0,4263.0,178851.0,38232.0,1481244.0,217193.0,178961.0,23296.0,-0.2,703609.0,128345.0,20397.0,71088.0,146152.0,2959.0,1304.0,15991.0,13728.0,890890.0
1976-06-01,1040897.0,0.5,92961.0,54144.0,1318657.0,150467.0,16507.0,188180.0,174015.0,100764.0,171277.0,1168191.0,14976.0,18648.0,113144.0,38604.0,6912.0,1140496.0,4303.0,180927.0,38628.0,1489934.0,219042.0,180414.0,23391.0,1.6,705612.0,129651.0,20182.0,71976.0,147105.0,2999.0,1304.0,16095.0,13716.0,893792.0
1976-07-01,1049087.0,1.1,93935.0,54504.0,1332927.0,155458.0,16279.0,188562.0,179763.0,101568.0,173784.0,1177469.0,15660.0,18924.0,115368.0,38879.0,6792.0,1149590.0,4383.0,186555.0,39312.0,1506711.0,220852.0,181540.0,23496.0,0.8,712087.0,131647.0,20138.0,76752.0,148439.0,3043.0,1340.0,16332.0,13216.0,900648.0
1976-08-01,1059523.0,0.8,95023.0,54876.0,1343008.0,156987.0,16059.0,189474.0,180051.0,102264.0,176289.0,1186022.0,15732.0,19200.0,116373.0,39091.0,6672.0,1157982.0,4422.0,186723.0,39912.0,1519297.0,222844.0,182932.0,23618.0,0.7,720150.0,132432.0,20039.0,76920.0,149899.0,3082.0,1340.0,16228.0,12880.0,909624.0
1976-09-01,1066514.0,0.6,96243.0,55188.0,1350841.0,153777.0,16013.0,190416.0,180411.0,102744.0,178311.0,1197064.0,16212.0,19464.0,117963.0,39171.0,6504.0,1168847.0,4461.0,186915.0,40416.0,1529152.0,224599.0,184183.0,23756.0,0.9,724667.0,133976.0,19892.0,77316.0,151431.0,3121.0,1340.0,15812.0,12436.0,915084.0
1976-10-01,1073235.0,0.3,97636.0,55128.0,1355544.0,150355.0,16277.0,193046.0,179991.0,102840.0,181122.0,1205189.0,15420.0,19740.0,117392.0,39150.0,6288.0,1176784.0,4583.0,186279.0,41148.0,1536666.0,226626.0,185478.0,23822.0,0.7,727425.0,133669.0,19697.0,78108.0,152764.0,3167.0,1416.0,15246.0,12327.0,920471.0
1976-11-01,1085859.0,1.4,99124.0,55776.0,1373956.0,156325.0,16299.0,194067.0,183399.0,103920.0,183234.0,1217631.0,15936.0,20016.0,120797.0,39482.0,6072.0,1188960.0,4619.0,189471.0,41904.0,1557190.0,229449.0,187545.0,24053.0,1.0,736892.0,137096.0,19234.0,78936.0,154900.0,3203.0,1416.0,15453.0,13576.0,930959.0
1976-12-01,1095288.0,0.9,100810.0,56124.0,1386916.0,146419.0,16275.0,195139.0,184791.0,104532.0,183792.0,1240497.0,16464.0,20292.0,121531.0,39757.0,5916.0,1211481.0,4655.0,190707.0,42396.0,1570708.0,233006.0,190610.0,24361.0,1.9,743215.0,137806.0,18434.0,78852.0,156934.0,3239.0,1416.0,15765.0,13661.0,938354.0
1977-01-01,1100223.0,0.4,102476.0,58464.0,1392164.0,147609.0,16328.0,195615.0,183708.0,108228.0,180005.0,1244555.0,15144.0,20580.0,121840.0,39400.0,5724.0,1214984.0,4677.0,189432.0,42012.0,1572169.0,235436.0,193424.0,24894.0,0.3,743668.0,138168.0,17138.0,79140.0,160940.0,3273.0,1404.0,15372.0,14072.0,939283.0
1977-02-01,1114047.0,-0.1,104166.0,59112.0,1390658.0,129370.0,16017.0,196745.0,185556.0,109368.0,198949.0,1261287.0,16656.0,20868.0,122469.0,40023.0,5448.0,1231325.0,4711.0,191004.0,42648.0,1589607.0,239184.0,196536.0,25252.0,1.3,754024.0,138486.0,16254.0,79248.0,163278.0,3307.0,1404.0,15061.0,13700.0,950769.0
1977-03-01,1125566.0,1.9,105850.0,59640.0,1417224.0,148571.0,15549.0,197883.0,187224.0,110256.0,187440.0,1268654.0,16800.0,21144.0,123571.0,40073.0,5232.0,1238329.0,4745.0,192456.0,43236.0,1604664.0,241832.0,198596.0,25580.0,0.6,762193.0,139121.0,15945.0,79296.0,165490.0,3341.0,1404.0,15995.0,13916.0,960076.0
1977-04-01,1137148.0,0.7,107288.0,60048.0,1427650.0,149738.0,14766.0,198332.0,188292.0,111096.0,193288.0,1277912.0,17028.0,21420.0,125797.0,40075.0,5100.0,1247267.0,4800.0,193392.0,43632.0,1620938.0,244649.0,201017.0,25845.0,0.7,771480.0,140563.0,16282.0,80364.0,167336.0,3388.0,1412.0,13799.0,15606.0,969812.0
1977-05-01,1151120.0,0.5,108784.0,60636.0,1435157.0,147117.0,14076.0,199618.0,185940.0,112176.0,198064.0,1288040.0,17328.0,21684.0,126936.0,40265.0,4980.0,1257068.0,4833.0,190920.0,43500.0,1633221.0,245954.0,202454.0,26138.0,0.8,782083.0,141012.0,16391.0,80220.0,169420.0,3421.0,1412.0,13280.0,13163.0,981701.0
1977-06-01,1162605.0,1.0,110277.0,61116.0,1449182.0,154284.0,13380.0,201042.0,185016.0,112992.0,195721.0,1294898.0,18120.0,21960.0,126578.0,40380.0,4932.0,1263605.0,4866.0,189948.0,44556.0,1644903.0,249112.0,204556.0,26427.0,0.5,790170.0,139958.0,16273.0,80508.0,171393.0,3454.0,1412.0,12761.0,11287.0,991211.0
1977-07-01,1172663.0,1.2,111563.0,61440.0,1466108.0,154101.0,10747.0,202131.0,189684.0,113772.0,196500.0,1312007.0,15576.0,22236.0,130189.0,41152.0,4860.0,1280483.0,4841.0,194544.0,45264.0,1662608.0,252315.0,207051.0,26684.0,1.3,797529.0,140935.0,15923.0,85884.0,173003.0,3485.0,1356.0,12032.0,12804.0,999660.0
1977-08-01,1180082.0,0.9,112874.0,61596.0,1478906.0,161358.0,11119.0,203671.0,193032.0,114096.0,197995.0,1317548.0,17676.0,22512.0,130906.0,41460.0,4848.0,1285687.0,4872.0,197880.0,45552.0,1676901.0,255413.0,209861.0,26989.0,0.4,801942.0,142025.0,15597.0,86016.0,174470.0,3516.0,1356.0,12239.0,13129.0,1005613.0
1977-09-01,1193581.0,0.9,114176.0,62160.0,1492575.0,165813.0,13450.0,205190.0,192396.0,115128.0,201158.0,1326763.0,16908.0,22788.0,130689.0,41588.0,4872.0,1294544.0,4903.0,197268.0,45936.0,1693733.0,258579.0,212643.0,27315.0,0.7,812056.0,144140.0,15294.0,86868.0,176336.0,3547.0,1356.0,11513.0,12731.0,1017246.0
1977-10-01,1208726.0,1.2,115316.0,62712.0,1510394.0,166449.0,20236.0,208681.0,190836.0,116172.0,205916.0,1343945.0,15036.0,23064.0,130385.0,41745.0,4896.0,1311405.0,4918.0,195732.0,46260.0,1716310.0,262387.0,216127.0,27622.0,1.3,822017.0,150621.0,15016.0,86088.0,178028.0,3590.0,1328.0,12004.0,12899.0,1030698.0
1977-11-01,1218074.0,1.4,116454.0,63120.0,1531206.0,171281.0,22792.0,210251.0,195888.0,116796.0,208580.0,1359925.0,17148.0,23340.0,134306.0,42543.0,5016.0,1326983.0,4948.0,200904.0,46764.0,1739786.0,265497.0,218733.0,27994.0,1.2,828248.0,157098.0,15008.0,87840.0,179574.0,3620.0,1328.0,11901.0,13116.0,1038499.0
1977-12-01,1226065.0,0.9,117533.0,63204.0,1545040.0,175651.0,23101.0,211896.0,196212.0,117048.0,210932.0,1369389.0,17424.0,23616.0,138669.0,42420.0,5172.0,1336024.0,4978.0,201384.0,47316.0,1755972.0,268533.0,221217.0,28387.0,0.7,833432.0,161769.0,15268.0,87396.0,180737.0,3650.0,1328.0,11591.0,13765.0,1045328.0
1978-01-01,1236621.0,0.2,118437.0,66793.0,1547386.0,183951.0,19359.0,212529.0,196932.0,122406.0,212736.0,1363435.0,16476.0,23880.0,137665.0,43339.0,5448.0,1329486.0,5059.0,202380.0,47928.0,1760122.0,270716.0,222788.0,28891.0,-0.4,838862.0,157024.0,15787.0,88068.0,185230.0,3675.0,1384.0,11056.0,14113.0,1051391.0
1978-02-01,1249153.0,1.1,119400.0,67548.0,1563820.0,174275.0,18158.0,213735.0,197376.0,123718.0,212409.0,1389545.0,17592.0,24168.0,140345.0,43751.0,5652.0,1355131.0,5089.0,203028.0,48156.0,1776229.0,273271.0,225115.0,29326.0,1.9,848470.0,158503.0,15992.0,87264.0,186948.0,3705.0,1384.0,10849.0,13752.0,1062205.0
1978-03-01,1266959.0,1.5,120443.0,68578.0,1587058.0,174612.0,17935.0,214515.0,198792.0,125572.0,210843.0,1412446.0,18312.0,24444.0,142109.0,44178.0,5832.0,1377542.0,5119.0,204624.0,48564.0,1797901.0,275953.0,227389.0,29785.0,1.6,863423.0,160044.0,15893.0,87996.0,189021.0,3735.0,1384.0,10435.0,13427.0,1077938.0
1978-04-01,1287571.0,1.1,121515.0,69776.0,1604639.0,172667.0,20222.0,215893.0,197688.0,127757.0,217260.0,1431971.0,17856.0,24744.0,144095.0,44405.0,5988.0,1396368.0,5370.0,203676.0,48912.0,1821899.0,278595.0,229683.0,30233.0,1.4,880386.0,164317.0,15496.0,87720.0,191291.0,3770.0,1600.0,9776.0,13187.0,1096280.0
1978-05-01,1296757.0,0.6,122609.0,70271.0,1615069.0,166990.0,21072.0,217269.0,200424.0,128757.0,221956.0,1448078.0,19800.0,25044.0,144730.0,44660.0,6168.0,1411964.0,5401.0,206592.0,49260.0,1837025.0,281137.0,231877.0,30713.0,1.1,886608.0,165803.0,15493.0,87996.0,192881.0,3801.0,1600.0,9364.0,13560.0,1103877.0
1978-06-01,1313052.0,0.7,123797.0,71285.0,1625728.0,163285.0,21429.0,218697.0,198744.0,130559.0,230036.0,1462444.0,18240.0,25344.0,146792.0,44807.0,6372.0,1425824.0,5435.0,205116.0,50004.0,1855764.0,284050.0,234046.0,31185.0,1.0,899274.0,168221.0,15885.0,88020.0,195082.0,3835.0,1600.0,8952.0,13381.0,1117970.0
1978-07-01,1325418.0,1.1,125011.0,71848.0,1642807.0,178847.0,21159.0,220910.0,206268.0,131958.0,233358.0,1463960.0,18732.0,25656.0,145565.0,45562.0,6552.0,1426815.0,5433.0,212820.0,50736.0,1876165.0,286487.0,235751.0,31713.0,0.1,907649.0,166724.0,16674.0,93900.0,196860.0,3873.0,1560.0,9074.0,13344.0,1128558.0
1978-08-01,1335857.0,0.9,126251.0,72569.0,1658079.0,173523.0,20738.0,222413.0,208068.0,133280.0,236119.0,1484556.0,19236.0,25980.0,149003.0,45660.0,6756.0,1446954.0,5468.0,214824.0,51840.0,1894198.0,289847.0,238007.0,32134.0,1.4,914624.0,169741.0,17209.0,94200.0,198820.0,3908.0,1560.0,9384.0,13608.0,1137037.0
1978-09-01,1349301.0,0.6,127558.0,73349.0,1668047.0,177148.0,20458.0,223822.0,207096.0,134836.0,239417.0,1490899.0,18780.0,26304.0,148105.0,45470.0,6936.0,1452881.0,5503.0,214032.0,52548.0,1907464.0,292916.0,240368.0,32515.0,0.4,924571.0,168563.0,17489.0,94728.0,200907.0,3943.0,1560.0,8662.0,13152.0,1148393.0
1978-10-01,1367155.0,1.1,128909.0,74549.0,1685842.0,180365.0,18655.0,225541.0,208236.0,137043.0,243845.0,1505477.0,19344.0,26640.0,152202.0,45282.0,7104.0,1466922.0,5726.0,215340.0,53028.0,1929687.0,295865.0,242837.0,32829.0,1.0,938156.0,170857.0,17513.0,95112.0,203458.0,3970.0,1756.0,8587.0,13271.0,1163697.0
1978-11-01,1379320.0,0.7,130295.0,75362.0,1696958.0,177439.0,19451.0,226941.0,210384.0,138639.0,247045.0,1519519.0,19980.0,26988.0,149818.0,45771.0,7284.0,1480617.0,5764.0,217668.0,53532.0,1944003.0,298841.0,245309.0,33138.0,0.9,946723.0,169269.0,17544.0,95280.0,205657.0,4008.0,1756.0,8277.0,14088.0,1173663.0
1978-12-01,1393998.0,1.0,131764.0,76407.0,1713425.0,177680.0,20421.0,227953.0,211116.0,140594.0,250764.0,1535744.0,19080.0,27324.0,152198.0,45567.0,7464.0,1496523.0,5805.0,218580.0,54228.0,1964189.0,302008.0,247780.0,33416.0,1.1,957874.0,172620.0,17577.0,96276.0,208171.0,4049.0,1756.0,8588.0,14281.0,1185827.0
1979-01-01,1407704.0,1.2,133274.0,78173.0,1734570.0,192890.0,23364.0,230304.0,214903.0,143963.0,251044.0,1541680.0,20640.0,27636.0,153017.0,46566.0,7692.0,1502425.0,5645.0,222595.0,54629.0,1985614.0,305297.0,250669.0,33610.0,0.4,965953.0,176381.0,17600.0,96432.0,211447.0,4097.0,1548.0,9261.0,14368.0,1196257.0
1979-02-01,1421394.0,0.9,134744.0,79166.0,1750858.0,193466.0,23894.0,231174.0,213691.0,145855.0,253215.0,1557392.0,19332.0,27996.0,157091.0,46667.0,7860.0,1517821.0,5688.0,221551.0,55474.0,2004073.0,308642.0,253168.0,33883.0,1.0,976311.0,180986.0,17354.0,96384.0,213910.0,4140.0,1548.0,9364.0,13948.0,1207484.0
1979-03-01,1438450.0,1.0,136187.0,80310.0,1769242.0,198153.0,24007.0,232515.0,216019.0,148071.0,256616.0,1571090.0,20124.0,28380.0,158799.0,47020.0,8004.0,1531178.0,5728.0,224023.0,55948.0,2025858.0,311803.0,255856.0,34183.0,0.9,989439.0,182805.0,16847.0,96768.0,216496.0,4180.0,1548.0,9467.0,14260.0,1221954.0
1979-04-01,1440453.0,0.2,137570.0,80471.0,1773121.0,194424.0,21715.0,233120.0,219631.0,148523.0,257527.0,1578697.0,21204.0,28788.0,158440.0,47720.0,8100.0,1538448.0,5735.0,227731.0,56374.0,2030648.0,314755.0,258381.0,34515.0,0.5,989292.0,180155.0,16077.0,98736.0,218042.0,4219.0,1516.0,9479.0,13704.0,1222411.0
1979-05-01,1453488.0,0.6,138978.0,81306.0,1783217.0,183787.0,21891.0,232966.0,220075.0,150212.0,261356.0,1599430.0,21144.0,29208.0,157055.0,48831.0,8184.0,1558800.0,5775.0,228259.0,57014.0,2044573.0,318548.0,261534.0,34855.0,1.3,1000237.0,178945.0,15544.0,97356.0,220284.0,4259.0,1516.0,9376.0,14160.0,1233204.0
1979-06-01,1470307.0,0.6,140435.0,82345.0,1793260.0,176575.0,21902.0,234399.0,217879.0,152212.0,267111.0,1616684.0,19980.0,29628.0,156539.0,48118.0,8292.0,1575659.0,5815.0,226171.0,57460.0,2060371.0,322410.0,264950.0,35211.0,1.1,1013127.0,178442.0,15253.0,97452.0,222780.0,4299.0,1516.0,8757.0,13944.0,1247527.0
1979-07-01,1484594.0,1.5,141929.0,83214.0,1820079.0,192330.0,22579.0,237564.0,233155.0,154025.0,271729.0,1627749.0,21708.0,30072.0,156801.0,50512.0,8352.0,1586126.0,6048.0,241507.0,57796.0,2091808.0,325148.0,267352.0,35575.0,0.7,1021887.0,179380.0,15203.0,107412.0,225143.0,4344.0,1704.0,9251.0,14200.0,1259451.0
1979-08-01,1495642.0,0.9,143454.0,83803.0,1836697.0,179057.0,22250.0,240054.0,235051.0,155202.0,274460.0,1657640.0,20628.0,30528.0,159680.0,52314.0,8388.0,1615572.0,6090.0,243439.0,58114.0,2111157.0,330033.0,271920.0,35978.0,1.8,1028331.0,181930.0,15314.0,107532.0,227257.0,4386.0,1704.0,9765.0,14284.0,1268385.0
1979-09-01,1509924.0,0.8,144991.0,84611.0,1851369.0,174919.0,21932.0,240554.0,235579.0,156853.0,278292.0,1676450.0,20988.0,31008.0,158957.0,51911.0,8448.0,1633904.0,6132.0,244027.0,58749.0,2129661.0,336093.0,277343.0,36415.0,1.1,1039768.0,180889.0,15582.0,107928.0,229602.0,4428.0,1704.0,9868.0,13876.0,1280322.0
1979-10-01,1519941.0,0.8,146552.0,85108.0,1865517.0,181059.0,22172.0,242751.0,237979.0,157832.0,281566.0,1684458.0,21864.0,31488.0,157031.0,52427.0,8496.0,1641601.0,6577.0,246475.0,59451.0,2147083.0,343297.0,283846.0,36280.0,0.5,1045529.0,179202.0,15999.0,107880.0,231660.0,4489.0,2088.0,10124.0,14196.0,1288281.0
1979-11-01,1534550.0,1.0,148122.0,85884.0,1883831.0,182803.0,21037.0,244455.0,240595.0,159343.0,285106.0,1701028.0,22668.0,31992.0,156619.0,52866.0,8460.0,1657250.0,6617.0,249055.0,60132.0,2168937.0,350815.0,290683.0,37161.0,1.0,1056088.0,177657.0,16203.0,108612.0,234006.0,4529.0,2088.0,10538.0,13919.0,1300544.0
1979-12-01,1550325.0,1.1,149723.0,86653.0,1903789.0,192435.0,19050.0,245774.0,243451.0,160897.0,288934.0,1711354.0,22524.0,32508.0,157425.0,53908.0,8424.0,1666255.0,6654.0,251875.0,60744.0,2192723.0,358812.0,298068.0,38445.0,0.6,1068174.0,176475.0,16134.0,108480.0,236377.0,4566.0,2088.0,11054.0,14977.0,1313949.0
1980-01-01,1558924.0,1.8,151354.0,86216.0,1937349.0,191955.0,15739.0,247865.0,251637.0,160970.0,281484.0,1745395.0,23160.0,33084.0,157255.0,60176.0,8244.0,1697298.0,6486.0,259881.0,62139.0,2218833.0,372291.0,310152.0,41610.0,2.0,1073490.0,172994.0,15713.0,108840.0,237570.0,4598.0,1888.0,11785.0,14592.0,1321354.0
1980-02-01,1572936.0,0.6,152929.0,86830.0,1948080.0,197458.0,13327.0,249945.0,251937.0,162052.0,284562.0,1750622.0,25080.0,33624.0,153855.0,57332.0,8148.0,1701393.0,6528.0,260085.0,62217.0,2232642.0,378842.0,316625.0,42701.0,0.3,1083232.0,167182.0,15649.0,109704.0,239758.0,4640.0,1888.0,11785.0,14412.0,1333177.0
1980-03-01,1588922.0,0.6,154545.0,87578.0,1959692.0,201669.0,10864.0,252712.0,250113.0,162763.0,288429.0,1758023.0,21972.0,34188.0,151654.0,57779.0,8136.0,1708215.0,6576.0,258249.0,63341.0,2248121.0,385182.0,321840.0,43231.0,0.4,1094086.0,162519.0,16013.0,109500.0,242123.0,4688.0,1888.0,12298.0,14376.0,1346799.0
1980-04-01,1595017.0,0.4,156114.0,87464.0,1967749.0,223493.0,3832.0,260601.0,252705.0,162285.0,289413.0,1744256.0,21684.0,34740.0,154654.0,58204.0,8232.0,1695241.0,6628.0,260937.0,64276.0,2257162.0,388438.0,324162.0,42387.0,-0.8,1090838.0,158486.0,16570.0,109416.0,243577.0,4768.0,1860.0,14165.0,14496.0,1351440.0
1980-05-01,1596121.0,0.4,157664.0,87448.0,1975683.0,226652.0,2281.0,259599.0,256113.0,162601.0,291988.0,1749031.0,21624.0,35292.0,157657.0,59063.0,8316.0,1700079.0,6689.0,264429.0,64993.0,2267671.0,392741.0,327747.0,42263.0,0.3,1091410.0,159937.0,17045.0,110100.0,245113.0,4829.0,1860.0,15694.0,14340.0,1351008.0
1980-06-01,1606372.0,0.8,159212.0,87970.0,1992351.0,224708.0,3247.0,261535.0,259857.0,163819.0,295121.0,1767644.0,23256.0,35868.0,159260.0,58872.0,8436.0,1718848.0,6753.0,268293.0,65553.0,2287472.0,396447.0,330894.0,42043.0,1.1,1097655.0,162507.0,17672.0,110448.0,247182.0,4893.0,1860.0,17121.0,14292.0,1359191.0
1980-07-01,1610497.0,1.7,160733.0,88090.0,2025251.0,229947.0,9562.0,262958.0,285933.0,164819.0,297173.0,1795305.0,23436.0,36444.0,160841.0,66438.0,8556.0,1747082.0,6934.0,294489.0,65056.0,2322424.0,393347.0,328291.0,41289.0,1.6,1098717.0,170402.0,18508.0,126048.0,248823.0,4974.0,1960.0,19143.0,14424.0,1361675.0
1980-08-01,1629883.0,0.9,162225.0,89112.0,2044141.0,232014.0,11773.0,264264.0,285897.0,167187.0,302531.0,1812127.0,23544.0,37032.0,160579.0,65386.0,8712.0,1763778.0,7006.0,294609.0,64702.0,2346672.0,397219.0,332517.0,41343.0,0.9,1114281.0,172352.0,19797.0,127476.0,251337.0,5046.0,1960.0,18119.0,14340.0,1378546.0
1980-09-01,1645418.0,1.3,163736.0,89997.0,2071714.0,242415.0,13889.0,265507.0,291729.0,168846.0,306881.0,1829298.0,25656.0,37632.0,163559.0,66683.0,8868.0,1780453.0,7081.0,300597.0,64422.0,2378595.0,402682.0,338260.0,41764.0,0.9,1126178.0,177448.0,21296.0,127272.0,253733.0,5121.0,1960.0,19654.0,14832.0,1391685.0
1980-10-01,1668353.0,1.6,165245.0,91191.0,2104541.0,237049.0,17343.0,268579.0,290469.0,171081.0,313797.0,1867492.0,25164.0,38232.0,166371.0,65595.0,9036.0,1817093.0,7298.0,299505.0,64382.0,2418338.0,415239.0,350857.0,43101.0,2.1,1143338.0,183714.0,22608.0,128112.0,256436.0,5198.0,2100.0,18787.0,14579.0,1411917.0
1980-11-01,1689781.0,1.0,166702.0,92296.0,2124659.0,246700.0,19012.0,270877.0,288405.0,173160.0,319239.0,1877959.0,24336.0,38832.0,165425.0,64653.0,9300.0,1826815.0,7386.0,297705.0,64481.0,2443898.0,421908.0,357427.0,43758.0,0.6,1159905.0,184437.0,23229.0,127596.0,258998.0,5286.0,2100.0,17460.0,15528.0,1430782.0
1980-12-01,1704748.0,1.1,168169.0,93090.0,2148164.0,244691.0,19622.0,273089.0,293181.0,174672.0,323526.0,1903474.0,27348.0,39444.0,167239.0,65007.0,9576.0,1851714.0,7483.0,302757.0,64790.0,2471690.0,428352.0,363562.0,44276.0,1.4,1170400.0,186861.0,23644.0,128520.0,261259.0,5383.0,2100.0,17153.0,15709.0,1443489.0
1981-01-01,1728206.0,0.6,169598.0,100309.0,2160137.0,235010.0,17804.0,275461.0,293463.0,188650.0,327238.0,1925127.0,24840.0,40068.0,170721.0,65995.0,10068.0,1870041.0,10746.0,303531.0,65443.0,2487375.0,431807.0,366365.0,44340.0,1.1,1182838.0,188525.0,23956.0,130188.0,269907.0,5517.0,5229.0,16988.0,15384.0,1458299.0
1981-02-01,1738169.0,0.7,171040.0,100804.0,2174985.0,235083.0,17542.0,277320.0,295683.0,189669.0,330544.0,1939902.0,26940.0,40692.0,170107.0,65884.0,10380.0,1884239.0,10844.0,306063.0,66193.0,2505529.0,439290.0,373097.0,44819.0,0.8,1189005.0,187649.0,24027.0,130356.0,271844.0,5615.0,5229.0,16067.0,15744.0,1466325.0
1981-03-01,1752460.0,1.0,172471.0,101626.0,2196083.0,236828.0,17547.0,279180.0,299211.0,191248.0,334912.0,1959255.0,27756.0,41304.0,170921.0,66718.0,10620.0,1902921.0,10933.0,309831.0,66801.0,2530995.0,447579.0,380778.0,45401.0,1.0,1199183.0,188468.0,23905.0,131604.0,274097.0,5704.0,5229.0,16169.0,15660.0,1478363.0
1981-04-01,1763720.0,0.1,173902.0,102162.0,2199217.0,237550.0,17268.0,280805.0,297531.0,192409.0,338136.0,1961668.0,27528.0,41928.0,160288.0,66106.0,10788.0,1904356.0,11161.0,308319.0,68035.0,2537353.0,456556.0,388521.0,46151.0,0.1,1206852.0,177556.0,23612.0,130464.0,276064.0,5780.0,5381.0,15941.0,15564.0,1487656.0
1981-05-01,1773106.0,0.6,175348.0,102574.0,2213175.0,241258.0,18014.0,282547.0,299187.0,193361.0,343192.0,1971917.0,28824.0,42552.0,158047.0,66096.0,10980.0,1913765.0,11238.0,310167.0,68951.0,2556367.0,467063.0,398111.0,46914.0,0.5,1212637.0,176061.0,23331.0,131160.0,277922.0,5857.0,5381.0,15328.0,15227.0,1495184.0
1981-06-01,1787424.0,0.9,176786.0,103428.0,2234011.0,240491.0,19255.0,284523.0,300171.0,194991.0,346688.0,1993521.0,28068.0,43188.0,156232.0,65987.0,11148.0,1934451.0,11312.0,311319.0,69827.0,2580699.0,478398.0,408571.0,47757.0,1.1,1222687.0,175487.0,23063.0,131664.0,280214.0,5931.0,5381.0,15327.0,15937.0,1507210.0
1981-07-01,1800726.0,2.2,178228.0,104067.0,2282953.0,280278.0,23389.0,286672.0,316635.0,196780.0,352310.0,2002675.0,28536.0,43812.0,159652.0,67439.0,11316.0,1942122.0,11677.0,327951.0,70973.0,2635263.0,497520.0,426547.0,48876.0,0.5,1231759.0,183041.0,22806.0,146088.0,282295.0,6008.0,5669.0,15044.0,15716.0,1518431.0
1981-08-01,1819138.0,0.9,179686.0,105059.0,2303852.0,275718.0,23707.0,288743.0,317091.0,198821.0,357947.0,2028134.0,28680.0,44436.0,159425.0,67620.0,11484.0,1966640.0,11745.0,328575.0,71078.0,2661799.0,506823.0,435745.0,49748.0,1.3,1245650.0,183132.0,22952.0,146076.0,284745.0,6076.0,5669.0,14635.0,15644.0,1534393.0
1981-09-01,1825393.0,0.4,181136.0,105375.0,2313558.0,285644.0,22946.0,290516.0,317235.0,199485.0,360404.0,2027914.0,27804.0,45060.0,157742.0,66670.0,11652.0,1965535.0,11810.0,328887.0,71774.0,2673962.0,514985.0,443211.0,50569.0,0.0,1248366.0,180687.0,23496.0,146688.0,286511.0,6141.0,5669.0,15249.0,15764.0,1538882.0
1981-10-01,1834784.0,0.6,182640.0,105729.0,2326620.0,299333.0,18524.0,292946.0,316659.0,200371.0,349225.0,2027287.0,27672.0,45684.0,154055.0,66239.0,11784.0,1963887.0,12242.0,328443.0,72268.0,2675845.0,515983.0,443714.0,51158.0,0.0,1253469.0,172579.0,24427.0,146256.0,288369.0,6209.0,6033.0,15345.0,15463.0,1546415.0
1981-11-01,1843390.0,0.6,184107.0,106150.0,2340235.0,305299.0,16839.0,294840.0,320079.0,201331.0,353056.0,2034936.0,28800.0,46320.0,155114.0,65419.0,11892.0,1970646.0,12297.0,331971.0,72663.0,2693291.0,522412.0,449749.0,51993.0,0.4,1258293.0,171953.0,24895.0,146340.0,290258.0,6264.0,6033.0,16355.0,16845.0,1553133.0
1981-12-01,1843782.0,0.2,185560.0,106037.0,2344189.0,290144.0,15490.0,296636.0,320763.0,201295.0,355708.0,2054045.0,27504.0,46944.0,155525.0,64863.0,11988.0,1988808.0,12343.0,332751.0,72790.0,2699897.0,528746.0,455955.0,52894.0,0.9,1255549.0,171015.0,24899.0,146844.0,291597.0,6310.0,6033.0,18172.0,16436.0,1552185.0
1982-01-01,1856263.0,0.7,187013.0,108204.0,2361206.0,297144.0,15147.0,299026.0,321513.0,205058.0,348669.0,2064062.0,28584.0,47592.0,150115.0,64805.0,11952.0,1997087.0,13049.0,333465.0,72591.0,2709875.0,535506.0,462914.0,53926.0,0.5,1262020.0,165262.0,24437.0,146568.0,295217.0,6645.0,6404.0,17684.0,16280.0,1561046.0
1982-02-01,1867506.0,0.6,188506.0,108815.0,2374792.0,285579.0,14334.0,300693.0,325197.0,206384.0,354742.0,2089213.0,29688.0,48228.0,152167.0,65428.0,12012.0,2021248.0,13094.0,337209.0,72193.0,2729534.0,541050.0,468856.0,54871.0,1.2,1269491.0,166501.0,23652.0,146820.0,297321.0,6690.0,6404.0,18789.0,16244.0,1570184.0
1982-03-01,1870220.0,0.2,190017.0,108819.0,2380555.0,287490.0,13677.0,302560.0,326085.0,206575.0,354134.0,2093065.0,28236.0,48840.0,150143.0,64938.0,12132.0,2024130.0,13142.0,338217.0,72101.0,2734689.0,546453.0,474352.0,55793.0,0.2,1268824.0,163820.0,22554.0,146928.0,298836.0,6738.0,6404.0,20899.0,16244.0,1571384.0
1982-04-01,1872607.0,1.0,191567.0,108839.0,2405514.0,308771.0,13058.0,303914.0,331377.0,206737.0,349621.0,2096743.0,29820.0,49452.0,157109.0,64880.0,12204.0,2026327.0,13626.0,343581.0,71559.0,2755135.0,554397.0,482838.0,56790.0,0.2,1268287.0,170166.0,21121.0,148068.0,300407.0,6869.0,6757.0,23081.0,16076.0,1572201.0
1982-05-01,1887567.0,0.2,193153.0,109644.0,2409789.0,294015.0,12835.0,305195.0,332517.0,208393.0,361585.0,2115774.0,29484.0,50052.0,156216.0,65517.0,12300.0,2044491.0,13680.0,344817.0,71283.0,2771374.0,557605.0,486322.0,57604.0,0.9,1279574.0,169051.0,20728.0,147432.0,302798.0,6923.0,6757.0,23884.0,16148.0,1584769.0
1982-06-01,1892915.0,0.2,194740.0,109929.0,2414107.0,293919.0,12411.0,307073.0,335805.0,208992.0,367999.0,2120188.0,31236.0,50664.0,156608.0,65950.0,12384.0,2048116.0,13737.0,348189.0,71239.0,2782106.0,559583.0,488343.0,58335.0,0.2,1281174.0,169019.0,21392.0,147084.0,304668.0,6980.0,6757.0,24687.0,16184.0,1588247.0
1982-07-01,1900193.0,1.5,196348.0,110183.0,2450610.0,305462.0,12632.0,308391.0,347097.0,209973.0,348204.0,2145149.0,29832.0,51252.0,155687.0,66899.0,12420.0,2072242.0,14003.0,359517.0,71882.0,2798814.0,557626.0,485744.0,58904.0,1.2,1285271.0,168319.0,23132.0,157944.0,306531.0,7129.0,6874.0,24950.0,16220.0,1593662.0
1982-08-01,1907610.0,0.5,197991.0,110511.0,2462178.0,308408.0,11894.0,309756.0,348585.0,210665.0,350844.0,2153770.0,30732.0,51852.0,159816.0,66890.0,12480.0,2080123.0,14061.0,361065.0,72591.0,2813022.0,558798.0,486207.0,59586.0,0.4,1289352.0,171711.0,24503.0,157452.0,308502.0,7187.0,6874.0,25451.0,16208.0,1599108.0
1982-09-01,1906466.0,0.2,199669.0,110254.0,2468249.0,289178.0,11275.0,310465.0,353313.0,210315.0,351399.0,2179071.0,31980.0,52428.0,160789.0,67442.0,12540.0,2104649.0,14119.0,365853.0,73521.0,2819648.0,560079.0,486559.0,60304.0,1.2,1286078.0,172064.0,25501.0,157512.0,309923.0,7245.0,6874.0,27755.0,16196.0,1596543.0
1982-10-01,1910673.0,0.5,201364.0,110345.0,2479605.0,278526.0,12954.0,312776.0,358221.0,210539.0,354115.0,2201078.0,28308.0,53028.0,163762.0,68622.0,12636.0,2125774.0,14318.0,370857.0,74840.0,2833720.0,559894.0,485054.0,60986.0,1.0,1286189.0,176716.0,26118.0,160416.0,311708.0,7400.0,6918.0,31748.0,16099.0,1598965.0
1982-11-01,1915756.0,0.7,203105.0,110545.0,2497045.0,271624.0,14859.0,314630.0,368373.0,210943.0,356201.0,2225421.0,31608.0,53592.0,163830.0,69488.0,12648.0,2149261.0,14379.0,381021.0,76226.0,2853246.0,562294.0,486069.0,61782.0,1.1,1287477.0,178689.0,26428.0,164664.0,313650.0,7461.0,6918.0,32249.0,16772.0,1602106.0
1982-12-01,1928011.0,0.6,204880.0,111139.0,2512960.0,274273.0,14694.0,315965.0,368865.0,212153.0,359403.0,2238687.0,32400.0,54144.0,168278.0,70357.0,12924.0,2161628.0,14443.0,381789.0,77462.0,2872363.0,565317.0,487855.0,62616.0,0.6,1296026.0,182972.0,26427.0,163608.0,316019.0,7525.0,6918.0,31547.0,16809.0,1611991.0
1983-01-01,1944870.0,0.8,206674.0,116408.0,2533486.0,281785.0,9872.0,317737.0,364682.0,218911.0,349088.0,2251701.0,32604.0,54612.0,171953.0,70177.0,12768.0,2173954.0,14089.0,377450.0,78526.0,2882574.0,571231.0,492705.0,63658.0,0.6,1304051.0,181825.0,26109.0,161700.0,323082.0,7653.0,6436.0,28997.0,16592.0,1621788.0
1983-02-01,1941743.0,0.2,208427.0,115981.0,2538906.0,283260.0,14566.0,318616.0,367370.0,218233.0,350678.0,2255646.0,33300.0,55164.0,170542.0,70481.0,12768.0,2177039.0,14156.0,380138.0,79407.0,2889584.0,575045.0,495638.0,64451.0,0.2,1298720.0,185109.0,25783.0,161820.0,324407.0,7720.0,6436.0,30205.0,16400.0,1617336.0
1983-03-01,1955008.0,0.6,210079.0,116705.0,2554421.0,272257.0,14193.0,319749.0,371810.0,219609.0,352853.0,2282163.0,33672.0,55728.0,168660.0,70932.0,12804.0,2202774.0,14223.0,384614.0,79962.0,2907274.0,578959.0,498998.0,65166.0,1.2,1308475.0,182852.0,25449.0,162912.0,326784.0,7787.0,6436.0,31614.0,16952.0,1628224.0
1983-04-01,1969537.0,0.7,211681.0,117471.0,2571640.0,264802.0,9612.0,321012.0,371570.0,221128.0,351214.0,2306838.0,33420.0,56316.0,175203.0,70795.0,12996.0,2226393.0,14785.0,384566.0,80442.0,2922854.0,579955.0,499513.0,65659.0,1.1,1319373.0,184815.0,25108.0,164052.0,329152.0,7917.0,6868.0,30587.0,16400.0,1640385.0
1983-05-01,1987155.0,0.5,213228.0,118455.0,2584093.0,257022.0,8529.0,322603.0,375770.0,223022.0,362050.0,2327071.0,33324.0,56904.0,174284.0,70972.0,13152.0,2245902.0,14855.0,388922.0,81195.0,2946143.0,585525.0,504330.0,66313.0,0.9,1332869.0,182813.0,24751.0,164076.0,331683.0,7987.0,6868.0,34310.0,16184.0,1655472.0
1983-06-01,2002193.0,0.5,214720.0,119315.0,2595770.0,237838.0,5424.0,324133.0,373874.0,224694.0,365395.0,2357932.0,33456.0,57492.0,174854.0,71155.0,13368.0,2276020.0,14928.0,387242.0,81645.0,2961165.0,591769.0,510124.0,66984.0,1.3,1344025.0,180279.0,24376.0,163896.0,334035.0,8060.0,6868.0,31391.0,16484.0,1668158.0
1983-07-01,2020270.0,1.8,216141.0,120259.0,2643231.0,255563.0,1218.0,325393.0,368990.0,226620.0,343074.0,2387668.0,33660.0,58080.0,181724.0,71708.0,13656.0,2304398.0,15485.0,382646.0,82560.0,2986305.0,603083.0,520523.0,67786.0,1.3,1358476.0,182942.0,23984.0,164400.0,336401.0,8201.0,7284.0,24790.0,16352.0,1683869.0
1983-08-01,2024612.0,0.2,217534.0,120439.0,2649390.0,244925.0,-1419.0,326638.0,368954.0,227112.0,345333.0,2404465.0,33948.0,58668.0,181754.0,72082.0,13956.0,2320429.0,15560.0,382910.0,83269.0,2994723.0,610274.0,527005.0,68476.0,0.7,1360002.0,180335.0,23704.0,163812.0,337972.0,8276.0,7284.0,23984.0,16460.0,1686640.0
1983-09-01,2044022.0,1.1,218838.0,121480.0,2677696.0,258027.0,777.0,328201.0,367586.0,229233.0,347889.0,2419669.0,34332.0,59256.0,187360.0,72744.0,14328.0,2334858.0,15638.0,381914.0,83879.0,3025585.0,617207.0,533328.0,69173.0,0.6,1375503.0,188137.0,23536.0,163728.0,340318.0,8354.0,7284.0,21162.0,16364.0,1703705.0
1983-10-01,2075590.0,1.1,220090.0,123429.0,2705980.0,262572.0,-102.0,329724.0,366206.0,233003.0,353577.0,2443407.0,34548.0,59820.0,188580.0,72391.0,14688.0,2357587.0,15855.0,380894.0,84260.0,3059557.0,624116.0,539856.0,69965.0,1.0,1402347.0,188479.0,23480.0,163692.0,343520.0,8452.0,7403.0,19427.0,16328.0,1732071.0
1983-11-01,2084073.0,1.0,221293.0,123839.0,2732871.0,280130.0,3993.0,331127.0,373586.0,233934.0,355180.0,2452741.0,34848.0,60444.0,191666.0,72452.0,15216.0,2366269.0,15937.0,388802.0,84382.0,3088051.0,629987.0,545605.0,70534.0,0.4,1407814.0,195659.0,23464.0,168960.0,345132.0,8534.0,7403.0,20434.0,16448.0,1738941.0
1983-12-01,2100780.0,0.9,222411.0,124803.0,2758549.0,277929.0,7419.0,332607.0,375590.0,235938.0,358217.0,2480619.0,35340.0,61080.0,194347.0,72699.0,15852.0,2393632.0,16022.0,391442.0,84304.0,3116766.0,635225.0,550921.0,70965.0,1.1,1420960.0,201766.0,23490.0,170064.0,347214.0,8619.0,7403.0,20031.0,16376.0,1753566.0
1984-01-01,2129530.0,0.9,223513.0,134289.0,2782720.0,276125.0,15004.0,335217.0,375936.0,247768.0,357945.0,2506594.0,35508.0,61836.0,191250.0,73335.0,16932.0,2419379.0,16328.0,392868.0,83907.0,3140665.0,636220.0,552313.0,70887.0,1.0,1436511.0,206254.0,23562.0,170820.0,357802.0,8692.0,7636.0,18225.0,16212.0,1771728.0
1984-02-01,2143587.0,1.3,224695.0,135097.0,2817521.0,326241.0,20596.0,337805.0,375564.0,249424.0,361839.0,2491280.0,35676.0,62472.0,206076.0,73518.0,17640.0,2403535.0,16415.0,393204.0,84799.0,3179360.0,642018.0,557219.0,71330.0,-0.6,1445991.0,226672.0,23302.0,170412.0,359792.0,8779.0,7636.0,17118.0,16368.0,1783795.0
1984-03-01,2158429.0,1.0,225993.0,135933.0,2844948.0,324942.0,22993.0,340424.0,377352.0,251185.0,363738.0,2520005.0,35832.0,63048.0,209835.0,74319.0,18252.0,2431581.0,16502.0,395604.0,85576.0,3208686.0,650298.0,564722.0,71923.0,1.2,1456080.0,232828.0,22711.0,171576.0,361926.0,8866.0,7636.0,16413.0,16164.0,1796503.0
1984-04-01,2183849.0,1.1,227380.0,137581.0,2875003.0,327809.0,21288.0,342605.0,379344.0,254289.0,366251.0,2547194.0,36024.0,63564.0,211736.0,74461.0,18744.0,2457516.0,16875.0,398088.0,85974.0,3241254.0,658794.0,572820.0,72803.0,1.1,1476283.0,233024.0,21788.0,173400.0,364961.0,8970.0,7905.0,15839.0,16056.0,1818888.0
1984-05-01,2190081.0,0.3,228876.0,137672.0,2882729.0,317646.0,21318.0,344790.0,378516.0,254723.0,369610.0,2565083.0,36204.0,64092.0,209082.0,73919.0,19248.0,2474478.0,16960.0,397764.0,85757.0,3252339.0,667315.0,581558.0,73645.0,0.7,1478744.0,230399.0,21502.0,171744.0,366548.0,9055.0,7905.0,16141.0,16416.0,1823533.0
1984-06-01,2211548.0,0.8,230481.0,139061.0,2906904.0,319637.0,21240.0,346915.0,379188.0,257384.0,375471.0,2587267.0,36408.0,64608.0,210662.0,73932.0,19752.0,2495634.0,17045.0,398940.0,85791.0,3282375.0,675514.0,589723.0,74588.0,0.9,1495091.0,231903.0,21855.0,172896.0,369542.0,9140.0,7905.0,15132.0,16212.0,1842006.0
1984-07-01,2228892.0,0.5,232189.0,139962.0,2920880.0,333394.0,20233.0,349431.0,379128.0,259223.0,380566.0,2587486.0,36612.0,65100.0,204812.0,73922.0,20196.0,2494602.0,17034.0,399324.0,85367.0,3301446.0,684560.0,599193.0,75850.0,0.0,1507310.0,225045.0,22847.0,172092.0,372151.0,9220.0,7814.0,15014.0,16388.0,1856741.0
1984-08-01,2237739.0,1.0,233969.0,140219.0,2949797.0,343852.0,20337.0,351931.0,381780.0,259963.0,383392.0,2605946.0,36828.0,65568.0,215243.0,74076.0,20580.0,2512193.0,17120.0,402360.0,85009.0,3333189.0,693179.0,608171.0,76633.0,0.7,1511620.0,235579.0,24294.0,173496.0,374188.0,9306.0,7814.0,15316.0,16496.0,1863551.0
1984-09-01,2258198.0,0.9,235882.0,141459.0,2974889.0,346764.0,20726.0,354270.0,380388.0,262301.0,388372.0,2628125.0,37068.0,66024.0,215749.0,74146.0,20928.0,2533775.0,17206.0,401316.0,86025.0,3363261.0,703369.0,617344.0,77144.0,0.9,1526587.0,236475.0,26205.0,171744.0,377341.0,9392.0,7814.0,15114.0,16292.0,1880857.0
1984-10-01,2262965.0,-0.1,237848.0,141349.0,2970848.0,344905.0,22099.0,356235.0,383652.0,262407.0,390529.0,2625943.0,37308.0,66492.0,202542.0,74929.0,21288.0,2531326.0,17692.0,404940.0,86518.0,3361377.0,702649.0,616131.0,76925.0,-0.1,1527532.0,224641.0,28589.0,172812.0,379197.0,9451.0,8241.0,15759.0,16352.0,1883768.0
1984-11-01,2282461.0,0.6,239975.0,142334.0,2988029.0,320606.0,22575.0,358199.0,385200.0,264372.0,395796.0,2667423.0,37572.0,66900.0,204085.0,75404.0,21504.0,2571438.0,17775.0,406704.0,87144.0,3383825.0,702681.0,615538.0,78210.0,1.6,1541952.0,226660.0,29690.0,173376.0,382310.0,9534.0,8241.0,15860.0,16088.0,1900152.0
1984-12-01,2303180.0,0.9,242228.0,143499.0,3014874.0,333811.0,22865.0,359835.0,394860.0,266600.0,401483.0,2681063.0,37824.0,67272.0,206642.0,75591.0,21660.0,2582626.0,17852.0,416520.0,87852.0,3416357.0,704258.0,616405.0,80585.0,0.5,1557617.0,229507.0,29492.0,181956.0,385727.0,9611.0,8241.0,15961.0,16256.0,1917453.0
1985-01-01,2307459.0,0.5,244671.0,143538.0,3029063.0,307995.0,23126.0,361864.0,396426.0,272662.0,400617.0,2721068.0,38100.0,67512.0,215794.0,76437.0,21468.0,2618764.0,18188.0,417894.0,89676.0,3429680.0,710075.0,620399.0,84115.0,1.5,1557385.0,238920.0,27994.0,180516.0,388210.0,9777.0,8411.0,16965.0,16896.0,1919249.0
1985-02-01,2318920.0,-0.5,247005.0,144023.0,3015215.0,269627.0,22933.0,363790.0,397914.0,273736.0,433102.0,2745589.0,38388.0,67860.0,218789.0,76675.0,22176.0,2640778.0,18271.0,420090.0,90461.0,3448317.0,714537.0,624076.0,86540.0,0.9,1564101.0,241722.0,26784.0,181608.0,391028.0,9860.0,8411.0,16763.0,16620.0,1927891.0
1985-03-01,2344159.0,-0.1,249325.0,145533.0,3013378.0,258638.0,22439.0,366090.0,399942.0,276616.0,463136.0,2754740.0,38676.0,68232.0,218919.0,77078.0,22200.0,2648481.0,18363.0,422142.0,91358.0,3476514.0,719614.0,628256.0,87896.0,0.3,1583212.0,241359.0,25857.0,182496.0,394858.0,9952.0,8411.0,16864.0,16596.0,1949301.0
1985-04-01,2345456.0,1.8,251565.0,145180.0,3068383.0,301749.0,21059.0,368589.0,400206.0,276249.0,406720.0,2766634.0,38916.0,68664.0,217394.0,77609.0,22080.0,2659479.0,18278.0,422286.0,91995.0,3475103.0,719945.0,627950.0,88877.0,0.4,1580122.0,238454.0,25211.0,181632.0,396745.0,10114.0,8164.0,16645.0,16740.0,1948711.0
1985-05-01,2361561.0,2.7,253783.0,146035.0,3151182.0,347007.0,20391.0,370311.0,400398.0,278007.0,339744.0,2804175.0,39144.0,69072.0,217911.0,77641.0,22140.0,2696421.0,18384.0,422538.0,92755.0,3490926.0,721396.0,628641.0,89371.0,1.4,1591431.0,238302.0,25136.0,181716.0,399819.0,10220.0,8164.0,16241.0,16584.0,1961742.0
1985-06-01,2383913.0,-1.8,256028.0,147461.0,3093728.0,295594.0,19849.0,372392.0,400818.0,280734.0,419108.0,2798134.0,39408.0,69480.0,218826.0,77736.0,22224.0,2689393.0,18490.0,423042.0,93662.0,3512836.0,722306.0,628644.0,90251.0,-0.2,1608033.0,238675.0,25635.0,182580.0,403489.0,10326.0,8164.0,15030.0,16584.0,1980424.0
1985-07-01,2388028.0,0.5,258243.0,147443.0,3108234.0,282684.0,19132.0,375363.0,407790.0,280956.0,418345.0,2825549.0,39768.0,69888.0,222212.0,78125.0,22248.0,2715697.0,19030.0,430038.0,94355.0,3526579.0,721411.0,627055.0,90822.0,1.0,1606979.0,241344.0,26715.0,188268.0,405686.0,10493.0,8537.0,15109.0,16632.0,1982342.0
1985-08-01,2405714.0,0.3,260445.0,148468.0,3116604.0,253435.0,19145.0,378202.0,403338.0,283069.0,421501.0,2863170.0,40080.0,70320.0,221588.0,78403.0,22332.0,2752098.0,19143.0,425670.0,94881.0,3538105.0,721817.0,626936.0,91929.0,1.3,1618600.0,240733.0,27241.0,183324.0,408913.0,10606.0,8537.0,14807.0,16404.0,1996802.0
1985-09-01,2425523.0,0.6,262646.0,149772.0,3135616.0,228875.0,19585.0,380811.0,405690.0,285556.0,424735.0,2906741.0,40404.0,70740.0,220550.0,78846.0,22416.0,2794650.0,19259.0,428106.0,95514.0,3560351.0,724938.0,629424.0,92832.0,1.5,1632295.0,240135.0,27205.0,184164.0,412418.0,10722.0,8537.0,15108.0,16428.0,2013106.0
1985-10-01,2439914.0,0.7,264823.0,150704.0,3156830.0,287995.0,21557.0,381819.0,406866.0,287466.0,426581.0,2868835.0,40728.0,71184.0,223186.0,79019.0,22488.0,2755779.0,19073.0,429354.0,96159.0,3583411.0,730262.0,634103.0,93983.0,-1.3,1642568.0,244742.0,26604.0,183792.0,415527.0,10878.0,8195.0,15667.0,16476.0,2024387.0
1985-11-01,2449813.0,0.5,266929.0,151323.0,3171264.0,286237.0,21634.0,383011.0,408270.0,288807.0,428100.0,2885027.0,41052.0,71616.0,222795.0,79250.0,22596.0,2771148.0,19201.0,430866.0,97117.0,3599364.0,737397.0,640281.0,94678.0,0.6,1648550.0,244429.0,25666.0,184680.0,418252.0,11006.0,8195.0,15364.0,16308.0,2031561.0
1985-12-01,2477434.0,1.0,269022.0,153328.0,3201443.0,275439.0,20912.0,384115.0,409686.0,292581.0,432067.0,2926004.0,41412.0,72072.0,222887.0,79565.0,22752.0,2811273.0,19341.0,432438.0,97596.0,3633510.0,748031.0,650436.0,95390.0,1.4,1670968.0,243799.0,24389.0,184524.0,422350.0,11146.0,8195.0,15769.0,16344.0,2055083.0
1986-01-01,2477310.0,0.7,271029.0,153455.0,3222441.0,279457.0,18642.0,385968.0,418381.0,294651.0,425429.0,2942984.0,41820.0,72540.0,226414.0,80872.0,23021.0,2827130.0,20092.0,441402.0,100056.0,3647870.0,755977.0,655921.0,95762.0,0.6,1666859.0,245056.0,22775.0,190836.0,424484.0,11211.0,8881.0,15729.0,16584.0,2052827.0
1986-02-01,2488494.0,0.5,273053.0,154296.0,3239419.0,302665.0,18048.0,388211.0,419137.0,296344.0,426462.0,2936753.0,42132.0,72996.0,227073.0,81062.0,23397.0,2820196.0,20230.0,442534.0,101937.0,3665881.0,764276.0,662339.0,96328.0,-0.2,1672934.0,245121.0,21799.0,190932.0,427349.0,11349.0,8881.0,15527.0,16488.0,2061145.0
1986-03-01,2507523.0,0.8,275087.0,155798.0,3265352.0,324656.0,18097.0,389643.0,422173.0,299115.0,427021.0,2940696.0,42444.0,73476.0,228610.0,81561.0,23602.0,2823619.0,20353.0,445775.0,103108.0,3692373.0,770019.0,666911.0,96724.0,0.1,1686996.0,246707.0,21463.0,191532.0,430884.0,11472.0,8881.0,15628.0,17532.0,2076639.0
1986-04-01,2505553.0,0.2,277115.0,155494.0,3270852.0,318029.0,18319.0,391658.0,423025.0,298838.0,426143.0,2952823.0,42756.0,73968.0,232242.0,82114.0,23552.0,2835206.0,20485.0,446577.0,104143.0,3696995.0,771378.0,667235.0,97133.0,0.4,1681285.0,250561.0,21764.0,191088.0,432609.0,11616.0,8869.0,16251.0,16848.0,2072944.0
1986-05-01,2516155.0,0.3,279098.0,156216.0,3279630.0,304234.0,19452.0,393744.0,425797.0,300284.0,428146.0,2975396.0,43116.0,74460.0,231557.0,82745.0,23466.0,2857488.0,20591.0,449263.0,104607.0,3707775.0,770308.0,665701.0,97317.0,0.8,1687098.0,251009.0,21325.0,192540.0,435313.0,11722.0,8869.0,16352.0,16584.0,2080842.0
1986-06-01,2529852.0,0.3,281061.0,157165.0,3288699.0,308872.0,21170.0,395249.0,428029.0,302148.0,433962.0,2979827.0,43476.0,74976.0,232154.0,83736.0,23353.0,2861673.0,20691.0,451382.0,105075.0,3722661.0,770104.0,665029.0,97463.0,0.1,1696377.0,253325.0,20147.0,192684.0,438227.0,11822.0,8869.0,16453.0,16704.0,2091626.0
1986-07-01,2540570.0,0.5,282977.0,158016.0,3305884.0,306138.0,25254.0,396885.0,435181.0,303729.0,435403.0,2999746.0,43824.0,75480.0,233271.0,83242.0,23192.0,2881188.0,21132.0,458373.0,104791.0,3741287.0,769313.0,664522.0,97426.0,0.7,1702692.0,258525.0,18235.0,198996.0,440994.0,11966.0,9166.0,17043.0,16596.0,2099577.0
1986-08-01,2557158.0,0.2,284858.0,159070.0,3313926.0,296584.0,26901.0,398837.0,431005.0,305773.0,439937.0,3017342.0,44148.0,76008.0,236937.0,83616.0,23031.0,2898579.0,21223.0,454036.0,104347.0,3753863.0,768078.0,663732.0,97540.0,0.6,1714393.0,263838.0,16525.0,194244.0,443928.0,12057.0,9166.0,16741.0,16248.0,2113230.0
1986-09-01,2567970.0,0.4,286768.0,159604.0,3326548.0,235747.0,27724.0,402618.0,433021.0,306930.0,443061.0,3090801.0,44472.0,76524.0,243159.0,83897.0,22801.0,2971835.0,21308.0,455822.0,103826.0,3769609.0,766848.0,663022.0,97658.0,2.4,1718981.0,270884.0,15015.0,194400.0,446371.0,12142.0,9166.0,17144.0,16584.0,2121598.0
1986-10-01,2589932.0,0.1,288602.0,160912.0,3329034.0,275583.0,26582.0,405698.0,434641.0,309490.0,448272.0,3053451.0,44832.0,77004.0,234714.0,84223.0,22428.0,2932936.0,22342.0,457069.0,102941.0,3777306.0,764796.0,661854.0,98173.0,-1.2,1734720.0,261295.0,13704.0,195264.0,449515.0,12684.0,9658.0,17046.0,16272.0,2140418.0
1986-11-01,2607987.0,0.2,290415.0,162107.0,3335341.0,286420.0,26618.0,408125.0,435193.0,311677.0,454723.0,3048921.0,45204.0,77580.0,234417.0,84417.0,22005.0,2928413.0,22387.0,457198.0,102031.0,3790064.0,762379.0,660348.0,98121.0,-0.1,1747340.0,261035.0,13142.0,195024.0,452522.0,12729.0,9658.0,16744.0,16224.0,2155465.0
1986-12-01,2616251.0,0.2,292248.0,162295.0,3343525.0,226164.0,26731.0,410005.0,437701.0,312279.0,465113.0,3117361.0,45516.0,78216.0,243660.0,84587.0,21531.0,2997074.0,22396.0,459232.0,100590.0,3808638.0,761715.0,661126.0,97891.0,2.2,1751703.0,270391.0,13327.0,196032.0,454543.0,12738.0,9658.0,16946.0,16404.0,2161709.0
1987-01-01,2627304.0,0.8,290627.0,161592.0,3369759.0,315237.0,26406.0,411982.0,439825.0,313727.0,450487.0,3054523.0,45864.0,79056.0,245881.0,84693.0,21466.0,2935534.0,22130.0,461291.0,100538.0,3820246.0,758824.0,658286.0,96859.0,-2.0,1763102.0,272288.0,14267.0,198456.0,452219.0,12660.0,9470.0,15136.0,16620.0,2175085.0
1987-02-01,2648586.0,0.8,292389.0,162844.0,3397624.0,277222.0,27313.0,413322.0,442537.0,316097.0,447344.0,3120402.0,46236.0,79668.0,249188.0,84921.0,21264.0,3001715.0,22125.0,463801.0,99050.0,3844968.0,757510.0,658459.0,96562.0,2.2,1780031.0,276502.0,14667.0,199548.0,455232.0,12655.0,9470.0,15640.0,16524.0,2193353.0
1987-03-01,2667382.0,0.3,294130.0,163733.0,3409475.0,277662.0,28069.0,415341.0,443221.0,317939.0,454365.0,3131813.0,46644.0,80220.0,249457.0,85401.0,21092.0,3013291.0,22141.0,464313.0,98297.0,3863840.0,758032.0,659735.0,96381.0,0.4,1794177.0,277526.0,14526.0,198732.0,457863.0,12671.0,9470.0,15640.0,16584.0,2209518.0
1987-04-01,2674823.0,-3.4,295828.0,163778.0,3292151.0,134103.0,28734.0,418052.0,444377.0,318333.0,583294.0,3158048.0,46968.0,80628.0,250057.0,85779.0,20811.0,3038838.0,22825.0,465188.0,97715.0,3875445.0,761141.0,663426.0,96385.0,0.8,1797164.0,278791.0,13836.0,199092.0,459606.0,12870.0,9955.0,15266.0,16644.0,2215216.0
1987-05-01,2695272.0,4.3,297495.0,164909.0,3434270.0,266573.0,29113.0,419837.0,451121.0,320497.0,474363.0,3167697.0,47328.0,81072.0,253817.0,85972.0,20534.0,3048401.0,22865.0,471655.0,98509.0,3908633.0,765388.0,666880.0,96431.0,0.3,1813031.0,282930.0,13885.0,205536.0,462404.0,12910.0,9955.0,14761.0,16452.0,2232868.0
1987-06-01,2705975.0,0.2,299169.0,165221.0,3442364.0,250117.0,29271.0,421919.0,447101.0,321254.0,477356.0,3192247.0,47592.0,81504.0,255934.0,86024.0,20335.0,3072751.0,22908.0,467436.0,99167.0,3919720.0,767681.0,668514.0,96587.0,0.8,1819665.0,285204.0,14678.0,200328.0,464391.0,12953.0,9955.0,15165.0,16488.0,2241584.0
1987-07-01,2717671.0,0.5,300815.0,165831.0,3459858.0,244172.0,28669.0,424108.0,449101.0,322418.0,482274.0,3215685.0,48024.0,81900.0,258646.0,86175.0,19971.0,3094743.0,23852.0,469072.0,100433.0,3942132.0,774287.0,673854.0,97090.0,0.7,1826917.0,287314.0,16205.0,202044.0,466647.0,13457.0,10395.0,14650.0,16308.0,2251024.0
1987-08-01,2747948.0,0.8,302438.0,167640.0,3488544.0,236462.0,28782.0,425316.0,449257.0,325826.0,490076.0,3252082.0,48384.0,82284.0,260719.0,86653.0,19711.0,3130801.0,23901.0,468968.0,101936.0,3978620.0,780491.0,678554.0,97381.0,1.1,1852554.0,289500.0,17540.0,200928.0,470079.0,13506.0,10395.0,14448.0,16560.0,2277869.0
1987-09-01,2755170.0,0.4,304021.0,167688.0,3500984.0,252809.0,29071.0,425840.0,449989.0,326099.0,494578.0,3248175.0,48720.0,82656.0,262600.0,86831.0,19505.0,3126529.0,23953.0,469494.0,103796.0,3995562.0,786639.0,682844.0,97693.0,-0.1,1857622.0,291671.0,18687.0,201336.0,471708.0,13558.0,10395.0,14246.0,16200.0,2283461.0
1987-10-01,2783933.0,1.0,305647.0,169271.0,3535705.0,279427.0,29659.0,431040.0,452433.0,329123.0,499036.0,3256277.0,49056.0,83136.0,264493.0,87867.0,19371.0,3134528.0,23925.0,471804.0,105772.0,4034741.0,794323.0,688551.0,97824.0,0.2,1877976.0,294153.0,19650.0,202644.0,474918.0,13635.0,10290.0,13314.0,16416.0,2309016.0
1987-11-01,2802809.0,0.6,307203.0,170136.0,3557692.0,291460.0,29349.0,433822.0,452025.0,330856.0,504413.0,3266232.0,49404.0,83376.0,267421.0,88167.0,19328.0,3144166.0,23985.0,471353.0,108158.0,4062105.0,801663.0,693505.0,98081.0,0.3,1891648.0,296769.0,20367.0,201360.0,477338.0,13695.0,10290.0,13314.0,16404.0,2325471.0
1987-12-01,2841984.0,1.1,308778.0,172477.0,3598209.0,301849.0,32291.0,436826.0,453969.0,335186.0,517458.0,3296361.0,49812.0,83520.0,272678.0,88425.0,19345.0,3174055.0,24048.0,473314.0,110233.0,4115667.0,809741.0,699508.0,98258.0,0.9,1923904.0,304970.0,20844.0,201936.0,481255.0,13758.0,10290.0,13920.0,16356.0,2360730.0
1988-01-01,2837948.0,0.7,310331.0,178222.0,3622266.0,285291.0,33649.0,439063.0,467289.0,349135.0,505947.0,3336976.0,50496.0,83184.0,282885.0,91279.0,19468.0,3213729.0,24797.0,486757.0,114541.0,4128213.0,815029.0,700488.0,98450.0,1.2,1910333.0,316535.0,21079.0,212100.0,488553.0,14075.0,10722.0,13598.0,16632.0,2349396.0
1988-02-01,2858650.0,0.8,312077.0,179301.0,3650904.0,305916.0,33466.0,441557.0,467685.0,351192.0,502078.0,3344988.0,50712.0,83388.0,286701.0,91596.0,19607.0,3221419.0,24875.0,487292.0,116443.0,4152982.0,816950.0,700507.0,98694.0,0.2,1925714.0,320167.0,21116.0,211728.0,491378.0,14153.0,10722.0,14001.0,16260.0,2367271.0
1988-03-01,2876081.0,0.8,314022.0,180178.0,3680119.0,295538.0,32793.0,444583.0,476013.0,352904.0,498184.0,3384581.0,51396.0,83736.0,287986.0,92264.0,19725.0,3260540.0,24953.0,495738.0,118732.0,4178303.0,817653.0,698920.0,99088.0,1.2,1937299.0,320779.0,20956.0,216624.0,494200.0,14231.0,10722.0,14101.0,17892.0,2381881.0
1988-04-01,2905624.0,0.9,316154.0,182012.0,3712059.0,324048.0,30787.0,446476.0,472333.0,356370.0,497433.0,3388011.0,51696.0,84360.0,293091.0,92668.0,19932.0,3262972.0,25384.0,492265.0,121471.0,4209491.0,823501.0,702030.0,99655.0,0.1,1960983.0,323878.0,20593.0,214224.0,498166.0,14672.0,10712.0,12969.0,16416.0,2407459.0
1988-05-01,2920595.0,0.5,318502.0,182844.0,3729114.0,309765.0,26339.0,448493.0,473173.0,357963.0,496761.0,3419349.0,52224.0,84936.0,293501.0,92832.0,20099.0,3293642.0,25470.0,493272.0,124125.0,4225876.0,829864.0,705738.0,100237.0,0.9,1970756.0,319839.0,20268.0,213036.0,501346.0,14758.0,10712.0,13273.0,16872.0,2419249.0
1988-06-01,2943156.0,0.8,321025.0,184239.0,3759727.0,314778.0,25106.0,450545.0,474745.0,360594.0,499222.0,3444949.0,52692.0,85572.0,298674.0,93083.0,20299.0,3318535.0,25559.0,495044.0,126900.0,4258949.0,837579.0,710679.0,100855.0,0.7,1987347.0,323781.0,19982.0,213348.0,505264.0,14847.0,10712.0,13274.0,16776.0,2437892.0
1988-07-01,2965983.0,0.9,323753.0,185751.0,3794375.0,324637.0,30483.0,451936.0,476657.0,363469.0,504444.0,3469738.0,53196.0,86268.0,300564.0,93716.0,20506.0,3342733.0,25498.0,497163.0,129520.0,4298819.0,848358.0,718838.0,101507.0,0.7,2004542.0,331047.0,19738.0,213996.0,509504.0,14971.0,10527.0,12861.0,16620.0,2456478.0
1988-08-01,2970262.0,0.6,326690.0,185812.0,3816766.0,321062.0,30380.0,454096.0,479165.0,363751.0,506185.0,3495704.0,53616.0,87024.0,305880.0,93765.0,20753.0,3367972.0,25596.0,499918.0,132521.0,4322950.0,859483.0,726962.0,102136.0,0.7,2003664.0,336260.0,20778.0,214344.0,512502.0,15069.0,10527.0,13772.0,16644.0,2457760.0
1988-09-01,2991277.0,0.7,329849.0,187104.0,3843148.0,339719.0,25430.0,457524.0,480725.0,366288.0,509374.0,3503429.0,54216.0,87852.0,308051.0,94558.0,21027.0,3374992.0,25700.0,501752.0,134861.0,4352522.0,869203.0,734342.0,102737.0,0.2,2016800.0,333482.0,23095.0,214128.0,516953.0,15173.0,10527.0,13063.0,16908.0,2474325.0
1988-10-01,3027856.0,0.9,333206.0,189567.0,3876467.0,333301.0,17312.0,460510.0,482497.0,370998.0,514595.0,3543166.0,54816.0,88608.0,308423.0,95144.0,21403.0,3413661.0,26464.0,503900.0,137247.0,4391062.0,877884.0,740637.0,103041.0,1.1,2044573.0,325734.0,26685.0,214404.0,522773.0,15267.0,11197.0,12773.0,16752.0,2505083.0
1988-11-01,3029237.0,0.3,336754.0,189568.0,3886604.0,325757.0,14486.0,464168.0,485173.0,371175.0,515899.0,3560847.0,55308.0,89664.0,308546.0,95649.0,21740.0,3430226.0,26591.0,506913.0,139174.0,4402503.0,886360.0,747186.0,104030.0,0.5,2038748.0,323032.0,28135.0,214512.0,526322.0,15394.0,11197.0,13276.0,16764.0,2502915.0
1988-12-01,3049160.0,0.8,340485.0,190998.0,3917415.0,325502.0,21242.0,465493.0,486913.0,373945.0,521145.0,3591912.0,55956.0,90876.0,310515.0,96274.0,22590.0,3459729.0,26739.0,509503.0,140116.0,4438560.0,894619.0,754503.0,105444.0,0.9,2052184.0,331757.0,27466.0,214548.0,531483.0,15542.0,11197.0,12975.0,16284.0,2517677.0
1989-01-01,3070521.0,0.9,344389.0,189598.0,3953369.0,335135.0,31148.0,467346.0,503127.0,376884.0,548097.0,3618233.0,56688.0,92616.0,312069.0,99425.0,22850.0,3483745.0,26931.0,525977.0,145074.0,4501466.0,913946.0,768872.0,107557.0,0.7,2069188.0,343217.0,24688.0,223296.0,533987.0,15784.0,11147.0,13534.0,17568.0,2536534.0
1989-02-01,3073275.0,0.6,348202.0,189702.0,3977494.0,353248.0,39904.0,469658.0,506031.0,377309.0,552129.0,3624246.0,57444.0,93864.0,310718.0,99838.0,23399.0,3488011.0,27076.0,529430.0,147492.0,4529623.0,930819.0,783327.0,109159.0,0.2,2065714.0,350622.0,22786.0,224088.0,537904.0,15929.0,11147.0,13433.0,17364.0,2535371.0
1989-03-01,3093383.0,0.9,351850.0,191020.0,4011771.0,375318.0,39103.0,471382.0,515367.0,379909.0,558412.0,3636453.0,58128.0,94992.0,311355.0,100806.0,23564.0,3498760.0,27197.0,538931.0,150287.0,4570183.0,945559.0,795273.0,110496.0,0.3,2079131.0,350458.0,21761.0,230328.0,542870.0,16050.0,11147.0,13737.0,17376.0,2550513.0
1989-04-01,3114187.0,0.1,355402.0,192497.0,4017399.0,335166.0,33893.0,474040.0,513575.0,382742.0,565101.0,3682233.0,58920.0,95892.0,308263.0,101073.0,23309.0,3542964.0,27625.0,536884.0,152965.0,4582500.0,950407.0,797442.0,111644.0,1.3,2092248.0,342157.0,21607.0,227244.0,547898.0,16196.0,11429.0,13562.0,16884.0,2566288.0
1989-05-01,3106403.0,-0.1,358826.0,191703.0,4013285.0,321274.0,32412.0,476928.0,514631.0,381511.0,566077.0,3692011.0,59424.0,96876.0,306731.0,101532.0,23096.0,3551782.0,27722.0,537727.0,155103.0,4579362.0,956357.0,801254.0,112507.0,0.3,2078946.0,339143.0,21243.0,225600.0,550529.0,16293.0,11429.0,13763.0,17436.0,2555875.0
1989-06-01,3123065.0,0.5,362098.0,192730.0,4033318.0,325776.0,31408.0,479692.0,518807.0,383574.0,568903.0,3707541.0,60372.0,97848.0,305850.0,102156.0,22988.0,3566555.0,27819.0,541795.0,157096.0,4602221.0,963016.0,805919.0,113168.0,0.4,2088545.0,337258.0,20662.0,227460.0,554828.0,16390.0,11429.0,13763.0,17208.0,2568237.0
1989-07-01,3149080.0,0.6,365242.0,194391.0,4057079.0,329738.0,30348.0,481842.0,521039.0,386734.0,571393.0,3727342.0,61080.0,98808.0,304622.0,102758.0,23136.0,3585694.0,27976.0,544175.0,158753.0,4628472.0,967113.0,808360.0,113672.0,0.5,2107606.0,334970.0,19868.0,226728.0,559633.0,16579.0,11397.0,14385.0,17280.0,2589447.0
1989-08-01,3148845.0,0.3,368257.0,194155.0,4068389.0,305455.0,30172.0,485272.0,524447.0,386399.0,570750.0,3762934.0,61872.0,99720.0,308670.0,102931.0,23228.0,3620641.0,28073.0,547675.0,160249.0,4639139.0,970396.0,810148.0,114220.0,1.0,2101162.0,338842.0,19779.0,227952.0,562412.0,16676.0,11397.0,14788.0,17184.0,2586434.0
1989-09-01,3167210.0,0.5,371125.0,195213.0,4089746.0,324841.0,30401.0,488244.0,528563.0,388436.0,572601.0,3764905.0,62808.0,100608.0,307258.0,104736.0,23215.0,3621864.0,28173.0,551778.0,162340.0,4662347.0,973756.0,811416.0,114868.0,0.1,2112628.0,337659.0,20380.0,228732.0,566338.0,16776.0,11397.0,14687.0,16992.0,2600872.0
1989-10-01,3202702.0,0.9,373785.0,197501.0,4126182.0,347493.0,31925.0,490394.0,532827.0,392679.0,576867.0,3778689.0,63708.0,101520.0,306571.0,107477.0,23169.0,3633599.0,29235.0,555996.0,165279.0,4703049.0,977682.0,812403.0,115856.0,0.4,2141022.0,338496.0,20851.0,227376.0,571286.0,17001.0,12234.0,15622.0,17124.0,2631416.0
1989-11-01,3205627.0,0.3,376410.0,197400.0,4139398.0,350282.0,32497.0,493060.0,537531.0,392574.0,578675.0,3789116.0,64440.0,102312.0,307547.0,106772.0,23088.0,3643294.0,29321.0,560619.0,167641.0,4718073.0,982364.0,814723.0,116501.0,0.3,2138757.0,340044.0,21992.0,231144.0,573810.0,17087.0,12234.0,15823.0,17040.0,2631817.0
1989-12-01,3220917.0,0.3,378944.0,198166.0,4151866.0,321251.0,33082.0,495415.0,536895.0,394021.0,583813.0,3830615.0,65172.0,103044.0,307602.0,107132.0,23007.0,3684184.0,29389.0,559902.0,167552.0,4735679.0,985542.0,817989.0,117042.0,1.1,2148392.0,340684.0,22655.0,228612.0,577110.0,17155.0,12234.0,15823.0,17112.0,2643807.0
1990-01-01,3244042.0,1.4,384998.0,200301.0,4208415.0,331489.0,34282.0,499733.0,553500.0,400401.0,575378.0,3876926.0,65568.0,103584.0,313120.0,109255.0,23361.0,3730696.0,29221.0,576861.0,169779.0,4783793.0,993166.0,823387.0,117009.0,1.2,2159011.0,347403.0,22722.0,240696.0,585298.0,17171.0,12050.0,16817.0,17580.0,2658744.0
1990-02-01,3275751.0,0.7,386270.0,202322.0,4236317.0,361514.0,34627.0,502604.0,555936.0,400331.0,583478.0,3874803.0,66480.0,104280.0,310845.0,109994.0,23283.0,3728233.0,29312.0,579219.0,170380.0,4819795.0,996726.0,826345.0,117259.0,-0.1,2184554.0,345471.0,22959.0,240264.0,588593.0,17262.0,12050.0,16414.0,18504.0,2687158.0
1990-03-01,3298495.0,0.4,387573.0,203525.0,4253964.0,352295.0,34504.0,508161.0,559200.0,404182.0,588712.0,3901669.0,67668.0,104988.0,309437.0,110691.0,23196.0,3754915.0,29442.0,582396.0,171134.0,4842676.0,998297.0,827163.0,117312.0,0.7,2199236.0,343941.0,23730.0,242112.0,591098.0,17392.0,12050.0,16113.0,17628.0,2707397.0
1990-04-01,3326026.0,0.9,388861.0,205225.0,4290847.0,374055.0,33173.0,512796.0,564276.0,404243.0,592947.0,3916791.0,68964.0,105780.0,316132.0,111608.0,23130.0,3769991.0,29485.0,587406.0,172064.0,4883793.0,1000357.0,828294.0,117315.0,0.4,2219144.0,349304.0,24943.0,243588.0,594086.0,17683.0,11802.0,16660.0,17676.0,2731940.0
1990-05-01,3328096.0,0.1,390227.0,204938.0,4296010.0,373127.0,32667.0,521450.0,566280.0,405460.0,593488.0,3922883.0,70224.0,106524.0,318823.0,111976.0,22956.0,3775774.0,29671.0,589236.0,169285.0,4889498.0,999584.0,830300.0,117438.0,0.2,2211482.0,351490.0,26551.0,242376.0,595164.0,17869.0,11802.0,17468.0,17712.0,2732932.0
1990-06-01,3350012.0,0.6,391677.0,206711.0,4321859.0,369652.0,32260.0,521962.0,572004.0,410871.0,597398.0,3952207.0,71844.0,107268.0,320296.0,112920.0,22743.0,3804496.0,29878.0,594747.0,170408.0,4919257.0,1004343.0,833935.0,117832.0,0.7,2229663.0,352556.0,28468.0,245412.0,598387.0,18076.0,11802.0,17064.0,17496.0,2751625.0
1990-07-01,3370671.0,0.6,393167.0,208233.0,4348328.0,376989.0,32245.0,523903.0,573840.0,413840.0,599842.0,3971338.0,73332.0,108000.0,324163.0,113301.0,22298.0,3821712.0,30947.0,596138.0,171075.0,4948170.0,1008097.0,837022.0,118680.0,0.5,2245368.0,356408.0,30696.0,243552.0,601400.0,18407.0,12540.0,18063.0,17592.0,2769271.0
1990-08-01,3362710.0,0.0,394678.0,207824.0,4350431.0,351721.0,31823.0,523022.0,575844.0,413323.0,599491.0,3998710.0,74952.0,108744.0,327867.0,114242.0,21867.0,3848288.0,31192.0,597711.0,171177.0,4949922.0,1011200.0,840023.0,119230.0,0.7,2237187.0,359690.0,31935.0,242880.0,602501.0,18652.0,12540.0,17458.0,17568.0,2760209.0
1990-09-01,3384183.0,0.6,396286.0,209447.0,4375786.0,354572.0,31283.0,524630.0,584712.0,416562.0,602846.0,4021214.0,76500.0,109488.0,329430.0,114529.0,21451.0,3870100.0,31455.0,606163.0,170281.0,4978632.0,1011965.0,841684.0,119659.0,0.6,2253821.0,360714.0,32169.0,247704.0,605732.0,18915.0,12540.0,18971.0,17520.0,2778451.0
1990-10-01,3369637.0,-0.2,397961.0,208570.0,4365515.0,343503.0,30596.0,526950.0,591600.0,415152.0,600989.0,4022011.0,78336.0,110292.0,326390.0,120131.0,21094.0,3870551.0,31755.0,612694.0,168208.0,4966504.0,1010973.0,842765.0,119706.0,0.0,2236156.0,356985.0,31366.0,245148.0,606531.0,19268.0,12487.0,20065.0,17628.0,2763106.0
1990-11-01,3375062.0,0.2,399637.0,209171.0,4372979.0,349156.0,29732.0,529843.0,595020.0,416511.0,600482.0,4023823.0,80316.0,111012.0,327955.0,119250.0,20713.0,3871877.0,32073.0,615733.0,166717.0,4973461.0,1010387.0,843669.0,119873.0,0.0,2236412.0,357687.0,31104.0,246084.0,608807.0,19586.0,12487.0,20670.0,17688.0,2766254.0
1990-12-01,3399789.0,0.7,401345.0,211147.0,4403116.0,389491.0,28674.0,533533.0,603876.0,420420.0,600971.0,4013625.0,83544.0,111696.0,327504.0,118999.0,20224.0,3861300.0,32430.0,624100.0,166108.0,5004087.0,1013090.0,846982.0,119895.0,-0.3,2253764.0,356178.0,31350.0,249804.0,612492.0,19943.0,12487.0,22181.0,17652.0,2787297.0
1991-01-01,3384425.0,0.1,403025.0,210121.0,4408179.0,412884.0,26583.0,537368.0,616796.0,419941.0,582263.0,3995296.0,82308.0,112152.0,319792.0,120805.0,19626.0,3840994.0,34316.0,636422.0,172358.0,4990442.0,1010976.0,838618.0,119986.0,-0.5,2233911.0,346374.0,32186.0,259776.0,613146.0,20560.0,13756.0,23535.0,18220.0,2771279.0
1991-02-01,3385233.0,0.2,405098.0,210411.0,4417164.0,395810.0,25970.0,539667.0,622400.0,420702.0,579916.0,4021354.0,83352.0,112896.0,321819.0,122849.0,19138.0,3866693.0,34690.0,641538.0,177128.0,4997080.0,1010260.0,833132.0,119972.0,0.7,2230056.0,347789.0,32962.0,260928.0,615509.0,20934.0,13756.0,24239.0,18136.0,2769724.0
1991-03-01,3392939.0,0.2,407566.0,211190.0,4425647.0,357527.0,25961.0,541888.0,628256.0,422346.0,580138.0,4068119.0,85332.0,113724.0,322246.0,123270.0,18698.0,3912999.0,35043.0,646954.0,178374.0,5005784.0,1006270.0,827897.0,120077.0,1.2,2232295.0,348207.0,33760.0,263172.0,618756.0,21287.0,13756.0,25246.0,17512.0,2774183.0
1991-04-01,3405213.0,0.6,410350.0,212262.0,4451356.0,388436.0,28015.0,543530.0,638888.0,424473.0,582924.0,4062920.0,90348.0,114696.0,324033.0,124390.0,18282.0,3907079.0,35572.0,657170.0,179331.0,5034280.0,1009759.0,830429.0,120269.0,-0.1,2239071.0,352047.0,34563.0,262752.0,622612.0,21737.0,13835.0,27333.0,19369.0,2782601.0
1991-05-01,3420878.0,0.4,413472.0,213398.0,4470663.0,381120.0,28036.0,545650.0,644048.0,426815.0,585204.0,4089543.0,93132.0,115668.0,325078.0,124978.0,17913.0,3933221.0,35903.0,661961.0,180964.0,5055868.0,1011264.0,830300.0,120419.0,0.7,2248359.0,353114.0,35465.0,264552.0,626869.0,22068.0,13835.0,27634.0,18084.0,2794009.0
1991-06-01,3456748.0,0.7,417001.0,215921.0,4501195.0,403975.0,27490.0,548945.0,647468.0,431697.0,589646.0,4097220.0,95688.0,116688.0,326384.0,125848.0,17601.0,3940495.0,36232.0,665069.0,181956.0,5090841.0,1010399.0,828443.0,120492.0,0.2,2274881.0,353874.0,36447.0,263556.0,632922.0,22397.0,13835.0,27533.0,18155.0,2823826.0
1991-07-01,3449435.0,0.0,420801.0,215427.0,4499174.0,376005.0,24491.0,551206.0,647964.0,430858.0,587783.0,4123169.0,95232.0,117756.0,328480.0,126042.0,17278.0,3965995.0,36847.0,665242.0,182907.0,5086957.0,1012715.0,829807.0,120327.0,0.6,2262001.0,352971.0,37452.0,263712.0,636228.0,22793.0,14054.0,26910.0,18312.0,2813207.0
1991-08-01,3466700.0,0.5,424972.0,216496.0,4519721.0,393330.0,24203.0,551485.0,653460.0,433053.0,588704.0,4126391.0,98232.0,118860.0,328427.0,127479.0,17005.0,3969105.0,37167.0,670465.0,183424.0,5108425.0,1012479.0,829055.0,120119.0,0.1,2273748.0,352629.0,39204.0,266004.0,641468.0,23113.0,14054.0,24693.0,18192.0,2825232.0
1991-09-01,3493636.0,0.6,429454.0,218374.0,4547312.0,405413.0,24742.0,552185.0,659832.0,436570.0,594225.0,4141899.0,101820.0,120012.0,330507.0,128379.0,16795.0,3984708.0,37481.0,676627.0,184332.0,5141537.0,1010941.0,826609.0,119710.0,0.4,2293623.0,355249.0,41654.0,265512.0,647828.0,23427.0,14054.0,26205.0,17904.0,2845808.0
1991-10-01,3491698.0,0.3,434303.0,217881.0,4562178.0,427929.0,27229.0,555303.0,677508.0,435779.0,595474.0,4134248.0,110796.0,121092.0,330944.0,135643.0,16526.0,3976045.0,38560.0,694034.0,184109.0,5157652.0,1004770.0,820661.0,119643.0,-0.2,2284213.0,358173.0,44756.0,265104.0,652183.0,23877.0,14683.0,26849.0,18024.0,2839515.0
1991-11-01,3511522.0,0.4,439593.0,218917.0,4578620.0,416931.0,28616.0,557875.0,676884.0,437848.0,598415.0,4161689.0,113064.0,122424.0,333378.0,131430.0,16402.0,4003572.0,38863.0,693286.0,183977.0,5177034.0,1001698.0,817721.0,119254.0,0.7,2295137.0,361993.0,46383.0,266028.0,658510.0,24180.0,14683.0,26142.0,17796.0,2853013.0
1991-12-01,3547745.0,1.1,445221.0,221188.0,4630886.0,452168.0,30055.0,560077.0,692580.0,442101.0,602125.0,4178719.0,113628.0,123876.0,337431.0,132731.0,16362.0,4020479.0,39160.0,708942.0,183248.0,5233011.0,1002841.0,819593.0,119080.0,0.4,2321259.0,367486.0,48098.0,269352.0,666409.0,24477.0,14683.0,35125.0,17868.0,2881336.0
1992-01-01,3562751.0,1.1,451349.0,223950.0,4681780.0,442477.0,32274.0,562857.0,706415.0,446519.0,583041.0,4239303.0,108108.0,125796.0,345286.0,136696.0,16492.0,4084653.0,36259.0,722907.0,184219.0,5264821.0,999552.0,815333.0,118391.0,1.4,2324595.0,377560.0,48570.0,277824.0,675299.0,24724.0,11535.0,39227.0,18764.0,2887452.0
1992-02-01,3604863.0,0.7,456961.0,226725.0,4713934.0,459621.0,33486.0,563951.0,709127.0,451698.0,589269.0,4254313.0,107760.0,127272.0,345094.0,138367.0,16504.0,4099539.0,36529.0,725631.0,185179.0,5303203.0,996106.0,810927.0,118245.0,0.4,2357227.0,378580.0,49721.0,278052.0,683685.0,24994.0,11535.0,38720.0,18956.0,2921178.0
1992-03-01,3619397.0,0.3,462092.0,227366.0,4729460.0,457744.0,32924.0,565778.0,715955.0,452911.0,594381.0,4271717.0,108924.0,128628.0,347055.0,138946.0,16507.0,4117009.0,36778.0,732462.0,186128.0,5323841.0,993199.0,807071.0,117929.0,0.4,2364161.0,379980.0,51714.0,279828.0,689458.0,25243.0,11535.0,41153.0,18476.0,2929938.0
1992-04-01,3630807.0,0.6,466786.0,227860.0,4755642.0,468190.0,33635.0,567993.0,725271.0,453838.0,601762.0,4287453.0,113268.0,129768.0,355945.0,140011.0,16501.0,4131544.0,38170.0,741772.0,187065.0,5357404.0,994509.0,807444.0,117739.0,0.4,2368168.0,389579.0,54574.0,280908.0,694646.0,25567.0,12603.0,42116.0,19200.0,2936161.0
1992-05-01,3654324.0,0.6,471115.0,229188.0,4784128.0,470169.0,34328.0,569919.0,729459.0,456336.0,608309.0,4313959.0,115500.0,130980.0,359685.0,141477.0,16472.0,4158382.0,38385.0,745931.0,187989.0,5392437.0,997203.0,809215.0,117193.0,0.6,2384102.0,394012.0,57303.0,282612.0,700303.0,25782.0,12603.0,40386.0,18504.0,2954021.0
1992-06-01,3670570.0,0.6,474958.0,229847.0,4812582.0,480359.0,38099.0,571557.0,732663.0,457736.0,611436.0,4332223.0,117432.0,132168.0,363911.0,141665.0,16407.0,4177056.0,38585.0,749070.0,188898.0,5424018.0,1000182.0,811284.0,116582.0,0.4,2394208.0,402010.0,59922.0,281712.0,704804.0,25982.0,12603.0,41098.0,18588.0,2965766.0
1992-07-01,3677800.0,0.3,478465.0,230003.0,4824774.0,458591.0,36855.0,573781.0,737203.0,458080.0,612320.0,4366183.0,119496.0,133344.0,368608.0,142693.0,16360.0,4204795.0,45520.0,753563.0,189794.0,5437094.0,995842.0,806048.0,115868.0,0.8,2395551.0,405463.0,62506.0,283080.0,708468.0,26218.0,19302.0,40122.0,18468.0,2969332.0
1992-08-01,3702063.0,0.5,481558.0,231480.0,4848206.0,466392.0,37005.0,576212.0,741511.0,460814.0,616873.0,4381814.0,120876.0,134472.0,371994.0,146966.0,16275.0,4220850.0,45691.0,757786.0,190677.0,5465079.0,992380.0,801703.0,115273.0,0.4,2412812.0,408999.0,64665.0,282636.0,713038.0,26389.0,19302.0,38285.0,18276.0,2989024.0
1992-09-01,3685679.0,-0.3,484158.0,230217.0,4833383.0,417516.0,36343.0,575571.0,745267.0,458367.0,619410.0,4415866.0,121308.0,135588.0,372747.0,146454.0,16178.0,4255267.0,45844.0,761445.0,191548.0,5452793.0,989165.0,797617.0,114755.0,0.8,2395733.0,409090.0,65781.0,282828.0,714375.0,26542.0,19302.0,40429.0,18660.0,2971304.0
1992-10-01,3655022.0,-0.3,486387.0,228172.0,4819166.0,379147.0,35494.0,576769.0,748367.0,454414.0,625751.0,4440018.0,120216.0,136788.0,383796.0,150510.0,16093.0,4284729.0,41229.0,764460.0,192407.0,5444917.0,992598.0,800192.0,114060.0,0.5,2363693.0,419290.0,67960.0,284664.0,714559.0,26703.0,14526.0,38093.0,18096.0,2940462.0
1992-11-01,3679913.0,0.3,488214.0,229508.0,4835960.0,380253.0,34060.0,578483.0,740879.0,456970.0,631473.0,4455707.0,120588.0,137760.0,387329.0,144454.0,15936.0,4300488.0,41362.0,756815.0,193246.0,5467433.0,995955.0,802709.0,113857.0,0.4,2383708.0,421388.0,70331.0,282120.0,717722.0,26836.0,14526.0,37273.0,18684.0,2962191.0
1992-12-01,3875781.0,3.7,489661.0,226461.0,5017221.0,525438.0,32585.0,581140.0,748883.0,451731.0,659603.0,4491783.0,121500.0,138588.0,383251.0,146477.0,15719.0,4336398.0,41486.0,764602.0,194066.0,5676824.0,998511.0,804445.0,113900.0,0.8,2578519.0,415836.0,73825.0,285048.0,716122.0,26960.0,14526.0,38502.0,18768.0,3159659.0
1993-01-01,3728226.0,-1.9,490580.0,237296.0,4919816.0,420483.0,28512.0,582206.0,764486.0,472313.0,614250.0,4499333.0,123684.0,143172.0,390273.0,147062.0,15372.0,4340707.0,44199.0,779858.0,194867.0,5534066.0,1001714.0,806847.0,114426.0,0.2,2418144.0,418785.0,77796.0,296388.0,727876.0,27930.0,16269.0,34848.0,19332.0,3000350.0
1993-02-01,3759799.0,0.6,491612.0,238851.0,4950732.0,436524.0,28149.0,582729.0,764594.0,475437.0,617314.0,4514208.0,124452.0,143328.0,391883.0,149426.0,15123.0,4355340.0,44312.0,779717.0,195919.0,5568046.0,1002903.0,806984.0,114556.0,0.3,2446608.0,420032.0,81032.0,294492.0,730463.0,28043.0,16269.0,33684.0,19212.0,3029337.0
1993-03-01,3748682.0,-0.1,492768.0,237788.0,4945531.0,434081.0,29105.0,583554.0,770426.0,473654.0,619450.0,4511450.0,125064.0,143628.0,388840.0,149546.0,14865.0,4352498.0,44422.0,785291.0,197222.0,5564981.0,1003389.0,806167.0,114530.0,-0.1,2434571.0,417945.0,83328.0,295824.0,730557.0,28153.0,16269.0,36732.0,19632.0,3018125.0
1993-04-01,3795940.0,0.8,494197.0,237895.0,4984442.0,431489.0,34052.0,585263.0,770018.0,473620.0,637389.0,4552953.0,123192.0,144084.0,393191.0,149834.0,14612.0,4393413.0,44917.0,784630.0,198774.0,5621831.0,1002378.0,803604.0,114623.0,0.9,2478585.0,427243.0,85261.0,297852.0,732092.0,28220.0,16697.0,35364.0,19692.0,3063848.0
1993-05-01,3808502.0,0.2,495531.0,238831.0,4992613.0,410832.0,35307.0,586546.0,769322.0,475358.0,645313.0,4581781.0,124368.0,144684.0,396617.0,150614.0,14361.0,4422366.0,45026.0,783683.0,200569.0,5637926.0,1002374.0,801805.0,114389.0,0.6,2487595.0,431924.0,86800.0,296736.0,734362.0,28329.0,16697.0,33684.0,19236.0,3074140.0
1993-06-01,3796219.0,-0.2,496990.0,237867.0,4985045.0,385839.0,35417.0,588046.0,775706.0,473704.0,647820.0,4599206.0,126876.0,145440.0,394052.0,149678.0,14110.0,4439965.0,45141.0,789816.0,202605.0,5632865.0,1002577.0,799972.0,114100.0,0.4,2473316.0,429469.0,88488.0,296604.0,734857.0,28444.0,16697.0,37560.0,19548.0,3061362.0
1993-07-01,3822534.0,0.4,498577.0,239486.0,5005502.0,377609.0,32235.0,591355.0,782054.0,477062.0,654590.0,4627893.0,132840.0,146340.0,394937.0,150662.0,13888.0,4468940.0,45869.0,795942.0,204879.0,5660092.0,1001069.0,796190.0,113084.0,0.6,2493116.0,427172.0,90437.0,298476.0,738064.0,28555.0,17314.0,34572.0,19164.0,3084471.0
1993-08-01,3846174.0,0.3,500166.0,241141.0,5021277.0,381298.0,22092.0,591372.0,787490.0,480361.0,660724.0,4639979.0,135660.0,147396.0,399347.0,150686.0,13661.0,4481096.0,45994.0,801151.0,207386.0,5682001.0,1001228.0,793842.0,112889.0,0.3,2513494.0,421440.0,92369.0,297972.0,741308.0,28680.0,17314.0,36492.0,19284.0,3104866.0
1993-09-01,3833621.0,-0.2,501850.0,240252.0,5012816.0,342309.0,23913.0,592580.0,789290.0,478922.0,662317.0,4670507.0,137004.0,148620.0,397789.0,149750.0,13464.0,4511530.0,46125.0,802754.0,210122.0,5675134.0,1001200.0,791078.0,112852.0,0.7,2498939.0,421702.0,94779.0,299208.0,742102.0,28811.0,17314.0,35580.0,19128.0,3091519.0
1993-10-01,3819399.0,-0.2,503744.0,239634.0,5004089.0,310714.0,29222.0,593195.0,787526.0,477702.0,665013.0,4693375.0,136176.0,149988.0,399619.0,150170.0,13237.0,4532758.0,47051.0,800763.0,213084.0,5669102.0,1000477.0,787392.0,113566.0,0.5,2482825.0,428841.0,97325.0,299412.0,743378.0,29053.0,17998.0,32988.0,18792.0,3076020.0
1993-11-01,3827342.0,0.5,505612.0,240263.0,5027391.0,312366.0,37891.0,594599.0,789314.0,479098.0,667024.0,4715025.0,135924.0,151524.0,404580.0,151238.0,13059.0,4554053.0,47212.0,802373.0,216287.0,5694415.0,1001206.0,784919.0,113760.0,0.5,2486868.0,442471.0,100120.0,299076.0,745875.0,29214.0,17998.0,32472.0,19080.0,3081467.0
1993-12-01,4021032.0,3.4,507610.0,246842.0,5199948.0,467390.0,40382.0,596675.0,796994.0,491868.0,693850.0,4732558.0,136008.0,153216.0,408283.0,150806.0,12896.0,4571141.0,47394.0,809890.0,219725.0,5893798.0,1002860.0,783135.0,114022.0,0.4,2669905.0,448665.0,103219.0,303180.0,754452.0,29396.0,17998.0,34200.0,19584.0,3266580.0
1994-01-01,3900583.0,-1.8,509646.0,248362.0,5103888.0,356849.0,41887.0,599282.0,803484.0,496034.0,675104.0,4747039.0,136560.0,155088.0,404558.0,156012.0,12890.0,4585136.0,48437.0,816374.0,223394.0,5778992.0,1004757.0,781363.0,113467.0,0.3,2543293.0,446445.0,106867.0,307152.0,758008.0,29944.0,18493.0,29052.0,19620.0,3142576.0
1994-02-01,3908202.0,0.4,511444.0,248896.0,5125292.0,330103.0,42122.0,600794.0,805164.0,497311.0,672681.0,4795188.0,136608.0,156912.0,408982.0,155244.0,12788.0,4632580.0,48616.0,817952.0,226778.0,5797973.0,1008920.0,782143.0,113992.0,1.0,2547068.0,451103.0,109106.0,308772.0,760340.0,30123.0,18493.0,28404.0,19224.0,3147862.0
1994-03-01,3931370.0,0.6,513057.0,250612.0,5156221.0,346785.0,41339.0,603194.0,807360.0,500800.0,673215.0,4809437.0,136764.0,158712.0,411767.0,154872.0,12746.0,4645953.0,48768.0,820106.0,229885.0,5829436.0,1014694.0,784809.0,114716.0,0.3,2564507.0,453106.0,110960.0,310476.0,763669.0,30275.0,18493.0,26424.0,20112.0,3167701.0
1994-04-01,3982058.0,0.1,514388.0,251991.0,5162289.0,325668.0,38318.0,605199.0,810792.0,503539.0,728253.0,4836621.0,137052.0,160464.0,415128.0,154932.0,12716.0,4671080.0,49440.0,823508.0,232722.0,5890542.0,1022851.0,790128.0,116101.0,0.6,2610481.0,453445.0,112219.0,311868.0,766379.0,30574.0,18866.0,26652.0,19824.0,3215679.0
1994-05-01,3996976.0,1.3,515535.0,253199.0,5229369.0,392993.0,36621.0,607462.0,809376.0,505885.0,681718.0,4836375.0,137148.0,162180.0,418002.0,155304.0,12777.0,4669499.0,49563.0,822153.0,235314.0,5911087.0,1029730.0,794415.0,117314.0,0.0,2620779.0,454624.0,113489.0,311916.0,768735.0,30697.0,18866.0,23628.0,19200.0,3228242.0
1994-06-01,3995563.0,0.1,516423.0,253098.0,5233929.0,356505.0,35020.0,608818.0,810036.0,505977.0,683547.0,4877425.0,137028.0,163848.0,419245.0,154872.0,12871.0,4708909.0,49683.0,822907.0,237665.0,5917476.0,1036049.0,798383.0,118832.0,0.8,2617224.0,454264.0,114670.0,311544.0,769521.0,30817.0,18866.0,23064.0,19680.0,3226042.0
1994-07-01,4019336.0,0.4,517221.0,254747.0,5254945.0,362818.0,33516.0,610803.0,810096.0,509348.0,691446.0,4892128.0,134508.0,165480.0,420462.0,155760.0,13031.0,4720620.0,50155.0,823127.0,239780.0,5946391.0,1043404.0,803624.0,121353.0,0.3,2636565.0,453978.0,115894.0,312624.0,771968.0,31069.0,19086.0,22116.0,19608.0,3247368.0
1994-08-01,4027382.0,0.3,517667.0,255158.0,5273313.0,337580.0,32098.0,612291.0,814212.0,510454.0,695401.0,4935733.0,136044.0,167076.0,424836.0,155844.0,13237.0,4762623.0,50270.0,827449.0,241661.0,5968714.0,1050912.0,809251.0,122840.0,0.9,2642265.0,456934.0,116492.0,312864.0,772826.0,31184.0,19086.0,22452.0,19932.0,3254556.0
1994-09-01,4048537.0,0.5,517854.0,256494.0,5302216.0,352807.0,30767.0,614382.0,816576.0,513261.0,699300.0,4949409.0,137916.0,168612.0,428586.0,155340.0,13479.0,4775041.0,50379.0,830055.0,243310.0,6001516.0,1060360.0,817050.0,123989.0,0.3,2659807.0,459354.0,116471.0,313380.0,774348.0,31293.0,19086.0,21600.0,19728.0,3274189.0
1994-10-01,4085882.0,1.1,517808.0,259110.0,5361630.0,373725.0,30043.0,615584.0,829644.0,518334.0,703679.0,4987904.0,145140.0,170124.0,434208.0,158664.0,13804.0,4812888.0,50758.0,843448.0,244728.0,6065309.0,1074243.0,829515.0,124259.0,0.8,2693379.0,464251.0,115819.0,314124.0,776918.0,31482.0,19276.0,21780.0,19812.0,3308963.0
1994-11-01,4081167.0,0.2,517517.0,258585.0,5371556.0,369862.0,28214.0,617178.0,832236.0,517659.0,703827.0,5001695.0,148176.0,171588.0,437104.0,157824.0,14153.0,4825640.0,50855.0,846389.0,245902.0,6075383.0,1084420.0,838517.0,125200.0,0.3,2687888.0,465318.0,115749.0,313332.0,776101.0,31579.0,19276.0,21492.0,19824.0,3305065.0
1994-12-01,4097243.0,0.5,516998.0,259415.0,5399365.0,380536.0,25875.0,618965.0,839520.0,519558.0,708701.0,5018829.0,150204.0,172992.0,440890.0,157932.0,14562.0,4841610.0,50943.0,854082.0,246832.0,6108066.0,1093282.0,846450.0,126276.0,0.3,2701865.0,466765.0,116252.0,317880.0,776413.0,31667.0,19276.0,20640.0,19872.0,3320830.0
1995-01-01,4120070.0,0.5,516060.0,259994.0,5427544.0,398737.0,21963.0,620556.0,854036.0,523781.0,721092.0,5028807.0,151560.0,174360.0,445129.0,163532.0,15367.0,4851170.0,50701.0,869403.0,247517.0,6148636.0,1098675.0,851158.0,126936.0,0.2,2723461.0,467092.0,117177.0,322812.0,776054.0,31793.0,18908.0,20916.0,20856.0,3344016.0
1995-02-01,4134550.0,0.4,515501.0,260857.0,5447924.0,417339.0,20032.0,622302.0,857684.0,525618.0,725372.0,5030585.0,152544.0,175692.0,446626.0,163160.0,16020.0,4850763.0,50788.0,873704.0,248537.0,6173296.0,1105733.0,857196.0,129035.0,0.0,2735891.0,466658.0,118269.0,324900.0,776357.0,31880.0,18908.0,21024.0,20364.0,3358193.0
1995-03-01,4148705.0,0.5,515102.0,261505.0,5472965.0,404671.0,18809.0,624363.0,862100.0,527166.0,727376.0,5068295.0,153264.0,177012.0,449473.0,163748.0,16652.0,4885374.0,50884.0,878752.0,249895.0,6200341.0,1112356.0,862461.0,132037.0,0.7,2747735.0,468282.0,119412.0,326640.0,776607.0,31976.0,18908.0,20796.0,20640.0,3372098.0
1995-04-01,4168397.0,-0.5,514931.0,262652.0,5446720.0,368762.0,18238.0,626055.0,862244.0,529627.0,777183.0,5077957.0,152172.0,178308.0,448885.0,163580.0,17239.0,4890197.0,51178.0,879483.0,251593.0,6223903.0,1118014.0,866421.0,136582.0,0.2,2764758.0,467124.0,120513.0,326580.0,777583.0,32237.0,18941.0,21144.0,20460.0,3390813.0
1995-05-01,4164126.0,1.2,514857.0,262271.0,5510309.0,386363.0,18190.0,627113.0,867788.0,528942.0,727958.0,5123946.0,152460.0,179568.0,454111.0,164732.0,17846.0,4933127.0,51283.0,885634.0,253616.0,6238267.0,1123551.0,869935.0,139535.0,0.9,2759885.0,472301.0,121597.0,328164.0,777128.0,32342.0,18941.0,22176.0,20688.0,3386998.0
1995-06-01,4186066.0,0.4,514921.0,263393.0,5532094.0,361823.0,18664.0,629270.0,866828.0,531442.0,735282.0,5170270.0,152736.0,180792.0,457781.0,163796.0,18438.0,4977503.0,51391.0,885266.0,255965.0,6267376.0,1128422.0,872457.0,141376.0,0.9,2778482.0,476444.0,122620.0,327768.0,778314.0,32450.0,18941.0,21396.0,20340.0,3407752.0
1995-07-01,4206646.0,0.3,515112.0,264635.0,5551209.0,385722.0,19828.0,629974.0,870896.0,533965.0,745111.0,5165486.0,154212.0,182004.0,458288.0,163904.0,19050.0,4970175.0,52940.0,889946.0,258638.0,6296320.0,1131960.0,873321.0,142371.0,-0.1,2796925.0,478116.0,123617.0,327876.0,779747.0,32777.0,20163.0,22188.0,20712.0,3426899.0
1995-08-01,4216864.0,0.3,515502.0,265151.0,5566722.0,364820.0,21226.0,630814.0,871124.0,535057.0,752298.0,5201902.0,153564.0,183168.0,463667.0,163724.0,19646.0,5005318.0,53049.0,890770.0,261637.0,6319020.0,1136125.0,874488.0,143535.0,0.7,2805397.0,484893.0,125425.0,327936.0,780653.0,32886.0,20163.0,22008.0,20724.0,3436211.0
1995-09-01,4235669.0,0.4,516046.0,266017.0,5588492.0,369594.0,23022.0,631897.0,870212.0,537049.0,759238.0,5218898.0,150252.0,184308.0,467310.0,163532.0,20236.0,5020492.0,53158.0,890448.0,264957.0,6347730.0,1140252.0,875296.0,145248.0,0.3,2821708.0,490332.0,128078.0,330084.0,782063.0,32995.0,20163.0,21732.0,20304.0,3453605.0
1995-10-01,4254412.0,0.4,516847.0,267241.0,5609081.0,391014.0,25571.0,634223.0,864608.0,539299.0,764381.0,5218067.0,141648.0,185412.0,471115.0,165296.0,20831.0,5013903.0,56386.0,885439.0,268595.0,6373462.0,1145025.0,876430.0,147778.0,0.0,2836100.0,496685.0,131199.0,328656.0,784089.0,33379.0,23007.0,22920.0,20676.0,3470324.0
1995-11-01,4266674.0,0.3,517714.0,267742.0,5624038.0,362369.0,27957.0,635215.0,861260.0,540496.0,769919.0,5261669.0,139548.0,186492.0,473866.0,164504.0,21411.0,5055565.0,56490.0,882671.0,272553.0,6393957.0,1149155.0,876602.0,149614.0,0.8,2846004.0,501824.0,134129.0,328044.0,785455.0,33483.0,23007.0,22320.0,20352.0,3481219.0
1995-12-01,4274859.0,0.3,518741.0,267983.0,5642157.0,337089.0,30580.0,636529.0,867944.0,541159.0,775670.0,5305068.0,140880.0,187524.0,473728.0,164312.0,21997.0,5097498.0,56585.0,889941.0,276825.0,6417827.0,1153320.0,876495.0,150985.0,0.8,2851606.0,504308.0,136558.0,332640.0,786723.0,33578.0,23007.0,22188.0,20400.0,3488135.0
1996-01-01,4277427.0,0.4,519855.0,266816.0,5662078.0,370078.0,34016.0,637476.0,885723.0,538751.0,791788.0,5292000.0,147180.0,188544.0,478721.0,169119.0,22363.0,5085738.0,55351.0,908086.0,281404.0,6453866.0,1155970.0,874566.0,150911.0,-0.2,2853280.0,512737.0,138397.0,335976.0,786671.0,33926.0,21425.0,23532.0,21372.0,3490756.0
1996-02-01,4322545.0,0.9,521058.0,269612.0,5714621.0,374615.0,36971.0,639942.0,892527.0,544241.0,803225.0,5340006.0,151032.0,189588.0,487137.0,168723.0,22844.0,5132843.0,55450.0,915371.0,285798.0,6517846.0,1160411.0,874613.0,151713.0,0.9,2891933.0,524108.0,139653.0,338712.0,790670.0,34025.0,21425.0,23052.0,21420.0,3531875.0
1996-03-01,4343642.0,0.6,522213.0,270746.0,5750186.0,368959.0,39641.0,642647.0,901467.0,546595.0,810181.0,5381227.0,155736.0,190656.0,493405.0,168555.0,23187.0,5173265.0,55555.0,924654.0,290009.0,6560367.0,1165111.0,875102.0,152408.0,0.8,2908035.0,533046.0,140508.0,342612.0,792959.0,34130.0,21425.0,22440.0,21468.0,3550683.0
1996-04-01,4358346.0,-0.3,523314.0,271494.0,5732552.0,313838.0,44479.0,643772.0,911319.0,548186.0,864787.0,5418714.0,163872.0,191760.0,495590.0,168999.0,23443.0,5207961.0,57174.0,934762.0,294043.0,6597339.0,1171307.0,877264.0,153579.0,0.7,2919766.0,540069.0,141040.0,341088.0,794808.0,34517.0,22657.0,23760.0,21840.0,3563538.0
1996-05-01,4382789.0,1.4,524370.0,272782.0,5814995.0,379393.0,44828.0,645757.0,912591.0,550921.0,822255.0,5435602.0,166596.0,192900.0,505819.0,168255.0,23557.0,5223759.0,57289.0,936148.0,297906.0,6637250.0,1177005.0,879099.0,154554.0,0.3,2939880.0,550647.0,141582.0,341220.0,797152.0,34632.0,22657.0,22188.0,21432.0,3585637.0
1996-06-01,4421371.0,0.6,525404.0,275293.0,5849613.0,406479.0,43250.0,647394.0,914667.0,555765.0,831651.0,5443134.0,166908.0,194076.0,508485.0,167871.0,23578.0,5229777.0,57407.0,938245.0,301602.0,6681264.0,1183468.0,881865.0,155950.0,0.1,2973280.0,551735.0,142210.0,341928.0,800697.0,34750.0,22657.0,22188.0,21696.0,3620674.0
1996-07-01,4423884.0,-0.1,526372.0,275123.0,5846008.0,378316.0,35264.0,649323.0,909687.0,555734.0,835592.0,5467692.0,160236.0,195276.0,511601.0,167931.0,23470.0,5251905.0,58052.0,933157.0,305134.0,6681600.0,1190500.0,885365.0,157735.0,0.5,2973067.0,546865.0,142928.0,342480.0,801495.0,35112.0,22940.0,22212.0,21552.0,3622389.0
1996-08-01,4450396.0,0.3,527277.0,276631.0,5865941.0,373401.0,33048.0,649746.0,908019.0,558875.0,843467.0,5492540.0,158652.0,196512.0,512190.0,167919.0,23278.0,5275019.0,58174.0,931297.0,308508.0,6709408.0,1197686.0,889178.0,159347.0,0.5,2996742.0,545238.0,143666.0,343116.0,803908.0,35234.0,22940.0,20760.0,21060.0,3646488.0
1996-09-01,4479411.0,0.5,528200.0,278377.0,5895864.0,380245.0,32148.0,653027.0,907923.0,562391.0,851566.0,5515619.0,157488.0,197784.0,518130.0,167199.0,22978.0,5296591.0,58299.0,930901.0,311725.0,6747430.0,1204805.0,893080.0,160730.0,0.4,3019807.0,550279.0,144426.0,342300.0,806576.0,35359.0,22940.0,21948.0,21204.0,3672834.0
1996-10-01,4486553.0,0.3,529180.0,278584.0,5912845.0,363415.0,34036.0,654017.0,907803.0,563065.0,855952.0,5549430.0,156804.0,199092.0,521822.0,165963.0,22560.0,5328454.0,59109.0,930363.0,314788.0,6768797.0,1213882.0,899093.0,161867.0,0.6,3024772.0,555858.0,145207.0,342876.0,807764.0,35589.0,23520.0,21840.0,21228.0,3678789.0
1996-11-01,4513826.0,0.4,529993.0,280239.0,5939007.0,365925.0,34655.0,656057.0,910647.0,566440.0,863443.0,5573081.0,156600.0,200424.0,522160.0,165903.0,22005.0,5351191.0,59320.0,932652.0,317678.0,6802449.0,1220114.0,902436.0,162571.0,0.4,3047536.0,556815.0,145483.0,345528.0,810232.0,35800.0,23520.0,21132.0,21060.0,3703593.0
1996-12-01,4543119.0,0.4,530782.0,281963.0,5965502.0,364422.0,35491.0,657969.0,913527.0,569972.0,871100.0,5601080.0,157152.0,201804.0,522332.0,164343.0,21276.0,5378645.0,59618.0,934803.0,320396.0,6836602.0,1225575.0,905178.0,162818.0,0.5,3072405.0,557823.0,145255.0,346224.0,812745.0,36098.0,23520.0,22236.0,21768.0,3730374.0
1997-01-01,4559161.0,0.4,531595.0,281294.0,5989578.0,354462.0,38741.0,660423.0,930460.0,570391.0,895267.0,5635116.0,160968.0,203184.0,533875.0,167200.0,20374.0,5411132.0,62042.0,950834.0,322944.0,6884845.0,1228136.0,905192.0,161942.0,0.6,3085849.0,572617.0,144487.0,355836.0,812889.0,36939.0,25103.0,21000.0,22272.0,3746272.0
1997-02-01,4593999.0,0.5,532639.0,283464.0,6018133.0,359380.0,38262.0,662208.0,927412.0,574607.0,902732.0,5658753.0,161436.0,204420.0,538237.0,167584.0,19655.0,5433958.0,62363.0,947067.0,325540.0,6920865.0,1233854.0,908314.0,162432.0,0.4,3115688.0,576499.0,144052.0,350748.0,816103.0,37260.0,25103.0,20940.0,22284.0,3777896.0
1997-03-01,4624051.0,0.6,533966.0,285183.0,6052444.0,371975.0,36323.0,664252.0,933652.0,578089.0,908336.0,5680470.0,161856.0,205488.0,541204.0,167560.0,19131.0,5454224.0,62624.0,952783.0,328182.0,6960781.0,1240596.0,912414.0,163622.0,0.4,3140650.0,577526.0,143914.0,355176.0,819149.0,37521.0,25103.0,20964.0,22608.0,3804902.0
1997-04-01,4637715.0,0.2,535385.0,285781.0,6062275.0,373648.0,29181.0,665648.0,930940.0,579475.0,910484.0,5688626.0,159000.0,206400.0,543136.0,166948.0,18863.0,5459332.0,62959.0,949803.0,330867.0,6972759.0,1248335.0,917468.0,166335.0,0.1,3150901.0,572317.0,144063.0,355140.0,821166.0,37831.0,25128.0,21012.0,22440.0,3816548.0
1997-05-01,4659101.0,0.4,537294.0,286879.0,6085757.0,394282.0,27549.0,667332.0,929920.0,581788.0,915558.0,5691475.0,159156.0,207144.0,547699.0,165580.0,18687.0,5460234.0,63150.0,948607.0,333574.0,7001315.0,1255668.0,922095.0,168091.0,0.1,3167595.0,575249.0,144479.0,356304.0,824174.0,38022.0,25128.0,19740.0,21996.0,3834927.0
1997-06-01,4683113.0,0.4,539493.0,288161.0,6113121.0,385839.0,27505.0,670945.0,932944.0,584410.0,922659.0,5727282.0,159936.0,207708.0,550298.0,166528.0,18631.0,5494236.0,63333.0,951575.0,336298.0,7035780.0,1262544.0,926246.0,169713.0,0.6,3184514.0,577803.0,145155.0,356172.0,827654.0,38205.0,25128.0,20424.0,22176.0,3855459.0
1997-07-01,4704539.0,0.4,541929.0,289208.0,6140232.0,356120.0,31785.0,672983.0,934432.0,586647.0,931465.0,5784112.0,161916.0,208104.0,554176.0,165940.0,18717.0,5548827.0,64006.0,953149.0,339038.0,7071698.0,1268605.0,929567.0,171278.0,1.0,3200419.0,585961.0,146091.0,356580.0,831137.0,38422.0,25584.0,19668.0,22224.0,3873402.0
1997-08-01,4743931.0,0.6,544627.0,291482.0,6177259.0,353491.0,32656.0,672857.0,937300.0,591157.0,942105.0,5823768.0,163716.0,208332.0,554690.0,165856.0,18916.0,5587042.0,64170.0,956216.0,341786.0,7119364.0,1275735.0,933949.0,172556.0,0.7,3234964.0,587346.0,147293.0,358380.0,836109.0,38586.0,25584.0,19080.0,21936.0,3907822.0
1997-09-01,4768108.0,0.5,547681.0,292767.0,6208366.0,368757.0,32860.0,676442.0,939928.0,593763.0,949754.0,5839609.0,165408.0,208404.0,559401.0,165904.0,19226.0,5601667.0,64325.0,959154.0,344538.0,7158121.0,1283595.0,939057.0,173617.0,0.3,3251219.0,592261.0,148765.0,357612.0,840447.0,38741.0,25584.0,20172.0,22428.0,3927661.0
1997-10-01,4804543.0,0.6,550951.0,294691.0,6247097.0,369610.0,31944.0,680614.0,940552.0,597683.0,957990.0,5877487.0,167508.0,208284.0,565154.0,165544.0,19695.0,5637666.0,65684.0,960247.0,347290.0,7205086.0,1290366.0,943076.0,174137.0,0.6,3278287.0,597098.0,150516.0,358164.0,845643.0,38847.0,26837.0,18756.0,22296.0,3958900.0
1997-11-01,4852735.0,0.7,554580.0,297628.0,6287976.0,385552.0,31266.0,683441.0,941608.0,603401.0,968997.0,5902424.0,168204.0,207996.0,562232.0,166048.0,20328.0,5661056.0,65800.0,961936.0,350079.0,7256973.0,1300033.0,949954.0,175568.0,0.4,3317085.0,593498.0,152172.0,357492.0,852208.0,38963.0,26837.0,19584.0,22284.0,4000526.0
1997-12-01,4874832.0,0.6,558443.0,298577.0,6323448.0,387880.0,30364.0,685499.0,945868.0,605480.0,976502.0,5935569.0,168384.0,207540.0,568774.0,165820.0,21132.0,5692107.0,65889.0,967000.0,352899.0,7299951.0,1310721.0,957822.0,177573.0,0.6,3332313.0,599139.0,153738.0,361500.0,857020.0,39052.0,26837.0,19896.0,22728.0,4017813.0
1998-01-01,4911281.0,0.9,562707.0,298757.0,6382181.0,446474.0,30551.0,687484.0,949037.0,606825.0,986674.0,5935707.0,167004.0,206928.0,582194.0,168005.0,22004.0,5689906.0,66315.0,971041.0,355746.0,7368855.0,1325516.0,969770.0,179486.0,0.0,3362333.0,612745.0,155097.0,364872.0,861463.0,39436.0,26879.0,18972.0,23256.0,4049818.0
1998-02-01,4943871.0,0.6,566728.0,300543.0,6420068.0,448865.0,27253.0,689957.0,951317.0,610509.0,996415.0,5971203.0,167040.0,206388.0,588754.0,169205.0,22877.0,5723833.0,65823.0,974194.0,358023.0,7416483.0,1336163.0,978140.0,181547.0,0.6,3386643.0,616006.0,156758.0,366228.0,867270.0,38944.0,26879.0,19284.0,23172.0,4076600.0
1998-03-01,4970814.0,0.6,570608.0,301944.0,6458724.0,459594.0,25780.0,691969.0,955169.0,613449.0,1005308.0,5999130.0,167688.0,205932.0,597573.0,169241.0,23651.0,5750287.0,65655.0,978820.0,359738.0,7464033.0,1345888.0,986150.0,183188.0,0.5,3406293.0,623354.0,158606.0,368796.0,872551.0,38776.0,26879.0,19944.0,23568.0,4098262.0
1998-04-01,4996539.0,0.4,574414.0,303190.0,6487687.0,446508.0,26626.0,694310.0,955313.0,616166.0,1014042.0,6041180.0,169548.0,205572.0,598299.0,169673.0,24376.0,5788053.0,67955.0,979689.0,360896.0,7501729.0,1356079.0,995183.0,185172.0,0.7,3424625.0,624925.0,160662.0,367572.0,877605.0,39212.0,28743.0,19308.0,23640.0,4118935.0
1998-05-01,5033774.0,0.6,578004.0,305189.0,6523495.0,431476.0,26988.0,698083.0,955289.0,620340.0,1023524.0,6092019.0,170100.0,205308.0,600950.0,169745.0,25081.0,5837943.0,68087.0,980370.0,361539.0,7547019.0,1362661.0,1001122.0,185989.0,0.8,3452498.0,627938.0,162617.0,368316.0,883192.0,39344.0,28743.0,18924.0,22896.0,4150582.0
1998-06-01,5054628.0,0.5,581470.0,306199.0,6554930.0,428532.0,27374.0,699821.0,957341.0,622529.0,1029491.0,6126397.0,170304.0,205116.0,610312.0,170405.0,25804.0,5871702.0,68207.0,983145.0,361670.0,7584421.0,1367001.0,1005332.0,186489.0,0.6,3467138.0,637686.0,164490.0,368736.0,887669.0,39464.0,28743.0,19680.0,23100.0,4166959.0
1998-07-01,5079585.0,0.4,584829.0,307549.0,6582338.0,435243.0,26219.0,703149.0,955613.0,625351.0,1034550.0,6147096.0,167376.0,205008.0,618100.0,169697.0,26458.0,5889962.0,70237.0,982071.0,361288.0,7616888.0,1369983.0,1008695.0,186896.0,0.3,3484058.0,644318.0,166282.0,370188.0,892378.0,39856.0,30381.0,20172.0,23172.0,4187207.0
1998-08-01,5122812.0,0.5,587950.0,310073.0,6612203.0,430098.0,26773.0,705713.0,956669.0,630475.0,1044041.0,6182105.0,167724.0,204984.0,616989.0,170009.0,27119.0,5924994.0,70345.0,983788.0,360391.0,7656244.0,1368314.0,1007923.0,186766.0,0.6,3519077.0,643762.0,168044.0,370092.0,898023.0,39964.0,30381.0,20736.0,23124.0,4224789.0
1998-09-01,5142179.0,0.2,590952.0,310979.0,6627019.0,404562.0,27958.0,707935.0,959897.0,632559.0,1051037.0,6222457.0,169260.0,205056.0,620170.0,170621.0,27765.0,5965584.0,70549.0,987662.0,358975.0,7678055.0,1362872.0,1003897.0,186324.0,0.7,3532312.0,648128.0,169773.0,371832.0,901931.0,40168.0,30381.0,19932.0,23196.0,4240247.0
1998-10-01,5168377.0,0.3,593955.0,312310.0,6650044.0,392415.0,31097.0,709995.0,961913.0,635468.0,1058783.0,6257630.0,173472.0,205200.0,629417.0,171509.0,28344.0,5998823.0,73425.0,990257.0,357035.0,7708827.0,1353043.0,996008.0,185382.0,0.6,3552118.0,660514.0,172105.0,370056.0,906264.0,40764.0,32661.0,18660.0,23016.0,4262113.0
1998-11-01,5204706.0,0.4,596668.0,314542.0,6676768.0,403282.0,32524.0,712612.0,966365.0,639933.0,1068980.0,6273485.0,175488.0,205440.0,634855.0,171401.0,28944.0,6015365.0,73713.0,995309.0,354530.0,7745747.0,1344800.0,990271.0,184408.0,0.3,3580883.0,667380.0,173486.0,370164.0,911211.0,41052.0,32661.0,20520.0,23352.0,4293495.0
1998-12-01,5225099.0,0.3,599144.0,315571.0,6695614.0,367834.0,33582.0,714728.0,971057.0,642206.0,1076206.0,6327780.0,177336.0,205764.0,642807.0,170741.0,29517.0,6070526.0,74037.0,1000574.0,351450.0,7771819.0,1337410.0,985960.0,183217.0,0.9,3595657.0,676388.0,174554.0,373332.0,914714.0,41376.0,32661.0,20184.0,23700.0,4310385.0
1999-01-01,5260305.0,0.7,601350.0,316716.0,6742387.0,413801.0,34906.0,715528.0,981198.0,647056.0,1070685.0,6328586.0,180552.0,206172.0,645571.0,173250.0,30709.0,6073864.0,73233.0,1011907.0,347944.0,7813072.0,1332439.0,984496.0,181490.0,0.0,3626710.0,680477.0,174999.0,376596.0,918066.0,41928.0,31305.0,20580.0,24048.0,4342239.0
1999-02-01,5296002.0,0.3,604028.0,318882.0,6761460.0,406459.0,34487.0,718450.0,981558.0,651414.0,1079488.0,6355001.0,181164.0,206592.0,647042.0,173334.0,31163.0,6099229.0,73605.0,1012721.0,345224.0,7840948.0,1326084.0,980860.0,182168.0,0.4,3654642.0,681529.0,176026.0,376200.0,922910.0,42300.0,31305.0,20436.0,23832.0,4373092.0
1999-03-01,5304553.0,0.2,606976.0,319041.0,6772210.0,381404.0,33030.0,720258.0,987354.0,651996.0,1083665.0,6390807.0,181668.0,207024.0,652245.0,174426.0,31674.0,6133027.0,73941.0,1019028.0,343304.0,7855876.0,1321694.0,978390.0,183838.0,0.6,3658279.0,685275.0,177322.0,378096.0,926017.0,42636.0,31305.0,21396.0,24744.0,4378536.0
1999-04-01,5324245.0,0.2,610317.0,319749.0,6782564.0,318985.0,29410.0,724762.0,981930.0,653759.0,1088507.0,6463579.0,178056.0,207468.0,658892.0,173778.0,32237.0,6199523.0,76050.0,1014167.0,342193.0,7871071.0,1319275.0,977082.0,188006.0,1.1,3669417.0,688302.0,178841.0,378696.0,930066.0,43200.0,32850.0,19812.0,24120.0,4394179.0
1999-05-01,5347712.0,0.2,613817.0,320972.0,6798662.0,300069.0,28099.0,726314.0,984846.0,656251.0,1095512.0,6498593.0,178728.0,207936.0,657199.0,174054.0,32832.0,6232102.0,76362.0,1017678.0,341965.0,7894174.0,1319949.0,977984.0,190129.0,0.5,3686608.0,685298.0,179788.0,378684.0,934789.0,43512.0,32850.0,21504.0,23940.0,4412922.0
1999-06-01,5359756.0,0.4,617590.0,321302.0,6823673.0,295012.0,27395.0,730040.0,988242.0,657147.0,1101453.0,6528661.0,180504.0,208404.0,669633.0,174294.0,33421.0,6260300.0,76686.0,1021663.0,342624.0,7925127.0,1323713.0,981088.0,191675.0,0.5,3690824.0,697028.0,180114.0,379452.0,938892.0,43836.0,32850.0,21312.0,24276.0,4420864.0
1999-07-01,5393567.0,0.5,621878.0,322634.0,6854561.0,299119.0,27623.0,734752.0,990618.0,660130.0,1111283.0,6555441.0,184512.0,208896.0,669755.0,173850.0,34112.0,6287552.0,76133.0,1024730.0,344171.0,7965844.0,1330559.0,986388.0,191757.0,0.4,3714303.0,697379.0,179739.0,379956.0,944512.0,44352.0,31781.0,19380.0,24024.0,4449055.0
1999-08-01,5425928.0,0.6,626198.0,324200.0,6895925.0,294759.0,26629.0,738616.0,997734.0,663353.0,1120958.0,6601167.0,186936.0,209400.0,678446.0,174798.0,34797.0,6331887.0,76457.0,1032531.0,346581.0,8016883.0,1337257.0,990677.0,192823.0,0.7,3736913.0,705075.0,179444.0,381012.0,950399.0,44676.0,31781.0,21300.0,24288.0,4475530.0
1999-09-01,5452443.0,0.2,630797.0,325199.0,6911638.0,254385.0,23379.0,742309.0,1000002.0,665595.0,1129548.0,6657253.0,188700.0,209916.0,672594.0,175674.0,35512.0,6386490.0,76769.0,1035514.0,349849.0,8041186.0,1343805.0,993956.0,193994.0,0.8,3754139.0,695972.0,179046.0,381432.0,955996.0,44988.0,31781.0,20292.0,23988.0,4496447.0
1999-10-01,5499129.0,0.7,636085.0,327512.0,6961129.0,275456.0,23818.0,747049.0,1003110.0,670343.0,1141272.0,6685673.0,190416.0,210456.0,682010.0,175206.0,36075.0,6411379.0,78601.0,1039185.0,353968.0,8102401.0,1350197.0,996230.0,195693.0,0.4,3788483.0,705828.0,178405.0,383160.0,963597.0,45460.0,33141.0,19932.0,23940.0,4535532.0
1999-11-01,5547956.0,0.7,641298.0,329961.0,7012492.0,287294.0,23516.0,751250.0,1002438.0,675267.0,1152758.0,6725197.0,191340.0,211008.0,691554.0,175014.0,37056.0,6448690.0,78913.0,1039494.0,358943.0,8165250.0,1358988.0,1000045.0,197595.0,0.6,3825447.0,715070.0,179009.0,380424.0,971259.0,45772.0,33141.0,20532.0,24120.0,4576697.0
1999-12-01,5620593.0,1.0,646676.0,333901.0,7083353.0,262918.0,24070.0,755864.0,1007394.0,683111.0,1167840.0,6820435.0,192084.0,211560.0,694763.0,175110.0,38082.0,6541049.0,79225.0,1045476.0,364762.0,8251193.0,1370166.0,1005404.0,200160.0,1.4,3884151.0,718834.0,179236.0,384660.0,980577.0,46084.0,33141.0,19632.0,24348.0,4640016.0
2000-01-01,5715426.0,0.9,651799.0,339127.0,7149337.0,324241.0,24912.0,761026.0,1013089.0,693047.0,1198619.0,6825096.0,189000.0,212172.0,684940.0,174793.0,39318.0,6542870.0,78815.0,1052407.0,371407.0,8347956.0,1383720.0,1012314.0,203411.0,0.1,3963474.0,709852.0,179597.0,391248.0,990926.0,46640.0,32175.0,20892.0,24984.0,4724500.0
2000-02-01,5754412.0,0.7,657213.0,340848.0,7199652.0,289439.0,26472.0,764546.0,1017109.0,696579.0,1209126.0,6910213.0,189912.0,212904.0,689781.0,175957.0,39812.0,6625259.0,79103.0,1056921.0,377119.0,8408778.0,1397875.0,1020756.0,205850.0,1.2,3991805.0,716253.0,179895.0,392124.0,998061.0,46928.0,32175.0,21156.0,25056.0,4756351.0
2000-03-01,5777722.0,0.7,662412.0,341679.0,7249827.0,276463.0,28589.0,770118.0,1020517.0,698402.0,1218520.0,6973364.0,191664.0,213804.0,706951.0,176125.0,40333.0,6686521.0,79415.0,1060850.0,381908.0,8468347.0,1412638.0,1030730.0,207427.0,0.9,4003513.0,735541.0,179998.0,394164.0,1004092.0,47240.0,32175.0,19596.0,25164.0,4773630.0
2000-04-01,5787542.0,0.4,666751.0,341739.0,7280327.0,311671.0,32118.0,774316.0,1028485.0,698726.0,1226485.0,6968656.0,195780.0,214848.0,708569.0,177553.0,40880.0,6679067.0,81809.0,1069365.0,385782.0,8506812.0,1428016.0,1042234.0,207780.0,-0.1,4004735.0,740688.0,179928.0,395088.0,1008490.0,47816.0,33993.0,20316.0,24900.0,4779051.0
2000-05-01,5772214.0,0.5,671343.0,340032.0,7316463.0,314702.0,33291.0,781551.0,1053349.0,695800.0,1228007.0,7001761.0,198336.0,216060.0,717644.0,178621.0,41456.0,6709732.0,82109.0,1094805.0,388792.0,8544471.0,1442206.0,1053414.0,209920.0,0.5,3979288.0,750935.0,180110.0,414900.0,1011375.0,48116.0,33993.0,20448.0,24984.0,4760839.0
2000-06-01,5815474.0,0.6,675662.0,342536.0,7361856.0,318910.0,32775.0,779820.0,1044949.0,700799.0,1235988.0,7042946.0,200652.0,217428.0,727601.0,178789.0,42050.0,6746933.0,82445.0,1086999.0,390944.0,8597844.0,1455226.0,1064282.0,213569.0,0.6,4017456.0,760376.0,180568.0,404004.0,1018198.0,48452.0,33993.0,19152.0,24924.0,4797276.0
2000-07-01,5885198.0,0.8,680848.0,347056.0,7419858.0,347862.0,30688.0,781994.0,1048705.0,709418.0,1245476.0,7071995.0,203688.0,218952.0,719169.0,178921.0,42674.0,6768501.0,83283.0,1091379.0,392244.0,8665333.0,1467093.0,1074849.0,220211.0,0.4,4075300.0,749857.0,181225.0,401364.0,1027903.0,49020.0,34263.0,20832.0,24948.0,4857294.0
2000-08-01,5899147.0,0.6,684697.0,347660.0,7465568.0,354651.0,30820.0,783659.0,1055425.0,710840.0,1246588.0,7110917.0,205104.0,220632.0,733258.0,180361.0,43306.0,6802846.0,83595.0,1098731.0,392519.0,8712156.0,1478411.0,1085892.0,224476.0,0.6,4083131.0,764077.0,182629.0,403824.0,1032357.0,49332.0,34263.0,20412.0,25092.0,4866790.0
2000-09-01,5927493.0,0.5,688232.0,349509.0,7506618.0,306371.0,32562.0,785790.0,1060009.0,714542.0,1251061.0,7200248.0,205464.0,222480.0,734337.0,180457.0,43923.0,6888604.0,83931.0,1103932.0,391773.0,8757679.0,1489194.0,1097421.0,227712.0,1.3,4103962.0,766899.0,184704.0,406428.0,1037741.0,49668.0,34263.0,20496.0,24684.0,4889752.0
2000-10-01,5942081.0,0.4,691977.0,350555.0,7538358.0,326964.0,31738.0,788537.0,1061437.0,716623.0,1253757.0,7211394.0,203568.0,224484.0,741768.0,182821.0,44715.0,6893798.0,87714.0,1106152.0,390009.0,8792115.0,1499454.0,1109444.0,229882.0,0.2,4111012.0,773506.0,187546.0,403560.0,1042532.0,50256.0,37458.0,21840.0,25164.0,4899549.0
2000-11-01,5943749.0,0.2,695042.0,350739.0,7552225.0,323184.0,33600.0,791286.0,1058425.0,717218.0,1257685.0,7229041.0,204276.0,226656.0,749587.0,181537.0,45152.0,6909824.0,88050.0,1103577.0,388049.0,8809911.0,1505781.0,1117732.0,231167.0,0.2,4106683.0,783187.0,190834.0,400224.0,1045781.0,50592.0,37458.0,21024.0,24708.0,4897968.0
2000-12-01,5945287.0,0.4,697780.0,351159.0,7579375.0,307245.0,36614.0,794801.0,1077013.0,718087.0,1264642.0,7272129.0,206472.0,228984.0,754781.0,183601.0,45583.0,6952196.0,88398.0,1122596.0,385894.0,8844016.0,1508157.0,1122264.0,231535.0,0.6,4101547.0,791395.0,194669.0,409788.0,1048939.0,50940.0,37458.0,22728.0,25440.0,4896348.0
2001-01-01,6022606.0,1.0,710110.0,355766.0,7651692.0,344698.0,35221.0,797897.0,1100584.0,728172.0,1289199.0,7306994.0,210816.0,231492.0,766607.0,185656.0,47343.0,6987401.0,88518.0,1147927.0,381828.0,8940891.0,1501064.0,1119236.0,231075.0,0.5,4158833.0,801828.0,195638.0,419208.0,1065876.0,51188.0,37330.0,27324.0,26088.0,4956730.0
2001-02-01,6055399.0,0.3,712844.0,358162.0,7672371.0,350695.0,34164.0,802033.0,1106776.0,733029.0,1303434.0,7321676.0,214644.0,233880.0,774125.0,186280.0,47958.0,7001834.0,88854.0,1154734.0,376205.0,8975805.0,1493436.0,1117231.0,230988.0,0.2,4182361.0,808288.0,196976.0,420540.0,1071006.0,51524.0,37330.0,25356.0,26076.0,4984394.0
2001-03-01,6072371.0,0.3,715649.0,359467.0,7696337.0,380060.0,33341.0,805423.0,1115956.0,735776.0,1313079.0,7316277.0,219528.0,236172.0,786432.0,187912.0,48324.0,6996658.0,89226.0,1164280.0,373770.0,9009416.0,1490003.0,1116233.0,230392.0,-0.1,4191831.0,819773.0,198766.0,422688.0,1075117.0,51896.0,37330.0,23676.0,25980.0,4997255.0
2001-04-01,6048838.0,0.0,718647.0,358232.0,7693797.0,369282.0,32744.0,809281.0,1133332.0,733527.0,1315105.0,7324515.0,228996.0,238344.0,786293.0,189316.0,48438.0,7004240.0,90237.0,1181770.0,375489.0,9008903.0,1491674.0,1116184.0,230038.0,0.1,4162677.0,819036.0,201112.0,422976.0,1076880.0,52124.0,38113.0,27264.0,26436.0,4971959.0
2001-05-01,6037434.0,0.1,721550.0,357875.0,7700196.0,327852.0,32447.0,813002.0,1140364.0,732830.0,1310869.0,7372343.0,231576.0,240396.0,795097.0,190072.0,48366.0,7052781.0,90573.0,1188730.0,373035.0,9011065.0,1487396.0,1114361.0,228989.0,0.7,4145007.0,827544.0,202791.0,422856.0,1079425.0,52460.0,38113.0,29100.0,26364.0,4958009.0
2001-06-01,6036486.0,0.2,724464.0,357818.0,7716473.0,327718.0,32446.0,819650.0,1143568.0,733010.0,1300633.0,7388754.0,229740.0,242340.0,804215.0,194380.0,48110.0,7069728.0,90897.0,1191678.0,370597.0,9017106.0,1481383.0,1110786.0,228129.0,0.2,4134554.0,836661.0,203908.0,422172.0,1082282.0,52784.0,38113.0,28776.0,26160.0,4954204.0
2001-07-01,6028793.0,1.5,728111.0,357566.0,7829005.0,426365.0,32642.0,824552.0,1145344.0,732512.0,1185607.0,7402640.0,215328.0,244164.0,812496.0,193828.0,47666.0,7082297.0,92229.0,1193010.0,370151.0,9014612.0,1475639.0,1105488.0,228114.0,0.2,4118564.0,845138.0,204545.0,432312.0,1085677.0,53068.0,39161.0,33120.0,26592.0,4943116.0
2001-08-01,6022934.0,1.6,731206.0,357218.0,7958169.0,517446.0,32605.0,829010.0,1139404.0,732085.0,1043205.0,7440722.0,216312.0,245880.0,821183.0,193552.0,47042.0,7121688.0,92553.0,1186446.0,372306.0,9001374.0,1465422.0,1093115.0,226481.0,0.5,4105500.0,853788.0,204870.0,426612.0,1088424.0,53392.0,39161.0,30576.0,26472.0,4934510.0
2001-09-01,6021973.0,-1.2,734313.0,357495.0,7863276.0,539480.0,32250.0,833163.0,1150900.0,732512.0,1112055.0,7323796.0,220560.0,247476.0,805443.0,194776.0,46241.0,7007024.0,92865.0,1197141.0,372384.0,8975331.0,1446067.0,1073683.0,223906.0,-1.6,4097004.0,837694.0,204967.0,426228.0,1091807.0,53704.0,39161.0,35664.0,26196.0,4930166.0
2001-10-01,6026150.0,-1.4,738032.0,357890.0,7751189.0,225185.0,31544.0,838190.0,1180720.0,733283.0,1236084.0,7526004.0,241308.0,248952.0,811163.0,196876.0,45261.0,7212903.0,93704.0,1225981.0,374158.0,8987273.0,1421391.0,1047233.0,219397.0,2.8,4092038.0,842707.0,204329.0,425832.0,1095922.0,54016.0,39688.0,39204.0,28548.0,4930228.0
2001-11-01,6038799.0,0.0,741235.0,358744.0,7755027.0,262325.0,29678.0,843948.0,1190248.0,735022.0,1230050.0,7492702.0,248160.0,250320.0,810775.0,196960.0,44002.0,7182323.0,93992.0,1234250.0,375548.0,8985078.0,1401739.0,1026191.0,216388.0,-0.4,4094872.0,840453.0,204858.0,427656.0,1099979.0,54304.0,39688.0,40164.0,26988.0,4938820.0
2001-12-01,6048399.0,0.1,744559.0,359611.0,7761452.0,286596.0,26443.0,847827.0,1202764.0,736606.0,1229244.0,7474856.0,250140.0,251544.0,813185.0,199324.0,42466.0,7166733.0,94280.0,1245230.0,377446.0,8990696.0,1387997.0,1010551.0,213844.0,-0.2,4096401.0,839628.0,206048.0,431928.0,1104170.0,54592.0,39688.0,42564.0,27264.0,4944228.0
2002-01-01,6048961.0,2.2,749786.0,360850.0,7931163.0,441564.0,21769.0,851550.0,1219014.0,741588.0,1084446.0,7489599.0,247220.0,252846.0,839926.0,206638.0,40649.0,7184624.0,94824.0,1259664.0,379925.0,9015609.0,1380236.0,1000312.0,210151.0,0.2,4086774.0,861695.0,206641.0,443007.0,1110637.0,54868.0,39956.0,40771.0,28532.0,4938325.0
2002-02-01,6053579.0,0.3,752866.0,361204.0,7957144.0,429020.0,17567.0,854814.0,1222122.0,742282.0,1074742.0,7528124.0,244348.0,254137.0,842811.0,207717.0,39022.0,7225161.0,95136.0,1261144.0,397302.0,9031886.0,1391763.0,994461.0,207827.0,0.5,4084694.0,860378.0,207304.0,445640.0,1114071.0,55180.0,39956.0,41795.0,28485.0,4939508.0
2002-03-01,6079656.0,0.3,757059.0,362817.0,7984403.0,440295.0,14540.0,859073.0,1221756.0,745453.0,1066286.0,7544108.0,243119.0,255416.0,842619.0,208589.0,37583.0,7243358.0,95424.0,1259338.0,398994.0,9050689.0,1391990.0,992996.0,205326.0,0.2,4100707.0,857159.0,207998.0,439967.0,1119876.0,55468.0,39956.0,45907.0,28757.0,4959780.0
2002-04-01,6102784.0,0.8,761187.0,364371.0,8044579.0,431884.0,12708.0,862838.0,1242780.0,748357.0,1055308.0,7612695.0,242826.0,256684.0,847938.0,209692.0,36331.0,7312466.0,95499.0,1279111.0,400974.0,9099888.0,1396896.0,995922.0,204730.0,0.9,4114389.0,860646.0,208808.0,445442.0,1125558.0,55712.0,39787.0,58957.0,29180.0,4977226.0
2002-05-01,6125598.0,0.5,764702.0,365723.0,8081995.0,495029.0,12881.0,868564.0,1248836.0,751020.0,1049027.0,7586965.0,243562.0,257941.0,850909.0,210225.0,35168.0,7288903.0,95787.0,1284004.0,402306.0,9131022.0,1399621.0,997315.0,202276.0,-0.3,4126609.0,863790.0,209028.0,445270.0,1130425.0,56000.0,39787.0,62766.0,29073.0,4995174.0
2002-06-01,6159037.0,0.4,768585.0,367899.0,8116177.0,497382.0,15113.0,873096.0,1249575.0,755145.0,1048629.0,7618795.0,245099.0,259186.0,853741.0,210298.0,34095.0,7322496.0,96063.0,1283671.0,402488.0,9164806.0,1399659.0,997171.0,200236.0,0.4,4149457.0,868854.0,208730.0,445750.0,1136484.0,56276.0,39787.0,59745.0,29498.0,5022553.0
2002-07-01,6139792.0,0.0,772681.0,366541.0,8113302.0,431161.0,19070.0,876041.0,1254124.0,752532.0,1044223.0,7682141.0,247917.0,260419.0,856076.0,211632.0,33109.0,7387293.0,96260.0,1287233.0,404454.0,9157525.0,1399945.0,995491.0,198588.0,0.8,4124530.0,875146.0,207940.0,446416.0,1139222.0,56492.0,39768.0,57903.0,29837.0,5000571.0
2002-08-01,6158128.0,0.2,777938.0,367472.0,8130788.0,424403.0,22071.0,880852.0,1259176.0,754318.0,1044541.0,7706386.0,251178.0,261641.0,850136.0,211891.0,32220.0,7412576.0,96560.0,1291397.0,403565.0,9175330.0,1400376.0,996811.0,197250.0,0.3,4131866.0,872207.0,207540.0,448329.0,1145410.0,56792.0,39768.0,56367.0,29770.0,5012718.0
2002-09-01,6172780.0,0.3,781176.0,368531.0,8153537.0,469021.0,24397.0,882444.0,1266348.0,756178.0,1043598.0,7684516.0,254077.0,262852.0,847262.0,213329.0,31427.0,7391538.0,96848.0,1297775.0,402414.0,9197135.0,1403547.0,1001134.0,196130.0,-0.3,4140629.0,871659.0,207552.0,449496.0,1149707.0,57080.0,39768.0,56523.0,30072.0,5023073.0
2002-10-01,6186533.0,0.4,793617.0,368704.0,8190034.0,459492.0,26323.0,885351.0,1269796.0,756482.0,1039533.0,7730542.0,258377.0,264051.0,852987.0,214790.0,30733.0,7435169.0,99216.0,1300529.0,403169.0,9229567.0,1411633.0,1008465.0,196157.0,0.6,4138860.0,879310.0,208044.0,446861.0,1162321.0,57264.0,41952.0,55377.0,30339.0,5024212.0
2002-11-01,6195345.0,0.4,797268.0,369099.0,8220576.0,462190.0,27935.0,888507.0,1274154.0,757213.0,1038259.0,7758385.0,260704.0,265239.0,856069.0,215237.0,30195.0,7463805.0,99528.0,1304348.0,408262.0,9258835.0,1422775.0,1014513.0,195052.0,0.4,4140470.0,884004.0,209576.0,450530.0,1166368.0,57576.0,41952.0,51986.0,30458.0,5028977.0
2002-12-01,6199187.0,0.4,801877.0,369305.0,8250756.0,437713.0,29285.0,891262.0,1284588.0,757384.0,1037540.0,7813043.0,261681.0,266416.0,857450.0,216125.0,29813.0,7519901.0,99804.0,1314401.0,413867.0,9288296.0,1433140.0,1019272.0,193338.0,0.7,4136743.0,886736.0,212217.0,456196.0,1171182.0,57852.0,41952.0,53665.0,30506.0,5028005.0
2003-01-01,6193002.0,0.2,807938.0,372682.0,8267990.0,435752.0,28821.0,895761.0,1290290.0,761125.0,1022116.0,7832238.0,261823.0,267581.0,852507.0,222532.0,29875.0,7541283.0,97642.0,1320166.0,417922.0,9290106.0,1440659.0,1022737.0,193313.0,0.2,4116620.0,881328.0,216076.0,456382.0,1180620.0,58020.0,39622.0,51099.0,30873.0,5012382.0
2003-02-01,6206542.0,0.1,811718.0,373537.0,8274656.0,433264.0,29403.0,901315.0,1293239.0,762524.0,1021546.0,7841392.0,260617.0,268860.0,842999.0,223970.0,29667.0,7548649.0,98159.0,1322906.0,414962.0,9296201.0,1437892.0,1022930.0,194584.0,0.1,4119973.0,872402.0,218982.0,457619.0,1185255.0,58537.0,39622.0,51132.0,31041.0,5021287.0
2003-03-01,6240047.0,0.5,817044.0,375654.0,8313443.0,407966.0,31380.0,906452.0,1300394.0,766321.0,1020384.0,7905477.0,259575.0,270253.0,843775.0,225466.0,29278.0,7611549.0,98589.0,1329672.0,414376.0,9333827.0,1434230.0,1019854.0,195339.0,0.8,4140896.0,875155.0,221045.0,460426.0,1192698.0,58967.0,39622.0,53131.0,31544.0,5047349.0
2003-04-01,6264690.0,0.4,821927.0,377112.0,8342894.0,413017.0,35144.0,909426.0,1304167.0,768947.0,1013464.0,7929877.0,258383.0,271761.0,846463.0,227674.0,28708.0,7634487.0,99584.0,1332875.0,410321.0,9356358.0,1423838.0,1013517.0,195806.0,0.3,4156226.0,881607.0,222294.0,460210.0,1199039.0,59274.0,40310.0,54813.0,31327.0,5065652.0
2003-05-01,6314718.0,0.6,826011.0,380284.0,8394808.0,448200.0,37656.0,911112.0,1312969.0,775039.0,1019616.0,7946608.0,258852.0,273382.0,857106.0,228988.0,28044.0,7650333.0,99995.0,1341013.0,406345.0,9414424.0,1415695.0,1009350.0,196280.0,0.2,4197310.0,894762.0,223274.0,465077.0,1206295.0,59685.0,40310.0,54839.0,31831.0,5108423.0
2003-06-01,6342475.0,0.4,830571.0,381899.0,8426003.0,429309.0,39178.0,915302.0,1320603.0,777830.0,1029304.0,7996694.0,263118.0,275118.0,861643.0,230350.0,27285.0,7699554.0,100427.0,1347889.0,410592.0,9455307.0,1417939.0,1007347.0,196713.0,0.6,4214703.0,900821.0,224013.0,463962.0,1212470.0,60117.0,40310.0,56082.0,31974.0,5130005.0
2003-07-01,6361088.0,1.5,835797.0,382963.0,8552251.0,500531.0,39844.0,918230.0,1328469.0,779927.0,939399.0,8051720.0,270748.0,276967.0,862455.0,231222.0,26432.0,7757004.0,98842.0,1354901.0,420903.0,9491649.0,1428406.0,1007503.0,195874.0,0.7,4224098.0,902299.0,224883.0,462756.0,1218760.0,60574.0,38268.0,54654.0,32121.0,5142328.0
2003-08-01,6394187.0,1.0,839632.0,385025.0,8640134.0,491859.0,39895.0,917474.0,1336590.0,783814.0,898637.0,8148276.0,272662.0,278931.0,864735.0,233443.0,25492.0,7852102.0,99353.0,1362082.0,429489.0,9538772.0,1434709.0,1005220.0,196820.0,1.2,4252056.0,904630.0,226979.0,466066.0,1224657.0,61085.0,38268.0,53552.0,31936.0,5169530.0
2003-09-01,6425800.0,-0.8,844376.0,387095.0,8568570.0,417352.0,39504.0,917549.0,1341526.0,787614.0,1013962.0,8151218.0,271549.0,281009.0,869349.0,236549.0,24466.0,7853674.0,99885.0,1365991.0,438323.0,9582532.0,1438827.0,1000504.0,197659.0,0.0,4276779.0,908853.0,230676.0,465472.0,1231472.0,61617.0,38268.0,54378.0,32569.0,5194328.0
2003-10-01,6471257.0,0.4,848633.0,389669.0,8602108.0,431409.0,38559.0,921975.0,1335378.0,792757.0,1018335.0,8170699.0,264781.0,283201.0,870260.0,236796.0,23352.0,7867359.0,106287.0,1358730.0,445339.0,9620443.0,1438700.0,993361.0,197053.0,0.2,4310980.0,908819.0,235694.0,465656.0,1238302.0,62148.0,44139.0,52830.0,32114.0,5232955.0
2003-11-01,6515936.0,0.7,852376.0,392566.0,8664905.0,437384.0,40597.0,924101.0,1336388.0,798209.0,1023312.0,8227520.0,263950.0,285507.0,873419.0,237883.0,22029.0,7922591.0,106879.0,1358417.0,476150.0,9688216.0,1458574.0,982423.0,198050.0,0.7,4346894.0,914016.0,239482.0,466177.0,1244942.0,62740.0,44139.0,50485.0,32386.0,5270995.0
2003-12-01,6513524.0,0.3,857489.0,392043.0,8690822.0,432667.0,45452.0,928723.0,1351924.0,797290.0,1022383.0,8258155.0,268254.0,287927.0,879970.0,239838.0,20496.0,7950409.0,107483.0,1372420.0,489653.0,9713205.0,1457365.0,967712.0,200263.0,0.4,4335269.0,925422.0,241763.0,472567.0,1249532.0,63344.0,44139.0,51102.0,32236.0,5263993.0
2004-01-01,6526546.0,0.3,863591.0,398100.0,8719687.0,404053.0,52691.0,932553.0,1366736.0,807725.0,1012156.0,8315634.0,277247.0,290462.0,880906.0,245772.0,18753.0,8007115.0,106783.0,1385488.0,502253.0,9731843.0,1451511.0,949259.0,201736.0,0.7,4332302.0,933598.0,242424.0,474177.0,1261691.0,64312.0,42471.0,46247.0,32831.0,5264855.0
2004-02-01,6533533.0,0.4,867623.0,398441.0,8753855.0,405070.0,57296.0,936163.0,1382280.0,808382.0,1011540.0,8348786.0,283895.0,292974.0,888424.0,247671.0,17377.0,8040409.0,107327.0,1399657.0,515890.0,9765396.0,1451810.0,935920.0,201049.0,0.4,4331306.0,945720.0,243057.0,482245.0,1266064.0,64856.0,42471.0,42038.0,33457.0,5267469.0
2004-03-01,6563845.0,0.6,872838.0,399948.0,8802751.0,397279.0,58851.0,940961.0,1389796.0,811455.0,1013080.0,8405473.0,289204.0,295465.0,901522.0,250480.0,16371.0,8098806.0,107846.0,1406166.0,525674.0,9815832.0,1453384.0,927710.0,198820.0,0.7,4350098.0,960373.0,243520.0,482632.0,1272786.0,65375.0,42471.0,38500.0,33514.0,5291059.0
2004-04-01,6610417.0,0.5,876754.0,402470.0,8849025.0,430654.0,57285.0,945683.0,1396192.0,816522.0,1016748.0,8418371.0,292972.0,297935.0,901052.0,251252.0,15732.0,8107245.0,110179.0,1411924.0,533255.0,9865773.0,1457883.0,924628.0,200946.0,0.2,4385510.0,958336.0,243734.0,484056.0,1279224.0,65896.0,44284.0,36272.0,33705.0,5331193.0
2004-05-01,6684169.0,0.8,881392.0,407342.0,8921988.0,431974.0,55388.0,948288.0,1401165.0,825845.0,1028059.0,8490014.0,293884.0,300383.0,908596.0,252611.0,15342.0,8176470.0,110650.0,1416507.0,544089.0,9950047.0,1467681.0,923592.0,202894.0,0.9,4447148.0,963983.0,243551.0,484832.0,1288733.0,66366.0,44284.0,35796.0,33659.0,5395436.0
2004-06-01,6710777.0,0.3,886620.0,408607.0,8952923.0,479688.0,53126.0,950815.0,1404344.0,828567.0,1035470.0,8473234.0,292254.0,302954.0,913664.0,254291.0,15201.0,8157607.0,111095.0,1419544.0,552278.0,9988392.0,1476880.0,924602.0,204532.0,-0.2,4464735.0,966790.0,242968.0,485506.0,1295227.0,66811.0,44284.0,35546.0,33792.0,5415550.0
2004-07-01,6769697.0,0.3,892369.0,412016.0,8981003.0,426182.0,50541.0,953349.0,1397547.0,835413.0,1051986.0,8554821.0,289005.0,305803.0,915969.0,254458.0,15308.0,8236938.0,112251.0,1412855.0,549384.0,10032989.0,1477042.0,927658.0,205632.0,1.0,4511964.0,966510.0,242298.0,479487.0,1304385.0,67264.0,44987.0,34963.0,33831.0,5465313.0
2004-08-01,6809288.0,0.4,896846.0,414357.0,9012879.0,420946.0,46201.0,956725.0,1415646.0,840023.0,1065291.0,8591933.0,287680.0,308462.0,917901.0,256948.0,15654.0,8271607.0,112647.0,1431300.0,539063.0,10078170.0,1471819.0,932756.0,207679.0,0.4,4541359.0,964102.0,241684.0,492835.0,1311203.0,67660.0,44987.0,34855.0,34865.0,5498084.0
2004-09-01,6832124.0,0.2,902019.0,415186.0,9034619.0,369849.0,44458.0,959805.0,1416227.0,842149.0,1075872.0,8664771.0,288088.0,311544.0,917526.0,261773.0,16239.0,8341461.0,113022.0,1432466.0,544749.0,10110491.0,1484647.0,939898.0,210287.0,0.8,4555115.0,961984.0,241418.0,486228.0,1317204.0,68035.0,44987.0,34171.0,34423.0,5514920.0
2004-10-01,6855460.0,0.5,906719.0,416243.0,9075758.0,352493.0,51114.0,963988.0,1420423.0,844518.0,1083555.0,8723265.0,291801.0,313272.0,920368.0,259258.0,17061.0,8397056.0,112497.0,1437484.0,545511.0,10159313.0,1494594.0,949083.0,213712.0,0.7,4568510.0,971481.0,244812.0,488195.0,1322963.0,68432.0,44066.0,33338.0,34558.0,5532498.0
2004-11-01,6854907.0,0.1,911792.0,415592.0,9081296.0,306353.0,51488.0,968613.0,1424878.0,843765.0,1090178.0,8774943.0,295432.0,315327.0,925331.0,257372.0,18291.0,8444456.0,112815.0,1443169.0,535846.0,10171474.0,1496933.0,961087.0,217671.0,0.6,4558911.0,976819.0,243410.0,488982.0,1327384.0,68750.0,44066.0,32876.0,34889.0,5527524.0
2004-12-01,6883091.0,3.7,918105.0,416721.0,9419767.0,580064.0,50248.0,971127.0,1438420.0,846516.0,1101004.0,8839703.0,296281.0,317732.0,934793.0,259870.0,19927.0,8504351.0,113098.0,1458347.0,824384.0,10520771.0,1800293.0,975909.0,222255.0,0.7,4577137.0,985041.0,240515.0,496963.0,1334826.0,69032.0,44066.0,32496.0,35078.0,5548265.0
2005-01-01,6908810.0,-3.6,925680.0,420644.0,9082195.0,247091.0,48426.0,975143.0,1453811.0,856618.0,1164808.0,8835103.0,298525.0,320764.0,908254.0,264905.0,22104.0,8497691.0,111289.0,1475915.0,533337.0,10247003.0,1526887.0,993550.0,226123.0,-0.1,4587343.0,956680.0,235328.0,501063.0,1346324.0,69997.0,41291.0,32676.0,35879.0,5562486.0
2005-02-01,6929061.0,0.3,930274.0,421281.0,9109452.0,210563.0,47061.0,977677.0,1467650.0,858486.0,1173295.0,8898890.0,300457.0,323206.0,908374.0,265910.0,23855.0,8559081.0,111551.0,1491505.0,520193.0,10282747.0,1532232.0,1012039.0,228258.0,0.7,4599829.0,955435.0,233000.0,510204.0,1351555.0,70260.0,41291.0,31924.0,35949.0,5577506.0
2005-03-01,6940927.0,0.7,935708.0,421340.0,9169210.0,230177.0,47377.0,980640.0,1471736.0,859175.0,1178727.0,8939033.0,305064.0,325551.0,911839.0,265257.0,25180.0,8598432.0,111826.0,1496916.0,545946.0,10347937.0,1577322.0,1031376.0,228775.0,0.5,4603239.0,959216.0,232732.0,508191.0,1357048.0,70535.0,41291.0,31635.0,36038.0,5583879.0
2005-04-01,6979160.0,0.6,939121.0,423387.0,9223703.0,195444.0,49821.0,983506.0,1484332.0,863509.0,1188425.0,9028259.0,311855.0,327115.0,905255.0,265543.0,26079.0,8678413.0,118529.0,1510411.0,545717.0,10412128.0,1597277.0,1051561.0,231317.0,1.0,4633145.0,955076.0,233713.0,513170.0,1362508.0,70863.0,47666.0,30894.0,35754.0,5616652.0
2005-05-01,7002548.0,0.5,942990.0,424438.0,9268626.0,243550.0,51188.0,986847.0,1486157.0,865937.0,1195508.0,9025076.0,311526.0,329146.0,910745.0,266360.0,26749.0,8671645.0,118820.0,1512907.0,552797.0,10464134.0,1620433.0,1067637.0,234611.0,0.0,4648273.0,961933.0,232250.0,511798.0,1367428.0,71153.0,47666.0,30948.0,36380.0,5635120.0
2005-06-01,7035036.0,0.3,947295.0,425988.0,9293068.0,181887.0,51907.0,988006.0,1487437.0,869397.0,1204946.0,9111181.0,308959.0,331199.0,922892.0,266126.0,27192.0,8753379.0,119111.0,1514629.0,535838.0,10498014.0,1615442.0,1079603.0,238691.0,1.0,4673747.0,974799.0,227505.0,513649.0,1373284.0,71445.0,47666.0,30945.0,36559.0,5661753.0
2005-07-01,7096431.0,0.5,950653.0,429652.0,9342122.0,128947.0,52159.0,992507.0,1482131.0,876688.0,1216159.0,9213175.0,302104.0,333107.0,930589.0,266537.0,27406.0,8853777.0,118974.0,1509537.0,539005.0,10558282.0,1626467.0,1087461.0,240424.0,1.1,4723619.0,982748.0,219787.0,513074.0,1380305.0,71769.0,47206.0,30944.0,36364.0,5716126.0
2005-08-01,7118768.0,0.6,953391.0,430698.0,9394828.0,183598.0,47489.0,995035.0,1507430.0,879074.0,1224734.0,9211230.0,299069.0,335146.0,938187.0,290582.0,27385.0,8850108.0,119272.0,1534815.0,546320.0,10619562.0,1645977.0,1099657.0,241850.0,0.0,4739645.0,985677.0,213399.0,515051.0,1384089.0,72066.0,47206.0,30879.0,36703.0,5734680.0
2005-09-01,7152739.0,0.6,956299.0,432445.0,9452175.0,189149.0,48924.0,998992.0,1513388.0,882838.0,1235547.0,9263026.0,299195.0,337148.0,946774.0,293596.0,27127.0,8900382.0,119571.0,1540516.0,557941.0,10687722.0,1674131.0,1116190.0,243072.0,0.6,4765003.0,995699.0,207476.0,514004.0,1388744.0,72366.0,47206.0,32829.0,36616.0,5763995.0
2005-10-01,7187675.0,0.7,957734.0,434715.0,9520047.0,216221.0,45844.0,1001524.0,1509894.0,887250.0,1247216.0,9303826.0,306670.0,339088.0,954010.0,278522.0,26634.0,8938497.0,122419.0,1536528.0,584906.0,10767263.0,1721968.0,1137061.0,242910.0,0.4,4793701.0,999854.0,208488.0,515389.0,1392449.0,72691.0,49728.0,33491.0,36735.0,5795225.0
2005-11-01,7208704.0,0.4,959708.0,435465.0,9559605.0,246265.0,43592.0,1005955.0,1514083.0,889243.0,1255797.0,9313340.0,306711.0,341039.0,964826.0,283048.0,25744.0,8946242.0,122738.0,1539827.0,593257.0,10815402.0,1741951.0,1148694.0,244360.0,0.1,4807577.0,1008417.0,205747.0,514404.0,1395173.0,73010.0,49728.0,32177.0,36703.0,5813531.0
2005-12-01,7233429.0,0.3,961145.0,436689.0,9588752.0,237244.0,41177.0,1010006.0,1512949.0,891949.0,1264311.0,9351509.0,302833.0,343013.0,972984.0,275426.0,24458.0,8981147.0,123073.0,1537407.0,605082.0,10853063.0,1756169.0,1151087.0,247289.0,0.4,4825589.0,1014162.0,203844.0,522745.0,1397834.0,73345.0,49728.0,31955.0,36977.0,5835595.0
2006-01-01,7334386.0,1.5,963931.0,441034.0,9732734.0,290913.0,37679.0,1010715.0,1568753.0,907256.0,1305889.0,9441821.0,294917.0,387538.0,1008923.0,278819.0,22777.0,9071617.0,116036.0,1591530.0,630216.0,11038623.0,1774458.0,1144243.0,254168.0,1.0,4918706.0,1046602.0,198904.0,538284.0,1404965.0,74335.0,41701.0,30848.0,38347.0,5929421.0
2006-02-01,7390168.0,0.5,964333.0,444348.0,9781204.0,310527.0,34743.0,1014611.0,1561673.0,914831.0,1321411.0,9470678.0,289562.0,389706.0,1014333.0,278580.0,21467.0,9095989.0,116054.0,1583140.0,649052.0,11102615.0,1801154.0,1152102.0,258635.0,0.3,4966876.0,1049076.0,193908.0,535121.0,1408681.0,74352.0,41701.0,30325.0,38379.0,5981487.0
2006-03-01,7414584.0,0.6,965798.0,445542.0,9837635.0,328172.0,33377.0,1018502.0,1569754.0,917528.0,1334142.0,9509463.0,289502.0,391422.0,1019451.0,280434.0,20528.0,9132854.0,116159.0,1590283.0,666229.0,11171777.0,1840896.0,1174666.0,260449.0,0.4,4984742.0,1052828.0,190715.0,540720.0,1411340.0,74458.0,41701.0,29794.0,37883.0,6003244.0
2006-04-01,7439844.0,0.4,967528.0,446727.0,9880677.0,303858.0,33770.0,1022481.0,1573283.0,920381.0,1348858.0,9576820.0,289735.0,393548.0,1017584.0,279891.0,19962.0,9191586.0,126581.0,1593244.0,666506.0,11229536.0,1878441.0,1211935.0,258653.0,0.7,5003108.0,1051354.0,187033.0,542049.0,1414255.0,74686.0,51895.0,29401.0,38658.0,6025589.0
2006-05-01,7411124.0,0.2,970067.0,444149.0,9900901.0,284387.0,33889.0,1025712.0,1583432.0,916036.0,1350219.0,9616513.0,294692.0,395570.0,1019253.0,282297.0,19602.0,9231759.0,126774.0,1603034.0,680434.0,11251120.0,1916285.0,1235851.0,257980.0,0.4,4971196.0,1053142.0,183571.0,542891.0,1414216.0,74880.0,51895.0,29384.0,38598.0,5996908.0
2006-06-01,7433114.0,0.4,972837.0,444889.0,9938059.0,293057.0,33821.0,1029191.0,1592793.0,917844.0,1354696.0,9645003.0,300316.0,397716.0,1017814.0,280306.0,19451.0,9259602.0,126970.0,1612243.0,687489.0,11292755.0,1933904.0,1246415.0,258431.0,0.3,4986198.0,1051635.0,179703.0,546041.0,1417725.0,75076.0,51895.0,29650.0,38763.0,6015388.0
2006-07-01,7463822.0,0.3,975185.0,446335.0,9967902.0,233732.0,33639.0,1035836.0,1603080.0,921168.0,1354181.0,9734170.0,308467.0,399877.0,1013961.0,280872.0,19506.0,9343801.0,125346.0,1622586.0,686580.0,11322083.0,1930206.0,1243626.0,265023.0,0.9,5006467.0,1047600.0,179036.0,544706.0,1421519.0,75309.0,50036.0,30485.0,38673.0,6042303.0
2006-08-01,7479650.0,0.2,978779.0,446470.0,9990882.0,251933.0,33435.0,1041632.0,1610732.0,921881.0,1355958.0,9738949.0,311261.0,402137.0,1016781.0,282454.0,19781.0,9342154.0,125564.0,1630514.0,690038.0,11346840.0,1930540.0,1240502.0,271231.0,0.0,5012768.0,1050216.0,177801.0,544830.0,1425249.0,75528.0,50036.0,30671.0,39379.0,6054401.0
2006-09-01,7518511.0,0.3,981404.0,448150.0,10018211.0,240026.0,33242.0,1048355.0,1611598.0,924840.0,1365705.0,9778185.0,306502.0,404413.0,1015192.0,282094.0,20276.0,9375362.0,125804.0,1631874.0,696361.0,11383916.0,1933403.0,1237042.0,277019.0,0.4,5040602.0,1048434.0,176535.0,548778.0,1429554.0,75767.0,50036.0,30508.0,39304.0,6088957.0
2006-10-01,7562054.0,0.2,984909.0,450278.0,10039872.0,237905.0,33021.0,1050709.0,1603496.0,930191.0,1377916.0,9801967.0,297382.0,406740.0,1019544.0,283713.0,20989.0,9393623.0,131008.0,1624486.0,703500.0,11417787.0,1936746.0,1233246.0,277336.0,0.2,5076158.0,1052565.0,172128.0,545677.0,1435186.0,76067.0,54941.0,30629.0,39356.0,6126868.0
2006-11-01,7614040.0,0.4,989647.0,452664.0,10084170.0,272912.0,34134.0,1055657.0,1607836.0,934820.0,1395132.0,9811257.0,298538.0,409106.0,1016841.0,283676.0,22030.0,9400206.0,131281.0,1629866.0,718164.0,11479301.0,1950269.0,1232104.0,279770.0,0.1,5116071.0,1050976.0,168970.0,545753.0,1442312.0,76341.0,54941.0,31227.0,39537.0,6171728.0
2006-12-01,7694819.0,0.8,993161.0,457086.0,10168160.0,263982.0,36857.0,1060889.0,1629917.0,943680.0,1419445.0,9904178.0,308326.0,411512.0,1019154.0,284733.0,23399.0,9488275.0,131569.0,1653317.0,728395.0,11587605.0,1962012.0,1233617.0,284335.0,0.9,5183682.0,1056011.0,165127.0,554298.0,1450247.0,76628.0,54941.0,31475.0,39574.0,6244571.0
2007-01-01,7759494.0,0.3,998928.0,457640.0,10200370.0,242088.0,41233.0,1066885.0,1668967.0,951107.0,1446751.0,9958281.0,327812.0,413957.0,978251.0,289489.0,25096.0,9538721.0,135783.0,1694063.0,726543.0,11647121.0,1964327.0,1237784.0,283778.0,0.5,5236040.0,1019484.0,160860.0,565076.0,1456569.0,77728.0,58054.0,32134.0,40499.0,6302925.0
2007-02-01,7814224.0,0.6,1002200.0,460294.0,10265767.0,282958.0,43323.0,1072442.0,1683387.0,956885.0,1468407.0,9982809.0,336109.0,416436.0,975794.0,289946.0,26593.0,9565960.0,136070.0,1709981.0,732810.0,11734174.0,1986728.0,1253917.0,280778.0,0.2,5279287.0,1019116.0,161010.0,567594.0,1462494.0,78016.0,58054.0,32747.0,40556.0,6351730.0
2007-03-01,7844244.0,0.7,1006503.0,461141.0,10336954.0,313431.0,42999.0,1075488.0,1688143.0,959084.0,1484475.0,10023523.0,333472.0,418948.0,970065.0,291131.0,27891.0,9611732.0,136344.0,1716034.0,759596.0,11821429.0,2041613.0,1282017.0,275447.0,0.4,5301111.0,1013065.0,165558.0,572162.0,1467644.0,78290.0,58054.0,31996.0,40435.0,6376599.0
2007-04-01,7840636.0,0.4,1010601.0,460247.0,10376468.0,309683.0,40314.0,1077367.0,1678979.0,957698.0,1491604.0,10066786.0,320238.0,421493.0,962581.0,292273.0,28989.0,9643571.0,137200.0,1707969.0,778639.0,11868073.0,2100722.0,1322083.0,286015.0,0.4,5292420.0,1002895.0,173549.0,570697.0,1470849.0,78581.0,58619.0,31980.0,42298.0,6369787.0
2007-05-01,7837271.0,0.3,1015679.0,459216.0,10412722.0,295024.0,38589.0,1080053.0,1680483.0,956177.0,1495998.0,10117699.0,312747.0,424072.0,959173.0,292638.0,30003.0,9685806.0,137455.0,1710486.0,792822.0,11908720.0,2139030.0,1346208.0,294437.0,0.5,5282323.0,997762.0,180348.0,577851.0,1474895.0,78836.0,58619.0,31567.0,41609.0,6362376.0
2007-06-01,7857568.0,0.2,1018859.0,459876.0,10429051.0,284130.0,37801.0,1084109.0,1681671.0,957881.0,1500197.0,10144921.0,311211.0,426684.0,957053.0,294003.0,30931.0,9706762.0,137705.0,1712602.0,780851.0,11929248.0,2135242.0,1354391.0,300453.0,0.3,5294724.0,994855.0,186862.0,576514.0,1478735.0,79086.0,58619.0,31940.0,41319.0,6378833.0
2007-07-01,7872827.0,0.3,1023841.0,460518.0,10456298.0,270984.0,37931.0,1087445.0,1688082.0,959460.0,1499413.0,10185314.0,315442.0,429329.0,955215.0,294774.0,31775.0,9751141.0,138852.0,1719857.0,792640.0,11955711.0,2139273.0,1346634.0,295321.0,0.4,5301023.0,993146.0,190068.0,573796.0,1484359.0,79364.0,59488.0,32840.0,41902.0,6388468.0
2007-08-01,7868074.0,0.1,1026393.0,459642.0,10467345.0,235342.0,38902.0,1093960.0,1699344.0,958212.0,1495737.0,10232003.0,319607.0,432008.0,946732.0,295497.0,32516.0,9798937.0,139087.0,1731860.0,797494.0,11963081.0,2142063.0,1344569.0,293979.0,0.5,5288079.0,985634.0,193663.0,577481.0,1486035.0,79599.0,59488.0,32899.0,41853.0,6382039.0
2007-09-01,7914715.0,0.5,1030041.0,462494.0,10524051.0,243169.0,40615.0,1099381.0,1713127.0,964033.0,1501407.0,10280882.0,323875.0,434720.0,941898.0,296563.0,33155.0,9845072.0,139308.0,1746282.0,800618.0,12025458.0,2148816.0,1348197.0,296502.0,0.5,5322799.0,982513.0,197166.0,583403.0,1492534.0,79820.0,59488.0,32759.0,41808.0,6422180.0
2007-10-01,7928365.0,0.2,1033971.0,463215.0,10547889.0,228007.0,42841.0,1102727.0,1717370.0,965799.0,1498951.0,10319881.0,328140.0,437465.0,934918.0,299623.0,33692.0,9882702.0,140657.0,1751063.0,798027.0,12046839.0,2155545.0,1357519.0,296523.0,0.4,5328452.0,977760.0,199906.0,576363.0,1497186.0,80054.0,60603.0,33176.0,42603.0,6431179.0
2007-11-01,7978729.0,0.4,1037742.0,466239.0,10594838.0,201824.0,45449.0,1108238.0,1724180.0,972121.0,1507973.0,10393014.0,330383.0,440244.0,932221.0,299739.0,34095.0,9955924.0,140871.0,1758275.0,794585.0,12102811.0,2153089.0,1358505.0,296218.0,0.7,5366510.0,977670.0,207168.0,577725.0,1503981.0,80269.0,60603.0,33670.0,42419.0,6474748.0
2007-12-01,8025554.0,0.7,1040211.0,469505.0,10663782.0,254435.0,47987.0,1114439.0,1744290.0,978464.0,1518957.0,10409347.0,331239.0,443056.0,932872.0,302892.0,34362.0,9972793.0,141092.0,1778652.0,806030.0,12182739.0,2157186.0,1351156.0,295462.0,0.2,5401398.0,980859.0,218952.0,589177.0,1509716.0,80489.0,60603.0,35175.0,42751.0,6515837.0
2008-01-01,8029839.0,0.4,1043020.0,467953.0,10705506.0,274143.0,48985.0,1119778.0,1758477.0,980271.0,1522285.0,10431363.0,330506.0,445901.0,921003.0,308598.0,34495.0,9996400.0,144025.0,1792971.0,844243.0,12227791.0,2179714.0,1335472.0,290938.0,0.2,5399088.0,969988.0,235550.0,593977.0,1510973.0,80361.0,63664.0,35589.0,43905.0,6518866.0
2008-02-01,8052068.0,0.2,1045920.0,469481.0,10731060.0,320078.0,48655.0,1125236.0,1764889.0,983546.0,1533866.0,10410982.0,331053.0,448749.0,912761.0,309998.0,34665.0,9981672.0,144219.0,1799554.0,862165.0,12264927.0,2185611.0,1323446.0,285092.0,-0.2,5411432.0,961415.0,249825.0,594541.0,1515401.0,80555.0,63664.0,36201.0,44347.0,6536668.0
2008-03-01,8082702.0,0.3,1048339.0,471715.0,10765417.0,307988.0,48000.0,1129410.0,1781342.0,988099.0,1549260.0,10457429.0,333227.0,451600.0,915477.0,312228.0,34873.0,10035263.0,144380.0,1816215.0,862933.0,12314677.0,2178011.0,1315078.0,277786.0,0.4,5433237.0,963477.0,262371.0,603461.0,1520054.0,80716.0,63664.0,37084.0,43742.0,6562648.0
2008-04-01,8050707.0,-0.2,1050373.0,469864.0,10745420.0,254372.0,47042.0,1132038.0,1811384.0,984869.0,1557184.0,10491049.0,336966.0,454453.0,922065.0,338423.0,35119.0,10070270.0,146117.0,1846502.0,838816.0,12302604.0,2149185.0,1310368.0,274662.0,0.3,5398433.0,969107.0,271973.0,599621.0,1520236.0,80886.0,65232.0,37557.0,44364.0,6530471.0
2008-05-01,8054870.0,5.4,1051927.0,470287.0,11322488.0,771050.0,44695.0,1135561.0,2384345.0,986119.0,1556791.0,10551438.0,339567.0,457309.0,922770.0,900312.0,35364.0,10132271.0,146223.0,2419709.0,826009.0,12879279.0,2142309.0,1316300.0,272944.0,0.6,5397095.0,967465.0,281045.0,604667.0,1522214.0,80991.0,65232.0,38114.0,44375.0,6532656.0
2008-06-01,8059067.0,-1.8,1053252.0,470976.0,11117603.0,511755.0,41262.0,1140390.0,2143339.0,987614.0,1543417.0,10605848.0,340948.0,460167.0,924779.0,653649.0,35609.0,10187065.0,146305.0,2178947.0,821836.0,12661020.0,2154708.0,1332873.0,272479.0,0.5,5394449.0,966040.0,289871.0,604289.0,1524228.0,81073.0,65232.0,38957.0,45329.0,6534839.0
2008-07-01,8057691.0,-1.1,1054157.0,471202.0,10999738.0,395859.0,36941.0,1146635.0,1988895.0,988301.0,1515090.0,10603880.0,341214.0,463028.0,911169.0,484873.0,35853.0,10185092.0,146716.0,2024749.0,815186.0,12514829.0,2175273.0,1360087.0,272072.0,0.0,5385697.0,948110.0,297307.0,608715.0,1525359.0,81162.0,65554.0,45236.0,45830.0,6532332.0
2008-08-01,8078464.0,-0.6,1054520.0,473000.0,10929492.0,334816.0,34016.0,1151200.0,1857664.0,991987.0,1496516.0,10594676.0,340923.0,465892.0,926216.0,334573.0,36105.0,10175729.0,146747.0,1893769.0,803520.0,12426008.0,2180460.0,1376940.0,272200.0,-0.1,5399745.0,960233.0,305069.0,608387.0,1527520.0,81194.0,65554.0,62904.0,44985.0,6550944.0
2008-09-01,8087005.0,0.3,1054595.0,474222.0,10964111.0,428287.0,32383.0,1155681.0,1869316.0,994350.0,1480881.0,10535824.0,340317.0,468758.0,930927.0,338461.0,36365.0,10116413.0,146754.0,1905680.0,786545.0,12444992.0,2169977.0,1383432.0,272656.0,-0.6,5402507.0,963310.0,313369.0,609502.0,1528817.0,81201.0,65554.0,66504.0,45775.0,6558188.0
2008-10-01,8110398.0,0.1,1054223.0,476227.0,10973697.0,533112.0,31928.0,1161511.0,1876095.0,998515.0,1472779.0,10440585.0,339061.0,471626.0,923356.0,345075.0,36632.0,10034123.0,141386.0,1912727.0,764811.0,12446476.0,2144374.0,1379563.0,265076.0,-0.9,5418437.0,955284.0,322208.0,609338.0,1530450.0,81221.0,60165.0,65148.0,45845.0,6579948.0
2008-11-01,8065845.0,-0.3,1053385.0,474273.0,10937500.0,653245.0,30953.0,1164575.0,1885350.0,994611.0,1449590.0,10284254.0,340776.0,474497.0,929039.0,346378.0,36907.0,9885231.0,141343.0,1922258.0,739203.0,12387090.0,2107175.0,1367972.0,257681.0,-1.5,5373612.0,959993.0,326430.0,611320.0,1527658.0,81178.0,60165.0,66563.0,45817.0,6538187.0
2008-12-01,7953249.0,-1.0,1052178.0,467671.0,10826120.0,632983.0,29448.0,1164200.0,1911089.0,982015.0,1412347.0,10193137.0,345434.0,477371.0,909781.0,339522.0,37191.0,9801472.0,141276.0,1948281.0,702776.0,12238467.0,2051435.0,1348660.0,250390.0,-0.9,5269200.0,939229.0,328288.0,618688.0,1519849.0,81110.0,60165.0,83917.0,46157.0,6433400.0
2009-01-01,7796812.0,0.6,1049804.0,459591.0,10891525.0,646619.0,25110.0,1162510.0,1977056.0,966837.0,1234109.0,10244906.0,353212.0,480247.0,909193.0,352905.0,37484.0,9847249.0,144857.0,2014540.0,699123.0,12125634.0,2020749.0,1321626.0,252800.0,0.5,5124908.0,934303.0,326067.0,648062.0,1509394.0,80671.0,64186.0,93010.0,49620.0,6287418.0
2009-02-01,7714970.0,-0.8,1048652.0,455012.0,10805417.0,581649.0,22916.0,1162303.0,1998798.0,957954.0,1202024.0,10223768.0,359130.0,482993.0,888399.0,355618.0,37772.0,9824478.0,144773.0,2036570.0,673263.0,12007441.0,1976474.0,1303211.0,254517.0,-0.2,5049003.0,911315.0,326066.0,651932.0,1503664.0,80586.0,64186.0,99967.0,49157.0,6211306.0
2009-03-01,7679341.0,-0.1,1047951.0,453379.0,10794317.0,620952.0,22431.0,1163580.0,2029949.0,954691.0,1170963.0,10173365.0,362980.0,485608.0,873366.0,364016.0,38056.0,9773181.0,144693.0,2068005.0,655971.0,11965280.0,1949384.0,1293414.0,255491.0,-0.5,5014431.0,895797.0,327445.0,655619.0,1501330.0,80507.0,64186.0,111680.0,50046.0,6178011.0
2009-04-01,7740885.0,0.8,1047718.0,457757.0,10877965.0,706007.0,23428.0,1174920.0,2068197.0,963166.0,1131459.0,10171958.0,365492.0,488092.0,874799.0,380953.0,38336.0,9772523.0,144615.0,2106533.0,604330.0,12009424.0,1896565.0,1292235.0,254820.0,0.0,5060490.0,898227.0,330379.0,661858.0,1505475.0,80352.0,64263.0,121769.0,50034.0,6235410.0
2009-05-01,7772327.0,1.6,1047894.0,460193.0,11048412.0,859020.0,24048.0,1175128.0,2235377.0,967728.0,1131214.0,10189393.0,368620.0,490445.0,876252.0,537936.0,38614.0,9791553.0,144540.0,2273990.0,578852.0,12179626.0,1865414.0,1286562.0,253299.0,0.2,5089113.0,900300.0,335322.0,657440.0,1508087.0,80277.0,64263.0,130736.0,50200.0,6264240.0
2009-06-01,7772662.0,-1.2,1048588.0,460266.0,10912305.0,664457.0,24530.0,1178087.0,2116452.0,967910.0,1130632.0,10247848.0,372702.0,492668.0,883045.0,393617.0,38889.0,9852431.0,144460.0,2155341.0,556853.0,12042936.0,1833250.0,1276396.0,250957.0,0.6,5085721.0,907574.0,342018.0,667969.0,1508854.0,80197.0,64263.0,138494.0,51002.0,6263808.0
2009-07-01,7746031.0,-0.4,1049780.0,458038.0,10864917.0,584880.0,24938.0,1178472.0,2118138.0,964142.0,1133512.0,10280037.0,377579.0,494760.0,888753.0,388784.0,39163.0,9886264.0,144036.0,2157301.0,533758.0,11998429.0,1795494.0,1261736.0,249737.0,0.3,5059741.0,913691.0,350055.0,665121.0,1507818.0,79969.0,64067.0,140550.0,51343.0,6238213.0
2009-08-01,7747489.0,0.1,1051320.0,457990.0,10875172.0,475684.0,26593.0,1180613.0,2126051.0,964037.0,1136024.0,10399488.0,379381.0,496721.0,909254.0,390387.0,39437.0,10004129.0,143963.0,2165488.0,517767.0,12011197.0,1770019.0,1252253.0,251395.0,1.2,5057566.0,935847.0,356390.0,662010.0,1509310.0,79897.0,64067.0,145510.0,52042.0,6238179.0
2009-09-01,7746062.0,0.5,1053348.0,457460.0,10924695.0,597022.0,29681.0,1177896.0,2166507.0,963261.0,1136373.0,10327673.0,377786.0,498551.0,925824.0,413630.0,39712.0,9927825.0,143901.0,2206218.0,507374.0,12061068.0,1755320.0,1247946.0,255947.0,-0.7,5057359.0,955505.0,361225.0,676665.0,1510808.0,79834.0,64067.0,147068.0,52807.0,6235255.0
2009-10-01,7773005.0,0.1,1055819.0,458214.0,10932542.0,556077.0,34482.0,1182166.0,2138427.0,965261.0,1136840.0,10376465.0,372983.0,500251.0,939803.0,394840.0,39987.0,9976733.0,144072.0,2178414.0,495559.0,12069381.0,1744373.0,1248815.0,255660.0,0.5,5076806.0,974285.0,364566.0,672979.0,1514033.0,79578.0,64494.0,144176.0,53197.0,6258972.0
2009-11-01,7808194.0,0.5,1058776.0,460106.0,10987887.0,605683.0,36777.0,1183987.0,2144731.0,968754.0,1141664.0,10382205.0,372153.0,501820.0,964326.0,398342.0,40248.0,9985676.0,143974.0,2184979.0,486130.0,12129551.0,1733194.0,1247064.0,252554.0,0.1,5105326.0,1001103.0,370834.0,671499.0,1518881.0,79480.0,64494.0,146338.0,54579.0,6289313.0
2009-12-01,7810454.0,0.5,1062093.0,459170.0,11044492.0,601203.0,36214.0,1183016.0,2173060.0,967522.0,1143720.0,10443289.0,373297.0,503258.0,993354.0,404380.0,40495.0,10052579.0,143832.0,2213555.0,478724.0,12188213.0,1721418.0,1242694.0,246878.0,0.6,5106175.0,1029568.0,380739.0,682485.0,1521263.0,79338.0,64494.0,155228.0,54411.0,6289191.0
2010-01-01,7778892.0,0.3,1066608.0,466124.0,11073653.0,624154.0,32725.0,1184328.0,2253479.0,977194.0,1194081.0,10449500.0,379813.0,504565.0,1018619.0,476616.0,40727.0,10056058.0,145001.0,2294206.0,490872.0,12267734.0,1726577.0,1235705.0,248441.0,0.1,5061832.0,1051344.0,393909.0,676198.0,1532732.0,79596.0,65404.0,161354.0,54932.0,6246160.0
2010-02-01,7744185.0,0.0,1070331.0,462662.0,11078966.0,591829.0,31061.0,1184922.0,2261786.0,970920.0,1188636.0,10487137.0,382905.0,505941.0,1022358.0,478910.0,41014.0,10093426.0,144944.0,2302800.0,501659.0,12267602.0,1732687.0,1231028.0,248767.0,0.4,5026270.0,1053419.0,405430.0,678622.0,1532994.0,79539.0,65404.0,158733.0,56676.0,6211191.0
2010-03-01,7779805.0,0.5,1073877.0,463541.0,11138214.0,589554.0,31078.0,1188014.0,2271342.0,972743.0,1192670.0,10548660.0,383508.0,507386.0,1035534.0,484612.0,41354.0,10155982.0,144874.0,2312696.0,500547.0,12330883.0,1729212.0,1228665.0,247803.0,0.6,5054372.0,1066611.0,415302.0,681741.0,1537418.0,79470.0,65404.0,157917.0,56177.0,6242387.0
2010-04-01,7860184.0,0.9,1077267.0,467330.0,11240656.0,670401.0,32774.0,1190428.0,2268540.0,980323.0,1201107.0,10570255.0,382253.0,508899.0,1056631.0,483556.0,41749.0,10182287.0,143587.0,2310289.0,510882.0,12441763.0,1739496.0,1228614.0,244381.0,0.2,5125159.0,1089405.0,422712.0,688850.0,1544597.0,79315.0,64272.0,148669.0,56314.0,6315587.0
2010-05-01,7935614.0,0.8,1080440.0,471166.0,11328412.0,730482.0,34657.0,1201465.0,2269197.0,987619.0,1215254.0,10597931.0,384542.0,510481.0,1074756.0,484134.0,42402.0,10210816.0,143540.0,2311599.0,521777.0,12543666.0,1745297.0,1223520.0,243575.0,0.3,5182543.0,1109413.0,429361.0,689858.0,1551606.0,79268.0,64272.0,142625.0,57556.0,6384008.0
2010-06-01,7936101.0,0.0,1083470.0,470142.0,11327322.0,707334.0,36789.0,1197893.0,2268296.0,985615.0,1223368.0,10619988.0,390325.0,512131.0,1074784.0,486902.0,43098.0,10231332.0,143526.0,2311394.0,529301.0,12550689.0,1742685.0,1213383.0,245130.0,0.2,5184597.0,1111573.0,434552.0,689044.0,1553611.0,79254.0,64272.0,132293.0,57601.0,6382490.0
2010-07-01,7967327.0,0.2,1086290.0,470792.0,11345863.0,690413.0,39200.0,1194964.0,2270972.0,987278.0,1242787.0,10655450.0,399647.0,513850.0,1083713.0,484582.0,43745.0,10268126.0,144695.0,2314718.0,534306.0,12588650.0,1732509.0,1198203.0,242629.0,0.3,5215282.0,1122913.0,438461.0,693365.0,1557081.0,79262.0,65433.0,121341.0,58188.0,6410246.0
2010-08-01,7988113.0,0.4,1088926.0,471352.0,11395080.0,703423.0,41006.0,1191874.0,2302967.0,988230.0,1257774.0,10691657.0,406498.0,515637.0,1089777.0,490049.0,44108.0,10307070.0,144713.0,2347075.0,542803.0,12652854.0,1732548.0,1189745.0,239874.0,0.3,5235962.0,1130783.0,442566.0,690701.0,1560277.0,79280.0,65433.0,141093.0,58989.0,6427836.0
2010-09-01,7991261.0,0.1,1091442.0,470311.0,11405033.0,696357.0,42170.0,1186919.0,2302199.0,986675.0,1268351.0,10708676.0,410617.0,517493.0,1091106.0,487240.0,44407.0,10327066.0,144731.0,2346607.0,554125.0,12673385.0,1742135.0,1188010.0,236880.0,0.2,5242589.0,1133276.0,446781.0,696715.0,1561753.0,79298.0,65433.0,130691.0,59444.0,6429508.0
2010-10-01,8023452.0,0.3,1093777.0,471413.0,11443813.0,673799.0,42609.0,1190462.0,2299076.0,988997.0,1279836.0,10770013.0,412212.0,519418.0,1093000.0,484524.0,47298.0,10386366.0,146621.0,2346374.0,563780.0,12723648.0,1756778.0,1192998.0,237026.0,0.6,5267800.0,1135609.0,450432.0,696405.0,1565190.0,79372.0,67249.0,127144.0,59374.0,6458262.0
2010-11-01,8028304.0,0.3,1095928.0,470794.0,11478100.0,660861.0,46344.0,1191207.0,2301005.0,987906.0,1287427.0,10817239.0,413958.0,521411.0,1096080.0,485716.0,47222.0,10433573.0,146738.0,2348227.0,578845.0,12765527.0,1777286.0,1198441.0,236928.0,0.4,5270374.0,1142424.0,457192.0,695493.0,1566722.0,79489.0,67249.0,124150.0,60277.0,6461582.0
2010-12-01,8071194.0,0.8,1097953.0,472373.0,11572978.0,718488.0,53940.0,1191610.0,2308075.0,991464.0,1300155.0,10854491.0,416134.0,523472.0,1101330.0,483097.0,47771.0,10470972.0,146955.0,2355846.0,610599.0,12873134.0,1814939.0,1204340.0,236564.0,0.3,5309258.0,1155271.0,467348.0,705091.0,1570326.0,79706.0,67249.0,120269.0,60012.0,6500868.0
2011-01-01,8142937.0,0.8,1100333.0,489435.0,11662279.0,767955.0,64933.0,1192514.0,2314009.0,909231.0,1418421.0,10894324.0,419358.0,525603.0,1103567.0,484806.0,48853.0,10514256.0,147357.0,2362862.0,624366.0,13080700.0,1835061.0,1210694.0,232712.0,0.4,5360655.0,1168500.0,480572.0,702887.0,1589768.0,80134.0,67223.0,120172.0,61183.0,6553169.0
2011-02-01,8180140.0,0.6,1102074.0,491477.0,11728241.0,808771.0,69045.0,1192509.0,2310671.0,913026.0,1427357.0,10919470.0,419304.0,527661.0,1115231.0,485494.0,48252.0,10540610.0,147635.0,2358923.0,639328.0,13155599.0,1855024.0,1215696.0,231225.0,0.2,5394080.0,1184276.0,490261.0,701632.0,1593551.0,80411.0,67223.0,115197.0,61383.0,6586589.0
2011-03-01,8187181.0,0.1,1103672.0,491430.0,11744258.0,744401.0,66839.0,1194172.0,2314462.0,913192.0,1433930.0,10999856.0,417806.0,529648.0,1124005.0,485201.0,49159.0,10619719.0,147958.0,2363621.0,633843.0,13178188.0,1853189.0,1219346.0,232179.0,0.7,5397907.0,1190843.0,496545.0,704909.0,1595102.0,80735.0,67223.0,114597.0,62300.0,6592080.0
2011-04-01,8191120.0,0.3,1105151.0,491049.0,11774200.0,738942.0,61185.0,1197095.0,2316367.0,913012.0,1438584.0,11035259.0,414115.0,531563.0,1138571.0,484792.0,49499.0,10652081.0,149686.0,2365866.0,648528.0,13212784.0,1870171.0,1221642.0,233492.0,0.3,5397825.0,1199756.0,498883.0,712800.0,1596201.0,81080.0,68606.0,110420.0,62677.0,6594919.0
2011-05-01,8196789.0,0.2,1106473.0,491392.0,11795159.0,740971.0,59238.0,1198054.0,2312934.0,913649.0,1443951.0,11054188.0,409902.0,533406.0,1149245.0,486860.0,49543.0,10672199.0,150064.0,2362476.0,664875.0,13239110.0,1883595.0,1218720.0,231925.0,0.2,5400871.0,1208482.0,501416.0,711637.0,1597864.0,81458.0,68606.0,109770.0,61358.0,6598925.0
2011-06-01,8231424.0,0.4,1107641.0,492935.0,11840697.0,767939.0,61652.0,1202472.0,2307044.0,916809.0,1455052.0,11072757.0,404936.0,535177.0,1165715.0,484479.0,49417.0,10694775.0,150451.0,2356461.0,682970.0,13295749.0,1893548.0,1210578.0,227532.0,0.2,5428376.0,1227367.0,503758.0,711681.0,1600576.0,81844.0,68606.0,107642.0,63129.0,6630848.0
2011-07-01,8302154.0,0.6,1108686.0,497509.0,11906144.0,796889.0,64989.0,1200039.0,2302700.0,924683.0,1469642.0,11109255.0,399741.0,536877.0,1174830.0,483900.0,49524.0,10731621.0,150997.0,2352223.0,703573.0,13375786.0,1900790.0,1197217.0,226637.0,0.3,5495921.0,1239818.0,505484.0,714809.0,1606194.0,82263.0,68733.0,103657.0,63715.0,6695959.0
2011-08-01,8286448.0,0.2,1109515.0,496282.0,11928602.0,798929.0,66956.0,1198484.0,2303528.0,922859.0,1471740.0,11129673.0,395642.0,538505.0,1196121.0,485077.0,48890.0,10750276.0,151406.0,2352417.0,717889.0,13400342.0,1911918.0,1194029.0,227991.0,0.2,5482167.0,1263077.0,509341.0,715709.0,1605797.0,82672.0,68733.0,103937.0,64657.0,6680650.0
2011-09-01,8273264.0,0.0,1110175.0,494856.0,11928631.0,761929.0,62946.0,1194373.0,2303237.0,921088.0,1472902.0,11166701.0,393713.0,540061.0,1190474.0,485309.0,48359.0,10783189.0,151852.0,2351596.0,727971.0,13401533.0,1928985.0,1201014.0,231660.0,0.3,5473860.0,1253421.0,515354.0,717544.0,1605031.0,83119.0,68733.0,101248.0,65363.0,6668234.0
2011-10-01,8232555.0,0.1,1110758.0,492071.0,11938443.0,750373.0,62085.0,1190250.0,2306157.0,916684.0,1467997.0,11188070.0,397779.0,541546.0,1195317.0,483485.0,48041.0,10802881.0,153526.0,2354198.0,738579.0,13406440.0,1956752.0,1218172.0,231663.0,0.2,5439475.0,1257401.0,522218.0,718032.0,1602829.0,83591.0,69934.0,100771.0,64545.0,6629726.0
2011-11-01,8206073.0,0.1,1111156.0,489929.0,11954381.0,764652.0,62625.0,1188146.0,2309334.0,913611.0,1465348.0,11189729.0,399853.0,542958.0,1200939.0,483792.0,47152.0,10806828.0,154022.0,2356485.0,745659.0,13419730.0,1980454.0,1234795.0,228879.0,0.0,5416842.0,1263563.0,526765.0,718807.0,1601084.0,84088.0,69934.0,99642.0,64281.0,6604988.0
2011-12-01,8284010.0,1.0,1111373.0,494540.0,12069520.0,873648.0,64669.0,1190106.0,2321226.0,921968.0,1479367.0,11195872.0,400121.0,544299.0,1218860.0,484606.0,45867.0,10817849.0,154578.0,2367093.0,757447.0,13548888.0,2008329.0,1250882.0,223445.0,0.1,5487991.0,1283529.0,527896.0,728679.0,1605913.0,84644.0,69934.0,98906.0,64615.0,6678096.0
2012-01-01,8396627.0,0.9,1111158.0,504500.0,12175573.0,900971.0,61553.0,1196399.0,2289830.0,933918.0,1456010.0,11274602.0,396671.0,545568.0,1227253.0,434209.0,44598.0,10896780.0,154201.0,2334428.0,752863.0,13631583.0,2019296.0,1266433.0,223621.0,0.7,5584570.0,1288806.0,526344.0,749191.0,1615658.0,84696.0,69505.0,97840.0,66351.0,6780970.0
2012-02-01,8469407.0,0.7,1111882.0,508914.0,12261168.0,892064.0,59098.0,1199521.0,2293216.0,941780.0,1469913.0,11369104.0,399053.0,546929.0,1243796.0,434253.0,43479.0,10987216.0,154715.0,2336695.0,755235.0,13731081.0,2037561.0,1282327.0,227172.0,0.8,5649090.0,1302894.0,526303.0,752186.0,1620796.0,85210.0,69505.0,94282.0,66513.0,6848611.0
2012-03-01,8503163.0,0.5,1113200.0,510690.0,12319433.0,935919.0,57770.0,1200044.0,2307472.0,945235.0,1479049.0,11383514.0,406189.0,548383.0,1243579.0,434159.0,42510.0,10993908.0,155176.0,2349981.0,762983.0,13798482.0,2061545.0,1298561.0,234430.0,0.1,5679228.0,1301349.0,527680.0,758258.0,1623890.0,85671.0,69505.0,91777.0,68705.0,6879273.0
2012-04-01,8517579.0,0.5,1115102.0,511475.0,12382851.0,975665.0,59368.0,1197028.0,2317097.0,946788.0,1485267.0,11407187.0,417520.0,549929.0,1255131.0,434189.0,41690.0,11018538.0,155527.0,2358787.0,778483.0,13868118.0,2093620.0,1315138.0,233121.0,0.2,5693974.0,1314499.0,530421.0,756791.0,1626577.0,86043.0,69485.0,89917.0,68751.0,6891002.0
2012-05-01,8488512.0,-0.1,1117600.0,508984.0,12365123.0,972647.0,59651.0,1194786.0,2320763.0,943073.0,1485216.0,11392476.0,423523.0,551567.0,1250181.0,433844.0,40940.0,11006796.0,155829.0,2361703.0,789427.0,13850339.0,2100715.0,1311288.0,229851.0,-0.1,5667142.0,1309833.0,532650.0,756816.0,1626583.0,86344.0,69485.0,85738.0,69275.0,6861928.0
2012-06-01,8505239.0,-0.2,1120684.0,509533.0,12344556.0,973895.0,58573.0,1195567.0,2327674.0,944364.0,1492565.0,11370662.0,423911.0,553297.0,1243070.0,433655.0,40259.0,10989830.0,156086.0,2367933.0,785335.0,13837122.0,2072349.0,1287014.0,224746.0,-0.2,5679457.0,1301643.0,534321.0,764622.0,1630216.0,86601.0,69485.0,83108.0,69081.0,6875023.0
2012-07-01,8495988.0,-0.7,1124357.0,508544.0,12257144.0,860876.0,58651.0,1195003.0,2322871.0,942889.0,1495804.0,11396268.0,418891.0,555119.0,1228827.0,434836.0,39647.0,11016846.0,151984.0,2362518.0,772057.0,13752948.0,2014371.0,1242314.0,227438.0,0.2,5668085.0,1287478.0,535481.0,762100.0,1632901.0,86775.0,65209.0,81112.0,70813.0,6863088.0
2012-08-01,8524954.0,0.0,1128624.0,509719.0,12262130.0,823653.0,60343.0,1196585.0,2318483.0,945237.0,1506369.0,11438477.0,417671.0,557034.0,1223110.0,434130.0,39120.0,11056012.0,152093.0,2357603.0,787875.0,13768499.0,2011517.0,1223642.0,230372.0,0.4,5690027.0,1283452.0,536210.0,759594.0,1638342.0,86884.0,65209.0,78159.0,71895.0,6886612.0
2012-09-01,8617312.0,1.0,1133484.0,515369.0,12386257.0,895202.0,64088.0,1198904.0,2335381.0,954815.0,1527839.0,11491056.0,420430.0,559040.0,1225359.0,434936.0,38677.0,11105323.0,152149.0,2374058.0,820545.0,13914096.0,2051543.0,1230998.0,233584.0,0.5,5769555.0,1289447.0,536552.0,773678.0,1648852.0,86940.0,65209.0,76063.0,71233.0,6968459.0
2012-10-01,8659750.0,1.0,1138892.0,517619.0,12507583.0,980739.0,65982.0,1200565.0,2334570.0,958707.0,1541649.0,11526844.0,427007.0,561139.0,1233763.0,435705.0,38320.0,11137427.0,156690.0,2372890.0,873271.0,14049232.0,2137652.0,1264381.0,232726.0,0.3,5802674.0,1299745.0,537903.0,763089.0,1656510.0,86942.0,69748.0,75354.0,72276.0,7003239.0
2012-11-01,8760674.0,1.3,1144891.0,523638.0,12664352.0,1098657.0,65178.0,1201581.0,2344333.0,968974.0,1566304.0,11565696.0,430010.0,563331.0,1248387.0,434433.0,38054.0,11178433.0,156587.0,2382387.0,926189.0,14230657.0,2201628.0,1275439.0,230675.0,0.3,5890565.0,1313566.0,541375.0,767864.0,1668529.0,86839.0,69748.0,75926.0,72770.0,7092146.0
2012-12-01,8869146.0,2.4,1151470.0,530534.0,12973194.0,1408022.0,61502.0,1203726.0,2359338.0,980533.0,1608184.0,11565173.0,429591.0,565614.0,1244853.0,434852.0,37879.0,11181248.0,156403.0,2397217.0,1176636.0,14581378.0,2440808.0,1264172.0,227521.0,0.0,5983416.0,1306355.0,548385.0,781480.0,1682004.0,86655.0,69748.0,74103.0,73697.0,7187142.0
2013-01-01,8730782.0,-5.7,1159583.0,520341.0,12238366.0,601899.0,75077.0,1204983.0,2359878.0,1089701.0,1642006.0,11636468.0,424687.0,567965.0,1243379.0,435694.0,37827.0,11252374.0,156441.0,2397705.0,736676.0,13880373.0,1967254.0,1230578.0,227653.0,0.6,5845874.0,1318456.0,555877.0,784728.0,1679924.0,86830.0,69611.0,70546.0,76259.0,7050857.0
2013-02-01,8729455.0,0.1,1168685.0,520141.0,12251695.0,575556.0,91762.0,1207082.0,2363922.0,1090255.0,1650343.0,11676139.0,423429.0,570313.0,1247524.0,434947.0,37791.0,11290497.0,156307.0,2401712.0,751532.0,13902038.0,1958991.0,1207459.0,229335.0,0.3,5833546.0,1339286.0,562849.0,789384.0,1688827.0,86696.0,69611.0,68790.0,77059.0,7040628.0
2013-03-01,8737520.0,0.2,1176784.0,520663.0,12272068.0,592585.0,112459.0,1207082.0,2373239.0,1091970.0,1660181.0,11679484.0,426151.0,572640.0,1248714.0,434855.0,37791.0,11290121.0,156201.0,2411030.0,751568.0,13932249.0,1946381.0,1194813.0,233162.0,0.0,5832991.0,1361173.0,568114.0,795864.0,1697447.0,86590.0,69611.0,67689.0,76040.0,7040073.0
2013-04-01,8780993.0,0.2,1184352.0,523590.0,12298907.0,627646.0,108465.0,1206907.0,2362646.0,1098028.0,1675954.0,11671261.0,433044.0,564864.0,1263510.0,435197.0,37830.0,11281071.0,157562.0,2400477.0,755480.0,13974861.0,1948121.0,1192641.0,232628.0,-0.1,5866144.0,1371976.0,571322.0,786240.0,1707942.0,86464.0,71098.0,66225.0,77076.0,7073052.0
2013-05-01,8825265.0,0.5,1190927.0,526307.0,12365939.0,656979.0,96649.0,1206520.0,2381653.0,1103826.0,1686588.0,11708960.0,438815.0,567113.0,1273578.0,434083.0,37920.0,11321560.0,157539.0,2419573.0,772455.0,14052527.0,1964774.0,1192320.0,229861.0,0.3,5901511.0,1370227.0,576514.0,797748.0,1717234.0,86441.0,71098.0,64894.0,78999.0,7108030.0
2013-06-01,8852400.0,0.2,1196797.0,527825.0,12394805.0,667812.0,79974.0,1206832.0,2390530.0,1107314.0,1689044.0,11726994.0,443409.0,569345.0,1270240.0,433766.0,38062.0,11344413.0,157593.0,2428592.0,785063.0,14083850.0,1978911.0,1193848.0,224988.0,0.2,5920947.0,1350215.0,581048.0,801732.0,1724622.0,86495.0,71098.0,63190.0,79087.0,7127778.0
2013-07-01,8821359.0,0.0,1201818.0,525636.0,12396975.0,640705.0,81701.0,1200322.0,2390351.0,1103490.0,1674983.0,11756270.0,446724.0,571557.0,1270113.0,432487.0,38255.0,11372550.0,157297.0,2428606.0,789797.0,14071958.0,1987023.0,1197226.0,226423.0,0.2,5893583.0,1351814.0,586646.0,799236.0,1727454.0,86652.0,70645.0,61272.0,79074.0,7093905.0
2013-08-01,8846437.0,0.4,1206127.0,526765.0,12441943.0,648956.0,83449.0,1202904.0,2397392.0,1106249.0,1675345.0,11792986.0,448641.0,573751.0,1270882.0,431971.0,38493.0,11406597.0,157513.0,2435885.0,798119.0,14117287.0,1997582.0,1199462.0,228876.0,0.3,5910641.0,1354331.0,589302.0,803928.0,1732892.0,86868.0,70645.0,58859.0,80241.0,7113545.0
2013-09-01,8868885.0,0.5,1209643.0,528102.0,12503000.0,666841.0,114495.0,1211317.0,2400321.0,1109024.0,1678669.0,11836160.0,449115.0,575927.0,1268731.0,432209.0,38774.0,11445929.0,157800.0,2439095.0,809039.0,14181669.0,2009598.0,1200559.0,232431.0,0.4,5919823.0,1383226.0,589890.0,803844.0,1737745.0,87155.0,70645.0,57123.0,82103.0,7131140.0
2013-10-01,8887282.0,-0.3,1212278.0,528910.0,12468646.0,580568.0,74463.0,1211745.0,2399591.0,1110882.0,1683657.0,11888078.0,448031.0,578083.0,1270108.0,431598.0,39100.0,11498041.0,159351.0,2438692.0,805134.0,14152303.0,2005648.0,1200514.0,230686.0,0.4,5934349.0,1344570.0,586993.0,803388.0,1741188.0,87501.0,71850.0,57161.0,81330.0,7146093.0
2013-11-01,8946247.0,0.3,1214314.0,532255.0,12510634.0,558980.0,67848.0,1214395.0,2401430.0,1117598.0,1699005.0,11951654.0,448165.0,580222.0,1273049.0,426678.0,39486.0,11562480.0,159773.0,2440916.0,809734.0,14209640.0,2012411.0,1202677.0,229401.0,0.5,5985282.0,1340897.0,586766.0,809376.0,1746570.0,87924.0,71850.0,56181.0,80808.0,7199678.0
2013-12-01,8993843.0,0.3,1215506.0,535185.0,12551845.0,569836.0,64045.0,1215982.0,2409965.0,1123093.0,1714646.0,11982010.0,449589.0,582341.0,1270650.0,426294.0,39933.0,11593168.0,160272.0,2449899.0,815180.0,14266491.0,2022230.0,1207049.0,228570.0,0.3,6027170.0,1334695.0,588917.0,813060.0,1750691.0,88423.0,71850.0,58058.0,80623.0,7243153.0
2014-01-01,9062415.0,0.7,1215522.0,536559.0,12636223.0,661214.0,67094.0,1218833.0,2420573.0,1134109.0,1732960.0,11975009.0,453797.0,584916.0,1283196.0,436963.0,40395.0,11578798.0,163315.0,2460968.0,823315.0,14369183.0,2036945.0,1213630.0,232895.0,-0.1,6091501.0,1350290.0,592673.0,822819.0,1752081.0,89106.0,74209.0,41234.0,80843.0,7310334.0
2014-02-01,9116577.0,0.6,1215812.0,539720.0,12708467.0,670488.0,67415.0,1222019.0,2431221.0,1140235.0,1747907.0,12037978.0,459147.0,587530.0,1280086.0,440854.0,40855.0,11636889.0,163864.0,2472076.0,843978.0,14456374.0,2065293.0,1221315.0,237225.0,0.5,6139026.0,1347501.0,595162.0,824001.0,1755532.0,89655.0,74209.0,38259.0,81429.0,7361045.0
2014-03-01,9163722.0,0.7,1217017.0,542213.0,12798518.0,671896.0,65389.0,1224769.0,2447925.0,1144987.0,1756513.0,12126622.0,465463.0,590183.0,1285157.0,445153.0,41311.0,11722315.0,164398.0,2489236.0,869376.0,14555031.0,2099483.0,1230106.0,239908.0,0.7,6179723.0,1350546.0,597031.0,827655.0,1759230.0,90189.0,74209.0,37517.0,81953.0,7404492.0
2014-04-01,9159878.0,0.6,1219051.0,541447.0,12869983.0,701164.0,72739.0,1227640.0,2465502.0,1143676.0,1754502.0,12168819.0,472795.0,592874.0,1293410.0,450508.0,41765.0,11762305.0,166024.0,2507267.0,896534.0,14624484.0,2136536.0,1240003.0,240490.0,0.3,6171740.0,1366149.0,598330.0,829927.0,1760498.0,90720.0,75304.0,36576.0,82820.0,7399380.0
2014-05-01,9166263.0,0.5,1221105.0,541231.0,12932603.0,718671.0,79742.0,1229256.0,2487347.0,1143566.0,1756854.0,12213932.0,481203.0,595605.0,1296843.0,459496.0,42221.0,11807312.0,166543.0,2529568.0,912357.0,14689457.0,2161409.0,1249053.0,240076.0,0.4,6174671.0,1376585.0,599197.0,831898.0,1762336.0,91239.0,75304.0,35699.0,83446.0,7403927.0
2014-06-01,9191199.0,0.5,1223721.0,542647.0,12993003.0,725479.0,86718.0,1234844.0,2500776.0,1146257.0,1767143.0,12267524.0,490515.0,598375.0,1300774.0,459976.0,42679.0,11861735.0,167062.0,2543456.0,927281.0,14760146.0,2184537.0,1257256.0,238727.0,0.4,6189988.0,1387491.0,599720.0,833166.0,1766368.0,91758.0,75304.0,35114.0,83631.0,7424832.0
2014-07-01,9228898.0,0.3,1226477.0,544700.0,13037195.0,723000.0,74610.0,1238672.0,2513367.0,1150361.0,1783940.0,12314195.0,500942.0,601183.0,1313998.0,458074.0,43140.0,11904353.0,169482.0,2556507.0,933232.0,14821135.0,2197845.0,1264613.0,240359.0,0.4,6219049.0,1388608.0,599638.0,834225.0,1771177.0,92253.0,77230.0,34440.0,84503.0,7457721.0
2014-08-01,9285593.0,0.4,1229690.0,547774.0,13093169.0,695755.0,64212.0,1240243.0,2525620.0,1156418.0,1801071.0,12397415.0,508218.0,604031.0,1318295.0,458070.0,43608.0,11983661.0,169984.0,2569228.0,939754.0,14894240.0,2212695.0,1272941.0,243769.0,0.7,6267887.0,1382507.0,600635.0,836130.0,1777464.0,92754.0,77230.0,34061.0,85110.0,7508130.0
2014-09-01,9327348.0,0.3,1233568.0,550583.0,13136986.0,726081.0,54955.0,1245437.0,2534814.0,1161605.0,1814262.0,12410905.0,512346.0,606918.0,1319725.0,457518.0,44081.0,11991354.0,170445.0,2578895.0,949087.0,14951248.0,2231327.0,1282240.0,249107.0,0.1,6297760.0,1374680.0,600603.0,839079.0,1784151.0,93215.0,77230.0,33609.0,85344.0,7543196.0
2014-10-01,9375257.0,0.4,1237610.0,553247.0,13195887.0,707105.0,58901.0,1249833.0,2542630.0,1167108.0,1826821.0,12488782.0,513635.0,609843.0,1313736.0,458654.0,44562.0,12064692.0,172022.0,2587192.0,960419.0,15022708.0,2252929.0,1292511.0,252067.0,0.6,6334567.0,1372637.0,601801.0,841228.0,1790857.0,93683.0,78339.0,32902.0,86368.0,7584400.0
2014-11-01,9439550.0,0.4,1242417.0,556948.0,13255037.0,744351.0,63125.0,1253833.0,2548700.0,1174292.0,1838986.0,12510686.0,515212.0,612808.0,1301512.0,458231.0,45024.0,12083888.0,172492.0,2593724.0,971269.0,15094024.0,2270296.0,1299027.0,254306.0,0.2,6386353.0,1364637.0,600108.0,842716.0,1799365.0,94153.0,78339.0,32907.0,86826.0,7640186.0
2014-12-01,9485797.0,0.5,1247477.0,559982.0,13323653.0,798744.0,66941.0,1257432.0,2565020.0,1180022.0,1847200.0,12524909.0,517197.0,615811.0,1311010.0,458281.0,45463.0,12096102.0,172989.0,2610483.0,977725.0,15170853.0,2279515.0,1301790.0,255817.0,0.1,6420907.0,1377951.0,597129.0,852831.0,1807458.0,94650.0,78339.0,33237.0,87664.0,7678339.0
2015-01-01,9529133.0,0.1,1251884.0,559384.0,13335667.0,835599.0,59589.0,1260245.0,2582827.0,1184797.0,1895085.0,12500068.0,519420.0,619190.0,1316506.0,462566.0,45859.0,12066664.0,178147.0,2628685.0,991773.0,15230752.0,2292571.0,1300798.0,255256.0,-0.2,6457620.0,1376095.0,589065.0,859433.0,1811268.0,97094.0,81054.0,32861.0,89357.0,7717865.0
2015-02-01,9570758.0,0.5,1256679.0,561877.0,13408083.0,858870.0,52295.0,1263514.0,2595878.0,1189726.0,1905253.0,12549212.0,523263.0,622450.0,1301242.0,465735.0,46360.0,12116561.0,178586.0,2642238.0,1042419.0,15313335.0,2349499.0,1307079.0,254065.0,0.4,6488688.0,1353537.0,587029.0,861276.0,1818557.0,97532.0,81054.0,32925.0,90228.0,7752202.0
2015-03-01,9591656.0,-0.1,1260011.0,563161.0,13397787.0,790471.0,46223.0,1265815.0,2614338.0,1192318.0,1916370.0,12607317.0,528043.0,625591.0,1292528.0,472028.0,46966.0,12176065.0,178975.0,2661304.0,1003792.0,15314157.0,2324425.0,1320633.0,252277.0,0.5,6502669.0,1338751.0,590340.0,864772.0,1823172.0,97921.0,81054.0,32865.0,91038.0,7768485.0
2015-04-01,9625516.0,0.3,1264124.0,565059.0,13439458.0,793684.0,52352.0,1270542.0,2625775.0,1196186.0,1934040.0,12645775.0,534355.0,628613.0,1284361.0,472355.0,47679.0,12209081.0,180746.0,2673454.0,994114.0,15373499.0,2335572.0,1341458.0,255948.0,0.3,6525792.0,1336713.0,598429.0,866192.0,1829182.0,98261.0,82485.0,32331.0,91929.0,7796334.0
2015-05-01,9677202.0,0.4,1268365.0,568161.0,13494777.0,777449.0,56328.0,1272966.0,2636259.0,1202246.0,1947883.0,12717327.0,538662.0,631516.0,1283088.0,470899.0,48469.0,12275406.0,181079.0,2684728.0,984964.0,15442660.0,2339472.0,1354508.0,260843.0,0.6,6567709.0,1339416.0,604088.0,870471.0,1836526.0,98593.0,82485.0,32260.0,92451.0,7840675.0
2015-06-01,9695751.0,0.3,1271249.0,569149.0,13529294.0,772943.0,57630.0,1275365.0,2639522.0,1204314.0,1949750.0,12756351.0,540600.0,634300.0,1285999.0,470225.0,49337.0,12307934.0,181356.0,2688859.0,988630.0,15479044.0,2348414.0,1359784.0,267061.0,0.3,6579989.0,1343629.0,606705.0,868841.0,1840398.0,98871.0,82485.0,32576.0,92980.0,7855353.0
2015-07-01,9729551.0,0.3,1274466.0,571088.0,13572505.0,757290.0,55950.0,1278529.0,2644486.0,1208196.0,1946095.0,12815215.0,540474.0,636965.0,1296773.0,469046.0,50284.0,12364885.0,182591.0,2694770.0,985985.0,15518600.0,2343269.0,1357284.0,267739.0,0.5,6605469.0,1352723.0,606484.0,872268.0,1845554.0,99154.0,83438.0,32315.0,93417.0,7883998.0
2015-08-01,9757635.0,0.2,1276329.0,572803.0,13602801.0,756515.0,57162.0,1280658.0,2648364.0,1211580.0,1947743.0,12846286.0,540381.0,639511.0,1294195.0,467589.0,51291.0,12396189.0,182808.0,2699654.0,989541.0,15550543.0,2347028.0,1357487.0,267289.0,0.2,6627845.0,1351357.0,606450.0,874730.0,1849132.0,99370.0,83438.0,32602.0,93550.0,7908503.0
2015-09-01,9767967.0,0.1,1278186.0,573346.0,13619479.0,784333.0,61560.0,1281390.0,2650622.0,1212774.0,1950994.0,12835146.0,540472.0,641938.0,1291328.0,466916.0,52358.0,12386409.0,183007.0,2702980.0,992848.0,15570473.0,2353242.0,1360394.0,265731.0,-0.1,6635045.0,1352888.0,606170.0,874764.0,1851532.0,99569.0,83438.0,32585.0,93947.0,7916435.0
2015-10-01,9802454.0,0.2,1280459.0,575382.0,13643550.0,796876.0,61715.0,1283948.0,2652891.0,1216794.0,1964495.0,12846674.0,540368.0,644246.0,1289406.0,464666.0,53484.0,12394909.0,182888.0,2706375.0,992714.0,15608045.0,2358718.0,1366005.0,268877.0,0.1,6662665.0,1351121.0,606170.0,877290.0,1855841.0,99749.0,83138.0,32220.0,94101.0,7946613.0
2015-11-01,9811191.0,0.0,1281878.0,575820.0,13648594.0,770519.0,56732.0,1286949.0,2658825.0,1217709.0,1966772.0,12878075.0,541644.0,646435.0,1276908.0,464178.0,54786.0,12423153.0,183016.0,2713610.0,996499.0,15615366.0,2367711.0,1371212.0,271907.0,0.2,6666543.0,1333639.0,606924.0,880240.0,1857698.0,99877.0,83138.0,32467.0,93860.0,7953493.0
2015-12-01,9834213.0,0.4,1283267.0,577113.0,13702248.0,792324.0,47982.0,1289145.0,2671968.0,1220348.0,1966171.0,12909923.0,543280.0,648505.0,1294818.0,462442.0,56261.0,12451998.0,183103.0,2728230.0,999143.0,15668419.0,2375159.0,1376016.0,274822.0,0.2,6684687.0,1342800.0,608366.0,891244.0,1860380.0,99965.0,83138.0,32537.0,93961.0,7973833.0
2016-01-01,9849581.0,0.5,1283319.0,574708.0,13767238.0,834789.0,41313.0,1291271.0,2675757.0,1225406.0,1928223.0,12932448.0,547616.0,650439.0,1297217.0,467672.0,57995.0,12477959.0,184117.0,2733753.0,1009004.0,15695460.0,2389422.0,1380418.0,270372.0,0.2,6700283.0,1338530.0,609582.0,883701.0,1858027.0,101200.0,82917.0,32553.0,93777.0,7991554.0
2016-02-01,9842478.0,0.0,1284289.0,573936.0,13773793.0,768266.0,37760.0,1294089.0,2688244.0,1224196.0,1922090.0,13005527.0,550508.0,652416.0,1296553.0,471845.0,59350.0,12554520.0,184168.0,2747594.0,1001751.0,15695882.0,2383822.0,1382071.0,266839.0,0.6,6690164.0,1334313.0,611872.0,887291.0,1858225.0,101252.0,82917.0,32497.0,93688.0,7984253.0
2016-03-01,9862908.0,0.2,1285629.0,574957.0,13806034.0,821308.0,37189.0,1297934.0,2694544.0,1226420.0,1925591.0,12984726.0,553247.0,654436.0,1297628.0,473512.0,60325.0,12536989.0,184236.0,2754869.0,1009975.0,15731625.0,2390952.0,1380977.0,263501.0,-0.2,6704388.0,1334816.0,614499.0,887170.0,1860586.0,101319.0,82917.0,32235.0,93943.0,8002322.0
2016-04-01,9890357.0,0.1,1287224.0,576532.0,13822628.0,765223.0,39493.0,1300310.0,2701598.0,1229675.0,1936298.0,13057404.0,555712.0,656500.0,1291504.0,470049.0,60921.0,12611453.0,178808.0,2762518.0,1009945.0,15758926.0,2387080.0,1377135.0,267143.0,0.6,6726291.0,1330997.0,617648.0,892955.0,1863756.0,101415.0,77392.0,32114.0,94267.0,8026601.0
2016-05-01,9895532.0,0.1,1288021.0,576706.0,13834721.0,731974.0,40031.0,1303118.0,2707998.0,1230270.0,1942438.0,13102747.0,559229.0,658607.0,1289772.0,469084.0,61266.0,12652685.0,178896.0,2769264.0,1016764.0,15777158.0,2393337.0,1376573.0,271165.0,0.3,6727687.0,1329802.0,619493.0,893698.0,1864727.0,101504.0,77392.0,32541.0,94840.0,8030805.0
2016-06-01,9929757.0,0.2,1290803.0,578727.0,13868138.0,682327.0,38866.0,1304256.0,2710005.0,1234362.0,1953245.0,13185810.0,561589.0,660758.0,1302231.0,466924.0,61360.0,12731235.0,178978.0,2771366.0,1014003.0,15821382.0,2393294.0,1379291.0,275598.0,0.6,6755972.0,1341097.0,620231.0,892947.0,1869530.0,101586.0,77392.0,32362.0,95425.0,8060227.0
2016-07-01,9978034.0,0.4,1293727.0,581581.0,13924795.0,709507.0,36833.0,1311383.0,2717243.0,1240082.0,1966665.0,13215288.0,563555.0,662952.0,1311654.0,465338.0,61204.0,12756654.0,182646.0,2778447.0,1022072.0,15891460.0,2407362.0,1385289.0,275987.0,0.2,6791343.0,1348487.0,619212.0,897043.0,1875308.0,101684.0,80962.0,32141.0,96214.0,8102726.0
2016-08-01,9983759.0,0.3,1296139.0,581752.0,13960531.0,714410.0,35758.0,1313298.0,2729004.0,1240747.0,1970747.0,13246120.0,566278.0,665190.0,1318233.0,468083.0,60802.0,12788079.0,182732.0,2789806.0,1035201.0,15931277.0,2424466.0,1389266.0,275310.0,0.2,6792569.0,1353991.0,620002.0,899875.0,1877892.0,101769.0,80962.0,32375.0,97204.0,8105867.0
2016-09-01,10033691.0,0.4,1299610.0,584730.0,14019001.0,715952.0,35568.0,1317572.0,2732799.0,1246742.0,1980140.0,13303049.0,569721.0,667471.0,1329555.0,464151.0,60154.0,12846646.0,182827.0,2792953.0,1042483.0,15999142.0,2433703.0,1391220.0,273576.0,0.4,6831780.0,1365124.0,620413.0,901268.0,1884340.0,101865.0,80962.0,31769.0,98420.0,8149351.0
2016-10-01,10078263.0,0.4,1302673.0,587461.0,14073660.0,745103.0,31370.0,1318684.0,2750167.0,1252275.0,1985770.0,13328557.0,574103.0,669795.0,1328987.0,464707.0,59260.0,12867030.0,186441.0,2809426.0,1051438.0,16059430.0,2442592.0,1391153.0,275087.0,0.2,6869445.0,1360356.0,621067.0,910555.0,1890135.0,101947.0,84494.0,31335.0,99673.0,8188129.0
2016-11-01,10103314.0,0.3,1305859.0,588888.0,14116141.0,759026.0,29355.0,1320112.0,2747114.0,1255343.0,1991412.0,13357115.0,575947.0,672163.0,1343991.0,462242.0,57967.0,12893010.0,186543.0,2805081.0,1056614.0,16107553.0,2457745.0,1401131.0,277563.0,0.2,6888454.0,1373346.0,623410.0,904537.0,1894748.0,102049.0,84494.0,31125.0,101101.0,8208566.0
2016-12-01,10145610.0,0.5,1309791.0,591361.0,14180099.0,706477.0,28759.0,1324320.0,2752911.0,1260511.0,2002403.0,13473622.0,575897.0,674574.0,1350948.0,461694.0,56279.0,13005926.0,186653.0,2809191.0,1060100.0,16182502.0,2481254.0,1421153.0,281043.0,0.9,6920139.0,1379707.0,627252.0,906618.0,1901152.0,102159.0,84494.0,31404.0,102725.0,8244458.0
2017-01-01,10194656.0,0.8,1314418.0,593301.0,14294215.0,762633.0,37233.0,1328069.0,2772780.0,1273779.0,1999077.0,13531582.0,575012.0,675526.0,1362276.0,473684.0,54158.0,13063650.0,185353.0,2826938.0,1068285.0,16293292.0,2514140.0,1445855.0,282579.0,0.4,6958868.0,1399508.0,631828.0,913257.0,1907719.0,103099.0,82254.0,31680.0,103621.0,8286937.0
2017-02-01,10231767.0,0.4,1318423.0,595336.0,14356444.0,800612.0,45650.0,1331793.0,2778917.0,1278194.0,2007064.0,13555832.0,572465.0,678497.0,1361774.0,475391.0,52269.0,13088383.0,185484.0,2831185.0,1082773.0,16363509.0,2536874.0,1454101.0,281965.0,0.2,6986215.0,1407424.0,634453.0,914984.0,1913759.0,103230.0,82254.0,31418.0,106162.0,8318008.0
2017-03-01,10246421.0,0.4,1322664.0,595749.0,14408511.0,803669.0,53267.0,1334672.0,2785459.0,1279637.0,2006573.0,13604841.0,569694.0,681466.0,1367919.0,475090.0,50720.0,13139886.0,185664.0,2836179.0,1096993.0,16415083.0,2555652.0,1458659.0,279291.0,0.4,6993336.0,1421187.0,635282.0,920678.0,1918413.0,103411.0,82254.0,30860.0,107671.0,8328008.0
2017-04-01,10298027.0,0.4,1327848.0,598540.0,14468813.0,827327.0,49530.0,1336457.0,2782136.0,1285563.0,2007184.0,13641486.0,566543.0,684432.0,1369291.0,473284.0,49513.0,13169177.0,191103.0,2831649.0,1119320.0,16475996.0,2578900.0,1459580.0,281205.0,0.3,7035182.0,1418821.0,634162.0,918946.0,1926388.0,103628.0,87476.0,29872.0,109058.0,8371638.0
2017-05-01,10329427.0,0.7,1333156.0,599954.0,14563613.0,914729.0,44478.0,1339910.0,2788506.0,1288919.0,2009601.0,13648884.0,566804.0,687397.0,1375372.0,472790.0,48460.0,13171862.0,191357.0,2836965.0,1180866.0,16573214.0,2641985.0,1461119.0,285665.0,0.1,7056407.0,1419849.0,633906.0,921728.0,1933111.0,103881.0,87476.0,29242.0,110545.0,8396316.0
2017-06-01,10380266.0,0.1,1339300.0,602580.0,14583884.0,874189.0,38593.0,1344571.0,2798370.0,1294529.0,2020118.0,13709695.0,570321.0,690360.0,1381928.0,471084.0,47560.0,13225151.0,191659.0,2845930.0,1153790.0,16604002.0,2617068.0,1463278.0,292885.0,0.4,7093815.0,1420521.0,634746.0,925424.0,1941880.0,104183.0,87476.0,29577.0,111605.0,8438386.0
2017-07-01,10432173.0,0.3,1345988.0,605154.0,14630662.0,882113.0,36750.0,1350479.0,2809247.0,1300111.0,2035244.0,13748549.0,576770.0,693320.0,1377100.0,469349.0,46815.0,13263299.0,191706.0,2856062.0,1158321.0,16665906.0,2624381.0,1466060.0,293544.0,0.3,7130552.0,1413851.0,639551.0,927371.0,1951142.0,104521.0,87185.0,29809.0,112628.0,8481031.0
2017-08-01,10467818.0,0.3,1352971.0,606660.0,14681549.0,902371.0,36433.0,1352005.0,2823941.0,1303671.0,2052184.0,13779178.0,579880.0,696279.0,1385088.0,475500.0,46255.0,13294640.0,192078.0,2870196.0,1166139.0,16733733.0,2635413.0,1469273.0,292460.0,0.2,7156181.0,1421521.0,642455.0,928954.0,1959631.0,104894.0,87185.0,29718.0,113610.0,8508186.0
2017-09-01,10535107.0,0.6,1359416.0,610133.0,14764129.0,864575.0,37592.0,1357303.0,2837150.0,1311027.0,2077766.0,13899554.0,579832.0,699236.0,1398836.0,482418.0,45882.0,13417255.0,192497.0,2883032.0,1176181.0,16841895.0,2649102.0,1472921.0,289802.0,0.9,7208255.0,1436428.0,649254.0,931512.0,1969550.0,105313.0,87185.0,29289.0,114863.0,8565557.0
2017-10-01,10595629.0,0.4,1367904.0,613072.0,14826283.0,887657.0,39539.0,1362757.0,2848259.0,1317341.0,2104468.0,13938627.0,576625.0,702191.0,1410731.0,485459.0,45695.0,13447486.0,195598.0,2893954.0,1179206.0,16930751.0,2656211.0,1477005.0,295543.0,0.3,7251896.0,1450269.0,652028.0,939336.0,1980976.0,105778.0,89820.0,29526.0,115122.0,8614654.0
2017-11-01,10666493.0,0.3,1376352.0,616688.0,14870227.0,831892.0,38545.0,1367559.0,2829448.0,1324898.0,2127300.0,14038335.0,575025.0,705144.0,1427819.0,468961.0,45729.0,13540626.0,196107.0,2875176.0,1174876.0,16997528.0,2657452.0,1482576.0,301601.0,0.7,7305893.0,1466364.0,656941.0,934085.0,1993040.0,106288.0,89820.0,30511.0,115722.0,8673452.0
2017-12-01,10714677.0,0.3,1385237.0,618696.0,14918800.0,747993.0,34455.0,1372860.0,2834971.0,1329484.0,2139364.0,14170808.0,575805.0,708094.0,1433412.0,467463.0,45983.0,13666091.0,196649.0,2880954.0,1174778.0,17058165.0,2664420.0,1489642.0,308067.0,0.9,7337884.0,1467867.0,659730.0,936583.0,2003933.0,106830.0,89820.0,30730.0,116297.0,8710744.0
2018-01-01,10761096.0,1.0,1394378.0,616657.0,15064601.0,854657.0,31261.0,1376701.0,2884275.0,1342568.0,2077108.0,14209944.0,578486.0,711098.0,1434387.0,488269.0,46728.0,13703270.0,196901.0,2931004.0,1167453.0,17141709.0,2665982.0,1498530.0,309773.0,0.3,7373360.0,1465648.0,660547.0,959265.0,2011035.0,108593.0,88308.0,30700.0,116457.0,8750061.0
2018-02-01,10779902.0,0.4,1404144.0,616613.0,15131961.0,885153.0,29080.0,1382485.0,2889452.0,1343251.0,2072129.0,14246808.0,581748.0,714351.0,1448688.0,487761.0,47189.0,13738737.0,197425.0,2936641.0,1180804.0,17204090.0,2689768.0,1508964.0,310645.0,0.3,7376660.0,1477768.0,663262.0,958069.0,2020757.0,109117.0,88308.0,30546.0,116977.0,8759145.0
2018-03-01,10808121.0,0.5,1412270.0,617433.0,15202619.0,900781.0,28721.0,1385541.0,2902915.0,1345537.0,2065561.0,14301838.0,585454.0,717854.0,1444545.0,487309.0,47680.0,13793215.0,197931.0,2950595.0,1194089.0,17268180.0,2715050.0,1520961.0,310692.0,0.4,7392877.0,1473266.0,666685.0,964504.0,2029703.0,109623.0,88308.0,30205.0,117588.0,8778418.0
2018-04-01,10850471.0,0.5,1419492.0,619229.0,15271749.0,919911.0,30238.0,1389755.0,2909774.0,1349695.0,2056974.0,14351839.0,589712.0,721607.0,1441076.0,486241.0,48202.0,13838421.0,200498.0,2957977.0,1196811.0,17328723.0,2731350.0,1534539.0,312920.0,0.3,7421995.0,1471314.0,667306.0,965124.0,2038721.0,110134.0,90364.0,29088.0,118003.0,8811750.0
2018-05-01,10883921.0,0.5,1427021.0,620425.0,15349723.0,927318.0,31875.0,1393775.0,2917299.0,1352736.0,2054630.0,14422405.0,593150.0,725610.0,1448299.0,484196.0,48810.0,13905023.0,200987.0,2966109.0,1213470.0,17404353.0,2757954.0,1544484.0,316395.0,0.5,7442700.0,1480174.0,668930.0,968627.0,2047446.0,110623.0,90364.0,27215.0,118502.0,8836475.0
2018-06-01,10938714.0,0.5,1433586.0,623142.0,15425727.0,972631.0,33411.0,1401345.0,2924648.0,1358585.0,2062719.0,14453097.0,594987.0,729862.0,1453807.0,483068.0,49505.0,13930438.0,201466.0,2974153.0,1225308.0,17488446.0,2776071.0,1550762.0,321192.0,0.2,7480642.0,1487218.0,670875.0,971274.0,2056728.0,111102.0,90364.0,26334.0,119124.0,8881987.0
2018-07-01,10999435.0,0.5,1439204.0,626499.0,15508846.0,1004290.0,29272.0,1405846.0,2933524.0,1365520.0,2078723.0,14504556.0,596087.0,734364.0,1474079.0,482066.0,50276.0,13974828.0,202731.0,2983800.0,1237451.0,17587569.0,2790804.0,1553353.0,326998.0,0.4,7527886.0,1503351.0,675699.0,975307.0,2065703.0,111572.0,91159.0,25955.0,119746.0,8933732.0
2018-08-01,11056273.0,0.4,1444740.0,629572.0,15574783.0,1027504.0,24322.0,1412522.0,2939390.0,1371958.0,2089168.0,14547279.0,595571.0,739115.0,1479458.0,480522.0,51103.0,14013992.0,203176.0,2990492.0,1244103.0,17663951.0,2805294.0,1561191.0,330111.0,0.3,7569439.0,1503780.0,680070.0,978352.0,2074312.0,112017.0,91159.0,25388.0,120442.0,8981961.0
2018-09-01,11070378.0,0.2,1448930.0,630081.0,15605568.0,1053731.0,19442.0,1416268.0,2940769.0,1373465.0,2087900.0,14551837.0,593485.0,744117.0,1473019.0,480516.0,51975.0,14017778.0,203622.0,2992744.0,1253460.0,17693469.0,2827767.0,1574307.0,330437.0,0.0,7575099.0,1492461.0,683583.0,976839.0,2079011.0,112462.0,91159.0,24633.0,121178.0,8991367.0
2018-10-01,11074314.0,0.4,1453379.0,630076.0,15670212.0,1053669.0,24993.0,1418155.0,2954025.0,1373860.0,2079562.0,14616543.0,589843.0,749368.0,1478300.0,480966.0,52893.0,14083061.0,204449.0,3006918.0,1267554.0,17749775.0,2860300.0,1592746.0,329034.0,0.4,7572703.0,1503293.0,678811.0,986289.0,2083455.0,112896.0,91553.0,25557.0,122002.0,8990858.0
2018-11-01,11097198.0,0.3,1456552.0,631543.0,15717696.0,1021273.0,37174.0,1418906.0,2951857.0,1376913.0,2077982.0,14696423.0,588679.0,754868.0,1481746.0,476960.0,53994.0,14162941.0,204884.0,3005851.0,1272773.0,17795678.0,2877228.0,1604455.0,328597.0,0.5,7590197.0,1518921.0,673394.0,981367.0,2088095.0,113331.0,91553.0,27214.0,122769.0,9009103.0
2018-12-01,11169036.0,1.3,1459799.0,636207.0,15924988.0,1338948.0,65780.0,1421191.0,2963750.0,1386105.0,2087383.0,14586040.0,589994.0,760619.0,1500995.0,476957.0,55279.0,14051596.0,205311.0,3019028.0,1365558.0,18012372.0,2974942.0,1609385.0,329133.0,-0.8,7651839.0,1566775.0,668695.0,983927.0,2096006.0,113758.0,91553.0,28581.0,123673.0,9073030.0
2019-01-01,11266288.0,0.1,1461504.0,640648.0,15947137.0,1332511.0,41496.0,1421854.0,3037136.0,1403323.0,2131431.0,14614625.0,593912.0,767469.0,1504281.0,505442.0,56907.0,14084585.0,202425.0,3094043.0,1297047.0,18078567.0,2903983.0,1606935.0,327616.0,0.2,7742282.0,1545777.0,671800.0,1016550.0,2102152.0,113796.0,88629.0,29493.0,124271.0,9164136.0
2019-02-01,11326448.0,0.3,1462135.0,644472.0,16001198.0,1353712.0,32119.0,1423551.0,3046515.0,1411164.0,2151717.0,14647486.0,598322.0,773704.0,1502533.0,501264.0,58071.0,14117418.0,202723.0,3104586.0,1315651.0,18152915.0,2923692.0,1608041.0,327346.0,0.2,7796289.0,1534652.0,674702.0,1018505.0,2106607.0,114094.0,88629.0,29749.0,124971.0,9219841.0
2019-03-01,11394676.0,0.3,1463984.0,648787.0,16043578.0,1263703.0,13513.0,1427207.0,3060816.0,1419783.0,2183010.0,14779876.0,603891.0,779325.0,1508003.0,499843.0,58771.0,14248569.0,202972.0,3119587.0,1321070.0,18226589.0,2933776.0,1612706.0,328334.0,0.9,7854698.0,1521516.0,676817.0,1022515.0,2112771.0,114344.0,88629.0,29437.0,125805.0,9281905.0
2019-04-01,11388392.0,0.1,1466147.0,648081.0,16055619.0,1225358.0,16871.0,1432622.0,3072997.0,1418904.0,2211230.0,14830261.0,609826.0,784332.0,1512306.0,500761.0,59007.0,14289984.0,208929.0,3132004.0,1335753.0,18266848.0,2956675.0,1620922.0,331348.0,0.3,7841542.0,1529177.0,679505.0,1023727.0,2114228.0,114569.0,94360.0,27611.0,126740.0,9274164.0
2019-05-01,11375480.0,0.1,1467444.0,647065.0,16065469.0,1166673.0,20336.0,1433470.0,3083576.0,1417372.0,2221414.0,14898797.0,614711.0,788724.0,1518704.0,498816.0,58933.0,14353322.0,209084.0,3142509.0,1342355.0,18286884.0,2964604.0,1622248.0,336391.0,0.5,7827501.0,1539040.0,682623.0,1026471.0,2114509.0,114724.0,94360.0,27115.0,127740.0,9260971.0
2019-06-01,11402784.0,0.2,1469510.0,648448.0,16103730.0,1142278.0,23632.0,1442301.0,3095339.0,1420409.0,2220567.0,14961452.0,618779.0,792502.0,1514928.0,498223.0,58549.0,14408679.0,209205.0,3153888.0,1346512.0,18324297.0,2963202.0,1616690.0,343569.0,0.4,7842525.0,1538560.0,686273.0,1029914.0,2117958.0,114845.0,94360.0,27073.0,128848.0,9284826.0
2019-07-01,11402741.0,0.3,1471370.0,648022.0,16145032.0,1093483.0,23533.0,1449162.0,3102727.0,1419964.0,2197405.0,15051550.0,620582.0,795665.0,1525373.0,497774.0,57856.0,14495969.0,206740.0,3160582.0,1357989.0,18342438.0,2962261.0,1604273.0,348841.0,0.6,7834187.0,1548906.0,687911.0,1031782.0,2119392.0,114907.0,91832.0,26936.0,129987.0,9283348.0
2019-08-01,11463516.0,0.6,1473191.0,651428.0,16238427.0,1122557.0,45735.0,1459570.0,3109255.0,1426906.0,2193944.0,15115870.0,622377.0,798214.0,1532672.0,496923.0,56888.0,14558244.0,206742.0,3166143.0,1365006.0,18432370.0,2961154.0,1596148.0,350885.0,0.4,7879327.0,1578408.0,690055.0,1034183.0,2124619.0,114910.0,91832.0,26426.0,131131.0,9338897.0
2019-09-01,11492868.0,0.3,1475407.0,652681.0,16282709.0,1135657.0,56638.0,1467905.0,3115964.0,1429790.0,2194568.0,15147052.0,624152.0,800149.0,1528650.0,496264.0,55648.0,14590632.0,206720.0,3171612.0,1372291.0,18477277.0,2964573.0,1592282.0,349700.0,0.2,7896876.0,1585288.0,692726.0,1037287.0,2128087.0,114888.0,91832.0,25701.0,132412.0,9364781.0
2019-10-01,11576780.0,0.3,1477597.0,657520.0,16332796.0,1154237.0,32920.0,1473727.0,3127328.0,1439407.0,2213489.0,15178559.0,625385.0,801469.0,1531468.0,495058.0,54133.0,14617397.0,212046.0,3181461.0,1372019.0,18546286.0,2964656.0,1592637.0,349116.0,0.2,7967935.0,1564389.0,698407.0,1045544.0,2135117.0,114806.0,97240.0,25979.0,133893.0,9441662.0
2019-11-01,11635526.0,0.4,1479916.0,660665.0,16400214.0,1127646.0,62358.0,1482362.0,3125387.0,1445777.0,2229257.0,15272568.0,621952.0,802175.0,1539063.0,494032.0,52018.0,14710955.0,211891.0,3177405.0,1366364.0,18629471.0,2955106.0,1588742.0,349722.0,0.6,8012582.0,1601421.0,705791.0,1045180.0,2140582.0,114651.0,97240.0,26697.0,135351.0,9494944.0
2019-12-01,11633836.0,-0.3,1481736.0,659851.0,16358063.0,1020087.0,36265.0,1490307.0,3112086.0,1444559.0,2235920.0,15337976.0,614528.0,802266.0,1545904.0,493679.0,49302.0,14774762.0,211676.0,3161388.0,1365982.0,18593983.0,2946576.0,1580594.0,351538.0,0.4,8001943.0,1582169.0,714572.0,1037258.0,2141587.0,114436.0,97240.0,27509.0,136846.0,9492250.0
2020-01-01,11799614.0,1.2,1488184.0,667184.0,16556571.0,1160745.0,51077.0,1503438.0,3146238.0,1470665.0,2252852.0,15395826.0,603415.0,801743.0,1570300.0,510412.0,45985.0,14844290.0,200773.0,3192222.0,1376030.0,18809424.0,2944237.0,1568207.0,350764.0,0.4,8140808.0,1621377.0,722639.0,1064908.0,2155368.0,107617.0,93156.0,27204.0,138555.0,9644246.0
2020-02-01,11905195.0,0.5,1493720.0,672795.0,16637665.0,1253800.0,61716.0,1515772.0,3148730.0,1481922.0,2275933.0,15383865.0,602674.0,801716.0,1575105.0,510360.0,43586.0,14833847.0,200637.0,3192316.0,1377469.0,18913598.0,2931586.0,1554116.0,349381.0,-0.1,8222907.0,1636821.0,729603.0,1067477.0,2166515.0,107481.0,93156.0,26419.0,140085.0,9738680.0
2020-03-01,11631132.0,-1.6,1473598.0,657994.0,16370072.0,2032233.0,314.0,1520525.0,3230777.0,1451704.0,2214360.0,14337839.0,613310.0,802185.0,1474732.0,534871.0,42105.0,13810544.0,200653.0,3272883.0,1383097.0,18584432.0,2921501.0,1538404.0,326642.0,-6.8,7979015.0,1475046.0,735575.0,1072218.0,2131593.0,107497.0,93156.0,66716.0,141476.0,9499539.0
2020-04-01,10719922.0,14.3,1386433.0,616352.0,18714801.0,5981616.0,7676.0,1476020.0,6394034.0,1360954.0,2045407.0,12733186.0,635702.0,803150.0,1330107.0,3366764.0,41542.0,12234409.0,203309.0,6435576.0,1372032.0,20760209.0,2893167.0,1521135.0,295467.0,-11.2,7241117.0,1337783.0,734715.0,1074766.0,2002785.0,107642.0,95668.0,370996.0,142656.0,8717137.0
2020-05-01,11068006.0,-5.0,1411962.0,638339.0,17780549.0,4047336.0,9040.0,1455743.0,5174506.0,1402067.0,2107463.0,13733213.0,655442.0,818819.0,1394833.0,1363500.0,41575.0,13251701.0,203583.0,5216081.0,1361906.0,19888013.0,2870071.0,1508166.0,277929.0,7.9,7561962.0,1403872.0,732049.0,1076167.0,2050301.0,107916.0,95668.0,1116437.0,144142.0,9017705.0
2020-06-01,11363575.0,-0.1,1450414.0,651936.0,17765256.0,3260532.0,60450.0,1468082.0,4827712.0,1430657.0,2169204.0,14504723.0,672766.0,820821.0,1471177.0,747760.0,56724.0,14040802.0,203988.0,4884436.0,1359341.0,19934459.0,2858787.0,1499446.0,259934.0,5.6,7793143.0,1531627.0,726692.0,1074292.0,2102350.0,108320.0,95668.0,1367045.0,145029.0,9261225.0
2020-07-01,11461388.0,1.2,1462266.0,655635.0,17977132.0,3206775.0,31763.0,1481762.0,4921042.0,1439120.0,2209150.0,14770357.0,687732.0,823341.0,1577202.0,752123.0,43428.0,14303831.0,198874.0,4964470.0,1360721.0,20186281.0,2855619.0,1494898.0,267652.0,1.8,7861725.0,1608965.0,734959.0,1078544.0,2117901.0,108854.0,90020.0,1433300.0,146001.0,9343487.0
2020-08-01,11576758.0,-3.6,1474421.0,659214.0,17329210.0,2406246.0,48709.0,1508082.0,4099375.0,1448563.0,2250505.0,14922965.0,693527.0,826378.0,1656276.0,710968.0,45261.0,14454899.0,193114.0,4144636.0,1367042.0,19579715.0,2857859.0,1490816.0,274952.0,1.0,7935040.0,1704985.0,744042.0,1081127.0,2133636.0,109494.0,83620.0,640469.0,146907.0,9443122.0
2020-09-01,11666027.0,0.7,1486788.0,661399.0,17451726.0,2294278.0,51941.0,1507849.0,4044612.0,1455095.0,2285040.0,15157448.0,690994.0,829932.0,1751501.0,968081.0,47703.0,14675370.0,200284.0,4092315.0,1387996.0,19736766.0,2875220.0,1487224.0,281795.0,1.6,8009992.0,1803442.0,754857.0,1081653.0,2148186.0,110264.0,90020.0,326286.0,147667.0,9517841.0
2020-10-01,11880424.0,-0.3,1499398.0,670371.0,17394617.0,2193861.0,126074.0,1500839.0,3801035.0,1475832.0,2337051.0,15200755.0,679853.0,834005.0,1686970.0,734390.0,50754.0,14725953.0,207802.0,3851788.0,1423953.0,19731668.0,2908087.0,1484134.0,267000.0,0.3,8209815.0,1813044.0,754157.0,1090342.0,2169770.0,111175.0,96627.0,314173.0,148273.0,9710655.0
2020-11-01,12009789.0,-1.1,1512190.0,675514.0,17200936.0,2032732.0,55787.0,1498371.0,3658603.0,1487558.0,2380166.0,15168204.0,676051.0,838594.0,1571263.0,601714.0,54673.0,14704904.0,208831.0,3713276.0,1487968.0,19581102.0,2969491.0,1481523.0,254469.0,-0.2,8323714.0,1627050.0,749056.0,1086275.0,2187704.0,112203.0,96627.0,307183.0,148787.0,9822085.0
2020-12-01,12075307.0,0.7,1525253.0,677860.0,17319123.0,2037963.0,51587.0,1498484.0,3726523.0,1492635.0,2416195.0,15281160.0,679789.0,843701.0,1512631.0,619605.0,59460.0,14827338.0,210013.0,3785983.0,1584080.0,19735318.0,3063444.0,1479365.0,243809.0,0.7,8373711.0,1564219.0,739000.0,1087367.0,2203113.0,113386.0,96627.0,346856.0,149204.0,9872194.0
2021-01-01,12100263.0,11.1,1525781.0,682270.0,19243976.0,3693012.0,42646.0,1506198.0,5737537.0,1505917.0,2520580.0,15550964.0,691403.0,849325.0,1575443.0,2328085.0,65116.0,15081525.0,215989.0,5802652.0,1533067.0,21764556.0,3010688.0,1477621.0,253450.0,1.8,8386015.0,1618090.0,738780.0,1103507.0,2208051.0,116857.0,99132.0,615519.0,149697.0,9892212.0
2021-02-01,12047542.0,-8.0,1529229.0,677478.0,17703845.0,2239032.0,47431.0,1507133.0,4151820.0,1497709.0,2540880.0,15464812.0,704257.0,854893.0,1630808.0,765496.0,70394.0,14984400.0,217257.0,4222214.0,1573688.0,20244725.0,3050966.0,1477277.0,263155.0,-0.6,8333703.0,1678239.0,743473.0,1104766.0,2206706.0,118125.0,99132.0,572415.0,149994.0,9840836.0
2021-03-01,12119515.0,23.6,1533336.0,680585.0,21875422.0,5671700.0,57749.0,1514180.0,8133963.0,1504805.0,2581745.0,16203723.0,719090.0,860403.0,1738567.0,4731830.0,75295.0,15712357.0,218458.0,8209258.0,1604132.0,24457167.0,3082468.0,1478336.0,272908.0,4.8,8391414.0,1796316.0,754415.0,1108641.0,2213921.0,119326.0,99132.0,563539.0,150461.0,9905594.0
2021-04-01,12284961.0,-14.7,1533348.0,690456.0,18651890.0,2236024.0,88277.0,1520437.0,4738245.0,1524577.0,2638453.0,16415865.0,736095.0,865856.0,1739376.0,1380986.0,79818.0,15914954.0,221562.0,4818062.0,1643037.0,21290343.0,3123838.0,1480801.0,279350.0,1.3,8540719.0,1827653.0,760406.0,1107837.0,2223804.0,120436.0,101125.0,496586.0,150885.0,10061156.0
2021-05-01,12405220.0,-2.4,1535128.0,697359.0,18207994.0,1750766.0,95009.0,1525747.0,4164942.0,1538898.0,2678638.0,16457228.0,747331.0,871253.0,1754522.0,836163.0,84242.0,15950527.0,222666.0,4249184.0,1678157.0,20886632.0,3159195.0,1481038.0,284035.0,0.3,8646986.0,1849532.0,762400.0,1108097.0,2232487.0,121540.0,101125.0,450578.0,151522.0,10172733.0
2021-06-01,12521817.0,0.1,1535914.0,703951.0,18217579.0,1523460.0,101464.0,1541172.0,4031633.0,1552831.0,2709842.0,16694119.0,753320.0,876593.0,1757994.0,761442.0,114007.0,16183559.0,223704.0,4145640.0,1712244.0,20927421.0,3191348.0,1479104.0,286856.0,1.4,8740780.0,1859458.0,761990.0,1112986.0,2239864.0,122579.0,101125.0,375311.0,151982.0,10281952.0
2021-07-01,12639372.0,1.1,1536519.0,710733.0,18426004.0,1688123.0,97395.0,1557148.0,4129931.0,1567228.0,2731239.0,16737881.0,751911.0,881875.0,1775091.0,931266.0,102265.0,16223480.0,229109.0,4232196.0,1735594.0,21157243.0,3210634.0,1475039.0,285293.0,0.3,8834972.0,1872486.0,769783.0,1113799.0,2247252.0,123564.0,105545.0,297978.0,153102.0,10392120.0
2021-08-01,12689772.0,0.2,1536962.0,713470.0,18462437.0,1557476.0,92695.0,1567017.0,4123828.0,1573960.0,2746446.0,16904961.0,749777.0,887101.0,1776089.0,945861.0,96843.0,16390625.0,230043.0,4220670.0,1748836.0,21208883.0,3222863.0,1474027.0,284293.0,1.0,8872323.0,1868784.0,780754.0,1118608.0,2250431.0,124498.0,105545.0,268745.0,153736.0,10439341.0
2021-09-01,12777764.0,-0.8,1537286.0,719068.0,18308057.0,1315728.0,77403.0,1571840.0,3892204.0,1586061.0,2772288.0,16992329.0,746050.0,892269.0,1782695.0,909081.0,100716.0,16477524.0,230951.0,3992921.0,1766632.0,21080345.0,3242673.0,1476041.0,283854.0,0.5,8949570.0,1860098.0,792951.0,1118437.0,2256354.0,125406.0,105545.0,71789.0,154578.0,10521410.0
2021-10-01,12931876.0,0.7,1537521.0,728702.0,18430933.0,1216970.0,78988.0,1571767.0,3876578.0,1606409.0,2811940.0,17213964.0,740808.0,897381.0,1787021.0,915783.0,104414.0,16693955.0,237120.0,3980992.0,1792117.0,21242874.0,3273180.0,1481063.0,282888.0,1.3,9093886.0,1866009.0,797226.0,1129060.0,2266223.0,126240.0,110881.0,38032.0,155515.0,10665653.0
2021-11-01,13039510.0,0.4,1537640.0,735447.0,18503982.0,1136497.0,72461.0,1575976.0,3871922.0,1621360.0,2847493.0,17367485.0,743537.0,902436.0,1790123.0,913236.0,108023.0,16848981.0,237932.0,3979946.0,1802031.0,21351475.0,3289538.0,1487507.0,280573.0,0.9,9190447.0,1862584.0,801257.0,1125489.0,2273087.0,127051.0,110881.0,30593.0,156632.0,10766423.0
2021-12-01,13126676.0,0.2,1537594.0,741346.0,18540675.0,1119609.0,55032.0,1582570.0,3879592.0,1634446.0,2881631.0,17421066.0,754669.0,907434.0,1768912.0,909032.0,111545.0,16905459.0,238697.0,3991136.0,1815941.0,21422305.0,3311327.0,1495386.0,276910.0,0.3,9265165.0,1823944.0,803667.0,1123973.0,2278941.0,127816.0,110881.0,26783.0,157701.0,10847735.0
2022-01-01,13112648.0,-1.8,1537295.0,739840.0,18201929.0,663263.0,64044.0,1589694.0,3904669.0,1649811.0,3222554.0,17538666.0,777029.0,912375.0,1750985.0,835291.0,114978.0,17017812.0,243390.0,4019647.0,1807299.0,21424483.0,3317681.0,1510382.0,277464.0,0.7,9245818.0,1815028.0,809290.0,1195693.0,2277135.0,128535.0,114854.0,25315.0,158967.0,10835512.0
2022-02-01,13182744.0,0.6,1537427.0,745023.0,18317415.0,657717.0,77907.0,1595472.0,3957624.0,1661352.0,3255533.0,17659698.0,793342.0,917566.0,1753045.0,864539.0,117982.0,17136077.0,244078.0,4075605.0,1804569.0,21572948.0,3330817.0,1526248.0,279543.0,0.7,9304822.0,1830951.0,814182.0,1197253.0,2282451.0,129224.0,114854.0,24617.0,160308.0,10900293.0
2022-03-01,13227283.0,0.4,1536184.0,748586.0,18390626.0,491231.0,101613.0,1599174.0,3971101.0,1669844.0,3284102.0,17899395.0,805449.0,923007.0,1752378.0,854859.0,120555.0,17371426.0,244699.0,4091656.0,1809137.0,21674728.0,3352177.0,1543040.0,283270.0,1.4,9343338.0,1853991.0,819465.0,1202409.0,2284770.0,129845.0,114854.0,23631.0,161746.0,10942512.0
2022-04-01,13246316.0,0.3,1536304.0,750638.0,18446452.0,410837.0,99078.0,1603907.0,3994854.0,1675156.0,3307862.0,18035615.0,814810.0,920581.0,1744104.0,869232.0,122699.0,17493773.0,251390.0,4117553.0,1815548.0,21754314.0,3384611.0,1569063.0,290452.0,0.8,9355467.0,1843182.0,837809.0,1204933.0,2286942.0,130422.0,120968.0,21915.0,163383.0,10959374.0
2022-05-01,13284173.0,0.5,1537181.0,754030.0,18541937.0,421517.0,98008.0,1608979.0,3987987.0,1682803.0,3306295.0,18120420.0,820833.0,926470.0,1752905.0,846643.0,124481.0,17569866.0,251951.0,4112468.0,1830000.0,21848231.0,3425698.0,1595699.0,298603.0,0.5,9383982.0,1850913.0,857782.0,1207544.0,2291211.0,130983.0,120968.0,21367.0,165130.0,10992962.0
2022-06-01,13332979.0,0.7,1539617.0,758076.0,18678391.0,370501.0,97099.0,1612944.0,3977409.0,1691534.0,3277957.0,18307890.0,821851.0,932605.0,1758956.0,825085.0,138142.0,17747620.0,252459.0,4115551.0,1841198.0,21956348.0,3464248.0,1623049.0,307811.0,1.0,9422343.0,1856055.0,879050.0,1209011.0,2297693.0,131492.0,120968.0,21809.0,167048.0,11035286.0
2022-07-01,13510702.0,1.3,1543160.0,770293.0,18920552.0,593157.0,99597.0,1627338.0,3995370.0,1715839.0,3243144.0,18327395.0,820078.0,930707.0,1780131.0,841781.0,128100.0,17743986.0,254229.0,4123470.0,1840473.0,22163696.0,3483104.0,1642631.0,329180.0,0.1,9569911.0,1879728.0,882532.0,1211174.0,2313453.0,131971.0,122259.0,22570.0,169060.0,11197249.0
2022-08-01,13601601.0,0.9,1548003.0,777122.0,19087330.0,584088.0,100912.0,1633811.0,4004407.0,1729578.0,3216627.0,18503242.0,818640.0,937275.0,1801576.0,838324.0,127675.0,17897510.0,254670.0,4132083.0,1845073.0,22303957.0,3508351.0,1663277.0,351062.0,1.0,9642664.0,1902488.0,889013.0,1215852.0,2325126.0,132411.0,122259.0,23347.0,170969.0,11276475.0
2022-09-01,13701420.0,0.7,1553963.0,784617.0,19216750.0,600946.0,100973.0,1641393.0,4008970.0,1744375.0,3215064.0,18615803.0,818142.0,944085.0,1802845.0,832608.0,128047.0,17987206.0,255095.0,4137018.0,1851982.0,22431814.0,3537092.0,1685110.0,373503.0,0.6,9721447.0,1903818.0,896841.0,1217316.0,2338580.0,132836.0,122259.0,23465.0,173354.0,11362840.0
2022-10-01,13678587.0,0.8,1561150.0,784197.0,19362347.0,615028.0,100518.0,1650050.0,4101716.0,1743773.0,3217377.0,18747319.0,818344.0,951137.0,1804291.0,903431.0,128076.0,18096208.0,259556.0,4229792.0,1881517.0,22579723.0,3602247.0,1720729.0,391555.0,0.7,9683189.0,1904809.0,908061.0,1228926.0,2345348.0,133210.0,126347.0,24128.0,175749.0,11333239.0
2022-11-01,13673262.0,0.4,1569585.0,784884.0,19431055.0,669087.0,102909.0,1660394.0,4120404.0,1745107.0,3207124.0,18761968.0,825120.0,958431.0,1810793.0,908421.0,127605.0,18093997.0,259880.0,4248010.0,1875690.0,22638179.0,3629760.0,1754071.0,408091.0,0.1,9658399.0,1913702.0,918552.0,1224511.0,2354469.0,133533.0,126347.0,25619.0,178302.0,11318793.0
2022-12-01,13688922.0,0.5,1579257.0,786773.0,19533360.0,715777.0,108444.0,1666859.0,4140611.0,1748764.0,3185248.0,18817583.0,839007.0,965968.0,1819547.0,903321.0,126634.0,18134604.0,260141.0,4267245.0,1867453.0,22718608.0,3652595.0,1785142.0,422838.0,0.3,9656033.0,1927992.0,930618.0,1223421.0,2366030.0,133795.0,126347.0,27905.0,180989.0,11322892.0
2023-01-01,13832319.0,2.4,1593550.0,796435.0,20002851.0,841370.0,101447.0,1679792.0,4086533.0,1768055.0,2852244.0,19161480.0,858646.0,973747.0,1836090.0,706328.0,125163.0,18475214.0,259450.0,4211696.0,1891461.0,22855095.0,3694457.0,1802995.0,426816.0,1.8,9762542.0,1937537.0,947143.0,1335224.0,2389985.0,134018.0,125432.0,28885.0,183703.0,11442334.0
2023-02-01,13883810.0,0.8,1602188.0,800711.0,20153096.0,930806.0,93031.0,1688235.0,4128965.0,1776084.0,2831076.0,19222290.0,877496.0,981232.0,1843675.0,713883.0,123919.0,18532105.0,259684.0,4252884.0,1900640.0,22984172.0,3723316.0,1822676.0,430501.0,0.3,9792677.0,1936706.0,963541.0,1339802.0,2402899.0,134251.0,125432.0,30137.0,186414.0,11480912.0
2023-03-01,13934138.0,0.7,1610499.0,804813.0,20284973.0,1079838.0,83581.0,1695424.0,4149437.0,1783843.0,2819407.0,19205135.0,896610.0,988424.0,1846182.0,699431.0,122902.0,18511313.0,259940.0,4272339.0,1927570.0,23104380.0,3771786.0,1844216.0,433882.0,-0.1,9823402.0,1929763.0,980196.0,1344686.0,2415312.0,134507.0,125432.0,31345.0,188942.0,11518826.0
2023-04-01,14003687.0,0.4,1618946.0,809934.0,20374134.0,1017070.0,79576.0,1702002.0,4146493.0,1793763.0,2819872.0,19357064.0,912738.0,995321.0,1854763.0,665698.0,122112.0,18638696.0,260873.0,4268605.0,1937251.0,23194006.0,3797128.0,1859878.0,457495.0,0.8,9872804.0,1934339.0,984009.0,1349072.0,2428881.0,134797.0,126076.0,32037.0,191627.0,11574806.0
2023-05-01,14081296.0,0.5,1627906.0,815266.0,20473343.0,1055213.0,75882.0,1710654.0,4167040.0,1804242.0,2826500.0,19418130.0,916048.0,1001924.0,1858170.0,668119.0,121389.0,18676378.0,261161.0,4288429.0,1943665.0,23299842.0,3815476.0,1871811.0,480590.0,0.3,9927470.0,1934052.0,984832.0,1354495.0,2443172.0,135085.0,126076.0,32560.0,193893.0,11638124.0
2023-06-01,14168947.0,0.3,1637961.0,820952.0,20533637.0,1026989.0,72447.0,1722306.0,4167130.0,1815531.0,2838878.0,19506648.0,906052.0,1008234.0,1868870.0,666655.0,120732.0,18742097.0,261447.0,4287863.0,1926476.0,23372515.0,3806496.0,1880020.0,503104.0,0.5,9987728.0,1941317.0,983425.0,1356281.0,2458913.0,135372.0,126076.0,33598.0,196310.0,11710034.0
2023-07-01,14236695.0,0.2,1647948.0,825162.0,20574983.0,949616.0,69244.0,1737819.0,4147431.0,1824085.0,2852828.0,19625367.0,882709.0,1014250.0,1875272.0,660206.0,120143.0,18850517.0,264709.0,4267574.0,1923243.0,23427811.0,3816712.0,1893469.0,510140.0,0.6,10025767.0,1944515.0,986400.0,1357538.0,2473110.0,135668.0,129041.0,34106.0,198624.0,11763586.0
2023-08-01,14311456.0,0.4,1657921.0,829657.0,20666761.0,972813.0,66204.0,1751779.0,4150159.0,1833323.0,2866374.0,19693948.0,865030.0,1019971.0,1888078.0,667865.0,119655.0,18911553.0,264998.0,4269814.0,1928513.0,23533135.0,3836763.0,1908251.0,517398.0,0.3,10072099.0,1954282.0,994141.0,1361513.0,2487578.0,135957.0,129041.0,34932.0,200848.0,11823878.0
2023-09-01,14386155.0,0.4,1667819.0,833950.0,20757366.0,906304.0,63285.0,1763345.0,4144786.0,1842300.0,2878795.0,19851062.0,853799.0,1025399.0,1901687.0,664612.0,122869.0,19024890.0,265302.0,4267655.0,1930871.0,23636161.0,3855263.0,1924393.0,560870.0,0.8,10121042.0,1964972.0,1004414.0,1363117.0,2501768.0,136261.0,129041.0,34989.0,202870.0,11884387.0
2023-10-01,14415196.0,0.3,1677636.0,835149.0,20826016.0,940964.0,57940.0,1772154.0,4149374.0,1845389.0,2882235.0,19885052.0,848789.0,1030533.0,1911126.0,651571.0,118985.0,19069530.0,268573.0,4268360.0,1945847.0,23708251.0,3891778.0,1945931.0,546948.0,0.2,10130258.0,1969066.0,1009240.0,1378383.0,2512785.0,136569.0,132004.0,35268.0,204831.0,11902412.0
2023-11-01,14482070.0,0.4,1687425.0,838650.0,20918081.0,965765.0,50566.0,1779491.0,4148229.0,1853057.0,2893890.0,19952316.0,853115.0,1035374.0,1923310.0,647828.0,122276.0,19151017.0,268894.0,4270505.0,1959422.0,23811972.0,3925263.0,1965841.0,532404.0,0.3,10176504.0,1973876.0,1013314.0,1369894.0,2526075.0,136890.0,132004.0,35337.0,206681.0,11955995.0
2023-12-01,14546478.0,0.4,1697150.0,841697.0,20996351.0,919944.0,42012.0,1790316.0,4171938.0,1860061.0,2906722.0,20076407.0,866718.0,1039920.0,1925486.0,648018.0,118702.0,19289914.0,269194.0,4290640.0,1956160.0,23903073.0,3940221.0,1984061.0,517299.0,0.6,10217315.0,1967498.0,1018298.0,1373670.0,2538847.0,137190.0,132004.0,35153.0,208459.0,12007631.0
2024-01-01,14686576.0,1.3,1712326.0,845227.0,21278841.0,1173543.0,39545.0,1803580.0,4271831.0,1872538.0,2947883.0,20105298.0,889680.0,1044172.0,1930120.0,671202.0,139470.0,19308453.0,271011.0,4411301.0,2032071.0,24226725.0,3999672.0,1967601.0,525835.0,0.1,10325442.0,1969665.0,1032049.0,1421899.0,2557553.0,137515.0,133496.0,34773.0,210104.0,12129022.0
2024-02-01,14836505.0,0.4,1722779.0,850394.0,21364591.0,1146168.0,38114.0,1815806.0,4320973.0,1883477.0,2966354.0,20218423.0,906410.0,1049000.0,1933043.0,693866.0,127102.0,19412699.0,271354.0,4448076.0,1961222.0,24330945.0,3912244.0,1951022.0,534370.0,0.6,10447525.0,1971157.0,1046441.0,1425004.0,2573174.0,137858.0,133496.0,34955.0,211739.0,12263331.0
2024-03-01,14948135.0,0.6,1733032.0,854585.0,21492288.0,1124509.0,37880.0,1829323.0,4350932.0,1892540.0,2982621.0,20367780.0,918355.0,1054402.0,1937710.0,697055.0,128002.0,19553172.0,271701.0,4478934.0,1970590.0,24474909.0,3904927.0,1934337.0,542906.0,0.7,10531194.0,1975590.0,1059864.0,1432737.0,2587618.0,138205.0,133496.0,35029.0,213354.0,12360517.0
2024-04-01,14914135.0,0.1,1741374.0,851263.0,21521425.0,1098141.0,39470.0,1835671.0,4362289.0,1887046.0,2989652.0,20423284.0,922338.0,1060379.0,1955688.0,694111.0,136266.0,19603274.0,272695.0,4498555.0,1979202.0,24511077.0,3929554.0,1950352.0,547314.0,0.3,10485828.0,1995158.0,1060721.0,1435870.0,2592636.0,138594.0,134101.0,34478.0,215113.0,12321499.0
2024-05-01,14955129.0,0.3,1749878.0,853007.0,21576721.0,1054601.0,41059.0,1842875.0,4380262.0,1891190.0,3007514.0,20522120.0,925222.0,1066931.0,1961918.0,697826.0,129826.0,19697331.0,273066.0,4510089.0,1987462.0,24584235.0,3953712.0,1966251.0,551723.0,0.5,10509369.0,2002977.0,1053518.0,1438736.0,2602885.0,138964.0,134101.0,34773.0,216773.0,12352244.0
2024-06-01,14967613.0,0.1,1759541.0,852728.0,21607723.0,1030624.0,42649.0,1851323.0,4397603.0,1891367.0,3019001.0,20577098.0,926428.0,1074059.0,1966098.0,698586.0,130751.0,19747490.0,273477.0,4528354.0,1985339.0,24626724.0,3967381.0,1982042.0,556131.0,0.3,10504021.0,2008747.0,1045997.0,1444585.0,2612269.0,139376.0,134101.0,35588.0,218357.0,12355344.0
2024-07-01,14986955.0,0.1,1768427.0,853023.0,21630730.0,931922.0,45949.0,1858974.0,4419316.0,1892598.0,3038555.0,20698808.0,926221.0,1081761.0,1968255.0,706727.0,131684.0,19866269.0,274232.0,4551000.0,1984483.0,24669285.0,3958743.0,1974260.0,558308.0,0.6,10506532.0,2014204.0,1050981.0,1448782.0,2621450.0,139805.0,134427.0,35918.0,219907.0,12365505.0
2024-08-01,15038402.0,0.1,1776844.0,855487.0,21644448.0,904337.0,49249.0,1866649.0,4427850.0,1897918.0,3056815.0,20740111.0,930782.0,1090038.0,1965651.0,696903.0,132626.0,19904952.0,274673.0,4560476.0,1963308.0,24701262.0,3929672.0,1966364.0,560485.0,0.2,10539422.0,2014899.0,1055731.0,1452826.0,2632331.0,140247.0,134427.0,35745.0,221556.0,12406071.0
2024-09-01,15082842.0,0.3,1784624.0,857578.0,21712516.0,830673.0,44123.0,1874116.0,4466144.0,1902517.0,3067183.0,20881843.0,940247.0,1098890.0,1967309.0,710700.0,133576.0,20044053.0,275128.0,4599719.0,1969532.0,24779699.0,3927893.0,1958362.0,562662.0,0.7,10566524.0,2011432.0,1060329.0,1457802.0,2642202.0,140702.0,134427.0,35368.0,223136.0,12440640.0
2024-10-01,15151449.0,0.5,1792670.0,861254.0,21830259.0,870640.0,49435.0,1886343.0,4488409.0,1909985.0,3091178.0,20959619.0,937719.0,1108317.0,1974775.0,710965.0,134534.0,20123196.0,275979.0,4622943.0,1996814.0,24921437.0,3963593.0,1966779.0,560444.0,0.4,10611182.0,2024210.0,1069227.0,1470644.0,2653924.0,141169.0,134810.0,36047.0,224717.0,12497525.0
2024-11-01,15233348.0,0.2,1799450.0,866006.0,21883576.0,813800.0,54746.0,1893830.0,4486247.0,1919453.0,3109637.0,21069776.0,942304.0,1118319.0,1979141.0,696306.0,135502.0,20235069.0,276481.0,4621749.0,1977596.0,24993213.0,3952683.0,1975087.0,558225.0,0.5,10674062.0,2033887.0,1071000.0,1466779.0,2665456.0,141671.0,134810.0,36282.0,226258.0,12567892.0
2024-12-01,15287183.0,0.4,1805802.0,868881.0,21965184.0,724060.0,60058.0,1902881.0,4498680.0,1925280.0,3115417.0,21241124.0,954274.0,1128896.0,1988367.0,685467.0,136478.0,20408100.0,277017.0,4635158.0,1975345.0,25080601.0,3958632.0,1983287.0,556007.0,0.8,10709618.0,2048424.0,1076483.0,1466326.0,2674683.0,142206.0,134810.0,35898.0,227818.0,12612499.0
2025-01-01,15332537.0,0.7,1817176.0,873297.0,22108875.0,946533.0,54040.0,1913360.0,4579852.0,1938679.0,3137941.0,21162343.0,974934.0,1140048.0,1991411.0,694194.0,139576.0,20351496.0,251186.0,4719429.0,2010885.0,25246817.0,4004576.0,1993692.0,559661.0,-0.4,10728705.0,2045451.0,1083502.0,1505379.0,2690472.0,142776.0,108410.0,35851.0,229447.0,12642064.0
2025-02-01,15402751.0,0.9,1827872.0,877018.0,22300507.0,1019791.0,48022.0,1920844.0,4661545.0,1946060.0,3141009.0,21280717.0,989202.0,1150531.0,2000113.0,743206.0,162464.0,20439308.0,278094.0,4824009.0,2015587.0,25441516.0,4019740.0,2004153.0,563315.0,0.6,10777017.0,2048134.0,1092941.0,1511743.0,2704890.0,143284.0,134810.0,35900.0,230963.0,12697861.0
