Date,Clothing and footwear,Durable goods,Energy goods and services,Final consumption expenditures of nonprofit institutions serving households (NPISHs),Financial services and insurance,Food and beverages purchased for off-premises consumption,Food services and accommodations,Furnishings and durable household equipment,Gasoline and other energy goods,Goods,Gross output of nonprofit institutions,Health care,Household consumption expenditures (for services),Housing,Housing and utilities,Less: Receipts from sales of goods and services by nonprofit institutions,Market-based PCE,Market-based PCE excluding food and energy,Motor vehicles and parts,Nondurable goods,Other durable goods,Other nondurable goods,Other services,PCE excluding food and energy,"PCE excluding food, energy, and housing",PCE services excluding energy and housing,Personal consumption expenditures (PCE),Recreation services,Recreational goods and vehicles,Services,Transportation services
1959-01-01,51.205,63.517,10.466,48.39,9.913,16.034,9.287,56.465,9.793,27.809,8.074,5.44,9.62,11.93,11.421,4.504,,,30.19,18.294,33.292,15.431,10.654,15.501,16.378,9.401,15.164,12.35,331.285,10.152,12.017
1959-02-01,51.194,63.554,10.613,48.183,9.933,15.973,9.335,56.434,9.987,27.822,8.084,5.45,9.636,11.936,11.43,4.523,,,30.235,18.302,33.343,15.429,10.649,15.513,16.392,9.415,15.179,12.415,331.295,10.167,12.048
1959-03-01,51.224,63.634,10.622,48.524,9.933,15.942,9.351,56.485,9.982,27.816,8.158,5.459,9.651,11.941,11.439,4.569,,,30.315,18.289,33.33,15.442,10.661,15.531,16.413,9.428,15.189,12.508,331.015,10.185,12.105
1959-04-01,51.31,63.698,10.678,49.087,9.916,15.898,9.41,56.648,10.049,27.836,8.309,5.483,9.681,11.996,11.486,4.67,,,30.344,18.3,33.36,15.504,10.657,15.57,16.447,9.444,15.219,12.59,329.991,10.221,12.14
1959-05-01,51.366,63.804,10.653,49.17,9.911,15.862,9.464,56.726,9.994,27.825,8.406,5.511,9.696,11.999,11.495,4.748,,,30.442,18.28,33.353,15.538,10.643,15.589,16.471,9.454,15.227,12.61,329.64,10.238,12.153
1959-06-01,51.418,63.931,10.636,49.15,9.924,15.916,9.486,56.831,9.953,27.886,8.465,5.527,9.732,12.052,11.544,4.8,,,30.561,18.321,33.346,15.61,10.698,15.635,16.513,9.478,15.271,12.693,329.044,10.275,12.184
1959-07-01,51.431,63.962,10.625,49.776,9.95,15.944,9.533,56.798,9.904,27.911,8.564,5.538,9.763,12.058,11.56,4.854,,,30.602,18.34,33.363,15.669,10.757,15.672,16.559,9.518,15.303,12.77,329.228,10.312,12.219
1959-08-01,51.655,63.665,10.758,49.952,9.968,15.885,9.546,56.832,10.066,27.916,8.645,5.561,9.791,12.063,11.572,4.914,,,30.25,18.375,33.321,15.736,10.832,15.697,16.59,9.553,15.325,12.852,329.735,10.342,12.257
1959-09-01,51.7,63.773,10.723,50.184,10.008,15.957,9.576,56.819,10.003,27.982,8.729,5.599,9.819,12.068,11.582,4.975,,,30.363,18.423,33.353,15.81,10.878,15.738,16.642,9.59,15.365,12.886,329.881,10.373,12.278
1959-10-01,51.709,63.728,10.879,50.02,10.053,15.962,9.58,56.812,10.203,28.027,8.79,5.643,9.853,12.116,11.627,5.037,,,30.325,18.467,33.341,15.803,10.909,15.765,16.662,9.617,15.402,12.959,329.641,10.408,12.282
1959-11-01,51.695,63.779,10.898,49.793,10.092,15.892,9.623,56.818,10.219,27.998,8.816,5.683,9.882,12.12,11.635,5.072,,,30.392,18.436,33.279,15.822,10.945,15.794,16.699,9.654,15.412,13.006,329.747,10.435,12.313
1959-12-01,51.722,63.808,10.919,49.071,10.138,15.887,9.63,56.849,10.221,28.005,8.785,5.704,9.909,12.166,11.682,5.084,,,30.4,18.44,33.344,15.841,10.956,15.818,16.716,9.668,15.43,13.021,329.786,10.457,12.339
1960-01-01,51.662,63.672,10.871,48.414,10.22,15.863,9.673,56.913,10.146,27.956,8.664,5.675,9.923,12.167,11.685,5.013,,,30.184,18.41,33.356,15.858,10.967,15.822,16.72,9.684,15.421,13.051,330.434,10.466,12.377
1960-02-01,51.891,63.775,10.863,47.589,10.24,15.844,9.713,57.008,10.116,27.969,8.644,5.732,9.946,12.167,11.693,5.041,,,30.231,18.411,33.401,15.863,10.971,15.852,16.759,9.709,15.437,13.091,331.158,10.484,12.397
1960-03-01,51.936,63.589,10.803,46.867,10.261,15.927,9.713,57.126,10.023,27.986,8.633,5.781,9.958,12.164,11.693,5.073,,,29.953,18.445,33.435,15.886,10.977,15.853,16.762,9.722,15.446,13.096,332.004,10.49,12.393
1960-04-01,52.133,63.665,10.866,46.558,10.314,16.088,9.725,57.182,10.094,28.125,8.657,5.828,9.982,12.163,11.7,5.111,,,30.008,18.561,33.412,15.875,11.011,15.882,16.8,9.753,15.502,13.129,332.132,10.512,12.397
1960-05-01,52.107,63.658,10.85,45.95,10.352,16.089,9.722,57.195,10.061,28.115,8.673,5.894,10.014,12.208,11.74,5.16,,,29.976,18.553,33.431,15.877,11.038,15.908,16.819,9.777,15.518,13.121,332.641,10.54,12.399
1960-06-01,52.076,63.485,10.897,45.524,10.398,16.061,9.729,57.191,10.13,28.091,8.691,5.939,10.037,12.21,11.742,5.201,,,29.779,18.549,33.464,15.868,11.072,15.917,16.831,9.806,15.525,13.171,332.51,10.56,12.438
1960-07-01,52.162,63.491,10.982,45.227,10.437,16.06,9.76,57.246,10.241,28.125,8.684,5.969,10.065,12.246,11.775,5.212,,,29.755,18.578,33.461,15.87,11.084,15.945,16.855,9.83,15.553,13.195,332.776,10.586,12.462
1960-08-01,52.33,63.505,11.068,45.123,10.484,16.065,9.757,57.251,10.352,28.172,8.7,6.006,10.084,12.248,11.78,5.233,,,29.766,18.619,33.452,15.877,11.105,15.968,16.885,9.855,15.579,13.266,332.844,10.604,12.478
1960-09-01,52.41,63.227,11.057,45.094,10.518,16.075,9.763,57.331,10.336,28.152,8.732,6.04,10.106,12.265,11.794,5.264,,,29.441,18.63,33.441,15.889,11.143,15.981,16.896,9.882,15.588,13.274,333.001,10.626,12.508
1960-10-01,52.406,63.174,11.004,45.018,10.569,16.165,9.774,57.381,10.26,28.181,8.75,6.056,10.119,12.267,11.798,5.284,,,29.377,18.661,33.415,15.884,11.15,15.99,16.907,9.9,15.606,13.297,332.641,10.639,12.535
1960-11-01,52.335,63.588,11.111,44.976,10.604,16.226,9.768,57.315,10.413,28.303,8.77,6.079,10.144,12.32,11.84,5.305,,,29.843,18.727,33.453,15.901,11.165,16.033,16.946,9.915,15.659,13.297,332.43,10.664,12.579
1960-12-01,52.46,63.129,11.059,45.234,10.623,16.289,9.801,57.382,10.337,28.284,8.795,6.077,10.154,12.32,11.842,5.312,,,29.298,18.754,33.444,15.902,11.16,16.028,16.939,9.933,15.662,13.336,332.247,10.677,12.646
1961-01-01,52.368,63.281,11.089,45.372,10.6,16.268,9.814,57.353,10.38,28.295,8.805,6.067,10.152,12.323,11.844,5.313,,,29.474,18.749,33.518,15.919,11.143,16.032,16.944,9.929,15.665,13.392,331.991,10.676,12.647
1961-02-01,52.462,63.303,11.097,45.658,10.606,16.282,9.852,57.339,10.366,28.309,8.822,6.06,10.166,12.328,11.856,5.312,,,29.516,18.758,33.485,15.911,11.148,16.048,16.963,9.946,15.679,13.458,331.788,10.692,12.684
1961-03-01,52.45,63.34,11.01,45.947,10.606,16.259,9.851,57.383,10.239,28.268,8.823,6.049,10.168,12.329,11.859,5.296,,,29.576,18.719,33.363,15.916,11.152,16.053,16.969,9.95,15.67,13.459,331.394,10.696,12.736
1961-04-01,52.27,63.475,10.837,45.973,10.614,16.221,9.893,57.396,9.987,28.184,8.816,6.04,10.189,12.379,11.899,5.288,,,29.73,18.633,33.361,15.924,11.163,16.075,16.982,9.962,15.661,13.47,331.339,10.718,12.762
1961-05-01,52.369,63.626,10.903,46.193,10.62,16.146,9.902,57.438,10.07,28.182,8.833,6.04,10.2,12.381,11.906,5.291,,,29.885,18.616,33.377,15.923,11.18,16.096,17.008,9.978,15.67,13.506,331.286,10.731,12.831
1961-06-01,52.312,63.721,10.918,46.575,10.67,16.084,9.912,57.485,10.102,28.156,8.86,6.037,10.219,12.416,11.931,5.294,,,30.006,18.585,33.327,15.922,11.204,16.12,17.028,9.997,15.677,13.528,330.684,10.753,12.834
1961-07-01,52.512,63.77,10.993,46.629,10.733,16.125,9.946,57.434,10.211,28.23,8.864,6.043,10.236,12.433,11.945,5.294,,,30.098,18.644,33.332,15.919,11.193,16.145,17.056,10.016,15.711,13.563,330.305,10.771,12.874
1961-08-01,52.557,63.873,11.045,46.869,10.792,16.102,9.941,57.45,10.31,28.253,8.879,6.045,10.243,12.434,11.939,5.294,,,30.218,18.654,33.355,15.915,11.205,16.162,17.077,10.032,15.724,13.605,329.937,10.78,12.895
1961-09-01,52.609,64.047,11.057,47.115,10.846,16.065,10.014,57.387,10.327,28.255,8.92,6.063,10.266,12.435,11.942,5.316,,,30.46,18.639,33.298,15.905,11.222,16.194,17.119,10.068,15.742,13.64,329.972,10.805,12.895
1961-10-01,52.54,63.989,11.0,46.991,10.887,16.067,10.012,57.393,10.231,28.224,8.91,6.066,10.277,12.438,11.948,5.315,,,30.405,18.617,33.308,15.912,11.237,16.199,17.125,10.081,15.741,13.688,329.336,10.815,12.93
1961-11-01,52.547,63.689,11.043,46.977,10.941,16.038,10.052,57.407,10.295,28.192,8.914,6.077,10.292,12.44,11.949,5.319,,,30.068,18.618,33.314,15.926,11.253,16.202,17.128,10.102,15.742,13.682,328.858,10.83,12.931
1961-12-01,52.529,63.775,10.935,46.996,11.0,16.065,10.059,57.371,10.136,28.178,8.917,6.09,10.304,12.438,11.949,5.32,,,30.195,18.597,33.293,15.919,11.259,16.216,17.147,10.121,15.746,13.721,328.577,10.843,12.96
1962-01-01,52.193,63.721,10.965,46.992,11.093,16.138,10.055,57.378,10.168,28.206,8.936,6.108,10.334,12.485,11.989,5.338,,,30.136,18.627,33.338,15.948,11.284,16.235,17.156,10.146,15.776,13.746,328.211,10.873,12.988
1962-02-01,52.259,63.815,11.044,46.867,11.13,16.224,10.087,57.408,10.297,28.308,8.944,6.135,10.353,12.5,11.998,5.353,,,30.232,18.708,33.347,15.959,11.294,16.262,17.186,10.17,15.818,13.774,328.126,10.892,13.019
1962-03-01,52.575,63.944,10.904,47.128,11.146,16.264,10.109,57.452,10.092,28.331,8.968,6.139,10.371,12.522,12.015,5.359,,,30.355,18.716,33.403,15.989,11.326,16.3,17.23,10.191,15.839,13.806,327.757,10.912,13.033
1962-04-01,52.52,63.832,11.047,47.151,11.184,16.272,10.112,57.383,10.302,28.369,9.005,6.177,10.381,12.49,11.991,5.391,,,30.415,18.761,32.679,15.986,11.347,16.303,17.244,10.219,15.857,13.823,327.573,10.922,13.099
1962-05-01,52.509,63.848,11.035,47.153,11.209,16.241,10.144,57.33,10.285,28.342,9.018,6.18,10.406,12.54,12.031,5.402,,,30.456,18.735,32.717,15.969,11.369,16.326,17.257,10.236,15.867,13.84,327.22,10.948,13.107
1962-06-01,52.613,64.048,10.947,47.064,11.229,16.224,10.194,57.327,10.156,28.329,9.031,6.207,10.427,12.541,12.034,5.419,,,30.548,18.702,33.426,15.953,11.387,16.356,17.297,10.266,15.877,13.879,326.738,10.968,13.142
1962-07-01,52.669,64.096,10.852,47.127,11.22,16.17,10.238,57.326,10.006,28.27,9.036,6.215,10.437,12.554,12.047,5.42,,,30.599,18.645,33.452,15.953,11.38,16.37,17.31,10.275,15.868,13.883,326.625,10.979,13.158
1962-08-01,52.48,64.104,10.97,46.98,11.186,16.223,10.232,57.278,10.167,28.328,9.042,6.236,10.447,12.587,12.078,5.433,,,30.67,18.696,33.269,15.954,11.377,16.372,17.302,10.275,15.891,13.902,326.535,10.989,13.145
1962-09-01,53.131,64.159,11.176,47.198,11.175,16.416,10.201,57.243,10.474,28.576,9.08,6.257,10.454,12.587,12.079,5.455,,,30.762,18.913,33.277,15.966,11.41,16.404,17.345,10.287,15.969,13.939,326.093,10.997,13.159
1962-10-01,53.045,63.86,11.109,47.167,11.167,16.364,10.254,57.289,10.399,28.488,9.087,6.268,10.467,12.591,12.076,5.463,,,30.421,18.865,33.262,15.977,11.435,16.403,17.342,10.308,15.953,13.974,325.777,11.01,13.154
1962-11-01,52.801,63.883,11.116,47.077,11.198,16.379,10.277,57.299,10.41,28.486,9.102,6.3,10.485,12.595,12.08,5.481,,,30.452,18.862,33.216,15.989,11.457,16.415,17.356,10.332,15.964,14.002,325.84,11.027,13.167
1962-12-01,52.617,63.86,11.191,47.286,11.222,16.273,10.307,57.288,10.522,28.436,9.121,6.3,10.495,12.598,12.082,5.486,,,30.435,18.818,33.248,15.995,11.487,16.42,17.361,10.348,15.958,14.015,325.504,11.039,13.124
1963-01-01,52.818,63.765,11.112,47.564,11.262,16.416,10.318,57.289,10.394,28.499,9.14,6.307,10.522,12.649,12.127,5.488,,,30.33,18.886,33.296,16.016,11.523,16.451,17.386,10.37,15.997,14.005,325.35,11.069,13.149
1963-02-01,52.898,63.905,11.1,47.58,11.225,16.442,10.351,57.29,10.379,28.533,9.162,6.326,10.532,12.65,12.128,5.507,,,30.464,18.901,33.366,16.013,11.552,16.47,17.41,10.385,16.014,14.014,325.315,11.079,13.127
1963-03-01,52.921,63.993,11.025,47.645,11.206,16.371,10.357,57.239,10.268,28.476,9.171,6.328,10.537,12.649,12.129,5.511,,,30.55,18.841,33.413,16.011,11.571,16.48,17.423,10.394,16.001,14.054,325.998,11.085,13.145
1963-04-01,52.987,64.004,11.001,47.716,11.199,16.295,10.369,57.265,10.234,28.451,9.18,6.336,10.546,12.665,12.142,5.515,,,30.573,18.816,33.338,16.082,11.582,16.5,17.444,10.402,16.0,14.068,325.784,11.094,13.137
1963-05-01,52.926,64.046,11.044,47.852,11.198,16.291,10.409,57.289,10.298,28.483,9.209,6.351,10.568,12.699,12.169,5.533,,,30.598,18.841,33.309,16.144,11.598,16.53,17.472,10.423,16.026,14.109,326.327,11.118,13.162
1963-06-01,53.019,64.2,10.926,47.846,11.22,16.447,10.405,57.302,10.136,28.583,9.228,6.376,10.576,12.702,12.168,5.55,,,30.753,18.915,33.315,16.223,11.612,16.558,17.508,10.436,16.061,14.131,326.401,11.126,13.147
1963-07-01,53.117,64.151,11.028,48.021,11.245,16.509,10.394,57.312,10.299,28.662,9.265,6.389,10.587,12.708,12.169,5.573,,,30.698,18.993,33.294,16.233,11.638,16.573,17.526,10.454,16.093,14.207,326.502,11.139,13.168
1963-08-01,53.151,64.118,11.128,47.939,11.283,16.514,10.394,57.31,10.46,28.71,9.295,6.42,10.599,12.712,12.17,5.604,,,30.666,19.04,33.284,16.262,11.65,16.588,17.544,10.471,16.115,14.229,326.497,11.15,13.159
1963-09-01,53.089,64.522,10.979,47.936,11.295,16.452,10.434,57.446,10.224,28.665,9.304,6.432,10.613,12.715,12.176,5.612,,,31.03,18.954,33.261,16.269,11.659,16.618,17.583,10.488,16.112,14.265,327.304,11.164,13.166
1963-10-01,53.226,64.529,11.053,47.981,11.312,16.432,10.478,57.453,10.322,28.704,9.318,6.438,10.641,12.763,12.218,5.622,,,31.01,18.989,33.294,16.324,11.684,16.655,17.615,10.51,16.143,14.331,327.86,11.193,13.16
1963-11-01,53.374,64.428,11.021,48.097,11.36,16.518,10.471,57.558,10.262,28.74,9.348,6.449,10.657,12.767,12.224,5.642,,,30.853,19.032,33.259,16.325,11.709,16.67,17.634,10.532,16.166,14.379,328.317,11.211,13.23
1963-12-01,53.425,64.442,11.037,48.063,11.418,16.553,10.472,57.59,10.307,28.796,9.368,6.474,10.669,12.766,12.218,5.661,,,30.839,19.082,34.304,16.395,11.73,16.694,17.665,10.553,16.19,14.4,322.519,11.222,13.22
1964-01-01,53.508,64.502,11.0,47.938,11.465,16.672,10.497,57.567,10.277,28.873,9.389,6.507,10.686,12.766,12.212,5.688,,,30.95,19.146,33.996,16.403,11.748,16.717,17.696,10.58,16.224,14.427,323.148,11.238,13.252
1964-02-01,53.509,64.633,10.994,47.914,11.51,16.676,10.494,57.573,10.277,28.895,9.392,6.522,10.71,12.799,12.236,5.691,,,31.064,19.152,34.064,16.415,11.786,16.749,17.727,10.604,16.247,14.462,323.607,11.263,13.313
1964-03-01,53.53,64.543,10.973,47.985,11.569,16.677,10.538,57.541,10.232,28.879,9.419,6.539,10.729,12.802,12.241,5.711,,,30.983,19.147,34.033,16.426,11.802,16.765,17.746,10.631,16.257,14.474,323.707,11.283,13.32
1964-04-01,53.609,64.572,10.967,47.805,11.606,16.689,10.547,57.552,10.196,28.888,9.422,6.563,10.745,12.803,12.252,5.724,,,30.982,19.152,34.274,16.43,11.818,16.78,17.766,10.647,16.269,14.486,323.159,11.298,13.319
1964-05-01,53.653,64.5,10.933,47.764,11.649,16.654,10.578,57.532,10.134,28.846,9.429,6.576,10.765,12.821,12.27,5.733,,,30.921,19.121,34.284,16.42,11.842,16.794,17.779,10.668,16.271,14.499,322.782,11.318,13.308
1964-06-01,53.65,64.494,10.943,48.129,11.688,16.732,10.582,57.503,10.135,28.887,9.464,6.584,10.777,12.82,12.274,5.744,,,30.95,19.16,34.303,16.413,11.865,16.806,17.795,10.689,16.294,14.569,321.928,11.333,13.307
1964-07-01,53.682,64.531,10.942,48.164,11.724,16.784,10.582,57.422,10.132,28.926,9.48,6.602,10.79,12.821,12.276,5.755,,,31.015,19.192,34.319,16.424,11.893,16.823,17.816,10.708,16.315,14.597,322.046,11.347,13.304
1964-08-01,53.593,64.437,10.924,48.083,11.764,16.775,10.583,57.385,10.118,28.9,9.498,6.628,10.82,12.871,12.312,5.776,,,30.939,19.178,34.317,16.427,11.923,16.845,17.829,10.734,16.327,14.649,321.679,11.377,13.37
1964-09-01,53.512,64.39,10.956,48.112,11.807,16.872,10.575,57.314,10.165,28.957,9.503,6.641,10.832,12.871,12.312,5.779,,,30.92,19.236,34.318,16.44,11.953,16.852,17.839,10.751,16.352,14.686,321.499,11.388,13.372
1964-10-01,53.412,64.233,10.99,48.118,11.855,16.885,10.605,57.302,10.214,28.951,9.54,6.67,10.849,12.871,12.312,5.811,,,30.754,19.249,34.334,16.447,11.969,16.859,17.847,10.776,16.362,14.678,321.265,11.405,13.385
1964-11-01,53.581,64.342,11.011,48.145,11.881,16.9,10.595,57.233,10.245,28.999,9.563,6.697,10.86,12.871,12.312,5.83,,,30.894,19.281,34.384,16.466,11.993,16.883,17.879,10.794,16.385,14.703,321.193,11.418,13.401
1964-12-01,53.715,64.397,11.055,48.319,11.892,16.909,10.612,57.18,10.311,29.039,9.582,6.709,10.876,12.886,12.326,5.837,,,30.997,19.311,34.379,16.472,12.025,16.907,17.905,10.813,16.409,14.716,320.734,11.435,13.401
1965-01-01,53.814,64.365,11.12,48.513,11.877,16.875,10.654,57.158,10.409,29.058,9.617,6.731,10.892,12.885,12.323,5.858,,,31.015,19.332,34.147,16.51,12.061,16.93,17.935,10.84,16.427,14.74,320.626,11.453,13.437
1965-02-01,53.797,64.329,11.114,48.949,11.875,16.829,10.668,57.186,10.413,29.04,9.654,6.735,10.907,12.918,12.346,5.867,,,30.978,19.319,34.106,16.554,12.087,16.95,17.951,10.855,16.434,14.754,320.38,11.471,13.435
1965-03-01,53.702,64.309,11.157,49.064,11.865,16.889,10.698,57.135,10.478,29.086,9.669,6.74,10.917,12.919,12.347,5.874,,,30.983,19.365,34.048,16.579,12.106,16.96,17.963,10.872,16.455,14.773,320.417,11.483,13.484
1965-04-01,53.782,64.257,11.17,49.054,11.886,16.947,10.715,57.105,10.51,29.134,9.695,6.771,10.934,12.922,12.346,5.897,,,30.936,19.416,34.246,16.611,12.131,16.98,17.989,10.898,16.481,14.806,319.562,11.499,13.515
1965-05-01,53.846,64.319,11.169,49.412,11.904,17.034,10.703,57.116,10.51,29.209,9.741,6.79,10.953,12.958,12.375,5.918,,,31.013,19.479,34.283,16.661,12.146,17.011,18.018,10.915,16.518,14.838,318.902,11.521,13.549
1965-06-01,54.026,63.825,11.204,49.358,11.937,17.329,10.707,57.156,10.575,29.347,9.756,6.809,10.964,12.96,12.374,5.935,,,30.457,19.668,34.338,16.694,12.167,17.007,18.011,10.933,16.566,14.878,318.518,11.532,13.553
1965-07-01,54.083,63.777,11.191,49.379,11.978,17.335,10.722,57.064,10.556,29.343,9.759,6.814,10.983,12.974,12.387,5.936,,,30.477,19.671,34.282,16.694,12.2,17.024,18.029,10.956,16.578,14.911,317.911,11.552,13.586
1965-08-01,54.327,63.838,11.19,49.395,12.01,17.213,10.813,56.963,10.543,29.299,9.763,6.828,11.006,12.973,12.393,5.939,,,30.621,19.623,34.192,16.696,12.218,17.056,18.071,10.99,16.582,14.928,317.294,11.576,13.597
1965-09-01,54.146,63.827,11.213,49.633,12.049,17.151,10.877,56.936,10.589,29.264,9.803,6.85,11.03,12.974,12.393,5.961,,,30.654,19.59,34.076,16.706,12.255,17.076,18.098,11.029,16.59,14.95,316.662,11.602,13.625
1965-10-01,54.214,63.317,11.285,49.74,12.093,17.171,10.887,56.923,10.672,29.234,9.818,6.864,11.05,12.99,12.413,5.969,,,30.191,19.627,33.833,16.718,12.274,17.07,18.084,11.05,16.595,14.967,315.461,11.623,13.659
1965-11-01,54.344,63.332,11.273,49.962,12.143,17.203,10.913,56.959,10.655,29.263,9.839,6.876,11.076,13.025,12.443,5.975,,,30.244,19.652,33.742,16.728,12.301,17.102,18.115,11.077,16.623,14.955,314.371,11.651,13.695
1965-12-01,54.474,63.738,11.314,50.143,12.228,17.313,10.929,56.964,10.703,29.411,9.872,6.899,11.099,13.029,12.451,5.994,,,30.763,19.74,33.605,16.771,12.333,17.154,18.181,11.11,16.683,15.016,313.347,11.675,13.681
1966-01-01,54.645,63.232,11.307,50.191,12.319,17.413,10.953,56.991,10.704,29.421,9.882,6.916,11.122,13.067,12.478,6.001,,,30.172,19.814,33.678,16.807,12.327,17.159,18.176,11.132,16.703,15.071,313.338,11.699,13.667
1966-02-01,54.791,63.459,11.285,50.437,12.424,17.661,10.965,57.006,10.671,29.597,9.922,6.961,11.145,13.085,12.493,6.023,,,30.392,19.952,33.71,16.827,12.313,17.201,18.225,11.161,16.772,15.101,313.996,11.724,13.663
1966-03-01,54.912,63.443,11.296,50.575,12.505,17.805,11.019,57.046,10.674,29.691,9.94,6.968,11.162,13.084,12.497,6.031,,,30.357,20.044,33.694,16.858,12.304,17.223,18.254,11.187,16.813,15.156,314.252,11.743,13.664
1966-04-01,55.075,63.622,11.296,50.763,12.571,17.886,11.018,57.158,10.674,29.785,9.986,7.012,11.205,13.13,12.535,6.061,,,30.468,20.11,33.985,16.905,12.384,17.285,18.319,11.235,16.871,15.209,313.847,11.788,13.696
1966-05-01,55.227,63.633,11.33,51.104,12.629,17.783,11.108,57.218,10.725,29.766,10.023,7.036,11.241,13.127,12.533,6.076,,,30.455,20.09,33.979,16.948,12.466,17.331,18.38,11.293,16.892,15.255,313.896,11.827,13.691
1966-06-01,55.405,63.695,11.328,50.96,12.681,17.786,11.197,57.346,10.721,29.802,10.069,7.092,11.287,13.134,12.539,6.124,,,30.472,20.116,34.041,16.992,12.554,17.387,18.45,11.357,16.934,15.256,313.626,11.873,13.742
1966-07-01,55.716,63.885,11.372,51.282,12.74,17.724,11.246,57.552,10.786,29.841,10.098,7.12,11.315,13.141,12.545,6.132,,,30.59,20.129,34.089,17.021,12.594,17.438,18.515,11.399,16.967,15.25,313.902,11.904,13.807
1966-08-01,55.684,63.937,11.385,51.526,12.813,17.973,11.256,57.717,10.819,29.998,10.137,7.159,11.34,13.146,12.545,6.153,,,30.555,20.27,34.09,17.055,12.63,17.47,18.555,11.439,17.032,15.269,314.486,11.931,13.869
1966-09-01,55.975,63.975,11.451,51.515,12.864,18.021,11.295,57.852,10.916,30.076,10.178,7.211,11.384,13.198,12.585,6.19,,,30.518,20.34,34.158,17.068,12.669,17.524,18.608,11.485,17.086,15.336,314.789,11.976,13.929
1966-10-01,56.124,64.076,11.472,51.917,12.906,18.019,11.332,57.967,10.948,30.117,10.244,7.259,11.428,13.249,12.626,6.227,,,30.539,20.366,34.389,17.098,12.722,17.581,18.667,11.535,17.131,15.397,314.844,12.024,13.966
1966-11-01,56.309,64.136,11.495,52.093,12.934,17.958,11.407,58.132,10.984,30.131,10.279,7.294,11.458,13.252,12.627,6.248,,,30.513,20.371,34.489,17.154,12.758,17.625,18.723,11.579,17.156,15.44,315.035,12.055,14.015
1966-12-01,56.614,64.461,11.515,52.02,12.915,17.917,11.485,58.347,11.002,30.186,10.292,7.318,11.485,13.267,12.643,6.263,,,30.805,20.382,34.48,17.177,12.788,17.679,18.788,11.612,17.192,15.474,315.133,12.083,14.068
1967-01-01,56.783,64.148,11.556,52.139,12.894,17.821,11.538,58.354,11.064,30.127,10.34,7.363,11.511,13.303,12.672,6.299,,,30.302,20.366,34.719,17.203,12.783,17.695,18.798,11.638,17.193,15.516,316.92,12.11,14.092
1967-02-01,56.975,64.047,11.566,52.056,12.856,17.792,11.594,58.368,11.067,30.124,10.355,7.404,11.541,13.339,12.705,6.316,,,30.231,20.376,34.771,17.239,12.809,17.727,18.828,11.667,17.213,15.54,315.41,12.14,14.132
1967-03-01,57.193,64.077,11.543,52.142,12.828,17.74,11.638,58.332,11.035,30.112,10.401,7.435,11.559,13.34,12.706,6.351,,,30.285,20.361,34.702,17.251,12.839,17.754,18.863,11.693,17.222,15.575,315.728,12.159,14.164
1967-04-01,57.315,64.249,11.608,52.451,12.833,17.649,11.722,58.449,11.134,30.126,10.445,7.467,11.591,13.357,12.719,6.374,,,30.435,20.352,34.723,17.279,12.872,17.803,18.921,11.738,17.251,15.631,315.714,12.194,14.228
1967-05-01,57.49,64.398,11.599,52.879,12.841,17.676,11.76,58.578,11.134,30.179,10.494,7.492,11.613,13.359,12.72,6.395,,,30.547,20.384,34.781,17.297,12.915,17.842,18.972,11.777,17.284,15.679,315.653,12.22,14.278
1967-06-01,57.691,64.471,11.615,52.883,12.882,17.804,11.789,58.672,11.133,30.272,10.535,7.54,11.653,13.408,12.766,6.43,,,30.585,20.463,34.752,17.292,12.946,17.887,19.015,11.814,17.339,15.744,316.038,12.261,14.297
1967-07-01,57.98,64.839,11.625,52.91,12.916,17.878,11.839,58.827,11.149,30.411,10.561,7.572,11.678,13.411,12.77,6.452,,,30.95,20.547,34.808,17.373,12.96,17.948,19.093,11.85,17.398,15.807,315.724,12.286,14.357
1967-08-01,58.136,65.092,11.642,53.049,12.951,17.954,11.872,59.002,11.163,30.527,10.619,7.628,11.707,13.414,12.777,6.495,,,31.161,20.625,34.94,17.463,12.982,18.003,19.164,11.891,17.452,15.859,315.462,12.316,14.407
1967-09-01,58.286,65.315,11.727,53.212,13.014,17.933,11.917,59.148,11.278,30.604,10.653,7.66,11.748,13.464,12.822,6.516,,,31.358,20.67,35.03,17.535,13.009,18.067,19.231,11.933,17.505,15.941,315.232,12.36,14.451
1967-10-01,58.469,65.652,11.662,53.238,13.109,17.964,11.957,59.241,11.18,30.677,10.68,7.698,11.787,13.499,12.851,6.538,,,31.676,20.696,35.011,17.601,13.038,18.134,19.308,11.978,17.554,16.021,316.372,12.399,14.475
1967-11-01,58.686,65.852,11.76,53.422,13.194,17.996,12.028,59.35,11.315,30.785,10.74,7.744,11.823,13.504,12.858,6.58,,,31.807,20.773,35.091,17.658,13.061,18.192,19.382,12.03,17.612,16.101,317.396,12.437,14.512
1967-12-01,58.941,65.714,11.683,53.825,13.27,18.012,12.076,59.543,11.199,30.783,10.788,7.779,11.861,13.517,12.87,6.601,,,31.493,20.788,35.18,17.711,13.104,18.237,19.436,12.085,17.64,16.215,318.318,12.479,14.581
1968-01-01,59.216,66.019,11.748,53.977,13.31,18.106,12.111,59.982,11.296,30.939,10.843,7.823,11.911,13.566,12.91,6.642,,,31.624,20.897,35.207,17.78,13.196,18.318,19.525,12.143,17.722,16.292,319.343,12.531,14.641
1968-02-01,59.606,66.157,11.77,54.12,13.463,18.178,12.183,60.249,11.329,31.045,10.882,7.855,11.969,13.598,12.937,6.668,,,31.646,20.98,35.26,17.822,13.279,18.397,19.618,12.218,17.794,16.387,319.853,12.591,14.71
1968-03-01,59.915,66.321,11.757,54.008,13.638,18.206,12.222,60.59,11.299,31.114,10.934,7.92,12.023,13.616,12.956,6.719,,,31.695,21.025,35.286,17.874,13.346,18.47,19.707,12.289,17.852,16.435,319.904,12.646,14.773
1968-04-01,60.34,66.436,11.715,54.281,13.708,18.265,12.254,60.803,11.234,31.201,10.974,7.945,12.064,13.665,12.996,6.74,,,31.743,21.093,35.208,17.952,13.391,18.538,19.78,12.333,17.908,16.502,320.268,12.689,14.835
1968-05-01,60.674,66.577,11.757,54.573,13.831,18.326,12.329,60.916,11.298,31.311,11.018,7.969,12.111,13.7,13.026,6.762,,,31.825,21.179,35.248,18.016,13.44,18.608,19.861,12.392,17.974,16.549,320.901,12.739,14.884
1968-06-01,61.017,66.695,11.796,54.596,13.956,18.319,12.409,61.056,11.344,31.377,11.082,8.028,12.165,13.717,13.044,6.816,,,31.868,21.226,35.285,18.075,13.496,18.681,19.95,12.464,18.032,16.622,321.602,12.794,14.954
1968-07-01,61.31,66.891,11.798,54.872,14.087,18.372,12.453,61.21,11.346,31.466,11.113,8.047,12.204,13.753,13.072,6.83,,,31.949,21.286,35.514,18.111,13.531,18.743,20.019,12.512,18.087,16.698,322.466,12.836,14.981
1968-08-01,61.677,67.101,11.881,55.178,14.191,18.443,12.516,61.392,11.459,31.596,11.184,8.097,12.253,13.767,13.089,6.875,,,32.041,21.383,35.739,18.146,13.593,18.816,20.11,12.58,18.161,16.767,323.23,12.888,15.06
1968-09-01,62.013,67.378,11.837,55.174,14.28,18.511,12.589,61.59,11.392,31.693,11.228,8.141,12.303,13.82,13.132,6.913,,,32.192,21.438,35.958,18.185,13.637,18.892,20.192,12.634,18.224,16.808,324.282,12.939,15.091
1968-10-01,62.236,67.608,11.86,55.546,14.376,18.639,12.622,61.752,11.426,31.834,11.296,8.191,12.355,13.857,13.166,6.954,,,32.316,21.544,36.181,18.245,13.707,18.969,20.28,12.701,18.304,16.862,325.027,12.995,15.188
1968-11-01,62.431,67.872,11.897,55.759,14.47,18.67,12.694,61.95,11.483,31.935,11.341,8.228,12.399,13.876,13.184,6.982,,,32.5,21.605,36.315,18.315,13.76,19.041,20.367,12.762,18.366,16.908,325.395,13.042,15.274
1968-12-01,62.725,67.727,11.839,56.197,14.577,18.674,12.743,62.092,11.394,31.937,11.397,8.262,12.449,13.928,13.231,7.008,,,32.206,21.627,36.509,18.38,13.812,19.098,20.426,12.821,18.404,16.947,326.131,13.096,15.33
1969-01-01,63.08,67.846,11.915,56.573,14.742,18.739,12.797,62.285,11.496,32.042,11.447,8.308,12.505,13.964,13.264,7.033,,,32.162,21.712,36.829,18.395,13.862,19.17,20.509,12.893,18.476,17.015,327.138,13.156,15.421
1969-02-01,63.267,68.109,11.938,56.813,14.801,18.708,12.854,62.477,11.531,32.095,11.515,8.367,12.547,13.981,13.278,7.079,,,32.343,21.727,36.931,18.432,13.917,19.236,20.588,12.951,18.523,17.042,327.7,13.2,15.49
1969-03-01,63.483,68.44,12.047,57.336,14.894,18.765,12.894,62.732,11.67,32.237,11.614,8.435,12.608,14.022,13.32,7.138,,,32.601,21.819,37.016,18.496,13.981,19.326,20.693,13.028,18.61,17.128,327.87,13.266,15.627
1969-04-01,63.727,68.566,12.132,57.554,14.988,18.877,12.961,62.929,11.772,32.382,11.679,8.497,12.662,14.042,13.345,7.183,,,32.598,21.943,37.235,18.589,14.038,19.4,20.783,13.1,18.692,17.196,328.521,13.323,15.738
1969-05-01,64.024,68.594,12.127,57.924,15.085,18.992,13.039,63.161,11.751,32.475,11.738,8.541,12.729,14.131,13.42,7.216,,,32.462,22.028,37.272,18.623,14.087,19.478,20.856,13.166,18.767,17.274,330.135,13.393,15.815
1969-06-01,64.314,68.765,12.182,58.408,15.147,19.217,13.102,63.264,11.82,32.673,11.8,8.584,12.772,14.149,13.44,7.245,,,32.576,22.197,37.383,18.686,14.144,19.545,20.937,13.226,18.858,17.331,330.606,13.44,15.879
1969-07-01,64.751,68.882,12.153,58.586,15.216,19.33,13.178,63.493,11.753,32.793,11.866,8.627,12.838,14.234,13.518,7.293,,,32.597,22.296,37.489,18.777,14.204,19.636,21.028,13.29,18.941,17.395,330.678,13.509,15.962
1969-08-01,64.652,69.003,12.171,58.891,15.285,19.39,13.251,63.585,11.766,32.859,11.929,8.673,12.883,14.253,13.537,7.332,,,32.69,22.344,37.49,18.853,14.267,19.691,21.095,13.351,18.993,17.462,330.949,13.557,16.005
1969-09-01,65.054,69.024,12.174,59.147,15.366,19.515,13.354,63.753,11.746,32.974,12.016,8.738,12.945,14.304,13.586,7.394,,,32.605,22.452,37.687,18.927,14.308,19.77,21.182,13.424,19.072,17.506,331.159,13.622,16.094
1969-10-01,65.216,69.319,12.199,59.221,15.451,19.51,13.482,63.947,11.747,33.036,12.069,8.797,13.011,14.356,13.637,7.435,,,32.842,22.472,37.787,18.965,14.362,19.855,21.275,13.497,19.137,17.568,331.271,13.69,16.152
1969-11-01,65.539,69.439,12.17,59.507,15.527,19.692,13.537,64.043,11.679,33.184,12.137,8.848,13.064,14.409,13.688,7.479,,,32.942,22.598,37.854,19.057,14.403,19.931,21.357,13.555,19.22,17.645,330.996,13.747,16.218
1969-12-01,65.713,69.427,12.226,60.068,15.628,19.866,13.6,64.113,11.749,33.324,12.224,8.898,13.127,14.462,13.734,7.526,,,32.913,22.735,37.919,19.127,14.468,20.005,21.437,13.632,19.308,17.705,330.48,13.814,16.387
1970-01-01,65.846,69.409,12.21,59.922,15.651,20.002,13.668,64.203,11.713,33.419,12.298,8.969,13.186,14.52,13.785,7.596,,,32.905,22.828,37.916,19.208,14.491,20.071,21.505,13.695,19.377,17.763,329.531,13.874,16.607
1970-02-01,66.077,69.511,12.257,60.153,15.692,20.098,13.783,64.388,11.76,33.537,12.345,9.01,13.245,14.557,13.822,7.626,,,32.919,22.928,38.076,19.293,14.542,20.148,21.593,13.768,19.454,17.837,329.532,13.935,16.796
1970-03-01,66.037,69.622,12.142,60.127,15.737,20.123,13.871,64.363,11.587,33.547,12.411,9.078,13.309,14.621,13.879,7.683,,,33.0,22.923,38.122,19.378,14.613,20.223,21.67,13.837,19.502,17.886,330.548,14.0,16.849
1970-04-01,66.212,69.681,12.421,60.326,15.785,20.189,14.024,64.603,11.983,33.719,12.467,9.139,13.376,14.655,13.915,7.721,,,33.04,23.079,38.158,19.452,14.701,20.303,21.763,13.923,19.601,17.977,329.07,14.07,16.883
1970-05-01,66.359,69.798,12.384,60.586,15.819,20.272,14.097,64.61,11.914,33.786,12.535,9.205,13.434,14.718,13.97,7.766,,,33.137,23.128,38.341,19.493,14.762,20.375,21.836,13.987,19.663,18.05,328.994,14.132,16.927
1970-06-01,66.613,69.883,12.348,60.537,15.89,20.267,14.145,64.603,11.821,33.82,12.603,9.266,13.493,14.77,14.023,7.827,,,33.246,23.148,38.371,19.588,14.819,20.448,21.916,14.047,19.714,18.097,328.63,14.191,17.028
1970-07-01,66.771,70.091,12.42,60.638,15.933,20.308,14.223,64.715,11.905,33.929,12.643,9.307,13.548,14.807,14.077,7.857,,,33.421,23.225,38.436,19.681,14.868,20.526,22.005,14.113,19.786,18.183,328.771,14.248,17.132
1970-08-01,66.901,70.282,12.331,60.818,15.958,20.358,14.276,64.714,11.746,33.977,12.682,9.339,13.6,14.874,14.137,7.882,,,33.609,23.245,38.511,19.755,14.927,20.597,22.077,14.164,19.838,18.25,329.173,14.302,17.229
1970-09-01,67.268,70.529,12.426,61.366,16.061,20.452,14.315,64.76,11.84,34.125,12.755,9.387,13.661,14.914,14.185,7.917,,,33.853,23.353,38.565,19.802,15.003,20.683,22.176,14.237,19.927,18.333,329.571,14.368,17.368
1970-10-01,67.518,70.992,12.571,61.756,16.161,20.501,14.364,64.94,11.995,34.29,12.817,9.427,13.73,14.983,14.257,7.951,,,34.341,23.449,38.466,19.87,15.088,20.785,22.287,14.308,20.026,18.413,330.349,14.441,17.479
1970-11-01,67.84,71.511,12.651,62.081,16.239,20.441,14.442,65.134,12.051,34.381,12.875,9.462,13.801,15.035,14.333,7.985,,,34.623,23.468,38.779,19.926,15.181,20.892,22.41,14.388,20.105,18.521,334.124,14.516,17.562
1970-12-01,68.123,71.908,12.737,62.248,16.287,20.452,14.525,65.281,12.133,34.497,12.933,9.528,13.877,15.135,14.426,8.026,,,35.049,23.527,38.806,19.981,15.243,20.997,22.515,14.458,20.194,18.567,334.551,14.595,17.674
1971-01-01,68.278,72.296,12.793,62.862,16.355,20.292,14.617,65.342,12.179,34.508,12.973,9.54,13.928,15.172,14.468,8.031,,,35.363,23.485,38.91,20.053,15.315,21.08,22.611,14.52,20.237,18.656,336.35,14.651,17.733
1971-02-01,68.495,72.529,12.724,63.075,16.434,20.328,14.695,65.528,12.039,34.561,12.999,9.564,13.988,15.24,14.533,8.042,,,35.531,23.504,38.981,20.111,15.399,21.16,22.694,14.58,20.296,18.727,336.368,14.714,17.765
1971-03-01,68.58,72.622,12.71,63.576,16.503,20.444,14.723,65.499,11.981,34.644,13.038,9.591,14.045,15.29,14.593,8.052,,,35.523,23.57,39.018,20.16,15.471,21.228,22.766,14.646,20.363,18.798,338.628,14.776,17.947
1971-04-01,68.784,72.837,12.641,63.517,16.615,20.621,14.749,65.676,11.842,34.777,13.084,9.645,14.103,15.341,14.643,8.094,,,35.585,23.669,39.115,20.251,15.529,21.307,22.853,14.707,20.443,18.848,340.669,14.834,18.072
1971-05-01,69.182,72.996,12.664,63.926,16.723,20.706,14.819,65.757,11.853,34.893,13.141,9.684,14.173,15.425,14.718,8.122,,,35.663,23.758,39.168,20.308,15.598,21.4,22.947,14.779,20.528,18.887,341.94,14.908,18.204
1971-06-01,69.349,73.16,12.727,64.141,16.846,20.842,14.883,65.885,11.9,35.03,13.201,9.726,14.243,15.494,14.788,8.163,,,35.703,23.869,39.371,20.372,15.669,21.485,23.035,14.852,20.619,18.945,343.077,14.981,18.335
1971-07-01,69.568,73.33,12.693,64.397,16.961,20.868,14.926,65.913,11.798,35.072,13.248,9.762,14.311,15.533,14.838,8.191,,,35.806,23.886,39.502,20.415,15.791,21.567,23.13,14.935,20.681,19.006,344.212,15.053,18.504
1971-08-01,69.254,72.79,12.999,64.949,17.084,20.908,15.004,66.156,12.209,35.107,13.315,9.802,14.377,15.589,14.898,8.222,,,35.056,23.994,39.615,20.475,15.849,21.597,23.151,15.01,20.741,19.052,344.236,15.124,18.644
1971-09-01,69.537,72.386,13.047,65.093,17.158,20.902,15.047,66.132,12.256,35.093,13.353,9.827,14.425,15.642,14.949,8.247,,,34.547,24.039,39.813,20.535,15.922,21.633,23.18,15.059,20.772,19.118,344.697,15.174,18.653
1971-10-01,69.596,72.331,13.063,65.205,17.229,20.935,15.078,66.119,12.284,35.119,13.389,9.857,14.458,15.661,14.964,8.272,,,34.528,24.073,39.723,20.563,15.998,21.667,23.219,15.103,20.804,19.112,344.342,15.209,18.678
1971-11-01,69.669,72.396,13.035,65.358,17.309,20.994,15.113,66.096,12.202,35.151,13.427,9.899,14.504,15.7,15.006,8.297,,,34.587,24.097,39.877,20.586,16.065,21.716,23.27,15.152,20.847,19.129,344.207,15.256,18.691
1971-12-01,69.776,72.657,13.076,65.299,17.411,21.172,15.133,66.25,12.23,35.303,13.491,9.945,14.558,15.749,15.055,8.355,,,34.746,24.208,40.098,20.613,16.147,21.784,23.343,15.208,20.929,19.182,345.068,15.311,18.744
1972-01-01,69.999,73.031,13.016,65.868,17.593,21.316,15.179,66.325,12.105,35.444,13.554,9.974,14.617,15.8,15.107,8.381,,,35.062,24.294,40.328,20.7,16.201,21.877,23.448,15.278,21.015,19.237,345.905,15.375,18.836
1972-02-01,70.099,73.073,13.007,66.04,17.679,21.585,15.208,66.311,12.069,35.598,13.615,10.013,14.669,15.847,15.151,8.425,,,35.134,24.441,40.288,20.749,16.29,21.936,23.509,15.336,21.098,19.311,345.726,15.43,18.879
1972-03-01,70.142,73.154,13.031,65.965,17.743,21.549,15.247,66.417,12.07,35.601,13.641,10.037,14.71,15.898,15.203,8.45,,,35.219,24.433,40.278,20.772,16.337,21.979,23.549,15.372,21.128,19.327,345.137,15.471,18.903
1972-04-01,70.218,73.382,12.984,66.057,17.787,21.54,15.324,66.499,11.974,35.624,13.668,10.062,14.747,15.913,15.221,8.469,,,35.374,24.421,40.329,20.807,16.4,22.03,23.611,15.417,21.16,19.355,346.556,15.508,18.914
1972-05-01,70.301,73.483,13.048,66.257,17.846,21.545,15.387,66.565,12.057,35.677,13.693,10.075,14.788,15.963,15.266,8.481,,,35.438,24.459,40.591,20.844,16.461,22.081,23.662,15.46,21.207,19.379,346.089,15.552,18.938
1972-06-01,70.264,73.519,12.995,66.646,17.898,21.574,15.427,66.665,11.951,35.682,13.775,10.11,14.829,16.007,15.309,8.532,,,35.43,24.458,40.607,20.883,16.515,22.126,23.705,15.504,21.239,19.389,346.34,15.597,18.959
1972-07-01,70.34,73.662,13.089,66.747,17.971,21.696,15.465,66.834,12.069,35.806,13.874,10.18,14.884,16.059,15.359,8.611,,,35.483,24.56,40.73,20.91,16.559,22.189,23.771,15.564,21.315,19.439,346.901,15.654,19.028
1972-08-01,69.989,73.83,13.221,67.313,18.025,21.79,15.52,66.837,12.23,35.896,13.966,10.217,14.931,16.113,15.415,8.662,,,35.608,24.623,40.881,20.927,16.6,22.236,23.815,15.614,21.377,19.494,347.68,15.706,19.051
1972-09-01,70.593,74.014,13.385,67.651,18.049,21.944,15.592,67.075,12.45,36.106,14.022,10.241,14.977,16.17,15.469,8.693,,,35.717,24.805,40.963,20.961,16.652,22.31,23.894,15.661,21.473,19.532,347.715,15.756,19.101
1972-10-01,70.864,73.514,13.424,67.996,18.067,22.015,15.627,67.193,12.472,36.091,14.076,10.269,15.015,16.179,15.488,8.723,,,35.071,24.865,41.036,20.963,16.741,22.323,23.907,15.712,21.497,19.571,348.183,15.796,19.189
1972-11-01,71.018,73.561,13.479,68.22,18.095,22.109,15.695,67.325,12.529,36.179,14.12,10.303,15.068,16.25,15.556,8.75,,,35.043,24.945,41.171,20.989,16.799,22.382,23.961,15.762,21.561,19.598,348.446,15.852,19.242
1972-12-01,71.307,73.721,13.487,68.514,18.108,22.223,15.731,67.541,12.515,36.288,14.17,10.324,15.118,16.336,15.632,8.778,,,35.117,25.028,41.301,21.02,16.86,22.449,24.022,15.803,21.63,19.661,348.605,15.906,19.306
1973-01-01,71.382,73.72,13.569,67.815,17.843,22.546,15.765,67.594,12.548,36.47,14.119,10.35,15.142,16.427,15.732,8.768,,,35.093,25.21,41.223,21.051,16.847,22.463,24.011,15.782,21.695,19.644,348.981,15.924,19.39
1973-02-01,71.511,73.941,13.708,67.943,17.881,22.872,15.847,67.709,12.724,36.729,14.184,10.407,15.195,16.475,15.777,8.817,,,35.256,25.436,41.285,21.102,16.871,22.534,24.088,15.84,21.809,19.744,349.683,15.98,19.486
1973-03-01,72.053,74.05,13.759,68.233,17.964,23.439,15.94,67.829,12.771,37.093,14.263,10.453,15.261,16.521,15.825,8.87,,,35.315,25.79,41.196,21.193,16.974,22.625,24.192,15.919,21.964,19.834,350.487,16.049,19.536
1973-04-01,72.439,74.343,13.918,69.421,18.063,23.78,16.075,67.864,12.968,37.408,14.419,10.505,15.354,16.583,15.897,8.946,,,35.502,26.063,41.712,21.303,17.131,22.756,24.343,16.041,22.127,19.956,351.131,16.153,19.639
1973-05-01,72.648,74.506,13.998,69.14,18.143,24.017,16.26,68.114,13.074,37.6,14.431,10.54,15.431,16.665,15.966,8.97,,,35.549,26.232,41.874,21.35,17.201,22.844,24.432,16.118,22.236,20.005,351.501,16.228,19.716
1973-06-01,72.953,74.608,14.214,71.142,18.23,24.236,16.362,68.356,13.356,37.825,14.637,10.584,15.503,16.665,15.981,9.05,,,35.53,26.445,42.059,21.41,17.39,22.943,24.559,16.241,22.363,20.103,351.723,16.317,19.847
1973-07-01,72.872,74.766,14.233,72.404,18.259,24.265,16.461,68.501,13.372,37.89,14.873,10.611,15.582,16.727,16.034,9.191,,,35.586,26.486,42.272,21.51,17.647,23.041,24.667,16.347,22.444,20.12,352.319,16.406,19.891
1973-08-01,73.075,74.87,14.278,72.005,18.437,25.503,16.607,68.563,13.417,38.529,14.948,10.709,15.687,16.827,16.122,9.273,,,35.638,27.118,42.337,21.53,17.728,23.148,24.775,16.457,22.703,20.238,352.932,16.511,19.99
1973-09-01,73.246,74.924,14.277,74.264,18.503,25.511,16.877,68.743,13.355,38.558,15.173,10.754,15.787,16.862,16.17,9.358,,,35.567,27.138,42.517,21.596,17.915,23.265,24.916,16.607,22.793,20.344,353.496,16.628,20.055
1973-10-01,73.449,74.917,14.718,73.708,18.584,25.615,17.122,68.834,13.962,38.783,15.16,10.832,15.879,16.914,16.229,9.373,,,35.494,27.368,42.413,21.665,17.972,23.355,25.017,16.71,22.922,20.454,354.49,16.719,20.171
1973-11-01,73.658,75.129,15.27,74.323,18.672,25.949,17.314,69.125,14.707,39.2,15.257,10.88,15.969,16.979,16.305,9.426,,,35.565,27.758,42.678,21.784,18.088,23.468,25.142,16.814,23.11,20.522,354.614,16.815,20.247
1973-12-01,73.899,75.232,15.863,74.65,18.811,26.175,17.445,69.254,15.52,39.553,15.359,10.931,16.091,17.079,16.411,9.497,,,35.536,28.098,42.876,21.861,18.316,23.598,25.279,16.949,23.3,20.61,355.679,16.941,20.473
1974-01-01,74.206,75.542,16.706,76.075,19.003,26.561,17.553,69.851,16.585,40.083,15.535,11.015,16.179,17.071,16.463,9.58,,,35.48,28.585,43.218,22.002,18.44,23.714,25.433,17.07,23.523,20.686,357.752,17.042,20.519
1974-02-01,75.004,75.851,17.413,77.55,19.148,27.222,17.646,70.232,17.449,40.734,15.742,11.105,16.29,17.125,16.565,9.687,,,35.534,29.194,43.639,22.143,18.594,23.865,25.614,17.202,23.797,20.815,359.012,17.165,20.639
1974-03-01,75.773,76.38,18.22,78.487,19.281,27.65,17.763,70.982,18.471,41.352,15.95,11.225,16.422,17.128,16.624,9.82,,,35.696,29.736,44.142,22.333,18.926,24.051,25.855,17.382,24.073,20.954,360.094,17.307,20.771
1974-04-01,76.453,76.907,18.521,80.234,19.392,27.658,17.96,71.683,18.788,41.645,16.132,11.292,16.529,17.178,16.712,9.893,,,35.942,29.95,44.331,22.621,19.038,24.231,26.075,17.522,24.243,21.028,361.399,17.428,20.985
1974-05-01,77.294,77.715,18.878,81.772,19.53,27.837,18.116,72.364,19.206,42.111,16.377,11.435,16.665,17.183,16.75,10.029,,,36.512,30.294,44.597,22.956,19.302,24.464,26.379,17.725,24.482,21.389,363.135,17.578,21.175
1974-06-01,77.94,78.916,18.987,82.633,19.643,27.852,18.31,73.195,19.281,42.475,16.541,11.566,16.803,17.282,16.857,10.127,,,37.366,30.47,45.035,23.3,19.469,24.715,26.676,17.889,24.69,21.439,366.799,17.724,21.439
1974-07-01,78.577,79.97,19.132,81.921,19.77,27.843,18.522,74.117,19.396,42.834,16.568,11.674,16.919,17.334,16.927,10.182,,,38.103,30.666,45.237,23.733,19.576,24.934,26.947,18.021,24.872,21.608,369.574,17.837,21.633
1974-08-01,80.1,80.707,19.203,82.999,19.932,28.342,18.712,75.319,19.342,43.385,16.766,11.831,17.054,17.385,17.016,10.299,,,38.451,31.107,45.384,24.061,19.705,25.174,27.245,18.195,25.132,21.741,370.298,17.983,21.819
1974-09-01,80.217,81.76,19.265,83.759,20.076,28.933,18.854,76.109,19.302,43.934,16.95,11.959,17.194,17.485,17.132,10.419,,,39.03,31.495,46.39,24.406,19.858,25.4,27.51,18.357,25.393,21.894,373.382,18.132,22.138
1974-10-01,80.499,82.813,19.18,83.697,20.182,29.208,19.03,77.126,19.099,44.296,17.007,12.076,17.305,17.6,17.245,10.47,,,39.716,31.696,46.705,24.73,19.86,25.599,27.733,18.468,25.575,22.057,376.16,18.244,22.317
1974-11-01,80.945,83.339,19.196,84.652,20.328,29.55,19.171,77.851,19.027,44.65,17.15,12.185,17.425,17.684,17.339,10.546,,,39.905,31.97,47.01,25.048,19.959,25.786,27.951,18.613,25.767,22.242,377.901,18.374,22.589
1974-12-01,80.958,83.866,19.304,85.032,20.451,29.942,19.347,78.523,19.029,45.009,17.31,12.308,17.564,17.786,17.461,10.662,,,40.104,32.247,47.563,25.348,20.071,25.968,28.156,18.764,25.971,22.472,378.825,18.518,22.858
1975-01-01,80.935,83.965,19.562,85.012,20.557,30.083,19.481,79.056,19.091,45.171,17.374,12.398,17.72,17.984,17.716,10.716,,,39.806,32.393,47.599,25.581,20.112,26.119,28.288,18.875,26.132,22.632,381.867,18.677,23.094
1975-02-01,81.148,84.592,19.634,87.347,20.649,30.027,19.651,79.691,19.078,45.326,17.598,12.5,17.838,18.082,17.83,10.801,,,40.204,32.453,47.814,25.845,20.229,26.304,28.498,19.022,26.274,22.771,383.472,18.813,23.217
1975-03-01,81.273,85.377,19.691,88.274,20.755,29.86,19.73,80.065,19.156,45.425,17.704,12.571,17.915,18.132,17.875,10.85,,,40.92,32.433,48.014,25.967,20.353,26.441,28.663,19.126,26.363,22.821,385.196,18.898,23.37
1975-04-01,81.329,86.063,19.802,86.027,20.907,29.712,19.828,80.696,19.186,45.51,17.668,12.67,18.019,18.228,17.992,10.915,,,41.062,32.415,48.169,26.123,20.385,26.57,28.799,19.203,26.452,22.89,392.425,18.989,23.547
1975-05-01,81.4,86.112,19.957,88.338,21.025,29.736,19.908,81.02,19.405,45.594,17.87,12.739,18.114,18.325,18.079,10.984,,,40.94,32.491,48.465,26.155,20.532,26.683,28.915,19.328,26.558,22.947,391.943,19.102,23.708
1975-06-01,81.328,86.325,20.275,88.875,21.13,29.99,19.957,81.122,19.805,45.86,18.072,12.878,18.235,18.424,18.183,11.128,,,41.151,32.724,48.605,26.244,20.707,26.813,29.053,19.464,26.724,23.038,391.919,19.229,23.927
1975-07-01,81.81,86.718,20.717,90.752,21.145,30.422,20.05,81.45,20.444,46.329,18.393,12.979,18.356,18.522,18.279,11.312,,,41.361,33.134,48.891,26.308,21.024,26.978,29.238,19.619,26.953,23.11,393.394,19.366,24.056
1975-08-01,82.138,87.092,20.91,90.244,21.176,30.613,20.191,81.639,20.647,46.564,18.409,13.066,18.428,18.576,18.349,11.347,,,41.642,33.313,49.079,26.359,21.035,27.071,29.342,19.689,27.07,23.189,394.623,19.436,24.133
1975-09-01,81.869,87.524,21.161,90.858,21.254,30.589,20.323,82.109,20.844,46.675,18.588,13.21,18.564,18.673,18.478,11.469,,,41.955,33.358,49.174,26.48,21.16,27.218,29.502,19.836,27.204,23.345,395.067,19.579,24.395
1975-10-01,82.072,87.94,21.346,89.568,21.418,30.856,20.461,82.498,21.04,46.952,18.549,13.318,18.682,18.825,18.63,11.492,,,42.205,33.573,49.379,26.574,21.181,27.354,29.629,19.928,27.362,23.411,396.251,19.69,24.498
1975-11-01,82.297,88.336,21.481,90.561,21.681,31.024,20.602,83.047,21.051,47.144,18.744,13.464,18.84,18.925,18.765,11.61,,,42.349,33.706,49.576,26.682,21.351,27.535,29.834,20.111,27.538,23.565,397.823,19.858,24.682
1975-12-01,82.432,89.077,21.551,92.863,21.711,31.143,20.707,83.177,21.027,47.363,18.964,13.59,18.947,19.028,18.884,11.694,,,42.898,33.809,49.785,26.826,21.419,27.702,30.019,20.238,27.69,23.654,402.515,19.984,24.872
1976-01-01,82.798,89.476,21.536,93.542,21.761,31.122,20.783,83.527,21.016,47.481,19.082,13.675,19.04,19.128,18.968,11.762,,,43.029,33.866,50.098,26.971,21.541,27.844,30.172,20.346,27.795,23.812,405.217,20.083,25.049
1976-02-01,83.018,89.71,21.515,93.587,21.769,30.759,20.925,83.967,20.855,47.374,19.135,13.761,19.129,19.229,19.089,11.803,,,43.318,33.718,50.079,27.142,21.584,27.955,30.283,20.423,27.831,23.836,402.316,20.174,25.106
1976-03-01,83.097,89.751,21.455,92.996,21.715,30.577,21.006,84.205,20.682,47.296,19.176,13.867,19.219,19.329,19.194,11.863,,,43.5,33.632,50.336,27.27,21.69,28.047,30.371,20.501,27.873,23.899,397.195,20.262,25.261
1976-04-01,83.288,90.293,21.354,93.095,21.594,30.493,21.117,84.348,20.47,47.34,19.271,13.95,19.288,19.379,19.254,11.937,,,43.767,33.588,50.462,27.378,21.815,28.157,30.498,20.579,27.936,23.993,402.73,20.333,25.38
1976-05-01,83.744,90.738,21.508,93.241,21.548,30.61,21.254,84.46,20.616,47.561,19.39,14.044,19.384,19.481,19.36,12.03,,,43.98,33.741,50.613,27.478,21.923,28.29,30.639,20.673,28.069,24.073,407.197,20.432,25.539
1976-06-01,83.998,90.893,21.738,92.74,21.63,30.699,21.328,84.79,20.864,47.722,19.488,14.164,19.492,19.584,19.475,12.132,,,44.163,33.881,50.693,27.555,22.02,28.405,30.755,20.775,28.192,24.184,404.768,20.539,25.688
1976-07-01,84.474,91.385,21.802,92.13,21.873,30.813,21.469,85.117,20.92,47.927,19.577,14.236,19.612,19.683,19.568,12.232,,,44.34,34.009,50.958,27.639,22.203,28.561,30.928,20.904,28.335,24.296,408.974,20.657,25.791
1976-08-01,84.91,91.547,21.89,93.316,22.112,30.967,21.594,84.928,20.988,48.096,19.736,14.347,19.752,19.833,19.713,12.312,,,44.812,34.156,51.416,27.719,22.332,28.726,31.094,21.058,28.491,24.384,403.131,20.808,25.961
1976-09-01,85.209,92.283,22.056,93.881,22.264,31.073,21.706,85.172,21.146,48.357,19.876,14.443,19.866,19.935,19.828,12.403,,,45.288,34.302,51.869,27.846,22.429,28.894,31.28,21.182,28.651,24.502,407.02,20.929,26.135
1976-10-01,85.307,93.079,22.311,94.009,22.298,31.193,21.79,85.387,21.393,48.644,19.9,14.514,19.96,20.086,19.99,12.418,,,45.965,34.463,52.064,27.987,22.423,29.036,31.416,21.246,28.801,24.642,409.99,21.026,26.249
1976-11-01,85.62,93.246,22.576,94.735,22.365,31.212,21.873,85.626,21.622,48.807,20.041,14.652,20.071,20.189,20.122,12.504,,,46.0,34.602,52.122,28.178,22.514,29.168,31.555,21.355,28.932,24.693,411.109,21.144,26.319
1976-12-01,86.006,93.545,22.852,96.872,22.511,31.307,21.987,86.015,21.727,48.982,20.205,14.702,20.211,20.374,20.356,12.548,,,46.289,34.732,52.322,28.284,22.604,29.326,31.701,21.47,29.094,24.789,408.899,21.301,26.467
1977-01-01,86.506,94.222,23.048,98.547,22.42,31.388,22.112,86.701,21.921,49.253,20.433,14.81,20.325,20.527,20.515,12.666,,,46.373,34.896,52.992,28.437,22.743,29.505,31.885,21.584,29.263,24.866,414.959,21.429,26.61
1977-02-01,87.51,94.187,23.25,98.492,22.595,31.908,22.23,86.707,22.197,49.679,20.551,14.909,20.474,20.744,20.7,12.765,,,46.487,35.342,52.647,28.617,22.892,29.686,32.051,21.718,29.492,25.02,413.308,21.582,26.796
1977-03-01,86.657,94.332,23.496,98.153,22.721,32.11,22.39,86.797,22.388,49.816,20.658,15.055,20.625,20.879,20.858,12.867,,,46.68,35.459,52.598,28.77,23.013,29.812,32.172,21.864,29.64,25.094,412.441,21.734,27.08
1977-04-01,86.575,94.432,23.549,97.927,23.046,32.512,22.622,87.139,22.428,50.048,20.766,15.179,20.773,21.032,20.993,12.965,,,46.627,35.684,52.72,28.868,23.069,29.959,32.316,22.017,29.812,25.193,412.89,21.883,27.182
1977-05-01,87.172,94.744,23.637,97.714,23.287,32.695,22.809,87.321,22.571,50.289,20.817,15.273,20.888,21.15,21.092,13.015,,,46.678,35.881,53.021,28.971,23.107,30.112,32.477,22.141,29.963,25.262,416.336,21.999,27.331
1977-06-01,87.705,95.004,23.621,98.899,23.547,32.917,22.963,87.652,22.485,50.514,20.981,15.37,21.022,21.284,21.224,13.1,,,46.773,36.07,53.145,29.182,23.207,30.292,32.668,22.293,30.131,25.359,417.572,22.144,27.498
1977-07-01,88.572,95.453,23.673,100.594,23.914,32.961,23.069,87.943,22.408,50.684,21.174,15.45,21.159,21.403,21.362,13.189,,,47.058,36.168,53.466,29.273,23.344,30.479,32.874,22.449,30.287,25.426,418.85,22.295,27.629
1977-08-01,88.777,95.767,23.796,101.517,24.201,33.06,23.218,88.557,22.429,50.833,21.264,15.524,21.288,21.554,21.528,13.224,,,47.139,36.268,53.653,29.388,23.355,30.629,33.021,22.57,30.428,25.542,419.317,22.433,27.766
1977-09-01,88.164,95.911,23.902,101.769,24.398,33.087,23.324,88.629,22.559,50.904,21.31,15.629,21.415,21.741,21.702,13.251,,,47.264,36.316,53.711,29.586,23.364,30.758,33.129,22.686,30.543,25.661,419.438,22.565,27.933
1977-10-01,88.488,96.462,24.097,102.504,24.648,33.139,23.46,88.821,22.786,51.134,21.404,15.693,21.515,21.81,21.787,13.297,,,47.86,36.46,53.704,29.733,23.427,30.907,33.301,22.805,30.685,25.763,419.399,22.672,28.051
1977-11-01,89.146,96.867,24.318,102.403,24.852,33.38,23.561,89.099,22.994,51.441,21.495,15.788,21.639,21.949,21.937,13.377,,,48.151,36.709,53.871,29.854,23.537,31.067,33.465,22.919,30.861,25.88,420.396,22.798,28.093
1977-12-01,89.363,97.646,24.394,102.61,24.843,33.507,23.669,89.702,23.144,51.713,21.581,15.878,21.737,22.065,22.031,13.438,,,48.591,36.856,54.386,29.976,23.641,31.227,33.637,23.025,31.011,25.958,423.172,22.899,28.415
1978-01-01,89.126,98.043,24.36,104.469,25.444,33.82,23.789,89.623,23.13,51.933,21.836,16.024,21.889,22.167,22.112,13.57,,,48.936,37.017,54.666,30.099,23.703,31.414,33.848,23.236,31.194,26.143,424.899,23.067,28.549
1978-02-01,87.962,98.292,24.413,103.51,25.71,34.176,23.999,89.833,23.014,52.047,21.94,16.164,22.049,22.27,22.247,13.695,,,49.122,37.092,54.779,30.192,23.802,31.535,33.972,23.4,31.339,26.268,425.122,23.224,28.849
1978-03-01,88.439,98.811,24.555,103.598,26.089,34.615,24.182,90.423,23.061,52.411,22.043,16.267,22.186,22.359,22.371,13.776,,,49.357,37.381,55.014,30.301,23.908,31.706,34.167,23.55,31.542,26.397,427.261,23.365,28.772
1978-04-01,89.323,99.302,24.618,104.164,26.517,35.185,24.381,91.205,22.988,52.824,22.187,16.363,22.349,22.462,22.497,13.871,,,49.445,37.728,55.032,30.372,24.065,31.911,34.402,23.739,31.781,26.62,431.204,23.535,28.912
1978-05-01,89.821,99.877,24.744,104.984,26.606,35.733,24.62,91.661,23.029,53.248,22.342,16.459,22.491,22.616,22.659,13.964,,,49.77,38.071,55.619,30.498,24.188,32.099,34.597,23.88,32.008,26.711,432.278,23.686,29.085
1978-06-01,90.033,100.469,24.796,106.714,26.719,36.242,24.872,92.165,23.087,53.631,22.486,16.515,22.617,22.718,22.748,14.01,,,50.189,38.369,56.118,30.604,24.439,32.278,34.798,24.042,32.217,26.819,431.979,23.826,29.177
1978-07-01,89.73,100.938,24.895,108.7,26.728,36.383,25.095,92.408,23.233,53.874,22.783,16.68,22.751,22.819,22.84,14.172,,,50.545,38.54,56.447,30.948,24.591,32.468,35.013,24.221,32.393,26.954,432.672,23.976,29.383
1978-08-01,89.8,101.523,25.084,106.957,26.901,36.447,25.35,93.018,23.494,54.092,22.866,16.856,22.901,22.921,22.935,14.311,,,50.891,38.664,56.778,31.047,24.721,32.642,35.208,24.385,32.557,27.124,433.687,24.118,29.517
1978-09-01,89.866,102.04,25.315,109.508,26.973,36.578,25.498,93.646,23.795,54.348,23.045,16.949,23.039,23.124,23.113,14.353,,,51.135,38.84,57.158,31.194,24.8,32.83,35.387,24.53,32.742,27.344,434.755,24.276,29.812
1978-10-01,90.168,102.711,25.728,109.501,27.409,36.834,25.698,94.414,24.235,54.731,23.232,17.129,23.246,23.276,23.288,14.506,,,51.467,39.124,57.608,31.337,24.927,33.071,35.653,24.755,33.003,27.481,436.393,24.488,30.243
1978-11-01,90.222,103.308,25.99,108.074,27.64,37.02,25.916,94.836,24.64,55.05,23.357,17.337,23.389,23.428,23.424,14.668,,,51.819,39.352,58.222,31.502,25.014,33.249,35.835,24.893,33.19,27.577,437.627,24.624,29.927
1978-12-01,90.078,103.81,26.321,109.768,27.458,37.202,26.111,95.22,25.049,55.325,23.518,17.388,23.484,23.545,23.547,14.73,,,52.213,39.552,57.995,31.632,25.166,33.378,35.967,24.993,33.345,27.828,439.887,24.732,30.022
1979-01-01,90.379,104.161,26.596,111.636,26.95,37.939,26.32,95.601,25.273,55.855,23.847,17.623,23.61,23.683,23.701,14.922,,,52.367,40.047,58.16,31.904,25.318,33.549,36.146,25.122,33.597,28.001,441.528,24.874,30.244
1979-02-01,90.221,105.058,26.834,111.51,26.072,38.514,26.605,96.42,25.513,56.351,24.001,17.746,23.666,23.785,23.819,15.054,,,52.924,40.408,58.79,32.096,25.45,33.659,36.256,25.148,33.776,27.922,442.984,24.93,30.54
1979-03-01,90.429,105.642,27.638,112.014,26.313,38.796,26.861,96.895,26.662,56.888,24.143,17.85,23.817,23.882,23.928,15.15,,,53.278,40.868,58.968,32.282,25.596,33.852,36.477,25.325,34.04,28.16,445.478,25.088,30.724
1979-04-01,90.868,106.469,28.536,113.555,27.713,38.996,27.091,97.312,27.995,57.457,24.33,17.936,24.072,23.984,24.033,15.239,,,53.846,41.316,59.296,32.375,25.774,34.165,36.852,25.671,34.395,28.384,449.26,25.359,31.064
1979-05-01,91.354,106.811,29.49,113.519,28.736,39.267,27.401,97.482,29.38,57.999,24.423,18.038,24.35,24.238,24.274,15.317,,,54.058,41.823,59.734,32.512,25.957,34.462,37.158,25.969,34.751,28.594,450.057,25.642,31.323
1979-06-01,91.434,107.121,30.804,116.617,28.986,39.38,27.591,97.749,31.2,58.508,24.704,18.142,24.524,24.391,24.47,15.418,,,54.242,42.299,60.028,32.622,26.143,34.655,37.361,26.167,35.038,28.756,450.605,25.841,31.494
1979-07-01,91.418,107.566,31.985,118.147,28.785,39.571,27.811,98.142,32.85,59.049,24.933,18.301,24.671,24.543,24.652,15.542,,,54.437,42.784,60.58,32.806,26.286,34.829,37.539,26.314,35.305,28.838,451.839,26.002,31.865
1979-08-01,91.279,107.995,33.141,118.91,28.866,39.445,27.996,98.505,34.428,59.439,25.167,18.469,24.885,24.795,24.918,15.702,,,54.57,43.117,61.176,33.061,26.509,35.06,37.759,26.51,35.575,29.01,453.77,26.225,32.251
1979-09-01,91.555,108.518,34.176,121.836,28.996,39.716,28.151,98.828,35.856,59.992,25.506,18.607,25.082,25.045,25.175,15.86,,,54.714,43.602,62.176,33.207,26.684,35.299,37.99,26.709,35.889,29.096,456.108,26.447,32.711
1979-10-01,91.812,109.203,34.781,121.225,29.042,40.005,28.446,99.377,36.567,60.443,25.668,18.791,25.311,25.4,25.522,16.017,,,55.043,43.952,63.007,33.385,26.711,35.557,38.211,26.874,36.182,29.235,458.008,26.677,33.145
1979-11-01,92.185,109.992,35.212,122.551,28.739,40.269,28.661,100.415,37.145,60.927,25.945,18.972,25.46,25.488,25.629,16.189,,,55.322,44.316,64.029,33.711,26.966,35.784,38.48,27.06,36.433,29.35,458.821,26.838,33.819
1979-12-01,92.656,110.722,35.921,123.65,28.936,40.594,28.908,100.867,37.999,61.461,26.208,19.164,25.666,25.601,25.793,16.359,,,55.694,44.744,65.209,33.938,27.218,36.041,38.779,27.299,36.739,29.271,460.224,27.056,34.392
1980-01-01,93.073,111.883,37.549,124.279,28.747,40.8,29.164,101.9,40.508,62.35,26.485,19.391,25.847,25.752,25.957,16.56,,,56.253,45.465,66.515,34.246,27.454,36.315,39.088,27.5,37.124,29.455,463.138,27.245,34.782
1980-02-01,93.324,113.26,38.95,124.176,29.185,40.76,29.37,102.835,42.352,63.034,26.802,19.699,26.135,25.906,26.188,16.824,,,56.942,45.936,68.389,34.617,27.722,36.677,39.511,27.82,37.526,29.851,466.75,27.538,35.245
1980-03-01,93.884,114.446,40.525,126.442,29.683,41.181,29.622,103.941,44.692,63.997,27.111,19.867,26.381,26.09,26.405,16.983,,,57.095,46.727,71.22,34.917,27.958,37.017,39.897,28.107,37.987,30.204,470.085,27.805,35.53
1980-04-01,94.071,115.204,40.68,127.33,29.453,41.466,29.794,104.548,44.609,64.321,27.298,20.056,26.522,26.141,26.524,17.1,,,57.515,46.934,71.852,35.186,28.135,37.207,40.13,28.271,38.185,30.469,472.448,27.955,36.0
1980-05-01,94.174,115.812,40.926,129.725,29.9,41.78,30.021,105.164,44.636,64.665,27.543,20.181,26.776,26.394,26.813,17.2,,,57.763,47.184,72.618,35.501,28.348,37.507,40.439,28.534,38.482,30.744,473.841,28.231,36.458
1980-06-01,94.427,116.59,41.064,131.211,30.141,42.053,30.263,106.108,44.458,64.987,27.831,20.353,26.972,26.747,27.19,17.374,,,57.664,47.387,75.225,35.801,28.024,37.756,40.646,28.657,38.725,30.904,474.131,28.442,36.742
1980-07-01,94.743,116.883,41.27,128.119,30.34,42.626,30.391,106.641,44.456,65.401,27.898,20.568,27.242,26.862,27.359,17.562,,,57.982,47.758,74.063,36.058,28.743,38.021,40.956,28.949,39.026,31.136,476.41,28.695,37.269
1980-08-01,94.816,117.996,41.421,127.071,30.609,43.384,30.599,107.145,44.479,66.003,28.113,20.79,27.463,27.049,27.563,17.784,,,58.623,48.192,75.571,36.294,28.936,38.296,41.255,29.172,39.351,31.276,480.07,28.914,37.69
1980-09-01,95.167,119.063,41.511,128.15,31.039,43.946,30.849,108.139,44.472,66.526,28.451,21.013,27.749,27.351,27.841,18.018,,,59.296,48.552,75.892,36.523,29.18,38.657,41.627,29.475,39.715,31.506,483.6,29.213,38.337
1980-10-01,95.806,119.345,41.763,128.612,31.749,44.3,31.056,108.608,44.725,66.884,28.749,21.265,28.039,27.654,28.123,18.245,,,59.452,48.869,75.7,36.682,29.349,38.975,41.944,29.776,40.033,31.657,484.541,29.511,38.696
1980-11-01,96.05,120.169,41.986,130.08,32.405,44.814,31.303,108.978,44.881,67.35,29.073,21.462,28.293,27.868,28.34,18.45,,,59.971,49.211,76.674,36.862,29.578,39.282,42.276,30.065,40.359,31.658,487.023,29.781,39.012
1980-12-01,96.239,120.494,42.433,130.657,32.523,45.105,31.553,109.263,45.337,67.729,29.207,21.584,28.499,28.107,28.596,18.537,,,60.15,49.546,76.983,37.19,29.766,39.518,42.506,30.253,40.621,31.815,487.763,29.995,39.46
1981-01-01,96.274,121.056,43.715,130.362,33.186,45.169,31.833,109.826,47.203,68.277,29.565,21.916,28.821,28.31,28.83,18.848,,,60.41,50.015,77.451,37.453,30.036,39.861,42.888,30.623,41.011,32.136,489.574,30.321,39.942
1981-02-01,96.833,121.657,45.716,132.202,33.104,45.291,32.241,111.345,50.113,69.1,29.89,22.093,29.061,28.511,29.082,19.037,,,60.659,50.759,76.588,37.734,30.295,40.152,43.204,30.881,41.426,32.499,491.19,30.579,40.436
1981-03-01,97.061,121.87,46.734,133.117,33.128,45.516,32.412,112.091,51.596,69.578,30.105,22.287,29.265,28.709,29.291,19.175,,,60.488,51.216,76.535,37.922,30.589,40.375,43.429,31.096,41.715,32.457,493.693,30.793,41.044
1981-04-01,97.494,122.934,46.493,133.805,33.118,45.471,32.61,112.558,50.824,69.722,30.275,22.43,29.45,28.911,29.532,19.286,,,61.356,51.185,77.023,38.225,30.91,40.633,43.702,31.262,41.897,32.492,496.508,30.987,41.113
1981-05-01,97.5,123.96,46.223,137.585,33.159,45.365,32.804,113.053,50.109,69.834,30.559,22.553,29.632,29.209,29.839,19.357,,,62.426,51.132,77.11,38.648,31.088,40.913,43.968,31.428,42.085,32.617,497.379,31.2,40.946
1981-06-01,97.689,124.561,46.125,138.647,32.893,45.476,32.987,113.699,49.629,69.974,30.813,22.736,29.796,29.361,30.049,19.521,,,62.942,51.178,77.167,38.87,31.298,41.117,44.186,31.594,42.253,32.724,497.231,31.375,41.35
1981-07-01,98.004,125.122,46.267,135.591,32.989,45.847,33.191,114.346,49.402,70.25,30.92,23.042,30.057,29.557,30.306,19.743,,,63.287,51.369,77.367,38.978,31.601,41.365,44.446,31.827,42.508,32.767,498.255,31.619,41.905
1981-08-01,98.401,125.628,46.476,134.489,32.701,46.057,33.388,114.969,49.401,70.519,31.237,23.353,30.32,29.958,30.715,20.056,,,63.609,51.561,77.652,39.165,31.856,41.642,44.675,32.012,42.774,32.942,498.394,31.878,42.085
1981-09-01,98.6,126.197,46.748,135.231,32.523,46.204,33.545,115.796,49.604,70.82,31.58,23.578,30.55,30.207,30.982,20.308,,,63.882,51.775,77.581,39.461,32.3,41.915,44.95,32.239,43.033,33.153,500.595,32.119,42.436
1981-10-01,98.553,126.829,46.847,134.721,32.435,46.103,33.713,116.147,49.743,70.983,31.844,23.846,30.754,30.458,31.193,20.553,,,64.238,51.839,78.225,39.754,32.567,42.165,45.193,32.435,43.228,33.384,503.019,32.322,42.645
1981-11-01,98.38,127.341,47.303,132.875,32.806,46.08,33.829,116.809,49.929,71.124,32.087,24.163,31.024,30.657,31.47,20.846,,,64.545,51.902,77.902,39.934,32.887,42.411,45.45,32.68,43.46,33.516,505.577,32.583,42.752
1981-12-01,98.487,127.685,47.335,133.403,32.719,46.131,33.942,116.73,49.801,71.258,32.22,24.305,31.149,30.854,31.672,20.932,,,64.915,51.985,78.558,40.174,32.991,42.568,45.589,32.775,43.594,33.61,504.867,32.714,42.72
1982-01-01,98.392,128.166,47.506,132.655,33.277,46.426,34.119,117.497,49.55,71.46,32.55,24.579,31.426,31.071,31.959,21.247,,,65.161,52.113,78.428,40.335,33.176,42.829,45.86,33.04,43.853,33.84,506.173,32.989,42.884
1982-02-01,98.601,128.403,47.096,130.82,33.31,46.708,34.243,118.428,48.721,71.608,32.642,24.76,31.562,31.184,32.086,21.415,,,64.891,52.225,78.539,40.724,33.338,42.994,46.039,33.163,43.985,34.012,508.715,33.113,42.965
1982-03-01,99.047,128.496,46.836,128.153,33.73,46.58,34.401,118.849,47.756,71.509,32.652,24.927,31.769,31.362,32.344,21.558,,,64.894,52.11,78.008,40.993,33.412,43.182,46.226,33.315,44.098,34.066,509.905,33.301,43.196
1982-04-01,99.265,128.821,45.418,127.074,33.778,46.636,34.517,119.381,45.22,71.205,32.774,25.11,31.917,31.443,32.451,21.718,,,65.259,51.752,77.488,41.239,33.66,43.353,46.423,33.475,44.12,34.14,509.614,33.441,43.537
1982-05-01,99.362,129.452,45.706,127.247,34.243,47.023,34.67,120.009,45.391,71.589,32.905,25.232,32.124,31.673,32.707,21.821,,,65.695,52.041,77.593,41.465,33.813,43.589,46.657,33.663,44.382,34.272,511.148,33.653,43.658
1982-06-01,99.479,129.789,47.018,129.37,34.508,47.33,34.882,120.314,47.475,72.24,33.191,25.389,32.3,31.795,32.833,21.957,,,65.986,52.647,77.847,41.675,33.919,43.808,46.904,33.893,44.704,34.638,510.527,33.85,44.061
1982-07-01,99.738,130.033,47.447,128.181,34.991,47.355,35.051,120.659,48.13,72.512,33.49,25.704,32.564,32.108,33.108,22.276,,,66.106,52.883,77.792,41.938,34.045,44.092,47.171,34.139,44.969,34.733,511.604,34.108,44.257
1982-08-01,99.569,129.661,47.518,126.54,35.763,47.12,35.189,119.85,48.064,72.367,33.686,25.98,32.814,32.281,33.297,22.532,,,66.036,52.795,77.946,42.106,34.126,44.295,47.381,34.403,45.108,34.951,509.746,34.347,44.499
1982-09-01,99.416,129.752,47.513,125.829,36.026,47.076,35.37,119.883,47.665,72.367,33.794,26.126,32.987,32.405,33.474,22.664,,,66.05,52.78,78.561,42.417,34.282,44.459,47.555,34.564,45.233,35.064,508.758,34.516,44.647
1982-10-01,99.317,130.299,47.95,124.379,36.661,47.017,35.462,121.068,47.675,72.549,33.937,26.326,33.271,32.702,33.861,22.868,,,66.003,52.878,78.729,42.861,34.516,44.741,47.826,34.779,45.487,35.27,512.493,34.791,44.53
1982-11-01,99.166,130.078,48.066,123.428,36.918,46.975,35.574,120.743,47.521,72.535,34.158,26.584,33.466,32.878,34.074,23.114,,,66.062,52.899,78.772,43.144,34.698,44.906,47.984,34.952,45.624,35.358,509.032,34.979,44.379
1982-12-01,99.113,130.199,47.619,124.313,36.947,46.898,35.69,121.162,46.44,72.428,34.306,26.686,33.588,32.996,34.236,23.195,,,66.298,52.77,78.416,43.511,34.888,45.049,48.133,35.068,45.693,35.371,506.546,35.111,44.421
1983-01-01,99.646,130.796,47.329,122.031,37.73,46.814,35.829,121.378,45.833,72.543,34.382,26.918,33.852,33.207,34.446,23.388,,,66.831,52.789,79.088,43.911,35.157,45.357,48.467,35.331,45.906,35.555,506.303,35.357,44.413
1983-02-01,99.928,131.156,46.53,119.28,37.855,46.866,35.907,121.724,44.378,72.442,34.569,27.262,34.015,33.337,34.583,23.712,,,66.965,52.627,79.616,44.092,35.286,45.525,48.644,35.472,45.984,35.694,507.268,35.497,44.118
1983-03-01,99.749,131.41,46.132,117.957,37.431,47.248,36.018,122.024,43.516,72.544,34.607,27.392,34.07,33.373,34.654,23.823,,,67.09,52.69,79.753,44.307,35.417,45.583,48.708,35.504,46.043,35.771,508.077,35.54,44.325
1983-04-01,99.931,131.561,47.123,118.518,36.708,47.401,36.188,122.364,44.97,72.97,34.76,27.506,34.192,33.671,34.939,23.926,,,67.197,53.102,80.088,44.492,35.544,45.721,48.793,35.556,46.253,35.982,506.187,35.668,44.972
1983-05-01,100.427,131.505,47.824,117.77,36.258,47.584,36.295,122.012,46.093,73.289,34.812,27.607,34.258,33.749,35.016,24.017,,,67.284,53.443,80.616,44.503,35.727,45.787,48.854,35.608,46.384,36.061,503.85,35.729,45.518
1983-06-01,100.91,131.759,47.902,122.841,36.742,47.541,36.352,122.73,46.285,73.426,35.249,27.747,34.393,33.867,35.101,24.109,,,67.48,53.541,80.282,44.623,35.846,46.001,49.094,35.834,46.557,36.196,502.86,35.912,45.387
1983-07-01,101.517,132.11,48.054,117.662,38.372,47.543,36.37,123.41,46.418,73.659,35.165,27.982,34.706,34.003,35.249,24.34,,,67.652,53.724,80.94,44.949,36.007,46.311,49.454,36.159,46.82,36.15,500.813,36.18,45.885
1983-08-01,101.327,132.27,48.13,116.127,39.536,47.565,36.526,122.676,46.749,73.756,35.364,28.271,34.954,34.099,35.294,24.613,,,67.925,53.797,81.453,45.02,36.135,46.55,49.735,36.484,47.02,36.052,501.796,36.416,46.221
1983-09-01,100.962,132.604,48.087,117.527,40.09,47.702,36.724,122.755,46.423,73.789,35.518,28.417,35.148,34.25,35.468,24.664,,,68.271,53.772,81.696,45.05,36.191,46.738,49.932,36.707,47.185,36.276,501.497,36.626,46.344
1983-10-01,100.697,132.799,48.14,115.288,39.681,47.787,36.9,122.998,46.16,73.828,35.644,28.62,35.264,34.329,35.615,24.919,,,68.583,53.779,80.995,45.198,36.396,46.821,50.014,36.781,47.265,36.562,501.457,36.72,46.336
1983-11-01,100.834,133.284,47.97,114.979,38.877,47.719,37.034,123.468,45.597,73.85,35.807,28.826,35.349,34.473,35.791,25.087,,,68.839,53.713,81.898,45.376,36.548,46.93,50.11,36.82,47.332,36.714,500.91,36.803,46.72
1983-12-01,100.828,133.371,47.757,113.273,38.211,47.845,37.126,123.805,45.174,73.879,35.835,28.976,35.39,34.615,35.92,25.225,,,68.873,53.726,81.949,45.49,36.639,46.965,50.111,36.794,47.358,36.753,500.075,36.827,46.797
1984-01-01,101.239,133.186,47.833,114.362,37.568,48.477,37.342,123.616,45.446,74.252,36.101,29.175,35.518,34.736,35.998,25.396,,,68.743,54.16,82.001,45.673,37.178,47.121,50.276,36.964,47.564,36.871,499.51,36.967,47.162
1984-02-01,100.958,133.129,48.296,113.932,39.208,48.843,37.499,123.357,46.045,74.514,36.231,29.369,35.857,34.879,36.154,25.543,,,68.824,54.45,81.57,45.825,37.483,47.418,50.616,37.381,47.884,37.069,500.004,37.304,47.428
1984-03-01,100.668,133.254,48.36,113.603,39.899,48.899,37.647,123.352,46.11,74.57,36.393,29.529,36.052,35.066,36.318,25.714,,,68.975,54.486,82.436,45.921,37.555,47.598,50.791,37.584,48.041,37.211,497.127,37.497,47.45
1984-04-01,100.65,133.951,48.507,114.262,40.21,48.805,37.797,124.189,46.059,74.69,36.588,29.679,36.247,35.343,36.605,25.848,,,69.325,54.482,82.457,46.085,37.663,47.822,50.995,37.745,48.224,37.359,500.262,37.701,47.371
1984-05-01,100.505,133.99,48.467,113.74,40.352,48.586,37.963,124.098,45.906,74.578,36.703,29.837,36.378,35.43,36.7,25.99,,,69.583,54.354,82.505,46.13,37.738,47.933,51.112,37.886,48.285,37.485,497.257,37.827,47.653
1984-06-01,100.003,134.111,48.103,113.621,40.609,48.789,38.032,123.95,45.427,74.606,36.861,30.008,36.486,35.583,36.802,26.144,,,69.792,54.361,82.953,46.31,37.754,48.046,51.21,37.996,48.371,37.685,495.538,37.935,47.391
1984-07-01,100.646,134.059,48.004,112.648,41.241,48.901,38.175,123.586,44.661,74.651,36.963,30.156,36.715,35.833,37.127,26.308,,,69.942,54.419,82.925,46.574,37.792,48.253,51.401,38.162,48.544,37.817,494.304,38.155,47.31
1984-08-01,101.45,134.252,47.873,111.744,41.688,49.159,38.334,123.912,44.195,74.808,36.979,30.263,36.868,35.962,37.288,26.387,,,70.152,54.551,82.271,46.632,37.794,48.412,51.567,38.297,48.693,37.979,495.218,38.299,47.391
1984-09-01,101.577,134.538,48.143,112.374,41.435,49.032,38.369,124.752,44.402,74.902,37.182,30.388,36.915,36.13,37.475,26.531,,,70.192,54.597,82.464,46.807,37.886,48.486,51.611,38.289,48.759,38.045,494.847,38.353,46.551
1984-10-01,101.758,134.409,48.385,111.479,41.187,49.097,38.477,124.536,44.875,75.02,37.278,30.573,37.036,36.259,37.568,26.685,,,70.137,54.748,82.597,46.864,37.957,48.595,51.711,38.408,48.874,38.211,493.973,38.466,47.449
1984-11-01,101.599,134.666,48.28,110.527,41.095,49.036,38.584,124.961,44.648,75.014,37.392,30.757,37.143,36.378,37.684,26.863,,,70.269,54.691,82.644,46.96,38.018,48.698,51.808,38.496,48.943,38.284,494.386,38.562,47.653
1984-12-01,101.96,134.514,47.93,109.544,41.891,49.106,38.77,124.864,44.151,75.014,37.453,30.904,37.341,36.574,37.832,26.994,,,70.289,54.722,82.233,47.131,38.001,48.891,51.997,38.701,49.081,38.497,493.149,38.75,47.821
1985-01-01,101.975,134.641,48.017,110.111,43.417,49.242,38.822,124.53,44.264,75.173,37.612,31.056,37.609,36.693,37.951,27.1,,,70.576,54.868,82.018,47.342,38.092,49.165,52.315,39.051,49.326,38.675,493.426,39.026,48.1
1985-02-01,102.915,135.402,48.055,110.594,43.608,49.407,39.034,125.398,44.299,75.532,37.749,31.192,37.78,36.96,38.176,27.193,,,70.988,55.105,82.811,47.54,38.218,49.42,52.563,39.204,49.555,38.748,494.121,39.204,48.148
1985-03-01,103.142,135.601,48.569,109.948,43.785,49.521,39.189,125.236,44.992,75.778,37.873,31.386,37.958,37.088,38.313,27.356,,,71.108,55.334,83.291,47.634,38.521,49.593,52.748,39.387,49.749,38.959,495.167,39.375,48.164
1985-04-01,102.777,135.815,49.091,109.029,43.414,49.386,39.334,126.132,45.755,75.896,37.964,31.529,38.021,37.193,38.423,27.51,,,71.147,55.418,83.561,47.787,38.668,49.652,52.792,39.416,49.821,39.128,493.16,39.429,47.901
1985-05-01,102.826,135.417,48.997,109.256,43.456,49.257,39.561,125.984,45.589,75.782,38.125,31.692,38.223,37.594,38.757,27.644,,,71.074,55.375,83.306,47.917,38.777,49.823,52.89,39.558,49.939,39.15,488.56,39.634,48.106
1985-06-01,103.652,135.355,48.994,109.656,43.163,49.274,39.739,125.478,45.689,75.913,38.312,31.851,38.355,37.755,38.88,27.789,,,71.251,55.53,83.421,48.063,39.072,49.988,53.053,39.703,50.075,39.321,486.727,39.771,48.472
1985-07-01,103.341,135.22,48.989,109.098,44.009,49.303,39.79,124.95,45.722,75.913,38.341,31.97,38.528,37.922,39.013,27.859,,,71.196,55.558,83.542,48.2,39.25,50.134,53.192,39.886,50.198,39.44,487.322,39.94,48.032
1985-08-01,103.28,135.367,48.547,109.653,44.738,49.293,39.937,125.071,45.198,75.906,38.462,32.088,38.751,38.181,39.191,27.93,,,71.417,55.52,84.062,48.426,39.42,50.38,53.43,40.138,50.364,39.526,484.135,40.17,48.43
1985-09-01,103.514,135.31,48.547,110.464,44.415,49.293,40.11,124.706,45.039,75.948,38.662,32.234,38.844,38.278,39.303,28.056,,,71.607,55.58,83.237,48.638,39.601,50.484,53.536,40.235,50.449,39.528,484.296,40.272,48.694
1985-10-01,103.509,135.599,48.575,110.838,43.631,49.434,40.268,125.541,45.132,76.143,38.777,32.357,38.88,38.435,39.419,28.136,,,71.664,55.734,83.352,48.89,39.703,50.565,53.593,40.239,50.533,39.677,484.4,40.313,48.949
1985-11-01,104.05,135.712,48.814,111.732,43.1,49.685,40.403,126.428,45.529,76.399,38.954,32.506,38.974,38.737,39.669,28.236,,,71.693,55.992,83.439,48.948,39.904,50.689,53.661,40.276,50.68,39.864,481.406,40.417,48.564
1985-12-01,104.071,135.636,49.086,111.677,43.508,50.02,40.452,126.053,45.883,76.617,39.094,32.648,39.125,38.905,39.824,28.37,,,71.868,56.247,83.799,49.075,40.086,50.827,53.788,40.422,50.85,40.026,478.188,40.568,48.291
1986-01-01,104.146,135.776,49.147,110.304,44.696,50.08,40.563,125.963,45.862,76.757,39.175,32.826,39.406,39.095,40.01,28.549,,,72.067,56.373,83.637,49.393,40.288,51.101,54.084,40.727,51.084,40.306,478.697,40.836,48.38
1986-02-01,102.925,135.59,47.856,109.529,45.439,49.971,40.691,125.447,43.587,76.263,39.285,33.003,39.603,39.197,40.119,28.713,,,72.019,55.865,84.053,49.639,40.466,51.233,54.224,40.95,51.084,40.524,477.319,41.025,48.278
1986-03-01,102.309,135.673,44.629,108.085,45.561,49.991,40.817,126.311,38.38,75.39,39.312,33.225,39.798,39.522,40.373,28.852,,,72.104,54.891,83.48,49.697,40.609,51.389,54.326,41.094,50.972,40.458,475.299,41.204,48.648
1986-04-01,102.274,135.803,42.09,106.413,45.064,50.072,40.967,126.23,34.496,74.826,39.292,33.387,39.892,39.791,40.554,28.968,,,72.239,54.24,84.096,49.781,40.816,51.482,54.365,41.12,50.868,40.574,474.124,41.279,48.635
1986-05-01,102.125,136.286,42.18,106.639,44.686,50.201,41.134,126.299,34.792,75.027,39.414,33.509,39.942,39.87,40.594,29.067,,,72.744,54.357,84.652,49.854,41.003,51.57,54.454,41.18,50.961,40.673,473.07,41.331,48.605
1986-06-01,102.048,136.825,42.999,106.479,44.465,50.204,41.356,126.978,35.67,75.301,39.567,33.673,40.099,40.014,40.807,29.228,,,73.186,54.544,84.865,49.971,41.234,51.725,54.611,41.308,51.151,40.819,472.15,41.487,48.814
1986-07-01,102.302,137.163,41.505,105.669,44.135,50.639,41.431,127.222,33.464,75.283,39.627,33.819,40.134,40.14,40.868,29.353,,,73.558,54.452,85.241,50.274,41.296,51.819,54.694,41.317,51.164,40.894,470.301,41.511,48.688
1986-08-01,103.016,137.484,40.541,105.418,43.701,51.084,41.538,126.764,31.851,75.365,39.755,33.982,40.194,40.258,40.977,29.498,,,73.789,54.472,86.453,50.43,41.429,51.925,54.796,41.349,51.228,40.96,470.84,41.569,48.652
1986-09-01,103.272,137.682,40.948,105.413,43.955,51.059,41.712,127.435,32.622,75.551,39.911,34.161,40.354,40.452,41.122,29.649,,,73.953,54.639,86.318,50.46,41.542,52.096,54.958,41.515,51.396,41.105,469.092,41.728,48.703
1986-10-01,102.967,137.836,40.121,105.497,44.171,51.142,41.821,127.593,31.96,75.497,40.129,34.38,40.502,40.643,41.156,29.853,,,74.137,54.541,86.282,50.529,41.733,52.273,55.128,41.721,51.488,41.234,468.408,41.878,49.112
1986-11-01,102.965,138.229,39.895,105.121,43.888,51.304,42.011,127.142,31.71,75.612,40.235,34.552,40.589,40.765,41.239,29.987,,,74.612,54.585,87.06,50.596,41.736,52.384,55.235,41.803,51.58,41.358,468.253,41.96,49.523
1986-12-01,103.593,138.598,40.045,104.055,43.095,51.328,42.133,127.981,31.98,75.871,40.31,34.732,40.598,40.855,41.315,30.152,,,74.78,54.795,87.324,50.874,41.777,52.452,55.296,41.766,51.651,41.382,467.679,41.956,49.62
1987-01-01,103.948,139.16,41.455,104.339,42.381,51.649,42.341,127.845,34.14,76.569,40.481,34.927,40.66,40.986,41.453,30.293,52.649,53.547,75.002,55.457,88.275,51.164,41.672,52.578,55.42,41.8,51.894,41.574,471.694,42.022,50.239
1987-02-01,104.403,139.32,42.534,105.46,42.123,51.79,42.426,128.5,35.998,77.071,40.662,34.992,40.707,41.17,41.591,30.372,52.872,53.694,74.827,55.977,89.15,51.408,41.715,52.685,55.501,41.825,52.076,41.823,470.755,42.083,49.961
1987-03-01,105.07,139.678,42.634,104.41,41.921,51.808,42.566,128.407,36.101,77.286,40.768,35.252,40.826,41.355,41.764,30.565,53.056,53.91,75.183,56.141,89.731,51.621,41.754,52.841,55.648,41.904,52.214,41.928,470.874,42.19,49.934
1987-04-01,105.512,140.162,42.674,104.853,42.109,51.873,42.662,129.06,36.388,77.528,40.994,35.462,40.995,41.578,41.912,30.746,53.228,54.112,75.713,56.306,89.795,51.739,41.917,53.065,55.87,42.09,52.409,42.124,469.114,42.364,50.137
1987-05-01,105.829,140.437,42.378,103.612,42.245,52.176,42.763,128.504,35.807,77.684,41.072,35.663,41.133,41.7,42.039,30.928,53.366,54.27,76.367,56.422,89.853,51.93,42.007,53.214,56.025,42.211,52.542,42.246,467.719,42.486,50.244
1987-06-01,105.529,140.836,43.07,103.795,42.219,52.43,42.971,128.527,36.498,78.001,41.269,35.87,41.283,41.769,42.187,31.104,53.577,54.422,76.839,56.69,90.938,52.137,42.041,53.36,56.193,42.364,52.741,42.362,464.87,42.639,50.735
1987-07-01,105.318,141.149,43.437,104.077,42.348,52.248,43.149,129.064,37.262,78.151,41.469,36.065,41.389,41.808,42.197,31.274,53.699,54.564,77.146,56.788,91.323,52.343,42.144,53.498,56.358,42.519,52.863,42.51,462.475,42.748,50.77
1987-08-01,105.801,141.446,44.108,105.028,42.234,52.356,43.211,129.097,38.165,78.455,41.718,36.235,41.548,42.067,42.452,31.433,53.913,54.746,77.359,57.067,92.092,52.397,42.295,53.679,56.513,42.649,53.072,42.66,462.07,42.92,51.078
1987-09-01,106.169,141.854,44.04,104.821,42.496,52.431,43.368,129.458,37.988,78.632,41.855,36.447,41.728,42.197,42.577,31.584,54.103,54.977,77.602,57.175,92.566,52.618,42.378,53.892,56.749,42.85,53.251,42.839,462.549,43.098,51.604
1987-10-01,107.005,142.104,43.704,105.078,42.798,52.463,43.445,129.165,37.973,78.791,42.045,36.608,41.895,42.47,42.703,31.747,54.261,55.203,77.814,57.299,93.054,52.684,42.563,54.122,56.964,43.039,53.42,43.05,463.761,43.268,51.886
1987-11-01,107.676,142.167,43.924,104.548,42.656,52.39,43.614,128.916,38.076,78.883,42.222,36.818,42.006,42.545,42.823,31.966,54.382,55.341,77.92,57.388,92.924,52.777,42.68,54.235,57.087,43.138,53.521,43.008,464.862,43.373,51.983
1987-12-01,107.235,141.906,43.66,103.991,42.896,52.615,43.705,128.86,37.737,78.855,42.34,36.982,42.158,42.802,43.022,32.131,54.475,55.45,77.639,57.414,93.438,52.904,42.764,54.349,57.158,43.258,53.62,43.164,462.891,43.518,51.909
1988-01-01,107.737,141.681,43.317,104.962,43.293,52.825,43.939,129.154,37.298,78.988,42.667,37.26,42.38,42.994,43.158,32.363,54.693,55.726,77.048,57.615,94.474,53.352,42.929,54.606,57.431,43.533,53.828,43.385,462.607,43.752,52.153
1988-02-01,106.329,141.633,43.229,103.995,43.327,52.762,44.105,128.837,37.118,78.848,42.807,37.555,42.553,43.151,43.298,32.589,54.785,55.858,76.943,57.467,94.591,53.577,43.195,54.718,57.529,43.702,53.908,43.333,464.073,43.913,52.22
1988-03-01,107.541,142.121,43.074,104.172,43.547,52.799,44.348,130.473,36.836,79.041,43.059,37.794,42.732,43.269,43.407,32.822,54.981,56.112,76.847,57.576,95.318,53.608,43.272,54.952,57.794,43.914,54.093,43.498,464.111,44.094,52.616
1988-04-01,109.109,142.345,43.297,104.28,43.613,53.048,44.524,130.608,37.086,79.461,43.318,38.074,42.932,43.367,43.514,33.067,55.239,56.373,76.984,58.002,95.773,53.944,43.663,55.219,58.108,44.154,54.356,43.743,464.056,44.295,52.763
1988-05-01,109.171,142.537,43.104,103.613,43.96,53.204,44.654,130.521,36.962,79.591,43.571,38.388,43.107,43.482,43.581,33.38,55.388,56.555,77.221,58.106,96.161,54.116,43.798,55.407,58.316,44.365,54.514,43.785,463.388,44.462,52.944
1988-06-01,109.511,142.909,43.305,103.498,44.559,53.441,44.806,130.747,36.95,79.825,43.722,38.623,43.338,43.654,43.802,33.541,55.612,56.778,77.591,58.287,96.291,54.261,43.857,55.641,58.565,44.598,54.746,43.9,463.316,44.691,53.222
1988-07-01,109.889,143.171,43.561,103.276,44.836,54.008,44.98,130.821,37.281,80.302,43.97,38.906,43.526,43.788,43.933,33.81,55.865,56.981,77.808,58.768,97.255,54.702,43.995,55.868,58.817,44.803,55.012,43.91,461.772,44.875,53.454
1988-08-01,108.437,143.467,43.901,102.699,45.152,54.232,45.117,130.832,37.824,80.4,44.165,39.143,43.719,43.966,44.094,34.059,56.01,57.094,78.26,58.812,97.219,54.732,44.081,56.007,58.942,44.999,55.175,44.201,461.004,45.06,53.691
1988-09-01,109.98,144.198,43.748,102.936,45.384,54.535,45.276,130.998,37.334,80.816,44.418,39.399,43.927,44.139,44.286,34.289,56.274,57.393,78.683,59.118,98.671,55.041,44.337,56.307,59.277,45.215,55.444,44.357,462.5,45.271,53.741
1988-10-01,110.71,144.531,43.706,102.438,45.473,54.601,45.464,131.372,36.981,80.977,44.646,39.684,44.119,44.217,44.414,34.567,56.475,57.638,78.715,59.227,99.72,55.253,44.52,56.521,59.528,45.425,55.625,44.81,462.775,45.456,53.865
1988-11-01,110.746,144.684,43.699,102.482,45.48,54.616,45.51,131.692,36.935,81.06,44.827,39.901,44.264,44.42,44.589,34.743,56.608,57.801,78.708,59.286,99.688,55.443,44.673,56.676,59.668,45.554,55.754,44.857,463.936,45.601,54.056
1988-12-01,111.178,144.824,43.641,101.17,45.532,54.833,45.694,131.384,36.824,81.263,45.018,40.218,44.444,44.548,44.708,35.067,56.812,58.029,79.046,59.484,99.362,55.699,44.825,56.864,59.872,45.735,55.928,45.048,464.244,45.762,54.29
1989-01-01,111.426,145.485,43.954,101.464,45.745,55.084,45.852,131.72,37.268,81.717,45.295,40.483,44.661,44.692,44.849,35.315,57.105,58.324,79.575,59.851,99.671,56.199,45.009,57.152,60.197,45.988,56.215,45.436,465.842,45.983,54.796
1989-02-01,110.229,145.629,44.244,99.802,45.809,55.528,46.059,131.063,37.912,81.965,45.441,40.885,44.847,44.822,44.933,35.632,57.333,58.513,79.889,60.099,100.527,56.45,45.044,57.297,60.346,46.186,56.402,45.53,464.742,46.145,55.33
1989-03-01,110.638,145.123,44.786,100.174,45.982,55.797,46.348,129.92,38.711,82.208,45.72,41.147,45.038,44.965,45.079,35.873,57.561,58.7,79.873,60.484,100.368,56.706,45.041,57.468,60.523,46.401,56.612,45.739,462.438,46.34,55.774
1989-04-01,111.191,145.452,47.257,99.116,46.164,56.171,46.464,130.028,42.576,83.142,45.876,41.409,45.218,45.105,45.243,36.142,57.967,58.899,80.118,61.47,101.273,56.918,45.284,57.661,60.729,46.564,56.989,45.814,461.688,46.505,55.74
1989-05-01,111.537,145.497,47.656,98.139,46.265,56.521,46.645,130.178,43.261,83.489,46.031,41.682,45.386,45.297,45.402,36.404,58.207,59.106,80.206,61.853,101.434,57.153,45.447,57.833,60.894,46.715,57.197,45.908,460.3,46.658,55.665
1989-06-01,111.167,145.642,47.377,96.948,46.418,56.701,46.802,130.428,42.747,83.532,46.191,41.996,45.559,45.444,45.539,36.697,58.351,59.287,80.212,61.87,100.961,57.402,45.604,57.987,61.048,46.875,57.322,46.192,462.646,46.812,55.372
1989-07-01,110.543,145.857,47.225,96.773,46.304,56.93,47.108,130.978,42.28,83.611,46.433,42.307,45.719,45.61,45.724,36.964,58.524,59.483,80.114,61.912,101.888,57.726,45.586,58.136,61.191,47.019,57.459,46.441,462.297,46.969,55.288
1989-08-01,109.073,145.801,46.287,95.553,46.185,56.992,47.149,131.289,40.616,83.277,46.539,42.566,45.874,45.811,45.92,37.21,58.552,59.601,80.095,61.544,102.74,57.961,45.745,58.217,61.238,47.128,57.466,46.529,458.175,47.104,55.588
1989-09-01,110.259,145.916,45.736,93.641,46.218,56.992,47.299,131.727,39.765,83.331,46.659,42.905,46.059,45.948,46.03,37.555,58.715,59.858,80.008,61.58,102.66,58.134,45.972,58.419,61.456,47.302,57.594,46.705,459.368,47.257,55.813
1989-10-01,111.224,146.205,46.099,93.112,46.315,57.222,47.537,132.146,40.276,83.689,46.843,43.148,46.24,46.195,46.254,37.809,58.968,60.102,80.155,61.922,102.436,58.271,45.994,58.631,61.656,47.449,57.819,46.771,460.848,47.429,56.043
1989-11-01,111.367,146.56,45.826,91.921,46.407,57.389,47.688,131.832,39.706,83.758,46.955,43.46,46.406,46.359,46.422,38.067,59.118,60.292,80.53,61.922,102.693,58.319,46.053,58.787,61.808,47.587,57.945,46.895,462.459,47.574,56.008
1989-12-01,110.862,146.243,45.952,91.874,46.623,57.588,47.846,130.801,39.792,83.813,47.199,43.837,46.616,46.554,46.614,38.327,59.293,60.47,80.674,62.052,102.011,58.605,46.21,58.954,61.966,47.801,58.113,47.161,462.194,47.782,55.692
1990-01-01,110.847,146.695,48.351,92.637,46.668,58.368,48.027,131.813,43.836,84.923,47.458,43.991,46.789,46.666,46.703,38.507,59.77,60.707,80.695,63.209,103.303,58.939,46.44,59.181,62.224,48.028,58.553,47.484,461.005,47.966,56.444
1990-02-01,113.226,147.391,47.884,91.851,46.92,58.869,48.236,132.347,42.761,85.437,47.581,44.273,46.962,46.692,46.791,38.73,60.049,61.026,80.633,63.635,106.819,59.366,46.534,59.468,62.583,48.218,58.811,47.735,460.632,48.125,56.507
1990-03-01,114.505,147.258,47.633,90.802,46.775,58.894,48.555,132.312,42.35,85.514,47.775,44.614,47.255,47.062,47.105,39.061,60.326,61.389,80.333,63.751,107.713,59.48,46.822,59.754,62.842,48.471,59.033,47.962,459.73,48.398,57.388
1990-04-01,114.722,147.207,47.636,90.004,46.999,58.65,48.648,132.542,42.459,85.505,47.943,44.929,47.441,47.223,47.228,39.339,60.453,61.58,80.171,63.754,107.916,59.684,47.02,59.932,63.024,48.663,59.157,48.061,459.408,48.569,57.548
1990-05-01,114.417,147.278,47.247,89.245,47.054,58.735,48.834,132.481,41.984,85.53,48.097,45.272,47.627,47.347,47.305,39.599,60.614,61.804,80.166,63.768,108.483,59.996,47.26,60.115,63.222,48.873,59.29,48.391,459.29,48.74,57.625
1990-06-01,114.711,146.904,47.497,88.812,47.297,59.225,48.986,131.856,42.196,85.81,48.307,45.523,47.888,47.721,47.661,39.879,60.88,62.039,80.033,64.164,108.414,60.385,47.509,60.349,63.412,49.076,59.552,48.716,457.955,48.99,57.557
1990-07-01,114.902,147.123,47.384,87.522,47.05,59.512,49.211,132.84,42.246,86.06,48.458,45.909,48.02,47.935,47.802,40.212,61.099,62.28,80.04,64.397,108.165,60.661,47.383,60.501,63.545,49.169,59.699,49.018,457.856,49.098,57.505
1990-08-01,114.86,147.144,49.726,86.782,47.403,59.723,49.344,132.46,46.028,86.771,48.729,46.301,48.313,48.231,48.067,40.604,61.531,62.551,80.164,65.189,108.508,60.759,47.638,60.753,63.782,49.445,60.096,49.183,457.322,49.374,57.98
1990-09-01,115.293,147.314,52.232,86.566,47.63,59.867,49.456,132.473,50.08,87.643,48.943,46.552,48.5,48.311,48.173,40.865,61.909,62.749,80.217,66.128,109.067,61.138,47.889,60.965,64.03,49.659,60.465,49.525,457.593,49.555,58.117
1990-10-01,115.019,147.745,54.421,86.614,47.662,60.072,49.625,133.22,53.818,88.393,49.245,46.887,48.696,48.394,48.248,41.184,62.295,62.984,80.371,66.873,109.626,61.287,48.11,61.172,64.271,49.905,60.811,49.605,457.622,49.749,58.918
1990-11-01,114.783,147.602,54.566,85.588,47.604,60.138,49.722,131.958,53.767,88.376,49.417,47.24,48.828,48.395,48.309,41.516,62.403,63.093,80.586,66.881,110.03,61.344,48.228,61.246,64.365,50.037,60.888,49.769,457.138,49.859,58.888
1990-12-01,115.568,147.127,54.529,84.802,47.372,60.026,49.917,131.717,53.768,88.423,49.551,47.503,48.904,48.531,48.425,41.773,62.49,63.221,81.138,67.03,107.433,61.713,48.253,61.331,64.435,50.077,60.945,49.979,452.475,49.919,58.129
1991-01-01,115.392,148.265,53.215,84.03,47.565,60.702,50.285,132.321,50.739,88.561,49.743,47.804,49.183,48.679,48.701,42.092,62.793,63.626,81.733,66.939,110.305,62.233,48.544,61.637,64.783,50.329,61.177,50.217,452.731,50.18,58.273
1991-02-01,115.361,149.027,51.17,83.606,46.855,61.02,50.411,132.895,47.184,88.357,49.918,48.072,49.307,48.787,48.829,42.344,62.845,63.843,81.988,66.555,110.457,62.561,49.024,61.807,64.969,50.439,61.208,50.435,458.086,50.293,58.457
1991-03-01,115.347,148.968,49.794,82.58,46.645,61.035,50.485,132.473,44.927,88.114,49.99,48.346,49.433,48.862,48.894,42.572,62.898,64.042,82.041,66.295,109.975,62.97,49.186,61.936,65.113,50.564,61.221,50.677,459.603,50.398,58.962
1991-04-01,115.653,149.255,49.501,82.472,46.364,61.332,50.695,132.522,44.66,88.362,50.213,48.582,49.497,48.954,48.94,42.831,63.046,64.213,82.134,66.508,111.692,63.3,49.293,62.06,65.244,50.635,61.332,50.856,458.046,50.459,58.458
1991-05-01,116.224,149.321,49.965,83.841,46.799,61.489,50.855,133.447,45.224,88.607,50.615,48.841,49.724,49.088,49.104,43.068,63.307,64.467,82.335,66.764,111.438,63.396,49.378,62.307,65.523,50.926,61.586,51.229,454.1,50.71,58.853
1991-06-01,116.354,148.806,49.488,82.82,47.196,61.756,51.022,132.738,44.748,88.585,50.712,49.099,49.893,49.147,49.104,43.324,63.411,64.607,82.525,66.846,109.413,63.52,49.544,62.442,65.678,51.139,61.69,51.37,453.114,50.857,59.211
1991-07-01,116.326,149.735,49.236,81.781,47.423,61.346,51.113,133.879,44.014,88.536,50.805,49.358,50.064,49.197,49.221,43.581,63.525,64.832,83.005,66.596,112.221,63.717,49.704,62.632,65.907,51.304,61.787,51.492,449.876,51.004,59.427
1991-08-01,117.094,149.466,49.483,81.443,47.442,61.177,51.229,133.413,44.574,88.671,51.016,49.695,50.216,49.287,49.284,43.863,63.668,65.007,82.976,66.802,112.529,64.027,49.863,62.804,66.102,51.485,61.931,51.639,447.503,51.148,59.632
1991-09-01,117.667,149.838,49.656,80.361,47.765,61.107,51.45,133.773,44.692,88.834,51.105,49.956,50.469,49.392,49.409,44.127,63.921,65.313,82.92,66.903,113.19,64.184,50.272,63.055,66.394,51.755,62.144,51.896,450.097,51.375,60.201
1991-10-01,117.359,150.107,49.701,80.101,47.785,61.083,51.537,133.632,44.555,88.837,51.29,50.228,50.63,49.563,49.597,44.371,64.062,65.487,83.099,66.85,114.461,64.236,50.375,63.194,66.521,51.892,62.26,51.966,449.558,51.528,60.382
1991-11-01,118.113,150.303,50.089,79.313,47.497,61.188,51.416,133.298,45.158,89.153,51.45,50.551,50.719,49.709,49.737,44.671,64.21,65.616,83.367,67.158,115.009,64.479,50.562,63.312,66.63,51.935,62.397,52.124,449.608,51.598,59.944
1991-12-01,118.085,149.594,50.453,78.996,47.917,61.2,51.56,132.678,45.518,89.15,51.669,50.877,50.937,49.926,49.967,44.963,64.371,65.777,83.56,67.304,112.736,64.736,50.704,63.468,66.766,52.132,62.553,51.967,445.914,51.806,59.818
1992-01-01,117.738,149.841,49.677,78.069,48.161,61.149,51.572,133.872,44.354,89.018,51.799,51.183,51.118,50.02,50.03,45.255,64.479,65.992,83.462,67.106,113.284,64.951,50.863,63.641,66.96,52.332,62.638,51.849,444.476,51.965,60.854
1992-02-01,117.038,150.119,49.516,76.99,48.284,61.396,51.659,134.712,44.151,89.148,51.895,51.496,51.31,50.148,50.134,45.54,64.653,66.187,83.159,67.191,114.766,65.257,51.195,63.814,67.145,52.523,62.797,52.136,444.582,52.129,60.927
1992-03-01,117.202,150.024,49.534,75.362,48.538,61.576,51.722,134.941,44.236,89.284,51.934,51.825,51.504,50.273,50.237,45.86,64.826,66.373,83.205,67.363,114.249,65.459,51.441,63.973,67.312,52.7,62.949,52.455,443.223,52.284,60.921
1992-04-01,116.897,150.32,49.598,75.82,48.848,61.484,51.895,135.284,44.148,89.365,52.226,52.081,51.694,50.361,50.359,46.112,64.99,66.581,83.617,67.39,113.878,65.842,51.475,64.183,67.556,52.931,63.119,52.7,442.871,52.481,61.334
1992-05-01,117.417,150.61,49.876,74.725,48.748,61.369,51.954,134.64,44.527,89.503,52.3,52.358,51.784,50.461,50.465,46.388,65.086,66.688,83.974,67.482,114.753,65.886,51.579,64.273,67.642,52.977,63.203,52.863,443.627,52.543,60.727
1992-06-01,117.385,150.282,50.512,74.133,48.902,61.639,51.996,134.427,45.468,89.716,52.42,52.61,51.875,50.513,50.536,46.63,65.208,66.739,84.181,67.792,114.451,65.987,51.778,64.323,67.691,53.056,63.315,52.916,438.61,52.619,59.792
1992-07-01,117.477,150.497,50.725,74.291,48.931,61.551,52.143,135.046,45.777,89.892,52.664,52.881,52.09,50.597,50.63,46.879,65.424,66.996,84.149,67.942,115.595,66.385,51.966,64.566,67.977,53.325,63.524,53.095,436.894,52.834,61.303
1992-08-01,117.319,150.609,50.619,74.073,49.035,61.979,52.237,134.466,45.547,90.028,52.847,53.131,52.162,50.699,50.738,47.128,65.494,67.032,84.618,68.072,115.661,66.411,52.158,64.625,68.024,53.375,63.609,53.252,435.888,52.899,59.618
1992-09-01,117.454,150.477,50.666,72.867,49.186,62.113,52.449,134.109,45.415,90.036,52.909,53.427,52.33,50.681,50.772,47.422,65.625,67.171,84.837,68.11,115.432,66.377,52.245,64.73,68.163,53.555,63.713,53.288,433.87,53.034,60.339
1992-10-01,117.6,150.77,51.013,72.719,49.687,62.039,52.448,134.687,45.929,90.139,53.148,53.736,52.601,50.852,50.938,47.725,65.868,67.445,84.911,68.162,115.347,66.296,52.321,64.979,68.433,53.858,63.938,53.431,435.142,53.297,61.922
1992-11-01,117.875,151.034,51.351,71.638,49.888,61.877,52.473,135.398,46.078,90.221,53.174,53.991,52.769,51.011,51.153,47.96,66.01,67.61,85.065,68.198,115.955,66.442,52.352,65.121,68.568,53.963,64.064,53.468,433.194,53.435,62.131
1992-12-01,117.988,150.486,51.472,71.068,50.201,61.901,52.506,134.413,46.212,90.254,53.306,54.263,52.923,51.149,51.286,48.22,66.11,67.718,85.216,68.356,115.532,66.805,52.451,65.242,68.683,54.101,64.176,53.524,429.096,53.571,61.963
1993-01-01,117.115,150.808,51.373,70.209,50.567,61.946,52.555,133.959,46.136,90.298,53.373,54.528,53.141,51.311,51.408,48.461,66.277,67.926,85.569,68.336,116.794,67.055,52.686,65.432,68.879,54.321,64.332,53.657,428.805,53.763,62.687
1993-02-01,117.878,150.648,51.032,70.941,50.327,62.113,52.614,134.107,46.159,90.443,53.627,54.696,53.202,51.442,51.417,48.615,66.341,68.016,85.689,68.536,115.237,67.173,52.854,65.557,69.002,54.431,64.429,53.866,428.594,53.842,62.862
1993-03-01,117.42,150.604,51.255,70.966,50.699,62.088,52.722,134.805,45.841,90.361,53.742,54.823,53.409,51.572,51.655,48.742,66.465,68.15,86.009,68.454,114.066,67.298,52.998,65.7,69.146,54.617,64.561,54.109,425.402,54.045,63.194
1993-04-01,117.138,151.398,51.262,70.931,51.069,62.201,52.937,135.351,45.61,90.517,53.876,55.013,53.587,51.708,51.817,48.904,66.621,68.325,86.542,68.454,115.613,67.38,53.096,65.891,69.352,54.794,64.733,54.426,425.439,54.218,62.86
1993-05-01,116.519,151.39,50.815,70.783,51.884,62.654,53.07,135.111,44.624,90.493,54.056,55.358,53.872,51.848,51.985,49.14,66.81,68.538,86.939,68.428,115.25,67.493,53.51,66.114,69.596,55.111,64.933,54.278,423.385,54.493,62.757
1993-06-01,116.193,151.656,50.544,70.615,51.656,62.532,53.149,135.335,44.062,90.328,54.16,55.522,53.966,51.934,52.084,49.292,66.811,68.583,87.279,68.181,115.814,67.304,53.605,66.177,69.652,55.195,64.955,54.512,421.756,54.582,63.174
1993-07-01,116.282,151.918,50.427,70.151,51.941,62.502,53.222,135.206,43.768,90.339,54.282,55.754,54.115,52.011,52.172,49.523,66.92,68.731,87.78,68.134,115.493,67.327,53.727,66.314,69.805,55.348,65.059,54.596,421.735,54.716,63.283
1993-08-01,117.215,152.116,50.36,69.563,52.218,62.625,53.245,135.486,43.592,90.434,54.283,55.898,54.247,52.086,52.259,49.638,67.03,68.856,88.102,68.196,115.313,67.112,53.88,66.438,69.942,55.478,65.17,54.866,420.865,54.83,63.295
1993-09-01,116.44,152.622,50.194,70.014,52.636,62.593,53.349,135.685,43.174,90.259,54.493,56.077,54.391,52.16,52.354,49.796,67.081,68.94,88.482,67.882,116.631,66.675,53.989,66.538,70.048,55.656,65.238,55.026,420.4,54.983,63.043
1993-10-01,116.103,153.175,51.373,69.884,52.361,62.916,53.418,136.362,45.149,90.772,54.6,56.235,54.489,52.28,52.462,49.946,67.297,69.046,88.912,68.34,116.944,66.715,54.185,66.647,70.154,55.742,65.443,55.188,420.643,55.075,63.462
1993-11-01,116.965,153.441,50.873,69.987,52.489,63.06,53.485,136.698,44.505,90.915,54.714,56.373,54.602,52.397,52.534,50.059,67.41,69.213,89.394,68.441,116.851,66.889,54.346,66.819,70.34,55.876,65.567,55.325,418.827,55.189,63.636
1993-12-01,116.593,153.057,50.55,70.087,52.205,63.195,53.552,136.455,43.896,90.794,54.871,56.54,54.666,52.549,52.677,50.224,67.414,69.231,89.491,68.391,115.507,67.035,54.525,66.849,70.334,55.907,65.582,55.464,416.856,55.253,63.133
1994-01-01,115.527,153.237,50.197,69.562,51.897,63.214,53.591,137.169,43.48,90.67,54.906,56.82,54.755,52.692,52.775,50.371,67.431,69.284,89.625,68.206,115.261,67.062,54.656,66.902,70.361,55.974,65.604,55.578,416.168,55.326,63.239
1994-02-01,114.573,153.512,50.801,69.655,52.169,63.089,53.585,136.871,44.309,90.716,55.053,57.015,54.943,52.863,52.959,50.526,67.589,69.435,89.667,68.194,116.928,67.074,54.976,67.047,70.497,56.161,65.756,55.7,416.686,55.513,63.357
1994-03-01,114.914,153.984,50.776,70.061,52.515,63.0,53.7,136.521,44.047,90.808,55.232,57.177,55.147,53.025,53.138,50.655,67.76,69.658,90.075,68.189,118.665,67.194,55.097,67.275,70.743,56.382,65.937,55.773,416.532,55.723,64.13
1994-04-01,115.328,154.032,50.514,69.795,52.684,63.118,53.856,136.846,43.863,90.9,55.275,57.333,55.227,53.127,53.183,50.76,67.848,69.777,90.315,68.284,117.552,67.287,55.199,67.376,70.843,56.466,66.015,55.563,416.25,55.794,63.95
1994-05-01,115.428,154.546,49.904,69.739,52.693,63.24,53.97,137.942,42.921,90.981,55.413,57.519,55.33,53.281,53.305,50.934,67.948,69.94,90.73,68.256,117.344,67.529,55.273,67.526,70.991,56.558,66.111,55.655,415.92,55.893,63.83
1994-06-01,115.831,154.906,50.05,70.018,52.727,63.519,54.081,138.483,43.194,91.261,55.623,57.743,55.442,53.357,53.369,51.125,68.109,70.087,91.309,68.492,116.741,67.615,55.426,67.676,71.16,56.696,66.272,55.698,415.014,56.009,63.879
1994-07-01,115.506,155.506,50.9,69.61,52.9,63.836,54.045,138.919,44.597,91.691,55.787,58.002,55.581,53.455,53.462,51.405,68.319,70.219,91.696,68.845,118.162,67.665,55.697,67.818,71.313,56.835,66.481,55.797,414.777,56.135,63.77
1994-08-01,114.602,155.595,52.029,70.393,52.696,63.966,54.121,138.249,46.427,91.971,55.996,58.117,55.666,53.577,53.579,51.487,68.464,70.272,92.155,69.147,118.479,67.783,55.883,67.894,71.375,56.933,66.634,55.737,413.567,56.238,64.122
1994-09-01,114.712,155.65,51.792,70.797,52.754,64.005,54.233,137.483,46.202,91.996,56.16,58.242,55.747,53.649,53.613,51.596,68.506,70.34,92.644,69.162,118.236,67.866,56.13,67.997,71.487,57.048,66.708,55.675,413.124,56.328,64.02
1994-10-01,114.163,155.707,51.679,70.649,53.063,63.86,54.33,137.176,46.07,91.93,56.282,58.518,55.931,53.78,53.72,51.773,68.605,70.49,93.161,69.073,118.12,68.053,56.317,68.157,71.653,57.252,66.821,55.893,410.894,56.504,64.1
1994-11-01,114.133,156.013,51.928,71.022,53.246,63.924,54.483,137.36,46.376,92.045,56.474,58.651,56.053,53.928,53.866,51.92,68.706,70.583,93.64,69.133,118.451,68.011,56.394,68.282,71.771,57.373,66.948,56.08,409.5,56.633,63.851
1994-12-01,113.559,155.826,51.866,71.16,53.248,64.218,54.509,136.63,46.355,92.032,56.616,58.779,56.114,54.087,53.988,52.058,68.741,70.593,93.925,69.163,117.768,67.957,56.454,68.305,71.755,57.412,66.991,56.158,408.598,56.697,63.412
1995-01-01,113.387,156.378,51.817,68.725,53.289,64.176,54.544,137.033,46.061,92.102,56.463,59.281,56.341,54.249,54.168,52.4,68.962,70.873,94.243,69.112,118.748,68.079,56.77,68.475,71.925,57.558,67.127,56.299,409.336,56.853,63.421
1995-02-01,112.273,156.362,51.764,70.095,53.447,64.476,54.658,137.189,45.921,92.109,56.788,59.356,56.464,54.377,54.287,52.488,69.073,70.975,94.507,69.124,118.201,68.231,56.829,68.587,72.032,57.729,67.246,56.365,407.778,57.01,63.944
1995-03-01,112.587,156.676,51.535,70.738,53.486,64.454,54.876,137.272,45.563,92.124,57.048,59.518,56.611,54.51,54.4,52.66,69.186,71.136,95.117,69.068,119.558,68.162,56.861,68.755,72.209,57.909,67.37,56.538,404.061,57.171,64.615
1995-04-01,112.617,156.742,51.494,69.848,53.739,64.941,55.077,137.306,45.552,92.346,57.017,59.652,56.797,54.658,54.519,52.815,69.377,71.31,95.125,69.307,119.448,68.294,57.217,68.915,72.37,58.082,67.547,56.768,404.786,57.329,64.744
1995-05-01,112.316,156.232,51.635,70.223,53.774,64.899,55.232,136.55,45.957,92.312,57.154,59.735,56.942,54.845,54.647,52.897,69.471,71.416,95.286,69.389,117.982,68.496,57.427,69.032,72.467,58.242,67.651,56.985,402.993,57.48,65.261
1995-06-01,111.505,155.93,51.813,70.12,53.878,64.937,55.325,136.337,46.178,92.243,57.201,59.894,57.06,54.987,54.782,52.974,69.523,71.458,95.427,69.381,119.774,68.612,57.541,69.092,72.503,58.345,67.717,56.762,396.26,57.593,65.606
1995-07-01,111.756,155.81,51.612,70.294,54.094,65.002,55.437,137.116,45.831,92.283,57.292,59.894,57.157,55.121,54.897,53.045,69.613,71.579,95.19,69.456,119.33,68.86,57.631,69.201,72.604,58.436,67.802,56.911,395.277,57.692,65.654
1995-08-01,111.994,155.937,51.585,70.784,54.201,65.097,55.503,137.755,45.355,92.366,57.54,60.097,57.314,55.254,55.086,53.235,69.754,71.741,95.245,69.521,120.743,69.116,57.694,69.367,72.778,58.59,67.948,57.11,392.125,57.858,65.886
1995-09-01,112.152,155.647,50.923,70.182,54.432,65.251,55.683,138.05,44.837,92.326,57.568,60.207,57.41,55.397,55.101,53.399,69.813,71.854,95.101,69.546,120.308,69.215,57.716,69.458,72.854,58.694,67.995,57.405,390.053,57.936,65.869
1995-10-01,112.232,155.598,51.187,70.236,54.751,65.428,55.793,138.228,44.875,92.427,57.769,60.398,57.613,55.575,55.323,53.628,69.984,72.016,95.415,69.674,120.301,69.346,57.803,69.627,73.019,58.882,68.171,57.526,387.019,58.136,66.313
1995-11-01,111.74,155.227,50.661,70.232,54.816,65.376,55.828,137.139,44.046,92.21,57.887,60.525,57.691,55.739,55.457,53.77,69.953,72.033,95.663,69.512,120.087,69.536,57.883,69.672,73.03,58.934,68.169,57.625,384.865,58.212,65.92
1995-12-01,111.518,155.529,51.232,70.155,55.008,65.489,55.845,137.093,44.869,92.404,57.977,60.666,57.801,55.912,55.628,53.895,70.065,72.102,96.158,69.665,120.716,69.513,58.08,69.77,73.105,59.012,68.3,57.767,383.715,58.318,65.282
1996-01-01,111.82,155.633,52.254,70.551,55.177,65.666,55.963,137.875,46.421,92.76,58.193,60.708,57.868,56.026,55.761,54.067,70.198,72.145,96.438,70.054,120.211,69.558,58.206,69.849,73.175,59.065,68.452,57.838,381.743,58.393,64.565
1996-02-01,111.617,155.464,52.381,69.809,55.261,65.915,56.058,137.748,46.4,92.863,58.146,60.821,57.999,56.133,55.895,54.18,70.321,72.251,96.778,70.214,118.995,69.836,58.297,69.94,73.26,59.161,68.56,58.164,380.153,58.501,64.811
1996-03-01,112.063,155.61,53.015,70.718,54.936,66.217,56.227,137.691,47.645,93.263,58.406,60.911,58.11,56.288,56.044,54.286,70.522,72.398,97.106,70.645,119.998,69.967,58.515,70.102,73.422,59.306,68.767,58.3,378.008,58.634,65.376
1996-04-01,111.664,155.047,54.535,71.285,55.458,66.476,56.439,137.992,49.8,93.525,58.625,61.028,58.28,56.382,56.197,54.42,70.74,72.488,96.784,71.093,119.675,70.038,58.483,70.197,73.517,59.497,68.973,58.46,374.283,58.815,65.462
1996-05-01,111.541,154.374,54.799,71.497,55.741,66.463,56.64,137.187,50.109,93.435,58.745,61.143,58.473,56.535,56.352,54.517,70.849,72.598,96.832,71.156,118.66,70.134,58.813,70.319,73.63,59.705,69.092,58.683,370.995,59.009,65.614
1996-06-01,110.869,154.21,53.557,70.886,55.945,66.859,56.711,137.404,48.433,93.155,58.819,61.355,58.593,56.65,56.38,54.748,70.832,72.643,96.84,70.869,118.595,69.904,59.022,70.373,73.667,59.837,69.091,58.795,368.932,59.11,65.589
1996-07-01,110.386,154.198,53.716,71.595,56.339,67.12,56.907,137.684,48.207,93.205,58.973,61.376,58.757,56.8,56.551,54.769,70.952,72.741,96.832,70.93,119.917,70.078,59.187,70.505,73.793,59.999,69.237,59.024,366.111,59.29,65.643
1996-08-01,108.94,154.147,53.61,71.479,56.463,67.356,57.023,137.895,47.819,93.09,59.024,61.491,58.895,56.932,56.702,54.859,70.986,72.762,97.135,70.808,118.522,70.174,59.385,70.566,73.834,60.121,69.303,59.13,365.427,59.421,65.76
1996-09-01,110.114,154.076,53.613,71.707,56.657,67.515,57.14,138.191,47.878,93.292,59.177,61.636,59.083,57.039,56.788,54.99,71.167,72.961,97.491,71.065,118.38,70.289,59.558,70.78,74.075,60.352,69.499,59.354,362.078,59.61,66.824
1996-10-01,109.993,154.033,54.226,71.865,56.888,67.837,57.371,137.836,48.912,93.53,59.308,61.757,59.281,57.162,56.891,55.112,71.359,73.098,97.736,71.355,118.895,70.305,59.829,70.948,74.255,60.587,69.709,59.635,360.273,59.808,67.466
1996-11-01,110.359,153.575,54.783,72.313,57.194,67.936,57.547,137.31,49.696,93.633,59.512,61.916,59.401,57.286,57.025,55.256,71.464,73.163,97.681,71.594,118.442,70.37,60.015,71.041,74.339,60.714,69.833,59.619,358.228,59.937,66.803
1996-12-01,110.502,152.811,55.664,72.52,57.204,67.947,57.673,136.931,50.852,93.667,59.627,62.01,59.494,57.396,57.174,55.348,71.532,73.166,97.743,71.829,116.349,70.428,60.148,71.068,74.343,60.788,69.914,59.847,354.77,60.034,66.458
1997-01-01,110.872,152.749,56.217,72.632,57.302,67.855,57.787,137.186,51.103,93.714,59.656,62.007,59.599,57.527,57.4,55.357,71.652,73.274,97.702,71.904,117.684,70.5,60.174,71.144,74.402,60.841,70.005,60.062,351.78,60.139,66.366
1997-02-01,110.411,152.939,56.233,73.788,57.637,68.104,57.902,137.847,51.011,93.804,59.926,62.107,59.738,57.666,57.537,55.438,71.768,73.383,98.109,71.963,117.328,70.603,60.222,71.29,74.55,61.016,70.151,60.174,350.077,60.305,66.539
1997-03-01,110.4,152.957,55.342,73.183,58.004,67.951,58.057,137.597,49.926,93.64,59.953,62.305,59.918,57.789,57.579,55.592,71.844,73.573,98.331,71.764,118.407,70.744,60.373,71.46,74.732,61.225,70.225,60.296,347.905,60.465,67.158
1997-04-01,111.796,151.8,54.493,73.258,58.161,68.01,58.21,137.849,48.741,93.481,60.059,62.421,60.072,57.952,57.682,55.701,71.899,73.707,97.751,71.875,117.207,71.101,60.556,71.6,74.864,61.397,70.294,60.526,341.813,60.618,67.583
1997-05-01,112.239,151.37,53.223,73.256,58.276,68.074,58.228,138.035,46.988,93.202,60.15,62.512,60.131,58.088,57.736,55.808,71.837,73.739,97.549,71.655,117.16,71.097,60.783,71.652,74.893,61.458,70.262,60.677,338.731,60.676,67.005
1997-06-01,111.622,151.054,53.124,73.251,58.8,68.152,58.413,137.858,46.491,92.956,60.269,62.643,60.349,58.222,57.912,55.946,71.931,73.852,97.125,71.445,117.674,70.851,60.998,71.758,74.99,61.684,70.352,60.845,337.958,60.889,67.232
1997-07-01,111.299,150.718,53.018,75.095,58.615,68.223,58.511,137.478,46.363,92.863,60.522,62.665,60.396,58.391,58.063,55.877,71.949,73.873,97.201,71.421,117.938,70.882,61.006,71.807,75.006,61.755,70.394,60.952,334.988,60.98,67.248
1997-08-01,110.25,150.314,54.072,74.295,58.757,68.377,58.596,137.05,48.32,92.936,60.476,62.744,60.467,58.542,58.165,55.978,72.012,73.837,97.125,71.616,117.598,70.684,60.959,71.778,74.929,61.789,70.45,61.094,333.189,61.031,67.125
1997-09-01,110.599,150.149,54.711,74.51,58.959,68.412,58.773,137.387,49.021,93.053,60.653,62.865,60.653,58.677,58.346,56.14,72.185,73.986,97.251,71.801,116.496,70.716,60.948,71.927,75.08,61.978,70.62,61.213,331.777,61.219,68.105
1997-10-01,110.203,150.112,54.629,76.466,58.938,68.454,58.953,137.341,48.847,93.042,60.893,62.752,60.736,58.792,58.459,56.033,72.216,74.025,97.636,71.799,116.528,70.899,60.978,72.036,75.187,62.113,70.712,61.345,329.33,61.347,68.938
1997-11-01,110.241,149.44,54.305,76.434,59.239,68.514,59.096,136.732,47.87,92.794,60.97,62.849,60.836,58.973,58.689,56.128,72.199,74.026,97.196,71.682,116.168,70.958,61.071,72.058,75.166,62.155,70.716,61.17,327.611,61.445,68.104
1997-12-01,110.347,149.112,53.567,76.36,59.191,68.486,59.385,136.942,47.471,92.641,61.094,63.028,60.876,59.107,58.659,56.286,72.196,74.092,96.849,71.587,116.432,70.871,61.109,72.1,75.182,62.221,70.701,61.35,325.813,61.482,67.552
1998-01-01,109.919,148.816,52.251,77.525,59.16,68.767,59.394,137.216,45.638,92.456,61.337,63.095,60.966,59.273,58.738,56.336,72.216,74.197,96.745,71.443,116.484,71.208,61.197,72.21,75.277,62.352,70.736,61.477,323.097,61.599,68.184
1998-02-01,108.82,148.346,51.004,77.949,59.097,68.637,59.466,137.018,44.145,92.123,61.485,63.193,61.031,59.4,58.758,56.422,72.18,74.276,96.659,71.168,116.689,71.699,61.268,72.272,75.321,62.452,70.699,61.74,319.623,61.674,68.408
1998-03-01,108.494,148.204,50.016,78.101,59.108,68.74,59.54,137.56,42.428,91.737,61.657,63.388,61.191,59.582,58.926,56.591,72.183,74.354,96.457,70.738,116.106,71.277,61.486,72.349,75.369,62.608,70.71,61.989,319.126,61.834,68.627
1998-04-01,108.147,148.278,49.495,79.089,58.862,68.815,59.712,138.499,41.453,91.778,61.921,63.499,61.271,59.729,59.074,56.698,72.235,74.453,96.536,70.764,116.304,71.901,61.707,72.482,75.497,62.693,70.798,62.046,317.138,61.938,68.472
1998-05-01,108.731,147.173,49.965,79.579,58.876,68.901,59.904,137.587,42.198,91.779,62.137,63.645,61.395,59.9,59.227,56.851,72.332,74.518,95.929,71.073,115.766,72.126,61.971,72.552,75.541,62.817,70.895,62.073,313.475,62.071,68.231
1998-06-01,108.799,146.592,50.178,79.59,57.993,68.943,59.921,137.708,42.744,91.659,62.212,63.739,61.357,60.082,59.351,56.936,72.263,74.41,95.681,71.09,114.601,71.829,62.047,72.461,75.378,62.717,70.835,62.197,311.104,62.034,68.193
1998-07-01,108.805,146.692,50.065,79.868,58.711,69.04,59.994,138.267,42.688,91.802,62.335,63.805,61.539,60.247,59.472,57.023,72.446,74.629,96.306,71.238,114.31,72.187,62.106,72.665,75.591,62.928,71.01,62.216,307.916,62.22,68.597
1998-08-01,110.245,146.196,49.432,80.359,58.939,69.24,60.122,137.359,41.76,91.777,62.475,63.872,61.673,60.411,59.588,57.084,72.548,74.783,96.456,71.348,114.573,72.212,62.211,72.807,75.727,63.082,71.108,62.453,304.457,62.364,68.843
1998-09-01,108.738,145.777,49.039,80.325,58.099,69.168,60.46,136.649,41.413,91.56,62.575,64.039,61.701,60.574,59.674,57.21,72.497,74.764,96.608,71.2,114.295,72.587,62.372,72.795,75.669,63.085,71.067,62.726,301.904,62.39,68.895
1998-10-01,108.605,145.561,49.161,80.331,58.684,69.488,60.574,136.952,41.707,91.644,62.63,64.121,61.887,60.764,59.819,57.274,72.661,74.914,96.514,71.367,114.48,72.629,62.591,72.937,75.797,63.28,71.223,62.749,299.769,62.572,69.004
1998-11-01,108.815,145.208,48.893,80.209,58.353,69.589,60.744,136.61,41.172,91.489,62.718,64.263,61.957,60.895,59.95,57.405,72.661,74.923,96.7,71.277,114.182,72.433,62.751,72.95,75.779,63.318,71.226,62.967,296.846,62.637,68.842
1998-12-01,107.953,144.633,48.317,80.163,58.384,69.568,60.905,136.498,40.241,91.515,62.826,64.401,62.05,61.016,60.058,57.547,72.733,75.059,96.517,71.48,113.113,73.834,62.91,73.076,75.906,63.401,71.298,63.132,294.58,62.726,68.467
1999-01-01,107.581,144.458,48.121,80.305,58.151,69.838,60.928,137.074,39.95,91.705,62.98,64.525,62.113,61.144,60.161,57.7,72.85,75.184,96.593,71.768,112.229,74.665,63.024,73.18,76.005,63.451,71.398,63.375,292.773,62.791,68.54
1999-02-01,106.952,143.91,47.761,80.349,57.92,69.878,60.97,136.209,39.226,91.394,63.084,64.672,62.179,61.238,60.265,57.816,72.82,75.174,96.308,71.54,112.6,74.535,63.148,73.155,75.948,63.501,71.358,63.482,290.971,62.857,68.66
1999-03-01,106.728,143.374,48.454,80.554,57.889,69.79,61.124,136.113,40.343,91.271,63.209,64.757,62.299,61.363,60.373,57.921,72.891,75.211,96.112,71.545,112.11,74.183,63.211,73.177,75.944,63.627,71.412,63.551,288.423,62.979,69.464
1999-04-01,107.698,143.556,51.27,81.347,57.985,69.938,61.349,136.671,45.032,92.237,63.451,64.818,62.379,61.498,60.48,58.035,73.255,75.394,96.209,72.701,112.958,74.784,63.261,73.365,76.145,63.724,71.757,63.866,287.33,63.079,69.005
1999-05-01,107.679,143.196,50.872,81.436,57.99,70.064,61.422,135.431,44.436,92.081,63.587,64.956,62.506,61.631,60.583,58.179,73.285,75.448,96.283,72.613,113.051,74.677,63.36,73.435,76.199,63.858,71.804,64.05,286.286,63.205,69.608
1999-06-01,107.84,142.841,50.685,81.7,57.782,70.069,61.46,135.49,44.144,92.025,63.713,65.067,62.552,61.74,60.675,58.271,73.294,75.474,96.49,72.65,112.323,74.864,63.399,73.474,76.219,63.895,71.826,64.256,283.15,63.258,69.642
1999-07-01,107.498,142.757,51.846,82.216,58.008,70.147,61.674,135.551,45.948,92.306,63.924,65.204,62.696,61.874,60.811,58.409,73.458,75.562,96.803,73.031,112.058,75.151,63.509,73.606,76.35,64.055,72.017,64.41,281.149,63.412,69.598
1999-08-01,107.071,142.527,53.33,82.729,57.977,70.252,61.807,135.074,48.255,92.5,64.082,65.286,62.789,62.011,60.958,58.484,73.558,75.546,97.064,73.347,112.037,75.014,63.623,73.642,76.36,64.142,72.148,64.568,278.979,63.517,69.549
1999-09-01,107.354,142.329,54.568,83.629,58.246,70.458,62.016,135.366,49.966,92.908,64.388,65.419,62.968,62.16,61.148,58.65,73.802,75.712,97.219,73.927,111.757,75.579,63.773,73.837,76.566,64.34,72.407,64.686,276.479,63.715,69.681
1999-10-01,107.591,142.068,54.742,84.426,58.51,70.513,62.069,134.917,50.161,92.905,64.639,65.556,63.122,62.266,61.26,58.772,73.902,75.811,97.252,74.003,112.071,75.56,63.905,73.963,76.696,64.534,72.529,64.908,274.78,63.886,70.011
1999-11-01,107.221,141.745,54.511,84.092,58.591,70.71,62.189,134.505,49.727,92.75,64.718,65.692,63.285,62.474,61.449,58.942,73.966,75.882,97.268,73.904,111.589,75.398,64.131,74.034,76.733,64.667,72.594,65.144,273.581,64.037,70.177
1999-12-01,107.569,141.259,55.877,84.539,58.705,70.811,62.354,134.093,52.193,93.013,64.927,65.899,63.406,62.593,61.512,59.092,74.139,75.968,97.02,74.386,111.351,75.425,64.257,74.128,76.819,64.822,72.763,65.491,272.018,64.167,69.948
2000-01-01,107.004,141.202,56.537,83.969,59.002,70.875,62.562,134.728,53.218,93.129,65.039,66.143,63.656,62.915,61.801,59.358,74.356,76.164,96.885,74.551,111.501,75.564,64.446,74.306,76.96,65.024,72.961,65.658,270.886,64.396,70.178
2000-02-01,106.643,140.81,58.594,84.518,59.316,71.077,62.655,134.716,56.142,93.448,65.264,66.27,63.837,63.083,62.033,59.503,74.606,76.278,96.627,75.092,111.762,75.723,64.42,74.415,77.055,65.199,73.191,65.831,268.783,64.588,70.611
2000-03-01,106.667,141.084,61.585,85.498,59.179,71.274,62.875,135.565,60.987,94.259,65.547,66.326,63.928,63.242,62.181,59.618,74.929,76.412,96.897,76.053,112.04,76.128,64.356,74.568,77.206,65.3,73.505,66.174,267.805,64.703,70.966
2000-04-01,106.115,140.871,59.675,86.35,58.588,71.314,62.929,135.271,57.704,93.969,65.832,66.449,63.935,63.383,62.33,59.766,74.822,76.426,97.007,75.746,112.161,76.877,64.42,74.617,77.231,65.283,73.444,66.099,266.09,64.732,71.179
2000-05-01,106.156,140.885,59.035,86.74,58.501,71.669,63.073,134.732,56.637,93.87,66.045,66.592,64.051,63.553,62.478,59.932,74.854,76.475,97.295,75.613,110.21,76.581,64.584,74.697,77.289,65.398,73.505,66.263,268.184,64.856,71.319
2000-06-01,105.954,140.446,62.468,87.838,58.468,71.706,63.256,134.269,61.464,94.302,66.37,66.663,64.201,63.755,62.809,60.073,75.079,76.467,97.385,76.306,109.191,76.463,64.52,74.754,77.308,65.511,73.754,66.692,266.559,65.032,71.435
2000-07-01,105.654,140.188,62.584,86.706,58.633,72.08,63.466,134.734,60.989,94.389,66.597,67.165,64.459,63.912,63.055,60.613,75.306,76.688,97.076,76.5,109.672,76.953,64.696,74.925,77.483,65.72,73.939,67.018,264.558,65.253,71.282
2000-08-01,105.691,139.611,60.754,86.907,58.681,72.312,63.581,134.073,58.009,93.938,66.722,67.327,64.628,64.091,63.193,60.717,75.297,76.796,96.801,76.108,109.631,76.893,64.776,75.021,77.557,65.901,73.934,67.229,262.668,65.424,72.205
2000-09-01,106.178,139.818,63.545,87.729,58.89,72.325,63.737,134.813,61.916,94.564,67.018,67.498,64.804,64.289,63.497,60.882,75.612,76.949,96.936,76.849,110.038,77.1,64.637,75.203,77.735,66.051,74.252,67.54,261.868,65.618,72.306
2000-10-01,105.909,139.555,63.681,87.743,58.977,72.354,63.883,134.299,61.396,94.348,67.164,67.67,65.034,64.49,63.792,61.057,75.73,77.076,96.942,76.656,110.456,76.852,64.932,75.308,77.816,66.245,74.353,67.577,260.325,65.843,72.966
2000-11-01,105.806,139.588,63.444,88.606,58.941,72.407,64.036,134.064,61.124,94.448,67.464,67.808,65.117,64.656,63.917,61.214,75.815,77.192,97.302,76.776,111.055,77.302,65.058,75.441,77.941,66.344,74.457,67.728,258.812,65.949,72.622
2000-12-01,105.66,139.463,63.785,89.153,58.93,72.811,64.003,133.461,60.668,94.405,67.696,67.956,65.282,64.857,64.253,61.365,75.892,77.214,97.751,76.763,110.609,77.092,65.369,75.515,77.983,66.456,74.571,67.836,257.589,66.124,72.433
2001-01-01,105.815,139.368,65.781,90.32,59.5,72.869,64.275,133.565,60.613,94.511,67.979,68.273,65.718,65.05,64.974,61.429,76.22,77.441,97.74,76.934,111.596,77.489,65.581,75.796,78.285,66.8,74.932,68.083,255.654,66.583,72.51
2001-02-01,106.087,138.902,65.197,90.287,59.665,73.31,64.428,133.645,59.759,94.491,68.173,68.511,65.893,65.247,65.116,61.675,76.33,77.571,97.625,77.062,110.932,77.663,65.836,75.93,78.403,66.98,75.048,68.271,253.295,66.752,72.475
2001-03-01,105.954,138.459,63.965,90.3,59.641,73.432,64.682,132.877,58.103,94.181,68.318,68.659,66.028,65.502,65.259,61.85,76.34,77.668,97.532,76.809,111.752,77.583,66.07,76.009,78.438,67.107,75.055,68.345,250.859,66.884,72.52
2001-04-01,104.947,138.267,64.34,90.323,59.56,73.497,64.758,133.025,59.051,94.328,68.529,68.903,66.154,65.723,65.403,62.105,76.479,77.796,97.546,77.065,110.923,78.211,66.14,76.13,78.533,67.222,75.187,68.771,250.057,67.008,72.516
2001-05-01,104.207,137.725,67.447,91.109,59.549,73.621,64.924,132.214,63.829,94.642,68.813,68.987,66.286,65.984,65.693,62.26,76.677,77.781,97.48,77.644,110.535,77.945,66.302,76.148,78.489,67.317,75.385,68.963,248.271,67.159,72.141
2001-06-01,104.116,137.777,66.783,91.617,59.555,73.912,65.19,132.294,62.597,94.672,69.06,69.211,66.45,66.237,65.926,62.439,76.804,77.95,97.429,77.666,112.092,78.257,66.505,76.318,78.638,67.466,75.518,68.894,247.098,67.333,72.052
2001-07-01,103.939,137.864,62.932,91.731,59.747,74.141,65.295,132.245,56.728,94.221,69.184,69.279,66.594,66.432,66.007,62.562,76.729,78.127,97.786,77.05,112.094,78.85,67.003,76.515,78.834,67.635,75.493,68.991,246.328,67.477,71.939
2001-08-01,103.211,137.203,61.853,91.522,59.736,74.373,65.549,131.767,55.609,93.825,69.327,69.482,66.747,66.706,66.135,62.791,76.714,78.167,97.614,76.756,111.193,78.523,67.226,76.553,78.812,67.785,75.484,69.15,244.102,67.62,72.074
2001-09-01,102.987,135.968,64.038,91.141,55.57,74.357,65.459,132.007,60.069,94.165,69.453,69.7,66.252,66.94,66.206,63.04,76.907,78.235,96.206,77.61,109.875,79.143,67.415,76.118,78.21,67.08,75.227,69.443,242.015,67.127,71.358
2001-10-01,102.699,136.562,59.996,90.754,59.345,74.681,65.518,131.43,54.24,93.627,69.412,69.795,66.863,67.211,66.289,63.087,76.759,78.328,97.292,76.708,111.447,78.845,67.73,76.654,78.812,67.853,75.492,69.47,241.183,67.71,71.454
2001-11-01,102.365,136.32,56.649,90.727,59.353,74.638,65.768,131.122,48.742,93.025,69.537,69.946,67.043,67.485,66.522,63.248,76.712,78.523,97.545,75.994,110.153,79.341,67.868,76.81,78.938,68.002,75.441,69.75,240.105,67.884,71.764
2001-12-01,101.873,136.126,55.085,90.608,59.236,74.517,65.901,130.865,46.44,92.531,69.647,70.09,67.138,67.743,66.705,63.414,76.625,78.547,97.678,75.412,109.963,78.976,68.021,76.828,78.896,68.055,75.363,69.765,238.873,67.973,71.557
2002-01-01,101.493,135.755,55.154,90.9,59.234,74.84,66.043,130.602,46.871,92.575,69.814,70.029,67.209,67.957,66.842,63.547,76.673,78.564,97.413,75.593,110.689,79.104,68.288,76.871,78.898,68.112,75.431,69.895,237.045,68.05,71.274
2002-02-01,101.974,134.926,54.83,91.759,59.531,75.045,66.295,130.023,46.435,92.534,70.125,70.125,67.382,68.155,66.997,63.715,76.772,78.681,96.834,75.822,109.318,79.539,68.459,77.018,79.032,68.319,75.558,70.02,235.851,68.244,71.454
2002-03-01,102.281,134.743,57.014,91.853,59.706,75.157,66.272,129.949,49.863,92.842,70.342,70.291,67.546,68.372,67.213,63.96,76.959,78.73,96.815,76.292,110.384,79.176,68.6,77.11,79.093,68.463,75.763,70.306,233.748,68.407,71.571
2002-04-01,102.161,134.641,59.068,92.02,59.897,75.4,66.377,130.077,53.294,93.485,70.518,70.465,67.729,68.574,67.385,64.135,77.271,78.922,96.883,77.18,110.1,80.032,68.684,77.325,79.311,68.648,76.08,70.673,232.846,68.59,72.027
2002-05-01,101.729,134.569,59.287,91.89,60.145,74.93,66.501,130.15,53.645,93.236,70.682,70.648,67.907,68.726,67.515,64.371,77.292,78.98,96.836,76.873,109.532,79.659,68.968,77.411,79.381,68.83,76.13,70.764,232.984,68.759,72.184
2002-06-01,101.209,134.177,59.198,92.113,60.43,74.855,66.633,130.008,53.785,93.181,70.87,70.747,68.059,68.918,67.625,64.547,77.354,79.07,96.835,76.934,109.356,80.042,69.256,77.534,79.487,68.999,76.225,70.908,230.731,68.914,72.15
2002-07-01,100.937,133.991,59.637,91.476,60.776,74.959,66.695,129.676,54.541,93.229,71.067,71.097,68.303,69.102,67.784,64.956,77.504,79.203,97.09,77.062,108.919,80.077,69.796,77.692,79.638,69.236,76.393,71.14,229.42,69.131,71.705
2002-08-01,101.721,133.748,59.987,91.097,60.972,74.948,66.937,128.912,55.095,93.319,71.219,71.328,68.495,69.221,67.9,65.247,77.659,79.362,97.124,77.273,108.467,80.162,70.125,77.845,79.799,69.435,76.543,71.253,229.255,69.305,71.771
2002-09-01,100.769,133.633,60.308,90.84,61.287,75.09,67.051,129.299,55.467,93.307,71.377,71.56,68.708,69.43,68.102,65.512,77.799,79.489,97.182,77.299,108.691,80.284,70.257,77.972,79.906,69.629,76.681,71.345,227.395,69.503,72.238
2002-10-01,100.443,133.411,61.86,90.85,61.633,75.039,67.114,129.206,57.791,93.384,71.518,71.675,68.877,69.588,68.297,65.686,77.938,79.542,97.075,77.482,108.617,80.002,70.314,78.038,79.95,69.78,76.821,71.645,226.54,69.668,72.387
2002-11-01,100.517,132.913,61.791,90.385,61.888,75.236,67.333,128.662,57.519,93.275,71.693,71.941,69.049,69.755,68.464,66.031,78.024,79.629,96.767,77.512,108.096,79.974,70.463,78.114,80.004,69.926,76.897,71.763,225.731,69.819,71.988
2002-12-01,100.19,132.379,61.98,89.98,61.951,75.253,67.403,127.7,57.482,93.092,71.863,72.275,69.247,69.913,68.66,66.356,78.102,79.707,96.495,77.457,108.137,79.942,70.604,78.187,80.056,70.098,76.971,72.035,224.647,69.998,72.249
2003-01-01,99.797,131.567,65.234,89.815,62.141,75.306,67.431,127.753,62.955,93.468,72.08,72.392,69.427,70.119,68.856,66.674,78.365,79.769,95.503,78.246,107.542,79.994,70.97,78.24,80.072,70.255,77.201,72.231,223.39,70.167,72.362
2003-02-01,99.482,131.153,68.98,89.488,62.672,75.63,67.565,127.814,68.444,93.985,72.196,72.539,69.693,70.214,69.095,66.908,78.693,79.841,95.123,79.075,107.603,79.866,71.329,78.348,80.183,70.5,77.526,72.603,221.862,70.414,72.499
2003-03-01,98.659,130.858,70.385,89.44,63.143,75.815,67.56,127.535,68.392,93.859,72.336,72.812,70.035,70.325,69.593,67.098,78.86,79.916,95.245,79.014,107.007,79.84,71.626,78.474,80.312,70.765,77.725,72.726,220.474,70.744,72.953
2003-04-01,98.263,130.489,66.555,88.299,63.765,75.836,67.542,127.462,61.905,93.081,72.262,73.048,70.212,70.387,69.639,67.317,78.666,79.97,94.927,78.109,107.022,80.07,71.905,78.561,80.405,70.933,77.593,72.644,219.294,70.877,72.857
2003-05-01,98.095,129.664,62.976,87.34,64.243,75.958,67.947,126.008,55.674,92.147,72.444,73.536,70.513,70.502,69.746,67.816,78.548,80.084,94.716,77.154,106.709,79.869,72.039,78.674,80.518,71.249,77.504,72.98,217.156,71.137,73.19
2003-06-01,98.485,129.144,63.118,87.197,64.494,76.429,68.036,125.502,55.915,92.205,72.557,73.678,70.616,70.527,69.778,67.998,78.633,80.123,94.371,77.421,106.931,79.896,72.052,78.718,80.567,71.369,77.588,73.078,215.542,71.232,73.405
2003-07-01,98.922,128.949,64.311,87.004,64.757,76.343,68.224,125.348,58.05,92.508,72.759,73.952,70.826,70.695,69.917,68.31,78.863,80.315,94.37,77.898,106.878,80.293,72.223,78.915,80.77,71.589,77.816,73.238,214.56,71.429,73.81
2003-08-01,98.695,128.375,67.127,87.249,65.101,76.779,68.331,124.82,62.801,92.945,73.018,74.114,71.014,70.832,70.057,68.57,79.142,80.394,93.891,78.701,106.895,80.273,72.537,79.004,80.848,71.801,78.079,73.407,213.301,71.62,73.823
2003-09-01,98.744,128.036,69.665,87.68,65.446,76.954,68.409,124.779,66.678,93.297,73.211,74.2,71.204,71.003,70.273,68.693,79.343,80.43,93.684,79.307,106.643,80.198,72.835,79.114,80.943,71.993,78.323,73.623,212.117,71.818,73.834
2003-10-01,98.974,127.584,67.056,87.333,65.8,77.24,68.677,124.92,62.683,92.814,73.529,74.609,71.441,71.179,70.373,69.195,79.321,80.561,93.017,78.817,106.104,80.074,73.033,79.26,81.081,72.258,78.333,73.662,211.77,72.036,74.042
2003-11-01,98.826,127.258,66.721,87.664,66.08,77.543,68.837,124.461,62.528,92.76,73.733,74.789,71.6,71.353,70.468,69.362,79.38,80.624,92.855,78.865,105.681,80.022,73.266,79.368,81.174,72.452,78.432,73.736,211.318,72.2,74.054
2003-12-01,98.375,126.999,67.72,88.048,66.145,77.97,69.077,124.104,64.04,92.967,73.92,74.878,71.749,71.439,70.579,69.493,79.541,80.696,92.811,79.243,105.381,80.21,73.473,79.467,81.276,72.628,78.605,73.959,210.62,72.358,74.482
2004-01-01,98.266,127.13,70.374,87.057,66.419,77.779,69.238,124.571,68.152,93.412,74.082,75.423,72.036,71.584,70.778,69.976,79.869,80.91,92.867,79.799,106.149,80.337,73.812,79.671,81.493,72.89,78.909,74.251,209.812,72.602,74.24
2004-02-01,98.181,127.197,71.298,86.858,66.336,77.864,69.292,124.942,69.212,93.629,74.246,75.654,72.194,71.736,71.01,70.242,80.068,81.069,93.047,80.069,106.135,80.614,74.072,79.8,81.616,73.009,79.077,74.362,209.082,72.749,74.245
2004-03-01,98.404,127.182,71.023,86.87,66.29,78.129,69.643,124.734,69.276,93.777,74.479,75.844,72.31,71.912,71.084,70.536,80.21,81.228,93.183,80.275,106.211,80.809,74.196,79.934,81.74,73.137,79.199,74.493,208.783,72.861,74.162
2004-04-01,98.512,127.217,70.129,87.71,66.783,78.288,69.918,124.542,67.57,93.692,74.873,76.066,72.534,72.146,71.318,70.802,80.304,81.385,93.297,80.143,106.754,80.916,74.283,80.142,81.942,73.384,79.346,74.664,208.423,73.105,73.981
2004-05-01,98.748,127.026,72.243,87.694,66.999,78.937,70.167,124.255,70.927,94.2,75.058,76.256,72.69,72.303,71.516,71.04,80.571,81.48,93.458,80.91,106.727,80.982,74.321,80.252,82.04,73.525,79.604,74.81,207.167,73.257,73.748
2004-06-01,99.043,126.945,74.216,87.381,67.219,79.094,70.276,124.608,73.44,94.507,75.148,76.404,72.901,72.484,71.811,71.242,80.812,81.607,93.419,81.359,106.524,80.966,74.512,80.379,82.155,73.679,79.831,75.057,206.452,73.45,73.936
2004-07-01,98.873,126.521,73.95,86.872,67.422,79.164,70.594,124.174,72.669,94.299,75.204,76.57,73.118,72.633,72.0,71.454,80.889,81.708,93.232,81.234,106.74,80.917,74.723,80.474,82.237,73.876,79.905,75.162,204.905,73.643,74.515
2004-08-01,98.349,125.863,74.175,86.309,67.514,79.198,70.721,123.539,72.613,94.081,75.219,76.731,73.293,72.814,72.235,71.628,80.938,81.746,92.856,81.183,105.893,80.959,74.997,80.505,82.233,73.998,79.946,75.28,203.754,73.795,74.522
2004-09-01,98.055,125.893,74.962,86.548,67.723,79.015,71.055,123.555,74.206,94.236,75.444,76.86,73.449,72.935,72.311,71.847,81.077,81.875,93.26,81.385,105.305,81.184,75.311,80.656,82.39,74.191,80.104,75.479,203.171,73.953,74.289
2004-10-01,98.367,126.202,77.945,86.638,67.813,79.487,71.219,124.697,79.514,95.093,75.643,77.014,73.575,73.041,72.377,72.073,81.433,82.035,93.71,82.446,105.187,81.479,75.445,80.831,82.582,74.34,80.448,75.638,202.098,74.079,74.59
2004-11-01,98.662,126.264,80.556,87.005,67.987,79.777,71.287,124.275,82.595,95.53,75.891,77.165,73.826,73.147,72.684,72.286,81.744,82.186,94.416,83.022,105.464,81.478,75.824,81.005,82.772,74.573,80.758,75.847,200.672,74.334,75.227
2004-12-01,97.752,126.329,79.736,87.75,68.086,79.713,71.416,123.973,81.123,95.276,76.227,77.341,73.977,73.299,72.826,72.51,81.753,82.26,94.712,82.646,106.732,81.399,76.147,81.109,82.864,74.752,80.801,75.963,199.514,74.504,75.08
2005-01-01,98.306,126.143,77.137,88.711,68.614,79.52,71.644,124.38,76.975,94.867,76.613,77.729,74.281,73.501,72.979,72.743,81.789,82.503,94.746,82.154,105.338,81.62,76.509,81.401,83.177,75.145,80.907,76.186,198.97,74.829,75.354
2005-02-01,98.003,125.965,79.501,88.179,68.765,79.344,71.915,124.411,80.58,95.146,76.799,78.097,74.506,73.702,73.219,73.113,82.049,82.662,94.886,82.604,105.361,81.755,76.567,81.536,83.296,75.333,81.132,76.273,197.495,75.031,75.549
2005-03-01,98.488,125.868,80.445,89.456,68.921,79.596,72.394,124.888,82.044,95.368,77.166,78.238,74.726,73.845,73.376,73.242,82.275,82.836,94.816,82.948,105.281,81.712,76.736,81.737,83.511,75.622,81.375,76.415,196.561,75.283,76.347
2005-04-01,97.988,125.794,82.076,89.066,69.2,80.38,72.403,124.975,83.785,95.672,77.264,78.425,74.938,73.969,73.652,73.465,82.506,82.913,94.959,83.399,104.712,81.709,77.024,81.831,83.598,75.785,81.603,76.577,196.106,75.477,76.383
2005-05-01,97.876,126.056,80.27,89.048,69.312,80.302,72.391,125.386,80.206,95.442,77.435,78.587,75.108,74.136,73.876,73.682,82.533,83.077,95.344,82.977,105.069,82.028,77.322,81.999,83.766,75.929,81.649,76.767,195.675,75.642,76.447
2005-06-01,97.612,125.591,80.476,88.413,69.568,80.181,72.573,124.646,80.617,95.304,77.475,78.748,75.264,74.252,73.973,73.899,82.582,83.133,95.259,82.963,104.3,82.047,77.484,82.056,83.808,76.075,81.7,76.767,194.896,75.773,76.754
2005-07-01,97.213,125.16,84.965,88.777,69.886,80.335,72.738,124.454,87.702,95.938,77.713,78.887,75.481,74.432,74.239,74.102,82.932,83.219,94.741,84.02,104.302,82.282,77.647,82.176,83.914,76.281,82.046,77.015,194.171,75.996,76.991
2005-08-01,97.423,124.73,90.315,89.006,70.017,80.308,72.847,124.032,96.024,96.673,77.917,79.033,75.635,74.564,74.492,74.297,83.3,83.284,94.203,85.216,105.08,82.374,77.599,82.243,83.966,76.398,82.377,77.386,193.139,76.152,77.022
2005-09-01,96.939,124.826,102.573,88.907,70.23,80.515,72.683,123.573,114.771,98.562,78.191,79.299,75.976,74.735,75.025,74.667,84.192,83.474,94.486,87.783,105.922,82.503,77.76,82.425,84.15,76.644,83.172,77.994,192.791,76.48,78.105
2005-10-01,96.987,124.719,101.112,89.056,70.704,80.6,73.244,123.545,109.019,98.05,78.551,79.643,76.393,74.881,75.611,75.083,84.277,83.672,94.905,87.112,105.366,82.717,77.906,82.662,84.408,76.98,83.305,78.301,191.599,76.888,78.252
2005-11-01,97.215,124.62,93.526,89.077,70.86,80.91,73.486,123.672,94.586,96.785,78.767,79.859,76.695,75.077,75.989,75.352,84.055,83.892,95.13,85.411,105.547,82.953,78.18,82.873,84.622,77.241,83.131,78.269,190.155,77.181,79.49
2005-12-01,96.72,124.506,91.922,89.69,70.871,80.991,73.656,124.205,93.085,96.632,79.014,79.944,76.742,75.232,75.949,75.494,84.025,83.958,95.205,85.238,105.463,83.16,78.481,82.959,84.691,77.351,83.131,78.42,188.672,77.247,78.926
2006-01-01,96.786,124.402,96.396,89.915,71.142,81.273,73.904,124.165,98.544,97.25,79.27,80.089,77.055,75.445,76.453,75.756,84.453,84.136,95.335,86.132,105.748,83.318,78.778,83.145,84.871,77.586,83.534,78.66,187.627,77.558,79.264
2006-02-01,95.955,124.121,95.215,90.098,71.254,81.13,74.175,123.797,97.385,96.965,79.483,80.295,77.251,75.672,76.55,75.975,84.482,84.26,95.315,85.846,105.16,83.411,79.076,83.279,84.983,77.821,83.584,78.804,187.148,77.753,79.83
2006-03-01,97.154,123.75,94.225,89.966,71.662,81.271,74.48,123.441,96.575,97.01,79.661,80.524,77.475,75.925,76.641,76.242,84.634,84.489,95.263,86.053,104.548,83.675,79.34,83.509,85.207,78.08,83.746,79.111,186.269,77.966,79.939
2006-04-01,97.516,123.763,97.884,90.482,72.343,81.122,74.635,123.643,103.436,97.689,79.99,80.728,77.729,76.204,76.796,76.514,84.98,84.671,95.179,86.99,105.425,83.787,79.634,83.764,85.456,78.383,84.135,79.228,185.53,78.228,80.09
2006-05-01,97.558,123.615,98.74,89.861,72.835,81.163,74.929,123.798,105.111,97.859,80.073,80.963,78.01,76.541,77.054,76.805,85.211,84.884,95.081,87.284,106.109,83.936,79.792,83.974,85.636,78.63,84.361,79.568,184.205,78.479,80.399
2006-06-01,97.748,123.165,98.835,90.136,73.205,81.427,75.087,123.6,105.461,97.906,80.349,81.206,78.287,76.886,77.323,77.078,85.398,85.072,94.927,87.525,106.15,84.146,80.101,84.186,85.817,78.91,84.569,79.88,182.401,78.756,80.733
2006-07-01,96.748,123.175,103.028,90.215,72.76,81.568,75.276,123.778,112.678,98.518,80.596,81.455,78.438,77.173,77.575,77.375,85.736,85.175,94.961,88.372,105.971,84.1,80.398,84.268,85.851,79.021,84.858,80.123,182.283,78.905,80.856
2006-08-01,97.347,123.169,105.098,90.333,72.835,81.762,75.464,123.887,115.873,98.946,80.859,81.687,78.639,77.441,77.868,77.68,86.033,85.364,94.909,88.97,106.723,84.164,80.574,84.44,85.999,79.183,85.125,80.272,181.623,79.103,80.852
2006-09-01,97.773,122.549,97.797,90.271,73.236,81.993,75.532,123.308,102.544,97.697,80.998,81.849,78.87,77.684,78.206,77.878,85.75,85.49,94.874,87.478,106.591,84.479,80.897,84.573,86.107,79.36,84.902,80.297,179.318,79.324,80.652
2006-10-01,97.432,122.484,90.604,90.051,73.725,82.229,75.782,123.914,92.036,96.699,81.136,81.994,79.03,77.972,78.197,78.121,85.479,85.621,94.737,86.117,106.63,84.429,81.142,84.726,86.228,79.568,84.702,80.339,178.511,79.47,80.696
2006-11-01,96.928,122.192,90.473,89.864,73.697,82.202,75.982,123.782,91.137,96.405,81.225,82.114,79.212,78.208,78.511,78.292,85.503,85.658,94.428,85.825,106.978,84.158,81.232,84.766,86.223,79.682,84.731,80.568,177.596,79.64,81.114
2006-12-01,97.253,121.861,94.988,90.122,73.864,82.026,76.211,123.389,98.137,96.985,81.456,82.334,79.388,78.459,78.817,78.512,85.812,85.748,94.278,86.764,107.254,84.273,81.354,84.88,86.304,79.813,85.032,80.795,176.504,79.819,80.328
2007-01-01,97.193,121.655,93.627,90.784,74.152,82.626,76.58,123.135,95.451,96.963,81.841,83.232,79.796,78.678,79.077,78.813,86.087,86.093,94.308,86.816,108.001,84.786,81.435,85.224,86.678,80.289,85.316,81.029,175.118,80.236,80.804
2007-02-01,97.334,121.647,94.709,90.983,74.138,83.281,76.911,123.554,96.91,97.288,82.078,83.505,80.036,78.922,79.354,79.059,86.368,86.282,94.193,87.274,108.648,84.814,81.694,85.408,86.847,80.512,85.581,81.153,174.328,80.475,81.245
2007-03-01,97.197,121.325,98.759,91.104,74.222,83.795,76.944,123.427,103.079,97.87,82.226,83.633,80.234,79.129,79.66,79.214,86.697,86.347,94.382,88.214,107.421,84.735,82.039,85.494,86.906,80.669,85.894,81.348,173.39,80.671,81.387
2007-04-01,96.825,121.035,100.414,90.957,74.596,83.987,77.289,123.284,105.976,98.084,82.326,83.745,80.443,79.273,79.791,79.386,86.887,86.441,94.409,88.629,107.032,84.792,82.311,85.616,87.023,80.892,86.096,81.725,172.362,80.867,81.39
2007-05-01,96.605,120.922,103.169,90.784,74.772,84.347,77.599,123.151,110.62,98.565,82.437,83.861,80.604,79.384,79.915,79.579,87.166,86.551,94.357,89.348,107.44,84.845,82.545,85.717,87.121,81.053,86.346,82.021,171.753,81.017,81.258
2007-06-01,95.797,120.929,103.704,91.183,74.985,84.793,77.96,123.409,110.933,98.645,82.708,84.061,80.826,79.545,80.149,79.811,87.34,86.673,94.268,89.457,108.711,84.901,82.667,85.859,87.258,81.28,86.529,82.007,170.695,81.246,81.805
2007-07-01,95.776,120.543,103.756,91.518,75.16,85.0,78.316,123.008,111.604,98.705,82.919,84.198,80.983,79.713,80.227,79.987,87.437,86.762,94.364,89.694,108.123,85.114,82.828,85.988,87.378,81.48,86.661,81.988,169.512,81.409,82.268
2007-08-01,95.371,119.998,102.118,92.08,75.416,85.326,78.561,122.499,109.193,98.402,83.179,84.411,81.188,79.92,80.351,80.158,87.458,86.858,94.462,89.485,107.719,85.218,83.196,86.116,87.488,81.731,86.72,81.908,167.549,81.626,82.578
2007-09-01,95.359,119.846,104.36,92.166,76.119,85.602,78.81,121.916,112.825,98.822,83.341,84.671,81.494,80.142,80.592,80.342,87.787,87.068,94.533,90.134,108.168,85.445,83.479,86.351,87.725,82.05,87.054,82.302,166.986,81.924,82.452
2007-10-01,95.647,119.849,105.183,90.677,76.3,85.941,78.984,121.872,113.786,99.101,83.519,85.181,81.815,80.359,80.849,81.022,88.111,87.358,94.484,90.519,108.555,85.706,83.704,86.576,87.953,82.307,87.318,82.646,166.877,82.182,83.166
2007-11-01,95.86,119.688,111.279,90.534,76.583,86.297,79.165,121.843,124.057,100.141,83.775,85.229,82.041,80.625,81.118,81.402,88.616,87.525,94.671,92.046,108.535,85.855,83.88,86.746,88.1,82.5,87.781,83.065,165.781,82.395,83.804
2007-12-01,96.432,119.337,112.233,90.777,76.549,86.377,79.341,121.321,125.618,100.33,83.952,85.604,82.251,80.849,81.338,81.56,88.844,87.723,94.6,92.447,108.449,86.106,84.234,86.92,88.262,82.711,87.984,83.167,164.911,82.606,83.65
2008-01-01,96.407,119.423,112.709,91.101,76.451,87.011,79.703,122.018,126.683,100.674,84.054,85.666,82.417,81.016,81.469,81.597,89.119,87.95,94.277,92.887,108.709,86.328,84.553,87.093,88.436,82.902,88.206,83.534,165.022,82.777,84.154
2008-02-01,95.742,119.236,114.162,91.031,76.354,87.45,79.935,121.919,128.383,100.859,84.173,85.84,82.6,81.158,81.721,81.778,89.34,88.07,93.801,93.212,109.835,86.45,84.861,87.178,88.507,83.047,88.382,83.64,164.376,82.95,84.381
2008-03-01,95.185,119.207,116.119,91.896,76.097,87.57,80.31,122.226,130.618,101.121,84.533,85.971,82.825,81.321,82.036,81.976,89.608,88.244,93.793,93.584,110.502,86.768,85.204,87.349,88.68,83.271,88.635,83.913,163.442,83.2,85.163
2008-04-01,95.383,118.722,116.772,91.297,75.607,88.714,80.252,121.374,129.925,101.283,84.563,86.163,83.022,81.503,82.455,82.214,89.84,88.354,93.366,93.996,111.027,86.925,85.84,87.4,88.699,83.341,88.799,84.091,162.555,83.366,85.277
2008-05-01,95.35,118.439,121.477,92.139,75.529,89.017,80.546,121.242,136.271,101.844,84.899,86.301,83.305,81.604,82.796,82.38,90.255,88.514,93.124,94.886,111.031,86.894,86.243,87.559,88.872,83.631,89.18,84.399,161.852,83.671,86.547
2008-06-01,95.079,118.371,130.795,92.321,75.781,89.595,80.874,121.399,150.74,103.299,85.059,86.42,83.617,81.811,83.217,82.532,90.962,88.705,92.885,96.935,111.018,87.127,86.575,87.76,89.072,83.895,89.827,84.649,161.835,83.977,87.261
2008-07-01,95.474,118.412,135.319,92.412,75.54,90.621,81.292,121.734,156.083,104.112,85.247,86.67,83.875,81.965,83.686,82.753,91.447,88.895,92.804,98.043,111.568,87.236,86.835,87.918,89.231,84.064,90.245,84.953,161.426,84.229,87.277
2008-08-01,96.121,118.154,130.809,92.331,75.285,91.106,81.506,122.003,148.813,103.647,85.363,86.812,83.976,82.114,83.783,82.933,91.401,89.066,92.448,97.49,111.522,87.445,87.039,88.026,89.328,84.169,90.172,85.313,160.646,84.323,87.363
2008-09-01,96.031,117.826,129.648,92.779,74.906,91.684,81.801,122.424,148.958,103.806,85.515,86.883,84.005,82.31,83.685,82.979,91.553,89.248,91.978,97.821,110.931,87.708,87.102,88.116,89.393,84.273,90.247,85.433,159.997,84.369,88.36
2008-10-01,95.281,117.719,118.293,91.237,73.297,92.068,82.052,122.457,130.103,102.146,85.337,87.132,83.909,82.452,83.737,83.281,91.106,89.379,91.491,95.564,111.36,87.832,87.288,87.991,89.202,84.054,89.651,85.264,160.014,84.215,88.605
2008-11-01,95.382,117.29,96.267,91.213,72.219,92.267,82.255,122.08,92.771,98.613,85.443,87.308,83.852,82.665,83.806,83.43,89.971,89.438,91.284,90.917,110.945,87.965,87.58,87.952,89.102,83.956,88.593,84.92,159.144,84.159,88.377
2008-12-01,94.67,116.852,86.691,91.377,71.528,92.228,82.402,121.623,76.027,96.891,85.658,87.476,83.844,82.737,83.869,83.659,89.453,89.451,91.039,88.739,111.016,88.151,87.738,87.909,89.03,83.936,88.098,84.702,158.036,84.159,88.508
2009-01-01,94.545,116.767,87.576,90.137,70.121,92.166,82.613,121.981,77.996,97.092,85.526,87.856,83.83,82.917,83.98,83.919,89.67,89.659,91.164,89.043,110.8,88.443,87.784,87.882,88.952,83.806,88.108,84.877,157.229,84.094,88.884
2009-02-01,96.214,116.772,90.097,90.079,69.437,91.882,82.69,122.529,82.973,97.732,85.664,88.016,83.793,83.028,83.997,84.12,89.936,89.839,91.085,89.909,111.141,88.732,87.8,87.952,89.012,83.751,88.266,85.226,156.585,84.058,88.525
2009-03-01,96.573,116.432,87.323,89.238,68.785,91.629,82.699,122.989,79.261,97.573,85.589,88.187,83.756,83.2,84.014,84.31,89.932,90.04,90.768,89.815,111.08,89.891,87.911,88.015,89.048,83.654,88.169,85.271,155.192,83.988,88.249
2009-04-01,96.452,116.481,86.966,89.727,68.841,91.248,82.871,122.869,79.938,97.886,85.771,88.315,83.79,83.325,83.964,84.382,90.051,90.239,91.092,90.217,111.379,91.128,88.017,88.211,89.262,83.753,88.295,84.745,154.752,84.04,88.49
2009-05-01,96.341,116.319,88.157,89.1,69.051,90.927,82.775,122.66,83.34,98.113,85.827,88.58,83.855,83.457,83.916,84.666,90.156,90.317,91.421,90.581,111.306,91.276,88.109,88.279,89.314,83.83,88.387,84.906,153.74,84.078,87.897
2009-06-01,96.605,116.256,97.042,89.042,69.331,91.007,82.717,122.565,98.684,99.642,85.971,88.756,83.982,83.479,83.952,84.877,90.725,90.406,91.973,92.681,110.883,91.423,88.231,88.392,89.449,83.986,88.912,85.583,152.913,84.198,87.552
2009-07-01,96.323,115.67,96.469,89.384,69.663,90.621,82.625,121.824,98.148,99.387,86.135,88.875,84.088,83.468,83.903,84.978,90.681,90.432,91.97,92.55,110.758,91.746,88.388,88.468,89.546,84.171,88.922,85.684,151.161,84.313,88.227
2009-08-01,96.654,115.202,99.528,88.646,69.894,90.636,82.783,120.283,103.534,99.818,86.309,89.215,84.313,83.519,83.956,85.459,90.971,90.577,92.237,93.328,110.281,91.843,88.569,88.599,89.696,84.415,89.18,86.028,150.343,84.5,89.07
2009-09-01,97.003,115.508,100.113,89.299,70.078,90.375,82.95,120.569,104.636,100.076,86.506,89.231,84.387,83.437,83.892,85.499,91.086,90.701,93.169,93.564,111.147,92.231,88.826,88.755,89.91,84.579,89.324,86.047,149.035,84.597,89.375
2009-10-01,96.685,115.895,101.063,88.409,71.611,90.472,83.271,119.992,105.827,100.306,86.764,89.765,84.822,83.404,83.955,86.153,91.336,90.921,94.468,93.734,111.834,92.301,89.229,89.082,90.325,85.088,89.663,85.943,148.581,84.979,89.529
2009-11-01,96.169,115.964,104.27,88.048,71.97,90.52,83.289,119.378,110.517,100.716,86.808,89.974,84.992,83.313,84.005,86.34,91.555,90.968,95.403,94.267,111.857,92.262,89.389,89.16,90.446,85.275,89.887,86.122,147.86,85.126,90.057
2009-12-01,96.591,115.703,103.735,87.974,72.26,90.67,83.389,119.159,109.925,100.671,86.899,90.136,85.091,83.299,83.962,86.49,91.579,91.015,95.887,94.304,111.121,92.275,89.59,89.236,90.544,85.423,89.939,85.89,146.637,85.218,90.335
2010-01-01,96.266,115.555,105.245,88.198,73.091,90.787,83.46,118.971,112.533,100.904,87.073,90.311,85.27,83.258,83.965,86.648,91.714,91.063,96.221,94.68,110.643,92.404,89.728,89.368,90.718,85.679,90.136,85.943,145.988,85.398,90.282
2010-02-01,96.586,115.146,103.624,88.134,73.558,90.877,83.452,118.161,109.883,100.638,87.206,90.486,85.381,83.245,83.946,86.852,91.674,91.112,96.335,94.471,110.126,92.545,89.831,89.446,90.819,85.837,90.134,85.865,145.235,85.502,90.39
2010-03-01,96.498,114.98,103.437,87.908,74.214,91.123,83.539,117.901,108.789,100.588,87.28,90.685,85.598,83.207,84.03,87.034,91.749,91.185,96.175,94.467,110.42,92.695,90.214,89.579,90.995,86.083,90.261,85.73,144.833,85.701,90.567
2010-04-01,95.922,114.54,103.45,87.606,74.469,91.227,83.709,117.341,108.842,100.415,87.349,90.871,85.756,83.209,84.046,87.238,91.786,91.217,95.969,94.398,110.302,92.606,90.429,89.625,91.052,86.275,90.31,86.157,143.898,85.84,90.684
2010-05-01,95.793,114.227,102.154,87.635,75.078,91.25,83.885,117.137,106.806,100.127,87.43,90.932,85.919,83.256,84.074,87.336,91.797,91.308,95.856,94.122,110.794,92.585,90.56,89.724,91.163,86.486,90.339,86.367,142.578,85.997,90.961
2010-06-01,95.835,113.84,100.703,87.278,75.034,91.164,84.001,116.147,104.556,99.813,87.443,91.142,86.013,83.315,84.091,87.483,91.761,91.368,96.247,93.838,110.587,92.658,90.659,89.767,91.202,86.586,90.301,86.625,141.362,86.072,91.076
2010-07-01,95.72,113.337,102.249,87.839,74.807,91.207,83.992,115.721,106.933,99.9,87.645,91.213,86.065,83.354,84.183,87.557,91.867,91.39,96.079,94.152,109.884,92.694,90.835,89.769,91.194,86.655,90.378,86.759,140.374,86.145,91.236
2010-08-01,95.202,113.422,103.197,87.625,75.065,91.254,84.187,115.398,108.506,100.09,87.716,91.382,86.175,83.355,84.21,87.728,91.994,91.472,96.295,94.381,110.68,92.925,90.976,89.855,91.302,86.782,90.502,86.819,140.14,86.241,90.907
2010-09-01,95.416,113.305,103.771,87.64,74.99,91.49,84.398,115.047,109.908,100.286,87.804,91.534,86.222,83.412,84.227,87.841,92.084,91.516,96.524,94.697,110.614,92.991,91.21,89.906,91.351,86.845,90.592,86.535,139.637,86.288,90.503
2010-10-01,95.222,113.132,107.297,87.816,75.864,91.531,84.482,114.969,116.168,100.798,87.942,91.671,86.42,83.454,84.266,87.965,92.316,91.561,96.587,95.473,110.379,92.981,91.25,90.043,91.511,87.105,90.881,86.632,139.022,86.484,90.911
2010-11-01,95.089,113.094,108.718,87.907,76.005,91.698,84.556,113.949,119.251,101.146,88.051,91.769,86.533,83.567,84.31,88.079,92.5,91.668,96.928,95.971,111.568,93.174,91.383,90.16,91.629,87.249,91.062,86.803,138.424,86.597,91.44
2010-12-01,95.175,112.774,112.536,88.743,75.623,91.81,84.751,113.799,125.759,101.689,88.342,91.832,86.566,83.664,84.452,88.182,92.728,91.68,97.163,96.85,112.06,93.209,91.382,90.179,91.628,87.29,91.268,86.764,136.436,86.663,91.664
2011-01-01,95.62,112.994,113.79,88.918,76.161,92.437,84.958,114.296,128.262,102.218,88.526,91.854,86.735,83.78,84.525,88.368,92.974,91.826,97.632,97.498,112.436,93.342,91.466,90.372,91.841,87.5,91.542,86.994,135.864,86.832,92.235
2011-02-01,95.644,113.135,115.374,88.838,76.155,93.028,84.967,114.248,130.636,102.681,88.703,92.132,86.914,83.906,84.706,88.633,93.267,92.011,97.93,98.084,112.793,93.555,91.663,90.53,92.006,87.669,91.797,87.176,135.78,87.001,92.74
2011-03-01,95.478,112.914,119.545,88.777,76.476,93.832,85.21,113.808,137.575,103.469,88.875,92.323,87.121,83.997,84.843,88.884,93.663,92.135,98.028,99.268,112.966,93.733,91.73,90.667,92.154,87.889,92.166,87.32,134.976,87.197,93.553
2011-04-01,95.518,113.18,123.557,88.719,77.043,94.172,85.494,114.203,144.263,104.318,89.004,92.502,87.332,84.081,84.977,89.08,94.056,92.314,98.515,100.345,113.891,94.086,91.946,90.875,92.392,88.116,92.557,87.467,134.304,87.396,93.276
2011-05-01,96.435,113.29,124.866,89.262,77.161,94.604,85.663,114.665,146.229,104.745,89.322,92.681,87.539,84.187,85.127,89.317,94.333,92.513,99.239,100.893,113.843,94.157,92.215,91.091,92.635,88.366,92.838,87.918,133.21,87.618,93.864
2011-06-01,96.963,113.426,122.172,88.688,77.16,94.804,86.161,114.976,141.738,104.496,89.31,92.829,87.644,84.321,85.218,89.508,94.33,92.654,99.889,100.492,113.802,94.155,92.313,91.191,92.726,88.439,92.819,87.9,132.508,87.694,93.46
2011-07-01,97.661,113.373,122.455,89.177,77.285,95.173,86.582,114.89,141.906,104.649,89.516,92.924,87.789,84.503,85.425,89.606,94.491,92.786,99.976,100.725,113.835,94.108,92.383,91.326,92.849,88.582,92.977,87.826,132.212,87.854,93.395
2011-08-01,98.433,113.24,122.834,88.858,77.458,95.726,86.76,115.153,142.479,104.909,89.611,93.07,88.014,84.696,85.606,89.86,94.731,92.987,100.147,101.14,113.938,94.211,92.861,91.508,93.028,88.788,93.196,88.107,131.096,88.055,93.794
2011-09-01,98.337,112.741,123.667,88.619,77.366,96.253,86.835,114.357,143.653,105.076,89.699,93.248,88.146,84.819,85.774,90.074,94.895,93.075,100.079,101.576,113.348,94.522,92.977,91.57,93.076,88.892,93.327,88.226,130.266,88.171,94.323
2011-10-01,98.578,112.773,122.694,88.784,76.877,96.363,86.91,114.466,142.248,105.049,89.774,93.251,88.153,85.0,85.892,90.114,94.963,93.203,100.177,101.526,114.434,94.652,93.079,91.614,93.086,88.868,93.329,88.274,129.422,88.185,94.628
2011-11-01,99.436,112.656,123.278,89.162,77.284,96.288,87.179,114.138,143.692,105.264,90.004,93.369,88.325,85.137,85.97,90.289,95.127,93.366,100.341,101.877,114.071,94.864,93.258,91.808,93.294,89.09,93.52,88.508,129.213,88.366,94.69
2011-12-01,99.517,112.558,121.139,88.268,77.687,96.482,87.4,114.085,140.347,105.024,90.007,93.634,88.548,85.304,86.078,90.62,95.208,93.568,100.387,101.579,113.808,94.94,93.406,91.96,93.442,89.294,93.574,88.987,128.954,88.541,94.771
2012-01-01,99.895,112.684,122.235,89.369,78.415,96.881,87.5,114.576,142.702,105.449,90.344,93.71,88.786,85.462,86.172,90.679,95.454,93.748,100.472,102.128,114.364,95.115,93.653,92.235,93.745,89.639,93.894,89.644,128.517,88.816,95.083
2012-02-01,99.657,112.548,124.563,88.893,78.915,96.81,87.822,115.099,147.34,105.798,90.298,93.871,88.966,85.593,86.231,90.792,95.689,93.891,100.258,102.678,114.277,95.244,93.807,92.364,93.872,89.831,94.104,89.44,127.872,88.967,95.457
2012-03-01,100.321,112.29,125.166,89.161,79.077,97.009,87.924,114.587,148.705,106.046,90.489,93.975,89.113,85.771,86.366,90.953,95.841,94.011,100.575,103.138,114.079,95.585,94.065,92.521,94.024,89.993,94.284,89.725,126.89,89.118,95.449
2012-04-01,100.991,112.001,125.029,89.336,79.357,97.064,88.157,114.655,148.672,106.021,90.746,94.154,89.298,85.965,86.541,91.24,95.945,94.132,100.578,103.224,113.154,95.517,94.196,92.661,94.152,90.189,94.408,89.795,126.228,89.303,95.656
2012-05-01,101.252,111.94,120.895,88.788,79.444,96.983,88.467,114.559,141.839,105.393,90.765,94.335,89.441,86.085,86.598,91.482,95.839,94.262,100.738,102.362,113.11,95.397,94.443,92.755,94.239,90.322,94.302,89.837,125.835,89.414,95.789
2012-06-01,100.855,111.596,117.658,89.064,79.48,97.154,88.839,114.457,136.016,104.858,90.979,94.432,89.59,86.184,86.719,91.671,95.784,94.376,100.602,101.748,112.817,95.628,94.613,92.85,94.333,90.497,94.254,90.309,124.916,89.57,95.754
2012-07-01,100.85,111.429,116.521,88.831,79.925,97.166,88.797,114.997,134.303,104.714,91.13,94.663,89.715,86.332,86.814,91.973,95.789,94.449,100.744,101.612,111.285,95.797,94.629,92.946,94.416,90.613,94.288,90.374,124.529,89.678,95.308
2012-08-01,100.063,111.212,122.377,88.787,80.093,97.2,88.953,114.54,144.269,105.43,91.222,94.786,89.874,86.506,87.057,92.118,96.15,94.511,100.689,102.719,112.139,95.802,94.625,93.005,94.447,90.737,94.605,90.646,123.58,89.827,95.392
2012-09-01,100.889,110.967,126.679,88.877,80.19,97.163,89.142,113.943,151.778,106.086,91.332,94.879,90.008,86.7,87.24,92.236,96.464,94.625,100.669,103.759,112.316,95.887,94.707,93.119,94.542,90.85,94.893,90.855,123.022,89.96,95.447
2012-10-01,101.675,110.867,128.166,89.661,80.996,97.414,89.269,114.014,154.149,106.405,91.613,94.898,90.247,86.893,87.45,92.314,96.66,94.742,100.848,104.26,112.168,95.942,94.967,93.345,94.775,91.134,95.174,90.988,122.372,90.224,95.736
2012-11-01,101.68,110.849,124.425,89.965,81.279,97.567,89.306,114.3,146.914,105.814,91.779,94.91,90.394,87.037,87.666,92.422,96.533,94.801,100.987,103.426,111.527,95.891,95.267,93.445,94.866,91.269,95.109,91.049,122.242,90.379,95.729
2012-12-01,101.711,110.753,122.303,89.355,81.433,97.78,89.399,113.774,143.127,105.43,91.889,95.2,90.571,87.179,87.807,92.828,96.513,94.879,101.38,102.917,111.45,95.523,95.44,93.514,94.916,91.409,95.094,91.154,121.743,90.518,95.884
2013-01-01,102.393,110.738,122.417,89.42,81.684,97.911,89.604,113.859,143.185,105.544,92.105,95.399,90.788,87.333,87.975,93.102,96.689,95.062,101.54,103.085,111.547,95.571,95.815,93.703,95.113,91.638,95.275,91.274,121.301,90.728,96.146
2013-02-01,102.414,110.647,127.921,88.93,82.043,97.976,89.747,113.993,152.705,106.264,92.14,95.599,90.996,87.515,88.173,93.344,97.067,95.168,101.336,104.158,111.793,95.329,95.97,93.805,95.196,91.805,95.614,91.543,120.984,90.904,96.219
2013-03-01,101.438,110.248,123.242,89.103,82.329,98.067,89.859,113.308,144.535,105.459,92.296,95.768,91.16,87.672,88.292,93.491,96.874,95.215,101.287,103.176,111.583,95.583,96.387,93.891,95.266,91.988,95.488,91.355,120.178,91.068,96.204
2013-04-01,101.372,109.912,119.968,90.355,83.094,98.175,90.175,113.079,137.902,104.862,92.372,95.324,91.219,87.846,88.555,93.106,96.643,95.131,101.262,102.466,111.657,95.752,96.321,93.937,95.281,92.048,95.391,91.207,119.017,91.183,95.651
2013-05-01,101.328,109.788,119.754,90.136,83.407,97.926,90.426,112.883,136.769,104.625,92.435,95.475,91.44,88.028,88.829,93.278,96.697,95.229,101.261,102.181,111.424,95.613,96.461,94.047,95.373,92.221,95.461,91.463,118.835,91.383,95.737
2013-06-01,101.352,109.735,120.938,90.361,83.738,98.148,90.58,112.747,138.988,104.873,92.645,95.68,91.635,88.207,88.979,93.481,96.935,95.413,101.461,102.56,111.422,95.686,96.605,94.209,95.531,92.437,95.673,91.624,118.435,91.58,96.039
2013-07-01,101.918,109.489,121.117,90.458,83.965,98.234,90.91,112.006,139.379,104.911,92.789,95.796,91.791,88.336,89.089,93.643,97.052,95.529,101.621,102.724,111.24,95.703,96.589,94.329,95.649,92.61,95.792,91.754,117.953,91.734,96.608
2013-08-01,101.842,109.112,122.221,90.406,84.578,98.288,90.865,111.644,141.632,105.04,92.837,95.729,91.948,88.573,89.25,93.73,97.156,95.582,101.694,103.076,110.284,95.892,96.831,94.431,95.719,92.75,95.934,92.038,117.231,91.88,96.668
2013-09-01,101.725,109.037,121.043,90.396,84.784,98.233,90.81,111.359,139.147,104.784,93.003,95.951,92.126,88.736,89.453,93.964,97.182,95.687,102.0,102.741,110.053,95.895,96.934,94.543,95.818,92.907,95.976,92.299,116.857,92.05,96.983
2013-10-01,101.474,108.882,120.607,89.826,85.613,98.299,90.603,111.18,138.348,104.704,93.068,96.17,92.379,88.922,89.636,94.275,97.24,95.773,102.059,102.694,109.555,96.058,97.279,94.703,95.973,93.138,96.103,92.363,116.613,92.265,97.254
2013-11-01,101.719,108.72,121.008,89.998,86.055,98.144,91.137,110.849,139.03,104.697,93.209,96.287,92.588,89.137,89.828,94.404,97.34,95.883,102.184,102.757,109.223,96.064,97.5,94.86,96.116,93.351,96.246,92.651,116.267,92.473,96.578
2013-12-01,102.78,108.308,122.557,90.346,86.228,98.285,91.229,110.137,141.696,104.822,93.377,96.341,92.766,89.388,90.057,94.501,97.52,95.986,102.215,103.121,108.659,95.659,97.446,94.961,96.182,93.521,96.414,92.7,115.537,92.658,98.047
2014-01-01,102.313,108.041,124.772,90.626,86.788,98.429,91.344,110.178,144.263,105.026,93.556,96.407,92.96,89.584,90.41,94.64,97.675,96.021,101.93,103.535,107.962,95.977,97.589,95.064,96.263,93.659,96.614,93.054,115.289,92.856,97.008
2014-02-01,101.873,107.698,124.466,90.733,86.794,98.709,91.571,109.929,143.147,104.915,93.678,96.504,93.073,89.776,90.653,94.768,97.72,96.065,101.823,103.528,107.25,96.211,97.63,95.109,96.274,93.725,96.66,93.153,114.739,92.969,96.667
2014-03-01,102.017,107.377,124.438,90.883,87.15,99.156,91.964,109.259,140.751,104.747,93.835,96.615,93.376,90.012,91.164,94.928,97.869,96.195,101.563,103.431,107.266,96.234,97.669,95.25,96.393,93.939,96.815,93.19,114.419,93.265,97.356
2014-04-01,102.126,107.286,124.555,91.114,87.541,99.458,92.255,108.705,142.69,104.995,93.947,96.655,93.509,90.229,91.141,94.993,98.002,96.312,101.709,103.832,106.808,96.359,97.842,95.413,96.543,94.14,96.987,93.422,114.593,93.403,97.66
2014-05-01,102.391,106.893,124.04,91.118,88.178,100.012,92.726,108.261,140.884,104.961,94.06,96.795,93.766,90.433,91.436,95.148,98.126,96.432,101.688,103.961,106.484,96.643,97.789,95.574,96.694,94.364,97.147,93.499,113.64,93.648,97.823
2014-06-01,102.53,106.762,124.309,91.14,88.385,100.019,92.687,108.343,141.343,105.049,94.179,96.955,93.885,90.63,91.614,95.305,98.22,96.526,101.575,104.151,105.984,96.941,97.802,95.682,96.781,94.457,97.253,93.663,113.521,93.762,97.698
2014-07-01,102.465,106.748,123.722,91.385,88.835,100.256,93.061,108.319,140.196,105.026,94.277,96.982,94.091,90.856,91.848,95.345,98.334,96.668,101.829,104.125,106.177,97.034,97.914,95.848,96.933,94.661,97.391,93.887,112.982,93.971,97.872
2014-08-01,101.945,106.601,122.191,91.343,88.868,100.525,93.274,107.943,138.19,104.769,94.417,97.124,94.193,91.05,91.953,95.555,98.32,96.712,102.009,103.818,105.877,96.799,98.079,95.885,96.934,94.757,97.379,93.667,112.629,94.066,97.951
2014-09-01,102.299,106.441,119.939,91.497,89.119,100.712,93.539,107.783,134.56,104.577,94.56,97.236,94.324,91.263,92.116,95.694,98.323,96.822,102.161,103.613,105.65,97.066,98.046,96.013,97.044,94.878,97.413,93.648,112.044,94.198,98.0
2014-10-01,102.312,106.328,117.442,93.542,89.021,100.74,93.796,107.949,130.577,104.275,94.788,96.913,94.323,91.472,92.286,95.241,98.224,96.844,102.07,103.223,105.072,97.235,98.112,96.096,97.098,94.948,97.384,93.79,111.938,94.289,98.004
2014-11-01,101.915,105.817,113.221,93.489,89.499,100.967,94.119,107.394,123.513,103.554,94.937,97.125,94.518,91.713,92.467,95.465,98.086,96.907,101.82,102.406,104.327,97.239,97.964,96.181,97.147,95.136,97.291,93.669,111.216,94.473,98.451
2014-12-01,101.372,105.262,107.58,93.311,89.746,101.206,94.359,106.674,112.83,102.609,94.969,97.222,94.704,91.89,92.734,95.574,97.873,96.969,101.526,101.28,104.319,97.609,98.066,96.249,97.19,95.275,97.12,93.731,110.084,94.643,98.729
2015-01-01,100.968,104.93,97.733,93.656,89.735,101.183,94.568,106.434,95.644,101.015,95.189,96.89,94.722,92.136,92.939,95.747,97.328,96.919,101.028,99.097,103.976,97.479,98.305,96.214,97.093,95.246,96.654,93.974,109.933,94.676,98.278
2015-02-01,100.873,105.164,99.321,93.866,89.705,101.262,94.683,106.42,98.569,101.363,95.35,97.029,94.811,92.402,93.163,95.89,97.516,97.036,101.749,99.498,103.655,97.578,98.227,96.324,97.168,95.297,96.825,94.117,109.979,94.77,97.918
2015-03-01,101.459,105.051,100.998,94.075,90.073,100.984,94.915,106.351,102.337,101.65,95.513,97.088,94.945,92.655,93.284,96.037,97.696,97.172,101.871,99.972,103.284,97.672,98.238,96.47,97.29,95.44,97.008,94.341,109.624,94.907,97.87
2015-04-01,101.317,105.212,99.719,93.808,90.509,100.761,95.126,107.07,100.528,101.523,95.622,97.272,95.145,92.91,93.462,96.281,97.77,97.352,102.118,99.709,102.761,97.808,98.271,96.648,97.45,95.621,97.094,94.591,109.572,95.086,97.985
2015-05-01,100.887,105.137,102.711,94.77,90.798,100.752,95.1,106.449,106.282,101.975,95.938,97.296,95.244,93.131,93.586,96.365,97.976,97.418,102.443,100.41,102.605,97.995,98.229,96.766,97.545,95.765,97.327,94.942,109.4,95.223,98.136
2015-06-01,100.559,104.971,104.248,95.147,91.216,101.013,94.965,106.108,108.567,102.114,96.127,97.369,95.448,93.438,93.908,96.488,98.129,97.481,102.573,100.694,102.338,97.902,98.565,96.882,97.62,95.936,97.516,95.319,108.985,95.434,97.921
2015-07-01,100.648,104.672,104.071,94.699,91.441,101.188,95.387,105.678,108.662,102.066,96.106,97.497,95.625,93.707,94.094,96.621,98.239,97.602,102.418,100.766,102.616,97.866,98.532,96.978,97.677,96.076,97.605,95.466,108.228,95.584,98.226
2015-08-01,101.133,104.311,102.347,95.301,91.638,101.348,95.412,105.04,105.725,101.752,96.388,97.649,95.754,93.932,94.312,96.785,98.202,97.642,102.219,100.475,101.63,97.701,98.689,97.056,97.723,96.209,97.612,95.467,108.244,95.734,97.85
2015-09-01,100.991,104.428,96.248,95.248,91.514,101.426,96.036,105.336,95.425,101.018,96.483,97.747,95.897,94.202,94.533,96.934,98.066,97.828,102.244,99.333,101.488,97.941,98.762,97.196,97.835,96.314,97.477,95.315,108.495,95.868,98.003
2015-10-01,100.429,104.143,95.335,96.108,91.242,101.575,96.298,105.147,94.141,100.825,96.604,97.643,95.948,94.425,94.697,96.78,98.058,97.856,101.815,99.185,101.643,98.024,98.942,97.228,97.825,96.375,97.477,95.579,108.076,95.955,97.992
2015-11-01,100.825,103.808,95.12,95.429,91.803,101.265,96.557,104.444,94.011,100.689,96.515,97.757,96.135,94.631,94.852,96.912,98.093,97.939,101.671,99.144,100.506,98.087,99.094,97.332,97.907,96.522,97.538,95.548,108.252,96.103,97.977
2015-12-01,100.919,103.573,92.43,95.557,92.152,100.935,96.552,104.382,90.067,100.204,96.663,97.893,96.234,94.86,94.982,97.068,97.967,97.976,101.427,98.538,100.607,98.003,99.069,97.396,97.935,96.615,97.456,95.655,107.666,96.204,97.575
2016-01-01,99.931,103.528,89.724,95.856,92.914,100.984,96.983,104.745,85.727,99.794,96.769,97.84,96.473,95.128,95.188,97.101,97.925,98.076,101.415,97.953,101.342,98.16,99.122,97.567,98.085,96.868,97.496,95.868,106.747,96.446,98.273
2016-02-01,100.371,103.402,84.857,96.743,92.906,101.107,97.166,104.028,77.643,99.256,97.131,98.01,96.608,95.379,95.384,97.269,97.856,98.262,101.496,97.216,102.063,98.49,99.044,97.736,98.236,97.028,97.445,96.131,106.337,96.614,98.51
2016-03-01,100.583,103.078,88.103,96.773,93.505,100.648,97.241,104.207,82.951,99.505,97.276,98.043,96.835,95.611,95.612,97.457,98.059,98.359,101.413,97.74,101.004,98.531,99.301,97.876,98.357,97.244,97.673,96.551,105.635,96.832,98.8
2016-04-01,100.505,103.45,90.604,97.44,94.152,100.676,97.293,104.026,87.094,100.001,97.512,98.148,97.057,95.891,95.876,97.54,98.324,98.521,101.778,98.295,101.732,98.679,99.373,98.117,98.589,97.479,97.993,96.966,106.291,97.074,98.817
2016-05-01,101.054,103.112,91.649,97.115,94.831,100.239,97.599,103.715,88.644,99.889,97.619,98.378,97.368,96.213,96.206,97.8,98.466,98.669,101.877,98.29,102.906,98.383,99.676,98.284,98.723,97.749,98.153,97.191,104.448,97.357,98.659
2016-06-01,100.738,102.49,93.964,97.32,95.215,100.006,97.919,103.169,92.558,99.99,97.777,98.408,97.572,96.507,96.47,97.943,98.651,98.774,101.538,98.74,101.922,98.677,99.567,98.386,98.784,97.93,98.325,97.71,103.556,97.561,99.144
2016-07-01,100.476,102.153,91.679,97.411,95.739,99.871,97.917,102.621,87.848,99.484,97.999,98.646,97.835,96.782,96.805,98.213,98.645,98.912,101.25,98.152,100.865,98.826,99.726,98.529,98.898,98.152,98.342,97.701,103.726,97.816,99.653
2016-08-01,100.521,101.912,91.441,98.011,96.078,99.79,98.242,101.954,87.06,99.467,98.276,98.803,98.024,97.049,97.101,98.371,98.728,99.03,101.154,98.246,101.316,99.375,99.83,98.703,99.052,98.33,98.479,97.696,103.268,98.023,99.194
2016-09-01,100.435,101.825,93.259,97.903,96.232,99.698,98.469,101.855,89.707,99.747,98.365,98.916,98.18,97.392,97.475,98.535,98.895,99.127,101.581,98.706,100.73,99.877,100.018,98.834,99.137,98.396,98.666,97.9,102.713,98.168,98.073
2016-10-01,100.943,101.603,95.378,98.47,96.651,99.702,98.816,102.244,93.358,99.964,98.634,99.031,98.358,97.7,97.746,98.693,99.08,99.221,101.18,99.141,100.964,99.689,99.943,98.961,99.226,98.566,98.868,97.895,101.976,98.363,97.992
2016-11-01,101.064,100.88,95.606,98.767,96.919,99.502,98.788,101.254,93.887,99.657,98.82,99.163,98.542,98.023,98.02,98.839,99.112,99.265,100.55,99.04,100.952,99.406,99.964,99.005,99.21,98.727,98.901,97.962,100.97,98.552,98.744
2016-12-01,100.665,100.611,97.521,99.172,97.112,99.343,98.954,101.001,97.213,99.771,99.02,99.288,98.727,98.313,98.266,98.964,99.299,99.392,100.471,99.345,100.613,99.474,99.867,99.12,99.288,98.905,99.071,98.074,100.442,98.747,99.755
2017-01-01,100.52,101.088,100.717,99.339,97.729,99.541,99.246,102.06,102.316,100.396,99.169,99.328,99.0,98.564,98.542,99.106,99.657,99.612,100.596,100.045,100.404,99.624,100.139,99.385,99.557,99.175,99.451,98.729,101.302,99.015,99.849
2017-02-01,100.38,101.059,99.871,100.327,97.781,99.72,99.457,101.801,100.529,100.355,99.494,99.38,99.18,98.831,98.84,99.192,99.758,99.756,100.561,99.999,101.222,99.932,100.114,99.561,99.714,99.363,99.586,99.372,101.033,99.231,100.228
2017-03-01,100.748,100.709,99.047,99.623,98.037,99.992,99.301,101.524,99.275,100.242,99.431,99.567,99.19,99.052,99.024,99.363,99.654,99.653,100.638,100.003,100.32,99.936,99.878,99.519,99.616,99.274,99.535,99.4,100.312,99.209,98.713
2017-04-01,100.396,100.574,99.086,100.619,98.858,100.074,99.665,100.93,98.686,100.135,99.804,99.673,99.484,99.268,99.313,99.509,99.764,99.769,100.523,99.912,101.06,99.933,99.76,99.723,99.818,99.609,99.725,99.555,100.095,99.534,99.802
2017-05-01,99.963,100.377,96.456,100.054,99.572,100.032,99.874,100.656,93.74,99.581,99.741,99.772,99.712,99.509,99.599,99.63,99.653,99.79,100.434,99.179,100.198,99.733,99.844,99.803,99.864,99.77,99.682,99.604,100.155,99.727,99.816
2017-06-01,99.887,100.109,95.978,99.659,100.184,99.841,99.739,100.288,92.68,99.419,99.825,99.926,99.938,99.797,99.889,99.888,99.726,99.92,100.031,99.07,99.815,99.98,99.982,99.937,99.966,99.937,99.766,99.683,100.216,99.925,100.29
2017-07-01,99.867,99.759,94.995,100.196,100.35,100.011,99.286,99.398,90.955,99.319,100.017,99.949,100.019,100.059,100.131,99.954,99.704,99.932,99.561,99.093,98.987,100.415,100.249,100.01,99.999,99.99,99.803,100.151,100.741,100.026,99.719
2017-08-01,99.807,99.514,97.979,100.432,100.671,100.075,100.149,99.213,96.093,99.604,100.153,100.017,100.213,100.401,100.422,100.055,99.939,100.032,99.537,99.646,99.232,100.255,99.831,100.118,100.058,100.153,100.027,100.512,99.883,100.222,99.688
2017-09-01,100.053,99.171,104.301,100.761,100.783,100.133,100.518,98.761,106.887,100.309,100.384,100.226,100.427,100.67,100.652,100.254,100.343,100.147,99.029,100.885,99.657,100.087,99.944,100.24,100.15,100.368,100.4,100.61,99.475,100.441,100.172
2017-10-01,100.252,99.471,102.005,99.351,101.419,100.251,100.921,98.71,103.23,100.176,100.458,100.664,100.756,100.984,100.905,100.851,100.486,100.425,99.51,100.532,99.919,100.085,99.995,100.486,100.382,100.623,100.531,100.611,99.838,100.695,100.564
2017-11-01,99.362,99.185,104.657,99.853,101.915,100.135,100.773,98.463,107.71,100.261,100.699,100.675,100.913,101.257,101.171,101.001,100.612,100.437,99.628,100.81,99.819,99.93,100.068,100.535,100.385,100.765,100.675,100.776,98.848,100.867,100.905
2017-12-01,98.765,98.985,104.908,99.786,102.701,100.194,101.072,98.196,107.899,100.202,100.825,100.821,101.169,101.607,101.512,101.197,100.705,100.526,99.952,100.825,99.366,100.091,100.197,100.683,100.491,100.972,100.821,100.997,98.101,101.109,100.253
2018-01-01,99.531,99.324,106.621,100.669,103.334,100.479,101.163,98.807,111.315,100.764,101.209,100.934,101.434,101.893,101.712,101.403,101.005,100.749,100.032,101.502,99.179,100.292,100.883,101.007,100.823,101.295,101.199,101.239,98.821,101.4,100.086
2018-02-01,100.154,99.039,108.131,100.373,103.628,100.316,101.398,98.846,112.995,100.857,101.302,101.097,101.736,102.086,102.017,101.635,101.233,100.948,99.936,101.793,99.815,100.484,101.195,101.198,101.014,101.563,101.416,101.594,97.582,101.676,101.147
2018-03-01,100.626,98.908,105.932,100.635,104.338,100.359,101.759,98.636,109.335,100.623,101.496,101.376,102.005,102.392,102.265,101.805,101.341,101.19,99.998,101.505,99.541,100.596,101.122,101.419,101.217,101.837,101.524,101.493,97.335,101.945,101.563
2018-04-01,101.435,99.09,107.673,100.356,104.601,100.466,101.858,99.898,112.688,101.02,101.576,101.623,102.195,102.717,102.518,102.017,101.606,101.389,99.603,102.014,99.394,100.53,101.344,101.602,101.371,101.981,101.766,101.387,97.546,102.114,101.429
2018-05-01,101.627,98.91,108.613,100.994,104.87,100.197,102.627,99.603,114.24,101.077,101.85,101.714,102.408,102.979,102.772,102.16,101.784,101.571,99.979,102.195,99.343,100.727,101.217,101.78,101.532,102.208,101.941,101.75,96.672,102.345,101.443
2018-06-01,100.855,98.532,108.648,101.353,105.228,100.269,102.303,98.802,114.672,100.94,102.065,101.847,102.594,103.22,102.94,102.324,101.829,101.612,99.99,102.186,98.242,100.784,101.627,101.872,101.593,102.412,102.029,102.256,96.474,102.539,101.678
2018-07-01,100.176,98.613,108.109,101.043,105.658,100.407,102.335,98.839,113.973,100.849,102.148,101.981,102.819,103.527,103.181,102.548,101.925,101.738,99.963,102.004,98.528,100.622,101.995,102.006,101.693,102.601,102.137,102.395,96.638,102.74,101.939
2018-08-01,98.269,98.351,109.448,101.616,105.854,100.496,102.618,98.335,116.05,100.746,102.37,101.972,102.953,103.835,103.499,102.647,101.978,101.716,100.112,101.985,97.693,100.579,101.909,102.016,101.642,102.703,102.208,102.374,96.306,102.893,102.134
2018-09-01,99.798,98.124,110.077,101.722,106.328,100.706,102.672,98.598,117.915,100.923,102.534,102.126,103.183,104.06,103.599,102.832,102.149,101.856,99.73,102.374,97.158,100.276,102.244,102.205,101.823,102.969,102.418,102.611,96.033,103.118,102.977
2018-10-01,100.345,98.174,111.068,102.003,106.671,100.611,102.814,99.371,119.319,101.082,102.792,102.344,103.364,104.353,103.914,103.082,102.309,101.994,99.962,102.589,96.299,100.313,102.178,102.366,101.958,103.112,102.595,102.564,95.703,103.303,102.872
2018-11-01,99.691,98.271,107.444,102.575,106.65,100.826,102.834,99.379,112.854,100.672,103.141,102.609,103.593,104.692,104.255,103.347,102.337,102.205,100.389,101.912,96.347,100.435,102.202,102.556,102.118,103.339,102.63,102.819,95.469,103.549,103.883
2018-12-01,99.098,98.259,104.88,102.704,107.135,101.076,103.401,99.22,106.713,100.178,103.32,102.758,103.942,104.941,104.696,103.55,102.35,102.335,100.499,101.166,95.744,100.241,102.546,102.735,102.282,103.641,102.701,103.244,95.699,103.887,103.898
2019-01-01,99.229,98.627,100.214,103.469,106.195,101.314,103.837,100.094,99.378,99.946,103.648,102.762,103.939,105.209,104.794,103.722,102.319,102.528,101.168,100.624,95.762,100.675,102.67,102.87,102.391,103.64,102.648,103.347,95.453,103.917,104.149
2019-02-01,99.396,98.562,102.1,102.986,106.805,101.679,104.353,100.531,103.015,100.183,103.704,102.95,104.134,105.525,105.02,103.966,102.502,102.598,101.272,101.018,95.781,100.215,102.727,102.963,102.439,103.785,102.836,103.17,94.765,104.083,103.392
2019-03-01,98.721,98.197,105.557,103.325,107.132,101.753,104.497,99.953,108.673,100.516,103.873,103.042,104.312,105.87,105.382,104.081,102.734,102.668,101.31,101.714,94.434,100.554,102.497,103.058,102.483,103.911,103.069,103.802,94.55,104.268,103.26
2019-04-01,98.714,97.869,109.212,103.038,107.931,101.238,104.872,99.486,115.236,100.807,104.007,103.327,104.629,106.236,105.682,104.357,103.037,102.875,101.087,102.329,95.808,100.762,102.252,103.265,102.657,104.201,103.36,104.281,93.404,104.559,103.849
2019-05-01,98.6,97.832,108.37,103.155,108.123,101.461,105.121,99.965,114.141,100.771,104.034,103.406,104.758,106.506,105.877,104.352,103.1,102.972,100.814,102.295,96.276,100.842,102.414,103.371,102.73,104.31,103.435,103.783,93.027,104.688,104.203
2019-06-01,99.09,98.148,105.566,104.293,108.156,101.397,105.253,100.434,109.428,100.503,104.429,103.522,104.918,106.846,106.167,104.49,103.107,103.136,100.62,101.718,97.593,100.585,102.889,103.56,102.888,104.482,103.484,103.773,93.375,104.89,103.659
2019-07-01,99.275,97.475,106.525,104.344,108.559,101.348,105.499,100.113,111.06,100.474,104.54,103.69,105.145,107.123,106.423,104.62,103.244,103.25,100.353,102.029,96.453,100.933,102.976,103.678,102.974,104.689,103.622,104.053,92.18,105.109,103.892
2019-08-01,99.228,97.304,105.1,104.683,108.664,101.36,105.406,99.514,108.732,100.31,104.779,103.881,105.287,107.392,106.642,104.823,103.273,103.359,100.528,101.87,96.16,101.211,103.004,103.797,103.063,104.815,103.67,104.325,91.983,105.26,104.07
2019-09-01,99.516,97.33,104.696,104.85,108.689,101.537,105.895,99.957,108.113,100.217,104.95,104.021,105.427,107.706,106.919,104.992,103.336,103.436,100.549,101.713,95.415,100.763,102.833,103.873,103.092,104.912,103.733,104.136,92.048,105.4,104.215
2019-10-01,98.212,97.295,105.65,104.831,108.321,101.681,105.765,99.463,109.62,100.372,105.387,104.442,105.635,107.91,107.146,105.584,103.532,103.6,100.661,101.97,95.895,101.411,103.089,104.028,103.237,105.105,103.917,104.78,91.948,105.599,104.527
2019-11-01,98.136,97.018,106.8,104.273,108.353,101.782,105.788,99.071,111.752,100.429,105.374,104.557,105.799,108.194,107.39,105.759,103.647,103.666,100.731,102.203,96.175,101.415,103.409,104.092,103.256,105.201,104.024,105.339,91.122,105.732,104.233
2019-12-01,97.751,96.572,108.908,105.2,108.765,101.79,105.873,98.486,115.476,100.59,105.623,104.654,106.117,108.468,107.63,105.775,103.876,103.825,101.039,102.691,94.839,101.833,103.761,104.322,103.476,105.575,104.307,105.666,90.326,106.076,106.277
2020-01-01,97.636,96.591,107.27,104.513,109.124,102.187,106.449,99.161,112.414,100.477,105.692,104.812,106.377,108.814,107.967,106.111,103.979,103.991,101.165,102.505,94.667,101.887,104.292,104.488,103.605,105.754,104.419,105.893,89.853,106.295,105.207
2020-02-01,97.995,97.003,105.332,105.417,109.172,102.572,107.142,99.816,109.222,100.446,106.132,105.024,106.544,109.076,108.206,106.372,104.102,104.199,101.602,102.233,94.41,101.735,104.236,104.684,103.788,105.941,104.541,105.651,90.354,106.494,104.995
2020-03-01,96.82,96.705,99.07,104.933,109.645,102.995,106.228,99.434,98.241,99.574,106.171,105.204,106.575,109.359,108.465,106.608,103.828,104.163,101.683,101.067,93.752,101.685,104.189,104.596,103.624,105.862,104.252,105.994,89.875,106.498,103.377
2020-04-01,92.965,96.011,90.189,104.914,107.397,105.228,105.778,99.405,80.832,98.694,106.591,105.618,106.354,109.58,108.66,107.216,103.509,103.977,101.05,100.087,93.38,101.817,104.39,104.256,103.154,105.505,103.817,105.943,88.556,106.296,101.422
2020-05-01,90.503,96.016,88.532,104.449,107.415,106.039,106.214,99.644,77.951,98.501,106.793,106.181,106.659,109.847,108.874,107.744,103.602,104.087,101.115,99.789,93.385,101.749,104.472,104.37,103.233,105.782,103.914,106.646,88.337,106.552,101.766
2020-06-01,91.712,95.69,92.291,104.215,108.204,106.469,106.776,100.034,85.249,98.99,106.864,106.389,106.909,109.947,108.992,107.917,103.927,104.227,100.05,100.732,93.417,101.914,104.39,104.531,103.411,106.053,104.233,106.335,88.119,106.779,102.593
2020-07-01,92.559,96.287,94.477,104.305,109.31,105.566,107.193,100.066,89.516,99.41,107.041,106.647,107.2,110.18,109.191,108.114,104.171,104.502,100.851,101.06,93.252,102.33,104.792,104.9,103.811,106.371,104.564,105.747,89.177,107.062,101.68
2020-08-01,93.003,97.212,95.236,104.829,109.604,105.561,107.551,102.146,91.096,99.879,107.482,106.944,107.427,110.342,109.329,108.504,104.44,104.776,102.461,101.269,92.676,102.352,105.054,105.235,104.184,106.659,104.887,106.242,89.229,107.306,101.151
2020-09-01,93.148,97.322,96.166,105.048,110.005,105.347,108.049,102.045,91.661,99.799,107.648,107.067,107.72,110.426,109.541,108.625,104.529,104.855,104.579,101.081,93.375,101.903,105.246,105.395,104.361,106.98,105.046,106.636,87.312,107.598,102.552
2020-10-01,92.831,97.5,95.62,104.368,110.273,105.522,108.113,102.042,90.389,99.732,107.596,107.188,107.89,110.635,109.763,108.795,104.554,104.892,105.206,100.872,92.938,101.623,105.269,105.47,104.408,107.081,105.106,107.002,87.449,107.73,102.892
2020-11-01,93.211,97.633,96.319,104.519,109.751,105.479,108.585,102.663,91.031,99.892,107.813,107.298,107.982,110.69,109.89,109.013,104.639,104.959,104.954,101.046,91.397,101.801,105.188,105.578,104.528,107.17,105.225,107.424,88.299,107.827,103.807
2020-12-01,93.513,97.9,100.536,106.974,111.378,105.735,108.909,101.961,98.546,100.474,108.584,107.384,108.282,110.837,110.068,109.146,105.014,105.157,105.184,101.809,91.385,101.691,105.381,105.904,104.892,107.656,105.69,107.365,89.359,108.229,103.097
2021-01-01,94.478,97.867,102.839,107.628,111.654,105.814,109.243,101.939,103.073,100.958,109.072,108.271,108.607,110.995,110.177,109.553,105.292,105.353,104.934,102.597,92.127,102.201,105.64,106.244,105.27,108.082,106.083,106.842,89.228,108.571,102.712
2021-02-01,93.854,97.92,107.331,107.056,112.382,105.96,109.387,102.29,110.32,101.318,109.465,108.935,109.055,111.254,110.537,110.272,105.719,105.606,104.892,103.142,91.456,101.993,105.794,106.477,105.499,108.502,106.471,107.376,89.489,108.975,103.114
2021-03-01,93.731,98.25,112.012,108.092,114.397,106.121,109.817,102.986,118.19,101.908,109.934,109.118,109.576,111.504,110.851,110.521,106.264,105.985,105.205,103.897,92.62,101.988,105.739,106.898,105.957,109.13,107.032,107.933,89.285,109.521,104.885
2021-04-01,94.572,99.736,112.086,110.135,114.58,106.406,110.767,103.804,117.106,102.748,110.502,109.154,109.967,111.765,111.215,110.573,106.759,106.523,108.247,104.336,93.395,102.731,106.015,107.549,106.687,109.625,107.632,108.735,89.871,109.984,106.824
2021-05-01,95.304,101.369,113.008,110.882,115.535,106.771,111.352,105.075,118.165,103.533,110.817,109.282,110.372,112.097,111.568,110.733,107.221,106.973,111.378,104.603,94.172,102.536,106.481,108.103,107.286,110.065,108.184,109.036,90.555,110.405,107.282
2021-06-01,95.871,102.617,114.961,111.941,116.112,107.466,112.677,105.611,121.271,104.328,111.056,109.197,110.779,112.431,111.913,110.701,107.703,107.359,115.748,105.135,93.589,102.287,106.61,108.595,107.81,110.53,108.748,109.523,90.023,110.839,109.069
2021-07-01,96.008,102.959,116.777,112.44,116.721,108.049,114.194,105.472,123.926,104.837,111.39,109.41,111.315,112.754,112.28,110.97,108.237,107.824,116.679,105.744,93.861,102.602,106.895,109.062,108.305,111.125,109.275,110.008,90.206,111.375,110.739
2021-08-01,96.13,103.827,118.874,115.024,117.223,108.497,114.5,106.785,126.854,105.435,112.163,109.552,111.587,113.094,112.683,111.158,108.605,108.099,116.908,106.193,95.124,102.577,107.28,109.436,108.687,111.473,109.72,110.339,91.191,111.739,109.954
2021-09-01,95.838,103.935,120.118,116.144,117.696,109.559,115.058,107.999,128.086,105.867,112.626,109.79,111.822,113.537,113.213,111.402,108.898,108.262,117.859,106.809,94.517,102.98,107.479,109.657,108.863,111.657,110.047,110.691,90.157,112.01,107.353
2021-10-01,96.765,105.203,124.47,117.04,117.625,110.384,115.994,108.525,133.575,107.072,112.88,109.761,112.219,114.027,113.919,111.444,109.629,108.806,120.412,107.979,94.417,103.51,107.758,110.184,109.397,111.974,110.741,111.753,91.305,112.428,107.839
2021-11-01,97.956,105.842,129.004,119.128,118.875,111.201,116.919,109.537,141.374,108.13,113.567,109.97,112.77,114.513,114.356,111.668,110.318,109.296,122.68,109.278,93.833,103.729,107.803,110.792,110.029,112.641,111.51,111.738,90.79,113.041,110.441
2021-12-01,98.879,106.889,131.319,121.437,119.497,111.681,117.841,110.575,145.324,109.027,114.427,110.307,113.308,114.954,114.767,112.05,110.952,109.866,125.434,110.09,94.835,104.064,108.391,111.458,110.739,113.317,112.221,112.029,90.363,113.651,111.898
2022-01-01,99.298,108.159,131.641,120.388,120.488,112.646,118.079,112.635,143.68,109.824,114.871,110.983,113.795,115.486,115.536,112.991,111.515,110.401,126.95,110.618,95.358,104.781,108.475,111.988,111.269,113.627,112.776,112.71,91.207,114.076,110.116
2022-02-01,99.962,108.481,135.803,120.978,120.264,114.062,118.866,113.556,151.039,111.009,115.158,111.169,114.249,116.044,116.061,113.172,112.295,110.95,127.636,112.301,94.236,105.759,109.138,112.492,111.762,114.064,113.489,113.529,91.433,114.536,111.48
2022-03-01,100.22,108.222,149.307,121.999,120.734,115.548,119.314,115.045,173.39,112.687,115.555,111.262,114.87,116.588,116.753,113.348,113.381,111.383,126.25,115.094,94.585,105.968,109.376,112.916,112.162,114.678,114.489,113.949,90.815,115.174,116.428
2022-04-01,100.038,108.188,147.456,124.403,121.146,116.643,120.164,116.094,168.623,112.715,116.153,111.093,115.315,117.189,117.479,113.298,113.674,111.701,126.063,115.161,94.145,106.389,109.729,113.301,112.503,115.135,114.845,114.035,90.425,115.703,118.468
2022-05-01,100.37,108.503,153.539,124.452,121.478,118.052,121.075,115.51,176.942,113.74,116.447,111.419,115.861,117.905,118.45,113.681,114.42,112.118,127.198,116.596,94.737,106.667,109.729,113.709,112.848,115.502,115.542,114.664,90.463,116.227,118.968
2022-06-01,100.935,109.108,164.457,124.504,121.763,119.296,121.459,115.875,193.594,115.492,117.065,112.082,116.636,118.742,119.558,114.508,115.593,112.815,127.795,119.003,95.208,107.465,110.235,114.376,113.482,116.117,116.631,115.361,91.262,116.971,121.315
2022-07-01,100.948,108.845,155.998,125.34,121.338,120.783,121.922,116.234,178.026,114.958,117.523,112.245,116.941,119.535,120.297,114.828,115.626,113.115,127.795,118.318,95.19,108.091,110.73,114.638,113.638,116.304,116.662,115.982,90.302,117.298,120.393
2022-08-01,101.204,109.369,147.388,127.575,122.66,121.724,122.794,116.982,160.856,114.552,118.344,112.489,117.6,120.416,121.287,115.141,115.829,113.668,128.175,117.377,95.486,108.854,110.966,115.298,114.253,116.938,117.002,115.845,90.89,118.025,121.663
2022-09-01,101.318,109.888,143.904,128.317,123.384,122.42,123.334,117.062,153.597,114.497,118.625,112.625,118.192,121.323,122.245,115.258,116.153,114.137,128.631,116.993,96.903,108.965,111.482,115.805,114.681,117.419,117.377,115.932,91.336,118.623,123.336
2022-10-01,101.103,109.472,147.13,128.859,123.415,123.023,124.952,116.456,160.156,114.956,118.904,112.884,118.732,122.103,122.83,115.445,116.69,114.541,128.521,117.954,95.917,109.364,111.838,116.2,114.999,117.94,117.891,116.684,91.034,119.164,124.238
2022-11-01,101.689,108.849,146.314,131.071,124.251,123.614,125.391,115.785,159.979,114.931,119.51,112.93,119.171,122.923,123.406,115.497,116.912,114.775,128.155,118.272,96.434,109.463,112.485,116.554,115.261,118.431,118.221,117.935,89.773,119.677,123.547
2022-12-01,101.871,108.611,140.14,132.268,124.601,124.083,125.963,115.956,147.586,114.294,120.056,113.109,119.748,123.846,124.362,115.829,117.066,115.204,127.649,117.408,97.446,109.747,112.846,116.977,115.584,118.908,118.403,118.5,89.007,120.279,125.378
2023-01-01,102.164,108.889,142.114,134.21,124.903,124.674,126.841,116.614,148.999,114.837,120.759,113.146,120.33,124.671,125.37,116.126,117.65,115.721,127.443,118.102,97.419,110.505,113.342,117.526,116.079,119.423,119.007,119.305,89.584,120.915,126.564
2023-02-01,102.698,108.887,141.654,133.456,125.203,124.952,127.636,116.762,149.79,115.092,120.787,113.446,120.848,125.541,125.972,116.419,118.084,116.211,126.851,118.506,97.521,110.878,113.771,117.963,116.431,119.85,119.401,120.373,89.97,121.382,127.31
2023-03-01,102.984,108.782,137.741,134.413,125.039,124.823,128.465,116.518,144.655,114.91,121.275,113.787,121.147,126.164,126.313,116.757,118.26,116.609,126.961,118.279,97.588,111.531,113.857,118.304,116.718,120.171,119.553,120.325,89.702,121.707,128.145
2023-04-01,103.297,108.803,139.12,134.49,126.112,124.839,128.647,115.573,148.156,115.216,121.749,114.199,121.638,126.881,126.823,117.359,118.616,116.949,128.293,118.752,97.908,111.734,114.856,118.715,117.069,120.634,119.97,120.669,89.05,122.182,127.008
2023-05-01,103.578,108.935,134.791,135.617,125.874,125.057,129.358,114.907,141.673,115.094,122.253,114.527,121.926,127.548,127.296,117.663,118.768,117.305,129.395,118.48,98.007,112.292,115.14,119.063,117.355,120.91,120.14,120.375,88.848,122.502,127.149
2023-06-01,103.684,108.567,135.44,137.249,127.462,125.039,129.561,114.516,142.472,115.023,122.799,114.538,122.362,128.144,127.87,117.859,118.908,117.436,129.108,118.585,98.3,112.333,115.532,119.37,117.605,121.362,120.435,120.945,88.193,122.985,126.913
2023-07-01,103.822,107.856,135.355,137.183,127.732,125.305,129.81,114.239,142.235,114.732,123.06,114.947,122.779,128.771,128.444,118.226,119.115,117.652,128.283,118.542,98.207,112.005,115.398,119.536,117.68,121.705,120.598,121.798,87.122,123.383,128.262
2023-08-01,104.062,107.447,141.965,137.662,128.007,125.58,129.731,114.41,153.882,115.419,123.245,114.975,122.969,129.33,128.961,118.318,119.509,117.766,127.777,119.878,97.848,112.254,115.538,119.658,117.717,121.805,120.965,121.947,86.461,123.584,128.149
2023-09-01,103.774,107.465,143.778,140.478,128.407,125.811,130.674,113.885,156.73,115.622,123.997,114.994,123.412,129.962,129.563,118.41,119.922,118.132,127.055,120.19,97.559,112.271,115.829,120.04,118.051,122.316,121.387,122.701,87.485,124.12,129.127
2023-10-01,103.709,107.209,140.249,139.756,127.859,126.065,130.73,113.855,150.085,115.31,124.327,115.527,123.662,130.516,130.102,119.076,120.028,118.394,126.727,119.846,97.388,112.766,115.783,120.2,118.135,122.421,121.421,122.947,87.123,124.332,129.399
2023-11-01,102.987,106.694,137.704,139.648,127.7,125.901,131.101,112.423,144.586,114.679,124.535,115.726,123.996,131.137,130.781,119.386,120.035,118.535,127.576,119.148,96.836,112.72,115.834,120.309,118.145,122.62,121.415,123.219,86.113,124.649,130.592
2023-12-01,102.92,106.235,137.314,139.546,128.675,125.96,131.503,112.249,143.561,114.43,124.681,115.954,124.428,131.683,131.303,119.611,120.155,118.683,127.716,119.024,97.546,112.624,116.103,120.528,118.301,122.991,121.602,124.298,84.62,125.06,130.114
2024-01-01,102.161,106.459,135.416,139.761,130.819,126.55,132.358,112.775,138.861,114.245,125.379,116.672,125.324,132.36,132.108,120.461,120.54,119.151,126.67,118.596,96.89,112.427,117.039,121.128,118.886,123.888,122.115,124.75,85.955,125.93,130.063
2024-02-01,103.137,106.611,138.513,140.953,131.081,126.711,132.388,112.425,143.603,114.783,125.815,116.861,125.583,132.946,132.729,120.654,120.911,119.418,126.807,119.363,95.587,112.731,116.692,121.418,119.119,124.081,122.494,125.398,86.975,126.225,130.507
2024-03-01,103.722,106.686,140.103,142.131,131.628,126.659,132.708,112.635,145.671,114.95,126.251,117.042,126.102,133.519,133.328,120.851,121.283,119.775,126.114,119.583,96.143,112.635,117.719,121.829,119.499,124.607,122.912,125.139,87.362,126.771,132.406
2024-04-01,104.942,106.439,141.783,142.093,132.981,126.445,133.076,111.782,149.306,115.201,126.419,117.122,126.476,134.06,133.737,121.085,121.53,120.001,125.421,120.13,96.684,112.873,118.232,122.14,119.766,124.948,123.234,125.528,87.496,127.128,131.512
2024-05-01,104.605,105.624,138.801,143.87,132.911,126.527,133.389,110.635,144.216,114.784,127.065,117.456,126.607,134.624,134.215,121.356,121.502,120.095,125.454,119.951,96.253,113.632,117.819,122.239,119.775,125.053,123.224,125.088,86.113,127.326,130.989
2024-06-01,104.311,105.631,135.875,144.634,133.441,126.612,133.508,110.502,139.166,114.587,127.504,117.656,126.908,134.989,134.528,121.684,121.587,120.318,124.704,119.633,97.953,114.027,118.747,122.51,120.028,125.376,123.369,124.995,86.108,127.646,130.385
2024-07-01,103.97,105.316,135.904,145.283,134.451,126.819,133.774,110.216,139.266,114.559,127.736,117.641,127.22,135.517,135.004,121.777,121.771,120.507,123.878,119.776,97.564,114.296,118.573,122.722,120.18,125.656,123.575,125.995,86.211,127.972,130.644
2024-08-01,104.495,105.065,134.878,145.805,135.053,126.9,134.352,110.337,138.385,114.387,128.101,117.793,127.529,136.148,135.451,122.089,121.916,120.711,123.616,119.653,96.678,113.948,118.597,122.926,120.303,125.931,123.727,125.949,86.016,128.291,131.085
2024-09-01,105.223,105.416,132.101,146.36,135.237,127.346,134.352,110.868,132.882,114.248,128.459,118.155,127.914,136.583,135.946,122.381,122.089,120.99,123.953,119.22,98.292,113.521,119.038,123.234,120.587,126.296,123.939,126.047,85.773,128.682,132.486
2024-10-01,104.267,105.455,131.744,146.713,136.277,127.554,134.805,110.93,131.521,114.263,128.811,118.457,128.405,137.109,136.514,122.732,122.346,121.279,124.506,119.218,98.5,113.971,119.099,123.595,120.916,126.755,124.265,126.774,85.351,129.168,133.366
2024-11-01,104.321,105.391,131.812,147.117,136.645,127.882,135.643,110.803,131.718,114.248,129.069,118.593,128.609,137.453,136.834,122.941,122.503,121.423,125.01,119.23,98.496,113.674,118.531,123.716,120.994,126.939,124.399,127.218,84.871,129.38,133.479
2024-12-01,104.506,104.883,135.023,147.728,137.52,128.199,135.786,109.803,136.628,114.373,129.463,118.875,129.099,137.878,137.293,123.263,122.798,121.586,125.481,119.746,98.185,113.51,118.818,123.98,121.229,127.44,124.769,127.563,83.829,129.875,135.898
2025-01-01,103.282,105.223,136.754,150.146,137.942,128.609,136.324,109.906,139.363,114.943,130.04,118.665,129.356,138.32,137.754,123.248,123.151,121.871,126.557,120.454,96.63,114.68,118.979,124.35,121.584,127.751,125.189,129.007,84.441,130.217,135.554
2025-02-01,103.668,105.659,136.95,149.281,138.546,128.592,136.816,110.23,138.286,115.203,130.281,119.061,129.898,138.707,138.314,123.833,123.557,122.325,126.732,120.609,97.695,115.164,119.72,124.804,122.05,128.226,125.6,130.291,84.871,130.705,135.273
