Date,Capital transfer payments,Capital transfer receipts,Consumption expenditures,Contributions for government social insurance,Current expenditures,Current receipts,Current surplus of government enterprises,Current tax receipts,Current transfer payments,Current transfer receipts,Customs duties,Dividends,Excise taxes,Federal Reserve banks,From business,From persons,From the rest of the world,Government social benefits,Grants-in-aid to state and local governments,Gross government investment,Income receipts on assets,Interest payments,Interest receipts,Less: Consumption of fixed capital,Net federal government saving,Net lending or net borrowing (-),Net purchases of nonproduced assets,Other,Other current transfer payments,Personal current taxes,Rents and royalties,Social insurance funds,Subsidies,Taxes from the rest of the world,Taxes on corporate income,Taxes on production and imports,To persons,To persons and business,To the rest of the world,Total expenditures,Total receipts
1947-01-01,128.0,868.0,24698.0,6172.0,40902.0,43401.0,,36860.0,10008.0,300.0,,64.0,,64.0,260.0,3106.0,,7712.0,572.0,2258.0,69.0,5352.0,,9988.0,2499.0,,,,2296.0,18192.0,5.0,,844.0,,10876.0,7792.0,7712.0,,874.0,,44269.0
1947-04-01,152.0,740.0,24036.0,5784.0,40346.0,42459.0,,36316.0,10176.0,300.0,,56.0,,56.0,260.0,2912.0,,7296.0,980.0,2388.0,59.0,5360.0,,9570.0,2113.0,,,,2880.0,18488.0,3.0,,774.0,,10296.0,7532.0,7296.0,,956.0,,43199.0
1947-07-01,144.0,860.0,21886.0,4988.0,42007.0,41628.0,,36264.0,14064.0,304.0,,72.0,,72.0,264.0,2514.0,,10680.0,1256.0,3152.0,72.0,5356.0,,9371.0,-379.0,,,,3384.0,18704.0,0.0,,701.0,,10144.0,7416.0,10680.0,,1070.0,,42488.0
1947-10-01,148.0,808.0,21139.0,4612.0,38149.0,43769.0,,38744.0,10948.0,304.0,,108.0,,108.0,264.0,2326.0,,7844.0,996.0,3386.0,109.0,5440.0,,9117.0,5620.0,,,,3104.0,19788.0,1.0,,622.0,,11040.0,7916.0,7844.0,,1062.0,,44577.0
1948-01-01,244.0,868.0,21275.0,4644.0,38915.0,44047.0,,38952.0,11480.0,308.0,,136.0,,136.0,276.0,2338.0,,7472.0,992.0,4076.0,143.0,5476.0,,8683.0,5132.0,,,,4008.0,20060.0,7.0,,684.0,,11352.0,7540.0,7472.0,,1514.0,,44915.0
1948-04-01,256.0,1024.0,22275.0,4348.0,39904.0,42495.0,,37684.0,11544.0,296.0,,148.0,,148.0,264.0,2190.0,,7244.0,1332.0,4310.0,167.0,5512.0,,8403.0,2591.0,,,,4300.0,17808.0,19.0,,573.0,,11956.0,7920.0,7244.0,,1492.0,,43519.0
1948-07-01,276.0,852.0,23020.0,4380.0,42739.0,41615.0,,36740.0,13292.0,288.0,,172.0,,172.0,252.0,2208.0,,7000.0,1436.0,4465.0,207.0,5552.0,,8301.0,-1124.0,,,,6292.0,17100.0,35.0,,875.0,,11728.0,7912.0,7000.0,,2440.0,,42467.0
1948-10-01,288.0,796.0,23945.0,4288.0,44051.0,41349.0,,36528.0,13304.0,276.0,,212.0,,212.0,240.0,2162.0,,7028.0,1724.0,4799.0,257.0,5676.0,,8085.0,-2702.0,,,,6276.0,17292.0,45.0,,1126.0,,11296.0,7940.0,7028.0,,2284.0,,42145.0
1949-01-01,352.0,740.0,24728.0,4976.0,45908.0,39928.0,,34424.0,14504.0,272.0,,208.0,,208.0,236.0,2506.0,,7676.0,1700.0,5454.0,256.0,5784.0,,7979.0,-5980.0,,,,6828.0,16472.0,48.0,,892.0,,10180.0,7772.0,7676.0,,2578.0,,40668.0
1949-04-01,332.0,724.0,25316.0,4880.0,47016.0,37917.0,,32520.0,15136.0,276.0,,196.0,,196.0,240.0,2458.0,,8152.0,1604.0,5927.0,241.0,5848.0,,7647.0,-9098.0,,,,6984.0,15648.0,45.0,,715.0,,8944.0,7928.0,8152.0,,2700.0,,38641.0
1949-07-01,416.0,752.0,24253.0,4600.0,46824.0,37432.0,,32324.0,15812.0,288.0,,184.0,,184.0,252.0,2318.0,,8472.0,2016.0,6223.0,220.0,5900.0,,7314.0,-9392.0,,,,7340.0,14932.0,36.0,,859.0,,9336.0,8056.0,8472.0,,2676.0,,38184.0
1949-10-01,388.0,744.0,23722.0,4328.0,45583.0,36163.0,,31336.0,15060.0,284.0,,184.0,,184.0,252.0,2180.0,,8500.0,1872.0,6067.0,215.0,5980.0,,7131.0,-9420.0,,,,6560.0,14452.0,31.0,,821.0,,9160.0,7724.0,8500.0,,2356.0,,36907.0
1950-01-01,444.0,648.0,23471.0,5096.0,52902.0,41366.0,,35864.0,22340.0,188.0,,188.0,,188.0,160.0,2562.0,,16588.0,1836.0,5073.0,218.0,6052.0,,6930.0,-11537.0,,,,5752.0,15156.0,30.0,,1040.0,,12856.0,7852.0,16588.0,,1970.0,,42014.0
1950-04-01,452.0,664.0,23570.0,5092.0,46098.0,45536.0,,40024.0,15228.0,188.0,,200.0,,200.0,160.0,2560.0,,9588.0,1880.0,5354.0,232.0,6132.0,,6789.0,-562.0,,,,5640.0,16120.0,32.0,,1168.0,,15408.0,8496.0,9588.0,,1892.0,,46200.0
1950-07-01,436.0,656.0,22713.0,5272.0,42215.0,51815.0,,46116.0,12148.0,188.0,,200.0,,200.0,152.0,2654.0,,7192.0,1824.0,5714.0,239.0,6236.0,,6795.0,9599.0,,,,4956.0,17432.0,39.0,,1118.0,,18864.0,9820.0,7192.0,,1586.0,,52471.0
1950-10-01,436.0,604.0,25794.0,5576.0,46464.0,56496.0,,50492.0,12880.0,184.0,,200.0,,200.0,148.0,2806.0,,7540.0,1816.0,5982.0,244.0,6328.0,,7001.0,10033.0,,,,5340.0,21020.0,44.0,,1462.0,,20704.0,8768.0,7540.0,,1780.0,,57100.0
1951-01-01,440.0,708.0,31252.0,6388.0,51800.0,64509.0,,57628.0,12580.0,212.0,,232.0,,232.0,168.0,3212.0,8.0,7540.0,2000.0,8321.0,281.0,6432.0,,7158.0,12710.0,,,,5040.0,22780.0,49.0,,1535.0,,25020.0,9828.0,7540.0,,1544.0,,65217.0
1951-04-01,448.0,652.0,35522.0,6472.0,56560.0,61636.0,,54644.0,13044.0,208.0,,260.0,,260.0,164.0,3250.0,16.0,7896.0,2024.0,11079.0,312.0,6468.0,,7237.0,5077.0,,,,5148.0,24708.0,52.0,,1525.0,,21132.0,8804.0,7896.0,,1586.0,,62288.0
1951-07-01,420.0,716.0,40433.0,6332.0,61393.0,60883.0,,54028.0,13128.0,212.0,,256.0,,256.0,164.0,3178.0,24.0,8100.0,1848.0,13870.0,311.0,6552.0,,7400.0,-509.0,,,,5028.0,26096.0,55.0,,1280.0,,19100.0,8832.0,8100.0,,1614.0,,61599.0
1951-10-01,460.0,848.0,42405.0,6448.0,63905.0,64633.0,,57644.0,13364.0,212.0,,272.0,,272.0,164.0,3236.0,24.0,8040.0,2040.0,16906.0,329.0,6684.0,,7639.0,727.0,,,,5324.0,27916.0,57.0,,1452.0,,20432.0,9296.0,8040.0,,1664.0,,65481.0
1952-01-01,456.0,820.0,44172.0,6696.0,63546.0,64733.0,,57484.0,11404.0,220.0,,276.0,,276.0,172.0,3362.0,20.0,7652.0,1924.0,16727.0,333.0,6728.0,,7852.0,1187.0,,,,3752.0,29060.0,57.0,,1241.0,,18684.0,9740.0,7652.0,,938.0,,65553.0
1952-04-01,472.0,864.0,47154.0,6576.0,67230.0,64809.0,,57676.0,12120.0,220.0,,280.0,,280.0,172.0,3300.0,24.0,7632.0,2004.0,16913.0,337.0,6756.0,,8086.0,-2421.0,,,,4488.0,29968.0,57.0,,1200.0,,17576.0,10132.0,7632.0,,1266.0,,65673.0
1952-07-01,516.0,884.0,48700.0,6620.0,70056.0,65280.0,,58076.0,13320.0,228.0,,300.0,,300.0,172.0,3326.0,24.0,8504.0,2196.0,17479.0,356.0,6852.0,,8421.0,-4776.0,,,,4816.0,30428.0,56.0,,1184.0,,17516.0,10132.0,8504.0,,1350.0,,66164.0
1952-10-01,516.0,780.0,50343.0,6776.0,70885.0,68420.0,,61040.0,12488.0,236.0,,312.0,,312.0,176.0,3408.0,20.0,8536.0,2208.0,17773.0,368.0,6972.0,,8707.0,-2466.0,,,,3952.0,31212.0,56.0,,1082.0,,19348.0,10480.0,8536.0,,912.0,,69200.0
1953-01-01,448.0,996.0,50914.0,6792.0,71596.0,70117.0,,62704.0,12444.0,232.0,,332.0,,332.0,168.0,3416.0,24.0,8564.0,1740.0,18746.0,389.0,7092.0,,8929.0,-1479.0,,,,3880.0,31500.0,57.0,,1146.0,,20420.0,10784.0,8564.0,,1110.0,,71113.0
1953-04-01,664.0,820.0,52504.0,6860.0,73781.0,70463.0,,62960.0,13228.0,236.0,,348.0,,348.0,172.0,3450.0,24.0,8428.0,2624.0,19446.0,407.0,7160.0,,9241.0,-3318.0,,,,4800.0,31516.0,59.0,,890.0,,20508.0,10936.0,8428.0,,1128.0,,71283.0
1953-07-01,560.0,872.0,50951.0,6884.0,72127.0,69534.0,,62000.0,12760.0,232.0,,356.0,,356.0,168.0,3462.0,24.0,8596.0,2192.0,19018.0,418.0,7280.0,,9319.0,-2593.0,,,,4164.0,31236.0,62.0,,1136.0,,20032.0,10732.0,8596.0,,1032.0,,70406.0
1953-10-01,568.0,952.0,52046.0,6756.0,73561.0,64313.0,,56928.0,13436.0,228.0,,336.0,,336.0,164.0,3400.0,20.0,9220.0,2232.0,17472.0,401.0,7384.0,,9509.0,-9248.0,,,,4216.0,30972.0,65.0,,694.0,,15580.0,10376.0,9220.0,,1038.0,,65265.0
1954-01-01,592.0,936.0,49264.0,7776.0,71375.0,61631.0,,53236.0,13936.0,244.0,,308.0,,308.0,176.0,3910.0,24.0,9892.0,2276.0,17470.0,375.0,7512.0,,9719.0,-9744.0,,,,4044.0,28140.0,67.0,,664.0,,15376.0,9720.0,9892.0,,914.0,,62567.0
1954-04-01,568.0,884.0,46959.0,7732.0,70056.0,61697.0,,53360.0,14232.0,244.0,,292.0,,292.0,176.0,3888.0,24.0,10524.0,2176.0,16733.0,361.0,7612.0,,9959.0,-8359.0,,,,3708.0,27888.0,69.0,,1254.0,,15872.0,9600.0,10524.0,,794.0,,62581.0
1954-07-01,592.0,892.0,46111.0,7752.0,69904.0,62331.0,,54012.0,15180.0,236.0,,260.0,,260.0,176.0,3892.0,28.0,10856.0,2276.0,15241.0,331.0,7704.0,,10168.0,-7573.0,,,,4324.0,27896.0,71.0,,908.0,,16872.0,9244.0,10856.0,,1052.0,,63223.0
1954-10-01,588.0,920.0,46279.0,7844.0,70683.0,64384.0,,55992.0,15880.0,232.0,,244.0,,244.0,176.0,3936.0,28.0,11448.0,2268.0,14965.0,316.0,7756.0,,10399.0,-6299.0,,,,4432.0,28348.0,72.0,,768.0,,18180.0,9464.0,11448.0,,1114.0,,65304.0
1955-01-01,680.0,984.0,46404.0,8568.0,71276.0,68333.0,,59228.0,16176.0,252.0,,212.0,,212.0,200.0,4298.0,24.0,11356.0,2180.0,14316.0,285.0,7752.0,,10497.0,-2943.0,,,,4820.0,29048.0,73.0,,944.0,,20196.0,9984.0,11356.0,,1352.0,,69317.0
1955-04-01,716.0,848.0,46204.0,8732.0,70836.0,70302.0,,61024.0,15840.0,244.0,,228.0,,228.0,200.0,4374.0,28.0,11436.0,2324.0,14646.0,302.0,7732.0,,10584.0,-534.0,,,,4404.0,30068.0,74.0,,1061.0,,20432.0,10524.0,11436.0,,1080.0,,71150.0
1955-07-01,756.0,940.0,47919.0,8884.0,72676.0,71967.0,,62492.0,15996.0,248.0,,268.0,,268.0,196.0,4456.0,24.0,11604.0,2416.0,14004.0,343.0,7968.0,,10799.0,-709.0,,,,4392.0,30956.0,75.0,,794.0,,20908.0,10628.0,11604.0,,1042.0,,72907.0
1955-10-01,732.0,1100.0,46683.0,8936.0,71777.0,73688.0,,64132.0,15900.0,244.0,,300.0,,300.0,192.0,4480.0,28.0,11612.0,2344.0,13886.0,376.0,8232.0,,11066.0,1911.0,,,,4288.0,31808.0,76.0,,962.0,,21748.0,10576.0,11612.0,,1034.0,,74788.0
1956-01-01,756.0,1144.0,46465.0,9528.0,71909.0,74193.0,,63936.0,16072.0,296.0,,356.0,,356.0,236.0,4780.0,28.0,11908.0,2284.0,14523.0,433.0,8304.0,,11368.0,2284.0,,,,4164.0,32704.0,77.0,,1068.0,,20640.0,10592.0,11908.0,,1008.0,,75337.0
1956-04-01,788.0,1388.0,48317.0,9632.0,74834.0,75571.0,,65176.0,16548.0,292.0,,392.0,,392.0,232.0,4830.0,32.0,12116.0,2380.0,15199.0,471.0,8648.0,,11573.0,737.0,,,,4432.0,33572.0,79.0,,1321.0,,21028.0,10576.0,12116.0,,1094.0,,76959.0
1956-07-01,844.0,1280.0,46526.0,9648.0,74181.0,75386.0,,64956.0,17076.0,284.0,,416.0,,416.0,232.0,4834.0,32.0,12544.0,2532.0,16270.0,498.0,8916.0,,11792.0,1204.0,,,,4532.0,34212.0,82.0,,1664.0,,19720.0,11024.0,12544.0,,1078.0,,76666.0
1956-10-01,848.0,1260.0,48103.0,9780.0,76822.0,78220.0,,67636.0,17236.0,276.0,,444.0,,444.0,228.0,4900.0,28.0,12632.0,2532.0,17055.0,528.0,9512.0,,12009.0,1399.0,,,,4604.0,35164.0,84.0,,1971.0,,20800.0,11672.0,12632.0,,1130.0,,79480.0
1957-01-01,1304.0,1300.0,50591.0,11036.0,80058.0,80415.0,,68528.0,17972.0,284.0,,480.0,,480.0,240.0,5524.0,32.0,13360.0,2776.0,17301.0,567.0,9460.0,,12376.0,358.0,,,,4612.0,35712.0,87.0,,2034.0,,21256.0,11560.0,13360.0,,1012.0,,81715.0
1957-04-01,1236.0,1556.0,50402.0,11068.0,81446.0,79894.0,,67940.0,19296.0,280.0,,516.0,,516.0,236.0,5540.0,32.0,14484.0,2636.0,17122.0,606.0,9780.0,,12568.0,-1551.0,,,,4812.0,36076.0,90.0,,1968.0,,20316.0,11548.0,14484.0,,1192.0,,81450.0
1957-07-01,1320.0,1520.0,50372.0,11132.0,81451.0,79858.0,,67792.0,19252.0,276.0,,564.0,,564.0,232.0,5572.0,32.0,14576.0,2816.0,17983.0,658.0,9980.0,,12830.0,-1593.0,,,,4676.0,36292.0,94.0,,1846.0,,19844.0,11656.0,14576.0,,1032.0,,81378.0
1957-10-01,1388.0,1344.0,52151.0,10952.0,84813.0,77100.0,,65160.0,20556.0,280.0,,612.0,,612.0,232.0,5486.0,28.0,15704.0,2968.0,17892.0,708.0,10372.0,,13071.0,-7713.0,,,,4852.0,35896.0,96.0,,1734.0,,18028.0,11236.0,15704.0,,1044.0,,78444.0
1958-01-01,2004.0,1384.0,50641.0,10972.0,83792.0,73586.0,,61632.0,21400.0,292.0,,592.0,,592.0,244.0,5492.0,36.0,16840.0,2732.0,18097.0,690.0,9900.0,,13081.0,-10206.0,,,-8901.0,4560.0,35156.0,98.0,-1305.0,1852.0,,15440.0,11036.0,16840.0,,998.0,,74970.0
1958-04-01,2300.0,1324.0,52879.0,10892.0,88476.0,73486.0,,61632.0,23728.0,292.0,,572.0,,572.0,244.0,5452.0,36.0,18628.0,3156.0,18670.0,670.0,9836.0,,13274.0,-14990.0,,,-11421.0,5100.0,34668.0,98.0,-3569.0,2034.0,,15768.0,11196.0,18628.0,,1018.0,,74810.0
1958-07-01,2220.0,1284.0,52857.0,11064.0,89193.0,76730.0,,64800.0,24072.0,288.0,,480.0,,480.0,240.0,5538.0,36.0,18972.0,3056.0,19028.0,578.0,10040.0,,13547.0,-12463.0,,,-9026.0,5100.0,35868.0,98.0,-3437.0,2224.0,,17876.0,11056.0,18972.0,,1086.0,,78014.0
1958-10-01,2804.0,1324.0,53951.0,11176.0,90999.0,80422.0,,68412.0,24264.0,284.0,,452.0,,452.0,240.0,5590.0,40.0,18324.0,3892.0,19960.0,550.0,10404.0,,13797.0,-10577.0,,,-8192.0,5940.0,36248.0,98.0,-2385.0,2380.0,,20660.0,11504.0,18324.0,,1108.0,,81746.0
1959-01-01,3204.0,1308.0,50806.0,13296.0,89118.0,84552.0,-472.0,70632.0,25836.0,272.0,952.0,704.0,10884.0,704.0,228.0,6648.0,44.0,18400.0,3328.0,21561.0,824.0,11328.0,,13966.0,-4566.0,,,-3942.0,7436.0,37152.0,120.0,-624.0,1148.0,84.0,21560.0,11836.0,18400.0,,2158.0,,85860.0
1959-04-01,2544.0,1340.0,51836.0,13536.0,90132.0,88284.0,-480.0,74056.0,26404.0,280.0,1076.0,772.0,11000.0,772.0,236.0,6770.0,40.0,18288.0,3820.0,21744.0,893.0,10964.0,,14171.0,-1847.0,,,-1571.0,8116.0,38292.0,121.0,-276.0,928.0,84.0,23604.0,12076.0,18288.0,,2266.0,,89624.0
1959-07-01,3736.0,1476.0,52390.0,13484.0,90742.0,86484.0,-555.0,72152.0,25760.0,268.0,1092.0,1008.0,11368.0,1008.0,224.0,6744.0,40.0,18520.0,3672.0,22141.0,1135.0,11504.0,,14411.0,-4258.0,-14820.0,572.0,-3586.0,7240.0,38712.0,127.0,-672.0,1088.0,84.0,20896.0,12460.0,18520.0,,1932.0,102780.0,87960.0
1959-10-01,3004.0,1492.0,52175.0,13528.0,92047.0,87091.0,-498.0,72496.0,26836.0,272.0,1076.0,1160.0,11396.0,1160.0,228.0,6768.0,36.0,19104.0,3700.0,21660.0,1293.0,11968.0,,14633.0,-4956.0,-14060.0,564.0,-3788.0,7732.0,39708.0,133.0,-1168.0,1068.0,84.0,20232.0,12472.0,19104.0,,2208.0,102643.0,88583.0
1960-01-01,2404.0,1564.0,49415.0,16008.0,90543.0,95237.0,-583.0,77184.0,26136.0,280.0,1176.0,940.0,12076.0,940.0,236.0,8010.0,32.0,19132.0,3744.0,21567.0,2348.0,13968.0,1268.0,14853.0,4694.0,-3150.0,291.0,3366.0,7004.0,41140.0,140.0,1328.0,1024.0,88.0,22704.0,13252.0,18880.0,13564.0,1305.3333333333333,99951.0,96801.0
1960-04-01,2716.0,1776.0,49824.0,16044.0,92628.0,93874.0,-608.0,75816.0,27556.0,292.0,1084.0,948.0,12044.0,948.0,252.0,8026.0,32.0,19688.0,3828.0,21241.0,2330.0,13968.0,1232.0,15070.0,1245.0,-6385.0,519.0,437.0,7868.0,41816.0,150.0,808.0,1280.0,100.0,20772.0,13128.0,19468.0,13624.0,1534.6666666666667,102035.0,95650.0
1960-07-01,2832.0,1648.0,51759.0,16068.0,93723.0,93326.0,-778.0,75240.0,27088.0,308.0,1016.0,892.0,12020.0,892.0,268.0,8036.0,36.0,20368.0,3776.0,22402.0,2488.0,13828.0,1440.0,15275.0,-397.0,-9243.0,535.0,-581.0,6720.0,42264.0,156.0,184.0,1048.0,96.0,19844.0,13036.0,20120.0,13520.0,1166.6666666666667,104217.0,94974.0
1960-10-01,2512.0,2048.0,52914.0,15948.0,96698.0,91782.0,-816.0,73980.0,28804.0,328.0,988.0,808.0,11884.0,808.0,288.0,7976.0,36.0,21264.0,3932.0,22377.0,2342.0,13748.0,1372.0,15469.0,-4916.0,-12747.0,459.0,-4120.0,7540.0,42132.0,162.0,-796.0,1232.0,96.0,18880.0,12872.0,21000.0,13476.0,1381.3333333333333,106577.0,93830.0
1961-01-01,3060.0,1996.0,51010.0,16304.0,96510.0,91825.0,-903.0,73820.0,30236.0,344.0,976.0,700.0,11880.0,700.0,300.0,8150.0,48.0,22948.0,3992.0,24271.0,2260.0,13692.0,1392.0,15689.0,-4685.0,-14710.0,378.0,-2553.0,7288.0,42164.0,168.0,-2132.0,1572.0,104.0,18696.0,12856.0,22660.0,13416.0,1286.6666666666667,108531.0,93821.0
1961-04-01,2728.0,1832.0,52163.0,16488.0,100155.0,93757.0,-990.0,75660.0,32236.0,344.0,956.0,668.0,12064.0,668.0,300.0,8240.0,52.0,23704.0,4312.0,24011.0,2254.0,13748.0,1408.0,15891.0,-6399.0,-15973.0,558.0,-3663.0,8532.0,42460.0,178.0,-2736.0,2008.0,108.0,20072.0,13020.0,23428.0,13488.0,1585.3333333333333,111561.0,95589.0
1961-07-01,2768.0,2012.0,53290.0,16620.0,100502.0,95586.0,-927.0,77316.0,31064.0,364.0,1068.0,676.0,12092.0,676.0,320.0,8306.0,52.0,23736.0,4392.0,24846.0,2213.0,13976.0,1356.0,16150.0,-4917.0,-14983.0,614.0,-2245.0,7328.0,42756.0,181.0,-2672.0,2172.0,112.0,21288.0,13160.0,23472.0,13704.0,1157.3333333333333,112580.0,97598.0
1961-10-01,2860.0,1960.0,54472.0,16848.0,102076.0,99149.0,-749.0,80288.0,31112.0,376.0,1120.0,704.0,12488.0,704.0,328.0,8420.0,56.0,23144.0,4432.0,25454.0,2386.0,14188.0,1496.0,16404.0,-2927.0,-13298.0,422.0,-1107.0,7968.0,43396.0,186.0,-1820.0,2304.0,124.0,23160.0,13608.0,22868.0,13884.0,1372.0,114408.0,101109.0
1962-01-01,3016.0,1868.0,57212.0,18416.0,105952.0,100566.0,-817.0,80136.0,31936.0,380.0,1192.0,760.0,12728.0,760.0,328.0,9208.0,52.0,23624.0,4616.0,26119.0,2450.0,14520.0,1500.0,16717.0,-5387.0,-16515.0,578.0,-4727.0,8312.0,44552.0,190.0,-660.0,2284.0,128.0,21536.0,13920.0,23300.0,14200.0,1446.6666666666667,118949.0,102434.0
1962-04-01,3160.0,2156.0,58131.0,18624.0,107795.0,102104.0,-906.0,81324.0,32308.0,388.0,1212.0,800.0,12736.0,800.0,336.0,9310.0,56.0,23436.0,4612.0,25996.0,2674.0,14972.0,1680.0,16920.0,-5691.0,-16477.0,706.0,-5407.0,8872.0,45964.0,194.0,-284.0,2384.0,144.0,21268.0,13948.0,23148.0,14636.0,1628.0,120737.0,104260.0
1962-07-01,2852.0,2052.0,60124.0,18696.0,109320.0,104444.0,-900.0,83648.0,31660.0,400.0,1184.0,812.0,13188.0,812.0,348.0,9344.0,60.0,23792.0,4868.0,26894.0,2600.0,15320.0,1592.0,17318.0,-4876.0,-15802.0,550.0,-4344.0,7868.0,47216.0,196.0,-532.0,2216.0,148.0,21912.0,14372.0,23504.0,14976.0,1210.6666666666667,122299.0,106496.0
1962-10-01,3240.0,2140.0,60605.0,18768.0,111161.0,105634.0,-982.0,84796.0,32732.0,408.0,1220.0,824.0,13064.0,824.0,356.0,9380.0,60.0,24356.0,4848.0,26991.0,2644.0,15616.0,1620.0,17724.0,-5527.0,-16437.0,542.0,-4663.0,8376.0,48384.0,200.0,-864.0,2208.0,160.0,21968.0,14284.0,24060.0,15260.0,1393.3333333333333,124211.0,107774.0
1963-01-01,3320.0,2168.0,60176.0,20800.0,112116.0,108650.0,-738.0,85448.0,34116.0,440.0,1200.0,836.0,13192.0,836.0,388.0,10396.0,60.0,25620.0,4896.0,26031.0,2700.0,15800.0,1660.0,17981.0,-3466.0,-13074.0,406.0,-3282.0,8496.0,48832.0,204.0,-184.0,2024.0,176.0,22048.0,14392.0,25280.0,15436.0,1434.6666666666667,123892.0,110818.0
1963-04-01,3428.0,2268.0,59476.0,20996.0,112048.0,110929.0,-760.0,87496.0,34348.0,484.0,1228.0,852.0,13444.0,852.0,428.0,10490.0,72.0,24520.0,5104.0,26288.0,2713.0,16060.0,1656.0,18269.0,-1119.0,-10996.0,698.0,-2239.0,9828.0,49008.0,205.0,1120.0,2164.0,192.0,23624.0,14672.0,24188.0,15680.0,1812.0,124193.0,113197.0
1963-07-01,3676.0,2392.0,62177.0,21180.0,113773.0,112083.0,-720.0,88356.0,32908.0,456.0,1236.0,888.0,13540.0,888.0,396.0,10588.0,64.0,24656.0,5372.0,27699.0,2811.0,16404.0,1712.0,18487.0,-1689.0,-12883.0,698.0,-2865.0,8252.0,49096.0,211.0,1176.0,2284.0,196.0,24288.0,14776.0,24348.0,15988.0,1201.3333333333333,127358.0,114475.0
1963-10-01,3920.0,2136.0,62995.0,21448.0,116055.0,113686.0,-647.0,89540.0,33892.0,472.0,1244.0,944.0,13660.0,944.0,412.0,10720.0,68.0,25076.0,5608.0,26658.0,2872.0,16752.0,1712.0,18676.0,-2369.0,-12433.0,298.0,-3569.0,8816.0,49616.0,216.0,1200.0,2416.0,188.0,24832.0,14904.0,24760.0,16308.0,1322.6666666666667,128255.0,115822.0
1964-01-01,3676.0,2264.0,62925.0,21440.0,117829.0,112282.0,-664.0,87560.0,35096.0,456.0,1236.0,1508.0,13744.0,1508.0,392.0,10718.0,68.0,25848.0,6068.0,27159.0,3490.0,17092.0,1760.0,18909.0,-5547.0,-15939.0,730.0,-6039.0,9248.0,47992.0,222.0,492.0,2716.0,180.0,24408.0,14980.0,25520.0,16648.0,1317.3333333333333,130485.0,114546.0
1964-04-01,3992.0,2624.0,63045.0,21676.0,118785.0,108600.0,-677.0,83648.0,35540.0,416.0,1288.0,1564.0,14052.0,1564.0,356.0,10830.0,76.0,25268.0,6000.0,27080.0,3538.0,17332.0,1748.0,19113.0,-10185.0,-20458.0,938.0,-11521.0,10272.0,43724.0,226.0,1336.0,2868.0,180.0,24404.0,15340.0,24948.0,16892.0,1677.3333333333333,131683.0,111224.0
1964-07-01,4408.0,2668.0,63831.0,21912.0,118123.0,111394.0,-931.0,85964.0,33980.0,764.0,1340.0,1604.0,14144.0,1604.0,708.0,10942.0,84.0,25428.0,5684.0,27016.0,3686.0,17672.0,1856.0,19294.0,-6729.0,-17161.0,970.0,-8217.0,8552.0,45360.0,226.0,1488.0,2640.0,180.0,24940.0,15484.0,25068.0,17236.0,1221.3333333333333,131223.0,114062.0
1964-10-01,4180.0,2712.0,62753.0,22100.0,118105.0,112996.0,-774.0,87432.0,34832.0,832.0,1408.0,1652.0,14484.0,1652.0,780.0,11036.0,80.0,25492.0,6060.0,27215.0,3406.0,17868.0,1528.0,19498.0,-5109.0,-14160.0,-134.0,-6789.0,9340.0,46864.0,226.0,1680.0,2652.0,192.0,24484.0,15892.0,25116.0,17376.0,1382.6666666666667,129868.0,115708.0
1965-01-01,4088.0,2808.0,63018.0,22252.0,119954.0,118980.0,-817.0,93352.0,35864.0,884.0,1424.0,1212.0,14944.0,1212.0,832.0,11108.0,88.0,26608.0,5976.0,26475.0,3310.0,18156.0,1876.0,19672.0,-974.0,-9651.0,594.0,-1814.0,9256.0,50504.0,222.0,840.0,2916.0,196.0,26284.0,16368.0,26236.0,17668.0,1380.0,131440.0,121788.0
1965-04-01,4024.0,2632.0,63883.0,22528.0,122907.0,120868.0,-770.0,94828.0,37588.0,916.0,1624.0,1272.0,14028.0,1272.0,864.0,11248.0,84.0,26356.0,6520.0,26233.0,3366.0,18480.0,1872.0,19894.0,-2039.0,-9924.0,154.0,-3655.0,11232.0,51868.0,222.0,1616.0,2956.0,204.0,27104.0,15652.0,25728.0,18008.0,1937.3333333333333,133424.0,123500.0
1965-07-01,3928.0,2816.0,67517.0,22872.0,128665.0,119248.0,-902.0,92916.0,39508.0,960.0,1676.0,1324.0,13048.0,1324.0,908.0,11420.0,84.0,29588.0,6832.0,26959.0,3402.0,18672.0,1856.0,20134.0,-9417.0,-17867.0,514.0,-8161.0,9920.0,50384.0,222.0,-1256.0,2968.0,212.0,27596.0,14724.0,29176.0,18200.0,1324.0,139931.0,122064.0
1965-10-01,4100.0,3004.0,71571.0,23316.0,132243.0,122611.0,-1012.0,96116.0,38496.0,988.0,1728.0,1380.0,13236.0,1380.0,936.0,11644.0,80.0,28308.0,6912.0,27126.0,3203.0,19060.0,1596.0,20352.0,-9632.0,-18124.0,622.0,-10148.0,10188.0,51516.0,227.0,516.0,3116.0,212.0,29424.0,14964.0,27908.0,18536.0,1400.0,143739.0,125615.0
1966-01-01,4340.0,3148.0,71988.0,29684.0,136056.0,131961.0,-1025.0,98692.0,41092.0,996.0,1796.0,1460.0,12044.0,1460.0,948.0,14812.0,108.0,29080.0,8336.0,29214.0,3614.0,19440.0,1924.0,20567.0,-4095.0,-14948.0,1014.0,-10487.0,12012.0,54392.0,230.0,6392.0,3536.0,216.0,30244.0,13840.0,28660.0,18916.0,1540.0,150057.0,135109.0
1966-04-01,4392.0,3144.0,75143.0,30132.0,142395.0,136737.0,-1129.0,102972.0,43340.0,1012.0,1888.0,1580.0,12716.0,1580.0,964.0,15036.0,108.0,28680.0,9396.0,28867.0,3750.0,20008.0,1932.0,20895.0,-5658.0,-15424.0,546.0,-12374.0,14660.0,58000.0,238.0,6716.0,3904.0,216.0,30152.0,14604.0,28264.0,19464.0,2074.6666666666665,155305.0,139881.0
1966-07-01,4448.0,2992.0,79141.0,31200.0,146957.0,139097.0,-1368.0,104296.0,43288.0,1024.0,1892.0,1716.0,12628.0,1716.0,976.0,15572.0,104.0,30368.0,9744.0,30793.0,3945.0,20488.0,1980.0,21199.0,-7860.0,-19644.0,734.0,-14056.0,12920.0,59836.0,249.0,6196.0,4040.0,240.0,29700.0,14520.0,29788.0,19912.0,1444.0,161733.0,142089.0
1966-10-01,4368.0,2900.0,79675.0,31464.0,152091.0,141754.0,-1255.0,106272.0,47076.0,1044.0,1900.0,1840.0,12932.0,1840.0,996.0,15706.0,100.0,33260.0,9988.0,31481.0,4230.0,21120.0,2128.0,21533.0,-10336.0,-22026.0,274.0,-15008.0,13816.0,62180.0,262.0,4672.0,4220.0,240.0,29020.0,14832.0,32820.0,20568.0,1606.6666666666667,166680.0,144654.0
1967-01-01,4300.0,3088.0,85883.0,32892.0,161919.0,142613.0,-1302.0,105788.0,50520.0,912.0,1924.0,1868.0,12964.0,1868.0,860.0,16416.0,112.0,36028.0,10304.0,32052.0,4323.0,21548.0,2176.0,21849.0,-19306.0,-30771.0,50.0,-23002.0,14492.0,62856.0,279.0,3696.0,3968.0,236.0,27808.0,14888.0,35560.0,21000.0,1734.6666666666667,176472.0,145701.0
1967-04-01,3416.0,2960.0,87043.0,33820.0,164163.0,143666.0,-1192.0,105568.0,51648.0,952.0,1892.0,1860.0,13268.0,1860.0,896.0,16884.0,108.0,36556.0,10796.0,30874.0,4518.0,21624.0,2364.0,22235.0,-20497.0,-29063.0,-530.0,-24713.0,15092.0,62648.0,294.0,4216.0,3848.0,240.0,27520.0,15160.0,36060.0,21024.0,1797.3333333333333,175689.0,146626.0
1967-07-01,4496.0,3244.0,88290.0,34460.0,166058.0,147219.0,-1154.0,108372.0,52204.0,992.0,1820.0,1876.0,13384.0,1876.0,932.0,17206.0,108.0,37632.0,10780.0,32671.0,4549.0,21908.0,2360.0,22657.0,-18839.0,-31063.0,958.0,-22807.0,14572.0,65156.0,313.0,3968.0,3656.0,248.0,27764.0,15204.0,36884.0,21328.0,1706.6666666666667,181526.0,150463.0
1967-10-01,4828.0,2968.0,91020.0,35236.0,170992.0,151530.0,-1445.0,111940.0,53660.0,1016.0,2000.0,2024.0,13404.0,2024.0,948.0,17592.0,120.0,38084.0,11856.0,32190.0,4783.0,22644.0,2436.0,23113.0,-19462.0,-28996.0,-1402.0,-23994.0,15576.0,66884.0,323.0,4532.0,3668.0,268.0,29384.0,15404.0,37576.0,21980.0,1630.6666666666667,183494.0,154498.0
1968-01-01,5900.0,2776.0,95065.0,36804.0,177285.0,160283.0,-1040.0,118228.0,54708.0,980.0,2132.0,2272.0,14024.0,2272.0,924.0,18364.0,132.0,39808.0,10920.0,31345.0,5311.0,23504.0,2700.0,23571.0,-17002.0,-25789.0,-2110.0,-21554.0,14900.0,68832.0,339.0,4552.0,4008.0,284.0,32956.0,16156.0,39304.0,22804.0,1728.0,188848.0,163059.0
1968-04-01,5468.0,3092.0,95861.0,37636.0,183665.0,165013.0,-996.0,121904.0,59256.0,972.0,2220.0,2432.0,14484.0,2432.0,924.0,18774.0,136.0,42340.0,12460.0,31293.0,5497.0,24372.0,2728.0,23930.0,-18652.0,-27493.0,-898.0,-21528.0,16916.0,71392.0,337.0,2876.0,4176.0,304.0,33504.0,16704.0,41832.0,23644.0,1897.3333333333333,195598.0,168105.0
1968-07-01,6336.0,3244.0,97405.0,38268.0,186229.0,176139.0,-979.0,132152.0,59664.0,936.0,2364.0,2548.0,14900.0,2548.0,900.0,19078.0,148.0,43416.0,11716.0,31132.0,5762.0,24968.0,2876.0,24347.0,-10090.0,-19073.0,-894.0,-12694.0,16248.0,81016.0,338.0,2604.0,4192.0,332.0,33540.0,17264.0,42772.0,24308.0,1945.3333333333333,198456.0,179383.0
1968-10-01,6268.0,3400.0,99050.0,38880.0,190202.0,180877.0,-1084.0,136584.0,61576.0,924.0,2316.0,2604.0,15048.0,2604.0,896.0,19374.0,160.0,44104.0,12256.0,30700.0,5572.0,25364.0,2636.0,24772.0,-9325.0,-18367.0,246.0,-11949.0,17472.0,84500.0,332.0,2624.0,4212.0,356.0,34364.0,17364.0,43532.0,24644.0,2169.3333333333335,202643.0,184277.0
1969-01-01,5904.0,3464.0,97121.0,42120.0,188097.0,190311.0,-1254.0,143020.0,61000.0,964.0,1992.0,2760.0,15288.0,2760.0,924.0,20984.0,192.0,45124.0,12228.0,32488.0,5462.0,25660.0,2384.0,25196.0,2215.0,-7559.0,41.0,-2913.0,15876.0,90744.0,318.0,5128.0,4316.0,380.0,34616.0,17280.0,44568.0,24908.0,1652.0,201334.0,193775.0
1969-04-01,5836.0,3688.0,99536.0,42888.0,194972.0,193411.0,-1266.0,145064.0,64332.0,992.0,2600.0,2960.0,15228.0,2960.0,940.0,21364.0,212.0,45924.0,13092.0,30247.0,5733.0,26664.0,2456.0,25631.0,-1560.0,-8501.0,177.0,-7028.0,18408.0,93336.0,317.0,5468.0,4440.0,392.0,33508.0,17828.0,45348.0,25900.0,2218.6666666666665,205600.0,197099.0
1969-07-01,5672.0,3540.0,102336.0,43804.0,199772.0,191114.0,-1298.0,141652.0,64968.0,1008.0,2484.0,3072.0,15744.0,3072.0,940.0,21826.0,220.0,46720.0,14176.0,31055.0,5947.0,27824.0,2548.0,26005.0,-8658.0,-15962.0,121.0,-14630.0,18248.0,90776.0,327.0,5972.0,4644.0,404.0,32244.0,18228.0,46124.0,27040.0,1817.3333333333333,210616.0,194654.0
1969-10-01,6028.0,3560.0,102865.0,44444.0,205097.0,192503.0,-1234.0,142068.0,67888.0,1028.0,2404.0,3284.0,15508.0,3284.0,944.0,22150.0,228.0,47596.0,15144.0,29126.0,6197.0,29708.0,2572.0,26443.0,-12594.0,-17821.0,77.0,-18794.0,20292.0,91944.0,341.0,6200.0,4636.0,400.0,31812.0,17912.0,46984.0,28900.0,2189.3333333333335,213885.0,196063.0
1970-01-01,5680.0,3752.0,102717.0,45144.0,208693.0,186404.0,-1978.0,135748.0,69740.0,1016.0,2420.0,3392.0,15436.0,3392.0,928.0,22500.0,232.0,48912.0,16584.0,30842.0,6473.0,31524.0,2720.0,26951.0,-22290.0,-28014.0,-95.0,-28842.0,20828.0,90556.0,361.0,6552.0,4712.0,384.0,26952.0,17856.0,48276.0,30776.0,1876.0,218169.0,190156.0
1970-04-01,5360.0,3700.0,101430.0,45408.0,220110.0,187428.0,-2589.0,136872.0,81004.0,1020.0,2424.0,3496.0,15680.0,3496.0,932.0,22634.0,228.0,58212.0,17860.0,30330.0,6717.0,32880.0,2840.0,27422.0,-32682.0,-36930.0,-319.0,-31274.0,22792.0,91364.0,381.0,-1408.0,4796.0,380.0,27024.0,18104.0,57476.0,31980.0,2189.3333333333335,228059.0,191128.0
1970-07-01,4928.0,3552.0,102414.0,45856.0,223370.0,183818.0,-2542.0,132800.0,81968.0,904.0,2512.0,3580.0,15676.0,3580.0,816.0,22854.0,236.0,57704.0,19172.0,29946.0,6801.0,34272.0,2812.0,27865.0,-39552.0,-42885.0,-123.0,-39992.0,24264.0,86340.0,409.0,440.0,4716.0,368.0,27904.0,18188.0,56948.0,33264.0,2285.3333333333335,230256.0,187370.0
1970-10-01,5072.0,3724.0,102815.0,45608.0,227603.0,182860.0,-2754.0,132300.0,85356.0,896.0,2580.0,3508.0,15596.0,3508.0,808.0,22728.0,240.0,60600.0,19752.0,30724.0,6811.0,34644.0,2864.0,28297.0,-44743.0,-47979.0,-539.0,-42975.0,24756.0,87152.0,439.0,-1768.0,4788.0,364.0,26608.0,18176.0,59844.0,33504.0,2300.0,234564.0,186584.0
1971-01-01,5640.0,3784.0,105648.0,49632.0,233120.0,187534.0,-3070.0,133248.0,87992.0,916.0,2556.0,3440.0,16844.0,3440.0,844.0,24704.0,296.0,61784.0,20512.0,27699.0,6808.0,34744.0,2888.0,28728.0,-45585.0,-44078.0,-2335.0,-46865.0,26208.0,83620.0,480.0,1280.0,4736.0,356.0,29872.0,19400.0,61024.0,33540.0,2553.3333333333335,235396.0,191318.0
1971-04-01,6444.0,3840.0,106748.0,50212.0,242896.0,190401.0,-2499.0,134872.0,96612.0,916.0,2708.0,3252.0,16012.0,3252.0,848.0,24974.0,332.0,68700.0,22052.0,27503.0,6900.0,34756.0,3144.0,29013.0,-52495.0,-53774.0,185.0,-47423.0,27912.0,85108.0,504.0,-5072.0,4780.0,364.0,30680.0,18720.0,67868.0,33276.0,2724.0,248015.0,194241.0
1971-07-01,5896.0,4136.0,106761.0,50464.0,242609.0,190828.0,-2815.0,135276.0,95964.0,924.0,3216.0,3364.0,15652.0,3364.0,864.0,25092.0,340.0,68048.0,22352.0,28843.0,6979.0,35408.0,3100.0,29199.0,-51781.0,-53418.0,233.0,-47725.0,27916.0,86292.0,515.0,-4056.0,4476.0,364.0,29752.0,18868.0,67228.0,33460.0,2777.3333333333335,248382.0,194964.0
1971-10-01,5816.0,6592.0,107566.0,51012.0,247782.0,194062.0,-2750.0,137648.0,99612.0,956.0,3968.0,3372.0,15012.0,3372.0,896.0,25364.0,344.0,69032.0,23652.0,27146.0,7196.0,36032.0,3300.0,29314.0,-53719.0,-50936.0,161.0,-49511.0,30580.0,88192.0,524.0,-4208.0,4572.0,384.0,30092.0,18980.0,68200.0,33656.0,3378.6666666666665,251590.0,200654.0
1972-01-01,5864.0,6400.0,112890.0,57264.0,258846.0,213089.0,-2734.0,150632.0,103372.0,1032.0,3148.0,3228.0,15044.0,3228.0,944.0,28486.0,380.0,71140.0,24440.0,28527.0,6895.0,36528.0,3160.0,29609.0,-45756.0,-44396.0,257.0,-45896.0,32232.0,100284.0,507.0,140.0,6056.0,396.0,31760.0,18192.0,70224.0,34192.0,3681.3333333333335,263885.0,219489.0
1972-04-01,5452.0,4612.0,113684.0,57864.0,267560.0,216471.0,-2466.0,153080.0,110540.0,1104.0,2800.0,3200.0,15460.0,3200.0,980.0,28810.0,368.0,71188.0,32708.0,30551.0,6889.0,37184.0,3184.0,29866.0,-51089.0,-52864.0,250.0,-51881.0,39352.0,102404.0,505.0,792.0,6152.0,408.0,32008.0,18260.0,70240.0,34796.0,3326.6666666666665,273947.0,221083.0
1972-07-01,7028.0,4992.0,110424.0,58528.0,260264.0,219399.0,-2382.0,155100.0,104828.0,1156.0,2904.0,3184.0,15608.0,3184.0,1004.0,29154.0,372.0,71236.0,25616.0,28340.0,6997.0,37892.0,3308.0,30519.0,-40864.0,-40355.0,-366.0,-42812.0,33592.0,103060.0,505.0,1948.0,7120.0,408.0,33120.0,18512.0,70336.0,35288.0,3826.6666666666665,264747.0,224391.0
1972-10-01,5860.0,5440.0,112189.0,59376.0,285409.0,227075.0,-1928.0,161256.0,127300.0,1188.0,3136.0,3312.0,15824.0,3312.0,1012.0,29588.0,376.0,81716.0,39288.0,29978.0,7183.0,38916.0,3348.0,30821.0,-58334.0,-54916.0,-2994.0,-52858.0,45584.0,105280.0,523.0,-5476.0,7004.0,400.0,36616.0,18960.0,80620.0,36040.0,3422.6666666666665,287431.0,232515.0
1973-01-01,5932.0,5664.0,113602.0,72720.0,283042.0,242522.0,-2856.0,163716.0,122620.0,1248.0,3420.0,3720.0,16120.0,3720.0,1092.0,36180.0,516.0,83312.0,34348.0,32752.0,7694.0,40944.0,3416.0,31158.0,-40520.0,-37151.0,-5231.0,-46732.0,39308.0,104500.0,558.0,6212.0,5876.0,388.0,39288.0,19540.0,82180.0,37776.0,3086.6666666666665,285337.0,248186.0
1973-04-01,6392.0,4680.0,114308.0,73800.0,287360.0,246522.0,-3226.0,166456.0,124780.0,1288.0,3296.0,4172.0,16556.0,4172.0,1156.0,36694.0,544.0,84772.0,33408.0,32209.0,8204.0,42644.0,3416.0,31778.0,-40838.0,-41828.0,-1153.0,-46646.0,40008.0,106864.0,616.0,5808.0,5628.0,384.0,39356.0,19852.0,83628.0,38996.0,3797.3333333333335,293030.0,251202.0
1973-07-01,5532.0,4812.0,113471.0,75100.0,286911.0,249570.0,-3586.0,168660.0,124612.0,812.0,3156.0,4608.0,16572.0,4608.0,696.0,37332.0,552.0,86228.0,32604.0,30770.0,8584.0,44196.0,3288.0,32802.0,-37341.0,-31226.0,-4803.0,-43149.0,38384.0,110976.0,688.0,5808.0,4632.0,368.0,37588.0,19728.0,85060.0,40344.0,3600.0,285608.0,254382.0
1973-10-01,6132.0,5212.0,116753.0,76564.0,292909.0,258372.0,-3869.0,175876.0,126316.0,844.0,3212.0,4864.0,16864.0,4864.0,736.0,38058.0,556.0,88496.0,33596.0,30876.0,8957.0,45380.0,3340.0,33677.0,-34537.0,-31024.0,-1632.0,-40189.0,37820.0,115984.0,753.0,5652.0,4460.0,372.0,39444.0,20076.0,87308.0,41444.0,3116.0,294608.0,263584.0
1974-01-01,7992.0,5240.0,119404.0,82080.0,302072.0,265946.0,-3623.0,177044.0,133032.0,1004.0,3396.0,5140.0,16388.0,5140.0,896.0,40806.0,576.0,95068.0,33312.0,33283.0,9441.0,46184.0,3480.0,33992.0,-36126.0,-34407.0,-3762.0,-45282.0,37964.0,119528.0,821.0,9156.0,3452.0,360.0,37372.0,19784.0,94116.0,42488.0,3100.0,305593.0,271186.0
1974-04-01,8840.0,4888.0,119719.0,83616.0,314483.0,276413.0,-2831.0,184556.0,144608.0,1084.0,3564.0,5492.0,16512.0,5492.0,972.0,41582.0,564.0,101976.0,34108.0,35158.0,9988.0,47376.0,3632.0,34633.0,-38070.0,-28608.0,-13939.0,-42142.0,42632.0,124820.0,864.0,4072.0,2780.0,364.0,39296.0,20076.0,100656.0,43372.0,4616.0,309908.0,281301.0
1974-07-01,6744.0,4636.0,123926.0,85236.0,324454.0,287468.0,-3104.0,193832.0,148616.0,1120.0,3820.0,5812.0,16400.0,5812.0,1000.0,42398.0,560.0,107852.0,35404.0,36478.0,10384.0,48860.0,3672.0,35977.0,-36986.0,-39812.0,216.0,-38754.0,40764.0,129748.0,900.0,1768.0,3052.0,368.0,43496.0,20220.0,106388.0,44724.0,3653.3333333333335,331916.0,292104.0
1974-10-01,8128.0,4416.0,129628.0,85408.0,338388.0,284178.0,-3436.0,190652.0,155764.0,1116.0,3852.0,5756.0,16324.0,5756.0,996.0,42476.0,576.0,113512.0,36808.0,37743.0,10438.0,49516.0,3756.0,36928.0,-54210.0,-53528.0,-5208.0,-52002.0,42252.0,132004.0,926.0,-2208.0,3480.0,376.0,38096.0,20176.0,111960.0,45164.0,3782.6666666666665,342122.0,288594.0
1975-01-01,8956.0,4476.0,130948.0,86468.0,354024.0,277795.0,-4039.0,183944.0,168704.0,1096.0,4136.0,5480.0,15664.0,5480.0,976.0,43000.0,588.0,122348.0,39256.0,37686.0,10326.0,50292.0,3904.0,37825.0,-76229.0,-79798.0,-773.0,-67093.0,46356.0,132264.0,942.0,-9136.0,4080.0,400.0,31480.0,19800.0,120540.0,45784.0,4472.0,362069.0,282271.0
1975-04-01,8100.0,4932.0,132561.0,86812.0,377665.0,244783.0,-4210.0,150556.0,189524.0,1100.0,5172.0,5368.0,16156.0,5368.0,980.0,43170.0,592.0,136116.0,44344.0,36831.0,10524.0,51468.0,4200.0,38287.0,-132883.0,-133986.0,-609.0,-117891.0,53408.0,94612.0,956.0,-14992.0,4112.0,432.0,34184.0,21328.0,134168.0,47272.0,5069.333333333333,383701.0,249715.0
1975-07-01,11068.0,5144.0,134322.0,88480.0,379106.0,288242.0,-4610.0,192616.0,187348.0,1104.0,6864.0,5184.0,16436.0,5184.0,976.0,44012.0,584.0,138816.0,44972.0,41796.0,10652.0,53036.0,4484.0,39103.0,-90864.0,-99228.0,-253.0,-69576.0,48532.0,125664.0,984.0,-21288.0,4400.0,488.0,43164.0,23300.0,136776.0,48676.0,3320.0,392615.0,293386.0
1975-10-01,10720.0,4996.0,137673.0,90456.0,388241.0,296518.0,-4807.0,198704.0,190744.0,1124.0,7284.0,5496.0,16596.0,5496.0,992.0,45002.0,584.0,139996.0,45932.0,43099.0,11040.0,55072.0,4536.0,39760.0,-91724.0,-100687.0,-99.0,-71964.0,50748.0,130380.0,1008.0,-19760.0,4752.0,564.0,43880.0,23880.0,137844.0,50804.0,3745.3333333333335,402201.0,301514.0
1976-01-01,10308.0,5220.0,137976.0,97540.0,393991.0,312071.0,-2904.0,204383.0,194187.0,1260.0,4300.0,5776.0,16504.0,5776.0,1124.0,48524.0,628.0,143703.0,47048.0,43625.0,11792.0,56872.0,4980.0,40697.0,-81920.0,-89095.0,-841.0,-66708.0,50484.0,133035.0,1036.0,-15212.0,4956.0,656.0,49888.0,20804.0,141335.0,52832.0,3281.3333333333335,406386.0,317291.0
1976-04-01,10012.0,5496.0,139114.0,98924.0,395709.0,318959.0,-2934.0,209755.0,193851.0,1188.0,4564.0,5800.0,16776.0,5800.0,1044.0,49222.0,624.0,142095.0,47816.0,43388.0,12026.0,58092.0,5164.0,41062.0,-76750.0,-80595.0,-2998.0,-63906.0,51756.0,138739.0,1062.0,-12844.0,4652.0,720.0,48956.0,21340.0,139635.0,54020.0,3490.6666666666665,405050.0,324455.0
1976-07-01,10820.0,5492.0,139252.0,100600.0,407495.0,326737.0,-2862.0,215427.0,203931.0,1184.0,4748.0,5912.0,16920.0,5912.0,1036.0,50052.0,644.0,147911.0,48724.0,45621.0,12388.0,59440.0,5396.0,41991.0,-80758.0,-85380.0,-4337.0,-62986.0,56020.0,144527.0,1080.0,-17772.0,4872.0,744.0,48488.0,21668.0,145351.0,55020.0,4758.666666666667,417609.0,332229.0
1976-10-01,11328.0,6124.0,143842.0,102080.0,416741.0,332586.0,-2921.0,220003.0,206455.0,1260.0,4628.0,5992.0,17056.0,5992.0,1104.0,50788.0,660.0,150271.0,52720.0,46382.0,12164.0,61180.0,5080.0,42934.0,-84155.0,-91435.0,-1372.0,-65815.0,56184.0,150087.0,1092.0,-18340.0,5264.0,736.0,47496.0,21684.0,147699.0,56632.0,3528.0,430145.0,338710.0
1977-01-01,10880.0,12028.0,146326.0,107488.0,420834.0,347306.0,-3093.0,228932.0,206852.0,1264.0,5028.0,5884.0,16928.0,5884.0,1108.0,53464.0,716.0,152312.0,50724.0,47904.0,12715.0,62044.0,5636.0,43967.0,-73529.0,-76462.0,144.0,-58845.0,54540.0,155268.0,1195.0,-14684.0,5612.0,708.0,51000.0,21956.0,149804.0,57540.0,3609.3333333333335,435795.0,359334.0
1977-04-01,10936.0,5488.0,149587.0,110136.0,428835.0,361277.0,-3184.0,239908.0,209820.0,1404.0,5312.0,5964.0,17216.0,5964.0,1236.0,54776.0,752.0,151432.0,53724.0,49343.0,13013.0,63776.0,5788.0,44974.0,-67558.0,-76439.0,-936.0,-55294.0,58388.0,160972.0,1261.0,-12264.0,5652.0,696.0,55712.0,22528.0,148924.0,58972.0,3992.0,443204.0,366765.0
1977-07-01,12056.0,5688.0,152072.0,112248.0,442980.0,367930.0,-3652.0,244424.0,218920.0,1756.0,5768.0,5908.0,17432.0,5908.0,1588.0,55822.0,772.0,157088.0,57292.0,49827.0,13154.0,65780.0,5924.0,45615.0,-75050.0,-82165.0,-3465.0,-60082.0,61832.0,162624.0,1322.0,-14968.0,6208.0,724.0,57876.0,23200.0,154440.0,60524.0,4148.0,455783.0,373618.0
1977-10-01,10900.0,5424.0,156562.0,114440.0,456618.0,378968.0,-3786.0,253300.0,220524.0,1884.0,5504.0,5992.0,17704.0,5992.0,1704.0,56912.0,796.0,159256.0,57300.0,49737.0,13130.0,69444.0,5768.0,46521.0,-77650.0,-84915.0,-1426.0,-63258.0,61268.0,171188.0,1370.0,-14392.0,10088.0,780.0,58124.0,23208.0,156604.0,63060.0,4334.666666666667,469307.0,384392.0
1978-01-01,11196.0,5296.0,158342.0,121559.0,468330.0,386734.0,-3808.0,252624.0,227568.0,2028.0,6444.0,6304.0,17508.0,6304.0,1848.0,60447.5,845.0,161188.0,61508.0,50453.0,14331.0,73960.0,6612.0,47744.0,-81595.0,-90289.0,85.0,-73587.0,66380.0,173360.0,1415.0,-8009.0,8460.0,868.0,54444.0,23952.0,158532.0,66580.0,4969.333333333333,482319.0,392030.0
1978-04-01,11780.0,5144.0,163245.0,126541.0,478557.0,416291.0,-3293.0,275452.0,229832.0,2180.0,7100.0,6608.0,18264.0,6608.0,1996.0,62930.5,865.0,160676.0,64092.0,53759.0,15410.0,77340.0,7328.0,49409.0,-62266.0,-70063.0,-3188.0,-59607.0,69156.0,182944.0,1474.0,-2659.0,8140.0,940.0,66204.0,25364.0,157980.0,69428.0,5224.0,491498.0,421435.0
1978-07-01,12172.0,5140.0,166019.0,130751.0,492031.0,436032.0,-1878.0,288508.0,237020.0,2304.0,7308.0,7200.0,18168.0,7200.0,2116.0,65031.0,877.0,168640.0,63416.0,56054.0,16347.0,80944.0,7596.0,50078.0,-55999.0,-70059.0,1052.0,-50194.0,68380.0,195376.0,1551.0,-5805.0,8048.0,988.0,66668.0,25476.0,165876.0,72840.0,5277.333333333333,511231.0,441172.0
1978-10-01,12788.0,5268.0,169114.0,136008.0,504542.0,456243.0,-2602.0,302716.0,241084.0,2400.0,7548.0,7912.0,18772.0,7912.0,2220.0,67657.5,873.0,171104.0,64912.0,58703.0,17721.0,84204.0,8164.0,51439.0,-48299.0,-62579.0,-505.0,-45900.0,69980.0,205116.0,1645.0,-2400.0,10140.0,1020.0,70260.0,26320.0,168252.0,74668.0,5818.666666666667,524090.0,461511.0
1979-01-01,13888.0,5408.0,173442.0,143122.0,511805.0,466743.0,-2525.0,305111.0,242747.0,2452.0,7588.0,8184.0,18268.0,8184.0,2272.0,71187.5,927.0,175335.0,62112.0,58240.0,18584.0,87564.0,8632.0,52466.0,-45062.0,-56774.0,-2542.0,-47008.0,67412.0,211591.0,1768.0,1946.0,8052.0,1028.0,66636.0,25856.0,172487.0,77032.0,6226.666666666667,528925.0,472151.0
1979-04-01,13384.0,5344.0,177599.0,147374.0,522934.0,480375.0,-2495.0,313483.0,246971.0,2520.0,7584.0,8820.0,18352.0,8820.0,2340.0,73320.0,914.0,178683.0,62640.0,59980.0,19494.0,89912.0,8740.0,53855.0,-42558.0,-56471.0,-252.0,-46216.0,68288.0,219935.0,1934.0,3658.0,8452.0,1080.0,66532.0,25936.0,175691.0,79588.0,6321.333333333333,542191.0,485719.0
1979-07-01,14668.0,5400.0,179023.0,152357.0,543290.0,494758.0,-2467.0,321235.0,264199.0,2572.0,7280.0,9548.0,18064.0,9548.0,2388.0,75806.0,929.0,193215.0,65236.0,64671.0,21061.0,92276.0,9372.0,55483.0,-48532.0,-64257.0,-2730.0,-45217.0,70984.0,229435.0,2141.0,-3315.0,7792.0,1176.0,65280.0,25344.0,190075.0,81852.0,6437.333333333333,564415.0,500158.0
1979-10-01,16148.0,5824.0,185269.0,156340.0,559516.0,506212.0,-3186.0,327619.0,269655.0,2628.0,7364.0,10564.0,18236.0,10564.0,2432.0,77794.5,946.0,197035.0,65932.0,64073.0,22811.0,96072.0,9860.0,56559.0,-53304.0,-65273.0,-5870.0,-50735.0,72620.0,238563.0,2387.0,-2568.0,8520.0,1308.0,62148.0,25600.0,193819.0,85124.0,6950.666666666667,577308.0,512036.0
1980-01-01,16672.0,6032.0,192808.0,159309.0,583861.0,517694.0,-3161.0,334369.0,279949.0,2736.0,7204.0,11628.0,20408.0,11628.0,2524.0,79266.0,989.0,205397.0,66692.0,68256.0,24441.0,102252.0,10172.0,57880.0,-66167.0,-84551.0,-2632.0,-62420.0,74552.0,238273.0,2641.0,-3747.0,8852.0,1480.0,67004.0,27612.0,202137.0,90708.0,7554.666666666667,608276.0,523726.0
1980-04-01,16948.0,6484.0,207553.0,160986.0,608694.0,515412.0,-3582.0,329157.0,284601.0,2832.0,6912.0,12292.0,26640.0,12292.0,2604.0,80107.0,1000.0,210677.0,68184.0,68961.0,26019.0,107264.0,10820.0,59552.0,-93282.0,-113906.0,751.0,-85008.0,73924.0,244173.0,2907.0,-8274.0,9276.0,1600.0,49832.0,33552.0,207265.0,96220.0,6732.0,635802.0,521896.0
1980-07-01,16252.0,6964.0,205803.0,164160.0,639968.0,535906.0,-3546.0,346541.0,316381.0,2780.0,7212.0,11016.0,28932.0,11016.0,2540.0,81689.5,1021.0,239093.0,70744.0,70282.0,25971.0,108068.0,11776.0,61005.0,-104062.0,-120729.0,-1898.0,-76406.0,77288.0,252789.0,3179.0,-27656.0,9716.0,1656.0,55952.0,36144.0,235429.0,96692.0,7194.666666666667,663600.0,542870.0
1980-10-01,17084.0,6576.0,212317.0,170069.0,657298.0,565766.0,-4275.0,367909.0,322509.0,4220.0,7312.0,11888.0,30032.0,11888.0,3972.0,84633.5,1050.0,240193.0,73140.0,73497.0,27843.0,112532.0,12488.0,63138.0,-91532.0,-99908.0,-12492.0,-68009.0,82316.0,267249.0,3467.0,-23523.0,9940.0,1652.0,61664.0,37344.0,236357.0,99032.0,8837.333333333334,672250.0,572342.0
1981-01-01,16408.0,6348.0,221839.0,187274.0,680243.0,605919.0,-4257.0,389143.0,322196.0,3472.0,7852.0,12976.0,42808.0,12976.0,3220.0,93182.0,1162.0,244575.0,71465.0,75379.0,30286.0,126032.0,13472.0,64657.0,-74324.0,-95310.0,204.0,-64907.0,77621.0,278363.0,3838.0,-9418.0,10176.0,1584.0,58536.0,50660.0,240519.0,110832.0,8470.666666666666,707577.0,612267.0
1981-04-01,15992.0,6724.0,232434.0,190927.0,695699.0,616972.0,-1966.0,393071.0,323421.0,2980.0,8344.0,13572.0,43484.0,13572.0,2724.0,95007.5,1168.0,245779.0,71370.0,79476.0,31960.0,129536.0,14172.0,66669.0,-78727.0,-95482.0,-5320.0,-71554.0,77642.0,288999.0,4216.0,-7173.0,10308.0,1536.0,50708.0,51828.0,241591.0,113096.0,8966.666666666666,719178.0,623696.0
1981-07-01,15132.0,7124.0,235796.0,195628.0,722114.0,635312.0,-2368.0,404735.0,339861.0,3016.0,8840.0,14504.0,40304.0,14504.0,2752.0,97359.0,1174.0,263727.0,68818.0,81652.0,34301.0,135744.0,15200.0,68402.0,-86802.0,-95004.0,-13056.0,-67118.0,76134.0,301399.0,4597.0,-19684.0,10712.0,1492.0,52700.0,49144.0,259283.0,119072.0,9477.333333333334,737440.0,642436.0
1981-10-01,15412.0,7368.0,244157.0,198207.0,738484.0,626044.0,-1866.0,390203.0,338836.0,3044.0,9320.0,15044.0,38764.0,15044.0,2780.0,98651.5,1168.0,265947.0,65985.0,85186.0,36456.0,142404.0,16432.0,70364.0,-112440.0,-131374.0,-3932.0,-91479.0,72889.0,295899.0,4980.0,-20961.0,13088.0,1456.0,44764.0,48084.0,261483.0,125612.0,9386.666666666666,764786.0,633412.0
1982-01-01,14236.0,9028.0,249949.0,203194.0,753575.0,616913.0,-1771.0,373505.0,343274.0,3952.0,9084.0,15124.0,34388.0,15124.0,3376.0,101285.0,1200.0,269249.0,65837.0,84909.0,38033.0,146800.0,17704.0,72460.0,-136662.0,-150787.0,-3532.0,-116164.0,74025.0,295213.0,5205.0,-20498.0,13552.0,1336.0,33484.0,43472.0,265229.0,129128.0,9960.0,776728.0,625941.0
1982-04-01,14908.0,7756.0,252809.0,205195.0,767553.0,624274.0,-1936.0,377697.0,350684.0,4256.0,8700.0,15708.0,31264.0,15708.0,3608.0,102326.5,1190.0,276457.0,67331.0,90111.0,39061.0,150908.0,18116.0,74891.0,-143280.0,-164623.0,-1028.0,-116791.0,74227.0,301669.0,5237.0,-26489.0,13152.0,1328.0,34736.0,39964.0,272217.0,133768.0,9425.333333333334,796653.0,632030.0
1982-07-01,14816.0,7328.0,261285.0,207451.0,794534.0,615220.0,-2314.0,366537.0,364737.0,4524.0,8308.0,15392.0,31748.0,15392.0,3784.0,103501.0,1189.0,291657.0,65576.0,90224.0,39022.0,155932.0,18544.0,76370.0,-179313.0,-200151.0,-504.0,-140296.0,73080.0,289737.0,5086.0,-39017.0,12580.0,1320.0,35424.0,40056.0,287521.0,137416.0,10052.0,822700.0,622548.0
1982-10-01,14720.0,5948.0,269499.0,208332.0,828404.0,618246.0,-2535.0,369325.0,382852.0,4792.0,8344.0,14596.0,31988.0,14596.0,3956.0,103989.5,1188.0,306577.0,66299.0,94559.0,38332.0,157084.0,18984.0,77796.0,-210158.0,-225989.0,-9704.0,-158534.0,76275.0,295765.0,4752.0,-51624.0,18968.0,1504.0,31724.0,40332.0,302561.0,138448.0,10876.0,850183.0,624194.0
1983-01-01,16072.0,5556.0,273569.0,216140.0,831494.0,622851.0,-2131.0,366026.0,379593.0,4788.0,7616.0,13928.0,33448.0,13928.0,3892.0,107889.0,1258.0,305890.0,67223.0,96932.0,38028.0,158888.0,19664.0,77683.0,-208643.0,-238449.0,40.0,-164859.0,73703.0,289538.0,4436.0,-43784.0,19444.0,1152.0,34272.0,41064.0,302182.0,140976.0,9366.666666666666,866856.0,628407.0
1983-04-01,14344.0,5804.0,280519.0,220152.0,852517.0,649294.0,-2026.0,388038.0,387726.0,5108.0,8992.0,13904.0,36264.0,13904.0,4152.0,109924.0,1260.0,311042.0,69160.0,99803.0,38021.0,163136.0,19848.0,80531.0,-203223.0,-216404.0,-14632.0,-157807.0,76684.0,295282.0,4269.0,-45416.0,21136.0,1244.0,46256.0,45256.0,307406.0,145292.0,9668.0,871501.0,655098.0
1983-07-01,16036.0,6468.0,290290.0,224763.0,864300.0,644513.0,-2001.0,377326.0,382202.0,5304.0,9624.0,14284.0,35828.0,14284.0,4280.0,112265.5,1256.0,304886.0,68404.0,104157.0,39121.0,170052.0,20576.0,82673.0,-219788.0,-245663.0,-5176.0,-186158.0,77316.0,277342.0,4261.0,-33629.0,21756.0,1220.0,53312.0,45452.0,301314.0,152044.0,10164.0,896644.0,650981.0
1983-10-01,15876.0,5264.0,275703.0,231218.0,859457.0,662403.0,-1623.0,386546.0,386834.0,5680.0,10132.0,14800.0,35628.0,14800.0,4636.0,115508.0,1246.0,307054.0,66972.0,108456.0,40582.0,175808.0,21372.0,83607.0,-197054.0,-232487.0,-28.0,-168284.0,79780.0,284934.0,4410.0,-28770.0,21112.0,1228.0,54624.0,45760.0,303470.0,157332.0,11622.666666666666,900154.0,667667.0
1984-01-01,16664.0,6328.0,281615.0,246260.0,874942.0,692666.0,-2605.0,401000.0,389716.0,6096.0,10944.0,15448.0,36028.0,15448.0,5072.0,122981.5,1321.0,309904.0,71308.0,110789.0,41916.0,182800.0,21704.0,86098.0,-182276.0,-214479.0,-2824.0,-167124.0,79812.0,287888.0,4764.0,-15152.0,20812.0,1324.0,64816.0,46972.0,306372.0,163968.0,10289.333333333334,913474.0,698994.0
1984-04-01,17332.0,5896.0,294907.0,252113.0,897828.0,706797.0,-2564.0,407192.0,393905.0,6288.0,12124.0,15744.0,35344.0,15744.0,5244.0,125919.0,1319.0,312060.0,73097.0,113391.0,43768.0,188412.0,23100.0,87912.0,-191031.0,-221714.0,-6232.0,-180556.0,81845.0,294596.0,4924.0,-10475.0,20604.0,1328.0,63800.0,47468.0,308380.0,169052.0,10596.0,934407.0,712693.0
1984-07-01,18196.0,5908.0,299945.0,257081.0,914311.0,714664.0,-2768.0,409792.0,395074.0,6344.0,12252.0,16328.0,35196.0,16328.0,5304.0,128392.0,1337.0,312788.0,70670.0,114041.0,44216.0,198788.0,22876.0,91630.0,-199647.0,-230030.0,-4316.0,-194243.0,82286.0,307340.0,5012.0,-5403.0,20504.0,1228.0,53776.0,47448.0,309132.0,178156.0,11968.0,950602.0,720572.0
1984-10-01,18940.0,5748.0,308376.0,261063.0,943661.0,730548.0,-2802.0,420740.0,409177.0,6368.0,12292.0,16696.0,35020.0,16696.0,5364.0,130350.0,1367.0,318900.0,74281.0,124154.0,45179.0,205308.0,23464.0,96692.0,-213113.0,-251311.0,-2456.0,-206532.0,90277.0,317748.0,5019.0,-6581.0,20800.0,1336.0,54344.0,47312.0,315076.0,183464.0,13888.0,987607.0,736296.0
1985-01-01,17180.0,6520.0,309633.0,271014.0,952096.0,781049.0,-2461.0,458534.0,413426.0,7048.0,12264.0,18176.0,34100.0,18176.0,5932.0,135365.0,1400.0,327182.0,74804.0,125145.0,46914.0,208260.0,23816.0,94516.0,-171046.0,-212524.0,188.0,-167209.0,86244.0,353018.0,4922.0,-3838.0,20776.0,1416.0,57736.0,46364.0,323206.0,186228.0,12482.666666666666,1000093.0,787569.0
1985-04-01,19572.0,6080.0,316553.0,274991.0,966688.0,745285.0,-1433.0,411414.0,416327.0,12804.0,11696.0,18160.0,33956.0,18160.0,11636.0,137369.0,1421.0,328126.0,75337.0,130753.0,47509.0,213144.0,24616.0,96216.0,-221402.0,-269240.0,-192.0,-221069.0,88201.0,307582.0,4733.0,-333.0,20664.0,1848.0,56332.0,45652.0,324154.0,191192.0,12929.333333333334,1020605.0,751365.0
1985-07-01,20188.0,6728.0,326232.0,279722.0,984669.0,784058.0,-1287.0,449822.0,422905.0,7252.0,12020.0,17524.0,34768.0,17524.0,6028.0,139761.0,1424.0,331602.0,76431.0,136879.0,48549.0,214520.0,26564.0,97405.0,-200612.0,-249022.0,-4524.0,-201685.0,91303.0,340030.0,4461.0,1074.0,21012.0,2176.0,60828.0,46788.0,327538.0,192224.0,13744.0,1039807.0,790786.0
1985-10-01,21320.0,6164.0,329101.0,285909.0,996430.0,792513.0,-1314.0,451882.0,426605.0,7280.0,12652.0,17324.0,32752.0,17324.0,6008.0,142863.0,1455.0,332610.0,78103.0,137340.0,48756.0,219044.0,27312.0,99747.0,-203917.0,-256386.0,-280.0,-210346.0,93995.0,345182.0,4120.0,6429.0,21680.0,2316.0,58980.0,45404.0,328510.0,196708.0,14109.333333333334,1055063.0,798677.0
1986-01-01,19840.0,6628.0,328958.0,292670.0,1007454.0,800950.0,-919.0,450793.0,433140.0,7308.0,12840.0,18740.0,31652.0,18740.0,6152.0,146185.5,1454.0,342653.0,79739.0,135007.0,51098.0,222568.0,28732.0,100937.0,-206504.0,-253751.0,-36.0,-211230.0,90487.0,341825.0,3626.0,4726.0,22788.0,1468.0,63008.0,44492.0,338329.0,199104.0,12845.333333333334,1061329.0,807578.0
1986-04-01,20664.0,6956.0,339450.0,296076.0,1033105.0,805141.0,-674.0,452337.0,445503.0,7536.0,13432.0,17932.0,29484.0,17932.0,6336.0,147915.5,1445.0,346285.0,83790.0,138351.0,49867.0,224276.0,28600.0,102870.0,-227964.0,-269720.0,-7432.0,-232936.0,99218.0,344405.0,3335.0,4972.0,23876.0,1584.0,63432.0,42916.0,341993.0,201176.0,14273.333333333334,1081818.0,812097.0
1986-07-01,21392.0,7372.0,347610.0,300811.0,1052329.0,819983.0,-538.0,462097.0,454863.0,6708.0,14348.0,17300.0,29468.0,17300.0,5460.0,150304.5,1450.0,351945.0,86670.0,147447.0,50905.0,224708.0,30480.0,104397.0,-232345.0,-289407.0,-8.0,-236717.0,102918.0,351973.0,3125.0,4371.0,25148.0,1748.0,64560.0,43816.0,347797.0,201216.0,14629.333333333334,1116762.0,827355.0
1986-10-01,18428.0,6928.0,343065.0,306175.0,1042504.0,845559.0,-220.0,482909.0,447631.0,8892.0,14168.0,17244.0,29400.0,17244.0,7224.0,153192.5,1459.0,353761.0,79502.0,146742.0,47802.0,225264.0,27556.0,106147.0,-196945.0,-244421.0,-4620.0,-205301.0,93870.0,364201.0,3002.0,8355.0,26544.0,2052.0,73088.0,43568.0,348933.0,201944.0,14172.0,1096907.0,852487.0
1987-01-01,18888.0,7468.0,344609.0,310656.0,1045149.0,847588.0,190.0,480364.0,445540.0,9620.0,14900.0,17164.0,29228.0,17164.0,7928.0,155440.5,1467.0,357785.0,76895.0,147528.0,46758.0,226988.0,26476.0,107701.0,-197561.0,-248804.0,-4.0,-207493.0,87755.0,358341.0,3118.0,9932.0,28012.0,1860.0,76035.0,44128.0,353553.0,202924.0,13052.0,1103860.0,855056.0
1987-04-01,19696.0,7248.0,348296.0,314489.0,1061117.0,917117.0,-145.0,545316.0,453509.0,10772.0,15872.0,17672.0,29964.0,17672.0,8944.0,157410.0,1496.0,361801.0,80180.0,152899.0,46685.0,229136.0,25924.0,109095.0,-144000.0,-200063.0,-188.0,-154589.0,91708.0,410213.0,3089.0,10589.0,30176.0,2000.0,87267.0,45836.0,357585.0,204980.0,13300.0,1124428.0,924365.0
1987-07-01,18972.0,7512.0,348735.0,318982.0,1064747.0,909120.0,-642.0,534536.0,451829.0,10136.0,15448.0,18024.0,30964.0,18024.0,7848.0,159862.5,1545.0,362217.0,78228.0,155378.0,46108.0,233152.0,25028.0,110871.0,-155627.0,-210771.0,-824.0,-170838.0,89612.0,394853.0,3056.0,15210.0,31032.0,1924.0,91347.0,46412.0,357893.0,209660.0,13066.666666666666,1127403.0,916632.0
1987-10-01,18840.0,6604.0,359727.0,325597.0,1089898.0,924141.0,-1398.0,545447.0,459379.0,10296.0,15912.0,18096.0,31472.0,18096.0,7988.0,163157.0,1591.0,364065.0,78226.0,153969.0,44198.0,239984.0,23092.0,112760.0,-165757.0,-218466.0,-736.0,-187689.0,95314.0,408541.0,3010.0,21933.0,30808.0,2376.0,87146.0,47384.0,359717.0,215280.0,15380.0,1149211.0,930745.0
1988-01-01,19108.0,7156.0,358357.0,344692.0,1107967.0,941345.0,-2049.0,538868.0,475442.0,8984.0,16316.0,16740.0,33248.0,16740.0,6444.0,172800.5,1631.0,379517.0,84105.0,147424.0,50850.0,244124.0,31108.0,115647.0,-166622.0,-210532.0,180.0,-196182.0,95925.0,402645.0,3002.0,29560.0,30044.0,2124.0,84535.0,49564.0,375041.0,217968.0,14150.666666666666,1159032.0,948501.0
1988-04-01,19968.0,6916.0,359379.0,351688.0,1108813.0,950149.0,1457.0,542697.0,475331.0,9228.0,16144.0,16628.0,33172.0,16628.0,6324.0,176460.5,1671.0,380641.0,84114.0,147561.0,45080.0,244608.0,25648.0,117896.0,-158664.0,-203808.0,2428.0,-195580.0,94690.0,400585.0,2804.0,36916.0,29496.0,2748.0,90048.0,49316.0,376093.0,216452.0,14426.666666666666,1160874.0,957065.0
1988-07-01,20524.0,8212.0,359940.0,357692.0,1120902.0,967626.0,1478.0,552924.0,483230.0,9864.0,16460.0,17532.0,33780.0,17532.0,6932.0,179463.5,1697.0,383949.0,87037.0,147459.0,45668.0,248860.0,25404.0,119942.0,-153276.0,-190724.0,-2380.0,-194828.0,99281.0,402529.0,2732.0,41552.0,28872.0,2392.0,97763.0,50240.0,379341.0,218972.0,15580.0,1166562.0,975838.0
1988-10-01,19416.0,8288.0,376126.0,365044.0,1151873.0,990606.0,1741.0,564743.0,493491.0,10352.0,16728.0,18556.0,33460.0,18556.0,7412.0,183143.5,1697.0,387665.0,87690.0,149513.0,48725.0,254068.0,27416.0,122172.0,-161267.0,-198884.0,-852.0,-209204.0,105826.0,409621.0,2753.0,47936.0,28188.0,2232.0,102702.0,50188.0,382977.0,223248.0,17881.333333333332,1197778.0,998894.0
1989-01-01,20324.0,8120.0,370465.0,370937.0,1171136.0,1031053.0,1142.0,598209.0,509859.0,10860.0,17044.0,21184.0,33772.0,21184.0,7904.0,186115.0,1663.0,408783.0,88736.0,149391.0,49905.0,263236.0,25892.0,123986.0,-140083.0,-177816.0,124.0,-179512.0,101076.0,439507.0,2829.0,39429.0,27576.0,3000.0,104886.0,50816.0,403927.0,229632.0,16933.333333333332,1216989.0,1039173.0
1989-04-01,20080.0,9116.0,384941.0,375429.0,1194208.0,1032695.0,862.0,594565.0,512995.0,11252.0,17520.0,22064.0,31716.0,22064.0,8220.0,188390.5,1680.0,413227.0,89128.0,149387.0,50588.0,269260.0,25596.0,125804.0,-161513.0,-194512.0,-1548.0,-203401.0,99768.0,448427.0,2928.0,41889.0,27012.0,2464.0,94438.0,49236.0,408343.0,235016.0,16589.333333333332,1236323.0,1041811.0
1989-07-01,18976.0,8784.0,386374.0,379849.0,1212452.0,1046881.0,998.0,601420.0,527969.0,12544.0,17748.0,21488.0,32292.0,21488.0,9416.0,190649.0,1679.0,418995.0,94962.0,155034.0,52070.0,271388.0,27540.0,127781.0,-165570.0,-202288.0,-728.0,-208723.0,108974.0,457067.0,3042.0,43153.0,26720.0,2736.0,91577.0,50040.0,413687.0,236160.0,18182.666666666668,1257953.0,1055665.0
1989-10-01,21464.0,9576.0,389758.0,385638.0,1229556.0,1059266.0,1267.0,610382.0,538143.0,12492.0,17612.0,21848.0,31260.0,21848.0,9264.0,193531.5,1802.0,426411.0,94536.0,151066.0,49487.0,274756.0,24492.0,129913.0,-170290.0,-202539.0,-792.0,-216144.0,111732.0,467379.0,3147.0,45854.0,26900.0,2760.0,91371.0,48872.0,420931.0,239668.0,19254.666666666668,1271381.0,1068842.0
1990-01-01,22280.0,9684.0,397552.0,393980.0,1261251.0,1062617.0,-1045.0,607186.0,556627.0,12120.0,17668.0,22572.0,32608.0,22572.0,8856.0,197685.0,1874.0,443404.0,99915.0,156129.0,50376.0,280316.0,24524.0,131023.0,-198634.0,-235904.0,-432.0,-239342.0,113223.0,463172.0,3280.0,40708.0,26756.0,2688.0,91050.0,50276.0,437452.0,244864.0,18237.333333333332,1308205.0,1072301.0
1990-04-01,20336.0,14644.0,405557.0,398959.0,1287513.0,1079516.0,-2552.0,620340.0,570360.0,12504.0,17812.0,23208.0,32952.0,23208.0,9144.0,200181.0,1958.0,449576.0,103196.0,158378.0,50265.0,285016.0,23632.0,132418.0,-207997.0,-238289.0,-1360.0,-249328.0,120784.0,472028.0,3425.0,41331.0,26580.0,2888.0,94660.0,50764.0,443356.0,249268.0,19852.0,1332449.0,1094160.0
1990-07-01,20664.0,11320.0,402067.0,406368.0,1297056.0,1097485.0,-2562.0,628133.0,575221.0,13436.0,17476.0,24688.0,33656.0,24688.0,9968.0,203913.5,2009.0,454184.0,105489.0,160168.0,52110.0,293212.0,23852.0,134441.0,-199571.0,-233206.0,-1436.0,-245127.0,121037.0,477004.0,3570.0,45556.0,26556.0,3040.0,96957.0,51132.0,447872.0,257056.0,19338.666666666668,1342011.0,1108805.0
1990-10-01,49540.0,10740.0,411504.0,408852.0,1317797.0,1110899.0,-3169.0,626593.0,582069.0,15176.0,17004.0,23964.0,34472.0,23964.0,11616.0,205192.5,2027.0,465568.0,108829.0,158151.0,63447.0,297640.0,35764.0,136097.0,-206898.0,-267856.0,104.0,-248558.0,116501.0,476232.0,3719.0,41660.0,26584.0,3504.0,95381.0,51476.0,459396.0,260732.0,16917.333333333332,1389495.0,1121639.0
1991-01-01,25992.0,11000.0,425295.0,412031.0,1281354.0,1095589.0,-269.0,613433.0,528442.0,16548.0,16548.0,21480.0,43156.0,21480.0,12836.0,206860.0,2023.0,487124.0,115626.0,156076.0,53846.0,300884.0,28568.0,138201.0,-185764.0,-218783.0,152.0,-211056.0,41318.0,459568.0,3798.0,25291.0,26732.0,2664.0,91497.0,59704.0,481012.0,263832.0,-10381.333333333334,1325372.0,1106589.0
1991-04-01,22180.0,10364.0,426464.0,418283.0,1345598.0,1100960.0,1983.0,612927.0,588210.0,16936.0,16160.0,20784.0,45164.0,20784.0,13088.0,210045.0,2041.0,497272.0,120538.0,160180.0,50830.0,304124.0,26232.0,139452.0,-244638.0,-277330.0,148.0,-268501.0,90938.0,461448.0,3814.0,23863.0,26800.0,2688.0,87467.0,61324.0,491288.0,267928.0,4193.333333333333,1388654.0,1111324.0
1991-07-01,37068.0,11848.0,428387.0,423726.0,1384626.0,1111369.0,2625.0,616693.0,624771.0,17476.0,16736.0,20520.0,45092.0,20520.0,13560.0,212789.0,2064.0,501056.0,127031.0,157937.0,50849.0,304380.0,26568.0,141114.0,-273257.0,-315436.0,136.0,-300123.0,123715.0,464132.0,3761.0,26866.0,27088.0,2564.0,88169.0,61828.0,495124.0,268152.0,12948.0,1438653.0,1123217.0
1991-10-01,20788.0,10788.0,424403.0,428412.0,1413344.0,1123376.0,4156.0,625410.0,653213.0,17788.0,17900.0,20328.0,46304.0,20328.0,13732.0,215198.0,2072.0,515596.0,132893.0,153003.0,47610.0,308044.0,23628.0,141617.0,-289968.0,-311514.0,160.0,-312324.0,137617.0,469212.0,3654.0,22356.0,27684.0,2492.0,89502.0,64204.0,508536.0,273244.0,15528.0,1445678.0,1134164.0
1992-01-01,21568.0,11216.0,425612.0,439885.0,1458390.0,1132752.0,3850.0,627451.0,698166.0,17480.0,17700.0,17772.0,45940.0,17772.0,13488.0,220880.0,2117.0,545643.0,136179.0,154720.0,44086.0,306436.0,22820.0,141807.0,-325638.0,-349111.0,208.0,-334907.0,152523.0,461343.0,3494.0,9269.0,28176.0,2652.0,99816.0,63640.0,539955.0,272060.0,18802.666666666668,1493079.0,1143968.0
1992-04-01,23188.0,10460.0,424867.0,445133.0,1476444.0,1147780.0,4387.0,637932.0,714833.0,17264.0,17988.0,17380.0,45076.0,17380.0,13168.0,223547.0,2135.0,557455.0,139022.0,156037.0,43064.0,307912.0,22252.0,142709.0,-328664.0,-354927.0,208.0,-334269.0,157378.0,470239.0,3432.0,5605.0,28832.0,2604.0,102025.0,63064.0,550499.0,273540.0,19894.666666666668,1513167.0,1158240.0
1992-07-01,22460.0,11532.0,437285.0,447907.0,1498726.0,1154549.0,4964.0,642804.0,723757.0,17644.0,18680.0,16232.0,43180.0,16232.0,13500.0,224961.5,2128.0,561819.0,145046.0,156915.0,41230.0,307676.0,21568.0,143412.0,-344177.0,-368788.0,180.0,-350756.0,161938.0,479431.0,3430.0,6579.0,30008.0,2592.0,98921.0,61860.0,555503.0,273368.0,19172.0,1534869.0,1166081.0
1992-10-01,23236.0,11916.0,440473.0,442935.0,1521869.0,1182333.0,3278.0,673510.0,744088.0,21288.0,18940.0,15712.0,45676.0,15712.0,17108.0,222473.5,2168.0,566999.0,146477.0,157904.0,41323.0,305524.0,22132.0,145144.0,-339535.0,-363776.0,160.0,-339254.0,177089.0,498975.0,3479.0,-281.0,31784.0,2704.0,107215.0,64616.0,561059.0,271492.0,23528.0,1558025.0,1194249.0
1993-01-01,24380.0,11936.0,427837.0,462113.0,1522365.0,1184875.0,2161.0,656938.0,748668.0,20064.0,18680.0,16412.0,43540.0,16412.0,15032.0,232502.5,2140.0,583294.0,148778.0,152452.0,43598.0,310764.0,23577.0,146065.0,-337490.0,-356545.0,224.0,-342103.0,165374.0,480339.0,3609.0,4613.0,35096.0,2844.0,111535.0,62220.0,577642.0,276792.0,18740.0,1553356.0,1196811.0
1993-04-01,22632.0,12628.0,425396.0,462364.0,1532659.0,1223883.0,3921.0,694565.0,758219.0,19796.0,20200.0,15968.0,44556.0,15968.0,14788.0,232592.0,2189.0,588338.0,151381.0,151340.0,43236.0,311852.0,23571.0,146464.0,-308776.0,-323812.0,156.0,-310008.0,169881.0,505254.0,3697.0,1232.0,37192.0,2640.0,121915.0,64756.0,582002.0,278020.0,19556.0,1560323.0,1236511.0
1993-07-01,25284.0,12784.0,430681.0,466793.0,1550905.0,1232038.0,3601.0,699151.0,770392.0,19760.0,20444.0,15740.0,44916.0,15740.0,14760.0,234773.0,2248.0,592070.0,157214.0,148060.0,42732.0,312504.0,23205.0,146864.0,-318868.0,-332663.0,100.0,-320893.0,178322.0,515625.0,3787.0,2025.0,37328.0,2708.0,115458.0,65360.0,585686.0,277848.0,20716.0,1577485.0,1244822.0
1993-10-01,24920.0,14264.0,434042.0,470797.0,1572369.0,1283357.0,4139.0,746417.0,792035.0,20996.0,19916.0,15828.0,53180.0,15828.0,15868.0,236809.0,2308.0,595994.0,165477.0,150867.0,41008.0,310636.0,21243.0,148717.0,-289012.0,-301954.0,136.0,-292161.0,196041.0,529534.0,3937.0,3149.0,35656.0,2768.0,141019.0,73096.0,589570.0,276440.0,23728.0,1599575.0,1297621.0
1994-01-01,23772.0,15332.0,425463.0,485839.0,1552960.0,1283869.0,4770.0,727521.0,785044.0,22720.0,20584.0,18616.0,54879.0,18616.0,17316.0,244442.0,2359.0,608392.0,162396.0,141584.0,43018.0,309236.0,20472.0,149004.0,-269091.0,-270042.0,-68.0,-279122.0,176652.0,526741.0,3931.0,10031.0,33216.0,2956.0,122361.0,75463.0,601752.0,275176.0,18318.666666666668,1569243.0,1299201.0
1994-04-01,27540.0,16184.0,425246.0,492977.0,1567862.0,1329298.0,4456.0,767039.0,793960.0,21524.0,21264.0,19492.0,57379.0,19492.0,15916.0,248069.0,2447.0,612876.0,164912.0,144128.0,43302.0,316624.0,20022.0,149888.0,-238564.0,-243223.0,-936.0,-252113.0,181084.0,555921.0,3788.0,13549.0,32032.0,3188.0,129287.0,78643.0,606152.0,281852.0,19222.666666666668,1588706.0,1345482.0
1994-07-01,26200.0,14480.0,437075.0,499042.0,1596722.0,1339921.0,4006.0,770302.0,804046.0,22044.0,22016.0,20908.0,58471.0,20908.0,16300.0,251118.5,2549.0,616784.0,167274.0,149443.0,44528.0,323992.0,20110.0,150490.0,-256801.0,-268882.0,1408.0,-274106.0,187262.0,544221.0,3509.0,17306.0,31608.0,3176.0,142417.0,80487.0,609972.0,287748.0,21014.666666666668,1623282.0,1354401.0
1994-10-01,26676.0,14436.0,429507.0,506751.0,1622331.0,1364292.0,2928.0,788991.0,827440.0,20076.0,21904.0,22864.0,59447.0,22864.0,14260.0,254986.5,2594.0,625256.0,172812.0,146289.0,45546.0,333508.0,19685.0,151938.0,-258039.0,-264522.0,-108.0,-278258.0,202184.0,553445.0,2997.0,20219.0,31876.0,3248.0,150947.0,81351.0,618128.0,293164.0,25614.666666666668,1643250.0,1378728.0
1995-01-01,27948.0,14280.0,428942.0,514196.0,1642508.0,1388068.0,6062.0,803103.0,835561.0,18868.0,19992.0,22824.0,56578.0,22824.0,12980.0,258709.0,2666.0,643696.0,175585.0,150124.0,45839.0,344356.0,20180.0,153124.0,-254439.0,-264943.0,-164.0,-270584.0,191865.0,567680.0,2835.0,16144.0,33648.0,3600.0,155253.0,76570.0,637580.0,303724.0,21009.333333333332,1667291.0,1402348.0
1995-04-01,28236.0,14008.0,431908.0,518955.0,1659406.0,1416403.0,5031.0,826947.0,841154.0,17860.0,19976.0,23752.0,55750.0,23752.0,11824.0,261146.0,2699.0,651904.0,174798.0,149102.0,47611.0,352040.0,21134.0,153416.0,-243004.0,-250145.0,-2772.0,-257026.0,189250.0,594377.0,2724.0,14023.0,34304.0,3708.0,153136.0,75726.0,644924.0,306072.0,22466.666666666668,1680556.0,1430411.0
1995-07-01,28420.0,15512.0,432233.0,524600.0,1670844.0,1423846.0,4737.0,830271.0,848139.0,17128.0,19628.0,23640.0,55806.0,23640.0,10876.0,264070.5,2712.0,657032.0,175831.0,147104.0,47109.0,355632.0,20310.0,153797.0,-246999.0,-224865.0,-28348.0,-262519.0,191107.0,591549.0,3160.0,15520.0,34840.0,4168.0,159120.0,75434.0,650032.0,305684.0,24074.666666666668,1664223.0,1439358.0
1995-10-01,26996.0,15992.0,422809.0,529860.0,1665404.0,1441408.0,4366.0,842468.0,850103.0,16288.0,19680.0,23340.0,54802.0,23340.0,9768.0,266823.0,2735.0,662904.0,171691.0,144506.0,48426.0,357276.0,21928.0,153775.0,-223996.0,-225299.0,-432.0,-240448.0,187199.0,607583.0,3158.0,16452.0,35216.0,4188.0,156215.0,74482.0,655828.0,305476.0,24794.666666666668,1682700.0,1457400.0
1996-01-01,29344.0,16192.0,424084.0,532932.0,1701217.0,1476422.0,4120.0,875999.0,882814.0,16980.0,20148.0,19928.0,52497.0,19928.0,10184.0,268490.0,2749.0,682623.0,177147.0,155745.0,46391.0,359124.0,22599.0,154018.0,-224795.0,-238502.0,-1172.0,-230480.0,200191.0,636390.0,3864.0,5684.0,35196.0,4604.0,162360.0,72645.0,674991.0,305724.0,28025.333333333332,1731116.0,1492614.0
1996-04-01,28100.0,17444.0,430224.0,541721.0,1711469.0,1531314.0,3944.0,921580.0,888913.0,17908.0,19364.0,19992.0,51813.0,19992.0,10848.0,273012.0,2756.0,688159.0,185470.0,151918.0,46161.0,357216.0,22238.0,153593.0,-180155.0,-188436.0,-700.0,-190280.0,200754.0,673639.0,3931.0,10125.0,35116.0,4840.0,171925.0,71177.0,680667.0,302184.0,25936.0,1737194.0,1548758.0
1996-07-01,27312.0,18432.0,428780.0,549488.0,1715062.0,1544427.0,4698.0,923880.0,890254.0,18768.0,19700.0,20064.0,52001.0,20064.0,11464.0,277012.0,2768.0,691311.0,182879.0,148976.0,47593.0,361172.0,23126.0,153936.0,-170635.0,-172914.0,-1640.0,-186415.0,198943.0,674219.0,4403.0,15780.0,34856.0,5384.0,172576.0,71701.0,683711.0,304688.0,26716.0,1735773.0,1562859.0
1996-10-01,28924.0,17888.0,434351.0,557511.0,1735168.0,1593223.0,5076.0,946372.0,903933.0,37252.0,17672.0,20348.0,58221.0,20348.0,29736.0,281074.0,2879.0,696483.0,180330.0,142562.0,47011.0,362440.0,22429.0,153117.0,-141945.0,-126798.0,-15628.0,-161632.0,207450.0,689392.0,4235.0,19687.0,34444.0,5792.0,175295.0,75893.0,688911.0,300300.0,32277.333333333332,1737909.0,1611111.0
1997-01-01,28620.0,19584.0,430183.0,566012.0,1736733.0,1615265.0,5349.0,978033.0,910398.0,19232.0,18976.0,20016.0,52989.0,20016.0,11532.0,285387.0,2938.0,712248.0,184594.0,140522.0,46639.0,362184.0,22045.0,153552.0,-121468.0,-116202.0,-1272.0,-139165.0,198150.0,724327.0,4578.0,17696.0,33968.0,4836.0,176905.0,71965.0,704464.0,296168.0,29118.666666666668,1751051.0,1634849.0
1997-04-01,29516.0,20020.0,444505.0,573969.0,1755842.0,1651819.0,6755.0,1004394.0,913353.0,19768.0,20424.0,20464.0,59289.0,20464.0,11904.0,289423.5,2986.0,715512.0,184233.0,142676.0,46933.0,364768.0,22030.0,154572.0,-104023.0,-73978.0,-27644.0,-127424.0,197841.0,739297.0,4439.0,23401.0,33216.0,4912.0,180472.0,79713.0,707548.0,295808.0,30177.333333333332,1745817.0,1671839.0
1997-07-01,29684.0,21000.0,439072.0,582932.0,1757977.0,1689431.0,6847.0,1032495.0,918845.0,20756.0,19808.0,20868.0,60141.0,20868.0,12760.0,293939.0,3050.0,716960.0,187473.0,146975.0,46400.0,367076.0,20873.0,154530.0,-68547.0,-65575.0,-4100.0,-100191.0,201885.0,757034.0,4659.0,31644.0,32984.0,5056.0,190457.0,79949.0,709184.0,296048.0,31072.0,1776006.0,1710431.0
1997-10-01,29036.0,21652.0,444514.0,594814.0,1786848.0,1713033.0,7342.0,1045441.0,940634.0,20500.0,19260.0,21288.0,60461.0,21288.0,12380.0,299926.0,3082.0,718120.0,196266.0,144710.0,44936.0,368372.0,19239.0,154565.0,-73815.0,-69157.0,-2188.0,-116430.0,222514.0,778630.0,4409.0,42614.0,33328.0,5580.0,181510.0,79721.0,710244.0,295608.0,35629.333333333336,1803842.0,1734685.0
1998-01-01,27280.0,23672.0,427742.0,602842.0,1768790.0,1744269.0,7972.0,1063588.0,939356.0,20904.0,19400.0,26368.0,59174.0,26368.0,12572.0,304056.5,3061.0,727885.0,197347.0,144422.0,48963.0,368336.0,18143.0,154217.0,-24521.0,-15350.0,-2984.0,-33517.5,211471.0,800573.0,4452.0,43422.0,33356.0,4764.0,178769.0,79482.0,719697.0,295976.0,31557.333333333332,1783291.0,1767941.0
1998-04-01,27548.0,25016.0,440276.0,612303.0,1781911.0,1771548.0,8019.0,1081512.0,939431.0,21456.0,19556.0,26552.0,59646.0,26552.0,12868.0,308903.5,3084.0,728953.0,197010.0,146789.0,48258.0,367648.0,17648.0,155463.0,-10363.0,6935.0,-11156.0,-31327.0,210478.0,820909.0,4058.0,53199.0,34556.0,5096.0,175397.0,80110.0,720665.0,294852.0,31517.333333333332,1789629.0,1796564.0
1998-07-01,29392.0,25484.0,436261.0,622233.0,1788538.0,1808447.0,7769.0,1108773.0,949733.0,21612.0,19840.0,26760.0,60714.0,26760.0,12716.0,314011.0,3107.0,731597.0,201788.0,152369.0,48059.0,366204.0,16943.0,155570.0,19908.0,27702.0,-8500.0,-20548.0,218136.0,841613.0,4356.0,61913.0,36340.0,5580.0,180118.0,81462.0,723465.0,294408.0,32092.0,1806229.0,1833931.0
1998-10-01,31484.0,26464.0,447076.0,632231.0,1814518.0,1835085.0,6441.0,1127159.0,967918.0,21892.0,19548.0,26564.0,61282.0,26564.0,12616.0,319175.5,3156.0,732941.0,207049.0,147127.0,47363.0,360088.0,16822.0,156388.0,20567.0,26269.0,-1460.0,-26357.5,234977.0,861701.0,3976.0,74191.0,39436.0,7280.0,176440.0,81738.0,724717.0,288704.0,35845.333333333336,1835281.0,1861549.0
1999-01-01,29153.0,27448.0,444843.0,643462.0,1811988.0,1860002.0,7846.0,1142659.0,972521.0,21884.0,18216.0,24000.0,62098.0,24000.0,12368.0,324897.5,1591.5,744050.0,214719.0,150298.0,44152.0,352596.0,16519.0,156568.0,48014.0,52846.0,-268.0,-15821.5,228471.0,869780.0,3633.0,80630.0,42028.0,5566.0,186026.0,81287.0,735530.0,282520.0,30782.666666666668,1834604.0,1887450.0
1999-04-01,33903.0,28632.0,445723.0,649267.0,1816961.0,1885184.0,7368.0,1158005.0,974490.0,25788.0,17856.0,24596.0,62810.0,24596.0,12460.0,327881.5,3416.0,747182.0,211806.0,153523.0,44756.0,352141.0,16403.0,157534.0,68222.0,67779.0,-816.0,-8772.0,227308.0,885759.0,3757.0,86739.0,44608.0,6187.0,184420.0,81639.0,738630.0,284250.0,30648.0,1846037.0,1913816.0
1999-07-01,35939.0,28344.0,458379.0,656729.0,1843205.0,1914862.0,7171.0,1182148.0,987733.0,22942.0,19708.0,25348.0,63086.0,25348.0,11936.0,331655.0,2212.5,749822.0,223124.0,155779.0,45873.0,351073.0,16356.0,158290.0,71658.0,70010.0,-3436.0,-10991.5,237911.0,904174.0,4169.0,94613.0,46020.0,6524.0,187683.0,83767.0,741090.0,285230.0,29787.333333333332,1873197.0,1943206.0
1999-10-01,56318.0,30656.0,474513.0,669846.0,1875154.0,1963756.0,6425.0,1215337.0,1001252.0,23108.0,20948.0,27696.0,65114.0,27696.0,13000.0,338290.0,1687.0,753286.0,226970.0,159832.0,49039.0,352925.0,16866.0,160218.0,88602.0,63675.0,-348.0,-8687.5,247966.0,929997.0,4478.0,106950.0,46464.0,6205.0,192100.0,87035.0,744162.0,288231.0,31604.666666666668,1930737.0,1994412.0
2000-01-01,37996.0,28292.0,462475.0,689432.0,1866308.0,2041764.0,6897.0,1272073.0,1004428.0,25074.0,19952.0,24668.0,65167.0,24668.0,12868.0,348174.5,2644.5,765501.0,224473.0,156893.0,48287.0,354822.0,18560.0,162048.0,175456.0,171254.0,-348.0,29935.5,238927.0,976600.0,5058.0,116588.0,44584.0,7144.0,202205.0,86123.0,756821.0,290219.0,29245.666666666668,1898802.0,2070056.0
2000-04-01,37869.0,28400.0,484199.0,691507.0,1908645.0,2056279.0,6844.0,1284187.0,1025382.0,24097.0,21960.0,24964.0,65415.0,24964.0,13332.0,349308.5,1827.5,781617.0,227390.0,156980.0,49644.0,354109.0,19324.0,162838.0,147634.0,144519.0,-496.0,21105.5,243765.0,986850.0,5356.0,106427.0,44956.0,7907.0,201051.0,88379.0,772861.0,287773.0,30489.0,1940160.0,2084679.0
2000-07-01,39408.0,27916.0,477201.0,704159.0,1918617.0,2076268.0,4520.0,1291650.0,1043272.0,24935.0,21576.0,25648.0,64959.0,25648.0,13268.0,355710.0,2202.5,786413.0,239502.0,156349.0,51005.0,352877.0,18508.0,163736.0,157652.0,154719.0,-1172.0,20844.5,256859.0,1011116.0,6849.0,116967.0,45268.0,7425.0,185570.0,87539.0,777541.0,287935.0,30390.0,1949466.0,2104184.0
2000-10-01,49646.0,27796.0,478849.0,709186.0,1938796.0,2096796.0,3010.0,1306215.0,1060426.0,25624.0,21004.0,26096.0,64955.0,26096.0,13960.0,358294.5,2130.5,795821.0,241060.0,159331.0,52760.0,353105.0,18774.0,163858.0,157999.0,141159.0,-484.0,21564.5,264606.0,1023916.0,7890.0,115874.0,46416.0,7777.0,187559.0,86963.0,786545.0,288653.0,32424.666666666668,1983433.0,2124592.0
2001-01-01,40937.0,28488.0,493667.0,723414.0,1982626.0,2111058.0,3472.0,1301000.0,1096293.0,25281.0,21864.0,29760.0,64225.0,29760.0,13444.0,365301.0,2324.5,826884.0,253980.0,159610.0,57892.0,345479.0,19075.0,163975.0,128432.0,125016.0,-4668.0,12594.0,269409.0,1050987.0,9057.0,104226.0,47188.0,8002.0,154940.0,87071.0,817332.0,283034.0,29141.666666666668,2014531.0,2139546.0
2001-04-01,43769.0,30092.0,502766.0,723429.0,2003581.0,2098359.0,2733.0,1291202.0,1118408.0,25642.0,20584.0,27957.0,64773.0,27957.0,13704.0,365265.5,2418.5,840440.0,262211.0,163465.0,55353.0,334776.0,18332.0,164276.0,94778.0,82617.0,-704.0,209.0,277968.0,1048972.0,9064.0,95341.0,47632.0,7236.0,148655.0,86339.0,831040.0,274933.0,28333.333333333332,2045834.0,2128451.0
2001-07-01,44304.0,26348.0,510043.0,722041.0,2037703.0,1907679.0,2574.0,1104283.0,1134505.0,25488.0,19900.0,26403.0,62757.0,26403.0,14312.0,364567.0,2041.5,859044.0,258466.0,164404.0,53294.0,326826.0,18058.0,164750.0,-130023.0,-147205.0,-428.0,-104513.0,275461.0,881709.0,8833.0,79985.0,66328.0,7990.0,130945.0,83639.0,849432.0,271620.0,27271.0,2081232.0,1934027.0
2001-10-01,45253.0,26876.0,518999.0,724165.0,2045404.0,2012375.0,2414.0,1210806.0,1165504.0,26497.0,20196.0,24236.0,62905.0,24236.0,14704.0,365641.0,2337.5,875864.0,270372.0,167893.0,48494.0,317821.0,17644.0,164790.0,-33029.0,-54509.0,0.0,-51589.5,289640.0,1002447.0,6614.0,71133.0,43080.0,8491.0,115785.0,84083.0,865236.0,264748.0,27656.333333333332,2093760.0,2039251.0
2002-01-01,59580.0,26856.0,540411.0,731957.0,2091469.0,1865637.0,4078.0,1055567.0,1205384.0,26064.0,18857.0,25288.0,64832.0,25288.0,14937.0,369540.0,2002.0,904766.0,277331.0,173621.0,47971.0,304931.0,16013.0,165476.0,-225832.0,-266781.0,79.0,-142747.5,300617.0,847798.0,6670.0,60650.0,40744.0,7568.0,115523.0,84677.0,895005.0,254237.0,27913.666666666668,2159274.0,1892493.0
2002-04-01,47196.0,25092.0,554830.0,739888.0,2130186.0,1868032.0,4587.0,1051808.0,1234163.0,24880.0,19813.0,25307.0,66501.0,25307.0,13556.0,373469.5,2136.5,930767.0,285734.0,179928.0,46869.0,301958.0,15113.0,166171.0,-262154.0,-298078.0,64.0,-153438.5,303397.0,836653.0,6449.0,45722.0,39235.0,7968.0,119873.0,87313.0,921040.0,252206.0,25714.0,2191203.0,1893124.0
2002-07-01,43230.0,26408.0,562073.0,742024.0,2148447.0,1869778.0,9364.0,1047885.0,1246530.0,24225.0,20564.0,24299.0,66445.0,24299.0,12858.0,374497.5,2198.0,934950.0,294331.0,186278.0,46281.0,300190.0,15383.0,167225.0,-278668.0,-314042.0,-501.0,-161668.0,311581.0,825298.0,6599.0,45683.0,39654.0,8069.0,126493.0,88024.0,925166.0,250989.0,25411.666666666668,2210228.0,1896186.0
2002-10-01,63451.0,22852.0,586467.0,743831.0,2184697.0,1880098.0,9216.0,1057477.0,1257941.0,24715.0,20517.0,23086.0,65728.0,23086.0,13346.0,375341.0,2258.5,941139.0,297416.0,188779.0,44859.0,298006.0,15587.0,168393.0,-304599.0,-364835.0,-749.0,-173329.0,316803.0,819583.0,6187.0,43095.0,42282.0,8650.0,141963.0,87281.0,930775.0,247816.0,26646.666666666668,2267785.0,1902950.0
2003-01-01,65695.0,22524.0,602877.0,749106.0,2220262.0,1889816.0,7444.0,1062924.0,1279558.0,25528.0,21661.0,23785.0,67371.0,23785.0,14337.0,377969.5,2179.0,957651.0,299641.0,189848.0,44814.0,290794.0,15283.0,169697.0,-330445.0,-392997.0,-769.0,-184159.0,321907.0,803492.0,5746.0,38936.0,47033.0,7803.0,161534.0,90095.0,947675.0,241565.0,27157.0,2305337.0,1912340.0
2003-04-01,75466.0,20568.0,631570.0,758601.0,2299919.0,1912664.0,6737.0,1074610.0,1321232.0,25718.0,21307.0,22798.0,67668.0,22798.0,14295.0,382773.0,2238.5,974488.0,323261.0,194401.0,46998.0,290322.0,17081.0,171157.0,-387255.0,-464076.0,-1320.0,-210356.0,346744.0,812905.0,7119.0,34527.0,56795.0,10760.0,160900.0,90044.0,964252.0,243325.0,26905.666666666668,2397308.0,1933232.0
2003-07-01,71513.0,20772.0,636707.0,767210.0,2309622.0,1840186.0,6048.0,994708.0,1334334.0,25921.0,21461.0,21434.0,67062.0,21434.0,14468.0,387190.5,2140.5,984016.0,329604.0,196549.0,46299.0,291659.0,17639.0,173046.0,-469436.0,-542779.0,-901.0,-252495.0,350318.0,716500.0,7227.0,36613.0,46922.0,8319.0,180308.0,89580.0,973697.0,243593.0,26366.333333333332,2403737.0,1860958.0
2003-10-01,66401.0,24040.0,655270.0,778187.0,2344180.0,1941796.0,6294.0,1083214.0,1349659.0,27760.0,21404.0,20071.0,68679.0,20071.0,14767.0,392848.5,2741.5,995164.0,334314.0,199855.0,46340.0,294108.0,18260.0,175097.0,-402384.0,-469118.0,-385.0,-220650.0,354495.0,781627.0,8008.0,39943.0,45143.0,10088.0,200390.0,91110.0,984259.0,245654.0,26513.333333333332,2434954.0,1965836.0
2004-01-01,75300.0,23556.0,670723.0,790009.0,2381040.0,1952066.0,5614.0,1086156.0,1368564.0,28417.0,22432.0,17206.0,70744.0,17206.0,15397.0,399131.5,2382.5,1014321.0,327981.0,201077.0,41870.0,297882.0,16657.0,177340.0,-428974.0,-504023.0,-432.0,-156871.0,354243.0,773233.0,8007.0,42607.0,43870.0,9618.0,209161.0,94144.0,1003595.0,247569.0,29100.0,2479644.0,1975622.0
2004-04-01,65178.0,24192.0,678328.0,803473.0,2400400.0,2003483.0,5683.0,1122200.0,1379117.0,29456.0,23001.0,17196.0,70798.0,17196.0,15794.0,406046.5,2521.0,1024147.0,332840.0,206233.0,42671.0,299661.0,16811.0,179387.0,-396917.0,-463997.0,-752.0,-148841.66666666666,354970.0,792410.0,8664.0,50586.0,43293.0,9049.0,225965.0,94776.0,1013462.0,243757.0,29573.333333333332,2491672.0,2027675.0
2004-07-01,74720.0,26636.0,690508.0,818441.0,2428795.0,2062813.0,4760.0,1165545.0,1385117.0,30151.0,23511.0,18206.0,71360.0,18134.0,15864.0,413689.5,2675.5,1034943.0,328420.0,212001.0,43916.0,308159.0,17287.0,181235.0,-365981.0,-444268.0,-563.0,-140807.66666666666,350174.0,816678.0,8423.0,57557.0,45011.0,8496.0,244456.0,95915.0,1024057.0,249604.0,30398.0,2533718.0,2089449.0
2004-10-01,70233.0,24076.0,695257.0,823993.0,2476050.0,2093960.0,4433.0,1188485.0,1410511.0,30238.0,24188.0,19944.0,70861.0,19776.0,15333.0,416614.5,2834.5,1048722.0,340026.0,214365.0,46812.0,318386.0,17328.0,183979.0,-382090.0,-457847.0,-785.0,-144396.0,361789.0,829755.0,9540.0,52436.0,51896.0,13276.0,249235.0,96219.0,1036898.0,256515.0,31819.333333333332,2575883.0,2118036.0
2005-01-01,90614.0,24796.0,715447.0,837397.0,2548019.0,2242790.0,3006.0,1326264.0,1446804.0,30624.0,25045.0,18733.0,70886.0,18521.0,14889.0,423736.5,2829.5,1076319.0,341553.0,216379.0,45499.0,329407.0,17331.0,186709.0,-305229.0,-399813.0,-904.0,-116269.33333333333,370485.0,902901.0,9435.0,45059.0,56361.0,10873.0,315292.0,97198.0,1065263.0,262323.0,35690.666666666664,2667399.0,2267586.0
2005-04-01,75010.0,24212.0,718788.0,845974.0,2578686.0,2272008.0,2240.0,1343299.0,1455992.0,32501.0,25355.0,20878.0,74705.0,20638.0,15946.0,428148.5,3116.0,1087385.0,344823.0,220491.0,47995.0,343582.0,17471.0,189111.0,-306677.0,-387735.0,-1120.0,-116083.66666666667,368607.0,925849.0,9645.0,43184.0,60324.0,9960.0,306060.0,101430.0,1075958.0,272865.0,35309.0,2683956.0,2296220.0
2005-07-01,141471.0,25136.0,731610.0,859786.0,2617330.0,2316739.0,1178.0,1374911.0,1474879.0,31668.0,25544.0,21906.0,73412.0,21646.0,15757.0,435174.5,2673.5,1103733.0,342541.0,224783.0,49197.0,349228.0,17281.0,191665.0,-300591.0,-445921.0,-4124.0,-116507.0,371146.0,949527.0,10010.0,50583.0,61613.0,13118.0,311917.0,100348.0,1091843.0,276568.0,37718.0,2787796.0,2341875.0
2005-10-01,82896.0,25812.0,737250.0,870432.0,2649819.0,2387286.0,1688.0,1426819.0,1493429.0,35695.0,25397.0,25339.0,71938.0,25067.0,16452.0,440638.0,4199.0,1116384.0,345120.0,226399.0,52652.0,355282.0,17754.0,194654.0,-262532.0,-350349.0,-1012.0,-104677.66666666667,377044.0,970589.0,9560.0,53108.0,63858.0,12867.0,344693.0,98670.0,1104429.0,278442.0,40239.666666666664,2763447.0,2413098.0
2006-01-01,80532.0,31536.0,764861.0,895088.0,2728184.0,2482895.0,4224.0,1492519.0,1549757.0,35834.0,25928.0,26891.0,72001.0,26635.0,17470.0,453620.0,3106.0,1184853.0,339993.0,232206.0,55229.0,358209.0,17827.0,197403.0,-245289.0,-327643.0,-1445.0,-85750.33333333333,364904.0,1025547.0,10511.0,13409.0,55357.0,10646.0,357206.0,99120.0,1172707.0,277787.0,39160.0,2842074.0,2514431.0
2006-04-01,77531.0,26620.0,761129.0,900808.0,2749085.0,2518505.0,3202.0,1518932.0,1569368.0,36923.0,27157.0,29124.0,71247.0,28868.0,18103.0,456679.5,3135.0,1196315.0,341498.0,236035.0,58641.0,367415.0,18475.0,199969.0,-230580.0,-315989.0,-1569.0,-80031.33333333333,373053.0,1041176.0,11042.0,10867.0,51173.0,10991.0,367265.0,99500.0,1183994.0,281228.0,43354.666666666664,2861114.0,2545125.0
2006-07-01,74809.0,27108.0,762066.0,906186.0,2775712.0,2562861.0,2235.0,1557724.0,1587834.0,37318.0,27811.0,30956.0,71372.0,30700.0,18638.0,459577.0,2855.5,1206523.0,347881.0,233381.0,59399.0,376299.0,19301.0,202659.0,-212851.0,-288795.0,-2480.0,-73293.33333333333,381312.0,1060878.0,9142.0,8330.0,49513.0,11809.0,384807.0,100229.0,1194097.0,287809.0,44782.0,2878764.0,2589969.0
2006-10-01,73904.0,26068.0,774134.0,920646.0,2789906.0,2590850.0,2230.0,1569927.0,1580513.0,38059.0,25852.0,30257.0,71252.0,30005.0,19268.0,467010.0,2708.0,1218363.0,334692.0,240944.0,59989.0,386925.0,20687.0,205111.0,-199056.0,-231244.0,-51480.0,-70742.66666666667,362150.0,1095786.0,9045.0,14461.0,48333.0,21446.0,354554.0,98141.0,1205635.0,293296.0,44605.0,2848162.0,2616918.0
2007-01-01,90284.0,24608.0,776095.0,940949.0,2869326.0,2659486.0,1965.0,1606513.0,1649602.0,39950.0,28430.0,38614.0,64415.0,38394.0,19445.0,477706.0,3021.0,1253113.0,358389.0,241450.0,70109.0,396009.0,21826.0,208395.0,-209840.0,-306425.0,-2145.0,-72120.66666666667,396488.0,1146001.0,9669.0,7814.0,47619.0,12144.0,354450.0,93917.0,1240061.0,296817.0,50114.666666666664,2990519.0,2684094.0
2007-04-01,86456.0,26624.0,791806.0,943085.0,2905202.0,2674206.0,3424.0,1619091.0,1657962.0,39726.0,28229.0,36462.0,64409.0,36242.0,19654.0,478916.5,2662.0,1270013.0,359386.0,250647.0,68880.0,407914.0,22844.0,211245.0,-230996.0,-325153.0,-5077.0,-75702.66666666667,387949.0,1163932.0,9574.0,-2578.0,47521.0,13694.0,347737.0,93728.0,1256721.0,303329.0,48813.0,3025982.0,2700830.0
2007-07-01,86334.0,25880.0,806953.0,946742.0,2945721.0,2666732.0,4970.0,1602248.0,1677441.0,43236.0,28982.0,34690.0,65302.0,34470.0,19870.0,480843.5,4210.5,1283677.0,359758.0,251885.0,69535.0,414164.0,23091.0,214310.0,-278989.0,-376294.0,-723.0,-89381.33333333333,393764.0,1179259.0,11753.0,-9534.0,47163.0,12997.0,314617.0,95376.0,1270244.0,311166.0,50145.666666666664,3068906.0,2692612.0
2007-10-01,80448.0,28772.0,829096.0,958411.0,2991765.0,2672884.0,3342.0,1602775.0,1701338.0,42609.0,29531.0,29506.0,64872.0,29286.0,21771.0,486713.5,2911.0,1299715.0,358857.0,256166.0,65747.0,413825.0,22791.0,217266.0,-318881.0,-404069.0,-5389.0,-103018.0,401623.0,1194411.0,13450.0,-8531.0,47505.0,16727.0,296157.0,95479.0,1286336.0,308845.0,53708.333333333336,3105724.0,2701656.0
2008-01-01,87023.0,27112.0,852080.0,970186.0,3043522.0,2638949.0,3104.0,1551383.0,1740013.0,42535.0,29494.0,35413.0,62692.0,35201.0,22124.0,492413.5,2885.0,1335528.0,365747.0,259104.0,71740.0,403473.0,21712.0,221010.0,-404574.0,-491935.0,-10644.0,-126928.0,404484.0,1201739.0,14615.0,-22536.0,47957.0,14696.0,241721.0,93228.0,1321912.0,299238.0,52196.0,3157996.0,2666061.0
2008-04-01,81441.0,30224.0,875429.0,972319.0,3397452.0,2621006.0,2323.0,1528239.0,2084958.0,43716.0,29770.0,36909.0,64501.0,36697.0,22219.0,493500.0,3408.0,1676454.0,371468.0,271211.0,74409.0,388351.0,20968.0,224461.0,-776446.0,-852579.0,-21834.0,-246565.66666666666,408504.0,1191342.0,16532.0,-35523.0,48713.0,14499.0,227113.0,95285.0,1657029.0,284145.0,53556.0,3503809.0,2651230.0
2008-07-01,91170.0,26760.0,893869.0,977643.0,3194110.0,2574570.0,2386.0,1494271.0,1868240.0,43541.0,29272.0,20811.0,63458.0,20603.0,20969.0,496159.0,3948.5,1459417.0,368842.0,276369.0,56730.0,382152.0,21676.0,227710.0,-619539.0,-722790.0,-9818.0,-184546.66666666666,408823.0,1173670.0,14242.0,-64701.0,49849.0,15353.0,211528.0,93720.0,1445274.0,282447.0,51276.666666666664,3324120.0,2601330.0
2008-10-01,348579.0,28956.0,899707.0,977840.0,3192866.0,2493677.0,2576.0,1384171.0,1861714.0,63024.0,28436.0,35935.0,64309.0,34255.0,36768.0,496253.0,5795.0,1443347.0,378621.0,280073.0,66067.0,379614.0,20510.0,230255.0,-699189.0,-1029354.0,-39277.0,-201621.0,418367.0,1139774.0,9622.0,-91674.0,51830.0,23199.0,127480.0,93717.0,1428743.0,279369.0,51531.333333333336,3551987.0,2522633.0
2009-01-01,301168.0,23116.0,908724.0,945963.0,3322767.0,2222444.0,2372.0,1144195.0,1998817.0,64196.0,24353.0,34262.0,61369.0,21578.0,38185.0,480162.5,5824.0,1536980.0,421084.0,276507.0,65719.0,361869.0,23254.0,231330.0,-1100323.0,-1395790.0,-27760.0,-294822.0,461838.0,921233.0,8203.0,-202215.0,53357.0,13549.0,122734.0,86680.0,1521763.0,265518.0,50774.0,3641351.0,2245560.0
2009-04-01,226024.0,21540.0,932341.0,952555.0,3524671.0,2223824.0,2582.0,1102464.0,2185936.0,76870.0,22336.0,56529.0,70979.0,35569.0,55488.0,483485.5,3484.0,1664814.0,473900.0,281148.0,89352.0,352134.0,25487.0,232533.0,-1300847.0,-1549098.0,-4848.0,-345038.3333333333,521122.0,855509.0,7336.0,-243821.0,54260.0,13746.0,138944.0,94266.0,1648049.0,263721.0,50800.0,3794462.0,2245364.0
2009-07-01,144917.0,19744.0,943685.0,950272.0,3532903.0,2225501.0,2917.0,1104113.0,2173042.0,58574.0,21326.0,76492.0,69098.0,57460.0,38324.0,482435.5,2825.0,1650389.0,465350.0,284568.0,109625.0,350317.0,27359.0,233973.0,-1307402.0,-1481544.0,-1626.0,-338135.0,522652.0,841998.0,5774.0,-273014.0,65860.0,11338.0,159402.0,91375.0,1634478.0,265582.0,52649.333333333336,3726789.0,2245245.0
2009-10-01,178419.0,18044.0,967905.0,953862.0,3560619.0,2296492.0,1977.0,1143889.0,2184618.0,63096.0,24309.0,97417.0,67948.0,75113.0,39679.0,484370.5,4269.5,1669993.0,472144.0,288263.0,133667.0,353811.0,29484.0,236725.0,-1264126.0,-1474810.0,-1229.0,-317690.0,514625.0,847467.0,6766.0,-287794.0,54285.0,12437.0,190770.0,93215.0,1653906.0,268675.0,47901.333333333336,3789346.0,2314536.0
2010-01-01,164277.0,17540.0,986329.0,960645.0,3710548.0,2366132.0,1470.0,1213369.0,2310785.0,65126.0,26217.0,87000.0,65863.0,72056.0,41126.0,488218.0,4105.0,1769625.0,496198.0,292029.0,125521.0,360258.0,31810.0,239315.0,-1344417.0,-1543095.0,-774.0,-342751.3333333333,541160.0,903375.0,6711.0,-300247.0,53175.0,12231.0,204712.0,93053.0,1753492.0,272119.0,49744.666666666664,3926767.0,2383672.0
2010-04-01,195760.0,15784.0,1006424.0,971744.0,3745711.0,2420673.0,-305.0,1257379.0,2308986.0,65316.0,27856.0,86501.0,67550.0,70217.0,39471.0,493817.5,4977.5,1772074.0,492593.0,298625.0,126538.0,376930.0,32188.0,242530.0,-1325039.0,-1559381.0,-1729.0,-340023.6666666667,536912.0,935221.0,7849.0,-287698.0,53372.0,13604.0,212162.0,96392.0,1755667.0,285537.0,50706.0,3995838.0,2436457.0
2010-07-01,122451.0,14344.0,1006480.0,974640.0,3792438.0,2483290.0,-1647.0,1297148.0,2342285.0,68705.0,30031.0,104268.0,67908.0,85660.0,44031.0,495200.0,4457.0,1775517.0,517838.0,297863.0,144444.0,389247.0,31820.0,244903.0,-1309148.0,-1469087.0,-1129.0,-334640.6666666667,566768.0,958476.0,8357.0,-285617.0,54425.0,12622.0,227111.0,98939.0,1758839.0,291812.0,54347.666666666664,3966721.0,2497634.0
2010-10-01,110007.0,12648.0,1012398.0,976583.0,3809804.0,2514962.0,-2968.0,1326495.0,2341894.0,67261.0,30308.0,107431.0,67414.0,89139.0,44276.0,495969.0,3815.5,1778678.0,514352.0,300480.0,147590.0,399514.0,31056.0,248211.0,-1294842.0,-1444300.0,-171.0,-328886.0,563217.0,977206.0,9103.0,-288878.0,55997.0,16991.0,233562.0,98736.0,1761941.0,298001.0,55704.666666666664,3971910.0,2527610.0
2011-01-01,110241.0,10320.0,1007763.0,898310.0,3811263.0,2566855.0,-4171.0,1458521.0,2334672.0,66646.0,30695.0,108704.0,72982.0,90044.0,45670.0,456912.0,2731.5,1785482.0,500534.0,298211.0,147549.0,410805.0,29454.0,251829.0,-1244408.0,-1390508.0,-202.0,-320005.3333333333,549190.0,1111389.0,9392.0,-264704.0,58023.0,13553.0,228874.0,104706.0,1768605.0,307841.0,56165.666666666664,3967683.0,2577175.0
2011-04-01,142243.0,9648.0,1015442.0,900923.0,3849377.0,2574972.0,-4471.0,1476191.0,2349484.0,67027.0,32177.0,97375.0,75844.0,79227.0,43653.0,458171.0,3978.0,1794448.0,503390.0,297283.0,135302.0,424987.0,28263.0,254243.0,-1274405.0,-1449369.0,-670.0,-328078.0,555036.0,1126463.0,9664.0,-270983.0,59463.0,13505.0,227162.0,109061.0,1777438.0,320314.0,57776.666666666664,4033989.0,2584620.0
2011-07-01,122798.0,9208.0,993514.0,909409.0,3783833.0,2565373.0,-5147.0,1471733.0,2297968.0,65246.0,32883.0,87338.0,75434.0,68470.0,44262.0,462475.5,2721.0,1799582.0,448309.0,295137.0,124132.0,432625.0,26266.0,256382.0,-1218459.0,-1369200.0,-1604.0,-310575.3333333333,498386.0,1144227.0,10528.0,-266818.0,59726.0,16399.0,201742.0,109365.0,1782449.0,326246.0,57863.0,3943781.0,2574581.0
2011-10-01,149706.0,9400.0,999670.0,904181.0,3786528.0,2587239.0,-5158.0,1507169.0,2292872.0,63079.0,31809.0,83407.0,78497.0,63955.0,40175.0,460061.5,3481.0,1806498.0,437715.0,292031.0,117967.0,433350.0,24420.0,257296.0,-1199289.0,-1373265.0,-1065.0,-298451.3333333333,486374.0,1140969.0,10140.0,-283430.0,60636.0,16807.0,238033.0,111361.0,1789325.0,328383.0,56933.0,3969903.0,2596639.0
2012-01-01,110757.0,11660.0,1006863.0,927470.0,3774344.0,2663949.0,-5431.0,1529118.0,2281195.0,59028.0,32019.0,120597.0,80856.0,99617.0,35157.0,471728.0,3943.0,1790554.0,441747.0,289228.0,153765.0,428343.0,23044.0,259699.0,-1110394.0,-1237677.0,-1344.0,-266867.0,490641.0,1138252.0,10124.0,-287755.0,57943.0,15394.0,261540.0,113932.0,1772942.0,326668.0,56060.333333333336,3913286.0,2675609.0
2012-04-01,93010.0,12888.0,998503.0,932183.0,3772867.0,2679747.0,-6003.0,1556654.0,2292416.0,53685.0,33980.0,111480.0,79352.0,90304.0,28485.0,474313.5,4378.0,1795343.0,447876.0,290089.0,143228.0,424345.0,21436.0,261217.0,-1093120.0,-1200849.0,-1264.0,-260607.33333333334,497073.0,1150649.0,10312.0,-289062.0,57602.0,16094.0,275518.0,114393.0,1777473.0,324965.0,55482.333333333336,3893484.0,2692635.0
2012-07-01,90738.0,14772.0,1006456.0,935207.0,3777299.0,2690555.0,-6115.0,1575770.0,2294023.0,47820.0,34134.0,106137.0,79535.0,84981.0,20982.0,475917.0,5105.0,1801660.0,439984.0,287333.0,137873.0,420974.0,21571.0,262603.0,-1086744.0,-1186068.0,-1371.0,-257399.66666666666,492363.0,1163772.0,10164.0,-292328.0,55846.0,16449.0,280818.0,114731.0,1783562.0,318621.0,57610.0,3891395.0,2705327.0
2012-10-01,125306.0,16976.0,987061.0,956976.0,3769503.0,2769018.0,-6492.0,1630259.0,2306681.0,56757.0,33880.0,99849.0,82659.0,78769.0,22556.0,486739.5,8849.0,1811583.0,448177.0,282508.0,131518.0,416834.0,21341.0,263031.0,-1000485.0,-1124417.0,-3876.0,-232264.0,495098.0,1212867.0,10328.0,-281549.0,58927.0,18866.0,280925.0,117601.0,1793357.0,312248.0,56577.666666666664,3910411.0,2785994.0
2013-01-01,91199.0,19740.0,966826.0,1078570.0,3758798.0,2984538.0,-6700.0,1710991.0,2322000.0,60359.0,35081.0,109178.0,86220.0,67606.0,31924.0,546945.0,6557.5,1835838.0,440011.0,273253.0,141318.0,411052.0,22784.0,263302.0,-774260.0,-853721.0,-1949.0,-145971.0,486163.0,1273533.0,9356.0,-293752.0,58919.0,17129.0,298004.0,122325.0,1817320.0,309219.0,55501.0,3857999.0,3004278.0
2013-04-01,84394.0,20504.0,963223.0,1090729.0,3776035.0,3244746.0,-7856.0,1730865.0,2340671.0,55602.0,34533.0,343002.0,88868.0,76270.0,32458.0,552573.5,4362.5,1834293.0,459188.0,269338.0,375406.0,412508.0,23364.0,265177.0,-531289.0,-596351.0,-2990.0,5950.0,506378.0,1296406.0,9040.0,-281383.0,59633.0,17114.0,292920.0,124426.0,1815490.0,311729.0,55590.666666666664,3861601.0,3265250.0
2013-07-01,85264.0,22088.0,948818.0,1093598.0,3773724.0,3070329.0,-8332.0,1753758.0,2348676.0,55056.0,35187.0,143774.0,90140.0,84302.0,29474.0,553829.0,5761.0,1842286.0,454006.0,270822.0,176248.0,416742.0,23771.0,266785.0,-703395.0,-766994.0,-3615.0,-118102.66666666667,506389.0,1308293.0,8704.0,-288583.0,59488.0,18530.0,300576.0,126359.0,1823248.0,318379.0,56595.0,3859411.0,3092417.0
2013-10-01,79723.0,21156.0,946843.0,1104224.0,3772463.0,3245665.0,-8319.0,1783928.0,2341682.0,83907.0,37071.0,247718.0,90672.0,90354.0,51515.0,559181.0,9127.0,1849146.0,447329.0,270411.0,281926.0,425001.0,24052.0,269059.0,-526798.0,-585359.0,-1358.0,-25848.0,492536.0,1333169.0,10156.0,-290835.0,58938.0,19734.0,302225.0,128800.0,1830054.0,326161.0,54379.666666666664,3852180.0,3266821.0
2014-01-01,86813.0,19848.0,950096.0,1126563.0,3819402.0,3262838.0,-5644.0,1865024.0,2379142.0,69235.0,36728.0,172815.0,98836.0,101752.0,38074.0,570595.5,8266.5,1867430.0,467827.0,262839.0,207659.0,431952.0,24217.0,270668.0,-556564.0,-614401.0,-1300.0,-68469.66666666667,511713.0,1369110.0,10628.0,-279000.0,58211.0,21831.0,337427.0,136656.0,1848110.0,331616.0,54513.666666666664,3897086.0,3282686.0
2014-04-01,84089.0,18748.0,943515.0,1131020.0,3876072.0,3295831.0,-4938.0,1903372.0,2434547.0,87739.0,36657.0,143294.0,97696.0,101918.0,39824.0,573014.5,16452.5,1896248.0,492479.0,267470.0,178638.0,440027.0,24531.0,270825.0,-580242.0,-640452.0,-1776.0,-83094.66666666667,538299.0,1389003.0,10812.0,-288465.0,57983.0,19927.0,358973.0,135469.0,1876787.0,339522.0,55262.0,3955031.0,3314579.0
2014-07-01,82955.0,18116.0,963395.0,1142500.0,3931623.0,3303698.0,-4193.0,1900394.0,2468435.0,114085.0,37344.0,115523.0,98924.0,92587.0,90274.0,578846.0,4309.5,1910071.0,511054.0,267253.0,150912.0,442107.0,24917.0,271666.0,-627925.0,-682014.0,-6336.0,-104469.66666666667,558364.0,1413271.0,10472.0,-290440.0,57687.0,20101.0,329614.0,137408.0,1890476.0,340495.0,56172.666666666664,4003829.0,3321814.0
2014-10-01,80822.0,18460.0,944142.0,1160137.0,3926651.0,3315298.0,-3720.0,1933008.0,2483725.0,72163.0,38723.0,118788.0,97336.0,91352.0,46172.0,587662.0,5402.0,1928632.0,508781.0,269578.0,153711.0,442283.0,25731.0,271957.0,-611353.0,-670336.0,-1000.0,-97226.33333333333,555093.0,1443522.0,9192.0,-291081.0,56501.0,19686.0,332584.0,137216.0,1908960.0,342458.0,55269.666666666664,4004095.0,3333758.0
2015-01-01,83207.0,19700.0,949261.0,1175203.0,3970210.0,3391529.0,-2081.0,2017750.0,2536772.0,68423.0,37615.0,97617.0,102432.0,86351.0,38502.0,596142.5,6419.5,1965635.0,524774.0,266977.0,132235.0,428689.0,26594.0,272865.0,-578681.0,-635540.0,-761.0,-87695.66666666667,571136.0,1509143.0,8024.0,-303160.0,55489.0,21978.0,345413.0,141215.0,1945497.0,332201.0,54329.666666666664,4046769.0,3411229.0
2015-04-01,77058.0,20268.0,950781.0,1187038.0,3990778.0,3445401.0,-1537.0,2045283.0,2558189.0,78106.0,41396.0,101851.0,102524.0,91494.0,43338.0,602065.5,8837.5,1986913.0,528906.0,271606.0,136510.0,425877.0,27643.0,272471.0,-545377.0,-479688.0,-121614.0,-75461.66666666667,571276.0,1527675.0,7016.0,-307462.0,55931.0,21831.0,350684.0,145092.0,1966580.0,332014.0,52188.666666666664,3945357.0,3465669.0
2015-07-01,83896.0,20440.0,951078.0,1196811.0,4011910.0,3446663.0,-416.0,2026616.0,2575791.0,60914.0,35231.0,127425.0,101396.0,94152.0,36734.0,606998.5,3497.0,1998140.0,530419.0,271320.0,162737.0,427881.0,29140.0,272526.0,-565247.0,-626764.0,-734.0,-72974.66666666667,577651.0,1540862.0,6172.0,-311873.0,57160.0,23278.0,324673.0,137803.0,1977646.0,334212.0,53798.333333333336,4093867.0,3467103.0
2015-10-01,76390.0,20356.0,955869.0,1204072.0,4050403.0,3509950.0,301.0,2013189.0,2601719.0,79027.0,38251.0,178769.0,103920.0,169776.0,51868.0,610706.0,4909.5,2010382.0,548189.0,274215.0,213361.0,434682.0,29100.0,271876.0,-540453.0,-598338.0,-489.0,-69775.33333333333,591337.0,1552631.0,5492.0,-320958.0,58133.0,21630.0,295581.0,143347.0,1989741.0,338824.0,53216.0,4128644.0,3530306.0
2016-01-01,80903.0,19604.0,953919.0,1211024.0,4084292.0,3445531.0,1007.0,2001701.0,2623984.0,77743.0,38859.0,119519.0,99432.0,100952.0,47442.0,614869.5,5793.0,2026753.0,544412.0,275730.0,154055.0,446225.0,29569.0,271498.0,-638761.0,-703870.0,-422.0,-98579.33333333333,597231.0,1526778.0,4968.0,-323285.0,60163.0,24630.0,310829.0,139463.0,2006246.0,344887.0,58221.666666666664,4169005.0,3465135.0
2016-04-01,77225.0,19948.0,955649.0,1217034.0,4101647.0,3447085.0,-353.0,2011666.0,2630857.0,79358.0,37422.0,104911.0,98044.0,101039.0,53766.0,617942.0,3370.5,2038821.0,546577.0,274334.0,139379.0,453291.0,29776.0,273107.0,-654562.0,-680118.0,-32948.0,-106126.33333333333,592036.0,1536722.0,4692.0,-331142.0,61849.0,23575.0,314735.0,136635.0,2018038.0,347947.0,57195.333333333336,4147151.0,3467033.0
2016-07-01,79638.0,19884.0,967086.0,1228045.0,4150500.0,3468731.0,528.0,2036510.0,2663438.0,63085.0,37232.0,106219.0,98164.0,90800.0,36335.0,623470.5,3927.0,2050448.0,562842.0,274213.0,140563.0,457514.0,29680.0,274165.0,-681769.0,-739725.0,-1846.0,-110620.33333333333,612989.0,1553784.0,4664.0,-333317.0,62462.0,23517.0,322641.0,136568.0,2029109.0,349966.0,59678.0,4228340.0,3488615.0
2016-10-01,84507.0,20768.0,972610.0,1241521.0,4175460.0,3481343.0,1574.0,2034647.0,2682283.0,74863.0,36623.0,94438.0,98612.0,73077.0,42500.0,630184.0,6758.0,2064601.0,573117.0,275871.0,128738.0,460184.0,29412.0,276011.0,-694117.0,-757351.0,-365.0,-112621.33333333333,617682.0,1574500.0,4888.0,-333716.0,60383.0,24489.0,299247.0,136411.0,2043499.0,352406.0,57815.0,4259461.0,3502111.0
2017-01-01,84289.0,22120.0,969375.0,1262726.0,4192262.0,3482184.0,2432.0,1943310.0,2703411.0,111354.0,37392.0,128440.0,88980.0,88445.0,59607.0,641136.0,16101.0,2095441.0,562802.0,279715.0,162362.0,460669.0,28594.0,277232.0,-710078.0,-774093.0,-637.0,-113689.33333333333,607970.0,1579976.0,5328.0,-327827.0,58806.0,24007.0,211766.0,127560.0,2073995.0,351650.0,58544.333333333336,4278397.0,3504304.0
2017-04-01,85460.0,22824.0,973766.0,1275138.0,4195549.0,3467749.0,3104.0,1982371.0,2693080.0,65385.0,38997.0,107478.0,91520.0,87248.0,36800.0,647320.5,4540.5,2109060.0,542417.0,286089.0,141751.0,471214.0,28465.0,279083.0,-727800.0,-796856.0,-588.0,-125837.33333333333,584020.0,1600122.0,5808.0,-328862.0,57490.0,24787.0,225749.0,131714.0,2087390.0,358198.0,58763.0,4287428.0,3490573.0
2017-07-01,116545.0,23220.0,976662.0,1290295.0,4253985.0,3512179.0,3390.0,2021546.0,2734511.0,67357.0,38156.0,94312.0,92420.0,73706.0,37456.0,654913.0,5185.5,2127364.0,562859.0,287920.0,129591.0,481457.0,28971.0,281006.0,-741805.0,-834681.0,-7363.0,-129867.0,607146.0,1623213.0,6308.0,-330390.0,61355.0,25059.0,241489.0,131785.0,2105490.0,362222.0,61799.0,4370081.0,3535399.0
2017-10-01,81011.0,957236.0,994201.0,1309095.0,4320383.0,3552878.0,3395.0,2051989.0,2773112.0,66351.0,39506.0,84619.0,93948.0,72841.0,38591.0,664365.5,4061.5,2146457.0,573569.0,296489.0,122048.0,493441.0,30597.0,283373.0,-767505.0,95966.0,-362.0,-141775.33333333334,626654.0,1649082.0,6832.0,-329177.0,59629.0,25853.0,242376.0,134679.0,2124241.0,368504.0,66746.33333333333,4414149.0,4510114.0
2018-01-01,78914.0,23988.0,1012349.0,1328896.0,4398501.0,3514225.0,3090.0,1987756.0,2820397.0,75900.0,41337.0,78437.0,107496.0,78250.0,48987.0,674665.5,3238.5,2193821.0,581984.0,303844.0,118583.0,507619.0,32774.0,286329.0,-884277.0,-956607.0,-111.0,-179702.33333333334,626576.0,1597314.0,7372.0,-343747.0,58136.0,24881.0,215492.0,150069.0,2171469.0,376804.0,65919.66666666667,4494819.0,3538213.0
2018-04-01,86131.0,23656.0,1027140.0,1338673.0,4453783.0,3552722.0,3677.0,2017635.0,2837203.0,79743.0,46657.0,71010.0,107764.0,67066.0,42101.0,679655.5,8502.0,2207124.0,576733.0,307586.0,112993.0,531778.0,34191.0,289241.0,-901061.0,-981130.0,-751.0,-181637.33333333334,630078.0,1607217.0,7792.0,-350957.0,57662.0,25658.0,229090.0,155670.0,2184375.0,396481.0,70463.66666666667,4557508.0,3576378.0
2018-07-01,85320.0,22476.0,1045490.0,1355158.0,4512225.0,3632415.0,3601.0,2039255.0,2857592.0,105508.0,53244.0,85099.0,108928.0,60738.0,60687.0,688000.0,11989.0,2223581.0,581442.0,313419.0,128893.0,551891.0,35674.0,291531.0,-879810.0,-964127.0,-415.0,-166466.33333333334,634010.0,1624814.0,8120.0,-354789.0,57251.0,25465.0,225544.0,163432.0,2200580.0,412005.0,71819.0,4619018.0,3654891.0
2018-10-01,82850.0,20512.0,1052690.0,1363708.0,4593407.0,3633016.0,2907.0,2069109.0,2891564.0,71015.0,71898.0,81547.0,111480.0,55223.0,35880.0,692418.0,7003.0,2245972.0,590117.0,322662.0,126277.0,571229.0,36375.0,293499.0,-960390.0,-1046834.0,-5057.0,-187273.66666666666,645593.0,1627818.0,8356.0,-370978.0,77923.0,26949.0,229696.0,184646.0,2222987.0,427593.0,74032.66666666667,4700362.0,3653528.0
2019-01-01,86027.0,17992.0,1069129.0,1396024.0,4687997.0,3652348.0,1111.0,2079842.0,2970691.0,66589.0,75735.0,63980.0,97820.0,44915.0,32518.0,708520.5,6526.5,2327273.0,591241.0,334055.0,108783.0,579714.0,36279.0,296368.0,-1035649.0,-1136102.0,-5268.0,-206538.66666666666,643417.0,1681871.0,8524.0,-395692.0,68463.0,25777.0,197363.0,174831.0,2303818.0,431604.0,74580.33333333333,4806442.0,3670340.0
2019-04-01,78569.0,15816.0,1087882.0,1403532.0,4734950.0,3679518.0,787.0,2088037.0,3002386.0,66440.0,70030.0,75073.0,97868.0,58776.0,34987.0,712233.5,5258.5,2345389.0,610686.0,320153.0,120723.0,586409.0,37125.0,297661.0,-1055432.0,-1139908.0,-769.0,-209509.33333333334,656997.0,1686705.0,8524.0,-409326.0,58273.0,26551.0,205603.0,169178.0,2321692.0,437124.0,73097.66666666667,4835242.0,3695334.0
2019-07-01,82230.0,15488.0,1093329.0,1410303.0,4773268.0,3708594.0,1182.0,2110233.0,3021087.0,86419.0,79886.0,53626.0,95640.0,53437.0,51008.0,715380.5,7476.5,2361377.0,608834.0,333555.0,100457.0,578256.0,38484.0,299662.0,-1064674.0,-1164144.0,-1165.0,-214227.33333333334,659710.0,1699755.0,8348.0,-420519.0,80596.0,26757.0,206911.0,176810.0,2337073.0,431534.0,73967.33333333333,4888226.0,3724082.0
2019-10-01,133982.0,15548.0,1098627.0,1428150.0,4796274.0,3776860.0,2385.0,2173772.0,3051312.0,62551.0,85356.0,62615.0,92208.0,62444.0,31972.0,723837.5,5527.0,2374014.0,625015.0,341268.0,110003.0,564241.0,39416.0,301747.0,-1019414.0,-1176971.0,-398.0,-200271.66666666666,677298.0,1736162.0,7972.0,-417148.0,82095.0,26838.0,231928.0,178844.0,2349527.0,425034.0,71992.0,4969380.0,3792408.0
2020-01-01,95549.0,16684.0,1110241.0,1453235.0,4863379.0,3790966.0,4327.0,2159246.0,3128973.0,53978.0,80120.0,75555.0,102716.0,75399.0,33931.0,732500.5,4140.5,2439591.0,635027.0,349038.0,120179.0,544125.0,36999.0,304735.0,-1072413.0,-1195280.0,-300.0,-212424.0,689382.0,1755213.0,7624.0,-433709.0,80040.0,28453.0,191468.0,184112.0,2414404.0,415041.0,69541.66666666667,5002930.0,3807650.0
2020-04-01,92431.0,18368.0,1202424.0,1383684.0,8884291.0,3534424.0,5581.0,1977347.0,6135278.0,57124.0,54614.0,83287.0,73408.0,83136.0,36055.0,697521.0,4856.0,4698414.0,1386999.0,365302.0,110688.0,514787.0,22522.0,308820.0,-5349867.0,-5480422.0,11.0,-1299228.6666666667,1436864.0,1622145.0,4880.0,-1450745.0,1031802.0,26281.0,199614.0,129307.0,4654077.0,395645.0,71115.0,9033214.0,3552792.0
2020-07-01,92913.0,19716.0,1155887.0,1432987.0,7161943.0,3799059.0,6483.0,2171468.0,4334581.0,59225.0,66116.0,101733.0,81864.0,101580.0,41275.0,722009.0,3459.5,3541950.0,734864.0,370616.0,128895.0,508165.0,22802.0,311674.0,-3362884.0,-3483824.0,-11200.0,-697627.6666666666,792631.0,1736634.0,4360.0,-1268548.0,1163310.0,26940.0,258614.0,149280.0,3504709.0,391471.0,70567.33333333333,7302599.0,3818775.0
2020-10-01,89179.0,21564.0,1160605.0,1470195.0,5922407.0,3944563.0,7117.0,2288297.0,3728386.0,64001.0,73656.0,87608.0,83716.0,87445.0,44147.0,740744.0,4280.5,2917788.0,757900.0,377954.0,114953.0,517026.0,22517.0,316638.0,-1977844.0,-2106866.0,91.0,-402038.3333333333,810598.0,1849416.0,4828.0,-770241.0,516390.0,28946.0,251238.0,158697.0,2888402.0,395991.0,67706.33333333333,6072993.0,3966127.0
2021-01-01,301114.0,24244.0,1242517.0,1487162.0,8312268.0,4141851.0,7312.0,2471212.0,6017595.0,67747.0,81468.0,79682.0,79328.0,79501.0,38534.0,750677.5,7510.0,5179596.0,777685.0,370916.0,108418.0,534023.0,22744.0,319935.0,-4170417.0,-4479691.0,-18576.0,-1037792.6666666666,837999.0,1988741.0,5992.0,-1055494.0,518133.0,30361.0,289949.0,162160.0,5138087.0,405548.0,76766.0,8645786.0,4166095.0
2021-04-01,85641.0,26452.0,1221585.0,1522515.0,7728092.0,4368551.0,7323.0,2644448.0,5123245.0,60259.0,88801.0,103904.0,90312.0,103708.0,37798.0,768630.5,3857.0,3430440.0,1640769.0,375822.0,134006.0,561224.0,22354.0,324958.0,-3359541.0,-3469676.0,82.0,-819481.3333333334,1692805.0,2089523.0,7748.0,-899508.0,822038.0,30559.0,343860.0,180505.0,3397762.0,423703.0,74078.33333333333,7864679.0,4395003.0
2021-07-01,98438.0,28400.0,1202178.0,1558967.0,6784496.0,4514083.0,7123.0,2733671.0,4320424.0,60112.0,88936.0,123734.0,93452.0,123545.0,37728.0,786986.0,3690.0,3154029.0,1085583.0,382781.0,154209.0,588462.0,20499.0,331231.0,-2270413.0,-2374252.0,-17749.0,-537274.3333333334,1166396.0,2173561.0,9976.0,-656988.0,673432.0,31782.0,344528.0,183800.0,3124869.0,439207.0,86409.0,6916735.0,4542483.0
2021-10-01,88572.0,30272.0,1224826.0,1603526.0,6225498.0,4670805.0,6794.0,2834873.0,3974626.0,62681.0,97201.0,129523.0,97228.0,129346.0,38520.0,809245.5,4598.5,2979601.0,936319.0,392111.0,162930.0,612643.0,20835.0,338754.0,-1554694.0,-1666483.0,132.0,-366384.3333333333,995025.0,2247960.0,12572.0,-453944.0,413403.0,33131.0,357933.0,195849.0,2952560.0,455212.0,81059.33333333333,6367560.0,4701077.0
2022-01-01,89497.0,31380.0,1212147.0,1642901.0,5997292.0,5099870.0,6528.0,3219173.0,3997242.0,60887.0,108421.0,134588.0,97308.0,134427.0,38166.0,828792.5,4018.0,2999116.0,929992.0,394339.0,170380.0,637093.0,20452.0,347118.0,-897423.0,-678515.0,-324245.0,-133557.0,998126.0,2597378.0,15340.0,-495171.0,150810.0,35030.0,379616.0,207149.0,2970884.0,472807.0,86883.66666666667,5809765.0,5131250.0
2022-04-01,476638.0,32032.0,1216467.0,1665908.0,6068545.0,5160653.0,5719.0,3265104.0,4037832.0,75196.0,108983.0,111834.0,98584.0,111692.0,48902.0,840242.0,5859.0,3004835.0,951381.0,405606.0,148725.0,684952.0,19819.0,355599.0,-907892.0,-1385284.0,-17222.0,-139929.0,1032997.0,2604320.0,17072.0,-486543.0,129294.0,34660.0,417137.0,208987.0,2976236.0,515362.0,93268.33333333333,6577969.0,5192685.0
2022-07-01,203901.0,34076.0,1235935.0,1713173.0,6181478.0,5128935.0,4417.0,3264570.0,4074377.0,64437.0,101336.0,43595.0,97564.0,43458.0,39539.0,863851.5,5184.0,2999649.0,956386.0,405445.0,82338.0,752730.0,21048.0,362216.0,-1052542.0,-1175002.0,-90594.0,-197614.0,1074728.0,2628326.0,17696.0,-458143.0,118436.0,33758.0,402165.0,200321.0,2970355.0,567392.0,110991.33333333333,6338013.0,5163011.0
2022-10-01,108552.0,33832.0,1266925.0,1729922.0,6317107.0,5093820.0,2721.0,3226167.0,4114811.0,79950.0,90590.0,14560.0,97972.0,14423.0,49019.0,872321.5,8105.0,3053443.0,955394.0,427278.0,55059.0,824592.0,23264.0,366565.0,-1223287.0,-1358154.0,-567.0,-248913.0,1061368.0,2595692.0,17236.0,-474992.0,110779.0,33596.0,406896.0,189983.0,3024358.0,624918.0,111578.0,6485805.0,5127652.0
2023-01-01,246522.0,34240.0,1297538.0,1761166.0,6409685.0,4772141.0,533.0,2905043.0,4144594.0,65267.0,85342.0,144.0,92924.0,0.0,42268.0,888068.5,4014.0,3069684.0,977728.0,434083.0,40132.0,863748.0,24240.0,371500.0,-1637544.0,-1912542.0,132.0,-349716.3333333333,1074911.0,2256291.0,15748.0,-586831.0,103805.0,34794.0,434272.0,179686.0,3038402.0,652096.0,113372.0,6718922.0,4806381.0
2023-04-01,385037.0,36248.0,1299590.0,1789941.0,6444696.0,4785218.0,-1738.0,2887676.0,4146654.0,68706.0,82311.0,126.0,92040.0,0.0,42051.0,902551.5,5746.5,3080935.0,967919.0,442195.0,40632.0,896662.0,25731.0,375564.0,-1659479.0,-2075109.0,210.0,-354268.3333333333,1065719.0,2246787.0,14776.0,-595128.0,101790.0,35686.0,429432.0,175771.0,3049076.0,674691.0,117209.66666666667,6896575.0,4821466.0
2023-07-01,342950.0,34600.0,1336562.0,1818048.0,6527403.0,4850222.0,-4030.0,2919943.0,4118496.0,70697.0,79347.0,125.0,91468.0,0.0,48415.0,916656.0,3509.0,3110422.0,915623.0,444359.0,45564.0,968382.0,31155.0,380641.0,-1677180.0,-2045651.0,-3599.0,-360436.3333333333,1008074.0,2260484.0,14284.0,-594327.0,103963.0,35329.0,451895.0,172235.0,3078040.0,738863.0,118117.0,6930473.0,4884822.0
2023-10-01,164728.0,34520.0,1347029.0,1836159.0,6619838.0,4928421.0,-6172.0,2952220.0,4143147.0,84612.0,79531.0,125.0,88312.0,0.0,45324.0,925727.0,11996.5,3127955.0,941356.0,449150.0,61602.0,1030742.0,47217.0,385064.0,-1691417.0,-1885852.0,141.0,-361514.6666666667,1015192.0,2282230.0,14260.0,-605328.0,98920.0,35911.0,464816.0,169263.0,3095550.0,804624.0,110786.33333333333,6848793.0,4962941.0
2024-01-01,159783.0,32332.0,1367421.0,1864053.0,6772827.0,5026680.0,-8306.0,3029856.0,4241952.0,78644.0,82216.0,819.0,93528.0,693.0,52268.0,939625.0,5589.5,3234026.0,941038.0,442837.0,62434.0,1067309.0,46883.0,389373.0,-1746147.0,-1926849.0,-213.0,-366661.6666666667,1007927.0,2356093.0,14732.0,-644618.0,96144.0,36724.0,459875.0,177164.0,3201087.0,833821.0,111105.33333333333,6985861.0,5059012.0
2024-04-01,167307.0,32144.0,1386397.0,1869438.0,6864587.0,5073021.0,-9576.0,3078799.0,4287706.0,67109.0,78075.0,5148.0,92888.0,5001.0,46924.0,942284.0,2527.5,3276812.0,949107.0,455782.0,67252.0,1096791.0,47012.0,394819.0,-1791566.0,-1986509.0,-1184.0,-372742.6666666667,1010894.0,2375372.0,15092.0,-671772.0,93693.0,37645.0,493398.0,172384.0,3243112.0,862461.0,109939.0,7091674.0,5105165.0
2024-07-01,186152.0,30148.0,1422687.0,1876384.0,7052115.0,5123168.0,-8255.0,3110956.0,4420386.0,77364.0,85126.0,3627.0,94844.0,3481.0,57396.0,945751.5,2424.0,3318027.0,981614.0,470759.0,66720.0,1116960.0,47769.0,400599.0,-1928946.0,-2154840.0,-270.0,-408504.3333333333,1102359.0,2398658.0,15324.0,-701868.0,92082.0,37787.0,493121.0,181390.0,3283759.0,880459.0,130504.66666666667,7308157.0,5153316.0
2024-10-01,253435.0,30584.0,1446940.0,1896895.0,7109852.0,5224161.0,-7675.0,3167462.0,4445037.0,102015.0,86460.0,3531.0,94588.0,3385.0,80327.0,955987.0,3304.5,3363041.0,981094.0,477762.0,65464.0,1124404.0,47177.0,406770.0,-1885691.0,-2179532.0,-2.0,-386726.6666666667,1081996.0,2434950.0,14756.0,-723945.0,93471.0,37959.0,512085.0,182468.0,3328609.0,885162.0,124858.33333333333,7434278.0,5254745.0
