Date,Agricultural,Agricultural equipment,"Agricultural foods, feeds, and beverages",Air Transport,"Apparel, footwear, and household goods",Automotive vehicles,"Automotive vehicles, engines, and parts","Building materials, excluding metals and products",Business,"Capital goods and related parts, except automotive",Charges for the use of intellectual property n.e.c.,Chemicals,"Civilian aircraft, engines, and parts",Complete civilian aircraft,"Computer accessories, peripherals, and parts",Computer services,"Computers, peripherals, and parts",Construction services,"Consumer goods, except food and automotive","Dairy, meat products, and poultry",Durable goods,Education related,Electrical equipment and parts n.e.c.,Engines and parts for civilian aircraft,"Engines, parts, bodies, and chassis","Expenditure of seasonal, border, and other short-term workers",Exports of agricultural goods,Exports of capital goods less selected parts,Exports of durable goods,Exports of goods,Exports of goods and services,Exports of nonagricultural goods,Exports of nondurable goods,Exports of services,Financial intermediation services indirectly measured,Financial services,"Financial services, excluding financial intermediation services indirectly measured","Foods, feeds, and beverages",Freight,"Fuels, fuel materials, and electric energy",Furniture and household items,Government goods and services n.e.c.,"Grains, vegetables, fruits, nuts, and preparations",Health related,Home entertainment and recreational equipment and materials,Household and kitchen appliances,Household goods,Imports of capital goods less selected parts,Imports of durable goods,Imports of goods,Imports of goods and services,Imports of nondurable goods,Imports of nonpetroleum goods,Imports of services,Industrial equipment,Industrial supplies and materials,Information services,Insurance services,Laboratory testing and control instruments,Maintenance and repair services,"Medicinal, dental, and pharmaceutical preparations, including vitamins",Metals and products,Net exports of goods under merchanting,Nonagricultural,"Nonagricultural foods, feeds, and beverages",Nondurable goods,"Nondurable goods, excluding petroleum and products","Oil drilling, mining, and construction equipment",Other,"Other agricultural foods, feeds, and beverages",Other business services,Other business travel,Other durable consumer goods,Other durable goods n.e.c.,"Other household goods, including cellular telephones",Other modes of transport,Other nondurable consumer goods,Other nondurable goods,Other nondurable goods n.e.c.,Other nonmetals,Other other business services,Other other nondurable goods n.e.c.,Other personal travel,Passenger,Personal,Personal computers and mainframes,"Personal, cultural, and recreational services",Petroleum and products,Port,"Scientific, hospital, and medical equipment and parts",Sea Transport,Semiconductors and related devices,Telecommunications equipment,Telecommunications services,"Telecommunications, computer, and information services",Transport,Transportation equipment,Travel (for all purposes including education)
1999-01-01,60.2035,300.771,55.9795,55.913,91.2495,87.12,88.4725,75.954,67.1805,127.42949999999999,70.50649999999999,61.324,53.4195,57.608000000000004,204.9995,273.9225,239.9865,57.0085,105.8655,44.318,95.6595,57.4505,88.8125,51.3445,88.9495,67.1765,60.404,114.429,98.442,87.337,81.038,90.293,67.306,69.336,38.9775,65.105,77.1895,57.5325,61.2565,58.54,76.4555,61.382,54.56,35.444,125.03999999999999,85.9625,152.1095,129.549,114.46,82.785,80.124,49.342,99.322,69.266,80.04499999999999,52.434,273.91200000000003,81.501,106.24549999999999,57.001000000000005,85.8395,53.03,76.684,65.245,59.182,68.331,64.95349999999999,69.3915,83.834375,72.0385,85.623,67.17099999999999,77.142,73.7425,220.0215,78.126,87.688,76.995,71.089,89.424,70.4975,76.733,67.174,55.9885,62.805499999999995,385.05100000000004,85.4445,25.758,51.76625,122.0325,55.682500000000005,172.5885,785.97,267.11350000000004,268.223,57.3745,64.5435,64.1565
1999-04-01,58.5715,301.028,55.028999999999996,56.949,90.99000000000001,87.311,88.62100000000001,77.69149999999999,67.571,125.9025,70.9005,61.0175,53.5225,57.9315,200.03699999999998,293.033,232.214,57.4815,105.531,44.114000000000004,95.5585,47.448,88.173,51.3005,89.0565,67.5685,58.895,115.873,98.211,87.265,81.215,90.386,67.507,70.017,38.676,62.847,73.69800000000001,57.171499999999995,62.624,59.2285,76.182,60.736,53.428,35.757000000000005,124.5895,85.131,151.3415,129.866,113.652,83.795,81.141,52.096,98.712,70.337,79.7465,54.6555,293.02250000000004,81.315,106.112,57.001000000000005,85.4855,53.212,76.485,65.3195,63.068,69.7305,64.8715,69.297,84.126375,71.23150000000001,86.4045,67.56299999999999,77.113,73.598,219.048,79.963,87.3875,76.547,70.997,88.21000000000001,70.89150000000001,76.534,67.566,56.559,62.6445,354.7205,86.241,31.576999999999998,55.38225,121.6495,60.879,170.7725,783.3625,285.749,287.02549999999997,59.726,64.753,64.1635
1999-07-01,57.3715,301.21200000000005,54.4705,57.7325,90.8545,87.41550000000001,88.755,79.8215,68.072,124.535,71.24549999999999,61.305,53.611999999999995,57.965,195.05849999999998,260.8685,225.52949999999998,58.216499999999996,105.4935,46.455,95.9375,48.188,87.054,51.4285,89.26599999999999,68.075,58.499,115.706,97.922,87.469,81.331,90.66,68.56,69.96,39.8655,61.585,70.89349999999999,56.41,64.404,65.49549999999999,76.167,61.4225,51.8705,36.1855,124.55950000000001,84.896,151.1205,129.512,113.261,84.909,82.131,54.698,98.589,70.807,79.63749999999999,57.486,260.85900000000004,79.3595,105.8655,57.001000000000005,85.37899999999999,53.7455,76.671,67.13149999999999,60.07299999999999,71.58125,66.3845,68.90549999999999,84.298,70.784,84.28649999999999,68.0695,77.107,73.8575,218.721,78.058,87.25399999999999,76.594,71.331,88.03,71.23599999999999,76.721,68.0725,57.111000000000004,63.1245,337.1015,86.41149999999999,38.162499999999994,58.02225,121.717,65.766,167.999,780.05,254.38400000000001,255.685,61.6115,65.16900000000001,64.6515
1999-10-01,59.491,303.43149999999997,54.218500000000006,58.8475,91.169,87.86,88.9965,77.4315,68.753,124.44,71.6905,62.1605,54.0205,58.5625,194.99450000000002,226.92849999999999,224.4735,58.3815,105.66,47.4975,96.08375,48.6945,87.313,51.682,89.471,68.76650000000001,58.452,116.003,98.179,87.963,81.662,91.216,69.477,69.963,41.441500000000005,61.0625,69.042,56.316,63.544000000000004,68.515,76.084,61.403999999999996,51.168,36.6305,124.28399999999999,84.7295,151.23,130.256,113.19,86.35,83.258,57.668,98.832,70.572,79.72800000000001,60.1425,226.92000000000002,75.92150000000001,106.5565,57.001000000000005,85.805,55.2725,77.115,68.813,60.3805,73.568,68.10849999999999,68.8505,84.6725,70.9085,82.0775,68.76050000000001,77.1665,74.19999999999999,219.3355,79.61349999999999,87.547,77.011,71.574,88.253,71.68100000000001,77.164,68.76400000000001,58.063,63.751,328.8665,87.60749999999999,43.7125,60.4175,121.9815,66.048,167.914,766.227,221.2875,222.6285,62.545,65.1785,65.29599999999999
2000-01-01,58.864,303.604,54.2595,59.783,90.5915,88.0465,89.149,78.38499999999999,68.9695,123.999,72.30449999999999,62.748,54.637,59.451499999999996,192.941,241.65300000000002,221.69150000000002,59.007000000000005,105.60050000000001,46.95,96.816,48.506,87.838,52.092,89.6755,68.997,58.16,118.227,98.093,88.347,82.208,91.675,70.718,70.85,40.2765,60.68,69.03,56.379000000000005,62.982,69.1425,76.08099999999999,60.4015,51.558,37.1715,123.75150000000001,84.27799999999999,151.2055,130.975,113.494,88.265,84.832,61.276,99.076,70.653,79.57900000000001,63.7605,241.6445,80.00399999999999,105.9515,57.324,85.92150000000001,57.516999999999996,77.682,69.559,60.3955,75.82575,68.7185,69.2415,85.18237500000001,70.5915,83.186,68.992,77.5795,74.511,219.7435,77.4135,87.483,77.664,71.632,88.279,72.2955,77.732,68.9945,58.334,63.864000000000004,323.37649999999996,88.2285,53.2575,63.5735,120.541,66.143,165.1565,764.617,235.6465,237.3585,63.033,65.3595,65.44200000000001
2000-04-01,58.897,303.41400000000004,54.823499999999996,60.340500000000006,90.30699999999999,89.06450000000001,89.793,78.41149999999999,68.5995,123.947,72.7115,64.5015,55.5775,60.3475,189.892,226.7195,218.2525,58.94,105.4615,49.036500000000004,97.23025,48.6175,89.63650000000001,53.066,90.11,68.62950000000001,59.409,119.111,98.513,89.029,82.839,92.292,71.895,71.383,42.3025,61.2485,68.686,57.046499999999995,64.4005,78.857,75.957,59.2355,51.482,37.8045,124.0105,84.7595,151.046,132.35,113.773,88.539,84.906,61.541,99.676,69.861,79.72200000000001,64.714,226.711,79.09,105.92150000000001,57.702,85.468,58.8095,78.51,72.84049999999999,60.7675,76.21225,71.6915,69.6725,86.074625,71.045,82.51599999999999,68.624,77.5365,75.27600000000001,219.31799999999998,79.1465,87.30449999999999,78.555,72.337,88.59549999999999,72.7015,78.56,68.6265,59.1995,63.481,318.30400000000003,88.589,52.7705,64.5595,120.35900000000001,67.954,164.0385,763.4625,221.084,222.8915,63.9485,65.5265,65.06400000000001
2000-07-01,58.283,301.332,53.277,61.044,89.9885,89.2015,89.958,75.465,68.5775,123.93700000000001,73.14850000000001,65.66499999999999,56.4255,61.293499999999995,188.848,244.577,217.53050000000002,58.8615,105.3535,48.736000000000004,97.04650000000001,49.7405,89.8225,53.855000000000004,90.3275,68.598,57.589,120.611,98.87,89.29,83.24,92.787,71.971,72.093,43.7345,61.891000000000005,68.827,55.871,64.94925,93.0435,76.06200000000001,59.256,49.3215,38.57,123.7695,84.4125,150.7855,132.311,113.512,89.198,85.502,63.163,99.968,70.203,79.62950000000001,66.22800000000001,244.56799999999998,74.8245,105.757,57.8005,85.89949999999999,59.75,78.781,75.3425,61.724000000000004,77.31649999999999,73.93,69.8825,86.361625,70.583,83.6725,68.5925,77.251,75.60249999999999,218.7165,77.708,87.30699999999999,78.864,72.72,88.697,73.1385,78.831,68.5955,59.089,63.5125,320.30499999999995,88.994,57.923500000000004,67.71325,120.104,69.321,163.5245,760.904,238.4975,240.5995,64.6975,65.8685,65.07849999999999
2000-10-01,59.385999999999996,301.143,53.609,62.522000000000006,90.046,89.181,89.87700000000001,74.84049999999999,68.198,123.40650000000001,73.56049999999999,65.851,57.088,62.229,186.385,207.19099999999997,215.022,59.158,105.0995,48.597,96.5865,49.869,89.631,54.326499999999996,90.0985,68.197,58.808,120.577,98.823,89.431,83.205,92.806,72.452,71.679,44.399,60.623000000000005,66.5745,56.040000000000006,64.17075,108.905,76.024,58.4335,49.937,39.0425,123.46000000000001,83.8365,150.4375,131.758,112.878,89.649,85.704,64.723,99.948,69.351,79.4785,67.3925,207.18349999999998,69.357,105.9195,57.8005,85.37450000000001,59.076,78.965,77.79249999999999,60.879000000000005,78.14675,76.28049999999999,69.9465,85.931125,70.2085,80.82,68.1915,76.92150000000001,75.7765,218.168,80.059,86.8555,79.061,72.884,88.553,73.5515,79.016,68.194,60.486999999999995,63.157,317.959,89.637,60.3935,70.09100000000001,120.4675,69.5285,162.22899999999998,755.9069999999999,202.041,203.8895,65.803,66.12700000000001,64.71549999999999
2001-01-01,61.169,301.5635,54.1725,62.756,89.59450000000001,89.4665,89.975,73.566,68.971,123.15450000000001,74.0075,66.19,57.739999999999995,63.075500000000005,185.252,191.10899999999998,212.6395,59.0655,105.119,48.667500000000004,96.62625,51.8055,90.26750000000001,54.8655,89.981,68.9365,59.006,120.133,98.812,89.302,83.04,92.64,72.078,71.44,46.5075,59.548500000000004,63.959,56.186499999999995,64.1785,124.20500000000001,76.2185,58.5005,50.92100000000001,39.644000000000005,123.73349999999999,83.59549999999999,150.66250000000002,130.752,112.822,89.219,85.417,63.857,100.47,69.697,79.55250000000001,66.4645,191.1015,74.97749999999999,105.52199999999999,57.8425,84.5745,59.024,78.835,80.35050000000001,59.5025,77.41749999999999,78.797,70.4005,85.763125,70.492,79.8195,68.931,77.398,75.934,218.645,81.334,87.35300000000001,78.918,73.329,88.9385,73.9975,78.885,68.9335,62.049499999999995,64.05799999999999,308.1915,90.138,56.539,66.53175,120.5715,68.7445,161.06400000000002,749.6614999999999,186.3585,188.07999999999998,65.8595,66.27000000000001,65.5735
2001-04-01,59.832,297.5625,53.8885,62.381,89.40700000000001,89.35300000000001,89.9255,76.0365,68.804,122.37450000000001,74.32650000000001,64.8425,58.4745,63.6715,180.851,174.92200000000003,207.48899999999998,59.3095,104.744,50.5435,96.05275,51.458,91.687,55.7665,89.9145,68.7535,58.673,120.18,98.695,88.892,82.526,92.223,71.131,70.707,46.574,56.848,60.069500000000005,55.486000000000004,63.0005,102.4965,75.69,57.53,49.621,40.333,122.75,82.89,149.909,129.788,111.937,87.272,83.696,60.866,98.988,68.928,79.3235,63.852,174.9155,74.04400000000001,105.622,58.291,84.3275,57.1505,78.532,75.13999999999999,56.69200000000001,75.5865,73.90899999999999,70.4965,84.959375,70.301,77.9925,68.74799999999999,77.33449999999999,75.4885,218.08100000000002,79.247,87.2735,78.605,72.739,88.753,74.3175,78.583,68.751,61.7415,63.959,300.341,90.262,54.158,65.70975,120.3865,67.6215,158.64600000000002,745.229,170.5735,172.20350000000002,65.1945,66.34450000000001,65.449
2001-07-01,59.301500000000004,298.29,54.754999999999995,62.5925,89.113,89.537,89.9265,76.3895,68.7275,121.3685,74.43,62.7,59.0115,64.595,175.806,167.6115,201.413,59.104,104.7045,51.61,95.51425,52.809,91.48849999999999,56.036500000000004,89.621,68.6805,60.232,119.828,98.396,88.399,82.121,91.475,70.31,70.474,46.573,56.375,59.41,55.9525,63.4885,83.7895,75.5755,58.773,50.5715,40.9825,122.511,83.17750000000001,149.562,129.403,110.994,85.716,82.483,58.732,97.57,69.123,79.23750000000001,61.3815,167.605,75.489,105.611,58.053,84.9205,55.54,78.22,70.055,55.129,73.99775,69.256,70.54050000000001,83.982625,70.21000000000001,77.565,68.675,77.34299999999999,74.9595,217.242,82.1175,87.03,78.286,71.992,88.57,74.4205,78.27,68.678,62.263,64.15950000000001,290.51250000000005,90.107,50.4955,65.02075,120.1585,67.196,156.255,741.9255,163.4455,165.0925,65.30600000000001,66.2295,65.555
2001-10-01,56.667500000000004,298.53950000000003,54.2025,61.7375,89.0815,89.7435,89.9145,73.8395,68.1235,120.482,74.5,61.934,59.3035,64.72999999999999,171.5625,160.5105,196.06799999999998,58.7615,104.5295,51.028999999999996,94.46075,53.291,91.3095,56.457,89.3805,68.0975,58.078,119.967,98.032,87.415,81.206,90.652,68.331,69.692,45.172,54.463499999999996,57.3175,55.1785,62.6855,68.28399999999999,75.955,58.613,50.0345,41.7275,121.79650000000001,83.2655,149.962,128.985,109.916,83.442,80.526,55.368,96.411,68.48,79.4065,57.5705,160.5045,76.6285,105.0995,57.408,84.9615,53.9305,77.392,67.0875,54.016999999999996,71.6165,66.25550000000001,70.5875,83.307125,70.20949999999999,76.7535,68.0925,76.8005,74.42150000000001,217.76500000000001,78.3035,87.1255,77.452,71.741,87.9265,74.4905,77.442,68.095,62.39,63.893,280.8105,90.34700000000001,42.0215,62.14925,119.38900000000001,65.1175,154.84449999999998,735.2695,156.5205,158.2115,63.909,66.38,65.173
2002-01-01,56.845,239.7155,53.9895,61.712500000000006,89.25450000000001,90.006,90.0595,73.862,67.9615,119.358,74.6695,61.2,59.422,64.5555,169.7285,156.1885,194.079,58.5785,104.02199999999999,48.3475,94.12475,53.495000000000005,88.72550000000001,56.822500000000005,89.321,67.9735,57.843,119.155,97.57,86.841,80.76,90.036,67.611,69.498,44.8125,54.1725,57.0675,55.0785,61.695249999999994,64.7295,75.9425,58.223,50.2975,42.6975,120.8515,83.1335,149.5265,129.289,109.326,83.149,80.237,55.352,95.838,68.208,79.10499999999999,57.1545,156.1825,77.402,104.56700000000001,57.324,83.439,53.803,77.169,65.7775,54.995000000000005,71.041,65.087,70.2205,82.55825,70.6575,76.51050000000001,67.96799999999999,77.0625,74.3085,216.774,79.991,86.9275,77.228,71.737,86.9345,74.65950000000001,77.218,67.971,62.571,63.867999999999995,278.429,89.65899999999999,41.025999999999996,61.0245,118.695,63.022999999999996,152.7015,731.6785,152.30599999999998,154.091,63.278000000000006,66.55099999999999,65.0995
2002-04-01,57.57,235.052,54.5805,63.2185,89.2775,90.12049999999999,90.16300000000001,75.0355,69.24950000000001,119.0595,75.1695,62.891999999999996,59.562,64.6405,167.7135,156.5625,192.213,58.5805,103.726,47.01,94.22749999999999,54.9195,87.9405,57.0005,89.535,69.28399999999999,57.751,119.027,97.58,87.292,81.249,90.552,68.767,70.066,45.5005,53.24,55.407,55.437,63.23475,75.3495,75.674,59.8635,51.573499999999996,43.7955,119.82000000000001,83.0575,148.974,129.617,109.322,85.052,81.999,59.098,96.248,69.391,79.1445,60.759,156.5565,77.992,104.30799999999999,57.688,83.388,54.4935,77.73,68.8685,54.9055,73.39825,67.96199999999999,70.34049999999999,83.09725,71.462,76.5585,69.27850000000001,77.2255,74.7375,215.78549999999998,82.508,86.9135,77.788,72.036,86.6745,75.15950000000001,77.78,69.2815,63.9565,65.203,278.2265,90.564,47.043000000000006,62.98425,118.9565,64.5155,152.80599999999998,726.6825,152.6705,154.562,64.8365,66.95750000000001,66.41550000000001
2002-07-01,61.792500000000004,219.827,56.9765,65.2685,88.8825,90.3355,90.3355,75.1345,70.32900000000001,118.5185,75.50450000000001,63.9035,60.239000000000004,65.28649999999999,164.19799999999998,154.4605,188.67849999999999,58.7715,103.907,45.7535,94.5245,56.4105,88.149,57.701,89.732,70.37049999999999,61.626,118.452,97.456,88.004,81.908,90.857,70.838,70.625,47.868,54.0005,55.407,57.6755,66.1325,76.21600000000001,75.99000000000001,62.7045,55.010999999999996,44.6365,119.4885,82.99549999999999,148.737,130.324,109.299,85.479,82.695,59.966,96.504,71.203,79.5,62.051500000000004,154.4545,78.67,105.2645,57.8425,84.443,55.664500000000004,78.664,70.1635,55.938500000000005,74.35925,69.536,70.73349999999999,83.819,73.0375,76.9185,70.3655,77.57,75.43299999999999,214.79500000000002,81.13749999999999,87.51249999999999,78.721,72.497,86.82300000000001,75.4945,78.714,70.368,66.753,66.41999999999999,276.228,90.908,48.311499999999995,63.97275,119.098,67.72800000000001,149.7835,715.312,150.62099999999998,152.55,67.112,67.2595,67.582
2002-10-01,65.161,215.589,57.799499999999995,64.77,88.90299999999999,90.816,90.519,74.54650000000001,70.9205,117.82300000000001,75.96549999999999,64.078,60.5515,65.88900000000001,160.6295,148.7625,185.146,59.0195,103.849,45.8375,94.457,57.088499999999996,87.8995,57.747,89.697,70.9525,62.588,119.162,97.382,88.185,82.11,90.936,71.441,70.868,49.1725,54.343500000000006,55.316,58.4925,69.10849999999999,78.985,76.37450000000001,62.9405,55.6105,45.7345,119.033,82.783,148.361,130.187,108.94,86.005,83.236,61.352,96.503,71.785,79.4555,63.232,148.75650000000002,79.5455,104.944,57.674,84.583,56.161,78.907,70.7185,56.698,75.19925,70.33250000000001,70.7665,83.850125,74.7045,76.92699999999999,70.9475,77.6765,75.74350000000001,213.46800000000002,80.979,87.64349999999999,78.963,72.876,86.9885,75.9555,78.957,70.95,65.144,67.057,272.885,90.97399999999999,51.0165,64.9375,118.695,71.08500000000001,148.37599999999998,714.0264999999999,145.0645,146.9475,67.8095,67.281,68.201
2003-01-01,68.67,208.2995,58.4795,66.54,89.09450000000001,90.9975,90.642,74.678,72.40950000000001,114.912,76.5445,65.9195,60.793000000000006,66.1585,160.4,146.05349999999999,184.1625,59.403999999999996,103.81450000000001,48.213499999999996,94.51025,58.68000000000001,87.852,57.941,89.697,72.41550000000001,63.345,117.134,96.364,88.315,82.463,90.98,73.411,71.66,51.7445,55.1165,55.316,59.117,69.7015,107.6885,76.582,66.408,55.879000000000005,46.4125,118.30850000000001,83.069,148.155,129.036,107.79,88.122,85.266,66.584,96.794,73.417,79.899,68.262,146.048,80.51050000000001,105.1815,58.095,85.006,56.321,79.79,76.6485,57.552499999999995,78.71025,76.0995,70.958,83.608625,75.0395,77.3535,72.40950000000001,78.03649999999999,76.588,212.348,82.654,86.8485,79.846,73.686,87.789,76.53450000000001,79.841,72.413,66.90899999999999,68.59,268.3995,91.39699999999999,60.6315,67.43375,118.6285,72.398,146.54500000000002,533.6305,142.423,144.2625,69.468,67.98,69.715
2003-04-01,68.2575,200.80200000000002,58.9135,67.025,88.87049999999999,91.1965,90.762,74.86250000000001,74.043,114.361,76.5815,67.259,61.239999999999995,66.9315,159.356,145.8665,182.65449999999998,59.2225,103.85650000000001,49.4625,94.5835,61.008500000000005,88.0435,58.109,89.743,74.0335,64.024,116.996,96.208,88.31,82.589,90.892,73.656,72.05,55.451,57.225,56.7035,59.6655,71.7595,97.542,77.257,69.6815,55.6035,46.881,118.03999999999999,83.1095,148.2335,128.974,107.581,86.033,83.919,62.752,96.527,75.314,80.27,65.405,145.861,81.3325,105.2185,58.417500000000004,84.89099999999999,56.153999999999996,80.046,76.36,58.861999999999995,76.71074999999999,75.7855,71.412,84.090625,75.924,78.144,74.0275,78.213,76.815,211.5165,81.0715,87.327,80.101,73.884,88.4865,76.5715,80.098,74.03049999999999,68.9645,70.46549999999999,264.78000000000003,91.517,52.514,65.1585,118.148,73.97550000000001,145.20600000000002,510.4315,142.2405,144.0655,70.268,68.60300000000001,71.50649999999999
2003-07-01,68.27,184.9085,59.813,67.9465,88.541,91.321,90.8505,78.3905,74.3785,113.2385,76.99799999999999,66.868,62.0875,68.42850000000001,156.7335,145.586,180.55900000000003,59.799,103.6285,53.081500000000005,95.01724999999999,61.611000000000004,88.2815,58.406000000000006,89.8075,74.3635,65.381,116.152,95.755,88.132,82.777,90.531,73.928,72.971,57.7765,58.170500000000004,57.0675,60.3865,75.4695,98.396,77.625,69.868,55.6965,47.8905,117.72800000000001,83.047,146.1365,128.752,107.421,86.168,84.195,63.164,96.482,76.207,80.625,66.061,145.58100000000002,82.213,105.3725,58.9645,85.6515,57.587,80.205,76.06049999999999,58.391,76.92075,75.54849999999999,71.7655,84.0385,76.37299999999999,78.73849999999999,74.3575,78.277,77.1755,205.6005,85.343,87.06700000000001,80.257,74.446,88.34,76.9875,80.257,74.361,70.3185,70.9195,264.5685,91.686,53.540000000000006,66.97675,117.85249999999999,79.15299999999999,143.84199999999998,459.95349999999996,141.96699999999998,143.772,72.7595,69.156,71.91749999999999
2003-10-01,74.97550000000001,177.84550000000002,62.67400000000001,67.995,88.376,91.7085,91.0835,80.074,76.118,112.3825,77.422,67.662,62.516000000000005,68.821,154.14,141.5225,179.0115,60.7485,103.7825,57.663,95.86149999999999,63.6785,88.5035,58.8655,89.8595,76.1105,71.557,115.461,95.693,88.863,83.37,90.607,75.96,73.292,58.930499999999995,58.163,56.658,62.748,75.12025,91.17949999999999,77.77250000000001,71.896,58.684000000000005,48.6765,117.59049999999999,83.168,145.5155,128.894,107.505,86.593,84.712,63.905,96.406,77.123,80.8065,67.494,141.517,82.7135,105.53899999999999,59.468999999999994,86.069,59.948499999999996,81.072,75.2535,57.4775,77.72775,75.461,72.1675,84.145875,76.44,78.67750000000001,76.10400000000001,78.864,77.774,203.73200000000003,83.672,87.4965,81.12,74.78,88.4705,77.4115,81.124,76.1075,70.2405,72.7695,266.6375,91.74799999999999,54.5295,66.906,117.1695,78.7245,141.36399999999998,436.26750000000004,138.005,139.73950000000002,72.69749999999999,69.641,73.7255
2004-01-01,75.4505,175.3,64.843,70.9865,88.107,92.13,91.456,82.173,78.08850000000001,112.4525,78.11500000000001,69.456,62.827,69.112,154.757,139.56099999999998,178.63400000000001,62.114999999999995,104.19149999999999,57.262,97.64475,65.96000000000001,89.19999999999999,59.1905,90.3255,78.10050000000001,74.259,115.819,96.343,90.26,84.662,91.881,78.615,74.386,56.689,58.114000000000004,57.3955,64.803,74.32725,101.84400000000001,77.9065,74.4665,61.9725,49.3095,117.1835,82.3555,145.0385,129.438,108.454,88.764,86.723,67.258,97.64,78.451,81.577,71.8295,139.55599999999998,83.0475,104.782,60.8995,87.2245,65.468,82.171,78.4745,58.801500000000004,80.44525,78.44200000000001,73.643,85.0735,76.955,78.94149999999999,78.094,79.40350000000001,78.8415,202.99149999999997,82.38050000000001,88.8955,82.214,75.82,89.0265,78.1045,82.224,78.098,71.1955,74.8355,259.327,92.19749999999999,61.1225,75.09649999999999,116.922,79.3335,139.46699999999998,424.0905,136.09199999999998,137.779,74.6495,70.9585,75.755
2004-04-01,74.3935,176.5405,67.218,71.29400000000001,88.02250000000001,92.57900000000001,91.819,86.27449999999999,77.584,112.262,78.773,70.314,63.2405,69.417,153.1295,137.132,177.1495,63.9725,104.1995,60.745,99.55375000000001,65.547,88.757,59.6845,90.684,77.60849999999999,76.52,116.068,96.982,91.398,85.592,92.921,80.606,74.917,56.7535,58.3775,57.7525,67.156,74.89525,106.953,78.66300000000001,73.7655,64.271,49.9105,116.5125,82.846,145.99099999999999,129.48,109.359,90.131,87.773,69.05,98.456,78.122,81.7145,74.7595,137.127,83.786,103.9275,63.409499999999994,87.223,70.502,83.686,80.033,60.3345,81.76125,79.7115,75.4945,85.85,77.5225,79.3495,77.602,79.488,80.1245,204.0475,83.213,88.93299999999999,83.729,76.877,88.989,78.7625,83.739,77.6055,71.217,74.37549999999999,257.23199999999997,92.58699999999999,65.6,75.38925,115.9565,79.5205,138.4595,421.2595,133.723,135.36950000000002,74.9185,72.4195,75.2775
2004-07-01,72.8845,173.2145,64.28049999999999,72.022,88.0625,93.0275,92.12700000000001,86.2475,78.57249999999999,111.8335,79.33949999999999,72.502,64.2805,71.9485,150.59699999999998,134.236,173.154,65.173,104.24199999999999,61.245999999999995,100.70325,66.7645,89.233,59.7225,90.8185,78.60300000000001,70.816,116.261,97.454,91.744,86.038,93.901,80.723,75.561,57.7695,59.2485,58.579,64.5845,76.231,113.069,79.2235,75.40350000000001,59.503,50.5715,115.6205,82.769,145.1935,129.758,109.51,91.15,88.765,70.951,98.857,79.003,82.047,77.733,134.23149999999998,84.21600000000001,103.69200000000001,64.67150000000001,87.89150000000001,75.142,84.197,82.7265,60.446,83.51025,81.997,77.601,86.56075,78.0835,79.73,78.59649999999999,80.111,80.6805,201.5325,84.809,89.2415,84.244,77.48,89.223,79.329,84.251,78.6,72.27199999999999,75.4355,247.7535,92.316,69.805,75.46175,115.4105,80.634,136.994,410.522,130.8995,132.51,75.8505,72.65700000000001,76.31049999999999
2004-10-01,72.7295,175.19350000000003,63.7835,74.22,88.04050000000001,93.31450000000001,92.46600000000001,83.9195,81.305,112.0155,80.12700000000001,74.691,65.02000000000001,73.211,148.20299999999997,131.2,169.37,66.553,104.5205,61.358000000000004,101.83675,69.499,89.6075,60.144000000000005,91.307,81.33500000000001,68.08,117.339,98.12,92.645,86.979,95.203,82.035,76.588,58.243,59.960499999999996,59.387,64.0975,78.12025,118.65549999999999,80.5485,78.38550000000001,59.047,51.1885,114.8385,84.2645,147.1285,130.254,110.023,93.429,90.953,75.08,99.59,80.811,82.9025,82.1825,131.19549999999998,84.40100000000001,103.01650000000001,65.56899999999999,87.695,78.696,85.214,85.669,61.357,86.34,84.63749999999999,79.444,87.833875,78.84200000000001,80.07050000000001,81.32849999999999,80.8455,81.5925,203.596,85.2255,89.6985,85.271,78.29,90.207,80.1165,85.269,81.332,74.80799999999999,78.15700000000001,238.2295,92.1845,78.2185,76.26625,115.3315,81.455,135.81,415.1995,127.939,129.523,77.619,74.523,79.0315
2005-01-01,74.334,176.30450000000002,64.7705,75.75450000000001,87.92949999999999,93.44749999999999,92.751,86.3895,82.1105,112.15899999999999,80.72200000000001,75.712,65.532,74.0655,145.817,128.865,166.002,67.945,105.2985,62.774,103.0955,70.4835,89.8595,60.4775,91.792,82.132,69.282,117.847,98.687,93.667,87.961,96.195,83.856,77.499,58.681,61.476,61.3035,65.197,79.226,117.229,81.9925,81.05600000000001,59.848,51.962,114.7075,85.40350000000001,148.3285,130.876,110.597,94.166,91.73,75.958,100.336,81.777,83.7285,83.947,128.8605,84.8245,102.86449999999999,66.7185,89.89699999999999,80.23949999999999,86.333,87.17750000000001,63.084999999999994,87.6645,86.15350000000001,81.3655,89.26575,80.06649999999999,80.758,82.125,81.155,82.608,203.8495,84.887,90.809,86.404,79.206,92.3805,80.7115,86.389,82.12899999999999,76.9005,79.015,230.425,92.542,80.405,76.5955,115.40350000000001,81.911,135.394,414.736,125.662,127.237,78.7685,77.872,79.869
2005-04-01,76.151,173.007,66.31,76.095,87.78049999999999,93.5355,92.912,86.1625,81.9985,112.03999999999999,81.339,76.399,66.0075,74.777,144.4205,127.744,163.3145,68.3495,105.1195,62.686499999999995,102.69675,70.652,89.84450000000001,60.8225,92.011,82.01249999999999,71.204,117.699,98.678,94.257,88.529,96.636,85.519,78.028,60.7315,62.2325,61.5285,66.5295,79.6965,128.052,82.361,79.59700000000001,61.9255,52.5915,114.123,85.667,147.126,130.849,110.322,95.38,92.687,78.773,100.617,81.574,84.541,86.50450000000001,127.73949999999999,84.995,102.575,68.19149999999999,90.2145,79.944,87.162,89.1285,63.2605,89.618,88.123,83.63050000000001,89.67975,81.56700000000001,81.2115,82.006,81.2765,83.3145,200.355,86.1995,91.187,87.242,79.794,92.68549999999999,81.328,87.217,82.00999999999999,76.9425,78.9875,225.04449999999997,92.8615,88.17099999999999,76.98525000000001,114.6945,82.078,134.506,403.8915,124.5685,126.14949999999999,79.132,79.5,79.81
2005-07-01,76.47800000000001,168.2615,66.2285,76.9935,87.912,93.691,93.065,85.278,82.69800000000001,110.9625,82.261,78.0915,66.6515,75.5705,141.74099999999999,126.436,159.1625,69.8485,104.72649999999999,61.474500000000006,101.971,70.8615,89.38,61.388999999999996,92.15700000000001,82.708,71.503,117.584,98.279,94.567,89.055,96.945,87.146,78.995,62.4275,62.918,61.792,66.7505,80.31400000000001,150.81650000000002,82.295,80.85300000000001,61.6085,53.076,113.40450000000001,85.62299999999999,145.11700000000002,130.333,109.427,97.532,94.52,84.318,100.668,81.982,84.662,91.16550000000001,126.4315,85.2355,102.377,70.1265,89.844,79.35249999999999,87.811,93.07249999999999,64.7165,93.08225,91.7775,84.7025,89.755875,82.1905,81.768,82.70150000000001,81.6735,84.1395,195.631,85.4205,91.3455,87.896,80.797,92.54599999999999,82.2505,87.867,82.705,77.6115,79.5505,213.4595,93.00999999999999,100.53399999999999,78.116,114.232,82.5515,131.55849999999998,388.55150000000003,123.2935,124.87899999999999,79.8165,79.968,80.416
2005-10-01,78.3665,163.9545,66.4525,76.402,88.09899999999999,93.805,93.16499999999999,86.1325,82.9775,110.2225,83.035,78.975,67.179,76.1315,140.3475,124.568,155.395,71.896,104.595,62.4195,102.91875,71.0855,89.973,61.8945,92.2235,82.9855,71.278,117.644,98.559,95.179,89.592,97.642,88.412,79.391,64.05199999999999,63.6285,62.1115,66.9345,80.50025,184.025,82.2215,80.3285,61.924,53.922,112.5155,85.6185,143.4915,129.698,109.276,99.472,96.121,88.64,101.741,82.069,84.84649999999999,95.685,124.5635,85.3785,102.228,71.6125,89.672,82.358,88.657,100.429,64.9455,95.89325,98.733,85.842,90.652,82.2695,82.1905,82.979,83.14699999999999,85.18700000000001,191.746,86.82900000000001,91.6935,88.742,82.049,93.8715,83.024,88.714,82.9825,76.0275,79.8255,199.35649999999998,92.814,105.7915,78.66925,113.61099999999999,82.88499999999999,129.948,374.0935,121.47149999999999,123.0545,79.50649999999999,80.238,80.69
2006-01-01,79.08,160.7935,66.6735,77.2205,88.069,93.87899999999999,93.27199999999999,87.2955,84.0075,110.1035,83.562,79.49000000000001,67.9945,77.3445,139.6275,121.625,154.3065,73.214,104.6845,61.5475,104.27,72.2565,90.686,62.459,92.32,84.01599999999999,71.144,117.96,99.212,95.691,90.131,98.226,88.65,79.992,66.43100000000001,64.786,62.75,67.1835,80.69825,152.938,82.17750000000001,81.8175,62.7005,54.8915,112.24799999999999,86.2185,142.483,129.551,109.491,99.557,96.328,88.633,101.021,82.849,85.408,96.66300000000001,121.62100000000001,85.50550000000001,101.6035,72.56649999999999,90.33,86.372,89.229,95.1645,65.289,96.113,93.893,87.551,90.923875,81.947,82.55850000000001,84.0095,84.0955,85.3995,188.993,89.053,91.7685,89.308,81.905,95.17699999999999,83.551,89.286,84.013,76.89,80.902,196.188,92.9405,108.1095,79.474,112.15549999999999,83.2065,129.1285,363.672,118.602,120.169,80.20599999999999,81.851,81.7475
2006-04-01,80.3425,160.53750000000002,66.603,78.461,88.158,93.976,93.6055,87.803,85.7875,110.124,84.267,79.8925,68.8035,78.4025,137.8025,119.477,152.125,74.43950000000001,104.9945,60.399,106.73225000000001,73.912,91.4585,63.1125,92.92099999999999,85.799,71.015,118.707,100.189,97.026,91.357,99.713,90.682,81.014,71.7635,67.0575,63.802,67.2105,81.77924999999999,138.4605,82.5025,84.7805,62.7055,55.9695,111.65450000000001,86.5455,142.863,129.757,110.354,100.671,97.493,90.098,101.119,84.257,85.90299999999999,100.3555,119.4725,85.5935,101.7535,75.37049999999999,90.162,93.53450000000001,90.747,92.57849999999999,65.6635,97.9005,91.5695,88.3485,91.708,82.46350000000001,83.44800000000001,85.792,86.03999999999999,86.352,189.36599999999999,87.8255,92.322,90.822,82.297,95.79050000000001,84.2565,90.805,85.79599999999999,78.47149999999999,82.65350000000001,192.973,93.4105,119.5735,79.99449999999999,112.12049999999999,83.8485,128.178,361.276,116.507,118.0455,81.137,83.56,83.50550000000001
2006-07-01,82.4865,162.61700000000002,68.93350000000001,79.235,88.249,94.0245,93.951,87.1665,86.936,110.358,84.874,81.03999999999999,69.2675,78.889,136.70350000000002,119.61699999999999,150.53750000000002,75.2525,105.66749999999999,61.757999999999996,108.69775,75.18700000000001,92.289,63.561499999999995,93.66,86.9535,73.885,119.552,100.909,98.306,92.458,100.825,93.048,81.761,71.9215,67.68950000000001,64.591,69.416,82.0235,143.5145,83.0955,86.321,65.92999999999999,56.791,111.1535,87.58,144.103,130.078,111.316,101.659,98.446,91.148,102.09,85.051,86.45400000000001,102.7165,119.61250000000001,85.6565,102.2815,78.40350000000001,90.99600000000001,98.89699999999999,92.157,94.56800000000001,66.902,99.213,93.556,89.88650000000001,92.81975,83.25800000000001,84.02799999999999,86.9465,88.2185,87.52199999999999,191.01600000000002,88.5,92.9305,92.229,83.232,96.28899999999999,84.863,92.216,86.9505,79.543,83.8455,189.202,93.7285,122.359,80.22874999999999,112.2675,84.024,127.075,365.20349999999996,116.64349999999999,118.16149999999999,81.7145,84.19200000000001,84.6805
2006-10-01,82.586,164.5555,71.48750000000001,79.736,88.2365,94.226,94.02799999999999,86.02,86.757,110.6615,85.0315,82.5025,70.08600000000001,79.6895,135.838,119.15,149.3065,74.93950000000001,105.8455,61.99,109.387,76.2265,92.7695,64.3695,93.5775,86.7835,77.431,120.218,101.292,98.304,92.47,100.459,92.297,81.798,72.189,68.326,65.3425,71.457,81.72475,135.8495,83.44800000000001,86.902,69.449,57.464,110.4105,88.5195,145.0535,130.486,111.743,100.155,97.303,87.341,102.366,85.492,86.9555,99.161,119.1455,85.8195,101.993,78.717,91.601,101.3425,92.303,93.94149999999999,65.81,96.379,93.0205,90.11449999999999,92.82875,84.065,84.31700000000001,86.7765,88.92599999999999,87.7135,192.1685,87.1485,92.624,92.373,83.47,96.33500000000001,85.02,92.362,86.78049999999999,80.648,84.01650000000001,187.15449999999998,94.41499999999999,108.584,80.53475,112.55099999999999,84.4585,126.98349999999999,368.41200000000003,116.188,117.6565,82.027,84.798,84.7355
2007-01-01,85.882,164.0695,74.301,80.8745,88.331,94.40700000000001,94.363,86.7065,87.6385,110.608,85.85300000000001,84.3825,71.011,80.2885,131.5745,118.87,144.85199999999998,75.8765,106.356,64.66749999999999,109.5785,77.011,93.048,65.4735,94.078,87.67750000000001,81.849,120.956,101.61,99.322,93.428,101.136,94.698,82.642,70.5975,68.561,66.2065,74.15899999999999,81.25574999999999,142.824,84.065,88.304,72.72399999999999,58.192,109.53200000000001,89.904,145.1465,131.014,111.699,100.792,97.935,88.793,102.725,86.066,87.979,100.7035,118.86500000000001,85.87899999999999,101.757,79.109,93.406,101.605,93.171,95.9365,67.187,97.97225,95.142,91.1555,93.3,85.62,84.755,87.67,89.601,88.301,190.6825,90.26249999999999,93.3985,93.24,83.78,97.20249999999999,85.842,93.231,87.6745,82.24449999999999,84.887,181.4845,95.52850000000001,109.8825,81.4335,112.6515,84.40700000000001,125.638,365.2425,115.91499999999999,117.3145,82.84049999999999,86.624,85.6095
2007-04-01,88.5365,161.5285,75.486,82.61500000000001,88.57300000000001,94.622,94.54249999999999,87.301,90.14099999999999,110.35249999999999,86.45599999999999,85.78450000000001,71.422,80.2765,128.1965,117.4685,141.33300000000003,76.676,106.643,67.2875,110.90775,79.1565,93.73,66.1595,94.19800000000001,90.18950000000001,82.706,121.108,102.186,100.691,94.65,102.555,97.634,83.59,73.321,69.6865,66.7705,75.298,80.88225,151.1855,84.37049999999999,90.5755,73.9675,59.263000000000005,109.767,90.262,144.4795,131.149,111.895,102.539,99.576,92.384,103.223,87.247,88.757,105.5515,117.464,85.7485,101.7945,79.815,93.50800000000001,105.93950000000001,94.633,98.307,68.6075,101.236,97.5255,91.6015,94.1685,86.2315,85.189,90.182,89.9925,89.436,188.563,89.8845,94.678,94.691,84.594,97.37100000000001,86.445,94.694,90.1865,85.2655,87.29400000000001,176.7745,95.3115,121.66900000000001,82.01599999999999,112.62100000000001,84.1185,123.238,356.7235,114.54849999999999,115.90100000000001,83.85499999999999,86.459,88.0445
2007-07-01,93.5775,152.519,78.6635,83.4735,88.8005,94.85499999999999,94.729,89.209,91.679,110.28049999999999,86.91900000000001,87.75399999999999,73.12950000000001,81.228,126.7925,116.25399999999999,140.524,77.0815,106.6705,70.22399999999999,110.84375,80.5735,94.338,68.3005,94.3175,91.73349999999999,87.342,120.194,102.066,101.433,95.348,102.902,100.071,84.214,74.975,71.0435,68.01050000000001,78.2025,81.92075,141.8255,84.9525,92.57499999999999,77.858,60.519000000000005,109.015,90.70150000000001,142.506,130.932,112.006,103.983,100.956,95.408,103.37,88.386,89.35,108.398,116.25,85.91,102.1945,80.442,94.417,105.908,95.436,97.989,69.532,103.56275,97.67599999999999,92.866,94.7355,87.602,85.691,91.726,90.988,90.14699999999999,183.16649999999998,91.571,95.1765,95.471,85.216,98.125,86.9075,95.497,91.7305,86.06700000000001,88.8015,178.09300000000002,94.2105,127.6745,82.3275,112.8365,84.70949999999999,124.117,330.1475,113.36449999999999,114.7065,84.6395,87.9445,89.5595
2007-10-01,97.892,142.746,83.7515,85.1325,88.9045,95.39,95.283,88.9235,94.707,109.815,87.66300000000001,92.045,74.2465,82.23,125.422,112.84450000000001,139.45350000000002,78.53999999999999,106.751,70.43900000000001,111.2895,83.587,95.0355,69.512,94.875,94.7645,94.611,119.037,102.252,103.112,96.811,103.997,104.682,85.287,77.199,72.519,69.25049999999999,82.7125,83.73825,151.698,85.257,95.0665,85.1835,61.962,109.1025,90.9705,140.237,129.976,112.005,108.31,104.708,105.02,104.074,89.758,90.033,117.262,112.84,86.02350000000001,102.8055,81.331,95.172,108.0415,97.283,102.029,70.1165,109.94925,101.766,93.42500000000001,95.629125,89.51650000000001,86.179,94.75649999999999,91.863,91.6505,177.772,90.1745,95.88,97.283,86.382,98.9735,87.6515,97.346,94.761,87.8715,91.805,178.60399999999998,94.5815,147.13400000000001,83.09325,112.925,85.26249999999999,124.531,300.7985,110.0395,111.37700000000001,85.914,87.9045,92.566
2008-01-01,104.2715,142.762,90.04599999999999,87.4575,89.405,96.0155,96.0255,88.358,96.445,109.856,88.39,100.763,74.94149999999999,82.733,122.18350000000001,115.0395,135.54,80.2695,107.8905,71.2775,113.351,85.117,95.644,70.3875,95.767,96.4975,104.323,118.789,102.994,105.59,98.71,105.73,110.503,86.107,74.9865,71.674,68.83699999999999,88.693,86.1195,165.29500000000002,86.575,96.9855,94.2895,62.995000000000005,109.645,91.6285,142.375,130.874,113.053,113.022,108.717,114.187,106.057,90.923,91.09049999999999,126.49199999999999,115.03550000000001,86.2835,102.82900000000001,81.357,96.5635,112.35300000000001,99.191,109.4145,73.49,116.465,109.11699999999999,94.67099999999999,97.178375,91.10499999999999,86.443,96.48949999999999,93.1265,93.1645,180.995,92.4265,97.46100000000001,99.142,87.51,100.738,88.3785,99.254,96.4945,90.2745,93.46549999999999,170.55200000000002,94.6985,163.76600000000002,83.644,112.587,86.0145,123.35400000000001,298.21849999999995,112.18,113.6115,87.7775,87.6605,94.24549999999999
2008-04-01,110.5145,140.0645,94.481,91.668,89.626,96.20150000000001,96.4545,88.7635,99.172,110.297,89.2075,104.0035,76.2445,83.581,120.9065,115.55350000000001,133.1655,83.079,108.838,76.312,116.68925,87.702,97.35749999999999,71.934,96.538,99.2185,109.563,118.393,103.621,108.351,100.763,108.236,117.399,86.794,70.3005,69.5745,67.52199999999999,92.6645,91.73275000000001,195.887,89.1685,99.50399999999999,99.46799999999999,63.714,109.71199999999999,92.7145,143.961,131.58,115.198,118.92,113.896,124.724,108.904,93.165,92.525,138.795,115.549,86.7125,103.8985,82.481,98.311,121.3925,102.982,117.261,74.47399999999999,124.78750000000001,116.8695,96.88499999999999,99.01875,93.16749999999999,86.2915,99.2105,94.1335,96.358,181.938,96.565,98.654,102.909,90.12,102.036,89.1955,103.048,99.21549999999999,95.25,96.1265,164.553,94.5565,191.31650000000002,84.76650000000001,113.3175,89.6005,122.42,286.42100000000005,112.68100000000001,114.157,91.7865,88.4145,96.923
2008-07-01,114.725,139.406,96.902,95.85900000000001,89.904,96.3805,96.7175,90.7565,99.07900000000001,110.3045,90.0855,110.132,77.094,85.195,118.7445,112.28399999999999,129.9395,86.70150000000001,109.1455,82.078,118.11,87.14750000000001,97.804,72.392,96.917,99.1155,112.336,118.909,104.149,109.844,102.113,109.612,120.842,87.846,68.0475,69.108,67.59700000000001,94.9205,97.959,199.207,89.932,98.4325,101.4255,64.624,110.24600000000001,93.993,144.6285,131.552,115.765,122.062,116.565,130.996,109.875,93.894,93.49199999999999,145.4755,112.28,86.96950000000001,103.75049999999999,83.291,97.85849999999999,122.80850000000001,104.724,121.69800000000001,75.3475,129.14725,121.293,101.084,100.839125,94.31450000000001,86.324,99.1075,94.757,97.76849999999999,182.04,95.963,98.941,104.657,91.205,105.4975,90.074,104.791,99.112,100.94749999999999,95.9225,158.0335,95.1155,203.7165,85.62375,113.51050000000001,95.224,120.372,279.0315,109.4925,110.935,96.301,90.3425,96.7525
2008-10-01,95.72749999999999,138.0085,85.6755,93.279,90.0115,96.295,96.88900000000001,89.9135,93.719,109.511,89.1805,104.792,78.41550000000001,87.3045,115.8215,109.15450000000001,127.2045,83.219,108.655,73.7975,110.6175,84.64,97.30099999999999,73.277,97.494,93.7415,92.296,117.237,101.341,101.593,95.962,102.594,102.28,85.634,58.272999999999996,65.0605,65.5115,84.6225,93.916,145.619,90.1965,91.2225,86.649,65.44149999999999,110.06899999999999,94.5625,144.019,130.782,113.14,106.974,103.954,101.06,106.629,90.959,92.93299999999999,109.99600000000001,109.1505,87.2515,102.727,83.343,96.112,100.54599999999999,96.668,108.69749999999999,74.09649999999999,106.41499999999999,107.5925,103.5265,97.224125,93.6345,84.6235,93.73349999999999,94.939,93.3815,180.5395,92.9735,98.9125,96.64,90.458,101.35,89.169,96.73,93.738,98.0785,91.33500000000001,154.6615,95.2345,128.0215,85.51474999999999,112.6905,94.9985,117.946,272.988,106.44149999999999,107.82300000000001,94.3845,89.905,91.93549999999999
2009-01-01,86.6785,135.459,83.7415,88.1695,90.05850000000001,96.27000000000001,97.0515,87.95400000000001,91.67099999999999,108.6115,88.5335,94.08699999999999,79.5155,88.1685,112.9885,107.80000000000001,124.2435,80.3385,108.227,68.3595,104.62174999999999,84.22749999999999,94.4125,74.414,97.889,91.679,89.042,116.748,99.676,97.562,92.715,98.497,94.194,83.719,47.9165,60.0625,62.825,82.8535,84.33875,118.45,89.99549999999999,90.656,85.59450000000001,66.612,109.2875,95.0395,141.089,128.848,110.165,96.701,95.345,83.011,103.327,88.325,92.733,88.27950000000001,107.79599999999999,87.61250000000001,103.6035,83.421,97.36949999999999,85.93350000000001,92.757,96.8845,73.34049999999999,93.46825,95.9325,103.699,93.74325,92.346,82.94800000000001,91.67099999999999,94.279,90.20750000000001,174.5545,93.0665,98.26249999999999,92.788,88.006,96.081,88.522,92.816,91.676,91.4795,89.7505,150.6535,95.2225,87.737,85.292,112.97200000000001,87.9615,117.1165,261.4415,105.12049999999999,106.439,88.7815,90.27600000000001,90.214
2009-04-01,85.279,131.9435,85.9535,82.556,89.995,96.321,96.9485,86.0245,92.316,108.1125,88.6385,92.625,79.8455,86.133,112.8235,105.6515,123.03049999999999,79.042,107.60499999999999,68.332,103.71575,85.564,93.893,76.032,97.568,92.315,93.133,115.337,99.563,98.064,92.67,98.596,95.825,82.723,45.611000000000004,58.3645,61.453500000000005,84.7815,79.131,103.59649999999999,89.9885,93.36699999999999,88.75049999999999,67.773,109.08850000000001,95.324,139.5735,126.797,109.321,98.586,96.64,87.594,102.151,87.529,92.94300000000001,92.09700000000001,105.64750000000001,88.101,102.565,83.773,96.767,85.1805,93.384,92.864,72.428,96.02674999999999,92.16999999999999,100.69300000000001,93.09925,92.4705,82.315,92.3075,94.395,90.251,171.4395,90.2915,97.3665,93.45,87.468,93.9165,88.6265,93.444,92.312,82.63550000000001,90.587,146.3905,93.98349999999999,100.0875,85.973,113.07,83.43350000000001,119.8085,251.285,103.0255,104.29650000000001,83.36500000000001,89.91900000000001,90.99549999999999
2009-07-01,88.2625,131.1615,85.5495,82.50399999999999,90.14699999999999,96.507,97.1455,87.29599999999999,93.643,108.156,88.9725,91.619,80.5775,85.8155,113.255,104.01650000000001,122.675,79.8745,108.0945,69.2415,106.40725,86.7415,94.50200000000001,77.254,97.80850000000001,93.638,93.049,116.363,100.459,99.294,93.691,99.982,97.659,83.359,44.3825,59.1755,63.107,84.3495,78.85575,100.0535,89.575,96.20599999999999,87.287,68.80850000000001,109.84,94.41,139.8235,127.05,110.185,102.369,99.677,94.471,102.432,87.949,93.571,100.055,104.013,88.261,102.393,83.829,97.145,92.71600000000001,94.682,92.02250000000001,71.845,100.8335,91.6815,96.995,93.527125,93.33,82.66149999999999,93.6305,95.253,91.17349999999999,172.5205,87.7125,97.6365,94.759,88.02,94.1985,88.961,94.743,93.63499999999999,81.896,91.8775,144.039,95.1065,115.392,86.35925,113.646,82.0805,118.8195,247.393,101.4315,102.685,82.814,89.437,92.29599999999999
2009-10-01,94.576,128.1345,85.63749999999999,87.9065,90.3355,96.6335,97.4105,88.27250000000001,94.717,107.81049999999999,89.5175,94.54849999999999,81.0255,86.2735,113.9125,102.21799999999999,123.1035,81.1385,107.99600000000001,69.731,108.465,87.7185,95.77,77.70949999999999,98.2745,94.713,92.716,116.664,101.088,100.361,94.859,101.2,99.459,84.689,47.5895,61.968,65.5495,84.3295,83.05475,111.3845,89.3035,98.2285,86.82300000000001,69.896,109.8385,93.92750000000001,137.5455,126.248,110.563,105.428,102.472,100.652,103.347,89.708,93.928,107.3425,102.2145,89.098,102.445,83.94,97.882,100.223,96.203,96.04400000000001,71.6775,105.18925,95.9405,97.017,94.527,94.8485,83.688,94.7055,96.19,92.569,168.58550000000002,87.652,97.70400000000001,96.266,89.295,95.178,89.505,96.265,94.71000000000001,89.2645,92.9265,143.82999999999998,94.8045,127.293,86.901,113.672,83.249,116.55449999999999,237.86700000000002,101.0265,101.419,86.807,89.531,93.3515
2010-01-01,97.954,123.70949999999999,87.475,91.0005,90.397,96.66650000000001,97.51650000000001,91.6285,94.8695,107.256,89.8325,97.483,81.2675,86.786,111.923,101.12049999999999,121.3295,82.67,107.80799999999999,73.2115,109.072,88.1215,97.17,77.8425,98.4685,94.872,93.531,115.453,101.103,101.476,95.845,102.332,102.384,85.455,53.5865,63.781499999999994,65.5685,85.9045,85.424,126.038,88.2115,95.821,88.6505,71.3885,109.4465,94.78450000000001,133.3825,124.757,110.443,107.436,104.168,105.326,104.173,90.213,93.8455,112.9825,101.1165,89.4445,102.065,84.553,100.5555,104.4245,97.314,101.0735,73.021,109.26650000000001,100.84,100.606,95.59925,96.003,84.21449999999999,94.864,95.768,93.6305,161.4415,90.2205,97.357,97.336,90.312,95.6245,89.821,97.376,94.8685,94.213,93.1455,142.4205,93.9625,136.936,87.55275,112.141,85.50550000000001,115.376,226.2655,100.75649999999999,100.6555,89.73349999999999,89.798,93.55000000000001
2010-04-01,101.66999999999999,120.57499999999999,88.116,94.485,91.0865,96.78999999999999,97.5075,95.398,94.765,106.8015,90.0515,99.5085,81.3945,87.1345,112.759,101.06049999999999,121.85600000000001,83.239,107.9345,78.09100000000001,110.6055,88.4345,96.5255,77.9135,98.339,94.7715,93.429,114.466,101.478,102.756,96.972,103.757,105.221,86.312,57.004000000000005,66.076,67.35300000000001,86.7345,88.91725,129.1405,88.239,92.652,88.4485,72.6585,109.154,95.111,132.691,124.377,110.537,106.666,103.696,103.589,104.348,90.816,93.719,113.97399999999999,101.057,89.351,101.55,84.498,101.28899999999999,108.7025,98.646,102.752,75.2285,109.637,102.642,103.894,97.09412499999999,96.178,84.92750000000001,94.7635,96.23400000000001,94.59649999999999,160.047,90.589,97.574,98.643,90.917,96.506,90.04,98.709,94.768,99.66,93.1445,141.7955,94.257,135.92849999999999,88.04325,111.2925,88.81,113.2215,218.2275,100.79050000000001,100.65950000000001,93.0385,90.40299999999999,93.5185
2010-07-01,104.4465,118.5795,90.7115,94.86449999999999,91.739,96.9135,97.7685,92.98599999999999,95.1305,106.399,90.22149999999999,99.0155,82.1265,88.0705,110.0125,101.04249999999999,119.882,83.276,107.64099999999999,78.785,109.49575,88.9605,96.401,78.537,98.8065,95.138,97.142,114.028,101.249,102.994,97.255,103.635,106.294,86.683,58.005,66.30199999999999,67.29650000000001,89.312,91.2555,135.766,88.397,92.402,92.07849999999999,73.3925,107.184,95.8155,131.4645,123.579,109.781,105.795,103.108,102.585,104.133,91.308,93.932,112.6965,101.039,89.551,101.2055,85.779,101.775,107.529,99.107,103.7265,76.682,109.14625,103.788,104.96799999999999,97.50675000000001,96.99449999999999,85.157,95.131,96.7735,94.9605,157.4235,93.77199999999999,97.79050000000001,99.094,91.186,96.548,90.21,99.17,95.135,100.2685,93.548,141.81,94.6565,131.887,88.8495,111.25450000000001,92.2255,111.998,211.87099999999998,101.26249999999999,100.8285,94.45599999999999,90.32050000000001,93.91
2010-10-01,116.679,118.7075,97.48150000000001,96.3495,92.52799999999999,97.13650000000001,98.143,93.26150000000001,96.42750000000001,106.54599999999999,90.758,103.152,82.721,88.5395,108.922,100.9375,118.777,85.186,108.2085,81.709,111.75375,89.975,97.6035,79.1985,99.4135,96.435,107.564,114.501,102.167,105.912,99.44,105.75,112.811,87.531,57.7275,67.7005,69.25049999999999,95.7245,92.544,131.713,88.70400000000001,95.2,101.092,74.7775,106.92949999999999,96.61699999999999,131.3585,123.611,110.47,108.421,105.456,107.723,105.008,92.575,94.481,119.9345,100.93350000000001,89.981,101.592,87.59,102.253,114.4325,102.371,105.6775,80.213,113.8835,106.7325,105.58349999999999,98.94775,99.508,85.9555,96.42750000000001,98.609,97.08,156.6245,92.359,98.7945,102.365,92.173,96.9255,90.746,102.436,96.432,101.7495,94.7835,139.83249999999998,94.15700000000001,145.61700000000002,89.303,111.68,92.7375,111.69,209.6085,101.56649999999999,100.866,95.48849999999999,90.2495,95.162
2011-01-01,134.155,118.7745,104.59700000000001,98.133,94.248,97.472,98.572,93.858,97.788,106.6615,91.5135,107.75049999999999,83.84700000000001,88.8765,106.9365,100.88149999999999,116.2365,87.4795,108.5755,86.955,114.78825,91.0,99.0145,80.655,99.9495,97.793,117.646,113.891,103.094,109.183,101.997,108.307,120.35,88.772,54.949,68.2465,70.9605,102.126,94.99625,142.578,89.357,96.4675,111.238,75.5195,106.875,96.985,132.0565,124.681,111.707,113.597,109.713,118.091,106.875,93.253,95.584,132.415,100.8775,90.6875,102.4025,88.6765,100.934,122.373,105.778,110.661,82.4925,121.64075,112.92349999999999,106.44900000000001,100.76275,101.0035,86.636,97.785,100.8255,99.533,157.52800000000002,94.3585,98.815,105.798,93.685,98.7495,91.502,105.846,97.7895,103.3135,96.065,136.2485,94.31700000000001,170.8755,89.66425,110.71000000000001,93.5645,111.5385,206.7215,101.2285,100.7055,97.0775,91.4645,96.4645
2011-04-01,134.691,117.4805,107.9925,101.287,96.276,98.91499999999999,100.0205,93.89349999999999,99.249,106.78450000000001,92.368,112.2165,85.471,89.2895,106.444,100.8785,115.2775,89.68350000000001,109.019,90.0385,116.38875,92.156,101.03800000000001,82.729,101.382,99.25200000000001,118.555,113.689,103.848,111.616,104.012,110.917,125.909,90.016,54.817499999999995,68.89099999999999,71.89949999999999,105.334,99.6705,148.888,90.3335,99.273,115.4245,76.62049999999999,107.388,97.44200000000001,130.48649999999998,125.136,112.746,117.414,113.011,125.579,108.292,94.528,96.62049999999999,141.512,100.8755,91.4005,102.4465,89.401,100.2425,126.059,108.41,115.05250000000001,85.876,127.86800000000001,116.9085,106.91499999999999,102.81175,103.525,87.3195,99.244,103.527,101.52600000000001,154.153,95.739,99.787,108.452,95.048,101.351,92.356,108.48,99.2485,106.56700000000001,97.4555,134.24099999999999,94.3075,191.083,90.01775,110.42349999999999,95.3295,111.1765,198.962,101.4315,100.759,99.824,92.372,97.8735
2011-07-01,128.815,116.12,107.5025,104.1485,97.8485,99.2205,100.649,93.422,99.4825,106.7375,92.76650000000001,115.35499999999999,86.144,90.3505,105.3735,101.12049999999999,113.41,90.3845,109.5555,90.4875,117.0625,92.6045,102.2425,83.2005,102.406,99.48599999999999,117.966,112.204,104.43,112.137,104.566,111.561,126.33,90.623,55.614999999999995,68.8315,71.5805,105.569,97.87625,157.3955,91.5115,98.72200000000001,113.837,77.6115,107.0675,97.899,129.206,125.888,112.784,117.201,112.879,125.009,108.624,94.728,97.5205,141.1805,101.1165,91.9285,103.281,90.543,100.5855,127.0145,109.034,117.2775,90.50999999999999,127.81775,118.375,108.0215,103.216625,104.9625,87.573,99.478,106.1575,102.2755,151.184,95.2895,100.8615,109.09,95.926,104.05850000000001,92.754,109.103,99.4825,111.2425,97.7425,131.40800000000002,93.83449999999999,187.917,90.7065,110.60400000000001,93.612,110.3055,192.8535,101.97049999999999,101.0875,101.298,93.09049999999999,98.146
2011-10-01,123.4305,114.5255,105.0005,104.2885,98.8145,99.62950000000001,101.0275,93.6935,99.02250000000001,106.554,92.9865,115.07,88.10499999999999,91.3605,105.3275,101.11949999999999,112.259,90.4185,109.57849999999999,93.1975,114.88075,92.5355,101.85249999999999,85.4735,102.80000000000001,99.02600000000001,113.776,112.275,103.932,110.536,103.455,110.213,122.671,90.416,56.822,67.43199999999999,69.363,103.273,94.77425,144.506,91.1565,96.8775,108.66300000000001,78.7405,106.748,99.16550000000001,128.5815,125.936,112.007,116.942,112.559,125.502,107.999,94.179,97.7485,138.56,101.1155,92.554,103.2205,90.766,101.011,120.4995,107.562,113.9705,89.97,126.8735,114.84100000000001,108.3555,102.32000000000001,105.1985,87.263,99.018,106.019,101.5205,149.472,95.5435,100.98599999999999,107.626,95.882,103.6345,92.974,107.631,99.023,111.73849999999999,97.3805,128.394,93.3275,185.82850000000002,91.2265,110.4,91.3685,109.51400000000001,188.906,102.1055,101.126,100.75399999999999,93.37950000000001,97.758
2012-01-01,125.0575,113.36,105.7655,105.63499999999999,100.3715,99.816,101.35650000000001,94.04400000000001,99.59700000000001,106.91,93.6385,114.4165,90.001,92.017,110.207,100.9905,114.851,90.85249999999999,109.94550000000001,94.4785,114.53225,93.1345,101.8945,87.80799999999999,103.3175,99.6035,113.9,111.602,104.16,111.114,104.101,110.828,123.906,91.186,56.0305,68.5415,71.05449999999999,103.979,94.461,127.973,91.506,96.4265,109.58500000000001,79.3305,107.388,100.4825,128.1085,125.079,112.031,118.156,113.643,128.558,107.778,94.726,98.17750000000001,141.1575,100.987,92.852,103.22550000000001,91.184,101.2475,118.85849999999999,108.066,111.096,90.66499999999999,129.1975,112.3555,109.6005,102.4725,105.4565,87.9445,99.5955,107.2935,101.85849999999999,147.833,95.7155,101.244,108.132,96.056,103.655,93.626,108.135,99.6,113.5255,97.958,126.418,93.9465,195.71,91.72749999999999,108.8965,91.703,110.257,183.35899999999998,102.1055,101.037,101.737,93.0505,98.334
2012-04-01,136.947,111.14699999999999,107.6495,106.779,100.8735,100.423,102.0335,95.86949999999999,99.712,106.6345,93.847,116.3155,90.655,92.4025,109.7525,99.72550000000001,114.076,90.92949999999999,110.01050000000001,92.613,114.02850000000001,93.4305,102.47749999999999,88.574,104.04599999999999,99.72,116.582,110.497,104.231,111.082,104.29,110.536,123.666,91.786,54.9865,69.63,72.7825,105.694,97.18875,111.0535,92.2245,95.63900000000001,113.09,80.4115,107.143,100.936,127.8805,124.436,111.649,116.98,112.755,126.219,107.693,94.967,98.637,138.312,99.72200000000001,93.22,103.3995,91.68549999999999,101.6605,116.76249999999999,108.053,109.76,91.1815,127.43575000000001,112.15899999999999,109.961,102.654,106.0085,88.35900000000001,99.712,107.3815,101.96549999999999,146.765,95.69300000000001,101.436,108.123,96.283,104.44749999999999,93.835,108.122,99.7165,114.8885,98.1195,124.943,94.22200000000001,190.096,92.1615,108.618,93.684,108.2205,177.623,102.00450000000001,100.137,103.064,93.4725,98.483
2012-07-01,125.4715,109.736,111.89750000000001,105.511,101.3885,100.2875,102.0615,97.4805,99.637,106.3555,94.161,115.211,91.239,93.116,109.6775,100.0575,113.4355,91.172,109.7405,92.851,112.66575,93.8725,102.24000000000001,89.076,104.246,99.64599999999999,124.903,110.462,103.795,110.99,104.223,109.596,124.22,91.765,55.010000000000005,69.57,72.6885,109.5265,96.094,116.16400000000002,92.291,95.0295,120.06700000000001,81.335,107.05600000000001,101.03450000000001,127.0545,123.687,111.044,114.68,110.94,121.346,107.086,95.074,98.7305,132.944,100.054,93.524,103.15299999999999,91.936,101.35149999999999,113.1755,108.092,109.34450000000001,90.7755,124.03025,110.7505,109.63499999999999,101.812625,104.95349999999999,88.57,99.638,106.684,101.9315,145.1255,96.842,101.826,108.169,96.176,103.453,94.149,108.161,99.6425,113.358,98.16749999999999,122.6995,94.7645,179.1275,92.74875,108.0735,94.38749999999999,107.66550000000001,173.1575,102.17349999999999,100.4185,102.41,93.28,98.5
2012-10-01,120.1155,109.6275,111.428,105.932,101.649,100.5075,102.211,98.2595,100.4975,106.365,94.67,115.1335,91.459,93.239,109.804,99.672,112.695,91.74350000000001,109.899,95.35900000000001,113.1015,94.926,102.73150000000001,89.35650000000001,104.29400000000001,100.507,124.856,109.882,104.031,111.181,104.579,109.819,124.328,92.423,56.3465,71.083,74.21000000000001,109.1545,96.37125,119.8595,93.20750000000001,97.273,118.153,82.122,106.67099999999999,102.039,126.49350000000001,123.443,111.162,115.951,112.098,124.394,107.379,95.77,99.2445,135.66649999999998,99.6685,93.6965,102.6155,92.0755,102.408,114.6555,108.415,110.9875,90.5375,126.03975,111.765,109.291,102.358,105.475,89.187,100.499,107.239,102.5745,143.4925,96.09649999999999,102.221,108.501,96.816,103.913,94.665,108.485,100.5035,113.316,99.071,119.82,94.7005,184.29149999999998,93.57075,107.316,94.3605,107.1245,171.985,101.90350000000001,100.07249999999999,102.60849999999999,94.97550000000001,99.3925
2013-01-01,123.642,108.821,110.6235,107.264,101.334,100.8475,102.44200000000001,100.4655,100.7885,106.4035,95.0245,115.3665,91.87700000000001,93.646,110.2145,99.69399999999999,112.366,92.756,109.202,96.614,112.28225,95.66999999999999,102.9565,89.7975,104.39500000000001,100.7975,124.217,110.438,104.119,111.372,104.896,110.094,124.716,92.97,56.599000000000004,72.006,75.3,108.6505,96.43675,120.4725,93.604,98.07499999999999,116.1035,83.2085,105.8355,102.42099999999999,124.066,122.397,110.787,116.043,112.273,125.187,107.362,96.269,99.768,136.50650000000002,99.6905,93.878,101.4875,92.744,102.95400000000001,113.6705,109.19,112.25399999999999,91.40950000000001,126.737,113.2765,109.26050000000001,103.218,106.48349999999999,89.6575,100.7895,106.4255,103.119,139.12099999999998,97.94149999999999,102.131,109.287,97.131,104.2485,95.02,109.26,100.7945,115.2055,99.4675,117.94399999999999,94.3885,185.464,93.78225,106.8105,94.28049999999999,107.90950000000001,168.0885,102.40950000000001,100.247,103.5945,96.09,99.762
2013-04-01,121.707,107.19800000000001,109.3435,106.5925,102.075,100.4985,102.0525,101.7045,100.7705,105.8335,95.1945,113.26050000000001,92.2175,93.973,110.49549999999999,99.89949999999999,112.249,93.027,108.2255,95.348,110.3095,96.2425,102.8075,90.1455,103.956,100.77850000000001,122.205,109.651,103.495,110.127,104.205,108.929,122.286,93.291,58.406499999999994,74.226,77.592,107.9175,95.2365,128.3015,93.785,97.9165,114.565,83.378,105.41,102.4645,121.236,121.577,109.499,114.212,110.845,122.46,106.617,96.503,99.4925,132.429,99.8955,93.879,101.1585,93.24549999999999,102.2445,109.348,107.939,112.4495,92.2775,124.118,113.3045,107.8545,102.847875,106.229,90.38300000000001,100.7705,105.178,102.443,134.26850000000002,97.95400000000001,102.318,108.033,97.029,104.83500000000001,95.19,108.009,100.775,114.22399999999999,99.5795,117.088,94.0355,175.637,93.819,105.9045,93.661,106.21799999999999,163.4065,102.5445,100.4315,102.936,96.33850000000001,99.8415
2013-07-01,117.2475,105.68299999999999,108.315,106.112,102.882,100.4255,101.661,100.686,100.979,105.76150000000001,95.6095,110.601,92.79249999999999,94.63,109.5635,99.7815,111.755,93.0695,107.54400000000001,96.3135,108.844,96.49,102.674,90.657,103.1165,100.9875,120.567,109.869,103.342,110.169,104.402,109.133,122.705,93.774,60.185,75.35499999999999,78.5315,107.327,95.26474999999999,113.54400000000001,94.4415,98.84450000000001,112.8345,85.049,104.88149999999999,102.355,119.684,121.368,108.539,113.506,110.347,122.163,105.462,96.864,99.6325,132.1785,99.77850000000001,94.361,101.3015,93.9975,101.571,107.28550000000001,108.119,108.6825,93.5,124.204,109.48,106.8,102.78525,105.411,90.9635,100.9795,104.357,102.201,131.589,99.3395,102.3535,108.196,96.365,103.6875,95.6045,108.188,100.984,113.4925,99.80799999999999,117.5805,94.6235,180.2495,94.031,105.798,93.9975,106.8625,161.166,102.71350000000001,100.40299999999999,102.72999999999999,95.7875,100.066
2013-10-01,114.771,103.107,106.146,107.809,102.66300000000001,100.797,101.775,102.44800000000001,101.14699999999999,105.292,96.132,109.62450000000001,93.1525,95.088,109.77799999999999,99.85650000000001,111.3815,92.57050000000001,107.057,97.2175,108.7475,97.191,102.137,90.974,102.9405,101.155,116.883,107.606,103.242,109.707,104.324,109.001,121.586,94.406,63.2545,77.483,80.41,105.831,96.53775,119.036,94.5095,100.3955,109.22800000000001,85.6345,104.45349999999999,102.7105,117.77250000000001,120.568,108.026,112.964,110.113,121.591,105.215,97.907,99.7755,131.7125,99.85249999999999,94.7645,101.5195,94.7775,101.659,108.26050000000001,108.044,109.3005,96.6405,123.71424999999999,109.8055,106.9435,102.97125,104.6465,91.826,101.14699999999999,104.388,102.28999999999999,128.1855,99.7875,102.62700000000001,108.092,96.618,103.89949999999999,96.127,108.114,101.1515,115.53649999999999,100.0985,116.0515,94.672,178.18200000000002,94.714,105.66749999999999,94.821,106.075,154.27050000000003,102.67949999999999,100.4435,104.0815,96.325,100.3275
2014-01-01,115.30000000000001,103.441,107.87899999999999,107.5215,103.021,101.0175,101.9555,103.8045,101.69800000000001,105.116,96.614,111.18299999999999,93.703,95.68,109.3735,100.00649999999999,111.1885,93.75399999999999,106.5895,100.843,108.52625,97.848,102.0195,91.6185,103.0615,101.70599999999999,118.638,107.982,103.314,110.524,105.076,109.729,123.767,95.038,64.72399999999999,78.7475,81.6315,107.574,98.96175,154.252,94.679,101.0275,110.8535,86.961,104.537,102.97049999999999,116.7595,119.199,107.76,114.493,111.454,126.18,106.055,98.47,100.11,136.135,100.0035,94.987,101.8055,95.6135,101.20599999999999,108.318,109.208,115.7775,97.626,126.60625,115.7415,105.4185,103.66725,105.3265,92.46600000000001,101.69749999999999,104.926,103.4405,126.324,100.35849999999999,101.774,109.213,97.756,103.10650000000001,96.60849999999999,109.278,101.70249999999999,114.4985,100.6805,115.8375,95.0325,186.5025,94.98075,105.2995,96.91550000000001,105.4345,150.50349999999997,102.8475,100.596,104.5135,96.88749999999999,100.90199999999999
2014-04-01,113.884,103.5055,111.0925,109.67,103.055,101.2715,102.1705,102.2195,102.603,105.0615,97.039,111.00049999999999,94.237,96.1545,109.4505,99.6175,111.5925,94.681,106.2765,107.957,108.113,98.6105,102.2585,92.2595,103.2595,102.6115,122.994,108.863,103.391,110.152,105.117,108.885,122.563,95.837,68.0395,79.50450000000001,81.8005,110.22550000000001,100.41125,132.8415,94.9545,101.60900000000001,113.70349999999999,88.015,104.266,102.9405,115.6125,118.252,107.438,113.487,110.759,124.032,105.651,99.073,100.614,132.743,99.61449999999999,95.223,101.5315,96.1425,101.166,108.072,108.475,112.905,96.9425,124.12925,113.0085,104.3385,103.95375,106.1445,92.84299999999999,102.60249999999999,105.166,103.12299999999999,124.39850000000001,101.445,101.521,108.451,97.854,103.5,97.034,108.544,102.608,117.34899999999999,101.5535,116.474,95.47149999999999,178.73700000000002,95.053,104.85,97.8075,105.3815,145.385,102.6115,100.2485,106.3785,96.9605,101.78200000000001
2014-07-01,110.2225,103.20400000000001,108.92349999999999,110.522,103.8935,100.8555,101.89949999999999,99.34649999999999,102.60249999999999,104.80850000000001,97.405,110.6385,94.93199999999999,96.732,108.57249999999999,99.69149999999999,110.5935,95.055,106.22,115.1825,108.0715,98.782,102.5095,92.9685,103.178,102.6105,117.481,107.498,103.192,109.444,104.862,108.63,120.914,96.423,70.601,81.3075,83.435,108.1235,100.52449999999999,124.59049999999999,95.291,100.7065,107.5985,88.5575,103.952,103.306,113.8495,117.153,107.143,112.599,110.092,122.129,105.416,99.337,100.85,130.7695,99.6875,95.4015,101.16499999999999,96.2825,102.339,109.97800000000001,107.988,111.7245,97.2425,122.8925,111.57650000000001,104.7365,104.055,106.976,93.513,102.602,105.435,103.0315,121.44300000000001,101.37950000000001,101.6075,107.948,98.157,103.3355,97.4005,108.057,102.607,118.3535,101.5935,115.036,95.6615,173.8745,95.391,104.4145,97.777,104.71199999999999,140.885,102.47649999999999,100.2635,106.93299999999999,97.531,101.81299999999999
2014-10-01,105.6395,102.88050000000001,106.5135,108.8925,103.85900000000001,100.84700000000001,101.82650000000001,98.3725,101.62450000000001,104.5325,97.381,111.4165,95.6705,97.138,108.236,99.70750000000001,110.2525,95.589,105.386,113.756,106.58,98.5555,102.1515,94.105,103.05199999999999,101.633,111.761,108.366,102.755,106.709,103.007,106.189,113.917,96.221,72.9235,82.37899999999999,84.22399999999999,105.807,99.137,114.721,95.55250000000001,97.8185,104.2005,89.368,103.512,102.9975,112.13499999999999,116.369,106.365,110.058,107.962,116.461,104.898,98.937,100.716,122.08349999999999,99.7045,95.6465,100.87700000000001,97.03450000000001,101.5455,107.381,105.299,110.6515,97.0675,116.60974999999999,110.179,104.8615,103.418375,106.97800000000001,93.8115,101.625,104.3715,101.78049999999999,118.7855,101.14699999999999,101.178,105.259,98.342,102.981,97.376,105.367,101.62950000000001,116.116,100.80199999999999,114.543,95.1705,150.3905,95.64999999999999,103.7865,97.678,104.0455,136.974,102.3415,100.239,105.702,98.67699999999999,100.9795
2015-01-01,103.6505,102.4445,103.22749999999999,106.2425,102.701,100.3675,101.155,96.854,99.49199999999999,103.981,97.066,107.894,96.0395,97.66499999999999,106.924,99.56450000000001,109.393,96.12299999999999,104.39150000000001,106.15899999999999,104.70025,97.81,101.574,94.4085,102.1055,99.501,107.665,107.096,102.212,103.124,100.461,102.659,104.834,95.59,72.675,82.8785,84.882,102.837,99.97025,101.912,95.60050000000001,94.174,101.7405,89.991,102.714,103.35050000000001,111.0855,113.233,104.98,104.643,103.4,103.844,103.482,98.03,100.543,106.4445,99.56049999999999,95.79650000000001,101.48150000000001,97.2855,99.8485,103.214,101.674,106.054,98.6255,105.0035,105.839,103.91749999999999,101.665625,104.666,93.869,99.493,103.7325,99.635,117.03450000000001,100.5985,100.9925,101.645,97.674,102.4125,97.061,101.739,99.4975,111.2175,99.01050000000001,114.1075,95.9945,111.15,95.856,103.49350000000001,98.18950000000001,104.3035,131.35199999999998,101.836,100.003,103.971,99.239,99.1125
2015-04-01,102.38499999999999,101.8395,100.0065,104.2515,102.337,100.3545,100.9145,94.247,99.36850000000001,103.26249999999999,97.457,107.0695,96.2635,97.527,103.9885,99.08099999999999,107.174,96.2175,103.9905,99.946,103.05199999999999,97.9705,100.5655,94.912,101.561,99.378,102.843,104.885,101.674,102.617,100.257,102.592,104.388,95.932,73.7225,84.679,86.8355,99.48750000000001,100.41575,93.23750000000001,95.67099999999999,94.988,98.832,91.628,102.45949999999999,102.953,110.30000000000001,112.003,103.831,102.922,102.037,101.121,102.374,98.222,100.3535,104.00899999999999,99.0775,96.194,101.1885,97.7305,99.61,99.78399999999999,101.352,104.0065,95.743,103.7255,103.86500000000001,103.38749999999999,101.11087500000001,102.895,94.5615,99.37,103.016,99.3455,115.8725,100.8425,100.929,101.338,97.416,101.38,97.452,101.417,99.37450000000001,107.718,98.963,113.071,96.80799999999999,109.5335,96.088,103.18700000000001,98.663,103.386,128.2,101.9375,99.6645,102.74600000000001,99.19200000000001,99.0475
2015-07-01,99.29,101.5075,99.16749999999999,103.322,101.99799999999999,100.5385,100.84100000000001,92.777,99.2895,102.5865,97.649,105.13050000000001,96.7015,97.6935,102.064,99.322,105.666,96.8455,103.544,96.929,101.2175,98.07400000000001,100.089,95.599,101.168,99.3005,101.42,104.997,101.081,101.038,99.33,100.998,101.076,96.196,75.003,85.561,87.62450000000001,98.425,97.26775,94.2815,95.541,95.8115,98.554,91.467,102.23,102.33250000000001,109.352,109.792,102.712,101.607,100.947,99.458,101.52,98.111,100.2885,99.94800000000001,99.3185,96.54650000000001,100.953,97.7865,99.647,95.405,99.806,102.5865,91.7095,101.365,102.281,101.229,100.266625,101.8025,94.92699999999999,99.2925,102.4095,98.613,114.489,101.066,100.6125,99.81,97.496,100.644,97.644,99.87,99.297,106.726,98.92750000000001,112.35650000000001,96.7945,101.80850000000001,96.55825,102.6455,97.3505,102.867,123.4385,101.56649999999999,99.75800000000001,101.681,100.1525,99.003
2015-10-01,96.9525,101.0145,96.559,101.6255,101.66499999999999,100.419,100.59700000000001,92.2995,98.7835,101.90299999999999,97.518,101.18549999999999,96.9135,97.707,100.8695,99.50550000000001,104.631,97.7565,102.924,92.04400000000001,99.52825,98.1865,99.434,95.9985,100.777,98.7955,98.766,103.122,100.398,98.912,97.773,98.921,96.427,95.678,76.965,83.83500000000001,85.126,96.26400000000001,95.964,85.5915,95.672,95.2825,95.91050000000001,93.26,101.9675,102.9785,107.706,107.898,101.64,99.04,98.75,94.187,100.391,97.501,99.98599999999999,92.566,99.5015,97.06450000000001,100.9605,97.7865,99.58500000000001,91.807,97.708,98.569,92.57300000000001,96.3405,98.42500000000001,100.145,99.041125,100.38,94.561,98.7875,101.87549999999999,97.325,111.75200000000001,99.4545,100.5495,97.735,97.016,99.9795,97.5125,97.771,98.792,104.0875,98.5925,111.2515,97.30250000000001,86.3615,96.88550000000001,102.07650000000001,95.8955,101.924,119.6045,101.33,99.8425,99.9445,100.6335,98.63149999999999
2016-01-01,94.85249999999999,100.43799999999999,95.4135,100.77799999999999,100.5815,100.1565,100.1075,92.55000000000001,98.062,101.021,97.412,98.24600000000001,97.078,97.839,99.267,99.62049999999999,102.6935,97.3165,101.947,91.243,97.944,98.00999999999999,99.10650000000001,96.2205,100.0275,98.0755,97.26,102.495,99.549,96.113,96.274,95.989,90.319,96.565,80.584,89.871,91.64500000000001,95.4255,92.373,71.94200000000001,96.6505,95.586,94.67949999999999,94.0935,101.42,101.928,105.923,105.357,100.553,96.895,97.004,90.133,99.45,97.463,99.7645,84.978,99.6175,97.4505,101.39150000000001,98.2325,98.9415,88.6275,95.633,94.47300000000001,93.3485,90.83025,94.5155,98.0995,98.09275,98.9285,96.107,98.0675,101.55799999999999,96.412,109.1625,99.005,100.4155,95.684,97.264,99.205,97.4065,95.694,98.07249999999999,103.2415,98.0255,108.1555,97.98349999999999,69.6825,97.35375,102.2405,94.01499999999999,101.0025,114.09450000000001,101.4985,99.973,98.7485,100.5505,98.0325
2016-04-01,95.67699999999999,100.23849999999999,96.6545,99.3555,100.7005,100.34899999999999,100.18799999999999,93.9325,98.44149999999999,100.788,97.991,98.2735,97.4435,98.1815,98.325,99.5935,101.819,98.165,101.5945,94.786,98.2195,98.5395,99.0355,96.607,100.059,98.4575,100.015,101.256,99.594,97.455,97.285,97.188,93.883,96.975,84.31899999999999,91.292,92.58449999999999,96.913,91.2195,73.96549999999999,97.894,97.4355,95.49600000000001,94.8045,100.8365,101.0025,104.531,104.206,100.493,97.442,97.52,91.765,99.378,97.847,99.7025,88.58000000000001,99.59,97.72999999999999,101.268,98.3715,99.27199999999999,90.521,97.172,94.8835,94.9045,93.21525,94.9605,97.81200000000001,98.43575,99.2935,96.789,98.4495,101.52199999999999,97.4015,107.0625,97.58250000000001,100.4795,97.246,97.705,99.575,97.986,97.234,98.45400000000001,101.17099999999999,98.451,107.065,99.2255,78.3825,97.6335,101.9485,93.4185,100.31549999999999,113.06049999999999,101.4985,99.95400000000001,97.44999999999999,100.205,98.44800000000001
2016-07-01,97.566,99.94399999999999,99.45150000000001,98.7,101.00800000000001,99.85,99.9325,94.44399999999999,98.324,100.168,98.324,98.238,97.595,98.446,97.0255,99.47649999999999,100.4665,97.5055,101.3395,95.17099999999999,98.563,98.33000000000001,99.005,96.721,100.0955,98.344,99.825,100.214,99.323,97.906,97.803,97.702,95.566,97.615,88.07849999999999,93.976,95.04599999999999,99.2465,91.48725,84.9375,99.72149999999999,97.866,100.5235,96.328,100.697,100.42949999999999,102.994,101.565,100.191,98.319,98.242,94.781,99.649,97.918,99.65950000000001,91.9165,99.4725,98.084,101.2295,98.3715,99.6985,93.2365,97.865,96.805,96.60650000000001,95.485,96.89150000000001,97.6235,98.705375,99.29849999999999,97.5355,98.3355,101.9145,98.14949999999999,104.5345,99.3,100.35650000000001,97.957,98.508,98.986,98.319,97.928,98.3405,100.03450000000001,98.322,105.512,98.4605,84.9075,98.18575,101.261,93.912,99.8475,108.7005,101.39750000000001,99.84049999999999,97.2365,100.4435,98.32249999999999
2016-10-01,98.32849999999999,99.67099999999999,98.971,100.83000000000001,100.5955,100.066,100.08500000000001,94.59700000000001,98.753,99.8155,98.797,98.123,98.0205,98.612,97.17750000000001,99.64150000000001,99.53,98.2595,100.669,94.30799999999999,98.27575,98.4665,98.8545,97.381,100.17099999999999,98.777,98.348,99.278,99.229,98.394,98.468,98.408,97.031,98.607,91.013,95.501,96.2855,98.8865,95.667,90.009,99.8215,96.3895,100.11699999999999,97.128,100.5675,100.41,101.57,100.457,99.868,98.586,98.535,96.152,99.489,98.325,99.6095,94.231,99.6385,98.7995,100.675,98.7055,99.6215,93.94200000000001,98.38,97.2355,97.66999999999999,96.91675,97.3445,97.979,99.032,98.9735,98.2045,98.769,100.8215,98.509,102.44749999999999,100.2045,99.64,98.486,98.712,98.936,98.802,98.443,98.7735,102.4485,98.674,103.49549999999999,98.533,90.93100000000001,98.938,100.6035,96.29,99.73949999999999,106.128,101.1275,99.9205,99.4985,99.2885,98.69
2017-01-01,99.767,99.5565,98.414,99.74350000000001,99.44300000000001,100.1,99.94,96.168,99.3625,99.7535,99.381,99.53450000000001,99.314,99.124,98.39349999999999,99.8125,99.3735,98.745,99.76150000000001,96.16149999999999,99.11275,99.036,99.3305,99.3785,99.76400000000001,99.3925,99.693,100.135,99.621,99.177,99.156,99.127,98.451,99.117,94.953,96.775,97.056,98.6925,96.87775,100.89,99.7715,96.857,98.72800000000001,98.052,100.1665,99.9545,100.3315,99.986,99.694,99.789,99.598,99.94,99.547,98.786,99.39,98.946,99.80850000000001,98.92699999999999,100.0655,99.6255,99.0985,97.6885,99.051,99.3785,98.7515,99.3885,99.41550000000001,98.4565,99.214125,98.446,98.8,99.384,99.53999999999999,98.9975,100.65,100.175,99.6385,99.167,99.02,99.9775,99.38550000000001,99.114,99.389,100.68549999999999,99.27000000000001,100.842,99.157,98.836,99.11075,100.475,98.027,99.327,103.214,99.87950000000001,99.82149999999999,99.32,99.6055,99.289
2017-04-01,100.126,99.7715,99.483,99.15450000000001,99.8365,100.05199999999999,100.10149999999999,99.2325,100.4255,99.8325,99.689,99.13749999999999,99.7015,99.78,99.8235,100.566,100.1595,99.1855,99.951,100.843,99.53225,100.5255,99.4525,99.66399999999999,100.08600000000001,100.449,99.423,100.652,99.736,99.033,99.245,98.993,97.873,99.632,98.513,99.309,99.4045,99.5875,98.66199999999999,103.0,99.862,98.502,98.9865,99.6,99.789,99.962,100.10499999999999,99.764,99.897,99.642,99.691,99.151,100.024,99.906,99.7515,97.8125,100.5625,99.905,100.03,99.7365,100.00550000000001,98.6155,98.85,99.814,100.033,98.59475,99.8515,99.31,99.54475,100.00200000000001,99.7535,100.441,99.85249999999999,99.332,100.2235,100.23949999999999,99.9835,98.969,99.889,99.863,99.694,98.913,100.4455,99.2525,100.4525,100.715,99.891,94.9485,99.557,99.932,99.48949999999999,99.519,100.66149999999999,99.947,100.4505,99.2945,100.00399999999999,100.44749999999999
2017-07-01,99.239,100.186,100.852,99.504,100.294,99.936,100.02,100.9015,100.2215,100.09100000000001,100.122,99.30850000000001,100.18549999999999,100.3655,100.67500000000001,99.8895,100.25,100.776,100.202,102.1905,100.149,100.61349999999999,99.75,100.1275,100.114,100.229,99.95,98.908,100.034,100.2,100.128,100.225,100.472,99.999,102.1005,100.672,100.381,100.67699999999999,101.4075,99.612,100.04150000000001,102.1685,100.6695,100.694,100.095,99.99549999999999,99.9685,101.079,100.11,99.57,99.75,98.531,100.116,100.505,100.2935,98.916,99.88550000000001,100.2935,99.989,99.7925,100.5375,100.18799999999999,100.108,99.583,100.2245,99.26425,99.5495,100.5135,100.021125,100.789,100.249,100.221,100.31899999999999,100.1335,99.89949999999999,98.714,100.03450000000001,100.225,100.235,99.9435,100.127,100.172,100.2255,98.9405,100.33500000000001,99.644,100.553,97.3355,100.22475,99.8825,100.535,99.9625,99.23400000000001,99.74449999999999,99.8575,99.7055,100.15100000000001,100.3125
2017-10-01,100.856,100.4125,101.251,101.5975,100.4165,99.912,99.9385,103.69800000000001,99.9905,100.32300000000001,100.7615,102.0195,100.799,100.793,101.108,99.76050000000001,100.2175,101.1745,100.0855,100.80449999999999,101.20575,99.8065,101.4535,100.83000000000001,100.036,99.97,100.934,100.338,100.608,101.59,101.471,101.655,103.204,101.252,104.43350000000001,103.24449999999999,103.01150000000001,101.043,103.25125,96.4975,100.3185,102.47200000000001,101.6165,101.59,99.95,100.08,99.594,99.203,100.298,100.999,100.961,102.378,100.312,100.803,100.565,104.3255,99.7575,100.8115,99.943,100.87899999999999,100.4745,103.50800000000001,101.529,101.224,100.815,102.7525,101.18299999999999,101.299,101.22025,100.7635,101.19749999999999,99.96199999999999,100.2885,101.419,99.2315,101.145,100.3435,101.639,100.857,100.2165,100.76650000000001,101.594,99.966,101.1805,99.94300000000001,98.799,100.4235,108.5325,101.13275,99.7305,101.9485,101.107,97.0505,100.453,99.87049999999999,101.68,100.239,99.951
2018-01-01,104.17850000000001,100.5775,101.1905,102.0055,100.9315,100.6745,100.4195,103.6745,100.59,100.20599999999999,101.512,104.7875,101.45400000000001,101.5145,101.3885,99.8595,100.1,102.299,100.4345,102.0315,102.5145,100.6165,100.807,101.392,100.1665,100.53,101.92,99.909,100.897,102.571,102.368,102.634,105.307,101.994,105.2175,106.01599999999999,106.168,101.29150000000001,102.96775,104.13,100.86250000000001,103.8295,100.848,103.4065,99.955,99.548,99.8995,99.167,100.802,102.655,102.508,106.26,100.913,101.872,100.79650000000001,109.333,99.856,101.0755,101.65950000000001,101.5755,101.584,107.20750000000001,102.645,104.076,103.709,106.175,104.0865,101.2745,101.78625,101.1485,102.263,100.52250000000001,100.4915,102.2515,99.7155,100.5325,99.62100000000001,102.74,101.401,101.0135,101.517,102.711,100.5265,102.402,100.607,98.13499999999999,100.952,117.498,101.53325,99.7595,103.438,101.2165,94.1905,100.95849999999999,100.0385,102.349,100.5075,100.601
2018-04-01,105.5295,100.785,100.53399999999999,103.0895,101.231,100.5315,100.493,107.1215,100.6695,100.315,102.062,105.66550000000001,101.716,101.9685,101.6645,100.255,100.2225,103.4505,100.439,101.0275,103.46775,100.03200000000001,101.55250000000001,101.6505,100.48949999999999,100.624,103.334,101.829,101.501,104.034,103.626,104.099,108.167,102.859,107.435,107.5185,107.55799999999999,100.902,107.82475,104.715,101.1885,104.85249999999999,100.019,104.1225,99.7595,100.56,99.249,98.552,100.82,102.896,102.793,106.921,100.886,102.345,101.3365,112.2695,100.2515,101.3605,101.80350000000001,101.826,102.26599999999999,109.5325,104.341,105.2765,104.3665,107.97200000000001,105.306,101.419,102.722875,99.998,102.97,100.6155,100.55199999999999,103.1825,98.4145,101.59700000000001,100.0415,104.417,101.56,102.3605,102.067,104.408,100.62,102.68299999999999,100.49799999999999,98.10900000000001,101.45,122.4525,101.944,99.1225,105.689,101.83,91.79650000000001,101.56649999999999,100.4705,103.761,100.593,100.5285
2018-07-01,100.85849999999999,100.6885,96.5425,101.2705,101.1725,100.44149999999999,100.351,104.5335,100.82300000000001,100.2155,102.459,106.5035,102.0435,102.57749999999999,101.5015,100.19800000000001,100.006,104.28999999999999,100.41499999999999,99.2315,102.482,100.8765,101.52199999999999,101.9185,100.304,100.844,97.999,99.887,101.386,104.179,103.834,104.802,108.73,103.182,109.338,109.201,109.2115,97.2725,109.78275,108.19550000000001,101.292,104.71950000000001,94.0925,104.5125,99.7075,100.7045,98.95400000000001,98.295,100.287,102.958,102.921,108.151,100.48,102.762,101.531,113.9585,100.1945,101.6645,101.5135,102.411,102.649,106.763,104.399,106.3655,103.65299999999999,109.7005,105.8455,101.1405,102.82075,99.313,103.608,100.836,100.167,103.141,97.90549999999999,101.35,100.6405,104.45,101.418,103.53,102.4645,104.466,100.84049999999999,100.01050000000001,100.86,97.814,101.783,128.229,102.16975,98.595,108.685,101.6965,90.4435,102.3415,100.544,103.22200000000001,100.79650000000001,100.854
2018-10-01,99.459,100.6585,99.257,100.725,101.311,100.53649999999999,100.3295,99.035,100.7905,99.99199999999999,102.8555,107.0255,102.503,103.3055,100.8495,99.92349999999999,99.2185,106.628,99.854,99.0715,101.34100000000001,101.247,101.46000000000001,102.30449999999999,100.205,100.9325,99.271,100.168,101.145,103.397,103.469,103.817,107.1,103.606,112.291,110.518,110.226,99.5575,111.6185,117.584,101.3825,104.167,98.236,104.84649999999999,99.57849999999999,100.88999999999999,97.231,101.0,99.65,102.327,102.428,107.556,100.366,102.876,101.65299999999999,111.4195,99.9195,101.72749999999999,101.5015,102.634,102.1805,106.09049999999999,103.675,107.9705,104.049,108.12125,107.1655,101.3195,103.08275,101.104,104.0255,100.92500000000001,100.3075,102.9825,95.2705,102.333,100.6485,103.697,101.828,103.5305,102.8605,103.742,100.929,98.9525,100.957,96.798,101.179,121.49549999999999,102.344,98.321,110.2945,101.2775,88.527,102.51050000000001,100.338,103.2525,100.82849999999999,100.9315
2019-01-01,98.5835,100.5395,99.01400000000001,101.084,101.6255,100.3385,100.399,98.99950000000001,101.3495,99.94200000000001,103.09,105.164,103.98949999999999,104.22749999999999,99.114,100.1765,97.7285,107.77850000000001,99.46600000000001,101.5075,100.83699999999999,102.08099999999999,101.535,103.9655,100.51050000000001,101.67,99.588,99.818,101.257,101.989,102.606,102.244,103.304,103.782,114.554,109.2705,108.3285,99.42,110.32125,114.2645,101.423,105.116,97.26249999999999,105.6465,98.8995,101.8755,95.23949999999999,102.402,99.156,100.767,101.221,103.922,99.874,103.206,102.06700000000001,105.9205,100.1725,101.87450000000001,102.01650000000001,103.91550000000001,102.5235,105.94200000000001,102.692,105.6755,104.739,104.289,105.005,102.677,102.51474999999999,101.12700000000001,103.9855,101.662,101.294,102.418,92.202,103.4925,100.93549999999999,102.678,101.687,103.7705,103.095,102.758,101.6665,100.0815,101.612,95.81450000000001,101.579,108.46199999999999,103.1225,98.0405,111.23599999999999,100.45400000000001,87.0565,103.0505,100.6325,103.7165,100.91900000000001,101.5755
2019-04-01,98.137,99.8095,100.16399999999999,100.07300000000001,101.918,100.187,100.4295,97.69749999999999,101.97049999999999,99.50999999999999,103.57849999999999,104.077,105.12299999999999,104.81649999999999,96.071,100.9545,94.93299999999999,109.20400000000001,99.551,103.89150000000001,100.587,102.27250000000001,101.7595,105.3225,100.7355,102.2405,98.984,98.175,101.381,102.608,103.427,102.975,104.692,104.984,114.2075,113.065,112.875,100.248,110.76775,101.89,101.7015,105.10249999999999,98.4875,105.44749999999999,98.512,102.2065,95.2105,101.635,98.466,101.365,101.725,107.053,99.265,103.307,102.303,109.0875,100.9505,102.22550000000001,101.8485,103.97149999999999,103.1695,105.79249999999999,103.439,103.06649999999999,103.5075,106.944,102.59700000000001,102.666,102.166625,102.1425,105.2515,102.2325,101.356,102.61500000000001,92.0155,103.594,100.8725,103.431,101.331,103.628,103.5835,103.505,102.2365,98.5995,102.1,93.394,102.5385,119.43299999999999,103.4145,97.793,111.9275,99.19,85.4105,103.6575,101.3885,103.2005,101.028,102.0865
2019-07-01,95.13900000000001,99.517,98.4595,98.2515,102.1395,99.9975,100.1725,96.288,101.9865,99.2635,103.826,102.67150000000001,106.105,105.0635,94.582,101.7345,93.60300000000001,110.19800000000001,99.6575,103.633,100.23425,102.11500000000001,101.53649999999999,106.542,100.4185,101.96799999999999,98.913,99.542,101.128,101.555,102.824,101.817,102.396,105.233,113.543,113.768,113.8515,99.05850000000001,109.55075,94.1865,101.2885,104.963,95.504,106.3875,98.32300000000001,102.481,94.41300000000001,100.209,98.12,100.094,100.654,103.94,98.743,103.115,102.80799999999999,104.951,101.731,102.63550000000001,101.96549999999999,103.97149999999999,104.303,105.533,102.351,100.73750000000001,104.19800000000001,104.267,100.2025,101.186,101.46925,101.6285,105.66149999999999,101.9605,101.9625,102.015,90.9415,105.651,100.86099999999999,102.391,101.223,103.4605,103.8315,102.417,101.9645,95.539,102.0545,91.79499999999999,102.539,110.219,104.94925,97.7815,112.462,97.952,84.039,103.7585,102.0835,102.1965,101.4185,102.042
2019-10-01,95.203,99.102,98.0385,98.8885,102.1275,99.87700000000001,99.971,95.2045,102.6695,98.77199999999999,104.1725,101.634,105.8295,105.4505,92.6245,101.73949999999999,91.83449999999999,110.88650000000001,98.98949999999999,104.8215,99.78399999999999,102.58449999999999,101.8305,106.047,100.1345,102.12950000000001,100.105,99.324,100.817,101.247,102.459,101.353,102.035,104.777,112.06700000000001,109.8175,109.5305,98.91499999999999,110.96775,105.583,100.8785,104.9785,94.307,108.1665,98.3785,101.987,92.3315,99.306,97.491,99.669,100.395,103.83,98.282,103.598,102.76050000000001,104.8625,101.7355,102.82300000000001,103.26849999999999,104.19399999999999,104.12049999999999,106.24950000000001,101.961,101.04849999999999,105.3085,104.098,100.493,99.74799999999999,100.825875,101.86099999999999,104.995,102.122,101.834,101.7995,88.19999999999999,105.3845,100.756,102.088,101.184,103.541,104.17750000000001,102.027,102.1265,95.586,102.65100000000001,90.44800000000001,102.748,109.209,105.1925,97.50399999999999,113.30250000000001,97.4765,82.74000000000001,104.09649999999999,102.13,103.02850000000001,101.4375,102.6335
2020-01-01,95.44800000000001,99.396,99.089,98.509,102.28800000000001,100.2565,100.3345,96.12450000000001,102.83850000000001,98.944,104.6075,101.0575,105.452,105.9065,92.2765,101.64500000000001,91.4495,111.9025,98.819,104.52199999999999,100.422,102.868,103.263,105.3755,100.43549999999999,101.5535,100.415,99.604,101.15,100.197,101.999,100.163,98.905,105.512,109.561,112.471,113.1005,99.9555,111.19825,95.931,101.168,104.864,96.0605,109.8565,98.225,102.19200000000001,91.5385,100.209,97.646,99.207,100.075,102.082,98.433,103.945,103.05799999999999,101.463,101.64150000000001,103.2005,104.25450000000001,106.061,104.28649999999999,109.00800000000001,100.72,99.148,106.128,101.30575,98.806,100.2195,100.875875,101.863,105.9535,101.54599999999999,102.4915,101.328,86.9865,103.3555,100.447,100.971,101.488,103.37299999999999,104.6125,100.784,101.55000000000001,93.81649999999999,102.861,90.18700000000001,103.29650000000001,99.6685,105.0885,97.79499999999999,112.8635,97.97200000000001,82.52850000000001,105.04050000000001,102.1695,102.9195,101.566,102.8095
2020-04-01,91.245,99.601,97.416,99.03049999999999,102.026,100.7155,100.572,96.34700000000001,96.4615,99.181,104.3905,98.11500000000001,105.768,106.4545,94.3195,102.29150000000001,92.332,112.0575,98.358,102.538,98.66875,99.90549999999999,103.638,105.61,100.399,94.8715,96.435,89.788,100.636,94.169,97.144,93.907,85.899,102.966,110.6325,102.9195,101.715,97.803,123.8495,87.1495,101.38,104.6055,94.3845,110.5755,97.9325,102.12,91.2425,92.196,97.251,95.63,96.884,92.885,98.03,102.674,103.09,84.5,102.2875,103.2055,104.0755,106.39500000000001,103.5275,103.759,93.808,94.91499999999999,101.3195,89.58675,94.5685,100.242,102.151375,100.9115,103.7475,94.864,101.6335,97.786,86.55799999999999,104.749,100.1885,94.099,101.347,102.83349999999999,104.3955,93.868,94.868,81.872,98.92949999999999,89.801,104.747,59.4915,102.3125,97.51849999999999,108.99350000000001,98.396,82.1015,105.108,102.741,101.17150000000001,101.569,98.5295
2020-07-01,91.3245,99.77850000000001,99.265,98.905,102.8655,100.6725,100.439,106.751,101.36349999999999,99.325,105.2045,99.094,106.348,106.73949999999999,94.7085,102.99600000000001,91.93199999999999,112.38300000000001,98.7815,102.86,101.962,104.6015,103.7885,106.28649999999999,100.2205,99.6315,98.84,94.974,101.504,97.716,100.19,97.61,92.598,105.058,110.404,110.121,110.1695,99.203,119.8895,99.816,101.237,108.58,97.21549999999999,111.0325,97.84,102.4085,90.773,97.867,98.257,97.789,98.909,96.952,98.984,104.001,103.273,93.9945,102.9925,103.2715,105.888,106.56200000000001,104.673,112.14850000000001,97.646,97.9435,97.737,95.28225,97.3065,100.58500000000001,102.626125,101.5125,105.8185,99.6235,102.8895,100.2315,85.8665,99.049,100.7155,97.949,102.383,102.828,105.20949999999999,97.708,99.628,86.631,103.662,88.44149999999999,103.113,77.338,103.236,98.9685,108.3765,97.52600000000001,81.7085,105.00649999999999,103.3455,100.757,101.5805,103.2665
2020-10-01,93.7385,99.6445,102.0205,102.09,103.1575,100.78049999999999,100.641,113.3715,101.5025,99.043,105.8295,101.7825,106.9385,107.227,92.975,103.988,89.911,112.316,98.539,104.723,103.94149999999999,104.5675,103.789,106.87950000000001,100.5155,99.969,106.028,94.033,101.773,99.403,101.749,98.656,96.102,106.384,114.752,114.5655,114.58449999999999,102.235,122.436,101.217,102.1765,110.0685,100.73400000000001,111.4555,98.452,102.16499999999999,89.3375,99.22,98.605,98.453,99.657,98.115,99.233,105.26,103.328,98.0025,103.98400000000001,103.29849999999999,104.89949999999999,106.7295,104.856,118.946,99.624,100.3565,100.62950000000001,97.16325,99.729,100.8125,103.2465,101.778,107.26050000000001,99.961,103.32499999999999,101.34899999999999,83.723,104.06450000000001,100.34549999999999,99.872,102.63,102.35499999999999,105.83449999999999,99.688,99.96600000000001,92.21350000000001,103.49000000000001,85.84899999999999,103.633,81.814,105.883,100.23349999999999,108.2385,97.14099999999999,80.5235,105.00649999999999,104.2175,102.447,101.78049999999999,103.1305
2021-01-01,101.03,99.97,108.801,105.9265,103.0335,101.0315,101.08600000000001,127.929,100.5925,99.36449999999999,107.04050000000001,108.25999999999999,108.39150000000001,107.666,93.10849999999999,102.893,90.10849999999999,113.25450000000001,98.07050000000001,110.785,108.56225,103.91300000000001,103.6405,108.8065,101.189,99.5685,117.033,94.109,103.096,105.331,106.645,104.037,108.21,109.031,120.394,123.71549999999999,124.1665,108.8845,126.3895,117.30199999999999,103.601,112.09899999999999,109.599,113.00399999999999,99.28299999999999,100.8305,88.2125,97.953,100.089,101.566,102.51,104.432,100.824,106.677,103.84549999999999,112.852,102.88900000000001,102.525,104.25,107.844,103.809,131.853,106.125,109.441,104.15350000000001,105.3615,108.631,102.851,107.020375,103.6765,109.7135,99.56049999999999,103.60249999999999,105.53,82.161,104.3995,100.6635,106.255,104.463,102.958,107.0455,106.193,99.565,95.28800000000001,102.47800000000001,86.218,104.8655,106.7695,107.819,100.264,110.13300000000001,97.6895,79.7305,105.54650000000001,103.3155,105.387,102.2145,102.12
2021-04-01,105.00399999999999,100.739,116.3565,109.3135,103.595,101.3135,101.45750000000001,148.68849999999998,102.332,100.04650000000001,108.6095,121.726,108.915,108.11699999999999,95.97800000000001,103.67349999999999,91.717,115.221,98.604,123.14,114.34375,103.602,104.4305,109.3725,101.674,101.6385,126.365,94.682,104.93,111.147,111.258,109.513,119.609,111.03,126.74000000000001,127.90100000000001,127.97999999999999,116.507,135.7495,137.9635,104.642,113.65899999999999,118.28550000000001,113.612,100.4125,101.571,88.32900000000001,97.739,101.985,104.845,105.63,110.437,103.229,108.949,104.7495,126.61099999999999,103.6695,102.5995,104.3715,108.84700000000001,104.34700000000001,144.2615,112.6,123.903,109.9855,112.97225,122.06700000000001,106.8415,112.40075,106.6935,111.51,101.6305,104.243,110.01050000000001,81.92750000000001,117.941,101.9065,112.625,106.92,104.6395,108.61449999999999,112.672,101.63499999999999,97.81,102.7255,86.654,106.0795,122.29650000000001,110.19775,99.578,115.924,98.1815,78.98949999999999,105.81649999999999,104.0355,110.3235,102.7415,102.6645
2021-07-01,107.4795,101.624,118.1035,111.8095,103.7645,101.602,102.233,131.725,104.09,100.886,110.1825,126.71350000000001,110.0335,109.28800000000001,98.1785,104.061,93.3745,117.7385,98.887,130.30399999999997,113.81775,103.479,105.7885,110.459,103.0135,103.59899999999999,127.733,96.257,106.071,114.121,113.857,112.654,125.157,112.842,135.10649999999998,130.881,130.1695,118.641,139.19400000000002,162.005,105.6965,114.717,118.19749999999999,114.73599999999999,102.4105,103.43950000000001,88.751,98.336,102.215,106.311,107.144,114.342,104.154,110.744,105.5525,132.124,104.057,103.0315,103.723,109.922,103.1095,146.4615,115.834,131.083,114.1115,117.41,128.75650000000002,110.3675,114.545125,108.827,113.054,103.591,105.7545,112.0415,81.94200000000001,129.772,103.299,115.776,107.733,107.0835,110.18799999999999,115.908,103.595,103.28450000000001,103.2775,87.6645,107.5305,134.7595,111.485,99.05600000000001,120.757,98.512,78.72399999999999,106.3115,104.4335,114.393,103.46700000000001,103.445
2021-10-01,113.18299999999999,102.399,118.731,113.10900000000001,104.245,101.95400000000001,102.81,131.2705,104.61500000000001,101.5295,112.07499999999999,134.15,110.8135,110.277,99.375,104.41300000000001,94.029,125.5415,99.2635,132.9305,114.46075,103.2995,107.299,111.158,103.863,104.19749999999999,128.158,99.148,107.122,116.164,115.72,114.858,128.541,114.321,143.6635,132.0885,130.3365,119.4065,149.97075,183.9975,107.102,115.1305,118.169,115.47800000000001,103.2085,107.4585,89.0435,97.083,102.525,108.175,108.899,119.313,105.058,112.003,106.4315,138.52499999999998,104.40899999999999,103.05850000000001,103.188,111.01599999999999,103.1345,146.7025,117.931,138.23450000000003,117.1425,122.27775,135.72050000000002,114.1645,115.2635,109.836,114.29050000000001,104.189,106.8465,113.489,81.27600000000001,139.64350000000002,104.059,117.819,108.522,109.86099999999999,112.0805,118.007,104.1935,100.7135,103.435,87.5085,108.4845,146.5965,111.88974999999999,98.6695,124.897,98.6995,78.541,106.5565,104.77000000000001,117.24199999999999,104.7715,103.673
2022-01-01,117.46549999999999,103.8555,126.44800000000001,113.94049999999999,104.7775,102.7045,103.997,149.965,106.67099999999999,102.92500000000001,114.32300000000001,142.0325,112.22149999999999,111.967,101.0385,104.0795,95.3685,130.8625,100.262,134.7025,120.05375000000001,104.3055,109.8815,112.4165,105.54400000000001,106.179,137.176,98.478,109.268,122.383,120.614,120.779,140.424,116.386,156.03300000000002,133.63799999999998,130.42649999999998,126.72749999999999,152.7955,202.5375,108.6065,117.645,129.679,116.914,104.88900000000001,115.1335,90.34450000000001,98.292,105.124,112.143,112.376,126.124,107.85,113.123,108.239,153.19299999999998,104.0755,104.023,104.28899999999999,116.08250000000001,103.0615,156.41250000000002,124.448,145.933,120.994,130.7595,143.0095,118.27850000000001,117.724125,112.4375,115.896,106.1705,110.4745,118.24549999999999,81.351,142.8225,105.5235,124.31,111.489,111.3045,114.32900000000001,124.528,106.175,99.8635,105.08250000000001,88.3955,110.3715,173.25900000000001,112.12774999999999,99.6405,126.4555,99.96600000000001,78.334,107.3545,104.5675,119.0265,106.788,105.4085
2022-04-01,121.33449999999999,105.01599999999999,131.0425,120.8605,104.8745,103.3035,105.4615,150.881,109.5145,104.0085,116.717,148.305,113.492,113.807,101.483,103.9195,96.50800000000001,136.80149999999998,100.22399999999999,135.2855,121.6145,104.0505,111.6845,113.44149999999999,107.96799999999999,108.963,145.476,99.804,111.021,129.786,126.218,128.076,155.807,118.259,170.124,131.0005,125.5145,130.9725,163.089,275.772,113.738,117.189,136.4975,117.9125,105.673,115.237,90.267,98.775,105.833,115.409,115.49,134.75,109.018,115.531,109.48349999999999,170.93099999999998,103.91550000000001,104.578,103.5855,119.20249999999999,102.1985,161.13850000000002,132.361,159.628,120.47999999999999,143.11775,155.644,121.55699999999999,120.86749999999999,114.51400000000001,116.646,108.955,112.387,122.9275,80.462,139.5385,106.258,132.218,112.905,112.7105,116.723,132.446,108.959,109.3595,106.67850000000001,90.2925,112.869,211.0995,112.77825,99.8725,135.4705,101.782,78.0775,107.76150000000001,104.47,126.5505,107.3175,107.2615
2022-07-01,118.4685,105.21799999999999,128.388,121.4575,104.69800000000001,104.13300000000001,106.3505,140.1395,108.35300000000001,104.384,118.06,146.594,114.65700000000001,115.3305,100.2745,104.05350000000001,95.439,144.978,100.11449999999999,132.941,117.43525,103.68,112.7735,114.45949999999999,108.9315,107.8165,142.055,99.49,110.651,125.029,123.245,123.203,144.97,118.984,185.489,130.779,123.09100000000001,127.791,164.74599999999998,248.23250000000002,115.001,117.18199999999999,132.28050000000002,119.334,108.16050000000001,114.6565,90.0555,97.946,104.8,113.397,114.096,130.698,107.927,117.006,110.41,158.41250000000002,104.05000000000001,105.37950000000001,102.4995,122.35849999999999,100.89250000000001,147.638,127.206,154.06,113.6215,135.92525,150.29500000000002,122.79599999999999,120.079125,114.972,117.46000000000001,107.8075,112.975,120.03200000000001,80.011,139.4505,106.49600000000001,127.097,112.292,113.691,118.066,127.287,107.81200000000001,113.26650000000001,105.82849999999999,89.203,114.0805,188.51600000000002,113.022,99.75800000000001,144.7635,102.305,77.75450000000001,109.53550000000001,104.786,130.5445,107.9765,106.3515
2022-10-01,115.9875,105.09049999999999,128.66750000000002,119.143,104.846,104.7255,106.71350000000001,129.3875,110.94749999999999,104.441,119.13550000000001,139.748,115.81049999999999,116.9635,97.137,103.43950000000001,94.08,149.642,99.7975,128.822,115.70575,105.91149999999999,112.96199999999999,115.418,109.0275,110.4495,141.111,99.174,110.297,121.36,121.372,119.314,136.674,120.829,193.8745,139.659,131.95600000000002,127.814,158.53275,232.7835,114.26650000000001,119.02250000000001,132.982,119.756,110.21199999999999,113.999,89.253,100.147,104.205,111.352,112.784,125.639,107.207,119.02,110.924,147.524,103.43549999999999,105.7005,102.009,125.6095,100.219,144.743,123.317,144.9875,112.7355,128.56074999999998,141.887,123.962,117.30449999999999,116.2115,119.895,110.4405,111.762,117.7165,79.1495,127.60150000000002,106.6,123.264,111.567,113.05099999999999,119.142,123.396,110.4455,113.84100000000001,108.2735,89.8665,115.138,168.484,113.43425,99.341,148.76049999999998,101.631,77.70349999999999,110.8055,104.3865,129.652,108.44,108.8255
2023-01-01,117.042,105.8,129.646,118.1725,105.2485,105.5515,107.77199999999999,126.5925,113.045,105.315,120.12700000000001,135.537,118.4495,118.5495,94.3415,104.935,92.671,153.4205,100.5085,125.56,116.47425000000001,107.47149999999999,114.243,118.451,110.34450000000001,112.6235,139.886,97.471,111.686,120.424,121.334,118.419,132.435,122.623,188.9975,144.9375,138.7445,128.6575,148.50125,214.7025,114.8335,122.4385,134.236,121.283,111.85300000000001,117.143,88.884,100.545,104.445,110.635,112.343,122.917,107.312,119.843,112.87299999999999,141.5935,104.93100000000001,106.6685,103.846,126.9125,101.4255,146.83499999999998,122.398,139.20800000000003,112.7895,124.501,136.8835,126.873,117.1815,119.821,121.957,112.61500000000001,114.172,117.527,78.1255,121.62100000000001,107.78049999999999,122.42,112.111,113.5245,120.13300000000001,122.476,112.61949999999999,113.4015,110.131,89.6495,117.14250000000001,155.422,114.43124999999999,100.61699999999999,144.6735,100.7925,77.7375,112.8945,105.9615,127.45349999999999,109.071,110.727
2023-04-01,118.08500000000001,105.89,127.02949999999998,116.856,105.7705,105.044,107.7945,123.18549999999999,112.06649999999999,105.69,120.6275,131.235,121.199,120.8735,93.05099999999999,105.50049999999999,91.7995,152.8985,101.23400000000001,129.16750000000002,115.56225,106.8815,114.2615,121.33349999999999,110.9845,111.709,136.344,100.307,111.998,118.463,120.225,116.604,127.234,123.24,191.106,148.43349999999998,142.34300000000002,125.7885,142.07125000000002,154.1875,115.551,124.899,128.566,122.405,112.125,118.22749999999999,89.41499999999999,102.483,104.058,109.044,111.04,118.75,106.298,119.854,113.824,134.0405,105.4965,107.483,104.3375,129.51850000000002,102.245,143.001,120.293,128.97199999999998,107.728,119.91225,127.89349999999999,127.6085,116.279,120.4365,123.26050000000001,111.7,116.264,116.047,78.526,115.601,108.4225,120.37,111.266,113.3715,120.63300000000001,120.37,111.7045,113.744,109.2755,88.962,119.0455,144.349,114.77875,101.71199999999999,141.102,100.19399999999999,77.7595,113.625,106.55449999999999,125.16,109.7575,109.8455
2023-07-01,116.3235,105.821,127.443,113.5195,105.638,106.33699999999999,108.7025,123.55,111.4565,105.693,121.38499999999999,128.1095,122.367,122.0665,92.4115,106.40950000000001,91.26050000000001,151.139,101.02850000000001,132.15300000000002,113.396,106.274,113.9605,122.487,111.4005,111.13900000000001,133.502,101.231,111.967,119.747,121.441,118.219,130.389,124.3,186.2815,153.4525,148.87099999999998,125.49,144.48624999999998,162.631,115.5905,125.922,128.248,123.929,112.39699999999999,119.452,88.664,103.726,103.552,109.071,111.061,119.903,105.924,119.847,114.11250000000001,135.872,106.4055,108.561,105.50200000000001,131.08100000000002,102.053,135.756,121.676,127.506,103.4395,122.0185,126.436,126.82,115.1315,121.58099999999999,124.8495,111.13,116.3105,116.63650000000001,77.394,113.89500000000001,108.1485,121.792,111.055,112.738,121.39099999999999,121.754,111.1345,108.19749999999999,108.65899999999999,88.6305,118.72049999999999,154.35,116.67325,102.67699999999999,144.8315,98.8635,77.173,113.6285,107.3575,123.37799999999999,110.2095,109.23
2023-10-01,117.49449999999999,105.746,126.146,113.80799999999999,105.2425,107.76249999999999,109.69300000000001,122.667,110.57050000000001,105.6175,121.87950000000001,127.77449999999999,122.81700000000001,122.656,92.019,107.8065,90.82249999999999,151.077,100.503,131.611,112.512,105.28899999999999,113.46799999999999,122.9045,111.857,110.27199999999999,130.163,101.637,112.461,118.726,120.792,117.4,127.221,124.401,186.2815,151.59300000000002,146.69,123.6395,140.9915,156.9545,114.34800000000001,124.824,126.0675,126.72800000000001,111.4015,118.982,87.705,103.585,102.87,109.149,111.058,121.6,105.405,119.488,114.318,135.513,107.80250000000001,109.027,105.89699999999999,132.817,101.7505,134.156,120.557,126.96600000000001,99.6165,122.14775,126.145,124.457,115.371375,121.707,125.1445,110.2635,116.68,115.8915,76.4145,115.0335,107.983,120.69,110.689,112.64150000000001,121.886,120.635,110.268,108.11349999999999,107.75200000000001,88.0595,120.8485,155.007,118.36325,102.9495,141.7705,98.786,76.72749999999999,113.35149999999999,108.548,122.9065,110.59649999999999,108.3275
2024-01-01,122.911,106.656,126.6815,115.489,103.99549999999999,108.3805,110.584,124.152,112.7285,106.1955,122.84450000000001,127.8125,126.6675,123.312,91.84,107.5455,90.097,151.6635,100.66550000000001,135.7005,113.18275,106.731,114.8595,127.9445,113.071,112.4255,127.267,100.666,113.17,118.955,121.53,117.904,126.793,126.153,179.82999999999998,157.364,154.12849999999997,124.0595,138.99525,147.215,114.395,126.734,124.7595,129.493,111.7515,119.636,88.0435,103.48,103.479,109.649,111.786,121.859,106.361,121.216,114.56700000000001,134.49,107.5415,109.393,105.93549999999999,135.653,102.19550000000001,134.345,120.851,125.98349999999999,101.04050000000001,121.10325,125.9915,126.2055,116.2985,124.7445,126.94749999999999,112.417,118.259,116.5585,76.7745,118.20150000000001,108.5675,120.984,111.728,113.47749999999999,122.851,120.928,112.42099999999999,110.695,109.6525,86.6525,123.275,151.5255,119.79825,104.7405,141.5085,98.05799999999999,77.023,114.792,108.464,124.19050000000001,111.03899999999999,110.2785
2024-04-01,143.539,105.8145,126.742,116.53399999999999,103.9745,108.8945,111.436,124.4975,111.7855,106.40299999999999,123.595,126.119,127.11149999999999,124.254,91.741,108.81649999999999,89.3905,151.406,100.9725,141.6125,115.133,106.411,115.033,128.173,114.3115,111.4845,126.174,101.085,114.273,119.637,122.339,118.738,126.897,127.209,181.1725,161.6855,158.869,124.1545,136.7965,134.532,114.7,127.1215,121.5275,131.50150000000002,111.6905,121.6455,88.25399999999999,102.091,103.837,110.268,112.373,123.042,106.767,121.659,115.2865,136.4135,108.81200000000001,110.341,105.63550000000001,138.38299999999998,102.6745,140.29399999999998,121.654,123.71100000000001,101.15950000000001,121.92925,125.876,126.6665,117.06575,127.884,128.5035,111.4755,120.2295,117.268,76.7125,122.404,108.149,121.788,112.341,113.96549999999999,123.601,121.732,111.48,112.1225,108.94749999999999,85.24600000000001,123.5275,154.3025,121.32525,106.4305,139.1605,97.6165,76.664,116.77350000000001,109.805,124.5735,111.401,109.52850000000001
2024-07-01,134.3245,105.4635,127.7885,113.477,104.2695,109.47149999999999,112.0395,126.077,111.569,106.4935,124.19999999999999,126.559,126.383,125.202,91.5865,111.05850000000001,89.43299999999999,152.7935,101.0675,142.98250000000002,115.64,106.7875,115.4045,126.601,114.928,111.26849999999999,124.37,101.39,114.352,118.732,122.066,117.912,124.619,128.194,186.1285,166.03199999999998,163.128,125.0935,145.62275,124.977,114.74549999999999,129.1445,123.26750000000001,130.8705,111.005,121.0585,88.1595,101.854,104.259,110.119,112.315,121.646,107.127,122.006,115.62299999999999,133.4805,111.054,111.424,107.135,141.01350000000002,103.077,142.35500000000002,120.823,122.95349999999999,103.437,119.62425,124.3605,126.44149999999999,117.848625,128.441,130.14000000000001,111.2595,120.62049999999999,117.07900000000001,76.681,122.904,108.303,120.956,112.797,114.178,124.20599999999999,120.9,111.264,105.139,108.935,85.50200000000001,124.01400000000001,146.2015,124.0265,108.286,142.0375,96.023,76.613,117.268,111.89099999999999,122.86099999999999,110.88650000000001,109.476
2024-10-01,136.2145,107.16,129.519,116.19550000000001,104.155,109.904,112.47399999999999,128.3495,111.2495,106.8855,124.8765,126.718,127.429,126.439,93.4325,111.531,90.62950000000001,153.05349999999999,100.9185,145.6045,116.801,105.8945,115.3305,127.561,115.465,110.94300000000001,126.589,101.341,114.99,118.403,122.137,117.358,122.976,129.05,186.96699999999998,165.684,162.6205,126.94800000000001,143.126,132.32850000000002,114.9635,127.23849999999999,125.5825,132.023,110.9375,120.91049999999998,86.99199999999999,101.645,104.587,110.092,112.228,120.857,107.502,121.659,115.973,131.9255,111.527,112.13550000000001,107.36449999999999,142.815,102.9755,146.119,120.382,123.6565,106.2815,117.893,125.1745,126.1015,117.929625,128.69299999999998,130.628,110.934,123.053,117.05799999999999,75.197,120.03800000000001,108.234,120.515,113.198,114.30199999999999,124.8825,120.46,110.9385,108.2935,108.412,86.0135,124.41499999999999,139.196,124.89175,106.881,139.359,95.6235,76.9115,118.275,112.4135,124.172,111.2635,108.9945
