Date,Agricultural,Agricultural equipment,"Agricultural foods, feeds, and beverages",Air Transport,"Apparel, footwear, and household goods",Automotive vehicles,"Automotive vehicles, engines, and parts","Building materials, excluding metals and products",Business,"Capital goods and related parts, except automotive",Charges for the use of intellectual property n.e.c.,Chemicals,"Civilian aircraft, engines, and parts",Complete civilian aircraft,"Computer accessories, peripherals, and parts",Computer services,"Computers, peripherals, and parts",Construction services,"Consumer goods, except food and automotive","Dairy, meat products, and poultry",Durable goods,Education related,Electrical equipment and parts n.e.c.,Engines and parts for civilian aircraft,"Engines, parts, bodies, and chassis","Expenditure of seasonal, border, and other short-term workers",Exports of agricultural goods,Exports of capital goods less selected parts,Exports of durable goods,Exports of goods,Exports of goods and services,Exports of nonagricultural goods,Exports of nondurable goods,Exports of services,Financial intermediation services indirectly measured,Financial services,"Financial services, excluding financial intermediation services indirectly measured","Foods, feeds, and beverages",Freight,"Fuels, fuel materials, and electric energy",Furniture and household items,Government goods and services n.e.c.,"Grains, vegetables, fruits, nuts, and preparations",Health related,Home entertainment and recreational equipment and materials,Household and kitchen appliances,Household goods,Imports of capital goods less selected parts,Imports of durable goods,Imports of goods,Imports of goods and services,Imports of nondurable goods,Imports of nonpetroleum goods,Imports of services,Industrial equipment,Industrial supplies and materials,Information services,Insurance services,Laboratory testing and control instruments,Maintenance and repair services,"Medicinal, dental, and pharmaceutical preparations, including vitamins",Metals and products,Net exports of goods under merchanting,Nonagricultural,"Nonagricultural foods, feeds, and beverages",Nondurable goods,"Nondurable goods, excluding petroleum and products","Oil drilling, mining, and construction equipment",Other,"Other agricultural foods, feeds, and beverages",Other business services,Other business travel,Other durable consumer goods,Other durable goods n.e.c.,"Other household goods, including cellular telephones",Other modes of transport,Other nondurable consumer goods,Other nondurable goods,Other nondurable goods n.e.c.,Other nonmetals,Other other business services,Other other nondurable goods n.e.c.,Other personal travel,Passenger,Personal,Personal computers and mainframes,"Personal, cultural, and recreational services",Petroleum and products,Port,"Scientific, hospital, and medical equipment and parts",Sea Transport,Semiconductors and related devices,Telecommunications equipment,Telecommunications services,"Telecommunications, computer, and information services",Transport,Transportation equipment,Travel (for all purposes including education)
1999-01-01,68.80799999999999,34.069,54.744,81.06700000000001,86.4755,49.256,52.929500000000004,73.959,134.108,40.465500000000006,43.2155,65.989,84.792,97.269,58.209500000000006,6.3955,33.212,227.5485,37.2255,79.0055,46.88849999999999,36.8115,50.338499999999996,75.10900000000001,54.415,80.91149999999999,54.412,40.739,51.994,50.931,49.633,50.582,49.673,46.72,120.44999999999999,37.802,26.296999999999997,55.4735,91.331,56.9925,49.9075,80.9505,57.66,189.70499999999998,55.666,64.3385,23.3095,30.07,37.834,49.916,49.97,75.907,43.07,49.975,55.47,69.37549999999999,6.6465,20.425,30.386499999999998,24.79,25.4795,68.372,205.182,68.958,70.468,60.078,68.5615,79.861,81.007125,38.468500000000006,25.804000000000002,138.883,43.9965,90.451,14.203000000000001,84.2755,62.843999999999994,104.754,75.952,49.557500000000005,28.103,104.489,61.902,78.569,59.51350000000001,8.3545,25.9965,70.3885,110.09649999999999,24.456000000000003,94.1305,43.173,5.947500000000001,35.6075,11.170000000000002,83.52799999999999,96.0625,73.2065
1999-04-01,70.736,33.097500000000004,57.966499999999996,82.1685,86.1575,50.510999999999996,54.0985,76.315,132.782,41.473,44.435,66.92699999999999,80.4385,94.162,60.754000000000005,6.1175,35.563,231.4795,37.8445,83.2685,48.22925,41.301,53.397000000000006,73.4315,55.5155,77.6555,58.114,39.571,52.565,51.669,50.25,51.117,50.83,47.055,116.5915,41.3645,30.1985,58.135999999999996,93.50999999999999,70.298,49.757999999999996,85.7065,61.799,187.24599999999998,57.554,65.9385,24.079,31.007,39.584,51.597,51.405,76.392,44.693,50.154,56.593500000000006,70.4755,6.456,20.683,31.141,27.101,25.0355,68.354,199.005,71.185,68.0795,60.159000000000006,70.82249999999999,77.494,81.795375,39.459,26.284,138.1055,46.1,92.813,14.905,82.6405,61.3695,109.021,76.686,51.488,28.65,108.462,60.3485,80.7815,58.6665,10.1455,26.014,69.142,106.7165,24.616500000000002,90.98599999999999,48.118,6.014,32.128,10.400500000000001,83.2865,75.66300000000001,72.2165
1999-07-01,75.9795,31.9665,59.5065,84.5245,83.702,51.084999999999994,55.7625,77.8005,137.1,43.59,43.187,70.06,86.858,112.08699999999999,62.9685,6.913,37.089,234.1765,39.175,83.7855,49.26225,41.846000000000004,56.845,73.786,58.051,71.7235,61.983,41.148,54.428,53.074,51.766,52.354,51.182,48.826,118.0655,44.3045,32.9855,60.067,97.22825,69.389,51.997,88.9165,63.5495,184.2565,60.313,67.642,25.306,32.578,41.221,53.572,53.263,78.824,46.519,51.408,58.9155,71.596,7.4595,21.381,32.928,29.762500000000003,28.136,68.264,188.391,73.521,73.462,61.6625,73.491,77.8645,82.7485,40.58,27.393500000000003,144.93,49.2875,89.367,15.88,91.818,63.1725,101.765,77.248,53.2645,28.931,101.041,63.617999999999995,82.733,61.45,10.856,25.9255,67.801,105.991,25.2695,90.04650000000001,51.4125,6.547499999999999,34.939,11.5975,85.4965,75.5775,75.23949999999999
1999-10-01,76.568,35.1735,58.68,84.4765,84.059,52.152,56.5605,79.735,135.62349999999998,45.13849999999999,45.581,73.13499999999999,83.59700000000001,105.737,63.549,7.7905,38.067,247.1965,40.7675,88.25450000000001,52.17525,42.25,59.823499999999996,72.37,58.6395,73.0395,59.312,42.651,56.311,54.668,52.872,54.226,52.135,48.812,121.18950000000001,46.0975,34.4705,59.7525,104.5305,65.118,54.069500000000005,84.1955,60.417,181.276,62.595,71.071,26.3915,33.423,42.643,54.987,54.626,79.627,48.062,52.488,61.1495,73.208,8.89,22.5745,34.926,35.150999999999996,29.0425,73.0715,168.8,75.7715,78.407,62.398,75.494,78.775,85.24425000000001,41.4265,28.2635,142.7875,52.706999999999994,90.3565,16.531,89.48,65.3455,102.592,78.3,57.0205,28.1705,101.964,62.76,82.3045,60.8185,11.985,25.320999999999998,65.835,102.86874999999999,26.2205,92.565,54.409499999999994,6.7615,39.156,13.155000000000001,85.8,107.9865,74.471
2000-01-01,77.03450000000001,36.5005,59.810500000000005,83.038,90.85249999999999,55.41,60.3885,81.08949999999999,140.12900000000002,46.079499999999996,48.509,71.8425,74.7165,86.0745,66.3615,7.666,39.7705,122.337,42.340500000000006,90.633,54.543,43.039,63.0185,72.15700000000001,62.7225,75.0715,61.496,41.908,57.885,55.719,53.633,55.2,52.005,48.91,131.968,52.3875,39.807500000000005,60.054,109.3845,64.637,57.265,84.545,61.4775,177.92399999999998,64.85,70.89099999999999,27.009,34.911,44.54,57.078,56.688,81.667,49.761,54.381,63.93299999999999,75.25399999999999,7.907,23.735,39.9685,39.2385,27.9735,77.15299999999999,131.111,75.949,71.29599999999999,63.8265,75.8255,77.8725,86.24925,41.991,28.445999999999998,147.3925,56.6515,89.4625,16.954,92.751,66.4125,97.155,81.64,59.373,28.1905,96.858,65.033,82.39699999999999,62.867000000000004,12.376999999999999,25.615499999999997,68.705,96.17125,26.985500000000002,95.23949999999999,57.4795,7.500500000000001,34.248,12.154,85.75800000000001,82.15899999999999,76.9325
2000-04-01,77.238,36.795,60.265,88.5805,92.8675,53.899,58.442499999999995,78.6055,145.8585,49.8125,49.875,72.7305,82.14949999999999,108.92949999999999,73.3425,8.102,43.7145,141.462,43.701,88.797,54.61625,43.458,67.167,70.6805,60.5035,77.0895,61.264,44.027,60.119,57.308,55.268,56.906,52.165,50.65,131.9755,54.1905,41.605000000000004,60.894999999999996,108.4165,65.7015,60.968,93.4725,63.474000000000004,174.25900000000001,64.25999999999999,69.623,27.115000000000002,36.087,46.037,58.735,58.494,83.333,51.445,56.962,65.682,74.8925,8.8285,25.11,45.34,43.9035,32.038,77.813,107.363,76.1235,80.7935,65.18299999999999,76.021,79.4985,86.459125,41.706,29.3205,153.51749999999998,58.669000000000004,86.42699999999999,16.8455,89.4195,68.1045,92.568,79.973,59.832499999999996,28.244,92.473,68.857,89.359,66.238,13.2685,25.46,67.9695,98.355,28.127499999999998,95.517,64.786,8.499500000000001,35.5805,12.854,89.61949999999999,78.14150000000001,80.7195
2000-07-01,76.55850000000001,35.866,63.056,87.4125,93.7805,52.8465,58.222,81.3765,148.8875,52.17,51.619,77.5215,81.8425,110.0805,77.7575,7.7495,46.8165,150.4745,44.932500000000005,90.036,55.2185,43.966499999999996,71.016,70.88550000000001,60.7735,77.346,66.034,44.988,62.029,59.435,56.594,58.856,54.826,50.151,137.6515,55.4585,42.0725,63.935500000000005,107.56,71.4465,63.4165,98.19149999999999,66.6445,170.14600000000002,66.81,72.6095,28.5495,36.748,47.598,60.795,60.598,86.48,53.347,59.281,68.5435,76.5175,8.678,27.58,50.18,50.204499999999996,34.0655,76.54750000000001,85.55,80.0895,80.3595,67.12875,79.637,83.0,89.7825,43.494,29.7975,156.683,57.433,95.3035,17.871,96.01650000000001,70.17,96.393,93.676,60.454,28.7985,96.506,69.423,88.4925,66.891,14.9115,25.8475,68.6735,92.31225,29.278,99.814,71.578,8.8295,32.7775,12.163499999999999,90.7045,69.06450000000001,81.74000000000001
2000-10-01,83.518,34.131,60.825,84.304,92.51400000000001,52.3125,57.437,83.16149999999999,145.00099999999998,51.651,50.554,73.89750000000001,86.80199999999999,123.541,75.9875,9.0805,45.3575,166.341,45.066,92.51650000000001,55.313250000000004,44.5135,69.58699999999999,73.7385,59.6735,78.2475,62.264,44.448,61.222,58.507,56.028,58.115,53.607,50.408,129.607,54.141000000000005,41.656,61.947,109.57275,71.24,61.9805,93.51849999999999,62.366,167.4525,66.6035,70.503,28.1015,37.348,47.567,60.903,60.687,87.064,53.284,59.25,68.852,76.759,10.787,30.8085,51.5355,50.808,34.8495,74.836,63.343,77.9915,81.5735,67.4465,78.1505,83.84899999999999,89.3295,43.8165,31.3175,152.329,58.134,92.658,17.6995,88.979,70.64750000000001,96.588,88.038,62.368,29.4705,96.851,68.35849999999999,85.7705,66.051,13.887,26.189,71.039,89.64675,29.502499999999998,99.5795,68.349,8.8025,39.312,14.5275,88.27250000000001,74.189,80.42099999999999
2001-01-01,73.378,37.915499999999994,61.772499999999994,85.44,89.9635,50.332,54.989000000000004,79.586,144.272,50.272,48.177,77.16499999999999,92.64750000000001,125.89750000000001,72.3255,9.811499999999999,43.596,164.734,45.683,95.888,54.7725,44.0265,64.1215,78.27250000000001,56.631,79.0885,63.991,44.811,60.116,57.67,55.323,57.115,53.359,50.0,131.6535,56.82299999999999,44.081500000000005,62.9525,103.993,76.134,60.822,90.6115,62.194,164.3055,65.905,72.7975,28.5935,36.765,45.903,59.894,59.904,88.636,51.994,59.683,67.92949999999999,77.26599999999999,11.805,30.47,47.070499999999996,40.935,35.646499999999996,74.7165,37.384,79.839,82.9705,68.6085,79.15350000000001,81.5135,87.522,44.9595,32.051,151.098,58.103,87.8375,18.1125,87.5215,70.617,89.543,85.382,59.1825,29.082,89.897,68.4635,85.7375,66.065,13.8425,26.0175,72.8125,88.0095,31.003,97.7915,61.1415,8.3675,43.5115,15.906500000000001,88.4495,83.5095,80.2705
2001-04-01,76.92750000000001,34.078,61.997,85.525,86.1745,52.400000000000006,56.355000000000004,78.5075,140.01749999999998,45.495000000000005,48.63249999999999,71.8045,90.4745,120.13749999999999,64.493,10.637,39.643,179.2585,45.162,95.3435,52.56225,44.7425,54.23650000000001,78.268,57.6335,79.8555,64.767,42.623,56.724,55.274,53.702,54.518,53.172,50.161,121.2195,56.995000000000005,45.81,63.7185,99.519,76.77799999999999,57.200500000000005,92.1825,62.3225,160.9135,62.8905,70.419,28.0415,34.864,43.519,57.506,57.987,87.079,49.982,60.289,61.9175,74.036,12.9875,32.293,41.408,42.1665,38.8,68.866,46.146,76.598,91.158,67.06225,76.496,88.715,86.5635,45.7975,33.237,145.70850000000002,58.1075,90.6045,18.113,91.264,68.1615,92.495,88.006,57.2965,29.576999999999998,92.795,67.1825,86.68100000000001,65.083,13.6895,26.4925,69.645,91.06375,30.900999999999996,95.27350000000001,48.3225,7.577,47.965,17.4095,87.92500000000001,75.512,78.6495
2001-07-01,83.13,32.82,62.680499999999995,79.84200000000001,81.938,53.518,56.4165,76.6605,130.623,42.129,45.543,72.26249999999999,86.469,109.2815,61.1225,11.1515,37.369,193.473,43.227000000000004,96.90549999999999,50.99425,45.4155,49.502,78.25399999999999,56.79900000000001,82.2685,64.2,39.736,52.876,52.177,50.952,51.26,51.731,48.205,111.7625,52.4065,42.150999999999996,64.44200000000001,93.73875000000001,69.753,54.426500000000004,96.814,62.987,157.8025,60.777,69.0805,27.8855,34.115,42.56,56.375,56.671,85.792,49.144,57.994,57.835499999999996,72.681,13.548,33.713499999999996,38.085,42.4655,38.15,67.561,90.134,75.4085,90.0745,65.1735,75.929,89.46549999999999,84.734625,46.331500000000005,33.3595,134.1315,51.509499999999996,86.572,18.3705,80.547,65.0035,86.023,86.774,56.233999999999995,30.1075,85.991,61.879,79.315,60.6755,12.666,26.8445,67.37049999999999,90.6865,30.866500000000002,89.9665,40.794,6.7215,49.4365,18.106,81.7755,66.4725,73.3415
2001-10-01,85.18,33.1675,62.2315,66.196,78.619,52.324,55.29900000000001,76.668,104.45150000000001,40.854,49.275499999999994,71.69399999999999,86.9785,126.6985,58.4095,11.105,36.281,217.538,42.6035,91.1265,50.12375,45.841499999999996,48.0045,70.57249999999999,55.858999999999995,83.47200000000001,65.792,38.248,51.035,50.996,49.181,49.895,52.065,45.069,131.5755,56.318,43.2415,64.517,96.111,69.511,54.120000000000005,100.649,63.010000000000005,154.444,59.21549999999999,69.4055,27.7025,33.55,42.073,55.962,56.084,85.873,48.569,56.505,55.2945,73.2595,13.8645,35.504999999999995,36.626000000000005,44.172,39.6345,67.6875,175.27,74.89500000000001,92.9635,65.65525,75.678,83.4265,84.428,46.2855,34.6405,102.9525,50.0355,85.53399999999999,18.153,88.9665,63.553,83.343,87.953,53.707,30.9465,82.75,49.955,61.1575,50.69499999999999,13.199000000000002,26.8475,70.9,87.3335,31.0765,94.0935,40.0835,6.297,50.0635,18.203,74.1095,75.761,60.4015
2002-01-01,80.3605,36.472,62.783,75.2985,76.4325,53.4685,56.1205,80.866,121.9755,41.186,52.647,69.235,81.082,117.005,58.4915,11.8945,36.563500000000005,237.332,43.2315,93.78,50.83775,46.1885,49.7965,65.0985,56.414500000000004,78.41300000000001,65.293,38.225,50.784,51.047,50.255,49.98,52.832,48.5,137.088,60.259499999999996,46.657,64.72,97.939,70.9935,55.8245,106.75800000000001,62.89,150.42000000000002,62.230999999999995,69.0865,27.7245,33.738,43.477,56.949,57.678,84.913,49.73,61.204,54.295,72.8655,14.309999999999999,37.849999999999994,34.918499999999995,42.6605,40.2345,68.123,304.845,75.5935,89.352,64.89925,75.8955,79.324,85.883625,46.929500000000004,36.339,124.1055,55.2795,86.621,18.063499999999998,84.255,64.7465,89.606,84.621,52.069,32.3545,88.232,59.332,71.03399999999999,58.670500000000004,13.887500000000001,27.144000000000002,67.9035,91.038,31.5815,95.1405,43.2295,6.322,48.355000000000004,18.54,80.41999999999999,61.574,70.1435
2002-04-01,79.592,36.7515,63.421,77.251,78.907,56.0495,59.721000000000004,80.422,118.8315,42.4785,54.602999999999994,73.625,75.3515,101.2525,59.6405,11.4205,37.501,241.96699999999998,45.2445,95.994,52.604,45.771,53.1885,62.58,61.1935,77.805,65.412,39.434,52.74,52.746,51.751,51.778,53.958,49.531,134.138,60.2045,47.061,65.715,99.52175,68.4325,58.287499999999994,102.35400000000001,63.1165,146.1565,66.0325,69.42699999999999,28.2705,34.831,45.462,59.433,59.611,88.33,52.007,60.293,57.5465,74.852,13.7605,40.019000000000005,34.173500000000004,44.766999999999996,42.307500000000005,69.238,375.221,78.9465,90.205,67.22075,78.8655,77.4685,87.83075,47.442499999999995,36.417500000000004,120.592,57.3325,88.898,18.4145,84.108,66.0325,90.049,89.173,56.260999999999996,31.906000000000002,88.234,56.97449999999999,71.9685,56.55,14.494,26.581,69.0305,93.876,32.1775,96.40799999999999,46.4315,6.1995,46.0265,17.777,82.2225,71.029,67.8315
2002-07-01,73.929,39.4245,62.7555,73.50049999999999,81.531,57.243,60.309,78.626,113.968,42.995999999999995,54.069500000000005,72.5525,73.08099999999999,95.405,59.519000000000005,12.18,37.265,245.3595,46.3605,98.22999999999999,53.10875,45.0315,53.075500000000005,61.084,61.20949999999999,79.0495,62.01,40.178,53.373,53.073,51.915,52.358,53.581,49.323,124.4555,56.310500000000005,44.205,65.19200000000001,98.7485,72.301,60.214,105.729,62.125499999999995,142.92849999999999,65.0045,67.8515,28.6295,35.292,46.184,60.557,60.369,90.499,53.109,59.188,57.977999999999994,74.9185,14.219999999999999,42.2555,34.957,47.423,44.3365,70.1395,396.533,79.1785,94.717,68.12675,78.589,78.775,88.6495,47.1255,36.983000000000004,115.1215,57.740500000000004,92.082,18.774,93.0125,65.88499999999999,93.677,92.008,57.2325,33.1895,91.751,54.494,65.15549999999999,54.207499999999996,14.227,27.2495,69.416,98.275,32.8485,93.5195,47.7755,6.3265,46.7185,18.5455,79.3205,71.882,65.126
2002-10-01,68.361,41.966,62.241,79.813,80.7435,58.5415,59.6375,80.21199999999999,119.4485,42.209,52.8835,74.489,75.13749999999999,107.3245,59.9405,13.05,37.901,250.7285,46.4785,94.463,53.05225,45.374,52.299,61.567,58.5555,78.872,60.165,38.885,51.737,51.785,51.15,51.115,53.037,49.754,115.929,56.131,45.531000000000006,64.3325,101.65125,79.818,57.8525,106.008,62.070499999999996,139.0455,64.5,68.3535,28.5875,35.8,46.308,61.337,61.453,93.286,53.532,61.821,56.812,76.883,15.581500000000002,44.134,34.685,48.204,47.2815,70.404,381.964,80.982,88.007,70.1945,79.763,80.874,87.670375,47.616,37.61,120.98849999999999,56.397999999999996,88.486,18.8855,93.447,66.22749999999999,87.915,90.546,57.373000000000005,33.0165,86.047,57.995000000000005,73.71549999999999,57.342,14.902,27.528,73.57300000000001,95.39525,33.772999999999996,92.43799999999999,44.672,6.1845,49.7145,19.9295,83.318,70.5625,68.624
2003-01-01,68.76750000000001,40.9335,64.68,71.90549999999999,82.1915,57.349999999999994,59.2355,79.9195,111.0505,43.007999999999996,50.9685,74.253,68.6935,91.2145,60.0855,14.2535,38.2345,182.1255,47.422,97.44550000000001,52.90875,45.269999999999996,51.925,59.5025,59.5845,82.261,62.931,38.724,52.029,52.413,50.993,51.595,54.398,47.812,117.8715,58.093999999999994,47.2735,66.90299999999999,101.77799999999999,73.204,62.343500000000006,102.58,64.295,136.581,61.6035,71.145,29.641,35.663,46.454,61.27,61.185,92.493,53.736,60.567,57.082,75.45150000000001,16.3115,45.6965,35.498999999999995,43.774,51.299499999999995,69.81649999999999,290.815,79.2065,90.821,70.409,78.1455,77.5645,86.976375,49.6635,38.107,111.602,55.7285,84.247,19.344,83.737,67.5,80.99,88.486,57.6285,33.111000000000004,79.657,53.935500000000005,65.26650000000001,53.8615,15.400500000000001,28.0465,71.487,83.60425,34.837999999999994,93.02449999999999,46.275999999999996,7.8765,52.2455,21.3745,78.008,70.7385,64.207
2003-04-01,73.924,43.3065,64.6005,67.73150000000001,80.512,60.321,60.92100000000001,80.181,94.8375,43.668499999999995,53.1925,74.98849999999999,67.47749999999999,92.49600000000001,59.829,14.658000000000001,38.3615,179.47449999999998,47.7945,91.141,53.308499999999995,44.464,51.006,57.557,59.757999999999996,80.438,63.346,39.024,52.597,52.471,51.083,51.627,53.35,47.974,121.6785,57.2405,45.425,67.243,102.36025,75.14,63.038,99.492,63.223,134.793,64.46300000000001,74.8205,30.2935,37.053,47.414,62.859,62.077,95.645,54.734,58.034,57.4105,77.4515,17.5575,47.271,35.9875,43.9875,50.6975,69.81649999999999,298.798,79.7045,94.429,71.8,79.108,85.114,86.947,52.150999999999996,38.288,93.6985,55.1565,83.181,19.6345,99.1235,68.786,77.398,90.038,57.670500000000004,33.1485,75.989,48.745000000000005,58.7395,49.2505,15.895999999999999,28.243,76.40799999999999,85.09275,36.226,95.489,48.709,8.2735,52.691,21.9265,77.1825,82.902,57.579
2003-07-01,78.985,45.736000000000004,65.959,75.8235,79.6815,55.7065,58.5525,81.6385,113.44800000000001,45.1455,53.400999999999996,77.97800000000001,66.506,91.836,63.3835,15.214,40.449,175.34949999999998,49.2275,80.29400000000001,54.13525,43.781,52.071,56.1415,60.046,81.44,66.216,39.579,53.787,53.691,52.478,52.718,54.659,49.765,115.27199999999999,57.7545,47.212999999999994,68.757,96.6875,76.205,64.915,113.87550000000002,67.68350000000001,131.5465,67.13499999999999,73.016,31.7115,36.504,47.823,63.307,63.049,96.084,55.101,61.527,58.1055,78.399,17.846,48.9945,37.0115,44.394999999999996,50.716499999999996,67.078,368.135,81.738,96.56800000000001,72.72825,81.459,81.187,87.84225,52.9995,38.9165,114.7115,58.25,82.95349999999999,21.177500000000002,84.822,70.1275,80.401,86.993,59.653000000000006,33.5675,78.568,55.2485,68.79050000000001,54.5975,16.417,28.880499999999998,76.6055,87.47075,37.319,89.21600000000001,51.2475,9.638,53.529,22.528,79.959,73.44550000000001,65.27
2003-10-01,72.10499999999999,52.5345,67.374,78.8495,79.1335,60.9865,61.887,85.2965,115.5095,48.632000000000005,55.833,75.649,75.083,110.226,68.1625,16.1555,43.1185,188.7305,50.9555,88.89750000000001,56.425,43.3775,55.8575,59.217,61.4105,81.8935,63.768,43.459,57.17,56.114,54.838,55.507,55.13,51.982,106.36200000000001,60.13,51.849000000000004,69.5025,99.94200000000001,77.922,67.6875,119.4275,67.6885,129.034,71.33250000000001,77.3395,32.94,39.101,50.563,65.367,65.052,95.353,57.375,63.256,61.489999999999995,78.3445,19.4795,50.9965,38.651,44.5195,53.0765,69.1405,536.434,81.8715,94.881,72.44625,80.82050000000001,82.9075,89.217625,55.0355,40.585,117.22399999999999,61.777,80.108,21.802,89.1645,70.951,78.374,84.433,61.49550000000001,34.581500000000005,75.451,56.428,71.891,55.4465,17.055999999999997,29.866,74.8065,87.991,39.073,91.81299999999999,54.777499999999996,11.05,56.5385,24.008499999999998,82.6285,76.733,66.384
2004-01-01,76.4685,54.3185,64.587,78.365,79.35300000000001,59.288000000000004,62.522000000000006,86.6005,115.51650000000001,49.908,58.5535,79.1865,63.38,73.2655,68.694,16.085,43.6515,180.473,52.294,78.1695,58.556,43.1035,58.197,60.532000000000004,64.26849999999999,86.9415,59.968,43.819,58.496,57.098,56.078,56.864,55.454,53.795,113.6715,66.08,57.463499999999996,67.45949999999999,106.76525,84.5495,69.0255,118.11850000000001,65.8095,127.00049999999999,72.1245,78.955,33.9775,39.73,51.758,67.262,66.874,99.016,58.73,64.726,64.704,82.12950000000001,20.7625,53.656,42.2105,41.6255,55.9815,72.49799999999999,783.148,84.316,100.40549999999999,75.62899999999999,83.511,92.06750000000001,91.1235,55.4985,42.271,116.22800000000001,60.8025,82.287,22.6505,101.819,71.463,83.753,84.937,66.628,34.689,79.287,56.348,72.1925,55.251000000000005,17.682000000000002,30.6385,79.6645,84.28975,41.397999999999996,100.406,57.179,12.0745,60.526,24.829,85.9675,82.2385,66.218
2004-04-01,80.36699999999999,56.911,64.51,80.941,81.09,62.623,64.9025,90.15700000000001,115.82,51.487,61.236000000000004,82.0165,66.7745,85.7505,71.11500000000001,16.744999999999997,45.0075,210.114,55.147999999999996,81.11149999999999,62.13425,43.908,61.95,62.438,65.6095,88.45400000000001,57.23,45.269,59.876,58.167,57.253,58.239,55.933,55.208,117.71849999999999,67.7365,58.611000000000004,66.378,107.827,92.4435,71.852,118.20949999999999,65.124,125.106,74.6105,80.5195,35.559,41.799,54.619,70.072,69.508,101.026,61.75,66.501,68.0315,84.39450000000001,21.2535,54.3235,45.0695,42.557,59.7515,77.8045,913.809,87.955,95.7045,77.5075,87.181,90.6615,93.134,56.8115,43.4255,116.1865,66.243,83.476,23.944000000000003,103.35050000000001,73.146,87.586,84.28,69.107,36.079499999999996,82.31,58.612500000000004,75.012,57.2645,18.1075,30.7315,78.642,85.238,42.658500000000004,100.82300000000001,56.418499999999995,12.753499999999999,60.0495,25.296999999999997,87.983,78.712,67.929
2004-07-01,77.66499999999999,58.592999999999996,65.935,81.66550000000001,81.8055,65.236,66.316,92.6465,113.9135,52.6765,64.4125,82.17949999999999,66.50399999999999,79.0565,72.4205,17.906,47.162,167.3555,55.258,83.5575,63.73,44.1685,61.695,65.0195,66.162,86.484,59.299,46.956,60.789,58.848,57.445,58.799,56.161,54.306,137.4125,68.8945,56.286,67.402,105.691,90.40050000000001,73.8615,116.60900000000001,66.9855,123.118,75.8495,83.806,36.228,42.632,55.866,71.013,70.471,100.857,62.629,67.569,70.0045,85.522,21.7885,55.7815,45.878,41.68000000000001,54.5175,79.509,976.275,88.347,95.8735,77.1175,87.2685,105.864,94.091875,56.532,43.281,114.38,67.07600000000001,82.9875,24.152,96.16499999999999,75.18,84.716,86.606,71.65299999999999,36.3915,79.021,58.811,75.416,57.408500000000004,20.734,31.049,79.321,84.29925,44.5265,101.1835,54.777499999999996,12.4165,58.3515,25.938,88.27250000000001,79.572,67.6815
2004-10-01,79.0275,58.131,68.44,79.8215,83.596,65.0975,66.674,97.4,112.32249999999999,53.4675,67.5005,85.1685,71.3575,90.57300000000001,74.184,19.761,48.8515,150.3865,57.3945,83.601,65.7415,43.873000000000005,61.594,67.5,67.4255,86.68549999999999,65.226,46.978,61.267,59.882,58.809,59.461,58.301,56.405,144.7245,76.7155,64.05199999999999,71.1285,110.66275,84.3215,74.2225,110.88550000000001,70.1665,121.2925,81.037,84.223,36.980000000000004,43.446,57.334,72.799,72.113,103.236,63.984,68.499,70.3815,87.785,23.6175,58.348,47.0685,44.9535,56.4935,82.1925,962.689,88.292,102.203,79.372,87.3605,109.0555,93.94925,57.077,45.961,112.578,68.6855,81.5235,24.935499999999998,96.9545,76.805,82.141,86.193,70.857,37.092,76.517,57.4095,74.006,56.141999999999996,22.166,30.8555,83.38,84.96125,45.881,106.916,53.70399999999999,12.601500000000001,60.1095,27.819000000000003,88.7325,90.585,66.3985
2005-01-01,80.2805,60.6945,67.48150000000001,81.243,85.0385,66.898,67.1165,95.403,116.3995,54.44,64.753,86.509,70.97800000000001,80.0425,75.713,19.9835,50.1065,96.102,59.0145,81.4875,66.55225,44.048500000000004,62.8755,70.84,66.9625,93.43299999999999,63.304,48.985,62.892,61.007,59.911,60.819,58.439,57.455,148.434,73.4825,59.625,69.84049999999999,111.40075,94.5275,73.6335,120.126,68.424,119.1585,83.2315,83.831,37.2,43.472,57.903,73.633,72.734,104.687,65.044,68.08,71.312,87.822,27.646,51.1465,48.795500000000004,43.284,59.048,82.7855,841.456,90.6395,98.6215,80.321,89.60249999999999,116.0795,95.55,57.819,44.6025,115.86699999999999,71.113,87.4785,25.253999999999998,106.258,77.005,88.984,90.408,71.6885,38.212,84.178,60.10850000000001,74.238,58.2325,23.002,30.584,81.87049999999999,85.66149999999999,47.787,110.082,52.111,12.683,59.918000000000006,28.596,91.3805,79.484,68.8745
2005-04-01,75.879,63.847,69.8265,82.105,85.712,67.084,67.568,96.2245,116.6045,57.147999999999996,67.5635,87.241,79.1515,98.0815,77.8405,20.716,52.438500000000005,94.48400000000001,60.114999999999995,89.2855,67.86125,44.454,64.022,72.64750000000001,67.545,93.12650000000001,64.453,51.163,65.144,62.928,61.25,62.802,59.739,57.503,143.2285,72.3135,59.2535,71.57849999999999,108.72075000000001,94.18199999999999,74.104,124.96950000000001,71.116,117.609,85.5805,87.9675,39.3605,45.693,59.279,74.685,73.708,104.673,66.195,68.663,72.5775,88.368,26.372500000000002,50.644499999999994,48.817,49.211,61.040000000000006,84.6195,705.348,90.72649999999999,97.83099999999999,81.02799999999999,89.3035,119.3035,95.54362499999999,57.836,44.8695,116.26650000000001,71.208,86.18299999999999,27.18,99.17699999999999,78.28399999999999,87.686,88.255,73.6165,38.688,83.742,59.275499999999994,75.89349999999999,57.605000000000004,25.176000000000002,30.7915,82.34349999999999,87.81875,49.059,107.45850000000002,53.559,14.327,60.43899999999999,29.125500000000002,90.7415,91.05250000000001,68.4165
2005-07-01,78.53399999999999,61.071,68.8835,80.106,85.72,68.239,69.3955,96.05199999999999,116.42349999999999,57.638999999999996,66.3695,84.3535,68.4565,69.5455,79.553,21.577,54.1045,96.981,60.4525,89.8905,68.54825,44.4255,65.4525,72.4755,70.0805,92.357,62.444,50.704,66.482,63.005,61.239,63.04,57.443,57.296,149.85399999999998,74.4905,60.532,70.8325,104.264,92.34299999999999,75.8235,124.50399999999999,68.797,117.67150000000001,87.2415,94.7215,41.086,46.057,60.054,75.004,74.122,103.748,66.53,69.54,73.6785,86.981,26.8265,59.7965,49.2195,50.126999999999995,55.903999999999996,83.25,662.533,89.5895,100.137,79.07875,88.547,117.96099999999998,96.693625,58.953,46.792,116.1665,73.8095,91.114,28.1595,107.5665,78.977,94.802,90.649,74.7835,39.1445,91.177,59.28,74.6225,57.646,26.7335,31.3545,79.7135,82.13025,50.105999999999995,102.853,58.147999999999996,14.9505,63.2685,30.380499999999998,88.35249999999999,86.5125,68.393
2005-10-01,80.88050000000001,59.1965,70.856,83.3005,86.411,72.625,72.93700000000001,101.382,115.6115,60.394000000000005,67.407,89.5315,72.4,75.574,79.2045,23.6415,55.432,111.58850000000001,61.8015,92.758,70.98949999999999,44.9875,68.66,74.291,72.497,94.743,64.625,53.891,69.522,64.881,63.135,64.89,57.198,59.237,153.4675,78.456,64.50800000000001,72.731,109.884,88.4,77.60849999999999,117.726,71.10849999999999,114.80950000000001,88.568,99.128,41.8675,48.26,62.137,77.568,76.511,107.206,68.73,71.029,77.5375,89.5855,28.875999999999998,58.715,50.048500000000004,55.846999999999994,59.7255,87.4105,694.352,91.2965,99.04599999999999,81.15425,90.286,122.973,97.732125,60.1975,48.772000000000006,114.6115,72.749,89.3915,28.394,108.2065,79.0875,94.401,87.814,77.9145,40.2605,90.57,59.604,75.945,57.948,29.6485,31.935499999999998,81.876,91.712,51.1365,113.044,61.4915,15.6795,63.415499999999994,32.144,93.6015,104.9625,68.4945
2006-01-01,87.3575,62.2745,72.941,83.471,86.8535,75.723,74.4365,105.06649999999999,114.6895,62.82300000000001,65.646,88.8155,78.5265,86.783,82.7325,23.898000000000003,58.2245,107.858,64.15299999999999,94.4995,74.7405,44.9345,71.502,77.34649999999999,72.2535,100.357,68.25,56.147,72.043,67.764,65.696,67.712,60.803,61.084,153.90550000000002,80.355,66.7715,75.082,108.8265,80.6335,80.43,127.37049999999999,73.00550000000001,112.85900000000001,92.0635,100.91149999999999,44.222,50.18,64.725,78.749,78.085,104.887,70.789,74.593,79.89850000000001,89.977,29.29,69.532,51.124,56.8545,64.1845,95.08699999999999,781.7,89.568,104.7675,81.443,89.27199999999999,123.1575,98.75150000000001,62.471999999999994,54.007000000000005,113.1245,74.6305,92.64,30.594,102.5575,80.7275,99.105,90.117,78.5615,46.28,94.746,60.2975,77.637,58.467,31.633000000000003,43.691,80.0285,93.03725,54.120999999999995,112.6255,63.36749999999999,16.418,70.38,33.515,93.001,94.8135,68.74799999999999
2006-04-01,85.4305,60.5885,73.6945,85.67750000000001,88.153,74.51650000000001,73.743,102.828,114.036,64.426,63.769,90.20150000000001,77.5275,83.5795,84.1465,25.056,59.745999999999995,130.27700000000002,65.2905,87.946,75.062,44.817,73.609,77.0605,72.1045,97.76499999999999,70.489,57.179,73.153,68.944,66.914,68.812,62.14,62.387,155.73250000000002,82.7255,69.4435,76.0985,106.8885,88.5365,82.122,130.761,74.0395,111.10999999999999,94.269,99.4825,43.969,50.802,65.113,79.643,78.863,106.877,71.574,74.779,81.1745,91.155,30.0325,72.618,51.817499999999995,54.9285,65.729,94.8655,796.952,92.3565,106.0975,83.09575,91.65700000000001,132.2905,98.122875,64.161,54.9985,112.773,75.9675,90.799,30.33,106.268,81.37549999999999,92.959,92.745,79.0315,45.8945,88.464,61.155,80.396,59.1515,33.2675,44.352000000000004,81.121,96.92825,55.105500000000006,114.69800000000001,66.428,17.066,73.94800000000001,35.137,95.0295,114.175,69.1275
2006-07-01,76.96600000000001,58.795500000000004,75.116,84.429,88.89150000000001,75.15350000000001,73.1065,100.5535,111.70400000000001,65.0155,63.979,92.0025,75.963,74.958,84.4785,24.994500000000002,60.1075,103.017,66.4025,90.412,75.75425,45.260999999999996,74.197,79.582,70.44300000000001,95.513,69.115,57.697,73.438,69.195,66.828,69.187,62.341,61.557,174.05900000000003,84.998,68.3195,76.655,109.01325,82.9795,81.19999999999999,123.3835,76.38,110.4625,95.624,100.50200000000001,44.681,50.911,65.588,80.693,79.651,109.176,71.957,74.249,82.4795,92.6385,30.1675,72.17,52.897999999999996,59.9945,67.458,95.99600000000001,772.898,91.69800000000001,100.648,84.6755,90.2995,137.095,98.147875,63.846500000000006,54.839,110.9085,75.16900000000001,91.451,31.12,104.89,80.8365,101.808,84.949,79.7425,45.1215,97.523,59.332499999999996,79.3015,57.658500000000004,33.8185,38.3375,85.122,99.207,56.186499999999995,118.30799999999999,66.898,17.601,79.182,36.127,95.053,96.24199999999999,67.5135
2006-10-01,79.554,60.345,74.9285,86.7885,90.482,76.9645,75.7925,97.614,114.856,66.324,72.004,89.497,83.1095,87.911,85.9805,26.456,61.69800000000001,128.86450000000002,69.10650000000001,93.4185,76.8135,45.4795,73.32300000000001,82.9625,73.6,102.2945,68.367,59.578,75.974,71.257,69.363,71.472,63.574,65.137,164.4,89.9125,76.3665,76.969,109.25125,88.577,82.0915,124.5325,73.83850000000001,113.4105,103.71100000000001,100.58699999999999,46.315,52.135,66.314,80.082,79.548,105.383,72.592,76.703,83.0845,90.004,31.948,74.547,55.801,65.8605,69.4105,94.72800000000001,789.332,92.3405,104.0525,84.04375,91.094,152.1885,98.305125,66.89949999999999,58.278999999999996,113.0475,77.3725,88.1015,32.882,117.66749999999999,82.562,99.613,80.575,81.456,47.7795,95.208,60.9815,79.2025,58.9985,35.331,41.17,79.5585,102.07974999999999,56.574,116.21000000000001,64.61,17.677,83.53399999999999,37.882999999999996,96.53200000000001,99.848,69.217
2007-01-01,76.63900000000001,56.809,75.93350000000001,88.886,89.271,77.88499999999999,76.1695,96.8905,113.824,67.199,70.9645,90.3515,85.272,95.2125,86.38149999999999,27.5405,65.1045,145.3715,71.3805,95.456,76.9395,46.805,75.0495,84.012,74.1755,96.76599999999999,68.606,60.479,76.89,71.975,70.737,72.242,63.942,67.959,177.15099999999998,97.979,83.9445,78.118,111.22225,88.89099999999999,84.053,128.7565,75.3255,113.146,108.86449999999999,99.64349999999999,47.104,52.025,66.789,81.128,80.706,107.721,73.548,78.433,82.5835,89.7685,34.980000000000004,80.30250000000001,56.858,65.8865,75.583,93.4685,747.344,92.6,105.632,85.63275,91.0585,148.9915,99.5985,66.4225,62.3835,113.58,80.253,91.8605,33.7355,100.105,83.872,100.624,86.802,77.893,52.1105,96.494,61.594,80.73949999999999,59.667,41.728,41.2725,80.3805,102.0445,56.477500000000006,114.7595,65.6185,18.335,81.34899999999999,38.797,96.77,89.154,69.559
2007-04-01,82.3275,57.69499999999999,76.1525,87.592,87.2855,82.5715,78.94749999999999,97.876,112.3235,67.957,71.751,92.981,87.004,96.27449999999999,82.30600000000001,28.551000000000002,62.989,178.2815,71.2415,96.26650000000001,77.58,47.038,75.119,85.7055,75.742,93.41399999999999,71.602,62.818,78.211,72.988,71.809,73.094,64.427,69.159,178.8575,105.04599999999999,92.211,78.12899999999999,116.87625,99.9525,82.992,111.42949999999999,75.685,112.134,110.518,100.46849999999999,46.566,52.86,66.979,81.475,81.135,108.421,73.742,79.273,85.5635,91.4085,36.3655,82.65899999999999,61.663,66.6115,74.08250000000001,94.479,765.525,96.5455,104.6825,86.15025,95.188,146.6,99.190125,66.122,64.819,112.7865,81.15,87.7295,33.1475,110.24199999999999,84.072,95.677,83.657,77.8415,52.104,91.399,61.373999999999995,79.8365,59.4735,41.6875,43.4765,80.7505,105.50425,58.102999999999994,121.8095,64.7025,18.9015,92.49199999999999,41.051500000000004,98.0715,105.7865,69.1365
2007-07-01,81.9975,65.23949999999999,79.5535,90.34,87.83449999999999,85.152,80.56899999999999,93.775,110.87100000000001,69.8685,74.618,91.833,89.84649999999999,99.574,81.86500000000001,30.938000000000002,63.473,207.976,71.96700000000001,96.55250000000001,77.98525000000001,46.6335,75.65899999999999,86.408,76.108,90.607,77.618,66.424,80.319,74.987,74.053,74.75,66.257,71.943,173.9135,105.988,94.0305,81.291,116.9185,109.5555,85.94550000000001,113.90350000000001,80.02199999999999,109.48649999999999,115.526,100.6705,47.781,54.623,67.994,81.77,81.59,107.055,74.371,80.503,87.533,91.0935,36.364,89.346,61.2985,65.853,69.64699999999999,94.1955,807.597,98.18,104.463,85.58675,96.65899999999999,150.5895,99.448375,67.684,67.63550000000001,111.92349999999999,81.62049999999999,87.6845,34.1565,104.0435,85.048,93.014,86.528,77.398,53.611999999999995,88.451,62.796499999999995,82.02000000000001,60.46249999999999,42.9945,47.451499999999996,80.2575,108.1875,59.426,120.864,61.909499999999994,21.668,92.29849999999999,43.069,99.17,105.965,69.6545
2007-10-01,77.9545,72.532,79.976,92.2245,85.9135,85.763,78.5545,91.1755,110.7325,70.969,75.3845,91.7345,90.0145,99.36449999999999,82.309,33.4835,63.917,161.0115,73.31700000000001,99.0275,78.53575000000001,45.6625,73.61,87.477,71.95949999999999,94.58500000000001,77.906,68.45,82.104,76.605,75.753,76.48,67.617,73.822,149.4805,100.16900000000001,92.13550000000001,81.5915,117.80825,97.4115,87.87450000000001,137.387,80.384,107.771,118.60400000000001,99.536,49.0305,54.268,67.293,80.957,80.819,106.075,73.382,79.918,87.2855,90.697,38.4215,87.203,62.937,65.6515,70.487,92.5395,782.39,95.5585,102.676,85.3085,93.8525,146.889,98.846875,66.9005,67.3745,110.854,85.305,86.882,35.5265,110.94149999999999,86.3095,96.658,81.079,76.914,56.025,92.278,64.3385,85.75399999999999,61.407,43.4765,45.6075,82.3725,102.77225,60.212,116.35,65.6875,23.9835,104.1565,46.9995,99.39750000000001,107.10050000000001,70.4145
2008-01-01,77.094,72.07849999999999,80.827,93.58699999999999,86.64500000000001,84.7975,77.73949999999999,88.25800000000001,112.36449999999999,72.207,78.08699999999999,90.339,89.80449999999999,98.57499999999999,84.537,34.49,66.0435,192.977,74.72800000000001,99.7915,79.68350000000001,46.2085,74.74100000000001,88.916,71.1385,99.449,78.072,69.011,82.96,78.058,76.961,78.045,70.032,74.477,141.3955,102.376,95.99799999999999,82.1765,120.77025,98.698,86.654,110.5905,81.211,105.7705,118.51050000000001,100.0555,49.26349999999999,54.984,67.641,80.895,81.122,105.249,73.639,82.057,88.168,91.22200000000001,37.2815,94.765,65.5125,61.548500000000004,76.5775,95.53299999999999,813.096,94.8985,102.06049999999999,86.6605,93.131,153.5495,97.849625,67.9465,70.30600000000001,111.346,85.4525,85.05250000000001,35.893,107.214,86.22399999999999,93.714,80.593,77.753,58.370999999999995,89.12,64.5755,86.44749999999999,61.650499999999994,45.688,45.5265,83.12899999999999,105.83775,62.3685,121.877,68.167,24.887999999999998,101.4485,47.395,101.82749999999999,101.047,70.899
2008-04-01,77.90700000000001,76.6225,81.5235,92.542,87.9075,86.576,78.023,87.215,107.132,74.2395,75.8815,94.78999999999999,90.85900000000001,93.43299999999999,87.88749999999999,36.291000000000004,69.8735,218.4515,76.438,95.5235,81.99,46.694500000000005,75.0865,92.643,70.023,90.961,80.365,72.589,86.074,80.731,79.221,80.75,72.038,75.812,141.701,99.7645,92.416,82.9165,115.43325,99.61200000000001,86.874,114.727,82.91,105.7365,122.26849999999999,103.1615,51.53,55.449,67.619,80.214,80.355,103.407,73.495,80.813,89.87,91.973,39.6625,103.3295,68.376,62.62350000000001,78.19999999999999,100.4135,671.558,96.7485,98.08349999999999,87.37,94.87899999999999,161.8005,95.412875,67.612,73.27,107.689,86.815,78.33099999999999,38.227000000000004,99.3605,86.68549999999999,83.075,76.996,78.8935,62.113,79.317,61.8845,85.15299999999999,59.3975,49.869,46.2515,82.10499999999999,107.18025,65.6335,115.51249999999999,67.03999999999999,26.3205,105.4705,49.6505,98.932,111.504,68.1115
2008-07-01,79.45349999999999,76.5215,79.3985,90.5505,88.936,84.8445,75.79650000000001,84.8375,103.69,73.7695,81.81800000000001,98.529,85.722,81.709,85.061,36.795,69.0435,252.0075,76.84,91.7595,81.48349999999999,47.442,72.57300000000001,90.8485,67.8805,88.6805,77.91,73.472,86.198,80.793,78.868,81.064,71.981,74.534,146.5845,98.0015,89.396,81.17699999999999,109.23125,98.11600000000001,87.06450000000001,106.649,80.0065,105.0265,117.46799999999999,103.6745,52.812999999999995,53.289,65.82,78.716,79.341,102.473,72.093,82.441,88.68799999999999,91.61349999999999,43.22,107.37199999999999,69.652,77.7545,80.02799999999999,100.78450000000001,691.633,96.877,100.3975,87.93175000000001,95.14949999999999,175.5885,92.853,68.6945,74.19800000000001,104.345,82.9845,77.3045,39.6625,109.836,86.8515,80.0,78.18,78.015,61.1905,76.094,61.5975,83.062,59.314,50.883,48.535999999999994,81.6225,104.026,65.591,110.895,66.9625,26.518500000000003,109.80799999999999,51.043499999999995,96.7855,105.7475,67.3835
2008-10-01,90.8015,75.995,78.012,87.26400000000001,86.705,68.7765,62.807500000000005,74.91749999999999,107.75,67.8565,74.48500000000001,86.05799999999999,73.4465,71.4975,72.785,35.456,59.4305,244.475,71.0275,93.336,73.51,50.562,67.969,81.695,57.491,100.094,77.221,67.418,77.677,74.386,74.23,74.082,68.773,73.894,173.967,100.959,87.90450000000001,79.79849999999999,99.674,92.4565,79.413,117.69900000000001,78.63,104.953,102.646,95.7135,49.056,48.676,59.422,74.865,76.472,103.573,66.267,84.736,83.2625,89.606,45.3365,111.019,69.1075,77.9735,79.319,93.2475,595.045,86.7815,97.3825,87.051,87.07900000000001,180.331,90.59025,66.7855,76.39,106.299,65.9765,80.00450000000001,37.018,102.7415,82.175,85.693,77.205,73.2735,63.953,82.441,62.6875,79.669,60.785,44.301500000000004,44.8655,85.7775,101.785,65.1535,105.2685,58.6375,25.8155,111.717,50.355000000000004,93.07900000000001,99.1385,69.3765
2009-01-01,80.4425,65.7335,74.04249999999999,83.14750000000001,80.658,42.5305,40.966,61.945,100.4075,61.173500000000004,74.53,71.3895,77.7265,75.20750000000001,69.568,36.8635,57.73950000000001,258.89,66.5855,95.94049999999999,64.02225,51.47,58.145,80.497,39.914,89.4355,72.274,59.218,67.487,66.627,68.303,66.061,65.037,71.969,199.9755,97.94749999999999,80.27850000000001,75.4995,89.6855,99.2645,67.8985,119.41550000000001,72.964,101.6745,92.941,80.751,45.924,39.765,50.272,66.531,69.203,98.078,57.942,82.6,71.152,81.775,52.888000000000005,111.93100000000001,62.32000000000001,69.27799999999999,81.69300000000001,79.43549999999999,399.461,77.3845,91.70400000000001,83.12625,77.6025,129.786,84.4695,64.3685,75.5535,100.41,53.455,76.92699999999999,36.5235,85.328,75.042,80.093,75.456,62.105000000000004,62.778,78.054,61.153,77.342,59.75,44.045,45.647999999999996,83.555,89.65424999999999,61.36749999999999,91.726,48.291,23.366500000000002,104.2905,50.9585,85.82050000000001,84.56,67.1775
2009-04-01,73.26,57.81,75.6505,85.6345,77.71950000000001,41.661500000000004,40.8185,62.4905,98.48150000000001,58.4775,75.967,70.3865,77.527,83.1445,70.251,36.8895,58.299,267.195,66.3725,87.0035,61.283249999999995,51.435500000000005,55.4715,75.7045,40.3265,86.451,76.102,56.947,65.48,66.261,68.753,65.292,67.446,74.21,207.08049999999997,104.65549999999999,86.842,77.387,88.58025,86.8075,64.327,126.7275,77.1945,99.9315,90.0145,79.62049999999999,45.784000000000006,37.89,48.307,63.139,66.392,91.64,55.611,82.557,65.2355,76.968,54.402,112.69,60.045,71.0155,83.23,69.4015,533.739,74.943,95.344,80.65675,74.7405,101.09299999999999,82.403375,63.7615,77.017,99.208,55.0265,73.356,36.9595,90.78999999999999,73.8075,78.027,71.264,63.388000000000005,62.052,75.117,62.617999999999995,79.793,60.7355,44.534,50.83,78.187,94.55975,60.0075,87.2205,49.548500000000004,24.165999999999997,112.9005,52.807,86.20599999999999,67.442,67.606
2009-07-01,76.714,51.8465,75.36,87.5335,78.9935,55.144000000000005,53.885999999999996,66.0695,100.58099999999999,60.328,77.092,77.875,72.2055,72.4565,78.92949999999999,39.1845,64.43950000000001,236.51549999999997,67.87049999999999,85.091,64.03725,52.102,59.434,74.14750000000001,52.8895,84.033,75.561,58.405,69.148,69.513,71.294,68.906,69.942,75.219,219.962,102.5,82.625,76.97300000000001,92.7925,94.329,65.7675,138.1775,76.5595,102.093,96.3715,83.13499999999999,46.205,41.573,52.172,66.28,69.132,92.812,59.217,83.444,66.6225,80.412,52.295,110.77850000000001,62.580999999999996,80.07650000000001,83.7375,71.6585,392.96,81.7985,96.6745,82.70175,81.27199999999999,99.06700000000001,82.637125,65.04599999999999,76.9445,102.401,59.885000000000005,70.013,36.8275,114.007,76.872,71.192,70.584,68.4845,62.054500000000004,69.137,64.365,84.089,62.339999999999996,48.533,51.8135,79.8775,92.098,61.576499999999996,86.787,54.5785,25.418999999999997,120.38,55.296,88.0955,62.566,69.29650000000001
2009-10-01,76.99600000000001,52.5355,78.99199999999999,89.35900000000001,82.4405,65.1935,62.443,70.0015,101.2035,65.007,84.5915,81.57900000000001,75.4665,74.333,85.583,42.8125,71.4065,225.44400000000002,71.7165,86.9565,68.3945,52.611999999999995,64.8895,76.91499999999999,59.930499999999995,81.2555,81.373,63.058,74.849,74.328,75.221,73.63,73.242,77.213,209.5805,102.053,83.691,80.6625,99.79775000000001,98.193,70.6365,116.8635,81.51050000000001,99.97550000000001,98.35050000000001,89.9295,49.3715,46.267,56.937,70.055,72.496,94.166,63.697,84.844,71.458,82.267,56.2565,110.9375,66.6995,83.2655,89.9745,77.774,291.72,86.16,99.91749999999999,85.13825,85.242,94.90950000000001,85.149875,66.35249999999999,78.36449999999999,104.211,65.86449999999999,75.2285,39.171,105.9765,79.477,80.796,70.658,73.0895,64.0075,79.449,66.3155,85.293,63.909,55.4435,51.271499999999996,77.9655,93.67425,63.387,92.169,61.1345,28.109,120.248,58.290499999999994,90.40950000000001,67.7525,70.71549999999999
2010-01-01,82.051,58.4965,80.6375,90.399,85.2435,66.358,63.700500000000005,71.136,103.85900000000001,67.1615,84.4315,86.4125,71.77099999999999,64.217,88.919,44.7115,74.33600000000001,186.619,73.32900000000001,87.614,71.018,52.798,69.096,77.864,61.629000000000005,80.618,84.576,65.683,77.195,76.508,76.914,75.724,75.157,77.839,174.495,98.11250000000001,84.595,82.401,106.72525,101.828,76.239,119.7875,83.19999999999999,98.182,98.658,89.58699999999999,54.01,47.558,58.865,72.204,74.32,96.64,65.588,85.077,74.597,85.3055,59.275999999999996,108.15549999999999,69.1695,76.1635,86.33600000000001,81.215,282.083,90.3445,98.1665,86.95575,89.5,98.57849999999999,87.05125,68.289,77.757,107.932,67.648,78.1825,44.141999999999996,100.58,82.34450000000001,76.391,80.957,76.41,65.0515,75.077,68.8155,84.3815,65.744,57.873,51.405,79.3895,95.2865,66.055,96.15950000000001,63.567,30.82,117.297,59.554,92.08699999999999,63.6515,72.739
2010-04-01,86.461,69.21100000000001,78.1195,90.72399999999999,88.855,70.83500000000001,68.336,73.7955,105.0005,71.412,81.1395,87.554,72.4525,62.4145,89.5455,42.1985,76.94200000000001,140.7275,74.3445,91.626,75.3895,54.046499999999995,73.11099999999999,80.19200000000001,65.965,83.419,79.926,68.995,81.232,78.717,78.607,78.574,74.428,78.394,173.9515,99.696,86.3775,80.19,110.6465,101.2465,80.4345,123.482,77.26150000000001,95.763,104.40350000000001,93.3735,55.978500000000004,52.668,63.281,76.179,77.71,99.54,69.292,85.576,80.338,89.1275,63.4195,109.4915,71.362,81.5735,80.0065,86.8815,130.813,91.01249999999999,102.592,87.41475,90.517,113.366,87.7645,70.3635,78.5005,108.62950000000001,71.581,78.455,45.461,105.72800000000001,83.1585,83.945,72.896,81.87299999999999,66.164,83.645,68.8815,83.3615,65.916,62.310500000000005,49.182,84.763,98.76325,68.501,99.89,69.6905,32.8765,117.8955,58.3905,93.4475,76.3595,73.0875
2010-07-01,86.292,72.431,80.9485,91.2705,90.8785,71.3275,69.868,74.227,105.1575,74.5425,83.042,91.9355,74.54150000000001,70.7555,89.58850000000001,46.547,78.658,171.95999999999998,77.32650000000001,90.217,76.7795,54.3275,74.4945,79.476,68.8965,84.6005,84.136,71.667,82.986,80.58,80.852,80.211,76.454,81.471,172.9945,106.188,93.851,82.86949999999999,110.06675,94.7265,83.53399999999999,128.3095,82.8325,91.9905,107.4855,95.24199999999999,59.078,55.223,66.481,79.052,80.426,101.624,72.319,87.532,84.41,89.9395,63.2875,112.51499999999999,78.523,83.5025,82.748,85.57849999999999,152.557,92.488,103.9685,89.213,91.83500000000001,117.941,89.707875,69.6915,82.066,108.6925,73.57300000000001,81.654,48.6365,94.43950000000001,84.43950000000001,86.346,77.007,82.1455,67.612,85.923,71.14150000000001,84.607,67.7075,65.61449999999999,52.405,86.251,99.0435,70.417,102.357,75.714,35.5925,126.265,63.0945,93.975,81.628,74.59299999999999
2010-10-01,87.7995,75.86500000000001,82.3155,91.7595,93.1925,74.3245,72.1945,73.896,104.506,76.84049999999999,84.9195,95.9785,75.328,68.4085,90.73349999999999,48.236000000000004,80.13749999999999,161.0205,79.2045,87.541,78.4815,54.82299999999999,75.525,81.9945,70.7695,83.2595,89.284,74.288,85.349,82.932,83.066,82.27,78.765,83.378,179.41649999999998,112.5555,100.1405,84.38550000000001,106.1285,91.6525,81.6605,118.923,84.95,90.14949999999999,108.931,91.684,59.011,57.267,67.993,79.463,80.722,99.83,73.769,87.246,88.595,89.3865,67.207,110.524,79.598,91.60249999999999,85.9195,88.43799999999999,223.82,93.811,102.54150000000001,89.73975,93.1885,126.385,90.391875,69.56700000000001,84.1,108.206,78.6685,81.97999999999999,49.3395,107.3985,84.23249999999999,72.429,92.184,84.1225,69.73349999999999,71.461,71.4865,86.8995,67.98400000000001,67.0815,57.896499999999996,83.26650000000001,95.97325000000001,73.1945,100.28899999999999,77.4335,37.451,127.019,65.084,94.35849999999999,82.1885,74.65899999999999
2011-01-01,89.6555,78.679,80.94399999999999,91.1495,92.16900000000001,78.33500000000001,76.7205,77.868,100.104,77.81700000000001,87.9975,96.7285,75.5325,68.999,92.8185,51.988,81.967,156.6535,78.488,87.278,79.27525,56.047,76.974,82.6045,75.8135,82.6935,86.075,75.848,86.85,83.821,83.778,83.582,78.74,83.695,193.579,115.726,101.695,83.0955,104.42099999999999,95.793,82.1155,123.46600000000001,81.5545,87.77099999999999,104.97149999999999,92.245,59.6885,58.481,68.815,80.226,81.116,100.534,74.004,85.737,89.883,91.548,60.4315,101.4245,81.07849999999999,90.37899999999999,84.3945,88.43100000000001,199.524,95.66300000000001,105.1785,89.97,95.04050000000001,126.6975,88.95400000000001,72.7545,83.2295,103.27,81.4625,74.687,50.07299999999999,101.811,85.2345,80.603,69.179,86.3065,68.956,79.843,68.5385,85.813,65.818,68.273,60.5295,85.5145,96.2115,74.538,98.7635,77.686,38.405,120.5425,66.1805,92.975,84.6155,72.092
2011-04-01,88.3755,82.721,80.418,93.334,94.8925,75.8895,73.4565,78.7115,101.52350000000001,80.66749999999999,86.51050000000001,97.601,77.2185,67.6795,91.4425,54.4055,86.19,177.936,80.3005,88.8865,80.90125,56.7425,76.697,84.626,72.70949999999999,81.7115,83.487,80.457,89.211,85.088,85.197,85.258,78.465,85.46,195.15449999999998,116.13050000000001,102.0395,82.6525,101.21875,96.7995,84.101,124.424,80.1705,86.714,102.94999999999999,93.59899999999999,61.9025,58.165,68.617,80.199,81.419,100.848,74.418,87.725,92.72,91.544,63.8755,102.012,84.381,88.26249999999999,88.543,91.6195,235.22,95.8935,106.838,90.96875,95.09100000000001,140.7745,88.854625,73.672,85.98949999999999,105.1695,83.9295,73.86699999999999,52.4005,103.38900000000001,85.713,75.674,72.75,86.27850000000001,73.5355,74.654,72.357,89.7585,68.93,77.618,59.550000000000004,85.1165,96.3935,77.378,96.57050000000001,76.128,39.754000000000005,117.035,68.015,93.92750000000001,103.14750000000001,74.87
2011-07-01,84.63,95.1285,79.7225,93.6035,95.017,82.943,79.543,79.72649999999999,103.424,82.1465,91.396,98.3005,78.56,68.55199999999999,92.9555,54.8495,89.967,175.88850000000002,79.8005,93.09899999999999,80.5385,57.623999999999995,76.743,85.8085,77.21000000000001,83.6395,80.237,83.05,90.346,85.889,86.37,86.49,78.795,87.483,183.72899999999998,115.325,103.042,81.67699999999999,101.47075000000001,94.9875,84.3605,122.54650000000001,78.756,85.729,105.4255,95.564,62.775999999999996,61.662,70.828,81.012,82.322,99.237,75.86,89.084,92.93350000000001,91.1985,69.545,103.9915,82.7185,100.69300000000001,86.862,90.878,209.12,95.569,102.11,90.33175,94.4095,146.3985,88.61525,73.175,87.896,107.0695,80.0805,73.119,53.187,109.9305,85.51849999999999,77.796,68.942,85.9375,74.743,76.957,73.606,90.2415,70.041,83.303,62.912,85.8275,97.29875,77.437,96.97149999999999,75.92699999999999,41.405,123.41,69.8055,94.576,105.3485,76.1325
2011-10-01,94.34,99.6445,83.1665,94.43950000000001,93.807,84.184,81.50450000000001,78.3475,103.421,84.068,90.5815,97.7975,84.429,86.1645,91.0575,54.779,88.9605,182.6765,80.481,90.2295,80.87175,59.1505,78.53800000000001,86.1405,79.95750000000001,83.689,83.107,85.397,91.733,87.749,87.024,88.239,81.287,85.418,180.84199999999998,111.19900000000001,99.029,84.72550000000001,101.71075,98.5445,86.60650000000001,121.9025,84.082,84.037,104.143,95.9745,65.22,63.379,72.589,82.392,83.403,99.94,77.445,88.598,94.78649999999999,92.399,68.3305,100.0875,84.137,96.479,88.289,90.3655,261.471,95.94200000000001,103.4265,91.17824999999999,95.786,155.59699999999998,90.242375,76.0715,84.7775,106.893,78.03999999999999,76.3955,55.9185,108.467,85.18,78.273,75.35,86.12,72.9075,77.102,73.854,92.00999999999999,70.5565,83.6705,59.664500000000004,87.81450000000001,96.49225,78.0695,100.2255,76.7405,42.3985,119.8175,69.1395,96.057,126.551,76.5375
2012-01-01,95.70750000000001,105.7235,79.862,95.562,93.446,90.9345,87.059,79.9925,104.1665,86.70150000000001,89.55250000000001,93.3075,83.1905,76.1995,92.643,56.081500000000005,91.425,181.5495,79.678,93.2165,82.52925,60.414500000000004,81.89949999999999,87.001,84.1115,83.0275,79.704,89.217,94.343,88.179,88.087,89.079,78.692,87.909,170.24849999999998,113.14150000000001,103.01849999999999,81.81450000000001,101.9755,88.6005,90.0175,121.6985,77.2265,83.827,104.6685,95.5985,65.15950000000001,67.001,75.536,82.834,83.814,96.059,79.136,88.86,97.244,90.07499999999999,69.6705,100.8075,85.887,94.201,84.3505,94.581,247.003,93.15,102.9265,88.15925,93.4555,162.601,91.84925,77.6275,86.794,108.18299999999999,77.056,78.76,55.464,109.8715,86.536,81.314,76.912,88.5795,75.124,80.255,75.646,94.423,72.22749999999999,87.652,60.585499999999996,82.2575,90.9545,80.662,100.2205,77.761,44.966,120.96549999999999,70.773,97.06,111.696,78.0475
2012-04-01,90.1255,107.2585,82.3875,95.5065,94.3055,89.703,86.648,79.403,103.44999999999999,87.05000000000001,90.43199999999999,92.894,81.9565,75.83850000000001,93.1845,57.51349999999999,89.70949999999999,219.409,80.717,95.5715,82.23349999999999,61.305,83.775,86.292,84.743,85.9445,86.206,89.992,93.961,89.255,88.954,89.578,81.786,88.312,168.2055,108.294,97.9285,84.5205,101.94200000000001,109.23500000000001,91.934,119.30199999999999,80.8815,84.8125,102.7865,97.6265,65.2,67.923,75.896,83.114,84.125,96.172,79.399,89.344,98.297,90.8675,69.918,104.9375,85.9445,89.5805,87.016,94.107,211.685,95.2735,104.51050000000001,89.93424999999999,94.6135,167.884,91.56775,76.964,87.5115,106.82849999999999,78.5745,76.856,54.934,114.69399999999999,87.6395,79.561,74.649,87.906,76.5005,78.716,76.527,95.205,73.043,83.5685,62.347,83.58,92.45675,81.0035,100.44900000000001,74.688,48.7945,127.6155,72.8355,97.307,121.97149999999999,78.5865
2012-07-01,101.9315,107.4435,86.4495,96.46549999999999,93.92099999999999,89.1625,85.8075,80.70849999999999,101.21700000000001,87.35050000000001,91.34299999999999,93.6485,87.525,87.48,90.1855,58.581,86.592,173.07999999999998,81.46600000000001,91.0775,81.804,63.609500000000004,84.4605,87.0975,83.23150000000001,86.84700000000001,90.863,90.832,94.106,89.79,89.499,89.644,82.856,88.88,160.69650000000001,110.2105,101.2175,87.821,100.852,109.90299999999999,93.048,120.9215,86.729,83.97149999999999,101.9795,97.5205,66.711,68.326,76.068,83.635,84.577,97.284,80.173,89.449,98.1055,90.69399999999999,69.132,106.3935,82.9915,89.4455,88.548,91.2615,285.09,96.5605,100.00200000000001,90.4805,97.2515,163.467,93.11325,80.174,88.0315,103.92500000000001,77.3945,79.481,56.796,113.84100000000001,87.3145,81.79,78.117,87.9985,76.6225,80.491,76.64699999999999,95.97200000000001,73.43,80.72149999999999,63.9395,83.17,91.4045,82.68350000000001,99.41,74.535,49.736000000000004,130.801,74.113,97.8315,118.4555,78.4545
2012-10-01,90.2615,107.4135,81.544,92.607,93.62049999999999,90.997,85.90549999999999,82.0155,102.396,86.7825,90.6115,91.958,91.3955,94.258,88.09049999999999,60.149499999999996,87.6175,147.4665,81.7505,91.02199999999999,81.7455,64.7205,83.596,90.18549999999999,81.8215,87.09649999999999,79.438,91.267,93.676,88.867,89.585,89.937,81.263,91.196,161.469,115.127,106.6385,82.75399999999999,102.29475,100.92,94.24199999999999,119.81200000000001,79.96000000000001,83.1215,103.3135,95.869,67.5425,68.444,76.215,82.829,83.78,94.809,79.728,88.701,94.488,89.55449999999999,71.9305,104.6375,83.69749999999999,94.0745,84.7945,89.625,230.704,93.9885,100.179,89.43675,93.62950000000001,153.228,93.129625,80.34450000000001,90.3815,105.5395,77.5325,81.619,57.940000000000005,114.1935,88.737,89.281,74.737,86.771,78.6395,88.377,77.7525,89.32650000000001,74.412,85.075,73.7535,83.8415,90.6125,83.25999999999999,99.201,74.381,51.2385,133.51500000000001,76.2315,95.369,121.856,79.4875
2013-01-01,89.123,106.5865,84.4605,93.0135,97.493,92.857,87.203,83.164,105.82849999999999,87.0415,92.7145,97.602,91.12,92.60749999999999,87.783,61.06,88.77600000000001,115.00399999999999,82.58500000000001,93.8625,83.779,65.4495,86.49950000000001,90.9525,82.881,85.401,82.908,91.515,94.42,89.464,90.05,90.186,81.645,91.361,153.2225,106.465,98.1825,85.64699999999999,103.02825,90.6935,90.05000000000001,115.8885,82.614,83.12899999999999,103.2185,98.2715,69.58800000000001,68.868,77.212,83.234,83.708,94.218,80.811,86.202,94.4405,88.988,77.13650000000001,96.2005,82.366,86.5945,82.894,93.547,171.811,95.755,101.185,88.7615,95.0845,148.9595,94.15925,82.8665,86.116,109.92349999999999,79.935,83.559,60.717,109.916,90.3545,87.269,80.269,87.7015,78.10849999999999,86.728,81.5855,88.0275,77.381,88.4055,61.066,79.658,93.66375000000001,84.4305,98.489,74.7135,52.1875,130.51999999999998,76.991,95.3485,110.7455,82.55850000000001
2013-04-01,94.969,108.5715,81.608,90.811,94.781,95.2315,90.041,84.011,102.799,88.518,91.287,95.47749999999999,95.6445,103.764,88.9865,61.006,88.0235,107.119,86.17099999999999,95.907,86.074,66.771,87.326,90.98400000000001,85.7535,87.297,78.212,94.045,96.747,90.857,90.867,92.269,81.725,90.91,147.85500000000002,107.2615,99.8805,83.287,100.578,92.7065,89.7855,115.7565,79.088,84.037,96.299,98.21199999999999,74.2665,70.082,78.926,84.603,84.924,95.016,82.259,86.645,95.4125,89.798,82.81049999999999,96.34700000000001,83.2715,83.586,85.6895,91.7175,224.062,94.72,107.18199999999999,89.96325,94.7655,140.603,94.51725,81.0215,87.5295,105.8615,93.16749999999999,83.378,66.9775,109.416,90.58449999999999,80.171,87.393,87.3765,78.9915,79.251,80.146,85.202,76.5075,85.8535,67.94800000000001,82.57499999999999,95.7445,85.1805,98.1525,77.9965,54.81400000000001,141.853,79.571,93.71549999999999,118.9705,81.274
2013-07-01,94.9855,109.8865,84.471,91.6435,96.2675,94.3785,90.593,85.55250000000001,102.1605,88.8615,90.632,94.483,99.7475,113.724,90.8595,64.428,88.5375,140.12,84.96350000000001,96.27850000000001,85.578,67.636,88.1815,92.88,87.386,88.0745,83.92,92.352,95.61,91.347,91.645,92.152,84.468,92.305,142.3925,106.827,100.25,85.79650000000001,99.36425,102.7405,91.8735,116.271,82.134,83.83850000000001,96.6075,99.4995,74.275,71.62,80.216,85.327,85.534,94.773,83.196,86.687,94.697,91.18549999999999,78.276,97.151,85.98349999999999,94.331,85.43299999999999,93.5635,186.67,96.0505,106.481,90.8175,95.95599999999999,132.327,93.92462499999999,83.5455,88.68299999999999,105.008,88.73,80.14699999999999,66.32650000000001,101.1575,91.47999999999999,79.536,81.333,88.2935,79.508,78.851,81.541,86.25,77.851,84.73349999999999,70.22550000000001,84.75999999999999,96.18,85.1225,98.142,79.5835,54.554,134.528,79.908,93.941,115.2775,82.2505
2013-10-01,95.85149999999999,116.569,91.62700000000001,94.083,98.2015,94.664,91.369,86.763,102.576,90.27250000000001,93.613,96.9885,98.8515,109.6095,90.815,65.29050000000001,89.929,155.2385,86.451,97.5925,87.946,68.4505,89.946,93.788,88.89150000000001,88.613,95.766,95.392,97.587,94.869,94.285,94.733,90.101,93.048,135.8655,108.655,103.319,92.372,100.5805,96.9585,93.575,106.715,92.44300000000001,84.241,97.6645,101.396,78.209,72.935,81.635,85.922,86.21,93.951,84.317,87.757,96.8605,92.5655,80.122,96.226,84.595,89.44900000000001,81.233,93.848,230.834,96.6235,102.97200000000001,90.77675,96.5615,133.5345,95.575125,84.036,89.346,105.481,93.07400000000001,84.464,70.901,101.85900000000001,91.863,89.884,79.82,89.8615,80.84649999999999,88.983,83.3835,89.357,79.4985,88.22399999999999,72.25,87.5675,98.636,86.443,98.61,79.44200000000001,57.841,138.4525,81.2585,95.63499999999999,132.4185,83.68299999999999
2014-01-01,97.167,114.378,92.2065,97.824,98.619,92.21600000000001,90.1175,85.58449999999999,101.2355,91.31899999999999,95.56450000000001,94.194,101.4705,113.0615,91.606,67.36850000000001,89.571,132.539,88.121,98.824,89.23175,69.9265,89.5635,96.126,89.227,89.5355,96.567,95.448,97.62,93.216,93.382,92.805,86.125,93.746,139.3195,110.99449999999999,105.4585,92.80449999999999,100.029,92.637,92.3665,109.757,92.1765,85.2875,97.394,93.161,76.219,73.78,82.565,86.982,87.323,95.228,85.383,89.122,98.8565,90.56649999999999,84.86099999999999,96.10249999999999,88.0315,83.577,85.3685,96.875,131.3,94.792,97.709,90.7705,95.041,134.446,95.922875,87.10849999999999,90.15350000000001,103.643,95.2445,83.707,69.965,100.709,93.322,82.114,85.5,91.756,82.1155,81.8,82.839,95.013,79.4375,86.5355,71.09700000000001,82.195,99.45925,87.259,99.124,79.6535,60.556,130.89100000000002,82.0055,98.242,121.667,83.3885
2014-04-01,94.11500000000001,113.8925,92.062,91.9185,99.2865,99.59299999999999,95.124,90.158,101.24549999999999,93.489,93.4665,99.16149999999999,104.4925,117.6705,91.1585,71.1185,89.606,152.1115,91.831,101.03,93.14625000000001,71.536,92.7755,97.91749999999999,91.9335,89.984,89.568,97.142,99.877,95.665,95.399,96.322,88.808,94.849,132.8105,114.2925,110.20150000000001,92.452,100.674,91.4015,95.3595,100.908,92.30850000000001,87.01650000000001,99.838,92.6225,80.56200000000001,77.953,86.594,89.418,89.312,95.02,88.983,88.936,100.444,92.58699999999999,88.44,98.601,92.17349999999999,89.75,91.2305,100.84450000000001,112.494,96.9485,101.1105,92.923,96.664,139.2145,96.635125,88.018,92.492,103.373,98.69550000000001,85.6695,75.64699999999999,100.045,95.0265,84.944,86.453,93.5595,82.92500000000001,84.767,86.1045,86.864,82.334,87.5255,71.1465,84.344,99.174,89.83600000000001,97.8345,81.66,62.5235,133.84,85.545,93.7625,132.3775,85.7315
2014-07-01,93.35900000000001,114.1625,89.08449999999999,89.642,99.92,100.75399999999999,97.2865,93.9185,101.88650000000001,95.01650000000001,94.1545,100.3455,107.247,123.74350000000001,92.5675,72.3185,90.312,84.161,90.9805,98.2005,92.83975,74.1,94.233,99.878,95.5675,90.917,85.944,99.592,101.432,96.618,95.793,97.791,88.908,94.075,128.933,109.06,104.99549999999999,89.824,100.9985,83.01,97.51050000000001,102.925,88.9325,88.81049999999999,97.321,95.431,81.935,79.529,87.213,89.64,89.48,94.549,89.458,88.864,101.758,93.106,94.136,98.44200000000001,91.74549999999999,95.62100000000001,92.081,102.03450000000001,182.14,96.7225,98.64150000000001,93.27325,96.39750000000001,137.88049999999998,97.634125,86.4785,91.5535,104.0745,93.4095,88.64,76.432,101.2935,94.1885,89.718,88.028,94.1,84.056,89.127,86.1235,83.982,82.961,86.85849999999999,73.8715,85.59649999999999,99.8565,90.646,98.82050000000001,83.438,67.239,130.1485,86.346,92.4945,136.857,86.361
2014-10-01,95.016,102.1705,94.43,93.857,101.15549999999999,98.68450000000001,96.3065,95.99199999999999,101.60149999999999,95.5915,93.9035,96.812,103.374,113.221,94.62700000000001,71.9445,92.84899999999999,94.934,93.16,105.918,95.91875,75.6515,94.63749999999999,97.619,95.14699999999999,92.3895,95.117,98.556,101.475,97.425,96.587,97.674,90.804,94.857,127.244,106.394,102.26050000000001,94.82849999999999,105.74225,93.14150000000001,96.483,102.4505,95.978,90.021,97.43100000000001,96.6445,85.95,80.387,89.826,91.92,91.829,96.241,91.434,91.567,101.305,94.34,94.33949999999999,99.1055,92.7495,97.46600000000001,91.825,105.7355,102.358,96.8425,98.9245,93.805,96.646,142.594,98.951125,86.2995,93.29499999999999,103.493,98.16,94.6785,81.94800000000001,107.5685,94.9165,97.186,92.068,94.42500000000001,88.3435,97.153,87.58,89.613,84.4785,90.4805,79.7995,85.8735,99.7015,90.0115,102.116,84.485,68.8805,128.91500000000002,85.6115,96.60849999999999,151.7745,87.536
2015-01-01,95.55000000000001,97.8685,94.654,91.7145,103.88749999999999,92.1735,92.518,94.3315,105.103,95.7175,88.049,95.82,108.6825,129.916,93.054,75.29599999999999,89.95400000000001,152.40550000000002,95.6155,103.0515,95.21725,78.2895,94.68299999999999,96.7175,93.5385,95.9195,94.818,96.74,98.271,95.575,95.823,95.657,91.047,96.292,122.93700000000001,107.482,104.241,95.0255,106.65174999999999,94.1575,99.156,105.219,95.995,91.699,96.95750000000001,94.3835,86.3035,83.583,91.363,93.943,93.196,99.144,93.655,89.964,100.44,94.4005,90.8745,92.548,92.7985,92.9615,99.792,102.80600000000001,151.95,96.083,96.989,96.7435,96.005,134.8065,98.544375,88.5185,93.038,106.994,99.0275,91.9205,82.2525,97.642,95.50049999999999,82.134,102.039,95.095,88.34,81.688,90.8015,87.13749999999999,87.455,87.35650000000001,76.842,87.845,96.58875,91.662,103.48349999999999,82.4145,73.95,120.3255,85.826,95.1935,131.90550000000002,90.604
2015-04-01,98.2305,100.95150000000001,96.2655,90.05250000000001,105.191,96.68100000000001,96.47900000000001,95.1095,106.73349999999999,95.7055,88.43,95.5355,107.4245,124.3825,94.49549999999999,78.99,90.4335,155.274,95.31299999999999,107.395,93.783,80.5635,95.345,98.497,97.3925,96.708,95.706,98.597,98.73,96.184,96.079,96.236,91.888,95.868,122.76599999999999,104.48,101.0195,96.136,98.09525,94.05,96.8515,105.735,96.14750000000001,93.23400000000001,97.3065,98.6385,85.3675,85.263,92.178,94.658,93.926,99.637,94.567,90.784,99.5215,93.75,89.32249999999999,91.165,89.857,94.48599999999999,103.619,99.6245,77.176,96.44800000000001,97.134,97.06425,96.63149999999999,122.1635,100.590625,92.29599999999999,92.44200000000001,108.8005,96.4615,97.47,80.5485,102.20400000000001,95.99600000000001,96.704,97.975,95.434,87.762,96.829,94.5995,86.9385,90.9255,85.17099999999999,82.30799999999999,86.6495,95.8665,92.8075,102.451,84.4885,79.122,119.694,88.054,93.8925,150.37849999999997,93.7515
2015-07-01,97.859,101.031,94.42500000000001,90.94800000000001,104.23,99.28649999999999,97.9215,95.53800000000001,106.9685,94.53450000000001,89.127,95.5295,104.7825,124.23400000000001,96.5835,79.721,93.5755,156.1285,96.35900000000001,104.4325,94.06625,83.298,94.811,95.173,97.3455,98.576,91.609,96.737,97.844,95.22,95.304,95.595,90.787,95.465,118.81099999999999,100.951,97.63550000000001,94.22900000000001,98.795,87.0565,96.8515,107.06899999999999,93.88300000000001,94.949,99.8755,98.9005,87.3575,86.403,92.984,95.135,94.567,99.442,94.963,92.157,97.9045,93.106,89.8945,91.8365,89.646,116.197,102.417,97.49549999999999,141.45,95.001,99.9495,96.976,95.27449999999999,105.024,100.3275,92.95349999999999,92.868,108.6635,95.96950000000001,98.743,83.06700000000001,92.6165,96.28450000000001,99.591,98.024,95.7595,88.057,99.323,94.97800000000001,87.844,91.963,88.5635,84.1275,86.441,93.0675,91.2385,101.63550000000001,85.4245,79.30449999999999,126.37800000000001,89.7805,93.99199999999999,132.64100000000002,94.64750000000001
2015-10-01,88.9435,101.176,95.90299999999999,96.1825,100.97999999999999,97.54249999999999,97.09100000000001,96.80799999999999,107.0735,94.325,90.15350000000001,92.435,106.66149999999999,125.376,95.73599999999999,81.134,92.1645,133.56799999999998,96.26249999999999,100.498,92.611,85.0925,93.1255,97.1325,97.057,100.70949999999999,91.918,97.191,96.839,94.668,95.174,94.955,90.973,96.144,112.0835,100.061,97.73400000000001,95.4965,96.31524999999999,88.9345,96.8065,99.572,96.971,94.764,97.1925,93.4975,85.547,87.527,92.742,94.935,94.834,99.324,94.724,94.446,95.5135,92.04599999999999,98.868,92.68549999999999,88.7125,114.8255,106.76650000000001,94.027,126.853,94.03299999999999,97.6865,97.05324999999999,93.5265,99.42,100.65225,93.5435,94.5085,108.279,97.9545,99.26,81.7485,98.40100000000001,95.488,97.392,101.18,94.01050000000001,91.938,97.203,95.75800000000001,94.6385,93.04650000000001,86.341,85.7595,87.3115,96.39099999999999,92.755,100.72550000000001,86.293,84.465,121.006,91.006,97.7145,121.90299999999999,95.54650000000001
2016-01-01,88.2425,94.779,97.1,89.709,100.005,94.4265,95.1425,97.4055,104.7315,93.5065,91.979,93.577,99.7065,100.1385,97.525,87.3335,93.226,80.55449999999999,95.0875,102.81649999999999,92.131,87.45,92.71,98.1765,96.101,101.1235,92.306,94.966,95.844,95.145,94.902,95.444,94.012,94.463,109.325,94.9555,92.4175,96.8665,96.63825,92.4165,97.27350000000001,95.80199999999999,97.976,95.646,93.7445,94.75450000000001,86.8435,87.576,92.28,94.927,94.721,100.291,94.531,93.866,94.0865,94.59649999999999,88.12,92.2885,86.9375,102.59,103.7645,93.93950000000001,99.72,95.113,99.644,98.17675,94.437,92.52850000000001,101.686125,95.5385,93.1925,105.445,94.828,103.4165,83.23,98.922,96.369,101.086,105.597,93.3905,93.426,101.095,96.37950000000001,87.5915,94.264,86.2895,82.5815,95.443,91.94625,93.70349999999999,103.08250000000001,92.12899999999999,85.77850000000001,108.62950000000001,91.51599999999999,93.913,104.707,96.164
2016-04-01,88.2065,90.84700000000001,95.578,92.96000000000001,99.0875,96.834,96.18100000000001,97.824,102.57300000000001,94.46549999999999,95.4445,94.3155,106.82650000000001,123.0265,96.9155,85.118,92.96950000000001,79.12899999999999,95.22550000000001,97.8335,92.646,89.406,93.1505,98.0795,96.223,102.3065,89.688,96.697,96.515,95.142,95.637,95.718,92.789,96.546,105.9815,95.1735,93.157,95.036,98.81475,99.17699999999999,94.696,102.50999999999999,95.565,97.0445,90.538,92.9575,86.5665,89.239,92.558,94.997,94.842,99.913,94.628,94.189,92.4435,94.702,88.856,93.3125,91.45349999999999,105.55850000000001,103.896,94.4585,151.557,95.701,97.0515,97.91274999999999,94.97,84.45150000000001,100.366,97.57849999999999,93.7225,102.8035,99.59700000000001,99.709,83.503,110.957,96.14850000000001,101.639,97.956,93.3155,95.0355,101.32,96.814,89.799,95.054,86.9135,80.1465,95.113,94.36875,94.74350000000001,101.37049999999999,95.149,91.18350000000001,105.233,90.02199999999999,96.252,116.6755,96.434
2016-07-01,98.39949999999999,89.834,102.328,94.0025,96.696,98.4765,97.17699999999999,99.02799999999999,103.405,94.30000000000001,104.3555,95.943,100.1225,104.4205,95.268,87.2735,91.202,77.6695,96.52,98.19550000000001,95.63125,92.69800000000001,95.66,96.281,96.453,102.49549999999999,107.773,97.449,97.262,96.866,97.189,95.727,96.193,97.78,102.2775,95.34899999999999,93.99549999999999,101.87899999999999,100.6705,95.04050000000001,93.672,102.775,104.86449999999999,96.8235,95.529,95.0925,90.472,91.477,93.489,95.483,95.534,99.457,94.882,95.746,92.6725,95.8295,88.978,96.766,93.03399999999999,105.87549999999999,102.48150000000001,98.155,166.884,96.356,96.9435,97.49674999999999,96.565,83.188,99.960875,98.055,94.5915,103.676,99.291,97.57499999999999,88.7145,95.44,97.10900000000001,100.624,94.809,94.2145,94.7915,100.2,97.732,93.1605,96.30799999999999,86.4505,83.36850000000001,93.011,93.97125,97.1795,101.69200000000001,94.39099999999999,95.184,102.6195,90.62,96.26400000000001,102.6815,97.5895
2016-10-01,97.6705,91.5615,101.6365,83.8715,97.1385,96.057,97.1175,100.955,101.8745,95.6515,95.726,95.62899999999999,98.07849999999999,97.497,96.1015,91.6465,92.38550000000001,116.1655,97.6885,100.51750000000001,96.67425,94.449,97.249,98.197,98.58449999999999,100.958,103.942,98.846,97.974,96.956,96.464,96.227,95.224,95.558,102.3305,95.1165,93.70750000000001,100.94,96.43900000000001,106.967,96.3975,95.2085,102.4995,97.7165,95.1795,96.0445,93.614,93.789,95.414,97.455,96.91,101.497,97.02,94.598,95.13050000000001,96.12950000000001,89.8775,98.97,94.0555,101.8365,102.807,97.3955,169.254,98.071,95.1175,97.982,98.0495,84.5415,101.918625,100.01,95.61449999999999,101.9195,99.1155,106.312,92.37299999999999,91.809,99.18950000000001,108.45,104.411,96.74449999999999,94.7325,108.061,97.49799999999999,79.44749999999999,96.679,87.814,85.9555,91.643,93.06775,97.8375,100.787,92.5655,98.751,102.8815,93.44900000000001,88.843,113.057,97.60499999999999
2017-01-01,100.576,94.92099999999999,101.1165,94.944,100.2075,100.45949999999999,100.23,101.634,99.0325,97.4,97.038,97.664,99.89,104.2115,96.74000000000001,95.581,94.61,96.89349999999999,98.7065,99.6005,96.9215,95.4005,98.9635,98.085,99.926,98.503,102.447,98.311,98.061,99.079,98.813,98.729,100.765,98.322,96.87049999999999,97.333,97.4235,100.413,100.9495,95.5515,97.418,101.925,102.22399999999999,98.7045,97.7595,98.2475,94.92,97.602,97.51,98.66,98.411,100.91,98.006,97.359,98.0445,100.33500000000001,98.015,95.6275,95.815,103.2075,103.616,96.654,98.362,98.492,94.84899999999999,101.672,98.7045,88.6495,99.69562499999999,99.79400000000001,98.25399999999999,99.0835,98.25999999999999,95.868,93.459,95.0185,98.3965,92.122,99.524,97.021,97.9615,92.082,96.106,93.381,96.127,91.87549999999999,100.0365,103.6055,101.21549999999999,97.50200000000001,102.73949999999999,97.8115,99.2585,103.0925,97.3165,96.947,88.7555,96.64099999999999
2017-04-01,98.38749999999999,94.54849999999999,98.898,96.61850000000001,98.99199999999999,99.314,99.455,97.458,100.7465,98.387,100.29650000000001,99.797,97.86099999999999,97.5505,97.70400000000001,96.09100000000001,97.957,97.77000000000001,100.2125,96.788,100.04325,97.73949999999999,99.155,97.378,99.60900000000001,99.75999999999999,98.787,97.52,98.713,98.815,99.146,98.818,98.979,99.754,99.41300000000001,98.67,98.5475,98.932,100.58725,103.6015,100.517,100.11,99.888,98.88,98.675,98.929,103.7005,99.48,99.566,99.424,99.346,99.145,99.421,99.024,99.52199999999999,99.1395,98.278,99.749,95.48349999999999,104.694,99.2245,99.9045,90.168,99.5665,98.7835,99.27125000000001,99.454,95.312,99.623125,97.958,99.6095,100.83,98.9985,100.231,105.144,100.6395,99.201,99.275,100.99,99.134,99.50450000000001,99.333,99.69149999999999,94.153,99.281,98.452,104.2465,98.487,101.37049999999999,99.132,99.8625,96.174,96.18350000000001,98.923,97.103,97.743,110.07499999999999,99.5235
2017-07-01,99.11250000000001,103.65700000000001,99.6395,106.76050000000001,98.437,98.63499999999999,98.7525,98.3435,99.794,100.924,98.5865,98.928,102.97,103.9525,100.39150000000001,103.901,101.66900000000001,100.26849999999999,98.20150000000001,99.9255,99.602,102.42,100.2185,102.3305,98.82,100.77250000000001,99.63,102.011,100.458,99.238,99.729,99.2,97.227,100.634,102.8065,102.35849999999999,102.23949999999999,99.98599999999999,100.56725,100.662,99.9845,99.5145,99.8835,100.4395,100.75999999999999,99.092,97.59200000000001,99.477,99.535,99.107,99.727,98.261,99.283,102.333,99.602,98.021,100.72200000000001,104.1045,101.813,94.4245,94.8185,100.5885,88.856,99.4495,102.227,97.16025,99.4075,104.2995,99.375375,98.988,101.357,99.58500000000001,98.94800000000001,99.092,96.725,106.8445,100.5025,100.494,97.475,100.8165,101.009,100.568,101.2185,109.74000000000001,101.279,102.941,99.598,94.8275,96.886,100.71700000000001,99.73949999999999,99.055,100.92949999999999,101.684,102.85900000000001,104.88050000000001,94.633,101.021
2017-10-01,101.924,106.87299999999999,100.3465,101.6765,102.363,101.5915,101.562,102.5645,100.4275,103.2885,104.07849999999999,103.61099999999999,99.27850000000001,94.286,105.1645,104.4265,105.76400000000001,105.06800000000001,102.88,103.6865,103.43350000000001,104.4395,101.663,102.20599999999999,101.64500000000001,100.964,99.136,102.157,102.767,102.868,102.312,103.253,103.029,101.289,100.91,101.63900000000001,101.7895,100.66900000000001,97.896,100.18549999999999,102.08099999999999,98.4505,98.00399999999999,101.9765,102.805,103.7315,103.7875,103.442,103.389,102.809,102.516,101.684,103.29,101.284,102.83099999999999,102.50450000000001,102.985,100.519,106.8885,97.6745,102.34100000000001,102.85300000000001,122.614,102.4915,104.14099999999999,101.89625000000001,102.434,111.7385,101.30575,103.25999999999999,100.78,100.5015,103.793,104.809,104.67099999999999,97.497,101.8995,108.109,102.011,103.029,101.525,108.016,102.9845,102.726,103.3125,106.7315,96.1185,103.08,100.52775,102.6485,97.6585,106.95949999999999,103.6285,96.3015,102.7215,100.43,106.53649999999999,102.8145
2018-01-01,101.48,110.60900000000001,101.14949999999999,105.4075,103.1965,103.2825,103.639,100.44200000000001,101.503,105.1865,100.87450000000001,103.4185,102.5975,95.62,106.5875,104.178,107.99000000000001,131.97,105.0385,103.8315,104.332,106.01599999999999,106.0195,105.5175,104.3635,101.9505,97.18,104.855,104.29,103.349,102.975,103.983,101.882,102.288,103.6695,98.666,97.8055,100.82900000000001,102.06475,99.91,103.257,99.487,98.645,100.074,102.005,104.60900000000001,103.864,106.047,104.381,103.863,102.941,102.883,104.747,99.036,104.625,101.9405,86.613,88.7285,107.461,109.128,108.2975,103.4025,158.671,102.4865,99.86,102.90275,102.395,108.28399999999999,99.2805,104.319,98.16650000000001,101.893,106.423,98.834,104.0275,105.059,103.559,105.173,93.234,105.091,100.044,104.832,105.564,107.294,105.6515,109.797,98.7345,101.645,101.86825,105.2645,99.6575,100.89150000000001,105.697,98.52000000000001,101.652,104.001,103.97550000000001,104.9265
2018-04-01,100.1315,111.725,107.3315,105.62049999999999,101.642,98.7525,101.012,100.2565,98.358,107.0015,93.7305,104.768,105.869,94.3825,109.055,102.62,110.57050000000001,131.2475,104.10900000000001,104.982,102.37725,108.22200000000001,107.46950000000001,112.5065,103.7705,103.065,105.993,103.72,104.303,105.616,103.534,105.585,107.693,99.683,107.825,100.1715,98.926,106.6185,101.88925,98.6585,104.191,104.2285,107.52699999999999,100.4025,100.812,102.875,101.5635,107.369,104.298,104.083,103.073,103.672,104.81,98.803,106.0885,103.832,90.855,88.839,109.094,108.422,110.2745,101.7315,170.06,103.73150000000001,100.749,105.18275,103.394,113.464,100.747125,106.9575,97.3845,98.011,105.0385,104.45400000000001,100.71549999999999,101.19,104.885,110.027,99.681,105.008,98.518,109.643,103.18950000000001,107.705,104.2225,111.723,95.431,107.0605,102.42275000000001,107.38499999999999,99.941,98.55250000000001,107.779,89.5505,99.5795,103.963,118.137,103.186
2018-07-01,99.8905,108.10300000000001,107.494,106.76150000000001,102.376,97.7415,100.691,101.8185,96.6845,107.00049999999999,92.17349999999999,106.26,105.87299999999999,85.2665,105.69800000000001,100.21799999999999,108.856,143.006,104.56049999999999,104.691,103.0755,100.327,106.456,116.527,103.689,105.5075,103.07,104.361,102.284,103.498,102.241,103.548,105.429,99.93,103.761,97.40350000000001,96.5145,106.6345,101.25175,97.3835,104.517,103.8155,107.7505,99.945,99.7065,102.836,102.93,109.167,106.437,105.93,104.523,104.994,106.499,98.574,106.078,104.0195,92.95949999999999,91.44749999999999,106.6125,115.131,109.137,101.2835,153.548,104.26599999999999,101.255,104.99825,103.83850000000001,113.6005,99.109625,108.0885,98.03899999999999,95.46600000000001,107.096,99.0535,102.73949999999999,106.50450000000001,104.238,97.623,101.21,104.314,100.96100000000001,97.266,104.733,107.28399999999999,104.3555,113.6155,94.19149999999999,106.561,101.5395,109.747,96.063,98.4805,111.945,90.245,97.8285,103.95949999999999,112.2635,103.024
2018-10-01,103.1695,113.51650000000001,101.168,107.87899999999999,107.05000000000001,97.9695,101.469,103.436,96.4985,107.205,91.72649999999999,106.82050000000001,109.288,96.8125,106.6035,102.1505,109.5195,161.79399999999998,108.2315,103.6625,104.49825,100.0755,105.6445,114.939,105.1585,105.495,95.344,104.235,103.227,104.473,102.666,105.369,106.455,99.345,103.6095,95.8875,94.8455,101.1925,99.999,101.485,108.1675,105.2045,97.3315,99.3735,101.5195,107.652,106.0415,106.594,107.577,106.658,105.615,104.97,108.336,101.217,106.363,103.8775,99.762,91.6615,104.5185,115.5095,117.253,101.7315,139.39,105.3745,97.176,107.34875,105.167,114.6625,99.87575,107.5145,99.412,95.23599999999999,107.71000000000001,103.28649999999999,105.13300000000001,102.8285,105.613,106.681,100.506,104.781,103.393,106.471,105.1925,110.768,105.06299999999999,112.756,98.274,106.02,100.02725,111.3865,98.07300000000001,99.811,106.425,88.3055,99.76,105.05,121.4675,103.604
2019-01-01,99.3965,117.28299999999999,103.90450000000001,111.58449999999999,107.044,107.684,105.601,95.649,96.30449999999999,106.836,96.004,104.971,117.20150000000001,96.7365,104.096,105.588,109.6225,111.075,109.12049999999999,103.84899999999999,103.25,101.217,102.94300000000001,127.118,103.667,107.991,97.448,106.504,103.687,105.393,103.629,106.173,108.096,100.393,103.547,101.21950000000001,101.17,103.10400000000001,96.88175,101.09100000000001,102.8495,102.2685,101.02799999999999,99.42150000000001,100.303,102.475,110.0985,105.995,107.057,106.083,105.55,104.272,107.671,103.295,104.157,103.47749999999999,118.003,92.12049999999999,104.27000000000001,127.44200000000001,117.878,98.832,208.707,104.7005,96.63499999999999,108.25925000000001,104.20400000000001,116.45150000000001,98.516875,109.28,100.94900000000001,94.2615,103.89699999999999,94.7225,114.392,93.6775,105.4025,94.285,96.246,103.3885,102.4705,93.553,106.58699999999999,113.5025,106.542,114.29599999999999,98.878,108.8355,99.359,114.2055,93.77000000000001,99.987,103.85249999999999,79.94,101.995,105.917,110.333,104.8165
2019-04-01,101.18350000000001,114.496,105.29650000000001,111.404,104.3055,107.42500000000001,105.25999999999999,95.92150000000001,96.4085,104.89250000000001,97.65,100.61099999999999,105.554,83.2735,100.511,114.61599999999999,112.5015,99.43,107.49950000000001,104.8325,100.48675,103.945,101.518,121.7265,102.8895,109.298,100.79,103.341,100.597,103.383,103.104,103.638,107.805,102.548,105.19550000000001,100.444,99.862,104.6645,94.12474999999999,106.3615,100.887,104.8625,101.787,100.4385,102.2025,96.6095,105.299,107.859,106.945,106.601,106.134,105.93,108.228,104.154,103.094,101.7705,117.1695,92.91900000000001,103.40199999999999,119.74549999999999,122.4465,96.3785,176.734,101.687,96.684,107.6575,101.613,112.63,100.01050000000001,110.1385,102.53200000000001,94.30099999999999,98.111,103.90950000000001,109.006,103.46549999999999,104.255,97.023,111.671,100.8865,104.5415,96.514,107.795,114.8875,108.082,124.48249999999999,102.69,107.03049999999999,100.275,115.4655,92.497,100.1235,104.256,83.771,108.14750000000001,105.7305,122.471,106.126
2019-07-01,103.1965,107.73,108.018,109.0095,103.101,107.31800000000001,104.094,96.13149999999999,94.1965,104.4905,97.239,102.0975,103.57,81.3455,94.428,116.50649999999999,103.05699999999999,106.59,107.27199999999999,105.10499999999999,99.53275,93.8335,102.0875,118.4285,101.53399999999999,111.592,103.001,102.971,100.26,104.206,103.126,104.333,110.473,101.138,100.638,98.1855,98.10849999999999,106.7365,95.057,114.41149999999999,100.203,110.424,106.7105,104.5615,100.7305,97.02600000000001,107.768,105.995,106.306,106.201,105.673,105.984,107.912,103.411,102.60849999999999,102.46799999999999,106.96799999999999,97.1495,106.9765,115.582,127.61250000000001,96.6345,279.283,102.75999999999999,95.9385,109.15025,102.774,115.565,100.38974999999999,109.5825,102.507,91.0985,90.9745,107.1215,112.648,93.4145,104.1135,103.903,111.85,100.722,106.0235,102.783,104.92699999999999,110.661,104.2535,114.2045,102.5915,108.1925,97.96600000000001,117.851,90.9565,108.5795,104.7775,79.524,107.813,103.2095,119.6885,102.5565
2019-10-01,100.759,111.73599999999999,105.06549999999999,109.2265,97.735,103.0705,99.714,95.60249999999999,94.95,104.287,92.87,100.0515,104.006,87.89750000000001,96.023,118.1925,105.878,91.7805,103.989,107.372,97.68175,106.01050000000001,99.7585,116.2865,97.0605,114.09,96.649,102.604,100.287,104.663,103.754,105.489,111.592,102.062,96.743,103.97399999999999,105.595,103.811,94.4905,104.2715,99.30250000000001,105.1505,103.342,103.43700000000001,93.588,97.4275,106.6285,103.346,103.768,103.887,103.692,104.124,105.501,102.743,100.214,102.95949999999999,106.3195,96.851,103.8115,112.78399999999999,121.4585,94.3355,217.384,100.209,95.5705,107.23675,100.2295,104.721,101.027875,107.368,103.52,91.846,91.6285,115.71350000000001,111.0805,93.91300000000001,100.5375,112.365,120.156,97.8955,104.5175,111.694,106.918,112.21950000000001,107.00550000000001,118.7705,102.398,114.929,97.6335,117.498,87.0835,115.4935,103.68299999999999,75.38749999999999,107.811,102.22550000000001,113.7205,105.0145
2020-01-01,101.0115,104.2755,107.25649999999999,93.8725,94.963,101.12,97.6435,94.1255,60.5325,100.976,103.98,102.19800000000001,96.0545,68.8685,94.651,118.7105,102.67099999999999,81.6785,99.068,113.0475,93.1465,80.959,97.26150000000001,115.075,94.979,95.89099999999999,98.632,98.663,97.025,103.272,99.312,103.773,113.255,92.245,104.0835,103.898,104.2795,105.527,92.6905,106.475,94.756,107.107,103.52350000000001,71.281,89.58250000000001,91.476,101.48599999999999,98.791,99.794,101.167,99.934,103.767,102.745,94.724,98.128,103.9235,96.846,101.444,99.4105,74.36,124.6895,95.07499999999999,352.467,101.67699999999999,95.4075,107.78725,101.5745,93.9375,96.701375,110.5575,101.9535,55.7575,73.964,108.02,105.5985,96.54849999999999,99.9235,108.587,109.416,97.804,104.235,107.03,68.6085,91.383,73.025,113.7835,99.63900000000001,117.468,94.27850000000001,115.80449999999999,87.9525,121.2675,100.021,85.46350000000001,107.7735,92.3005,103.4415,70.8415
2020-04-01,95.8595,90.324,105.2305,34.4065,75.723,39.8335,42.8305,80.43799999999999,12.0345,84.15899999999999,82.4095,102.18350000000001,51.0985,38.1955,91.059,116.769,107.1265,74.9825,82.7615,102.189,72.9465,76.9885,76.39699999999999,62.3005,46.5385,69.7035,95.827,73.382,66.271,78.468,78.341,76.674,99.567,77.87,114.286,112.9515,112.876,102.0295,86.28475,107.036,69.3395,103.2655,106.78999999999999,3.5985,73.5505,82.191,84.039,83.449,79.648,85.651,82.853,97.348,87.261,71.415,81.07050000000001,89.26650000000001,83.259,99.3485,87.5495,60.925,126.652,79.17750000000001,420.145,97.1385,83.866,97.7025,96.9595,72.938,82.543375,102.6285,102.16499999999999,1.7475,26.2865,89.17099999999999,88.8425,76.954,82.243,86.984,93.807,83.743,103.624,84.857,1.8385,8.525500000000001,19.075,125.658,92.887,91.5495,72.21975,104.7945,87.363,110.64150000000001,89.773,76.121,101.98349999999999,51.7755,81.08449999999999,17.749
2020-07-01,103.7515,110.328,113.9635,39.268,94.9145,94.86500000000001,92.874,89.104,15.8275,94.406,95.0315,99.117,67.5685,83.60350000000001,92.548,119.0795,113.48249999999999,73.607,102.62,109.747,92.63025,51.077,92.7675,67.0635,92.275,71.522,110.111,89.008,85.782,93.923,88.138,92.246,107.167,78.017,97.7915,103.6135,104.727,111.962,94.91275,95.8965,101.362,103.3655,114.69749999999999,10.2375,101.00649999999999,109.613,110.1625,102.05,102.085,101.969,96.723,101.555,104.602,75.529,93.629,93.4475,76.836,106.14699999999999,101.2765,56.4965,126.3955,87.4175,424.751,95.971,92.33500000000001,102.44475,96.69399999999999,75.0315,89.46375,111.129,102.764,5.4025,65.7165,101.617,112.572,105.2115,98.28999999999999,102.736,102.935,91.8515,105.337,100.681,6.12,11.738,16.490499999999997,140.663,113.7085,96.805,79.7025,114.6545,96.667,115.4185,97.44900000000001,74.363,102.815,58.9095,77.44,16.3555
2020-10-01,112.6905,123.5205,118.23599999999999,46.327,99.50899999999999,102.7875,101.513,96.6745,23.610500000000002,99.473,98.5305,105.8725,62.5245,57.885000000000005,101.0915,126.967,120.52449999999999,67.7945,111.3065,108.868,103.32724999999999,55.6475,99.632,70.548,101.225,75.74549999999999,113.832,94.172,91.535,100.004,93.523,98.56,113.903,82.135,96.566,106.57050000000001,108.392,115.51750000000001,105.23724999999999,126.988,111.154,100.4985,119.315,25.5765,114.8875,121.8785,123.502,108.922,111.444,109.148,103.731,104.64,112.171,81.796,99.18,100.663,113.1995,107.4495,108.9045,56.296499999999995,127.8865,92.8875,412.312,105.686,94.3845,107.37275,106.327,82.647,93.795125,116.9375,106.55099999999999,13.264000000000001,81.1845,103.494,126.86850000000001,96.51050000000001,105.81049999999999,104.314,105.027,101.209,109.464,102.349,15.4185,18.771,24.598,145.135,117.846,100.6615,82.074,122.4315,107.91499999999999,119.7735,104.09549999999999,79.54650000000001,111.9,66.668,75.255,24.436
2021-01-01,107.31800000000001,128.50050000000002,114.41499999999999,49.9765,101.382,101.459,97.57249999999999,92.7935,25.718,103.61,96.5955,105.889,65.2335,72.729,104.6785,128.867,126.36250000000001,100.00649999999999,113.59,106.707,105.9745,59.051500000000004,104.2325,68.4725,95.82249999999999,85.9875,105.779,97.954,93.289,99.696,93.6,99.088,110.404,82.805,87.003,103.3115,106.3455,112.11449999999999,110.281,148.8,112.2505,101.51650000000001,113.709,26.787,116.24,124.5615,130.8675,111.2,113.361,111.257,105.819,107.322,114.36,83.754,102.5495,101.4045,109.44900000000001,107.2635,112.6445,58.358000000000004,134.00650000000002,99.146,595.8,107.63550000000001,91.7985,108.78775,107.517,85.8605,94.80275,116.7275,107.0715,13.502500000000001,77.712,101.03899999999999,136.9615,100.2915,105.7285,106.844,98.746,105.5775,111.274,103.725,18.657,22.1635,27.6995,154.41,117.18299999999999,96.9575,84.1385,128.5085,111.5535,128.10750000000002,107.81,79.53899999999999,113.863,70.4205,71.8275,27.417
2021-04-01,107.731,137.0785,110.58850000000001,56.9895,102.356,94.51750000000001,91.9995,87.52000000000001,30.036,108.8575,95.8375,102.79050000000001,69.20400000000001,70.577,108.16149999999999,130.089,124.084,106.2825,117.6255,110.1125,107.733,54.588,108.5055,73.3965,91.97800000000001,85.46199999999999,94.816,101.56,95.751,99.995,94.345,100.673,107.616,84.301,83.11699999999999,101.8535,105.3965,109.7005,116.78175,120.045,113.957,100.69550000000001,105.4105,28.453,118.2095,122.3415,131.9455,112.947,114.86,112.696,107.95,108.787,115.612,88.645,107.4185,100.87100000000001,116.5875,109.673,116.43549999999999,57.4525,141.726,100.428,490.552,101.18100000000001,103.00299999999999,111.08475,101.715,95.7525,96.659625,120.532,108.229,18.8295,83.8435,102.5715,139.13549999999998,87.00399999999999,106.606,101.173,106.828,108.004,114.009,98.69,30.506,29.909,37.1335,144.9475,120.389,102.65100000000001,87.8965,137.3665,118.7945,140.7065,112.07300000000001,78.566,114.769,76.76400000000001,91.35300000000001,35.983999999999995
2021-07-01,111.959,141.7895,109.52000000000001,63.39149999999999,99.408,87.91900000000001,88.1005,94.351,36.71,108.42699999999999,109.504,107.407,67.1105,61.141999999999996,113.0675,130.3945,125.0685,120.1265,121.7465,113.031,108.399,70.86,111.7985,74.124,91.3885,93.787,91.811,99.073,94.55,99.325,94.557,100.255,107.801,86.114,85.90549999999999,102.989,106.23949999999999,108.0875,121.5835,127.98750000000001,110.071,99.0505,105.1375,29.468999999999998,112.54149999999998,120.5855,127.93900000000001,109.888,113.957,112.936,110.187,111.105,115.595,98.962,107.0595,102.01750000000001,116.1275,117.469,117.38650000000001,59.292,160.6375,100.59649999999999,762.797,105.662,100.684,116.1135,106.163,92.0695,96.870375,117.17999999999999,111.239,25.1225,94.6215,101.821,133.766,78.411,108.97149999999999,100.454,107.78,109.2585,119.0795,96.227,42.362500000000004,39.5425,50.155,141.193,118.203,99.0995,85.88175000000001,135.7115,123.4015,137.789,107.88900000000001,83.6525,115.64750000000001,82.3315,87.54050000000001,47.949
2021-10-01,111.521,134.60750000000002,118.0815,75.3135,113.5755,95.0385,93.64500000000001,96.6365,43.763000000000005,111.2145,108.26599999999999,105.843,66.80699999999999,52.6545,112.2995,131.547,129.699,119.0795,134.512,110.82849999999999,115.60775,73.7015,116.592,76.4415,94.79050000000001,94.506,104.593,100.49,97.761,105.562,100.084,105.732,118.404,90.338,85.0635,102.97,106.33250000000001,116.56450000000001,128.86624999999998,130.76749999999998,103.80799999999999,102.985,118.8545,29.913,120.9185,121.48499999999999,139.699,116.912,120.485,118.612,115.51,115.33,121.969,102.83,109.311,105.83699999999999,156.015,119.721,117.785,54.7485,177.4545,104.7025,409.542,106.1485,104.6275,125.4525,106.495,95.757,99.947125,117.7505,111.6945,33.951,100.2765,110.863,156.305,75.097,112.6345,102.941,121.122,111.39850000000001,118.13,100.987,55.107,54.714999999999996,60.612,153.61149999999998,122.382,105.956,93.20575,133.279,131.623,138.3675,114.0925,90.743,120.4905,92.8385,96.77,57.84
2022-01-01,112.826,144.0265,112.1655,79.3385,121.2285,98.0245,97.92599999999999,92.3215,48.004999999999995,115.096,126.41250000000001,110.826,72.65,67.52850000000001,117.05850000000001,135.185,133.8005,74.2905,134.08800000000002,113.5395,116.3635,76.75399999999999,124.875,79.612,99.85249999999999,112.52250000000001,96.282,102.661,97.72,102.975,98.908,103.82,112.363,91.864,80.5035,100.64349999999999,104.4255,111.588,130.88275,122.69200000000001,120.4015,109.87100000000001,107.492,41.495,127.30000000000001,124.4845,145.7235,124.784,125.918,122.448,119.193,116.466,126.724,105.871,111.962,104.149,129.893,110.655,115.982,56.4795,164.708,102.25,492.454,107.695,103.554,122.34275,108.07050000000001,102.196,97.79475,119.089,109.1325,34.7035,96.5375,102.237,159.49,73.9765,115.2775,103.46,103.878,115.5045,116.729,100.979,60.24,61.676,65.441,157.6575,120.605,101.6515,94.28575000000001,131.836,140.8935,140.82999999999998,120.8605,82.34700000000001,120.663,98.61449999999999,92.9075,62.626000000000005
2022-04-01,117.9015,161.5015,118.37950000000001,90.94049999999999,124.84550000000002,102.833,100.447,94.5975,64.675,116.1715,106.606,109.01400000000001,73.1325,62.05500000000001,116.37450000000001,139.995,128.226,82.4195,137.0075,112.52799999999999,118.72425,80.0155,128.0405,81.564,101.0185,111.804,100.364,105.031,99.443,105.678,101.903,106.372,116.337,95.493,83.318,102.866,106.443,117.583,125.0265,136.6855,122.6045,101.4015,115.932,52.852000000000004,123.0105,121.269,147.66649999999998,125.912,126.935,123.386,120.923,117.231,128.034,110.91,113.569,105.9825,141.1335,115.07249999999999,117.495,59.538,168.29399999999998,104.41399999999999,351.372,109.7035,109.12700000000001,124.726,110.1645,103.7415,97.23875,123.9145,111.48599999999999,54.682500000000005,103.10900000000001,98.7895,163.25900000000001,81.40950000000001,119.21300000000001,99.284,100.272,118.9405,117.39150000000001,97.677,83.9355,82.6015,85.974,146.08,124.3545,101.971,98.60675,133.74349999999998,140.104,143.5325,121.7385,80.508,126.38649999999998,106.31200000000001,109.0955,82.5295
2022-07-01,121.7435,172.843,116.4605,94.7345,117.66900000000001,105.17,101.629,91.4725,72.1695,118.8205,103.54050000000001,108.688,75.1215,60.868,117.57300000000001,142.57299999999998,133.556,72.509,130.65449999999998,111.9315,113.4345,79.636,132.002,86.6345,101.0395,117.61099999999999,97.265,109.794,102.037,110.683,105.41,112.333,124.42,96.099,88.952,108.0515,111.549,114.11849999999998,118.62599999999999,156.4105,107.4255,111.71549999999999,114.2005,64.618,115.7195,111.4525,136.186,131.401,124.72,120.773,119.243,114.008,124.606,113.081,115.6175,110.276,135.015,118.3765,116.7675,59.18600000000001,170.007,104.756,469.593,113.67349999999999,106.2025,126.6295,114.03,110.5145,100.23325,121.95949999999999,113.274,62.1455,95.21549999999999,107.893,153.40200000000002,73.6485,117.4235,126.137,92.309,117.053,119.0395,123.948,92.35249999999999,89.6805,92.495,154.7665,121.7415,109.8195,98.62925,136.45999999999998,126.629,136.79500000000002,130.788,81.4225,127.21000000000001,103.54050000000001,120.1445,89.245
2022-10-01,122.8305,176.463,113.123,99.0095,109.2505,111.78450000000001,105.892,90.685,74.54849999999999,118.53450000000001,98.0645,110.69550000000001,78.9115,68.589,116.1485,143.923,125.775,63.317,126.058,113.6015,107.706,88.327,135.465,89.34,102.686,116.69749999999999,91.961,112.101,102.833,109.162,105.108,111.259,119.901,98.124,97.144,104.672,105.3995,110.61099999999999,103.12374999999999,133.9925,98.767,123.78099999999999,109.5135,76.3,101.91499999999999,104.3955,126.4045,129.883,121.779,119.558,117.872,115.534,123.216,111.068,115.3145,108.03649999999999,141.236,119.72999999999999,114.53049999999999,60.1785,179.69150000000002,101.5555,369.161,111.1345,101.7065,125.31125,111.8295,121.3065,101.71275,119.99350000000001,113.0325,65.08,96.42699999999999,110.5445,141.4255,100.505,113.80850000000001,124.601,98.512,112.9675,120.03049999999999,123.043,97.96849999999999,96.465,99.1875,139.454,124.3185,109.112,96.21525,136.7705,103.6725,138.5655,133.7655,87.6155,130.13,100.1115,129.617,95.12899999999999
2023-01-01,111.618,166.6825,111.52600000000001,105.20750000000001,106.485,113.69800000000001,108.322,87.174,77.2295,117.239,89.4875,107.342,79.31800000000001,65.7885,107.6375,147.4775,120.756,50.6035,131.5635,113.9445,109.27175,91.544,139.3845,90.404,104.104,120.4305,92.593,115.671,103.111,110.58,105.619,112.763,122.952,97.004,97.824,101.9575,101.9905,109.811,102.119,135.788,95.2435,115.75150000000001,107.861,87.76350000000001,104.28899999999999,105.051,133.632,132.806,122.867,119.6,117.632,113.925,122.973,109.702,112.8535,107.6175,133.454,114.1425,116.55099999999999,59.68,192.36700000000002,100.3315,207.1,108.761,107.64150000000001,128.8525,108.7015,120.7235,102.16225,116.223,110.8775,67.7045,97.3685,115.24799999999999,155.9195,95.8615,114.44200000000001,127.367,104.115,109.7165,116.9785,126.862,101.9975,104.943,103.48400000000001,141.5795,127.9325,112.72749999999999,95.29275,138.3275,94.19200000000001,130.768,138.3295,85.1995,131.324,100.0035,123.2345,99.164
2023-04-01,104.4625,164.845,106.06,107.9445,104.0795,117.751,111.33,85.991,82.5035,116.075,90.6795,102.609,79.9595,65.75800000000001,109.3235,147.66000000000003,122.7305,47.007999999999996,125.4715,108.14699999999999,107.473,95.86,135.0555,91.634,106.0935,125.1225,84.886,113.346,101.992,107.422,104.328,110.144,116.887,99.063,91.408,99.559,100.867,104.059,96.7505,138.156,93.795,118.365,102.6445,99.7125,101.17349999999999,102.97749999999999,129.762,130.447,122.992,118.082,116.703,109.703,121.863,111.037,112.2285,104.9065,159.387,116.5535,114.2955,63.657,177.255,101.03649999999999,233.675,105.16300000000001,101.577,122.312,104.893,115.5625,99.92925,112.41499999999999,111.6705,73.14150000000001,96.1485,112.30799999999999,150.4785,98.3785,112.58800000000001,121.919,103.866,107.72399999999999,118.8115,121.209,108.6395,107.733,109.89,145.2395,128.3315,108.9005,97.39275,137.20499999999998,87.7125,123.69749999999999,130.27100000000002,87.8055,134.62099999999998,100.095,134.086,105.4195
2023-07-01,110.897,164.4255,107.423,111.9375,100.9745,124.7,115.51750000000001,87.08099999999999,83.587,117.87700000000001,90.3655,99.5815,84.7435,71.125,114.22999999999999,143.9865,124.3665,50.1515,128.3245,110.88550000000001,106.7585,109.381,134.938,96.03999999999999,107.92150000000001,126.21000000000001,87.689,116.85,104.554,109.383,105.578,112.001,118.042,99.068,93.5415,98.767,99.4175,105.628,95.93724999999999,126.0205,94.15950000000001,113.44300000000001,103.2205,109.279,100.979,106.46600000000001,134.1705,130.225,123.849,119.572,118.038,112.283,123.137,111.76,112.3945,104.30199999999999,179.5645,117.56700000000001,112.10650000000001,58.993,192.04649999999998,97.37,355.029,102.064,103.5805,125.1455,102.60499999999999,128.55,102.2615,113.88999999999999,111.6125,74.3205,91.236,116.86349999999999,156.788,90.52,112.12549999999999,122.475,113.192,108.0495,116.65,120.994,110.3945,112.4795,113.6,143.3045,133.673,110.877,97.77125000000001,137.05700000000002,83.1105,128.882,133.683,114.5095,136.349,100.418,121.33850000000001,108.637
2023-10-01,111.2635,153.418,110.833,113.5395,100.439,117.987,111.187,91.459,88.4425,119.325,94.451,96.702,88.8765,74.7745,117.7655,146.3675,128.85899999999998,57.706,125.642,114.83449999999999,105.8555,108.632,138.4345,99.82050000000001,105.36,127.69999999999999,95.033,115.617,102.939,110.793,107.174,112.727,123.829,101.002,77.35849999999999,98.38300000000001,102.91,109.47200000000001,96.154,135.4895,97.509,104.739,107.4965,112.9905,99.3115,108.8985,134.90300000000002,132.214,124.917,120.092,119.263,111.91,123.631,115.685,113.40100000000001,107.0875,180.66500000000002,120.3845,111.51750000000001,69.36449999999999,186.914,96.34649999999999,1018.746,101.9975,106.469,125.19274999999999,102.571,117.3725,102.641625,113.94749999999999,113.807,79.607,86.6495,116.607,155.7995,95.42750000000001,112.507,127.754,111.611,109.1175,121.805,122.066,120.29499999999999,114.627,121.66,150.5265,128.103,117.9185,96.58024999999999,138.8775,84.5125,126.68100000000001,136.538,90.5355,135.0525,102.29050000000001,124.5095,116.1915
2024-01-01,106.2005,156.571,113.97,119.26950000000001,104.311,115.905,110.29650000000001,93.0655,88.3545,121.995,95.101,96.806,87.4765,72.50200000000001,133.018,161.083,146.97050000000002,52.815,127.662,116.10050000000001,106.539,110.656,135.3015,100.9625,105.638,123.0385,98.486,115.807,102.526,110.724,107.684,112.263,124.263,102.52,83.273,96.537,99.4925,112.76599999999999,101.26925,139.1295,100.2085,92.3885,111.461,115.25999999999999,99.963,106.215,133.14249999999998,136.503,127.289,121.993,121.052,113.035,126.24,117.04,116.0345,107.2365,182.137,118.652,113.1895,71.595,192.36599999999999,99.39850000000001,1033.907,104.4615,114.923,127.8195,104.355,106.3765,102.897625,116.7815,114.68950000000001,80.48349999999999,84.01650000000001,111.352,151.855,93.4565,118.59550000000002,125.402,103.555,112.6745,123.9495,119.603,121.2445,122.185,123.073,170.17000000000002,121.8675,115.95599999999999,99.4795,137.02349999999998,89.5925,129.378,138.2315,77.424,142.6385,107.6065,139.6575,117.3415
2024-04-01,88.2775,148.744,109.6305,122.0575,104.47550000000001,119.1075,111.64349999999999,89.21000000000001,92.50999999999999,126.55600000000001,98.3475,98.44200000000001,84.888,79.69200000000001,156.769,151.29149999999998,177.2765,71.069,131.9575,109.106,104.25075,113.9645,136.488,95.434,105.1045,127.30199999999999,92.154,117.418,103.779,110.979,107.961,113.242,123.045,102.837,78.5025,93.6255,97.03999999999999,108.5395,105.11275,133.9095,96.9685,85.976,107.045,117.07900000000001,97.8495,104.89,130.817,141.575,129.824,124.475,123.279,115.422,128.684,118.29,115.33250000000001,105.4925,186.1865,121.8155,113.45599999999999,68.678,216.3425,95.5335,819.172,104.0235,111.2965,133.22075,101.9225,104.205,105.0475,116.016,114.7575,84.4185,82.256,118.159,150.06,89.5505,120.13,130.431,110.76,113.8545,126.9055,126.036,122.127,124.80250000000001,124.185,219.377,122.41250000000001,115.233,98.88624999999999,136.0035,90.5195,144.6,140.89600000000002,74.439,135.7805,109.74549999999999,154.1285,118.9785
2024-07-01,98.43,132.8135,114.08949999999999,124.4685,103.63499999999999,114.369,106.9035,86.652,100.3835,135.006,104.5955,98.7895,94.66550000000001,92.82249999999999,192.978,164.106,202.7505,76.394,133.679,115.37700000000001,105.6275,116.5795,148.6715,102.234,100.866,129.419,97.57,119.916,106.714,113.727,110.465,115.706,125.547,104.924,74.5965,92.397,96.3905,112.093,104.2135,137.669,99.33449999999999,123.64150000000001,110.7815,121.13900000000001,101.09649999999999,108.53550000000001,136.2165,145.857,133.469,127.669,126.465,117.867,132.372,121.43,117.6275,106.963,181.16,126.67599999999999,114.697,65.918,219.9195,97.8835,887.475,105.3155,105.9735,134.57575,104.46549999999999,95.43100000000001,106.432,119.5,116.072,92.70750000000001,77.6785,115.641,156.793,86.2795,122.4885,129.163,107.43,112.5535,127.91850000000001,124.323,120.63300000000001,130.86,123.361,224.688,123.13,116.4655,98.1375,137.6945,94.4295,167.9095,149.465,74.45400000000001,143.7285,112.40100000000001,142.7745,119.6215
2024-10-01,102.0485,118.084,117.649,127.947,107.51499999999999,108.024,103.9175,86.09649999999999,106.439,128.9785,103.4315,96.1565,88.226,73.94200000000001,170.589,156.89249999999998,178.69150000000002,73.369,132.5395,119.716,105.08250000000001,119.8735,153.0685,103.4125,100.32650000000001,130.1755,101.172,115.381,102.946,112.388,110.422,113.824,127.902,107.077,76.4725,91.578,94.9745,115.7955,106.862,132.5095,93.2595,120.43599999999999,116.413,123.1675,100.608,109.53649999999999,140.3805,141.616,130.107,126.076,125.865,119.226,130.766,124.615,116.34649999999999,107.53999999999999,178.804,132.01,111.137,79.529,213.728,96.4735,833.565,102.5895,107.8425,133.48975000000002,102.3605,88.285,106.38187500000001,118.0145,117.063,99.24549999999999,74.28800000000001,118.118,164.44549999999998,94.9075,120.5215,144.205,96.96,111.66749999999999,128.7305,139.806,130.891,135.2505,132.694,211.79450000000003,126.67599999999999,121.20100000000001,100.35175,137.6055,96.5935,152.5075,146.5375,73.5465,138.709,115.8055,140.9295,128.40449999999998
